variant_id,week_open_utc,pairs_replayed,closed_price_pnl_usd,realized_commission_usd,realized_swap_usd,realized_net_usd,open_price_pnl_usd,open_swap_usd,equity_usd,balance_usd,equity_delta_usd,open_positions,long_positions,short_positions,fills_opened,target_reset_count,max_open_positions_to_date,max_long_positions_to_date,max_short_positions_to_date,max_add_depth_to_date,position_days_closed_to_date,content_hash
RAW_GRID_T100_S020_GATE90_TRIANGLE_V1_DAVID_CONTRA_EXTENSION,2019-04-14T23:00:00.000Z,28,1.607888,-12.54,-1.214272,-12.146384,0,0,9987.853616,9987.853616,-12.146384,0,0,0,209,127,6,5,6,5,27.280556,E1A29975C962AAE1B0BFBBD23E002A674203C149D3709C5042E9861861611BC8
RAW_GRID_T100_S020_GATE90_TRIANGLE_V1_DAVID_CONTRA_EXTENSION,2019-04-21T23:00:00.000Z,28,57.538057,-38.58,-3.907496,15.050561,-2.404123,-0.143914,10012.502524,10015.050561,24.648908,13,6,7,643,419,14,10,10,5,65.488194,62DF570556CB01BBCCD37559FCD6D6533B89CA017B7A408C6741C0EF3BA11EF2
RAW_GRID_T100_S020_GATE90_TRIANGLE_V1_DAVID_CONTRA_EXTENSION,2019-04-28T23:00:00.000Z,28,109.092686,-60,-6.078723,43.013963,-49.92992,-0.116026,9992.968017,10043.013963,-19.534507,30,13,17,1000,670,35,16,26,6,121.351389,3BCC32E8C719C0BCFE1477148460CFFB3895CFF69CC9A7EE15F93CFC13E8671D
RAW_GRID_T100_S020_GATE90_TRIANGLE_V1_DAVID_CONTRA_EXTENSION,2019-05-05T23:00:00.000Z,28,102.304578,-103.5,-10.695858,-11.89128,-5.204407,-0.073195,9982.831118,9988.10872,-10.136899,18,14,4,1725,1262,45,27,26,8,222.188194,6437273A5AA0EB24B346D6192C4D045B00596106077BE6CA3DC2CBB7591E44DD
RAW_GRID_T100_S020_GATE90_TRIANGLE_V1_DAVID_CONTRA_EXTENSION,2019-05-12T23:00:00.000Z,28,119.947149,-114.06,-15.744802,-9.857653,-2.899403,-0.1184,9987.124544,9990.142347,4.293426,11,7,4,1901,1348,45,27,26,8,291.722222,C5BCD427B39543A1040A2F9E85621316B35A7CF790D243369A9B56040A1C46B6
RAW_GRID_T100_S020_GATE90_TRIANGLE_V1_DAVID_CONTRA_EXTENSION,2019-05-19T23:00:00.000Z,28,200.585635,-134.16,-18.940585,47.48505,-4.187777,0.000743,10043.298016,10047.48505,56.173472,11,3,8,2236,1593,45,27,26,8,345.685417,2EC73749EE9FD90B81D37F6A1B065C4FB4003B56A39AED8C81A9B37D7FF95563
RAW_GRID_T100_S020_GATE90_TRIANGLE_V1_DAVID_CONTRA_EXTENSION,2019-05-26T23:00:00.000Z,28,285.578036,-154.44,-20.907722,110.230314,-35.001537,-0.351846,10074.876931,10110.230314,31.578915,23,17,6,2574,1819,45,27,26,8,397.713194,25574979DEBE8995AA704058375D04BA142CCA9DBC5F94A0E05F148A26A286E6
RAW_GRID_T100_S020_GATE90_TRIANGLE_V1_DAVID_CONTRA_EXTENSION,2019-06-02T23:00:00.000Z,28,360.444514,-185.52,-26.355124,148.56939,-25.669146,-0.117883,10122.782361,10148.56939,47.90543,32,19,13,3092,2183,45,27,26,8,487.065972,ABC3455E1186D93FBE6ECF069744830E05BC41019342BAB0427FC9D3C26468EC
RAW_GRID_T100_S020_GATE90_TRIANGLE_V1_DAVID_CONTRA_EXTENSION,2019-06-09T23:00:00.000Z,28,402.820457,-200.04,-31.042069,171.738388,-18.391827,-0.194358,10153.152203,10171.738388,30.369842,21,19,2,3334,2356,45,30,26,8,584.113194,A57960EAE360E2340B35D8E970AF6A526829B110113AAAF350AA7DA1F69FB5D8
RAW_GRID_T100_S020_GATE90_TRIANGLE_V1_DAVID_CONTRA_EXTENSION,2019-06-16T23:00:00.000Z,28,457.188239,-235.86,-38.501653,182.826586,-2.046491,-0.068895,10180.7112,10182.826586,27.558997,15,5,10,3931,2781,45,30,26,8,681.298611,B53C75B1C1B362C58C124C742FE7F197C63C594355FBA3A93B323578BA056C3F
RAW_GRID_T100_S020_GATE90_TRIANGLE_V1_DAVID_CONTRA_EXTENSION,2019-06-23T23:00:00.000Z,28,465.163105,-254.16,-40.420876,170.582229,-2.427954,-0.004133,10168.150142,10170.582229,-12.561058,6,1,5,4236,2996,45,30,26,8,748.654861,8DBF0D8479DBBEB86627430E2FC8DFF5B30DBDB639996C9AC3FAF35FE84DD465
RAW_GRID_T100_S020_GATE90_TRIANGLE_V1_DAVID_CONTRA_EXTENSION,2019-06-30T23:00:00.000Z,28,422.095767,-262.62,-42.052006,117.423761,-3.851452,-0.05663,10113.515679,10117.423761,-54.634463,17,13,4,4377,3057,45,30,26,8,788.341667,FEDF7D48FB6650FA2AB421662836BE7CBFF1D00B16EE849003964029A2DFDF82
RAW_GRID_T100_S020_GATE90_TRIANGLE_V1_DAVID_CONTRA_EXTENSION,2019-07-07T23:00:00.000Z,28,473.671019,-269.22,-45.636526,158.814493,-12.613777,-0.143663,10146.057053,10158.814493,32.541374,12,12,0,4487,3125,45,30,26,8,842.495139,28A50B33F64D0D1B1184EE395A2BB9180AC5F87F8A0F3338AB7FE60FF5FAACCF
RAW_GRID_T100_S020_GATE90_TRIANGLE_V1_DAVID_CONTRA_EXTENSION,2019-07-14T23:00:00.000Z,28,482.096262,-298.68,-49.885903,133.530359,0.893089,-0.036034,10134.387414,10133.530359,-11.669639,7,6,1,4978,3497,45,30,26,8,901.255556,8F614D22F0FAE50D06B88502B912D5ACFAB492A7C7379AB7F6ED31FBA5E1A46B
RAW_GRID_T100_S020_GATE90_TRIANGLE_V1_DAVID_CONTRA_EXTENSION,2019-07-21T23:00:00.000Z,28,553.240409,-314.88,-52.342623,186.017786,-48.882088,-0.319331,10136.816367,10186.017786,2.428953,33,19,14,5248,3671,45,30,26,8,941.254167,DEE3AAC105B3B74EBF2225AB4E9023720AF8704D80CB1479D42668CCBFEAE757
RAW_GRID_T100_S020_GATE90_TRIANGLE_V1_DAVID_CONTRA_EXTENSION,2019-07-28T23:00:00.000Z,28,216.935485,-375.42,-61.240707,-219.725222,-158.121309,-1.213065,9620.940404,9780.274778,-515.875963,68,56,12,6257,4308,72,60,26,13,1094.86875,54BA245A1B0377BB55C17D3984DDC9DE28C766FC1A4761513F6B839DD858FB34
RAW_GRID_T100_S020_GATE90_TRIANGLE_V1_DAVID_CONTRA_EXTENSION,2019-08-04T23:00:00.000Z,28,376.39821,-457.8,-76.639796,-158.041586,6.156485,-0.034368,9848.080531,9841.958414,227.140127,8,6,2,7630,5465,72,60,26,13,1322.265972,53E95296EFE5D9D2398CF0BA30342496D0BDD61AB0D8727AF752068EA8A8CB70
RAW_GRID_T100_S020_GATE90_TRIANGLE_V1_DAVID_CONTRA_EXTENSION,2019-08-11T23:00:00.000Z,28,447.043863,-476.22,-79.314163,-108.4903,8.907936,0.003647,9900.421283,9891.5097,52.340752,5,1,4,7937,5704,72,60,26,13,1363.663889,8170D7ACABDBB39F4E4291CD38ED9AE41C3733F2779D4D2C462A829D1293B79D
RAW_GRID_T100_S020_GATE90_TRIANGLE_V1_DAVID_CONTRA_EXTENSION,2019-08-18T23:00:00.000Z,28,477.528516,-480.24,-79.613543,-82.325027,-3.760005,0.000167,9913.915135,9917.674973,13.493852,2,0,2,8004,5736,72,60,26,13,1385.429861,0C0789F80C070DA6A6B9AD06A0C71FA20CC8C9964159B0E899DE5BF6C9063A3D
RAW_GRID_T100_S020_GATE90_TRIANGLE_V1_DAVID_CONTRA_EXTENSION,2019-08-25T23:00:00.000Z,28,522.761782,-492.78,-81.065123,-51.083341,-9.134884,-0.072869,9939.708906,9948.916659,25.793771,5,3,2,8213,5868,72,60,26,13,1414.397917,E54BE2B4B36638E7105F6D056AD0D541CE0890A0A2E47D3AA3F1F1A125EF4C3F
RAW_GRID_T100_S020_GATE90_TRIANGLE_V1_DAVID_CONTRA_EXTENSION,2019-09-01T23:00:00.000Z,28,453.071261,-508.62,-82.15769,-137.706429,-11.751035,-0.0313,9850.511236,9862.293571,-89.19767,23,9,14,8477,6002,72,60,26,13,1464.350694,C4A64C07A49F98F089C3C0A3EA68B39270B260857A0CB6064F152C7EAABF2679
RAW_GRID_T100_S020_GATE90_TRIANGLE_V1_DAVID_CONTRA_EXTENSION,2019-09-08T23:00:00.000Z,28,509.204641,-529.44,-83.752277,-103.987636,-97.842677,-0.081998,9798.087689,9896.012364,-52.423547,43,9,34,8824,6212,72,60,41,13,1550.948611,E2B3107B4A813B76616289C60D0CEF109F0553CCB7D21127A58F338DFD35F2C9
RAW_GRID_T100_S020_GATE90_TRIANGLE_V1_DAVID_CONTRA_EXTENSION,2019-09-15T23:00:00.000Z,28,459.057986,-551.4,-86.101557,-178.443571,-11.46912,-0.050728,9810.036581,9821.556429,11.948892,12,10,2,9190,6472,72,60,41,13,1692.353472,5FDDDFE3EE7D6A66BE98CEF49A0CD87FBF53ABFCF591DC76547F2809DB1D9666
RAW_GRID_T100_S020_GATE90_TRIANGLE_V1_DAVID_CONTRA_EXTENSION,2019-09-22T23:00:00.000Z,28,526.097036,-569.1,-89.924591,-132.927555,-4.399971,-0.003736,9862.668738,9867.072445,52.632157,11,5,6,9485,6673,72,60,41,13,1744.182639,DFB7292F5814BB60450530032018DAFD6E18F3BE75892D040420B192ACFC92B1
RAW_GRID_T100_S020_GATE90_TRIANGLE_V1_DAVID_CONTRA_EXTENSION,2019-09-29T23:00:00.000Z,28,713.776969,-608.04,-93.067933,12.669036,-15.186944,-0.146755,9997.335337,10012.669036,134.666599,14,9,5,10134,7151,72,60,41,13,1820.242361,4A120471FF4560D8BBDF6DE9F4CEBEE1AC975BD8EDADC8C1BE4A6228E4013BA1
RAW_GRID_T100_S020_GATE90_TRIANGLE_V1_DAVID_CONTRA_EXTENSION,2019-10-06T23:00:00.000Z,28,632.775396,-641.1,-95.77081,-104.095414,-706.890649,0.136421,9189.150358,9895.904586,-808.184979,104,9,95,10685,7472,104,60,95,13,1887.032639,2F5EB00165AC5F5FCC9163AE3AFB357D2516713526E6B720932CC6E4445E0E21
RAW_GRID_T100_S020_GATE90_TRIANGLE_V1_DAVID_CONTRA_EXTENSION,2019-10-13T23:00:00.000Z,28,551.640555,-696.24,-96.382803,-240.982248,1.649355,-0.010558,9760.656549,9759.017752,571.506191,6,3,3,11604,8173,106,60,97,13,2207.769444,A4056F7025A1AFE3AB0AD3BD1078CD0AE518DEA81522D061C69E4E12C3825148
RAW_GRID_T100_S020_GATE90_TRIANGLE_V1_DAVID_CONTRA_EXTENSION,2019-10-20T23:00:00.000Z,28,566.325144,-700.62,-97.417618,-231.712474,-3.8958,-0.038396,9764.35333,9768.287526,3.696781,6,5,1,11677,8209,106,60,97,13,2232.401389,BB482E076720E75106EB9B1700CBC0F68CCC8231E1A792D137D7BB53B99C5E18
RAW_GRID_T100_S020_GATE90_TRIANGLE_V1_DAVID_CONTRA_EXTENSION,2019-10-27T23:00:00.000Z,28,630.872428,-732.06,-99.389521,-200.577093,-10.94468,0.005424,9788.483651,9799.422907,24.130321,20,1,19,12201,8605,106,60,97,13,2281.197222,16A8B981A7E15401056DB85C93FF3B2C02CAC120544AED88507251F8F12AA3D9
RAW_GRID_T100_S020_GATE90_TRIANGLE_V1_DAVID_CONTRA_EXTENSION,2019-11-04T00:00:00.000Z,28,708.519201,-750.42,-100.101876,-142.002675,-4.448353,-0.175045,9853.373927,9857.997325,64.890276,14,12,2,12507,8791,106,60,97,13,2363.860417,963D0E11F19535E6496A64328371DEA748408F186CBBCBF67BB557FBF4D836E1
RAW_GRID_T100_S020_GATE90_TRIANGLE_V1_DAVID_CONTRA_EXTENSION,2019-11-11T00:00:00.000Z,28,718.699599,-765.72,-104.459501,-151.479902,-3.566488,0.017507,9844.971117,9848.520098,-8.40281,12,0,12,12762,8950,106,60,97,13,2425.480556,4230F7DB8C12A2E4B75BFC4A3C5E7403ECBA10BB0F5FC80D854F6FD601E884A0
RAW_GRID_T100_S020_GATE90_TRIANGLE_V1_DAVID_CONTRA_EXTENSION,2019-11-18T00:00:00.000Z,28,826.987491,-787.74,-104.915723,-65.668232,-8.468606,-0.109639,9925.753523,9934.331768,80.782406,10,9,1,13129,9231,106,60,97,13,2482.08125,19753B6B989B0E5150628DDD650674ACBC94B3C2B974ABF640BA8296D0518799
RAW_GRID_T100_S020_GATE90_TRIANGLE_V1_DAVID_CONTRA_EXTENSION,2019-11-25T00:00:00.000Z,28,841.752692,-801.24,-107.489357,-66.976665,-12.089274,0.001819,9920.93588,9933.023335,-4.817643,8,0,8,13354,9394,106,60,97,13,2524.965278,D1E9568C49732011AA2BE402073429843738938827478E070A95D7FDD8FE3882
RAW_GRID_T100_S020_GATE90_TRIANGLE_V1_DAVID_CONTRA_EXTENSION,2019-12-02T00:00:00.000Z,28,834.436243,-833.16,-109.487556,-108.211313,-19.148996,-0.172307,9872.467384,9891.788687,-48.468496,22,14,8,13886,9748,106,60,97,13,2600.547222,D65496C0592901961624079DBC80087349EB09D5ABC91DD312A3542F7DFCBC29
RAW_GRID_T100_S020_GATE90_TRIANGLE_V1_DAVID_CONTRA_EXTENSION,2019-12-09T00:00:00.000Z,28,974.055107,-898.2,-113.360174,-37.505067,-20.901607,-0.027188,9941.566138,9962.494933,69.098754,23,20,3,14970,10611,106,60,97,13,2702.388194,B2869E1D9ECED52F13C292C38B5F9C362083600D71066D514C5C7099D436C83E
RAW_GRID_T100_S020_GATE90_TRIANGLE_V1_DAVID_CONTRA_EXTENSION,2019-12-16T00:00:00.000Z,28,968.20715,-909.18,-119.907735,-60.880585,-9.82481,-0.036087,9929.258518,9939.119415,-12.30762,10,5,5,15153,10705,106,60,97,13,2787.167361,D2B3D4E1CFF805BF027F4A8ADC8E36FDF9AB750021C07E560A250C619CC8E86D
RAW_GRID_T100_S020_GATE90_TRIANGLE_V1_DAVID_CONTRA_EXTENSION,2019-12-23T00:00:00.000Z,28,980.224972,-912.18,-121.174552,-53.12958,-12.221151,-0.126726,9934.522543,9946.87042,5.264025,22,7,15,15203,10717,106,60,97,13,2817.873611,11A2A15532D9ACB531AC21C4C3E02A643ADA02A074C971AA9D0B6B24A6577766
RAW_GRID_T100_S020_GATE90_TRIANGLE_V1_DAVID_CONTRA_EXTENSION,2019-12-30T00:00:00.000Z,28,1033.677211,-934.02,-124.896669,-25.239458,-47.33547,-1.082506,9926.342566,9974.760542,-8.179977,31,31,0,15567,10946,106,60,97,13,2902.598611,11D17A22269937BB1D33E55126BB7985812F6D2B652B701312BFBADF46A73E6A
RAW_GRID_T100_S020_GATE90_TRIANGLE_V1_DAVID_CONTRA_EXTENSION__PROTECT_LOCK_1Q_STOP_ADDS,2019-04-14T23:00:00.000Z,28,0.212189,-12.3,-1.203357,-13.291168,0,0,9986.708832,9986.708832,-13.291168,0,0,0,205,126,6,5,6,5,27.09375,6E3A12149F20642B92E4AB347357D476D91B6C9974510312EE2C7D38086E79B1
RAW_GRID_T100_S020_GATE90_TRIANGLE_V1_DAVID_CONTRA_EXTENSION__PROTECT_LOCK_1Q_STOP_ADDS,2019-04-21T23:00:00.000Z,28,53.654458,-37.68,-3.830543,12.143915,-2.404123,-0.143914,10009.595878,10012.143915,22.887046,13,6,7,628,413,14,10,10,5,64.58125,51207018B2EAECA2EADAF74D61B73580213F950134508CB33E20E59A11788E5D
RAW_GRID_T100_S020_GATE90_TRIANGLE_V1_DAVID_CONTRA_EXTENSION__PROTECT_LOCK_1Q_STOP_ADDS,2019-04-28T23:00:00.000Z,28,103.77929,-58.92,-5.999009,38.860281,-49.92992,-0.116026,9988.814335,10038.860281,-20.781543,30,13,17,982,664,35,16,26,6,120.197917,D01ED3E000D03647534FF9B44F7DEBBFF50218B639E37EE67EF83AA20F25084B
RAW_GRID_T100_S020_GATE90_TRIANGLE_V1_DAVID_CONTRA_EXTENSION__PROTECT_LOCK_1Q_STOP_ADDS,2019-05-05T23:00:00.000Z,28,86.924148,-99.18,-10.596781,-22.852633,-5.204407,-0.073195,9971.869765,9977.147367,-16.94457,18,14,4,1653,1212,45,27,26,8,220.252083,137EFCF7B613FBEE498D999E7BD157637182D99D7B965233EDB4EE83CBC5299B
RAW_GRID_T100_S020_GATE90_TRIANGLE_V1_DAVID_CONTRA_EXTENSION__PROTECT_LOCK_1Q_STOP_ADDS,2019-05-12T23:00:00.000Z,28,103.955053,-109.62,-15.635537,-21.300484,-2.899403,-0.1184,9975.681713,9978.699516,3.811948,11,7,4,1827,1298,45,27,26,8,289.675,1774E31295169989380693A0A36E0BA0486FAB27B5B83C1F1A717E6A033A78AB
RAW_GRID_T100_S020_GATE90_TRIANGLE_V1_DAVID_CONTRA_EXTENSION__PROTECT_LOCK_1Q_STOP_ADDS,2019-05-19T23:00:00.000Z,28,173.562505,-129.48,-18.845648,25.236857,-4.187777,0.000743,10021.049823,10025.236857,45.36811,11,3,8,2158,1542,45,27,26,8,343.794444,CEAC44A9BE731C75DBB057B254DFD9685B67D14D894D76999E0752D810919216
RAW_GRID_T100_S020_GATE90_TRIANGLE_V1_DAVID_CONTRA_EXTENSION__PROTECT_LOCK_1Q_STOP_ADDS,2019-05-26T23:00:00.000Z,28,253.142833,-147.6,-20.524881,85.017952,-42.240366,-0.517224,10042.260362,10085.017952,21.210539,22,16,6,2460,1749,45,27,26,8,392.682639,67CB82B9322EB77CD968301BA84D61C9A3E661697A6EF4AAE4A79CA6C779C386
RAW_GRID_T100_S020_GATE90_TRIANGLE_V1_DAVID_CONTRA_EXTENSION__PROTECT_LOCK_1Q_STOP_ADDS,2019-06-02T23:00:00.000Z,28,312.680973,-178.62,-25.920221,108.140752,-25.669146,-0.117883,10082.353723,10108.140752,40.093361,32,19,13,2977,2113,45,27,26,8,481.429167,491D37E376B57353948346D7A4BA0349EA4EE5062B3DED2868F25E7A620042C4
RAW_GRID_T100_S020_GATE90_TRIANGLE_V1_DAVID_CONTRA_EXTENSION__PROTECT_LOCK_1Q_STOP_ADDS,2019-06-09T23:00:00.000Z,28,355.056916,-193.14,-30.607166,131.30975,-18.391827,-0.194358,10112.723565,10131.30975,30.369842,21,19,2,3219,2286,45,30,26,8,578.476389,A1FB2813836BBE65A91B87B703407DF2981D3634A786FF9C3256F33F76A528C3
RAW_GRID_T100_S020_GATE90_TRIANGLE_V1_DAVID_CONTRA_EXTENSION__PROTECT_LOCK_1Q_STOP_ADDS,2019-06-16T23:00:00.000Z,28,412.072183,-228,-37.876473,146.19571,-2.046491,-0.068895,10144.080324,10146.19571,31.356759,15,5,10,3800,2705,45,30,26,8,673.586806,2DA18A569A9FC90A8803D240AF9FB111D4C6E1EDC5DD33623BE5BAF7B1542197
RAW_GRID_T100_S020_GATE90_TRIANGLE_V1_DAVID_CONTRA_EXTENSION__PROTECT_LOCK_1Q_STOP_ADDS,2019-06-23T23:00:00.000Z,28,420.94474,-245.82,-39.800612,135.324128,-2.427954,-0.004133,10132.892041,10135.324128,-11.188283,6,1,5,4097,2916,45,30,26,8,740.451389,4880670D3D4AA753171DF3399852D0DE70FB6F4A6BA963645257D628D9AEB1C3
RAW_GRID_T100_S020_GATE90_TRIANGLE_V1_DAVID_CONTRA_EXTENSION__PROTECT_LOCK_1Q_STOP_ADDS,2019-06-30T23:00:00.000Z,28,378.019672,-254.16,-41.423463,82.436209,-3.851452,-0.05663,10078.528127,10082.436209,-54.363914,17,13,4,4236,2977,45,30,26,8,780.047917,13A2325CA970F214103565D86841E76FE900EBD7F1DA571EF778CADDC3D2D8A8
RAW_GRID_T100_S020_GATE90_TRIANGLE_V1_DAVID_CONTRA_EXTENSION__PROTECT_LOCK_1Q_STOP_ADDS,2019-07-07T23:00:00.000Z,28,429.594924,-260.76,-45.007983,123.826941,-12.613777,-0.143663,10111.069501,10123.826941,32.541374,12,12,0,4346,3045,45,30,26,8,834.201389,D77682464340E010E9134DDFB194AE83CEB2F14300942DBB233E58CD5811D3F0
RAW_GRID_T100_S020_GATE90_TRIANGLE_V1_DAVID_CONTRA_EXTENSION__PROTECT_LOCK_1Q_STOP_ADDS,2019-07-14T23:00:00.000Z,28,438.020167,-290.22,-49.257361,98.542806,0.893089,-0.036034,10099.399861,10098.542806,-11.66964,7,6,1,4837,3417,45,30,26,8,892.961806,C09C1D8C3BEDEA68AF2DE7CBF9C5FE52A13F66D551631D41379D24D34F3E656A
RAW_GRID_T100_S020_GATE90_TRIANGLE_V1_DAVID_CONTRA_EXTENSION__PROTECT_LOCK_1Q_STOP_ADDS,2019-07-21T23:00:00.000Z,28,509.164314,-306.42,-51.71408,151.030234,-48.882088,-0.319331,10101.828815,10151.030234,2.428954,33,19,14,5107,3591,45,30,26,8,932.960417,7E91371979AF86281A44E032638AD41F84763B2371704ACF3F3D6517FB9C8BB8
RAW_GRID_T100_S020_GATE90_TRIANGLE_V1_DAVID_CONTRA_EXTENSION__PROTECT_LOCK_1Q_STOP_ADDS,2019-07-28T23:00:00.000Z,28,180.986116,-366.6,-60.601911,-246.215795,-158.121309,-1.213065,9594.449831,9753.784205,-507.378984,68,56,12,6110,4228,72,60,26,13,1085.170833,F0FDF6EE2F51F537685F7A7A914D2AF6258B68DE06B9044907B504729C4C36E7
RAW_GRID_T100_S020_GATE90_TRIANGLE_V1_DAVID_CONTRA_EXTENSION__PROTECT_LOCK_1Q_STOP_ADDS,2019-08-04T23:00:00.000Z,28,323.086555,-448.14,-75.992068,-201.045513,6.156485,-0.034368,9805.076604,9798.954487,210.626773,8,6,2,7469,5378,72,60,26,13,1312.183333,9B600C3D0BDBA3608A1B6A431D77553A37D115C9DE8FA54D86E2CE2133F295A7
RAW_GRID_T100_S020_GATE90_TRIANGLE_V1_DAVID_CONTRA_EXTENSION__PROTECT_LOCK_1Q_STOP_ADDS,2019-08-11T23:00:00.000Z,28,393.732208,-466.56,-78.666435,-151.494227,8.907936,0.003647,9857.417356,9848.505773,52.340752,5,1,4,7776,5617,72,60,26,13,1353.58125,09994537CD16C17698A7649AEB428D0E19803B6CBFC26FABB89C99FC994D7ECA
RAW_GRID_T100_S020_GATE90_TRIANGLE_V1_DAVID_CONTRA_EXTENSION__PROTECT_LOCK_1Q_STOP_ADDS,2019-08-18T23:00:00.000Z,28,424.216861,-470.58,-78.965815,-125.328954,-3.760005,0.000167,9870.911208,9874.671046,13.493852,2,0,2,7843,5649,72,60,26,13,1375.347222,15BBA15057ED60588B49B37CE8DD26539530DA63B8DE3FD952D7A8049E401386
RAW_GRID_T100_S020_GATE90_TRIANGLE_V1_DAVID_CONTRA_EXTENSION__PROTECT_LOCK_1Q_STOP_ADDS,2019-08-25T23:00:00.000Z,28,471.487714,-483.06,-80.419312,-91.991598,-9.134884,-0.072869,9898.800649,9908.008402,27.889441,5,3,2,8051,5781,72,60,26,13,1404.123611,0E41630C0BBD8B3289B604E9A445F5F70C7583B65DBE441F490B2CE132BAFBFA
RAW_GRID_T100_S020_GATE90_TRIANGLE_V1_DAVID_CONTRA_EXTENSION__PROTECT_LOCK_1Q_STOP_ADDS,2019-09-01T23:00:00.000Z,28,401.797193,-498.78,-81.492392,-178.475199,-11.751035,-0.0313,9809.742466,9821.524801,-89.058183,23,9,14,8313,5915,72,60,26,13,1453.863889,C3FE9C6FC8C8792FF29085E9D105C0928FA6432C99B176CA4A116696C7CA419C
RAW_GRID_T100_S020_GATE90_TRIANGLE_V1_DAVID_CONTRA_EXTENSION__PROTECT_LOCK_1Q_STOP_ADDS,2019-09-08T23:00:00.000Z,28,455.750588,-519.54,-83.085578,-146.87499,-97.842677,-0.081998,9755.200335,9853.12501,-54.542131,43,9,34,8659,6125,72,60,41,13,1540.446528,74D5FDC982BAD10EFE76F66577763386CB5B9949D20F4256F3EECAFB951899CA
RAW_GRID_T100_S020_GATE90_TRIANGLE_V1_DAVID_CONTRA_EXTENSION__PROTECT_LOCK_1Q_STOP_ADDS,2019-09-15T23:00:00.000Z,28,403.412095,-540.96,-85.406218,-222.954123,-11.46912,-0.050728,9765.526029,9777.045877,10.325694,12,10,2,9016,6379,72,60,41,13,1681.480556,8D51486EF869C25CDD3E45F11E34B556FF3B169FC86E1AB98A9D76AC23BE99B6
RAW_GRID_T100_S020_GATE90_TRIANGLE_V1_DAVID_CONTRA_EXTENSION__PROTECT_LOCK_1Q_STOP_ADDS,2019-09-22T23:00:00.000Z,28,469.833318,-558.6,-89.229781,-177.996463,-4.399971,-0.003736,9817.59983,9822.003537,52.073801,11,5,6,9310,6580,72,60,41,13,1733.256944,5345F917293A0C31073F6860444D3FD9BD22BACDC329709F2F4803B78CC0FBAA
RAW_GRID_T100_S020_GATE90_TRIANGLE_V1_DAVID_CONTRA_EXTENSION__PROTECT_LOCK_1Q_STOP_ADDS,2019-09-29T23:00:00.000Z,28,655.214221,-596.04,-92.383761,-33.20954,-15.186944,-0.146755,9951.456761,9966.79046,133.856931,14,9,5,9934,7039,72,60,41,13,1808.252778,97D15ACF3EECE82093A5CBCE7EED52243FFFCA042ED6A9AC09EB1939AC616C97
RAW_GRID_T100_S020_GATE90_TRIANGLE_V1_DAVID_CONTRA_EXTENSION__PROTECT_LOCK_1Q_STOP_ADDS,2019-10-06T23:00:00.000Z,28,574.861191,-628.8,-95.093741,-149.03255,-706.405748,0.149794,9144.711496,9850.96745,-806.745265,102,7,95,10480,7360,102,60,95,13,1874.332639,C293D296A930C51F8A466056AEFC271AECE51280625F4D617C3F7FF25D12FCA3
RAW_GRID_T100_S020_GATE90_TRIANGLE_V1_DAVID_CONTRA_EXTENSION__PROTECT_LOCK_1Q_STOP_ADDS,2019-10-13T23:00:00.000Z,28,491.670456,-683.58,-95.257928,-287.167472,1.649355,-0.010558,9714.471325,9712.832528,569.759829,6,3,3,11393,8057,104,60,97,13,2190.059028,F715C989DF76ED92445AB255EC67AE6F204F87D81D09E098915E4EDB63D4F0CB
RAW_GRID_T100_S020_GATE90_TRIANGLE_V1_DAVID_CONTRA_EXTENSION__PROTECT_LOCK_1Q_STOP_ADDS,2019-10-20T23:00:00.000Z,28,506.355045,-687.96,-96.292743,-277.897698,-3.8958,-0.038396,9718.168106,9722.102302,3.696781,6,5,1,11466,8093,104,60,97,13,2214.690972,DC11FF56C3CA3C2C471D1EBA65753515A440D14A50F87CF625FE29DD013BE36D
RAW_GRID_T100_S020_GATE90_TRIANGLE_V1_DAVID_CONTRA_EXTENSION__PROTECT_LOCK_1Q_STOP_ADDS,2019-10-27T23:00:00.000Z,28,570.902329,-719.34,-98.264645,-246.702316,-11.68193,0.005147,9741.620901,9753.297684,23.452795,19,1,18,11989,8489,104,60,97,13,2263.486806,F09005C7229E393B06E7C0BD2211E9F919366315D494F1830B97A896C33FBFDC
RAW_GRID_T100_S020_GATE90_TRIANGLE_V1_DAVID_CONTRA_EXTENSION__PROTECT_LOCK_1Q_STOP_ADDS,2019-11-04T00:00:00.000Z,28,643.479039,-737.28,-98.997735,-192.798696,-4.448353,-0.175045,9802.577906,9807.201304,60.957005,14,12,2,12288,8672,104,60,97,13,2343.03125,778A521B58B264C7C9E6D4DFF329A71A23BCA71D6B2F5D38D4EF1F5475080C78
RAW_GRID_T100_S020_GATE90_TRIANGLE_V1_DAVID_CONTRA_EXTENSION__PROTECT_LOCK_1Q_STOP_ADDS,2019-11-11T00:00:00.000Z,28,654.063831,-752.52,-103.313013,-201.769182,-3.566488,0.017507,9794.681837,9798.230818,-7.896069,12,0,12,12542,8831,104,60,97,13,2404.189583,A4EAE1B744855F2965636FA0279979B688C71F68986A2B75C5CA9DA18F8D8BF0
RAW_GRID_T100_S020_GATE90_TRIANGLE_V1_DAVID_CONTRA_EXTENSION__PROTECT_LOCK_1Q_STOP_ADDS,2019-11-18T00:00:00.000Z,28,758.807495,-774.18,-103.739897,-119.112402,-8.468606,-0.109639,9872.309353,9880.887598,77.627516,10,9,1,12903,9110,104,60,97,13,2460.545833,B1A882FAE4FDAD299AD1DD59CA2C6BA7780B506E40CFA73453888B772FA27021
RAW_GRID_T100_S020_GATE90_TRIANGLE_V1_DAVID_CONTRA_EXTENSION__PROTECT_LOCK_1Q_STOP_ADDS,2019-11-25T00:00:00.000Z,28,771.330396,-787.5,-106.267362,-122.436966,-12.089274,0.001819,9865.475579,9877.563034,-6.833774,8,0,8,13125,9273,104,60,97,13,2502.926389,F961946C3F99D405A5D95884BBFCC72378BDF08C1EE125DA06111444CD6DCE3B
RAW_GRID_T100_S020_GATE90_TRIANGLE_V1_DAVID_CONTRA_EXTENSION__PROTECT_LOCK_1Q_STOP_ADDS,2019-12-02T00:00:00.000Z,28,763.703944,-819.12,-108.12177,-163.537826,-19.148996,-0.172307,9817.140871,9836.462174,-48.334708,22,14,8,13652,9627,104,60,97,13,2576.940278,FDA28A4A0BC1416BBE7C668BBDD58F8216BEA9FFDC054EFB9D1FED8F5A6816EA
RAW_GRID_T100_S020_GATE90_TRIANGLE_V1_DAVID_CONTRA_EXTENSION__PROTECT_LOCK_1Q_STOP_ADDS,2019-12-09T00:00:00.000Z,28,897.43517,-883.38,-111.959333,-97.904163,-20.901607,-0.027188,9881.167042,9902.095837,64.026171,23,20,3,14723,10481,104,60,97,13,2678.352778,F523A50F2F7AACF318CFB3AE69EF5B47DA7ACB1E48BAA505E89A6DE4B18A1DA3
RAW_GRID_T100_S020_GATE90_TRIANGLE_V1_DAVID_CONTRA_EXTENSION__PROTECT_LOCK_1Q_STOP_ADDS,2019-12-16T00:00:00.000Z,28,888.202276,-894.24,-118.529691,-124.567415,-9.82481,-0.036087,9865.571688,9875.432585,-15.595354,10,5,5,14904,10574,104,60,97,13,2763.380556,0B4F91D48DD3EE2B0907D1AB2B1AF9DCCA4B29CA485D4CBC9196BCB6A463F1BB
RAW_GRID_T100_S020_GATE90_TRIANGLE_V1_DAVID_CONTRA_EXTENSION__PROTECT_LOCK_1Q_STOP_ADDS,2019-12-23T00:00:00.000Z,28,900.220098,-897.18,-119.796508,-116.75641,-12.111638,-0.12674,9871.005212,9883.24359,5.433524,21,7,14,14953,10586,104,60,97,13,2794.086806,ADDE21A1D2986C0765476A71FE9670EE894ED5C4EAA87804273493A271D61A3D
RAW_GRID_T100_S020_GATE90_TRIANGLE_V1_DAVID_CONTRA_EXTENSION__PROTECT_LOCK_1Q_STOP_ADDS,2019-12-30T00:00:00.000Z,28,953.124026,-919.02,-123.542389,-89.438363,-47.33547,-1.082506,9862.143661,9910.561637,-8.861551,31,31,0,15317,10815,104,60,97,13,2876.435417,C71BA017FEE24D27ADF6B5FE03F5EEDC0AB61DCB1165638D40D20774A7FBAEAE
RAW_GRID_T100_S020_GATE90_TRIANGLE_V1_DAVID_CONTRA_EXTENSION__PROTECT_TRAIL_1Q_1Q,2019-04-14T23:00:00.000Z,28,4.445891,-12.9,-1.184437,-9.638546,0,0,9990.361454,9990.361454,-9.638546,0,0,0,215,127,6,5,6,5,26.810417,FD1720378A89CFDB74A2E122DC14EDDCAFFA12969A1BC1658BB75444FF511651
RAW_GRID_T100_S020_GATE90_TRIANGLE_V1_DAVID_CONTRA_EXTENSION__PROTECT_TRAIL_1Q_1Q,2019-04-21T23:00:00.000Z,28,50.889166,-39.12,-3.829571,7.939595,-1.765526,-0.148449,10006.02562,10007.939595,15.664166,12,6,6,652,418,13,10,9,5,64.883333,F31CD1E47B56C451551AAA3ED886EA993D88CC0FA40CA4BBCED56F7826BF2EB8
RAW_GRID_T100_S020_GATE90_TRIANGLE_V1_DAVID_CONTRA_EXTENSION__PROTECT_TRAIL_1Q_1Q,2019-04-28T23:00:00.000Z,28,98.966276,-60.66,-6.028088,32.278188,-49.92992,-0.116026,9982.232242,10032.278188,-23.793378,30,13,17,1011,668,34,16,25,6,117.26875,AFC61DE5D347989A80E8220F5FC165FB9545FC01B09E50FAADC1F6BC035D71C2
RAW_GRID_T100_S020_GATE90_TRIANGLE_V1_DAVID_CONTRA_EXTENSION__PROTECT_TRAIL_1Q_1Q,2019-05-05T23:00:00.000Z,28,79.552259,-105.48,-10.590355,-36.518096,-6.961369,-0.047404,9956.473131,9963.481904,-25.759111,15,11,4,1758,1268,42,24,26,8,217.313889,760DDC8775348BE479A68048CFD49577C9E8FC9F494C73383EBCE47F52BDA388
RAW_GRID_T100_S020_GATE90_TRIANGLE_V1_DAVID_CONTRA_EXTENSION__PROTECT_TRAIL_1Q_1Q,2019-05-12T23:00:00.000Z,28,109.692524,-116.52,-14.913617,-21.741093,-4.752568,-0.124219,9973.38212,9978.258907,16.908989,8,7,1,1942,1354,42,24,26,8,278.847222,071059E273C9E5547D010C315AB75035CD81F627E9FB8AB54460DD41B8080452
RAW_GRID_T100_S020_GATE90_TRIANGLE_V1_DAVID_CONTRA_EXTENSION__PROTECT_TRAIL_1Q_1Q,2019-05-19T23:00:00.000Z,28,188.262239,-137.1,-18.14591,33.016329,-4.187777,0.000743,10028.829295,10033.016329,55.447175,11,3,8,2285,1599,42,24,26,8,324.815972,2C5B13CAE547F4E3651FD83AA172C889AA9AFAA6DE92132C7DC4CD8364D433E2
RAW_GRID_T100_S020_GATE90_TRIANGLE_V1_DAVID_CONTRA_EXTENSION__PROTECT_TRAIL_1Q_1Q,2019-05-26T23:00:00.000Z,28,278.85868,-159,-20.045392,99.813288,-35.001537,-0.351846,10064.459905,10099.813288,35.63061,23,17,6,2650,1836,42,24,26,8,375.692361,BBEEE31D8DDFE4B53D1A2D851A808B6673A24C1138E302338F734518D4935867
RAW_GRID_T100_S020_GATE90_TRIANGLE_V1_DAVID_CONTRA_EXTENSION__PROTECT_TRAIL_1Q_1Q,2019-06-02T23:00:00.000Z,28,349.393329,-190.68,-25.492716,133.220613,-26.104253,-0.103427,10107.012933,10133.220613,42.553028,31,18,13,3178,2199,42,26,26,8,464.968056,61DA126874DAA087CD2C518C5F2C7DA5CFD51D9C7A6FEA515AD7D9D700D62BBE
RAW_GRID_T100_S020_GATE90_TRIANGLE_V1_DAVID_CONTRA_EXTENSION__PROTECT_TRAIL_1Q_1Q,2019-06-09T23:00:00.000Z,28,385.867744,-205.5,-29.879981,150.487763,-18.391827,-0.194358,10131.901578,10150.487763,24.888645,21,19,2,3425,2370,42,29,26,8,558.747222,D3BA3B097AD1917A5C1E9DACB4C109524D2961A89C2767355741673E58AD0C01
RAW_GRID_T100_S020_GATE90_TRIANGLE_V1_DAVID_CONTRA_EXTENSION__PROTECT_TRAIL_1Q_1Q,2019-06-16T23:00:00.000Z,28,437.346596,-242.04,-37.278319,158.028277,-2.352888,-0.069832,10155.605557,10158.028277,23.703979,15,5,10,4034,2794,42,29,26,8,655.206944,BAFC9A503EDD265E998DD0EC108FEE918AE34970910CE16836A4888C914AFBEC
RAW_GRID_T100_S020_GATE90_TRIANGLE_V1_DAVID_CONTRA_EXTENSION__PROTECT_TRAIL_1Q_1Q,2019-06-23T23:00:00.000Z,28,444.161182,-261.36,-39.185639,143.615543,-2.427954,-0.004133,10141.183456,10143.615543,-14.422101,6,1,5,4356,3009,42,29,26,8,720.759028,84A51B408B454FD63F470F4326E9F60E5D4FA79FAB2B84C835F5D404FB1BB02A
RAW_GRID_T100_S020_GATE90_TRIANGLE_V1_DAVID_CONTRA_EXTENSION__PROTECT_TRAIL_1Q_1Q,2019-06-30T23:00:00.000Z,28,395.007208,-270.3,-40.77723,83.929978,-3.851452,-0.05663,10080.021896,10083.929978,-61.16156,17,13,4,4505,3070,42,29,26,8,760.013889,AA15D70F4345146D6D893FA47E567D33FD726FF7C070696352E39FEB31ADA699
RAW_GRID_T100_S020_GATE90_TRIANGLE_V1_DAVID_CONTRA_EXTENSION__PROTECT_TRAIL_1Q_1Q,2019-07-07T23:00:00.000Z,28,442.605807,-277.02,-44.366078,121.219729,-11.66988,-0.110486,10109.439363,10121.219729,29.417467,11,11,0,4617,3137,42,29,26,8,814.214583,5B7668FCFCA2EBE5AA258FDAADEF2EE3C35BBC2FA4B1F085D27B15664887F74D
RAW_GRID_T100_S020_GATE90_TRIANGLE_V1_DAVID_CONTRA_EXTENSION__PROTECT_TRAIL_1Q_1Q,2019-07-14T23:00:00.000Z,28,450.864303,-306.9,-48.33603,95.628273,0.893089,-0.036034,10096.485328,10095.628273,-12.954035,7,6,1,5115,3509,42,29,26,8,869.927083,73C1D162D2CC207497B78FCF395E3DEC6D589839C892A4563647A1DD9188687B
RAW_GRID_T100_S020_GATE90_TRIANGLE_V1_DAVID_CONTRA_EXTENSION__PROTECT_TRAIL_1Q_1Q,2019-07-21T23:00:00.000Z,28,527.145432,-323.4,-50.731591,153.013841,-48.882088,-0.319331,10103.812422,10153.013841,7.327094,33,19,14,5390,3683,42,29,26,8,908.816667,AD6693DA731E6E7A2754D625515B17AED6FDEBE26F6656E798BF935AB4C75950
RAW_GRID_T100_S020_GATE90_TRIANGLE_V1_DAVID_CONTRA_EXTENSION__PROTECT_TRAIL_1Q_1Q,2019-07-28T23:00:00.000Z,28,191.478367,-384.48,-59.610581,-252.612214,-158.121309,-1.213065,9588.053412,9747.387786,-515.75901,68,56,12,6408,4320,72,60,26,13,1062.35625,9AC7474D3BFE905D492276801BFF0249BE9F3BD3F0265F56195012E885AF8D5E
RAW_GRID_T100_S020_GATE90_TRIANGLE_V1_DAVID_CONTRA_EXTENSION__PROTECT_TRAIL_1Q_1Q,2019-08-04T23:00:00.000Z,28,343.395225,-467.46,-74.997327,-199.062102,6.156485,-0.034368,9807.060015,9800.937898,219.006603,8,6,2,7791,5477,72,60,26,13,1289.370833,7062043AA8B3EE2BE616D9C2B712815DE4B97B4FBFF3CB0F52579E4A6B40146A
RAW_GRID_T100_S020_GATE90_TRIANGLE_V1_DAVID_CONTRA_EXTENSION__PROTECT_TRAIL_1Q_1Q,2019-08-11T23:00:00.000Z,28,404.413791,-486.18,-77.645418,-159.411627,8.907936,0.003647,9849.499956,9840.588373,42.439941,5,1,4,8103,5716,72,60,26,13,1330.345139,C77CADEA85540A4C36FCE4455727145B2608A9ADEDDB4D31B0A6A0FB00EA3A9A
RAW_GRID_T100_S020_GATE90_TRIANGLE_V1_DAVID_CONTRA_EXTENSION__PROTECT_TRAIL_1Q_1Q,2019-08-18T23:00:00.000Z,28,433.342906,-490.68,-77.929187,-135.266281,-3.760005,0.000167,9860.973881,9864.733719,11.473925,2,0,2,8178,5748,72,60,26,13,1351.85,100BFB4CFB99DCA389DDA5D9F70C30885618B607EE0F515EEC62B3D7C7AD9A3B
RAW_GRID_T100_S020_GATE90_TRIANGLE_V1_DAVID_CONTRA_EXTENSION__PROTECT_TRAIL_1Q_1Q,2019-08-25T23:00:00.000Z,28,481.324693,-503.82,-79.32129,-101.816597,-9.134884,-0.072869,9888.97565,9898.183403,28.001769,5,3,2,8397,5880,72,60,26,13,1379.583333,38377A9A47EFC898F99FA78A6C7798B1337F6E0F726B3938769113DE43B07779
RAW_GRID_T100_S020_GATE90_TRIANGLE_V1_DAVID_CONTRA_EXTENSION__PROTECT_TRAIL_1Q_1Q,2019-09-01T23:00:00.000Z,28,414.301332,-520.14,-80.407661,-186.246329,-12.68462,-0.032383,9801.036668,9813.753671,-87.938982,22,9,13,8669,6013,72,60,26,13,1428.85625,5EADA15DF7B9BDB936184EAD126A8537E432DFE1664CA80770EA05007B84E97B
RAW_GRID_T100_S020_GATE90_TRIANGLE_V1_DAVID_CONTRA_EXTENSION__PROTECT_TRAIL_1Q_1Q,2019-09-08T23:00:00.000Z,28,468.878609,-541.38,-82.030031,-154.531422,-97.842677,-0.081998,9747.543903,9845.468578,-53.492765,43,9,34,9023,6223,72,60,41,13,1512.66875,33E623E06CF9F645930604C973B879B312B2F04A88F76A16DC9F30AA85C895D7
RAW_GRID_T100_S020_GATE90_TRIANGLE_V1_DAVID_CONTRA_EXTENSION__PROTECT_TRAIL_1Q_1Q,2019-09-15T23:00:00.000Z,28,412.779685,-564.84,-84.305331,-236.365646,-11.46912,-0.050728,9752.114506,9763.634354,4.570603,12,10,2,9414,6487,72,60,41,13,1652.403472,FCF244AA415625490788843CA80D1FF4E84CA2B1DFCF98DEE88083B70E71B508
RAW_GRID_T100_S020_GATE90_TRIANGLE_V1_DAVID_CONTRA_EXTENSION__PROTECT_TRAIL_1Q_1Q,2019-09-22T23:00:00.000Z,28,479.332226,-582.96,-88.040671,-191.668445,-4.399971,-0.003736,9803.927848,9808.331555,51.813342,11,5,6,9716,6687,72,60,41,13,1703.241667,85E1DFF3C7E1833F60AB3AB58F2E35E4ECABE3D0263049662880C3476296F17D
RAW_GRID_T100_S020_GATE90_TRIANGLE_V1_DAVID_CONTRA_EXTENSION__PROTECT_TRAIL_1Q_1Q,2019-09-29T23:00:00.000Z,28,653.500645,-622.74,-91.147932,-60.387287,-15.186944,-0.146755,9924.279014,9939.612713,120.351166,14,9,5,10379,7165,72,60,41,13,1779.018056,143D355EAA445240760E22CFEAF7E105CCDAB3B1C42937CBD5F9830676E4F642
RAW_GRID_T100_S020_GATE90_TRIANGLE_V1_DAVID_CONTRA_EXTENSION__PROTECT_TRAIL_1Q_1Q,2019-10-06T23:00:00.000Z,28,571.188807,-656.4,-93.844441,-179.055634,-705.549599,0.144636,9115.539403,9820.944366,-808.739611,103,8,95,10940,7486,103,60,95,13,1844.778472,099CB980293AA3538B04B17A5F58A1E82B2D539B3402FC8580BFED332E38E426
RAW_GRID_T100_S020_GATE90_TRIANGLE_V1_DAVID_CONTRA_EXTENSION__PROTECT_TRAIL_1Q_1Q,2019-10-13T23:00:00.000Z,28,461.990896,-713.4,-94.214646,-345.62375,1.649355,-0.010558,9656.015047,9654.37625,540.475644,6,3,3,11890,8187,105,60,97,13,2161.422917,550ED38C104943198CCD2C7B316245483A97ED45C1BD041FFD7B3CC331C80989
RAW_GRID_T100_S020_GATE90_TRIANGLE_V1_DAVID_CONTRA_EXTENSION__PROTECT_TRAIL_1Q_1Q,2019-10-20T23:00:00.000Z,28,476.675485,-717.78,-95.249462,-336.353977,-3.8958,-0.038396,9659.711827,9663.646023,3.69678,6,5,1,11963,8223,105,60,97,13,2186.054861,DDD2305E1A935C4C7DEBFDC9D4838EDF8FB1CF8532526D9F65CEF9671ABB27CA
RAW_GRID_T100_S020_GATE90_TRIANGLE_V1_DAVID_CONTRA_EXTENSION__PROTECT_TRAIL_1Q_1Q,2019-10-27T23:00:00.000Z,28,535.476351,-749.7,-97.221998,-311.445647,-9.766599,0.002994,9678.790748,9688.554353,19.078921,19,1,18,12495,8619,105,60,97,13,2234.497917,F575F70FCCA09B778BFCA5172AFD9CB9D9A07A1B71C0227F2A7DEC8664B7B775
RAW_GRID_T100_S020_GATE90_TRIANGLE_V1_DAVID_CONTRA_EXTENSION__PROTECT_TRAIL_1Q_1Q,2019-11-04T00:00:00.000Z,28,609.565896,-768.48,-97.957455,-256.871559,-4.448353,-0.175045,9738.505043,9743.128441,59.714295,14,12,2,12808,8805,105,60,97,13,2314.349306,D4425E6E5CB08D1287D7D97561BE135BED9F3546CC613CB6D258DA15CF591C83
RAW_GRID_T100_S020_GATE90_TRIANGLE_V1_DAVID_CONTRA_EXTENSION__PROTECT_TRAIL_1Q_1Q,2019-11-11T00:00:00.000Z,28,620.424261,-784.32,-102.197369,-266.093108,-3.145631,0.009174,9730.770435,9733.906892,-7.734608,9,0,9,13072,8964,105,60,97,13,2375.550694,E645F84686BCE79525124FD69449267BB2536AB4F1B24D359D63FD7156C0579B
RAW_GRID_T100_S020_GATE90_TRIANGLE_V1_DAVID_CONTRA_EXTENSION__PROTECT_TRAIL_1Q_1Q,2019-11-18T00:00:00.000Z,28,727.368197,-807.12,-102.706575,-182.458378,-8.589014,-0.104991,9808.847617,9817.541622,78.077182,10,9,1,13452,9245,105,60,97,13,2423.031944,FD3A43EA8B17917EA05A1D1739A6934609C7E938C2A5D61F9DEA0CE8269E6534
RAW_GRID_T100_S020_GATE90_TRIANGLE_V1_DAVID_CONTRA_EXTENSION__PROTECT_TRAIL_1Q_1Q,2019-11-25T00:00:00.000Z,28,749.075628,-821.16,-105.21588,-177.300252,-12.089274,0.001819,9810.612293,9822.699748,1.764676,8,0,8,13686,9407,105,60,97,13,2465.1875,C68DD46110BE3B6C1D9480DBD6098387BC9D2B3DE3DBC5C6668A174FBD551601
RAW_GRID_T100_S020_GATE90_TRIANGLE_V1_DAVID_CONTRA_EXTENSION__PROTECT_TRAIL_1Q_1Q,2019-12-02T00:00:00.000Z,28,738.394815,-853.74,-107.189746,-222.534931,-18.281642,-0.173306,9759.010121,9777.465069,-51.602172,21,14,7,14229,9761,105,60,97,13,2540.667361,CB64D4E9A87C305FD405BB75B7BC7E901FD7D3554EF63742B3A47E64E944540E
RAW_GRID_T100_S020_GATE90_TRIANGLE_V1_DAVID_CONTRA_EXTENSION__PROTECT_TRAIL_1Q_1Q,2019-12-09T00:00:00.000Z,28,878.789616,-919.2,-111.061112,-151.471496,-20.901607,-0.027188,9827.599709,9848.528504,68.589588,23,20,3,15320,10624,105,60,97,13,2639.420139,5EAAF2B7DEEB96173D3A758D67BFC0516FD3BF2D871801835EE73D25662DD950
RAW_GRID_T100_S020_GATE90_TRIANGLE_V1_DAVID_CONTRA_EXTENSION__PROTECT_TRAIL_1Q_1Q,2019-12-16T00:00:00.000Z,28,868.994216,-930.42,-117.597019,-179.022803,-9.82481,-0.036087,9811.1163,9820.977197,-16.483409,10,5,5,15507,10718,105,60,97,13,2724.072222,0C06641398AD7FCF92F3A5FCF47D3E955D47A74CD29A881B77832DD463B60A8F
RAW_GRID_T100_S020_GATE90_TRIANGLE_V1_DAVID_CONTRA_EXTENSION__PROTECT_TRAIL_1Q_1Q,2019-12-23T00:00:00.000Z,28,880.075297,-933.9,-118.859424,-172.684127,-11.08954,-0.131219,9816.095114,9827.315873,4.978814,21,7,14,15565,10730,105,60,97,13,2755.177083,8015AEE328AA1646932B90FC221CFFC39002D1F0D39FFCC5BD3CA4CA6ED3E9D0
RAW_GRID_T100_S020_GATE90_TRIANGLE_V1_DAVID_CONTRA_EXTENSION__PROTECT_TRAIL_1Q_1Q,2019-12-30T00:00:00.000Z,28,932.352575,-956.16,-122.544235,-146.35166,-48.715472,-1.073527,9803.859341,9853.64834,-12.235773,31,31,0,15936,10957,105,60,97,13,2836.351389,4CFAEDE853F5EA10DBA68C467D064AE7C29BA0AFFC760714642064D660266E2D
RAW_GRID_T100_S020_GATE90_TRIANGLE_V1_DAVID_CONTRA_EXTENSION__PROTECT_TRAIL_1Q_0_5Q,2019-04-14T23:00:00.000Z,28,8.526493,-12.96,-1.183276,-5.616783,0,0,9994.383217,9994.383217,-5.616783,0,0,0,216,127,6,5,6,5,26.743056,885141C4821652D92D508DFC1ACCAA99BC9F30F36E3A32879B0A335E52B25378
RAW_GRID_T100_S020_GATE90_TRIANGLE_V1_DAVID_CONTRA_EXTENSION__PROTECT_TRAIL_1Q_0_5Q,2019-04-21T23:00:00.000Z,28,59.747667,-39.54,-3.812066,16.395601,-2.315015,-0.147456,10013.93313,10016.395601,19.549913,13,6,7,659,418,14,10,10,5,64.606944,46718CEAD587A8E3647E2A4874465BCFFD6C7E6DE73E4357A485B3663C8A1113
RAW_GRID_T100_S020_GATE90_TRIANGLE_V1_DAVID_CONTRA_EXTENSION__PROTECT_TRAIL_1Q_0_5Q,2019-04-28T23:00:00.000Z,28,113.291238,-61.38,-5.978447,45.932791,-49.92992,-0.116026,9995.886845,10045.932791,-18.046285,30,13,17,1023,669,35,16,26,6,119.923611,FFA64FB08916249F1DAC4A0D52BEBA7357DBAEACF7120B670749761A04382468
RAW_GRID_T100_S020_GATE90_TRIANGLE_V1_DAVID_CONTRA_EXTENSION__PROTECT_TRAIL_1Q_0_5Q,2019-05-05T23:00:00.000Z,28,83.312154,-106.26,-10.549956,-33.497802,-6.961369,-0.047404,9959.493425,9966.502198,-36.39342,15,11,4,1771,1263,42,24,26,8,220.153472,B5B02DA30D556BA95CABC012D78A9F1CBF5B2718DC878A32F4C1C2B65951148A
RAW_GRID_T100_S020_GATE90_TRIANGLE_V1_DAVID_CONTRA_EXTENSION__PROTECT_TRAIL_1Q_0_5Q,2019-05-12T23:00:00.000Z,28,111.453716,-117.42,-14.86496,-20.831244,-4.752568,-0.124219,9974.291969,9979.168756,14.798544,8,7,1,1957,1349,42,24,26,8,281.382639,1648FD20526B4A3D66585F7FE14FA196322D234850FCF9AF288CD3C7B4B0CBED
RAW_GRID_T100_S020_GATE90_TRIANGLE_V1_DAVID_CONTRA_EXTENSION__PROTECT_TRAIL_1Q_0_5Q,2019-05-19T23:00:00.000Z,28,187.75194,-138.24,-18.096451,31.415489,-4.187777,0.000743,10027.228455,10031.415489,52.936486,11,3,8,2304,1591,42,24,26,8,327.325694,484E1C46D928BDA4EE7490DE3D132D33208A741EB71E9FEC4B1048B2B2325D97
RAW_GRID_T100_S020_GATE90_TRIANGLE_V1_DAVID_CONTRA_EXTENSION__PROTECT_TRAIL_1Q_0_5Q,2019-05-26T23:00:00.000Z,28,278.432582,-160.14,-19.876779,98.415803,-54.90372,-0.554796,10042.957287,10098.415803,15.728832,27,21,6,2669,1823,42,24,26,8,376.7625,09F217F636925407729C6846F7E9DDF96752DDBA5C903CD79AEAFFC814A50AE3
RAW_GRID_T100_S020_GATE90_TRIANGLE_V1_DAVID_CONTRA_EXTENSION__PROTECT_TRAIL_1Q_0_5Q,2019-06-02T23:00:00.000Z,28,343.596739,-192,-26.394892,125.201847,-26.178311,-0.104828,10098.918708,10125.201847,55.961421,31,18,13,3200,2186,42,30,26,8,477.623611,66C75ED1347EEE9E4028EDD77A1A0AFE685160C9896002D85D37475381796E5E
RAW_GRID_T100_S020_GATE90_TRIANGLE_V1_DAVID_CONTRA_EXTENSION__PROTECT_TRAIL_1Q_0_5Q,2019-06-09T23:00:00.000Z,28,373.635912,-207.18,-30.790512,135.6654,-18.391827,-0.194358,10117.079215,10135.6654,18.160507,21,19,2,3453,2358,42,30,26,8,571.45,588A16935A88A0A522FD390FF139806D970A17749EF85612A64F594A67F5E95B
RAW_GRID_T100_S020_GATE90_TRIANGLE_V1_DAVID_CONTRA_EXTENSION__PROTECT_TRAIL_1Q_0_5Q,2019-06-16T23:00:00.000Z,28,421.684967,-243.9,-38.17453,139.610437,-3.106206,-0.069763,10136.434468,10139.610437,19.355253,15,5,10,4065,2778,42,30,26,8,667.710417,A2A94406D2D0478CD2BABD76454CA192D7407329F8576F1A1EF9C7D871AB8A4F
RAW_GRID_T100_S020_GATE90_TRIANGLE_V1_DAVID_CONTRA_EXTENSION__PROTECT_TRAIL_1Q_0_5Q,2019-06-23T23:00:00.000Z,28,434.879744,-263.28,-40.064299,131.535445,-2.61361,-0.004925,10128.91691,10131.535445,-7.517558,6,1,5,4388,2992,42,30,26,8,733.089583,4792B293116F9534C15949874AC764E3B1DCA25FD48378834AC2C58E549F4C83
RAW_GRID_T100_S020_GATE90_TRIANGLE_V1_DAVID_CONTRA_EXTENSION__PROTECT_TRAIL_1Q_0_5Q,2019-06-30T23:00:00.000Z,28,388.125441,-272.4,-41.670406,74.055035,-3.851452,-0.05663,10070.146953,10074.055035,-58.769957,17,13,4,4540,3053,42,30,26,8,772.397222,3282733B5AFA393A7C9C9E117561F62CCA213A147B065EC62CF55C4D89C2053F
RAW_GRID_T100_S020_GATE90_TRIANGLE_V1_DAVID_CONTRA_EXTENSION__PROTECT_TRAIL_1Q_0_5Q,2019-07-07T23:00:00.000Z,28,437.563613,-279.18,-45.260783,113.12283,-11.66988,-0.110486,10101.342464,10113.12283,31.195511,11,11,0,4653,3121,42,30,26,8,826.614583,CDE8CD42B40576A408730444F535D8DD58611E9AAA7346C96E9179485907EC10
RAW_GRID_T100_S020_GATE90_TRIANGLE_V1_DAVID_CONTRA_EXTENSION__PROTECT_TRAIL_1Q_0_5Q,2019-07-14T23:00:00.000Z,28,448.091934,-309.24,-49.238736,89.613198,0.893089,-0.036034,10090.470253,10089.613198,-10.872211,7,6,1,5154,3492,42,30,26,8,882.254167,B8F7D27F162EABD246990573C6F02BB48010C541284B8B24C169D5DC7EAE0AF5
RAW_GRID_T100_S020_GATE90_TRIANGLE_V1_DAVID_CONTRA_EXTENSION__PROTECT_TRAIL_1Q_0_5Q,2019-07-21T23:00:00.000Z,28,528.147493,-325.92,-51.626544,150.600949,-48.882088,-0.319331,10101.39953,10150.600949,10.929277,33,19,14,5432,3665,42,30,26,8,921.488194,DBE23F5040BC249587786668485B32D02A70AED1C0F95AE066577053C0DFCABC
RAW_GRID_T100_S020_GATE90_TRIANGLE_V1_DAVID_CONTRA_EXTENSION__PROTECT_TRAIL_1Q_0_5Q,2019-07-28T23:00:00.000Z,28,196.080565,-387.42,-60.508867,-251.848302,-158.121309,-1.213065,9588.817324,9748.151698,-512.582206,68,56,12,6457,4302,72,60,26,13,1075.040278,9E895600D76656E0CAD4D976AFAC460C17EA05BE7A3707A34079DFD0DB81F9C6
RAW_GRID_T100_S020_GATE90_TRIANGLE_V1_DAVID_CONTRA_EXTENSION__PROTECT_TRAIL_1Q_0_5Q,2019-08-04T23:00:00.000Z,28,358.705404,-471,-75.899503,-188.194099,6.156485,-0.034368,9817.928018,9811.805901,229.110694,8,6,2,7850,5459,72,60,26,13,1302.301389,A6C517340DDD598FF73882BBCD2D89B887C8686E451608F66EA3A56BDB1621EB
RAW_GRID_T100_S020_GATE90_TRIANGLE_V1_DAVID_CONTRA_EXTENSION__PROTECT_TRAIL_1Q_0_5Q,2019-08-11T23:00:00.000Z,28,427.589279,-489.96,-78.524765,-140.895486,3.934966,-0.000312,9863.039168,9859.104514,45.11115,2,1,1,8166,5697,72,60,26,13,1343.390278,5E313EF9BF048D9C3902CA04E4E491BBFDB62987283D9060868F524F03B23D77
RAW_GRID_T100_S020_GATE90_TRIANGLE_V1_DAVID_CONTRA_EXTENSION__PROTECT_TRAIL_1Q_0_5Q,2019-08-18T23:00:00.000Z,28,450.509462,-494.52,-78.874063,-122.884601,-3.760005,0.000167,9873.355561,9877.115399,10.316393,2,0,2,8242,5729,72,60,26,13,1357.099306,53D2174C86BB61EA2741BB6D885518B540819B15D507DBA1A3191DB43D10B693
RAW_GRID_T100_S020_GATE90_TRIANGLE_V1_DAVID_CONTRA_EXTENSION__PROTECT_TRAIL_1Q_0_5Q,2019-08-25T23:00:00.000Z,28,499.535009,-507.72,-80.258148,-88.443139,-9.134884,-0.072869,9902.349108,9911.556861,28.993547,5,3,2,8462,5858,72,60,26,13,1384.702083,5A501DE88DD88900EAE7A4CF05033F7E285B034481C8F316C7384AB1B80D3033
RAW_GRID_T100_S020_GATE90_TRIANGLE_V1_DAVID_CONTRA_EXTENSION__PROTECT_TRAIL_1Q_0_5Q,2019-09-01T23:00:00.000Z,28,439.000175,-524.1,-81.354296,-166.454121,-13.291829,-0.019183,9820.234867,9833.545879,-82.114241,20,7,13,8735,5991,72,60,26,13,1433.986111,35D6482576D8AADBF3242B2D9AAFC18F1310B1209EF07B34BB4E8CE8710408D7
RAW_GRID_T100_S020_GATE90_TRIANGLE_V1_DAVID_CONTRA_EXTENSION__PROTECT_TRAIL_1Q_0_5Q,2019-09-08T23:00:00.000Z,28,490.224994,-545.46,-82.529684,-137.76469,-97.842677,-0.081998,9764.310635,9862.23531,-55.924232,43,9,34,9091,6199,72,60,41,13,1512.755556,CF827B31CB4598ADF9E1EA5C7741408B1659D27906D863232CB1980DECF763CF
RAW_GRID_T100_S020_GATE90_TRIANGLE_V1_DAVID_CONTRA_EXTENSION__PROTECT_TRAIL_1Q_0_5Q,2019-09-15T23:00:00.000Z,28,443.359062,-569.28,-84.811586,-210.732524,-11.46912,-0.050728,9777.747628,9789.267476,13.436993,12,10,2,9488,6462,72,60,41,13,1652.451389,DCD97EA35B770BC348D44F8011EC95C7072CACAA28FE8B50DC2AE3B2AED2DBDD
RAW_GRID_T100_S020_GATE90_TRIANGLE_V1_DAVID_CONTRA_EXTENSION__PROTECT_TRAIL_1Q_0_5Q,2019-09-22T23:00:00.000Z,28,510.510176,-587.58,-88.512448,-165.582272,-4.399971,-0.003736,9830.014021,9834.417728,52.266393,11,5,6,9793,6661,72,60,41,13,1702.860417,DC42944796BB5F3E478A0C960244BF6B72CE7D5BC07621D01C80A5814131EB51
RAW_GRID_T100_S020_GATE90_TRIANGLE_V1_DAVID_CONTRA_EXTENSION__PROTECT_TRAIL_1Q_0_5Q,2019-09-29T23:00:00.000Z,28,685.403919,-627.78,-91.612035,-33.988116,-15.186944,-0.146755,9950.678185,9966.011884,120.664164,14,9,5,10463,7140,72,60,41,13,1778.916667,9C1BF45EB14EA17807AC3E5C9B110380B55C37A9F7BDCE4932BD84D17C964CB7
RAW_GRID_T100_S020_GATE90_TRIANGLE_V1_DAVID_CONTRA_EXTENSION__PROTECT_TRAIL_1Q_0_5Q,2019-10-06T23:00:00.000Z,28,607.385934,-661.86,-94.300421,-148.774487,-705.398067,0.144699,9145.972145,9851.225513,-804.70604,103,8,95,11031,7460,103,60,95,13,1845.390278,6B716499795C8F24B3B9BBD35738C3E09C755B160122115995703E8A60BFBE64
RAW_GRID_T100_S020_GATE90_TRIANGLE_V1_DAVID_CONTRA_EXTENSION__PROTECT_TRAIL_1Q_0_5Q,2019-10-13T23:00:00.000Z,28,498.605201,-718.98,-94.668586,-315.043385,1.649355,-0.010558,9686.595412,9684.956615,540.623267,6,3,3,11983,8160,105,60,97,13,2161.504167,FA96D318AA80E93F90092B185B90365E87FC77278BBC6E621B9D0BA195118E7B
RAW_GRID_T100_S020_GATE90_TRIANGLE_V1_DAVID_CONTRA_EXTENSION__PROTECT_TRAIL_1Q_0_5Q,2019-10-20T23:00:00.000Z,28,510.393364,-723.48,-95.701332,-308.787968,-3.8958,-0.038396,9687.277836,9691.212032,0.682424,6,5,1,12058,8195,105,60,97,13,2185.884028,EF0576B41F0D620DF64D43917C1201703E5C81797B9AA7E7EB79817894F45962
RAW_GRID_T100_S020_GATE90_TRIANGLE_V1_DAVID_CONTRA_EXTENSION__PROTECT_TRAIL_1Q_0_5Q,2019-10-27T23:00:00.000Z,28,569.154129,-755.52,-97.670933,-284.036804,-9.219363,0.00282,9706.746653,9715.963196,19.468817,19,1,18,12592,8590,105,60,97,13,2234.175694,EB863101C998A070E690A28FAA581789D3F4BF3BD0A19A4745F5857AD81D9B59
RAW_GRID_T100_S020_GATE90_TRIANGLE_V1_DAVID_CONTRA_EXTENSION__PROTECT_TRAIL_1Q_0_5Q,2019-11-04T00:00:00.000Z,28,644.436771,-774.42,-98.401672,-228.384901,-5.108354,-0.171352,9766.335393,9771.615099,59.58874,14,12,2,12907,8775,105,60,97,13,2313.820833,30023CC949DC9622E31F8D2240C37D9260F94BECAF852747709E506BAB566EEE
RAW_GRID_T100_S020_GATE90_TRIANGLE_V1_DAVID_CONTRA_EXTENSION__PROTECT_TRAIL_1Q_0_5Q,2019-11-11T00:00:00.000Z,28,654.964798,-790.5,-102.667425,-238.202627,-4.742657,0.008437,9757.063153,9761.797373,-9.27224,9,0,9,13175,8934,105,60,97,13,2375.432639,52F31E11AA0655786777439A99E65EA2A38CC2308438B73EEF050969F35E707A
RAW_GRID_T100_S020_GATE90_TRIANGLE_V1_DAVID_CONTRA_EXTENSION__PROTECT_TRAIL_1Q_0_5Q,2019-11-18T00:00:00.000Z,28,758.116782,-813.6,-103.141446,-158.624664,-8.829833,-0.105309,9832.440194,9841.375336,75.377041,10,9,1,13560,9212,105,60,97,13,2422.583333,33A45D2FB4AC0E2A606AED16F8530AEAE3B2D5B33C431D27F573893652626591
RAW_GRID_T100_S020_GATE90_TRIANGLE_V1_DAVID_CONTRA_EXTENSION__PROTECT_TRAIL_1Q_0_5Q,2019-11-25T00:00:00.000Z,28,777.16691,-827.64,-105.679724,-156.152814,-12.089274,0.001819,9831.759731,9843.847186,-0.680463,8,0,8,13794,9374,105,60,97,13,2465.0125,83B94E65ABC32CA3345B4886AB3422068E3F977DFB71599077011A4C481DA26B
RAW_GRID_T100_S020_GATE90_TRIANGLE_V1_DAVID_CONTRA_EXTENSION__PROTECT_TRAIL_1Q_0_5Q,2019-12-02T00:00:00.000Z,28,770.571879,-860.4,-107.684699,-197.51282,-20.331935,-0.17374,9781.981505,9802.48718,-49.778226,21,14,7,14340,9728,105,60,97,13,2540.85625,7C20476EE6DD86D18C0D9746114F5E19BB6CF7D1EEE5689EE4DD4F9775A84774
RAW_GRID_T100_S020_GATE90_TRIANGLE_V1_DAVID_CONTRA_EXTENSION__PROTECT_TRAIL_1Q_0_5Q,2019-12-09T00:00:00.000Z,28,906.994127,-926.22,-111.549484,-130.775357,-20.901607,-0.027188,9848.295848,9869.224643,66.314343,23,20,3,15437,10591,105,60,97,13,2639.68125,3AB4D20B06760894BF67B32495D97D60E76640FEA009E0F1C3F4C74D5DE97FDB
RAW_GRID_T100_S020_GATE90_TRIANGLE_V1_DAVID_CONTRA_EXTENSION__PROTECT_TRAIL_1Q_0_5Q,2019-12-16T00:00:00.000Z,28,897.419745,-937.56,-118.080121,-158.220376,-9.82481,-0.036087,9831.918727,9841.779624,-16.377121,10,5,5,15626,10685,105,60,97,13,2724.274306,F35C953ED601DCA944A82A0DDAE1AB0056726D1CD61F81D211AB01153C1E1305
RAW_GRID_T100_S020_GATE90_TRIANGLE_V1_DAVID_CONTRA_EXTENSION__PROTECT_TRAIL_1Q_0_5Q,2019-12-23T00:00:00.000Z,28,912.05128,-941.1,-119.357804,-148.406524,-11.746604,-0.131094,9839.715778,9851.593476,7.797051,21,7,14,15685,10696,105,60,97,13,2755.511111,5E8867BA88142F1589F908C9CB2A0666B87A393E4EE7CAF7CD4D0AC52600EECA
RAW_GRID_T100_S020_GATE90_TRIANGLE_V1_DAVID_CONTRA_EXTENSION__PROTECT_TRAIL_1Q_0_5Q,2019-12-30T00:00:00.000Z,28,968.829482,-963.48,-123.039849,-117.690367,-48.715472,-1.073527,9832.520634,9882.309633,-7.195144,31,31,0,16058,10924,105,60,97,13,2836.665278,CB2EEB3FEB5EAD4483BA680B5285D6971A1C96792CB097807A3A62EA7739254F
RAW_GRID_T100_S020_GATE90_TRIANGLE_V1_DAVID_CONTRA_EXTENSION__PROTECT_PROTECTED_FLATTEN_1Q,2019-04-14T23:00:00.000Z,28,5.964673,-12.36,-1.362741,-7.758068,0,0,9992.241932,9992.241932,-7.758068,0,0,0,206,130,6,5,6,5,28.945833,C4C0DF6C13522DAF74A858366301970C2CC66AEA2268CDEA8149824DA666AE18
RAW_GRID_T100_S020_GATE90_TRIANGLE_V1_DAVID_CONTRA_EXTENSION__PROTECT_PROTECTED_FLATTEN_1Q,2019-04-21T23:00:00.000Z,28,61.647294,-37.86,-4.084842,19.702452,-2.404123,-0.143914,10017.154415,10019.702452,24.912483,13,6,7,631,420,14,10,10,5,67.570833,CDADE9758B95151FF4D1CE46BD5658C0B2B0BB70CF7644CEA64355B1810966E6
RAW_GRID_T100_S020_GATE90_TRIANGLE_V1_DAVID_CONTRA_EXTENSION__PROTECT_PROTECTED_FLATTEN_1Q,2019-04-28T23:00:00.000Z,28,119.376827,-59.22,-6.351,53.805827,-49.92992,-0.116026,10003.759881,10053.805827,-13.394534,30,13,17,987,676,35,16,26,6,125.961111,6F423D9A3880EDA855FEDC0B0CCBD37390FD311EBF4DA24CE055114818996517
RAW_GRID_T100_S020_GATE90_TRIANGLE_V1_DAVID_CONTRA_EXTENSION__PROTECT_PROTECTED_FLATTEN_1Q,2019-05-05T23:00:00.000Z,28,103.864798,-99.6,-11.047168,-6.78237,-5.204407,-0.073195,9987.940028,9993.21763,-15.819853,18,14,4,1660,1227,45,27,26,8,227.207639,E07D22D17133BE00D330B475A559993D569DDC89B33195749E5400CD43D34890
RAW_GRID_T100_S020_GATE90_TRIANGLE_V1_DAVID_CONTRA_EXTENSION__PROTECT_PROTECTED_FLATTEN_1Q,2019-05-12T23:00:00.000Z,28,76.946864,-110.34,-16.588052,-49.981188,-4.72555,-0.287981,9945.005281,9950.018812,-42.934747,14,10,4,1839,1314,45,27,26,8,305.975694,F3614C71EB181584CA6D677F66881E3D602ACAA4CA5339DCD4C18C09D3551A9C
RAW_GRID_T100_S020_GATE90_TRIANGLE_V1_DAVID_CONTRA_EXTENSION__PROTECT_PROTECTED_FLATTEN_1Q,2019-05-19T23:00:00.000Z,28,149.318642,-130.32,-20.931516,-1.932874,-4.187777,0.000743,9993.880092,9998.067126,48.874811,11,3,8,2172,1563,45,27,26,8,372.93125,7533F840BD89A59FCBFD54AAB2B70BDE2BAFA9CCAE73E14A49CE158BCB9B4FF6
RAW_GRID_T100_S020_GATE90_TRIANGLE_V1_DAVID_CONTRA_EXTENSION__PROTECT_PROTECTED_FLATTEN_1Q,2019-05-26T23:00:00.000Z,28,231.773704,-148.5,-22.619224,60.65448,-42.240366,-0.517224,10017.89689,10060.65448,24.016798,22,16,6,2475,1771,45,27,26,8,422.575,C400EBB15107D7FD4B4634882E0FC319639E213A3FEF0B3D9BD25FABDE6F90DF
RAW_GRID_T100_S020_GATE90_TRIANGLE_V1_DAVID_CONTRA_EXTENSION__PROTECT_PROTECTED_FLATTEN_1Q,2019-06-02T23:00:00.000Z,28,299.482876,-179.58,-28.050563,91.852313,-25.669146,-0.117883,10066.065284,10091.852313,48.168394,32,19,13,2993,2138,45,27,26,8,513.13125,D5FEE11C23F069D60EE6148B0D3BFD0CC9EFB8CC8D6E8BEB65EB674BB6A2B852
RAW_GRID_T100_S020_GATE90_TRIANGLE_V1_DAVID_CONTRA_EXTENSION__PROTECT_PROTECTED_FLATTEN_1Q,2019-06-09T23:00:00.000Z,28,348.162909,-194.7,-33.231459,120.23145,-18.391827,-0.194358,10101.645265,10120.23145,35.579981,21,19,2,3245,2317,45,30,26,8,618.73125,C4A15D2919720F8FC9134BBAC4B8F7375BB9AD9333095AD48EE04542AB8C2BB3
RAW_GRID_T100_S020_GATE90_TRIANGLE_V1_DAVID_CONTRA_EXTENSION__PROTECT_PROTECTED_FLATTEN_1Q,2019-06-16T23:00:00.000Z,28,407.715668,-229.26,-41.118586,137.337082,-2.046491,-0.068895,10135.221696,10137.337082,33.576431,15,5,10,3821,2733,45,30,26,8,720.693056,56D84F847291B1F3F0F007A05CCD71D862FDB296B5767470E8F44BDC434CFC50
RAW_GRID_T100_S020_GATE90_TRIANGLE_V1_DAVID_CONTRA_EXTENSION__PROTECT_PROTECTED_FLATTEN_1Q,2019-06-23T23:00:00.000Z,28,416.633939,-247.26,-43.404464,125.969475,-2.427954,-0.004133,10123.537388,10125.969475,-11.684308,6,1,5,4121,2948,45,30,26,8,793.596528,18CC9C51A5D022C07109A71D5AE985FD22F0196AF86FDD403981519619107A7A
RAW_GRID_T100_S020_GATE90_TRIANGLE_V1_DAVID_CONTRA_EXTENSION__PROTECT_PROTECTED_FLATTEN_1Q,2019-06-30T23:00:00.000Z,28,384.997399,-255.84,-45.429371,83.728028,-3.851452,-0.05663,10079.819946,10083.728028,-43.717442,17,13,4,4264,3012,45,30,26,8,839.317361,B6E51F0E586A11EF025AF18F34A07BF77A4D0D891ADBF62B78483407C6D88B14
RAW_GRID_T100_S020_GATE90_TRIANGLE_V1_DAVID_CONTRA_EXTENSION__PROTECT_PROTECTED_FLATTEN_1Q,2019-07-07T23:00:00.000Z,28,442.694693,-262.74,-49.121244,130.833449,-12.613777,-0.143663,10118.076009,10130.833449,38.256063,12,12,0,4379,3083,45,30,26,8,896.902778,5F7E1EAF469B66DC3ADCE8AFB6A6FC06F2784338F8FAE54583ED48F9733F2F2D
RAW_GRID_T100_S020_GATE90_TRIANGLE_V1_DAVID_CONTRA_EXTENSION__PROTECT_PROTECTED_FLATTEN_1Q,2019-07-14T23:00:00.000Z,28,423.632163,-291.06,-53.852632,78.719531,0.893089,-0.036034,10079.576586,10078.719531,-38.499423,7,6,1,4851,3434,45,30,26,8,964.138194,04538B8E07161D92FE3CDFE18D8413F12195A83EA91C81C1B594A9E761D19EE9
RAW_GRID_T100_S020_GATE90_TRIANGLE_V1_DAVID_CONTRA_EXTENSION__PROTECT_PROTECTED_FLATTEN_1Q,2019-07-21T23:00:00.000Z,28,500.084067,-307.44,-56.4901,136.153967,-59.858063,-0.29288,10076.003024,10136.153967,-3.573562,36,19,17,5124,3610,45,30,26,8,1005.625,FDA0EE4DE974E63B8DF5145293B9D58D4763CBD82EB25F4FC885A4501993C1AA
RAW_GRID_T100_S020_GATE90_TRIANGLE_V1_DAVID_CONTRA_EXTENSION__PROTECT_PROTECTED_FLATTEN_1Q,2019-07-28T23:00:00.000Z,28,167.487364,-367.98,-65.543856,-266.036492,-158.121309,-1.213065,9574.629134,9733.963508,-501.37389,68,56,12,6133,4254,72,60,26,13,1171.095833,42871928EA08C00B44C54875BF564D5C8B974620638289A48E8B010D1F4C17C1
RAW_GRID_T100_S020_GATE90_TRIANGLE_V1_DAVID_CONTRA_EXTENSION__PROTECT_PROTECTED_FLATTEN_1Q,2019-08-04T23:00:00.000Z,28,313.489067,-449.88,-81.121704,-217.512637,6.156485,-0.034368,9788.60948,9782.487363,213.980346,8,6,2,7498,5410,72,60,26,13,1400.590278,1156508BC7AF2FB5CAF85C69D4AF38A3B4F0B6B8F1E16A8D2A297C18124CCC84
RAW_GRID_T100_S020_GATE90_TRIANGLE_V1_DAVID_CONTRA_EXTENSION__PROTECT_PROTECTED_FLATTEN_1Q,2019-08-11T23:00:00.000Z,28,387.03303,-468.3,-83.920205,-165.187175,8.907936,0.003647,9843.724408,9834.812825,55.114928,5,1,4,7805,5653,72,60,26,13,1443.961111,49BE4E9B4CECF459087164611396DF2CF44F805F6971381DDA6E38148317205C
RAW_GRID_T100_S020_GATE90_TRIANGLE_V1_DAVID_CONTRA_EXTENSION__PROTECT_PROTECTED_FLATTEN_1Q,2019-08-18T23:00:00.000Z,28,437.360665,-472.32,-84.298641,-119.257976,-3.760005,0.000167,9876.982186,9880.742024,33.257778,2,0,2,7872,5691,72,60,26,13,1468.867361,C334AB85853AF9E52FF7759D28E2D1544CF271C453D1C3047B3D475237E12A2C
RAW_GRID_T100_S020_GATE90_TRIANGLE_V1_DAVID_CONTRA_EXTENSION__PROTECT_PROTECTED_FLATTEN_1Q,2019-08-25T23:00:00.000Z,28,487.282398,-484.8,-85.731844,-83.249446,-12.68077,-0.129481,9903.940303,9916.750554,26.958117,6,4,2,8080,5825,72,60,26,13,1498.33125,DF6BF49D8E3EA2F75C06788339CFB1CD817513B5E3A0042F72127F18A7C3C825
RAW_GRID_T100_S020_GATE90_TRIANGLE_V1_DAVID_CONTRA_EXTENSION__PROTECT_PROTECTED_FLATTEN_1Q,2019-09-01T23:00:00.000Z,28,432.51769,-500.64,-87.385445,-155.507755,-11.751035,-0.0313,9832.70991,9844.492245,-71.230393,23,9,14,8344,5964,72,60,26,13,1556.209028,C0A9A5AFA1A424C3BDF5FE118089ADE924AB634D38B0E1E4A7ED7A3A9B29A381
RAW_GRID_T100_S020_GATE90_TRIANGLE_V1_DAVID_CONTRA_EXTENSION__PROTECT_PROTECTED_FLATTEN_1Q,2019-09-08T23:00:00.000Z,28,500.983688,-521.7,-89.162965,-109.879277,-97.842677,-0.081998,9792.196048,9890.120723,-40.513862,43,9,34,8695,6180,72,60,41,13,1648.250694,08AB82967789546688E02EAE6E822091A9D4F155A356C4271730D32FAFE10B96
RAW_GRID_T100_S020_GATE90_TRIANGLE_V1_DAVID_CONTRA_EXTENSION__PROTECT_PROTECTED_FLATTEN_1Q,2019-09-15T23:00:00.000Z,28,456.047887,-543.3,-91.532393,-178.784506,-20.216825,-0.229034,9800.769635,9821.215494,8.573587,15,13,2,9055,6441,72,60,41,13,1792.280556,2505DD678CC3C7A046D36DB1204CDD9E91E3E8AF0D80D1E357FF9A854EB67230
RAW_GRID_T100_S020_GATE90_TRIANGLE_V1_DAVID_CONTRA_EXTENSION__PROTECT_PROTECTED_FLATTEN_1Q,2019-09-22T23:00:00.000Z,28,516.94987,-560.88,-96.280308,-140.210438,-4.399971,-0.003736,9855.385855,9859.789562,54.61622,11,5,6,9348,6648,72,60,41,13,1854.593056,42833FDDF406931E2D7E1938ABCBD5C4E860BA5368592F3A232CA66820812FC3
RAW_GRID_T100_S020_GATE90_TRIANGLE_V1_DAVID_CONTRA_EXTENSION__PROTECT_PROTECTED_FLATTEN_1Q,2019-09-29T23:00:00.000Z,28,712.502171,-598.44,-99.5668,14.495371,-15.186944,-0.146755,9999.161672,10014.495371,143.775817,14,9,5,9974,7118,72,60,41,13,1932.433333,9AD1BCFFF5C8C4BE8569B677B25B42782EA4D1397D404C21C4FE3E590B1866D9
RAW_GRID_T100_S020_GATE90_TRIANGLE_V1_DAVID_CONTRA_EXTENSION__PROTECT_PROTECTED_FLATTEN_1Q,2019-10-06T23:00:00.000Z,28,633.640074,-631.2,-102.332829,-99.892755,-706.405748,0.149794,9193.851291,9900.107245,-805.310381,102,7,95,10520,7443,102,60,95,13,1999.921528,375C2FC4D17F55D36B228667D743206F7C4E091275F1AE2EC43D608804C8A20E
RAW_GRID_T100_S020_GATE90_TRIANGLE_V1_DAVID_CONTRA_EXTENSION__PROTECT_PROTECTED_FLATTEN_1Q,2019-10-13T23:00:00.000Z,28,559.441524,-685.98,-102.489245,-229.027721,1.649355,-0.010558,9772.611076,9770.972279,578.759785,6,3,3,11433,8148,104,60,97,13,2316.5875,4C2FFB0EA62EA513B5B4710B4CABE8078ABFC530EB3F764D87BF599C2B10584F
RAW_GRID_T100_S020_GATE90_TRIANGLE_V1_DAVID_CONTRA_EXTENSION__PROTECT_PROTECTED_FLATTEN_1Q,2019-10-20T23:00:00.000Z,28,579.712339,-690.72,-103.491585,-214.499246,-3.8958,-0.038396,9781.566558,9785.500754,8.955482,6,5,1,11512,8187,104,60,97,13,2345.604167,E58490E75E4EA5B31193E75E7CFAFFB5A68D9AC67BD0A0BE5C924618944E6535
RAW_GRID_T100_S020_GATE90_TRIANGLE_V1_DAVID_CONTRA_EXTENSION__PROTECT_PROTECTED_FLATTEN_1Q,2019-10-27T23:00:00.000Z,28,637.139616,-721.74,-105.650452,-190.250836,-11.68193,0.005147,9798.072381,9809.749164,16.505823,19,1,18,12029,8576,104,60,97,13,2397.971528,0F95481DD629142DFF0F7DF2F644D47B290B4208A6870BB88973199C4415ACBB
RAW_GRID_T100_S020_GATE90_TRIANGLE_V1_DAVID_CONTRA_EXTENSION__PROTECT_PROTECTED_FLATTEN_1Q,2019-11-04T00:00:00.000Z,28,573.554571,-739.68,-106.403818,-272.529247,-4.448353,-0.175045,9722.847355,9727.470753,-75.225026,14,12,2,12328,8765,104,60,97,13,2478.341667,65FF3B474A64F9BC55CD5C4A22404C441933D05EBB466FEE2027F534B69DD9DF
RAW_GRID_T100_S020_GATE90_TRIANGLE_V1_DAVID_CONTRA_EXTENSION__PROTECT_PROTECTED_FLATTEN_1Q,2019-11-11T00:00:00.000Z,28,596.860926,-754.98,-110.812435,-268.931509,-3.566488,0.017507,9727.51951,9731.068491,4.672155,12,0,12,12583,8931,104,60,97,13,2541.861111,2254E057FD2813B846899A05D18A0B3329561600C6F5D34B57E0BBCCC538578C
RAW_GRID_T100_S020_GATE90_TRIANGLE_V1_DAVID_CONTRA_EXTENSION__PROTECT_PROTECTED_FLATTEN_1Q,2019-11-18T00:00:00.000Z,28,702.846698,-776.58,-111.235353,-184.968655,-8.468606,-0.109639,9806.4531,9815.031345,78.93359,10,9,1,12943,9212,104,60,97,13,2600.9375,7EE7ED1AE9C77C6934BC1D58FA6B4D3C232C3D0D5926ABD6B3825012FDDC3B30
RAW_GRID_T100_S020_GATE90_TRIANGLE_V1_DAVID_CONTRA_EXTENSION__PROTECT_PROTECTED_FLATTEN_1Q,2019-11-25T00:00:00.000Z,28,718.022098,-789.96,-113.873174,-185.811076,-12.089274,0.001819,9802.101469,9814.188924,-4.351631,8,0,8,13166,9377,104,60,97,13,2645.206944,794B57865B82E2E16CA7BC06323490F0345BB208144D1C41087BECC6A53711BF
RAW_GRID_T100_S020_GATE90_TRIANGLE_V1_DAVID_CONTRA_EXTENSION__PROTECT_PROTECTED_FLATTEN_1Q,2019-12-02T00:00:00.000Z,28,728.63016,-821.58,-115.70003,-208.64987,-19.148996,-0.172307,9772.028827,9791.35013,-30.072642,22,14,8,13693,9736,104,60,97,13,2723.699306,704988E368B6BE5F9F2334472952B37D73A3FC3DD5FCDEEC53A2B8FB9685B4E7
RAW_GRID_T100_S020_GATE90_TRIANGLE_V1_DAVID_CONTRA_EXTENSION__PROTECT_PROTECTED_FLATTEN_1Q,2019-12-09T00:00:00.000Z,28,863.776252,-885.96,-119.574405,-141.758153,-20.901607,-0.027188,9837.313052,9858.241847,65.284225,23,20,3,14766,10594,104,60,97,13,2826.960417,9A3CF1190CA3DA9B5EC42EADD15A30498FB63FDB5315EBABFD535D5AB3464E31
RAW_GRID_T100_S020_GATE90_TRIANGLE_V1_DAVID_CONTRA_EXTENSION__PROTECT_PROTECTED_FLATTEN_1Q,2019-12-16T00:00:00.000Z,28,855.230427,-896.88,-126.313451,-167.963024,-9.82481,-0.036087,9822.176079,9832.036976,-15.136973,10,5,5,14948,10691,104,60,97,13,2913.884722,E9C22BCD2F6A621DCAD1B94CEBE6160D7345C50E392E474160AD1133AC32B2A2
RAW_GRID_T100_S020_GATE90_TRIANGLE_V1_DAVID_CONTRA_EXTENSION__PROTECT_PROTECTED_FLATTEN_1Q,2019-12-23T00:00:00.000Z,28,859.752287,-899.88,-127.552498,-167.680211,-12.111638,-0.12674,9820.081411,9832.319789,-2.094668,21,7,14,14998,10703,104,60,97,13,2947.410417,F8C3186CB4437E73D3AFA4962055B4ED8306DC3E4859DD45FA4B52796DA548E2
RAW_GRID_T100_S020_GATE90_TRIANGLE_V1_DAVID_CONTRA_EXTENSION__PROTECT_PROTECTED_FLATTEN_1Q,2019-12-30T00:00:00.000Z,28,918.645425,-921.9,-131.405974,-134.660549,-47.33547,-1.082506,9816.921475,9865.339451,-3.159936,31,31,0,15365,10938,104,60,97,13,3033.901389,B32069A1E383E601469E71D24692CD4378C983F68D38F259B469C01C000D2D8C
RAW_GRID_T100_S020_GATE90_TRIANGLE_V1_DAVID_CONTRA_EXTENSION__PROTECT_PROTECTED_FLATTEN_1Q_TRAIL_1Q,2019-04-14T23:00:00.000Z,28,11.008372,-12.96,-1.30714,-3.258768,-0.010001,-0.181744,9996.549487,9996.741232,-3.450513,2,2,0,216,131,8,7,6,5,28.2625,7507216B2FFD604F6A8215D4063FEF185E7405E1DC1B1C1DF2B6FB8374364C32
RAW_GRID_T100_S020_GATE90_TRIANGLE_V1_DAVID_CONTRA_EXTENSION__PROTECT_PROTECTED_FLATTEN_1Q_TRAIL_1Q,2019-04-21T23:00:00.000Z,28,56.521993,-39.36,-4.846126,12.315867,-1.765526,-0.148449,10010.401892,10012.315867,13.852405,12,6,6,656,425,13,10,9,5,76.185417,A459174A1370245D3E12522A5CA95681BA36A7373B2104DE1988DD39B4525F80
RAW_GRID_T100_S020_GATE90_TRIANGLE_V1_DAVID_CONTRA_EXTENSION__PROTECT_PROTECTED_FLATTEN_1Q_TRAIL_1Q,2019-04-28T23:00:00.000Z,28,112.055254,-61.02,-7.149154,43.8861,-49.92992,-0.116026,9993.840154,10043.8861,-16.561738,30,13,17,1017,679,34,16,25,6,130.6625,5E79199F96EB233CD3F0B293CECD19D41822CAFB9C47FABFE132BBC7FC60342D
RAW_GRID_T100_S020_GATE90_TRIANGLE_V1_DAVID_CONTRA_EXTENSION__PROTECT_PROTECTED_FLATTEN_1Q_TRAIL_1Q,2019-05-05T23:00:00.000Z,28,93.98435,-105.96,-11.809817,-23.785467,-6.961369,-0.047404,9969.20576,9976.214533,-24.634394,15,11,4,1766,1282,42,24,26,8,231.9,3D224707D1AF92CFFD513BB17AFB5F3A8801BA86B73480B0D4EBE2834234CE63
RAW_GRID_T100_S020_GATE90_TRIANGLE_V1_DAVID_CONTRA_EXTENSION__PROTECT_PROTECTED_FLATTEN_1Q_TRAIL_1Q,2019-05-12T23:00:00.000Z,28,74.950746,-117.36,-16.612664,-59.021918,-6.578715,-0.2938,9934.105567,9940.978082,-35.100193,11,10,1,1956,1369,42,24,26,8,302.532639,DEF301CB5D9B35E09B538D95837F4AC9D5D1829863BBA519B5305E3BDEE979EE
RAW_GRID_T100_S020_GATE90_TRIANGLE_V1_DAVID_CONTRA_EXTENSION__PROTECT_PROTECTED_FLATTEN_1Q_TRAIL_1Q,2019-05-19T23:00:00.000Z,28,150.517671,-137.76,-21.04794,-8.290269,-4.187777,0.000743,9987.522697,9991.709731,53.41713,11,3,8,2296,1618,42,24,26,8,362.129167,64AD69AB13E69604531B725111EF7A67F85384DA4BC163BA7720302588435385
RAW_GRID_T100_S020_GATE90_TRIANGLE_V1_DAVID_CONTRA_EXTENSION__PROTECT_PROTECTED_FLATTEN_1Q_TRAIL_1Q,2019-05-26T23:00:00.000Z,28,244.158155,-159.72,-22.955431,61.482724,-35.001537,-0.351846,10026.129341,10061.482724,38.606644,23,17,6,2662,1856,42,24,26,8,413.807639,99B61E7C5DA4D486C71294913D84B976F5831C22DBFEDE23FEB3621291EE5AA1
RAW_GRID_T100_S020_GATE90_TRIANGLE_V1_DAVID_CONTRA_EXTENSION__PROTECT_PROTECTED_FLATTEN_1Q_TRAIL_1Q,2019-06-02T23:00:00.000Z,28,324.138893,-191.46,-28.440219,104.238674,-26.104253,-0.103427,10078.030994,10104.238674,51.901653,31,18,13,3191,2223,42,26,26,8,504.909028,778056A9C0A459F60F78BA83DBB556541D0C341A3C097545084227F0EFDA13D2
RAW_GRID_T100_S020_GATE90_TRIANGLE_V1_DAVID_CONTRA_EXTENSION__PROTECT_PROTECTED_FLATTEN_1Q_TRAIL_1Q,2019-06-09T23:00:00.000Z,28,366.917398,-206.88,-33.321435,126.715963,-18.391827,-0.194358,10108.129778,10126.715963,30.098784,21,19,2,3448,2400,42,29,26,8,607.240972,97B7FD79B43C63739416EFB620153D3B6615591A83F773F48C64045A9262DBD6
RAW_GRID_T100_S020_GATE90_TRIANGLE_V1_DAVID_CONTRA_EXTENSION__PROTECT_PROTECTED_FLATTEN_1Q_TRAIL_1Q,2019-06-16T23:00:00.000Z,28,421.008304,-243.12,-41.273913,136.614391,-2.352888,-0.069832,10134.191671,10136.614391,26.061893,15,5,10,4052,2820,42,29,26,8,709.857639,B875ED44F55F27EDEA0AC9C2698657BF56F7D26EB118126E9CA710E2BF52945C
RAW_GRID_T100_S020_GATE90_TRIANGLE_V1_DAVID_CONTRA_EXTENSION__PROTECT_PROTECTED_FLATTEN_1Q_TRAIL_1Q,2019-06-23T23:00:00.000Z,28,428.479127,-262.74,-43.599557,122.13957,-2.427954,-0.004133,10119.707483,10122.13957,-14.484188,6,1,5,4379,3040,42,29,26,8,782.160417,9008EE3895D59AAC6296E68982964FE8337EAA12FBE062D1C902A5316781B8F3
RAW_GRID_T100_S020_GATE90_TRIANGLE_V1_DAVID_CONTRA_EXTENSION__PROTECT_PROTECTED_FLATTEN_1Q_TRAIL_1Q,2019-06-30T23:00:00.000Z,28,389.684704,-271.8,-45.561805,72.322899,-3.851452,-0.05663,10068.414817,10072.322899,-51.292666,17,13,4,4530,3104,42,29,26,8,827.197917,B2DBBA182E1BD5B188ED98F0FEAD2F28308DF7850D4BF0236C0E17A4E5360781
RAW_GRID_T100_S020_GATE90_TRIANGLE_V1_DAVID_CONTRA_EXTENSION__PROTECT_PROTECTED_FLATTEN_1Q_TRAIL_1Q,2019-07-07T23:00:00.000Z,28,443.405345,-278.82,-49.258006,115.327339,-11.66988,-0.110486,10103.546973,10115.327339,35.132156,11,11,0,4647,3174,42,29,26,8,884.830556,2859C979C9E81B87CBC7609FAE4C7C08CABF1A2C8B86C3F255273B3960AB84F4
RAW_GRID_T100_S020_GATE90_TRIANGLE_V1_DAVID_CONTRA_EXTENSION__PROTECT_PROTECTED_FLATTEN_1Q_TRAIL_1Q,2019-07-14T23:00:00.000Z,28,424.176068,-307.56,-53.709971,62.906097,0.893089,-0.036034,10063.763152,10062.906097,-39.783821,7,6,1,5126,3525,42,29,26,8,949.018056,F4B94EE3E3FCD90564CF58319734061A85AC0DF14B3DF019B30010DACD020D7A
RAW_GRID_T100_S020_GATE90_TRIANGLE_V1_DAVID_CONTRA_EXTENSION__PROTECT_PROTECTED_FLATTEN_1Q_TRAIL_1Q,2019-07-21T23:00:00.000Z,28,507.673809,-324.24,-56.276895,127.156914,-59.858063,-0.29288,10067.005971,10127.156914,3.242819,36,19,17,5404,3702,42,29,26,8,990.334722,2BD62380735090C95DA8F6B8219D0B38D948342CE09F8429A6FD794227F85FE1
RAW_GRID_T100_S020_GATE90_TRIANGLE_V1_DAVID_CONTRA_EXTENSION__PROTECT_PROTECTED_FLATTEN_1Q_TRAIL_1Q,2019-07-28T23:00:00.000Z,28,167.762544,-385.68,-65.318178,-283.235634,-158.121309,-1.213065,9557.429992,9716.764366,-509.575979,68,56,12,6428,4346,72,60,26,13,1157.095139,E212CAB699C741F8FA3F8B6A10DA522994077B026EB08F22E6F6A70956886A51
RAW_GRID_T100_S020_GATE90_TRIANGLE_V1_DAVID_CONTRA_EXTENSION__PROTECT_PROTECTED_FLATTEN_1Q_TRAIL_1Q,2019-08-04T23:00:00.000Z,28,323.081861,-469.02,-80.892107,-226.830246,6.156485,-0.034368,9779.291871,9773.169754,221.861879,8,6,2,7817,5509,72,60,26,13,1386.642361,45530EFD9062F3578E47CEEC424547D72F9CF2D1050CAE3C71055211ECC3DD3F
RAW_GRID_T100_S020_GATE90_TRIANGLE_V1_DAVID_CONTRA_EXTENSION__PROTECT_PROTECTED_FLATTEN_1Q_TRAIL_1Q,2019-08-11T23:00:00.000Z,28,386.109398,-487.68,-83.670573,-185.241175,8.907936,0.003647,9823.670408,9814.758825,44.378537,5,1,4,8128,5752,72,60,26,13,1429.657639,538814A01DC7263468DA0BEDB0153E99DB1539E05D821358F51EC5BF2DC47A3E
RAW_GRID_T100_S020_GATE90_TRIANGLE_V1_DAVID_CONTRA_EXTENSION__PROTECT_PROTECTED_FLATTEN_1Q_TRAIL_1Q,2019-08-18T23:00:00.000Z,28,433.196618,-492.18,-83.99272,-142.976102,-3.760005,0.000167,9853.26406,9857.023898,29.593652,2,0,2,8203,5790,72,60,26,13,1453.864583,B4FFBDBBA64B01BB4F8CF1431524F7EBF22D7E2D8B51D935A0F3D48259D3581E
RAW_GRID_T100_S020_GATE90_TRIANGLE_V1_DAVID_CONTRA_EXTENSION__PROTECT_PROTECTED_FLATTEN_1Q_TRAIL_1Q,2019-08-25T23:00:00.000Z,28,486.780209,-505.32,-85.354579,-103.89437,-12.68077,-0.129481,9883.295379,9896.10563,30.031319,6,4,2,8422,5925,72,60,26,13,1483.280556,7FCF5EDB877C02F3D14D343A34B6BAB7CA7DF872E105F84354A909F8584BFC90
RAW_GRID_T100_S020_GATE90_TRIANGLE_V1_DAVID_CONTRA_EXTENSION__PROTECT_PROTECTED_FLATTEN_1Q_TRAIL_1Q,2019-09-01T23:00:00.000Z,28,424.01953,-521.58,-86.99131,-184.55178,-12.68462,-0.032383,9802.731217,9815.44822,-80.564162,22,9,13,8693,6057,72,60,26,13,1543.706944,1287F13778FE7B2BB300F3C5D5214726C80538ED9ACDF3A9502500E184802BBF
RAW_GRID_T100_S020_GATE90_TRIANGLE_V1_DAVID_CONTRA_EXTENSION__PROTECT_PROTECTED_FLATTEN_1Q_TRAIL_1Q,2019-09-08T23:00:00.000Z,28,495.317222,-543.12,-88.64103,-136.443808,-97.842677,-0.081998,9765.631517,9863.556192,-37.0997,43,9,34,9052,6273,72,60,41,13,1631.727083,230417F0BCEE92088662CF0E7712196D1963EF07A3DC3349D593465E024695EF
RAW_GRID_T100_S020_GATE90_TRIANGLE_V1_DAVID_CONTRA_EXTENSION__PROTECT_PROTECTED_FLATTEN_1Q_TRAIL_1Q,2019-09-15T23:00:00.000Z,28,449.714653,-566.7,-90.967457,-207.952804,-20.216825,-0.229034,9771.601337,9792.047196,5.96982,15,13,2,9445,6545,72,60,41,13,1775.2125,14951C932ABA82B647B826CA4759D4E9FB48D7026CA95238D1E9836E61801C50
RAW_GRID_T100_S020_GATE90_TRIANGLE_V1_DAVID_CONTRA_EXTENSION__PROTECT_PROTECTED_FLATTEN_1Q_TRAIL_1Q,2019-09-22T23:00:00.000Z,28,512.314653,-584.76,-95.629565,-168.074912,-4.399971,-0.003736,9827.521381,9831.925088,55.920044,11,5,6,9746,6752,72,60,41,13,1836.634722,06C2B30F8DA7CC3E86F9B55949692041EF2F0F6A4BFCE32A7D67493871EF5ADD
RAW_GRID_T100_S020_GATE90_TRIANGLE_V1_DAVID_CONTRA_EXTENSION__PROTECT_PROTECTED_FLATTEN_1Q_TRAIL_1Q,2019-09-29T23:00:00.000Z,28,695.769349,-624.66,-98.875719,-27.76637,-15.186944,-0.146755,9956.899931,9972.23363,129.37855,14,9,5,10411,7241,72,60,41,13,1914.617361,B9ECB7CF6D16516C7877109000C4F4981223DB533FEC6F56F83505EF1678B3FC
RAW_GRID_T100_S020_GATE90_TRIANGLE_V1_DAVID_CONTRA_EXTENSION__PROTECT_PROTECTED_FLATTEN_1Q_TRAIL_1Q,2019-10-06T23:00:00.000Z,28,616.071466,-658.26,-101.626737,-143.815271,-705.549599,0.144636,9150.779766,9856.184729,-806.120165,103,8,95,10971,7566,103,60,95,13,1981.939583,850EB568ABF76D7F3F508FDD662D58E1D5EA42DDE1C53BA2572711713C24F5D4
RAW_GRID_T100_S020_GATE90_TRIANGLE_V1_DAVID_CONTRA_EXTENSION__PROTECT_PROTECTED_FLATTEN_1Q_TRAIL_1Q,2019-10-13T23:00:00.000Z,28,514.886289,-715.26,-101.99214,-302.365851,1.649355,-0.010558,9699.272946,9697.634149,548.49318,6,3,3,11921,8276,105,60,97,13,2299.636111,7370338BCFD4171A70D0F36BFC05805DE868C9D098A2F9B44D45FF388AC01274
RAW_GRID_T100_S020_GATE90_TRIANGLE_V1_DAVID_CONTRA_EXTENSION__PROTECT_PROTECTED_FLATTEN_1Q_TRAIL_1Q,2019-10-20T23:00:00.000Z,28,535.157104,-720,-102.994479,-287.837375,-3.8958,-0.038396,9708.228429,9712.162625,8.955483,6,5,1,12000,8315,105,60,97,13,2328.652778,9AB27B65C393891074EB263D8D63344E712BD39B5807FB73E28CD676D10F76EE
RAW_GRID_T100_S020_GATE90_TRIANGLE_V1_DAVID_CONTRA_EXTENSION__PROTECT_PROTECTED_FLATTEN_1Q_TRAIL_1Q,2019-10-27T23:00:00.000Z,28,587.034986,-751.56,-105.153363,-269.678377,-9.766599,0.002994,9720.558018,9730.321623,12.329589,19,1,18,12526,8704,105,60,97,13,2380.729167,D4F17A4C8F3B9E8BA40D853BE696B741537739A3CBAED2B7AD5E5A8CD09CE1F1
RAW_GRID_T100_S020_GATE90_TRIANGLE_V1_DAVID_CONTRA_EXTENSION__PROTECT_PROTECTED_FLATTEN_1Q_TRAIL_1Q,2019-11-04T00:00:00.000Z,28,524.606289,-770.34,-105.908861,-351.642572,-4.448353,-0.175045,9643.73403,9648.357428,-76.823988,14,12,2,12839,8896,105,60,97,13,2461.429861,37AAE040DA2929C814DEEC2FCEFD615FE7EF7AFC20C730D7D95236C151381A03
RAW_GRID_T100_S020_GATE90_TRIANGLE_V1_DAVID_CONTRA_EXTENSION__PROTECT_PROTECTED_FLATTEN_1Q_TRAIL_1Q,2019-11-11T00:00:00.000Z,28,550.895941,-786.18,-110.242159,-345.526218,-3.145631,0.009174,9651.337325,9654.473782,7.603295,9,0,9,13103,9062,105,60,97,13,2525.044444,E52FC400A3D4BBF4A286EB360560C283ED22E887AE6668044C90C884F4886B2A
RAW_GRID_T100_S020_GATE90_TRIANGLE_V1_DAVID_CONTRA_EXTENSION__PROTECT_PROTECTED_FLATTEN_1Q_TRAIL_1Q,2019-11-18T00:00:00.000Z,28,662.753407,-809.04,-110.748767,-257.03536,-8.589014,-0.104991,9734.270635,9742.96464,82.93331,10,9,1,13484,9346,105,60,97,13,2575.109028,39EA27A062B2EB97663DDFAD79713364556A6FD5192C98EC8AC6B6B378B11F20
RAW_GRID_T100_S020_GATE90_TRIANGLE_V1_DAVID_CONTRA_EXTENSION__PROTECT_PROTECTED_FLATTEN_1Q_TRAIL_1Q,2019-11-25T00:00:00.000Z,28,689.940834,-823.2,-113.40103,-246.660196,-12.089274,0.001819,9741.252349,9753.339804,6.981714,8,0,8,13720,9511,105,60,97,13,2619.509028,6CA8F0B61D898B220C9BEB850D5AB5B1EF623AC0895A44491D2AD3BA01416A3F
RAW_GRID_T100_S020_GATE90_TRIANGLE_V1_DAVID_CONTRA_EXTENSION__PROTECT_PROTECTED_FLATTEN_1Q_TRAIL_1Q,2019-12-02T00:00:00.000Z,28,697.494535,-855.78,-115.347343,-273.632808,-18.281642,-0.173306,9707.912244,9726.367192,-33.340105,21,14,7,14263,9870,105,60,97,13,2699.467361,36F88BE54DC6EB42E3D96A99525C2B00BA31E71766ABACCB2C613C7F8B8A26AC
RAW_GRID_T100_S020_GATE90_TRIANGLE_V1_DAVID_CONTRA_EXTENSION__PROTECT_PROTECTED_FLATTEN_1Q_TRAIL_1Q,2019-12-09T00:00:00.000Z,28,839.323723,-921.36,-119.24866,-201.284937,-20.901607,-0.027188,9777.786268,9798.715063,69.874024,23,20,3,15356,10738,105,60,97,13,2800.754861,2038A64EF7671ABE51D31DD0ADC3470ABCCA5AE8FFA6F3CF5607B14D45FFB138
RAW_GRID_T100_S020_GATE90_TRIANGLE_V1_DAVID_CONTRA_EXTENSION__PROTECT_PROTECTED_FLATTEN_1Q_TRAIL_1Q,2019-12-16T00:00:00.000Z,28,830.215392,-932.64,-125.953255,-228.377863,-9.82481,-0.036087,9761.76124,9771.622137,-16.025028,10,5,5,15544,10836,105,60,97,13,2887.303472,2E69FEF63E7045F297A9B77F40A750FF1D617BFEBBBC2F7FD89992523CF57946
RAW_GRID_T100_S020_GATE90_TRIANGLE_V1_DAVID_CONTRA_EXTENSION__PROTECT_PROTECTED_FLATTEN_1Q_TRAIL_1Q,2019-12-23T00:00:00.000Z,28,834.869239,-936.18,-127.28029,-228.591051,-11.08954,-0.131219,9760.18819,9771.408949,-1.57305,21,7,14,15603,10848,105,60,97,13,2922.235417,BEB46E51594A1640C58241E35870BD8C7BC2C47F4922CC009A5F207395B96F7C
RAW_GRID_T100_S020_GATE90_TRIANGLE_V1_DAVID_CONTRA_EXTENSION__PROTECT_PROTECTED_FLATTEN_1Q_TRAIL_1Q,2019-12-30T00:00:00.000Z,28,891.708786,-958.62,-131.073466,-197.98468,-48.715472,-1.073527,9752.226321,9802.01532,-7.961869,31,31,0,15977,11080,105,60,97,13,3007.475,DF0BF2176A85F5E3F7B06D1955C9BFE5D67FC847477A80704B69C34746CEF10C
RAW_GRID_T100_S020_GATE90_DAVID_CONTRA,2019-04-14T23:00:00.000Z,28,42.919853,-24.36,-4.320251,14.239602,17.365522,-0.321179,10031.283945,10014.239602,31.283945,8,5,3,406,191,17,10,12,8,80.66875,38372353FD264678B3ED72F2555039C31AADEDECBED89F3A6802EC506F75A46C
RAW_GRID_T100_S020_GATE90_DAVID_CONTRA,2019-04-21T23:00:00.000Z,28,83.980103,-64.38,-14.777025,4.823078,-3.90033,-0.181724,10000.741024,10004.823078,-30.542921,25,12,13,1073,456,31,18,23,10,251.788889,60B60499640D8F2383F94056532507318B3984CCFCAB4C0CB46B7F7A62BB98E3
RAW_GRID_T100_S020_GATE90_DAVID_CONTRA,2019-04-28T23:00:00.000Z,28,138.62918,-100.62,-20.456699,17.552481,-108.009438,-0.298271,9909.244772,10017.552481,-91.496252,59,24,35,1677,736,62,27,42,11,405.361111,03005FB5AD7B09EBE4879883DF4FEA2FC8B9EB6E6C655401F7DF87070AACB949
RAW_GRID_T100_S020_GATE90_DAVID_CONTRA,2019-05-05T23:00:00.000Z,28,309.525646,-145.02,-31.281714,133.223932,-17.971101,-0.140423,10115.112408,10133.223932,205.867636,30,24,6,2417,1135,74,40,45,11,639.654861,5D0FB5D8689DE0428B9917097C0BA1709B63124EC786197727C37EC6E89D89C0
RAW_GRID_T100_S020_GATE90_DAVID_CONTRA,2019-05-12T23:00:00.000Z,28,274.146781,-179.58,-45.960621,48.60616,-40.108599,-0.583338,10007.914223,10048.60616,-107.198185,36,29,7,2993,1359,74,40,45,11,840.118056,2781C1D4DA6C3CE51A57A9CB85B013D17017E1F88B4DEEB5BAC02AB2CF53F2D2
RAW_GRID_T100_S020_GATE90_DAVID_CONTRA,2019-05-19T23:00:00.000Z,28,332.021175,-212.64,-61.265407,58.115768,-8.702804,-0.135303,10049.277661,10058.115768,41.363438,25,12,13,3544,1592,74,40,45,11,1055.298611,F63480A265C18863FCA293A7C603C2AC683AA15DC195A50A3195119FBD164436
RAW_GRID_T100_S020_GATE90_DAVID_CONTRA,2019-05-26T23:00:00.000Z,28,628.842489,-248.1,-67.479645,313.262844,-194.645568,-2.00518,10116.612096,10313.262844,67.334435,66,56,10,4135,1883,74,56,45,11,1197.083333,3FB22C94F4B4839176291D1A52922BF019E53D15F1A37C27CB06E647DCD016E8
RAW_GRID_T100_S020_GATE90_DAVID_CONTRA,2019-06-02T23:00:00.000Z,28,691.16689,-294.66,-85.873667,310.633223,-34.303913,-0.149489,10276.179821,10310.633223,159.567725,52,22,30,4911,2276,74,64,45,11,1464.247222,CDFBFBEC4E3F77093223C980BABA431F47831204CC4BD477D53BE36B669F628A
RAW_GRID_T100_S020_GATE90_DAVID_CONTRA,2019-06-09T23:00:00.000Z,28,820.386404,-326.58,-95.447853,398.358551,-80.764619,-1.207865,10316.386067,10398.358551,40.206246,50,44,6,5443,2524,74,64,45,11,1694.394444,B371D06D1310CC19576C76674F830C9D55CC3117C511E25DDE1DC290BCE384DF
RAW_GRID_T100_S020_GATE90_DAVID_CONTRA,2019-06-16T23:00:00.000Z,28,873.422619,-368.22,-113.997907,391.204712,-18.791525,-0.106423,10372.306764,10391.204712,55.920697,28,11,17,6137,2838,74,64,45,11,1940.023611,19C86EA83408F791A4F892CA535DFC4911AFC1EA25B9D44011EBC3CC9BE29C66
RAW_GRID_T100_S020_GATE90_DAVID_CONTRA,2019-06-23T23:00:00.000Z,28,888.644253,-406.62,-120.435906,361.588347,-24.859631,-0.019849,10336.708867,10361.588347,-35.597897,31,8,23,6777,3154,74,64,45,11,2134.344444,056DA34DA12B7530877F3A8623481717E0B16EE685914CAAF2CF76885EC5AB55
RAW_GRID_T100_S020_GATE90_DAVID_CONTRA,2019-06-30T23:00:00.000Z,28,835.964913,-433.26,-126.109016,276.595897,-58.324257,-0.319194,10217.952446,10276.595897,-118.756421,47,33,14,7221,3356,74,64,45,11,2304.640972,9E635A4F2ABEFE1D5FD1ECE69E2103727A52E18841338C5DDB2CF301E8034B98
RAW_GRID_T100_S020_GATE90_DAVID_CONTRA,2019-07-07T23:00:00.000Z,28,963.863071,-461.22,-137.82034,364.822731,-41.359727,-0.405798,10323.057206,10364.822731,105.10476,34,28,6,7687,3591,74,64,45,11,2506.895833,BE23710FE24F5F72B066B748DDCE4DCA3664583A52CFB5FCA8B13886003FE58B
RAW_GRID_T100_S020_GATE90_DAVID_CONTRA,2019-07-14T23:00:00.000Z,28,846.960293,-502.08,-150.930829,193.949464,-24.548058,-0.367237,10169.034169,10193.949464,-154.023037,27,26,1,8368,3904,74,64,45,11,2727.794444,1D49312578579382CA4CA9933FD37F77B400A4766C05E1A853541D7D37A82BBC
RAW_GRID_T100_S020_GATE90_DAVID_CONTRA,2019-07-21T23:00:00.000Z,28,1057.79229,-537.84,-163.142425,356.809865,-80.926812,-0.823584,10275.059469,10356.809865,106.0253,64,41,23,8964,4180,74,64,45,11,2890.586806,B01E3E718122A8B16C6B797E54454F587A01B8F17642038E2904ED6C3893ED94
RAW_GRID_T100_S020_GATE90_DAVID_CONTRA,2019-07-28T23:00:00.000Z,28,172.884635,-604.5,-183.155993,-614.771358,-143.882264,-1.270827,9240.075551,9385.228642,-1034.983918,68,60,8,10075,4582,78,67,45,21,3221.265278,849524364AC84B99F8E8CB0B6CD0DD2E3A9D27E410A11346720C177A25286BF2
RAW_GRID_T100_S020_GATE90_DAVID_CONTRA,2019-08-04T23:00:00.000Z,28,616.296047,-661.68,-202.799855,-248.183808,-17.137936,-0.384522,9734.293734,9751.816192,494.218183,25,22,3,11028,5037,78,69,45,21,3512.477778,EABA7938487D6FB301DB02260275B7332003D40BE58387B3D5BDFDF7ADF5AA91
RAW_GRID_T100_S020_GATE90_DAVID_CONTRA,2019-08-11T23:00:00.000Z,28,924.798799,-690.6,-213.042375,21.156424,-1.145,-0.034397,10019.977027,10021.156424,285.683293,27,5,22,11510,5302,78,69,45,21,3652.655556,A37433B98C3C759B1BC29FE93AA3507125EBABFF055D5ED81AE747F818DF6E18
RAW_GRID_T100_S020_GATE90_DAVID_CONTRA,2019-08-18T23:00:00.000Z,28,993.71096,-713.34,-216.686909,63.684051,-5.465566,-0.001639,10058.216846,10063.684051,38.239819,5,1,4,11889,5505,78,69,45,21,3807.599306,7E40037827EAB97BA1DBE01169D0AA1B5923CD8B6D6BCDB25035C7218D725F52
RAW_GRID_T100_S020_GATE90_DAVID_CONTRA,2019-08-25T23:00:00.000Z,28,1349.234358,-745.44,-221.646832,382.147526,-28.379872,-0.147584,10353.62007,10382.147526,295.403224,24,15,9,12424,5795,78,69,45,21,3906.834028,750CF4BB8D024E9EBC8CD2DEBC547BFA40D7AEE321C9C784B224AE6E26D62140
RAW_GRID_T100_S020_GATE90_DAVID_CONTRA,2019-09-01T23:00:00.000Z,28,1385.303616,-781.62,-228.847048,374.836568,-124.938786,-0.435622,10249.46216,10374.836568,-104.15791,67,24,43,13027,6029,78,69,50,21,4083.538194,67E1D0E17F3F471583F7A4A62A860E75C7AE6A4A1EE3556BE2C7D13DE24E573C
RAW_GRID_T100_S020_GATE90_DAVID_CONTRA,2019-09-08T23:00:00.000Z,28,1505.580964,-821.04,-234.743784,449.79718,-167.212435,-0.131472,10282.453273,10449.79718,32.991113,70,14,56,13684,6304,86,69,75,21,4367.374306,E468A373502C1C55313652AC5FC5BE330EF4A70EF078ADC6DAF2D63E616D0019
RAW_GRID_T100_S020_GATE90_DAVID_CONTRA,2019-09-15T23:00:00.000Z,28,1452.09882,-858.42,-239.354643,354.324177,-42.871545,-0.512258,10310.940374,10354.324177,28.487101,40,32,8,14307,6594,86,69,75,21,4658.197222,C320ED27D930B82A8ABDAED635AAEFCBC5D15474D7F2C5CDFF688D2219FB4CBD
RAW_GRID_T100_S020_GATE90_DAVID_CONTRA,2019-09-22T23:00:00.000Z,28,1687.098008,-890.52,-252.623562,543.954446,-7.200126,-0.00564,10536.74868,10543.954446,225.808306,20,9,11,14842,6877,86,69,75,21,4839.967361,0854E9A5BE098CA8AF1CAD0EB815F28F426CF75BB63F5416F804F667D814BD87
RAW_GRID_T100_S020_GATE90_DAVID_CONTRA,2019-09-29T23:00:00.000Z,28,1903.870077,-933.84,-261.070633,708.959444,-24.785584,-0.250108,10683.923752,10708.959444,147.175072,24,15,9,15564,7180,86,69,75,21,5024.054167,59A74FC4E1AC8A8B15DAC3A77F560D24AC87DE6775CBD453EB1A542A912BD2CC
RAW_GRID_T100_S020_GATE90_DAVID_CONTRA,2019-10-06T23:00:00.000Z,28,1842.594581,-979.32,-267.372289,595.902292,-760.950779,0.185161,9835.136674,10595.902292,-848.787078,128,11,117,16322,7474,128,69,117,21,5195.552083,4AF10BC2DFF6535B5520AC8EABCC42D8C38997224231344D5ED797DBA1EE4455
RAW_GRID_T100_S020_GATE90_DAVID_CONTRA,2019-10-13T23:00:00.000Z,28,1901.744707,-1026.24,-269.352203,606.152504,-11.189135,0.064958,10595.028327,10606.152504,759.891653,27,4,23,17104,7818,131,69,119,21,5638.510417,60FAD11B08E64E780AECAA8C6DCDA123013B11AA588CDA0080B5D6F7BE99E9F8
RAW_GRID_T100_S020_GATE90_DAVID_CONTRA,2019-10-20T23:00:00.000Z,28,2041.652718,-1050.18,-271.142422,720.330296,-10.372245,-0.159208,10709.798843,10720.330296,114.770516,17,10,7,17503,8020,131,69,119,21,5796.403472,BCA200462A04AD79C9A75F7B18CBA14FE3F9B223C84C0BE3EE0EF9666499CFF8
RAW_GRID_T100_S020_GATE90_DAVID_CONTRA,2019-10-27T23:00:00.000Z,28,2141.251159,-1091.76,-275.503156,773.988003,-22.287373,-0.001521,10751.699109,10773.988003,41.900266,35,4,31,18196,8349,131,69,119,21,5955.3375,7BF71585FF953648E59014C34890833ADED81ED7F0EE123D20715162B6487CCA
RAW_GRID_T100_S020_GATE90_DAVID_CONTRA,2019-11-04T00:00:00.000Z,28,2366.911134,-1127.22,-278.605025,961.086109,-17.435327,-0.313758,10943.337024,10961.086109,191.637915,27,25,2,18787,8631,131,69,119,21,6147.520833,194712DBAB50482C5A0140ECC3072C26E241D98D0E50F639FC4A721BE1DFC26F
RAW_GRID_T100_S020_GATE90_DAVID_CONTRA,2019-11-11T00:00:00.000Z,28,2438.645706,-1159.92,-291.063628,987.662078,-18.045498,0.039979,10969.656559,10987.662078,26.319535,21,0,21,19332,8907,131,69,119,21,6325.297917,679CCE6EEC57D317FA67FFE34954E102D9EC1986C2646F971DD11CF082DDEE28
RAW_GRID_T100_S020_GATE90_DAVID_CONTRA,2019-11-18T00:00:00.000Z,28,2649.308558,-1195.32,-292.79606,1161.192498,-10.755945,-0.173675,11150.262878,11161.192498,180.606319,22,17,5,19922,9202,131,69,119,21,6470.163194,39B0D7C64AE49CA1AAB4FBCAC17D38A993A081A3DF56B9F80407D873CC37CB62
RAW_GRID_T100_S020_GATE90_DAVID_CONTRA,2019-11-25T00:00:00.000Z,28,2713.54679,-1223.04,-299.472837,1191.033953,-30.287169,-0.007467,11160.739317,11191.033953,10.476439,29,6,23,20384,9455,131,69,119,21,6609.334028,0D43BE16A6DB0F8A78D8BB4A64411D1EF167BA1DB9030EFC4CEE6156AD68C4B7
RAW_GRID_T100_S020_GATE90_DAVID_CONTRA,2019-12-02T00:00:00.000Z,28,2639.082224,-1265.28,-304.218129,1069.584095,-62.940768,-0.491657,11006.15167,11069.584095,-154.587647,52,34,18,21088,9739,131,69,119,21,6809.851389,DE01CA1BBDE6461D68C96E31349C73205FB6B951DAEBE3CCD85CD3C788543B24
RAW_GRID_T100_S020_GATE90_DAVID_CONTRA,2019-12-09T00:00:00.000Z,28,2934.118467,-1314.3,-314.846107,1304.97236,-26.789696,-0.036186,11278.146478,11304.97236,271.994808,30,23,7,21905,10166,131,69,119,21,7044.631944,31683B140E19353250088E64556885726A6A960D804F3E9BC029B410E89EE77D
RAW_GRID_T100_S020_GATE90_DAVID_CONTRA,2019-12-16T00:00:00.000Z,28,2732.045588,-1345.32,-327.1929,1059.532688,-31.969672,-0.280103,11027.282913,11059.532688,-250.863565,26,14,12,22422,10397,131,69,119,21,7232.544444,83D5E2553F0CF2D7C3AF770AEA49648BBB2FFD8983CB304B55E303D1CCC305D2
RAW_GRID_T100_S020_GATE90_DAVID_CONTRA,2019-12-23T00:00:00.000Z,28,2639.766818,-1365.06,-333.281682,941.425136,-66.099422,-0.183622,10875.142092,10941.425136,-152.140821,49,12,37,22751,10520,131,69,119,21,7375.801389,88272331A1625285309C25B454703982B41DE546504C1D4C1F802FEF65BD4884
RAW_GRID_T100_S020_GATE90_DAVID_CONTRA,2019-12-30T00:00:00.000Z,28,2726.132991,-1399.26,-340.835656,986.037335,-54.75066,-1.157904,10930.128771,10986.037335,54.986679,40,40,0,23321,10798,131,69,119,21,7592.323611,39A2CD3959B7EE98698B15D47E8290347018747A091F157EB9CC3A43D0157FA2
RAW_GRID_T100_S020_GATE90_DAVID_CONTRA__PROTECT_LOCK_1Q_STOP_ADDS,2019-04-14T23:00:00.000Z,28,50.110482,-23.34,-4.120405,22.650077,17.365522,-0.321179,10039.69442,10022.650077,39.69442,8,5,3,389,188,17,10,12,8,77.354167,A5F3DD44D02234B2DC47D82818239916CDB1EBE2E0918B8F13CBF0D1CD7CAA65
RAW_GRID_T100_S020_GATE90_DAVID_CONTRA__PROTECT_LOCK_1Q_STOP_ADDS,2019-04-21T23:00:00.000Z,28,62.178883,-61.08,-14.322687,-13.223804,-4.902782,-0.184238,9981.689176,9986.776196,-58.005244,23,12,11,1018,450,29,18,21,10,244.098611,71DC8AC31785C138F3A523C561CCDDB35A9066072CB8E42C7302C95D969BBE0E
RAW_GRID_T100_S020_GATE90_DAVID_CONTRA__PROTECT_LOCK_1Q_STOP_ADDS,2019-04-28T23:00:00.000Z,28,105.340632,-96.36,-20.029831,-11.049199,-108.222103,-0.294578,9880.43412,9988.950801,-101.255056,58,23,35,1606,729,61,26,40,11,389.309028,B5D727C78EE035DE9A760773D8E6336052C9402C20DA229646605B93CEDF024E
RAW_GRID_T100_S020_GATE90_DAVID_CONTRA__PROTECT_LOCK_1Q_STOP_ADDS,2019-05-05T23:00:00.000Z,28,245.150545,-138.78,-30.623882,75.746663,-17.971101,-0.140423,10057.635139,10075.746663,177.201019,30,24,6,2313,1116,74,40,45,11,620.659722,02ED4CFCE9F32DEED90509FDF494FBF3BF576FBE7FE7377FAF9FD59B47131E7D
RAW_GRID_T100_S020_GATE90_DAVID_CONTRA__PROTECT_LOCK_1Q_STOP_ADDS,2019-05-12T23:00:00.000Z,28,226.834275,-171.72,-44.864825,10.24945,-40.6186,-0.580154,9969.050696,10010.24945,-88.584443,35,28,7,2862,1339,74,40,45,11,815.248611,576F63CBE6069B8B5C22CD9372AAEE830D78D9AD5577D77AFA92F240A0407086
RAW_GRID_T100_S020_GATE90_DAVID_CONTRA__PROTECT_LOCK_1Q_STOP_ADDS,2019-05-19T23:00:00.000Z,28,266.872301,-202.98,-59.625474,4.266827,-8.702804,-0.135303,9995.42872,10004.266827,26.378024,25,12,13,3383,1569,74,40,45,11,1022.339583,FA87259A797C36F8A9BF1A72D6D043E117AB5E7EF5C8F4DF0BFCACC2248596D9
RAW_GRID_T100_S020_GATE90_DAVID_CONTRA__PROTECT_LOCK_1Q_STOP_ADDS,2019-05-26T23:00:00.000Z,28,557.137776,-237.18,-65.832473,254.125303,-182.086098,-1.769871,10070.269334,10254.125303,74.840614,58,46,12,3953,1855,74,46,45,11,1162.461111,A6C5132BC845085FF1B68BF19B59A29BFEFB986700725F47C0B5480C6283C828
RAW_GRID_T100_S020_GATE90_DAVID_CONTRA__PROTECT_LOCK_1Q_STOP_ADDS,2019-06-02T23:00:00.000Z,28,605.058995,-281.58,-81.730585,241.74841,-37.391935,-0.145938,10204.210537,10241.74841,133.941203,49,21,28,4693,2243,74,53,45,11,1406.172917,7ADD3ADF0D396B170326495498F48E148AEA20B0894D1BBDB577F45AE2B29388
RAW_GRID_T100_S020_GATE90_DAVID_CONTRA__PROTECT_LOCK_1Q_STOP_ADDS,2019-06-09T23:00:00.000Z,28,728.735464,-312.78,-91.064539,324.890925,-79.874623,-1.190226,10243.826076,10324.890925,39.615539,46,40,6,5213,2490,74,53,45,11,1628.138194,B82961E6DE86FE22B7A5AE053CD934D8DE00B6FDA5F850DE1B2426981050C483
RAW_GRID_T100_S020_GATE90_DAVID_CONTRA__PROTECT_LOCK_1Q_STOP_ADDS,2019-06-16T23:00:00.000Z,28,778.668783,-353.46,-108.64644,316.562343,-18.791525,-0.106423,10297.664395,10316.562343,53.838319,28,11,17,5891,2799,74,53,45,11,1862.943056,89FAFEFD834C6EDC6D06EEE49F8A7BCF2717C034429BF9AA68786601E69858B2
RAW_GRID_T100_S020_GATE90_DAVID_CONTRA__PROTECT_LOCK_1Q_STOP_ADDS,2019-06-23T23:00:00.000Z,28,808.035795,-390,-114.779015,303.25678,-24.639632,-0.02305,10278.594098,10303.25678,-19.070297,29,8,21,6500,3114,74,53,45,11,2048.072917,7E681122F72416804BD8473C09651650C735FECE962A3DABDA1D49FB675D5B5B
RAW_GRID_T100_S020_GATE90_DAVID_CONTRA__PROTECT_LOCK_1Q_STOP_ADDS,2019-06-30T23:00:00.000Z,28,752.726116,-415.92,-120.457511,216.348605,-56.950798,-0.309769,10159.088038,10216.348605,-119.50606,45,31,14,6932,3316,74,53,45,11,2211.594444,537F3115666CE6EC782BF36A8A6D2CF2BEA7EE771FBD2DBF6BDC05374B2ACF04
RAW_GRID_T100_S020_GATE90_DAVID_CONTRA__PROTECT_LOCK_1Q_STOP_ADDS,2019-07-07T23:00:00.000Z,28,864.403051,-442.74,-131.69487,289.968181,-41.359727,-0.405798,10248.202656,10289.968181,89.114618,34,28,6,7379,3545,74,53,45,11,2407.528472,972DBD7EA7CA9899C9EF62CEE64583542DDA2925EB8A39666B4A4AC15C7F9B09
RAW_GRID_T100_S020_GATE90_DAVID_CONTRA__PROTECT_LOCK_1Q_STOP_ADDS,2019-07-14T23:00:00.000Z,28,747.904885,-482.76,-144.76467,120.380215,-24.131896,-0.353163,10095.895156,10120.380215,-152.3075,24,23,1,8046,3857,74,53,45,11,2627.072222,9424A899A60F5105630B25069E2A93E29BD3FCA3E5CD3A55E983DF2B659BC8A9
RAW_GRID_T100_S020_GATE90_DAVID_CONTRA__PROTECT_LOCK_1Q_STOP_ADDS,2019-07-21T23:00:00.000Z,28,937.46263,-517.26,-156.258826,263.943804,-81.19888,-0.824695,10181.920229,10263.943804,86.025073,63,41,22,8621,4127,74,53,45,11,2781.336111,C504942788E64395E3B44FD1F297C6CAF4BAB283799E50BB3C802EF2CA75DE1B
RAW_GRID_T100_S020_GATE90_DAVID_CONTRA__PROTECT_LOCK_1Q_STOP_ADDS,2019-07-28T23:00:00.000Z,28,138.675159,-580.2,-175.718448,-617.243289,-142.306603,-1.150113,9239.299995,9382.756711,-942.620234,55,52,3,9670,4526,74,59,45,21,3100.979167,87410C9B297777284020AE67CFB805EFB79EC04854FBB1734A93BDEAA3268080
RAW_GRID_T100_S020_GATE90_DAVID_CONTRA__PROTECT_LOCK_1Q_STOP_ADDS,2019-08-04T23:00:00.000Z,28,577.352731,-634.32,-193.484226,-250.451495,-20.885615,-0.323006,9728.339884,9749.548505,489.039889,21,18,3,10572,4976,74,61,45,21,3354.558333,412BE8A39B9FF1A3893C5037682FD6625E8A4A94EF35E6C22A3A4FDC56DE7142
RAW_GRID_T100_S020_GATE90_DAVID_CONTRA__PROTECT_LOCK_1Q_STOP_ADDS,2019-08-11T23:00:00.000Z,28,879.157662,-662.58,-202.585475,13.992187,-1.145,-0.034397,10012.81279,10013.992187,284.472906,27,5,22,11043,5241,74,61,45,21,3481.943056,4B2FD3BE13E15E2D6A41D5E73DDD75E9DE70F3F09A1CABF9D1033B3B13AB903F
RAW_GRID_T100_S020_GATE90_DAVID_CONTRA__PROTECT_LOCK_1Q_STOP_ADDS,2019-08-18T23:00:00.000Z,28,952.827133,-684.84,-206.105911,61.881222,-5.465566,-0.001639,10056.414017,10061.881222,43.601227,5,1,4,11414,5444,74,61,45,21,3634.740972,E0CD81A509102BCEF3797344058A365A5B15F99C3763DE826A24FD32C4876D2F
RAW_GRID_T100_S020_GATE90_DAVID_CONTRA__PROTECT_LOCK_1Q_STOP_ADDS,2019-08-25T23:00:00.000Z,28,1306.206664,-716.76,-211.070395,378.376269,-29.95703,-0.147987,10348.271252,10378.376269,291.857235,23,15,8,11946,5734,74,61,45,21,3733.519444,E091B898476BB56D55759A30776170A7478389109FDCAFE7D59621EF6960D3C8
RAW_GRID_T100_S020_GATE90_DAVID_CONTRA__PROTECT_LOCK_1Q_STOP_ADDS,2019-09-01T23:00:00.000Z,28,1333.234463,-751.14,-218.101449,363.993014,-125.492865,-0.431928,10238.068221,10363.993014,-110.203031,66,23,43,12519,5967,74,61,50,21,3903.445139,1406A929496A5D54491A6B5DB751FF1246B929384DC44E1C2F93657552E714D8
RAW_GRID_T100_S020_GATE90_DAVID_CONTRA__PROTECT_LOCK_1Q_STOP_ADDS,2019-09-08T23:00:00.000Z,28,1441.07664,-789.78,-223.666611,427.630029,-168.412999,-0.132131,10259.084899,10427.630029,21.016678,68,14,54,13163,6241,85,61,75,21,4183.480556,56BBA6B2BD9655C26C867E6593182F97CE3EF3FEB1CE3F00B9B2D6BFC1D97648
RAW_GRID_T100_S020_GATE90_DAVID_CONTRA__PROTECT_LOCK_1Q_STOP_ADDS,2019-09-15T23:00:00.000Z,28,1388.261014,-826.38,-228.187575,333.693439,-42.156009,-0.471439,10291.065991,10333.693439,31.981092,38,30,8,13773,6531,85,61,75,21,4466.766667,81B3F8C0172B855F7A4590136FF80CE49A37F2D0A526AE1EE3B4CA869A0CCA72
RAW_GRID_T100_S020_GATE90_DAVID_CONTRA__PROTECT_LOCK_1Q_STOP_ADDS,2019-09-22T23:00:00.000Z,28,1600.53273,-857.04,-240.793204,502.699526,-7.200126,-0.00564,10495.49376,10502.699526,204.427769,20,9,11,14284,6808,85,61,75,21,4640.568056,C4C37F14AD828EC37ED27ACF647AE9C4C9D914CABF6B6CB12D4300ADC3D57181
RAW_GRID_T100_S020_GATE90_DAVID_CONTRA__PROTECT_LOCK_1Q_STOP_ADDS,2019-09-29T23:00:00.000Z,28,1814.777943,-898.68,-249.012708,667.085235,-24.785584,-0.250108,10642.049543,10667.085235,146.555783,24,15,9,14978,7108,85,61,75,21,4820.04375,9D96FD4371B1F36A88BED22A601F37D05612B7EF030C1C62FC2E307A468D4723
RAW_GRID_T100_S020_GATE90_DAVID_CONTRA__PROTECT_LOCK_1Q_STOP_ADDS,2019-10-06T23:00:00.000Z,28,1802.481783,-939.18,-255.321469,607.980314,-671.408277,0.118908,9936.690945,10607.980314,-705.358598,98,7,91,15653,7395,98,61,91,21,4984.771528,0FED7BFD6519F8796960A7561A406AB2B05273CA088291422F198764D73FB5AF
RAW_GRID_T100_S020_GATE90_DAVID_CONTRA__PROTECT_LOCK_1Q_STOP_ADDS,2019-10-13T23:00:00.000Z,28,1668.660302,-982.14,-257.129994,429.390308,-11.189135,0.064958,10418.266131,10429.390308,481.575186,27,4,23,16369,7716,101,61,93,21,5352.399306,E0D2D1735D13C1D476EBE20F59C2DAB0BDB2F1C2D4FDE3A6CED9B121CA670BC7
RAW_GRID_T100_S020_GATE90_DAVID_CONTRA__PROTECT_LOCK_1Q_STOP_ADDS,2019-10-20T23:00:00.000Z,28,1808.568313,-1006.08,-258.92022,543.568093,-10.372245,-0.159208,10533.03664,10543.568093,114.770509,17,10,7,16768,7918,101,61,93,21,5510.292361,3E7BF38D8B4325E3982A03918342B711C0133D673EA663284217DB7E2D316F37
RAW_GRID_T100_S020_GATE90_DAVID_CONTRA__PROTECT_LOCK_1Q_STOP_ADDS,2019-10-27T23:00:00.000Z,28,1901.855183,-1046.82,-263.212256,591.822927,-22.287373,-0.001521,10569.534033,10591.822927,36.497393,35,4,31,17447,8243,101,61,93,21,5667.882639,5CFD47A64BC6F8E3E8C042305777FB818E21D501B60F129348C78D7E2CEC2C9B
RAW_GRID_T100_S020_GATE90_DAVID_CONTRA__PROTECT_LOCK_1Q_STOP_ADDS,2019-11-04T00:00:00.000Z,28,2083.790696,-1080.54,-266.291371,736.959325,-17.435327,-0.313758,10719.21024,10736.959325,149.676207,27,25,2,18009,8518,101,61,93,21,5857.397917,6D12429DA8CC584EE79E5FB0A589D08F9F202AA71805B6E37CB7911F321434A2
RAW_GRID_T100_S020_GATE90_DAVID_CONTRA__PROTECT_LOCK_1Q_STOP_ADDS,2019-11-11T00:00:00.000Z,28,2160.046368,-1111.44,-278.373725,770.232643,-19.329483,0.037979,10750.941139,10770.232643,31.730899,18,0,18,18524,8792,101,61,93,21,6028.150694,81479B57075C3DA3CA10027315F009D8AF35A0EF49DE3A4B07BCA30AAA174E95
RAW_GRID_T100_S020_GATE90_DAVID_CONTRA__PROTECT_LOCK_1Q_STOP_ADDS,2019-11-18T00:00:00.000Z,28,2365.647511,-1146,-280.088317,939.559194,-7.738183,-0.139542,10931.681469,10939.559194,180.74033,19,14,5,19100,9086,101,61,93,21,6164.277083,DBCF89FBB7203786553D95ADAEDD4F56722418CA44464F05A051491E7E197EF3
RAW_GRID_T100_S020_GATE90_DAVID_CONTRA__PROTECT_LOCK_1Q_STOP_ADDS,2019-11-25T00:00:00.000Z,28,2414.518558,-1173,-286.029366,955.489192,-30.287169,-0.007467,10925.194556,10955.489192,-6.486913,29,6,23,19550,9338,101,61,93,21,6294.389583,B114A410C17E5A4C4346E15DC33D075526869FE577BDB08033F4F75CC1ABD04C
RAW_GRID_T100_S020_GATE90_DAVID_CONTRA__PROTECT_LOCK_1Q_STOP_ADDS,2019-12-02T00:00:00.000Z,28,2320.28018,-1212.12,-290.139528,818.020652,-60.177449,-0.444151,10757.399052,10818.020652,-167.795504,48,30,18,20202,9620,101,61,93,21,6485.888194,8E4BA1CA5C6CD092A06133709E0FC1901843C8D58DAC164CD8D9F01754AAAF5F
RAW_GRID_T100_S020_GATE90_DAVID_CONTRA__PROTECT_LOCK_1Q_STOP_ADDS,2019-12-09T00:00:00.000Z,28,2594.395208,-1259.16,-299.76884,1035.466368,-26.789696,-0.036186,11008.640486,11035.466368,251.241434,30,23,7,20986,10043,101,61,93,21,6708.905556,55F4433DABD833DC72CF63672BD9D06DB6F2244A713E54B682FFC4AC57B19DB0
RAW_GRID_T100_S020_GATE90_DAVID_CONTRA__PROTECT_LOCK_1Q_STOP_ADDS,2019-12-16T00:00:00.000Z,28,2475.948352,-1287.06,-311.371794,877.516558,-28.130332,-0.237628,10849.148598,10877.516558,-159.491888,23,11,12,21451,10269,101,61,93,21,6884.707639,27C9FB63C8993021AB866F042857675F28E2B9C45F4373095F862DDF2258E6CA
RAW_GRID_T100_S020_GATE90_DAVID_CONTRA__PROTECT_LOCK_1Q_STOP_ADDS,2019-12-23T00:00:00.000Z,28,2387.093756,-1306.32,-316.766521,764.007235,-70.136341,-0.172774,10693.69812,10764.007235,-155.450478,48,12,36,21772,10391,101,61,93,21,7018.354861,D86F0F4786AF940F4CE8880A02C28C015E3AD8DDBD3A7F4E51A77D991CC9C572
RAW_GRID_T100_S020_GATE90_DAVID_CONTRA__PROTECT_LOCK_1Q_STOP_ADDS,2019-12-30T00:00:00.000Z,28,2468.716399,-1338.96,-323.59832,806.158079,-61.429601,-1.367986,10743.360492,10806.158079,49.662372,44,44,0,22316,10667,101,61,93,21,7224.872917,FEFD136CFE783F62EA23451A3D02975A19192C97B01F42A13EF082B3D0E5094E
RAW_GRID_T100_S020_GATE90_DAVID_CONTRA__PROTECT_TRAIL_1Q_1Q,2019-04-14T23:00:00.000Z,28,60.144654,-26.46,-4.102903,29.581751,17.365522,-0.321179,10046.626094,10029.581751,46.626094,8,5,3,441,191,17,10,12,8,78.009722,4AB80448F9F0A81951563BEF3E4CA3816B98CBA5E074CC81088CD6FD8694D6D7
RAW_GRID_T100_S020_GATE90_DAVID_CONTRA__PROTECT_TRAIL_1Q_1Q,2019-04-21T23:00:00.000Z,28,94.019606,-69.66,-14.328047,10.031559,-4.240703,-0.188911,10005.601945,10010.031559,-41.024149,23,12,11,1161,457,29,18,21,10,245.497917,F06E13DA40F8163274CDFDD99B4F320145E980633534A192C45D92AF28004397
RAW_GRID_T100_S020_GATE90_DAVID_CONTRA__PROTECT_TRAIL_1Q_1Q,2019-04-28T23:00:00.000Z,28,139.126761,-108.42,-20.163815,10.542946,-105.173385,-0.076981,9905.29258,10010.542946,-100.309365,55,20,35,1807,737,59,24,40,11,392.556944,FFB403D49607868B5DA334115D5A730AEF0C41AA812DFB2BCD4D3CC1BC803462
RAW_GRID_T100_S020_GATE90_DAVID_CONTRA__PROTECT_TRAIL_1Q_1Q,2019-05-05T23:00:00.000Z,28,237.273383,-157.08,-29.461262,50.732121,-19.221819,-0.113104,10031.397198,10050.732121,126.104618,28,22,6,2618,1133,68,34,45,11,609.351389,EB7D9D21D2639D654E12CE54B4FAF267A0C2D7C2A61F3DF33807DA7747B29126
RAW_GRID_T100_S020_GATE90_DAVID_CONTRA__PROTECT_TRAIL_1Q_1Q,2019-05-12T23:00:00.000Z,28,232.084563,-194.46,-43.35476,-5.730197,-41.763645,-0.457999,9952.048159,9994.269803,-79.349039,33,28,5,3241,1354,68,36,45,11,799.636111,DBB23A607911FBC37AD8B6A796346F31DBD28DC2649669149F7673D3D41E5EEE
RAW_GRID_T100_S020_GATE90_DAVID_CONTRA__PROTECT_TRAIL_1Q_1Q,2019-05-19T23:00:00.000Z,28,271.215418,-230.76,-58.082849,-17.627431,-8.702804,-0.135303,9973.534462,9982.372569,21.486303,25,12,13,3846,1585,68,36,45,11,1001.98125,5D9E274823ADA8475F6257CF386A27CDA2B4C5574664144507A0A5DFAC77655F
RAW_GRID_T100_S020_GATE90_DAVID_CONTRA__PROTECT_TRAIL_1Q_1Q,2019-05-26T23:00:00.000Z,28,556.449389,-269.52,-64.259696,222.669693,-169.687253,-1.569924,10051.412516,10222.669693,77.878054,57,47,10,4492,1879,68,47,45,11,1141.134722,2B03320267A108526D35FAB6E0AE0334EC4E17F755702DD8F9B9DEEBD81E76DE
RAW_GRID_T100_S020_GATE90_DAVID_CONTRA__PROTECT_TRAIL_1Q_1Q,2019-06-02T23:00:00.000Z,28,630.09088,-321,-79.994183,229.096697,-27.543116,-0.12067,10201.432911,10229.096697,150.020395,46,19,27,5350,2275,68,54,45,11,1377.988194,31E0D835C2F7E84F2BAEBB696CA35EE1EFD0F8074549C18603DE356580654AAE
RAW_GRID_T100_S020_GATE90_DAVID_CONTRA__PROTECT_TRAIL_1Q_1Q,2019-06-09T23:00:00.000Z,28,759.832393,-355.98,-88.60379,315.248603,-77.204615,-1.082542,10236.961446,10315.248603,35.528535,49,43,6,5933,2525,68,54,45,11,1587.080556,9CA790AC16DA09CE88384964C91F1C5EB7C24D844C13796B0A56AD154F676CE5
RAW_GRID_T100_S020_GATE90_DAVID_CONTRA__PROTECT_TRAIL_1Q_1Q,2019-06-16T23:00:00.000Z,28,796.571621,-401.22,-106.722306,288.629315,-19.300524,-0.023256,10269.305535,10288.629315,32.344089,22,7,15,6687,2836,68,54,45,11,1827.436111,DD1DDFBFBC07AB5307467777E8B3A7D770462E2F2D451E3DB89953D2D7C0B0D1
RAW_GRID_T100_S020_GATE90_DAVID_CONTRA__PROTECT_TRAIL_1Q_1Q,2019-06-23T23:00:00.000Z,28,836.395923,-443.94,-112.105746,280.350177,-24.359634,-0.031161,10255.959382,10280.350177,-13.346153,31,8,23,7399,3154,68,54,45,11,2001.422917,9D698AB3B90716B6754746CC74E32C2DA0427C72B01E6743C99021BECC8A7F35
RAW_GRID_T100_S020_GATE90_DAVID_CONTRA__PROTECT_TRAIL_1Q_1Q,2019-06-30T23:00:00.000Z,28,769.350512,-473.88,-117.534919,177.935593,-57.996146,-0.30563,10119.633817,10177.935593,-136.325565,46,32,14,7898,3357,68,54,45,11,2167.495139,A125071339A09932836240CE4BB15176AACDC42260E54B41FAEE01FA2DC3A2DC
RAW_GRID_T100_S020_GATE90_DAVID_CONTRA__PROTECT_TRAIL_1Q_1Q,2019-07-07T23:00:00.000Z,28,900.480641,-504.42,-128.897635,267.163006,-41.359727,-0.405798,10225.397481,10267.163006,105.763664,34,28,6,8407,3592,68,54,45,11,2364.622917,744C973F15FE008A050B7B8676A1CADFBB533966D2F13B23B2D4FC89D2E5BFEC
RAW_GRID_T100_S020_GATE90_DAVID_CONTRA__PROTECT_TRAIL_1Q_1Q,2019-07-14T23:00:00.000Z,28,780.009817,-548.1,-141.857571,90.052246,-23.842503,-0.262546,10065.947197,10090.052246,-159.450284,24,23,1,9135,3904,68,54,45,11,2582.659722,608F11E66EAA05EFDABECB691CB356B7532E37D87BD0B62E17A53533B38D8E9E
RAW_GRID_T100_S020_GATE90_DAVID_CONTRA__PROTECT_TRAIL_1Q_1Q,2019-07-21T23:00:00.000Z,28,974.62937,-587.58,-153.192393,233.856977,-78.929839,-0.747668,10154.17947,10233.856977,88.232273,62,40,22,9793,4179,68,54,45,11,2735.045139,AB58B34DF585DDB4B574C57F8FC7BCA6B2BB3A9CDB95861317D49E6FDB849744
RAW_GRID_T100_S020_GATE90_DAVID_CONTRA__PROTECT_TRAIL_1Q_1Q,2019-07-28T23:00:00.000Z,28,102.213839,-660.18,-172.445056,-730.411217,-98.656111,-0.841411,9170.091261,9269.588783,-984.088209,47,47,0,11003,4591,73,59,45,21,3054.543056,8D0D2DD42343BD87C8D4820E04C6AC99B147CC0285BB828C728425B1E5596E6D
RAW_GRID_T100_S020_GATE90_DAVID_CONTRA__PROTECT_TRAIL_1Q_1Q,2019-08-04T23:00:00.000Z,28,580.166479,-723.18,-188.907797,-331.921318,-12.14195,-0.273909,9655.662823,9668.078682,485.571562,22,19,3,12053,5047,73,59,45,21,3281.652083,39B2BFAEA4B92809577573CE773ED93FFDE0FD54F89C1076CF33BF29D13495CD
RAW_GRID_T100_S020_GATE90_DAVID_CONTRA__PROTECT_TRAIL_1Q_1Q,2019-08-11T23:00:00.000Z,28,855.997528,-755.52,-198.269539,-97.792011,3.899268,0.008828,9906.116085,9902.207989,250.453262,19,3,16,12592,5310,73,59,45,21,3413.278472,4F7366E4C3203ECE14C9EC922CAE4D119096D7941F10F78ADE4CAC940B414C96
RAW_GRID_T100_S020_GATE90_DAVID_CONTRA__PROTECT_TRAIL_1Q_1Q,2019-08-18T23:00:00.000Z,28,945.591883,-781.02,-201.319196,-36.747313,-5.465566,-0.001639,9957.785482,9963.252687,51.669397,5,1,4,13017,5514,73,59,45,21,3542.048611,412876E92EC3FAEAF5B250645681985ADF378ADF05BFB3D969539E96702E5CDF
RAW_GRID_T100_S020_GATE90_DAVID_CONTRA__PROTECT_TRAIL_1Q_1Q,2019-08-25T23:00:00.000Z,28,1282.81607,-815.52,-206.197681,261.098389,-16.316099,-0.07128,10244.71101,10261.098389,286.925528,20,13,7,13592,5804,73,59,45,21,3641.834722,76601B400D783F42F5CBF61C2AA51C888A4363C5958313FDE032385096BF7E9B
RAW_GRID_T100_S020_GATE90_DAVID_CONTRA__PROTECT_TRAIL_1Q_1Q,2019-09-01T23:00:00.000Z,28,1320.403001,-856.08,-212.924293,251.398708,-119.504247,-0.43533,10131.459131,10251.398708,-113.251879,61,22,39,14268,6035,73,59,45,21,3803.713889,BDB59939D37CFF39604877EEC94EEB50B4B07A9DBB3F2C8449ABC7816943C23E
RAW_GRID_T100_S020_GATE90_DAVID_CONTRA__PROTECT_TRAIL_1Q_1Q,2019-09-08T23:00:00.000Z,28,1400.546011,-899.22,-218.409724,282.916287,-165.659489,-0.04585,10117.210948,10282.916287,-14.248183,67,12,55,14987,6309,81,59,74,21,4067.470139,2ABFB28D18943B84FC554063CAD988432EF255C1129FA651ADDC4D3AFCCE5111
RAW_GRID_T100_S020_GATE90_DAVID_CONTRA__PROTECT_TRAIL_1Q_1Q,2019-09-15T23:00:00.000Z,28,1335.759997,-939.6,-222.415693,173.744304,-39.807827,-0.409796,10133.526681,10173.744304,16.315733,39,31,8,15660,6601,81,59,74,21,4347.188889,FBFE680041C55F0364912D28FE53A3490F0DF8CCAE74611A89DCAD2DD363C2CF
RAW_GRID_T100_S020_GATE90_DAVID_CONTRA__PROTECT_TRAIL_1Q_1Q,2019-09-22T23:00:00.000Z,28,1530.94214,-974.82,-235.159451,320.962689,-7.200126,-0.00564,10313.756923,10320.962689,180.230242,20,9,11,16247,6883,81,59,74,21,4522.855556,636E7753F9F146BFDC74BF745475D344F924AC0F0EE8550AF145469A6A3ED7CA
RAW_GRID_T100_S020_GATE90_DAVID_CONTRA__PROTECT_TRAIL_1Q_1Q,2019-09-29T23:00:00.000Z,28,1730.236142,-1022.88,-243.246138,464.110004,-25.51314,-0.236481,10438.360383,10464.110004,124.60346,24,15,9,17048,7184,81,59,74,21,4701.876389,DEE9B9C152214A17C7E03D4B30EFB181BC6B4D6E9ABB3DB6F0BF6B8769B351DA
RAW_GRID_T100_S020_GATE90_DAVID_CONTRA__PROTECT_TRAIL_1Q_1Q,2019-10-06T23:00:00.000Z,28,1717.090087,-1072.98,-249.433827,394.67626,-599.444942,0.206664,9795.437982,10394.67626,-642.922401,109,6,103,17883,7479,109,59,103,21,4866.316667,3C5B4C567C12828B5ADB8E50A534E44714A75127CE18AB8D40AEDDE3E0B1C5CA
RAW_GRID_T100_S020_GATE90_DAVID_CONTRA__PROTECT_TRAIL_1Q_1Q,2019-10-13T23:00:00.000Z,28,1734.87008,-1125.48,-250.503726,358.886354,-11.189135,0.064958,10347.762177,10358.886354,552.324195,27,4,23,18758,7823,112,59,105,21,5254.477778,D36650C08896819D676791C22ED8BB4EC33D33BCE9959D0A06FD2D4B37480CBA
RAW_GRID_T100_S020_GATE90_DAVID_CONTRA__PROTECT_TRAIL_1Q_1Q,2019-10-20T23:00:00.000Z,28,1860.586287,-1150.92,-252.267525,457.398762,-10.493163,-0.161055,10446.744544,10457.398762,98.982367,17,10,7,19182,8025,112,59,105,21,5410.542361,B96C7CA102C68E1D0B159FF8BF99C013EB43DF7DF4B872553B8F537563A5B9CF
RAW_GRID_T100_S020_GATE90_DAVID_CONTRA__PROTECT_TRAIL_1Q_1Q,2019-10-27T23:00:00.000Z,28,1939.487176,-1195.8,-256.591417,487.095759,-22.647373,-0.001681,10464.446705,10487.095759,17.702161,35,4,31,19930,8354,112,59,105,21,5562.743056,F2D304496E5AFD2580499158159697EF194E837F1F526BAA1268F459C4CCE2AC
RAW_GRID_T100_S020_GATE90_DAVID_CONTRA__PROTECT_TRAIL_1Q_1Q,2019-11-04T00:00:00.000Z,28,2153.514351,-1234.14,-259.60846,659.765891,-17.956994,-0.295672,10641.513225,10659.765891,177.06652,25,23,2,20569,8635,112,59,105,21,5749.849306,7B9D8D575AD85DC6C1E76AFCFFF959B1EB9F58F1F439233350B4882854017A6B
RAW_GRID_T100_S020_GATE90_DAVID_CONTRA__PROTECT_TRAIL_1Q_1Q,2019-11-11T00:00:00.000Z,28,2248.423592,-1270.68,-271.232239,706.511353,-17.49164,0.028694,10689.048407,10706.511353,47.535182,17,0,17,21178,8911,112,59,105,21,5918.865278,47892BFB40F974D64AC063A532ED6169036D985174C924BF65FC409698576C78
RAW_GRID_T100_S020_GATE90_DAVID_CONTRA__PROTECT_TRAIL_1Q_1Q,2019-11-18T00:00:00.000Z,28,2440.295885,-1309.02,-272.876856,858.399029,-12.133317,-0.159959,10846.105753,10858.399029,157.057346,22,17,5,21817,9204,112,59,105,21,6048.620139,AC0004BCF6062649D077F059D21BE901C1337CFD58972FD21CF1B758B4A469EB
RAW_GRID_T100_S020_GATE90_DAVID_CONTRA__PROTECT_TRAIL_1Q_1Q,2019-11-25T00:00:00.000Z,28,2509.562337,-1339.44,-279.350953,890.771384,-30.287169,-0.007467,10860.476748,10890.771384,14.370995,29,6,23,22324,9457,112,59,105,21,6184.809028,CA01F09EB3A0B6D30A4D1DF407424C6D3F5D2EDC6DA1BB985601EC1FCA71F722
RAW_GRID_T100_S020_GATE90_DAVID_CONTRA__PROTECT_TRAIL_1Q_1Q,2019-12-02T00:00:00.000Z,28,2442.007709,-1386.42,-283.789605,771.798104,-54.714485,-0.336224,10716.747395,10771.798104,-143.729353,46,30,16,23107,9748,112,59,105,21,6379.449306,73886F497A8EC5C8DB8A0B2060928B4690923C3D4A15C2AFF2F91A0276A7473C
RAW_GRID_T100_S020_GATE90_DAVID_CONTRA__PROTECT_TRAIL_1Q_1Q,2019-12-09T00:00:00.000Z,28,2727.506914,-1440.42,-293.291854,993.79506,-27.319694,-0.035867,10966.439499,10993.79506,249.692104,30,23,7,24007,10176,112,59,105,21,6591.979861,2164EA20FD43042F9DD578DD8B5D4DB5C05BA35E0BF37E5045E30C52CD61EEB8
RAW_GRID_T100_S020_GATE90_DAVID_CONTRA__PROTECT_TRAIL_1Q_1Q,2019-12-16T00:00:00.000Z,28,2613.920345,-1475.34,-305.060811,833.519534,-33.831232,-0.185219,10799.503083,10833.519534,-166.936416,26,14,12,24589,10410,112,59,105,21,6772.143056,4D19B6032E66649912EF67EADDBB4CF6D1FC0DC9D9F8C1330843125C681646AC
RAW_GRID_T100_S020_GATE90_DAVID_CONTRA__PROTECT_TRAIL_1Q_1Q,2019-12-23T00:00:00.000Z,28,2550.36043,-1497.12,-310.976418,742.264012,-63.423865,-0.119915,10678.720232,10742.264012,-120.782851,48,11,37,24952,10533,112,59,105,21,6913.309722,3D289C3C83848144CC4E6883ECE8ED9E2952844D1F25B869F8216C6E339A4623
RAW_GRID_T100_S020_GATE90_DAVID_CONTRA__PROTECT_TRAIL_1Q_1Q,2019-12-30T00:00:00.000Z,28,2651.55883,-1534.56,-317.957586,799.041244,-57.035868,-1.143512,10740.861864,10799.041244,62.141632,39,39,0,25576,10809,112,59,105,21,7120.675,665BEB1D8DF86A2C02AF80C229BDD141E0E1C12D0B57BCDCB8620B6BF798FD11
RAW_GRID_T100_S020_GATE90_DAVID_CONTRA__PROTECT_TRAIL_1Q_0_5Q,2019-04-14T23:00:00.000Z,28,49.921592,-27.78,-4.154043,17.987549,17.365522,-0.321179,10035.031892,10017.987549,35.031892,8,5,3,463,190,17,10,12,8,78.870139,905201184FF1C9507391A0FCDC0B3486550C733CBB6E59C849F9F37659CB09C2
RAW_GRID_T100_S020_GATE90_DAVID_CONTRA__PROTECT_TRAIL_1Q_0_5Q,2019-04-21T23:00:00.000Z,28,72.505513,-71.82,-14.40907,-13.723557,-4.770034,-0.188599,9981.31781,9986.276443,-53.714082,23,12,11,1197,449,29,18,21,10,246.794444,77E2F568D933D7432CF58A08BDC7C78B61205A4E789199B64717ACB5D61CC8A6
RAW_GRID_T100_S020_GATE90_DAVID_CONTRA__PROTECT_TRAIL_1Q_0_5Q,2019-04-28T23:00:00.000Z,28,114.833683,-110.94,-20.22537,-16.331687,-105.245138,-0.077172,9878.346003,9983.668313,-102.971807,55,20,35,1849,721,59,24,40,11,393.484028,5D96B003499F2F8CD656315079955995B43AD6143E957E0089237ED83DAA5C41
RAW_GRID_T100_S020_GATE90_DAVID_CONTRA__PROTECT_TRAIL_1Q_0_5Q,2019-05-05T23:00:00.000Z,28,212.902035,-161.28,-29.541998,22.080037,-19.065481,-0.113869,10002.900687,10022.080037,124.554684,28,22,6,2688,1116,68,34,45,11,610.506944,4A233F7D37B180A94061E8B1BA5EA98122EDF6C4E0F0372FDA219568DBF79CF6
RAW_GRID_T100_S020_GATE90_DAVID_CONTRA__PROTECT_TRAIL_1Q_0_5Q,2019-05-12T23:00:00.000Z,28,209.908121,-199.38,-43.438855,-32.910734,-42.838864,-0.463136,9923.787266,9967.089266,-79.113421,33,28,5,3323,1331,68,36,45,11,800.851389,BB8DC8740E2C3E8F824E117877ED9844E0D7B145A0361E3BEFA9C0E7695D8810
RAW_GRID_T100_S020_GATE90_DAVID_CONTRA__PROTECT_TRAIL_1Q_0_5Q,2019-05-19T23:00:00.000Z,28,253.162357,-236.58,-58.300286,-41.717929,-8.702804,-0.135303,9949.443964,9958.282071,25.656698,25,12,13,3943,1557,68,36,45,11,1005.215972,747600C51B05CABE4E9435A8620AE19A0710AD14FB7F64B4E27B17B48E6EB952
RAW_GRID_T100_S020_GATE90_DAVID_CONTRA__PROTECT_TRAIL_1Q_0_5Q,2019-05-26T23:00:00.000Z,28,541.112389,-276.18,-64.477477,200.454912,-171.742136,-1.575011,10027.137765,10200.454912,77.693801,54,48,6,4603,1847,68,48,45,11,1144.016667,EE5BAB3563E7470835FA9FB5080AEC814AAAB431B6C3BCCB9E30C37441E3BB7C
RAW_GRID_T100_S020_GATE90_DAVID_CONTRA__PROTECT_TRAIL_1Q_0_5Q,2019-06-02T23:00:00.000Z,28,610.303624,-328.26,-80.539792,201.503832,-28.570092,-0.134999,10172.798741,10201.503832,145.660976,48,21,27,5471,2230,68,55,45,11,1374.147222,274BC2280B1D8E002989A963954616618721423D818EC64078E2F5BA17D4718C
RAW_GRID_T100_S020_GATE90_DAVID_CONTRA__PROTECT_TRAIL_1Q_0_5Q,2019-06-09T23:00:00.000Z,28,751.901014,-363.84,-89.641703,298.419311,-80.014614,-1.088082,10217.316615,10298.419311,44.517874,49,43,6,6064,2474,68,55,45,11,1588.729167,AC8EC0BAAE6A663E26ABD6AE051A370210CF496DE6B03024D3CFAA656BA6CF88
RAW_GRID_T100_S020_GATE90_DAVID_CONTRA__PROTECT_TRAIL_1Q_0_5Q,2019-06-16T23:00:00.000Z,28,805.946608,-410.94,-107.756601,287.250007,-19.828196,-0.023889,10267.397922,10287.250007,50.081307,24,7,17,6849,2780,68,55,45,11,1829.361806,26BC4B0DDDA73195BDF32B78241FE28DFD219065C7DE81643CA6F3420F8CA146
RAW_GRID_T100_S020_GATE90_DAVID_CONTRA__PROTECT_TRAIL_1Q_0_5Q,2019-06-23T23:00:00.000Z,28,837.597632,-455.28,-113.131097,269.186535,-26.61963,-0.02962,10242.537285,10269.186535,-24.860637,31,8,23,7588,3093,68,55,45,11,2008.459722,8DFF4805DC0AA31BD8D27A64B4C81111CBE4F409E01B3CA5379563E93E7F3CA0
RAW_GRID_T100_S020_GATE90_DAVID_CONTRA__PROTECT_TRAIL_1Q_0_5Q,2019-06-30T23:00:00.000Z,28,776.028842,-486.78,-118.552362,170.69648,-60.636239,-0.314545,10109.745696,10170.69648,-132.791589,47,33,14,8113,3294,68,55,45,11,2175.372917,FFC05F56A616954C4EE22B475D65DE3C5CFAA20BBE8C0C5341C3FA4D05C9D57F
RAW_GRID_T100_S020_GATE90_DAVID_CONTRA__PROTECT_TRAIL_1Q_0_5Q,2019-07-07T23:00:00.000Z,28,901.362502,-518.1,-130.090945,253.171557,-41.359727,-0.405798,10211.406032,10253.171557,101.660336,34,28,6,8635,3523,68,55,45,11,2375.05625,775EED029F42862F1A8CC3F5EB981DBAB372AD73C44EDDDD1E04BCA34F945E5D
RAW_GRID_T100_S020_GATE90_DAVID_CONTRA__PROTECT_TRAIL_1Q_0_5Q,2019-07-14T23:00:00.000Z,28,786.234226,-562.98,-143.04813,80.206096,-24.445123,-0.266876,10055.494097,10080.206096,-155.911935,25,24,1,9383,3831,68,55,45,11,2593.495139,592A800B7E83E4F9B127CC1D5CAA9272D3B1842842598B75F1503E7594024281
RAW_GRID_T100_S020_GATE90_DAVID_CONTRA__PROTECT_TRAIL_1Q_0_5Q,2019-07-21T23:00:00.000Z,28,977.821065,-603.42,-154.565606,219.835459,-80.453548,-0.753251,10138.62866,10219.835459,83.134563,62,40,22,10057,4102,68,55,45,11,2748.661806,5559374EAB1E98A272A1D5D8A8E9DE37332ED3B33CFCA75B7855142675F4DBC4
RAW_GRID_T100_S020_GATE90_DAVID_CONTRA__PROTECT_TRAIL_1Q_0_5Q,2019-07-28T23:00:00.000Z,28,106.831159,-676.86,-173.928716,-743.957557,-99.378814,-0.84173,9155.821899,9256.042443,-982.806761,47,47,0,11281,4509,73,59,45,21,3069.375,CBDE288584BB1B79BB7579FCF0C99F468B7098B0775F9843A2A6C5AEAD44C04B
RAW_GRID_T100_S020_GATE90_DAVID_CONTRA__PROTECT_TRAIL_1Q_0_5Q,2019-08-04T23:00:00.000Z,28,584.695373,-741.48,-190.511172,-347.295799,-14.722772,-0.27359,9637.707839,9652.704201,481.88594,21,18,3,12358,4953,73,59,45,21,3298.940972,91E19D435085CC95F3A748113A25E68C4E34070CD3125F5E2EE550F838A6EB7B
RAW_GRID_T100_S020_GATE90_DAVID_CONTRA__PROTECT_TRAIL_1Q_0_5Q,2019-08-11T23:00:00.000Z,28,863.9087,-775.32,-199.826876,-111.238176,-1.34721,-0.000683,9887.413931,9888.761824,249.706092,18,4,14,12922,5214,73,59,45,21,3430.438889,233C1CE75480A252C63729FED7CD005AC6C4F33E8D8ACF7429E942F6CF5EDC91
RAW_GRID_T100_S020_GATE90_DAVID_CONTRA__PROTECT_TRAIL_1Q_0_5Q,2019-08-18T23:00:00.000Z,28,954.532763,-801.18,-203.143751,-49.790988,-5.465566,-0.001639,9944.741807,9950.209012,57.327876,5,1,4,13353,5414,73,59,45,21,3557.057639,B682FA672A1EB07BC4C3AD4E0EE2724FF6A0A797C01DA8B442FC59BE651F252D
RAW_GRID_T100_S020_GATE90_DAVID_CONTRA__PROTECT_TRAIL_1Q_0_5Q,2019-08-25T23:00:00.000Z,28,1291.727053,-837.9,-207.995525,245.831528,-18.65041,-0.07158,10227.109538,10245.831528,282.367731,20,13,7,13965,5700,73,59,45,21,3656.217361,56BF688D45B45F1A4B17DA1C4ACDE796B09F83F8D1432110DDB973B016E469DA
RAW_GRID_T100_S020_GATE90_DAVID_CONTRA__PROTECT_TRAIL_1Q_0_5Q,2019-09-01T23:00:00.000Z,28,1341.209985,-878.7,-214.77439,247.735595,-120.392295,-0.452524,10126.890776,10247.735595,-100.218762,64,25,39,14645,5931,73,59,45,21,3818.924306,0AAB2DFD6AE82743F2EF3FF438CD0257E9D35869FE23BBA2C07D357C8F6972C3
RAW_GRID_T100_S020_GATE90_DAVID_CONTRA__PROTECT_TRAIL_1Q_0_5Q,2019-09-08T23:00:00.000Z,28,1425.262525,-923.04,-220.965994,281.256531,-165.846374,-0.051065,10115.359092,10281.256531,-11.531684,67,12,55,15384,6201,84,59,74,21,4090.033333,075B67E852B2FEBA5B6C4DE4491212926794624C4A2823CE98452556EBFF965F
RAW_GRID_T100_S020_GATE90_DAVID_CONTRA__PROTECT_TRAIL_1Q_0_5Q,2019-09-15T23:00:00.000Z,28,1364.921927,-964.44,-224.966107,175.51582,-40.33188,-0.410242,10134.773698,10175.51582,19.414606,39,31,8,16074,6488,84,59,74,21,4370.111806,839011971BBFEEDC74DA55F5AD06D226E330C224E0E521EC6DF3E64BEA146CF4
RAW_GRID_T100_S020_GATE90_DAVID_CONTRA__PROTECT_TRAIL_1Q_0_5Q,2019-09-22T23:00:00.000Z,28,1598.286506,-1000.68,-237.770942,359.835564,-7.200126,-0.00564,10352.629798,10359.835564,217.8561,20,9,11,16678,6768,84,59,74,21,4546.691667,E79AD0BC7A335B763F32275D23412507B1C2EE115925F605EE9192BA098929F3
RAW_GRID_T100_S020_GATE90_DAVID_CONTRA__PROTECT_TRAIL_1Q_0_5Q,2019-09-29T23:00:00.000Z,28,1803.20799,-1049.34,-245.874178,507.993812,-25.747226,-0.245523,10482.001063,10507.993812,129.371265,24,15,9,17489,7063,84,59,74,21,4726.847222,077239B46DBBE82025F0F63A1F52791F1C9985681935F4EE934203C2B545D41D
RAW_GRID_T100_S020_GATE90_DAVID_CONTRA__PROTECT_TRAIL_1Q_0_5Q,2019-10-06T23:00:00.000Z,28,1808.845856,-1100.46,-252.056197,456.329659,-607.25191,0.208863,9849.286612,10456.329659,-632.714451,111,5,106,18341,7352,111,59,106,21,4891.500694,F080D914A1E9C79278F22A3A4ACFA53F10393AB3D14148DDB2070F6660B26858
RAW_GRID_T100_S020_GATE90_DAVID_CONTRA__PROTECT_TRAIL_1Q_0_5Q,2019-10-13T23:00:00.000Z,28,1839.190263,-1154.22,-252.843329,432.126934,-11.189135,0.064958,10421.002757,10432.126934,571.716145,27,4,23,19237,7690,114,59,108,21,5285.034722,B87FC14788C69CAB395585AD022F8400988C92E42AC96499CE964166AD129520
RAW_GRID_T100_S020_GATE90_DAVID_CONTRA__PROTECT_TRAIL_1Q_0_5Q,2019-10-20T23:00:00.000Z,28,1975.687026,-1180.32,-254.624481,540.742545,-10.913185,-0.160819,10529.668541,10540.742545,108.665784,17,10,7,19672,7891,114,59,108,21,5441.284722,A66BEF582F7E4745E7928BBDCDCCE059E7C76A1872DD0516ADCC3315A1FDFCCF
RAW_GRID_T100_S020_GATE90_DAVID_CONTRA__PROTECT_TRAIL_1Q_0_5Q,2019-10-27T23:00:00.000Z,28,2065.51332,-1226.04,-258.980986,580.492334,-22.927373,-0.001667,10557.563294,10580.492334,27.894753,35,4,31,20434,8215,114,59,108,21,5593.728472,560A7439EDB7AA174161D938B6CA5ADA4365F74B4E22FAABA34057F54F037BC6
RAW_GRID_T100_S020_GATE90_DAVID_CONTRA__PROTECT_TRAIL_1Q_0_5Q,2019-11-04T00:00:00.000Z,28,2275.308828,-1265.04,-261.963747,748.305081,-18.65693,-0.292679,10729.355472,10748.305081,171.792178,25,23,2,21084,8492,114,59,108,21,5780.173611,F3BD037827E3C028CA991EF599BECCCFA32BF4803701636C35018E877EEDAA96
RAW_GRID_T100_S020_GATE90_DAVID_CONTRA__PROTECT_TRAIL_1Q_0_5Q,2019-11-11T00:00:00.000Z,28,2374.987407,-1302.12,-273.618839,799.248568,-20.861227,0.033431,10778.420772,10799.248568,49.0653,20,0,20,21702,8767,114,59,108,21,5949.045833,DF3D26FBDE61380210E1129339B99696553A4F970A6D705DA3F29DAF72354DD9
RAW_GRID_T100_S020_GATE90_DAVID_CONTRA__PROTECT_TRAIL_1Q_0_5Q,2019-11-18T00:00:00.000Z,28,2564.810165,-1341.24,-275.189542,948.380623,-14.596901,-0.16925,10933.614472,10948.380623,155.1937,23,18,5,22354,9054,114,59,108,21,6086.31875,204E47D728175F7D984CA1B6A1D2855F38E8104F209EAC1F4BFD66FC75F51392
RAW_GRID_T100_S020_GATE90_DAVID_CONTRA__PROTECT_TRAIL_1Q_0_5Q,2019-11-25T00:00:00.000Z,28,2636.581255,-1372.56,-281.92095,982.100305,-30.287169,-0.007467,10951.805669,10982.100305,18.191197,29,6,23,22876,9305,114,59,108,21,6226.008333,78948312F6FB9E81CC2D80651638EAF62F022828177BF84D45E79F19BBA2CF98
RAW_GRID_T100_S020_GATE90_DAVID_CONTRA__PROTECT_TRAIL_1Q_0_5Q,2019-12-02T00:00:00.000Z,28,2579.046721,-1420.62,-286.337081,872.08964,-57.328604,-0.3495,10814.411536,10872.08964,-137.394133,48,32,16,23677,9591,114,59,108,21,6420.823611,2273E8428528E46777F9E500E4A63F9D9C7A284E1D7CDDFB1D375494542E939F
RAW_GRID_T100_S020_GATE90_DAVID_CONTRA__PROTECT_TRAIL_1Q_0_5Q,2019-12-09T00:00:00.000Z,28,2873.551436,-1476.42,-296.303756,1100.82768,-27.319694,-0.035867,11073.472119,11100.82768,259.060583,30,23,7,24607,10016,114,59,108,21,6638.255556,80537E97034492AF84B9E985B0D264167BF7CDF121B10AFE8B6431572D758AB4
RAW_GRID_T100_S020_GATE90_DAVID_CONTRA__PROTECT_TRAIL_1Q_0_5Q,2019-12-16T00:00:00.000Z,28,2659.678355,-1511.1,-308.428487,840.149868,-36.038717,-0.195472,10803.915679,10840.149868,-269.55644,26,14,12,25185,10246,114,59,108,21,6822.575,EEB4C224F6B9FFD8EF8B9522084888095D166AFE52D769894B4C7B268466FE9B
RAW_GRID_T100_S020_GATE90_DAVID_CONTRA__PROTECT_TRAIL_1Q_0_5Q,2019-12-23T00:00:00.000Z,28,2580.690079,-1533.3,-314.344669,733.04541,-67.158639,-0.114913,10665.771858,10733.04541,-138.143821,49,11,38,25555,10367,114,59,108,21,6963.133333,69E2801FA3047257EA91ADD720A80EDFD8648CF1203766540325A9FE98757FD0
RAW_GRID_T100_S020_GATE90_DAVID_CONTRA__PROTECT_TRAIL_1Q_0_5Q,2019-12-30T00:00:00.000Z,28,2681.716185,-1571.64,-321.34273,788.733455,-57.632404,-1.136188,10729.964863,10788.733455,64.193005,39,39,0,26194,10640,114,59,108,21,7174.54375,BCBA4025FA437B52C839414E3163D299DB42FE68FA724F304A977E71043AA045
RAW_GRID_T100_S020_GATE90_DAVID_CONTRA__PROTECT_PROTECTED_FLATTEN_1Q,2019-04-14T23:00:00.000Z,28,57.163592,-23.28,-4.159403,29.724189,17.365522,-0.321179,10046.768532,10029.724189,46.768532,8,5,3,388,188,17,10,12,8,78.136806,838BD715A6A5DF0E4A1C441D0A6EA0F624AB47D6853A7E3DE062209DFF7F4A02
RAW_GRID_T100_S020_GATE90_DAVID_CONTRA__PROTECT_PROTECTED_FLATTEN_1Q,2019-04-21T23:00:00.000Z,28,69.903481,-60.72,-14.450271,-5.26679,-4.902782,-0.184238,9989.64619,9994.73321,-57.122342,23,12,11,1012,450,29,18,21,10,246.115278,540D5CBCE9ACA9CE9B26F6000C92155FCEC9E55418BC915EDFB1ADBC770F975A
RAW_GRID_T100_S020_GATE90_DAVID_CONTRA__PROTECT_PROTECTED_FLATTEN_1Q,2019-04-28T23:00:00.000Z,28,114.447725,-95.52,-20.35789,-1.430165,-108.222103,-0.294578,9890.053154,9998.569835,-99.593036,58,23,35,1592,727,61,26,40,11,394.097222,5BD264FF8790BD5E574C8CAA158E17A622178A6CC9D6E196BF1137DC932C9A8E
RAW_GRID_T100_S020_GATE90_DAVID_CONTRA__PROTECT_PROTECTED_FLATTEN_1Q,2019-05-05T23:00:00.000Z,28,257.539141,-137.88,-31.020876,88.638265,-17.971101,-0.140423,10070.526741,10088.638265,180.473587,30,24,6,2298,1114,74,40,45,11,626.400694,81D5C69824A7A597A96A64CD01E29CCA4F03E9F7CF5C76AF5DFFE8C9F779803A
RAW_GRID_T100_S020_GATE90_DAVID_CONTRA__PROTECT_PROTECTED_FLATTEN_1Q,2019-05-12T23:00:00.000Z,28,97.118009,-170.04,-45.691871,-118.613862,-40.6186,-0.580154,9840.187384,9881.386138,-230.339357,35,28,7,2834,1335,74,40,45,11,826.482639,60AB617E0162503FF1D7C8B908FEA4AA31849CE3F1CE72C53D1B63B177996B87
RAW_GRID_T100_S020_GATE90_DAVID_CONTRA__PROTECT_PROTECTED_FLATTEN_1Q,2019-05-19T23:00:00.000Z,28,135.188285,-201.18,-60.705651,-126.697366,-8.702804,-0.135303,9864.464527,9873.302634,24.277143,25,12,13,3353,1564,74,40,45,11,1036.538889,3819BD64BBE8E6F77C3C4E031524FF761BF3C646965A3892690A13CFF3083DEC
RAW_GRID_T100_S020_GATE90_DAVID_CONTRA__PROTECT_PROTECTED_FLATTEN_1Q,2019-05-26T23:00:00.000Z,28,430.460598,-235.08,-67.042039,128.338559,-186.350195,-1.83196,9940.156404,10128.338559,75.691877,58,46,12,3918,1850,74,46,45,11,1178.270139,F872CA2F3375A5A7FEAA3EF8B4185BCBFF4DAAEE9CF4E2911EA46394B8C2489B
RAW_GRID_T100_S020_GATE90_DAVID_CONTRA__PROTECT_PROTECTED_FLATTEN_1Q,2019-06-02T23:00:00.000Z,28,479.264619,-279.48,-83.023699,116.76092,-37.391935,-0.145938,10079.223047,10116.76092,139.066643,49,21,28,4658,2239,74,53,45,11,1422.963889,E26BD4D2ACF320D739FE9810A4E4C2D7E1FF1824070AD2ABCFBC2DE66810DB9B
RAW_GRID_T100_S020_GATE90_DAVID_CONTRA__PROTECT_PROTECTED_FLATTEN_1Q,2019-06-09T23:00:00.000Z,28,612.488921,-310.56,-92.373204,209.555717,-82.85348,-1.236903,10125.465334,10209.555717,46.242287,46,40,6,5176,2487,74,53,45,11,1645.810417,22F908C6141F9688D2B789CC8B1D95A6EC181CF3372CCAE2F5690E4EBF6AEEF6
RAW_GRID_T100_S020_GATE90_DAVID_CONTRA__PROTECT_PROTECTED_FLATTEN_1Q,2019-06-16T23:00:00.000Z,28,660.832821,-351.12,-110.035684,199.677137,-18.791525,-0.106423,10180.779189,10199.677137,55.313855,28,11,17,5852,2797,74,53,45,11,1881.625694,47EF805DF280C99CB45BFA7394A265321E3FB1A60FBDF5C4F218D5E4700E5E04
RAW_GRID_T100_S020_GATE90_DAVID_CONTRA__PROTECT_PROTECTED_FLATTEN_1Q,2019-06-23T23:00:00.000Z,28,688.267909,-387.12,-116.219369,184.92854,-24.639632,-0.02305,10160.265858,10184.92854,-20.513331,29,8,21,6452,3112,74,53,45,11,2068.05,94966E01C0A50BAB41F0B28A66652EA610F7CFF13B51912E9395958B3D534E36
RAW_GRID_T100_S020_GATE90_DAVID_CONTRA__PROTECT_PROTECTED_FLATTEN_1Q,2019-06-30T23:00:00.000Z,28,630.850721,-412.68,-122.031817,96.138904,-56.950798,-0.309769,10038.878337,10096.138904,-121.387521,45,31,14,6878,3314,74,53,45,11,2233.254861,7B8F28AE11F1CE037915898BCE2AA9DEC97785D110515C6835ED9D7856CD356A
RAW_GRID_T100_S020_GATE90_DAVID_CONTRA__PROTECT_PROTECTED_FLATTEN_1Q,2019-07-07T23:00:00.000Z,28,750.369218,-439.2,-133.310937,177.858281,-41.359727,-0.405798,10136.092756,10177.858281,97.214419,34,28,6,7320,3544,74,53,45,11,2429.539583,4A6971783DB5C619C74EF6FEC0D09F563D472F9F98D57CB65D937B193E96CE37
RAW_GRID_T100_S020_GATE90_DAVID_CONTRA__PROTECT_PROTECTED_FLATTEN_1Q,2019-07-14T23:00:00.000Z,28,635.836838,-478.98,-146.418769,10.438069,-24.131896,-0.353163,9985.95301,10010.438069,-150.139746,24,23,1,7983,3856,74,53,45,11,2649.686806,F8E1C176C6B47652CAA12458943AF392D9589E303085D66B34FEF7780B05AF71
RAW_GRID_T100_S020_GATE90_DAVID_CONTRA__PROTECT_PROTECTED_FLATTEN_1Q,2019-07-21T23:00:00.000Z,28,827.79064,-513.48,-157.950137,156.360503,-81.19888,-0.824695,10074.336928,10156.360503,88.383918,63,41,22,8558,4126,74,53,45,11,2804.438889,6184DB5CEBE1E0B7CD1586C02A05EFD8437E5B8D2BC325E339E35CDF83578C4B
RAW_GRID_T100_S020_GATE90_DAVID_CONTRA__PROTECT_PROTECTED_FLATTEN_1Q,2019-07-28T23:00:00.000Z,28,29.994888,-576.18,-177.443613,-723.628725,-142.306603,-1.150113,9132.914559,9276.371275,-941.422369,55,52,3,9603,4525,74,59,45,21,3124.623611,E844FC37A9D339706A202417088774D728343240835AE7EF2782430AA45B129E
RAW_GRID_T100_S020_GATE90_DAVID_CONTRA__PROTECT_PROTECTED_FLATTEN_1Q,2019-08-04T23:00:00.000Z,28,448.180158,-629.52,-195.333142,-376.672984,-20.885615,-0.323006,9602.118395,9623.327016,469.203836,21,18,3,10492,4969,74,61,45,21,3379.705556,6B52BBB4B686958126A0326054210EE077A86AA0A4793AE4EC66D9CE543E6CDA
RAW_GRID_T100_S020_GATE90_DAVID_CONTRA__PROTECT_PROTECTED_FLATTEN_1Q,2019-08-11T23:00:00.000Z,28,739.683577,-657.3,-204.558966,-122.175389,-1.145,-0.034397,9876.645214,9877.824611,274.526819,27,5,22,10955,5232,74,61,45,21,3508.793056,8CE9F5F53B6AF2E74275BD4841249480686358C1F8664A864083DD14EEEC0FA4
RAW_GRID_T100_S020_GATE90_DAVID_CONTRA__PROTECT_PROTECTED_FLATTEN_1Q,2019-08-18T23:00:00.000Z,28,822.677054,-679.02,-208.180556,-64.523502,-5.465566,-0.001639,9930.009293,9935.476498,53.364079,5,1,4,11317,5435,74,61,45,21,3663.806944,5D0093BC6381BFE03834438D6CDAAC2E9AF683276E9105C5103C00423A07207A
RAW_GRID_T100_S020_GATE90_DAVID_CONTRA__PROTECT_PROTECTED_FLATTEN_1Q,2019-08-25T23:00:00.000Z,28,1186.671657,-710.76,-213.321375,262.590282,-29.95703,-0.147987,10232.485265,10262.590282,302.475972,23,15,8,11846,5725,74,61,45,21,3765.157639,C697A04441D01E1B77D8E428D2EF77F95A41AC7147B95AF552B71078D8D21667
RAW_GRID_T100_S020_GATE90_DAVID_CONTRA__PROTECT_PROTECTED_FLATTEN_1Q,2019-09-01T23:00:00.000Z,28,1216.004851,-744.9,-220.350052,250.754799,-124.348062,-0.43887,10125.967867,10250.754799,-106.517398,64,21,43,12415,5958,74,61,50,21,3935.250694,DDCA54138B23F6BF3E5E4891E892737AA18CD131A53CA77660428C32D53A3C6E
RAW_GRID_T100_S020_GATE90_DAVID_CONTRA__PROTECT_PROTECTED_FLATTEN_1Q,2019-09-08T23:00:00.000Z,28,1321.804287,-783,-225.5018,313.302487,-168.412999,-0.132131,10144.757357,10313.302487,18.78949,68,14,54,13050,6233,85,61,75,21,4212.931944,C184BDBD2CCCF13A8746B96D0F40894331E77D13CAAF93773BA2DCAF10E8751F
RAW_GRID_T100_S020_GATE90_DAVID_CONTRA__PROTECT_PROTECTED_FLATTEN_1Q,2019-09-15T23:00:00.000Z,28,1269.902601,-819.3,-230.047457,220.555144,-42.156009,-0.471439,10177.927696,10220.555144,33.170339,38,30,8,13655,6522,85,61,75,21,4497.428472,989DEBD8F33FCD6E9B5537E8A23783BA7E1530DE3300BD1E894361DD8F414536
RAW_GRID_T100_S020_GATE90_DAVID_CONTRA__PROTECT_PROTECTED_FLATTEN_1Q,2019-09-22T23:00:00.000Z,28,1482.429412,-849.78,-242.705653,389.943759,-7.200126,-0.00564,10382.737993,10389.943759,204.810297,20,9,11,14163,6799,85,61,75,21,4671.920139,42145B7271A6EE4AC9558AFD577A9974679CBB7FBFAF00C8A86A0628E80EBABE
RAW_GRID_T100_S020_GATE90_DAVID_CONTRA__PROTECT_PROTECTED_FLATTEN_1Q,2019-09-29T23:00:00.000Z,28,1700.224484,-891.24,-250.996398,557.988086,-24.785584,-0.250108,10532.952394,10557.988086,150.214401,24,15,9,14854,7099,85,61,75,21,4852.598611,C9E6F52C02D3A620C3A57AF0EF87FCD1750FEDF74DC7F9EBC21649C86385D870
RAW_GRID_T100_S020_GATE90_DAVID_CONTRA__PROTECT_PROTECTED_FLATTEN_1Q,2019-10-06T23:00:00.000Z,28,1690.025252,-931.5,-257.374569,501.150683,-671.408277,0.118908,9829.861314,10501.150683,-703.09108,98,7,91,15525,7386,98,61,91,21,5018.154167,96CC6644200BE1861D201A5355D56FA2FB8C968654BC12B1308C9998567E359E
RAW_GRID_T100_S020_GATE90_DAVID_CONTRA__PROTECT_PROTECTED_FLATTEN_1Q,2019-10-13T23:00:00.000Z,28,1555.281399,-974.34,-259.179711,321.761688,-11.189135,0.064958,10310.637511,10321.761688,480.776197,27,4,23,16239,7707,101,61,93,21,5386.643056,3C57DB41B2BD14CD9B8406601950E91CE4BBAF2120B2297B53DE0222E7E06479
RAW_GRID_T100_S020_GATE90_DAVID_CONTRA__PROTECT_PROTECTED_FLATTEN_1Q,2019-10-20T23:00:00.000Z,28,1712.920354,-997.68,-261.127089,454.113265,-10.372245,-0.159208,10443.581812,10454.113265,132.944301,17,10,7,16628,7909,101,61,93,21,5549.040972,252C6809970BB7E6412E4BA49F152B75EB2D7ABC38FAE3F05BD5E5D7B691A15E
RAW_GRID_T100_S020_GATE90_DAVID_CONTRA__PROTECT_PROTECTED_FLATTEN_1Q,2019-10-27T23:00:00.000Z,28,1806.963561,-1038.36,-265.41329,503.190271,-22.287373,-0.001521,10480.901377,10503.190271,37.319565,35,4,31,17306,8235,101,61,93,21,5708.945139,9E9E9348AA050B3F21D607737044A2F95AB5DB5A40379A211DAA60907FAF09FC
RAW_GRID_T100_S020_GATE90_DAVID_CONTRA__PROTECT_PROTECTED_FLATTEN_1Q,2019-11-04T00:00:00.000Z,28,1987.188044,-1071.9,-268.503318,646.784726,-17.435327,-0.313758,10629.035641,10646.784726,148.134264,27,25,2,17865,8511,101,61,93,21,5899.502083,C0A96C1F1E6410D58EE775FF870DE76E57D75834D470ACB29791FCD6BD53B215
RAW_GRID_T100_S020_GATE90_DAVID_CONTRA__PROTECT_PROTECTED_FLATTEN_1Q,2019-11-11T00:00:00.000Z,28,2066.601277,-1102.8,-280.755246,683.046031,-19.329483,0.037979,10663.754527,10683.046031,34.718886,18,0,18,18380,8786,101,61,93,21,6072.274306,40E39ADF90814647CC262C1013664E6DEB9CA6555525129FA797257EAB988A46
RAW_GRID_T100_S020_GATE90_DAVID_CONTRA__PROTECT_PROTECTED_FLATTEN_1Q,2019-11-18T00:00:00.000Z,28,2180.599649,-1136.88,-282.475373,761.244276,-7.738183,-0.139542,10753.366551,10761.244276,89.612024,19,14,5,18948,9078,101,61,93,21,6209.788889,56DF4FA03B2634CF89D5BFA65AF898DEF8A9373B012DE05BCFCB89C75F675B9F
RAW_GRID_T100_S020_GATE90_DAVID_CONTRA__PROTECT_PROTECTED_FLATTEN_1Q,2019-11-25T00:00:00.000Z,28,2226.332816,-1163.58,-288.413239,774.339577,-30.287169,-0.007467,10744.044941,10774.339577,-9.32161,29,6,23,19393,9331,101,61,93,21,6341.709722,522354819D02803791C9BCAC65304CF77285363052EE5DE21336D3007546F0CF
RAW_GRID_T100_S020_GATE90_DAVID_CONTRA__PROTECT_PROTECTED_FLATTEN_1Q,2019-12-02T00:00:00.000Z,28,2133.507849,-1202.58,-292.529761,638.398088,-60.177449,-0.444151,10577.776488,10638.398088,-166.268453,48,30,18,20043,9613,101,61,93,21,6533.7375,569058D97293AF15383EE5D3C00FCB3FCAF80D4B857D5E8281AB6E5AC5CF7CC3
RAW_GRID_T100_S020_GATE90_DAVID_CONTRA__PROTECT_PROTECTED_FLATTEN_1Q,2019-12-09T00:00:00.000Z,28,2411.255574,-1249.56,-302.153766,859.541808,-26.789696,-0.036186,10832.715926,10859.541808,254.939438,30,23,7,20826,10036,101,61,93,21,6757.652778,1C3280CCA8BAD0EBF2C795C425A8B8558B97AA39B2C5A6898F9F44A59219A57F
RAW_GRID_T100_S020_GATE90_DAVID_CONTRA__PROTECT_PROTECTED_FLATTEN_1Q,2019-12-16T00:00:00.000Z,28,2290.195173,-1277.34,-313.784211,699.070962,-28.130332,-0.237628,10670.703002,10699.070962,-162.012924,23,11,12,21289,10262,101,61,93,21,6933.855556,999DDCE4C868039C4CADBDE57CF9D960971C81E7CE96E53B5A1CA9043769F01B
RAW_GRID_T100_S020_GATE90_DAVID_CONTRA__PROTECT_PROTECTED_FLATTEN_1Q,2019-12-23T00:00:00.000Z,28,2203.947598,-1296.12,-319.17898,588.648618,-70.136341,-0.172774,10518.339503,10588.648618,-152.363499,48,12,36,21602,10383,101,61,93,21,7068.550694,2F35A6E5EA4422F6B7A79AD3DAB53308738E1592B6F9CA0AFEB3E67AA21C67FC
RAW_GRID_T100_S020_GATE90_DAVID_CONTRA__PROTECT_PROTECTED_FLATTEN_1Q,2019-12-30T00:00:00.000Z,28,2294.638987,-1328.7,-326.034918,639.904069,-61.429601,-1.367986,10577.106482,10639.904069,58.766979,44,44,0,22145,10660,101,61,93,21,7275.755556,CF83AC9FB646E89123096BCA9EFDC54401BA40E3AA245F7882D9BCE5E9D9050C
RAW_GRID_T100_S020_GATE90_DAVID_CONTRA__PROTECT_PROTECTED_FLATTEN_1Q_TRAIL_1Q,2019-04-14T23:00:00.000Z,28,66.497763,-26.4,-4.136551,35.961212,17.365522,-0.321179,10053.005555,10035.961212,53.005555,8,5,3,440,191,17,10,12,8,78.734028,5FF92882CF821D79ED1980D1848F22E03D074F8B8E4CE721D038EAC40C5E78F9
RAW_GRID_T100_S020_GATE90_DAVID_CONTRA__PROTECT_PROTECTED_FLATTEN_1Q_TRAIL_1Q,2019-04-21T23:00:00.000Z,28,100.838544,-69.3,-14.453647,17.084897,-4.240703,-0.188911,10012.655283,10017.084897,-40.350272,23,12,11,1155,457,29,18,21,10,247.49375,4C4B62F85B9D57F47B843FC04952D2DFAEFA91D885398FFEFA61E28F29A0D1ED
RAW_GRID_T100_S020_GATE90_DAVID_CONTRA__PROTECT_PROTECTED_FLATTEN_1Q_TRAIL_1Q,2019-04-28T23:00:00.000Z,28,145.337245,-107.82,-20.491109,17.026136,-105.173385,-0.076981,9911.77577,10017.026136,-100.879513,55,20,35,1797,735,59,24,40,11,397.216667,1E152AC6BBFBE7773D1F0264335947FC2AC12B9F1F7B0FB420526739CBF82BA5
RAW_GRID_T100_S020_GATE90_DAVID_CONTRA__PROTECT_PROTECTED_FLATTEN_1Q_TRAIL_1Q,2019-05-05T23:00:00.000Z,28,249.359012,-156.42,-29.809663,63.129349,-19.221819,-0.113104,10043.794426,10063.129349,132.018656,28,22,6,2607,1131,68,34,45,11,614.442361,EEA612439623D85478C4B4E130959E97E414B6C2D18C594437C23B2F451FB65E
RAW_GRID_T100_S020_GATE90_DAVID_CONTRA__PROTECT_PROTECTED_FLATTEN_1Q_TRAIL_1Q,2019-05-12T23:00:00.000Z,28,126.840789,-193.38,-44.076013,-110.615224,-41.763645,-0.457999,9847.163132,9889.384776,-196.631294,33,28,5,3223,1351,68,36,45,11,809.315278,6A4ADAB4CCB3C08745CEAD3F1D150F9CDAE89E2685C80AF7BBCF079B1E3624B5
RAW_GRID_T100_S020_GATE90_DAVID_CONTRA__PROTECT_PROTECTED_FLATTEN_1Q_TRAIL_1Q,2019-05-19T23:00:00.000Z,28,166.001944,-229.5,-59.061317,-122.559373,-8.702804,-0.135303,9868.60252,9877.440627,21.439388,25,12,13,3825,1581,68,36,45,11,1014.669444,7841D3D20EF11701C218E94DF1B25BC02F0D382D3FBA0043C037016A425EFEA2
RAW_GRID_T100_S020_GATE90_DAVID_CONTRA__PROTECT_PROTECTED_FLATTEN_1Q_TRAIL_1Q,2019-05-26T23:00:00.000Z,28,458.525593,-267.9,-65.367411,125.258182,-173.95135,-1.632012,9949.67482,10125.258182,81.0723,57,47,10,4465,1875,68,47,45,11,1155.461111,1CDBE325B892E6292D9444D4EF305995303869A89623945A01FA1D07FC225BCF
RAW_GRID_T100_S020_GATE90_DAVID_CONTRA__PROTECT_PROTECTED_FLATTEN_1Q_TRAIL_1Q,2019-06-02T23:00:00.000Z,28,532.800643,-319.38,-81.182319,132.238324,-27.543116,-0.12067,10104.574538,10132.238324,154.899718,46,19,27,5323,2271,68,54,45,11,1393.270139,ECDD1740D18B81E9A50DE48A51BC160B13F733A95CF03EF19957D490E40096EB
RAW_GRID_T100_S020_GATE90_DAVID_CONTRA__PROTECT_PROTECTED_FLATTEN_1Q_TRAIL_1Q,2019-06-09T23:00:00.000Z,28,671.590209,-354.3,-89.825643,227.464566,-80.183473,-1.12922,10146.151873,10227.464566,41.577335,49,43,6,5905,2521,68,54,45,11,1603.383333,92B36283E7DDCC08D1F050BE271A5DC40FA0A1F837F0AD2E3141BCB18651DB82
RAW_GRID_T100_S020_GATE90_DAVID_CONTRA__PROTECT_PROTECTED_FLATTEN_1Q_TRAIL_1Q,2019-06-16T23:00:00.000Z,28,706.993094,-399.3,-108.057595,199.635499,-19.300524,-0.023256,10180.311719,10199.635499,34.159846,22,7,15,6655,2833,68,54,45,11,1845.15,4605B28AC569EAFE5181A24048FBEFEE67F82307045142E56F86D3F73D65B88E
RAW_GRID_T100_S020_GATE90_DAVID_CONTRA__PROTECT_PROTECTED_FLATTEN_1Q_TRAIL_1Q,2019-06-23T23:00:00.000Z,28,747.250461,-441.3,-113.526777,192.423684,-24.359634,-0.031161,10168.032889,10192.423684,-12.27883,31,8,23,7355,3151,68,54,45,11,2020.704167,35DC10ACEC0C6502D92338EC9A7B05C8E97BB508EF1CAAD23F948EB8754EB477
RAW_GRID_T100_S020_GATE90_DAVID_CONTRA__PROTECT_PROTECTED_FLATTEN_1Q_TRAIL_1Q,2019-06-30T23:00:00.000Z,28,680.929196,-470.76,-119.141594,91.027602,-57.996146,-0.30563,10032.725826,10091.027602,-135.307063,46,32,14,7846,3354,68,54,45,11,2189.011111,FA5063A7298C56AA0DB8A15BD72BBEB13E6130F4A9DAF5EFAE826043244DCFCD
RAW_GRID_T100_S020_GATE90_DAVID_CONTRA__PROTECT_PROTECTED_FLATTEN_1Q_TRAIL_1Q,2019-07-07T23:00:00.000Z,28,820.487107,-501.24,-130.570201,188.676906,-41.359727,-0.405798,10146.911381,10188.676906,114.185555,34,28,6,8354,3590,68,54,45,11,2387.643056,751FBB6B1408BECBF25207B6A003E135782385DB07DE358237698E187F7CA08D
RAW_GRID_T100_S020_GATE90_DAVID_CONTRA__PROTECT_PROTECTED_FLATTEN_1Q_TRAIL_1Q,2019-07-14T23:00:00.000Z,28,702.57064,-544.62,-143.571924,14.378716,-23.842503,-0.262546,9990.273667,10014.378716,-156.637714,24,23,1,9077,3902,68,54,45,11,2606.324306,53A010EBA7D058CED3A2C9E564C899D548B03F0A8935FCA7E8B40326BDF4FC46
RAW_GRID_T100_S020_GATE90_DAVID_CONTRA__PROTECT_PROTECTED_FLATTEN_1Q_TRAIL_1Q,2019-07-21T23:00:00.000Z,28,900.139491,-584.1,-154.945307,161.094184,-78.929839,-0.747668,10081.416677,10161.094184,91.14301,62,40,22,9735,4177,68,54,45,11,2759.324306,D8F58E54C841F1E5B027B948D0D9D370C9BA31E7E027790FEFFCA7F70890E386
RAW_GRID_T100_S020_GATE90_DAVID_CONTRA__PROTECT_PROTECTED_FLATTEN_1Q_TRAIL_1Q,2019-07-28T23:00:00.000Z,28,31.354157,-656.46,-174.23996,-799.345803,-98.656111,-0.841411,9101.156675,9200.654197,-980.260002,47,47,0,10941,4590,73,59,45,21,3079.475,FB5B12CA63484ADAAFA35A31D559DDB6043D596E72C729E88A2585C638E0A6F8
RAW_GRID_T100_S020_GATE90_DAVID_CONTRA__PROTECT_PROTECTED_FLATTEN_1Q_TRAIL_1Q,2019-08-04T23:00:00.000Z,28,501.17063,-719.1,-190.791782,-408.721152,-12.14195,-0.273909,9578.862989,9591.278848,477.706314,22,19,3,11985,5044,73,59,45,21,3307.803472,7C71370EF48012EB3AE46BB412A5320347350C855A20E5029C965589D1B854D5
RAW_GRID_T100_S020_GATE90_DAVID_CONTRA__PROTECT_PROTECTED_FLATTEN_1Q_TRAIL_1Q,2019-08-11T23:00:00.000Z,28,777.220704,-751.14,-200.310868,-174.230164,3.899268,0.008828,9829.677932,9825.769836,250.814943,19,3,16,12519,5307,73,59,45,21,3441.5,E0576A844B5D78812E09EB074F6F1579D8FD8043EC9579A67432C5353548B0C8
RAW_GRID_T100_S020_GATE90_DAVID_CONTRA__PROTECT_PROTECTED_FLATTEN_1Q_TRAIL_1Q,2019-08-18T23:00:00.000Z,28,878.222201,-775.86,-203.441875,-101.079674,-5.465566,-0.001639,9893.453121,9898.920326,63.775189,5,1,4,12931,5512,73,59,45,21,3572.947917,3D8D484A43ECF3343A240680EE9B4EB72CA93E130564F4E04B3051421767733F
RAW_GRID_T100_S020_GATE90_DAVID_CONTRA__PROTECT_PROTECTED_FLATTEN_1Q_TRAIL_1Q,2019-08-25T23:00:00.000Z,28,1225.76523,-810.18,-208.488706,207.096524,-16.316099,-0.07128,10190.709145,10207.096524,297.256024,20,13,7,13503,5802,73,59,45,21,3675.222222,5CAF3D69BD0DEAEC6EE7FE6977EF5D3E4CD6463BBD8CE86486FBBC4258EAF0A8
RAW_GRID_T100_S020_GATE90_DAVID_CONTRA__PROTECT_PROTECTED_FLATTEN_1Q_TRAIL_1Q,2019-09-01T23:00:00.000Z,28,1263.071336,-850.74,-215.27529,197.056046,-118.126362,-0.402407,10078.527277,10197.056046,-112.181868,61,22,39,14179,6033,73,59,45,21,3837.947917,04D4092AB4855570272009B2E75EB5565C6840B656BAD0338898C3C836434264
RAW_GRID_T100_S020_GATE90_DAVID_CONTRA__PROTECT_PROTECTED_FLATTEN_1Q_TRAIL_1Q,2019-09-08T23:00:00.000Z,28,1339.203107,-893.52,-220.735303,224.947804,-165.659489,-0.04585,10059.242465,10224.947804,-19.284812,67,12,55,14892,6307,81,59,74,21,4104.408333,C090B4E30CB5C5757DA220B57733C5D01A871C629CE9C972187E5C5100CACF7E
RAW_GRID_T100_S020_GATE90_DAVID_CONTRA__PROTECT_PROTECTED_FLATTEN_1Q_TRAIL_1Q,2019-09-15T23:00:00.000Z,28,1278.734042,-934.02,-224.76816,119.945882,-39.807827,-0.409796,10079.728259,10119.945882,20.485794,39,31,8,15567,6599,81,59,74,21,4385.202778,9E9A3C51672E7551ADFF4174757E37363EF23538D6EE2150E5EAD22B8EFB3948
RAW_GRID_T100_S020_GATE90_DAVID_CONTRA__PROTECT_PROTECTED_FLATTEN_1Q_TRAIL_1Q,2019-09-22T23:00:00.000Z,28,1481.492106,-969,-237.601649,274.890457,-7.200126,-0.00564,10267.684691,10274.890457,187.956432,20,9,11,16150,6881,81,59,74,21,4561.995833,D48852FA6DA3121C23F638A1C739C3AC6DA0CDA488247F78891A1F572A83C65D
RAW_GRID_T100_S020_GATE90_DAVID_CONTRA__PROTECT_PROTECTED_FLATTEN_1Q_TRAIL_1Q,2019-09-29T23:00:00.000Z,28,1683.664913,-1016.88,-245.788811,420.996102,-25.51314,-0.236481,10395.246481,10420.996102,127.56179,24,15,9,16948,7182,81,59,74,21,4742.538194,03716E77135EA236AB23AD07A99A10B32C752BB55DB7B8932653B112E5AE11FA
RAW_GRID_T100_S020_GATE90_DAVID_CONTRA__PROTECT_PROTECTED_FLATTEN_1Q_TRAIL_1Q,2019-10-06T23:00:00.000Z,28,1672.798975,-1066.68,-252.042605,354.07637,-599.444942,0.206664,9754.838092,10354.07637,-640.408389,109,6,103,17778,7477,109,59,103,21,4907.81875,0453178F826F91F10CCCD432F864ECB391E010C9833B6F6525EED68881B3245D
RAW_GRID_T100_S020_GATE90_DAVID_CONTRA__PROTECT_PROTECTED_FLATTEN_1Q_TRAIL_1Q,2019-10-13T23:00:00.000Z,28,1687.679505,-1118.88,-253.104109,315.695396,-11.189135,0.064958,10304.571219,10315.695396,549.733127,27,4,23,18648,7821,112,59,105,21,5297.454861,770ECA0E9990C613DB9F364776C1BBDF59ED59819725EC5D7B99A964B6CEDB5B
RAW_GRID_T100_S020_GATE90_DAVID_CONTRA__PROTECT_PROTECTED_FLATTEN_1Q_TRAIL_1Q,2019-10-20T23:00:00.000Z,28,1833.291321,-1143.6,-255.031114,434.660207,-10.493163,-0.161055,10424.005989,10434.660207,119.43477,17,10,7,19060,8023,112,59,105,21,5458.302083,58A9FA34C0827BA97D4D6CBA96EC53772EE8FF5F11FB90B49B4E35C14D43F56D
RAW_GRID_T100_S020_GATE90_DAVID_CONTRA__PROTECT_PROTECTED_FLATTEN_1Q_TRAIL_1Q,2019-10-27T23:00:00.000Z,28,1914.966298,-1188.48,-259.346071,467.140227,-22.647373,-0.001681,10444.491173,10467.140227,20.485184,35,4,31,19808,8352,112,59,105,21,5612.590278,C6312276B45C93FA7ABAE6FBC978CF9F0AD9060263C108EEF0488E486C09BF76
RAW_GRID_T100_S020_GATE90_DAVID_CONTRA__PROTECT_PROTECTED_FLATTEN_1Q_TRAIL_1Q,2019-11-04T00:00:00.000Z,28,2128.623463,-1226.64,-262.377391,639.606072,-17.956994,-0.295672,10621.353406,10639.606072,176.862233,25,23,2,20444,8634,112,59,105,21,5800.790278,EADA8C3D323287FD0E6B7C107A445314F30342270B05AB7DC8A9FB96D93BE117
RAW_GRID_T100_S020_GATE90_DAVID_CONTRA__PROTECT_PROTECTED_FLATTEN_1Q_TRAIL_1Q,2019-11-11T00:00:00.000Z,28,2222.57566,-1262.88,-274.186233,685.509427,-17.49164,0.028694,10668.046481,10685.509427,46.693075,17,0,17,21048,8910,112,59,105,21,5972,955DFCED969083AB36843546C641AE8DCE87CFB5904A6EA08035A6788731CCA1
RAW_GRID_T100_S020_GATE90_DAVID_CONTRA__PROTECT_PROTECTED_FLATTEN_1Q_TRAIL_1Q,2019-11-18T00:00:00.000Z,28,2327.211188,-1301.04,-275.833647,750.337541,-12.133317,-0.159959,10738.044265,10750.337541,69.997784,22,17,5,21684,9204,112,59,105,21,6103.396528,4969745CAF7D96B269329175801F0325233C1A1172E38A185EE8124BD2EC8CA6
RAW_GRID_T100_S020_GATE90_DAVID_CONTRA__PROTECT_PROTECTED_FLATTEN_1Q_TRAIL_1Q,2019-11-25T00:00:00.000Z,28,2396.106071,-1331.4,-282.346895,782.359176,-30.287169,-0.007467,10752.06454,10782.359176,14.020275,29,6,23,22190,9457,112,59,105,21,6241.440278,6413074E39561837C7EA6872D3574E71CA4A28DDCC09365F4CA562BB1401B62F
RAW_GRID_T100_S020_GATE90_DAVID_CONTRA__PROTECT_PROTECTED_FLATTEN_1Q_TRAIL_1Q,2019-12-02T00:00:00.000Z,28,2330.147097,-1378.26,-286.792386,665.094711,-54.714485,-0.336224,10610.044002,10665.094711,-142.020538,46,30,16,22971,9748,112,59,105,21,6436.632639,FBB7B58B98C6A2322CEDD6922C8B117AB35BFD75D7F89B3C13C7CB848F77D69E
RAW_GRID_T100_S020_GATE90_DAVID_CONTRA__PROTECT_PROTECTED_FLATTEN_1Q_TRAIL_1Q,2019-12-09T00:00:00.000Z,28,2619.150212,-1432.08,-296.285769,890.784443,-27.319694,-0.035867,10863.428882,10890.784443,253.38488,30,23,7,23868,10176,112,59,105,21,6650.374306,D768948C86A04C4E67826EC7EC500A51F1A6274711EBCD4BD6A7C82439C0C082
RAW_GRID_T100_S020_GATE90_DAVID_CONTRA__PROTECT_PROTECTED_FLATTEN_1Q_TRAIL_1Q,2019-12-16T00:00:00.000Z,28,2502.47994,-1466.88,-308.078899,727.521041,-33.831232,-0.185219,10693.50459,10727.521041,-169.924292,26,14,12,24448,10410,112,59,105,21,6830.952083,0C8C1D9175CAA7883FC7CBEFEFD9AFE0AD46834B231C5267AA10E652878B7769
RAW_GRID_T100_S020_GATE90_DAVID_CONTRA__PROTECT_PROTECTED_FLATTEN_1Q_TRAIL_1Q,2019-12-23T00:00:00.000Z,28,2445.411539,-1488.54,-313.993579,642.87796,-63.423865,-0.119915,10579.33418,10642.87796,-114.17041,48,11,37,24809,10533,112,59,105,21,6973.291667,95C5B3D9ABB76AE94B98A8D0FAD1BC4A7B6A487C5EA2F02D6A8BD98277068847
RAW_GRID_T100_S020_GATE90_DAVID_CONTRA__PROTECT_PROTECTED_FLATTEN_1Q_TRAIL_1Q,2019-12-30T00:00:00.000Z,28,2553.15235,-1525.86,-320.995635,706.296715,-57.035868,-1.143512,10648.117335,10706.296715,68.783155,39,39,0,25431,10809,112,59,105,21,7181.372222,858CE7857B023DFF456FAEEFAA6C34E09EFA9FE10E0415B39A44035000C04F73
RAW_GRID_T100_S020_GATE90_TRIANGLE_V0_NO_CANDIDATE_B,2019-04-14T23:00:00.000Z,28,-7.053186,-0.72,-0.000614,-7.7738,0,0,9992.2262,9992.2262,-7.7738,0,0,0,12,2,6,1,6,5,2.445833,46C4B126AAE081FC5DD42ED639260335E778A9CF64270FDFF163B5264F7767DE
RAW_GRID_T100_S020_GATE90_TRIANGLE_V0_NO_CANDIDATE_B,2019-04-21T23:00:00.000Z,28,-8.695929,-2.58,-0.380314,-11.656243,0.510002,0.001194,9988.854953,9988.343757,-3.371247,2,0,2,43,11,6,6,6,5,7.888889,08D702AA5E3B022B7DF7BEBADD0A7853E211E5C25BE5EF6EE5A4BAA49C68F488
RAW_GRID_T100_S020_GATE90_TRIANGLE_V0_NO_CANDIDATE_B,2019-04-28T23:00:00.000Z,28,8.940311,-3.78,-0.356562,4.803749,-6.515325,0.000576,9998.289,10004.803749,9.434047,4,0,4,63,22,8,6,8,5,13.845139,2CBC79C225E3C5E13FEFB426F3394DDD7AE310C9972CD180454C7870592E3FEE
RAW_GRID_T100_S020_GATE90_TRIANGLE_V0_NO_CANDIDATE_B,2019-05-05T23:00:00.000Z,28,6.619092,-5.04,-0.517193,1.061899,-0.999077,-0.017894,10000.044928,10001.061899,1.755928,2,2,0,84,31,8,6,8,5,26.561806,A29C7FF68AF6A7EA187D9A2075FDEE1240D5107109066DBF6AC14533F8C781A6
RAW_GRID_T100_S020_GATE90_TRIANGLE_V0_NO_CANDIDATE_B,2019-05-12T23:00:00.000Z,28,13.096501,-5.88,-1.132959,6.083542,-1.872178,-0.010571,10004.200793,10006.083542,4.155865,3,3,0,98,37,8,6,8,5,33.329167,1F44B75339A187E051F820E92053D943C5C53AB8801DB2E0EF5CE635C666400F
RAW_GRID_T100_S020_GATE90_TRIANGLE_V0_NO_CANDIDATE_B,2019-05-19T23:00:00.000Z,28,21.035087,-6.42,-1.810584,12.804503,-0.185744,0.001222,10012.619981,10012.804503,8.419188,2,0,2,107,43,8,6,8,5,40.972917,11FA801F33CEF6C1C99FDC9193532E45D20AE5108E0393490C36896771B973BA
RAW_GRID_T100_S020_GATE90_TRIANGLE_V0_NO_CANDIDATE_B,2019-05-26T23:00:00.000Z,28,30.694238,-7.26,-1.791665,21.642573,1.803418,0.000132,10023.446123,10021.642573,10.826142,2,0,2,121,52,8,6,8,5,46.495139,A3D53CDD508B33F800414E1B4FD77B5EDE245F0A90DDD4AB5FDD72110AF8850B
RAW_GRID_T100_S020_GATE90_TRIANGLE_V0_NO_CANDIDATE_B,2019-06-02T23:00:00.000Z,28,43.644262,-9.06,-1.791935,32.792327,1.269681,-0.017385,10034.044623,10032.792327,10.5985,2,2,0,151,66,8,6,8,5,53.283333,D4F7C1D39986C1FAC831255B74AD352A82D2818D283FC3D0C44F6D3CE8917E31
RAW_GRID_T100_S020_GATE90_TRIANGLE_V0_NO_CANDIDATE_B,2019-06-09T23:00:00.000Z,28,45.904502,-9.48,-2.416409,34.008093,0.540198,0.000875,10034.549166,10034.008093,0.504543,1,0,1,158,69,8,6,8,5,60.111806,1B0D167FBB463210B1032A87C1D2A79F21C9A3F76BB29C8909B9A7A81C2C7196
RAW_GRID_T100_S020_GATE90_TRIANGLE_V0_NO_CANDIDATE_B,2019-06-16T23:00:00.000Z,28,58.482951,-10.62,-2.497598,45.365353,0.491637,0.000326,10045.857316,10045.365353,11.30815,2,0,2,177,80,8,6,8,5,63.893056,08D1E59D4AD5F3813BD0ECCB166C5F0EF3E2D3DDD8D278A68D8596C547FD9D2D
RAW_GRID_T100_S020_GATE90_TRIANGLE_V0_NO_CANDIDATE_B,2019-06-23T23:00:00.000Z,28,57.128405,-11.22,-2.46761,43.440795,0.266621,0.000083,10043.707499,10043.440795,-2.149817,1,0,1,187,88,8,6,8,5,69.702778,4BA21920B48FEF7FC2E960CDE0798741E85009661BB4A07B417BA252F173A117
RAW_GRID_T100_S020_GATE90_TRIANGLE_V0_NO_CANDIDATE_B,2019-06-30T23:00:00.000Z,28,54.562463,-11.34,-2.47619,40.746273,0,0,10040.746273,10040.746273,-2.961226,0,0,0,189,88,8,6,8,5,72.439583,6F8D418A3C998E428954FA1559AA2DFC5B13915DA8E92B35889F6936658C1BEB
RAW_GRID_T100_S020_GATE90_TRIANGLE_V0_NO_CANDIDATE_B,2019-07-07T23:00:00.000Z,28,54.562463,-11.34,-2.47619,40.746273,0,0,10040.746273,10040.746273,0,0,0,0,189,88,8,6,8,5,72.439583,CA68CA2ACB94DE9574574CE37C665F8B519F5657A7DCBEF23ADA6D61050EE0CB
RAW_GRID_T100_S020_GATE90_TRIANGLE_V0_NO_CANDIDATE_B,2019-07-14T23:00:00.000Z,28,53.935925,-12.48,-2.525123,38.930802,0,0,10038.930802,10038.930802,-1.815471,0,0,0,208,97,8,6,8,5,74.75,58B6753CC351AA3328333B83169692DCD0CF4DDDA0D8FED38AA6E94CEA9F9BB2
RAW_GRID_T100_S020_GATE90_TRIANGLE_V0_NO_CANDIDATE_B,2019-07-21T23:00:00.000Z,28,58.557506,-13.08,-2.552862,42.924644,-0.3037,-0.002547,10042.618397,10042.924644,3.687595,1,1,0,218,99,8,6,8,5,76.778472,7CE9C98FE5E447E82AE91C4979A0CCF53142DC66A3A4ABFFAC036998782FA19D
RAW_GRID_T100_S020_GATE90_TRIANGLE_V0_NO_CANDIDATE_B,2019-07-28T23:00:00.000Z,28,8.121528,-16.98,-3.131031,-11.989503,-0.539062,-0.005285,9987.46615,9988.010497,-55.152247,3,3,0,283,119,12,12,8,10,83.215972,9A076ED4F084095FBA802237CD1BD41C06B165BAC87929C6C529918913871DD6
RAW_GRID_T100_S020_GATE90_TRIANGLE_V0_NO_CANDIDATE_B,2019-08-04T23:00:00.000Z,28,45.037488,-19.08,-3.954982,22.002506,0,0,10022.002506,10022.002506,34.536356,0,0,0,318,134,12,12,8,10,93.368056,7B6FB880A7C35560C88541EE9B40A250653C9B6F1DBF868AC403F31A7E3055F5
RAW_GRID_T100_S020_GATE90_TRIANGLE_V0_NO_CANDIDATE_B,2019-08-11T23:00:00.000Z,28,65.389646,-19.8,-4.007679,41.581967,0,0,10041.581967,10041.581967,19.579461,0,0,0,330,140,12,12,8,10,94.299306,692A697C81E745BACF66E4B84E889160CEBD205A5C810C542C7CB3CAE1210C78
RAW_GRID_T100_S020_GATE90_TRIANGLE_V0_NO_CANDIDATE_B,2019-08-18T23:00:00.000Z,28,79.304607,-20.58,-4.045093,54.679514,0,0,10054.679514,10054.679514,13.097547,0,0,0,343,146,12,12,8,10,95.777083,3033FA3B921D8FDA8025E9E98616ADACC7C263A0E2F49F23C5B85E58E40F38C5
RAW_GRID_T100_S020_GATE90_TRIANGLE_V0_NO_CANDIDATE_B,2019-08-25T23:00:00.000Z,28,82.233275,-21.48,-4.063704,56.689571,0,0,10056.689571,10056.689571,2.010057,0,0,0,358,152,12,12,8,10,97.786111,C8A846F41FDE17BBF5B359781CAA1CF6216358F0CBEA50F7EDE4D9CCA83DE882
RAW_GRID_T100_S020_GATE90_TRIANGLE_V0_NO_CANDIDATE_B,2019-09-01T23:00:00.000Z,28,88.213659,-21.78,-4.058878,62.374781,0,0,10062.374781,10062.374781,5.68521,0,0,0,363,156,12,12,8,10,98.26875,EAFFE5977C75A1DD03A0384CF882EF290C4DEEA766DB27762EDEB11F3DAA4F47
RAW_GRID_T100_S020_GATE90_TRIANGLE_V0_NO_CANDIDATE_B,2019-09-08T23:00:00.000Z,28,101.426902,-22.68,-4.029697,74.717205,0,0,10074.717205,10074.717205,12.342424,0,0,0,378,163,12,12,8,10,101.186806,AAE511544C83E8A4E09AC4803B4255655B908B9CAE4C77DC079967BACE297154
RAW_GRID_T100_S020_GATE90_TRIANGLE_V0_NO_CANDIDATE_B,2019-09-15T23:00:00.000Z,28,109.180243,-23.4,-4.053009,81.727234,0,0,10081.727234,10081.727234,7.010029,0,0,0,390,169,12,12,8,10,101.588889,981677C36E4C2CAC3AFE7174389088B53B1A7FB852BA07415DE9708CEA30D91D
RAW_GRID_T100_S020_GATE90_TRIANGLE_V0_NO_CANDIDATE_B,2019-09-22T23:00:00.000Z,28,116.14156,-24.54,-4.313962,87.287598,0,0,10087.287598,10087.287598,5.560364,0,0,0,409,177,12,12,8,10,104.915972,146CD6502556773A6CF186AA9C3AC9BBD0E7FB452984BEB63EEC1CAF9041FAD8
RAW_GRID_T100_S020_GATE90_TRIANGLE_V0_NO_CANDIDATE_B,2019-09-29T23:00:00.000Z,28,195.069456,-26.16,-4.349353,164.560103,0,0,10164.560103,10164.560103,77.272505,0,0,0,436,202,12,12,8,10,106.122917,CDC5C1CA2C6299CBA3A8630AFE145B8195038F4CA0B6DD7C09677FBBE5A79671
RAW_GRID_T100_S020_GATE90_TRIANGLE_V0_NO_CANDIDATE_B,2019-10-06T23:00:00.000Z,28,-18.588515,-29.16,-4.402469,-52.150984,-2.340055,0.001167,9945.510128,9947.849016,-219.049975,4,0,4,486,207,12,12,10,10,113.050694,5A9FA639F9C10923D9B6C08C748246981CEF921BB8732D6B9323D3EABA6125D6
RAW_GRID_T100_S020_GATE90_TRIANGLE_V0_NO_CANDIDATE_B,2019-10-13T23:00:00.000Z,28,64.709577,-31.8,-4.338029,28.571548,0,0,10028.571548,10028.571548,83.06142,0,0,0,530,238,12,12,10,10,127.09375,BACFF43365E2D75D26E228CB0E949EB5CD656D2E8FE0CEF2602AB34C647CABA8
RAW_GRID_T100_S020_GATE90_TRIANGLE_V0_NO_CANDIDATE_B,2019-10-20T23:00:00.000Z,28,66.215508,-31.86,-4.337953,30.017555,0,0,10030.017555,10030.017555,1.446007,0,0,0,531,239,12,12,10,10,127.101389,D64808B77BA0BBA250445F6AB0CAF391EE013A32FD9D7CCA64C13523EAA98112
RAW_GRID_T100_S020_GATE90_TRIANGLE_V0_NO_CANDIDATE_B,2019-10-27T23:00:00.000Z,28,85.949334,-33.36,-4.360907,48.228427,-0.098806,0.000375,10048.129996,10048.228427,18.112441,1,0,1,556,253,12,12,10,10,129.559028,B35685822709A86E0BF23CD35DBC1818FCFBB838C67D90AB63EBD26FEDBE3CCB
RAW_GRID_T100_S020_GATE90_TRIANGLE_V0_NO_CANDIDATE_B,2019-11-04T00:00:00.000Z,28,99.041803,-34.26,-4.36181,60.419993,0,0,10060.419993,10060.419993,12.289997,0,0,0,571,260,12,12,10,10,133.967361,A8FE04535A00DCCC130BB4C13F942CD940945E9D90A1FD6A5D01D31380DD4710
RAW_GRID_T100_S020_GATE90_TRIANGLE_V0_NO_CANDIDATE_B,2019-11-11T00:00:00.000Z,28,104.580272,-34.8,-4.372089,65.408183,0.272906,0.002563,10065.683652,10065.408183,5.263659,3,0,3,580,266,12,12,10,10,134.316667,4A0E4371D100C04EDA3EF4AF0D460DFC7F96CD91DDDD99BF2B278E84221FC36E
RAW_GRID_T100_S020_GATE90_TRIANGLE_V0_NO_CANDIDATE_B,2019-11-18T00:00:00.000Z,28,130.866717,-36.36,-4.451531,90.055186,0.085936,-0.005446,10090.135676,10090.055186,24.452024,2,1,1,606,285,12,12,10,10,144.515972,C6B2CD2F7422AD8EC508C5ED623DCAE049BA275394A133CAB92D2391E9F4FFE5
RAW_GRID_T100_S020_GATE90_TRIANGLE_V0_NO_CANDIDATE_B,2019-11-25T00:00:00.000Z,28,133.702546,-36.66,-4.718813,92.323733,0,0,10092.323733,10092.323733,2.188057,0,0,0,611,288,12,12,10,10,150.54375,9AD18468024A5A7A0FEE046B8AE85EC30EFD45444D335324CBE11F5E8E7D92D8
RAW_GRID_T100_S020_GATE90_TRIANGLE_V0_NO_CANDIDATE_B,2019-12-02T00:00:00.000Z,28,140.049872,-37.08,-4.745712,98.22416,0,0,10098.22416,10098.22416,5.900427,0,0,0,618,295,12,12,10,10,150.904861,24F80CCE4EA4BE43664F9821170B03B3B91AA2BFFC3EB1A14D6941898DADB537
RAW_GRID_T100_S020_GATE90_TRIANGLE_V0_NO_CANDIDATE_B,2019-12-09T00:00:00.000Z,28,157.22814,-39.6,-4.91509,112.71305,-7.643351,-0.0106,10105.059099,10112.71305,6.834939,9,8,1,660,307,13,12,10,10,154.342361,B06E18015FCC38916FF8A6D7A8FBD36EF31FE92AB575882380F2BA084966CB16
RAW_GRID_T100_S020_GATE90_TRIANGLE_V0_NO_CANDIDATE_B,2019-12-16T00:00:00.000Z,28,164.972307,-40.2,-6.837258,117.935049,-0.480001,-0.00917,10117.445878,10117.935049,12.386779,1,1,0,670,310,13,12,10,10,177.941667,F67966DBED2922C55D2162BB120FD64BAB34C9DB0F054443F41A1DE90CDF770F
RAW_GRID_T100_S020_GATE90_TRIANGLE_V0_NO_CANDIDATE_B,2019-12-23T00:00:00.000Z,28,164.100584,-40.5,-7.061771,116.538813,1.094578,0.000947,10117.634338,10116.538813,0.18846,4,1,3,675,310,13,12,10,10,180.661111,A2551CCE53ED12EF6AE45B44B86220D00A43DE835FBA7A4D4A757111078B0735
RAW_GRID_T100_S020_GATE90_TRIANGLE_V0_NO_CANDIDATE_B,2019-12-30T00:00:00.000Z,28,166.07958,-41.34,-7.306958,117.432622,0,0,10117.432622,10117.432622,-0.201716,0,0,0,689,318,13,12,10,10,191.539583,0DC12518FC2C8A6A1580EDD8ED7E394CB5F49686A17CEEE47BE7402E859065E8
RAW_GRID_T100_S020_GATE90_TRIANGLE_V0_NO_CANDIDATE_B__PROTECT_LOCK_1Q_STOP_ADDS,2019-04-14T23:00:00.000Z,28,-7.053186,-0.72,-0.000614,-7.7738,0,0,9992.2262,9992.2262,-7.7738,0,0,0,12,2,6,1,6,5,2.445833,862205950C2F9EB36BDDCC33CE4F78851DADDF44A4641433475B6E601941109B
RAW_GRID_T100_S020_GATE90_TRIANGLE_V0_NO_CANDIDATE_B__PROTECT_LOCK_1Q_STOP_ADDS,2019-04-21T23:00:00.000Z,28,-7.294754,-2.28,-0.327841,-9.902595,0.510002,0.001194,9990.608601,9990.097405,-1.617599,2,0,2,38,11,6,6,6,5,7.316667,067AC9939C863757F319463C9C3D808677F970EBC8DC5A2BC78C2AEBE682B407
RAW_GRID_T100_S020_GATE90_TRIANGLE_V0_NO_CANDIDATE_B__PROTECT_LOCK_1Q_STOP_ADDS,2019-04-28T23:00:00.000Z,28,10.341486,-3.48,-0.304089,6.557397,-6.515325,0.000576,10000.042648,10006.557397,9.434047,4,0,4,58,22,8,6,8,5,13.272917,52A293FDCB9FF71BFD9E8D6C88F31C1CC79C4BE82CF75EF66594E957186FAAC7
RAW_GRID_T100_S020_GATE90_TRIANGLE_V0_NO_CANDIDATE_B__PROTECT_LOCK_1Q_STOP_ADDS,2019-05-05T23:00:00.000Z,28,7.164835,-4.68,-0.454276,2.030559,-0.999077,-0.017894,10001.013588,10002.030559,0.97094,2,2,0,78,31,8,6,8,5,25.875694,A3FEC8EE51D5AE1EA0454C70AC478377E0E16561EC0909EFADC9260BCD8DB918
RAW_GRID_T100_S020_GATE90_TRIANGLE_V0_NO_CANDIDATE_B__PROTECT_LOCK_1Q_STOP_ADDS,2019-05-12T23:00:00.000Z,28,13.642244,-5.52,-1.070042,7.052202,-1.872178,-0.010571,10005.169453,10007.052202,4.155865,3,3,0,92,37,8,6,8,5,32.643056,7CEF3707E9E77D14387CBB7FF10848376E7E17FC67244433005B3D108023527F
RAW_GRID_T100_S020_GATE90_TRIANGLE_V0_NO_CANDIDATE_B__PROTECT_LOCK_1Q_STOP_ADDS,2019-05-19T23:00:00.000Z,28,21.58083,-6.06,-1.747667,13.773163,-0.185744,0.001222,10013.588641,10013.773163,8.419188,2,0,2,101,43,8,6,8,5,40.286806,F0D2CB73425297A714C99FC71FD5465FF6812D08C7CC074B131A4E0C4448FCDB
RAW_GRID_T100_S020_GATE90_TRIANGLE_V0_NO_CANDIDATE_B__PROTECT_LOCK_1Q_STOP_ADDS,2019-05-26T23:00:00.000Z,28,31.239981,-6.9,-1.728748,22.611233,1.803418,0.000132,10024.414783,10022.611233,10.826142,2,0,2,115,52,8,6,8,5,45.809028,C5927283B4538126889D125F9ADF4EED07F07194889C00946AF54A9D6D8927C4
RAW_GRID_T100_S020_GATE90_TRIANGLE_V0_NO_CANDIDATE_B__PROTECT_LOCK_1Q_STOP_ADDS,2019-06-02T23:00:00.000Z,28,44.190005,-8.7,-1.729018,33.760987,1.269681,-0.017385,10035.013283,10033.760987,10.5985,2,2,0,145,66,8,6,8,5,52.597222,6E9A8016487E72BC2F3AAEBD48BE92D751C0D32C2CE2A12DFCEF897D913D10D6
RAW_GRID_T100_S020_GATE90_TRIANGLE_V0_NO_CANDIDATE_B__PROTECT_LOCK_1Q_STOP_ADDS,2019-06-09T23:00:00.000Z,28,46.450245,-9.12,-2.353492,34.976753,0.540198,0.000875,10035.517826,10034.976753,0.504543,1,0,1,152,69,8,6,8,5,59.425694,629DB58A3BCCF95DC79166858672526A60450990C5A787639EF56E86D8CC1F57
RAW_GRID_T100_S020_GATE90_TRIANGLE_V0_NO_CANDIDATE_B__PROTECT_LOCK_1Q_STOP_ADDS,2019-06-16T23:00:00.000Z,28,57.580088,-10.2,-2.426784,44.953304,0.491637,0.000326,10045.445267,10044.953304,9.927441,2,0,2,170,80,8,6,8,5,63.120833,4F113AF307405F3D661F238C1175D1207BB3FB2A8B580DEC2025CF171EE94265
RAW_GRID_T100_S020_GATE90_TRIANGLE_V0_NO_CANDIDATE_B__PROTECT_LOCK_1Q_STOP_ADDS,2019-06-23T23:00:00.000Z,28,56.225542,-10.8,-2.396796,43.028746,0.266621,0.000083,10043.29545,10043.028746,-2.149817,1,0,1,180,88,8,6,8,5,68.930556,4BFB0587C3032830D0E0FD22C853E4D8409A71B45295316A9AA5239EDAE4CA95
RAW_GRID_T100_S020_GATE90_TRIANGLE_V0_NO_CANDIDATE_B__PROTECT_LOCK_1Q_STOP_ADDS,2019-06-30T23:00:00.000Z,28,53.6596,-10.92,-2.405376,40.334224,0,0,10040.334224,10040.334224,-2.961226,0,0,0,182,88,8,6,8,5,71.667361,393860F255718F9E09FAA88FCD09B656876907A096041110BC8A53CB35327B84
RAW_GRID_T100_S020_GATE90_TRIANGLE_V0_NO_CANDIDATE_B__PROTECT_LOCK_1Q_STOP_ADDS,2019-07-07T23:00:00.000Z,28,53.6596,-10.92,-2.405376,40.334224,0,0,10040.334224,10040.334224,0,0,0,0,182,88,8,6,8,5,71.667361,618E97908A2D5F79F9DCDE3A8E6A87BD5CEF018B7B1BEE2EA4B2B5A00EE485AF
RAW_GRID_T100_S020_GATE90_TRIANGLE_V0_NO_CANDIDATE_B__PROTECT_LOCK_1Q_STOP_ADDS,2019-07-14T23:00:00.000Z,28,60.673066,-11.76,-2.462205,46.450861,0,0,10046.450861,10046.450861,6.116637,0,0,0,196,97,8,6,8,5,73.188194,F473CC4B2023A6AE08C3A6AA8F5255FCDF22D6EC64D094EB2E07C5FE7000375B
RAW_GRID_T100_S020_GATE90_TRIANGLE_V0_NO_CANDIDATE_B__PROTECT_LOCK_1Q_STOP_ADDS,2019-07-21T23:00:00.000Z,28,65.294647,-12.36,-2.489944,50.444703,-0.3037,-0.002547,10050.138456,10050.444703,3.687595,1,1,0,206,99,8,6,8,5,75.216667,3A048AAD86929F1AA49C6CE3BDDE403E0E48C71B3D29331F89E9F69FBB4307D6
RAW_GRID_T100_S020_GATE90_TRIANGLE_V0_NO_CANDIDATE_B__PROTECT_LOCK_1Q_STOP_ADDS,2019-07-28T23:00:00.000Z,28,14.858669,-16.26,-3.068113,-4.469444,-0.539062,-0.005285,9994.986209,9995.530556,-55.152247,3,3,0,271,119,12,12,8,10,81.654167,902AB938D8F861756BC53AC65477C12FF4AEC1541B23EBC6AEE49D2C3E088050
RAW_GRID_T100_S020_GATE90_TRIANGLE_V0_NO_CANDIDATE_B__PROTECT_LOCK_1Q_STOP_ADDS,2019-08-04T23:00:00.000Z,28,44.747672,-18.24,-3.884423,22.623249,0,0,10022.623249,10022.623249,27.63704,0,0,0,304,134,12,12,8,10,91.722917,C7FF7DA5AB8E7EDE3BF89B0AC48C5B0C0F289741A4CB467910330CCD869B3238
RAW_GRID_T100_S020_GATE90_TRIANGLE_V0_NO_CANDIDATE_B__PROTECT_LOCK_1Q_STOP_ADDS,2019-08-11T23:00:00.000Z,28,65.09983,-18.96,-3.93712,42.20271,0,0,10042.20271,10042.20271,19.579461,0,0,0,316,140,12,12,8,10,92.654167,332799B51BB8DB1A78F33B002561BEBDC429AB219A90F9E240BBF521DD60FADB
RAW_GRID_T100_S020_GATE90_TRIANGLE_V0_NO_CANDIDATE_B__PROTECT_LOCK_1Q_STOP_ADDS,2019-08-18T23:00:00.000Z,28,79.014791,-19.74,-3.974534,55.300257,0,0,10055.300257,10055.300257,13.097547,0,0,0,329,146,12,12,8,10,94.131944,F5FFF7D592615BD8C18FAB3331A2AC15AA5CA4321C8A68241933556772C2170D
RAW_GRID_T100_S020_GATE90_TRIANGLE_V0_NO_CANDIDATE_B__PROTECT_LOCK_1Q_STOP_ADDS,2019-08-25T23:00:00.000Z,28,81.943459,-20.64,-3.993147,57.310312,0,0,10057.310312,10057.310312,2.010055,0,0,0,344,152,12,12,8,10,96.140972,0D475F6797638CFFD6E4EDCC80CF0081F6BC05AABE93BFBB05844FD32FBC65BD
RAW_GRID_T100_S020_GATE90_TRIANGLE_V0_NO_CANDIDATE_B__PROTECT_LOCK_1Q_STOP_ADDS,2019-09-01T23:00:00.000Z,28,87.923843,-20.94,-3.988321,62.995522,0,0,10062.995522,10062.995522,5.68521,0,0,0,349,156,12,12,8,10,96.623611,69357DEFDBA6686C4B913D6A997A3A19E697643B0E41C34D4C0D742772AE6F37
RAW_GRID_T100_S020_GATE90_TRIANGLE_V0_NO_CANDIDATE_B__PROTECT_LOCK_1Q_STOP_ADDS,2019-09-08T23:00:00.000Z,28,99.624089,-21.72,-3.961244,73.942845,0,0,10073.942845,10073.942845,10.947323,0,0,0,362,163,12,12,8,10,99.33125,4820F61D53EF0583248286DC5539C7EDC000C7AE2C06B2D12BDE3567961C9AC6
RAW_GRID_T100_S020_GATE90_TRIANGLE_V0_NO_CANDIDATE_B__PROTECT_LOCK_1Q_STOP_ADDS,2019-09-15T23:00:00.000Z,28,105.210196,-22.26,-3.984472,78.965724,0,0,10078.965724,10078.965724,5.022879,0,0,0,371,168,12,12,8,10,99.741667,B5E19004D29D5F15FF08B6DD302EC32C99AE418CD74DE98EF16CD0570EB4CF1F
RAW_GRID_T100_S020_GATE90_TRIANGLE_V0_NO_CANDIDATE_B__PROTECT_LOCK_1Q_STOP_ADDS,2019-09-22T23:00:00.000Z,28,112.171513,-23.4,-4.245425,84.526088,0,0,10084.526088,10084.526088,5.560364,0,0,0,390,176,12,12,8,10,103.06875,196B8E66D94D1ACB2CA81B7DB85579778A68B86C87DB49C24373AFCD97498B41
RAW_GRID_T100_S020_GATE90_TRIANGLE_V0_NO_CANDIDATE_B__PROTECT_LOCK_1Q_STOP_ADDS,2019-09-29T23:00:00.000Z,28,191.099409,-25.02,-4.280816,161.798593,0,0,10161.798593,10161.798593,77.272505,0,0,0,417,201,12,12,8,10,104.275694,D8ABDB261B714C210C571BBF3630726F36D2D4FCDD725DAA0982380C00EB4CBF
RAW_GRID_T100_S020_GATE90_TRIANGLE_V0_NO_CANDIDATE_B__PROTECT_LOCK_1Q_STOP_ADDS,2019-10-06T23:00:00.000Z,28,-21.231773,-27.54,-4.346176,-53.117949,-16.468868,0.003201,9930.416384,9946.882051,-231.382209,4,0,4,459,205,12,12,10,10,109.979167,2FBC783E6762C667153AC6BE603E292AA81B8D6CC166DC580193906EE30B399E
RAW_GRID_T100_S020_GATE90_TRIANGLE_V0_NO_CANDIDATE_B__PROTECT_LOCK_1Q_STOP_ADDS,2019-10-13T23:00:00.000Z,28,46.65691,-30.06,-4.280798,12.316112,0,0,10012.316112,10012.316112,81.899728,0,0,0,501,236,12,12,10,10,124.115972,8E664F3E2DC65C322F05DBACF3E727AA926D567930233C198A3FAD1B6F4B8DE2
RAW_GRID_T100_S020_GATE90_TRIANGLE_V0_NO_CANDIDATE_B__PROTECT_LOCK_1Q_STOP_ADDS,2019-10-20T23:00:00.000Z,28,48.162841,-30.12,-4.280722,13.762119,0,0,10013.762119,10013.762119,1.446007,0,0,0,502,237,12,12,10,10,124.123611,A4E96DFAF9B54DE04962C0E9813F817D5545C5F0F1751BFFEC5C4A8A5E83F753
RAW_GRID_T100_S020_GATE90_TRIANGLE_V0_NO_CANDIDATE_B__PROTECT_LOCK_1Q_STOP_ADDS,2019-10-27T23:00:00.000Z,28,67.896667,-31.62,-4.303676,31.972991,-0.098806,0.000375,10031.87456,10031.972991,18.112441,1,0,1,527,251,12,12,10,10,126.58125,38B62E140886B1FC9909F15E8DB4EA1A09551F89D1380D56E13101DBF4EADC70
RAW_GRID_T100_S020_GATE90_TRIANGLE_V0_NO_CANDIDATE_B__PROTECT_LOCK_1Q_STOP_ADDS,2019-11-04T00:00:00.000Z,28,80.989136,-32.52,-4.304579,44.164557,0,0,10044.164557,10044.164557,12.289997,0,0,0,542,258,12,12,10,10,130.989583,E26FCFB44621357DF7A0ABDC7E7DA78A33B325662344A9A39ED04CB36BDB32F6
RAW_GRID_T100_S020_GATE90_TRIANGLE_V0_NO_CANDIDATE_B__PROTECT_LOCK_1Q_STOP_ADDS,2019-11-11T00:00:00.000Z,28,86.527605,-33.06,-4.314858,49.152747,0.272906,0.002563,10049.428216,10049.152747,5.263659,3,0,3,551,264,12,12,10,10,131.338889,580D2007BD554AF6DD5BE85C73A3AA9C5F2F37DEBDEB6D495B153EECCE620D99
RAW_GRID_T100_S020_GATE90_TRIANGLE_V0_NO_CANDIDATE_B__PROTECT_LOCK_1Q_STOP_ADDS,2019-11-18T00:00:00.000Z,28,112.998286,-34.56,-4.384939,74.053347,0.085936,-0.005446,10074.133837,10074.053347,24.705621,2,1,1,576,283,12,12,10,10,141.436111,BBC804D4CDF09DE8BB3E541C2DC28B777941C89BF7D6509EF789CFD1D7C359AC
RAW_GRID_T100_S020_GATE90_TRIANGLE_V0_NO_CANDIDATE_B__PROTECT_LOCK_1Q_STOP_ADDS,2019-11-25T00:00:00.000Z,28,115.834115,-34.86,-4.652221,76.321894,0,0,10076.321894,10076.321894,2.188057,0,0,0,581,286,12,12,10,10,147.463889,373C28445D71D088C445916CFF01858329446007F620E81F9CA49D7F1766431E
RAW_GRID_T100_S020_GATE90_TRIANGLE_V0_NO_CANDIDATE_B__PROTECT_LOCK_1Q_STOP_ADDS,2019-12-02T00:00:00.000Z,28,122.181441,-35.28,-4.67912,82.222321,0,0,10082.222321,10082.222321,5.900427,0,0,0,588,293,12,12,10,10,147.825,FA6F8C6A6D901FE7E4E60DF733C20B2FCC288FCC4710C795B81DEF4CE6BEE8AE
RAW_GRID_T100_S020_GATE90_TRIANGLE_V0_NO_CANDIDATE_B__PROTECT_LOCK_1Q_STOP_ADDS,2019-12-09T00:00:00.000Z,28,139.258567,-37.74,-4.849512,96.669055,-7.643351,-0.0106,10089.015104,10096.669055,6.792783,9,8,1,629,305,13,12,10,10,151.161111,FE3A05E0C98935EFEDAFEA7DA33AA07F409AB7A86D5F9F85D5928B2450BD891A
RAW_GRID_T100_S020_GATE90_TRIANGLE_V0_NO_CANDIDATE_B__PROTECT_LOCK_1Q_STOP_ADDS,2019-12-16T00:00:00.000Z,28,147.002734,-38.34,-6.77168,101.891054,-0.480001,-0.00917,10101.401883,10101.891054,12.386779,1,1,0,639,308,13,12,10,10,174.760417,A8F0DD103F14CB438D695BEA8F0FC3EB9D38E22B320C127DE29B4CA5B725D5CA
RAW_GRID_T100_S020_GATE90_TRIANGLE_V0_NO_CANDIDATE_B__PROTECT_LOCK_1Q_STOP_ADDS,2019-12-23T00:00:00.000Z,28,146.131011,-38.64,-6.996193,100.494818,1.094578,0.000947,10101.590343,10100.494818,0.18846,4,1,3,644,308,13,12,10,10,177.479861,0C16AAB477748B0DCD35C8342434C95279E151C365059FF6A0946C2FA7355058
RAW_GRID_T100_S020_GATE90_TRIANGLE_V0_NO_CANDIDATE_B__PROTECT_LOCK_1Q_STOP_ADDS,2019-12-30T00:00:00.000Z,28,148.110007,-39.48,-7.24138,101.388627,0,0,10101.388627,10101.388627,-0.201716,0,0,0,658,316,13,12,10,10,188.358333,B3EAB0322E453F81C6364A6DA9F410366B753931FB48771E5AF522FF422635CE
RAW_GRID_T100_S020_GATE90_TRIANGLE_V0_NO_CANDIDATE_B__PROTECT_TRAIL_1Q_1Q,2019-04-14T23:00:00.000Z,28,-7.053186,-0.72,-0.000614,-7.7738,0,0,9992.2262,9992.2262,-7.7738,0,0,0,12,2,6,1,6,5,2.445833,0DCA09CE4A16D26BCD8870F91F78C918600AC992AF2F758C1DA6CA61755C128D
RAW_GRID_T100_S020_GATE90_TRIANGLE_V0_NO_CANDIDATE_B__PROTECT_TRAIL_1Q_1Q,2019-04-21T23:00:00.000Z,28,-7.832471,-2.64,-0.288996,-10.761467,0.510002,0.001194,9989.749729,9989.238533,-2.476471,2,0,2,44,10,6,6,6,5,6.893056,AFC40C073E582CB26937E7DBDC720D4B946531F44E254B95AA540FB3DBACD157
RAW_GRID_T100_S020_GATE90_TRIANGLE_V0_NO_CANDIDATE_B__PROTECT_TRAIL_1Q_1Q,2019-04-28T23:00:00.000Z,28,9.803769,-3.84,-0.265244,5.698525,-6.515325,0.000576,9999.183776,10005.698525,9.434047,4,0,4,64,21,8,6,8,5,12.849306,3E6A8DC3CCECC540A2B3FE7E5B1638A4B91748F05168635C4FADB8AF386005BB
RAW_GRID_T100_S020_GATE90_TRIANGLE_V0_NO_CANDIDATE_B__PROTECT_TRAIL_1Q_1Q,2019-05-05T23:00:00.000Z,28,6.839943,-5.28,-0.404676,1.155267,0,0,10001.155267,10001.155267,1.971491,0,0,0,88,29,8,6,8,5,25.334028,B42A2D56B89E57334106C2500954706A63C603C0E1A9B877A294461ACD9835DC
RAW_GRID_T100_S020_GATE90_TRIANGLE_V0_NO_CANDIDATE_B__PROTECT_TRAIL_1Q_1Q,2019-05-12T23:00:00.000Z,28,14.473569,-6.3,-0.553097,7.620472,-1.872178,-0.010571,10005.737723,10007.620472,4.582456,3,3,0,105,35,8,6,8,5,27.004167,58F1754F3BDA9D294D223F8BB1113ED19CC3BBF7AB0ED186F0882E7DDD61B381
RAW_GRID_T100_S020_GATE90_TRIANGLE_V0_NO_CANDIDATE_B__PROTECT_TRAIL_1Q_1Q,2019-05-19T23:00:00.000Z,28,22.412155,-6.84,-1.230722,14.341433,-0.185744,0.001222,10014.156911,10014.341433,8.419188,2,0,2,114,41,8,6,8,5,34.647917,50E4D0E2A5AECDBF0E3C6C21C10224F0CE16E754D78FBF41A92CD0698ACBB9FC
RAW_GRID_T100_S020_GATE90_TRIANGLE_V0_NO_CANDIDATE_B__PROTECT_TRAIL_1Q_1Q,2019-05-26T23:00:00.000Z,28,32.032188,-7.74,-1.211809,23.080379,1.803418,0.000132,10024.883929,10023.080379,10.727018,2,0,2,129,50,8,6,8,5,40.169444,377488CD47AE2C0345FCA85A28D1D6A41787A7CCDAC9E3FAD2C386DB1589C040
RAW_GRID_T100_S020_GATE90_TRIANGLE_V0_NO_CANDIDATE_B__PROTECT_TRAIL_1Q_1Q,2019-06-02T23:00:00.000Z,28,41.13901,-9.6,-1.219013,30.319997,0.677196,-0.00917,10030.988023,10030.319997,6.104094,1,1,0,160,63,8,6,8,5,46.991667,56225D370579F72EC3323CC25CDF55517919DA21A4A94E8256713C0BE6DF0042
RAW_GRID_T100_S020_GATE90_TRIANGLE_V0_NO_CANDIDATE_B__PROTECT_TRAIL_1Q_1Q,2019-06-09T23:00:00.000Z,28,38.20416,-10.08,-1.57431,26.54985,0.540198,0.000875,10027.090923,10026.54985,-3.8971,1,0,1,168,66,8,6,8,5,50.884722,8FC9274DA8B77574BA9C03DA7D8F2000A311000A4E3030291C40E211990F774C
RAW_GRID_T100_S020_GATE90_TRIANGLE_V0_NO_CANDIDATE_B__PROTECT_TRAIL_1Q_1Q,2019-06-16T23:00:00.000Z,28,50.417203,-11.28,-1.655499,37.481704,0.491637,0.000326,10037.973667,10037.481704,10.882744,2,0,2,188,77,8,6,8,5,54.665972,DD62B249B9FEC4CDD4562C5219B66FACE29A0D8484B9498BFCFB99E24BDB902F
RAW_GRID_T100_S020_GATE90_TRIANGLE_V0_NO_CANDIDATE_B__PROTECT_TRAIL_1Q_1Q,2019-06-23T23:00:00.000Z,28,49.100236,-12,-1.625526,35.47471,0.266621,0.000083,10035.741414,10035.47471,-2.232253,1,0,1,200,85,8,6,8,5,60.474306,9D7E18028CA4B219EC48FDA438A4A2FB8ECDC2D35B0F13AA9AF58814B4685BB9
RAW_GRID_T100_S020_GATE90_TRIANGLE_V0_NO_CANDIDATE_B__PROTECT_TRAIL_1Q_1Q,2019-06-30T23:00:00.000Z,28,46.534294,-12.12,-1.634106,32.780188,0,0,10032.780188,10032.780188,-2.961226,0,0,0,202,85,8,6,8,5,63.211111,4BF1AAE81279D2D7F6D2A2B284CF77D5F9B98F4F7FE81B798678FCED6AE1F58C
RAW_GRID_T100_S020_GATE90_TRIANGLE_V0_NO_CANDIDATE_B__PROTECT_TRAIL_1Q_1Q,2019-07-07T23:00:00.000Z,28,46.534294,-12.12,-1.634106,32.780188,0,0,10032.780188,10032.780188,0,0,0,0,202,85,8,6,8,5,63.211111,3D5979718A006776CC304B3CE15EB0F5E652B7936E0E847AA5A7FF7ED8C46F2D
RAW_GRID_T100_S020_GATE90_TRIANGLE_V0_NO_CANDIDATE_B__PROTECT_TRAIL_1Q_1Q,2019-07-14T23:00:00.000Z,28,43.463678,-13.38,-1.680866,28.402812,0,0,10028.402812,10028.402812,-4.377376,0,0,0,223,94,8,6,8,5,65.654167,B1F006124D389AA93A003AAE434F5948A812830377A69A87AD0F070817517B4E
RAW_GRID_T100_S020_GATE90_TRIANGLE_V0_NO_CANDIDATE_B__PROTECT_TRAIL_1Q_1Q,2019-07-21T23:00:00.000Z,28,51.461181,-14.1,-1.713592,35.647589,-0.3037,-0.002547,10035.341342,10035.647589,6.93853,1,1,0,235,96,8,6,8,5,67.184028,3DDB1A3EE855335E55AD311A00C5E049E4DFFE8C6F9195243C27B98BD5F7DB81
RAW_GRID_T100_S020_GATE90_TRIANGLE_V0_NO_CANDIDATE_B__PROTECT_TRAIL_1Q_1Q,2019-07-28T23:00:00.000Z,28,-0.644961,-18.06,-2.290495,-20.995456,-0.539062,-0.005285,9978.460197,9979.004544,-56.881145,3,3,0,301,115,12,12,8,10,73.606944,47526DDA2E53EFAA61A223016D99945220D40E84C0442F843EF10C1FE9CB04D4
RAW_GRID_T100_S020_GATE90_TRIANGLE_V0_NO_CANDIDATE_B__PROTECT_TRAIL_1Q_1Q,2019-08-04T23:00:00.000Z,28,32.51169,-20.22,-3.116125,9.175565,0,0,10009.175565,10009.175565,30.715368,0,0,0,337,129,12,12,8,10,83.746528,67FC1B7890030E1C8FF7493F96B408CA4C08C319EB1A5975675B3FAFAA5EAE9B
RAW_GRID_T100_S020_GATE90_TRIANGLE_V0_NO_CANDIDATE_B__PROTECT_TRAIL_1Q_1Q,2019-08-11T23:00:00.000Z,28,52.863848,-20.94,-3.168822,28.755026,0,0,10028.755026,10028.755026,19.579461,0,0,0,349,135,12,12,8,10,84.677778,DC95CD265F00333528E35BAF4FEFFCA86BD072009580EACEDC193BF1B1402F78
RAW_GRID_T100_S020_GATE90_TRIANGLE_V0_NO_CANDIDATE_B__PROTECT_TRAIL_1Q_1Q,2019-08-18T23:00:00.000Z,28,66.778809,-21.72,-3.206236,41.852573,0,0,10041.852573,10041.852573,13.097547,0,0,0,362,141,12,12,8,10,86.155556,2471CF90B89B0D2A65CD91E13C035209A74C64BF809D48597FF026F6FA256AA2
RAW_GRID_T100_S020_GATE90_TRIANGLE_V0_NO_CANDIDATE_B__PROTECT_TRAIL_1Q_1Q,2019-08-25T23:00:00.000Z,28,69.530229,-22.68,-3.224854,43.625375,0,0,10043.625375,10043.625375,1.772802,0,0,0,378,147,12,12,8,10,88.163889,C3788AA793B7B1E7AAAA5045DB49879A43FE61F103FF4D5535BCADF5600E04B5
RAW_GRID_T100_S020_GATE90_TRIANGLE_V0_NO_CANDIDATE_B__PROTECT_TRAIL_1Q_1Q,2019-09-01T23:00:00.000Z,28,75.510613,-22.98,-3.220028,49.310585,0,0,10049.310585,10049.310585,5.68521,0,0,0,383,151,12,12,8,10,88.646528,2A70C2D9A6531035BA38A1D681ADBAEDC2E7674CA1B16015E5EB9C7B54408A37
RAW_GRID_T100_S020_GATE90_TRIANGLE_V0_NO_CANDIDATE_B__PROTECT_TRAIL_1Q_1Q,2019-09-08T23:00:00.000Z,28,87.478292,-24.06,-3.190772,60.22752,0,0,10060.22752,10060.22752,10.916935,0,0,0,401,158,12,12,8,10,91.572222,FB6322F033EF216A64D12294D310E3455C66556F2BAD1E3CC363FE88AD76AA9D
RAW_GRID_T100_S020_GATE90_TRIANGLE_V0_NO_CANDIDATE_B__PROTECT_TRAIL_1Q_1Q,2019-09-15T23:00:00.000Z,28,96.383449,-24.84,-3.21441,68.329039,0,0,10068.329039,10068.329039,8.101519,0,0,0,414,164,12,12,8,10,91.941667,671F3E8168181B2B4C079A9480831D544848C4BFE3C215406911D62ECF0B3F4D
RAW_GRID_T100_S020_GATE90_TRIANGLE_V0_NO_CANDIDATE_B__PROTECT_TRAIL_1Q_1Q,2019-09-22T23:00:00.000Z,28,103.280311,-26.1,-3.473006,73.707305,0,0,10073.707305,10073.707305,5.378266,0,0,0,435,172,12,12,8,10,95.243056,D6ADE64B73220523E58F2CB8D10C5168585122D73A9E372498A6224AFCFE2325
RAW_GRID_T100_S020_GATE90_TRIANGLE_V0_NO_CANDIDATE_B__PROTECT_TRAIL_1Q_1Q,2019-09-29T23:00:00.000Z,28,180.586044,-27.84,-3.508779,149.237265,0,0,10149.237265,10149.237265,75.52996,0,0,0,464,197,12,12,8,10,96.411806,78B16554AF3485F816F64477ABBE8D8CA6B8C56CE4199A5067221853A782063F
RAW_GRID_T100_S020_GATE90_TRIANGLE_V0_NO_CANDIDATE_B__PROTECT_TRAIL_1Q_1Q,2019-10-06T23:00:00.000Z,28,-33.640151,-31.02,-3.561459,-68.22161,-1.95431,0.000438,9929.824518,9931.77839,-219.412747,4,0,4,517,202,12,12,10,10,103.383333,7EF4CD09EBBC8C875FADAF3A139371095E96C354E938A75B2D045A7ED507F7EB
RAW_GRID_T100_S020_GATE90_TRIANGLE_V0_NO_CANDIDATE_B__PROTECT_TRAIL_1Q_1Q,2019-10-13T23:00:00.000Z,28,43.373165,-34.08,-3.496773,5.796392,0,0,10005.796392,10005.796392,75.971874,0,0,0,568,230,12,12,10,10,116.935417,7ED2D22AE4677085BB5076B2D6B57B297F8D36AE6E1E6C7180BE6AB9C574FEBF
RAW_GRID_T100_S020_GATE90_TRIANGLE_V0_NO_CANDIDATE_B__PROTECT_TRAIL_1Q_1Q,2019-10-20T23:00:00.000Z,28,44.879096,-34.14,-3.496697,7.242399,0,0,10007.242399,10007.242399,1.446007,0,0,0,569,231,12,12,10,10,116.943056,182A41F6D116D0864B71760B16235C33951CE867687D1CB65BE93225851C6323
RAW_GRID_T100_S020_GATE90_TRIANGLE_V0_NO_CANDIDATE_B__PROTECT_TRAIL_1Q_1Q,2019-10-27T23:00:00.000Z,28,64.339625,-35.76,-3.519663,25.059962,-0.098806,0.000375,10024.961531,10025.059962,17.719132,1,0,1,596,245,12,12,10,10,119.399306,6B304F0751F4F0BC277A05ADFF9CC50728839431550D3256A9DF055067E943C4
RAW_GRID_T100_S020_GATE90_TRIANGLE_V0_NO_CANDIDATE_B__PROTECT_TRAIL_1Q_1Q,2019-11-04T00:00:00.000Z,28,77.432094,-36.66,-3.520566,37.251528,0,0,10037.251528,10037.251528,12.289997,0,0,0,611,252,12,12,10,10,123.807639,B1C42B052A3A36B555DD2294E13A3679F0FCB564014F0C0D78FACEE9B87BFC24
RAW_GRID_T100_S020_GATE90_TRIANGLE_V0_NO_CANDIDATE_B__PROTECT_TRAIL_1Q_1Q,2019-11-11T00:00:00.000Z,28,82.970563,-37.2,-3.530845,42.239718,0.272906,0.002563,10042.515187,10042.239718,5.263659,3,0,3,620,258,12,12,10,10,124.156944,015F300BC25B61D2D07D914CF520B2B2AF46E1FB03889E1FAEB81E0474D422FB
RAW_GRID_T100_S020_GATE90_TRIANGLE_V0_NO_CANDIDATE_B__PROTECT_TRAIL_1Q_1Q,2019-11-18T00:00:00.000Z,28,109.422968,-38.82,-3.585132,67.017836,0.085936,-0.005446,10067.098326,10067.017836,24.583139,2,1,1,647,277,12,12,10,10,134.081944,82F286C43E2B797AF3B45312BF2321B96388AD6100B3A9AA5FAC00A3CDAD63A2
RAW_GRID_T100_S020_GATE90_TRIANGLE_V0_NO_CANDIDATE_B__PROTECT_TRAIL_1Q_1Q,2019-11-25T00:00:00.000Z,28,113.371997,-39.3,-3.845792,70.226205,0,0,10070.226205,10070.226205,3.127879,0,0,0,655,280,12,12,10,10,140.0375,F578F7E07F3AB1C20EC2584EB1F54080D900446F710C6222D90741E6529BDE22
RAW_GRID_T100_S020_GATE90_TRIANGLE_V0_NO_CANDIDATE_B__PROTECT_TRAIL_1Q_1Q,2019-12-02T00:00:00.000Z,28,119.719323,-39.72,-3.872691,76.126632,0,0,10076.126632,10076.126632,5.900427,0,0,0,662,287,12,12,10,10,140.398611,0792054780C874ADAEAB14554AFB289A1B47DE99A9B1F321D4853E09537B27AE
RAW_GRID_T100_S020_GATE90_TRIANGLE_V0_NO_CANDIDATE_B__PROTECT_TRAIL_1Q_1Q,2019-12-09T00:00:00.000Z,28,132.687999,-42.48,-4.041559,86.16644,-7.643351,-0.0106,10078.512489,10086.16644,2.385857,9,8,1,708,298,13,12,10,10,143.879861,AB10C61D973F481AC8BE0BD212D5A528AAFDA2751D541E2E4574769C940A784D
RAW_GRID_T100_S020_GATE90_TRIANGLE_V0_NO_CANDIDATE_B__PROTECT_TRAIL_1Q_1Q,2019-12-16T00:00:00.000Z,28,137.759042,-43.08,-5.938319,88.740723,-0.480001,-0.00917,10088.251552,10088.740723,9.739063,1,1,0,718,301,13,12,10,10,167.202083,9C1FE1658F04C85C8F8AC47F1FD059FFEE3CCA526DA58D0CF2F2B21530CE1F8E
RAW_GRID_T100_S020_GATE90_TRIANGLE_V0_NO_CANDIDATE_B__PROTECT_TRAIL_1Q_1Q,2019-12-23T00:00:00.000Z,28,136.887319,-43.38,-6.162832,87.344487,1.094578,0.000947,10088.440012,10087.344487,0.18846,4,1,3,723,301,13,12,10,10,169.921528,0E9B83C9C44A72332F40DDB3D41A456087D164E72A9D108B9BA52FF8DB65D8C6
RAW_GRID_T100_S020_GATE90_TRIANGLE_V0_NO_CANDIDATE_B__PROTECT_TRAIL_1Q_1Q,2019-12-30T00:00:00.000Z,28,138.895518,-44.28,-6.397065,88.218453,0,0,10088.218453,10088.218453,-0.221559,0,0,0,738,308,13,12,10,10,180.680556,54A552A9D31A897134F5DACCD46AD0B4729DE6146EAF7908BB7AE1D964FCE42F
RAW_GRID_T100_S020_GATE90_TRIANGLE_V0_NO_CANDIDATE_B__PROTECT_TRAIL_1Q_0_5Q,2019-04-14T23:00:00.000Z,28,-7.053186,-0.72,-0.000614,-7.7738,0,0,9992.2262,9992.2262,-7.7738,0,0,0,12,2,6,1,6,5,2.445833,2507E40EF916B6CD1703DE9F489907C67E94C223FDA0FA325E69E5F9ED12BE25
RAW_GRID_T100_S020_GATE90_TRIANGLE_V0_NO_CANDIDATE_B__PROTECT_TRAIL_1Q_0_5Q,2019-04-21T23:00:00.000Z,28,-7.475707,-2.58,-0.291798,-10.347505,0.510002,0.001194,9990.163691,9989.652495,-2.062509,2,0,2,43,10,6,6,6,5,6.923611,72595CD6ADBA1604209CD9A804C74C83CB3D054F6F509A3D2E319D6ADCD6B842
RAW_GRID_T100_S020_GATE90_TRIANGLE_V0_NO_CANDIDATE_B__PROTECT_TRAIL_1Q_0_5Q,2019-04-28T23:00:00.000Z,28,8.015358,-3.78,-0.268212,3.967146,-6.515325,0.000576,9997.452397,10003.967146,7.288706,4,0,4,63,20,8,6,8,5,12.863194,46FAECE330148A809282CAA1B1FFB05899C6AD12757D00F0EE6ED9497A5497D0
RAW_GRID_T100_S020_GATE90_TRIANGLE_V0_NO_CANDIDATE_B__PROTECT_TRAIL_1Q_0_5Q,2019-05-05T23:00:00.000Z,28,6.687787,-5.28,-0.398738,1.009049,0,0,10001.009049,10001.009049,3.556652,0,0,0,88,27,8,6,8,5,25.546528,5FE42B0950B31CE01ACB0BA4C09859ACEDDDDAF3EC26862B720C870BAA81A672
RAW_GRID_T100_S020_GATE90_TRIANGLE_V0_NO_CANDIDATE_B__PROTECT_TRAIL_1Q_0_5Q,2019-05-12T23:00:00.000Z,28,14.479534,-6.48,-0.549006,7.450528,-1.872178,-0.010571,10005.567779,10007.450528,4.55873,3,3,0,108,32,8,6,8,5,27.236806,D9873C082B75FD61942C4D7C976C816595B1F4342663EA357C2AD7678E1F954B
RAW_GRID_T100_S020_GATE90_TRIANGLE_V0_NO_CANDIDATE_B__PROTECT_TRAIL_1Q_0_5Q,2019-05-19T23:00:00.000Z,28,22.41812,-7.02,-1.226631,14.171489,-0.185744,0.001222,10013.986967,10014.171489,8.419188,2,0,2,117,38,8,6,8,5,34.880556,D9155DBE8AD3E415F667750AFAECE2F088EB267FA2D1749DAD98F62D6D4A177B
RAW_GRID_T100_S020_GATE90_TRIANGLE_V0_NO_CANDIDATE_B__PROTECT_TRAIL_1Q_0_5Q,2019-05-26T23:00:00.000Z,28,32.207414,-7.92,-1.207829,23.079585,1.803418,0.000132,10024.883135,10023.079585,10.896168,2,0,2,132,47,8,6,8,5,40.390972,16A252B3A37EFA15BE6543046D2B876E636EE6DE4EB4E38461BE87C04E650CCD
RAW_GRID_T100_S020_GATE90_TRIANGLE_V0_NO_CANDIDATE_B__PROTECT_TRAIL_1Q_0_5Q,2019-06-02T23:00:00.000Z,28,44.280272,-9.84,-1.213685,33.226587,0.677196,-0.00917,10033.894613,10033.226587,9.011478,1,1,0,164,59,8,6,8,5,47.178472,53FD51165E91194A88B23698886FF6C34B0718EF7F752081990F29C756A948B3
RAW_GRID_T100_S020_GATE90_TRIANGLE_V0_NO_CANDIDATE_B__PROTECT_TRAIL_1Q_0_5Q,2019-06-09T23:00:00.000Z,28,41.575421,-10.32,-1.568154,29.687267,0.540198,0.000875,10030.22834,10029.687267,-3.666273,1,0,1,172,62,8,6,8,5,51.0625,0BBECDF92E1787CC14B4A1D5D51B7BCD6D262C849D75B26BAF39A1C503E04202
RAW_GRID_T100_S020_GATE90_TRIANGLE_V0_NO_CANDIDATE_B__PROTECT_TRAIL_1Q_0_5Q,2019-06-16T23:00:00.000Z,28,52.415746,-11.52,-1.645718,39.250028,0.491637,0.000326,10039.741991,10039.250028,9.513651,2,0,2,192,71,8,6,8,5,54.796528,3858DFD96A6E875D1CC05CA0321FBE3DF8F93641CACD6EDF9885C0DF39FA3F29
RAW_GRID_T100_S020_GATE90_TRIANGLE_V0_NO_CANDIDATE_B__PROTECT_TRAIL_1Q_0_5Q,2019-06-23T23:00:00.000Z,28,50.225468,-12.18,-1.615779,36.429689,0.266621,0.000083,10036.696393,10036.429689,-3.045598,1,0,1,203,78,8,6,8,5,60.601389,B4A7DD6B64DA8823DD81602D08CFBA59897718C8357DBEFCF0754128526265EB
RAW_GRID_T100_S020_GATE90_TRIANGLE_V0_NO_CANDIDATE_B__PROTECT_TRAIL_1Q_0_5Q,2019-06-30T23:00:00.000Z,28,47.659526,-12.3,-1.624359,33.735167,0,0,10033.735167,10033.735167,-2.961226,0,0,0,205,78,8,6,8,5,63.338194,01FA4010E93DD4F9346518EEAD774CFB6016AA4EE25D57D546621216688F338C
RAW_GRID_T100_S020_GATE90_TRIANGLE_V0_NO_CANDIDATE_B__PROTECT_TRAIL_1Q_0_5Q,2019-07-07T23:00:00.000Z,28,47.659526,-12.3,-1.624359,33.735167,0,0,10033.735167,10033.735167,0,0,0,0,205,78,8,6,8,5,63.338194,83938DBE4DF00208BAA804A2543F4BE06F6A4882B707ACF8FB4392D0B692B611
RAW_GRID_T100_S020_GATE90_TRIANGLE_V0_NO_CANDIDATE_B__PROTECT_TRAIL_1Q_0_5Q,2019-07-14T23:00:00.000Z,28,44.267288,-13.56,-1.66675,29.040538,0,0,10029.040538,10029.040538,-4.694629,0,0,0,226,86,8,6,8,5,66.013194,3C86F0659F6A9D2B3B44EC0C0FFB9AD732AA7C523EA86218B01C73DC4A26A1C9
RAW_GRID_T100_S020_GATE90_TRIANGLE_V0_NO_CANDIDATE_B__PROTECT_TRAIL_1Q_0_5Q,2019-07-21T23:00:00.000Z,28,53.902106,-14.28,-1.69967,37.922436,-0.3037,-0.002547,10037.616189,10037.922436,8.575651,1,1,0,238,88,8,6,8,5,67.523611,E22BEEF565FCD65BAFB0DF68C8C4A0FD29FC0FFF6D0086895D983D7C9DF7C7F4
RAW_GRID_T100_S020_GATE90_TRIANGLE_V0_NO_CANDIDATE_B__PROTECT_TRAIL_1Q_0_5Q,2019-07-28T23:00:00.000Z,28,3.175748,-18.3,-2.275433,-17.399685,-0.539062,-0.005285,9982.055968,9982.600315,-55.560221,3,3,0,305,107,12,12,8,10,73.933333,440CDA43EB602BDC23D36F4BD6015283D83AE068028B3EEBFFE77F8F4FF1B370
RAW_GRID_T100_S020_GATE90_TRIANGLE_V0_NO_CANDIDATE_B__PROTECT_TRAIL_1Q_0_5Q,2019-08-04T23:00:00.000Z,28,38.167874,-20.52,-3.106635,14.541239,0,0,10014.541239,10014.541239,32.485271,0,0,0,342,120,12,12,8,10,84.109028,FF891FAE9AE68BD3CA675610CDA59BC8B72FB4D526224AD132B296239FB94377
RAW_GRID_T100_S020_GATE90_TRIANGLE_V0_NO_CANDIDATE_B__PROTECT_TRAIL_1Q_0_5Q,2019-08-11T23:00:00.000Z,28,51.514992,-21.3,-3.156754,27.058238,0,0,10027.058238,10027.058238,12.516999,0,0,0,355,123,12,12,8,10,85.001389,D0511D56860A7B7D1268A49FF54DF188312AF55BF1858AFF7E3C253FEA83A186
RAW_GRID_T100_S020_GATE90_TRIANGLE_V0_NO_CANDIDATE_B__PROTECT_TRAIL_1Q_0_5Q,2019-08-18T23:00:00.000Z,28,65.666781,-22.14,-3.194189,40.332592,0,0,10040.332592,10040.332592,13.274354,0,0,0,369,129,12,12,8,10,86.477083,2B96A6C84C8B2199D5E7CBD9C2A61C9B36F66D0F88FDC44B3149D50F4EA3BF70
RAW_GRID_T100_S020_GATE90_TRIANGLE_V0_NO_CANDIDATE_B__PROTECT_TRAIL_1Q_0_5Q,2019-08-25T23:00:00.000Z,28,68.581341,-23.1,-3.212862,42.268479,0,0,10042.268479,10042.268479,1.935887,0,0,0,385,135,12,12,8,10,88.479861,DEED01CF8F12A516C9E2BBFAE12E897B10CFB02E26BAE0D94ADF75A5A362370D
RAW_GRID_T100_S020_GATE90_TRIANGLE_V0_NO_CANDIDATE_B__PROTECT_TRAIL_1Q_0_5Q,2019-09-01T23:00:00.000Z,28,74.561725,-23.4,-3.208036,47.953689,0,0,10047.953689,10047.953689,5.68521,0,0,0,390,139,12,12,8,10,88.9625,70137DDD7FEEAEB7FA2CEF64CB10F645326F8758801C0CA92CB07478EEEF11F5
RAW_GRID_T100_S020_GATE90_TRIANGLE_V0_NO_CANDIDATE_B__PROTECT_TRAIL_1Q_0_5Q,2019-09-08T23:00:00.000Z,28,87.580964,-24.6,-3.17946,59.801504,0,0,10059.801504,10059.801504,11.847815,0,0,0,410,146,12,12,8,10,91.820139,E20D5F0EC177394BD196828621A1F2115E6DD74C7F9512E3447859681F0D1933
RAW_GRID_T100_S020_GATE90_TRIANGLE_V0_NO_CANDIDATE_B__PROTECT_TRAIL_1Q_0_5Q,2019-09-15T23:00:00.000Z,28,96.486121,-25.38,-3.203098,67.903023,0,0,10067.903023,10067.903023,8.101519,0,0,0,423,152,12,12,8,10,92.189583,3C9590B35503E7FAEAD30A24140BA03FFB55DAF6833B9635DC8D8EC9DD7F5047
RAW_GRID_T100_S020_GATE90_TRIANGLE_V0_NO_CANDIDATE_B__PROTECT_TRAIL_1Q_0_5Q,2019-09-22T23:00:00.000Z,28,103.742558,-26.64,-3.46144,73.641118,0,0,10073.641118,10073.641118,5.738095,0,0,0,444,160,12,12,8,10,95.488194,F5A7B5C0DF5588BAF6CB25C6465F0B0682EB027BC62EF9C57D5DE0F5E6918A38
RAW_GRID_T100_S020_GATE90_TRIANGLE_V0_NO_CANDIDATE_B__PROTECT_TRAIL_1Q_0_5Q,2019-09-29T23:00:00.000Z,28,182.33593,-28.56,-3.497287,150.278643,0,0,10150.278643,10150.278643,76.637525,0,0,0,476,185,12,12,8,10,96.642361,5FAE88806CE00C13CB37DB8125146B55A29AB0BC33EEE02E4A0486D8138A487E
RAW_GRID_T100_S020_GATE90_TRIANGLE_V0_NO_CANDIDATE_B__PROTECT_TRAIL_1Q_0_5Q,2019-10-06T23:00:00.000Z,28,-24.49797,-31.92,-3.549271,-59.967241,-3.979967,0.0005,9936.053292,9940.032759,-214.225351,4,0,4,532,190,12,12,10,10,103.683333,00C1499CB6A61E8D69E79AED8CCCF175D150192F3AB4FBB7686EBBBFCB546696
RAW_GRID_T100_S020_GATE90_TRIANGLE_V0_NO_CANDIDATE_B__PROTECT_TRAIL_1Q_0_5Q,2019-10-13T23:00:00.000Z,28,54.014635,-35.16,-3.483291,15.371344,0,0,10015.371344,10015.371344,79.318052,0,0,0,586,217,12,12,10,10,117.286806,E1EDAD529E7BAE61D8D64DE9EEE1549CD0736D4EEFE6C39CEA685A7C54F2FD52
RAW_GRID_T100_S020_GATE90_TRIANGLE_V0_NO_CANDIDATE_B__PROTECT_TRAIL_1Q_0_5Q,2019-10-20T23:00:00.000Z,28,54.641618,-35.22,-3.483228,15.93839,0,0,10015.93839,10015.93839,0.567046,0,0,0,587,217,12,12,10,10,117.293056,50C9D27656CE709AA8FE71611495499B0EF800E0B14E759F1D16BD13AE91E336
RAW_GRID_T100_S020_GATE90_TRIANGLE_V0_NO_CANDIDATE_B__PROTECT_TRAIL_1Q_0_5Q,2019-10-27T23:00:00.000Z,28,73.023128,-36.84,-3.505941,32.677187,-0.098806,0.000375,10032.578756,10032.677187,16.640366,1,0,1,614,230,12,12,10,10,119.746528,1AA764A6E0D95C6451BDEB3A1565766C3E246D7FC8FC84FDDFEE56EF4FC4EFF2
RAW_GRID_T100_S020_GATE90_TRIANGLE_V0_NO_CANDIDATE_B__PROTECT_TRAIL_1Q_0_5Q,2019-11-04T00:00:00.000Z,28,85.433159,-37.74,-3.503978,44.189181,0,0,10044.189181,10044.189181,11.610425,0,0,0,629,236,12,12,10,10,124.123611,F7AD31397D4956139ADD8E9886D51EA39CA3E052B31896932D0125A68260E03B
RAW_GRID_T100_S020_GATE90_TRIANGLE_V0_NO_CANDIDATE_B__PROTECT_TRAIL_1Q_0_5Q,2019-11-11T00:00:00.000Z,28,90.865961,-38.34,-3.514264,49.011697,0.272906,0.002563,10049.287166,10049.011697,5.097985,3,0,3,639,242,12,12,10,10,124.472222,C9FFC5D616484B65A7D061D6489C1B657BD4D37C327537B2B29B4BC9D0914097
RAW_GRID_T100_S020_GATE90_TRIANGLE_V0_NO_CANDIDATE_B__PROTECT_TRAIL_1Q_0_5Q,2019-11-18T00:00:00.000Z,28,117.383915,-40.14,-3.563164,73.680751,-0.737624,-0.005974,10072.937153,10073.680751,23.649987,2,1,1,669,259,12,12,10,10,134.328472,F282AE865CB1A77AE43FC2D6C9693C6E4946DE1B16D5A1AFC7283F274288CCF2
RAW_GRID_T100_S020_GATE90_TRIANGLE_V0_NO_CANDIDATE_B__PROTECT_TRAIL_1Q_0_5Q,2019-11-25T00:00:00.000Z,28,121.806891,-40.68,-3.822576,77.304315,0,0,10077.304315,10077.304315,4.367162,0,0,0,678,262,12,12,10,10,140.211111,A52DFC5067E56787786809A6B7EBDDA983FBCF64BC729A8B3AF99E860C9B0F93
RAW_GRID_T100_S020_GATE90_TRIANGLE_V0_NO_CANDIDATE_B__PROTECT_TRAIL_1Q_0_5Q,2019-12-02T00:00:00.000Z,28,128.154217,-41.1,-3.849475,83.204742,0,0,10083.204742,10083.204742,5.900427,0,0,0,685,269,12,12,10,10,140.572222,AE0EDAFCE918568880E97DFC200A8588C007A9BB36E19749725161473497EA9B
RAW_GRID_T100_S020_GATE90_TRIANGLE_V0_NO_CANDIDATE_B__PROTECT_TRAIL_1Q_0_5Q,2019-12-09T00:00:00.000Z,28,140.737613,-43.86,-4.018129,92.859484,-7.643351,-0.0106,10085.205533,10092.859484,2.000791,9,8,1,731,280,13,12,10,10,144.075,327CCDA6357F67AAC45BCE663A525F03C5BF785EF9AF53F64B6246336A6C5DE9
RAW_GRID_T100_S020_GATE90_TRIANGLE_V0_NO_CANDIDATE_B__PROTECT_TRAIL_1Q_0_5Q,2019-12-16T00:00:00.000Z,28,146.939526,-44.46,-5.912023,96.567503,-0.480001,-0.00917,10096.078332,10096.567503,10.872799,1,1,0,741,283,13,12,10,10,167.365972,E2A5B44DE0E1257AF888083693F3D767978B9EDCB3CC791F895D16D1154EF8F3
RAW_GRID_T100_S020_GATE90_TRIANGLE_V0_NO_CANDIDATE_B__PROTECT_TRAIL_1Q_0_5Q,2019-12-23T00:00:00.000Z,28,146.067803,-44.76,-6.136536,95.171267,1.094578,0.000947,10096.266792,10095.171267,0.18846,4,1,3,746,283,13,12,10,10,170.085417,1000C067CCB1F36FA8589360C759C8ACC3D57D1CA5AD05238FCDDD7072995B34
RAW_GRID_T100_S020_GATE90_TRIANGLE_V0_NO_CANDIDATE_B__PROTECT_TRAIL_1Q_0_5Q,2019-12-30T00:00:00.000Z,28,149.667216,-45.66,-6.36905,97.638166,0,0,10097.638166,10097.638166,1.371374,0,0,0,761,290,13,12,10,10,180.825694,96D4486B2788F1AA8529F23698FCBFB96DAC0AF2D2C3472E562212391FC35615
RAW_GRID_T100_S020_GATE90_TRIANGLE_V0_NO_CANDIDATE_B__PROTECT_PROTECTED_FLATTEN_1Q,2019-04-14T23:00:00.000Z,28,-6.746576,-0.72,-0.000441,-7.467017,0,0,9992.532983,9992.532983,-7.467017,0,0,0,12,2,6,1,6,5,2.463194,8CB1880326D77307815F00C3E035E84EC21BFA2710B1FAE7CB32085575E059B3
RAW_GRID_T100_S020_GATE90_TRIANGLE_V0_NO_CANDIDATE_B__PROTECT_PROTECTED_FLATTEN_1Q,2019-04-21T23:00:00.000Z,28,-6.078618,-2.28,-0.327606,-8.686224,0.510002,0.001194,9991.824972,9991.313776,-0.708011,2,0,2,38,11,6,6,6,5,7.340278,8DAC49DEF36717007C5ADBF20C9EA32A3A927DD085615A86F5420268BACF00F8
RAW_GRID_T100_S020_GATE90_TRIANGLE_V0_NO_CANDIDATE_B__PROTECT_PROTECTED_FLATTEN_1Q,2019-04-28T23:00:00.000Z,28,11.557622,-3.48,-0.303854,7.773768,-6.515325,0.000576,10001.259019,10007.773768,9.434047,4,0,4,58,22,8,6,8,5,13.296528,FFF8385F3C40EFA798ED80CCF5FBAC37E564478D2E05204120A16BA23F84ED13
RAW_GRID_T100_S020_GATE90_TRIANGLE_V0_NO_CANDIDATE_B__PROTECT_PROTECTED_FLATTEN_1Q,2019-05-05T23:00:00.000Z,28,8.380971,-4.68,-0.454041,3.24693,-0.999077,-0.017894,10002.229959,10003.24693,0.97094,2,2,0,78,31,8,6,8,5,25.899306,CF08D8E05DAB2E069D47264F06DF7480134C9547CACA38ED8FD7D45F738A2928
RAW_GRID_T100_S020_GATE90_TRIANGLE_V0_NO_CANDIDATE_B__PROTECT_PROTECTED_FLATTEN_1Q,2019-05-12T23:00:00.000Z,28,15.862939,-5.64,-1.043952,9.178987,-9.425251,-0.172447,9999.581289,10009.178987,-2.64867,6,6,0,94,37,8,8,8,5,32.384722,D286E390F4B2C517380CF294931FD9612999E8EB2AC14E18C8394375BB993C76
RAW_GRID_T100_S020_GATE90_TRIANGLE_V0_NO_CANDIDATE_B__PROTECT_PROTECTED_FLATTEN_1Q,2019-05-19T23:00:00.000Z,28,13.016658,-6.18,-2.540325,4.296333,-0.185744,0.001222,10004.111811,10004.296333,4.530522,2,0,2,103,44,8,8,8,5,48.963194,F017E11CF9FA8939652622A578D54C7F538113A23FE2D4ED0139CF1F4E5BBA69
RAW_GRID_T100_S020_GATE90_TRIANGLE_V0_NO_CANDIDATE_B__PROTECT_PROTECTED_FLATTEN_1Q,2019-05-26T23:00:00.000Z,28,23.874743,-7.02,-2.509558,14.345185,1.803418,0.000132,10016.148735,10014.345185,12.036924,2,0,2,117,54,8,8,8,5,55.670139,4CAEBBF9E41F88B07C6E0C8E80A0325FB220C4C9EC3DE4E4CAB65BBE032B5A33
RAW_GRID_T100_S020_GATE90_TRIANGLE_V0_NO_CANDIDATE_B__PROTECT_PROTECTED_FLATTEN_1Q,2019-06-02T23:00:00.000Z,28,40.237883,-8.82,-2.505671,28.912212,1.269681,-0.017385,10030.164508,10028.912212,14.015773,2,2,0,147,69,8,8,8,5,63.015278,0421222AE1A5C0EDC80EBB0004E7EA503ADF91219CE0F44939EBBD6E85E845F0
RAW_GRID_T100_S020_GATE90_TRIANGLE_V0_NO_CANDIDATE_B__PROTECT_PROTECTED_FLATTEN_1Q,2019-06-09T23:00:00.000Z,28,43.310164,-9.42,-3.320486,30.569678,0.540198,0.000875,10031.110751,10030.569678,0.946243,1,0,1,157,73,8,8,8,5,71.919444,2840E2740DA73B2F19A73B78FD265046B04C80C987CA5DED53BAA58B333CE084
RAW_GRID_T100_S020_GATE90_TRIANGLE_V0_NO_CANDIDATE_B__PROTECT_PROTECTED_FLATTEN_1Q,2019-06-16T23:00:00.000Z,28,57.611644,-10.5,-3.396395,43.715249,0.491637,0.000326,10044.207212,10043.715249,13.096461,2,0,2,175,85,8,8,8,5,75.720139,5D0396E0B9EEDA51112D2B1ABF0E1BE80A580D125DED91CE7CE3F2C37AC3C277
RAW_GRID_T100_S020_GATE90_TRIANGLE_V0_NO_CANDIDATE_B__PROTECT_PROTECTED_FLATTEN_1Q,2019-06-23T23:00:00.000Z,28,56.257098,-11.1,-3.366407,41.790691,0.266621,0.000083,10042.057395,10041.790691,-2.149817,1,0,1,185,93,8,8,8,5,81.529861,9349DA02E6C187368339B0E466DFEAA3EC792D8E0627FDA7DDD4323F4691C197
RAW_GRID_T100_S020_GATE90_TRIANGLE_V0_NO_CANDIDATE_B__PROTECT_PROTECTED_FLATTEN_1Q,2019-06-30T23:00:00.000Z,28,59.771895,-11.28,-3.460255,45.03164,0,0,10045.03164,10045.03164,2.974245,0,0,0,188,94,8,8,8,5,85.196528,9068863D610F58CD71D268F5A2A0BFEA2DF140DE8B5B4B90D441A0BA688DA96A
RAW_GRID_T100_S020_GATE90_TRIANGLE_V0_NO_CANDIDATE_B__PROTECT_PROTECTED_FLATTEN_1Q,2019-07-07T23:00:00.000Z,28,59.771895,-11.28,-3.460255,45.03164,0,0,10045.03164,10045.03164,0,0,0,0,188,94,8,8,8,5,85.196528,64078A18A2098A930AC8AB884652BBA78D0FB69F1A6067ECB05F19BF0B6B49D4
RAW_GRID_T100_S020_GATE90_TRIANGLE_V0_NO_CANDIDATE_B__PROTECT_PROTECTED_FLATTEN_1Q,2019-07-14T23:00:00.000Z,28,66.785361,-12.12,-3.517084,51.148277,0,0,10051.148277,10051.148277,6.116637,0,0,0,202,103,8,8,8,5,86.717361,A8B4D006CBA5430F6D077B15C03A23387DB90E35C1D4B2A4DFA5EE14B353FDF9
RAW_GRID_T100_S020_GATE90_TRIANGLE_V0_NO_CANDIDATE_B__PROTECT_PROTECTED_FLATTEN_1Q,2019-07-21T23:00:00.000Z,28,71.874844,-12.72,-3.564501,55.590343,-0.3037,-0.002547,10055.284096,10055.590343,4.135819,1,1,0,212,106,8,8,8,5,88.960417,C39CA3CDAAC89AE09D9BB21367FB084D924CF6D88A2367AF9F08EA3B1B7DEDEF
RAW_GRID_T100_S020_GATE90_TRIANGLE_V0_NO_CANDIDATE_B__PROTECT_PROTECTED_FLATTEN_1Q,2019-07-28T23:00:00.000Z,28,25.005293,-16.68,-4.193932,4.131361,-0.539062,-0.005285,10003.587014,10004.131361,-51.697082,3,3,0,278,127,12,12,8,10,95.956944,0FC62404D571C572361CE15C17F157628C20261320D601EAF22DA6DE52AB6B14
RAW_GRID_T100_S020_GATE90_TRIANGLE_V0_NO_CANDIDATE_B__PROTECT_PROTECTED_FLATTEN_1Q,2019-08-04T23:00:00.000Z,28,31.211333,-19.02,-5.383982,6.807351,0,0,10006.807351,10006.807351,3.220337,0,0,0,317,142,12,12,8,10,110.101389,0B44F7A4E93F79FE3EDFD478ED49B257E08C8A6C6A6E4B0B46F2AE838C25186C
RAW_GRID_T100_S020_GATE90_TRIANGLE_V0_NO_CANDIDATE_B__PROTECT_PROTECTED_FLATTEN_1Q,2019-08-11T23:00:00.000Z,28,51.563491,-19.74,-5.436679,26.386812,0,0,10026.386812,10026.386812,19.579461,0,0,0,329,148,12,12,8,10,111.032639,48ABC54D01DBB7B61ABDB04B7396762D08B09CDC8B55745907463CFAA75EB871
RAW_GRID_T100_S020_GATE90_TRIANGLE_V0_NO_CANDIDATE_B__PROTECT_PROTECTED_FLATTEN_1Q,2019-08-18T23:00:00.000Z,28,73.172143,-20.52,-5.552501,47.099642,0,0,10047.099642,10047.099642,20.71283,0,0,0,342,157,12,12,8,10,113.540278,CA9581D609B1AAB705B2DBF8EC4186E0DBF0D6E7390983FD98DA81EA817E7837
RAW_GRID_T100_S020_GATE90_TRIANGLE_V0_NO_CANDIDATE_B__PROTECT_PROTECTED_FLATTEN_1Q,2019-08-25T23:00:00.000Z,28,77.216403,-21.42,-5.57105,50.225353,0,0,10050.225353,10050.225353,3.125711,0,0,0,357,163,12,12,8,10,115.555556,0173ADF1A633BCB49FEB961D56B0D079C72CA7BFF0382638A16ACD48D78BBA65
RAW_GRID_T100_S020_GATE90_TRIANGLE_V0_NO_CANDIDATE_B__PROTECT_PROTECTED_FLATTEN_1Q,2019-09-01T23:00:00.000Z,28,83.196787,-21.72,-5.566224,55.910563,0,0,10055.910563,10055.910563,5.68521,0,0,0,362,167,12,12,8,10,116.038194,86242DE19A446D6032E9AFDF575BDF71F8F2CF7E71E5A4A4E5716988DFE12758
RAW_GRID_T100_S020_GATE90_TRIANGLE_V0_NO_CANDIDATE_B__PROTECT_PROTECTED_FLATTEN_1Q,2019-09-08T23:00:00.000Z,28,96.136701,-22.5,-5.538229,68.098472,0,0,10068.098472,10068.098472,12.187909,0,0,0,375,174,12,12,8,10,118.8375,905295B339FEB0A610B5A28D8173D4D33AA0C7C10F8A552664FF6C1BBA66CD63
RAW_GRID_T100_S020_GATE90_TRIANGLE_V0_NO_CANDIDATE_B__PROTECT_PROTECTED_FLATTEN_1Q,2019-09-15T23:00:00.000Z,28,101.722808,-23.04,-5.561457,73.121351,0,0,10073.121351,10073.121351,5.022879,0,0,0,384,179,12,12,8,10,119.247917,F3AC7F978168151F2AC4EAF7E2368BA9B57345BC95C56AC7F77D92F00FB2B02B
RAW_GRID_T100_S020_GATE90_TRIANGLE_V0_NO_CANDIDATE_B__PROTECT_PROTECTED_FLATTEN_1Q,2019-09-22T23:00:00.000Z,28,108.684125,-24.18,-5.82241,78.681715,0,0,10078.681715,10078.681715,5.560364,0,0,0,403,187,12,12,8,10,122.575,2872ADE0F08B3DCAC40228075F0F7743FBC5D84BF17761606F0566E99BEE5CF3
RAW_GRID_T100_S020_GATE90_TRIANGLE_V0_NO_CANDIDATE_B__PROTECT_PROTECTED_FLATTEN_1Q,2019-09-29T23:00:00.000Z,28,187.612021,-25.8,-5.857801,155.95422,0,0,10155.95422,10155.95422,77.272505,0,0,0,430,212,12,12,8,10,123.781944,A53C946D2B3E8E2C65CF8F362ED39B9B21CF571B3F354727DB05297775E4A8A5
RAW_GRID_T100_S020_GATE90_TRIANGLE_V0_NO_CANDIDATE_B__PROTECT_PROTECTED_FLATTEN_1Q,2019-10-06T23:00:00.000Z,28,-25.063886,-28.32,-5.923029,-59.306915,-16.468868,0.003201,9924.227418,9940.693085,-231.726802,4,0,4,472,216,12,12,10,10,129.498611,A691F0C2ABF9FACAB06330E552ED914D8B8A033ABE60B9E2053B927B47BF6F49
RAW_GRID_T100_S020_GATE90_TRIANGLE_V0_NO_CANDIDATE_B__PROTECT_PROTECTED_FLATTEN_1Q,2019-10-13T23:00:00.000Z,28,42.824797,-30.84,-5.857651,6.127146,0,0,10006.127146,10006.127146,81.899728,0,0,0,514,247,12,12,10,10,143.635417,688CDCF451EFE4AF42F46BA3874418A02BDCB302509D71F73CE3C98ED0994FB2
RAW_GRID_T100_S020_GATE90_TRIANGLE_V0_NO_CANDIDATE_B__PROTECT_PROTECTED_FLATTEN_1Q,2019-10-20T23:00:00.000Z,28,44.330728,-30.9,-5.857575,7.573153,0,0,10007.573153,10007.573153,1.446007,0,0,0,515,248,12,12,10,10,143.643056,20F59F3FA21FEA0C637C2B8EA6D85E9D4C96BECEA3C52C73DA47DE4395EE8E48
RAW_GRID_T100_S020_GATE90_TRIANGLE_V0_NO_CANDIDATE_B__PROTECT_PROTECTED_FLATTEN_1Q,2019-10-27T23:00:00.000Z,28,64.694269,-32.4,-5.887534,26.406735,-0.098806,0.000375,10026.308304,10026.406735,18.735151,1,0,1,540,262,12,12,10,10,146.177083,2471B832CB20F68F876B53F71A9AF9BC3386EF6676D5F76F8BBE0E2D2138DA7E
RAW_GRID_T100_S020_GATE90_TRIANGLE_V0_NO_CANDIDATE_B__PROTECT_PROTECTED_FLATTEN_1Q,2019-11-04T00:00:00.000Z,28,78.15776,-33.3,-5.888007,38.969753,0,0,10038.969753,10038.969753,12.661449,0,0,0,555,269,12,12,10,10,150.628472,6EC755F1AC781BCC2AAB7993863424728A3C4F9FE29FDF7EBD0F10132E183875
RAW_GRID_T100_S020_GATE90_TRIANGLE_V0_NO_CANDIDATE_B__PROTECT_PROTECTED_FLATTEN_1Q,2019-11-11T00:00:00.000Z,28,83.696229,-33.84,-5.898286,43.957943,0.272906,0.002563,10044.233412,10043.957943,5.263659,3,0,3,564,275,12,12,10,10,150.977778,1F8E3A9306B5962F4148AD91A23B37F255CF6CD8E0EA74927D3424B1F99F0BAC
RAW_GRID_T100_S020_GATE90_TRIANGLE_V0_NO_CANDIDATE_B__PROTECT_PROTECTED_FLATTEN_1Q,2019-11-18T00:00:00.000Z,28,111.5421,-35.64,-5.947054,69.955046,0.085936,-0.005446,10070.035536,10069.955046,25.802124,2,1,1,594,295,12,12,10,10,163.20625,168CB1EFB8C0B5F747637A4B66D07AABE017D6232FB133C2BE45C21053DEC95F
RAW_GRID_T100_S020_GATE90_TRIANGLE_V0_NO_CANDIDATE_B__PROTECT_PROTECTED_FLATTEN_1Q,2019-11-25T00:00:00.000Z,28,115.330407,-35.94,-6.209142,73.181265,0,0,10073.181265,10073.181265,3.145729,0,0,0,599,299,12,12,10,10,169.753472,EC090C6822E0051FE20ED143D5DDEE888337FDB94CE41B69A7B39AB8F72BF69E
RAW_GRID_T100_S020_GATE90_TRIANGLE_V0_NO_CANDIDATE_B__PROTECT_PROTECTED_FLATTEN_1Q,2019-12-02T00:00:00.000Z,28,121.677733,-36.36,-6.236041,79.081692,0,0,10079.081692,10079.081692,5.900427,0,0,0,606,306,12,12,10,10,170.114583,97FE245656176EDAD2333F42E150EC4C644FF657741B97C4F1F32F0E37768028
RAW_GRID_T100_S020_GATE90_TRIANGLE_V0_NO_CANDIDATE_B__PROTECT_PROTECTED_FLATTEN_1Q,2019-12-09T00:00:00.000Z,28,138.635424,-38.82,-6.406426,93.408998,-7.643351,-0.0106,10085.755047,10093.408998,6.673355,9,8,1,647,318,13,12,10,10,173.451389,5A4EACA561DAA8290CC4C042A926027771DC9529A01E30E2A533BFC02EB93517
RAW_GRID_T100_S020_GATE90_TRIANGLE_V0_NO_CANDIDATE_B__PROTECT_PROTECTED_FLATTEN_1Q,2019-12-16T00:00:00.000Z,28,151.666801,-39.48,-8.549628,103.637173,-0.480001,-0.00917,10103.148002,10103.637173,17.392955,1,1,0,658,324,13,12,10,10,199.461111,AF39762E39071E104809B3BAD9FA121607399470FAD1EB38664A7245A0941FD2
RAW_GRID_T100_S020_GATE90_TRIANGLE_V0_NO_CANDIDATE_B__PROTECT_PROTECTED_FLATTEN_1Q,2019-12-23T00:00:00.000Z,28,150.795078,-39.78,-8.774141,102.240937,1.094578,0.000947,10103.336462,10102.240937,0.18846,4,1,3,663,324,13,12,10,10,202.180556,0B5F39B857AA37AFD74DB742804526CF8F0D53DB25EEDB9DA4B41E97AF3DECE4
RAW_GRID_T100_S020_GATE90_TRIANGLE_V0_NO_CANDIDATE_B__PROTECT_PROTECTED_FLATTEN_1Q,2019-12-30T00:00:00.000Z,28,152.239242,-40.62,-9.02646,102.592782,0,0,10102.592782,10102.592782,-0.74368,0,0,0,677,333,13,12,10,10,213.221528,9BA593B96BC21ADA35D90839379D88F6C98872C4EF815BAC1B4D1D9743C0299A
RAW_GRID_T100_S020_GATE90_TRIANGLE_V0_NO_CANDIDATE_B__PROTECT_PROTECTED_FLATTEN_1Q_TRAIL_1Q,2019-04-14T23:00:00.000Z,28,-6.746576,-0.72,-0.000441,-7.467017,0,0,9992.532983,9992.532983,-7.467017,0,0,0,12,2,6,1,6,5,2.463194,2EAAB1FB16D964F178C21D65F5F87DAA953DE48C6E45249E4A3D03C7469CE931
RAW_GRID_T100_S020_GATE90_TRIANGLE_V0_NO_CANDIDATE_B__PROTECT_PROTECTED_FLATTEN_1Q_TRAIL_1Q,2019-04-21T23:00:00.000Z,28,-6.616335,-2.64,-0.288761,-9.545096,0.510002,0.001194,9990.9661,9990.454904,-1.566883,2,0,2,44,10,6,6,6,5,6.916667,63484E29258C9FDC12197C04D4EF4D91B0E5B1DE86B48431D4EC00CC9F37681B
RAW_GRID_T100_S020_GATE90_TRIANGLE_V0_NO_CANDIDATE_B__PROTECT_PROTECTED_FLATTEN_1Q_TRAIL_1Q,2019-04-28T23:00:00.000Z,28,11.019905,-3.84,-0.265009,6.914896,-6.515325,0.000576,10000.400147,10006.914896,9.434047,4,0,4,64,21,8,6,8,5,12.872917,6FF007258313AF665356EF19C91F431638E39959CB94DE47821AC0FB547CA54B
RAW_GRID_T100_S020_GATE90_TRIANGLE_V0_NO_CANDIDATE_B__PROTECT_PROTECTED_FLATTEN_1Q_TRAIL_1Q,2019-05-05T23:00:00.000Z,28,8.056079,-5.28,-0.404441,2.371638,0,0,10002.371638,10002.371638,1.971491,0,0,0,88,29,8,6,8,5,25.357639,50DF4FD7F7770A5C72FEFB1E3E62A5F9C8D454AF85656227729FA87CFB19A3EF
RAW_GRID_T100_S020_GATE90_TRIANGLE_V0_NO_CANDIDATE_B__PROTECT_PROTECTED_FLATTEN_1Q_TRAIL_1Q,2019-05-12T23:00:00.000Z,28,7.184265,-6.54,-0.693341,-0.049076,-9.425251,-0.172447,9990.353226,9999.950924,-12.018412,6,6,0,109,35,8,8,8,5,28.559722,64DD634B18B4751410E426BFEED660E18D7D320C7F1B38974ABA26C6E49E3D7A
RAW_GRID_T100_S020_GATE90_TRIANGLE_V0_NO_CANDIDATE_B__PROTECT_PROTECTED_FLATTEN_1Q_TRAIL_1Q,2019-05-19T23:00:00.000Z,28,4.337984,-7.08,-2.189714,-4.93173,-0.185744,0.001222,9994.883748,9995.06827,4.530522,2,0,2,118,42,8,8,8,5,45.138194,82CE76F18D33E7B38A253555BE774CF7E499930C8E3D48F205E43D9B1D0F1FD5
RAW_GRID_T100_S020_GATE90_TRIANGLE_V0_NO_CANDIDATE_B__PROTECT_PROTECTED_FLATTEN_1Q_TRAIL_1Q,2019-05-26T23:00:00.000Z,28,15.25462,-7.98,-2.158488,5.116132,1.803418,0.000132,10006.919682,10005.116132,12.035934,2,0,2,133,52,8,8,8,5,51.890972,CB3DBA7129F6C66C939AEA65988EAF67DF65670299529D06C4B25C2D536FF3A7
RAW_GRID_T100_S020_GATE90_TRIANGLE_V0_NO_CANDIDATE_B__PROTECT_PROTECTED_FLATTEN_1Q_TRAIL_1Q,2019-06-02T23:00:00.000Z,28,26.604556,-9.84,-2.166388,14.598168,0.677196,-0.00917,10015.266194,10014.598168,8.346512,1,1,0,164,65,8,8,8,5,58.784722,E300FD5EA8E3FFD4950AC4120E87C22366F47CC0F44741483D53EF3312427B4D
RAW_GRID_T100_S020_GATE90_TRIANGLE_V0_NO_CANDIDATE_B__PROTECT_PROTECTED_FLATTEN_1Q_TRAIL_1Q,2019-06-09T23:00:00.000Z,28,24.481747,-10.5,-2.712026,11.269721,0.540198,0.000875,10011.810794,10011.269721,-3.4554,1,0,1,175,69,8,8,8,5,64.753472,0556073702A8E417CE77EEF3143800DB485F5ADDCF1FB251A97F7441835872AB
RAW_GRID_T100_S020_GATE90_TRIANGLE_V0_NO_CANDIDATE_B__PROTECT_PROTECTED_FLATTEN_1Q_TRAIL_1Q,2019-06-16T23:00:00.000Z,28,39.866427,-11.7,-2.795832,25.370595,0.491637,0.000326,10025.862558,10025.370595,14.051764,2,0,2,195,81,8,8,8,5,68.640278,DC1B3DB645C1304D203F339791D5516725AC4EF2D0547096EACC988917DA97A6
RAW_GRID_T100_S020_GATE90_TRIANGLE_V0_NO_CANDIDATE_B__PROTECT_PROTECTED_FLATTEN_1Q_TRAIL_1Q,2019-06-23T23:00:00.000Z,28,38.54946,-12.42,-2.765859,23.363601,0.266621,0.000083,10023.630305,10023.363601,-2.232253,1,0,1,207,89,8,8,8,5,74.448611,EA2608535C5EC74EAE57062C454FBA2833D64249919C5EA3B880FE86878BEDEF
RAW_GRID_T100_S020_GATE90_TRIANGLE_V0_NO_CANDIDATE_B__PROTECT_PROTECTED_FLATTEN_1Q_TRAIL_1Q,2019-06-30T23:00:00.000Z,28,37.644246,-12.6,-2.84468,22.199566,0,0,10022.199566,10022.199566,-1.430739,0,0,0,210,89,8,8,8,5,77.951389,1D46FDF48BB2D12EB1C633C8CB2C695C7E307D98AEA079FF2142AB6E7963A3A9
RAW_GRID_T100_S020_GATE90_TRIANGLE_V0_NO_CANDIDATE_B__PROTECT_PROTECTED_FLATTEN_1Q_TRAIL_1Q,2019-07-07T23:00:00.000Z,28,37.644246,-12.6,-2.84468,22.199566,0,0,10022.199566,10022.199566,0,0,0,0,210,89,8,8,8,5,77.951389,51397E7FD67FECFED6A832B653888F3DC9219ECCBC4F4E856EC3EF97FEEE8DEA
RAW_GRID_T100_S020_GATE90_TRIANGLE_V0_NO_CANDIDATE_B__PROTECT_PROTECTED_FLATTEN_1Q_TRAIL_1Q,2019-07-14T23:00:00.000Z,28,34.57363,-13.86,-2.89144,17.82219,0,0,10017.82219,10017.82219,-4.377376,0,0,0,231,98,8,8,8,5,80.394444,5BEF7E2F83D9AF19511D0B3E12AFE8DE7D5DF701D05720A1F88B97D4683FB0A0
RAW_GRID_T100_S020_GATE90_TRIANGLE_V0_NO_CANDIDATE_B__PROTECT_PROTECTED_FLATTEN_1Q_TRAIL_1Q,2019-07-21T23:00:00.000Z,28,43.361908,-14.58,-2.943031,25.838877,-0.3037,-0.002547,10025.53263,10025.838877,7.71044,1,1,0,243,101,8,8,8,5,82.220139,F80B23D719C483D134D199D28E4D04AEEB89968347DDF790C5860148D2FF970B
RAW_GRID_T100_S020_GATE90_TRIANGLE_V0_NO_CANDIDATE_B__PROTECT_PROTECTED_FLATTEN_1Q_TRAIL_1Q,2019-07-28T23:00:00.000Z,28,-6.981958,-18.6,-3.569922,-29.15188,-0.539062,-0.005285,9970.303773,9970.84812,-55.228857,3,3,0,310,120,12,12,8,10,89.188194,65F9C113D274E836CB04D4D631CB0852DB4933A9F1A7D2D1A3250784F9F65FB9
RAW_GRID_T100_S020_GATE90_TRIANGLE_V0_NO_CANDIDATE_B__PROTECT_PROTECTED_FLATTEN_1Q_TRAIL_1Q,2019-08-04T23:00:00.000Z,28,2.49173,-21.12,-4.769293,-23.397563,0,0,9976.602437,9976.602437,6.298664,0,0,0,352,134,12,12,8,10,103.403472,F6CCDA5C6E011162533BB9F195C84F199CBF3096A7900813DB698777D0B95297
RAW_GRID_T100_S020_GATE90_TRIANGLE_V0_NO_CANDIDATE_B__PROTECT_PROTECTED_FLATTEN_1Q_TRAIL_1Q,2019-08-11T23:00:00.000Z,28,22.843888,-21.84,-4.82199,-3.818102,0,0,9996.181898,9996.181898,19.579461,0,0,0,364,140,12,12,8,10,104.334722,C471BADD97941F5F223FEC62A8C519A8FAAC028164ED1D50D0213C2C629866A8
RAW_GRID_T100_S020_GATE90_TRIANGLE_V0_NO_CANDIDATE_B__PROTECT_PROTECTED_FLATTEN_1Q_TRAIL_1Q,2019-08-18T23:00:00.000Z,28,44.45254,-22.62,-4.937811,16.894729,0,0,10016.894729,10016.894729,20.712831,0,0,0,377,149,12,12,8,10,106.842361,97588CB6F04B0DF8AFAF786C3DCD8AB3A0C31DF1C2B32AEA46F7AE14D6ECB7DC
RAW_GRID_T100_S020_GATE90_TRIANGLE_V0_NO_CANDIDATE_B__PROTECT_PROTECTED_FLATTEN_1Q_TRAIL_1Q,2019-08-25T23:00:00.000Z,28,48.319552,-23.58,-4.956367,19.783185,0,0,10019.783185,10019.783185,2.888456,0,0,0,393,155,12,12,8,10,108.856944,DB19F5F54E3F08EC1BB50CB7CF7D9780C36BA1C6AD651F38912FD00A6DEF27C0
RAW_GRID_T100_S020_GATE90_TRIANGLE_V0_NO_CANDIDATE_B__PROTECT_PROTECTED_FLATTEN_1Q_TRAIL_1Q,2019-09-01T23:00:00.000Z,28,54.299936,-23.88,-4.951541,25.468395,0,0,10025.468395,10025.468395,5.68521,0,0,0,398,159,12,12,8,10,109.339583,AE60639CDEE3026764BA62C8BA3412464E512B07CB72B718AAD3F0EE928632D1
RAW_GRID_T100_S020_GATE90_TRIANGLE_V0_NO_CANDIDATE_B__PROTECT_PROTECTED_FLATTEN_1Q_TRAIL_1Q,2019-09-08T23:00:00.000Z,28,67.507283,-24.96,-4.921367,37.625916,0,0,10037.625916,10037.625916,12.157521,0,0,0,416,166,12,12,8,10,112.356944,B281CDD8F88E8AEC2793501EE90901D28ABF1E033959A9620BF30927FD592FDD
RAW_GRID_T100_S020_GATE90_TRIANGLE_V0_NO_CANDIDATE_B__PROTECT_PROTECTED_FLATTEN_1Q_TRAIL_1Q,2019-09-15T23:00:00.000Z,28,76.41244,-25.74,-4.945005,45.727435,0,0,10045.727435,10045.727435,8.101519,0,0,0,429,172,12,12,8,10,112.726389,C0CD5C46E9D79B917904BAB41D8DDB091AEF311D76109D29678BBA1DF83965F6
RAW_GRID_T100_S020_GATE90_TRIANGLE_V0_NO_CANDIDATE_B__PROTECT_PROTECTED_FLATTEN_1Q_TRAIL_1Q,2019-09-22T23:00:00.000Z,28,83.309302,-27,-5.203601,51.105701,0,0,10051.105701,10051.105701,5.378266,0,0,0,450,180,12,12,8,10,116.027778,EA4EC6E150C9D8FBCD3789785C5AB98D1AB39C8D682BFB844C42684906ED541D
RAW_GRID_T100_S020_GATE90_TRIANGLE_V0_NO_CANDIDATE_B__PROTECT_PROTECTED_FLATTEN_1Q_TRAIL_1Q,2019-09-29T23:00:00.000Z,28,160.615035,-28.74,-5.239374,126.635661,0,0,10126.635661,10126.635661,75.52996,0,0,0,479,205,12,12,8,10,117.196528,AB0FE144D1D76455E93A13CD6A9321FB995614E1EA4A9505B7ADB398D5F7E552
RAW_GRID_T100_S020_GATE90_TRIANGLE_V0_NO_CANDIDATE_B__PROTECT_PROTECTED_FLATTEN_1Q_TRAIL_1Q,2019-10-06T23:00:00.000Z,28,-53.955885,-31.92,-5.291922,-91.167807,-1.95431,0.000438,9906.878321,9908.832193,-219.75734,4,0,4,532,210,12,12,10,10,124.18125,FB8E076304129BC2F856104F1B42A4A29386AAD2C37CE04F7C652C752840E958
RAW_GRID_T100_S020_GATE90_TRIANGLE_V0_NO_CANDIDATE_B__PROTECT_PROTECTED_FLATTEN_1Q_TRAIL_1Q,2019-10-13T23:00:00.000Z,28,24.272767,-34.98,-5.226847,-15.93408,0,0,9984.06592,9984.06592,77.187599,0,0,0,583,238,12,12,10,10,137.772222,3A57371DB3FE33BF8EFD9FBD8B646FCCD500774BD35EBF08C9E7099D72CD8B92
RAW_GRID_T100_S020_GATE90_TRIANGLE_V0_NO_CANDIDATE_B__PROTECT_PROTECTED_FLATTEN_1Q_TRAIL_1Q,2019-10-20T23:00:00.000Z,28,25.778698,-35.04,-5.226771,-14.488073,0,0,9985.511927,9985.511927,1.446007,0,0,0,584,239,12,12,10,10,137.779861,91559BC494F697C43248E3FAE4A8666B78222D9AC6BD5828CC64BC913B00D347
RAW_GRID_T100_S020_GATE90_TRIANGLE_V0_NO_CANDIDATE_B__PROTECT_PROTECTED_FLATTEN_1Q_TRAIL_1Q,2019-10-27T23:00:00.000Z,28,45.868942,-36.66,-5.256742,3.9522,-0.098806,0.000375,10003.853769,10003.9522,18.341842,1,0,1,611,253,12,12,10,10,140.3125,F162276A7A79F77163428A678A5AF881EEB88B529DC98A3292273C5B7B62DB50
RAW_GRID_T100_S020_GATE90_TRIANGLE_V0_NO_CANDIDATE_B__PROTECT_PROTECTED_FLATTEN_1Q_TRAIL_1Q,2019-11-04T00:00:00.000Z,28,59.332433,-37.56,-5.257215,16.515218,0,0,10016.515218,10016.515218,12.661449,0,0,0,626,260,12,12,10,10,144.763889,BE51A3389571994A87A88E20757590B061D56222E8561CF49F75FFEDBA38A487
RAW_GRID_T100_S020_GATE90_TRIANGLE_V0_NO_CANDIDATE_B__PROTECT_PROTECTED_FLATTEN_1Q_TRAIL_1Q,2019-11-11T00:00:00.000Z,28,64.870902,-38.1,-5.267494,21.503408,0.272906,0.002563,10021.778877,10021.503408,5.263659,3,0,3,635,266,12,12,10,10,145.113194,E4D7DD141F8F135D7CE2D46133C0867CCF223502D936974A45778F4376BA0493
RAW_GRID_T100_S020_GATE90_TRIANGLE_V0_NO_CANDIDATE_B__PROTECT_PROTECTED_FLATTEN_1Q_TRAIL_1Q,2019-11-18T00:00:00.000Z,28,92.698497,-40.02,-5.30047,47.378027,0.085936,-0.005446,10047.458517,10047.378027,25.67964,2,1,1,667,286,12,12,10,10,157.169444,F6D6C8C29A11BD9BDA8C93F976B4FFF7F847A8285864D9A269C878FC405FA940
RAW_GRID_T100_S020_GATE90_TRIANGLE_V0_NO_CANDIDATE_B__PROTECT_PROTECTED_FLATTEN_1Q_TRAIL_1Q,2019-11-25T00:00:00.000Z,28,97.647518,-40.5,-5.562594,51.584924,0,0,10051.584924,10051.584924,4.126407,0,0,0,675,289,12,12,10,10,163.140972,39A3408B3755AE3A9FF17A32047DFA76E00A1F1161F543024B5E16DC9FB01473
RAW_GRID_T100_S020_GATE90_TRIANGLE_V0_NO_CANDIDATE_B__PROTECT_PROTECTED_FLATTEN_1Q_TRAIL_1Q,2019-12-02T00:00:00.000Z,28,103.994844,-40.92,-5.589493,57.485351,0,0,10057.485351,10057.485351,5.900427,0,0,0,682,296,12,12,10,10,163.502083,3C43F80CC19A371E10247E5E2872B77083ADD3928BF40CB329BB75253E72C7C8
RAW_GRID_T100_S020_GATE90_TRIANGLE_V0_NO_CANDIDATE_B__PROTECT_PROTECTED_FLATTEN_1Q_TRAIL_1Q,2019-12-09T00:00:00.000Z,28,116.96352,-43.68,-5.758361,67.525159,-7.643351,-0.0106,10059.871208,10067.525159,2.385857,9,8,1,728,307,13,12,10,10,166.983333,BB037446CDE210EB575620C737D45416BA76206121ED1203D11D7D0A906552B2
RAW_GRID_T100_S020_GATE90_TRIANGLE_V0_NO_CANDIDATE_B__PROTECT_PROTECTED_FLATTEN_1Q_TRAIL_1Q,2019-12-16T00:00:00.000Z,28,124.716932,-44.34,-7.782927,72.594005,-0.480001,-0.00917,10072.104834,10072.594005,12.233626,1,1,0,739,312,13,12,10,10,191.699306,6BE09B3446F089EF755EE5E4292D79BC1943FF108E5A21EA92C445290A7336DF
RAW_GRID_T100_S020_GATE90_TRIANGLE_V0_NO_CANDIDATE_B__PROTECT_PROTECTED_FLATTEN_1Q_TRAIL_1Q,2019-12-23T00:00:00.000Z,28,123.845209,-44.64,-8.00744,71.197769,1.094578,0.000947,10072.293294,10071.197769,0.18846,4,1,3,744,312,13,12,10,10,194.41875,8BD1EB49775BEB13E98801C7E8A6671F489FCE738D1DB48AB627C39CF378D36B
RAW_GRID_T100_S020_GATE90_TRIANGLE_V0_NO_CANDIDATE_B__PROTECT_PROTECTED_FLATTEN_1Q_TRAIL_1Q,2019-12-30T00:00:00.000Z,28,129.766076,-45.54,-8.257721,75.968355,0,0,10075.968355,10075.968355,3.675061,0,0,0,759,321,13,12,10,10,205.4375,A6FBF68F78AC65F93F28438BA930221B3D38ACEBBE819DF2C20624DD556287CA
