ordinal,signal_adr_brick,david_ma_period,spacing_adr,activation_rules,artifact_dir,report_path,command
1,0.025,25,0.1,"raw_both,david_contra,candidate_b,candidate_b_david_contra_confirm,candidate_b_david_contra_conflict_candidate,stoch_contra,david_stoch_confirm",docs/research/gates/gate90/artifacts/gate90c-full-window-adr025_ma25_s1-exp010-rsi506040-stoch100-3-100-6040,docs/research/gates/gate90/GATE90C_FULL_WINDOW_ADR025_MA25_S1_EXP010_RSI506040_STOCH100_3_100_6040_2026-07-02.md,"npm run engine:gate90:grid-activation-accuracy-one-sided-selection -- --all-pairs --week-from=2019-04-14 --week-to=2026-05-31 --activation-rules=raw_both,david_contra,candidate_b,candidate_b_david_contra_confirm,candidate_b_david_contra_conflict_candidate,stoch_contra,david_stoch_confirm --bar-path-mode=ohlc_high_low --signal-clock=adr_event --signal-adr-brick=0.025 --session-mode=ny_daily_window --session-time-zone=America/New_York --session-trade-start-et=18:05 --session-trade-end-et=15:45 --session-flatten-et=16:00 --session-sunday-start-et=20:00 --target-mode=david_ma_reversion --target-adr=1 --spacing-adr=0.1 --min-ma-expansion-adr=0.10 --grid-add-mode=adverse_only --david-ma-period=25 --david-rsi-period=50 --david-rsi-overbought=60 --david-rsi-oversold=40 --stoch-k-period=100 --stoch-d-period=3 --stoch-slowing=100 --stoch-overbought=60 --stoch-oversold=40 --summary-only --artifact-dir=docs/research/gates/gate90/artifacts/gate90c-full-window-adr025_ma25_s1-exp010-rsi506040-stoch100-3-100-6040 --report-path=docs/research/gates/gate90/GATE90C_FULL_WINDOW_ADR025_MA25_S1_EXP010_RSI506040_STOCH100_3_100_6040_2026-07-02.md"
2,0.025,25,0.15,"raw_both,david_contra,candidate_b,candidate_b_david_contra_confirm,candidate_b_david_contra_conflict_candidate,stoch_contra,david_stoch_confirm",docs/research/gates/gate90/artifacts/gate90c-full-window-adr025_ma25_s15-exp010-rsi506040-stoch100-3-100-6040,docs/research/gates/gate90/GATE90C_FULL_WINDOW_ADR025_MA25_S15_EXP010_RSI506040_STOCH100_3_100_6040_2026-07-02.md,"npm run engine:gate90:grid-activation-accuracy-one-sided-selection -- --all-pairs --week-from=2019-04-14 --week-to=2026-05-31 --activation-rules=raw_both,david_contra,candidate_b,candidate_b_david_contra_confirm,candidate_b_david_contra_conflict_candidate,stoch_contra,david_stoch_confirm --bar-path-mode=ohlc_high_low --signal-clock=adr_event --signal-adr-brick=0.025 --session-mode=ny_daily_window --session-time-zone=America/New_York --session-trade-start-et=18:05 --session-trade-end-et=15:45 --session-flatten-et=16:00 --session-sunday-start-et=20:00 --target-mode=david_ma_reversion --target-adr=1 --spacing-adr=0.15 --min-ma-expansion-adr=0.10 --grid-add-mode=adverse_only --david-ma-period=25 --david-rsi-period=50 --david-rsi-overbought=60 --david-rsi-oversold=40 --stoch-k-period=100 --stoch-d-period=3 --stoch-slowing=100 --stoch-overbought=60 --stoch-oversold=40 --summary-only --artifact-dir=docs/research/gates/gate90/artifacts/gate90c-full-window-adr025_ma25_s15-exp010-rsi506040-stoch100-3-100-6040 --report-path=docs/research/gates/gate90/GATE90C_FULL_WINDOW_ADR025_MA25_S15_EXP010_RSI506040_STOCH100_3_100_6040_2026-07-02.md"
3,0.025,25,0.2,"raw_both,david_contra,candidate_b,candidate_b_david_contra_confirm,candidate_b_david_contra_conflict_candidate,stoch_contra,david_stoch_confirm",docs/research/gates/gate90/artifacts/gate90c-full-window-adr025_ma25_s2-exp010-rsi506040-stoch100-3-100-6040,docs/research/gates/gate90/GATE90C_FULL_WINDOW_ADR025_MA25_S2_EXP010_RSI506040_STOCH100_3_100_6040_2026-07-02.md,"npm run engine:gate90:grid-activation-accuracy-one-sided-selection -- --all-pairs --week-from=2019-04-14 --week-to=2026-05-31 --activation-rules=raw_both,david_contra,candidate_b,candidate_b_david_contra_confirm,candidate_b_david_contra_conflict_candidate,stoch_contra,david_stoch_confirm --bar-path-mode=ohlc_high_low --signal-clock=adr_event --signal-adr-brick=0.025 --session-mode=ny_daily_window --session-time-zone=America/New_York --session-trade-start-et=18:05 --session-trade-end-et=15:45 --session-flatten-et=16:00 --session-sunday-start-et=20:00 --target-mode=david_ma_reversion --target-adr=1 --spacing-adr=0.2 --min-ma-expansion-adr=0.10 --grid-add-mode=adverse_only --david-ma-period=25 --david-rsi-period=50 --david-rsi-overbought=60 --david-rsi-oversold=40 --stoch-k-period=100 --stoch-d-period=3 --stoch-slowing=100 --stoch-overbought=60 --stoch-oversold=40 --summary-only --artifact-dir=docs/research/gates/gate90/artifacts/gate90c-full-window-adr025_ma25_s2-exp010-rsi506040-stoch100-3-100-6040 --report-path=docs/research/gates/gate90/GATE90C_FULL_WINDOW_ADR025_MA25_S2_EXP010_RSI506040_STOCH100_3_100_6040_2026-07-02.md"
4,0.025,25,0.25,"raw_both,david_contra,candidate_b,candidate_b_david_contra_confirm,candidate_b_david_contra_conflict_candidate,stoch_contra,david_stoch_confirm",docs/research/gates/gate90/artifacts/gate90c-full-window-adr025_ma25_s25-exp010-rsi506040-stoch100-3-100-6040,docs/research/gates/gate90/GATE90C_FULL_WINDOW_ADR025_MA25_S25_EXP010_RSI506040_STOCH100_3_100_6040_2026-07-02.md,"npm run engine:gate90:grid-activation-accuracy-one-sided-selection -- --all-pairs --week-from=2019-04-14 --week-to=2026-05-31 --activation-rules=raw_both,david_contra,candidate_b,candidate_b_david_contra_confirm,candidate_b_david_contra_conflict_candidate,stoch_contra,david_stoch_confirm --bar-path-mode=ohlc_high_low --signal-clock=adr_event --signal-adr-brick=0.025 --session-mode=ny_daily_window --session-time-zone=America/New_York --session-trade-start-et=18:05 --session-trade-end-et=15:45 --session-flatten-et=16:00 --session-sunday-start-et=20:00 --target-mode=david_ma_reversion --target-adr=1 --spacing-adr=0.25 --min-ma-expansion-adr=0.10 --grid-add-mode=adverse_only --david-ma-period=25 --david-rsi-period=50 --david-rsi-overbought=60 --david-rsi-oversold=40 --stoch-k-period=100 --stoch-d-period=3 --stoch-slowing=100 --stoch-overbought=60 --stoch-oversold=40 --summary-only --artifact-dir=docs/research/gates/gate90/artifacts/gate90c-full-window-adr025_ma25_s25-exp010-rsi506040-stoch100-3-100-6040 --report-path=docs/research/gates/gate90/GATE90C_FULL_WINDOW_ADR025_MA25_S25_EXP010_RSI506040_STOCH100_3_100_6040_2026-07-02.md"
5,0.025,25,0.3,"raw_both,david_contra,candidate_b,candidate_b_david_contra_confirm,candidate_b_david_contra_conflict_candidate,stoch_contra,david_stoch_confirm",docs/research/gates/gate90/artifacts/gate90c-full-window-adr025_ma25_s3-exp010-rsi506040-stoch100-3-100-6040,docs/research/gates/gate90/GATE90C_FULL_WINDOW_ADR025_MA25_S3_EXP010_RSI506040_STOCH100_3_100_6040_2026-07-02.md,"npm run engine:gate90:grid-activation-accuracy-one-sided-selection -- --all-pairs --week-from=2019-04-14 --week-to=2026-05-31 --activation-rules=raw_both,david_contra,candidate_b,candidate_b_david_contra_confirm,candidate_b_david_contra_conflict_candidate,stoch_contra,david_stoch_confirm --bar-path-mode=ohlc_high_low --signal-clock=adr_event --signal-adr-brick=0.025 --session-mode=ny_daily_window --session-time-zone=America/New_York --session-trade-start-et=18:05 --session-trade-end-et=15:45 --session-flatten-et=16:00 --session-sunday-start-et=20:00 --target-mode=david_ma_reversion --target-adr=1 --spacing-adr=0.3 --min-ma-expansion-adr=0.10 --grid-add-mode=adverse_only --david-ma-period=25 --david-rsi-period=50 --david-rsi-overbought=60 --david-rsi-oversold=40 --stoch-k-period=100 --stoch-d-period=3 --stoch-slowing=100 --stoch-overbought=60 --stoch-oversold=40 --summary-only --artifact-dir=docs/research/gates/gate90/artifacts/gate90c-full-window-adr025_ma25_s3-exp010-rsi506040-stoch100-3-100-6040 --report-path=docs/research/gates/gate90/GATE90C_FULL_WINDOW_ADR025_MA25_S3_EXP010_RSI506040_STOCH100_3_100_6040_2026-07-02.md"
6,0.025,35,0.1,"raw_both,david_contra,candidate_b,candidate_b_david_contra_confirm,candidate_b_david_contra_conflict_candidate,stoch_contra,david_stoch_confirm",docs/research/gates/gate90/artifacts/gate90c-full-window-adr025_ma35_s1-exp010-rsi506040-stoch100-3-100-6040,docs/research/gates/gate90/GATE90C_FULL_WINDOW_ADR025_MA35_S1_EXP010_RSI506040_STOCH100_3_100_6040_2026-07-02.md,"npm run engine:gate90:grid-activation-accuracy-one-sided-selection -- --all-pairs --week-from=2019-04-14 --week-to=2026-05-31 --activation-rules=raw_both,david_contra,candidate_b,candidate_b_david_contra_confirm,candidate_b_david_contra_conflict_candidate,stoch_contra,david_stoch_confirm --bar-path-mode=ohlc_high_low --signal-clock=adr_event --signal-adr-brick=0.025 --session-mode=ny_daily_window --session-time-zone=America/New_York --session-trade-start-et=18:05 --session-trade-end-et=15:45 --session-flatten-et=16:00 --session-sunday-start-et=20:00 --target-mode=david_ma_reversion --target-adr=1 --spacing-adr=0.1 --min-ma-expansion-adr=0.10 --grid-add-mode=adverse_only --david-ma-period=35 --david-rsi-period=50 --david-rsi-overbought=60 --david-rsi-oversold=40 --stoch-k-period=100 --stoch-d-period=3 --stoch-slowing=100 --stoch-overbought=60 --stoch-oversold=40 --summary-only --artifact-dir=docs/research/gates/gate90/artifacts/gate90c-full-window-adr025_ma35_s1-exp010-rsi506040-stoch100-3-100-6040 --report-path=docs/research/gates/gate90/GATE90C_FULL_WINDOW_ADR025_MA35_S1_EXP010_RSI506040_STOCH100_3_100_6040_2026-07-02.md"
7,0.025,35,0.15,"raw_both,david_contra,candidate_b,candidate_b_david_contra_confirm,candidate_b_david_contra_conflict_candidate,stoch_contra,david_stoch_confirm",docs/research/gates/gate90/artifacts/gate90c-full-window-adr025_ma35_s15-exp010-rsi506040-stoch100-3-100-6040,docs/research/gates/gate90/GATE90C_FULL_WINDOW_ADR025_MA35_S15_EXP010_RSI506040_STOCH100_3_100_6040_2026-07-02.md,"npm run engine:gate90:grid-activation-accuracy-one-sided-selection -- --all-pairs --week-from=2019-04-14 --week-to=2026-05-31 --activation-rules=raw_both,david_contra,candidate_b,candidate_b_david_contra_confirm,candidate_b_david_contra_conflict_candidate,stoch_contra,david_stoch_confirm --bar-path-mode=ohlc_high_low --signal-clock=adr_event --signal-adr-brick=0.025 --session-mode=ny_daily_window --session-time-zone=America/New_York --session-trade-start-et=18:05 --session-trade-end-et=15:45 --session-flatten-et=16:00 --session-sunday-start-et=20:00 --target-mode=david_ma_reversion --target-adr=1 --spacing-adr=0.15 --min-ma-expansion-adr=0.10 --grid-add-mode=adverse_only --david-ma-period=35 --david-rsi-period=50 --david-rsi-overbought=60 --david-rsi-oversold=40 --stoch-k-period=100 --stoch-d-period=3 --stoch-slowing=100 --stoch-overbought=60 --stoch-oversold=40 --summary-only --artifact-dir=docs/research/gates/gate90/artifacts/gate90c-full-window-adr025_ma35_s15-exp010-rsi506040-stoch100-3-100-6040 --report-path=docs/research/gates/gate90/GATE90C_FULL_WINDOW_ADR025_MA35_S15_EXP010_RSI506040_STOCH100_3_100_6040_2026-07-02.md"
8,0.025,35,0.2,"raw_both,david_contra,candidate_b,candidate_b_david_contra_confirm,candidate_b_david_contra_conflict_candidate,stoch_contra,david_stoch_confirm",docs/research/gates/gate90/artifacts/gate90c-full-window-adr025_ma35_s2-exp010-rsi506040-stoch100-3-100-6040,docs/research/gates/gate90/GATE90C_FULL_WINDOW_ADR025_MA35_S2_EXP010_RSI506040_STOCH100_3_100_6040_2026-07-02.md,"npm run engine:gate90:grid-activation-accuracy-one-sided-selection -- --all-pairs --week-from=2019-04-14 --week-to=2026-05-31 --activation-rules=raw_both,david_contra,candidate_b,candidate_b_david_contra_confirm,candidate_b_david_contra_conflict_candidate,stoch_contra,david_stoch_confirm --bar-path-mode=ohlc_high_low --signal-clock=adr_event --signal-adr-brick=0.025 --session-mode=ny_daily_window --session-time-zone=America/New_York --session-trade-start-et=18:05 --session-trade-end-et=15:45 --session-flatten-et=16:00 --session-sunday-start-et=20:00 --target-mode=david_ma_reversion --target-adr=1 --spacing-adr=0.2 --min-ma-expansion-adr=0.10 --grid-add-mode=adverse_only --david-ma-period=35 --david-rsi-period=50 --david-rsi-overbought=60 --david-rsi-oversold=40 --stoch-k-period=100 --stoch-d-period=3 --stoch-slowing=100 --stoch-overbought=60 --stoch-oversold=40 --summary-only --artifact-dir=docs/research/gates/gate90/artifacts/gate90c-full-window-adr025_ma35_s2-exp010-rsi506040-stoch100-3-100-6040 --report-path=docs/research/gates/gate90/GATE90C_FULL_WINDOW_ADR025_MA35_S2_EXP010_RSI506040_STOCH100_3_100_6040_2026-07-02.md"
9,0.025,35,0.25,"raw_both,david_contra,candidate_b,candidate_b_david_contra_confirm,candidate_b_david_contra_conflict_candidate,stoch_contra,david_stoch_confirm",docs/research/gates/gate90/artifacts/gate90c-full-window-adr025_ma35_s25-exp010-rsi506040-stoch100-3-100-6040,docs/research/gates/gate90/GATE90C_FULL_WINDOW_ADR025_MA35_S25_EXP010_RSI506040_STOCH100_3_100_6040_2026-07-02.md,"npm run engine:gate90:grid-activation-accuracy-one-sided-selection -- --all-pairs --week-from=2019-04-14 --week-to=2026-05-31 --activation-rules=raw_both,david_contra,candidate_b,candidate_b_david_contra_confirm,candidate_b_david_contra_conflict_candidate,stoch_contra,david_stoch_confirm --bar-path-mode=ohlc_high_low --signal-clock=adr_event --signal-adr-brick=0.025 --session-mode=ny_daily_window --session-time-zone=America/New_York --session-trade-start-et=18:05 --session-trade-end-et=15:45 --session-flatten-et=16:00 --session-sunday-start-et=20:00 --target-mode=david_ma_reversion --target-adr=1 --spacing-adr=0.25 --min-ma-expansion-adr=0.10 --grid-add-mode=adverse_only --david-ma-period=35 --david-rsi-period=50 --david-rsi-overbought=60 --david-rsi-oversold=40 --stoch-k-period=100 --stoch-d-period=3 --stoch-slowing=100 --stoch-overbought=60 --stoch-oversold=40 --summary-only --artifact-dir=docs/research/gates/gate90/artifacts/gate90c-full-window-adr025_ma35_s25-exp010-rsi506040-stoch100-3-100-6040 --report-path=docs/research/gates/gate90/GATE90C_FULL_WINDOW_ADR025_MA35_S25_EXP010_RSI506040_STOCH100_3_100_6040_2026-07-02.md"
10,0.025,35,0.3,"raw_both,david_contra,candidate_b,candidate_b_david_contra_confirm,candidate_b_david_contra_conflict_candidate,stoch_contra,david_stoch_confirm",docs/research/gates/gate90/artifacts/gate90c-full-window-adr025_ma35_s3-exp010-rsi506040-stoch100-3-100-6040,docs/research/gates/gate90/GATE90C_FULL_WINDOW_ADR025_MA35_S3_EXP010_RSI506040_STOCH100_3_100_6040_2026-07-02.md,"npm run engine:gate90:grid-activation-accuracy-one-sided-selection -- --all-pairs --week-from=2019-04-14 --week-to=2026-05-31 --activation-rules=raw_both,david_contra,candidate_b,candidate_b_david_contra_confirm,candidate_b_david_contra_conflict_candidate,stoch_contra,david_stoch_confirm --bar-path-mode=ohlc_high_low --signal-clock=adr_event --signal-adr-brick=0.025 --session-mode=ny_daily_window --session-time-zone=America/New_York --session-trade-start-et=18:05 --session-trade-end-et=15:45 --session-flatten-et=16:00 --session-sunday-start-et=20:00 --target-mode=david_ma_reversion --target-adr=1 --spacing-adr=0.3 --min-ma-expansion-adr=0.10 --grid-add-mode=adverse_only --david-ma-period=35 --david-rsi-period=50 --david-rsi-overbought=60 --david-rsi-oversold=40 --stoch-k-period=100 --stoch-d-period=3 --stoch-slowing=100 --stoch-overbought=60 --stoch-oversold=40 --summary-only --artifact-dir=docs/research/gates/gate90/artifacts/gate90c-full-window-adr025_ma35_s3-exp010-rsi506040-stoch100-3-100-6040 --report-path=docs/research/gates/gate90/GATE90C_FULL_WINDOW_ADR025_MA35_S3_EXP010_RSI506040_STOCH100_3_100_6040_2026-07-02.md"
11,0.025,50,0.1,"raw_both,david_contra,candidate_b,candidate_b_david_contra_confirm,candidate_b_david_contra_conflict_candidate,stoch_contra,david_stoch_confirm",docs/research/gates/gate90/artifacts/gate90c-full-window-adr025_ma50_s1-exp010-rsi506040-stoch100-3-100-6040,docs/research/gates/gate90/GATE90C_FULL_WINDOW_ADR025_MA50_S1_EXP010_RSI506040_STOCH100_3_100_6040_2026-07-02.md,"npm run engine:gate90:grid-activation-accuracy-one-sided-selection -- --all-pairs --week-from=2019-04-14 --week-to=2026-05-31 --activation-rules=raw_both,david_contra,candidate_b,candidate_b_david_contra_confirm,candidate_b_david_contra_conflict_candidate,stoch_contra,david_stoch_confirm --bar-path-mode=ohlc_high_low --signal-clock=adr_event --signal-adr-brick=0.025 --session-mode=ny_daily_window --session-time-zone=America/New_York --session-trade-start-et=18:05 --session-trade-end-et=15:45 --session-flatten-et=16:00 --session-sunday-start-et=20:00 --target-mode=david_ma_reversion --target-adr=1 --spacing-adr=0.1 --min-ma-expansion-adr=0.10 --grid-add-mode=adverse_only --david-ma-period=50 --david-rsi-period=50 --david-rsi-overbought=60 --david-rsi-oversold=40 --stoch-k-period=100 --stoch-d-period=3 --stoch-slowing=100 --stoch-overbought=60 --stoch-oversold=40 --summary-only --artifact-dir=docs/research/gates/gate90/artifacts/gate90c-full-window-adr025_ma50_s1-exp010-rsi506040-stoch100-3-100-6040 --report-path=docs/research/gates/gate90/GATE90C_FULL_WINDOW_ADR025_MA50_S1_EXP010_RSI506040_STOCH100_3_100_6040_2026-07-02.md"
12,0.025,50,0.15,"raw_both,david_contra,candidate_b,candidate_b_david_contra_confirm,candidate_b_david_contra_conflict_candidate,stoch_contra,david_stoch_confirm",docs/research/gates/gate90/artifacts/gate90c-full-window-adr025_ma50_s15-exp010-rsi506040-stoch100-3-100-6040,docs/research/gates/gate90/GATE90C_FULL_WINDOW_ADR025_MA50_S15_EXP010_RSI506040_STOCH100_3_100_6040_2026-07-02.md,"npm run engine:gate90:grid-activation-accuracy-one-sided-selection -- --all-pairs --week-from=2019-04-14 --week-to=2026-05-31 --activation-rules=raw_both,david_contra,candidate_b,candidate_b_david_contra_confirm,candidate_b_david_contra_conflict_candidate,stoch_contra,david_stoch_confirm --bar-path-mode=ohlc_high_low --signal-clock=adr_event --signal-adr-brick=0.025 --session-mode=ny_daily_window --session-time-zone=America/New_York --session-trade-start-et=18:05 --session-trade-end-et=15:45 --session-flatten-et=16:00 --session-sunday-start-et=20:00 --target-mode=david_ma_reversion --target-adr=1 --spacing-adr=0.15 --min-ma-expansion-adr=0.10 --grid-add-mode=adverse_only --david-ma-period=50 --david-rsi-period=50 --david-rsi-overbought=60 --david-rsi-oversold=40 --stoch-k-period=100 --stoch-d-period=3 --stoch-slowing=100 --stoch-overbought=60 --stoch-oversold=40 --summary-only --artifact-dir=docs/research/gates/gate90/artifacts/gate90c-full-window-adr025_ma50_s15-exp010-rsi506040-stoch100-3-100-6040 --report-path=docs/research/gates/gate90/GATE90C_FULL_WINDOW_ADR025_MA50_S15_EXP010_RSI506040_STOCH100_3_100_6040_2026-07-02.md"
13,0.025,50,0.2,"raw_both,david_contra,candidate_b,candidate_b_david_contra_confirm,candidate_b_david_contra_conflict_candidate,stoch_contra,david_stoch_confirm",docs/research/gates/gate90/artifacts/gate90c-full-window-adr025_ma50_s2-exp010-rsi506040-stoch100-3-100-6040,docs/research/gates/gate90/GATE90C_FULL_WINDOW_ADR025_MA50_S2_EXP010_RSI506040_STOCH100_3_100_6040_2026-07-02.md,"npm run engine:gate90:grid-activation-accuracy-one-sided-selection -- --all-pairs --week-from=2019-04-14 --week-to=2026-05-31 --activation-rules=raw_both,david_contra,candidate_b,candidate_b_david_contra_confirm,candidate_b_david_contra_conflict_candidate,stoch_contra,david_stoch_confirm --bar-path-mode=ohlc_high_low --signal-clock=adr_event --signal-adr-brick=0.025 --session-mode=ny_daily_window --session-time-zone=America/New_York --session-trade-start-et=18:05 --session-trade-end-et=15:45 --session-flatten-et=16:00 --session-sunday-start-et=20:00 --target-mode=david_ma_reversion --target-adr=1 --spacing-adr=0.2 --min-ma-expansion-adr=0.10 --grid-add-mode=adverse_only --david-ma-period=50 --david-rsi-period=50 --david-rsi-overbought=60 --david-rsi-oversold=40 --stoch-k-period=100 --stoch-d-period=3 --stoch-slowing=100 --stoch-overbought=60 --stoch-oversold=40 --summary-only --artifact-dir=docs/research/gates/gate90/artifacts/gate90c-full-window-adr025_ma50_s2-exp010-rsi506040-stoch100-3-100-6040 --report-path=docs/research/gates/gate90/GATE90C_FULL_WINDOW_ADR025_MA50_S2_EXP010_RSI506040_STOCH100_3_100_6040_2026-07-02.md"
14,0.025,50,0.25,"raw_both,david_contra,candidate_b,candidate_b_david_contra_confirm,candidate_b_david_contra_conflict_candidate,stoch_contra,david_stoch_confirm",docs/research/gates/gate90/artifacts/gate90c-full-window-adr025_ma50_s25-exp010-rsi506040-stoch100-3-100-6040,docs/research/gates/gate90/GATE90C_FULL_WINDOW_ADR025_MA50_S25_EXP010_RSI506040_STOCH100_3_100_6040_2026-07-02.md,"npm run engine:gate90:grid-activation-accuracy-one-sided-selection -- --all-pairs --week-from=2019-04-14 --week-to=2026-05-31 --activation-rules=raw_both,david_contra,candidate_b,candidate_b_david_contra_confirm,candidate_b_david_contra_conflict_candidate,stoch_contra,david_stoch_confirm --bar-path-mode=ohlc_high_low --signal-clock=adr_event --signal-adr-brick=0.025 --session-mode=ny_daily_window --session-time-zone=America/New_York --session-trade-start-et=18:05 --session-trade-end-et=15:45 --session-flatten-et=16:00 --session-sunday-start-et=20:00 --target-mode=david_ma_reversion --target-adr=1 --spacing-adr=0.25 --min-ma-expansion-adr=0.10 --grid-add-mode=adverse_only --david-ma-period=50 --david-rsi-period=50 --david-rsi-overbought=60 --david-rsi-oversold=40 --stoch-k-period=100 --stoch-d-period=3 --stoch-slowing=100 --stoch-overbought=60 --stoch-oversold=40 --summary-only --artifact-dir=docs/research/gates/gate90/artifacts/gate90c-full-window-adr025_ma50_s25-exp010-rsi506040-stoch100-3-100-6040 --report-path=docs/research/gates/gate90/GATE90C_FULL_WINDOW_ADR025_MA50_S25_EXP010_RSI506040_STOCH100_3_100_6040_2026-07-02.md"
15,0.025,50,0.3,"raw_both,david_contra,candidate_b,candidate_b_david_contra_confirm,candidate_b_david_contra_conflict_candidate,stoch_contra,david_stoch_confirm",docs/research/gates/gate90/artifacts/gate90c-full-window-adr025_ma50_s3-exp010-rsi506040-stoch100-3-100-6040,docs/research/gates/gate90/GATE90C_FULL_WINDOW_ADR025_MA50_S3_EXP010_RSI506040_STOCH100_3_100_6040_2026-07-02.md,"npm run engine:gate90:grid-activation-accuracy-one-sided-selection -- --all-pairs --week-from=2019-04-14 --week-to=2026-05-31 --activation-rules=raw_both,david_contra,candidate_b,candidate_b_david_contra_confirm,candidate_b_david_contra_conflict_candidate,stoch_contra,david_stoch_confirm --bar-path-mode=ohlc_high_low --signal-clock=adr_event --signal-adr-brick=0.025 --session-mode=ny_daily_window --session-time-zone=America/New_York --session-trade-start-et=18:05 --session-trade-end-et=15:45 --session-flatten-et=16:00 --session-sunday-start-et=20:00 --target-mode=david_ma_reversion --target-adr=1 --spacing-adr=0.3 --min-ma-expansion-adr=0.10 --grid-add-mode=adverse_only --david-ma-period=50 --david-rsi-period=50 --david-rsi-overbought=60 --david-rsi-oversold=40 --stoch-k-period=100 --stoch-d-period=3 --stoch-slowing=100 --stoch-overbought=60 --stoch-oversold=40 --summary-only --artifact-dir=docs/research/gates/gate90/artifacts/gate90c-full-window-adr025_ma50_s3-exp010-rsi506040-stoch100-3-100-6040 --report-path=docs/research/gates/gate90/GATE90C_FULL_WINDOW_ADR025_MA50_S3_EXP010_RSI506040_STOCH100_3_100_6040_2026-07-02.md"
16,0.025,75,0.1,"raw_both,david_contra,candidate_b,candidate_b_david_contra_confirm,candidate_b_david_contra_conflict_candidate,stoch_contra,david_stoch_confirm",docs/research/gates/gate90/artifacts/gate90c-full-window-adr025_ma75_s1-exp010-rsi506040-stoch100-3-100-6040,docs/research/gates/gate90/GATE90C_FULL_WINDOW_ADR025_MA75_S1_EXP010_RSI506040_STOCH100_3_100_6040_2026-07-02.md,"npm run engine:gate90:grid-activation-accuracy-one-sided-selection -- --all-pairs --week-from=2019-04-14 --week-to=2026-05-31 --activation-rules=raw_both,david_contra,candidate_b,candidate_b_david_contra_confirm,candidate_b_david_contra_conflict_candidate,stoch_contra,david_stoch_confirm --bar-path-mode=ohlc_high_low --signal-clock=adr_event --signal-adr-brick=0.025 --session-mode=ny_daily_window --session-time-zone=America/New_York --session-trade-start-et=18:05 --session-trade-end-et=15:45 --session-flatten-et=16:00 --session-sunday-start-et=20:00 --target-mode=david_ma_reversion --target-adr=1 --spacing-adr=0.1 --min-ma-expansion-adr=0.10 --grid-add-mode=adverse_only --david-ma-period=75 --david-rsi-period=50 --david-rsi-overbought=60 --david-rsi-oversold=40 --stoch-k-period=100 --stoch-d-period=3 --stoch-slowing=100 --stoch-overbought=60 --stoch-oversold=40 --summary-only --artifact-dir=docs/research/gates/gate90/artifacts/gate90c-full-window-adr025_ma75_s1-exp010-rsi506040-stoch100-3-100-6040 --report-path=docs/research/gates/gate90/GATE90C_FULL_WINDOW_ADR025_MA75_S1_EXP010_RSI506040_STOCH100_3_100_6040_2026-07-02.md"
17,0.025,75,0.15,"raw_both,david_contra,candidate_b,candidate_b_david_contra_confirm,candidate_b_david_contra_conflict_candidate,stoch_contra,david_stoch_confirm",docs/research/gates/gate90/artifacts/gate90c-full-window-adr025_ma75_s15-exp010-rsi506040-stoch100-3-100-6040,docs/research/gates/gate90/GATE90C_FULL_WINDOW_ADR025_MA75_S15_EXP010_RSI506040_STOCH100_3_100_6040_2026-07-02.md,"npm run engine:gate90:grid-activation-accuracy-one-sided-selection -- --all-pairs --week-from=2019-04-14 --week-to=2026-05-31 --activation-rules=raw_both,david_contra,candidate_b,candidate_b_david_contra_confirm,candidate_b_david_contra_conflict_candidate,stoch_contra,david_stoch_confirm --bar-path-mode=ohlc_high_low --signal-clock=adr_event --signal-adr-brick=0.025 --session-mode=ny_daily_window --session-time-zone=America/New_York --session-trade-start-et=18:05 --session-trade-end-et=15:45 --session-flatten-et=16:00 --session-sunday-start-et=20:00 --target-mode=david_ma_reversion --target-adr=1 --spacing-adr=0.15 --min-ma-expansion-adr=0.10 --grid-add-mode=adverse_only --david-ma-period=75 --david-rsi-period=50 --david-rsi-overbought=60 --david-rsi-oversold=40 --stoch-k-period=100 --stoch-d-period=3 --stoch-slowing=100 --stoch-overbought=60 --stoch-oversold=40 --summary-only --artifact-dir=docs/research/gates/gate90/artifacts/gate90c-full-window-adr025_ma75_s15-exp010-rsi506040-stoch100-3-100-6040 --report-path=docs/research/gates/gate90/GATE90C_FULL_WINDOW_ADR025_MA75_S15_EXP010_RSI506040_STOCH100_3_100_6040_2026-07-02.md"
18,0.025,75,0.2,"raw_both,david_contra,candidate_b,candidate_b_david_contra_confirm,candidate_b_david_contra_conflict_candidate,stoch_contra,david_stoch_confirm",docs/research/gates/gate90/artifacts/gate90c-full-window-adr025_ma75_s2-exp010-rsi506040-stoch100-3-100-6040,docs/research/gates/gate90/GATE90C_FULL_WINDOW_ADR025_MA75_S2_EXP010_RSI506040_STOCH100_3_100_6040_2026-07-02.md,"npm run engine:gate90:grid-activation-accuracy-one-sided-selection -- --all-pairs --week-from=2019-04-14 --week-to=2026-05-31 --activation-rules=raw_both,david_contra,candidate_b,candidate_b_david_contra_confirm,candidate_b_david_contra_conflict_candidate,stoch_contra,david_stoch_confirm --bar-path-mode=ohlc_high_low --signal-clock=adr_event --signal-adr-brick=0.025 --session-mode=ny_daily_window --session-time-zone=America/New_York --session-trade-start-et=18:05 --session-trade-end-et=15:45 --session-flatten-et=16:00 --session-sunday-start-et=20:00 --target-mode=david_ma_reversion --target-adr=1 --spacing-adr=0.2 --min-ma-expansion-adr=0.10 --grid-add-mode=adverse_only --david-ma-period=75 --david-rsi-period=50 --david-rsi-overbought=60 --david-rsi-oversold=40 --stoch-k-period=100 --stoch-d-period=3 --stoch-slowing=100 --stoch-overbought=60 --stoch-oversold=40 --summary-only --artifact-dir=docs/research/gates/gate90/artifacts/gate90c-full-window-adr025_ma75_s2-exp010-rsi506040-stoch100-3-100-6040 --report-path=docs/research/gates/gate90/GATE90C_FULL_WINDOW_ADR025_MA75_S2_EXP010_RSI506040_STOCH100_3_100_6040_2026-07-02.md"
19,0.025,75,0.25,"raw_both,david_contra,candidate_b,candidate_b_david_contra_confirm,candidate_b_david_contra_conflict_candidate,stoch_contra,david_stoch_confirm",docs/research/gates/gate90/artifacts/gate90c-full-window-adr025_ma75_s25-exp010-rsi506040-stoch100-3-100-6040,docs/research/gates/gate90/GATE90C_FULL_WINDOW_ADR025_MA75_S25_EXP010_RSI506040_STOCH100_3_100_6040_2026-07-02.md,"npm run engine:gate90:grid-activation-accuracy-one-sided-selection -- --all-pairs --week-from=2019-04-14 --week-to=2026-05-31 --activation-rules=raw_both,david_contra,candidate_b,candidate_b_david_contra_confirm,candidate_b_david_contra_conflict_candidate,stoch_contra,david_stoch_confirm --bar-path-mode=ohlc_high_low --signal-clock=adr_event --signal-adr-brick=0.025 --session-mode=ny_daily_window --session-time-zone=America/New_York --session-trade-start-et=18:05 --session-trade-end-et=15:45 --session-flatten-et=16:00 --session-sunday-start-et=20:00 --target-mode=david_ma_reversion --target-adr=1 --spacing-adr=0.25 --min-ma-expansion-adr=0.10 --grid-add-mode=adverse_only --david-ma-period=75 --david-rsi-period=50 --david-rsi-overbought=60 --david-rsi-oversold=40 --stoch-k-period=100 --stoch-d-period=3 --stoch-slowing=100 --stoch-overbought=60 --stoch-oversold=40 --summary-only --artifact-dir=docs/research/gates/gate90/artifacts/gate90c-full-window-adr025_ma75_s25-exp010-rsi506040-stoch100-3-100-6040 --report-path=docs/research/gates/gate90/GATE90C_FULL_WINDOW_ADR025_MA75_S25_EXP010_RSI506040_STOCH100_3_100_6040_2026-07-02.md"
20,0.025,75,0.3,"raw_both,david_contra,candidate_b,candidate_b_david_contra_confirm,candidate_b_david_contra_conflict_candidate,stoch_contra,david_stoch_confirm",docs/research/gates/gate90/artifacts/gate90c-full-window-adr025_ma75_s3-exp010-rsi506040-stoch100-3-100-6040,docs/research/gates/gate90/GATE90C_FULL_WINDOW_ADR025_MA75_S3_EXP010_RSI506040_STOCH100_3_100_6040_2026-07-02.md,"npm run engine:gate90:grid-activation-accuracy-one-sided-selection -- --all-pairs --week-from=2019-04-14 --week-to=2026-05-31 --activation-rules=raw_both,david_contra,candidate_b,candidate_b_david_contra_confirm,candidate_b_david_contra_conflict_candidate,stoch_contra,david_stoch_confirm --bar-path-mode=ohlc_high_low --signal-clock=adr_event --signal-adr-brick=0.025 --session-mode=ny_daily_window --session-time-zone=America/New_York --session-trade-start-et=18:05 --session-trade-end-et=15:45 --session-flatten-et=16:00 --session-sunday-start-et=20:00 --target-mode=david_ma_reversion --target-adr=1 --spacing-adr=0.3 --min-ma-expansion-adr=0.10 --grid-add-mode=adverse_only --david-ma-period=75 --david-rsi-period=50 --david-rsi-overbought=60 --david-rsi-oversold=40 --stoch-k-period=100 --stoch-d-period=3 --stoch-slowing=100 --stoch-overbought=60 --stoch-oversold=40 --summary-only --artifact-dir=docs/research/gates/gate90/artifacts/gate90c-full-window-adr025_ma75_s3-exp010-rsi506040-stoch100-3-100-6040 --report-path=docs/research/gates/gate90/GATE90C_FULL_WINDOW_ADR025_MA75_S3_EXP010_RSI506040_STOCH100_3_100_6040_2026-07-02.md"
21,0.025,100,0.1,"raw_both,david_contra,candidate_b,candidate_b_david_contra_confirm,candidate_b_david_contra_conflict_candidate,stoch_contra,david_stoch_confirm",docs/research/gates/gate90/artifacts/gate90c-full-window-adr025_ma100_s1-exp010-rsi506040-stoch100-3-100-6040,docs/research/gates/gate90/GATE90C_FULL_WINDOW_ADR025_MA100_S1_EXP010_RSI506040_STOCH100_3_100_6040_2026-07-02.md,"npm run engine:gate90:grid-activation-accuracy-one-sided-selection -- --all-pairs --week-from=2019-04-14 --week-to=2026-05-31 --activation-rules=raw_both,david_contra,candidate_b,candidate_b_david_contra_confirm,candidate_b_david_contra_conflict_candidate,stoch_contra,david_stoch_confirm --bar-path-mode=ohlc_high_low --signal-clock=adr_event --signal-adr-brick=0.025 --session-mode=ny_daily_window --session-time-zone=America/New_York --session-trade-start-et=18:05 --session-trade-end-et=15:45 --session-flatten-et=16:00 --session-sunday-start-et=20:00 --target-mode=david_ma_reversion --target-adr=1 --spacing-adr=0.1 --min-ma-expansion-adr=0.10 --grid-add-mode=adverse_only --david-ma-period=100 --david-rsi-period=50 --david-rsi-overbought=60 --david-rsi-oversold=40 --stoch-k-period=100 --stoch-d-period=3 --stoch-slowing=100 --stoch-overbought=60 --stoch-oversold=40 --summary-only --artifact-dir=docs/research/gates/gate90/artifacts/gate90c-full-window-adr025_ma100_s1-exp010-rsi506040-stoch100-3-100-6040 --report-path=docs/research/gates/gate90/GATE90C_FULL_WINDOW_ADR025_MA100_S1_EXP010_RSI506040_STOCH100_3_100_6040_2026-07-02.md"
22,0.025,100,0.15,"raw_both,david_contra,candidate_b,candidate_b_david_contra_confirm,candidate_b_david_contra_conflict_candidate,stoch_contra,david_stoch_confirm",docs/research/gates/gate90/artifacts/gate90c-full-window-adr025_ma100_s15-exp010-rsi506040-stoch100-3-100-6040,docs/research/gates/gate90/GATE90C_FULL_WINDOW_ADR025_MA100_S15_EXP010_RSI506040_STOCH100_3_100_6040_2026-07-02.md,"npm run engine:gate90:grid-activation-accuracy-one-sided-selection -- --all-pairs --week-from=2019-04-14 --week-to=2026-05-31 --activation-rules=raw_both,david_contra,candidate_b,candidate_b_david_contra_confirm,candidate_b_david_contra_conflict_candidate,stoch_contra,david_stoch_confirm --bar-path-mode=ohlc_high_low --signal-clock=adr_event --signal-adr-brick=0.025 --session-mode=ny_daily_window --session-time-zone=America/New_York --session-trade-start-et=18:05 --session-trade-end-et=15:45 --session-flatten-et=16:00 --session-sunday-start-et=20:00 --target-mode=david_ma_reversion --target-adr=1 --spacing-adr=0.15 --min-ma-expansion-adr=0.10 --grid-add-mode=adverse_only --david-ma-period=100 --david-rsi-period=50 --david-rsi-overbought=60 --david-rsi-oversold=40 --stoch-k-period=100 --stoch-d-period=3 --stoch-slowing=100 --stoch-overbought=60 --stoch-oversold=40 --summary-only --artifact-dir=docs/research/gates/gate90/artifacts/gate90c-full-window-adr025_ma100_s15-exp010-rsi506040-stoch100-3-100-6040 --report-path=docs/research/gates/gate90/GATE90C_FULL_WINDOW_ADR025_MA100_S15_EXP010_RSI506040_STOCH100_3_100_6040_2026-07-02.md"
23,0.025,100,0.2,"raw_both,david_contra,candidate_b,candidate_b_david_contra_confirm,candidate_b_david_contra_conflict_candidate,stoch_contra,david_stoch_confirm",docs/research/gates/gate90/artifacts/gate90c-full-window-adr025_ma100_s2-exp010-rsi506040-stoch100-3-100-6040,docs/research/gates/gate90/GATE90C_FULL_WINDOW_ADR025_MA100_S2_EXP010_RSI506040_STOCH100_3_100_6040_2026-07-02.md,"npm run engine:gate90:grid-activation-accuracy-one-sided-selection -- --all-pairs --week-from=2019-04-14 --week-to=2026-05-31 --activation-rules=raw_both,david_contra,candidate_b,candidate_b_david_contra_confirm,candidate_b_david_contra_conflict_candidate,stoch_contra,david_stoch_confirm --bar-path-mode=ohlc_high_low --signal-clock=adr_event --signal-adr-brick=0.025 --session-mode=ny_daily_window --session-time-zone=America/New_York --session-trade-start-et=18:05 --session-trade-end-et=15:45 --session-flatten-et=16:00 --session-sunday-start-et=20:00 --target-mode=david_ma_reversion --target-adr=1 --spacing-adr=0.2 --min-ma-expansion-adr=0.10 --grid-add-mode=adverse_only --david-ma-period=100 --david-rsi-period=50 --david-rsi-overbought=60 --david-rsi-oversold=40 --stoch-k-period=100 --stoch-d-period=3 --stoch-slowing=100 --stoch-overbought=60 --stoch-oversold=40 --summary-only --artifact-dir=docs/research/gates/gate90/artifacts/gate90c-full-window-adr025_ma100_s2-exp010-rsi506040-stoch100-3-100-6040 --report-path=docs/research/gates/gate90/GATE90C_FULL_WINDOW_ADR025_MA100_S2_EXP010_RSI506040_STOCH100_3_100_6040_2026-07-02.md"
24,0.025,100,0.25,"raw_both,david_contra,candidate_b,candidate_b_david_contra_confirm,candidate_b_david_contra_conflict_candidate,stoch_contra,david_stoch_confirm",docs/research/gates/gate90/artifacts/gate90c-full-window-adr025_ma100_s25-exp010-rsi506040-stoch100-3-100-6040,docs/research/gates/gate90/GATE90C_FULL_WINDOW_ADR025_MA100_S25_EXP010_RSI506040_STOCH100_3_100_6040_2026-07-02.md,"npm run engine:gate90:grid-activation-accuracy-one-sided-selection -- --all-pairs --week-from=2019-04-14 --week-to=2026-05-31 --activation-rules=raw_both,david_contra,candidate_b,candidate_b_david_contra_confirm,candidate_b_david_contra_conflict_candidate,stoch_contra,david_stoch_confirm --bar-path-mode=ohlc_high_low --signal-clock=adr_event --signal-adr-brick=0.025 --session-mode=ny_daily_window --session-time-zone=America/New_York --session-trade-start-et=18:05 --session-trade-end-et=15:45 --session-flatten-et=16:00 --session-sunday-start-et=20:00 --target-mode=david_ma_reversion --target-adr=1 --spacing-adr=0.25 --min-ma-expansion-adr=0.10 --grid-add-mode=adverse_only --david-ma-period=100 --david-rsi-period=50 --david-rsi-overbought=60 --david-rsi-oversold=40 --stoch-k-period=100 --stoch-d-period=3 --stoch-slowing=100 --stoch-overbought=60 --stoch-oversold=40 --summary-only --artifact-dir=docs/research/gates/gate90/artifacts/gate90c-full-window-adr025_ma100_s25-exp010-rsi506040-stoch100-3-100-6040 --report-path=docs/research/gates/gate90/GATE90C_FULL_WINDOW_ADR025_MA100_S25_EXP010_RSI506040_STOCH100_3_100_6040_2026-07-02.md"
25,0.025,100,0.3,"raw_both,david_contra,candidate_b,candidate_b_david_contra_confirm,candidate_b_david_contra_conflict_candidate,stoch_contra,david_stoch_confirm",docs/research/gates/gate90/artifacts/gate90c-full-window-adr025_ma100_s3-exp010-rsi506040-stoch100-3-100-6040,docs/research/gates/gate90/GATE90C_FULL_WINDOW_ADR025_MA100_S3_EXP010_RSI506040_STOCH100_3_100_6040_2026-07-02.md,"npm run engine:gate90:grid-activation-accuracy-one-sided-selection -- --all-pairs --week-from=2019-04-14 --week-to=2026-05-31 --activation-rules=raw_both,david_contra,candidate_b,candidate_b_david_contra_confirm,candidate_b_david_contra_conflict_candidate,stoch_contra,david_stoch_confirm --bar-path-mode=ohlc_high_low --signal-clock=adr_event --signal-adr-brick=0.025 --session-mode=ny_daily_window --session-time-zone=America/New_York --session-trade-start-et=18:05 --session-trade-end-et=15:45 --session-flatten-et=16:00 --session-sunday-start-et=20:00 --target-mode=david_ma_reversion --target-adr=1 --spacing-adr=0.3 --min-ma-expansion-adr=0.10 --grid-add-mode=adverse_only --david-ma-period=100 --david-rsi-period=50 --david-rsi-overbought=60 --david-rsi-oversold=40 --stoch-k-period=100 --stoch-d-period=3 --stoch-slowing=100 --stoch-overbought=60 --stoch-oversold=40 --summary-only --artifact-dir=docs/research/gates/gate90/artifacts/gate90c-full-window-adr025_ma100_s3-exp010-rsi506040-stoch100-3-100-6040 --report-path=docs/research/gates/gate90/GATE90C_FULL_WINDOW_ADR025_MA100_S3_EXP010_RSI506040_STOCH100_3_100_6040_2026-07-02.md"
26,0.05,25,0.1,"raw_both,david_contra,candidate_b,candidate_b_david_contra_confirm,candidate_b_david_contra_conflict_candidate,stoch_contra,david_stoch_confirm",docs/research/gates/gate90/artifacts/gate90c-full-window-adr05_ma25_s1-exp010-rsi506040-stoch100-3-100-6040,docs/research/gates/gate90/GATE90C_FULL_WINDOW_ADR05_MA25_S1_EXP010_RSI506040_STOCH100_3_100_6040_2026-07-02.md,"npm run engine:gate90:grid-activation-accuracy-one-sided-selection -- --all-pairs --week-from=2019-04-14 --week-to=2026-05-31 --activation-rules=raw_both,david_contra,candidate_b,candidate_b_david_contra_confirm,candidate_b_david_contra_conflict_candidate,stoch_contra,david_stoch_confirm --bar-path-mode=ohlc_high_low --signal-clock=adr_event --signal-adr-brick=0.05 --session-mode=ny_daily_window --session-time-zone=America/New_York --session-trade-start-et=18:05 --session-trade-end-et=15:45 --session-flatten-et=16:00 --session-sunday-start-et=20:00 --target-mode=david_ma_reversion --target-adr=1 --spacing-adr=0.1 --min-ma-expansion-adr=0.10 --grid-add-mode=adverse_only --david-ma-period=25 --david-rsi-period=50 --david-rsi-overbought=60 --david-rsi-oversold=40 --stoch-k-period=100 --stoch-d-period=3 --stoch-slowing=100 --stoch-overbought=60 --stoch-oversold=40 --summary-only --artifact-dir=docs/research/gates/gate90/artifacts/gate90c-full-window-adr05_ma25_s1-exp010-rsi506040-stoch100-3-100-6040 --report-path=docs/research/gates/gate90/GATE90C_FULL_WINDOW_ADR05_MA25_S1_EXP010_RSI506040_STOCH100_3_100_6040_2026-07-02.md"
27,0.05,25,0.15,"raw_both,david_contra,candidate_b,candidate_b_david_contra_confirm,candidate_b_david_contra_conflict_candidate,stoch_contra,david_stoch_confirm",docs/research/gates/gate90/artifacts/gate90c-full-window-adr05_ma25_s15-exp010-rsi506040-stoch100-3-100-6040,docs/research/gates/gate90/GATE90C_FULL_WINDOW_ADR05_MA25_S15_EXP010_RSI506040_STOCH100_3_100_6040_2026-07-02.md,"npm run engine:gate90:grid-activation-accuracy-one-sided-selection -- --all-pairs --week-from=2019-04-14 --week-to=2026-05-31 --activation-rules=raw_both,david_contra,candidate_b,candidate_b_david_contra_confirm,candidate_b_david_contra_conflict_candidate,stoch_contra,david_stoch_confirm --bar-path-mode=ohlc_high_low --signal-clock=adr_event --signal-adr-brick=0.05 --session-mode=ny_daily_window --session-time-zone=America/New_York --session-trade-start-et=18:05 --session-trade-end-et=15:45 --session-flatten-et=16:00 --session-sunday-start-et=20:00 --target-mode=david_ma_reversion --target-adr=1 --spacing-adr=0.15 --min-ma-expansion-adr=0.10 --grid-add-mode=adverse_only --david-ma-period=25 --david-rsi-period=50 --david-rsi-overbought=60 --david-rsi-oversold=40 --stoch-k-period=100 --stoch-d-period=3 --stoch-slowing=100 --stoch-overbought=60 --stoch-oversold=40 --summary-only --artifact-dir=docs/research/gates/gate90/artifacts/gate90c-full-window-adr05_ma25_s15-exp010-rsi506040-stoch100-3-100-6040 --report-path=docs/research/gates/gate90/GATE90C_FULL_WINDOW_ADR05_MA25_S15_EXP010_RSI506040_STOCH100_3_100_6040_2026-07-02.md"
28,0.05,25,0.2,"raw_both,david_contra,candidate_b,candidate_b_david_contra_confirm,candidate_b_david_contra_conflict_candidate,stoch_contra,david_stoch_confirm",docs/research/gates/gate90/artifacts/gate90c-full-window-adr05_ma25_s2-exp010-rsi506040-stoch100-3-100-6040,docs/research/gates/gate90/GATE90C_FULL_WINDOW_ADR05_MA25_S2_EXP010_RSI506040_STOCH100_3_100_6040_2026-07-02.md,"npm run engine:gate90:grid-activation-accuracy-one-sided-selection -- --all-pairs --week-from=2019-04-14 --week-to=2026-05-31 --activation-rules=raw_both,david_contra,candidate_b,candidate_b_david_contra_confirm,candidate_b_david_contra_conflict_candidate,stoch_contra,david_stoch_confirm --bar-path-mode=ohlc_high_low --signal-clock=adr_event --signal-adr-brick=0.05 --session-mode=ny_daily_window --session-time-zone=America/New_York --session-trade-start-et=18:05 --session-trade-end-et=15:45 --session-flatten-et=16:00 --session-sunday-start-et=20:00 --target-mode=david_ma_reversion --target-adr=1 --spacing-adr=0.2 --min-ma-expansion-adr=0.10 --grid-add-mode=adverse_only --david-ma-period=25 --david-rsi-period=50 --david-rsi-overbought=60 --david-rsi-oversold=40 --stoch-k-period=100 --stoch-d-period=3 --stoch-slowing=100 --stoch-overbought=60 --stoch-oversold=40 --summary-only --artifact-dir=docs/research/gates/gate90/artifacts/gate90c-full-window-adr05_ma25_s2-exp010-rsi506040-stoch100-3-100-6040 --report-path=docs/research/gates/gate90/GATE90C_FULL_WINDOW_ADR05_MA25_S2_EXP010_RSI506040_STOCH100_3_100_6040_2026-07-02.md"
29,0.05,25,0.25,"raw_both,david_contra,candidate_b,candidate_b_david_contra_confirm,candidate_b_david_contra_conflict_candidate,stoch_contra,david_stoch_confirm",docs/research/gates/gate90/artifacts/gate90c-full-window-adr05_ma25_s25-exp010-rsi506040-stoch100-3-100-6040,docs/research/gates/gate90/GATE90C_FULL_WINDOW_ADR05_MA25_S25_EXP010_RSI506040_STOCH100_3_100_6040_2026-07-02.md,"npm run engine:gate90:grid-activation-accuracy-one-sided-selection -- --all-pairs --week-from=2019-04-14 --week-to=2026-05-31 --activation-rules=raw_both,david_contra,candidate_b,candidate_b_david_contra_confirm,candidate_b_david_contra_conflict_candidate,stoch_contra,david_stoch_confirm --bar-path-mode=ohlc_high_low --signal-clock=adr_event --signal-adr-brick=0.05 --session-mode=ny_daily_window --session-time-zone=America/New_York --session-trade-start-et=18:05 --session-trade-end-et=15:45 --session-flatten-et=16:00 --session-sunday-start-et=20:00 --target-mode=david_ma_reversion --target-adr=1 --spacing-adr=0.25 --min-ma-expansion-adr=0.10 --grid-add-mode=adverse_only --david-ma-period=25 --david-rsi-period=50 --david-rsi-overbought=60 --david-rsi-oversold=40 --stoch-k-period=100 --stoch-d-period=3 --stoch-slowing=100 --stoch-overbought=60 --stoch-oversold=40 --summary-only --artifact-dir=docs/research/gates/gate90/artifacts/gate90c-full-window-adr05_ma25_s25-exp010-rsi506040-stoch100-3-100-6040 --report-path=docs/research/gates/gate90/GATE90C_FULL_WINDOW_ADR05_MA25_S25_EXP010_RSI506040_STOCH100_3_100_6040_2026-07-02.md"
30,0.05,25,0.3,"raw_both,david_contra,candidate_b,candidate_b_david_contra_confirm,candidate_b_david_contra_conflict_candidate,stoch_contra,david_stoch_confirm",docs/research/gates/gate90/artifacts/gate90c-full-window-adr05_ma25_s3-exp010-rsi506040-stoch100-3-100-6040,docs/research/gates/gate90/GATE90C_FULL_WINDOW_ADR05_MA25_S3_EXP010_RSI506040_STOCH100_3_100_6040_2026-07-02.md,"npm run engine:gate90:grid-activation-accuracy-one-sided-selection -- --all-pairs --week-from=2019-04-14 --week-to=2026-05-31 --activation-rules=raw_both,david_contra,candidate_b,candidate_b_david_contra_confirm,candidate_b_david_contra_conflict_candidate,stoch_contra,david_stoch_confirm --bar-path-mode=ohlc_high_low --signal-clock=adr_event --signal-adr-brick=0.05 --session-mode=ny_daily_window --session-time-zone=America/New_York --session-trade-start-et=18:05 --session-trade-end-et=15:45 --session-flatten-et=16:00 --session-sunday-start-et=20:00 --target-mode=david_ma_reversion --target-adr=1 --spacing-adr=0.3 --min-ma-expansion-adr=0.10 --grid-add-mode=adverse_only --david-ma-period=25 --david-rsi-period=50 --david-rsi-overbought=60 --david-rsi-oversold=40 --stoch-k-period=100 --stoch-d-period=3 --stoch-slowing=100 --stoch-overbought=60 --stoch-oversold=40 --summary-only --artifact-dir=docs/research/gates/gate90/artifacts/gate90c-full-window-adr05_ma25_s3-exp010-rsi506040-stoch100-3-100-6040 --report-path=docs/research/gates/gate90/GATE90C_FULL_WINDOW_ADR05_MA25_S3_EXP010_RSI506040_STOCH100_3_100_6040_2026-07-02.md"
31,0.05,35,0.1,"raw_both,david_contra,candidate_b,candidate_b_david_contra_confirm,candidate_b_david_contra_conflict_candidate,stoch_contra,david_stoch_confirm",docs/research/gates/gate90/artifacts/gate90c-full-window-adr05_ma35_s1-exp010-rsi506040-stoch100-3-100-6040,docs/research/gates/gate90/GATE90C_FULL_WINDOW_ADR05_MA35_S1_EXP010_RSI506040_STOCH100_3_100_6040_2026-07-02.md,"npm run engine:gate90:grid-activation-accuracy-one-sided-selection -- --all-pairs --week-from=2019-04-14 --week-to=2026-05-31 --activation-rules=raw_both,david_contra,candidate_b,candidate_b_david_contra_confirm,candidate_b_david_contra_conflict_candidate,stoch_contra,david_stoch_confirm --bar-path-mode=ohlc_high_low --signal-clock=adr_event --signal-adr-brick=0.05 --session-mode=ny_daily_window --session-time-zone=America/New_York --session-trade-start-et=18:05 --session-trade-end-et=15:45 --session-flatten-et=16:00 --session-sunday-start-et=20:00 --target-mode=david_ma_reversion --target-adr=1 --spacing-adr=0.1 --min-ma-expansion-adr=0.10 --grid-add-mode=adverse_only --david-ma-period=35 --david-rsi-period=50 --david-rsi-overbought=60 --david-rsi-oversold=40 --stoch-k-period=100 --stoch-d-period=3 --stoch-slowing=100 --stoch-overbought=60 --stoch-oversold=40 --summary-only --artifact-dir=docs/research/gates/gate90/artifacts/gate90c-full-window-adr05_ma35_s1-exp010-rsi506040-stoch100-3-100-6040 --report-path=docs/research/gates/gate90/GATE90C_FULL_WINDOW_ADR05_MA35_S1_EXP010_RSI506040_STOCH100_3_100_6040_2026-07-02.md"
32,0.05,35,0.15,"raw_both,david_contra,candidate_b,candidate_b_david_contra_confirm,candidate_b_david_contra_conflict_candidate,stoch_contra,david_stoch_confirm",docs/research/gates/gate90/artifacts/gate90c-full-window-adr05_ma35_s15-exp010-rsi506040-stoch100-3-100-6040,docs/research/gates/gate90/GATE90C_FULL_WINDOW_ADR05_MA35_S15_EXP010_RSI506040_STOCH100_3_100_6040_2026-07-02.md,"npm run engine:gate90:grid-activation-accuracy-one-sided-selection -- --all-pairs --week-from=2019-04-14 --week-to=2026-05-31 --activation-rules=raw_both,david_contra,candidate_b,candidate_b_david_contra_confirm,candidate_b_david_contra_conflict_candidate,stoch_contra,david_stoch_confirm --bar-path-mode=ohlc_high_low --signal-clock=adr_event --signal-adr-brick=0.05 --session-mode=ny_daily_window --session-time-zone=America/New_York --session-trade-start-et=18:05 --session-trade-end-et=15:45 --session-flatten-et=16:00 --session-sunday-start-et=20:00 --target-mode=david_ma_reversion --target-adr=1 --spacing-adr=0.15 --min-ma-expansion-adr=0.10 --grid-add-mode=adverse_only --david-ma-period=35 --david-rsi-period=50 --david-rsi-overbought=60 --david-rsi-oversold=40 --stoch-k-period=100 --stoch-d-period=3 --stoch-slowing=100 --stoch-overbought=60 --stoch-oversold=40 --summary-only --artifact-dir=docs/research/gates/gate90/artifacts/gate90c-full-window-adr05_ma35_s15-exp010-rsi506040-stoch100-3-100-6040 --report-path=docs/research/gates/gate90/GATE90C_FULL_WINDOW_ADR05_MA35_S15_EXP010_RSI506040_STOCH100_3_100_6040_2026-07-02.md"
33,0.05,35,0.2,"raw_both,david_contra,candidate_b,candidate_b_david_contra_confirm,candidate_b_david_contra_conflict_candidate,stoch_contra,david_stoch_confirm",docs/research/gates/gate90/artifacts/gate90c-full-window-adr05_ma35_s2-exp010-rsi506040-stoch100-3-100-6040,docs/research/gates/gate90/GATE90C_FULL_WINDOW_ADR05_MA35_S2_EXP010_RSI506040_STOCH100_3_100_6040_2026-07-02.md,"npm run engine:gate90:grid-activation-accuracy-one-sided-selection -- --all-pairs --week-from=2019-04-14 --week-to=2026-05-31 --activation-rules=raw_both,david_contra,candidate_b,candidate_b_david_contra_confirm,candidate_b_david_contra_conflict_candidate,stoch_contra,david_stoch_confirm --bar-path-mode=ohlc_high_low --signal-clock=adr_event --signal-adr-brick=0.05 --session-mode=ny_daily_window --session-time-zone=America/New_York --session-trade-start-et=18:05 --session-trade-end-et=15:45 --session-flatten-et=16:00 --session-sunday-start-et=20:00 --target-mode=david_ma_reversion --target-adr=1 --spacing-adr=0.2 --min-ma-expansion-adr=0.10 --grid-add-mode=adverse_only --david-ma-period=35 --david-rsi-period=50 --david-rsi-overbought=60 --david-rsi-oversold=40 --stoch-k-period=100 --stoch-d-period=3 --stoch-slowing=100 --stoch-overbought=60 --stoch-oversold=40 --summary-only --artifact-dir=docs/research/gates/gate90/artifacts/gate90c-full-window-adr05_ma35_s2-exp010-rsi506040-stoch100-3-100-6040 --report-path=docs/research/gates/gate90/GATE90C_FULL_WINDOW_ADR05_MA35_S2_EXP010_RSI506040_STOCH100_3_100_6040_2026-07-02.md"
34,0.05,35,0.25,"raw_both,david_contra,candidate_b,candidate_b_david_contra_confirm,candidate_b_david_contra_conflict_candidate,stoch_contra,david_stoch_confirm",docs/research/gates/gate90/artifacts/gate90c-full-window-adr05_ma35_s25-exp010-rsi506040-stoch100-3-100-6040,docs/research/gates/gate90/GATE90C_FULL_WINDOW_ADR05_MA35_S25_EXP010_RSI506040_STOCH100_3_100_6040_2026-07-02.md,"npm run engine:gate90:grid-activation-accuracy-one-sided-selection -- --all-pairs --week-from=2019-04-14 --week-to=2026-05-31 --activation-rules=raw_both,david_contra,candidate_b,candidate_b_david_contra_confirm,candidate_b_david_contra_conflict_candidate,stoch_contra,david_stoch_confirm --bar-path-mode=ohlc_high_low --signal-clock=adr_event --signal-adr-brick=0.05 --session-mode=ny_daily_window --session-time-zone=America/New_York --session-trade-start-et=18:05 --session-trade-end-et=15:45 --session-flatten-et=16:00 --session-sunday-start-et=20:00 --target-mode=david_ma_reversion --target-adr=1 --spacing-adr=0.25 --min-ma-expansion-adr=0.10 --grid-add-mode=adverse_only --david-ma-period=35 --david-rsi-period=50 --david-rsi-overbought=60 --david-rsi-oversold=40 --stoch-k-period=100 --stoch-d-period=3 --stoch-slowing=100 --stoch-overbought=60 --stoch-oversold=40 --summary-only --artifact-dir=docs/research/gates/gate90/artifacts/gate90c-full-window-adr05_ma35_s25-exp010-rsi506040-stoch100-3-100-6040 --report-path=docs/research/gates/gate90/GATE90C_FULL_WINDOW_ADR05_MA35_S25_EXP010_RSI506040_STOCH100_3_100_6040_2026-07-02.md"
35,0.05,35,0.3,"raw_both,david_contra,candidate_b,candidate_b_david_contra_confirm,candidate_b_david_contra_conflict_candidate,stoch_contra,david_stoch_confirm",docs/research/gates/gate90/artifacts/gate90c-full-window-adr05_ma35_s3-exp010-rsi506040-stoch100-3-100-6040,docs/research/gates/gate90/GATE90C_FULL_WINDOW_ADR05_MA35_S3_EXP010_RSI506040_STOCH100_3_100_6040_2026-07-02.md,"npm run engine:gate90:grid-activation-accuracy-one-sided-selection -- --all-pairs --week-from=2019-04-14 --week-to=2026-05-31 --activation-rules=raw_both,david_contra,candidate_b,candidate_b_david_contra_confirm,candidate_b_david_contra_conflict_candidate,stoch_contra,david_stoch_confirm --bar-path-mode=ohlc_high_low --signal-clock=adr_event --signal-adr-brick=0.05 --session-mode=ny_daily_window --session-time-zone=America/New_York --session-trade-start-et=18:05 --session-trade-end-et=15:45 --session-flatten-et=16:00 --session-sunday-start-et=20:00 --target-mode=david_ma_reversion --target-adr=1 --spacing-adr=0.3 --min-ma-expansion-adr=0.10 --grid-add-mode=adverse_only --david-ma-period=35 --david-rsi-period=50 --david-rsi-overbought=60 --david-rsi-oversold=40 --stoch-k-period=100 --stoch-d-period=3 --stoch-slowing=100 --stoch-overbought=60 --stoch-oversold=40 --summary-only --artifact-dir=docs/research/gates/gate90/artifacts/gate90c-full-window-adr05_ma35_s3-exp010-rsi506040-stoch100-3-100-6040 --report-path=docs/research/gates/gate90/GATE90C_FULL_WINDOW_ADR05_MA35_S3_EXP010_RSI506040_STOCH100_3_100_6040_2026-07-02.md"
36,0.05,50,0.1,"raw_both,david_contra,candidate_b,candidate_b_david_contra_confirm,candidate_b_david_contra_conflict_candidate,stoch_contra,david_stoch_confirm",docs/research/gates/gate90/artifacts/gate90c-full-window-adr05_ma50_s1-exp010-rsi506040-stoch100-3-100-6040,docs/research/gates/gate90/GATE90C_FULL_WINDOW_ADR05_MA50_S1_EXP010_RSI506040_STOCH100_3_100_6040_2026-07-02.md,"npm run engine:gate90:grid-activation-accuracy-one-sided-selection -- --all-pairs --week-from=2019-04-14 --week-to=2026-05-31 --activation-rules=raw_both,david_contra,candidate_b,candidate_b_david_contra_confirm,candidate_b_david_contra_conflict_candidate,stoch_contra,david_stoch_confirm --bar-path-mode=ohlc_high_low --signal-clock=adr_event --signal-adr-brick=0.05 --session-mode=ny_daily_window --session-time-zone=America/New_York --session-trade-start-et=18:05 --session-trade-end-et=15:45 --session-flatten-et=16:00 --session-sunday-start-et=20:00 --target-mode=david_ma_reversion --target-adr=1 --spacing-adr=0.1 --min-ma-expansion-adr=0.10 --grid-add-mode=adverse_only --david-ma-period=50 --david-rsi-period=50 --david-rsi-overbought=60 --david-rsi-oversold=40 --stoch-k-period=100 --stoch-d-period=3 --stoch-slowing=100 --stoch-overbought=60 --stoch-oversold=40 --summary-only --artifact-dir=docs/research/gates/gate90/artifacts/gate90c-full-window-adr05_ma50_s1-exp010-rsi506040-stoch100-3-100-6040 --report-path=docs/research/gates/gate90/GATE90C_FULL_WINDOW_ADR05_MA50_S1_EXP010_RSI506040_STOCH100_3_100_6040_2026-07-02.md"
37,0.05,50,0.15,"raw_both,david_contra,candidate_b,candidate_b_david_contra_confirm,candidate_b_david_contra_conflict_candidate,stoch_contra,david_stoch_confirm",docs/research/gates/gate90/artifacts/gate90c-full-window-adr05_ma50_s15-exp010-rsi506040-stoch100-3-100-6040,docs/research/gates/gate90/GATE90C_FULL_WINDOW_ADR05_MA50_S15_EXP010_RSI506040_STOCH100_3_100_6040_2026-07-02.md,"npm run engine:gate90:grid-activation-accuracy-one-sided-selection -- --all-pairs --week-from=2019-04-14 --week-to=2026-05-31 --activation-rules=raw_both,david_contra,candidate_b,candidate_b_david_contra_confirm,candidate_b_david_contra_conflict_candidate,stoch_contra,david_stoch_confirm --bar-path-mode=ohlc_high_low --signal-clock=adr_event --signal-adr-brick=0.05 --session-mode=ny_daily_window --session-time-zone=America/New_York --session-trade-start-et=18:05 --session-trade-end-et=15:45 --session-flatten-et=16:00 --session-sunday-start-et=20:00 --target-mode=david_ma_reversion --target-adr=1 --spacing-adr=0.15 --min-ma-expansion-adr=0.10 --grid-add-mode=adverse_only --david-ma-period=50 --david-rsi-period=50 --david-rsi-overbought=60 --david-rsi-oversold=40 --stoch-k-period=100 --stoch-d-period=3 --stoch-slowing=100 --stoch-overbought=60 --stoch-oversold=40 --summary-only --artifact-dir=docs/research/gates/gate90/artifacts/gate90c-full-window-adr05_ma50_s15-exp010-rsi506040-stoch100-3-100-6040 --report-path=docs/research/gates/gate90/GATE90C_FULL_WINDOW_ADR05_MA50_S15_EXP010_RSI506040_STOCH100_3_100_6040_2026-07-02.md"
38,0.05,50,0.2,"raw_both,david_contra,candidate_b,candidate_b_david_contra_confirm,candidate_b_david_contra_conflict_candidate,stoch_contra,david_stoch_confirm",docs/research/gates/gate90/artifacts/gate90c-full-window-adr05_ma50_s2-exp010-rsi506040-stoch100-3-100-6040,docs/research/gates/gate90/GATE90C_FULL_WINDOW_ADR05_MA50_S2_EXP010_RSI506040_STOCH100_3_100_6040_2026-07-02.md,"npm run engine:gate90:grid-activation-accuracy-one-sided-selection -- --all-pairs --week-from=2019-04-14 --week-to=2026-05-31 --activation-rules=raw_both,david_contra,candidate_b,candidate_b_david_contra_confirm,candidate_b_david_contra_conflict_candidate,stoch_contra,david_stoch_confirm --bar-path-mode=ohlc_high_low --signal-clock=adr_event --signal-adr-brick=0.05 --session-mode=ny_daily_window --session-time-zone=America/New_York --session-trade-start-et=18:05 --session-trade-end-et=15:45 --session-flatten-et=16:00 --session-sunday-start-et=20:00 --target-mode=david_ma_reversion --target-adr=1 --spacing-adr=0.2 --min-ma-expansion-adr=0.10 --grid-add-mode=adverse_only --david-ma-period=50 --david-rsi-period=50 --david-rsi-overbought=60 --david-rsi-oversold=40 --stoch-k-period=100 --stoch-d-period=3 --stoch-slowing=100 --stoch-overbought=60 --stoch-oversold=40 --summary-only --artifact-dir=docs/research/gates/gate90/artifacts/gate90c-full-window-adr05_ma50_s2-exp010-rsi506040-stoch100-3-100-6040 --report-path=docs/research/gates/gate90/GATE90C_FULL_WINDOW_ADR05_MA50_S2_EXP010_RSI506040_STOCH100_3_100_6040_2026-07-02.md"
39,0.05,50,0.25,"raw_both,david_contra,candidate_b,candidate_b_david_contra_confirm,candidate_b_david_contra_conflict_candidate,stoch_contra,david_stoch_confirm",docs/research/gates/gate90/artifacts/gate90c-full-window-adr05_ma50_s25-exp010-rsi506040-stoch100-3-100-6040,docs/research/gates/gate90/GATE90C_FULL_WINDOW_ADR05_MA50_S25_EXP010_RSI506040_STOCH100_3_100_6040_2026-07-02.md,"npm run engine:gate90:grid-activation-accuracy-one-sided-selection -- --all-pairs --week-from=2019-04-14 --week-to=2026-05-31 --activation-rules=raw_both,david_contra,candidate_b,candidate_b_david_contra_confirm,candidate_b_david_contra_conflict_candidate,stoch_contra,david_stoch_confirm --bar-path-mode=ohlc_high_low --signal-clock=adr_event --signal-adr-brick=0.05 --session-mode=ny_daily_window --session-time-zone=America/New_York --session-trade-start-et=18:05 --session-trade-end-et=15:45 --session-flatten-et=16:00 --session-sunday-start-et=20:00 --target-mode=david_ma_reversion --target-adr=1 --spacing-adr=0.25 --min-ma-expansion-adr=0.10 --grid-add-mode=adverse_only --david-ma-period=50 --david-rsi-period=50 --david-rsi-overbought=60 --david-rsi-oversold=40 --stoch-k-period=100 --stoch-d-period=3 --stoch-slowing=100 --stoch-overbought=60 --stoch-oversold=40 --summary-only --artifact-dir=docs/research/gates/gate90/artifacts/gate90c-full-window-adr05_ma50_s25-exp010-rsi506040-stoch100-3-100-6040 --report-path=docs/research/gates/gate90/GATE90C_FULL_WINDOW_ADR05_MA50_S25_EXP010_RSI506040_STOCH100_3_100_6040_2026-07-02.md"
40,0.05,50,0.3,"raw_both,david_contra,candidate_b,candidate_b_david_contra_confirm,candidate_b_david_contra_conflict_candidate,stoch_contra,david_stoch_confirm",docs/research/gates/gate90/artifacts/gate90c-full-window-adr05_ma50_s3-exp010-rsi506040-stoch100-3-100-6040,docs/research/gates/gate90/GATE90C_FULL_WINDOW_ADR05_MA50_S3_EXP010_RSI506040_STOCH100_3_100_6040_2026-07-02.md,"npm run engine:gate90:grid-activation-accuracy-one-sided-selection -- --all-pairs --week-from=2019-04-14 --week-to=2026-05-31 --activation-rules=raw_both,david_contra,candidate_b,candidate_b_david_contra_confirm,candidate_b_david_contra_conflict_candidate,stoch_contra,david_stoch_confirm --bar-path-mode=ohlc_high_low --signal-clock=adr_event --signal-adr-brick=0.05 --session-mode=ny_daily_window --session-time-zone=America/New_York --session-trade-start-et=18:05 --session-trade-end-et=15:45 --session-flatten-et=16:00 --session-sunday-start-et=20:00 --target-mode=david_ma_reversion --target-adr=1 --spacing-adr=0.3 --min-ma-expansion-adr=0.10 --grid-add-mode=adverse_only --david-ma-period=50 --david-rsi-period=50 --david-rsi-overbought=60 --david-rsi-oversold=40 --stoch-k-period=100 --stoch-d-period=3 --stoch-slowing=100 --stoch-overbought=60 --stoch-oversold=40 --summary-only --artifact-dir=docs/research/gates/gate90/artifacts/gate90c-full-window-adr05_ma50_s3-exp010-rsi506040-stoch100-3-100-6040 --report-path=docs/research/gates/gate90/GATE90C_FULL_WINDOW_ADR05_MA50_S3_EXP010_RSI506040_STOCH100_3_100_6040_2026-07-02.md"
41,0.05,75,0.1,"raw_both,david_contra,candidate_b,candidate_b_david_contra_confirm,candidate_b_david_contra_conflict_candidate,stoch_contra,david_stoch_confirm",docs/research/gates/gate90/artifacts/gate90c-full-window-adr05_ma75_s1-exp010-rsi506040-stoch100-3-100-6040,docs/research/gates/gate90/GATE90C_FULL_WINDOW_ADR05_MA75_S1_EXP010_RSI506040_STOCH100_3_100_6040_2026-07-02.md,"npm run engine:gate90:grid-activation-accuracy-one-sided-selection -- --all-pairs --week-from=2019-04-14 --week-to=2026-05-31 --activation-rules=raw_both,david_contra,candidate_b,candidate_b_david_contra_confirm,candidate_b_david_contra_conflict_candidate,stoch_contra,david_stoch_confirm --bar-path-mode=ohlc_high_low --signal-clock=adr_event --signal-adr-brick=0.05 --session-mode=ny_daily_window --session-time-zone=America/New_York --session-trade-start-et=18:05 --session-trade-end-et=15:45 --session-flatten-et=16:00 --session-sunday-start-et=20:00 --target-mode=david_ma_reversion --target-adr=1 --spacing-adr=0.1 --min-ma-expansion-adr=0.10 --grid-add-mode=adverse_only --david-ma-period=75 --david-rsi-period=50 --david-rsi-overbought=60 --david-rsi-oversold=40 --stoch-k-period=100 --stoch-d-period=3 --stoch-slowing=100 --stoch-overbought=60 --stoch-oversold=40 --summary-only --artifact-dir=docs/research/gates/gate90/artifacts/gate90c-full-window-adr05_ma75_s1-exp010-rsi506040-stoch100-3-100-6040 --report-path=docs/research/gates/gate90/GATE90C_FULL_WINDOW_ADR05_MA75_S1_EXP010_RSI506040_STOCH100_3_100_6040_2026-07-02.md"
42,0.05,75,0.15,"raw_both,david_contra,candidate_b,candidate_b_david_contra_confirm,candidate_b_david_contra_conflict_candidate,stoch_contra,david_stoch_confirm",docs/research/gates/gate90/artifacts/gate90c-full-window-adr05_ma75_s15-exp010-rsi506040-stoch100-3-100-6040,docs/research/gates/gate90/GATE90C_FULL_WINDOW_ADR05_MA75_S15_EXP010_RSI506040_STOCH100_3_100_6040_2026-07-02.md,"npm run engine:gate90:grid-activation-accuracy-one-sided-selection -- --all-pairs --week-from=2019-04-14 --week-to=2026-05-31 --activation-rules=raw_both,david_contra,candidate_b,candidate_b_david_contra_confirm,candidate_b_david_contra_conflict_candidate,stoch_contra,david_stoch_confirm --bar-path-mode=ohlc_high_low --signal-clock=adr_event --signal-adr-brick=0.05 --session-mode=ny_daily_window --session-time-zone=America/New_York --session-trade-start-et=18:05 --session-trade-end-et=15:45 --session-flatten-et=16:00 --session-sunday-start-et=20:00 --target-mode=david_ma_reversion --target-adr=1 --spacing-adr=0.15 --min-ma-expansion-adr=0.10 --grid-add-mode=adverse_only --david-ma-period=75 --david-rsi-period=50 --david-rsi-overbought=60 --david-rsi-oversold=40 --stoch-k-period=100 --stoch-d-period=3 --stoch-slowing=100 --stoch-overbought=60 --stoch-oversold=40 --summary-only --artifact-dir=docs/research/gates/gate90/artifacts/gate90c-full-window-adr05_ma75_s15-exp010-rsi506040-stoch100-3-100-6040 --report-path=docs/research/gates/gate90/GATE90C_FULL_WINDOW_ADR05_MA75_S15_EXP010_RSI506040_STOCH100_3_100_6040_2026-07-02.md"
43,0.05,75,0.2,"raw_both,david_contra,candidate_b,candidate_b_david_contra_confirm,candidate_b_david_contra_conflict_candidate,stoch_contra,david_stoch_confirm",docs/research/gates/gate90/artifacts/gate90c-full-window-adr05_ma75_s2-exp010-rsi506040-stoch100-3-100-6040,docs/research/gates/gate90/GATE90C_FULL_WINDOW_ADR05_MA75_S2_EXP010_RSI506040_STOCH100_3_100_6040_2026-07-02.md,"npm run engine:gate90:grid-activation-accuracy-one-sided-selection -- --all-pairs --week-from=2019-04-14 --week-to=2026-05-31 --activation-rules=raw_both,david_contra,candidate_b,candidate_b_david_contra_confirm,candidate_b_david_contra_conflict_candidate,stoch_contra,david_stoch_confirm --bar-path-mode=ohlc_high_low --signal-clock=adr_event --signal-adr-brick=0.05 --session-mode=ny_daily_window --session-time-zone=America/New_York --session-trade-start-et=18:05 --session-trade-end-et=15:45 --session-flatten-et=16:00 --session-sunday-start-et=20:00 --target-mode=david_ma_reversion --target-adr=1 --spacing-adr=0.2 --min-ma-expansion-adr=0.10 --grid-add-mode=adverse_only --david-ma-period=75 --david-rsi-period=50 --david-rsi-overbought=60 --david-rsi-oversold=40 --stoch-k-period=100 --stoch-d-period=3 --stoch-slowing=100 --stoch-overbought=60 --stoch-oversold=40 --summary-only --artifact-dir=docs/research/gates/gate90/artifacts/gate90c-full-window-adr05_ma75_s2-exp010-rsi506040-stoch100-3-100-6040 --report-path=docs/research/gates/gate90/GATE90C_FULL_WINDOW_ADR05_MA75_S2_EXP010_RSI506040_STOCH100_3_100_6040_2026-07-02.md"
44,0.05,75,0.25,"raw_both,david_contra,candidate_b,candidate_b_david_contra_confirm,candidate_b_david_contra_conflict_candidate,stoch_contra,david_stoch_confirm",docs/research/gates/gate90/artifacts/gate90c-full-window-adr05_ma75_s25-exp010-rsi506040-stoch100-3-100-6040,docs/research/gates/gate90/GATE90C_FULL_WINDOW_ADR05_MA75_S25_EXP010_RSI506040_STOCH100_3_100_6040_2026-07-02.md,"npm run engine:gate90:grid-activation-accuracy-one-sided-selection -- --all-pairs --week-from=2019-04-14 --week-to=2026-05-31 --activation-rules=raw_both,david_contra,candidate_b,candidate_b_david_contra_confirm,candidate_b_david_contra_conflict_candidate,stoch_contra,david_stoch_confirm --bar-path-mode=ohlc_high_low --signal-clock=adr_event --signal-adr-brick=0.05 --session-mode=ny_daily_window --session-time-zone=America/New_York --session-trade-start-et=18:05 --session-trade-end-et=15:45 --session-flatten-et=16:00 --session-sunday-start-et=20:00 --target-mode=david_ma_reversion --target-adr=1 --spacing-adr=0.25 --min-ma-expansion-adr=0.10 --grid-add-mode=adverse_only --david-ma-period=75 --david-rsi-period=50 --david-rsi-overbought=60 --david-rsi-oversold=40 --stoch-k-period=100 --stoch-d-period=3 --stoch-slowing=100 --stoch-overbought=60 --stoch-oversold=40 --summary-only --artifact-dir=docs/research/gates/gate90/artifacts/gate90c-full-window-adr05_ma75_s25-exp010-rsi506040-stoch100-3-100-6040 --report-path=docs/research/gates/gate90/GATE90C_FULL_WINDOW_ADR05_MA75_S25_EXP010_RSI506040_STOCH100_3_100_6040_2026-07-02.md"
45,0.05,75,0.3,"raw_both,david_contra,candidate_b,candidate_b_david_contra_confirm,candidate_b_david_contra_conflict_candidate,stoch_contra,david_stoch_confirm",docs/research/gates/gate90/artifacts/gate90c-full-window-adr05_ma75_s3-exp010-rsi506040-stoch100-3-100-6040,docs/research/gates/gate90/GATE90C_FULL_WINDOW_ADR05_MA75_S3_EXP010_RSI506040_STOCH100_3_100_6040_2026-07-02.md,"npm run engine:gate90:grid-activation-accuracy-one-sided-selection -- --all-pairs --week-from=2019-04-14 --week-to=2026-05-31 --activation-rules=raw_both,david_contra,candidate_b,candidate_b_david_contra_confirm,candidate_b_david_contra_conflict_candidate,stoch_contra,david_stoch_confirm --bar-path-mode=ohlc_high_low --signal-clock=adr_event --signal-adr-brick=0.05 --session-mode=ny_daily_window --session-time-zone=America/New_York --session-trade-start-et=18:05 --session-trade-end-et=15:45 --session-flatten-et=16:00 --session-sunday-start-et=20:00 --target-mode=david_ma_reversion --target-adr=1 --spacing-adr=0.3 --min-ma-expansion-adr=0.10 --grid-add-mode=adverse_only --david-ma-period=75 --david-rsi-period=50 --david-rsi-overbought=60 --david-rsi-oversold=40 --stoch-k-period=100 --stoch-d-period=3 --stoch-slowing=100 --stoch-overbought=60 --stoch-oversold=40 --summary-only --artifact-dir=docs/research/gates/gate90/artifacts/gate90c-full-window-adr05_ma75_s3-exp010-rsi506040-stoch100-3-100-6040 --report-path=docs/research/gates/gate90/GATE90C_FULL_WINDOW_ADR05_MA75_S3_EXP010_RSI506040_STOCH100_3_100_6040_2026-07-02.md"
46,0.05,100,0.1,"raw_both,david_contra,candidate_b,candidate_b_david_contra_confirm,candidate_b_david_contra_conflict_candidate,stoch_contra,david_stoch_confirm",docs/research/gates/gate90/artifacts/gate90c-full-window-adr05_ma100_s1-exp010-rsi506040-stoch100-3-100-6040,docs/research/gates/gate90/GATE90C_FULL_WINDOW_ADR05_MA100_S1_EXP010_RSI506040_STOCH100_3_100_6040_2026-07-02.md,"npm run engine:gate90:grid-activation-accuracy-one-sided-selection -- --all-pairs --week-from=2019-04-14 --week-to=2026-05-31 --activation-rules=raw_both,david_contra,candidate_b,candidate_b_david_contra_confirm,candidate_b_david_contra_conflict_candidate,stoch_contra,david_stoch_confirm --bar-path-mode=ohlc_high_low --signal-clock=adr_event --signal-adr-brick=0.05 --session-mode=ny_daily_window --session-time-zone=America/New_York --session-trade-start-et=18:05 --session-trade-end-et=15:45 --session-flatten-et=16:00 --session-sunday-start-et=20:00 --target-mode=david_ma_reversion --target-adr=1 --spacing-adr=0.1 --min-ma-expansion-adr=0.10 --grid-add-mode=adverse_only --david-ma-period=100 --david-rsi-period=50 --david-rsi-overbought=60 --david-rsi-oversold=40 --stoch-k-period=100 --stoch-d-period=3 --stoch-slowing=100 --stoch-overbought=60 --stoch-oversold=40 --summary-only --artifact-dir=docs/research/gates/gate90/artifacts/gate90c-full-window-adr05_ma100_s1-exp010-rsi506040-stoch100-3-100-6040 --report-path=docs/research/gates/gate90/GATE90C_FULL_WINDOW_ADR05_MA100_S1_EXP010_RSI506040_STOCH100_3_100_6040_2026-07-02.md"
47,0.05,100,0.15,"raw_both,david_contra,candidate_b,candidate_b_david_contra_confirm,candidate_b_david_contra_conflict_candidate,stoch_contra,david_stoch_confirm",docs/research/gates/gate90/artifacts/gate90c-full-window-adr05_ma100_s15-exp010-rsi506040-stoch100-3-100-6040,docs/research/gates/gate90/GATE90C_FULL_WINDOW_ADR05_MA100_S15_EXP010_RSI506040_STOCH100_3_100_6040_2026-07-02.md,"npm run engine:gate90:grid-activation-accuracy-one-sided-selection -- --all-pairs --week-from=2019-04-14 --week-to=2026-05-31 --activation-rules=raw_both,david_contra,candidate_b,candidate_b_david_contra_confirm,candidate_b_david_contra_conflict_candidate,stoch_contra,david_stoch_confirm --bar-path-mode=ohlc_high_low --signal-clock=adr_event --signal-adr-brick=0.05 --session-mode=ny_daily_window --session-time-zone=America/New_York --session-trade-start-et=18:05 --session-trade-end-et=15:45 --session-flatten-et=16:00 --session-sunday-start-et=20:00 --target-mode=david_ma_reversion --target-adr=1 --spacing-adr=0.15 --min-ma-expansion-adr=0.10 --grid-add-mode=adverse_only --david-ma-period=100 --david-rsi-period=50 --david-rsi-overbought=60 --david-rsi-oversold=40 --stoch-k-period=100 --stoch-d-period=3 --stoch-slowing=100 --stoch-overbought=60 --stoch-oversold=40 --summary-only --artifact-dir=docs/research/gates/gate90/artifacts/gate90c-full-window-adr05_ma100_s15-exp010-rsi506040-stoch100-3-100-6040 --report-path=docs/research/gates/gate90/GATE90C_FULL_WINDOW_ADR05_MA100_S15_EXP010_RSI506040_STOCH100_3_100_6040_2026-07-02.md"
48,0.05,100,0.2,"raw_both,david_contra,candidate_b,candidate_b_david_contra_confirm,candidate_b_david_contra_conflict_candidate,stoch_contra,david_stoch_confirm",docs/research/gates/gate90/artifacts/gate90c-full-window-adr05_ma100_s2-exp010-rsi506040-stoch100-3-100-6040,docs/research/gates/gate90/GATE90C_FULL_WINDOW_ADR05_MA100_S2_EXP010_RSI506040_STOCH100_3_100_6040_2026-07-02.md,"npm run engine:gate90:grid-activation-accuracy-one-sided-selection -- --all-pairs --week-from=2019-04-14 --week-to=2026-05-31 --activation-rules=raw_both,david_contra,candidate_b,candidate_b_david_contra_confirm,candidate_b_david_contra_conflict_candidate,stoch_contra,david_stoch_confirm --bar-path-mode=ohlc_high_low --signal-clock=adr_event --signal-adr-brick=0.05 --session-mode=ny_daily_window --session-time-zone=America/New_York --session-trade-start-et=18:05 --session-trade-end-et=15:45 --session-flatten-et=16:00 --session-sunday-start-et=20:00 --target-mode=david_ma_reversion --target-adr=1 --spacing-adr=0.2 --min-ma-expansion-adr=0.10 --grid-add-mode=adverse_only --david-ma-period=100 --david-rsi-period=50 --david-rsi-overbought=60 --david-rsi-oversold=40 --stoch-k-period=100 --stoch-d-period=3 --stoch-slowing=100 --stoch-overbought=60 --stoch-oversold=40 --summary-only --artifact-dir=docs/research/gates/gate90/artifacts/gate90c-full-window-adr05_ma100_s2-exp010-rsi506040-stoch100-3-100-6040 --report-path=docs/research/gates/gate90/GATE90C_FULL_WINDOW_ADR05_MA100_S2_EXP010_RSI506040_STOCH100_3_100_6040_2026-07-02.md"
49,0.05,100,0.25,"raw_both,david_contra,candidate_b,candidate_b_david_contra_confirm,candidate_b_david_contra_conflict_candidate,stoch_contra,david_stoch_confirm",docs/research/gates/gate90/artifacts/gate90c-full-window-adr05_ma100_s25-exp010-rsi506040-stoch100-3-100-6040,docs/research/gates/gate90/GATE90C_FULL_WINDOW_ADR05_MA100_S25_EXP010_RSI506040_STOCH100_3_100_6040_2026-07-02.md,"npm run engine:gate90:grid-activation-accuracy-one-sided-selection -- --all-pairs --week-from=2019-04-14 --week-to=2026-05-31 --activation-rules=raw_both,david_contra,candidate_b,candidate_b_david_contra_confirm,candidate_b_david_contra_conflict_candidate,stoch_contra,david_stoch_confirm --bar-path-mode=ohlc_high_low --signal-clock=adr_event --signal-adr-brick=0.05 --session-mode=ny_daily_window --session-time-zone=America/New_York --session-trade-start-et=18:05 --session-trade-end-et=15:45 --session-flatten-et=16:00 --session-sunday-start-et=20:00 --target-mode=david_ma_reversion --target-adr=1 --spacing-adr=0.25 --min-ma-expansion-adr=0.10 --grid-add-mode=adverse_only --david-ma-period=100 --david-rsi-period=50 --david-rsi-overbought=60 --david-rsi-oversold=40 --stoch-k-period=100 --stoch-d-period=3 --stoch-slowing=100 --stoch-overbought=60 --stoch-oversold=40 --summary-only --artifact-dir=docs/research/gates/gate90/artifacts/gate90c-full-window-adr05_ma100_s25-exp010-rsi506040-stoch100-3-100-6040 --report-path=docs/research/gates/gate90/GATE90C_FULL_WINDOW_ADR05_MA100_S25_EXP010_RSI506040_STOCH100_3_100_6040_2026-07-02.md"
50,0.05,100,0.3,"raw_both,david_contra,candidate_b,candidate_b_david_contra_confirm,candidate_b_david_contra_conflict_candidate,stoch_contra,david_stoch_confirm",docs/research/gates/gate90/artifacts/gate90c-full-window-adr05_ma100_s3-exp010-rsi506040-stoch100-3-100-6040,docs/research/gates/gate90/GATE90C_FULL_WINDOW_ADR05_MA100_S3_EXP010_RSI506040_STOCH100_3_100_6040_2026-07-02.md,"npm run engine:gate90:grid-activation-accuracy-one-sided-selection -- --all-pairs --week-from=2019-04-14 --week-to=2026-05-31 --activation-rules=raw_both,david_contra,candidate_b,candidate_b_david_contra_confirm,candidate_b_david_contra_conflict_candidate,stoch_contra,david_stoch_confirm --bar-path-mode=ohlc_high_low --signal-clock=adr_event --signal-adr-brick=0.05 --session-mode=ny_daily_window --session-time-zone=America/New_York --session-trade-start-et=18:05 --session-trade-end-et=15:45 --session-flatten-et=16:00 --session-sunday-start-et=20:00 --target-mode=david_ma_reversion --target-adr=1 --spacing-adr=0.3 --min-ma-expansion-adr=0.10 --grid-add-mode=adverse_only --david-ma-period=100 --david-rsi-period=50 --david-rsi-overbought=60 --david-rsi-oversold=40 --stoch-k-period=100 --stoch-d-period=3 --stoch-slowing=100 --stoch-overbought=60 --stoch-oversold=40 --summary-only --artifact-dir=docs/research/gates/gate90/artifacts/gate90c-full-window-adr05_ma100_s3-exp010-rsi506040-stoch100-3-100-6040 --report-path=docs/research/gates/gate90/GATE90C_FULL_WINDOW_ADR05_MA100_S3_EXP010_RSI506040_STOCH100_3_100_6040_2026-07-02.md"
51,0.075,25,0.1,"raw_both,david_contra,candidate_b,candidate_b_david_contra_confirm,candidate_b_david_contra_conflict_candidate,stoch_contra,david_stoch_confirm",docs/research/gates/gate90/artifacts/gate90c-full-window-adr075_ma25_s1-exp010-rsi506040-stoch100-3-100-6040,docs/research/gates/gate90/GATE90C_FULL_WINDOW_ADR075_MA25_S1_EXP010_RSI506040_STOCH100_3_100_6040_2026-07-02.md,"npm run engine:gate90:grid-activation-accuracy-one-sided-selection -- --all-pairs --week-from=2019-04-14 --week-to=2026-05-31 --activation-rules=raw_both,david_contra,candidate_b,candidate_b_david_contra_confirm,candidate_b_david_contra_conflict_candidate,stoch_contra,david_stoch_confirm --bar-path-mode=ohlc_high_low --signal-clock=adr_event --signal-adr-brick=0.075 --session-mode=ny_daily_window --session-time-zone=America/New_York --session-trade-start-et=18:05 --session-trade-end-et=15:45 --session-flatten-et=16:00 --session-sunday-start-et=20:00 --target-mode=david_ma_reversion --target-adr=1 --spacing-adr=0.1 --min-ma-expansion-adr=0.10 --grid-add-mode=adverse_only --david-ma-period=25 --david-rsi-period=50 --david-rsi-overbought=60 --david-rsi-oversold=40 --stoch-k-period=100 --stoch-d-period=3 --stoch-slowing=100 --stoch-overbought=60 --stoch-oversold=40 --summary-only --artifact-dir=docs/research/gates/gate90/artifacts/gate90c-full-window-adr075_ma25_s1-exp010-rsi506040-stoch100-3-100-6040 --report-path=docs/research/gates/gate90/GATE90C_FULL_WINDOW_ADR075_MA25_S1_EXP010_RSI506040_STOCH100_3_100_6040_2026-07-02.md"
52,0.075,25,0.15,"raw_both,david_contra,candidate_b,candidate_b_david_contra_confirm,candidate_b_david_contra_conflict_candidate,stoch_contra,david_stoch_confirm",docs/research/gates/gate90/artifacts/gate90c-full-window-adr075_ma25_s15-exp010-rsi506040-stoch100-3-100-6040,docs/research/gates/gate90/GATE90C_FULL_WINDOW_ADR075_MA25_S15_EXP010_RSI506040_STOCH100_3_100_6040_2026-07-02.md,"npm run engine:gate90:grid-activation-accuracy-one-sided-selection -- --all-pairs --week-from=2019-04-14 --week-to=2026-05-31 --activation-rules=raw_both,david_contra,candidate_b,candidate_b_david_contra_confirm,candidate_b_david_contra_conflict_candidate,stoch_contra,david_stoch_confirm --bar-path-mode=ohlc_high_low --signal-clock=adr_event --signal-adr-brick=0.075 --session-mode=ny_daily_window --session-time-zone=America/New_York --session-trade-start-et=18:05 --session-trade-end-et=15:45 --session-flatten-et=16:00 --session-sunday-start-et=20:00 --target-mode=david_ma_reversion --target-adr=1 --spacing-adr=0.15 --min-ma-expansion-adr=0.10 --grid-add-mode=adverse_only --david-ma-period=25 --david-rsi-period=50 --david-rsi-overbought=60 --david-rsi-oversold=40 --stoch-k-period=100 --stoch-d-period=3 --stoch-slowing=100 --stoch-overbought=60 --stoch-oversold=40 --summary-only --artifact-dir=docs/research/gates/gate90/artifacts/gate90c-full-window-adr075_ma25_s15-exp010-rsi506040-stoch100-3-100-6040 --report-path=docs/research/gates/gate90/GATE90C_FULL_WINDOW_ADR075_MA25_S15_EXP010_RSI506040_STOCH100_3_100_6040_2026-07-02.md"
53,0.075,25,0.2,"raw_both,david_contra,candidate_b,candidate_b_david_contra_confirm,candidate_b_david_contra_conflict_candidate,stoch_contra,david_stoch_confirm",docs/research/gates/gate90/artifacts/gate90c-full-window-adr075_ma25_s2-exp010-rsi506040-stoch100-3-100-6040,docs/research/gates/gate90/GATE90C_FULL_WINDOW_ADR075_MA25_S2_EXP010_RSI506040_STOCH100_3_100_6040_2026-07-02.md,"npm run engine:gate90:grid-activation-accuracy-one-sided-selection -- --all-pairs --week-from=2019-04-14 --week-to=2026-05-31 --activation-rules=raw_both,david_contra,candidate_b,candidate_b_david_contra_confirm,candidate_b_david_contra_conflict_candidate,stoch_contra,david_stoch_confirm --bar-path-mode=ohlc_high_low --signal-clock=adr_event --signal-adr-brick=0.075 --session-mode=ny_daily_window --session-time-zone=America/New_York --session-trade-start-et=18:05 --session-trade-end-et=15:45 --session-flatten-et=16:00 --session-sunday-start-et=20:00 --target-mode=david_ma_reversion --target-adr=1 --spacing-adr=0.2 --min-ma-expansion-adr=0.10 --grid-add-mode=adverse_only --david-ma-period=25 --david-rsi-period=50 --david-rsi-overbought=60 --david-rsi-oversold=40 --stoch-k-period=100 --stoch-d-period=3 --stoch-slowing=100 --stoch-overbought=60 --stoch-oversold=40 --summary-only --artifact-dir=docs/research/gates/gate90/artifacts/gate90c-full-window-adr075_ma25_s2-exp010-rsi506040-stoch100-3-100-6040 --report-path=docs/research/gates/gate90/GATE90C_FULL_WINDOW_ADR075_MA25_S2_EXP010_RSI506040_STOCH100_3_100_6040_2026-07-02.md"
54,0.075,25,0.25,"raw_both,david_contra,candidate_b,candidate_b_david_contra_confirm,candidate_b_david_contra_conflict_candidate,stoch_contra,david_stoch_confirm",docs/research/gates/gate90/artifacts/gate90c-full-window-adr075_ma25_s25-exp010-rsi506040-stoch100-3-100-6040,docs/research/gates/gate90/GATE90C_FULL_WINDOW_ADR075_MA25_S25_EXP010_RSI506040_STOCH100_3_100_6040_2026-07-02.md,"npm run engine:gate90:grid-activation-accuracy-one-sided-selection -- --all-pairs --week-from=2019-04-14 --week-to=2026-05-31 --activation-rules=raw_both,david_contra,candidate_b,candidate_b_david_contra_confirm,candidate_b_david_contra_conflict_candidate,stoch_contra,david_stoch_confirm --bar-path-mode=ohlc_high_low --signal-clock=adr_event --signal-adr-brick=0.075 --session-mode=ny_daily_window --session-time-zone=America/New_York --session-trade-start-et=18:05 --session-trade-end-et=15:45 --session-flatten-et=16:00 --session-sunday-start-et=20:00 --target-mode=david_ma_reversion --target-adr=1 --spacing-adr=0.25 --min-ma-expansion-adr=0.10 --grid-add-mode=adverse_only --david-ma-period=25 --david-rsi-period=50 --david-rsi-overbought=60 --david-rsi-oversold=40 --stoch-k-period=100 --stoch-d-period=3 --stoch-slowing=100 --stoch-overbought=60 --stoch-oversold=40 --summary-only --artifact-dir=docs/research/gates/gate90/artifacts/gate90c-full-window-adr075_ma25_s25-exp010-rsi506040-stoch100-3-100-6040 --report-path=docs/research/gates/gate90/GATE90C_FULL_WINDOW_ADR075_MA25_S25_EXP010_RSI506040_STOCH100_3_100_6040_2026-07-02.md"
55,0.075,25,0.3,"raw_both,david_contra,candidate_b,candidate_b_david_contra_confirm,candidate_b_david_contra_conflict_candidate,stoch_contra,david_stoch_confirm",docs/research/gates/gate90/artifacts/gate90c-full-window-adr075_ma25_s3-exp010-rsi506040-stoch100-3-100-6040,docs/research/gates/gate90/GATE90C_FULL_WINDOW_ADR075_MA25_S3_EXP010_RSI506040_STOCH100_3_100_6040_2026-07-02.md,"npm run engine:gate90:grid-activation-accuracy-one-sided-selection -- --all-pairs --week-from=2019-04-14 --week-to=2026-05-31 --activation-rules=raw_both,david_contra,candidate_b,candidate_b_david_contra_confirm,candidate_b_david_contra_conflict_candidate,stoch_contra,david_stoch_confirm --bar-path-mode=ohlc_high_low --signal-clock=adr_event --signal-adr-brick=0.075 --session-mode=ny_daily_window --session-time-zone=America/New_York --session-trade-start-et=18:05 --session-trade-end-et=15:45 --session-flatten-et=16:00 --session-sunday-start-et=20:00 --target-mode=david_ma_reversion --target-adr=1 --spacing-adr=0.3 --min-ma-expansion-adr=0.10 --grid-add-mode=adverse_only --david-ma-period=25 --david-rsi-period=50 --david-rsi-overbought=60 --david-rsi-oversold=40 --stoch-k-period=100 --stoch-d-period=3 --stoch-slowing=100 --stoch-overbought=60 --stoch-oversold=40 --summary-only --artifact-dir=docs/research/gates/gate90/artifacts/gate90c-full-window-adr075_ma25_s3-exp010-rsi506040-stoch100-3-100-6040 --report-path=docs/research/gates/gate90/GATE90C_FULL_WINDOW_ADR075_MA25_S3_EXP010_RSI506040_STOCH100_3_100_6040_2026-07-02.md"
56,0.075,35,0.1,"raw_both,david_contra,candidate_b,candidate_b_david_contra_confirm,candidate_b_david_contra_conflict_candidate,stoch_contra,david_stoch_confirm",docs/research/gates/gate90/artifacts/gate90c-full-window-adr075_ma35_s1-exp010-rsi506040-stoch100-3-100-6040,docs/research/gates/gate90/GATE90C_FULL_WINDOW_ADR075_MA35_S1_EXP010_RSI506040_STOCH100_3_100_6040_2026-07-02.md,"npm run engine:gate90:grid-activation-accuracy-one-sided-selection -- --all-pairs --week-from=2019-04-14 --week-to=2026-05-31 --activation-rules=raw_both,david_contra,candidate_b,candidate_b_david_contra_confirm,candidate_b_david_contra_conflict_candidate,stoch_contra,david_stoch_confirm --bar-path-mode=ohlc_high_low --signal-clock=adr_event --signal-adr-brick=0.075 --session-mode=ny_daily_window --session-time-zone=America/New_York --session-trade-start-et=18:05 --session-trade-end-et=15:45 --session-flatten-et=16:00 --session-sunday-start-et=20:00 --target-mode=david_ma_reversion --target-adr=1 --spacing-adr=0.1 --min-ma-expansion-adr=0.10 --grid-add-mode=adverse_only --david-ma-period=35 --david-rsi-period=50 --david-rsi-overbought=60 --david-rsi-oversold=40 --stoch-k-period=100 --stoch-d-period=3 --stoch-slowing=100 --stoch-overbought=60 --stoch-oversold=40 --summary-only --artifact-dir=docs/research/gates/gate90/artifacts/gate90c-full-window-adr075_ma35_s1-exp010-rsi506040-stoch100-3-100-6040 --report-path=docs/research/gates/gate90/GATE90C_FULL_WINDOW_ADR075_MA35_S1_EXP010_RSI506040_STOCH100_3_100_6040_2026-07-02.md"
57,0.075,35,0.15,"raw_both,david_contra,candidate_b,candidate_b_david_contra_confirm,candidate_b_david_contra_conflict_candidate,stoch_contra,david_stoch_confirm",docs/research/gates/gate90/artifacts/gate90c-full-window-adr075_ma35_s15-exp010-rsi506040-stoch100-3-100-6040,docs/research/gates/gate90/GATE90C_FULL_WINDOW_ADR075_MA35_S15_EXP010_RSI506040_STOCH100_3_100_6040_2026-07-02.md,"npm run engine:gate90:grid-activation-accuracy-one-sided-selection -- --all-pairs --week-from=2019-04-14 --week-to=2026-05-31 --activation-rules=raw_both,david_contra,candidate_b,candidate_b_david_contra_confirm,candidate_b_david_contra_conflict_candidate,stoch_contra,david_stoch_confirm --bar-path-mode=ohlc_high_low --signal-clock=adr_event --signal-adr-brick=0.075 --session-mode=ny_daily_window --session-time-zone=America/New_York --session-trade-start-et=18:05 --session-trade-end-et=15:45 --session-flatten-et=16:00 --session-sunday-start-et=20:00 --target-mode=david_ma_reversion --target-adr=1 --spacing-adr=0.15 --min-ma-expansion-adr=0.10 --grid-add-mode=adverse_only --david-ma-period=35 --david-rsi-period=50 --david-rsi-overbought=60 --david-rsi-oversold=40 --stoch-k-period=100 --stoch-d-period=3 --stoch-slowing=100 --stoch-overbought=60 --stoch-oversold=40 --summary-only --artifact-dir=docs/research/gates/gate90/artifacts/gate90c-full-window-adr075_ma35_s15-exp010-rsi506040-stoch100-3-100-6040 --report-path=docs/research/gates/gate90/GATE90C_FULL_WINDOW_ADR075_MA35_S15_EXP010_RSI506040_STOCH100_3_100_6040_2026-07-02.md"
58,0.075,35,0.2,"raw_both,david_contra,candidate_b,candidate_b_david_contra_confirm,candidate_b_david_contra_conflict_candidate,stoch_contra,david_stoch_confirm",docs/research/gates/gate90/artifacts/gate90c-full-window-adr075_ma35_s2-exp010-rsi506040-stoch100-3-100-6040,docs/research/gates/gate90/GATE90C_FULL_WINDOW_ADR075_MA35_S2_EXP010_RSI506040_STOCH100_3_100_6040_2026-07-02.md,"npm run engine:gate90:grid-activation-accuracy-one-sided-selection -- --all-pairs --week-from=2019-04-14 --week-to=2026-05-31 --activation-rules=raw_both,david_contra,candidate_b,candidate_b_david_contra_confirm,candidate_b_david_contra_conflict_candidate,stoch_contra,david_stoch_confirm --bar-path-mode=ohlc_high_low --signal-clock=adr_event --signal-adr-brick=0.075 --session-mode=ny_daily_window --session-time-zone=America/New_York --session-trade-start-et=18:05 --session-trade-end-et=15:45 --session-flatten-et=16:00 --session-sunday-start-et=20:00 --target-mode=david_ma_reversion --target-adr=1 --spacing-adr=0.2 --min-ma-expansion-adr=0.10 --grid-add-mode=adverse_only --david-ma-period=35 --david-rsi-period=50 --david-rsi-overbought=60 --david-rsi-oversold=40 --stoch-k-period=100 --stoch-d-period=3 --stoch-slowing=100 --stoch-overbought=60 --stoch-oversold=40 --summary-only --artifact-dir=docs/research/gates/gate90/artifacts/gate90c-full-window-adr075_ma35_s2-exp010-rsi506040-stoch100-3-100-6040 --report-path=docs/research/gates/gate90/GATE90C_FULL_WINDOW_ADR075_MA35_S2_EXP010_RSI506040_STOCH100_3_100_6040_2026-07-02.md"
59,0.075,35,0.25,"raw_both,david_contra,candidate_b,candidate_b_david_contra_confirm,candidate_b_david_contra_conflict_candidate,stoch_contra,david_stoch_confirm",docs/research/gates/gate90/artifacts/gate90c-full-window-adr075_ma35_s25-exp010-rsi506040-stoch100-3-100-6040,docs/research/gates/gate90/GATE90C_FULL_WINDOW_ADR075_MA35_S25_EXP010_RSI506040_STOCH100_3_100_6040_2026-07-02.md,"npm run engine:gate90:grid-activation-accuracy-one-sided-selection -- --all-pairs --week-from=2019-04-14 --week-to=2026-05-31 --activation-rules=raw_both,david_contra,candidate_b,candidate_b_david_contra_confirm,candidate_b_david_contra_conflict_candidate,stoch_contra,david_stoch_confirm --bar-path-mode=ohlc_high_low --signal-clock=adr_event --signal-adr-brick=0.075 --session-mode=ny_daily_window --session-time-zone=America/New_York --session-trade-start-et=18:05 --session-trade-end-et=15:45 --session-flatten-et=16:00 --session-sunday-start-et=20:00 --target-mode=david_ma_reversion --target-adr=1 --spacing-adr=0.25 --min-ma-expansion-adr=0.10 --grid-add-mode=adverse_only --david-ma-period=35 --david-rsi-period=50 --david-rsi-overbought=60 --david-rsi-oversold=40 --stoch-k-period=100 --stoch-d-period=3 --stoch-slowing=100 --stoch-overbought=60 --stoch-oversold=40 --summary-only --artifact-dir=docs/research/gates/gate90/artifacts/gate90c-full-window-adr075_ma35_s25-exp010-rsi506040-stoch100-3-100-6040 --report-path=docs/research/gates/gate90/GATE90C_FULL_WINDOW_ADR075_MA35_S25_EXP010_RSI506040_STOCH100_3_100_6040_2026-07-02.md"
60,0.075,35,0.3,"raw_both,david_contra,candidate_b,candidate_b_david_contra_confirm,candidate_b_david_contra_conflict_candidate,stoch_contra,david_stoch_confirm",docs/research/gates/gate90/artifacts/gate90c-full-window-adr075_ma35_s3-exp010-rsi506040-stoch100-3-100-6040,docs/research/gates/gate90/GATE90C_FULL_WINDOW_ADR075_MA35_S3_EXP010_RSI506040_STOCH100_3_100_6040_2026-07-02.md,"npm run engine:gate90:grid-activation-accuracy-one-sided-selection -- --all-pairs --week-from=2019-04-14 --week-to=2026-05-31 --activation-rules=raw_both,david_contra,candidate_b,candidate_b_david_contra_confirm,candidate_b_david_contra_conflict_candidate,stoch_contra,david_stoch_confirm --bar-path-mode=ohlc_high_low --signal-clock=adr_event --signal-adr-brick=0.075 --session-mode=ny_daily_window --session-time-zone=America/New_York --session-trade-start-et=18:05 --session-trade-end-et=15:45 --session-flatten-et=16:00 --session-sunday-start-et=20:00 --target-mode=david_ma_reversion --target-adr=1 --spacing-adr=0.3 --min-ma-expansion-adr=0.10 --grid-add-mode=adverse_only --david-ma-period=35 --david-rsi-period=50 --david-rsi-overbought=60 --david-rsi-oversold=40 --stoch-k-period=100 --stoch-d-period=3 --stoch-slowing=100 --stoch-overbought=60 --stoch-oversold=40 --summary-only --artifact-dir=docs/research/gates/gate90/artifacts/gate90c-full-window-adr075_ma35_s3-exp010-rsi506040-stoch100-3-100-6040 --report-path=docs/research/gates/gate90/GATE90C_FULL_WINDOW_ADR075_MA35_S3_EXP010_RSI506040_STOCH100_3_100_6040_2026-07-02.md"
61,0.075,50,0.1,"raw_both,david_contra,candidate_b,candidate_b_david_contra_confirm,candidate_b_david_contra_conflict_candidate,stoch_contra,david_stoch_confirm",docs/research/gates/gate90/artifacts/gate90c-full-window-adr075_ma50_s1-exp010-rsi506040-stoch100-3-100-6040,docs/research/gates/gate90/GATE90C_FULL_WINDOW_ADR075_MA50_S1_EXP010_RSI506040_STOCH100_3_100_6040_2026-07-02.md,"npm run engine:gate90:grid-activation-accuracy-one-sided-selection -- --all-pairs --week-from=2019-04-14 --week-to=2026-05-31 --activation-rules=raw_both,david_contra,candidate_b,candidate_b_david_contra_confirm,candidate_b_david_contra_conflict_candidate,stoch_contra,david_stoch_confirm --bar-path-mode=ohlc_high_low --signal-clock=adr_event --signal-adr-brick=0.075 --session-mode=ny_daily_window --session-time-zone=America/New_York --session-trade-start-et=18:05 --session-trade-end-et=15:45 --session-flatten-et=16:00 --session-sunday-start-et=20:00 --target-mode=david_ma_reversion --target-adr=1 --spacing-adr=0.1 --min-ma-expansion-adr=0.10 --grid-add-mode=adverse_only --david-ma-period=50 --david-rsi-period=50 --david-rsi-overbought=60 --david-rsi-oversold=40 --stoch-k-period=100 --stoch-d-period=3 --stoch-slowing=100 --stoch-overbought=60 --stoch-oversold=40 --summary-only --artifact-dir=docs/research/gates/gate90/artifacts/gate90c-full-window-adr075_ma50_s1-exp010-rsi506040-stoch100-3-100-6040 --report-path=docs/research/gates/gate90/GATE90C_FULL_WINDOW_ADR075_MA50_S1_EXP010_RSI506040_STOCH100_3_100_6040_2026-07-02.md"
62,0.075,50,0.15,"raw_both,david_contra,candidate_b,candidate_b_david_contra_confirm,candidate_b_david_contra_conflict_candidate,stoch_contra,david_stoch_confirm",docs/research/gates/gate90/artifacts/gate90c-full-window-adr075_ma50_s15-exp010-rsi506040-stoch100-3-100-6040,docs/research/gates/gate90/GATE90C_FULL_WINDOW_ADR075_MA50_S15_EXP010_RSI506040_STOCH100_3_100_6040_2026-07-02.md,"npm run engine:gate90:grid-activation-accuracy-one-sided-selection -- --all-pairs --week-from=2019-04-14 --week-to=2026-05-31 --activation-rules=raw_both,david_contra,candidate_b,candidate_b_david_contra_confirm,candidate_b_david_contra_conflict_candidate,stoch_contra,david_stoch_confirm --bar-path-mode=ohlc_high_low --signal-clock=adr_event --signal-adr-brick=0.075 --session-mode=ny_daily_window --session-time-zone=America/New_York --session-trade-start-et=18:05 --session-trade-end-et=15:45 --session-flatten-et=16:00 --session-sunday-start-et=20:00 --target-mode=david_ma_reversion --target-adr=1 --spacing-adr=0.15 --min-ma-expansion-adr=0.10 --grid-add-mode=adverse_only --david-ma-period=50 --david-rsi-period=50 --david-rsi-overbought=60 --david-rsi-oversold=40 --stoch-k-period=100 --stoch-d-period=3 --stoch-slowing=100 --stoch-overbought=60 --stoch-oversold=40 --summary-only --artifact-dir=docs/research/gates/gate90/artifacts/gate90c-full-window-adr075_ma50_s15-exp010-rsi506040-stoch100-3-100-6040 --report-path=docs/research/gates/gate90/GATE90C_FULL_WINDOW_ADR075_MA50_S15_EXP010_RSI506040_STOCH100_3_100_6040_2026-07-02.md"
63,0.075,50,0.2,"raw_both,david_contra,candidate_b,candidate_b_david_contra_confirm,candidate_b_david_contra_conflict_candidate,stoch_contra,david_stoch_confirm",docs/research/gates/gate90/artifacts/gate90c-full-window-adr075_ma50_s2-exp010-rsi506040-stoch100-3-100-6040,docs/research/gates/gate90/GATE90C_FULL_WINDOW_ADR075_MA50_S2_EXP010_RSI506040_STOCH100_3_100_6040_2026-07-02.md,"npm run engine:gate90:grid-activation-accuracy-one-sided-selection -- --all-pairs --week-from=2019-04-14 --week-to=2026-05-31 --activation-rules=raw_both,david_contra,candidate_b,candidate_b_david_contra_confirm,candidate_b_david_contra_conflict_candidate,stoch_contra,david_stoch_confirm --bar-path-mode=ohlc_high_low --signal-clock=adr_event --signal-adr-brick=0.075 --session-mode=ny_daily_window --session-time-zone=America/New_York --session-trade-start-et=18:05 --session-trade-end-et=15:45 --session-flatten-et=16:00 --session-sunday-start-et=20:00 --target-mode=david_ma_reversion --target-adr=1 --spacing-adr=0.2 --min-ma-expansion-adr=0.10 --grid-add-mode=adverse_only --david-ma-period=50 --david-rsi-period=50 --david-rsi-overbought=60 --david-rsi-oversold=40 --stoch-k-period=100 --stoch-d-period=3 --stoch-slowing=100 --stoch-overbought=60 --stoch-oversold=40 --summary-only --artifact-dir=docs/research/gates/gate90/artifacts/gate90c-full-window-adr075_ma50_s2-exp010-rsi506040-stoch100-3-100-6040 --report-path=docs/research/gates/gate90/GATE90C_FULL_WINDOW_ADR075_MA50_S2_EXP010_RSI506040_STOCH100_3_100_6040_2026-07-02.md"
64,0.075,50,0.25,"raw_both,david_contra,candidate_b,candidate_b_david_contra_confirm,candidate_b_david_contra_conflict_candidate,stoch_contra,david_stoch_confirm",docs/research/gates/gate90/artifacts/gate90c-full-window-adr075_ma50_s25-exp010-rsi506040-stoch100-3-100-6040,docs/research/gates/gate90/GATE90C_FULL_WINDOW_ADR075_MA50_S25_EXP010_RSI506040_STOCH100_3_100_6040_2026-07-02.md,"npm run engine:gate90:grid-activation-accuracy-one-sided-selection -- --all-pairs --week-from=2019-04-14 --week-to=2026-05-31 --activation-rules=raw_both,david_contra,candidate_b,candidate_b_david_contra_confirm,candidate_b_david_contra_conflict_candidate,stoch_contra,david_stoch_confirm --bar-path-mode=ohlc_high_low --signal-clock=adr_event --signal-adr-brick=0.075 --session-mode=ny_daily_window --session-time-zone=America/New_York --session-trade-start-et=18:05 --session-trade-end-et=15:45 --session-flatten-et=16:00 --session-sunday-start-et=20:00 --target-mode=david_ma_reversion --target-adr=1 --spacing-adr=0.25 --min-ma-expansion-adr=0.10 --grid-add-mode=adverse_only --david-ma-period=50 --david-rsi-period=50 --david-rsi-overbought=60 --david-rsi-oversold=40 --stoch-k-period=100 --stoch-d-period=3 --stoch-slowing=100 --stoch-overbought=60 --stoch-oversold=40 --summary-only --artifact-dir=docs/research/gates/gate90/artifacts/gate90c-full-window-adr075_ma50_s25-exp010-rsi506040-stoch100-3-100-6040 --report-path=docs/research/gates/gate90/GATE90C_FULL_WINDOW_ADR075_MA50_S25_EXP010_RSI506040_STOCH100_3_100_6040_2026-07-02.md"
65,0.075,50,0.3,"raw_both,david_contra,candidate_b,candidate_b_david_contra_confirm,candidate_b_david_contra_conflict_candidate,stoch_contra,david_stoch_confirm",docs/research/gates/gate90/artifacts/gate90c-full-window-adr075_ma50_s3-exp010-rsi506040-stoch100-3-100-6040,docs/research/gates/gate90/GATE90C_FULL_WINDOW_ADR075_MA50_S3_EXP010_RSI506040_STOCH100_3_100_6040_2026-07-02.md,"npm run engine:gate90:grid-activation-accuracy-one-sided-selection -- --all-pairs --week-from=2019-04-14 --week-to=2026-05-31 --activation-rules=raw_both,david_contra,candidate_b,candidate_b_david_contra_confirm,candidate_b_david_contra_conflict_candidate,stoch_contra,david_stoch_confirm --bar-path-mode=ohlc_high_low --signal-clock=adr_event --signal-adr-brick=0.075 --session-mode=ny_daily_window --session-time-zone=America/New_York --session-trade-start-et=18:05 --session-trade-end-et=15:45 --session-flatten-et=16:00 --session-sunday-start-et=20:00 --target-mode=david_ma_reversion --target-adr=1 --spacing-adr=0.3 --min-ma-expansion-adr=0.10 --grid-add-mode=adverse_only --david-ma-period=50 --david-rsi-period=50 --david-rsi-overbought=60 --david-rsi-oversold=40 --stoch-k-period=100 --stoch-d-period=3 --stoch-slowing=100 --stoch-overbought=60 --stoch-oversold=40 --summary-only --artifact-dir=docs/research/gates/gate90/artifacts/gate90c-full-window-adr075_ma50_s3-exp010-rsi506040-stoch100-3-100-6040 --report-path=docs/research/gates/gate90/GATE90C_FULL_WINDOW_ADR075_MA50_S3_EXP010_RSI506040_STOCH100_3_100_6040_2026-07-02.md"
66,0.075,75,0.1,"raw_both,david_contra,candidate_b,candidate_b_david_contra_confirm,candidate_b_david_contra_conflict_candidate,stoch_contra,david_stoch_confirm",docs/research/gates/gate90/artifacts/gate90c-full-window-adr075_ma75_s1-exp010-rsi506040-stoch100-3-100-6040,docs/research/gates/gate90/GATE90C_FULL_WINDOW_ADR075_MA75_S1_EXP010_RSI506040_STOCH100_3_100_6040_2026-07-02.md,"npm run engine:gate90:grid-activation-accuracy-one-sided-selection -- --all-pairs --week-from=2019-04-14 --week-to=2026-05-31 --activation-rules=raw_both,david_contra,candidate_b,candidate_b_david_contra_confirm,candidate_b_david_contra_conflict_candidate,stoch_contra,david_stoch_confirm --bar-path-mode=ohlc_high_low --signal-clock=adr_event --signal-adr-brick=0.075 --session-mode=ny_daily_window --session-time-zone=America/New_York --session-trade-start-et=18:05 --session-trade-end-et=15:45 --session-flatten-et=16:00 --session-sunday-start-et=20:00 --target-mode=david_ma_reversion --target-adr=1 --spacing-adr=0.1 --min-ma-expansion-adr=0.10 --grid-add-mode=adverse_only --david-ma-period=75 --david-rsi-period=50 --david-rsi-overbought=60 --david-rsi-oversold=40 --stoch-k-period=100 --stoch-d-period=3 --stoch-slowing=100 --stoch-overbought=60 --stoch-oversold=40 --summary-only --artifact-dir=docs/research/gates/gate90/artifacts/gate90c-full-window-adr075_ma75_s1-exp010-rsi506040-stoch100-3-100-6040 --report-path=docs/research/gates/gate90/GATE90C_FULL_WINDOW_ADR075_MA75_S1_EXP010_RSI506040_STOCH100_3_100_6040_2026-07-02.md"
67,0.075,75,0.15,"raw_both,david_contra,candidate_b,candidate_b_david_contra_confirm,candidate_b_david_contra_conflict_candidate,stoch_contra,david_stoch_confirm",docs/research/gates/gate90/artifacts/gate90c-full-window-adr075_ma75_s15-exp010-rsi506040-stoch100-3-100-6040,docs/research/gates/gate90/GATE90C_FULL_WINDOW_ADR075_MA75_S15_EXP010_RSI506040_STOCH100_3_100_6040_2026-07-02.md,"npm run engine:gate90:grid-activation-accuracy-one-sided-selection -- --all-pairs --week-from=2019-04-14 --week-to=2026-05-31 --activation-rules=raw_both,david_contra,candidate_b,candidate_b_david_contra_confirm,candidate_b_david_contra_conflict_candidate,stoch_contra,david_stoch_confirm --bar-path-mode=ohlc_high_low --signal-clock=adr_event --signal-adr-brick=0.075 --session-mode=ny_daily_window --session-time-zone=America/New_York --session-trade-start-et=18:05 --session-trade-end-et=15:45 --session-flatten-et=16:00 --session-sunday-start-et=20:00 --target-mode=david_ma_reversion --target-adr=1 --spacing-adr=0.15 --min-ma-expansion-adr=0.10 --grid-add-mode=adverse_only --david-ma-period=75 --david-rsi-period=50 --david-rsi-overbought=60 --david-rsi-oversold=40 --stoch-k-period=100 --stoch-d-period=3 --stoch-slowing=100 --stoch-overbought=60 --stoch-oversold=40 --summary-only --artifact-dir=docs/research/gates/gate90/artifacts/gate90c-full-window-adr075_ma75_s15-exp010-rsi506040-stoch100-3-100-6040 --report-path=docs/research/gates/gate90/GATE90C_FULL_WINDOW_ADR075_MA75_S15_EXP010_RSI506040_STOCH100_3_100_6040_2026-07-02.md"
68,0.075,75,0.2,"raw_both,david_contra,candidate_b,candidate_b_david_contra_confirm,candidate_b_david_contra_conflict_candidate,stoch_contra,david_stoch_confirm",docs/research/gates/gate90/artifacts/gate90c-full-window-adr075_ma75_s2-exp010-rsi506040-stoch100-3-100-6040,docs/research/gates/gate90/GATE90C_FULL_WINDOW_ADR075_MA75_S2_EXP010_RSI506040_STOCH100_3_100_6040_2026-07-02.md,"npm run engine:gate90:grid-activation-accuracy-one-sided-selection -- --all-pairs --week-from=2019-04-14 --week-to=2026-05-31 --activation-rules=raw_both,david_contra,candidate_b,candidate_b_david_contra_confirm,candidate_b_david_contra_conflict_candidate,stoch_contra,david_stoch_confirm --bar-path-mode=ohlc_high_low --signal-clock=adr_event --signal-adr-brick=0.075 --session-mode=ny_daily_window --session-time-zone=America/New_York --session-trade-start-et=18:05 --session-trade-end-et=15:45 --session-flatten-et=16:00 --session-sunday-start-et=20:00 --target-mode=david_ma_reversion --target-adr=1 --spacing-adr=0.2 --min-ma-expansion-adr=0.10 --grid-add-mode=adverse_only --david-ma-period=75 --david-rsi-period=50 --david-rsi-overbought=60 --david-rsi-oversold=40 --stoch-k-period=100 --stoch-d-period=3 --stoch-slowing=100 --stoch-overbought=60 --stoch-oversold=40 --summary-only --artifact-dir=docs/research/gates/gate90/artifacts/gate90c-full-window-adr075_ma75_s2-exp010-rsi506040-stoch100-3-100-6040 --report-path=docs/research/gates/gate90/GATE90C_FULL_WINDOW_ADR075_MA75_S2_EXP010_RSI506040_STOCH100_3_100_6040_2026-07-02.md"
69,0.075,75,0.25,"raw_both,david_contra,candidate_b,candidate_b_david_contra_confirm,candidate_b_david_contra_conflict_candidate,stoch_contra,david_stoch_confirm",docs/research/gates/gate90/artifacts/gate90c-full-window-adr075_ma75_s25-exp010-rsi506040-stoch100-3-100-6040,docs/research/gates/gate90/GATE90C_FULL_WINDOW_ADR075_MA75_S25_EXP010_RSI506040_STOCH100_3_100_6040_2026-07-02.md,"npm run engine:gate90:grid-activation-accuracy-one-sided-selection -- --all-pairs --week-from=2019-04-14 --week-to=2026-05-31 --activation-rules=raw_both,david_contra,candidate_b,candidate_b_david_contra_confirm,candidate_b_david_contra_conflict_candidate,stoch_contra,david_stoch_confirm --bar-path-mode=ohlc_high_low --signal-clock=adr_event --signal-adr-brick=0.075 --session-mode=ny_daily_window --session-time-zone=America/New_York --session-trade-start-et=18:05 --session-trade-end-et=15:45 --session-flatten-et=16:00 --session-sunday-start-et=20:00 --target-mode=david_ma_reversion --target-adr=1 --spacing-adr=0.25 --min-ma-expansion-adr=0.10 --grid-add-mode=adverse_only --david-ma-period=75 --david-rsi-period=50 --david-rsi-overbought=60 --david-rsi-oversold=40 --stoch-k-period=100 --stoch-d-period=3 --stoch-slowing=100 --stoch-overbought=60 --stoch-oversold=40 --summary-only --artifact-dir=docs/research/gates/gate90/artifacts/gate90c-full-window-adr075_ma75_s25-exp010-rsi506040-stoch100-3-100-6040 --report-path=docs/research/gates/gate90/GATE90C_FULL_WINDOW_ADR075_MA75_S25_EXP010_RSI506040_STOCH100_3_100_6040_2026-07-02.md"
70,0.075,75,0.3,"raw_both,david_contra,candidate_b,candidate_b_david_contra_confirm,candidate_b_david_contra_conflict_candidate,stoch_contra,david_stoch_confirm",docs/research/gates/gate90/artifacts/gate90c-full-window-adr075_ma75_s3-exp010-rsi506040-stoch100-3-100-6040,docs/research/gates/gate90/GATE90C_FULL_WINDOW_ADR075_MA75_S3_EXP010_RSI506040_STOCH100_3_100_6040_2026-07-02.md,"npm run engine:gate90:grid-activation-accuracy-one-sided-selection -- --all-pairs --week-from=2019-04-14 --week-to=2026-05-31 --activation-rules=raw_both,david_contra,candidate_b,candidate_b_david_contra_confirm,candidate_b_david_contra_conflict_candidate,stoch_contra,david_stoch_confirm --bar-path-mode=ohlc_high_low --signal-clock=adr_event --signal-adr-brick=0.075 --session-mode=ny_daily_window --session-time-zone=America/New_York --session-trade-start-et=18:05 --session-trade-end-et=15:45 --session-flatten-et=16:00 --session-sunday-start-et=20:00 --target-mode=david_ma_reversion --target-adr=1 --spacing-adr=0.3 --min-ma-expansion-adr=0.10 --grid-add-mode=adverse_only --david-ma-period=75 --david-rsi-period=50 --david-rsi-overbought=60 --david-rsi-oversold=40 --stoch-k-period=100 --stoch-d-period=3 --stoch-slowing=100 --stoch-overbought=60 --stoch-oversold=40 --summary-only --artifact-dir=docs/research/gates/gate90/artifacts/gate90c-full-window-adr075_ma75_s3-exp010-rsi506040-stoch100-3-100-6040 --report-path=docs/research/gates/gate90/GATE90C_FULL_WINDOW_ADR075_MA75_S3_EXP010_RSI506040_STOCH100_3_100_6040_2026-07-02.md"
71,0.075,100,0.1,"raw_both,david_contra,candidate_b,candidate_b_david_contra_confirm,candidate_b_david_contra_conflict_candidate,stoch_contra,david_stoch_confirm",docs/research/gates/gate90/artifacts/gate90c-full-window-adr075_ma100_s1-exp010-rsi506040-stoch100-3-100-6040,docs/research/gates/gate90/GATE90C_FULL_WINDOW_ADR075_MA100_S1_EXP010_RSI506040_STOCH100_3_100_6040_2026-07-02.md,"npm run engine:gate90:grid-activation-accuracy-one-sided-selection -- --all-pairs --week-from=2019-04-14 --week-to=2026-05-31 --activation-rules=raw_both,david_contra,candidate_b,candidate_b_david_contra_confirm,candidate_b_david_contra_conflict_candidate,stoch_contra,david_stoch_confirm --bar-path-mode=ohlc_high_low --signal-clock=adr_event --signal-adr-brick=0.075 --session-mode=ny_daily_window --session-time-zone=America/New_York --session-trade-start-et=18:05 --session-trade-end-et=15:45 --session-flatten-et=16:00 --session-sunday-start-et=20:00 --target-mode=david_ma_reversion --target-adr=1 --spacing-adr=0.1 --min-ma-expansion-adr=0.10 --grid-add-mode=adverse_only --david-ma-period=100 --david-rsi-period=50 --david-rsi-overbought=60 --david-rsi-oversold=40 --stoch-k-period=100 --stoch-d-period=3 --stoch-slowing=100 --stoch-overbought=60 --stoch-oversold=40 --summary-only --artifact-dir=docs/research/gates/gate90/artifacts/gate90c-full-window-adr075_ma100_s1-exp010-rsi506040-stoch100-3-100-6040 --report-path=docs/research/gates/gate90/GATE90C_FULL_WINDOW_ADR075_MA100_S1_EXP010_RSI506040_STOCH100_3_100_6040_2026-07-02.md"
72,0.075,100,0.15,"raw_both,david_contra,candidate_b,candidate_b_david_contra_confirm,candidate_b_david_contra_conflict_candidate,stoch_contra,david_stoch_confirm",docs/research/gates/gate90/artifacts/gate90c-full-window-adr075_ma100_s15-exp010-rsi506040-stoch100-3-100-6040,docs/research/gates/gate90/GATE90C_FULL_WINDOW_ADR075_MA100_S15_EXP010_RSI506040_STOCH100_3_100_6040_2026-07-02.md,"npm run engine:gate90:grid-activation-accuracy-one-sided-selection -- --all-pairs --week-from=2019-04-14 --week-to=2026-05-31 --activation-rules=raw_both,david_contra,candidate_b,candidate_b_david_contra_confirm,candidate_b_david_contra_conflict_candidate,stoch_contra,david_stoch_confirm --bar-path-mode=ohlc_high_low --signal-clock=adr_event --signal-adr-brick=0.075 --session-mode=ny_daily_window --session-time-zone=America/New_York --session-trade-start-et=18:05 --session-trade-end-et=15:45 --session-flatten-et=16:00 --session-sunday-start-et=20:00 --target-mode=david_ma_reversion --target-adr=1 --spacing-adr=0.15 --min-ma-expansion-adr=0.10 --grid-add-mode=adverse_only --david-ma-period=100 --david-rsi-period=50 --david-rsi-overbought=60 --david-rsi-oversold=40 --stoch-k-period=100 --stoch-d-period=3 --stoch-slowing=100 --stoch-overbought=60 --stoch-oversold=40 --summary-only --artifact-dir=docs/research/gates/gate90/artifacts/gate90c-full-window-adr075_ma100_s15-exp010-rsi506040-stoch100-3-100-6040 --report-path=docs/research/gates/gate90/GATE90C_FULL_WINDOW_ADR075_MA100_S15_EXP010_RSI506040_STOCH100_3_100_6040_2026-07-02.md"
73,0.075,100,0.2,"raw_both,david_contra,candidate_b,candidate_b_david_contra_confirm,candidate_b_david_contra_conflict_candidate,stoch_contra,david_stoch_confirm",docs/research/gates/gate90/artifacts/gate90c-full-window-adr075_ma100_s2-exp010-rsi506040-stoch100-3-100-6040,docs/research/gates/gate90/GATE90C_FULL_WINDOW_ADR075_MA100_S2_EXP010_RSI506040_STOCH100_3_100_6040_2026-07-02.md,"npm run engine:gate90:grid-activation-accuracy-one-sided-selection -- --all-pairs --week-from=2019-04-14 --week-to=2026-05-31 --activation-rules=raw_both,david_contra,candidate_b,candidate_b_david_contra_confirm,candidate_b_david_contra_conflict_candidate,stoch_contra,david_stoch_confirm --bar-path-mode=ohlc_high_low --signal-clock=adr_event --signal-adr-brick=0.075 --session-mode=ny_daily_window --session-time-zone=America/New_York --session-trade-start-et=18:05 --session-trade-end-et=15:45 --session-flatten-et=16:00 --session-sunday-start-et=20:00 --target-mode=david_ma_reversion --target-adr=1 --spacing-adr=0.2 --min-ma-expansion-adr=0.10 --grid-add-mode=adverse_only --david-ma-period=100 --david-rsi-period=50 --david-rsi-overbought=60 --david-rsi-oversold=40 --stoch-k-period=100 --stoch-d-period=3 --stoch-slowing=100 --stoch-overbought=60 --stoch-oversold=40 --summary-only --artifact-dir=docs/research/gates/gate90/artifacts/gate90c-full-window-adr075_ma100_s2-exp010-rsi506040-stoch100-3-100-6040 --report-path=docs/research/gates/gate90/GATE90C_FULL_WINDOW_ADR075_MA100_S2_EXP010_RSI506040_STOCH100_3_100_6040_2026-07-02.md"
74,0.075,100,0.25,"raw_both,david_contra,candidate_b,candidate_b_david_contra_confirm,candidate_b_david_contra_conflict_candidate,stoch_contra,david_stoch_confirm",docs/research/gates/gate90/artifacts/gate90c-full-window-adr075_ma100_s25-exp010-rsi506040-stoch100-3-100-6040,docs/research/gates/gate90/GATE90C_FULL_WINDOW_ADR075_MA100_S25_EXP010_RSI506040_STOCH100_3_100_6040_2026-07-02.md,"npm run engine:gate90:grid-activation-accuracy-one-sided-selection -- --all-pairs --week-from=2019-04-14 --week-to=2026-05-31 --activation-rules=raw_both,david_contra,candidate_b,candidate_b_david_contra_confirm,candidate_b_david_contra_conflict_candidate,stoch_contra,david_stoch_confirm --bar-path-mode=ohlc_high_low --signal-clock=adr_event --signal-adr-brick=0.075 --session-mode=ny_daily_window --session-time-zone=America/New_York --session-trade-start-et=18:05 --session-trade-end-et=15:45 --session-flatten-et=16:00 --session-sunday-start-et=20:00 --target-mode=david_ma_reversion --target-adr=1 --spacing-adr=0.25 --min-ma-expansion-adr=0.10 --grid-add-mode=adverse_only --david-ma-period=100 --david-rsi-period=50 --david-rsi-overbought=60 --david-rsi-oversold=40 --stoch-k-period=100 --stoch-d-period=3 --stoch-slowing=100 --stoch-overbought=60 --stoch-oversold=40 --summary-only --artifact-dir=docs/research/gates/gate90/artifacts/gate90c-full-window-adr075_ma100_s25-exp010-rsi506040-stoch100-3-100-6040 --report-path=docs/research/gates/gate90/GATE90C_FULL_WINDOW_ADR075_MA100_S25_EXP010_RSI506040_STOCH100_3_100_6040_2026-07-02.md"
75,0.075,100,0.3,"raw_both,david_contra,candidate_b,candidate_b_david_contra_confirm,candidate_b_david_contra_conflict_candidate,stoch_contra,david_stoch_confirm",docs/research/gates/gate90/artifacts/gate90c-full-window-adr075_ma100_s3-exp010-rsi506040-stoch100-3-100-6040,docs/research/gates/gate90/GATE90C_FULL_WINDOW_ADR075_MA100_S3_EXP010_RSI506040_STOCH100_3_100_6040_2026-07-02.md,"npm run engine:gate90:grid-activation-accuracy-one-sided-selection -- --all-pairs --week-from=2019-04-14 --week-to=2026-05-31 --activation-rules=raw_both,david_contra,candidate_b,candidate_b_david_contra_confirm,candidate_b_david_contra_conflict_candidate,stoch_contra,david_stoch_confirm --bar-path-mode=ohlc_high_low --signal-clock=adr_event --signal-adr-brick=0.075 --session-mode=ny_daily_window --session-time-zone=America/New_York --session-trade-start-et=18:05 --session-trade-end-et=15:45 --session-flatten-et=16:00 --session-sunday-start-et=20:00 --target-mode=david_ma_reversion --target-adr=1 --spacing-adr=0.3 --min-ma-expansion-adr=0.10 --grid-add-mode=adverse_only --david-ma-period=100 --david-rsi-period=50 --david-rsi-overbought=60 --david-rsi-oversold=40 --stoch-k-period=100 --stoch-d-period=3 --stoch-slowing=100 --stoch-overbought=60 --stoch-oversold=40 --summary-only --artifact-dir=docs/research/gates/gate90/artifacts/gate90c-full-window-adr075_ma100_s3-exp010-rsi506040-stoch100-3-100-6040 --report-path=docs/research/gates/gate90/GATE90C_FULL_WINDOW_ADR075_MA100_S3_EXP010_RSI506040_STOCH100_3_100_6040_2026-07-02.md"
76,0.1,25,0.1,"raw_both,david_contra,candidate_b,candidate_b_david_contra_confirm,candidate_b_david_contra_conflict_candidate,stoch_contra,david_stoch_confirm",docs/research/gates/gate90/artifacts/gate90c-full-window-adr1_ma25_s1-exp010-rsi506040-stoch100-3-100-6040,docs/research/gates/gate90/GATE90C_FULL_WINDOW_ADR1_MA25_S1_EXP010_RSI506040_STOCH100_3_100_6040_2026-07-02.md,"npm run engine:gate90:grid-activation-accuracy-one-sided-selection -- --all-pairs --week-from=2019-04-14 --week-to=2026-05-31 --activation-rules=raw_both,david_contra,candidate_b,candidate_b_david_contra_confirm,candidate_b_david_contra_conflict_candidate,stoch_contra,david_stoch_confirm --bar-path-mode=ohlc_high_low --signal-clock=adr_event --signal-adr-brick=0.1 --session-mode=ny_daily_window --session-time-zone=America/New_York --session-trade-start-et=18:05 --session-trade-end-et=15:45 --session-flatten-et=16:00 --session-sunday-start-et=20:00 --target-mode=david_ma_reversion --target-adr=1 --spacing-adr=0.1 --min-ma-expansion-adr=0.10 --grid-add-mode=adverse_only --david-ma-period=25 --david-rsi-period=50 --david-rsi-overbought=60 --david-rsi-oversold=40 --stoch-k-period=100 --stoch-d-period=3 --stoch-slowing=100 --stoch-overbought=60 --stoch-oversold=40 --summary-only --artifact-dir=docs/research/gates/gate90/artifacts/gate90c-full-window-adr1_ma25_s1-exp010-rsi506040-stoch100-3-100-6040 --report-path=docs/research/gates/gate90/GATE90C_FULL_WINDOW_ADR1_MA25_S1_EXP010_RSI506040_STOCH100_3_100_6040_2026-07-02.md"
77,0.1,25,0.15,"raw_both,david_contra,candidate_b,candidate_b_david_contra_confirm,candidate_b_david_contra_conflict_candidate,stoch_contra,david_stoch_confirm",docs/research/gates/gate90/artifacts/gate90c-full-window-adr1_ma25_s15-exp010-rsi506040-stoch100-3-100-6040,docs/research/gates/gate90/GATE90C_FULL_WINDOW_ADR1_MA25_S15_EXP010_RSI506040_STOCH100_3_100_6040_2026-07-02.md,"npm run engine:gate90:grid-activation-accuracy-one-sided-selection -- --all-pairs --week-from=2019-04-14 --week-to=2026-05-31 --activation-rules=raw_both,david_contra,candidate_b,candidate_b_david_contra_confirm,candidate_b_david_contra_conflict_candidate,stoch_contra,david_stoch_confirm --bar-path-mode=ohlc_high_low --signal-clock=adr_event --signal-adr-brick=0.1 --session-mode=ny_daily_window --session-time-zone=America/New_York --session-trade-start-et=18:05 --session-trade-end-et=15:45 --session-flatten-et=16:00 --session-sunday-start-et=20:00 --target-mode=david_ma_reversion --target-adr=1 --spacing-adr=0.15 --min-ma-expansion-adr=0.10 --grid-add-mode=adverse_only --david-ma-period=25 --david-rsi-period=50 --david-rsi-overbought=60 --david-rsi-oversold=40 --stoch-k-period=100 --stoch-d-period=3 --stoch-slowing=100 --stoch-overbought=60 --stoch-oversold=40 --summary-only --artifact-dir=docs/research/gates/gate90/artifacts/gate90c-full-window-adr1_ma25_s15-exp010-rsi506040-stoch100-3-100-6040 --report-path=docs/research/gates/gate90/GATE90C_FULL_WINDOW_ADR1_MA25_S15_EXP010_RSI506040_STOCH100_3_100_6040_2026-07-02.md"
78,0.1,25,0.2,"raw_both,david_contra,candidate_b,candidate_b_david_contra_confirm,candidate_b_david_contra_conflict_candidate,stoch_contra,david_stoch_confirm",docs/research/gates/gate90/artifacts/gate90c-full-window-adr1_ma25_s2-exp010-rsi506040-stoch100-3-100-6040,docs/research/gates/gate90/GATE90C_FULL_WINDOW_ADR1_MA25_S2_EXP010_RSI506040_STOCH100_3_100_6040_2026-07-02.md,"npm run engine:gate90:grid-activation-accuracy-one-sided-selection -- --all-pairs --week-from=2019-04-14 --week-to=2026-05-31 --activation-rules=raw_both,david_contra,candidate_b,candidate_b_david_contra_confirm,candidate_b_david_contra_conflict_candidate,stoch_contra,david_stoch_confirm --bar-path-mode=ohlc_high_low --signal-clock=adr_event --signal-adr-brick=0.1 --session-mode=ny_daily_window --session-time-zone=America/New_York --session-trade-start-et=18:05 --session-trade-end-et=15:45 --session-flatten-et=16:00 --session-sunday-start-et=20:00 --target-mode=david_ma_reversion --target-adr=1 --spacing-adr=0.2 --min-ma-expansion-adr=0.10 --grid-add-mode=adverse_only --david-ma-period=25 --david-rsi-period=50 --david-rsi-overbought=60 --david-rsi-oversold=40 --stoch-k-period=100 --stoch-d-period=3 --stoch-slowing=100 --stoch-overbought=60 --stoch-oversold=40 --summary-only --artifact-dir=docs/research/gates/gate90/artifacts/gate90c-full-window-adr1_ma25_s2-exp010-rsi506040-stoch100-3-100-6040 --report-path=docs/research/gates/gate90/GATE90C_FULL_WINDOW_ADR1_MA25_S2_EXP010_RSI506040_STOCH100_3_100_6040_2026-07-02.md"
79,0.1,25,0.25,"raw_both,david_contra,candidate_b,candidate_b_david_contra_confirm,candidate_b_david_contra_conflict_candidate,stoch_contra,david_stoch_confirm",docs/research/gates/gate90/artifacts/gate90c-full-window-adr1_ma25_s25-exp010-rsi506040-stoch100-3-100-6040,docs/research/gates/gate90/GATE90C_FULL_WINDOW_ADR1_MA25_S25_EXP010_RSI506040_STOCH100_3_100_6040_2026-07-02.md,"npm run engine:gate90:grid-activation-accuracy-one-sided-selection -- --all-pairs --week-from=2019-04-14 --week-to=2026-05-31 --activation-rules=raw_both,david_contra,candidate_b,candidate_b_david_contra_confirm,candidate_b_david_contra_conflict_candidate,stoch_contra,david_stoch_confirm --bar-path-mode=ohlc_high_low --signal-clock=adr_event --signal-adr-brick=0.1 --session-mode=ny_daily_window --session-time-zone=America/New_York --session-trade-start-et=18:05 --session-trade-end-et=15:45 --session-flatten-et=16:00 --session-sunday-start-et=20:00 --target-mode=david_ma_reversion --target-adr=1 --spacing-adr=0.25 --min-ma-expansion-adr=0.10 --grid-add-mode=adverse_only --david-ma-period=25 --david-rsi-period=50 --david-rsi-overbought=60 --david-rsi-oversold=40 --stoch-k-period=100 --stoch-d-period=3 --stoch-slowing=100 --stoch-overbought=60 --stoch-oversold=40 --summary-only --artifact-dir=docs/research/gates/gate90/artifacts/gate90c-full-window-adr1_ma25_s25-exp010-rsi506040-stoch100-3-100-6040 --report-path=docs/research/gates/gate90/GATE90C_FULL_WINDOW_ADR1_MA25_S25_EXP010_RSI506040_STOCH100_3_100_6040_2026-07-02.md"
80,0.1,25,0.3,"raw_both,david_contra,candidate_b,candidate_b_david_contra_confirm,candidate_b_david_contra_conflict_candidate,stoch_contra,david_stoch_confirm",docs/research/gates/gate90/artifacts/gate90c-full-window-adr1_ma25_s3-exp010-rsi506040-stoch100-3-100-6040,docs/research/gates/gate90/GATE90C_FULL_WINDOW_ADR1_MA25_S3_EXP010_RSI506040_STOCH100_3_100_6040_2026-07-02.md,"npm run engine:gate90:grid-activation-accuracy-one-sided-selection -- --all-pairs --week-from=2019-04-14 --week-to=2026-05-31 --activation-rules=raw_both,david_contra,candidate_b,candidate_b_david_contra_confirm,candidate_b_david_contra_conflict_candidate,stoch_contra,david_stoch_confirm --bar-path-mode=ohlc_high_low --signal-clock=adr_event --signal-adr-brick=0.1 --session-mode=ny_daily_window --session-time-zone=America/New_York --session-trade-start-et=18:05 --session-trade-end-et=15:45 --session-flatten-et=16:00 --session-sunday-start-et=20:00 --target-mode=david_ma_reversion --target-adr=1 --spacing-adr=0.3 --min-ma-expansion-adr=0.10 --grid-add-mode=adverse_only --david-ma-period=25 --david-rsi-period=50 --david-rsi-overbought=60 --david-rsi-oversold=40 --stoch-k-period=100 --stoch-d-period=3 --stoch-slowing=100 --stoch-overbought=60 --stoch-oversold=40 --summary-only --artifact-dir=docs/research/gates/gate90/artifacts/gate90c-full-window-adr1_ma25_s3-exp010-rsi506040-stoch100-3-100-6040 --report-path=docs/research/gates/gate90/GATE90C_FULL_WINDOW_ADR1_MA25_S3_EXP010_RSI506040_STOCH100_3_100_6040_2026-07-02.md"
81,0.1,35,0.1,"raw_both,david_contra,candidate_b,candidate_b_david_contra_confirm,candidate_b_david_contra_conflict_candidate,stoch_contra,david_stoch_confirm",docs/research/gates/gate90/artifacts/gate90c-full-window-adr1_ma35_s1-exp010-rsi506040-stoch100-3-100-6040,docs/research/gates/gate90/GATE90C_FULL_WINDOW_ADR1_MA35_S1_EXP010_RSI506040_STOCH100_3_100_6040_2026-07-02.md,"npm run engine:gate90:grid-activation-accuracy-one-sided-selection -- --all-pairs --week-from=2019-04-14 --week-to=2026-05-31 --activation-rules=raw_both,david_contra,candidate_b,candidate_b_david_contra_confirm,candidate_b_david_contra_conflict_candidate,stoch_contra,david_stoch_confirm --bar-path-mode=ohlc_high_low --signal-clock=adr_event --signal-adr-brick=0.1 --session-mode=ny_daily_window --session-time-zone=America/New_York --session-trade-start-et=18:05 --session-trade-end-et=15:45 --session-flatten-et=16:00 --session-sunday-start-et=20:00 --target-mode=david_ma_reversion --target-adr=1 --spacing-adr=0.1 --min-ma-expansion-adr=0.10 --grid-add-mode=adverse_only --david-ma-period=35 --david-rsi-period=50 --david-rsi-overbought=60 --david-rsi-oversold=40 --stoch-k-period=100 --stoch-d-period=3 --stoch-slowing=100 --stoch-overbought=60 --stoch-oversold=40 --summary-only --artifact-dir=docs/research/gates/gate90/artifacts/gate90c-full-window-adr1_ma35_s1-exp010-rsi506040-stoch100-3-100-6040 --report-path=docs/research/gates/gate90/GATE90C_FULL_WINDOW_ADR1_MA35_S1_EXP010_RSI506040_STOCH100_3_100_6040_2026-07-02.md"
82,0.1,35,0.15,"raw_both,david_contra,candidate_b,candidate_b_david_contra_confirm,candidate_b_david_contra_conflict_candidate,stoch_contra,david_stoch_confirm",docs/research/gates/gate90/artifacts/gate90c-full-window-adr1_ma35_s15-exp010-rsi506040-stoch100-3-100-6040,docs/research/gates/gate90/GATE90C_FULL_WINDOW_ADR1_MA35_S15_EXP010_RSI506040_STOCH100_3_100_6040_2026-07-02.md,"npm run engine:gate90:grid-activation-accuracy-one-sided-selection -- --all-pairs --week-from=2019-04-14 --week-to=2026-05-31 --activation-rules=raw_both,david_contra,candidate_b,candidate_b_david_contra_confirm,candidate_b_david_contra_conflict_candidate,stoch_contra,david_stoch_confirm --bar-path-mode=ohlc_high_low --signal-clock=adr_event --signal-adr-brick=0.1 --session-mode=ny_daily_window --session-time-zone=America/New_York --session-trade-start-et=18:05 --session-trade-end-et=15:45 --session-flatten-et=16:00 --session-sunday-start-et=20:00 --target-mode=david_ma_reversion --target-adr=1 --spacing-adr=0.15 --min-ma-expansion-adr=0.10 --grid-add-mode=adverse_only --david-ma-period=35 --david-rsi-period=50 --david-rsi-overbought=60 --david-rsi-oversold=40 --stoch-k-period=100 --stoch-d-period=3 --stoch-slowing=100 --stoch-overbought=60 --stoch-oversold=40 --summary-only --artifact-dir=docs/research/gates/gate90/artifacts/gate90c-full-window-adr1_ma35_s15-exp010-rsi506040-stoch100-3-100-6040 --report-path=docs/research/gates/gate90/GATE90C_FULL_WINDOW_ADR1_MA35_S15_EXP010_RSI506040_STOCH100_3_100_6040_2026-07-02.md"
83,0.1,35,0.2,"raw_both,david_contra,candidate_b,candidate_b_david_contra_confirm,candidate_b_david_contra_conflict_candidate,stoch_contra,david_stoch_confirm",docs/research/gates/gate90/artifacts/gate90c-full-window-adr1_ma35_s2-exp010-rsi506040-stoch100-3-100-6040,docs/research/gates/gate90/GATE90C_FULL_WINDOW_ADR1_MA35_S2_EXP010_RSI506040_STOCH100_3_100_6040_2026-07-02.md,"npm run engine:gate90:grid-activation-accuracy-one-sided-selection -- --all-pairs --week-from=2019-04-14 --week-to=2026-05-31 --activation-rules=raw_both,david_contra,candidate_b,candidate_b_david_contra_confirm,candidate_b_david_contra_conflict_candidate,stoch_contra,david_stoch_confirm --bar-path-mode=ohlc_high_low --signal-clock=adr_event --signal-adr-brick=0.1 --session-mode=ny_daily_window --session-time-zone=America/New_York --session-trade-start-et=18:05 --session-trade-end-et=15:45 --session-flatten-et=16:00 --session-sunday-start-et=20:00 --target-mode=david_ma_reversion --target-adr=1 --spacing-adr=0.2 --min-ma-expansion-adr=0.10 --grid-add-mode=adverse_only --david-ma-period=35 --david-rsi-period=50 --david-rsi-overbought=60 --david-rsi-oversold=40 --stoch-k-period=100 --stoch-d-period=3 --stoch-slowing=100 --stoch-overbought=60 --stoch-oversold=40 --summary-only --artifact-dir=docs/research/gates/gate90/artifacts/gate90c-full-window-adr1_ma35_s2-exp010-rsi506040-stoch100-3-100-6040 --report-path=docs/research/gates/gate90/GATE90C_FULL_WINDOW_ADR1_MA35_S2_EXP010_RSI506040_STOCH100_3_100_6040_2026-07-02.md"
84,0.1,35,0.25,"raw_both,david_contra,candidate_b,candidate_b_david_contra_confirm,candidate_b_david_contra_conflict_candidate,stoch_contra,david_stoch_confirm",docs/research/gates/gate90/artifacts/gate90c-full-window-adr1_ma35_s25-exp010-rsi506040-stoch100-3-100-6040,docs/research/gates/gate90/GATE90C_FULL_WINDOW_ADR1_MA35_S25_EXP010_RSI506040_STOCH100_3_100_6040_2026-07-02.md,"npm run engine:gate90:grid-activation-accuracy-one-sided-selection -- --all-pairs --week-from=2019-04-14 --week-to=2026-05-31 --activation-rules=raw_both,david_contra,candidate_b,candidate_b_david_contra_confirm,candidate_b_david_contra_conflict_candidate,stoch_contra,david_stoch_confirm --bar-path-mode=ohlc_high_low --signal-clock=adr_event --signal-adr-brick=0.1 --session-mode=ny_daily_window --session-time-zone=America/New_York --session-trade-start-et=18:05 --session-trade-end-et=15:45 --session-flatten-et=16:00 --session-sunday-start-et=20:00 --target-mode=david_ma_reversion --target-adr=1 --spacing-adr=0.25 --min-ma-expansion-adr=0.10 --grid-add-mode=adverse_only --david-ma-period=35 --david-rsi-period=50 --david-rsi-overbought=60 --david-rsi-oversold=40 --stoch-k-period=100 --stoch-d-period=3 --stoch-slowing=100 --stoch-overbought=60 --stoch-oversold=40 --summary-only --artifact-dir=docs/research/gates/gate90/artifacts/gate90c-full-window-adr1_ma35_s25-exp010-rsi506040-stoch100-3-100-6040 --report-path=docs/research/gates/gate90/GATE90C_FULL_WINDOW_ADR1_MA35_S25_EXP010_RSI506040_STOCH100_3_100_6040_2026-07-02.md"
85,0.1,35,0.3,"raw_both,david_contra,candidate_b,candidate_b_david_contra_confirm,candidate_b_david_contra_conflict_candidate,stoch_contra,david_stoch_confirm",docs/research/gates/gate90/artifacts/gate90c-full-window-adr1_ma35_s3-exp010-rsi506040-stoch100-3-100-6040,docs/research/gates/gate90/GATE90C_FULL_WINDOW_ADR1_MA35_S3_EXP010_RSI506040_STOCH100_3_100_6040_2026-07-02.md,"npm run engine:gate90:grid-activation-accuracy-one-sided-selection -- --all-pairs --week-from=2019-04-14 --week-to=2026-05-31 --activation-rules=raw_both,david_contra,candidate_b,candidate_b_david_contra_confirm,candidate_b_david_contra_conflict_candidate,stoch_contra,david_stoch_confirm --bar-path-mode=ohlc_high_low --signal-clock=adr_event --signal-adr-brick=0.1 --session-mode=ny_daily_window --session-time-zone=America/New_York --session-trade-start-et=18:05 --session-trade-end-et=15:45 --session-flatten-et=16:00 --session-sunday-start-et=20:00 --target-mode=david_ma_reversion --target-adr=1 --spacing-adr=0.3 --min-ma-expansion-adr=0.10 --grid-add-mode=adverse_only --david-ma-period=35 --david-rsi-period=50 --david-rsi-overbought=60 --david-rsi-oversold=40 --stoch-k-period=100 --stoch-d-period=3 --stoch-slowing=100 --stoch-overbought=60 --stoch-oversold=40 --summary-only --artifact-dir=docs/research/gates/gate90/artifacts/gate90c-full-window-adr1_ma35_s3-exp010-rsi506040-stoch100-3-100-6040 --report-path=docs/research/gates/gate90/GATE90C_FULL_WINDOW_ADR1_MA35_S3_EXP010_RSI506040_STOCH100_3_100_6040_2026-07-02.md"
86,0.1,50,0.1,"raw_both,david_contra,candidate_b,candidate_b_david_contra_confirm,candidate_b_david_contra_conflict_candidate,stoch_contra,david_stoch_confirm",docs/research/gates/gate90/artifacts/gate90c-full-window-adr1_ma50_s1-exp010-rsi506040-stoch100-3-100-6040,docs/research/gates/gate90/GATE90C_FULL_WINDOW_ADR1_MA50_S1_EXP010_RSI506040_STOCH100_3_100_6040_2026-07-02.md,"npm run engine:gate90:grid-activation-accuracy-one-sided-selection -- --all-pairs --week-from=2019-04-14 --week-to=2026-05-31 --activation-rules=raw_both,david_contra,candidate_b,candidate_b_david_contra_confirm,candidate_b_david_contra_conflict_candidate,stoch_contra,david_stoch_confirm --bar-path-mode=ohlc_high_low --signal-clock=adr_event --signal-adr-brick=0.1 --session-mode=ny_daily_window --session-time-zone=America/New_York --session-trade-start-et=18:05 --session-trade-end-et=15:45 --session-flatten-et=16:00 --session-sunday-start-et=20:00 --target-mode=david_ma_reversion --target-adr=1 --spacing-adr=0.1 --min-ma-expansion-adr=0.10 --grid-add-mode=adverse_only --david-ma-period=50 --david-rsi-period=50 --david-rsi-overbought=60 --david-rsi-oversold=40 --stoch-k-period=100 --stoch-d-period=3 --stoch-slowing=100 --stoch-overbought=60 --stoch-oversold=40 --summary-only --artifact-dir=docs/research/gates/gate90/artifacts/gate90c-full-window-adr1_ma50_s1-exp010-rsi506040-stoch100-3-100-6040 --report-path=docs/research/gates/gate90/GATE90C_FULL_WINDOW_ADR1_MA50_S1_EXP010_RSI506040_STOCH100_3_100_6040_2026-07-02.md"
87,0.1,50,0.15,"raw_both,david_contra,candidate_b,candidate_b_david_contra_confirm,candidate_b_david_contra_conflict_candidate,stoch_contra,david_stoch_confirm",docs/research/gates/gate90/artifacts/gate90c-full-window-adr1_ma50_s15-exp010-rsi506040-stoch100-3-100-6040,docs/research/gates/gate90/GATE90C_FULL_WINDOW_ADR1_MA50_S15_EXP010_RSI506040_STOCH100_3_100_6040_2026-07-02.md,"npm run engine:gate90:grid-activation-accuracy-one-sided-selection -- --all-pairs --week-from=2019-04-14 --week-to=2026-05-31 --activation-rules=raw_both,david_contra,candidate_b,candidate_b_david_contra_confirm,candidate_b_david_contra_conflict_candidate,stoch_contra,david_stoch_confirm --bar-path-mode=ohlc_high_low --signal-clock=adr_event --signal-adr-brick=0.1 --session-mode=ny_daily_window --session-time-zone=America/New_York --session-trade-start-et=18:05 --session-trade-end-et=15:45 --session-flatten-et=16:00 --session-sunday-start-et=20:00 --target-mode=david_ma_reversion --target-adr=1 --spacing-adr=0.15 --min-ma-expansion-adr=0.10 --grid-add-mode=adverse_only --david-ma-period=50 --david-rsi-period=50 --david-rsi-overbought=60 --david-rsi-oversold=40 --stoch-k-period=100 --stoch-d-period=3 --stoch-slowing=100 --stoch-overbought=60 --stoch-oversold=40 --summary-only --artifact-dir=docs/research/gates/gate90/artifacts/gate90c-full-window-adr1_ma50_s15-exp010-rsi506040-stoch100-3-100-6040 --report-path=docs/research/gates/gate90/GATE90C_FULL_WINDOW_ADR1_MA50_S15_EXP010_RSI506040_STOCH100_3_100_6040_2026-07-02.md"
88,0.1,50,0.2,"raw_both,david_contra,candidate_b,candidate_b_david_contra_confirm,candidate_b_david_contra_conflict_candidate,stoch_contra,david_stoch_confirm",docs/research/gates/gate90/artifacts/gate90c-full-window-adr1_ma50_s2-exp010-rsi506040-stoch100-3-100-6040,docs/research/gates/gate90/GATE90C_FULL_WINDOW_ADR1_MA50_S2_EXP010_RSI506040_STOCH100_3_100_6040_2026-07-02.md,"npm run engine:gate90:grid-activation-accuracy-one-sided-selection -- --all-pairs --week-from=2019-04-14 --week-to=2026-05-31 --activation-rules=raw_both,david_contra,candidate_b,candidate_b_david_contra_confirm,candidate_b_david_contra_conflict_candidate,stoch_contra,david_stoch_confirm --bar-path-mode=ohlc_high_low --signal-clock=adr_event --signal-adr-brick=0.1 --session-mode=ny_daily_window --session-time-zone=America/New_York --session-trade-start-et=18:05 --session-trade-end-et=15:45 --session-flatten-et=16:00 --session-sunday-start-et=20:00 --target-mode=david_ma_reversion --target-adr=1 --spacing-adr=0.2 --min-ma-expansion-adr=0.10 --grid-add-mode=adverse_only --david-ma-period=50 --david-rsi-period=50 --david-rsi-overbought=60 --david-rsi-oversold=40 --stoch-k-period=100 --stoch-d-period=3 --stoch-slowing=100 --stoch-overbought=60 --stoch-oversold=40 --summary-only --artifact-dir=docs/research/gates/gate90/artifacts/gate90c-full-window-adr1_ma50_s2-exp010-rsi506040-stoch100-3-100-6040 --report-path=docs/research/gates/gate90/GATE90C_FULL_WINDOW_ADR1_MA50_S2_EXP010_RSI506040_STOCH100_3_100_6040_2026-07-02.md"
89,0.1,50,0.25,"raw_both,david_contra,candidate_b,candidate_b_david_contra_confirm,candidate_b_david_contra_conflict_candidate,stoch_contra,david_stoch_confirm",docs/research/gates/gate90/artifacts/gate90c-full-window-adr1_ma50_s25-exp010-rsi506040-stoch100-3-100-6040,docs/research/gates/gate90/GATE90C_FULL_WINDOW_ADR1_MA50_S25_EXP010_RSI506040_STOCH100_3_100_6040_2026-07-02.md,"npm run engine:gate90:grid-activation-accuracy-one-sided-selection -- --all-pairs --week-from=2019-04-14 --week-to=2026-05-31 --activation-rules=raw_both,david_contra,candidate_b,candidate_b_david_contra_confirm,candidate_b_david_contra_conflict_candidate,stoch_contra,david_stoch_confirm --bar-path-mode=ohlc_high_low --signal-clock=adr_event --signal-adr-brick=0.1 --session-mode=ny_daily_window --session-time-zone=America/New_York --session-trade-start-et=18:05 --session-trade-end-et=15:45 --session-flatten-et=16:00 --session-sunday-start-et=20:00 --target-mode=david_ma_reversion --target-adr=1 --spacing-adr=0.25 --min-ma-expansion-adr=0.10 --grid-add-mode=adverse_only --david-ma-period=50 --david-rsi-period=50 --david-rsi-overbought=60 --david-rsi-oversold=40 --stoch-k-period=100 --stoch-d-period=3 --stoch-slowing=100 --stoch-overbought=60 --stoch-oversold=40 --summary-only --artifact-dir=docs/research/gates/gate90/artifacts/gate90c-full-window-adr1_ma50_s25-exp010-rsi506040-stoch100-3-100-6040 --report-path=docs/research/gates/gate90/GATE90C_FULL_WINDOW_ADR1_MA50_S25_EXP010_RSI506040_STOCH100_3_100_6040_2026-07-02.md"
90,0.1,50,0.3,"raw_both,david_contra,candidate_b,candidate_b_david_contra_confirm,candidate_b_david_contra_conflict_candidate,stoch_contra,david_stoch_confirm",docs/research/gates/gate90/artifacts/gate90c-full-window-adr1_ma50_s3-exp010-rsi506040-stoch100-3-100-6040,docs/research/gates/gate90/GATE90C_FULL_WINDOW_ADR1_MA50_S3_EXP010_RSI506040_STOCH100_3_100_6040_2026-07-02.md,"npm run engine:gate90:grid-activation-accuracy-one-sided-selection -- --all-pairs --week-from=2019-04-14 --week-to=2026-05-31 --activation-rules=raw_both,david_contra,candidate_b,candidate_b_david_contra_confirm,candidate_b_david_contra_conflict_candidate,stoch_contra,david_stoch_confirm --bar-path-mode=ohlc_high_low --signal-clock=adr_event --signal-adr-brick=0.1 --session-mode=ny_daily_window --session-time-zone=America/New_York --session-trade-start-et=18:05 --session-trade-end-et=15:45 --session-flatten-et=16:00 --session-sunday-start-et=20:00 --target-mode=david_ma_reversion --target-adr=1 --spacing-adr=0.3 --min-ma-expansion-adr=0.10 --grid-add-mode=adverse_only --david-ma-period=50 --david-rsi-period=50 --david-rsi-overbought=60 --david-rsi-oversold=40 --stoch-k-period=100 --stoch-d-period=3 --stoch-slowing=100 --stoch-overbought=60 --stoch-oversold=40 --summary-only --artifact-dir=docs/research/gates/gate90/artifacts/gate90c-full-window-adr1_ma50_s3-exp010-rsi506040-stoch100-3-100-6040 --report-path=docs/research/gates/gate90/GATE90C_FULL_WINDOW_ADR1_MA50_S3_EXP010_RSI506040_STOCH100_3_100_6040_2026-07-02.md"
91,0.1,75,0.1,"raw_both,david_contra,candidate_b,candidate_b_david_contra_confirm,candidate_b_david_contra_conflict_candidate,stoch_contra,david_stoch_confirm",docs/research/gates/gate90/artifacts/gate90c-full-window-adr1_ma75_s1-exp010-rsi506040-stoch100-3-100-6040,docs/research/gates/gate90/GATE90C_FULL_WINDOW_ADR1_MA75_S1_EXP010_RSI506040_STOCH100_3_100_6040_2026-07-02.md,"npm run engine:gate90:grid-activation-accuracy-one-sided-selection -- --all-pairs --week-from=2019-04-14 --week-to=2026-05-31 --activation-rules=raw_both,david_contra,candidate_b,candidate_b_david_contra_confirm,candidate_b_david_contra_conflict_candidate,stoch_contra,david_stoch_confirm --bar-path-mode=ohlc_high_low --signal-clock=adr_event --signal-adr-brick=0.1 --session-mode=ny_daily_window --session-time-zone=America/New_York --session-trade-start-et=18:05 --session-trade-end-et=15:45 --session-flatten-et=16:00 --session-sunday-start-et=20:00 --target-mode=david_ma_reversion --target-adr=1 --spacing-adr=0.1 --min-ma-expansion-adr=0.10 --grid-add-mode=adverse_only --david-ma-period=75 --david-rsi-period=50 --david-rsi-overbought=60 --david-rsi-oversold=40 --stoch-k-period=100 --stoch-d-period=3 --stoch-slowing=100 --stoch-overbought=60 --stoch-oversold=40 --summary-only --artifact-dir=docs/research/gates/gate90/artifacts/gate90c-full-window-adr1_ma75_s1-exp010-rsi506040-stoch100-3-100-6040 --report-path=docs/research/gates/gate90/GATE90C_FULL_WINDOW_ADR1_MA75_S1_EXP010_RSI506040_STOCH100_3_100_6040_2026-07-02.md"
92,0.1,75,0.15,"raw_both,david_contra,candidate_b,candidate_b_david_contra_confirm,candidate_b_david_contra_conflict_candidate,stoch_contra,david_stoch_confirm",docs/research/gates/gate90/artifacts/gate90c-full-window-adr1_ma75_s15-exp010-rsi506040-stoch100-3-100-6040,docs/research/gates/gate90/GATE90C_FULL_WINDOW_ADR1_MA75_S15_EXP010_RSI506040_STOCH100_3_100_6040_2026-07-02.md,"npm run engine:gate90:grid-activation-accuracy-one-sided-selection -- --all-pairs --week-from=2019-04-14 --week-to=2026-05-31 --activation-rules=raw_both,david_contra,candidate_b,candidate_b_david_contra_confirm,candidate_b_david_contra_conflict_candidate,stoch_contra,david_stoch_confirm --bar-path-mode=ohlc_high_low --signal-clock=adr_event --signal-adr-brick=0.1 --session-mode=ny_daily_window --session-time-zone=America/New_York --session-trade-start-et=18:05 --session-trade-end-et=15:45 --session-flatten-et=16:00 --session-sunday-start-et=20:00 --target-mode=david_ma_reversion --target-adr=1 --spacing-adr=0.15 --min-ma-expansion-adr=0.10 --grid-add-mode=adverse_only --david-ma-period=75 --david-rsi-period=50 --david-rsi-overbought=60 --david-rsi-oversold=40 --stoch-k-period=100 --stoch-d-period=3 --stoch-slowing=100 --stoch-overbought=60 --stoch-oversold=40 --summary-only --artifact-dir=docs/research/gates/gate90/artifacts/gate90c-full-window-adr1_ma75_s15-exp010-rsi506040-stoch100-3-100-6040 --report-path=docs/research/gates/gate90/GATE90C_FULL_WINDOW_ADR1_MA75_S15_EXP010_RSI506040_STOCH100_3_100_6040_2026-07-02.md"
93,0.1,75,0.2,"raw_both,david_contra,candidate_b,candidate_b_david_contra_confirm,candidate_b_david_contra_conflict_candidate,stoch_contra,david_stoch_confirm",docs/research/gates/gate90/artifacts/gate90c-full-window-adr1_ma75_s2-exp010-rsi506040-stoch100-3-100-6040,docs/research/gates/gate90/GATE90C_FULL_WINDOW_ADR1_MA75_S2_EXP010_RSI506040_STOCH100_3_100_6040_2026-07-02.md,"npm run engine:gate90:grid-activation-accuracy-one-sided-selection -- --all-pairs --week-from=2019-04-14 --week-to=2026-05-31 --activation-rules=raw_both,david_contra,candidate_b,candidate_b_david_contra_confirm,candidate_b_david_contra_conflict_candidate,stoch_contra,david_stoch_confirm --bar-path-mode=ohlc_high_low --signal-clock=adr_event --signal-adr-brick=0.1 --session-mode=ny_daily_window --session-time-zone=America/New_York --session-trade-start-et=18:05 --session-trade-end-et=15:45 --session-flatten-et=16:00 --session-sunday-start-et=20:00 --target-mode=david_ma_reversion --target-adr=1 --spacing-adr=0.2 --min-ma-expansion-adr=0.10 --grid-add-mode=adverse_only --david-ma-period=75 --david-rsi-period=50 --david-rsi-overbought=60 --david-rsi-oversold=40 --stoch-k-period=100 --stoch-d-period=3 --stoch-slowing=100 --stoch-overbought=60 --stoch-oversold=40 --summary-only --artifact-dir=docs/research/gates/gate90/artifacts/gate90c-full-window-adr1_ma75_s2-exp010-rsi506040-stoch100-3-100-6040 --report-path=docs/research/gates/gate90/GATE90C_FULL_WINDOW_ADR1_MA75_S2_EXP010_RSI506040_STOCH100_3_100_6040_2026-07-02.md"
94,0.1,75,0.25,"raw_both,david_contra,candidate_b,candidate_b_david_contra_confirm,candidate_b_david_contra_conflict_candidate,stoch_contra,david_stoch_confirm",docs/research/gates/gate90/artifacts/gate90c-full-window-adr1_ma75_s25-exp010-rsi506040-stoch100-3-100-6040,docs/research/gates/gate90/GATE90C_FULL_WINDOW_ADR1_MA75_S25_EXP010_RSI506040_STOCH100_3_100_6040_2026-07-02.md,"npm run engine:gate90:grid-activation-accuracy-one-sided-selection -- --all-pairs --week-from=2019-04-14 --week-to=2026-05-31 --activation-rules=raw_both,david_contra,candidate_b,candidate_b_david_contra_confirm,candidate_b_david_contra_conflict_candidate,stoch_contra,david_stoch_confirm --bar-path-mode=ohlc_high_low --signal-clock=adr_event --signal-adr-brick=0.1 --session-mode=ny_daily_window --session-time-zone=America/New_York --session-trade-start-et=18:05 --session-trade-end-et=15:45 --session-flatten-et=16:00 --session-sunday-start-et=20:00 --target-mode=david_ma_reversion --target-adr=1 --spacing-adr=0.25 --min-ma-expansion-adr=0.10 --grid-add-mode=adverse_only --david-ma-period=75 --david-rsi-period=50 --david-rsi-overbought=60 --david-rsi-oversold=40 --stoch-k-period=100 --stoch-d-period=3 --stoch-slowing=100 --stoch-overbought=60 --stoch-oversold=40 --summary-only --artifact-dir=docs/research/gates/gate90/artifacts/gate90c-full-window-adr1_ma75_s25-exp010-rsi506040-stoch100-3-100-6040 --report-path=docs/research/gates/gate90/GATE90C_FULL_WINDOW_ADR1_MA75_S25_EXP010_RSI506040_STOCH100_3_100_6040_2026-07-02.md"
95,0.1,75,0.3,"raw_both,david_contra,candidate_b,candidate_b_david_contra_confirm,candidate_b_david_contra_conflict_candidate,stoch_contra,david_stoch_confirm",docs/research/gates/gate90/artifacts/gate90c-full-window-adr1_ma75_s3-exp010-rsi506040-stoch100-3-100-6040,docs/research/gates/gate90/GATE90C_FULL_WINDOW_ADR1_MA75_S3_EXP010_RSI506040_STOCH100_3_100_6040_2026-07-02.md,"npm run engine:gate90:grid-activation-accuracy-one-sided-selection -- --all-pairs --week-from=2019-04-14 --week-to=2026-05-31 --activation-rules=raw_both,david_contra,candidate_b,candidate_b_david_contra_confirm,candidate_b_david_contra_conflict_candidate,stoch_contra,david_stoch_confirm --bar-path-mode=ohlc_high_low --signal-clock=adr_event --signal-adr-brick=0.1 --session-mode=ny_daily_window --session-time-zone=America/New_York --session-trade-start-et=18:05 --session-trade-end-et=15:45 --session-flatten-et=16:00 --session-sunday-start-et=20:00 --target-mode=david_ma_reversion --target-adr=1 --spacing-adr=0.3 --min-ma-expansion-adr=0.10 --grid-add-mode=adverse_only --david-ma-period=75 --david-rsi-period=50 --david-rsi-overbought=60 --david-rsi-oversold=40 --stoch-k-period=100 --stoch-d-period=3 --stoch-slowing=100 --stoch-overbought=60 --stoch-oversold=40 --summary-only --artifact-dir=docs/research/gates/gate90/artifacts/gate90c-full-window-adr1_ma75_s3-exp010-rsi506040-stoch100-3-100-6040 --report-path=docs/research/gates/gate90/GATE90C_FULL_WINDOW_ADR1_MA75_S3_EXP010_RSI506040_STOCH100_3_100_6040_2026-07-02.md"
96,0.1,100,0.1,"raw_both,david_contra,candidate_b,candidate_b_david_contra_confirm,candidate_b_david_contra_conflict_candidate,stoch_contra,david_stoch_confirm",docs/research/gates/gate90/artifacts/gate90c-full-window-adr1_ma100_s1-exp010-rsi506040-stoch100-3-100-6040,docs/research/gates/gate90/GATE90C_FULL_WINDOW_ADR1_MA100_S1_EXP010_RSI506040_STOCH100_3_100_6040_2026-07-02.md,"npm run engine:gate90:grid-activation-accuracy-one-sided-selection -- --all-pairs --week-from=2019-04-14 --week-to=2026-05-31 --activation-rules=raw_both,david_contra,candidate_b,candidate_b_david_contra_confirm,candidate_b_david_contra_conflict_candidate,stoch_contra,david_stoch_confirm --bar-path-mode=ohlc_high_low --signal-clock=adr_event --signal-adr-brick=0.1 --session-mode=ny_daily_window --session-time-zone=America/New_York --session-trade-start-et=18:05 --session-trade-end-et=15:45 --session-flatten-et=16:00 --session-sunday-start-et=20:00 --target-mode=david_ma_reversion --target-adr=1 --spacing-adr=0.1 --min-ma-expansion-adr=0.10 --grid-add-mode=adverse_only --david-ma-period=100 --david-rsi-period=50 --david-rsi-overbought=60 --david-rsi-oversold=40 --stoch-k-period=100 --stoch-d-period=3 --stoch-slowing=100 --stoch-overbought=60 --stoch-oversold=40 --summary-only --artifact-dir=docs/research/gates/gate90/artifacts/gate90c-full-window-adr1_ma100_s1-exp010-rsi506040-stoch100-3-100-6040 --report-path=docs/research/gates/gate90/GATE90C_FULL_WINDOW_ADR1_MA100_S1_EXP010_RSI506040_STOCH100_3_100_6040_2026-07-02.md"
97,0.1,100,0.15,"raw_both,david_contra,candidate_b,candidate_b_david_contra_confirm,candidate_b_david_contra_conflict_candidate,stoch_contra,david_stoch_confirm",docs/research/gates/gate90/artifacts/gate90c-full-window-adr1_ma100_s15-exp010-rsi506040-stoch100-3-100-6040,docs/research/gates/gate90/GATE90C_FULL_WINDOW_ADR1_MA100_S15_EXP010_RSI506040_STOCH100_3_100_6040_2026-07-02.md,"npm run engine:gate90:grid-activation-accuracy-one-sided-selection -- --all-pairs --week-from=2019-04-14 --week-to=2026-05-31 --activation-rules=raw_both,david_contra,candidate_b,candidate_b_david_contra_confirm,candidate_b_david_contra_conflict_candidate,stoch_contra,david_stoch_confirm --bar-path-mode=ohlc_high_low --signal-clock=adr_event --signal-adr-brick=0.1 --session-mode=ny_daily_window --session-time-zone=America/New_York --session-trade-start-et=18:05 --session-trade-end-et=15:45 --session-flatten-et=16:00 --session-sunday-start-et=20:00 --target-mode=david_ma_reversion --target-adr=1 --spacing-adr=0.15 --min-ma-expansion-adr=0.10 --grid-add-mode=adverse_only --david-ma-period=100 --david-rsi-period=50 --david-rsi-overbought=60 --david-rsi-oversold=40 --stoch-k-period=100 --stoch-d-period=3 --stoch-slowing=100 --stoch-overbought=60 --stoch-oversold=40 --summary-only --artifact-dir=docs/research/gates/gate90/artifacts/gate90c-full-window-adr1_ma100_s15-exp010-rsi506040-stoch100-3-100-6040 --report-path=docs/research/gates/gate90/GATE90C_FULL_WINDOW_ADR1_MA100_S15_EXP010_RSI506040_STOCH100_3_100_6040_2026-07-02.md"
98,0.1,100,0.2,"raw_both,david_contra,candidate_b,candidate_b_david_contra_confirm,candidate_b_david_contra_conflict_candidate,stoch_contra,david_stoch_confirm",docs/research/gates/gate90/artifacts/gate90c-full-window-adr1_ma100_s2-exp010-rsi506040-stoch100-3-100-6040,docs/research/gates/gate90/GATE90C_FULL_WINDOW_ADR1_MA100_S2_EXP010_RSI506040_STOCH100_3_100_6040_2026-07-02.md,"npm run engine:gate90:grid-activation-accuracy-one-sided-selection -- --all-pairs --week-from=2019-04-14 --week-to=2026-05-31 --activation-rules=raw_both,david_contra,candidate_b,candidate_b_david_contra_confirm,candidate_b_david_contra_conflict_candidate,stoch_contra,david_stoch_confirm --bar-path-mode=ohlc_high_low --signal-clock=adr_event --signal-adr-brick=0.1 --session-mode=ny_daily_window --session-time-zone=America/New_York --session-trade-start-et=18:05 --session-trade-end-et=15:45 --session-flatten-et=16:00 --session-sunday-start-et=20:00 --target-mode=david_ma_reversion --target-adr=1 --spacing-adr=0.2 --min-ma-expansion-adr=0.10 --grid-add-mode=adverse_only --david-ma-period=100 --david-rsi-period=50 --david-rsi-overbought=60 --david-rsi-oversold=40 --stoch-k-period=100 --stoch-d-period=3 --stoch-slowing=100 --stoch-overbought=60 --stoch-oversold=40 --summary-only --artifact-dir=docs/research/gates/gate90/artifacts/gate90c-full-window-adr1_ma100_s2-exp010-rsi506040-stoch100-3-100-6040 --report-path=docs/research/gates/gate90/GATE90C_FULL_WINDOW_ADR1_MA100_S2_EXP010_RSI506040_STOCH100_3_100_6040_2026-07-02.md"
99,0.1,100,0.25,"raw_both,david_contra,candidate_b,candidate_b_david_contra_confirm,candidate_b_david_contra_conflict_candidate,stoch_contra,david_stoch_confirm",docs/research/gates/gate90/artifacts/gate90c-full-window-adr1_ma100_s25-exp010-rsi506040-stoch100-3-100-6040,docs/research/gates/gate90/GATE90C_FULL_WINDOW_ADR1_MA100_S25_EXP010_RSI506040_STOCH100_3_100_6040_2026-07-02.md,"npm run engine:gate90:grid-activation-accuracy-one-sided-selection -- --all-pairs --week-from=2019-04-14 --week-to=2026-05-31 --activation-rules=raw_both,david_contra,candidate_b,candidate_b_david_contra_confirm,candidate_b_david_contra_conflict_candidate,stoch_contra,david_stoch_confirm --bar-path-mode=ohlc_high_low --signal-clock=adr_event --signal-adr-brick=0.1 --session-mode=ny_daily_window --session-time-zone=America/New_York --session-trade-start-et=18:05 --session-trade-end-et=15:45 --session-flatten-et=16:00 --session-sunday-start-et=20:00 --target-mode=david_ma_reversion --target-adr=1 --spacing-adr=0.25 --min-ma-expansion-adr=0.10 --grid-add-mode=adverse_only --david-ma-period=100 --david-rsi-period=50 --david-rsi-overbought=60 --david-rsi-oversold=40 --stoch-k-period=100 --stoch-d-period=3 --stoch-slowing=100 --stoch-overbought=60 --stoch-oversold=40 --summary-only --artifact-dir=docs/research/gates/gate90/artifacts/gate90c-full-window-adr1_ma100_s25-exp010-rsi506040-stoch100-3-100-6040 --report-path=docs/research/gates/gate90/GATE90C_FULL_WINDOW_ADR1_MA100_S25_EXP010_RSI506040_STOCH100_3_100_6040_2026-07-02.md"
100,0.1,100,0.3,"raw_both,david_contra,candidate_b,candidate_b_david_contra_confirm,candidate_b_david_contra_conflict_candidate,stoch_contra,david_stoch_confirm",docs/research/gates/gate90/artifacts/gate90c-full-window-adr1_ma100_s3-exp010-rsi506040-stoch100-3-100-6040,docs/research/gates/gate90/GATE90C_FULL_WINDOW_ADR1_MA100_S3_EXP010_RSI506040_STOCH100_3_100_6040_2026-07-02.md,"npm run engine:gate90:grid-activation-accuracy-one-sided-selection -- --all-pairs --week-from=2019-04-14 --week-to=2026-05-31 --activation-rules=raw_both,david_contra,candidate_b,candidate_b_david_contra_confirm,candidate_b_david_contra_conflict_candidate,stoch_contra,david_stoch_confirm --bar-path-mode=ohlc_high_low --signal-clock=adr_event --signal-adr-brick=0.1 --session-mode=ny_daily_window --session-time-zone=America/New_York --session-trade-start-et=18:05 --session-trade-end-et=15:45 --session-flatten-et=16:00 --session-sunday-start-et=20:00 --target-mode=david_ma_reversion --target-adr=1 --spacing-adr=0.3 --min-ma-expansion-adr=0.10 --grid-add-mode=adverse_only --david-ma-period=100 --david-rsi-period=50 --david-rsi-overbought=60 --david-rsi-oversold=40 --stoch-k-period=100 --stoch-d-period=3 --stoch-slowing=100 --stoch-overbought=60 --stoch-oversold=40 --summary-only --artifact-dir=docs/research/gates/gate90/artifacts/gate90c-full-window-adr1_ma100_s3-exp010-rsi506040-stoch100-3-100-6040 --report-path=docs/research/gates/gate90/GATE90C_FULL_WINDOW_ADR1_MA100_S3_EXP010_RSI506040_STOCH100_3_100_6040_2026-07-02.md"
101,0.125,25,0.1,"raw_both,david_contra,candidate_b,candidate_b_david_contra_confirm,candidate_b_david_contra_conflict_candidate,stoch_contra,david_stoch_confirm",docs/research/gates/gate90/artifacts/gate90c-full-window-adr125_ma25_s1-exp010-rsi506040-stoch100-3-100-6040,docs/research/gates/gate90/GATE90C_FULL_WINDOW_ADR125_MA25_S1_EXP010_RSI506040_STOCH100_3_100_6040_2026-07-02.md,"npm run engine:gate90:grid-activation-accuracy-one-sided-selection -- --all-pairs --week-from=2019-04-14 --week-to=2026-05-31 --activation-rules=raw_both,david_contra,candidate_b,candidate_b_david_contra_confirm,candidate_b_david_contra_conflict_candidate,stoch_contra,david_stoch_confirm --bar-path-mode=ohlc_high_low --signal-clock=adr_event --signal-adr-brick=0.125 --session-mode=ny_daily_window --session-time-zone=America/New_York --session-trade-start-et=18:05 --session-trade-end-et=15:45 --session-flatten-et=16:00 --session-sunday-start-et=20:00 --target-mode=david_ma_reversion --target-adr=1 --spacing-adr=0.1 --min-ma-expansion-adr=0.10 --grid-add-mode=adverse_only --david-ma-period=25 --david-rsi-period=50 --david-rsi-overbought=60 --david-rsi-oversold=40 --stoch-k-period=100 --stoch-d-period=3 --stoch-slowing=100 --stoch-overbought=60 --stoch-oversold=40 --summary-only --artifact-dir=docs/research/gates/gate90/artifacts/gate90c-full-window-adr125_ma25_s1-exp010-rsi506040-stoch100-3-100-6040 --report-path=docs/research/gates/gate90/GATE90C_FULL_WINDOW_ADR125_MA25_S1_EXP010_RSI506040_STOCH100_3_100_6040_2026-07-02.md"
102,0.125,25,0.15,"raw_both,david_contra,candidate_b,candidate_b_david_contra_confirm,candidate_b_david_contra_conflict_candidate,stoch_contra,david_stoch_confirm",docs/research/gates/gate90/artifacts/gate90c-full-window-adr125_ma25_s15-exp010-rsi506040-stoch100-3-100-6040,docs/research/gates/gate90/GATE90C_FULL_WINDOW_ADR125_MA25_S15_EXP010_RSI506040_STOCH100_3_100_6040_2026-07-02.md,"npm run engine:gate90:grid-activation-accuracy-one-sided-selection -- --all-pairs --week-from=2019-04-14 --week-to=2026-05-31 --activation-rules=raw_both,david_contra,candidate_b,candidate_b_david_contra_confirm,candidate_b_david_contra_conflict_candidate,stoch_contra,david_stoch_confirm --bar-path-mode=ohlc_high_low --signal-clock=adr_event --signal-adr-brick=0.125 --session-mode=ny_daily_window --session-time-zone=America/New_York --session-trade-start-et=18:05 --session-trade-end-et=15:45 --session-flatten-et=16:00 --session-sunday-start-et=20:00 --target-mode=david_ma_reversion --target-adr=1 --spacing-adr=0.15 --min-ma-expansion-adr=0.10 --grid-add-mode=adverse_only --david-ma-period=25 --david-rsi-period=50 --david-rsi-overbought=60 --david-rsi-oversold=40 --stoch-k-period=100 --stoch-d-period=3 --stoch-slowing=100 --stoch-overbought=60 --stoch-oversold=40 --summary-only --artifact-dir=docs/research/gates/gate90/artifacts/gate90c-full-window-adr125_ma25_s15-exp010-rsi506040-stoch100-3-100-6040 --report-path=docs/research/gates/gate90/GATE90C_FULL_WINDOW_ADR125_MA25_S15_EXP010_RSI506040_STOCH100_3_100_6040_2026-07-02.md"
103,0.125,25,0.2,"raw_both,david_contra,candidate_b,candidate_b_david_contra_confirm,candidate_b_david_contra_conflict_candidate,stoch_contra,david_stoch_confirm",docs/research/gates/gate90/artifacts/gate90c-full-window-adr125_ma25_s2-exp010-rsi506040-stoch100-3-100-6040,docs/research/gates/gate90/GATE90C_FULL_WINDOW_ADR125_MA25_S2_EXP010_RSI506040_STOCH100_3_100_6040_2026-07-02.md,"npm run engine:gate90:grid-activation-accuracy-one-sided-selection -- --all-pairs --week-from=2019-04-14 --week-to=2026-05-31 --activation-rules=raw_both,david_contra,candidate_b,candidate_b_david_contra_confirm,candidate_b_david_contra_conflict_candidate,stoch_contra,david_stoch_confirm --bar-path-mode=ohlc_high_low --signal-clock=adr_event --signal-adr-brick=0.125 --session-mode=ny_daily_window --session-time-zone=America/New_York --session-trade-start-et=18:05 --session-trade-end-et=15:45 --session-flatten-et=16:00 --session-sunday-start-et=20:00 --target-mode=david_ma_reversion --target-adr=1 --spacing-adr=0.2 --min-ma-expansion-adr=0.10 --grid-add-mode=adverse_only --david-ma-period=25 --david-rsi-period=50 --david-rsi-overbought=60 --david-rsi-oversold=40 --stoch-k-period=100 --stoch-d-period=3 --stoch-slowing=100 --stoch-overbought=60 --stoch-oversold=40 --summary-only --artifact-dir=docs/research/gates/gate90/artifacts/gate90c-full-window-adr125_ma25_s2-exp010-rsi506040-stoch100-3-100-6040 --report-path=docs/research/gates/gate90/GATE90C_FULL_WINDOW_ADR125_MA25_S2_EXP010_RSI506040_STOCH100_3_100_6040_2026-07-02.md"
104,0.125,25,0.25,"raw_both,david_contra,candidate_b,candidate_b_david_contra_confirm,candidate_b_david_contra_conflict_candidate,stoch_contra,david_stoch_confirm",docs/research/gates/gate90/artifacts/gate90c-full-window-adr125_ma25_s25-exp010-rsi506040-stoch100-3-100-6040,docs/research/gates/gate90/GATE90C_FULL_WINDOW_ADR125_MA25_S25_EXP010_RSI506040_STOCH100_3_100_6040_2026-07-02.md,"npm run engine:gate90:grid-activation-accuracy-one-sided-selection -- --all-pairs --week-from=2019-04-14 --week-to=2026-05-31 --activation-rules=raw_both,david_contra,candidate_b,candidate_b_david_contra_confirm,candidate_b_david_contra_conflict_candidate,stoch_contra,david_stoch_confirm --bar-path-mode=ohlc_high_low --signal-clock=adr_event --signal-adr-brick=0.125 --session-mode=ny_daily_window --session-time-zone=America/New_York --session-trade-start-et=18:05 --session-trade-end-et=15:45 --session-flatten-et=16:00 --session-sunday-start-et=20:00 --target-mode=david_ma_reversion --target-adr=1 --spacing-adr=0.25 --min-ma-expansion-adr=0.10 --grid-add-mode=adverse_only --david-ma-period=25 --david-rsi-period=50 --david-rsi-overbought=60 --david-rsi-oversold=40 --stoch-k-period=100 --stoch-d-period=3 --stoch-slowing=100 --stoch-overbought=60 --stoch-oversold=40 --summary-only --artifact-dir=docs/research/gates/gate90/artifacts/gate90c-full-window-adr125_ma25_s25-exp010-rsi506040-stoch100-3-100-6040 --report-path=docs/research/gates/gate90/GATE90C_FULL_WINDOW_ADR125_MA25_S25_EXP010_RSI506040_STOCH100_3_100_6040_2026-07-02.md"
105,0.125,25,0.3,"raw_both,david_contra,candidate_b,candidate_b_david_contra_confirm,candidate_b_david_contra_conflict_candidate,stoch_contra,david_stoch_confirm",docs/research/gates/gate90/artifacts/gate90c-full-window-adr125_ma25_s3-exp010-rsi506040-stoch100-3-100-6040,docs/research/gates/gate90/GATE90C_FULL_WINDOW_ADR125_MA25_S3_EXP010_RSI506040_STOCH100_3_100_6040_2026-07-02.md,"npm run engine:gate90:grid-activation-accuracy-one-sided-selection -- --all-pairs --week-from=2019-04-14 --week-to=2026-05-31 --activation-rules=raw_both,david_contra,candidate_b,candidate_b_david_contra_confirm,candidate_b_david_contra_conflict_candidate,stoch_contra,david_stoch_confirm --bar-path-mode=ohlc_high_low --signal-clock=adr_event --signal-adr-brick=0.125 --session-mode=ny_daily_window --session-time-zone=America/New_York --session-trade-start-et=18:05 --session-trade-end-et=15:45 --session-flatten-et=16:00 --session-sunday-start-et=20:00 --target-mode=david_ma_reversion --target-adr=1 --spacing-adr=0.3 --min-ma-expansion-adr=0.10 --grid-add-mode=adverse_only --david-ma-period=25 --david-rsi-period=50 --david-rsi-overbought=60 --david-rsi-oversold=40 --stoch-k-period=100 --stoch-d-period=3 --stoch-slowing=100 --stoch-overbought=60 --stoch-oversold=40 --summary-only --artifact-dir=docs/research/gates/gate90/artifacts/gate90c-full-window-adr125_ma25_s3-exp010-rsi506040-stoch100-3-100-6040 --report-path=docs/research/gates/gate90/GATE90C_FULL_WINDOW_ADR125_MA25_S3_EXP010_RSI506040_STOCH100_3_100_6040_2026-07-02.md"
106,0.125,35,0.1,"raw_both,david_contra,candidate_b,candidate_b_david_contra_confirm,candidate_b_david_contra_conflict_candidate,stoch_contra,david_stoch_confirm",docs/research/gates/gate90/artifacts/gate90c-full-window-adr125_ma35_s1-exp010-rsi506040-stoch100-3-100-6040,docs/research/gates/gate90/GATE90C_FULL_WINDOW_ADR125_MA35_S1_EXP010_RSI506040_STOCH100_3_100_6040_2026-07-02.md,"npm run engine:gate90:grid-activation-accuracy-one-sided-selection -- --all-pairs --week-from=2019-04-14 --week-to=2026-05-31 --activation-rules=raw_both,david_contra,candidate_b,candidate_b_david_contra_confirm,candidate_b_david_contra_conflict_candidate,stoch_contra,david_stoch_confirm --bar-path-mode=ohlc_high_low --signal-clock=adr_event --signal-adr-brick=0.125 --session-mode=ny_daily_window --session-time-zone=America/New_York --session-trade-start-et=18:05 --session-trade-end-et=15:45 --session-flatten-et=16:00 --session-sunday-start-et=20:00 --target-mode=david_ma_reversion --target-adr=1 --spacing-adr=0.1 --min-ma-expansion-adr=0.10 --grid-add-mode=adverse_only --david-ma-period=35 --david-rsi-period=50 --david-rsi-overbought=60 --david-rsi-oversold=40 --stoch-k-period=100 --stoch-d-period=3 --stoch-slowing=100 --stoch-overbought=60 --stoch-oversold=40 --summary-only --artifact-dir=docs/research/gates/gate90/artifacts/gate90c-full-window-adr125_ma35_s1-exp010-rsi506040-stoch100-3-100-6040 --report-path=docs/research/gates/gate90/GATE90C_FULL_WINDOW_ADR125_MA35_S1_EXP010_RSI506040_STOCH100_3_100_6040_2026-07-02.md"
107,0.125,35,0.15,"raw_both,david_contra,candidate_b,candidate_b_david_contra_confirm,candidate_b_david_contra_conflict_candidate,stoch_contra,david_stoch_confirm",docs/research/gates/gate90/artifacts/gate90c-full-window-adr125_ma35_s15-exp010-rsi506040-stoch100-3-100-6040,docs/research/gates/gate90/GATE90C_FULL_WINDOW_ADR125_MA35_S15_EXP010_RSI506040_STOCH100_3_100_6040_2026-07-02.md,"npm run engine:gate90:grid-activation-accuracy-one-sided-selection -- --all-pairs --week-from=2019-04-14 --week-to=2026-05-31 --activation-rules=raw_both,david_contra,candidate_b,candidate_b_david_contra_confirm,candidate_b_david_contra_conflict_candidate,stoch_contra,david_stoch_confirm --bar-path-mode=ohlc_high_low --signal-clock=adr_event --signal-adr-brick=0.125 --session-mode=ny_daily_window --session-time-zone=America/New_York --session-trade-start-et=18:05 --session-trade-end-et=15:45 --session-flatten-et=16:00 --session-sunday-start-et=20:00 --target-mode=david_ma_reversion --target-adr=1 --spacing-adr=0.15 --min-ma-expansion-adr=0.10 --grid-add-mode=adverse_only --david-ma-period=35 --david-rsi-period=50 --david-rsi-overbought=60 --david-rsi-oversold=40 --stoch-k-period=100 --stoch-d-period=3 --stoch-slowing=100 --stoch-overbought=60 --stoch-oversold=40 --summary-only --artifact-dir=docs/research/gates/gate90/artifacts/gate90c-full-window-adr125_ma35_s15-exp010-rsi506040-stoch100-3-100-6040 --report-path=docs/research/gates/gate90/GATE90C_FULL_WINDOW_ADR125_MA35_S15_EXP010_RSI506040_STOCH100_3_100_6040_2026-07-02.md"
108,0.125,35,0.2,"raw_both,david_contra,candidate_b,candidate_b_david_contra_confirm,candidate_b_david_contra_conflict_candidate,stoch_contra,david_stoch_confirm",docs/research/gates/gate90/artifacts/gate90c-full-window-adr125_ma35_s2-exp010-rsi506040-stoch100-3-100-6040,docs/research/gates/gate90/GATE90C_FULL_WINDOW_ADR125_MA35_S2_EXP010_RSI506040_STOCH100_3_100_6040_2026-07-02.md,"npm run engine:gate90:grid-activation-accuracy-one-sided-selection -- --all-pairs --week-from=2019-04-14 --week-to=2026-05-31 --activation-rules=raw_both,david_contra,candidate_b,candidate_b_david_contra_confirm,candidate_b_david_contra_conflict_candidate,stoch_contra,david_stoch_confirm --bar-path-mode=ohlc_high_low --signal-clock=adr_event --signal-adr-brick=0.125 --session-mode=ny_daily_window --session-time-zone=America/New_York --session-trade-start-et=18:05 --session-trade-end-et=15:45 --session-flatten-et=16:00 --session-sunday-start-et=20:00 --target-mode=david_ma_reversion --target-adr=1 --spacing-adr=0.2 --min-ma-expansion-adr=0.10 --grid-add-mode=adverse_only --david-ma-period=35 --david-rsi-period=50 --david-rsi-overbought=60 --david-rsi-oversold=40 --stoch-k-period=100 --stoch-d-period=3 --stoch-slowing=100 --stoch-overbought=60 --stoch-oversold=40 --summary-only --artifact-dir=docs/research/gates/gate90/artifacts/gate90c-full-window-adr125_ma35_s2-exp010-rsi506040-stoch100-3-100-6040 --report-path=docs/research/gates/gate90/GATE90C_FULL_WINDOW_ADR125_MA35_S2_EXP010_RSI506040_STOCH100_3_100_6040_2026-07-02.md"
109,0.125,35,0.25,"raw_both,david_contra,candidate_b,candidate_b_david_contra_confirm,candidate_b_david_contra_conflict_candidate,stoch_contra,david_stoch_confirm",docs/research/gates/gate90/artifacts/gate90c-full-window-adr125_ma35_s25-exp010-rsi506040-stoch100-3-100-6040,docs/research/gates/gate90/GATE90C_FULL_WINDOW_ADR125_MA35_S25_EXP010_RSI506040_STOCH100_3_100_6040_2026-07-02.md,"npm run engine:gate90:grid-activation-accuracy-one-sided-selection -- --all-pairs --week-from=2019-04-14 --week-to=2026-05-31 --activation-rules=raw_both,david_contra,candidate_b,candidate_b_david_contra_confirm,candidate_b_david_contra_conflict_candidate,stoch_contra,david_stoch_confirm --bar-path-mode=ohlc_high_low --signal-clock=adr_event --signal-adr-brick=0.125 --session-mode=ny_daily_window --session-time-zone=America/New_York --session-trade-start-et=18:05 --session-trade-end-et=15:45 --session-flatten-et=16:00 --session-sunday-start-et=20:00 --target-mode=david_ma_reversion --target-adr=1 --spacing-adr=0.25 --min-ma-expansion-adr=0.10 --grid-add-mode=adverse_only --david-ma-period=35 --david-rsi-period=50 --david-rsi-overbought=60 --david-rsi-oversold=40 --stoch-k-period=100 --stoch-d-period=3 --stoch-slowing=100 --stoch-overbought=60 --stoch-oversold=40 --summary-only --artifact-dir=docs/research/gates/gate90/artifacts/gate90c-full-window-adr125_ma35_s25-exp010-rsi506040-stoch100-3-100-6040 --report-path=docs/research/gates/gate90/GATE90C_FULL_WINDOW_ADR125_MA35_S25_EXP010_RSI506040_STOCH100_3_100_6040_2026-07-02.md"
110,0.125,35,0.3,"raw_both,david_contra,candidate_b,candidate_b_david_contra_confirm,candidate_b_david_contra_conflict_candidate,stoch_contra,david_stoch_confirm",docs/research/gates/gate90/artifacts/gate90c-full-window-adr125_ma35_s3-exp010-rsi506040-stoch100-3-100-6040,docs/research/gates/gate90/GATE90C_FULL_WINDOW_ADR125_MA35_S3_EXP010_RSI506040_STOCH100_3_100_6040_2026-07-02.md,"npm run engine:gate90:grid-activation-accuracy-one-sided-selection -- --all-pairs --week-from=2019-04-14 --week-to=2026-05-31 --activation-rules=raw_both,david_contra,candidate_b,candidate_b_david_contra_confirm,candidate_b_david_contra_conflict_candidate,stoch_contra,david_stoch_confirm --bar-path-mode=ohlc_high_low --signal-clock=adr_event --signal-adr-brick=0.125 --session-mode=ny_daily_window --session-time-zone=America/New_York --session-trade-start-et=18:05 --session-trade-end-et=15:45 --session-flatten-et=16:00 --session-sunday-start-et=20:00 --target-mode=david_ma_reversion --target-adr=1 --spacing-adr=0.3 --min-ma-expansion-adr=0.10 --grid-add-mode=adverse_only --david-ma-period=35 --david-rsi-period=50 --david-rsi-overbought=60 --david-rsi-oversold=40 --stoch-k-period=100 --stoch-d-period=3 --stoch-slowing=100 --stoch-overbought=60 --stoch-oversold=40 --summary-only --artifact-dir=docs/research/gates/gate90/artifacts/gate90c-full-window-adr125_ma35_s3-exp010-rsi506040-stoch100-3-100-6040 --report-path=docs/research/gates/gate90/GATE90C_FULL_WINDOW_ADR125_MA35_S3_EXP010_RSI506040_STOCH100_3_100_6040_2026-07-02.md"
111,0.125,50,0.1,"raw_both,david_contra,candidate_b,candidate_b_david_contra_confirm,candidate_b_david_contra_conflict_candidate,stoch_contra,david_stoch_confirm",docs/research/gates/gate90/artifacts/gate90c-full-window-adr125_ma50_s1-exp010-rsi506040-stoch100-3-100-6040,docs/research/gates/gate90/GATE90C_FULL_WINDOW_ADR125_MA50_S1_EXP010_RSI506040_STOCH100_3_100_6040_2026-07-02.md,"npm run engine:gate90:grid-activation-accuracy-one-sided-selection -- --all-pairs --week-from=2019-04-14 --week-to=2026-05-31 --activation-rules=raw_both,david_contra,candidate_b,candidate_b_david_contra_confirm,candidate_b_david_contra_conflict_candidate,stoch_contra,david_stoch_confirm --bar-path-mode=ohlc_high_low --signal-clock=adr_event --signal-adr-brick=0.125 --session-mode=ny_daily_window --session-time-zone=America/New_York --session-trade-start-et=18:05 --session-trade-end-et=15:45 --session-flatten-et=16:00 --session-sunday-start-et=20:00 --target-mode=david_ma_reversion --target-adr=1 --spacing-adr=0.1 --min-ma-expansion-adr=0.10 --grid-add-mode=adverse_only --david-ma-period=50 --david-rsi-period=50 --david-rsi-overbought=60 --david-rsi-oversold=40 --stoch-k-period=100 --stoch-d-period=3 --stoch-slowing=100 --stoch-overbought=60 --stoch-oversold=40 --summary-only --artifact-dir=docs/research/gates/gate90/artifacts/gate90c-full-window-adr125_ma50_s1-exp010-rsi506040-stoch100-3-100-6040 --report-path=docs/research/gates/gate90/GATE90C_FULL_WINDOW_ADR125_MA50_S1_EXP010_RSI506040_STOCH100_3_100_6040_2026-07-02.md"
112,0.125,50,0.15,"raw_both,david_contra,candidate_b,candidate_b_david_contra_confirm,candidate_b_david_contra_conflict_candidate,stoch_contra,david_stoch_confirm",docs/research/gates/gate90/artifacts/gate90c-full-window-adr125_ma50_s15-exp010-rsi506040-stoch100-3-100-6040,docs/research/gates/gate90/GATE90C_FULL_WINDOW_ADR125_MA50_S15_EXP010_RSI506040_STOCH100_3_100_6040_2026-07-02.md,"npm run engine:gate90:grid-activation-accuracy-one-sided-selection -- --all-pairs --week-from=2019-04-14 --week-to=2026-05-31 --activation-rules=raw_both,david_contra,candidate_b,candidate_b_david_contra_confirm,candidate_b_david_contra_conflict_candidate,stoch_contra,david_stoch_confirm --bar-path-mode=ohlc_high_low --signal-clock=adr_event --signal-adr-brick=0.125 --session-mode=ny_daily_window --session-time-zone=America/New_York --session-trade-start-et=18:05 --session-trade-end-et=15:45 --session-flatten-et=16:00 --session-sunday-start-et=20:00 --target-mode=david_ma_reversion --target-adr=1 --spacing-adr=0.15 --min-ma-expansion-adr=0.10 --grid-add-mode=adverse_only --david-ma-period=50 --david-rsi-period=50 --david-rsi-overbought=60 --david-rsi-oversold=40 --stoch-k-period=100 --stoch-d-period=3 --stoch-slowing=100 --stoch-overbought=60 --stoch-oversold=40 --summary-only --artifact-dir=docs/research/gates/gate90/artifacts/gate90c-full-window-adr125_ma50_s15-exp010-rsi506040-stoch100-3-100-6040 --report-path=docs/research/gates/gate90/GATE90C_FULL_WINDOW_ADR125_MA50_S15_EXP010_RSI506040_STOCH100_3_100_6040_2026-07-02.md"
113,0.125,50,0.2,"raw_both,david_contra,candidate_b,candidate_b_david_contra_confirm,candidate_b_david_contra_conflict_candidate,stoch_contra,david_stoch_confirm",docs/research/gates/gate90/artifacts/gate90c-full-window-adr125_ma50_s2-exp010-rsi506040-stoch100-3-100-6040,docs/research/gates/gate90/GATE90C_FULL_WINDOW_ADR125_MA50_S2_EXP010_RSI506040_STOCH100_3_100_6040_2026-07-02.md,"npm run engine:gate90:grid-activation-accuracy-one-sided-selection -- --all-pairs --week-from=2019-04-14 --week-to=2026-05-31 --activation-rules=raw_both,david_contra,candidate_b,candidate_b_david_contra_confirm,candidate_b_david_contra_conflict_candidate,stoch_contra,david_stoch_confirm --bar-path-mode=ohlc_high_low --signal-clock=adr_event --signal-adr-brick=0.125 --session-mode=ny_daily_window --session-time-zone=America/New_York --session-trade-start-et=18:05 --session-trade-end-et=15:45 --session-flatten-et=16:00 --session-sunday-start-et=20:00 --target-mode=david_ma_reversion --target-adr=1 --spacing-adr=0.2 --min-ma-expansion-adr=0.10 --grid-add-mode=adverse_only --david-ma-period=50 --david-rsi-period=50 --david-rsi-overbought=60 --david-rsi-oversold=40 --stoch-k-period=100 --stoch-d-period=3 --stoch-slowing=100 --stoch-overbought=60 --stoch-oversold=40 --summary-only --artifact-dir=docs/research/gates/gate90/artifacts/gate90c-full-window-adr125_ma50_s2-exp010-rsi506040-stoch100-3-100-6040 --report-path=docs/research/gates/gate90/GATE90C_FULL_WINDOW_ADR125_MA50_S2_EXP010_RSI506040_STOCH100_3_100_6040_2026-07-02.md"
114,0.125,50,0.25,"raw_both,david_contra,candidate_b,candidate_b_david_contra_confirm,candidate_b_david_contra_conflict_candidate,stoch_contra,david_stoch_confirm",docs/research/gates/gate90/artifacts/gate90c-full-window-adr125_ma50_s25-exp010-rsi506040-stoch100-3-100-6040,docs/research/gates/gate90/GATE90C_FULL_WINDOW_ADR125_MA50_S25_EXP010_RSI506040_STOCH100_3_100_6040_2026-07-02.md,"npm run engine:gate90:grid-activation-accuracy-one-sided-selection -- --all-pairs --week-from=2019-04-14 --week-to=2026-05-31 --activation-rules=raw_both,david_contra,candidate_b,candidate_b_david_contra_confirm,candidate_b_david_contra_conflict_candidate,stoch_contra,david_stoch_confirm --bar-path-mode=ohlc_high_low --signal-clock=adr_event --signal-adr-brick=0.125 --session-mode=ny_daily_window --session-time-zone=America/New_York --session-trade-start-et=18:05 --session-trade-end-et=15:45 --session-flatten-et=16:00 --session-sunday-start-et=20:00 --target-mode=david_ma_reversion --target-adr=1 --spacing-adr=0.25 --min-ma-expansion-adr=0.10 --grid-add-mode=adverse_only --david-ma-period=50 --david-rsi-period=50 --david-rsi-overbought=60 --david-rsi-oversold=40 --stoch-k-period=100 --stoch-d-period=3 --stoch-slowing=100 --stoch-overbought=60 --stoch-oversold=40 --summary-only --artifact-dir=docs/research/gates/gate90/artifacts/gate90c-full-window-adr125_ma50_s25-exp010-rsi506040-stoch100-3-100-6040 --report-path=docs/research/gates/gate90/GATE90C_FULL_WINDOW_ADR125_MA50_S25_EXP010_RSI506040_STOCH100_3_100_6040_2026-07-02.md"
115,0.125,50,0.3,"raw_both,david_contra,candidate_b,candidate_b_david_contra_confirm,candidate_b_david_contra_conflict_candidate,stoch_contra,david_stoch_confirm",docs/research/gates/gate90/artifacts/gate90c-full-window-adr125_ma50_s3-exp010-rsi506040-stoch100-3-100-6040,docs/research/gates/gate90/GATE90C_FULL_WINDOW_ADR125_MA50_S3_EXP010_RSI506040_STOCH100_3_100_6040_2026-07-02.md,"npm run engine:gate90:grid-activation-accuracy-one-sided-selection -- --all-pairs --week-from=2019-04-14 --week-to=2026-05-31 --activation-rules=raw_both,david_contra,candidate_b,candidate_b_david_contra_confirm,candidate_b_david_contra_conflict_candidate,stoch_contra,david_stoch_confirm --bar-path-mode=ohlc_high_low --signal-clock=adr_event --signal-adr-brick=0.125 --session-mode=ny_daily_window --session-time-zone=America/New_York --session-trade-start-et=18:05 --session-trade-end-et=15:45 --session-flatten-et=16:00 --session-sunday-start-et=20:00 --target-mode=david_ma_reversion --target-adr=1 --spacing-adr=0.3 --min-ma-expansion-adr=0.10 --grid-add-mode=adverse_only --david-ma-period=50 --david-rsi-period=50 --david-rsi-overbought=60 --david-rsi-oversold=40 --stoch-k-period=100 --stoch-d-period=3 --stoch-slowing=100 --stoch-overbought=60 --stoch-oversold=40 --summary-only --artifact-dir=docs/research/gates/gate90/artifacts/gate90c-full-window-adr125_ma50_s3-exp010-rsi506040-stoch100-3-100-6040 --report-path=docs/research/gates/gate90/GATE90C_FULL_WINDOW_ADR125_MA50_S3_EXP010_RSI506040_STOCH100_3_100_6040_2026-07-02.md"
116,0.125,75,0.1,"raw_both,david_contra,candidate_b,candidate_b_david_contra_confirm,candidate_b_david_contra_conflict_candidate,stoch_contra,david_stoch_confirm",docs/research/gates/gate90/artifacts/gate90c-full-window-adr125_ma75_s1-exp010-rsi506040-stoch100-3-100-6040,docs/research/gates/gate90/GATE90C_FULL_WINDOW_ADR125_MA75_S1_EXP010_RSI506040_STOCH100_3_100_6040_2026-07-02.md,"npm run engine:gate90:grid-activation-accuracy-one-sided-selection -- --all-pairs --week-from=2019-04-14 --week-to=2026-05-31 --activation-rules=raw_both,david_contra,candidate_b,candidate_b_david_contra_confirm,candidate_b_david_contra_conflict_candidate,stoch_contra,david_stoch_confirm --bar-path-mode=ohlc_high_low --signal-clock=adr_event --signal-adr-brick=0.125 --session-mode=ny_daily_window --session-time-zone=America/New_York --session-trade-start-et=18:05 --session-trade-end-et=15:45 --session-flatten-et=16:00 --session-sunday-start-et=20:00 --target-mode=david_ma_reversion --target-adr=1 --spacing-adr=0.1 --min-ma-expansion-adr=0.10 --grid-add-mode=adverse_only --david-ma-period=75 --david-rsi-period=50 --david-rsi-overbought=60 --david-rsi-oversold=40 --stoch-k-period=100 --stoch-d-period=3 --stoch-slowing=100 --stoch-overbought=60 --stoch-oversold=40 --summary-only --artifact-dir=docs/research/gates/gate90/artifacts/gate90c-full-window-adr125_ma75_s1-exp010-rsi506040-stoch100-3-100-6040 --report-path=docs/research/gates/gate90/GATE90C_FULL_WINDOW_ADR125_MA75_S1_EXP010_RSI506040_STOCH100_3_100_6040_2026-07-02.md"
117,0.125,75,0.15,"raw_both,david_contra,candidate_b,candidate_b_david_contra_confirm,candidate_b_david_contra_conflict_candidate,stoch_contra,david_stoch_confirm",docs/research/gates/gate90/artifacts/gate90c-full-window-adr125_ma75_s15-exp010-rsi506040-stoch100-3-100-6040,docs/research/gates/gate90/GATE90C_FULL_WINDOW_ADR125_MA75_S15_EXP010_RSI506040_STOCH100_3_100_6040_2026-07-02.md,"npm run engine:gate90:grid-activation-accuracy-one-sided-selection -- --all-pairs --week-from=2019-04-14 --week-to=2026-05-31 --activation-rules=raw_both,david_contra,candidate_b,candidate_b_david_contra_confirm,candidate_b_david_contra_conflict_candidate,stoch_contra,david_stoch_confirm --bar-path-mode=ohlc_high_low --signal-clock=adr_event --signal-adr-brick=0.125 --session-mode=ny_daily_window --session-time-zone=America/New_York --session-trade-start-et=18:05 --session-trade-end-et=15:45 --session-flatten-et=16:00 --session-sunday-start-et=20:00 --target-mode=david_ma_reversion --target-adr=1 --spacing-adr=0.15 --min-ma-expansion-adr=0.10 --grid-add-mode=adverse_only --david-ma-period=75 --david-rsi-period=50 --david-rsi-overbought=60 --david-rsi-oversold=40 --stoch-k-period=100 --stoch-d-period=3 --stoch-slowing=100 --stoch-overbought=60 --stoch-oversold=40 --summary-only --artifact-dir=docs/research/gates/gate90/artifacts/gate90c-full-window-adr125_ma75_s15-exp010-rsi506040-stoch100-3-100-6040 --report-path=docs/research/gates/gate90/GATE90C_FULL_WINDOW_ADR125_MA75_S15_EXP010_RSI506040_STOCH100_3_100_6040_2026-07-02.md"
118,0.125,75,0.2,"raw_both,david_contra,candidate_b,candidate_b_david_contra_confirm,candidate_b_david_contra_conflict_candidate,stoch_contra,david_stoch_confirm",docs/research/gates/gate90/artifacts/gate90c-full-window-adr125_ma75_s2-exp010-rsi506040-stoch100-3-100-6040,docs/research/gates/gate90/GATE90C_FULL_WINDOW_ADR125_MA75_S2_EXP010_RSI506040_STOCH100_3_100_6040_2026-07-02.md,"npm run engine:gate90:grid-activation-accuracy-one-sided-selection -- --all-pairs --week-from=2019-04-14 --week-to=2026-05-31 --activation-rules=raw_both,david_contra,candidate_b,candidate_b_david_contra_confirm,candidate_b_david_contra_conflict_candidate,stoch_contra,david_stoch_confirm --bar-path-mode=ohlc_high_low --signal-clock=adr_event --signal-adr-brick=0.125 --session-mode=ny_daily_window --session-time-zone=America/New_York --session-trade-start-et=18:05 --session-trade-end-et=15:45 --session-flatten-et=16:00 --session-sunday-start-et=20:00 --target-mode=david_ma_reversion --target-adr=1 --spacing-adr=0.2 --min-ma-expansion-adr=0.10 --grid-add-mode=adverse_only --david-ma-period=75 --david-rsi-period=50 --david-rsi-overbought=60 --david-rsi-oversold=40 --stoch-k-period=100 --stoch-d-period=3 --stoch-slowing=100 --stoch-overbought=60 --stoch-oversold=40 --summary-only --artifact-dir=docs/research/gates/gate90/artifacts/gate90c-full-window-adr125_ma75_s2-exp010-rsi506040-stoch100-3-100-6040 --report-path=docs/research/gates/gate90/GATE90C_FULL_WINDOW_ADR125_MA75_S2_EXP010_RSI506040_STOCH100_3_100_6040_2026-07-02.md"
119,0.125,75,0.25,"raw_both,david_contra,candidate_b,candidate_b_david_contra_confirm,candidate_b_david_contra_conflict_candidate,stoch_contra,david_stoch_confirm",docs/research/gates/gate90/artifacts/gate90c-full-window-adr125_ma75_s25-exp010-rsi506040-stoch100-3-100-6040,docs/research/gates/gate90/GATE90C_FULL_WINDOW_ADR125_MA75_S25_EXP010_RSI506040_STOCH100_3_100_6040_2026-07-02.md,"npm run engine:gate90:grid-activation-accuracy-one-sided-selection -- --all-pairs --week-from=2019-04-14 --week-to=2026-05-31 --activation-rules=raw_both,david_contra,candidate_b,candidate_b_david_contra_confirm,candidate_b_david_contra_conflict_candidate,stoch_contra,david_stoch_confirm --bar-path-mode=ohlc_high_low --signal-clock=adr_event --signal-adr-brick=0.125 --session-mode=ny_daily_window --session-time-zone=America/New_York --session-trade-start-et=18:05 --session-trade-end-et=15:45 --session-flatten-et=16:00 --session-sunday-start-et=20:00 --target-mode=david_ma_reversion --target-adr=1 --spacing-adr=0.25 --min-ma-expansion-adr=0.10 --grid-add-mode=adverse_only --david-ma-period=75 --david-rsi-period=50 --david-rsi-overbought=60 --david-rsi-oversold=40 --stoch-k-period=100 --stoch-d-period=3 --stoch-slowing=100 --stoch-overbought=60 --stoch-oversold=40 --summary-only --artifact-dir=docs/research/gates/gate90/artifacts/gate90c-full-window-adr125_ma75_s25-exp010-rsi506040-stoch100-3-100-6040 --report-path=docs/research/gates/gate90/GATE90C_FULL_WINDOW_ADR125_MA75_S25_EXP010_RSI506040_STOCH100_3_100_6040_2026-07-02.md"
120,0.125,75,0.3,"raw_both,david_contra,candidate_b,candidate_b_david_contra_confirm,candidate_b_david_contra_conflict_candidate,stoch_contra,david_stoch_confirm",docs/research/gates/gate90/artifacts/gate90c-full-window-adr125_ma75_s3-exp010-rsi506040-stoch100-3-100-6040,docs/research/gates/gate90/GATE90C_FULL_WINDOW_ADR125_MA75_S3_EXP010_RSI506040_STOCH100_3_100_6040_2026-07-02.md,"npm run engine:gate90:grid-activation-accuracy-one-sided-selection -- --all-pairs --week-from=2019-04-14 --week-to=2026-05-31 --activation-rules=raw_both,david_contra,candidate_b,candidate_b_david_contra_confirm,candidate_b_david_contra_conflict_candidate,stoch_contra,david_stoch_confirm --bar-path-mode=ohlc_high_low --signal-clock=adr_event --signal-adr-brick=0.125 --session-mode=ny_daily_window --session-time-zone=America/New_York --session-trade-start-et=18:05 --session-trade-end-et=15:45 --session-flatten-et=16:00 --session-sunday-start-et=20:00 --target-mode=david_ma_reversion --target-adr=1 --spacing-adr=0.3 --min-ma-expansion-adr=0.10 --grid-add-mode=adverse_only --david-ma-period=75 --david-rsi-period=50 --david-rsi-overbought=60 --david-rsi-oversold=40 --stoch-k-period=100 --stoch-d-period=3 --stoch-slowing=100 --stoch-overbought=60 --stoch-oversold=40 --summary-only --artifact-dir=docs/research/gates/gate90/artifacts/gate90c-full-window-adr125_ma75_s3-exp010-rsi506040-stoch100-3-100-6040 --report-path=docs/research/gates/gate90/GATE90C_FULL_WINDOW_ADR125_MA75_S3_EXP010_RSI506040_STOCH100_3_100_6040_2026-07-02.md"
121,0.125,100,0.1,"raw_both,david_contra,candidate_b,candidate_b_david_contra_confirm,candidate_b_david_contra_conflict_candidate,stoch_contra,david_stoch_confirm",docs/research/gates/gate90/artifacts/gate90c-full-window-adr125_ma100_s1-exp010-rsi506040-stoch100-3-100-6040,docs/research/gates/gate90/GATE90C_FULL_WINDOW_ADR125_MA100_S1_EXP010_RSI506040_STOCH100_3_100_6040_2026-07-02.md,"npm run engine:gate90:grid-activation-accuracy-one-sided-selection -- --all-pairs --week-from=2019-04-14 --week-to=2026-05-31 --activation-rules=raw_both,david_contra,candidate_b,candidate_b_david_contra_confirm,candidate_b_david_contra_conflict_candidate,stoch_contra,david_stoch_confirm --bar-path-mode=ohlc_high_low --signal-clock=adr_event --signal-adr-brick=0.125 --session-mode=ny_daily_window --session-time-zone=America/New_York --session-trade-start-et=18:05 --session-trade-end-et=15:45 --session-flatten-et=16:00 --session-sunday-start-et=20:00 --target-mode=david_ma_reversion --target-adr=1 --spacing-adr=0.1 --min-ma-expansion-adr=0.10 --grid-add-mode=adverse_only --david-ma-period=100 --david-rsi-period=50 --david-rsi-overbought=60 --david-rsi-oversold=40 --stoch-k-period=100 --stoch-d-period=3 --stoch-slowing=100 --stoch-overbought=60 --stoch-oversold=40 --summary-only --artifact-dir=docs/research/gates/gate90/artifacts/gate90c-full-window-adr125_ma100_s1-exp010-rsi506040-stoch100-3-100-6040 --report-path=docs/research/gates/gate90/GATE90C_FULL_WINDOW_ADR125_MA100_S1_EXP010_RSI506040_STOCH100_3_100_6040_2026-07-02.md"
122,0.125,100,0.15,"raw_both,david_contra,candidate_b,candidate_b_david_contra_confirm,candidate_b_david_contra_conflict_candidate,stoch_contra,david_stoch_confirm",docs/research/gates/gate90/artifacts/gate90c-full-window-adr125_ma100_s15-exp010-rsi506040-stoch100-3-100-6040,docs/research/gates/gate90/GATE90C_FULL_WINDOW_ADR125_MA100_S15_EXP010_RSI506040_STOCH100_3_100_6040_2026-07-02.md,"npm run engine:gate90:grid-activation-accuracy-one-sided-selection -- --all-pairs --week-from=2019-04-14 --week-to=2026-05-31 --activation-rules=raw_both,david_contra,candidate_b,candidate_b_david_contra_confirm,candidate_b_david_contra_conflict_candidate,stoch_contra,david_stoch_confirm --bar-path-mode=ohlc_high_low --signal-clock=adr_event --signal-adr-brick=0.125 --session-mode=ny_daily_window --session-time-zone=America/New_York --session-trade-start-et=18:05 --session-trade-end-et=15:45 --session-flatten-et=16:00 --session-sunday-start-et=20:00 --target-mode=david_ma_reversion --target-adr=1 --spacing-adr=0.15 --min-ma-expansion-adr=0.10 --grid-add-mode=adverse_only --david-ma-period=100 --david-rsi-period=50 --david-rsi-overbought=60 --david-rsi-oversold=40 --stoch-k-period=100 --stoch-d-period=3 --stoch-slowing=100 --stoch-overbought=60 --stoch-oversold=40 --summary-only --artifact-dir=docs/research/gates/gate90/artifacts/gate90c-full-window-adr125_ma100_s15-exp010-rsi506040-stoch100-3-100-6040 --report-path=docs/research/gates/gate90/GATE90C_FULL_WINDOW_ADR125_MA100_S15_EXP010_RSI506040_STOCH100_3_100_6040_2026-07-02.md"
123,0.125,100,0.2,"raw_both,david_contra,candidate_b,candidate_b_david_contra_confirm,candidate_b_david_contra_conflict_candidate,stoch_contra,david_stoch_confirm",docs/research/gates/gate90/artifacts/gate90c-full-window-adr125_ma100_s2-exp010-rsi506040-stoch100-3-100-6040,docs/research/gates/gate90/GATE90C_FULL_WINDOW_ADR125_MA100_S2_EXP010_RSI506040_STOCH100_3_100_6040_2026-07-02.md,"npm run engine:gate90:grid-activation-accuracy-one-sided-selection -- --all-pairs --week-from=2019-04-14 --week-to=2026-05-31 --activation-rules=raw_both,david_contra,candidate_b,candidate_b_david_contra_confirm,candidate_b_david_contra_conflict_candidate,stoch_contra,david_stoch_confirm --bar-path-mode=ohlc_high_low --signal-clock=adr_event --signal-adr-brick=0.125 --session-mode=ny_daily_window --session-time-zone=America/New_York --session-trade-start-et=18:05 --session-trade-end-et=15:45 --session-flatten-et=16:00 --session-sunday-start-et=20:00 --target-mode=david_ma_reversion --target-adr=1 --spacing-adr=0.2 --min-ma-expansion-adr=0.10 --grid-add-mode=adverse_only --david-ma-period=100 --david-rsi-period=50 --david-rsi-overbought=60 --david-rsi-oversold=40 --stoch-k-period=100 --stoch-d-period=3 --stoch-slowing=100 --stoch-overbought=60 --stoch-oversold=40 --summary-only --artifact-dir=docs/research/gates/gate90/artifacts/gate90c-full-window-adr125_ma100_s2-exp010-rsi506040-stoch100-3-100-6040 --report-path=docs/research/gates/gate90/GATE90C_FULL_WINDOW_ADR125_MA100_S2_EXP010_RSI506040_STOCH100_3_100_6040_2026-07-02.md"
124,0.125,100,0.25,"raw_both,david_contra,candidate_b,candidate_b_david_contra_confirm,candidate_b_david_contra_conflict_candidate,stoch_contra,david_stoch_confirm",docs/research/gates/gate90/artifacts/gate90c-full-window-adr125_ma100_s25-exp010-rsi506040-stoch100-3-100-6040,docs/research/gates/gate90/GATE90C_FULL_WINDOW_ADR125_MA100_S25_EXP010_RSI506040_STOCH100_3_100_6040_2026-07-02.md,"npm run engine:gate90:grid-activation-accuracy-one-sided-selection -- --all-pairs --week-from=2019-04-14 --week-to=2026-05-31 --activation-rules=raw_both,david_contra,candidate_b,candidate_b_david_contra_confirm,candidate_b_david_contra_conflict_candidate,stoch_contra,david_stoch_confirm --bar-path-mode=ohlc_high_low --signal-clock=adr_event --signal-adr-brick=0.125 --session-mode=ny_daily_window --session-time-zone=America/New_York --session-trade-start-et=18:05 --session-trade-end-et=15:45 --session-flatten-et=16:00 --session-sunday-start-et=20:00 --target-mode=david_ma_reversion --target-adr=1 --spacing-adr=0.25 --min-ma-expansion-adr=0.10 --grid-add-mode=adverse_only --david-ma-period=100 --david-rsi-period=50 --david-rsi-overbought=60 --david-rsi-oversold=40 --stoch-k-period=100 --stoch-d-period=3 --stoch-slowing=100 --stoch-overbought=60 --stoch-oversold=40 --summary-only --artifact-dir=docs/research/gates/gate90/artifacts/gate90c-full-window-adr125_ma100_s25-exp010-rsi506040-stoch100-3-100-6040 --report-path=docs/research/gates/gate90/GATE90C_FULL_WINDOW_ADR125_MA100_S25_EXP010_RSI506040_STOCH100_3_100_6040_2026-07-02.md"
125,0.125,100,0.3,"raw_both,david_contra,candidate_b,candidate_b_david_contra_confirm,candidate_b_david_contra_conflict_candidate,stoch_contra,david_stoch_confirm",docs/research/gates/gate90/artifacts/gate90c-full-window-adr125_ma100_s3-exp010-rsi506040-stoch100-3-100-6040,docs/research/gates/gate90/GATE90C_FULL_WINDOW_ADR125_MA100_S3_EXP010_RSI506040_STOCH100_3_100_6040_2026-07-02.md,"npm run engine:gate90:grid-activation-accuracy-one-sided-selection -- --all-pairs --week-from=2019-04-14 --week-to=2026-05-31 --activation-rules=raw_both,david_contra,candidate_b,candidate_b_david_contra_confirm,candidate_b_david_contra_conflict_candidate,stoch_contra,david_stoch_confirm --bar-path-mode=ohlc_high_low --signal-clock=adr_event --signal-adr-brick=0.125 --session-mode=ny_daily_window --session-time-zone=America/New_York --session-trade-start-et=18:05 --session-trade-end-et=15:45 --session-flatten-et=16:00 --session-sunday-start-et=20:00 --target-mode=david_ma_reversion --target-adr=1 --spacing-adr=0.3 --min-ma-expansion-adr=0.10 --grid-add-mode=adverse_only --david-ma-period=100 --david-rsi-period=50 --david-rsi-overbought=60 --david-rsi-oversold=40 --stoch-k-period=100 --stoch-d-period=3 --stoch-slowing=100 --stoch-overbought=60 --stoch-oversold=40 --summary-only --artifact-dir=docs/research/gates/gate90/artifacts/gate90c-full-window-adr125_ma100_s3-exp010-rsi506040-stoch100-3-100-6040 --report-path=docs/research/gates/gate90/GATE90C_FULL_WINDOW_ADR125_MA100_S3_EXP010_RSI506040_STOCH100_3_100_6040_2026-07-02.md"
126,0.15,25,0.1,"raw_both,david_contra,candidate_b,candidate_b_david_contra_confirm,candidate_b_david_contra_conflict_candidate,stoch_contra,david_stoch_confirm",docs/research/gates/gate90/artifacts/gate90c-full-window-adr15_ma25_s1-exp010-rsi506040-stoch100-3-100-6040,docs/research/gates/gate90/GATE90C_FULL_WINDOW_ADR15_MA25_S1_EXP010_RSI506040_STOCH100_3_100_6040_2026-07-02.md,"npm run engine:gate90:grid-activation-accuracy-one-sided-selection -- --all-pairs --week-from=2019-04-14 --week-to=2026-05-31 --activation-rules=raw_both,david_contra,candidate_b,candidate_b_david_contra_confirm,candidate_b_david_contra_conflict_candidate,stoch_contra,david_stoch_confirm --bar-path-mode=ohlc_high_low --signal-clock=adr_event --signal-adr-brick=0.15 --session-mode=ny_daily_window --session-time-zone=America/New_York --session-trade-start-et=18:05 --session-trade-end-et=15:45 --session-flatten-et=16:00 --session-sunday-start-et=20:00 --target-mode=david_ma_reversion --target-adr=1 --spacing-adr=0.1 --min-ma-expansion-adr=0.10 --grid-add-mode=adverse_only --david-ma-period=25 --david-rsi-period=50 --david-rsi-overbought=60 --david-rsi-oversold=40 --stoch-k-period=100 --stoch-d-period=3 --stoch-slowing=100 --stoch-overbought=60 --stoch-oversold=40 --summary-only --artifact-dir=docs/research/gates/gate90/artifacts/gate90c-full-window-adr15_ma25_s1-exp010-rsi506040-stoch100-3-100-6040 --report-path=docs/research/gates/gate90/GATE90C_FULL_WINDOW_ADR15_MA25_S1_EXP010_RSI506040_STOCH100_3_100_6040_2026-07-02.md"
127,0.15,25,0.15,"raw_both,david_contra,candidate_b,candidate_b_david_contra_confirm,candidate_b_david_contra_conflict_candidate,stoch_contra,david_stoch_confirm",docs/research/gates/gate90/artifacts/gate90c-full-window-adr15_ma25_s15-exp010-rsi506040-stoch100-3-100-6040,docs/research/gates/gate90/GATE90C_FULL_WINDOW_ADR15_MA25_S15_EXP010_RSI506040_STOCH100_3_100_6040_2026-07-02.md,"npm run engine:gate90:grid-activation-accuracy-one-sided-selection -- --all-pairs --week-from=2019-04-14 --week-to=2026-05-31 --activation-rules=raw_both,david_contra,candidate_b,candidate_b_david_contra_confirm,candidate_b_david_contra_conflict_candidate,stoch_contra,david_stoch_confirm --bar-path-mode=ohlc_high_low --signal-clock=adr_event --signal-adr-brick=0.15 --session-mode=ny_daily_window --session-time-zone=America/New_York --session-trade-start-et=18:05 --session-trade-end-et=15:45 --session-flatten-et=16:00 --session-sunday-start-et=20:00 --target-mode=david_ma_reversion --target-adr=1 --spacing-adr=0.15 --min-ma-expansion-adr=0.10 --grid-add-mode=adverse_only --david-ma-period=25 --david-rsi-period=50 --david-rsi-overbought=60 --david-rsi-oversold=40 --stoch-k-period=100 --stoch-d-period=3 --stoch-slowing=100 --stoch-overbought=60 --stoch-oversold=40 --summary-only --artifact-dir=docs/research/gates/gate90/artifacts/gate90c-full-window-adr15_ma25_s15-exp010-rsi506040-stoch100-3-100-6040 --report-path=docs/research/gates/gate90/GATE90C_FULL_WINDOW_ADR15_MA25_S15_EXP010_RSI506040_STOCH100_3_100_6040_2026-07-02.md"
128,0.15,25,0.2,"raw_both,david_contra,candidate_b,candidate_b_david_contra_confirm,candidate_b_david_contra_conflict_candidate,stoch_contra,david_stoch_confirm",docs/research/gates/gate90/artifacts/gate90c-full-window-adr15_ma25_s2-exp010-rsi506040-stoch100-3-100-6040,docs/research/gates/gate90/GATE90C_FULL_WINDOW_ADR15_MA25_S2_EXP010_RSI506040_STOCH100_3_100_6040_2026-07-02.md,"npm run engine:gate90:grid-activation-accuracy-one-sided-selection -- --all-pairs --week-from=2019-04-14 --week-to=2026-05-31 --activation-rules=raw_both,david_contra,candidate_b,candidate_b_david_contra_confirm,candidate_b_david_contra_conflict_candidate,stoch_contra,david_stoch_confirm --bar-path-mode=ohlc_high_low --signal-clock=adr_event --signal-adr-brick=0.15 --session-mode=ny_daily_window --session-time-zone=America/New_York --session-trade-start-et=18:05 --session-trade-end-et=15:45 --session-flatten-et=16:00 --session-sunday-start-et=20:00 --target-mode=david_ma_reversion --target-adr=1 --spacing-adr=0.2 --min-ma-expansion-adr=0.10 --grid-add-mode=adverse_only --david-ma-period=25 --david-rsi-period=50 --david-rsi-overbought=60 --david-rsi-oversold=40 --stoch-k-period=100 --stoch-d-period=3 --stoch-slowing=100 --stoch-overbought=60 --stoch-oversold=40 --summary-only --artifact-dir=docs/research/gates/gate90/artifacts/gate90c-full-window-adr15_ma25_s2-exp010-rsi506040-stoch100-3-100-6040 --report-path=docs/research/gates/gate90/GATE90C_FULL_WINDOW_ADR15_MA25_S2_EXP010_RSI506040_STOCH100_3_100_6040_2026-07-02.md"
129,0.15,25,0.25,"raw_both,david_contra,candidate_b,candidate_b_david_contra_confirm,candidate_b_david_contra_conflict_candidate,stoch_contra,david_stoch_confirm",docs/research/gates/gate90/artifacts/gate90c-full-window-adr15_ma25_s25-exp010-rsi506040-stoch100-3-100-6040,docs/research/gates/gate90/GATE90C_FULL_WINDOW_ADR15_MA25_S25_EXP010_RSI506040_STOCH100_3_100_6040_2026-07-02.md,"npm run engine:gate90:grid-activation-accuracy-one-sided-selection -- --all-pairs --week-from=2019-04-14 --week-to=2026-05-31 --activation-rules=raw_both,david_contra,candidate_b,candidate_b_david_contra_confirm,candidate_b_david_contra_conflict_candidate,stoch_contra,david_stoch_confirm --bar-path-mode=ohlc_high_low --signal-clock=adr_event --signal-adr-brick=0.15 --session-mode=ny_daily_window --session-time-zone=America/New_York --session-trade-start-et=18:05 --session-trade-end-et=15:45 --session-flatten-et=16:00 --session-sunday-start-et=20:00 --target-mode=david_ma_reversion --target-adr=1 --spacing-adr=0.25 --min-ma-expansion-adr=0.10 --grid-add-mode=adverse_only --david-ma-period=25 --david-rsi-period=50 --david-rsi-overbought=60 --david-rsi-oversold=40 --stoch-k-period=100 --stoch-d-period=3 --stoch-slowing=100 --stoch-overbought=60 --stoch-oversold=40 --summary-only --artifact-dir=docs/research/gates/gate90/artifacts/gate90c-full-window-adr15_ma25_s25-exp010-rsi506040-stoch100-3-100-6040 --report-path=docs/research/gates/gate90/GATE90C_FULL_WINDOW_ADR15_MA25_S25_EXP010_RSI506040_STOCH100_3_100_6040_2026-07-02.md"
130,0.15,25,0.3,"raw_both,david_contra,candidate_b,candidate_b_david_contra_confirm,candidate_b_david_contra_conflict_candidate,stoch_contra,david_stoch_confirm",docs/research/gates/gate90/artifacts/gate90c-full-window-adr15_ma25_s3-exp010-rsi506040-stoch100-3-100-6040,docs/research/gates/gate90/GATE90C_FULL_WINDOW_ADR15_MA25_S3_EXP010_RSI506040_STOCH100_3_100_6040_2026-07-02.md,"npm run engine:gate90:grid-activation-accuracy-one-sided-selection -- --all-pairs --week-from=2019-04-14 --week-to=2026-05-31 --activation-rules=raw_both,david_contra,candidate_b,candidate_b_david_contra_confirm,candidate_b_david_contra_conflict_candidate,stoch_contra,david_stoch_confirm --bar-path-mode=ohlc_high_low --signal-clock=adr_event --signal-adr-brick=0.15 --session-mode=ny_daily_window --session-time-zone=America/New_York --session-trade-start-et=18:05 --session-trade-end-et=15:45 --session-flatten-et=16:00 --session-sunday-start-et=20:00 --target-mode=david_ma_reversion --target-adr=1 --spacing-adr=0.3 --min-ma-expansion-adr=0.10 --grid-add-mode=adverse_only --david-ma-period=25 --david-rsi-period=50 --david-rsi-overbought=60 --david-rsi-oversold=40 --stoch-k-period=100 --stoch-d-period=3 --stoch-slowing=100 --stoch-overbought=60 --stoch-oversold=40 --summary-only --artifact-dir=docs/research/gates/gate90/artifacts/gate90c-full-window-adr15_ma25_s3-exp010-rsi506040-stoch100-3-100-6040 --report-path=docs/research/gates/gate90/GATE90C_FULL_WINDOW_ADR15_MA25_S3_EXP010_RSI506040_STOCH100_3_100_6040_2026-07-02.md"
131,0.15,35,0.1,"raw_both,david_contra,candidate_b,candidate_b_david_contra_confirm,candidate_b_david_contra_conflict_candidate,stoch_contra,david_stoch_confirm",docs/research/gates/gate90/artifacts/gate90c-full-window-adr15_ma35_s1-exp010-rsi506040-stoch100-3-100-6040,docs/research/gates/gate90/GATE90C_FULL_WINDOW_ADR15_MA35_S1_EXP010_RSI506040_STOCH100_3_100_6040_2026-07-02.md,"npm run engine:gate90:grid-activation-accuracy-one-sided-selection -- --all-pairs --week-from=2019-04-14 --week-to=2026-05-31 --activation-rules=raw_both,david_contra,candidate_b,candidate_b_david_contra_confirm,candidate_b_david_contra_conflict_candidate,stoch_contra,david_stoch_confirm --bar-path-mode=ohlc_high_low --signal-clock=adr_event --signal-adr-brick=0.15 --session-mode=ny_daily_window --session-time-zone=America/New_York --session-trade-start-et=18:05 --session-trade-end-et=15:45 --session-flatten-et=16:00 --session-sunday-start-et=20:00 --target-mode=david_ma_reversion --target-adr=1 --spacing-adr=0.1 --min-ma-expansion-adr=0.10 --grid-add-mode=adverse_only --david-ma-period=35 --david-rsi-period=50 --david-rsi-overbought=60 --david-rsi-oversold=40 --stoch-k-period=100 --stoch-d-period=3 --stoch-slowing=100 --stoch-overbought=60 --stoch-oversold=40 --summary-only --artifact-dir=docs/research/gates/gate90/artifacts/gate90c-full-window-adr15_ma35_s1-exp010-rsi506040-stoch100-3-100-6040 --report-path=docs/research/gates/gate90/GATE90C_FULL_WINDOW_ADR15_MA35_S1_EXP010_RSI506040_STOCH100_3_100_6040_2026-07-02.md"
132,0.15,35,0.15,"raw_both,david_contra,candidate_b,candidate_b_david_contra_confirm,candidate_b_david_contra_conflict_candidate,stoch_contra,david_stoch_confirm",docs/research/gates/gate90/artifacts/gate90c-full-window-adr15_ma35_s15-exp010-rsi506040-stoch100-3-100-6040,docs/research/gates/gate90/GATE90C_FULL_WINDOW_ADR15_MA35_S15_EXP010_RSI506040_STOCH100_3_100_6040_2026-07-02.md,"npm run engine:gate90:grid-activation-accuracy-one-sided-selection -- --all-pairs --week-from=2019-04-14 --week-to=2026-05-31 --activation-rules=raw_both,david_contra,candidate_b,candidate_b_david_contra_confirm,candidate_b_david_contra_conflict_candidate,stoch_contra,david_stoch_confirm --bar-path-mode=ohlc_high_low --signal-clock=adr_event --signal-adr-brick=0.15 --session-mode=ny_daily_window --session-time-zone=America/New_York --session-trade-start-et=18:05 --session-trade-end-et=15:45 --session-flatten-et=16:00 --session-sunday-start-et=20:00 --target-mode=david_ma_reversion --target-adr=1 --spacing-adr=0.15 --min-ma-expansion-adr=0.10 --grid-add-mode=adverse_only --david-ma-period=35 --david-rsi-period=50 --david-rsi-overbought=60 --david-rsi-oversold=40 --stoch-k-period=100 --stoch-d-period=3 --stoch-slowing=100 --stoch-overbought=60 --stoch-oversold=40 --summary-only --artifact-dir=docs/research/gates/gate90/artifacts/gate90c-full-window-adr15_ma35_s15-exp010-rsi506040-stoch100-3-100-6040 --report-path=docs/research/gates/gate90/GATE90C_FULL_WINDOW_ADR15_MA35_S15_EXP010_RSI506040_STOCH100_3_100_6040_2026-07-02.md"
133,0.15,35,0.2,"raw_both,david_contra,candidate_b,candidate_b_david_contra_confirm,candidate_b_david_contra_conflict_candidate,stoch_contra,david_stoch_confirm",docs/research/gates/gate90/artifacts/gate90c-full-window-adr15_ma35_s2-exp010-rsi506040-stoch100-3-100-6040,docs/research/gates/gate90/GATE90C_FULL_WINDOW_ADR15_MA35_S2_EXP010_RSI506040_STOCH100_3_100_6040_2026-07-02.md,"npm run engine:gate90:grid-activation-accuracy-one-sided-selection -- --all-pairs --week-from=2019-04-14 --week-to=2026-05-31 --activation-rules=raw_both,david_contra,candidate_b,candidate_b_david_contra_confirm,candidate_b_david_contra_conflict_candidate,stoch_contra,david_stoch_confirm --bar-path-mode=ohlc_high_low --signal-clock=adr_event --signal-adr-brick=0.15 --session-mode=ny_daily_window --session-time-zone=America/New_York --session-trade-start-et=18:05 --session-trade-end-et=15:45 --session-flatten-et=16:00 --session-sunday-start-et=20:00 --target-mode=david_ma_reversion --target-adr=1 --spacing-adr=0.2 --min-ma-expansion-adr=0.10 --grid-add-mode=adverse_only --david-ma-period=35 --david-rsi-period=50 --david-rsi-overbought=60 --david-rsi-oversold=40 --stoch-k-period=100 --stoch-d-period=3 --stoch-slowing=100 --stoch-overbought=60 --stoch-oversold=40 --summary-only --artifact-dir=docs/research/gates/gate90/artifacts/gate90c-full-window-adr15_ma35_s2-exp010-rsi506040-stoch100-3-100-6040 --report-path=docs/research/gates/gate90/GATE90C_FULL_WINDOW_ADR15_MA35_S2_EXP010_RSI506040_STOCH100_3_100_6040_2026-07-02.md"
134,0.15,35,0.25,"raw_both,david_contra,candidate_b,candidate_b_david_contra_confirm,candidate_b_david_contra_conflict_candidate,stoch_contra,david_stoch_confirm",docs/research/gates/gate90/artifacts/gate90c-full-window-adr15_ma35_s25-exp010-rsi506040-stoch100-3-100-6040,docs/research/gates/gate90/GATE90C_FULL_WINDOW_ADR15_MA35_S25_EXP010_RSI506040_STOCH100_3_100_6040_2026-07-02.md,"npm run engine:gate90:grid-activation-accuracy-one-sided-selection -- --all-pairs --week-from=2019-04-14 --week-to=2026-05-31 --activation-rules=raw_both,david_contra,candidate_b,candidate_b_david_contra_confirm,candidate_b_david_contra_conflict_candidate,stoch_contra,david_stoch_confirm --bar-path-mode=ohlc_high_low --signal-clock=adr_event --signal-adr-brick=0.15 --session-mode=ny_daily_window --session-time-zone=America/New_York --session-trade-start-et=18:05 --session-trade-end-et=15:45 --session-flatten-et=16:00 --session-sunday-start-et=20:00 --target-mode=david_ma_reversion --target-adr=1 --spacing-adr=0.25 --min-ma-expansion-adr=0.10 --grid-add-mode=adverse_only --david-ma-period=35 --david-rsi-period=50 --david-rsi-overbought=60 --david-rsi-oversold=40 --stoch-k-period=100 --stoch-d-period=3 --stoch-slowing=100 --stoch-overbought=60 --stoch-oversold=40 --summary-only --artifact-dir=docs/research/gates/gate90/artifacts/gate90c-full-window-adr15_ma35_s25-exp010-rsi506040-stoch100-3-100-6040 --report-path=docs/research/gates/gate90/GATE90C_FULL_WINDOW_ADR15_MA35_S25_EXP010_RSI506040_STOCH100_3_100_6040_2026-07-02.md"
135,0.15,35,0.3,"raw_both,david_contra,candidate_b,candidate_b_david_contra_confirm,candidate_b_david_contra_conflict_candidate,stoch_contra,david_stoch_confirm",docs/research/gates/gate90/artifacts/gate90c-full-window-adr15_ma35_s3-exp010-rsi506040-stoch100-3-100-6040,docs/research/gates/gate90/GATE90C_FULL_WINDOW_ADR15_MA35_S3_EXP010_RSI506040_STOCH100_3_100_6040_2026-07-02.md,"npm run engine:gate90:grid-activation-accuracy-one-sided-selection -- --all-pairs --week-from=2019-04-14 --week-to=2026-05-31 --activation-rules=raw_both,david_contra,candidate_b,candidate_b_david_contra_confirm,candidate_b_david_contra_conflict_candidate,stoch_contra,david_stoch_confirm --bar-path-mode=ohlc_high_low --signal-clock=adr_event --signal-adr-brick=0.15 --session-mode=ny_daily_window --session-time-zone=America/New_York --session-trade-start-et=18:05 --session-trade-end-et=15:45 --session-flatten-et=16:00 --session-sunday-start-et=20:00 --target-mode=david_ma_reversion --target-adr=1 --spacing-adr=0.3 --min-ma-expansion-adr=0.10 --grid-add-mode=adverse_only --david-ma-period=35 --david-rsi-period=50 --david-rsi-overbought=60 --david-rsi-oversold=40 --stoch-k-period=100 --stoch-d-period=3 --stoch-slowing=100 --stoch-overbought=60 --stoch-oversold=40 --summary-only --artifact-dir=docs/research/gates/gate90/artifacts/gate90c-full-window-adr15_ma35_s3-exp010-rsi506040-stoch100-3-100-6040 --report-path=docs/research/gates/gate90/GATE90C_FULL_WINDOW_ADR15_MA35_S3_EXP010_RSI506040_STOCH100_3_100_6040_2026-07-02.md"
136,0.15,50,0.1,"raw_both,david_contra,candidate_b,candidate_b_david_contra_confirm,candidate_b_david_contra_conflict_candidate,stoch_contra,david_stoch_confirm",docs/research/gates/gate90/artifacts/gate90c-full-window-adr15_ma50_s1-exp010-rsi506040-stoch100-3-100-6040,docs/research/gates/gate90/GATE90C_FULL_WINDOW_ADR15_MA50_S1_EXP010_RSI506040_STOCH100_3_100_6040_2026-07-02.md,"npm run engine:gate90:grid-activation-accuracy-one-sided-selection -- --all-pairs --week-from=2019-04-14 --week-to=2026-05-31 --activation-rules=raw_both,david_contra,candidate_b,candidate_b_david_contra_confirm,candidate_b_david_contra_conflict_candidate,stoch_contra,david_stoch_confirm --bar-path-mode=ohlc_high_low --signal-clock=adr_event --signal-adr-brick=0.15 --session-mode=ny_daily_window --session-time-zone=America/New_York --session-trade-start-et=18:05 --session-trade-end-et=15:45 --session-flatten-et=16:00 --session-sunday-start-et=20:00 --target-mode=david_ma_reversion --target-adr=1 --spacing-adr=0.1 --min-ma-expansion-adr=0.10 --grid-add-mode=adverse_only --david-ma-period=50 --david-rsi-period=50 --david-rsi-overbought=60 --david-rsi-oversold=40 --stoch-k-period=100 --stoch-d-period=3 --stoch-slowing=100 --stoch-overbought=60 --stoch-oversold=40 --summary-only --artifact-dir=docs/research/gates/gate90/artifacts/gate90c-full-window-adr15_ma50_s1-exp010-rsi506040-stoch100-3-100-6040 --report-path=docs/research/gates/gate90/GATE90C_FULL_WINDOW_ADR15_MA50_S1_EXP010_RSI506040_STOCH100_3_100_6040_2026-07-02.md"
137,0.15,50,0.15,"raw_both,david_contra,candidate_b,candidate_b_david_contra_confirm,candidate_b_david_contra_conflict_candidate,stoch_contra,david_stoch_confirm",docs/research/gates/gate90/artifacts/gate90c-full-window-adr15_ma50_s15-exp010-rsi506040-stoch100-3-100-6040,docs/research/gates/gate90/GATE90C_FULL_WINDOW_ADR15_MA50_S15_EXP010_RSI506040_STOCH100_3_100_6040_2026-07-02.md,"npm run engine:gate90:grid-activation-accuracy-one-sided-selection -- --all-pairs --week-from=2019-04-14 --week-to=2026-05-31 --activation-rules=raw_both,david_contra,candidate_b,candidate_b_david_contra_confirm,candidate_b_david_contra_conflict_candidate,stoch_contra,david_stoch_confirm --bar-path-mode=ohlc_high_low --signal-clock=adr_event --signal-adr-brick=0.15 --session-mode=ny_daily_window --session-time-zone=America/New_York --session-trade-start-et=18:05 --session-trade-end-et=15:45 --session-flatten-et=16:00 --session-sunday-start-et=20:00 --target-mode=david_ma_reversion --target-adr=1 --spacing-adr=0.15 --min-ma-expansion-adr=0.10 --grid-add-mode=adverse_only --david-ma-period=50 --david-rsi-period=50 --david-rsi-overbought=60 --david-rsi-oversold=40 --stoch-k-period=100 --stoch-d-period=3 --stoch-slowing=100 --stoch-overbought=60 --stoch-oversold=40 --summary-only --artifact-dir=docs/research/gates/gate90/artifacts/gate90c-full-window-adr15_ma50_s15-exp010-rsi506040-stoch100-3-100-6040 --report-path=docs/research/gates/gate90/GATE90C_FULL_WINDOW_ADR15_MA50_S15_EXP010_RSI506040_STOCH100_3_100_6040_2026-07-02.md"
138,0.15,50,0.2,"raw_both,david_contra,candidate_b,candidate_b_david_contra_confirm,candidate_b_david_contra_conflict_candidate,stoch_contra,david_stoch_confirm",docs/research/gates/gate90/artifacts/gate90c-full-window-adr15_ma50_s2-exp010-rsi506040-stoch100-3-100-6040,docs/research/gates/gate90/GATE90C_FULL_WINDOW_ADR15_MA50_S2_EXP010_RSI506040_STOCH100_3_100_6040_2026-07-02.md,"npm run engine:gate90:grid-activation-accuracy-one-sided-selection -- --all-pairs --week-from=2019-04-14 --week-to=2026-05-31 --activation-rules=raw_both,david_contra,candidate_b,candidate_b_david_contra_confirm,candidate_b_david_contra_conflict_candidate,stoch_contra,david_stoch_confirm --bar-path-mode=ohlc_high_low --signal-clock=adr_event --signal-adr-brick=0.15 --session-mode=ny_daily_window --session-time-zone=America/New_York --session-trade-start-et=18:05 --session-trade-end-et=15:45 --session-flatten-et=16:00 --session-sunday-start-et=20:00 --target-mode=david_ma_reversion --target-adr=1 --spacing-adr=0.2 --min-ma-expansion-adr=0.10 --grid-add-mode=adverse_only --david-ma-period=50 --david-rsi-period=50 --david-rsi-overbought=60 --david-rsi-oversold=40 --stoch-k-period=100 --stoch-d-period=3 --stoch-slowing=100 --stoch-overbought=60 --stoch-oversold=40 --summary-only --artifact-dir=docs/research/gates/gate90/artifacts/gate90c-full-window-adr15_ma50_s2-exp010-rsi506040-stoch100-3-100-6040 --report-path=docs/research/gates/gate90/GATE90C_FULL_WINDOW_ADR15_MA50_S2_EXP010_RSI506040_STOCH100_3_100_6040_2026-07-02.md"
139,0.15,50,0.25,"raw_both,david_contra,candidate_b,candidate_b_david_contra_confirm,candidate_b_david_contra_conflict_candidate,stoch_contra,david_stoch_confirm",docs/research/gates/gate90/artifacts/gate90c-full-window-adr15_ma50_s25-exp010-rsi506040-stoch100-3-100-6040,docs/research/gates/gate90/GATE90C_FULL_WINDOW_ADR15_MA50_S25_EXP010_RSI506040_STOCH100_3_100_6040_2026-07-02.md,"npm run engine:gate90:grid-activation-accuracy-one-sided-selection -- --all-pairs --week-from=2019-04-14 --week-to=2026-05-31 --activation-rules=raw_both,david_contra,candidate_b,candidate_b_david_contra_confirm,candidate_b_david_contra_conflict_candidate,stoch_contra,david_stoch_confirm --bar-path-mode=ohlc_high_low --signal-clock=adr_event --signal-adr-brick=0.15 --session-mode=ny_daily_window --session-time-zone=America/New_York --session-trade-start-et=18:05 --session-trade-end-et=15:45 --session-flatten-et=16:00 --session-sunday-start-et=20:00 --target-mode=david_ma_reversion --target-adr=1 --spacing-adr=0.25 --min-ma-expansion-adr=0.10 --grid-add-mode=adverse_only --david-ma-period=50 --david-rsi-period=50 --david-rsi-overbought=60 --david-rsi-oversold=40 --stoch-k-period=100 --stoch-d-period=3 --stoch-slowing=100 --stoch-overbought=60 --stoch-oversold=40 --summary-only --artifact-dir=docs/research/gates/gate90/artifacts/gate90c-full-window-adr15_ma50_s25-exp010-rsi506040-stoch100-3-100-6040 --report-path=docs/research/gates/gate90/GATE90C_FULL_WINDOW_ADR15_MA50_S25_EXP010_RSI506040_STOCH100_3_100_6040_2026-07-02.md"
140,0.15,50,0.3,"raw_both,david_contra,candidate_b,candidate_b_david_contra_confirm,candidate_b_david_contra_conflict_candidate,stoch_contra,david_stoch_confirm",docs/research/gates/gate90/artifacts/gate90c-full-window-adr15_ma50_s3-exp010-rsi506040-stoch100-3-100-6040,docs/research/gates/gate90/GATE90C_FULL_WINDOW_ADR15_MA50_S3_EXP010_RSI506040_STOCH100_3_100_6040_2026-07-02.md,"npm run engine:gate90:grid-activation-accuracy-one-sided-selection -- --all-pairs --week-from=2019-04-14 --week-to=2026-05-31 --activation-rules=raw_both,david_contra,candidate_b,candidate_b_david_contra_confirm,candidate_b_david_contra_conflict_candidate,stoch_contra,david_stoch_confirm --bar-path-mode=ohlc_high_low --signal-clock=adr_event --signal-adr-brick=0.15 --session-mode=ny_daily_window --session-time-zone=America/New_York --session-trade-start-et=18:05 --session-trade-end-et=15:45 --session-flatten-et=16:00 --session-sunday-start-et=20:00 --target-mode=david_ma_reversion --target-adr=1 --spacing-adr=0.3 --min-ma-expansion-adr=0.10 --grid-add-mode=adverse_only --david-ma-period=50 --david-rsi-period=50 --david-rsi-overbought=60 --david-rsi-oversold=40 --stoch-k-period=100 --stoch-d-period=3 --stoch-slowing=100 --stoch-overbought=60 --stoch-oversold=40 --summary-only --artifact-dir=docs/research/gates/gate90/artifacts/gate90c-full-window-adr15_ma50_s3-exp010-rsi506040-stoch100-3-100-6040 --report-path=docs/research/gates/gate90/GATE90C_FULL_WINDOW_ADR15_MA50_S3_EXP010_RSI506040_STOCH100_3_100_6040_2026-07-02.md"
141,0.15,75,0.1,"raw_both,david_contra,candidate_b,candidate_b_david_contra_confirm,candidate_b_david_contra_conflict_candidate,stoch_contra,david_stoch_confirm",docs/research/gates/gate90/artifacts/gate90c-full-window-adr15_ma75_s1-exp010-rsi506040-stoch100-3-100-6040,docs/research/gates/gate90/GATE90C_FULL_WINDOW_ADR15_MA75_S1_EXP010_RSI506040_STOCH100_3_100_6040_2026-07-02.md,"npm run engine:gate90:grid-activation-accuracy-one-sided-selection -- --all-pairs --week-from=2019-04-14 --week-to=2026-05-31 --activation-rules=raw_both,david_contra,candidate_b,candidate_b_david_contra_confirm,candidate_b_david_contra_conflict_candidate,stoch_contra,david_stoch_confirm --bar-path-mode=ohlc_high_low --signal-clock=adr_event --signal-adr-brick=0.15 --session-mode=ny_daily_window --session-time-zone=America/New_York --session-trade-start-et=18:05 --session-trade-end-et=15:45 --session-flatten-et=16:00 --session-sunday-start-et=20:00 --target-mode=david_ma_reversion --target-adr=1 --spacing-adr=0.1 --min-ma-expansion-adr=0.10 --grid-add-mode=adverse_only --david-ma-period=75 --david-rsi-period=50 --david-rsi-overbought=60 --david-rsi-oversold=40 --stoch-k-period=100 --stoch-d-period=3 --stoch-slowing=100 --stoch-overbought=60 --stoch-oversold=40 --summary-only --artifact-dir=docs/research/gates/gate90/artifacts/gate90c-full-window-adr15_ma75_s1-exp010-rsi506040-stoch100-3-100-6040 --report-path=docs/research/gates/gate90/GATE90C_FULL_WINDOW_ADR15_MA75_S1_EXP010_RSI506040_STOCH100_3_100_6040_2026-07-02.md"
142,0.15,75,0.15,"raw_both,david_contra,candidate_b,candidate_b_david_contra_confirm,candidate_b_david_contra_conflict_candidate,stoch_contra,david_stoch_confirm",docs/research/gates/gate90/artifacts/gate90c-full-window-adr15_ma75_s15-exp010-rsi506040-stoch100-3-100-6040,docs/research/gates/gate90/GATE90C_FULL_WINDOW_ADR15_MA75_S15_EXP010_RSI506040_STOCH100_3_100_6040_2026-07-02.md,"npm run engine:gate90:grid-activation-accuracy-one-sided-selection -- --all-pairs --week-from=2019-04-14 --week-to=2026-05-31 --activation-rules=raw_both,david_contra,candidate_b,candidate_b_david_contra_confirm,candidate_b_david_contra_conflict_candidate,stoch_contra,david_stoch_confirm --bar-path-mode=ohlc_high_low --signal-clock=adr_event --signal-adr-brick=0.15 --session-mode=ny_daily_window --session-time-zone=America/New_York --session-trade-start-et=18:05 --session-trade-end-et=15:45 --session-flatten-et=16:00 --session-sunday-start-et=20:00 --target-mode=david_ma_reversion --target-adr=1 --spacing-adr=0.15 --min-ma-expansion-adr=0.10 --grid-add-mode=adverse_only --david-ma-period=75 --david-rsi-period=50 --david-rsi-overbought=60 --david-rsi-oversold=40 --stoch-k-period=100 --stoch-d-period=3 --stoch-slowing=100 --stoch-overbought=60 --stoch-oversold=40 --summary-only --artifact-dir=docs/research/gates/gate90/artifacts/gate90c-full-window-adr15_ma75_s15-exp010-rsi506040-stoch100-3-100-6040 --report-path=docs/research/gates/gate90/GATE90C_FULL_WINDOW_ADR15_MA75_S15_EXP010_RSI506040_STOCH100_3_100_6040_2026-07-02.md"
143,0.15,75,0.2,"raw_both,david_contra,candidate_b,candidate_b_david_contra_confirm,candidate_b_david_contra_conflict_candidate,stoch_contra,david_stoch_confirm",docs/research/gates/gate90/artifacts/gate90c-full-window-adr15_ma75_s2-exp010-rsi506040-stoch100-3-100-6040,docs/research/gates/gate90/GATE90C_FULL_WINDOW_ADR15_MA75_S2_EXP010_RSI506040_STOCH100_3_100_6040_2026-07-02.md,"npm run engine:gate90:grid-activation-accuracy-one-sided-selection -- --all-pairs --week-from=2019-04-14 --week-to=2026-05-31 --activation-rules=raw_both,david_contra,candidate_b,candidate_b_david_contra_confirm,candidate_b_david_contra_conflict_candidate,stoch_contra,david_stoch_confirm --bar-path-mode=ohlc_high_low --signal-clock=adr_event --signal-adr-brick=0.15 --session-mode=ny_daily_window --session-time-zone=America/New_York --session-trade-start-et=18:05 --session-trade-end-et=15:45 --session-flatten-et=16:00 --session-sunday-start-et=20:00 --target-mode=david_ma_reversion --target-adr=1 --spacing-adr=0.2 --min-ma-expansion-adr=0.10 --grid-add-mode=adverse_only --david-ma-period=75 --david-rsi-period=50 --david-rsi-overbought=60 --david-rsi-oversold=40 --stoch-k-period=100 --stoch-d-period=3 --stoch-slowing=100 --stoch-overbought=60 --stoch-oversold=40 --summary-only --artifact-dir=docs/research/gates/gate90/artifacts/gate90c-full-window-adr15_ma75_s2-exp010-rsi506040-stoch100-3-100-6040 --report-path=docs/research/gates/gate90/GATE90C_FULL_WINDOW_ADR15_MA75_S2_EXP010_RSI506040_STOCH100_3_100_6040_2026-07-02.md"
144,0.15,75,0.25,"raw_both,david_contra,candidate_b,candidate_b_david_contra_confirm,candidate_b_david_contra_conflict_candidate,stoch_contra,david_stoch_confirm",docs/research/gates/gate90/artifacts/gate90c-full-window-adr15_ma75_s25-exp010-rsi506040-stoch100-3-100-6040,docs/research/gates/gate90/GATE90C_FULL_WINDOW_ADR15_MA75_S25_EXP010_RSI506040_STOCH100_3_100_6040_2026-07-02.md,"npm run engine:gate90:grid-activation-accuracy-one-sided-selection -- --all-pairs --week-from=2019-04-14 --week-to=2026-05-31 --activation-rules=raw_both,david_contra,candidate_b,candidate_b_david_contra_confirm,candidate_b_david_contra_conflict_candidate,stoch_contra,david_stoch_confirm --bar-path-mode=ohlc_high_low --signal-clock=adr_event --signal-adr-brick=0.15 --session-mode=ny_daily_window --session-time-zone=America/New_York --session-trade-start-et=18:05 --session-trade-end-et=15:45 --session-flatten-et=16:00 --session-sunday-start-et=20:00 --target-mode=david_ma_reversion --target-adr=1 --spacing-adr=0.25 --min-ma-expansion-adr=0.10 --grid-add-mode=adverse_only --david-ma-period=75 --david-rsi-period=50 --david-rsi-overbought=60 --david-rsi-oversold=40 --stoch-k-period=100 --stoch-d-period=3 --stoch-slowing=100 --stoch-overbought=60 --stoch-oversold=40 --summary-only --artifact-dir=docs/research/gates/gate90/artifacts/gate90c-full-window-adr15_ma75_s25-exp010-rsi506040-stoch100-3-100-6040 --report-path=docs/research/gates/gate90/GATE90C_FULL_WINDOW_ADR15_MA75_S25_EXP010_RSI506040_STOCH100_3_100_6040_2026-07-02.md"
145,0.15,75,0.3,"raw_both,david_contra,candidate_b,candidate_b_david_contra_confirm,candidate_b_david_contra_conflict_candidate,stoch_contra,david_stoch_confirm",docs/research/gates/gate90/artifacts/gate90c-full-window-adr15_ma75_s3-exp010-rsi506040-stoch100-3-100-6040,docs/research/gates/gate90/GATE90C_FULL_WINDOW_ADR15_MA75_S3_EXP010_RSI506040_STOCH100_3_100_6040_2026-07-02.md,"npm run engine:gate90:grid-activation-accuracy-one-sided-selection -- --all-pairs --week-from=2019-04-14 --week-to=2026-05-31 --activation-rules=raw_both,david_contra,candidate_b,candidate_b_david_contra_confirm,candidate_b_david_contra_conflict_candidate,stoch_contra,david_stoch_confirm --bar-path-mode=ohlc_high_low --signal-clock=adr_event --signal-adr-brick=0.15 --session-mode=ny_daily_window --session-time-zone=America/New_York --session-trade-start-et=18:05 --session-trade-end-et=15:45 --session-flatten-et=16:00 --session-sunday-start-et=20:00 --target-mode=david_ma_reversion --target-adr=1 --spacing-adr=0.3 --min-ma-expansion-adr=0.10 --grid-add-mode=adverse_only --david-ma-period=75 --david-rsi-period=50 --david-rsi-overbought=60 --david-rsi-oversold=40 --stoch-k-period=100 --stoch-d-period=3 --stoch-slowing=100 --stoch-overbought=60 --stoch-oversold=40 --summary-only --artifact-dir=docs/research/gates/gate90/artifacts/gate90c-full-window-adr15_ma75_s3-exp010-rsi506040-stoch100-3-100-6040 --report-path=docs/research/gates/gate90/GATE90C_FULL_WINDOW_ADR15_MA75_S3_EXP010_RSI506040_STOCH100_3_100_6040_2026-07-02.md"
146,0.15,100,0.1,"raw_both,david_contra,candidate_b,candidate_b_david_contra_confirm,candidate_b_david_contra_conflict_candidate,stoch_contra,david_stoch_confirm",docs/research/gates/gate90/artifacts/gate90c-full-window-adr15_ma100_s1-exp010-rsi506040-stoch100-3-100-6040,docs/research/gates/gate90/GATE90C_FULL_WINDOW_ADR15_MA100_S1_EXP010_RSI506040_STOCH100_3_100_6040_2026-07-02.md,"npm run engine:gate90:grid-activation-accuracy-one-sided-selection -- --all-pairs --week-from=2019-04-14 --week-to=2026-05-31 --activation-rules=raw_both,david_contra,candidate_b,candidate_b_david_contra_confirm,candidate_b_david_contra_conflict_candidate,stoch_contra,david_stoch_confirm --bar-path-mode=ohlc_high_low --signal-clock=adr_event --signal-adr-brick=0.15 --session-mode=ny_daily_window --session-time-zone=America/New_York --session-trade-start-et=18:05 --session-trade-end-et=15:45 --session-flatten-et=16:00 --session-sunday-start-et=20:00 --target-mode=david_ma_reversion --target-adr=1 --spacing-adr=0.1 --min-ma-expansion-adr=0.10 --grid-add-mode=adverse_only --david-ma-period=100 --david-rsi-period=50 --david-rsi-overbought=60 --david-rsi-oversold=40 --stoch-k-period=100 --stoch-d-period=3 --stoch-slowing=100 --stoch-overbought=60 --stoch-oversold=40 --summary-only --artifact-dir=docs/research/gates/gate90/artifacts/gate90c-full-window-adr15_ma100_s1-exp010-rsi506040-stoch100-3-100-6040 --report-path=docs/research/gates/gate90/GATE90C_FULL_WINDOW_ADR15_MA100_S1_EXP010_RSI506040_STOCH100_3_100_6040_2026-07-02.md"
147,0.15,100,0.15,"raw_both,david_contra,candidate_b,candidate_b_david_contra_confirm,candidate_b_david_contra_conflict_candidate,stoch_contra,david_stoch_confirm",docs/research/gates/gate90/artifacts/gate90c-full-window-adr15_ma100_s15-exp010-rsi506040-stoch100-3-100-6040,docs/research/gates/gate90/GATE90C_FULL_WINDOW_ADR15_MA100_S15_EXP010_RSI506040_STOCH100_3_100_6040_2026-07-02.md,"npm run engine:gate90:grid-activation-accuracy-one-sided-selection -- --all-pairs --week-from=2019-04-14 --week-to=2026-05-31 --activation-rules=raw_both,david_contra,candidate_b,candidate_b_david_contra_confirm,candidate_b_david_contra_conflict_candidate,stoch_contra,david_stoch_confirm --bar-path-mode=ohlc_high_low --signal-clock=adr_event --signal-adr-brick=0.15 --session-mode=ny_daily_window --session-time-zone=America/New_York --session-trade-start-et=18:05 --session-trade-end-et=15:45 --session-flatten-et=16:00 --session-sunday-start-et=20:00 --target-mode=david_ma_reversion --target-adr=1 --spacing-adr=0.15 --min-ma-expansion-adr=0.10 --grid-add-mode=adverse_only --david-ma-period=100 --david-rsi-period=50 --david-rsi-overbought=60 --david-rsi-oversold=40 --stoch-k-period=100 --stoch-d-period=3 --stoch-slowing=100 --stoch-overbought=60 --stoch-oversold=40 --summary-only --artifact-dir=docs/research/gates/gate90/artifacts/gate90c-full-window-adr15_ma100_s15-exp010-rsi506040-stoch100-3-100-6040 --report-path=docs/research/gates/gate90/GATE90C_FULL_WINDOW_ADR15_MA100_S15_EXP010_RSI506040_STOCH100_3_100_6040_2026-07-02.md"
148,0.15,100,0.2,"raw_both,david_contra,candidate_b,candidate_b_david_contra_confirm,candidate_b_david_contra_conflict_candidate,stoch_contra,david_stoch_confirm",docs/research/gates/gate90/artifacts/gate90c-full-window-adr15_ma100_s2-exp010-rsi506040-stoch100-3-100-6040,docs/research/gates/gate90/GATE90C_FULL_WINDOW_ADR15_MA100_S2_EXP010_RSI506040_STOCH100_3_100_6040_2026-07-02.md,"npm run engine:gate90:grid-activation-accuracy-one-sided-selection -- --all-pairs --week-from=2019-04-14 --week-to=2026-05-31 --activation-rules=raw_both,david_contra,candidate_b,candidate_b_david_contra_confirm,candidate_b_david_contra_conflict_candidate,stoch_contra,david_stoch_confirm --bar-path-mode=ohlc_high_low --signal-clock=adr_event --signal-adr-brick=0.15 --session-mode=ny_daily_window --session-time-zone=America/New_York --session-trade-start-et=18:05 --session-trade-end-et=15:45 --session-flatten-et=16:00 --session-sunday-start-et=20:00 --target-mode=david_ma_reversion --target-adr=1 --spacing-adr=0.2 --min-ma-expansion-adr=0.10 --grid-add-mode=adverse_only --david-ma-period=100 --david-rsi-period=50 --david-rsi-overbought=60 --david-rsi-oversold=40 --stoch-k-period=100 --stoch-d-period=3 --stoch-slowing=100 --stoch-overbought=60 --stoch-oversold=40 --summary-only --artifact-dir=docs/research/gates/gate90/artifacts/gate90c-full-window-adr15_ma100_s2-exp010-rsi506040-stoch100-3-100-6040 --report-path=docs/research/gates/gate90/GATE90C_FULL_WINDOW_ADR15_MA100_S2_EXP010_RSI506040_STOCH100_3_100_6040_2026-07-02.md"
149,0.15,100,0.25,"raw_both,david_contra,candidate_b,candidate_b_david_contra_confirm,candidate_b_david_contra_conflict_candidate,stoch_contra,david_stoch_confirm",docs/research/gates/gate90/artifacts/gate90c-full-window-adr15_ma100_s25-exp010-rsi506040-stoch100-3-100-6040,docs/research/gates/gate90/GATE90C_FULL_WINDOW_ADR15_MA100_S25_EXP010_RSI506040_STOCH100_3_100_6040_2026-07-02.md,"npm run engine:gate90:grid-activation-accuracy-one-sided-selection -- --all-pairs --week-from=2019-04-14 --week-to=2026-05-31 --activation-rules=raw_both,david_contra,candidate_b,candidate_b_david_contra_confirm,candidate_b_david_contra_conflict_candidate,stoch_contra,david_stoch_confirm --bar-path-mode=ohlc_high_low --signal-clock=adr_event --signal-adr-brick=0.15 --session-mode=ny_daily_window --session-time-zone=America/New_York --session-trade-start-et=18:05 --session-trade-end-et=15:45 --session-flatten-et=16:00 --session-sunday-start-et=20:00 --target-mode=david_ma_reversion --target-adr=1 --spacing-adr=0.25 --min-ma-expansion-adr=0.10 --grid-add-mode=adverse_only --david-ma-period=100 --david-rsi-period=50 --david-rsi-overbought=60 --david-rsi-oversold=40 --stoch-k-period=100 --stoch-d-period=3 --stoch-slowing=100 --stoch-overbought=60 --stoch-oversold=40 --summary-only --artifact-dir=docs/research/gates/gate90/artifacts/gate90c-full-window-adr15_ma100_s25-exp010-rsi506040-stoch100-3-100-6040 --report-path=docs/research/gates/gate90/GATE90C_FULL_WINDOW_ADR15_MA100_S25_EXP010_RSI506040_STOCH100_3_100_6040_2026-07-02.md"
150,0.15,100,0.3,"raw_both,david_contra,candidate_b,candidate_b_david_contra_confirm,candidate_b_david_contra_conflict_candidate,stoch_contra,david_stoch_confirm",docs/research/gates/gate90/artifacts/gate90c-full-window-adr15_ma100_s3-exp010-rsi506040-stoch100-3-100-6040,docs/research/gates/gate90/GATE90C_FULL_WINDOW_ADR15_MA100_S3_EXP010_RSI506040_STOCH100_3_100_6040_2026-07-02.md,"npm run engine:gate90:grid-activation-accuracy-one-sided-selection -- --all-pairs --week-from=2019-04-14 --week-to=2026-05-31 --activation-rules=raw_both,david_contra,candidate_b,candidate_b_david_contra_confirm,candidate_b_david_contra_conflict_candidate,stoch_contra,david_stoch_confirm --bar-path-mode=ohlc_high_low --signal-clock=adr_event --signal-adr-brick=0.15 --session-mode=ny_daily_window --session-time-zone=America/New_York --session-trade-start-et=18:05 --session-trade-end-et=15:45 --session-flatten-et=16:00 --session-sunday-start-et=20:00 --target-mode=david_ma_reversion --target-adr=1 --spacing-adr=0.3 --min-ma-expansion-adr=0.10 --grid-add-mode=adverse_only --david-ma-period=100 --david-rsi-period=50 --david-rsi-overbought=60 --david-rsi-oversold=40 --stoch-k-period=100 --stoch-d-period=3 --stoch-slowing=100 --stoch-overbought=60 --stoch-oversold=40 --summary-only --artifact-dir=docs/research/gates/gate90/artifacts/gate90c-full-window-adr15_ma100_s3-exp010-rsi506040-stoch100-3-100-6040 --report-path=docs/research/gates/gate90/GATE90C_FULL_WINDOW_ADR15_MA100_S3_EXP010_RSI506040_STOCH100_3_100_6040_2026-07-02.md"
