rule_id,rule_family,month,weeks,monthly_mtm_equity_adr,monthly_closed_adr,average_week_end_open_unrealized_adr,worst_week_end_open_unrealized_adr,cumulative_mtm_equity_snapshot_adr,monthly_mtm_win,monthly_closed_win,content_hash
WEEKLY_FORCED_CLOSE,control,2019-04,3,-9.612611,-9.612611,0,0,-9.612611,false,false,6375A382409533B5AB45F8362F2D882AF5986F0BF7EE624C4D86BA40FF389292
WEEKLY_FORCED_CLOSE,control,2019-05,4,9.418576,9.418576,0,0,-0.194035,true,true,70671DCE8CDC744518D27073531D42FDDBD14E38AEB1399C82741F1CE7364448
WEEKLY_FORCED_CLOSE,control,2019-06,5,0.894277,0.894277,0,0,0.700242,true,true,DD045C4B2609533A83E3AABF147893A91B16B3071AC2BED0D51E8EA164FCC230
WEEKLY_FORCED_CLOSE,control,2019-07,4,2.63398,2.63398,0,0,3.334222,true,true,DFD0BC4766CD199A4783F11A1FC1EA8FB7103EEAB548C00D8903F2CFF20B3F3F
WEEKLY_FORCED_CLOSE,control,2019-08,4,9.43073,9.43073,0,0,12.764952,true,true,D9D1778084968B80FA6A308C4E472A51AE8FCD7D216C289317B93C681BB0B753
WEEKLY_FORCED_CLOSE,control,2019-09,5,22.239346,22.239346,0,0,35.004298,true,true,0D4F40E8AA925B1DE63A939E616040ABD7D0F41C1BBAA3AB00FF640F690CC3C5
WEEKLY_FORCED_CLOSE,control,2019-10,4,63.614517,63.614517,0,0,98.618815,true,true,DAA4EDA3B6628AC8866CA3390027F19AD69D5D1F2939B2FE19351617E92D3CFF
WEEKLY_FORCED_CLOSE,control,2019-11,4,-23.635117,-23.635117,0,0,74.983698,false,false,E17B49A49F48F215E12E4A557728ED736A79AFC02916943467B40A2D02D262EA
WEEKLY_FORCED_CLOSE,control,2019-12,5,33.775557,33.775557,0,0,108.759255,true,true,A0E7B64C2CA9ADCDFD72368EC1A02B111BE5F1B839E37E0B26F6E9940BD6AC5A
WEEKLY_FORCED_CLOSE,control,2020-01,4,-1.243691,-1.243691,0,0,107.515564,false,false,E6B7B10CB57712144E716708AF0A55BCA27FE7D8E2E0B55B9F2CAB832D36524F
WEEKLY_FORCED_CLOSE,control,2020-02,4,23.54665,23.54665,0,0,131.062214,true,true,E02982A0DA1A920EDA53AF66845BE580F84730E95DB1C0DDEC6E8575A2250D5C
WEEKLY_FORCED_CLOSE,control,2020-03,5,11.877107,11.877107,0,0,142.939321,true,true,093B1B80003A5EFB0A7A6AA088810EC853FC179A03F1CC37506E32A04547146E
WEEKLY_FORCED_CLOSE,control,2020-04,4,1.116475,1.116475,0,0,144.055796,true,true,2C3E1F76AF25276583EED0A833D6594471B7BA004B51465A5931EBA0A8952341
WEEKLY_FORCED_CLOSE,control,2020-05,5,89.434608,89.434608,0,0,233.490404,true,true,289125B41D6DB8276D9A26963CB509863E6931677500A914F662427E52BFBA87
WEEKLY_FORCED_CLOSE,control,2020-06,4,-13.883903,-13.883903,0,0,219.606501,false,false,3D84B1A177E69D2F73B4FBA08BA39803EF5BAD67F5AC448013886B6D1EFA03DC
WEEKLY_FORCED_CLOSE,control,2020-07,4,-26.737567,-26.737567,0,0,192.868934,false,false,41366849B08FE1D1D6B72578F0AFDE18837D632C5B244D139D4463B548A97D29
WEEKLY_FORCED_CLOSE,control,2020-08,5,-4.429539,-4.429539,0,0,188.439395,false,false,952BD3D08FD18D69D78256D9BA63E831FBE417271531AFA2EFB9D9D0AF1B0F14
WEEKLY_FORCED_CLOSE,control,2020-09,4,-4.178637,-4.178637,0,0,184.260758,false,false,14D511970D3C2D6E972E31120D37D14B5480063A4AF6F01B3BBA3C44B3E1A704
WEEKLY_FORCED_CLOSE,control,2020-10,4,13.450497,13.450497,0,0,197.711255,true,true,169DA3A8CD056B878004664CC70785D16C227A45A26A744B19835955BC617A00
WEEKLY_FORCED_CLOSE,control,2020-11,5,-5.628899,-5.628899,0,0,192.082356,false,false,B5D0467394F1BC59AAA09A1A1434B9487E94D4B74EC54953565473BB1B5D3E75
WEEKLY_FORCED_CLOSE,control,2020-12,4,-8.723309,-8.723309,0,0,183.359047,false,false,E76F49A9338A7E310BAACBE60B4416DAF1ABC2F9507569E781DB6FFE45E74321
WEEKLY_FORCED_CLOSE,control,2021-01,4,27.733154,27.733154,0,0,211.092201,true,true,D8A52F335E561B4DCC38A6D7F6F2B23501181DD096FA8F4E6FB79ED1C738A7BE
WEEKLY_FORCED_CLOSE,control,2021-02,4,66.017842,66.017842,0,0,277.110043,true,true,4FA0EF9C2439835F137C98BF9A4F4727BE887E0CEA20C4E7793D7D5EB94E7419
WEEKLY_FORCED_CLOSE,control,2021-03,5,23.632715,23.632715,0,0,300.742758,true,true,89F3E6BF9ABBEB079623833ED397A6E581ED92131934FB23540655AB8AE9A402
WEEKLY_FORCED_CLOSE,control,2021-04,4,2.208862,2.208862,0,0,302.95162,true,true,ADFF33E6B4314778AF4C603D3646DF4261AE86DB8D380CBFB031FE045C6F0209
WEEKLY_FORCED_CLOSE,control,2021-05,5,-7.765291,-7.765291,0,0,295.186329,false,false,7460C52684EB91BF6F9D2FA6AD833329DEC6D5A59EE7F644038FCCA606495B1F
WEEKLY_FORCED_CLOSE,control,2021-06,4,24.670088,24.670088,0,0,319.856417,true,true,C20FE2BACC0A6DA0F00436D42B38DDAADC77D36C25354BE5293F8091D6BE4C3B
WEEKLY_FORCED_CLOSE,control,2021-07,4,-3.105138,-3.105138,0,0,316.751279,false,false,E906915DBFF040C4E99B6559D5380B1AD6CDDED50C9070935685A801427A38E1
WEEKLY_FORCED_CLOSE,control,2021-08,5,20.943317,20.943317,0,0,337.694596,true,true,90C993651AD86109FDF0A95E56406EF2955FA184DCBBFA02A9715FFEB86C9470
WEEKLY_FORCED_CLOSE,control,2021-09,4,5.086824,5.086824,0,0,342.78142,true,true,CBCF20206838E9E762114CEFA88938E59D29B8E5A7FEFB6A422655975142C9F6
WEEKLY_FORCED_CLOSE,control,2021-10,5,25.498934,25.498934,0,0,368.280354,true,true,D2D81F511EF84F999C7864E7C242449A29751AAB60CAFDD8CBD9B1A20662DD97
WEEKLY_FORCED_CLOSE,control,2021-11,4,-9.819901,-9.819901,0,0,358.460453,false,false,30A9AF768AA828685EE099306895A3AD9C733AA9F48AAC94ACE58EE78AC02228
WEEKLY_FORCED_CLOSE,control,2021-12,4,15.234186,15.234186,0,0,373.694639,true,true,6E85D86C14815172B5EE9B03FF3ED166467E8049AB4E39DE591E1605F4D73362
WEEKLY_FORCED_CLOSE,control,2022-01,5,12.576933,12.576933,0,0,386.271572,true,true,150C71ED2B60B7AC2D35350821CA670C8155630EF1AD7161A111659CE409C456
WEEKLY_FORCED_CLOSE,control,2022-02,4,-3.192235,-3.192235,0,0,383.079337,false,false,F50AED380B6B3E2231C8BF27188F50F74B0B8E7A0253252B2B2844B8263F7DE1
WEEKLY_FORCED_CLOSE,control,2022-03,4,23.970316,23.970316,0,0,407.049653,true,true,21660EB92A9585D88E89DD565A2B39294F60FB7E7F8F56BA32787028044FF310
WEEKLY_FORCED_CLOSE,control,2022-04,4,0.754993,0.754993,0,0,407.804646,true,true,847F8A0CF9AB577FBF73B7B3B16AB5774C1C5ABBCDDAB91740BE53C7050F1108
WEEKLY_FORCED_CLOSE,control,2022-05,5,1.949028,1.949028,0,0,409.753674,true,true,BA3D3E0BBF349D707A91BFC964A2FA60D685433FDD8158E2E2B1A0CB6D11D4C1
WEEKLY_FORCED_CLOSE,control,2022-06,4,-17.144694,-17.144694,0,0,392.60898,false,false,51810C6867F31AE70F525C9AAAA32D48F52B1EE75C8A7DEC4DFAD26D09E62779
WEEKLY_FORCED_CLOSE,control,2022-07,5,-38.953435,-38.953435,0,0,353.655545,false,false,ED26A16CE6DA4F296F8FC4D22C710A37D8EC9589CE9E211B93CDED36EE29480E
WEEKLY_FORCED_CLOSE,control,2022-08,4,3.636566,3.636566,0,0,357.292111,true,true,6697607BD57BEBC6D99FFF2EA8C0F2C79257CFCED66E7E8E9DDFA31308536708
WEEKLY_FORCED_CLOSE,control,2022-09,4,41.275294,41.275294,0,0,398.567405,true,true,1379B0DF33C5FB364D128E6D34895F7B62C4869BDB7336FE85D506E28C33FFD1
WEEKLY_FORCED_CLOSE,control,2022-10,5,0.634131,0.634131,0,0,399.201536,true,true,F670C309F8D8C03F8A4234E6DA94D66110F3F1571CA496A21D35D196246A4D5E
WEEKLY_FORCED_CLOSE,control,2022-11,4,27.663952,27.663952,0,0,426.865488,true,true,056E153500DCCF6354BFE95265BF31E60F13F8464CB21A33745BB0F392C0E612
WEEKLY_FORCED_CLOSE,control,2022-12,4,4.24687,4.24687,0,0,431.112358,true,true,6CC8C73F5F8572C63B91D804E9F5C4BA60B4615CFF252F758EF295E9CA47CFA9
WEEKLY_FORCED_CLOSE,control,2023-01,5,-2.749188,-2.749188,0,0,428.36317,false,false,886C586D6C5A4F155D51AF9FE736281C51B7FE15248979C88CA896064C5E26F0
WEEKLY_FORCED_CLOSE,control,2023-02,4,-4.225866,-4.225866,0,0,424.137304,false,false,85063B7A180F738B62E006BF37A76253804F763F260EF61A7F29CC7B97DBE63E
WEEKLY_FORCED_CLOSE,control,2023-03,4,37.450372,37.450372,0,0,461.587676,true,true,6A1752B1DEC81EBA064ADFD960C2BDEBD9EC030AB6FED24402B76211FBB47109
WEEKLY_FORCED_CLOSE,control,2023-04,5,22.997424,22.997424,0,0,484.5851,true,true,8FE211C52D65049FF258CE14F22E7D872EECF221FEB92894C3238820EEAB01A0
WEEKLY_FORCED_CLOSE,control,2023-05,4,-5.199346,-5.199346,0,0,479.385754,false,false,C97226876DC523011608453BC79040B42958AE4C180F5A88BDAF8DC5683201E9
WEEKLY_FORCED_CLOSE,control,2023-06,4,-25.615539,-25.615539,0,0,453.770215,false,false,EEDAF5C19D5C3A5E128F67F6F06185C93F55B350800C9BFA25EF86824BF74ABE
WEEKLY_FORCED_CLOSE,control,2023-07,5,26.987633,26.987633,0,0,480.757848,true,true,20208D11D878A264AB54A4FABF4CA322A9324C8C1F571C7B8B3B2CC355B63D9A
WEEKLY_FORCED_CLOSE,control,2023-08,4,8.930638,8.930638,0,0,489.688486,true,true,E57445E7D1DF9C7BDD615CBDA3BCA120D433224659548255CD148290D729AA18
WEEKLY_FORCED_CLOSE,control,2023-09,4,-35.945381,-35.945381,0,0,453.743105,false,false,633F9FAE7FA51F60450A1971623902ED17F9253F04C6D9ADA1525776D5FF1A17
WEEKLY_FORCED_CLOSE,control,2023-10,5,23.301391,23.301391,0,0,477.044496,true,true,5D04902BEAFAD9A53EFEE5A5EA79EBE6BDD88F76CA4875624C19063F809703CA
WEEKLY_FORCED_CLOSE,control,2023-11,4,50.645181,50.645181,0,0,527.689677,true,true,467783167875009323ECE833D904CF38C324BBC7F4DB54D5F6E04DA2D799D65C
WEEKLY_FORCED_CLOSE,control,2023-12,4,57.998769,57.998769,0,0,585.688446,true,true,202D4AA779D7D8B0CE88EAB32237B3AF79E8899854FEA2741E376E5D5BAB4505
WEEKLY_FORCED_CLOSE,control,2024-01,5,-51.030461,-51.030461,0,0,534.657985,false,false,58FADEF68D86AC424875ADB0884893CD1948FDCA79582AC798052ED63DC166A0
WEEKLY_FORCED_CLOSE,control,2024-02,4,-19.107625,-19.107625,0,0,515.55036,false,false,4A6916FA43025C18BDBC66C436B1DB7C89B2D7BB30E5B0967AF1771F4D318BB5
WEEKLY_FORCED_CLOSE,control,2024-03,5,-5.438062,-5.438062,0,0,510.112298,false,false,9479121B0E72C2C06F36568A963BD3305D1E3CF39432334F4A04D4D6E374EB18
WEEKLY_FORCED_CLOSE,control,2024-04,4,8.614855,8.614855,0,0,518.727153,true,true,612346788637095D3801F48D7B9D8AF58C865CE69B35A130AE726AEE99CBAD43
WEEKLY_FORCED_CLOSE,control,2024-05,4,-32.341301,-32.341301,0,0,486.385852,false,false,EA92177AD986AA72D88983ECA4641AC31AAA90AE7B5D10DACEB584F13F56E17E
WEEKLY_FORCED_CLOSE,control,2024-06,5,-17.492563,-17.492563,0,0,468.893289,false,false,81D8DAEC5AD08AC89494576234E6F462DB5CA1F7E299935B9A2E6DE51855EC7A
WEEKLY_FORCED_CLOSE,control,2024-07,4,154.751535,154.751535,0,0,623.644824,true,true,0527A5F9F620644890FCE395D34F91BB6C352E52179C6B4A61016B7EE00BA808
WEEKLY_FORCED_CLOSE,control,2024-08,4,-2.545762,-2.545762,0,0,621.099062,false,false,E733220BE620CECDD6D7244AEFC12FA9E206F18622DBB95538B3A6E3C87AD88A
WEEKLY_FORCED_CLOSE,control,2024-09,5,-9.885342,-9.885342,0,0,611.21372,false,false,4865A4B4059C07D3B513AF4581FF34D2909AB40F517D0F9EB83565C1A78115BB
WEEKLY_FORCED_CLOSE,control,2024-10,4,2.914807,2.914807,0,0,614.128527,true,true,F493130BCE3D1F1BEE10FA3EE45D1D35BB43DCC5B6363C3B0C5597C1E055C3D7
WEEKLY_FORCED_CLOSE,control,2024-11,4,8.742314,8.742314,0,0,622.870841,true,true,72763456005DFCD0E36D605FE328F72092016917382600BAE91C4022A5049E09
WEEKLY_FORCED_CLOSE,control,2024-12,5,12.823659,12.823659,0,0,635.6945,true,true,F48962291C53F3BCEB32585A4832FC53F637FBABC04942A3AF31C57D95DC247B
WEEKLY_FORCED_CLOSE,control,2025-01,4,8.557224,8.557224,0,0,644.251724,true,true,7B4BF12F01CA421065515C12749B10DB8A0E078FC294BF74240E88AA4D5266A5
WEEKLY_FORCED_CLOSE,control,2025-02,4,-4.851743,-4.851743,0,0,639.399981,false,false,07578B81018CDA5F89C4A0BC5CA8A36886D25A9053A0551F1CD2E28BF0B90CA5
WEEKLY_FORCED_CLOSE,control,2025-03,5,53.395194,53.395194,0,0,692.795175,true,true,AC13BD365412D6C04E38FD45C286ABEB0F15E170DE1A69DC5EE3D7847816AEA5
WEEKLY_FORCED_CLOSE,control,2025-04,4,7.121456,7.121456,0,0,699.916631,true,true,E8CC5FE4B060B731C13C35686608C4F5BF770B0098BC53ED2640BDD32A5D3F44
WEEKLY_FORCED_CLOSE,control,2025-05,4,1.209155,1.209155,0,0,701.125786,true,true,76D3FE66AE2BFA4F4E88DA38623EF59DAB9166610826D4AEEBCD1E34FEA94A0A
WEEKLY_FORCED_CLOSE,control,2025-06,5,2.348674,2.348674,0,0,703.47446,true,true,BA6CF4E4B512D97186EAE69E366FBD2EFAA3E47F9080FCBA44A37B4422F485BE
WEEKLY_FORCED_CLOSE,control,2025-07,4,-20.857424,-20.857424,0,0,682.617036,false,false,F69E78B859C4028855DCB4FAE9FF63C9B53C76588E75EB7E9B73EE330512F005
WEEKLY_FORCED_CLOSE,control,2025-08,5,17.582198,17.582198,0,0,700.199234,true,true,C7FC7B326369C0CC1D562E6637759CECE014086EC22ECFCBA13039EC48E3BDC5
WEEKLY_FORCED_CLOSE,control,2025-09,4,0.546912,0.546912,0,0,700.746146,true,true,BCAB620FA2A584335BA2591E6C4E28318FB0C0950CB7E916B02958D6AF562DE0
WEEKLY_FORCED_CLOSE,control,2025-10,4,-25.081972,-25.081972,0,0,675.664174,false,false,BFD673AB31347105F21C5253E3DB512518E6FE8E9439CA24ABA0BDE78F3841FC
WEEKLY_FORCED_CLOSE,control,2025-11,4,10.377772,10.377772,0,0,686.041946,true,true,940758D08A75542915F1716D3371ECB5BA3DE31D721B15F8C36DDED5C6496D27
WEEKLY_FORCED_CLOSE,control,2025-12,5,-24.949407,-24.949407,0,0,661.092539,false,false,9D99CF28C462FC7A1E459E574A7E47E2BD5CA18C08C999BA0B55778AF1E307B6
WEEKLY_FORCED_CLOSE,control,2026-01,4,-18.817206,-18.817206,0,0,642.275333,false,false,A3F95DC7EFD6787E2E3FC7FF9D10D553B9DA99FD29EE90BBFCA0076100A4AD2A
WEEKLY_FORCED_CLOSE,control,2026-02,4,-10.168628,-10.168628,0,0,632.106705,false,false,61AF4C40383A95FDE49DBB8ED07869A343C08117D64497A887DA1D66E5C0073E
WEEKLY_FORCED_CLOSE,control,2026-03,5,-17.717336,-17.717336,0,0,614.389369,false,false,DCF18C7AA74F0D3337270FA821B31F92B8F709AF5B22BEF6933294995F535ECE
WEEKLY_FORCED_CLOSE,control,2026-04,4,30.741235,30.741235,0,0,645.130604,true,true,A34BC705EB1664414A8DA4574D6E71248AFA31D82A4FE36C06BECE38FB46C45C
WEEKLY_FORCED_CLOSE,control,2026-05,5,-7.015199,-7.015199,0,0,638.115405,false,false,880BC95B44342F700FA0FA834B470FA381F151CDCB4489F8B770E54B5893392D
CARRY_UNTIL_FLIP,control,2019-04,3,-13.84215,-4.769899,-14.141149,-20.34698,-13.84215,false,false,F4A856090D56CB28E2A843ACB637567B7864DA8849497B1E904A7084DE5EE5BF
CARRY_UNTIL_FLIP,control,2019-05,4,19.757102,3.704208,13.142363,6.980643,5.914952,true,true,31AA197CB2B9DF948BB2431F4BD3B280C076BDD239F82971875D339724A4E3A4
CARRY_UNTIL_FLIP,control,2019-06,5,2.909797,11.53,23.780854,-1.63956,8.824749,true,true,1B199B7116F46A843EB56ACBD70A2448893F5D73BD95F9104753742CD4F462E9
CARRY_UNTIL_FLIP,control,2019-07,4,0.34296,5.237419,-12.571711,-25.104549,9.167709,true,true,B1F839F19633F7DF3DFC4ED9D6B306D78FE3AF1D11A7FBE09EDCE05517B01167
CARRY_UNTIL_FLIP,control,2019-08,4,22.474005,39.415778,-8.34697,-23.475792,31.641714,true,true,DCDE440AB80DF467390B913A10583E51B77D2E04EEDFE3187FEE36888F4B7988
CARRY_UNTIL_FLIP,control,2019-09,5,6.428453,31.72246,-36.64071,-49.532748,38.070167,true,true,50B1D8D463D744BCD2B0C3623A133AA89A72AC7F67D49E0A2D31D4360A4EFE9C
CARRY_UNTIL_FLIP,control,2019-10,4,62.300464,0,-2.717472,-20.191847,100.370631,true,false,20C3F2905ECECCC4FB54DAF2A1341703B846E7421BC66CFF223C5931B4989096
CARRY_UNTIL_FLIP,control,2019-11,4,-23.645958,4.128172,-14.947963,-18.373847,76.724673,false,true,46CD3A2DC2E1FA2F40D9B2BFFFBA42577B0875DEAAA15C9345853CD2BC8AD7DE
CARRY_UNTIL_FLIP,control,2019-12,5,17.160681,39.780949,-7.81025,-36.863733,93.885354,true,true,C1380D43AA0D701AFE00418C7428A70FACFC8BFFECEA9F909F740678A99F00A6
CARRY_UNTIL_FLIP,control,2020-01,4,3.192514,1.965202,-44.808692,-52.479863,97.077868,true,true,9741168A2584F0021C424A6593D4C971ECAA72CD973918409B166BCFAC3970B8
CARRY_UNTIL_FLIP,control,2020-02,4,23.412215,-19.176902,-32.610107,-61.620507,120.490083,true,false,4AB6818A8226E4CF39301725FAC460D4EF57BD0391A50627B7A006BCD83E8F3D
CARRY_UNTIL_FLIP,control,2020-03,5,59.564873,65.924884,22.004702,0.592685,180.054956,true,true,B58181E23812D316B4E4C7CB1C72D59A0E54E2039A17175F0E7FC242AC4B105D
CARRY_UNTIL_FLIP,control,2020-04,4,1.392922,45.63015,-32.259334,-48.497724,181.447878,true,true,34D1F668427C3F12DC9BA9FBF447EF069E7E8B3FBF9D85942E70A93BD17564CC
CARRY_UNTIL_FLIP,control,2020-05,5,68.008325,-11.604294,-33.410157,-83.269688,249.456203,true,false,523451DA2DBA9F14B0F00024FBBAB97047DFC6C5F201C755F0353357A2501AF4
CARRY_UNTIL_FLIP,control,2020-06,4,-16.873595,17.702087,6.26891,1.392394,232.582608,false,true,BB21D57AAF582C922A3B8F455A014FB63DBB5CCA84E5E7A51CBF848E6B6B2DF6
CARRY_UNTIL_FLIP,control,2020-07,4,-6.491895,-6.4069,2.137438,-3.240746,226.090713,false,false,C17BE780F7BCB7A37C95C942092EFC504D4D80C852130796FF0D86765D899B8D
CARRY_UNTIL_FLIP,control,2020-08,5,-6.464497,33.910756,-38.79852,-50.895669,219.626216,false,true,5C4749A02C4ABCBDEB595AAF72BECFDCE45EA4DF74920B9AA931112C8F218B15
CARRY_UNTIL_FLIP,control,2020-09,4,-4.756016,-1.250377,-45.812893,-61.190148,214.8702,false,false,EA6FD20FD88931006FC0CD59BAF85D4B3A9A32B3D116FBF499A932F2ACE8F1CA
CARRY_UNTIL_FLIP,control,2020-10,4,6.662408,-0.782401,-43.352624,-54.116108,221.532608,true,false,5211DF09DCBCC633B864CA992DC5045A237D26FFE1D20D7D4229991734D439D1
CARRY_UNTIL_FLIP,control,2020-11,5,4.059503,-6.962775,-26.437354,-50.69358,225.592111,true,false,872335B60ECA680F9A004664DC365987C08009E4ABC0A02B8DCAE2AC31E5EB50
CARRY_UNTIL_FLIP,control,2020-12,4,-10.346338,-17.572543,-28.162715,-35.700329,215.245773,false,false,EA155CF548106F9C559FD9A0438C6DECCCE56BCD365F49254E86AB6C2854442D
CARRY_UNTIL_FLIP,control,2021-01,4,20.606498,-0.01706,-9.380694,-15.306268,235.852271,true,false,7995CA46417B7B501B1DDB033EBB88285E88BC2FF34DE9FF3B176C2A7F5175A7
CARRY_UNTIL_FLIP,control,2021-02,4,59.96188,10.657335,41.231512,26.729167,295.814151,true,true,5712340CAD209181FA7A46CE24AC8912E0C75721FF08AA8B27F516CF56DEE235
CARRY_UNTIL_FLIP,control,2021-03,5,28.314189,52.019158,58.755015,29.342933,324.12834,true,true,B74F859BCF80EF20401F363E50F14FE0827207EC7E2602BBC483AEDCF5E8D122
CARRY_UNTIL_FLIP,control,2021-04,4,8.300828,1.77711,31.893543,27.50657,332.429168,true,true,FE7EE107F201C7894CF358E167AA2D091B9CED95AC0C9BE693AAB8DFFFEAC744
CARRY_UNTIL_FLIP,control,2021-05,5,-7.518606,1.52371,23.206882,15.318624,324.910562,false,true,616190EB079E9106A6504E98A445597AB11B3BBF6F4FB9BE41C08B4BC82A15B1
CARRY_UNTIL_FLIP,control,2021-06,4,17.416961,-2.63412,37.069497,26.018446,342.327523,true,false,D924388E7A7877099663FF0F3BA8A1884F96268F396361B80AE4980EB40B15FD
CARRY_UNTIL_FLIP,control,2021-07,4,-7.039826,14.582963,35.720078,25.252627,335.287697,false,true,758BFC072376AD9283A8590A3025BB25BA00D15AF2598A905DB43AA8CEC51D6A
CARRY_UNTIL_FLIP,control,2021-08,5,21.255484,34.186728,-4.219471,-31.477776,356.543181,true,true,833A1E51089E099E7AC97A3D7BDA022597CE1903FB81A3416FB1F4FA1E50A3E5
CARRY_UNTIL_FLIP,control,2021-09,4,2.155408,2.222452,4.856795,-0.985911,358.698589,true,true,007B1EB1C399386A02338A3ED4B6133D84E7E2CFEFAD3D315EE010371B2E91B7
CARRY_UNTIL_FLIP,control,2021-10,5,34.626918,3.73165,37.883523,22.895778,393.325507,true,true,1CE7D8FD33F6F9C6FE5FE08F9D187D9AC751262B2329A8F533F0952C08797A51
CARRY_UNTIL_FLIP,control,2021-11,4,-13.418303,-0.695061,28.050147,21.172768,379.907204,false,false,EC583746AB2027B8CC86E052E1EEBFFBAB3DA7AE134119A41058A26DD63C8704
CARRY_UNTIL_FLIP,control,2021-12,4,17.248454,-1.121743,37.274548,29.644297,397.155658,true,false,B6A86C118443BA38F1C79021D5AA09883A3AEF4473917C38B81620034C6766A8
CARRY_UNTIL_FLIP,control,2022-01,5,14.773639,9.077868,39.936105,19.160906,411.929297,true,true,1CFF9FFB031C7E126FFD075143E51CFDE782C37E794162303A78DB3D0D88498B
CARRY_UNTIL_FLIP,control,2022-02,4,-27.409485,10.497543,39.554783,16.585305,384.519812,false,true,9408AB05F7DC3AD87622172D50BDEEA11E06ED35942B7FD5971F6E932AC5DF0A
CARRY_UNTIL_FLIP,control,2022-03,4,48.758487,50.598967,41.823433,14.744825,433.278299,true,true,27C44E967F1F0DC3483C366C869E039D8713FE89EFDBF1476BF0E2C195CE8F4E
CARRY_UNTIL_FLIP,control,2022-04,4,4.56629,50.508934,-1.799965,-31.197819,437.844589,true,true,C44A370502171A7D1F7AF77A07806619BEFA36ED6195299C81F34E681C9AEAA9
CARRY_UNTIL_FLIP,control,2022-05,5,23.411163,9.774044,-28.939889,-35.590591,461.255752,true,true,E75CE10D3751D32665D9F8A4D2EACA0217CB543BDD3E752EB0FA11F884730BCB
CARRY_UNTIL_FLIP,control,2022-06,4,-14.260157,-15.67783,-7.957664,-16.143027,446.995595,false,false,3D81594B196FF83C8F1F3F72A31CFD499CBA98086A3FE18989A5EE4FAB1C2C96
CARRY_UNTIL_FLIP,control,2022-07,5,-34.448124,-30.375843,-19.205018,-30.484524,412.547471,false,false,F1A0F122DE4C153D267F303A790C85FAFE7AFBACAA4D68EF0350AD4D8A4F1873
CARRY_UNTIL_FLIP,control,2022-08,4,2.983238,-8.310533,-22.464091,-32.310306,415.530709,true,false,31F6016CA3640B853BE6DC84871ACD123238E757639FE85ED8C510B60A9C7990
CARRY_UNTIL_FLIP,control,2022-09,4,46.145229,16.878401,9.059069,-13.052412,461.675938,true,true,66501C31C39D599AED4F395A116CCB6EDD147BFADF1BA7D20B406E82980AB54B
CARRY_UNTIL_FLIP,control,2022-10,5,17.580288,27.961334,25.578987,9.964245,479.256226,true,true,7FA733F90CC666AC62414A556F0C47AE5CCE177F8E0CD8CD5FAC21568DF885F2
CARRY_UNTIL_FLIP,control,2022-11,4,41.751726,61.303482,17.686104,-9.587511,521.007952,true,true,D57A4954516E0B5DD184045D8B26D6670EA9C7566B7C2625A14FE69721FB1717
CARRY_UNTIL_FLIP,control,2022-12,4,6.75669,8.51618,-3.748349,-11.347001,527.764642,true,true,29CF102DCF52EBAAB31EDB7ABA8BEE27B12B3D4930081CBFD71224B25078E2A1
CARRY_UNTIL_FLIP,control,2023-01,5,12.21134,3.39521,0.529358,-12.146986,539.975982,true,true,B1FDA89647734C656756360DF540CB784E44A6D66A1D9C83BCCC256603F5555B
CARRY_UNTIL_FLIP,control,2023-02,4,-7.593443,5.10425,-11.441352,-15.228564,532.382539,false,true,CDB02A834EE4E30EC17C0B2974A6979B4A30029CF191D7519954BD42E8935CCB
CARRY_UNTIL_FLIP,control,2023-03,4,38.068287,16.113552,9.425914,2.797022,570.450826,true,true,D478AA0B3195489B72E3463ACFEF45D41D48E2DA8E3F29F36B2811221E2216A5
CARRY_UNTIL_FLIP,control,2023-04,5,7.890955,17.013398,11.125512,-2.396272,578.341781,true,true,87B143A9934CAA83ED403A9909BA897FFA94C4E757A0455298347A265E4AC671
CARRY_UNTIL_FLIP,control,2023-05,4,-7.552677,18.129167,-21.98026,-32.870316,570.789104,false,true,FCCC3AC36AAABA654570E0167EF15B69936D1ECD9827AD071546112FA330B40C
CARRY_UNTIL_FLIP,control,2023-06,4,-29.591966,-1.195558,-43.802739,-56.474524,541.197138,false,false,DCDC9207AB1CC0662632E7660EF156EA25884B9116E0940A3C8896BB49A37E3D
CARRY_UNTIL_FLIP,control,2023-07,5,25.670497,-18.110479,-17.782646,-31.667211,566.867635,true,false,6E1AA8AB05124580798B0AFE0677E79A70C90FF5B2C7ED807F9AFF3F5C924369
CARRY_UNTIL_FLIP,control,2023-08,4,2.326055,8.863746,-19.112722,-23.456117,569.19369,true,true,D5D256B66C71379C6407366F918D81034360A6BF94BAA50F89414098B8A565CF
CARRY_UNTIL_FLIP,control,2023-09,4,-22.909672,6.488567,-36.153062,-48.629478,546.284018,false,true,5BD86F0D9C494DE62D144D8DDACA3CB4592292ED580AB6BEF3D9326C29B3D751
CARRY_UNTIL_FLIP,control,2023-10,5,16.092844,4.397865,-39.225216,-48.198371,562.376862,true,true,AD767B0567DC2AB850E17ECE97AABDE561864A79B70DD3A4AA5C7C5A4641A36F
CARRY_UNTIL_FLIP,control,2023-11,4,39.533992,7.723773,-29.078844,-48.744678,601.910854,true,true,8054F7054E9776092D0EFAF29E0425DEF6E3AD604F188C55EB3179FA32728F41
CARRY_UNTIL_FLIP,control,2023-12,4,51.665445,15.367333,22.147695,6.118468,653.576299,true,true,8411609C6F53C5BA69460DC2AABA350CDF8E59E0C1BD09E5CEC25F85A2745822
CARRY_UNTIL_FLIP,control,2024-01,5,-47.592427,29.48427,-16.841788,-45.902865,605.983872,false,true,ABF18190D6FD768174231E7C12528DDADB7927C67BF797E72241F2A6FDC65242
CARRY_UNTIL_FLIP,control,2024-02,4,-13.37555,-0.143462,-59.845173,-63.862259,592.608322,false,false,C7FD5E8F19DEF390DC5E2E724BE52069835E28A8A08466472CE12F45F198705F
CARRY_UNTIL_FLIP,control,2024-03,5,-0.458013,1.862999,-62.184016,-70.210589,592.150309,false,true,B03DBD5BC079E989249DCAC5BA1259FBEBCE33263201185AA1E06575F970F821
CARRY_UNTIL_FLIP,control,2024-04,4,7.509161,8.659105,-72.720244,-88.0396,599.65947,true,true,AED33B0A4B116BE8F23BAE5D138EA206341F0D85D73FB7B8834D8F462EE683DA
CARRY_UNTIL_FLIP,control,2024-05,4,-39.237962,2.281466,-97.587389,-114.536961,560.421508,false,true,F3A2D664189860C62D7BAA221670925D2B37758B952357DBC72C0A2F74A803F4
CARRY_UNTIL_FLIP,control,2024-06,5,-26.596897,8.909427,-115.585447,-139.631661,533.824611,false,true,E4701F1449688EC86ECEFF8B3937ED3D6D019DD697903AC0540E48B2B3F80A62
CARRY_UNTIL_FLIP,control,2024-07,4,151.830732,9.768128,-76.997494,-138.106257,685.655343,true,true,45A673936E8364D48EBDC9BDA383DB1087E5C2C254D8CBF28AB30F65BB23CAEF
CARRY_UNTIL_FLIP,control,2024-08,4,-10.11248,-18.018524,15.867907,8.027226,675.542863,false,false,D3BE94A631FB4BF0564A05E7E7524122F5C21F3CF3EF36B101B234F68A6CFA12
CARRY_UNTIL_FLIP,control,2024-09,5,-16.880697,-0.925726,3.594844,-8.344992,658.662166,false,false,3420D78A161E28F4CDA94243BFD3A5F277A692FFE4BB0C82E5701435BB498949
CARRY_UNTIL_FLIP,control,2024-10,4,0.619447,5.177986,-9.130003,-16.050896,659.281613,true,true,7B93B61E5B982889044C670923A86C1129A45777DD2BB72732514396931C393F
CARRY_UNTIL_FLIP,control,2024-11,4,9.715184,-3.142805,-1.603966,-13.937218,668.996797,true,false,E900F3613AAF5EDDCFADCDC1C5FBD01576784CBD2AC90BC77090F8C51A7589DB
CARRY_UNTIL_FLIP,control,2024-12,5,18.036726,18.295914,1.693494,-3.758647,687.033523,true,true,8A13937A357223EBF32E82C11974518462F2607BDFD30172BD21AA15ECC00D06
CARRY_UNTIL_FLIP,control,2025-01,4,1.587765,3.50735,9.375139,0.502693,688.621288,true,true,42F6C159D0931F42B1BC170B2B51B840AAE56E36BEE183B6C9AC3A5FB9F1A432
CARRY_UNTIL_FLIP,control,2025-02,4,-12.072233,8.209456,-14.49712,-27.800571,676.549055,false,true,2667150D4FBD03E58413429E0CD10F160C0797489B4B95CE0AA87935478A5E96
CARRY_UNTIL_FLIP,control,2025-03,5,56.063286,12.68666,-3.779995,-18.087209,732.612341,true,true,05B10C18F5BAC56010BDA0A2E8EE72BC53F35B0DA1BD0A260325A20F05AD357A
CARRY_UNTIL_FLIP,control,2025-04,4,-0.340193,-12.309222,47.49753,32.815649,732.272148,false,false,F06CC4F4EF89312F8330334187C019DBAB310DE9458B7E2E5414CC6C7681440F
CARRY_UNTIL_FLIP,control,2025-05,4,-5.556115,-13.986597,23.331043,4.596624,726.716033,false,false,E41B759DDE0F4833F3E8C88A73AAEDC2FA2EC6248CBF60AA959C2A6D4F932F36
CARRY_UNTIL_FLIP,control,2025-06,5,5.938891,36.348812,30.28993,5.818477,732.654924,true,true,153F34C61D0B8A0922ECA7D22EDEE65706E37808F82DFB5F0BDD06437B0E92D7
CARRY_UNTIL_FLIP,control,2025-07,4,-18.802131,-18.259236,10.855137,6.761761,713.852793,false,false,8C4ED4235FCD8D6E54DEBA7049DB4218552885F7645B6CCA6E6DB8C362E5249E
CARRY_UNTIL_FLIP,control,2025-08,5,11.150496,1.653338,21.532682,17.066305,725.003289,true,true,B62326A485912F6CB9437E9395BC7A647EAED0400FD29F29764E262F677A946A
CARRY_UNTIL_FLIP,control,2025-09,4,-5.146212,-0.975353,14.112649,9.748798,719.857077,false,false,40034A17F66EC5A3E099031F42EE8823EBA497B5A8997CBDA0D6C060A292E8D6
CARRY_UNTIL_FLIP,control,2025-10,4,-39.161181,5.376706,-1.989466,-26.167263,680.695896,false,true,D908C2ADDE74F851C4C53DF0837803978F71576A4CD0A6A5BD946A6653D5BECB
CARRY_UNTIL_FLIP,control,2025-11,4,-7.811526,43.41581,-42.222461,-77.394599,672.88437,false,true,590FEDC6C56EDC1D16D5A5D2A3C55182F214CE484B31854AB0E7514C6DAE46DE
CARRY_UNTIL_FLIP,control,2025-12,5,-20.850808,-7.572143,-80.92752,-90.673264,652.033562,false,false,23B2BBB007CA553A69F89D508CF481546DB8D86D44EAF6CBE4D966BEE4BAF4E6
CARRY_UNTIL_FLIP,control,2026-01,4,2.552578,0.87921,-97.969317,-107.371538,654.58614,true,true,408304C92FF84A7819301936C1AD7F9D75FB77DB52E43CE631E67D9D4B62FB57
CARRY_UNTIL_FLIP,control,2026-02,4,-24.731426,-5.687556,-95.273913,-108.043766,629.854714,false,false,1301C1D2F74D454C67BA3EF3C2AEA59C2D05D4D350721C2F75DD4CA9A4ED9977
CARRY_UNTIL_FLIP,control,2026-03,5,-30.963531,-26.347868,-103.125766,-118.628604,598.891183,false,false,D8DDEEBE2F23B7BB15EEA5277A18F9DA31DFEB4051A14D1C7E329F8223694817
CARRY_UNTIL_FLIP,control,2026-04,4,6.634941,-12.082274,-98.088947,-103.109114,605.526124,true,false,D68CE094D588BCAF4A19E5E9E1178E517992C6CD727F9444AEDC0C8BC2678B6B
CARRY_UNTIL_FLIP,control,2026-05,5,-8.006278,-4.780192,-95.162125,-108.650046,597.519846,false,false,5537B6106E47DE7747FECC5B2ED379FF353EDE072FAE986E06D1BCC0699528AF
PAIR_NET_GRID_CYCLE_TARGET_075_SPACING_020_RESTART_UNTIL_FLIP,adverse_only_pair_net_grid,2019-04,3,-83.804927,212.176611,-248.737437,-327.837044,-83.804927,false,true,F728CE5B5871142A4D90F38B7A94635ED715EBBBB90F37FF110DE465CB9B75FD
PAIR_NET_GRID_CYCLE_TARGET_075_SPACING_020_RESTART_UNTIL_FLIP,adverse_only_pair_net_grid,2019-05,4,-735.797451,211.144907,-768.661126,-1242.923896,-819.602378,false,true,F6CE89F715D71F9B8D0D02C49D2BE9744C6E59FAA3929D4D464DD631FD255E5B
PAIR_NET_GRID_CYCLE_TARGET_075_SPACING_020_RESTART_UNTIL_FLIP,adverse_only_pair_net_grid,2019-06,5,101.79908,328.634544,-1042.73759,-1469.75936,-717.803298,true,true,5C42451B4D003D36BAA3FCFBCA97575905C2FEFF09FAA2828B2876BBE56AE10F
PAIR_NET_GRID_CYCLE_TARGET_075_SPACING_020_RESTART_UNTIL_FLIP,adverse_only_pair_net_grid,2019-07,4,-1924.804375,197.523304,-2282.445595,-3592.087039,-2642.607673,false,true,3DE1C16228A574A420F5E4294F25AA75B4B7DFB9E7CC7F36804D324C4B0D472C
PAIR_NET_GRID_CYCLE_TARGET_075_SPACING_020_RESTART_UNTIL_FLIP,adverse_only_pair_net_grid,2019-08,4,401.653061,351.162548,-3381.595267,-3804.536471,-2240.954612,true,true,DC3AFD1060BC04B151FF093014D4DECCB41E700AE74E3881897135365A6C82DD
PAIR_NET_GRID_CYCLE_TARGET_075_SPACING_020_RESTART_UNTIL_FLIP,adverse_only_pair_net_grid,2019-09,5,1343.227596,219.658119,-1942.2644,-2470.15968,-897.727016,true,true,3BDA0EB096B24BD2B4FF45F5BB5D4537B4F333E611D6C363D4207E686692F0E0
PAIR_NET_GRID_CYCLE_TARGET_075_SPACING_020_RESTART_UNTIL_FLIP,adverse_only_pair_net_grid,2019-10,4,2268.302683,321.922275,-643.374061,-825.225233,1370.575667,true,true,DF56811D24352BB850DEBEE5DAFB70C844250E3561474A4B6F43949B98B6FB21
PAIR_NET_GRID_CYCLE_TARGET_075_SPACING_020_RESTART_UNTIL_FLIP,adverse_only_pair_net_grid,2019-11,4,-9.800997,210.581064,-717.381979,-790.752144,1360.77467,false,true,6EAC2B81E0C17D4B2F8DECB51794E0AAC88714EC3445ADB8C57D0CC349639693
PAIR_NET_GRID_CYCLE_TARGET_075_SPACING_020_RESTART_UNTIL_FLIP,adverse_only_pair_net_grid,2019-12,5,-165.142371,397.436836,-1012.165814,-1254.607909,1195.632299,false,true,81037A945BF5C2919C0F7104B281A34FEADEA3C9632758D1567BE4B0D94BA6B7
PAIR_NET_GRID_CYCLE_TARGET_075_SPACING_020_RESTART_UNTIL_FLIP,adverse_only_pair_net_grid,2020-01,4,-404.501467,37.922328,-1391.509585,-1697.031704,791.130832,false,true,C5ACAAA36BE0F50D8AFB8346515F9DD3B8238C9A076BA7401C492E29D3DD76BA
PAIR_NET_GRID_CYCLE_TARGET_075_SPACING_020_RESTART_UNTIL_FLIP,adverse_only_pair_net_grid,2020-02,4,82.395812,35.709501,-1567.244519,-1692.794267,873.526644,true,true,5F1FC9921FB54F375B081E8761DEDEFB8FFE0C56CCA0CEC21C5D5D49BDA01221
PAIR_NET_GRID_CYCLE_TARGET_075_SPACING_020_RESTART_UNTIL_FLIP,adverse_only_pair_net_grid,2020-03,5,1010.147,316.654502,-1558.78551,-1919.353151,1883.673644,true,true,DD4C84E76E19E181C8DA70656BA5B3B05FA037385FA2E23020222F63954BBACA
PAIR_NET_GRID_CYCLE_TARGET_075_SPACING_020_RESTART_UNTIL_FLIP,adverse_only_pair_net_grid,2020-04,4,16.836146,129.783281,-1052.299847,-1089.080425,1900.50979,true,true,E9D99AC6EBE35E22A4B84862885542BC88FA242FA7ABCC710AAEC4787DDA87EA
PAIR_NET_GRID_CYCLE_TARGET_075_SPACING_020_RESTART_UNTIL_FLIP,adverse_only_pair_net_grid,2020-05,5,1017.883074,341.147051,-813.573092,-1151.562537,2918.392864,true,true,B21AB75C7167D606900C30583F58D4398CC836D4949F169FD970FE6FC43BA3F8
PAIR_NET_GRID_CYCLE_TARGET_075_SPACING_020_RESTART_UNTIL_FLIP,adverse_only_pair_net_grid,2020-06,4,-355.433514,120.005831,-872.673695,-927.141833,2562.95935,false,true,A310A6AF86B4C48760C5968DF70867A7F6032D0BEB3FD2FF42AD2017AD42B037
PAIR_NET_GRID_CYCLE_TARGET_075_SPACING_020_RESTART_UNTIL_FLIP,adverse_only_pair_net_grid,2020-07,4,-161.798841,228.178957,-891.750549,-1258.48115,2401.160509,false,true,14C49C85DCF672352F23CD964F9A5CA3250CC70BA69408FBFC5302E7479CF592
PAIR_NET_GRID_CYCLE_TARGET_075_SPACING_020_RESTART_UNTIL_FLIP,adverse_only_pair_net_grid,2020-08,5,585.99381,-39.502088,-973.13655,-1179.908562,2987.154319,true,false,33816DE373B3DE1231B11BD271D6F12A4202035421E7D45E6E6AC03CE8730A87
PAIR_NET_GRID_CYCLE_TARGET_075_SPACING_020_RESTART_UNTIL_FLIP,adverse_only_pair_net_grid,2020-09,4,276.515521,100.011741,-760.190219,-1165.632893,3263.66984,true,true,EB2F4044E9072F6490F8D521C2F98770C2B19439C70F4BBD954E43B01960CE28
PAIR_NET_GRID_CYCLE_TARGET_075_SPACING_020_RESTART_UNTIL_FLIP,adverse_only_pair_net_grid,2020-10,4,83.796771,264.473482,-584.52213,-637.158183,3347.466611,true,true,E50802B8192E3DCF8EF3B970DE61A8CA95664B1B238E0389D1F41038829A322B
PAIR_NET_GRID_CYCLE_TARGET_075_SPACING_020_RESTART_UNTIL_FLIP,adverse_only_pair_net_grid,2020-11,5,54.375348,-187.285921,-356.184314,-825.14708,3401.841959,true,false,ECCBBF200F843D3D9F4FCE13058754C5BC83D4DD8CEE9B12D47C4AF597F5C0CB
PAIR_NET_GRID_CYCLE_TARGET_075_SPACING_020_RESTART_UNTIL_FLIP,adverse_only_pair_net_grid,2020-12,4,-79.699259,78.579081,-593.977803,-716.094581,3322.1427,false,true,B7782893BB248B1B1DEC66C51B67F598C8B76B3E1EFBE9552A51AAFFBBA6A606
PAIR_NET_GRID_CYCLE_TARGET_075_SPACING_020_RESTART_UNTIL_FLIP,adverse_only_pair_net_grid,2021-01,4,527.005631,259.9094,-491.484968,-686.107609,3849.148331,true,true,E21DE57E18DAF5CDEF165D62A1EAB660DE299A50D0FC7B08F50EB1C161E21931
PAIR_NET_GRID_CYCLE_TARGET_075_SPACING_020_RESTART_UNTIL_FLIP,adverse_only_pair_net_grid,2021-02,4,156.534066,379.249357,-398.353811,-509.394314,4005.682397,true,true,F17456D413C12351FE0BF5249F4290E9F9AF0A55CE9A0B71E31E57E81224AFEA
PAIR_NET_GRID_CYCLE_TARGET_075_SPACING_020_RESTART_UNTIL_FLIP,adverse_only_pair_net_grid,2021-03,5,249.779329,315.408832,-488.573955,-644.290165,4255.461726,true,true,B1CEA3CB0B5C9BBC558534F0931DDF982DDCDE894B1CF36FEA48DAED07446ECC
PAIR_NET_GRID_CYCLE_TARGET_075_SPACING_020_RESTART_UNTIL_FLIP,adverse_only_pair_net_grid,2021-04,4,560.298756,243.344985,-289.779655,-400.769969,4815.760482,true,true,67C23CCD2D874EFB54FA517A1FBD5B011735CEC72762B6ED9D08C7BAAC615D24
PAIR_NET_GRID_CYCLE_TARGET_075_SPACING_020_RESTART_UNTIL_FLIP,adverse_only_pair_net_grid,2021-05,5,-54.134564,245.870435,-536.631717,-602.301962,4761.625918,false,true,A60E4030BA2EF0050E37B9A4B31612ADC2A98D5CF6AB7D20137074466B382FB6
PAIR_NET_GRID_CYCLE_TARGET_075_SPACING_020_RESTART_UNTIL_FLIP,adverse_only_pair_net_grid,2021-06,4,646.195825,109.946666,-245.23157,-442.462832,5407.821743,true,true,44EA23CBF3B26D6947072BE80D760E9B72EC1478DE0994845530D7A2BB4E7B35
PAIR_NET_GRID_CYCLE_TARGET_075_SPACING_020_RESTART_UNTIL_FLIP,adverse_only_pair_net_grid,2021-07,4,65.485363,314.710839,-190.487011,-271.051362,5473.307106,true,true,57652D415C09BDF95B6390287223D470ED8143FC575DECFFF717F3093B350D95
PAIR_NET_GRID_CYCLE_TARGET_075_SPACING_020_RESTART_UNTIL_FLIP,adverse_only_pair_net_grid,2021-08,5,173.743776,253.393337,-409.141828,-933.287253,5647.050882,true,true,6E1908A010594A3A0872F67534BEB02C3740BD89B2894AD75CA6C8EF08405CE8
PAIR_NET_GRID_CYCLE_TARGET_075_SPACING_020_RESTART_UNTIL_FLIP,adverse_only_pair_net_grid,2021-09,4,486.940499,294.350305,-176.825897,-240.973929,6133.991381,true,true,14A335649D351F9FB94663768E55B1B8B50926C9425BAB65184216551F92B7F6
PAIR_NET_GRID_CYCLE_TARGET_075_SPACING_020_RESTART_UNTIL_FLIP,adverse_only_pair_net_grid,2021-10,5,-42.434129,189.605152,-362.501684,-458.515311,6091.557252,false,true,869698B926B1B56163082A5BC4A5BA4B34392183B3C099A15835E08829EAB42A
PAIR_NET_GRID_CYCLE_TARGET_075_SPACING_020_RESTART_UNTIL_FLIP,adverse_only_pair_net_grid,2021-11,4,-448.348723,161.19236,-666.73793,-999.691093,5643.208529,false,true,E6A9B26BFEF30FFB9098976A2A69D6CA2E12FB50D21BEC3D87236ACCCD287999
PAIR_NET_GRID_CYCLE_TARGET_075_SPACING_020_RESTART_UNTIL_FLIP,adverse_only_pair_net_grid,2021-12,4,529.988844,152.014461,-629.978689,-692.163781,6173.197373,true,true,5A94C1E03EF7D15EC1E391E6E51DA7C7C08AEC840425FA6AF8AF4CC5C2EA7362
PAIR_NET_GRID_CYCLE_TARGET_075_SPACING_020_RESTART_UNTIL_FLIP,adverse_only_pair_net_grid,2022-01,5,718.617652,272.19391,-502.463336,-740.830692,6891.815025,true,true,3DB932B5FBBBEE1796A2F9EA958F32D2EF9BB01AA575CB2153200FFD94A60D90
PAIR_NET_GRID_CYCLE_TARGET_075_SPACING_020_RESTART_UNTIL_FLIP,adverse_only_pair_net_grid,2022-02,4,-1392.4936,363.875333,-743.204869,-1931.661901,5499.321425,false,true,32E10F5D89E99E28F1775BB7C6463FD7890B3BB08B6858F693C6B41D6DBEC0AC
PAIR_NET_GRID_CYCLE_TARGET_075_SPACING_020_RESTART_UNTIL_FLIP,adverse_only_pair_net_grid,2022-03,4,754.070192,124.288872,-1186.392184,-1428.94296,6253.391617,true,true,AAE3B9314E4C70E6776B54A9E2FD631C6CE22248ED0CF69C2DF07D3FEFED3D69
PAIR_NET_GRID_CYCLE_TARGET_075_SPACING_020_RESTART_UNTIL_FLIP,adverse_only_pair_net_grid,2022-04,4,-130.210655,211.892369,-1361.458879,-1643.983605,6123.180962,false,true,6F0FFE9E352C38729264A46CFEC655045384245B553AE2484DE2CFC159089EA1
PAIR_NET_GRID_CYCLE_TARGET_075_SPACING_020_RESTART_UNTIL_FLIP,adverse_only_pair_net_grid,2022-05,5,853.924051,275.795447,-1092.526763,-1658.01717,6977.105013,true,true,7C01C08ECF9799CA4CA759743302CC1866178CEAC861A9FF7B99E0B1E6F979BE
PAIR_NET_GRID_CYCLE_TARGET_075_SPACING_020_RESTART_UNTIL_FLIP,adverse_only_pair_net_grid,2022-06,4,-552.545261,209.131548,-1355.872256,-1827.53181,6424.559752,false,true,6F75B98F981AA42997E378519E129E0CA56BE7D065F0D03E859B5C6DC19C76B5
PAIR_NET_GRID_CYCLE_TARGET_075_SPACING_020_RESTART_UNTIL_FLIP,adverse_only_pair_net_grid,2022-07,5,214.16585,-137.601555,-1632.969452,-1786.211886,6638.725602,true,false,ED9D0B6942375699973B668DF48E6D4110BDF6BE66F6EDFEB4EBAFE0736A69FD
PAIR_NET_GRID_CYCLE_TARGET_075_SPACING_020_RESTART_UNTIL_FLIP,adverse_only_pair_net_grid,2022-08,4,-507.250551,143.91839,-2047.94539,-2126.933346,6131.475051,false,true,57EE9EC63AAD54457F8534ACC6D64A09F48F4AFF890150CCC1990B9482E1C591
PAIR_NET_GRID_CYCLE_TARGET_075_SPACING_020_RESTART_UNTIL_FLIP,adverse_only_pair_net_grid,2022-09,4,1134.765834,343.267144,-2478.76793,-3766.438995,7266.240885,true,true,34F95CB38811F4FCA3B7A71C48CDEC7B499A993AF69744B11D6C9DF01D98AA0C
PAIR_NET_GRID_CYCLE_TARGET_075_SPACING_020_RESTART_UNTIL_FLIP,adverse_only_pair_net_grid,2022-10,5,1473.454756,285.386007,-412.949821,-1359.720387,8739.695641,true,true,8E20D091A0611417F1DDEE1B9F9ADF3467A0FEBDF17BF86D8511B8451E25A60C
PAIR_NET_GRID_CYCLE_TARGET_075_SPACING_020_RESTART_UNTIL_FLIP,adverse_only_pair_net_grid,2022-11,4,169.750183,238.086036,-146.132459,-215.70176,8909.445824,true,true,D636BF9C929F17976027BAD4BE058CE0190CCAFD74598435A8610479083F03B8
PAIR_NET_GRID_CYCLE_TARGET_075_SPACING_020_RESTART_UNTIL_FLIP,adverse_only_pair_net_grid,2022-12,4,198.206351,188.14218,-230.342061,-246.86557,9107.652175,true,true,BA8C567CC13C1D9E2210C7F6F9FA2452D3A79B3C3B85A9FBB79D5713EE1D509A
PAIR_NET_GRID_CYCLE_TARGET_075_SPACING_020_RESTART_UNTIL_FLIP,adverse_only_pair_net_grid,2023-01,5,362.299127,335.687732,-173.345498,-263.077291,9469.951302,true,true,D712A8BD1C04664F6293A570662A39FA87F0AC888315B2420D6B41CF8083F90D
PAIR_NET_GRID_CYCLE_TARGET_075_SPACING_020_RESTART_UNTIL_FLIP,adverse_only_pair_net_grid,2023-02,4,91.029587,135.556289,-207.377123,-236.681023,9560.980889,true,true,726D08FD526EAAA6690E368D27A8ED835B57D07E37699D0F91F6EC8C34A996B7
PAIR_NET_GRID_CYCLE_TARGET_075_SPACING_020_RESTART_UNTIL_FLIP,adverse_only_pair_net_grid,2023-03,4,310.319615,323.158205,-270.653496,-362.626913,9871.300504,true,true,2B046648E1D3335DB9C8544DAFA9C0B055A490CEE7A19AD8A73E2C421804EC03
PAIR_NET_GRID_CYCLE_TARGET_075_SPACING_020_RESTART_UNTIL_FLIP,adverse_only_pair_net_grid,2023-04,5,178.234222,264.218523,-339.209338,-459.004313,10049.534726,true,true,61752C801679D485EC65A653E6D8403DA810D7ADF01E1A3869A7269A0B5FBC38
PAIR_NET_GRID_CYCLE_TARGET_075_SPACING_020_RESTART_UNTIL_FLIP,adverse_only_pair_net_grid,2023-05,4,49.559831,147.764568,-436.298945,-593.692478,10099.094557,true,true,8BFA791EFF5ECB6B99D4523B35143998061A645764671AF164BE235DBAF8F5BE
PAIR_NET_GRID_CYCLE_TARGET_075_SPACING_020_RESTART_UNTIL_FLIP,adverse_only_pair_net_grid,2023-06,4,-767.407145,29.546173,-861.221556,-1217.533842,9331.687412,false,true,B7C4BD207EA1A94ABA8BF5EB84A7052FD1EDBC1BD3CF3F94184BA012B833D069
PAIR_NET_GRID_CYCLE_TARGET_075_SPACING_020_RESTART_UNTIL_FLIP,adverse_only_pair_net_grid,2023-07,5,485.122505,-187.093336,-773.582055,-1066.995212,9816.809917,true,false,60CD5DE79BD96A3B09A6381879B03BDFC9087221E10B5A2A35ED1460C76E63E1
PAIR_NET_GRID_CYCLE_TARGET_075_SPACING_020_RESTART_UNTIL_FLIP,adverse_only_pair_net_grid,2023-08,4,-177.367406,155.028252,-959.899103,-1053.320781,9639.442511,false,true,3CE46015B03525B2FC741BCF25D34ED0E345B0C489CE2B5A220E0356000053E0
PAIR_NET_GRID_CYCLE_TARGET_075_SPACING_020_RESTART_UNTIL_FLIP,adverse_only_pair_net_grid,2023-09,4,-305.791665,71.174308,-1122.24656,-1254.679632,9333.650846,false,true,3740E93ED1AE6E7C46DB6F2101D9BD8083F43E9AD6FDAB14C73CA5896A484BE1
PAIR_NET_GRID_CYCLE_TARGET_075_SPACING_020_RESTART_UNTIL_FLIP,adverse_only_pair_net_grid,2023-10,5,629.303018,240.537979,-1006.29055,-1159.573592,9962.953864,true,true,6799D37F138D9103048526D75E5340B392E3E6DE2DED5C37017E1DF9C1E4D29B
PAIR_NET_GRID_CYCLE_TARGET_075_SPACING_020_RESTART_UNTIL_FLIP,adverse_only_pair_net_grid,2023-11,4,263.654399,260.135254,-967.769968,-1072.215216,10226.608263,true,true,703C84F6478A454DA90BED6CE3871F0548B9A7F368BFE76ED588ABC30C40F507
PAIR_NET_GRID_CYCLE_TARGET_075_SPACING_020_RESTART_UNTIL_FLIP,adverse_only_pair_net_grid,2023-12,4,743.440956,386.86617,-367.22755,-505.820662,10970.049219,true,true,A0281B5BFC4C43A9BDD9A07B0DD9E86AE2E3AE4C770312A4141FF632108C791E
PAIR_NET_GRID_CYCLE_TARGET_075_SPACING_020_RESTART_UNTIL_FLIP,adverse_only_pair_net_grid,2024-01,5,-437.640133,254.409281,-1008.280701,-1197.870076,10532.409086,false,true,B3133A1027EE71DE32483B1547BBB37A34A40BBCAA81D2951DAC0CAAF718DF63
PAIR_NET_GRID_CYCLE_TARGET_075_SPACING_020_RESTART_UNTIL_FLIP,adverse_only_pair_net_grid,2024-02,4,60.488694,100.977033,-1324.91322,-1536.451692,10592.89778,true,true,7520A5896BE819A9F917EBAB71122C3BE262A72DB784F8EF38B5CECE527ACE6D
PAIR_NET_GRID_CYCLE_TARGET_075_SPACING_020_RESTART_UNTIL_FLIP,adverse_only_pair_net_grid,2024-03,5,61.90048,181.623101,-1278.106247,-1507.301712,10654.79826,true,true,491D73A1A5F9ECA26C1711787F75EFBFEE844489A14A673F818EBB61EF5768BB
PAIR_NET_GRID_CYCLE_TARGET_075_SPACING_020_RESTART_UNTIL_FLIP,adverse_only_pair_net_grid,2024-04,4,574.416437,279.480036,-1599.523449,-2186.150237,11229.214697,true,true,562CB8C76488922DD742CB229DD862EA514F266DCBE2C43C091F12832038BD02
PAIR_NET_GRID_CYCLE_TARGET_075_SPACING_020_RESTART_UNTIL_FLIP,adverse_only_pair_net_grid,2024-05,4,-942.701431,145.352528,-1950.350081,-2266.047592,10286.513266,false,true,9BBE0FB1FA95F4C09655C04A5B6B0C28D756A75F5ACE3FAFA6D97C71D3A13D75
PAIR_NET_GRID_CYCLE_TARGET_075_SPACING_020_RESTART_UNTIL_FLIP,adverse_only_pair_net_grid,2024-06,5,-610.205168,238.923446,-2418.253259,-3000.327208,9676.308098,false,true,6B83859A781CE2630830E36BD240403A6E1502C3485F03A232F82730E7ACD2EA
PAIR_NET_GRID_CYCLE_TARGET_075_SPACING_020_RESTART_UNTIL_FLIP,adverse_only_pair_net_grid,2024-07,4,2697.040988,406.468234,-1931.530187,-2781.625734,12373.349086,true,true,0C1A6D5B78B079BDB14B5BF88743CFC20EF4CCFE30B1DE8B39CC01A566E16E9C
PAIR_NET_GRID_CYCLE_TARGET_075_SPACING_020_RESTART_UNTIL_FLIP,adverse_only_pair_net_grid,2024-08,4,188.605736,-88.004545,-331.523617,-433.144173,12561.954822,true,false,112EF3564ADDD2D423E76D2EA5A2F195BB1B4DA48D635019C64D0518E10DF522
PAIR_NET_GRID_CYCLE_TARGET_075_SPACING_020_RESTART_UNTIL_FLIP,adverse_only_pair_net_grid,2024-09,5,262.066053,210.24331,-495.873704,-727.355527,12824.020875,true,true,97799CF6FC2D4B6112D266D1603094825817D1A9E96FC4D4920CC0C743A89A32
PAIR_NET_GRID_CYCLE_TARGET_075_SPACING_020_RESTART_UNTIL_FLIP,adverse_only_pair_net_grid,2024-10,4,157.626877,125.517124,-359.755804,-402.389739,12981.647752,true,true,D0A47BF761D44039EB37C8607D34FC8002F5279B7C78E304C41F258B5B06BD6E
PAIR_NET_GRID_CYCLE_TARGET_075_SPACING_020_RESTART_UNTIL_FLIP,adverse_only_pair_net_grid,2024-11,4,123.243144,86.601726,-483.775192,-673.95306,13104.890896,true,true,AE4B23694A56F7C629A86A34F5C57849F0E6DA7DAFA1A825CBE3A5E323A4F5EF
PAIR_NET_GRID_CYCLE_TARGET_075_SPACING_020_RESTART_UNTIL_FLIP,adverse_only_pair_net_grid,2024-12,5,-284.808135,196.546997,-641.129487,-866.608365,12820.082761,false,true,3CF99D0BD1508AFD60212490F5A62AB20D982AE54F8C920FD58E7DF5DFBDDB80
PAIR_NET_GRID_CYCLE_TARGET_075_SPACING_020_RESTART_UNTIL_FLIP,adverse_only_pair_net_grid,2025-01,4,463.92323,282.502701,-622.072603,-762.363787,13284.005991,true,true,A3FC19BDB309437D444BFF4ED505D81D7D0CCA8687DFB814C2F8CA1272D6AE03
PAIR_NET_GRID_CYCLE_TARGET_075_SPACING_020_RESTART_UNTIL_FLIP,adverse_only_pair_net_grid,2025-02,4,288.55298,220.285267,-543.361534,-667.095049,13572.558971,true,true,A7ED3BB55FD046F5644147CE717CBDA2AD828BCCC72BF196DACD56CB174C61EE
PAIR_NET_GRID_CYCLE_TARGET_075_SPACING_020_RESTART_UNTIL_FLIP,adverse_only_pair_net_grid,2025-03,5,347.279605,370.859745,-329.163205,-567.817289,13919.838576,true,true,2EBCCA96E8A6AAF684259143B64D929CCBA29789A49DCBABD92285863FABC583
PAIR_NET_GRID_CYCLE_TARGET_075_SPACING_020_RESTART_UNTIL_FLIP,adverse_only_pair_net_grid,2025-04,4,295.163106,-108.10273,-153.408282,-175.998931,14215.001682,true,false,D0432B5F00F2FD40146944FA8E33FAC4892A544F68890E64BBBCDAE598B4021C
PAIR_NET_GRID_CYCLE_TARGET_075_SPACING_020_RESTART_UNTIL_FLIP,adverse_only_pair_net_grid,2025-05,4,183.876189,129.36236,-194.689007,-250.740153,14398.877871,true,true,076626355F939BEFD6B3F3AF0E701C7E6F0B25E2D157D2AA490EF38CAE218322
PAIR_NET_GRID_CYCLE_TARGET_075_SPACING_020_RESTART_UNTIL_FLIP,adverse_only_pair_net_grid,2025-06,5,50.317199,233.472125,-206.401769,-293.19255,14449.19507,true,true,4C4850C1E5E12101B67708CE2545039EB96CAF6D1EC54309EFD2FABFFFB645E9
PAIR_NET_GRID_CYCLE_TARGET_075_SPACING_020_RESTART_UNTIL_FLIP,adverse_only_pair_net_grid,2025-07,4,94.892137,122.81097,-426.809653,-468.284009,14544.087207,true,true,8A255AABC40B9A388EADD9D4CBC9CB2325B0F34CA97B38991557D238905251E7
PAIR_NET_GRID_CYCLE_TARGET_075_SPACING_020_RESTART_UNTIL_FLIP,adverse_only_pair_net_grid,2025-08,5,183.876999,256.007071,-302.061668,-393.241455,14727.964206,true,true,186EB39FBFAB770B3461AC26FC324589ED483AA6E600931E50E499B7264C6E70
PAIR_NET_GRID_CYCLE_TARGET_075_SPACING_020_RESTART_UNTIL_FLIP,adverse_only_pair_net_grid,2025-09,4,-198.353628,244.063155,-816.320712,-1033.520204,14529.610578,false,true,15E16C3FFAD22273A44E94817707ED662101D89C43CA94446272DA5725AC9E5F
PAIR_NET_GRID_CYCLE_TARGET_075_SPACING_020_RESTART_UNTIL_FLIP,adverse_only_pair_net_grid,2025-10,4,-1000.254159,283.915097,-1535.505087,-2119.827494,13529.356419,false,true,308A27F040D5DEA4DDE541D0FEC45095906030030EEF995E83529837B1E48C58
PAIR_NET_GRID_CYCLE_TARGET_075_SPACING_020_RESTART_UNTIL_FLIP,adverse_only_pair_net_grid,2025-11,4,502.112806,197.523977,-1870.106986,-2003.850397,14031.469225,true,true,C3A55EBC1B87E956B81DADE4C73B5E939CF6355EC7D68357B4778D85673F5CD2
PAIR_NET_GRID_CYCLE_TARGET_075_SPACING_020_RESTART_UNTIL_FLIP,adverse_only_pair_net_grid,2025-12,5,-1012.091713,61.54481,-2452.648084,-2888.875188,13019.377512,false,true,E8F98155C1716AA4CB54ABA899FF5E01AA68025BC4ECD6C7EB1DE86DEC4FB586
PAIR_NET_GRID_CYCLE_TARGET_075_SPACING_020_RESTART_UNTIL_FLIP,adverse_only_pair_net_grid,2026-01,4,-583.424617,94.154306,-3315.808937,-3966.620631,12435.952895,false,true,67B454A027D81F6A4B67C91A5AD905F54A6423D10E87CDBD6866719754CE8411
PAIR_NET_GRID_CYCLE_TARGET_075_SPACING_020_RESTART_UNTIL_FLIP,adverse_only_pair_net_grid,2026-02,4,-2084.645,79.317184,-4658.934582,-5730.416295,10351.307895,false,true,842ECF01F28C6695E3FE81AA9BF651DA5B122A624E3D1D7DE6FB2FABE57E22F4
PAIR_NET_GRID_CYCLE_TARGET_075_SPACING_020_RESTART_UNTIL_FLIP,adverse_only_pair_net_grid,2026-03,5,70.089928,-2050.29049,-4601.151865,-5523.554078,10421.397823,true,false,22FBA841432FB37472D9E3E08C34BF4F635237BEBD96C6A8E4289159F2BE8CB7
PAIR_NET_GRID_CYCLE_TARGET_075_SPACING_020_RESTART_UNTIL_FLIP,adverse_only_pair_net_grid,2026-04,4,-810.952445,172.491887,-4419.610348,-4593.480209,9610.445378,false,true,C71196CA533F8E7643D9E31968BC01E62772EF10ECE89CD469E9557A1851770D
PAIR_NET_GRID_CYCLE_TARGET_075_SPACING_020_RESTART_UNTIL_FLIP,adverse_only_pair_net_grid,2026-05,5,290.71063,177.387027,-4475.419861,-5018.43259,9901.156008,true,true,6BCDD1C2173C858C4E411A1D7105BAE5A03CE70D4AF0F19EB3186E165932FA94
PAIR_TWO_SIDED_GRID_TARGET_150_SPACING_020_RESTART_UNTIL_FLIP,pair_directional_two_sided_grid,2019-04,3,-35.162647,302.922422,-281.758236,-365.392555,-35.162647,false,true,0FF18AC1562EF5007A1715AF8F3FB417E9D095DD9C98099AD87AC20B6B778F4F
PAIR_TWO_SIDED_GRID_TARGET_150_SPACING_020_RESTART_UNTIL_FLIP,pair_directional_two_sided_grid,2019-05,4,-543.460022,386.679913,-777.561958,-1268.225004,-578.622669,false,true,BD008E7CEEDAD8932CC55F4490087E03D7E821E9F0975F976E537415C356E9B5
PAIR_TWO_SIDED_GRID_TARGET_150_SPACING_020_RESTART_UNTIL_FLIP,pair_directional_two_sided_grid,2019-06,5,102.36837,442.608466,-1120.246579,-1608.4651,-476.254299,true,true,8A5FF95E043FCB0728084D794E8DE3F3FF2638731F1DB4BCB004D695C46FF800
PAIR_TWO_SIDED_GRID_TARGET_150_SPACING_020_RESTART_UNTIL_FLIP,pair_directional_two_sided_grid,2019-07,4,-1881.77392,275.213901,-2433.42696,-3765.452921,-2358.028219,false,true,DA4956D1089ABACF9A079404B5F558A111A3288103CFA7135350233BCB88976D
PAIR_TWO_SIDED_GRID_TARGET_150_SPACING_020_RESTART_UNTIL_FLIP,pair_directional_two_sided_grid,2019-08,4,514.632194,460.11846,-3540.301857,-3984.872077,-1843.396025,true,true,98A803E2E11FD63ECB4B35C088212F80B0F67DC32EC69605BC1012AF441C5C90
PAIR_TWO_SIDED_GRID_TARGET_150_SPACING_020_RESTART_UNTIL_FLIP,pair_directional_two_sided_grid,2019-09,5,1515.215546,281.308534,-2038.633213,-2617.687251,-328.180479,true,true,4B394ACF20A16C8DB5780716C3AE86A2A5BC9EB61CC45C3AD905F2EBA64BA5A5
PAIR_TWO_SIDED_GRID_TARGET_150_SPACING_020_RESTART_UNTIL_FLIP,pair_directional_two_sided_grid,2019-10,4,2391.498445,458.73991,-686.855936,-839.088953,2063.317966,true,true,F95FB8BFC97BBC917BD8DC92384B2DE9B84C79A510419008964A8E61797FC71D
PAIR_TWO_SIDED_GRID_TARGET_150_SPACING_020_RESTART_UNTIL_FLIP,pair_directional_two_sided_grid,2019-11,4,-45.774439,231.428213,-827.548286,-873.44128,2017.543527,false,true,0FC1157DF703D5065BEE3C932DDE642C64065D8ABE3B96A5A068930BEAAA4CC9
PAIR_TWO_SIDED_GRID_TARGET_150_SPACING_020_RESTART_UNTIL_FLIP,pair_directional_two_sided_grid,2019-12,5,-244.834183,595.183462,-1335.845001,-1661.493937,1772.709344,false,true,810F144B692BA2807A709B2952790D26DF0C199F2FE82D4FD281CBCE5ACA2875
PAIR_TWO_SIDED_GRID_TARGET_150_SPACING_020_RESTART_UNTIL_FLIP,pair_directional_two_sided_grid,2020-01,4,-13.600558,96.051351,-1660.136332,-1771.145846,1759.108786,false,true,2CFAB5F33A55E549760763DDB0DC3C20FB89515B403406911B24D4D2C604C3E2
PAIR_TWO_SIDED_GRID_TARGET_150_SPACING_020_RESTART_UNTIL_FLIP,pair_directional_two_sided_grid,2020-02,4,191.231296,161.145636,-1640.628383,-1778.789364,1950.340082,true,true,7AC051100238538B9DC90CA4D41B3C85784BDC88D4E5738C7CA48BA3CCDF7FD8
PAIR_TWO_SIDED_GRID_TARGET_150_SPACING_020_RESTART_UNTIL_FLIP,pair_directional_two_sided_grid,2020-03,5,1351.609982,579.64566,-1646.796494,-2030.941285,3301.950064,true,true,2EAF6B5E4B726465FA6FDA11D959ADF0819D3487D803E7341FB6E3959F205E02
PAIR_TWO_SIDED_GRID_TARGET_150_SPACING_020_RESTART_UNTIL_FLIP,pair_directional_two_sided_grid,2020-04,4,-2.484599,151.781087,-1087.073274,-1123.36155,3299.465465,false,true,52A28B5A71EC4BB37CF2C83BFF96269FC349D70D217267E7E2F20DFA9CA9B8A7
PAIR_TWO_SIDED_GRID_TARGET_150_SPACING_020_RESTART_UNTIL_FLIP,pair_directional_two_sided_grid,2020-05,5,1187.122096,504.291838,-866.321144,-1253.720392,4486.587561,true,true,EC10511938DC21921A2FE59955B00982C1AB223F9B60A0171C9AD1BEC089406B
PAIR_TWO_SIDED_GRID_TARGET_150_SPACING_020_RESTART_UNTIL_FLIP,pair_directional_two_sided_grid,2020-06,4,-342.88328,136.349614,-933.811363,-991.293522,4143.704281,false,true,00926A7B1B5FCC1B0B36873EC16BEA1DA476BC7ED2DD6FEEE76E8C733B18DEEC
PAIR_TWO_SIDED_GRID_TARGET_150_SPACING_020_RESTART_UNTIL_FLIP,pair_directional_two_sided_grid,2020-07,4,-124.325151,300.775735,-975.511988,-1344.865072,4019.37913,false,true,5A77F56B5DE38D2DCE643FE0DD491FCCD87FDE302A0D880FC15B3DA792B818FB
PAIR_TWO_SIDED_GRID_TARGET_150_SPACING_020_RESTART_UNTIL_FLIP,pair_directional_two_sided_grid,2020-08,5,504.02606,-39.389788,-1154.928785,-1360.728688,4523.40519,true,false,363DEF8B3176F5FEF4CB225BBD10B81909145120EDAD8328E183B45285A1F92C
PAIR_TWO_SIDED_GRID_TARGET_150_SPACING_020_RESTART_UNTIL_FLIP,pair_directional_two_sided_grid,2020-09,4,433.466269,145.756761,-869.017596,-1327.128303,4956.871459,true,true,024D6B7C9D3DAF4B6D95DB1A3F9D6E52A239DC1D2DEAC8CB3E9DDDD842203CFC
PAIR_TWO_SIDED_GRID_TARGET_150_SPACING_020_RESTART_UNTIL_FLIP,pair_directional_two_sided_grid,2020-10,4,135.000673,300.150201,-637.545533,-678.889244,5091.872132,true,true,5CB31FC460502AC44BDC16EF4B0594211C634DA38F8CE8F26391FD201C2D158E
PAIR_TWO_SIDED_GRID_TARGET_150_SPACING_020_RESTART_UNTIL_FLIP,pair_directional_two_sided_grid,2020-11,5,43.0962,-112.243374,-445.585535,-881.158335,5134.968332,true,false,E70842AA0C67BC80E0CE2C9CBD6D7773A88876D1D308E1501ED03F069C66C126
PAIR_TWO_SIDED_GRID_TARGET_150_SPACING_020_RESTART_UNTIL_FLIP,pair_directional_two_sided_grid,2020-12,4,-27.522147,110.914897,-705.21879,-777.181221,5107.446185,false,true,822C2E5F0F8BB61345A5DA3DD88DDE7C5F5F07D829F1A2DA348CF3A324CBACC0
PAIR_TWO_SIDED_GRID_TARGET_150_SPACING_020_RESTART_UNTIL_FLIP,pair_directional_two_sided_grid,2021-01,4,582.571889,317.69173,-617.094538,-793.637242,5690.018074,true,true,63C26C3DDB1AEA3EF406872ABB703F22D31A29333105B744F9A414BE7ADEEF8A
PAIR_TWO_SIDED_GRID_TARGET_150_SPACING_020_RESTART_UNTIL_FLIP,pair_directional_two_sided_grid,2021-02,4,340.178392,554.709152,-454.748704,-611.637315,6030.196466,true,true,2B0205C4ABDBA2756E09A965D35A5AA421B759A67CD65F5ABC7CDBD785B0D8FA
PAIR_TWO_SIDED_GRID_TARGET_150_SPACING_020_RESTART_UNTIL_FLIP,pair_directional_two_sided_grid,2021-03,5,259.649357,383.190778,-587.955486,-735.178736,6289.845823,true,true,CE91103FB00963C28AF836C6F48CBC35CB54A7EDE7064EBA18D1557BBE991B39
PAIR_TWO_SIDED_GRID_TARGET_150_SPACING_020_RESTART_UNTIL_FLIP,pair_directional_two_sided_grid,2021-04,4,532.433312,319.870823,-555.029701,-668.860201,6822.279135,true,true,84CD76506E76B598DB71364ACCFAE2FAEB378753D637182EB405D9F997FFBD21
PAIR_TWO_SIDED_GRID_TARGET_150_SPACING_020_RESTART_UNTIL_FLIP,pair_directional_two_sided_grid,2021-05,5,-150.925663,244.821121,-916.838378,-983.432661,6671.353472,false,true,6A3A510E5263CE51E88EFD526BB220A7DA2E6C3A490898F04F4456B62C216BB5
PAIR_TWO_SIDED_GRID_TARGET_150_SPACING_020_RESTART_UNTIL_FLIP,pair_directional_two_sided_grid,2021-06,4,1046.876878,163.606103,-354.800616,-730.840717,7718.23035,true,true,A058643C9A7A35D85151C565924F697E3210BF8C39068F272F48CA330B8AAC43
PAIR_TWO_SIDED_GRID_TARGET_150_SPACING_020_RESTART_UNTIL_FLIP,pair_directional_two_sided_grid,2021-07,4,164.521838,432.56172,-223.905457,-303.132138,7882.752188,true,true,33A008BDDFF6A23DCB7BA43E049DB0FED40BFB7958AFBEDB877BC206272AFA66
PAIR_TWO_SIDED_GRID_TARGET_150_SPACING_020_RESTART_UNTIL_FLIP,pair_directional_two_sided_grid,2021-08,5,278.284452,374.190025,-468.874137,-1041.876197,8161.03664,true,true,EDE4453B0BC5ECE5F0CDB94538F90A8A185111FCCB28046ACBAD1AF06BE3E23D
PAIR_TWO_SIDED_GRID_TARGET_150_SPACING_020_RESTART_UNTIL_FLIP,pair_directional_two_sided_grid,2021-09,4,573.244418,351.223091,-250.083012,-326.570981,8734.281058,true,true,D8FA4D9E35A37E4512F1A7415FCFA6BA4018C1948313D7C4566A110642C36028
PAIR_TWO_SIDED_GRID_TARGET_150_SPACING_020_RESTART_UNTIL_FLIP,pair_directional_two_sided_grid,2021-10,5,26.853365,288.893043,-417.32407,-527.134764,8761.134423,true,true,68028E898A38192BA9BDA2E43841ED2DA4CAA1CC8534E3709FFF5DC18E05AF5D
PAIR_TWO_SIDED_GRID_TARGET_150_SPACING_020_RESTART_UNTIL_FLIP,pair_directional_two_sided_grid,2021-11,4,-526.286557,180.931451,-776.267185,-1146.27407,8234.847866,false,true,D06B7E66335574D6A46E1BADCF5246E11C67D0539C210F708659CEBE7AD83FF9
PAIR_TWO_SIDED_GRID_TARGET_150_SPACING_020_RESTART_UNTIL_FLIP,pair_directional_two_sided_grid,2021-12,4,591.521074,183.95804,-746.317485,-791.538503,8826.36894,true,true,80CB57629F6B86025810D88F5B2232CCF9A5E55F65D109959C09D0F6F33DE3DE
PAIR_TWO_SIDED_GRID_TARGET_150_SPACING_020_RESTART_UNTIL_FLIP,pair_directional_two_sided_grid,2022-01,5,598.774084,267.263711,-748.565993,-1110.766685,9425.143024,true,true,1E0B5F154598FFBFC51628804206C38006965972D6E307000A82CE4243043E46
PAIR_TWO_SIDED_GRID_TARGET_150_SPACING_020_RESTART_UNTIL_FLIP,pair_directional_two_sided_grid,2022-02,4,-1268.9317,431.929344,-848.073465,-2108.061707,8156.211324,false,true,C5756295B0F7AC333437CBB53B708EC96245E8BDD96C9DC666F596A4B410C269
PAIR_TWO_SIDED_GRID_TARGET_150_SPACING_020_RESTART_UNTIL_FLIP,pair_directional_two_sided_grid,2022-03,4,574.5364,187.52353,-1504.691146,-1841.732061,8730.747724,true,true,B11ED48AA7D087B6151BDF64E01A78B94343976BA3B8426DEA1247CDBFE29F44
PAIR_TWO_SIDED_GRID_TARGET_150_SPACING_020_RESTART_UNTIL_FLIP,pair_directional_two_sided_grid,2022-04,4,-72.128314,277.725406,-1810.151667,-2070.902557,8658.61941,false,true,729C137D76A1366F15A07E8C4B77BD0F07403402747C71687FAD985C1971FC89
PAIR_TWO_SIDED_GRID_TARGET_150_SPACING_020_RESTART_UNTIL_FLIP,pair_directional_two_sided_grid,2022-05,5,1060.42873,334.796867,-1363.954167,-1948.850321,9719.04814,true,true,B69C0B0271130E2636E6BAEDF1FDDA0F741605B57A61D50566EED58837E8FC52
PAIR_TWO_SIDED_GRID_TARGET_150_SPACING_020_RESTART_UNTIL_FLIP,pair_directional_two_sided_grid,2022-06,4,-429.96404,282.868642,-1588.025636,-2058.103376,9289.0841,false,true,23E700EE848E78DF3E4317BFE482F22EE734E5B634B571F1B28189677073AFDD
PAIR_TWO_SIDED_GRID_TARGET_150_SPACING_020_RESTART_UNTIL_FLIP,pair_directional_two_sided_grid,2022-07,5,70.741551,-166.027859,-1975.913782,-2204.961637,9359.825651,true,false,DC6D2DAA1CAAB6689E9F76C98FB1237C49D27DF6DF0AAC5717E343C8313722C6
PAIR_TWO_SIDED_GRID_TARGET_150_SPACING_020_RESTART_UNTIL_FLIP,pair_directional_two_sided_grid,2022-08,4,-564.674057,189.973157,-2464.650772,-2608.864157,8795.151594,false,true,8498E5AE2E264093A7DC664F9550216DF10AC50115CF533E0F29FD5366481089
PAIR_TWO_SIDED_GRID_TARGET_150_SPACING_020_RESTART_UNTIL_FLIP,pair_directional_two_sided_grid,2022-09,4,913.824949,372.147472,-3128.977116,-4591.928933,9708.976543,true,true,FDFC8BEB6773FDB47EEBD5C8FC2A4ACE62A42F51DE110183ED774ACB378EA07B
PAIR_TWO_SIDED_GRID_TARGET_150_SPACING_020_RESTART_UNTIL_FLIP,pair_directional_two_sided_grid,2022-10,5,2132.632218,356.241996,-620.181021,-1925.912592,11841.608761,true,true,32338408FCDAF75385C0948D8D723D23FCC4CFF974111DD893344936877C886E
PAIR_TWO_SIDED_GRID_TARGET_150_SPACING_020_RESTART_UNTIL_FLIP,pair_directional_two_sided_grid,2022-11,4,178.842709,293.53306,-240.286723,-372.603832,12020.45147,true,true,3FEAFF886E33290AF5B227D506270453E5C2E2039570D219A05CFFBCA5888CF3
PAIR_TWO_SIDED_GRID_TARGET_150_SPACING_020_RESTART_UNTIL_FLIP,pair_directional_two_sided_grid,2022-12,4,242.624133,155.902757,-330.927699,-381.569332,12263.075603,true,true,328FA63A94541F2E3302EC49D2A7ECD43C86E34944236A10B2CA5C3A80964F0C
PAIR_TWO_SIDED_GRID_TARGET_150_SPACING_020_RESTART_UNTIL_FLIP,pair_directional_two_sided_grid,2023-01,5,389.824552,430.201119,-255.739662,-326.259023,12652.900155,true,true,E31745AE7285D78E08C45331B1E82AC15E56FDB7498C3747B1E3401F94972792
PAIR_TWO_SIDED_GRID_TARGET_150_SPACING_020_RESTART_UNTIL_FLIP,pair_directional_two_sided_grid,2023-02,4,155.879921,139.012102,-311.787798,-384.145627,12808.780076,true,true,B2BAB5B5E4657ED0668D036609ABA83805DCD42AAEE88B26B439F5070A0A4FC7
PAIR_TWO_SIDED_GRID_TARGET_150_SPACING_020_RESTART_UNTIL_FLIP,pair_directional_two_sided_grid,2023-03,4,437.172397,425.518208,-344.908996,-444.33798,13245.952473,true,true,5EA95399CB504F71F91EF30352F2555539083C64AC61EDEFE89F24653E90154E
PAIR_TWO_SIDED_GRID_TARGET_150_SPACING_020_RESTART_UNTIL_FLIP,pair_directional_two_sided_grid,2023-04,5,237.170717,346.064767,-421.708064,-556.175159,13483.12319,true,true,B256458B88C8C5E07AFEB6C80712285895E8A8EC38ACBA215EC571C9AC2C6F03
PAIR_TWO_SIDED_GRID_TARGET_150_SPACING_020_RESTART_UNTIL_FLIP,pair_directional_two_sided_grid,2023-05,4,61.761361,183.306991,-510.305666,-665.068406,13544.884551,true,true,9E8D720239FED98A96A5E475F7E6BF4016BA30A8FB5D30A621F00A1C6BFDFCE7
PAIR_TWO_SIDED_GRID_TARGET_150_SPACING_020_RESTART_UNTIL_FLIP,pair_directional_two_sided_grid,2023-06,4,-692.965523,44.198563,-950.617936,-1265.340781,12851.919028,false,true,396ABA2A2F04AF5FEE06A3FC04295D2265C260597D67AD7CD0E1700BF601FA29
PAIR_TWO_SIDED_GRID_TARGET_150_SPACING_020_RESTART_UNTIL_FLIP,pair_directional_two_sided_grid,2023-07,5,558.52588,-81.634402,-814.101871,-1075.387856,13410.444908,true,false,AD93B106F1883E22273A41BAA2917051F89E2CA273F69D70E16B7CF0523BC874
PAIR_TWO_SIDED_GRID_TARGET_150_SPACING_020_RESTART_UNTIL_FLIP,pair_directional_two_sided_grid,2023-08,4,-164.283755,181.379313,-1066.419378,-1173.141429,13246.161153,false,true,5C3A1691BCB426255A8901799BBB816A8DBB561D09F874DF85B41724DF6CCF8A
PAIR_TWO_SIDED_GRID_TARGET_150_SPACING_020_RESTART_UNTIL_FLIP,pair_directional_two_sided_grid,2023-09,4,-446.56713,72.831097,-1306.923478,-1490.241794,12799.594023,false,true,9B8B294C264A94AACA81D59A12454A5D7894ACA999CC2E05CB3F42156E379C68
PAIR_TWO_SIDED_GRID_TARGET_150_SPACING_020_RESTART_UNTIL_FLIP,pair_directional_two_sided_grid,2023-10,5,669.783656,314.932133,-1222.176416,-1345.542512,13469.377679,true,true,1789E740E98CF82D1C75B00BC5CA52FBEF54CBDC1041CDBD3B06775EC855AC8A
PAIR_TWO_SIDED_GRID_TARGET_150_SPACING_020_RESTART_UNTIL_FLIP,pair_directional_two_sided_grid,2023-11,4,385.459172,336.373985,-1265.598284,-1408.526623,13854.836851,true,true,2897BBE4D77AB1D7AE120DBD7498DD4E68DBADA83C37C81808C4C4F1E479CCAC
PAIR_TWO_SIDED_GRID_TARGET_150_SPACING_020_RESTART_UNTIL_FLIP,pair_directional_two_sided_grid,2023-12,4,1044.941214,500.325579,-438.677621,-541.689449,14899.778065,true,true,F7E48C67679608245B755080979F4A4228528ABDB731E8C7E92DFD82552F2901
PAIR_TWO_SIDED_GRID_TARGET_150_SPACING_020_RESTART_UNTIL_FLIP,pair_directional_two_sided_grid,2024-01,5,-573.951023,178.645906,-1105.92023,-1294.286378,14325.827042,false,true,1E059184B580C5EEDBE81FDA282C2F1BC308CB0A7A544EF7C50808573FDACA21
PAIR_TWO_SIDED_GRID_TARGET_150_SPACING_020_RESTART_UNTIL_FLIP,pair_directional_two_sided_grid,2024-02,4,42.707407,95.372063,-1452.467944,-1677.422359,14368.534449,true,true,289D00F3C14DDA1C7442FF9CAED20C2077A8567888A368A4904E1365601CCF20
PAIR_TWO_SIDED_GRID_TARGET_150_SPACING_020_RESTART_UNTIL_FLIP,pair_directional_two_sided_grid,2024-03,5,125.921038,260.096657,-1401.145431,-1642.987072,14494.455487,true,true,99730A079B25DCE7E1437ABD9D76450AFAE2BF31A3CF606626F3F47E5623F269
PAIR_TWO_SIDED_GRID_TARGET_150_SPACING_020_RESTART_UNTIL_FLIP,pair_directional_two_sided_grid,2024-04,4,745.907906,368.575744,-1703.553118,-2290.746966,15240.363393,true,true,0B714FC3CB365A97785C4793F77C64D4AA0C8CD9CD4AD393CE85C3B8EA6732B0
PAIR_TWO_SIDED_GRID_TARGET_150_SPACING_020_RESTART_UNTIL_FLIP,pair_directional_two_sided_grid,2024-05,4,-991.928408,179.361152,-2052.62898,-2411.220477,14248.434985,false,true,94905045300F80715397B76CEB651364C8B9A2A83D7982383C4D98A5B8C67635
PAIR_TWO_SIDED_GRID_TARGET_150_SPACING_020_RESTART_UNTIL_FLIP,pair_directional_two_sided_grid,2024-06,5,-640.915472,299.674515,-2576.234367,-3215.674038,13607.519513,false,true,84D1DB1868E7EDB5B170A0AE1F99921D8D7D3FA9E150787F8F3B4C5D3AA2EBE9
PAIR_TWO_SIDED_GRID_TARGET_150_SPACING_020_RESTART_UNTIL_FLIP,pair_directional_two_sided_grid,2024-07,4,2990.738681,616.141674,-2088.588694,-2987.935768,16598.258194,true,true,8DA0039E57E012A4697DDA54C80C287AB2B84867D61992E00C9D8DA7FB8E2A71
PAIR_TWO_SIDED_GRID_TARGET_150_SPACING_020_RESTART_UNTIL_FLIP,pair_directional_two_sided_grid,2024-08,4,270.928455,-67.433855,-414.961291,-502.714721,16869.186649,true,false,2E792E0385788EDDC60025FC8414484F72CE681D413A967E93EBF17EB36A7B0E
PAIR_TWO_SIDED_GRID_TARGET_150_SPACING_020_RESTART_UNTIL_FLIP,pair_directional_two_sided_grid,2024-09,5,198.179802,274.211235,-611.545616,-869.938209,17067.366451,true,true,621081A770175C4B6AAAFE31733073D3736511CBDA56A76E1140592F7881DD48
PAIR_TWO_SIDED_GRID_TARGET_150_SPACING_020_RESTART_UNTIL_FLIP,pair_directional_two_sided_grid,2024-10,4,87.194649,102.201638,-584.206699,-620.098801,17154.5611,true,true,E90CC95E0612F5E07C119E5D41EEE06BE11B9D1FF104EC6B246BF64BF63E68B7
PAIR_TWO_SIDED_GRID_TARGET_150_SPACING_020_RESTART_UNTIL_FLIP,pair_directional_two_sided_grid,2024-11,4,190.213658,37.505137,-687.231137,-877.931351,17344.774758,true,true,7917946A44AD3A2740B220C02A4EFB30463B16D1E4BD79C22879DAEFE3BA93D0
PAIR_TWO_SIDED_GRID_TARGET_150_SPACING_020_RESTART_UNTIL_FLIP,pair_directional_two_sided_grid,2024-12,5,-160.22207,268.795164,-729.104492,-968.38597,17184.552688,false,true,E16C7AA042CEF3020A5FDF42943DDD517D24280FA67A8022FAD03BE03EFA0CFA
PAIR_TWO_SIDED_GRID_TARGET_150_SPACING_020_RESTART_UNTIL_FLIP,pair_directional_two_sided_grid,2025-01,4,472.475816,348.805865,-734.805338,-888.119334,17657.028504,true,true,C15BD43FBBBE62AB5D251D6F9B8D2856072A02B91353FD83B4DCA4285172F88A
PAIR_TWO_SIDED_GRID_TARGET_150_SPACING_020_RESTART_UNTIL_FLIP,pair_directional_two_sided_grid,2025-02,4,287.249267,247.295448,-686.348523,-834.359586,17944.277771,true,true,82EBD1CECF8905C96C70A6292388ACF483FEE3D3D5D89D5B287A8EEF52EC865C
PAIR_TWO_SIDED_GRID_TARGET_150_SPACING_020_RESTART_UNTIL_FLIP,pair_directional_two_sided_grid,2025-03,5,608.269182,529.559087,-416.902532,-627.727991,18552.546953,true,true,1179C94C48CA8B2033A2D4968428604AE2D13ED3DEFE53E46B07FB9C4D2B6F07
PAIR_TWO_SIDED_GRID_TARGET_150_SPACING_020_RESTART_UNTIL_FLIP,pair_directional_two_sided_grid,2025-04,4,310.428133,-79.438786,-223.09568,-246.42945,18862.975086,true,false,1B424F2181E7A8E5B2E69AFE404A70BE2B2A1AF7C2578504A50F1949E74FCD4A
PAIR_TWO_SIDED_GRID_TARGET_150_SPACING_020_RESTART_UNTIL_FLIP,pair_directional_two_sided_grid,2025-05,4,179.457672,151.468413,-308.751895,-388.523456,19042.432758,true,true,DC40F5EA3F15F3C39E74A92641F58A4CEFCFE4D36E6B856B725F0A144155ABB9
PAIR_TWO_SIDED_GRID_TARGET_150_SPACING_020_RESTART_UNTIL_FLIP,pair_directional_two_sided_grid,2025-06,5,-2.529018,275.67526,-356.018132,-488.076091,19039.90374,false,true,B613E9A763B8912D5244D976923716EC2D1004B203179ECD828F501BEA55A3B6
PAIR_TWO_SIDED_GRID_TARGET_150_SPACING_020_RESTART_UNTIL_FLIP,pair_directional_two_sided_grid,2025-07,4,-25.026218,87.23249,-706.454376,-757.356272,19014.877522,false,true,030E92BC92ADAF1CD452C184FDE169D7BE4A53B36B3C59EBAA2BA8F1A38C7B4E
PAIR_TWO_SIDED_GRID_TARGET_150_SPACING_020_RESTART_UNTIL_FLIP,pair_directional_two_sided_grid,2025-08,5,153.430643,275.170024,-598.758037,-722.07418,19168.308165,true,true,4F41533159339CB741ECCFE8CEBEE1A31A93C5F835BEF7EE30BE9E75F49E52E4
PAIR_TWO_SIDED_GRID_TARGET_150_SPACING_020_RESTART_UNTIL_FLIP,pair_directional_two_sided_grid,2025-09,4,-178.611144,240.316044,-1190.323346,-1403.886513,18989.697021,false,true,8CFF8D65FDAE79C409C79F00B5093260E41E3018FA0075C92ED77CE98CB36897
PAIR_TWO_SIDED_GRID_TARGET_150_SPACING_020_RESTART_UNTIL_FLIP,pair_directional_two_sided_grid,2025-10,4,-1327.443959,372.168241,-2105.351445,-2840.613568,17662.253062,false,true,4C00AB4EB054A5C6C0CF1B070DD0B2B3A0C126005F070164DDEF0E12213A5839
PAIR_TWO_SIDED_GRID_TARGET_150_SPACING_020_RESTART_UNTIL_FLIP,pair_directional_two_sided_grid,2025-11,4,197.647951,220.322586,-2765.272894,-2922.326215,17859.901013,true,true,28CAE6BE160A4F8326C756590816EB86CC5D97DE31C5E07B39A46BDEF82915A1
PAIR_TWO_SIDED_GRID_TARGET_150_SPACING_020_RESTART_UNTIL_FLIP,pair_directional_two_sided_grid,2025-12,5,-1323.655136,94.845374,-3720.679853,-4281.788713,16536.245877,false,true,9A4274E5FC7DC6A069A3C53AB966FCC4CB246414ED7CEE79EA3BDD44A5DF9B53
PAIR_TWO_SIDED_GRID_TARGET_150_SPACING_020_RESTART_UNTIL_FLIP,pair_directional_two_sided_grid,2026-01,4,-685.329924,203.942762,-4867.640417,-5735.409038,15850.915953,false,true,0E50F38319968EAC03FB2D68FBB80E8FF06148D9B766A127195DD9DC12666AC1
PAIR_TWO_SIDED_GRID_TARGET_150_SPACING_020_RESTART_UNTIL_FLIP,pair_directional_two_sided_grid,2026-02,4,-2715.074213,59.956933,-6517.908548,-7946.092545,13135.84174,false,true,D160DE5C4B59FE2514830F74FC2CB254157796CA2AD5CC174BEC464305A18B2D
PAIR_TWO_SIDED_GRID_TARGET_150_SPACING_020_RESTART_UNTIL_FLIP,pair_directional_two_sided_grid,2026-03,5,218.942624,-2083.826979,-6752.173239,-7723.789497,13354.784364,true,false,F0AA42FBB252A9C82F1925BB4D85A3E34CA4B9F78A2FC6BEB3C0361D056541E9
PAIR_TWO_SIDED_GRID_TARGET_150_SPACING_020_RESTART_UNTIL_FLIP,pair_directional_two_sided_grid,2026-04,4,-1349.801138,-966.564704,-6474.801436,-7174.781331,12004.983226,false,false,1DF8C44D38524D3D033D2CF89320C68B336B8D82215EC51F0FA29369BFE052C3
PAIR_TWO_SIDED_GRID_TARGET_150_SPACING_020_RESTART_UNTIL_FLIP,pair_directional_two_sided_grid,2026-05,5,290.811664,-19.118888,-5837.299753,-6483.057001,12295.79489,true,false,82700036135C249D9949E1D2E5AFCDA6CB048C1528380A41EEB2FCED714F1669
PAIR_TWO_SIDED_GRID_T075_S020_STOP_AFTER_3_PAIR_RESETS_WEEK,pair_reset_limit,2019-04,3,-115.819634,183.961722,-226.654078,-299.781356,-115.819634,false,true,9FC337CCAE9D06AC2A28BD7C4A7BA420F6FE9D40A5FB9F416B4A37A3506911F7
PAIR_TWO_SIDED_GRID_T075_S020_STOP_AFTER_3_PAIR_RESETS_WEEK,pair_reset_limit,2019-05,4,-404.958727,137.013936,-545.984102,-841.754019,-520.778361,false,true,CD7178D44C09863CF90BB8DBEE3AAF99CB8521A0B8B8E757EF52A96685F3E7D2
PAIR_TWO_SIDED_GRID_T075_S020_STOP_AFTER_3_PAIR_RESETS_WEEK,pair_reset_limit,2019-06,5,61.910006,214.013869,-638.522114,-993.857882,-458.868355,true,true,5315FA9844CE0F7B5AD2412B6B42EEBCE69BE38AC4F00AA5B483D5AFBB33CB5F
PAIR_TWO_SIDED_GRID_T075_S020_STOP_AFTER_3_PAIR_RESETS_WEEK,pair_reset_limit,2019-07,4,-1263.996996,126.662446,-1534.933532,-2384.517324,-1722.865351,false,true,678CF8F57EECD3F0A2447C443F5355D45F57AAF0183806EC8866D11CFB4CB250
PAIR_TWO_SIDED_GRID_T075_S020_STOP_AFTER_3_PAIR_RESETS_WEEK,pair_reset_limit,2019-08,4,228.813722,237.915797,-2167.164067,-2393.619399,-1494.051629,true,true,52E5400BA014531C153795C7CD8865413B487726F1F9B057F77BC2F0A238923D
PAIR_TWO_SIDED_GRID_T075_S020_STOP_AFTER_3_PAIR_RESETS_WEEK,pair_reset_limit,2019-09,5,1162.205833,206.603951,-1226.61536,-1577.680857,-331.845796,true,true,645341BB559C10B9A5CCD2FD40ED1BCD425DF54583B74673D6F0F5B23F4EEFBE
PAIR_TWO_SIDED_GRID_T075_S020_STOP_AFTER_3_PAIR_RESETS_WEEK,pair_reset_limit,2019-10,4,1355.06494,231.125511,-500.807382,-698.794525,1023.219144,true,true,602AAD18A9A2D9A52A4F5EF5D85C1A6BEC709C6B4FD3E289F4388C6262E683AA
PAIR_TWO_SIDED_GRID_T075_S020_STOP_AFTER_3_PAIR_RESETS_WEEK,pair_reset_limit,2019-11,4,13.300755,192.927691,-488.056796,-580.766004,1036.519899,true,true,53795CE9E4DFDA878818806B86D6E3046BDFF92F717010EF8BA0EDBBA42BF6C9
PAIR_TWO_SIDED_GRID_T075_S020_STOP_AFTER_3_PAIR_RESETS_WEEK,pair_reset_limit,2019-12,5,-2.091037,171.502526,-600.125397,-667.298587,1034.428862,false,true,CC24159E58FCDEB56B273E618503C3B101A59EB159B236D2ABE996F1C052D281
PAIR_TWO_SIDED_GRID_T075_S020_STOP_AFTER_3_PAIR_RESETS_WEEK,pair_reset_limit,2020-01,4,-167.189644,70.703494,-701.483887,-905.191725,867.239218,false,true,B2287CA10A0C2F3FB215CC8CC9413C3BD9084F02DFC05419DD9C77758FBF49D2
PAIR_TWO_SIDED_GRID_T075_S020_STOP_AFTER_3_PAIR_RESETS_WEEK,pair_reset_limit,2020-02,4,322.287517,70.177144,-774.748356,-922.262464,1189.526735,true,true,68BF6E38ED7C968E2C492931CD3689F7C585C969BCC5AE0809B84940963E806C
PAIR_TWO_SIDED_GRID_T075_S020_STOP_AFTER_3_PAIR_RESETS_WEEK,pair_reset_limit,2020-03,5,358.904078,-60.16696,-704.497349,-1001.867885,1548.430813,true,false,2E6E1FDA0B73551CDB4C07DA3C7CC6D7968D2DB2B9E713CEF631CDE1F11E7C6E
PAIR_TWO_SIDED_GRID_T075_S020_STOP_AFTER_3_PAIR_RESETS_WEEK,pair_reset_limit,2020-04,4,140.653648,95.664585,-256.677879,-303.907566,1689.084461,true,true,4CE41894394992CE05B173CBA331D5A055FA3AF01E3F802157804D43912080AB
PAIR_TWO_SIDED_GRID_T075_S020_STOP_AFTER_3_PAIR_RESETS_WEEK,pair_reset_limit,2020-05,5,253.175944,252.411079,-222.580976,-423.420074,1942.260405,true,true,BF0A55DADA129BD1E0798E13412F739D574D7B8DCADD7633C7792551E559E505
PAIR_TWO_SIDED_GRID_T075_S020_STOP_AFTER_3_PAIR_RESETS_WEEK,pair_reset_limit,2020-06,4,181.016307,133.19747,-162.694914,-190.799909,2123.276712,true,true,002465AA84B1C161F94C1B52A02DE631B6F9E2184424B60140E4A2148B6587FB
PAIR_TWO_SIDED_GRID_T075_S020_STOP_AFTER_3_PAIR_RESETS_WEEK,pair_reset_limit,2020-07,4,-177.673284,190.495687,-230.988718,-508.60652,1945.603428,false,true,25330B8797267C0B26928676398D3E18EF4EBB22FB24322D9F8BFFFF781520EC
PAIR_TWO_SIDED_GRID_T075_S020_STOP_AFTER_3_PAIR_RESETS_WEEK,pair_reset_limit,2020-08,5,330.642344,70.886991,-437.352209,-624.141484,2276.245772,true,true,C46ACD67F806C7DC4ABB9B61F8461042E8B9C16F3B441F8B354038D419B29C35
PAIR_TWO_SIDED_GRID_T075_S020_STOP_AFTER_3_PAIR_RESETS_WEEK,pair_reset_limit,2020-09,4,343.206282,124.035142,-314.691661,-644.694082,2619.452054,true,true,6357D166F3BD0230640553B163420EB049C1F3EC3DD71110E23D890977E641DE
PAIR_TWO_SIDED_GRID_T075_S020_STOP_AFTER_3_PAIR_RESETS_WEEK,pair_reset_limit,2020-10,4,202.940809,223.154567,-53.977638,-119.018309,2822.392863,true,true,C24D93481152B23533FAD132E1653B104282F500B1E5080A2450F6184C976CE4
PAIR_TWO_SIDED_GRID_T075_S020_STOP_AFTER_3_PAIR_RESETS_WEEK,pair_reset_limit,2020-11,5,119.290996,254.29164,-75.700198,-184.894429,2941.683859,true,true,67394E822380816B935BC1D90CCCFDF2F0FD2AE741ACB8CFC5FA768B5D7E57C0
PAIR_TWO_SIDED_GRID_T075_S020_STOP_AFTER_3_PAIR_RESETS_WEEK,pair_reset_limit,2020-12,4,44.590401,214.660434,-303.662598,-371.444364,2986.27426,true,true,43547F0FA3D0EBE30E64548864C4DD01625BA7E26E2D1F27A510A412662E88FD
PAIR_TWO_SIDED_GRID_T075_S020_STOP_AFTER_3_PAIR_RESETS_WEEK,pair_reset_limit,2021-01,4,385.715082,206.83599,-302.536013,-471.140143,3371.989342,true,true,F66FE555CD98ECB0F6B97537A5EC581D65086BB03B73883856F11984618D9739
PAIR_TWO_SIDED_GRID_T075_S020_STOP_AFTER_3_PAIR_RESETS_WEEK,pair_reset_limit,2021-02,4,240.556317,188.300716,-187.609902,-308.819954,3612.545659,true,true,94EA378E83AF01E0524E911822700A2EF25FFFC846A382790EDE2DB5C8A9A985
PAIR_TWO_SIDED_GRID_T075_S020_STOP_AFTER_3_PAIR_RESETS_WEEK,pair_reset_limit,2021-03,5,137.286817,270.459011,-154.146654,-257.001963,3749.832476,true,true,99894C037E8410450B01561718D3732A4A967F6FF72B2563C60B6C34213AF3FB
PAIR_TWO_SIDED_GRID_T075_S020_STOP_AFTER_3_PAIR_RESETS_WEEK,pair_reset_limit,2021-04,4,238.042821,192.788175,-216.72361,-233.92501,3987.875297,true,true,45FD5A48160C0C7A454E674948A8CFBB6D956323809551BFE5F6FF335254065B
PAIR_TWO_SIDED_GRID_T075_S020_STOP_AFTER_3_PAIR_RESETS_WEEK,pair_reset_limit,2021-05,5,-54.911913,209.438766,-464.142195,-531.362569,3932.963384,false,true,25C2227B580173580AA5A33FBFB20D44F6B9DDEE439BBF01822F708013ABB3B1
PAIR_TWO_SIDED_GRID_T075_S020_STOP_AFTER_3_PAIR_RESETS_WEEK,pair_reset_limit,2021-06,4,551.45562,80.403239,-144.263226,-374.310856,4484.419004,true,true,D5FDD85EE963A125C73139D0A80168AF2CC5148038065032E1D3E77E4D778446
PAIR_TWO_SIDED_GRID_T075_S020_STOP_AFTER_3_PAIR_RESETS_WEEK,pair_reset_limit,2021-07,4,58.42066,236.876121,-112.340439,-183.501076,4542.839664,true,true,1C113D71A64EEEDE71DCB0A81751709A43C96D9AF9E72ED3E49A482E76672F1B
PAIR_TWO_SIDED_GRID_T075_S020_STOP_AFTER_3_PAIR_RESETS_WEEK,pair_reset_limit,2021-08,5,244.406558,237.207075,-177.931334,-468.594536,4787.246222,true,true,7BF6C8EAF72E3D730D347C63D5940A91C8DF4B67E51E4847627E338ED2023698
PAIR_TWO_SIDED_GRID_T075_S020_STOP_AFTER_3_PAIR_RESETS_WEEK,pair_reset_limit,2021-09,4,272.202632,205.664008,-135.286576,-174.612432,5059.448854,true,true,926926ADD709D105CD150E3D0C2D2A47FE9367B424FEABD2C19C7EEDBDCF0C89
PAIR_TWO_SIDED_GRID_T075_S020_STOP_AFTER_3_PAIR_RESETS_WEEK,pair_reset_limit,2021-10,5,27.592781,169.600957,-204.446464,-252.108217,5087.041635,true,true,E951BCB723894F95FBF4A2D46CC8FB3BB7F538A50011BCA37B092D0C4B4BA6C6
PAIR_TWO_SIDED_GRID_T075_S020_STOP_AFTER_3_PAIR_RESETS_WEEK,pair_reset_limit,2021-11,4,-517.897266,42.675589,-535.192692,-812.344,4569.144369,false,true,745E1BC8EFB3B33EA4C38C482DFB0CAE250C40F9C8185FEC79BD9E555CD6DDB8
PAIR_TWO_SIDED_GRID_T075_S020_STOP_AFTER_3_PAIR_RESETS_WEEK,pair_reset_limit,2021-12,4,430.899932,148.128729,-497.16592,-544.05229,5000.044301,true,true,47FE22FE1FFC487BDF4B5E2848ADC2AA418B2BEA01736915EC3F11CC9A471D37
PAIR_TWO_SIDED_GRID_T075_S020_STOP_AFTER_3_PAIR_RESETS_WEEK,pair_reset_limit,2022-01,5,585.455717,159.880723,-402.909453,-600.502133,5585.500018,true,true,A3457B12E55C5C2DE058EE442D6D24CAEEBB35B4EFE4027BE59BCE6B1AFF2458
PAIR_TWO_SIDED_GRID_T075_S020_STOP_AFTER_3_PAIR_RESETS_WEEK,pair_reset_limit,2022-02,4,-1233.564192,222.571248,-603.046547,-1560.133243,4351.935826,false,true,8C1584DA82D04AA8470566DB11227A531D461DBEE4BB107051F373A451E46F5E
PAIR_TWO_SIDED_GRID_T075_S020_STOP_AFTER_3_PAIR_RESETS_WEEK,pair_reset_limit,2022-03,4,667.420145,116.079356,-929.166323,-1163.202968,5019.355971,true,true,C076963D59C10485988D0D579E5DFCEC03BFF9223D76C3322781CD314C0DAAD9
PAIR_TWO_SIDED_GRID_T075_S020_STOP_AFTER_3_PAIR_RESETS_WEEK,pair_reset_limit,2022-04,4,228.134346,176.08507,-977.900277,-1225.50691,5247.490317,true,true,DB582DDF78DEDBADAB83BF63B3854685ED9879A9E78D0E2FFE73C1FE44ED1998
PAIR_TWO_SIDED_GRID_T075_S020_STOP_AFTER_3_PAIR_RESETS_WEEK,pair_reset_limit,2022-05,5,978.6332,250.519914,-275.147491,-479.998792,6226.123517,true,true,62AD1BA21ADD8D1D5346232F5799619DC75A4F1B271D7375C578DE0839977A3B
PAIR_TWO_SIDED_GRID_T075_S020_STOP_AFTER_3_PAIR_RESETS_WEEK,pair_reset_limit,2022-06,4,-2.467562,228.704657,-287.342072,-459.802111,6223.655955,false,true,ADF89958D5A78395C2D45A540D85AE84F28EAA31DBCB2275D3D890FC72DB0986
PAIR_TWO_SIDED_GRID_T075_S020_STOP_AFTER_3_PAIR_RESETS_WEEK,pair_reset_limit,2022-07,5,211.664772,111.395022,-440.413122,-488.593402,6435.320727,true,true,534694DCDEA8634EE95F94EF5D059A397633C6EEB19EEAB29D0444FAAC153AAB
PAIR_TWO_SIDED_GRID_T075_S020_STOP_AFTER_3_PAIR_RESETS_WEEK,pair_reset_limit,2022-08,4,-75.688392,138.195217,-621.264255,-655.800156,6359.632335,false,true,7B46F4EF1C27495F81E93FDE71A8225C6FE83AFFB8265C5E97333209FD3B9140
PAIR_TWO_SIDED_GRID_T075_S020_STOP_AFTER_3_PAIR_RESETS_WEEK,pair_reset_limit,2022-09,4,475.513317,105.925838,-666.328899,-1269.568578,6835.145652,true,true,6BB8F091352686768DB3299788095761449F68DEC5EB7C1AA38B7DC19F4D7598
PAIR_TWO_SIDED_GRID_T075_S020_STOP_AFTER_3_PAIR_RESETS_WEEK,pair_reset_limit,2022-10,5,269.482027,249.059812,-112.536469,-183.406276,7104.627679,true,true,7724FE853BA30A37B47C488220ABB4F7C7A8C11276BCACF301B69E10406D4E5F
PAIR_TWO_SIDED_GRID_T075_S020_STOP_AFTER_3_PAIR_RESETS_WEEK,pair_reset_limit,2022-11,4,45.805459,125.350295,-174.402964,-262.951112,7150.433138,true,true,0CDFEB0DF044974B105B0B1F6D370916244C872CC557E6514C637D93D6B4CF05
PAIR_TWO_SIDED_GRID_T075_S020_STOP_AFTER_3_PAIR_RESETS_WEEK,pair_reset_limit,2022-12,4,144.646891,67.50124,-210.767918,-261.603802,7295.080029,true,true,F45B4E09F09EB87A844D6412B1C4494F8215AD7B9967C091743192BFD8669023
PAIR_TWO_SIDED_GRID_T075_S020_STOP_AFTER_3_PAIR_RESETS_WEEK,pair_reset_limit,2023-01,5,338.960655,293.42706,-99.922346,-140.271866,7634.040684,true,true,A420E7948C411E2CE25924D0D4246F2C87473F5C62FF26FC5A58D182CCE9F695
PAIR_TWO_SIDED_GRID_T075_S020_STOP_AFTER_3_PAIR_RESETS_WEEK,pair_reset_limit,2023-02,4,238.248297,174.574814,-118.363721,-155.391288,7872.288981,true,true,6020DCBEDB9DE76D315CB5FAE885E8A942A8086714795F8B3B635976F23B3FA2
PAIR_TWO_SIDED_GRID_T075_S020_STOP_AFTER_3_PAIR_RESETS_WEEK,pair_reset_limit,2023-03,4,182.290841,239.07177,-122.717363,-191.637631,8054.579822,true,true,4D3245B19118F20339DCEF9637FB2B437DAA0519CC52BF49EA90815B0BD28F3D
PAIR_TWO_SIDED_GRID_T075_S020_STOP_AFTER_3_PAIR_RESETS_WEEK,pair_reset_limit,2023-04,5,155.140716,203.553743,-251.060056,-404.304191,8209.720538,true,true,203B87AE58EC4DE15D36ECE99C45450E6F5920F7854B17E00C36C7C2D74907DA
PAIR_TWO_SIDED_GRID_T075_S020_STOP_AFTER_3_PAIR_RESETS_WEEK,pair_reset_limit,2023-05,4,-71.239631,106.579083,-342.228074,-546.01091,8138.480907,false,true,FCE2FBD64C25D2AD16CAEB7E23DF0496EAC11CD0BCDA87AD825B293B5B4DFC92
PAIR_TWO_SIDED_GRID_T075_S020_STOP_AFTER_3_PAIR_RESETS_WEEK,pair_reset_limit,2023-06,4,-566.015275,66.209762,-657.255961,-991.83609,7572.465632,false,true,F56A6E9F3C420EA21A8413E9D5187FDCAB88178339C061420196C84B1BBF88B2
PAIR_TWO_SIDED_GRID_T075_S020_STOP_AFTER_3_PAIR_RESETS_WEEK,pair_reset_limit,2023-07,5,577.563823,-205.767687,-440.285257,-681.642332,8150.029455,true,false,4C2DE9BCBE129315E7588965E889CB5851998D0FF0C64BAF712CED5DAF4C51E0
PAIR_TWO_SIDED_GRID_T075_S020_STOP_AFTER_3_PAIR_RESETS_WEEK,pair_reset_limit,2023-08,4,79.586837,120.827461,-337.545573,-379.295532,8229.616292,true,true,F7E9551DB02977469E35DDD2901C516C6EC073705ACCD5432A5644963E38D90A
PAIR_TWO_SIDED_GRID_T075_S020_STOP_AFTER_3_PAIR_RESETS_WEEK,pair_reset_limit,2023-09,4,-245.93049,67.306145,-418.566122,-562.981839,7983.685802,false,true,4C4E61BF7F258DEAE97EEF824C4FB7B0727B72926507B2C2DF97B6EA7F0929AE
PAIR_TWO_SIDED_GRID_T075_S020_STOP_AFTER_3_PAIR_RESETS_WEEK,pair_reset_limit,2023-10,5,592.560087,234.148193,-262.357632,-346.413921,8576.245889,true,true,6AD3A02868231AC4DA0F7F51B6D89C6001D4CAE5DA7FF3CBAF4DCA28F80F691C
PAIR_TWO_SIDED_GRID_T075_S020_STOP_AFTER_3_PAIR_RESETS_WEEK,pair_reset_limit,2023-11,4,307.906846,216.079836,-192.489809,-300.937965,8884.152735,true,true,080CF732EA25876E5574E2F26B48285A932F5A5385809D1C23D18432951AB538
PAIR_TWO_SIDED_GRID_T075_S020_STOP_AFTER_3_PAIR_RESETS_WEEK,pair_reset_limit,2023-12,4,350.15235,250.661688,-15.448075,-30.529818,9234.305085,true,true,F9AC1644DC2CF2EFA2B5EBE9D94B1B7BB55BDA20AB690EB350D22AFAA85F4B8A
PAIR_TWO_SIDED_GRID_T075_S020_STOP_AFTER_3_PAIR_RESETS_WEEK,pair_reset_limit,2024-01,5,8.344914,215.748905,-220.25741,-359.557984,9242.649999,true,true,1443E0FA45DCEDA5D3ACEB888ADEA0150DC163B1B3390FC801F7C3600849F113
PAIR_TWO_SIDED_GRID_T075_S020_STOP_AFTER_3_PAIR_RESETS_WEEK,pair_reset_limit,2024-02,4,-36.920373,155.432983,-473.444436,-663.197275,9205.729626,false,true,0D1E2E6603DEA37318986C54100A2394F973B4738FD065B6C814B0C1EE743250
PAIR_TWO_SIDED_GRID_T075_S020_STOP_AFTER_3_PAIR_RESETS_WEEK,pair_reset_limit,2024-03,5,-78.666846,200.321628,-605.726944,-832.123222,9127.06278,false,true,4B096675452B1CE33E8BCA9D108D8F1375A3DEA2D10BF8A6B4C8DEB1E9CA9FB7
PAIR_TWO_SIDED_GRID_T075_S020_STOP_AFTER_3_PAIR_RESETS_WEEK,pair_reset_limit,2024-04,4,629.99287,245.62238,-742.74952,-1254.36858,9757.05565,true,true,1026741518E976244AAD9B82CC3A1C919BFF5FAA4B86115D20F6EF39509DDCBB
PAIR_TWO_SIDED_GRID_T075_S020_STOP_AFTER_3_PAIR_RESETS_WEEK,pair_reset_limit,2024-05,4,-375.617158,127.290052,-798.999569,-1147.781151,9381.438492,false,true,FE4E081FA11F30D8F36F6071010377F252C54F0054C642D64E8525F4D7602222
PAIR_TWO_SIDED_GRID_T075_S020_STOP_AFTER_3_PAIR_RESETS_WEEK,pair_reset_limit,2024-06,5,-397.613981,205.241652,-972.837697,-1413.390447,8983.824511,false,true,97F58CFED27EA2D836C492B503012560CEB5C7DF1475526447DBC790D8613EF5
PAIR_TWO_SIDED_GRID_T075_S020_STOP_AFTER_3_PAIR_RESETS_WEEK,pair_reset_limit,2024-07,4,1219.957648,226.097045,-968.195591,-1369.518573,10203.782159,true,true,78E357A773C2C79F02AB8CC4178AAAC6CFFABB47F78E6EB0276F6EC7ED0EFA78
PAIR_TWO_SIDED_GRID_T075_S020_STOP_AFTER_3_PAIR_RESETS_WEEK,pair_reset_limit,2024-08,4,429.020678,178.34076,-88.925456,-168.849926,10632.802837,true,true,F6F79E16C2F9336FAFAFD9ECEA387D9435EE5EF764EE48E2DADEAF0731566313
PAIR_TWO_SIDED_GRID_T075_S020_STOP_AFTER_3_PAIR_RESETS_WEEK,pair_reset_limit,2024-09,5,95.502213,172.971499,-267.794448,-333.710715,10728.30505,true,true,67DD5066DFAC60952176529E64797A7A7293C8AE890A20D8CD24276DEB9BA4D9
PAIR_TWO_SIDED_GRID_T075_S020_STOP_AFTER_3_PAIR_RESETS_WEEK,pair_reset_limit,2024-10,4,48.079659,73.629292,-299.948693,-342.538255,10776.384709,true,true,2FD98E74598C26238E7F7BEF42771278DE74C81DD98D91CEE030BBD52D6A8996
PAIR_TWO_SIDED_GRID_T075_S020_STOP_AFTER_3_PAIR_RESETS_WEEK,pair_reset_limit,2024-11,4,14.563502,32.527252,-497.884273,-778.732048,10790.948211,true,true,793B6110CA2F37403B6192C29F04D68451E670ED773A90E38133F2D427431D4D
PAIR_TWO_SIDED_GRID_T075_S020_STOP_AFTER_3_PAIR_RESETS_WEEK,pair_reset_limit,2024-12,5,-319.31698,153.926242,-589.983384,-774.870418,10471.631231,false,true,885DFA93AE90AA1E7204F35A755CA37FC5E2F4D8D4AFA9F8A8C7F52F69803260
PAIR_TWO_SIDED_GRID_T075_S020_STOP_AFTER_3_PAIR_RESETS_WEEK,pair_reset_limit,2025-01,4,501.17585,244.746297,-545.033122,-675.919499,10972.807081,true,true,0FAF3640D1C92F3488B62CBA4D119B395F9AF9235D7C1026F57F9715F7AA207F
PAIR_TWO_SIDED_GRID_T075_S020_STOP_AFTER_3_PAIR_RESETS_WEEK,pair_reset_limit,2025-02,4,142.835275,173.134608,-545.730117,-681.04776,11115.642356,true,true,5758DA8411E4DEF34FCBF0E8BA151BC46E937C2A529E3340FC0464374CF2C801
PAIR_TWO_SIDED_GRID_T075_S020_STOP_AFTER_3_PAIR_RESETS_WEEK,pair_reset_limit,2025-03,5,611.503051,120.329821,-178.578787,-265.025974,11727.145407,true,true,1D4B8C6EE9FA521226839713A30E5D0F41B0647FDDFB83228C6FA7CF4873EC29
PAIR_TWO_SIDED_GRID_T075_S020_STOP_AFTER_3_PAIR_RESETS_WEEK,pair_reset_limit,2025-04,4,174.749669,175.684736,-33.714059,-60.76068,11901.895076,true,true,F9C7F55910ED6436E02B6B9D450CC9B9A5C7727F08C293190991756C886028A4
PAIR_TWO_SIDED_GRID_T075_S020_STOP_AFTER_3_PAIR_RESETS_WEEK,pair_reset_limit,2025-05,4,202.5804,197.001824,-61.778756,-91.902989,12104.475476,true,true,F9343A17B4258E6BB2B33478A238B0308235874224216C64B6A84D1AE4B3AC5B
PAIR_TWO_SIDED_GRID_T075_S020_STOP_AFTER_3_PAIR_RESETS_WEEK,pair_reset_limit,2025-06,5,154.592525,257.22281,-82.117453,-143.759143,12259.068001,true,true,3FC1356A45FD58E614F9D6DB9484B2633B760CF4FC3B9EA8E90D4382F02B114A
PAIR_TWO_SIDED_GRID_T075_S020_STOP_AFTER_3_PAIR_RESETS_WEEK,pair_reset_limit,2025-07,4,154.691273,81.348809,-159.610929,-229.886076,12413.759274,true,true,E44FB8461B88D1D769A3B36FC4C16A49D5055F0B80E6BD13E87A4DDC70D615ED
PAIR_TWO_SIDED_GRID_T075_S020_STOP_AFTER_3_PAIR_RESETS_WEEK,pair_reset_limit,2025-08,5,305.961361,255.89006,-36.978452,-57.060064,12719.720635,true,true,58E46F29B2100C22C737D0A860DD64E71C3B0D001C047DB3BB01EAFAECC14EFB
PAIR_TWO_SIDED_GRID_T075_S020_STOP_AFTER_3_PAIR_RESETS_WEEK,pair_reset_limit,2025-09,4,-25.90222,172.559672,-207.747639,-309.361504,12693.818415,false,true,6EEA8E1B8E11582A07AE9B1FAD5BF6EA482D2F178DCF61B9AC50CC4D55D3720C
PAIR_TWO_SIDED_GRID_T075_S020_STOP_AFTER_3_PAIR_RESETS_WEEK,pair_reset_limit,2025-10,4,-28.053313,236.666308,-350.727703,-483.526891,12665.765102,false,true,74A493594C971A8EB6E0101CBAB7E185C875AB16CA7FCE07983D7A359EC6E46A
PAIR_TWO_SIDED_GRID_T075_S020_STOP_AFTER_3_PAIR_RESETS_WEEK,pair_reset_limit,2025-11,4,423.907188,189.396394,-485.098883,-620.501261,13089.67229,true,true,184C58D3BC954A973B194E67B66F935CA2D2F6324611F8D79FCCA2C359BDF5CB
PAIR_TWO_SIDED_GRID_T075_S020_STOP_AFTER_3_PAIR_RESETS_WEEK,pair_reset_limit,2025-12,5,-123.369515,220.569892,-437.967905,-592.955504,12966.302775,false,true,B3E2624C6F3A226CD563D9168C1343AD6E9FB537DF8E0B4F1F2E05F4A43F3786
PAIR_TWO_SIDED_GRID_T075_S020_STOP_AFTER_3_PAIR_RESETS_WEEK,pair_reset_limit,2026-01,4,68.218769,288.102085,-776.669295,-830.232695,13034.521544,true,true,23AD85093FDF894C45747A59CA5D6F0DCB65943446477925800F035F79583D06
PAIR_TWO_SIDED_GRID_T075_S020_STOP_AFTER_3_PAIR_RESETS_WEEK,pair_reset_limit,2026-02,4,-1320.821015,140.269018,-1662.386253,-2273.928853,11713.700529,false,true,DA21A7564D39BB82888685BB10BDDC84D8389C997A35C584A866007E7B1DAF3E
PAIR_TWO_SIDED_GRID_T075_S020_STOP_AFTER_3_PAIR_RESETS_WEEK,pair_reset_limit,2026-03,5,-58.580316,-252.220778,-2011.354027,-2419.204559,11655.120213,false,false,B4C74AAA0F81FAB3EAF6975526BB09F727E09EEA76A33E810680525686583FB1
PAIR_TWO_SIDED_GRID_T075_S020_STOP_AFTER_3_PAIR_RESETS_WEEK,pair_reset_limit,2026-04,4,-164.043762,115.381825,-2300.062204,-2359.713978,11491.076451,false,true,2FC95C1718244536E92552583EDA0677746ACED85235E3F1A21E60BCFE903B90
PAIR_TWO_SIDED_GRID_T075_S020_STOP_AFTER_3_PAIR_RESETS_WEEK,pair_reset_limit,2026-05,5,222.65105,171.157104,-2214.691034,-2627.126459,11713.727501,true,true,6E2CDC47DDF1992F63ADB154BA465750767C9AC89BDF0FAFAAF65A9FE10E0B23
PAIR_TWO_SIDED_GRID_T100_S020_STOP_AFTER_3_PAIR_RESETS_WEEK,pair_reset_limit,2019-04,3,-106.238078,213.785576,-244.191443,-320.023654,-106.238078,false,true,F1DD6ED5DBBEB91207F6CCF4D2739DFAD0859CA854F803C6BF022F57EB5F849C
PAIR_TWO_SIDED_GRID_T100_S020_STOP_AFTER_3_PAIR_RESETS_WEEK,pair_reset_limit,2019-05,4,-380.989838,198.378374,-579.730668,-899.391866,-487.227916,false,true,205051E6078C4CE85E96E51A09E88DA92D63C066970B6D94DF9BD30C029C2FF8
PAIR_TWO_SIDED_GRID_T100_S020_STOP_AFTER_3_PAIR_RESETS_WEEK,pair_reset_limit,2019-06,5,151.939908,256.249511,-688.821087,-1003.701469,-335.288008,true,true,DDB6A09CD6DC2ED285A85AAAB86CF53A118C6BD3279C88E70FEDEA509BF17D35
PAIR_TWO_SIDED_GRID_T100_S020_STOP_AFTER_3_PAIR_RESETS_WEEK,pair_reset_limit,2019-07,4,-1241.791524,142.573787,-1560.303203,-2388.06678,-1577.079532,false,true,3932BC0741F6F786A44B394C629F7FB487F2036B6C61872E64B89A5D0526A3AD
PAIR_TWO_SIDED_GRID_T100_S020_STOP_AFTER_3_PAIR_RESETS_WEEK,pair_reset_limit,2019-08,4,235.046583,263.352959,-2181.357777,-2416.373156,-1342.032949,true,true,409F61CDC23BD9FCE4ED0C7B529900DFDAAC3B9A233FC186A59D78919EAFA387
PAIR_TWO_SIDED_GRID_T100_S020_STOP_AFTER_3_PAIR_RESETS_WEEK,pair_reset_limit,2019-09,5,1175.088289,230.391342,-1267.883171,-1599.30378,-166.94466,true,true,16C208C12DB732008579D7633242BFFCEB09B9A1ACDFC14ADB8BE29403C46A46
PAIR_TWO_SIDED_GRID_T100_S020_STOP_AFTER_3_PAIR_RESETS_WEEK,pair_reset_limit,2019-10,4,1406.225565,273.831175,-499.831082,-689.457984,1239.280905,true,true,C40ED7351B80CDA00637783946CD56CE78B811643FE1EE74257BDF45B597B8BF
PAIR_TWO_SIDED_GRID_T100_S020_STOP_AFTER_3_PAIR_RESETS_WEEK,pair_reset_limit,2019-11,4,57.618218,222.235042,-496.497397,-594.149478,1296.899123,true,true,79179F2D491A6B4F3AB2B6DE3282E38D489F32361F8E49448DE388410FE675B9
PAIR_TWO_SIDED_GRID_T100_S020_STOP_AFTER_3_PAIR_RESETS_WEEK,pair_reset_limit,2019-12,5,39.906193,253.103106,-632.178679,-717.095556,1336.805316,true,true,13483512D900C9877351C436D8D7E7E17C4B2371E7DEBC8B109FD8C4D30E5E2A
PAIR_TWO_SIDED_GRID_T100_S020_STOP_AFTER_3_PAIR_RESETS_WEEK,pair_reset_limit,2020-01,4,-324.086177,105.765276,-838.259476,-1146.947009,1012.719139,false,true,CE313346B4D990E9A303B2B483DC56888C1D5E97945BFB9F672F42C884D5B769
PAIR_TWO_SIDED_GRID_T100_S020_STOP_AFTER_3_PAIR_RESETS_WEEK,pair_reset_limit,2020-02,4,221.379152,-104.31455,-943.518796,-1138.742321,1234.098291,true,false,9BFA122831751A1A59D12FCABB1BE64BE4573C764765B6AC997799B931C1319A
PAIR_TWO_SIDED_GRID_T100_S020_STOP_AFTER_3_PAIR_RESETS_WEEK,pair_reset_limit,2020-03,5,568.752543,-4.812796,-789.046234,-1043.9717,1802.850834,true,false,5F991E61DF54E61E425FDF3DE8D7F0A0FA555F5720A76015A70F7098B96B46FE
PAIR_TWO_SIDED_GRID_T100_S020_STOP_AFTER_3_PAIR_RESETS_WEEK,pair_reset_limit,2020-04,4,168.588739,121.467732,-269.775888,-311.182621,1971.439573,true,true,D5FF0E3F2118B20E8C895F22FF61228410B1D6A9C801B8AFF1FA810E42711B95
PAIR_TWO_SIDED_GRID_T100_S020_STOP_AFTER_3_PAIR_RESETS_WEEK,pair_reset_limit,2020-05,5,315.390041,309.60941,-235.603908,-453.302721,2286.829614,true,true,CD919BE5DB9C17835C311171D88F15147FEA7C2BFE41B31FE2AD238C6A85ADBD
PAIR_TWO_SIDED_GRID_T100_S020_STOP_AFTER_3_PAIR_RESETS_WEEK,pair_reset_limit,2020-06,4,179.956174,145.798865,-192.288166,-226.100845,2466.785788,true,true,0B1F8D4D8095BCDEC34D9F78126F60C5571C52E4082A275238ACA31B615BF8EB
PAIR_TWO_SIDED_GRID_T100_S020_STOP_AFTER_3_PAIR_RESETS_WEEK,pair_reset_limit,2020-07,4,-232.106069,207.987632,-283.310246,-600.722722,2234.679719,false,true,380BCF20856861A1EFA0337681F66BA5EAC934A3AD47DB73881D3F0D56EE8154
PAIR_TWO_SIDED_GRID_T100_S020_STOP_AFTER_3_PAIR_RESETS_WEEK,pair_reset_limit,2020-08,5,378.671071,90.00845,-483.324937,-666.047873,2613.35079,true,true,E1F227E4B0401BE6FB2AA0C97ED7A1669DF8B7876DA0ABDD6A7AFAA533E608CC
PAIR_TWO_SIDED_GRID_T100_S020_STOP_AFTER_3_PAIR_RESETS_WEEK,pair_reset_limit,2020-09,4,384.409266,111.436949,-378.210603,-756.70157,2997.760056,true,true,5BE9C9D6F7EB7DF2C1C2F117ADA91D46404D3E23DBE6F1ADC7DE1111DBD65728
PAIR_TWO_SIDED_GRID_T100_S020_STOP_AFTER_3_PAIR_RESETS_WEEK,pair_reset_limit,2020-10,4,230.164398,261.051095,-90.196619,-148.170873,3227.924454,true,true,299166427DDAB7E88EA132AC0CF2033A432004256D95862D66CE92171A83F835
PAIR_TWO_SIDED_GRID_T100_S020_STOP_AFTER_3_PAIR_RESETS_WEEK,pair_reset_limit,2020-11,5,120.486026,294.49851,-143.857294,-243.986965,3348.41048,true,true,696ACEF6267B8428F7F05F3452A5406EC752FBB546291249339307BE007BF7DA
PAIR_TWO_SIDED_GRID_T100_S020_STOP_AFTER_3_PAIR_RESETS_WEEK,pair_reset_limit,2020-12,4,75.539241,95.000716,-335.434418,-428.916163,3423.949721,true,true,B395514FA74774697B90641A9CD4AB69B5CA7FE8B946C606FB2A91A7689F05EE
PAIR_TWO_SIDED_GRID_T100_S020_STOP_AFTER_3_PAIR_RESETS_WEEK,pair_reset_limit,2021-01,4,458.234883,262.928568,-192.213294,-333.458287,3882.184604,true,true,6E420B77721BF689F83D51E2DD9B26C017F53FC6755BCEAA4A3D17F1DC1D0F99
PAIR_TWO_SIDED_GRID_T100_S020_STOP_AFTER_3_PAIR_RESETS_WEEK,pair_reset_limit,2021-02,4,311.721937,243.533028,-34.417716,-79.275432,4193.906541,true,true,C12B77928129DB7A01F15E4D01693F4B2E136F7128660B241E8F3E5455AE115E
PAIR_TWO_SIDED_GRID_T100_S020_STOP_AFTER_3_PAIR_RESETS_WEEK,pair_reset_limit,2021-03,5,59.351024,316.228338,-161.033312,-259.212561,4253.257565,true,true,4DE006A861937A00EF29C6858B67D5799855E48AA64CDF8D21B4FC64A1A8515A
PAIR_TWO_SIDED_GRID_T100_S020_STOP_AFTER_3_PAIR_RESETS_WEEK,pair_reset_limit,2021-04,4,256.257768,223.852014,-223.645339,-242.617022,4509.515333,true,true,3AB91E810A0267FE7ECB690DFA1A3314975B060E11125DC082AE56AE0DA31C78
PAIR_TWO_SIDED_GRID_T100_S020_STOP_AFTER_3_PAIR_RESETS_WEEK,pair_reset_limit,2021-05,5,19.919922,265.750211,-456.543182,-506.805051,4529.435255,true,true,F7F38FB728FAA4A9B880F85FC8F45DB425CF2789E101092E001C7853CF9F0AA7
PAIR_TWO_SIDED_GRID_T100_S020_STOP_AFTER_3_PAIR_RESETS_WEEK,pair_reset_limit,2021-06,4,589.593157,124.356908,-181.363722,-373.8457,5119.028412,true,true,EBC4429BE37287CF77603EAA20186B00CCAC55219A24A923FF40792F255AB636
PAIR_TWO_SIDED_GRID_T100_S020_STOP_AFTER_3_PAIR_RESETS_WEEK,pair_reset_limit,2021-07,4,76.992635,277.55625,-127.622992,-205.582431,5196.021047,true,true,10AD16B42380B1B9934D41A02BA99F3F3358D193FD9DBFAC1260937F20209580
PAIR_TWO_SIDED_GRID_T100_S020_STOP_AFTER_3_PAIR_RESETS_WEEK,pair_reset_limit,2021-08,5,298.527446,285.456336,-193.957529,-504.547464,5494.548493,true,true,5145C61725A1191FA5ED6A581C1CA835A2B4BF3F819A4CAA9A977A6A9CF9E6FD
PAIR_TWO_SIDED_GRID_T100_S020_STOP_AFTER_3_PAIR_RESETS_WEEK,pair_reset_limit,2021-09,4,312.033128,248.590021,-152.502368,-179.02007,5806.581621,true,true,E6C7F2FFC4F7B9E8FCB5320F9B4C028CA78127531E611C3CFFB7F8F1D2E59B7D
PAIR_TWO_SIDED_GRID_T100_S020_STOP_AFTER_3_PAIR_RESETS_WEEK,pair_reset_limit,2021-10,5,23.340204,194.528255,-249.360251,-304.919873,5829.921825,true,true,02E18BD5CAB4E8A4628716787AC9E41BBAD5BBECA3FB3209CD2A84796534A9BB
PAIR_TWO_SIDED_GRID_T100_S020_STOP_AFTER_3_PAIR_RESETS_WEEK,pair_reset_limit,2021-11,4,-477.999641,90.774202,-581.041065,-869.030108,5351.922184,false,true,841773C7A212A8907425E5A87790795556614AE1952C4AAA19A7E9BA7EC8994A
PAIR_TWO_SIDED_GRID_T100_S020_STOP_AFTER_3_PAIR_RESETS_WEEK,pair_reset_limit,2021-12,4,504.395696,173.730793,-548.507309,-615.468001,5856.31788,true,true,5E079173260ADD31271DCFE856710ECF63842D22260D076F2FE044A158C13722
PAIR_TWO_SIDED_GRID_T100_S020_STOP_AFTER_3_PAIR_RESETS_WEEK,pair_reset_limit,2022-01,5,656.05626,221.738322,-408.424548,-602.6104,6512.37414,true,true,5F039197ED5E934558F6548DAC530FDE0595A2DDB3FE86D43654A587F5CF8988
PAIR_TWO_SIDED_GRID_T100_S020_STOP_AFTER_3_PAIR_RESETS_WEEK,pair_reset_limit,2022-02,4,-1231.465647,274.974658,-623.273295,-1610.487572,5280.908493,false,true,BEF2E0D5E426E949DF1C4E56A22897D9326928679F3BA85EAD249953B85E92F4
PAIR_TWO_SIDED_GRID_T100_S020_STOP_AFTER_3_PAIR_RESETS_WEEK,pair_reset_limit,2022-03,4,380.952229,111.068456,-1189.643108,-1457.333149,5661.860722,true,true,79344E2C955F6ED2B38816F622A0CD5F1C647029FBA7C058FBBC9F19B90F3F98
PAIR_TWO_SIDED_GRID_T100_S020_STOP_AFTER_3_PAIR_RESETS_WEEK,pair_reset_limit,2022-04,4,86.841713,220.14481,-1347.378109,-1565.808587,5748.702435,true,true,ABED5D1C47021AF65D5B8E8155D65EACF91769C6CFF6D88B3FDC09D5FAA8517D
PAIR_TWO_SIDED_GRID_T100_S020_STOP_AFTER_3_PAIR_RESETS_WEEK,pair_reset_limit,2022-05,5,771.253824,276.10417,-917.03283,-1165.057439,6519.956259,true,true,1D33ED40B790EA5896637491C417E9EDDE3892B8277CD36D8235E4C18C90CF85
PAIR_TWO_SIDED_GRID_T100_S020_STOP_AFTER_3_PAIR_RESETS_WEEK,pair_reset_limit,2022-06,4,-219.078926,231.151405,-1010.844879,-1428.987573,6300.877333,false,true,9BAC142BB761E2609785F2177A4A1EE8BC3ED514DB42D31B981C16031C603DD2
PAIR_TWO_SIDED_GRID_T100_S020_STOP_AFTER_3_PAIR_RESETS_WEEK,pair_reset_limit,2022-07,5,324.023406,117.576509,-1389.158362,-1489.775184,6624.900739,true,true,1B67FD1FD5C9189516CFEC8024971CB9916F9736388E4DF607070C7A2EE25AE0
PAIR_TWO_SIDED_GRID_T100_S020_STOP_AFTER_3_PAIR_RESETS_WEEK,pair_reset_limit,2022-08,4,-477.549773,174.109071,-1738.023094,-1874.19952,6147.350966,false,true,2208D8DE8AD7BB88F8232116DD876BF52D58632CC64F0BBF927EB9077468980B
PAIR_TWO_SIDED_GRID_T100_S020_STOP_AFTER_3_PAIR_RESETS_WEEK,pair_reset_limit,2022-09,4,1077.343922,163.853022,-1951.736981,-3001.945057,7224.694888,true,true,2EEAE59B2622A790B98E860CCEB8932BC2ECAF5003ACF69E8D6A1FAB7FF58C1E
PAIR_TWO_SIDED_GRID_T100_S020_STOP_AFTER_3_PAIR_RESETS_WEEK,pair_reset_limit,2022-10,5,1086.640462,313.152808,-352.187666,-1188.329327,8311.33535,true,true,4BF199CC3419C8E704CC7A4B30CA3C7F854C439CB9A9545731CA7693624A277B
PAIR_TWO_SIDED_GRID_T100_S020_STOP_AFTER_3_PAIR_RESETS_WEEK,pair_reset_limit,2022-11,4,51.719882,178.490571,-192.501842,-313.991655,8363.055232,true,true,DD747409D0EEF2532E24597B57DAE08662BB1056D6BD7885D66B5FB733C84D0B
PAIR_TWO_SIDED_GRID_T100_S020_STOP_AFTER_3_PAIR_RESETS_WEEK,pair_reset_limit,2022-12,4,191.076879,93.923927,-239.379966,-290.726307,8554.132111,true,true,84CB834765BD78993CB6C2B8E253FA2B79FFCCF1EAC5D5835ECCAFB5E689728A
PAIR_TWO_SIDED_GRID_T100_S020_STOP_AFTER_3_PAIR_RESETS_WEEK,pair_reset_limit,2023-01,5,371.934396,338.25363,-137.134645,-183.157937,8926.066507,true,true,10C414C796C9A53077909728794C76743C6D9F7963198E6F268B40E36F068B89
PAIR_TWO_SIDED_GRID_T100_S020_STOP_AFTER_3_PAIR_RESETS_WEEK,pair_reset_limit,2023-02,4,256.044977,198.984953,-142.49226,-170.489072,9182.111484,true,true,A39E4410BF16F7B9A936F2C40F946D69F81E7144188662740E745113DF06FC4C
PAIR_TWO_SIDED_GRID_T100_S020_STOP_AFTER_3_PAIR_RESETS_WEEK,pair_reset_limit,2023-03,4,132.508669,266.104741,-258.810369,-277.227742,9314.620153,true,true,ABF5757D160893D646AB1DA0C7325DE827B66DD1FF90020CC37C78999F26FCF8
PAIR_TWO_SIDED_GRID_T100_S020_STOP_AFTER_3_PAIR_RESETS_WEEK,pair_reset_limit,2023-04,5,256.487227,240.889955,-343.302236,-487.071314,9571.10738,true,true,2643AAD1CBD37B925D0ED1CF47151CC0FF2EC961F1E36B2ED28D779C7AC966D5
PAIR_TWO_SIDED_GRID_T100_S020_STOP_AFTER_3_PAIR_RESETS_WEEK,pair_reset_limit,2023-05,4,33.676641,134.445988,-337.022516,-537.673808,9604.784021,true,true,34F1F336DE2CF7B4918FB7CE93F9A5E65AB9C70511094C8999BC64850ADA9F6E
PAIR_TWO_SIDED_GRID_T100_S020_STOP_AFTER_3_PAIR_RESETS_WEEK,pair_reset_limit,2023-06,4,-562.858653,104.95077,-654.506076,-1012.675483,9041.925368,false,true,0B42866C7B6759CD8A04AC343D5FE25B3F648706C321E630E13BB6A3A89DC7C5
PAIR_TWO_SIDED_GRID_T100_S020_STOP_AFTER_3_PAIR_RESETS_WEEK,pair_reset_limit,2023-07,5,620.61205,-174.661451,-454.337011,-657.822011,9662.537418,true,false,6BE02FD2A762AB8C4DB44DA254C75062DEF4D97D5F66965E67C4596F66C9BD9B
PAIR_TWO_SIDED_GRID_T100_S020_STOP_AFTER_3_PAIR_RESETS_WEEK,pair_reset_limit,2023-08,4,82.578889,121.171621,-360.082402,-428.340396,9745.116307,true,true,3554488FD98515DCE9E12378D4E4C4B290F8124C17D923CBEC1CBE2C74D68AF3
PAIR_TWO_SIDED_GRID_T100_S020_STOP_AFTER_3_PAIR_RESETS_WEEK,pair_reset_limit,2023-09,4,-255.065507,71.170287,-435.560759,-582.230508,9490.0508,false,true,AF59C3C0A29BB51DD0605E1A64B8969E67217333F49C5E91FC072149EBB487DB
PAIR_TWO_SIDED_GRID_T100_S020_STOP_AFTER_3_PAIR_RESETS_WEEK,pair_reset_limit,2023-10,5,650.811904,275.310185,-281.886586,-397.722956,10140.862704,true,true,232DBAB4614ED4FB4DBAD1A49AE0FF2AAB43F6B0F859144D7020857C28A9CD80
PAIR_TWO_SIDED_GRID_T100_S020_STOP_AFTER_3_PAIR_RESETS_WEEK,pair_reset_limit,2023-11,4,346.713994,256.443265,-184.672346,-285.6114,10487.576698,true,true,4A3D0DAA5B49E684B50B034B6421436130BBD5F72891192D669E7618DE9754FB
PAIR_TWO_SIDED_GRID_T100_S020_STOP_AFTER_3_PAIR_RESETS_WEEK,pair_reset_limit,2023-12,4,401.932252,300.23043,-24.259191,-59.441681,10889.50895,true,true,980CBC860CB87E6F9598EC8925138B1C92A330C90E66C7A818DDB1DF52D222F4
PAIR_TWO_SIDED_GRID_T100_S020_STOP_AFTER_3_PAIR_RESETS_WEEK,pair_reset_limit,2024-01,5,-19.487345,259.80863,-251.285086,-395.774323,10870.021605,false,true,5FA6EFC6B30133A20186B920E2E158C5C3A404D14E2115494A87DCD31B8B248C
PAIR_TWO_SIDED_GRID_T100_S020_STOP_AFTER_3_PAIR_RESETS_WEEK,pair_reset_limit,2024-02,4,-13.65856,162.68905,-499.140728,-664.197177,10856.363045,false,true,20E674AA69D4D1FCDEDADEEE074A001FD2839E9338EF5CAED7E2A9DC81F0F0FA
PAIR_TWO_SIDED_GRID_T100_S020_STOP_AFTER_3_PAIR_RESETS_WEEK,pair_reset_limit,2024-03,5,-40.445551,196.128949,-643.279583,-868.224067,10815.917494,false,true,08FDA4FD7AB75A7319C80E075FE1E03B8EFBC0AFBB774E4987BDAAAD8B21A3D6
PAIR_TWO_SIDED_GRID_T100_S020_STOP_AFTER_3_PAIR_RESETS_WEEK,pair_reset_limit,2024-04,4,674.424641,276.020327,-782.95354,-1262.043853,11490.342135,true,true,3AE7EA51703B95644AAF526E59F0F8FA863A6B8672752ACA1AF1AB76A5F677A2
PAIR_TWO_SIDED_GRID_T100_S020_STOP_AFTER_3_PAIR_RESETS_WEEK,pair_reset_limit,2024-05,4,-355.923845,150.111427,-814.84314,-1186.691689,11134.41829,false,true,DE50A444EA2375A0E47B1511D7D6EF352FE6BEBDDAFC75AFBDFA1D5D2517FE3D
PAIR_TWO_SIDED_GRID_T100_S020_STOP_AFTER_3_PAIR_RESETS_WEEK,pair_reset_limit,2024-06,5,-294.703072,232.764437,-909.696294,-1342.07279,10839.715218,false,true,54E224D15FE32DE5377C95DD56C0827D2404B677053CC53CCEDFB92A58230D33
PAIR_TWO_SIDED_GRID_T100_S020_STOP_AFTER_3_PAIR_RESETS_WEEK,pair_reset_limit,2024-07,4,1216.654713,296.735922,-1002.255586,-1464.911725,12056.369931,true,true,C53FCABE7B17311FA276C12D52D7F7963ECB0498EFB54A24C9DC74E5C161150E
PAIR_TWO_SIDED_GRID_T100_S020_STOP_AFTER_3_PAIR_RESETS_WEEK,pair_reset_limit,2024-08,4,453.842674,217.677443,-95.742971,-185.988768,12510.212605,true,true,B0BA5A4DEFAFE71F5E2A5D38724231B6A083279CF9E03EADF151E5261296CAB2
PAIR_TWO_SIDED_GRID_T100_S020_STOP_AFTER_3_PAIR_RESETS_WEEK,pair_reset_limit,2024-09,5,91.866353,223.203272,-331.447709,-442.426157,12602.078958,true,true,CDF6D2049AF29BC7A39C3D6ACD8B9DBF9F405EA65CA50249F3AF888ED62F55F5
PAIR_TWO_SIDED_GRID_T100_S020_STOP_AFTER_3_PAIR_RESETS_WEEK,pair_reset_limit,2024-10,4,115.461392,89.305709,-328.798391,-381.419118,12717.54035,true,true,277B629A2F97C70DED6FEBB3184AED933AF0869A8BD7625BE94819F16D6ABC7E
PAIR_TWO_SIDED_GRID_T100_S020_STOP_AFTER_3_PAIR_RESETS_WEEK,pair_reset_limit,2024-11,4,29.625433,50.5384,-513.219587,-776.125819,12747.165783,true,true,980CAC82A864B2EB28D127DEC74143D1534ADF0A54554E59476004FB62EDFC4E
PAIR_TWO_SIDED_GRID_T100_S020_STOP_AFTER_3_PAIR_RESETS_WEEK,pair_reset_limit,2024-12,5,-350.406209,170.214565,-660.454286,-875.288642,12396.759574,false,true,B6CBE057FD197A7CC6259E2248089D02DE66E879579F06DFBEF96AE5238D983E
PAIR_TWO_SIDED_GRID_T100_S020_STOP_AFTER_3_PAIR_RESETS_WEEK,pair_reset_limit,2025-01,4,458.60499,264.661889,-644.779188,-776.7825,12855.364564,true,true,C967665F4A13CFDB04AC7AFCA269B0B58A2BE4F3DEA8A131139DB77B42881A6F
PAIR_TWO_SIDED_GRID_T100_S020_STOP_AFTER_3_PAIR_RESETS_WEEK,pair_reset_limit,2025-02,4,223.577371,168.123881,-595.587846,-739.335658,13078.941935,true,true,EFA7A027ED2CC77CDC4E162289885D7646C037C4FD8AB09A9BCB034A5A30BAAB
PAIR_TWO_SIDED_GRID_T100_S020_STOP_AFTER_3_PAIR_RESETS_WEEK,pair_reset_limit,2025-03,5,719.984828,185.802926,-184.075519,-285.508167,13798.926763,true,true,87868E97943DB78F232B86663EC75D7960C6E7C69F53BFB589C0A155D78FA36C
PAIR_TWO_SIDED_GRID_T100_S020_STOP_AFTER_3_PAIR_RESETS_WEEK,pair_reset_limit,2025-04,4,176.716727,194.939885,-40.982535,-67.34841,13975.64349,true,true,29BFA6A2EB9B0045D30A1CD38166DA1B3DFEB6AD90234BE33CD459EBA9AA1439
PAIR_TWO_SIDED_GRID_T100_S020_STOP_AFTER_3_PAIR_RESETS_WEEK,pair_reset_limit,2025-05,4,211.615113,199.236808,-102.052495,-156.803114,14187.258603,true,true,917B37CAD33F52277AFEFE2D99CB5C6DD5EC70CAD995BCEFBB0614359615E6B5
PAIR_TWO_SIDED_GRID_T100_S020_STOP_AFTER_3_PAIR_RESETS_WEEK,pair_reset_limit,2025-06,5,141.301928,280.856853,-113.584511,-194.52503,14328.560531,true,true,0954F5C889A63E6072B76DF282D31D21DD9E06A8AE1DDBDB82B4C6C7E2827B4F
PAIR_TWO_SIDED_GRID_T100_S020_STOP_AFTER_3_PAIR_RESETS_WEEK,pair_reset_limit,2025-07,4,115.890765,42.608219,-262.946894,-336.683328,14444.451296,true,true,F1AB0D10361344D0541D5619BEF700809424402044E4F68F5C91F2317657C2DD
PAIR_TWO_SIDED_GRID_T100_S020_STOP_AFTER_3_PAIR_RESETS_WEEK,pair_reset_limit,2025-08,5,365.776289,287.616563,-51.285764,-71.526267,14810.227585,true,true,E58D18E1F75B06F128BF442CCD5C4A1F3B9BDAA8852C9B6A5AC8CDCB1F6209D2
PAIR_TWO_SIDED_GRID_T100_S020_STOP_AFTER_3_PAIR_RESETS_WEEK,pair_reset_limit,2025-09,4,31.097537,209.701417,-233.691732,-314.706759,14841.325122,true,true,FEA1EBD983DDFEBF53BED09ADD34FF92CD005357DD6B6A257D724AAFFA302502
PAIR_TWO_SIDED_GRID_T100_S020_STOP_AFTER_3_PAIR_RESETS_WEEK,pair_reset_limit,2025-10,4,-53.458782,300.093612,-379.433713,-575.239032,14787.86634,false,true,10751CB1E8B6348D47FD4C0A204DBA3FD63B4CD521B5553AF7781C9F946C4DC2
PAIR_TWO_SIDED_GRID_T100_S020_STOP_AFTER_3_PAIR_RESETS_WEEK,pair_reset_limit,2025-11,4,502.081705,225.722115,-504.971818,-622.164941,15289.948045,true,true,530E304D3F6AE351DEFA331B4DAA0A62DED71E76DB2DDEFE258F0CE4D77D34EE
PAIR_TWO_SIDED_GRID_T100_S020_STOP_AFTER_3_PAIR_RESETS_WEEK,pair_reset_limit,2025-12,5,-131.05125,246.49949,-511.672549,-676.430182,15158.896795,false,true,45884B958F987E81AC83AD7A0BA9403941EA233EF9B7C4283A37CACEED4D3AB9
PAIR_TWO_SIDED_GRID_T100_S020_STOP_AFTER_3_PAIR_RESETS_WEEK,pair_reset_limit,2026-01,4,50.245064,275.576325,-901.279274,-1023.563392,15209.141859,true,true,3391DFE4A555CDAEDCFA3D84332CC815446A91F8978F44F4576A108AB7D72ECC
PAIR_TWO_SIDED_GRID_T100_S020_STOP_AFTER_3_PAIR_RESETS_WEEK,pair_reset_limit,2026-02,4,-1516.75362,195.100057,-1924.165944,-2613.61512,13692.388239,false,true,179DB1F6CEF80AF048B94B5D796D1F9948D7C16CE875E2C8BBD088B97D9AD2E3
PAIR_TWO_SIDED_GRID_T100_S020_STOP_AFTER_3_PAIR_RESETS_WEEK,pair_reset_limit,2026-03,5,1.304681,-494.545443,-2032.240016,-2451.728372,13693.69292,true,false,30AA4143DA7D3522BFEB1AE5D18A44DD55CDAE92EEEC7E3A737AC7EC3894C001
PAIR_TWO_SIDED_GRID_T100_S020_STOP_AFTER_3_PAIR_RESETS_WEEK,pair_reset_limit,2026-04,4,-190.6128,120.553464,-2363.586524,-2453.415009,13503.08012,false,true,A04EA65FC79D158906135186A5E7D1AC9AFD3A2F07106495E4FA68D2CC9511E1
PAIR_TWO_SIDED_GRID_T100_S020_STOP_AFTER_3_PAIR_RESETS_WEEK,pair_reset_limit,2026-05,5,269.919644,192.072895,-2273.388967,-2678.293009,13772.999764,true,true,6B3E121BB69B062278F2B2FF138BB9A475FE4EF282BFC10574A1467A6BC4D2DE
PAIR_TWO_SIDED_GRID_T125_S020_STOP_AFTER_3_PAIR_RESETS_WEEK,pair_reset_limit,2019-04,3,-84.596356,240.815247,-269.112498,-340.226223,-84.596356,false,true,719D1CF4149CD8D63CFA50D961BA037E7A6875D9F77FE6724995311046467D0C
PAIR_TWO_SIDED_GRID_T125_S020_STOP_AFTER_3_PAIR_RESETS_WEEK,pair_reset_limit,2019-05,4,-322.149321,241.601418,-569.693593,-889.162342,-406.745677,false,true,B7DA5F27F6CFB3FA6BBA7375C5FA0008726E767328767FDBA4FAC764FC00F472
PAIR_TWO_SIDED_GRID_T125_S020_STOP_AFTER_3_PAIR_RESETS_WEEK,pair_reset_limit,2019-06,5,148.245231,308.604911,-701.005909,-1049.522022,-258.500446,true,true,96360EC7D39CA351A2DFFAFC2F73BDF5D30594621EC1F67DC83E6D04F585FA7F
PAIR_TWO_SIDED_GRID_T125_S020_STOP_AFTER_3_PAIR_RESETS_WEEK,pair_reset_limit,2019-07,4,-1202.167916,167.852466,-1588.158278,-2419.542404,-1460.668362,false,true,95F4ED77EF12051013CEE5E524D469A92CE60948ED1640925AE48E2A59E7BF3F
PAIR_TWO_SIDED_GRID_T125_S020_STOP_AFTER_3_PAIR_RESETS_WEEK,pair_reset_limit,2019-08,4,297.561945,299.35744,-2189.68695,-2421.337899,-1163.106417,true,true,70BD96BD9EF658A0535DDC40FCFE992D2BBC22C2898EE502368496F8279A2E4D
PAIR_TWO_SIDED_GRID_T125_S020_STOP_AFTER_3_PAIR_RESETS_WEEK,pair_reset_limit,2019-09,5,1171.785159,245.346012,-1284.176799,-1614.886801,8.678742,true,true,97D2ED682E635EDD4F5412D97581BD429BC771C2BD8D14DCD13B8918328525AB
PAIR_TWO_SIDED_GRID_T125_S020_STOP_AFTER_3_PAIR_RESETS_WEEK,pair_reset_limit,2019-10,4,1449.646644,298.234938,-531.606922,-714.692834,1458.325386,true,true,7F9E3AF0D350CFB1D823A0795818890ADAB23E1A5309542820709A5517E622D6
PAIR_TWO_SIDED_GRID_T125_S020_STOP_AFTER_3_PAIR_RESETS_WEEK,pair_reset_limit,2019-11,4,65.095146,229.451194,-503.272045,-602.792934,1523.420532,true,true,F045123B1857C4D1B22ED6F0F55588646617A73EE7F46F6DF33E97A046F24AB8
PAIR_TWO_SIDED_GRID_T125_S020_STOP_AFTER_3_PAIR_RESETS_WEEK,pair_reset_limit,2019-12,5,108.962523,299.782341,-628.767164,-698.662912,1632.383055,true,true,01007573DFDCD21C5F4CF89440B8A9F43254A9189906E5F3023A30F738258DA0
PAIR_TWO_SIDED_GRID_T125_S020_STOP_AFTER_3_PAIR_RESETS_WEEK,pair_reset_limit,2020-01,4,-319.319361,128.853638,-839.698633,-1146.835911,1313.063694,false,true,A3E884AD955259B9894B5404CBF4CA89097F6ADFFFACF724DCDBC511655C438C
PAIR_TWO_SIDED_GRID_T125_S020_STOP_AFTER_3_PAIR_RESETS_WEEK,pair_reset_limit,2020-02,4,262.378298,-62.673352,-950.518302,-1158.293274,1575.441992,true,false,99F2881CF63777984CB0BB78051319DEE591C04E586B37AB9E3B102FC4930053
PAIR_TWO_SIDED_GRID_T125_S020_STOP_AFTER_3_PAIR_RESETS_WEEK,pair_reset_limit,2020-03,5,618.687712,46.434026,-784.174243,-1034.079784,2194.129704,true,true,3CA5728EBA702B42DC3CB3443C3AD25576E23EDDC2774475B0CC20358A1EFC24
PAIR_TWO_SIDED_GRID_T125_S020_STOP_AFTER_3_PAIR_RESETS_WEEK,pair_reset_limit,2020-04,4,160.657344,139.21522,-282.898355,-327.193364,2354.787048,true,true,B1A70291F261053013E5D88CDA0759FAA9EE5F2D556E44E4AE74B519EEA511DE
PAIR_TWO_SIDED_GRID_T125_S020_STOP_AFTER_3_PAIR_RESETS_WEEK,pair_reset_limit,2020-05,5,359.408202,364.090574,-255.781178,-471.414807,2714.19525,true,true,2CFBAD7057E3407F08228B81CC446893A114825069A2AB7C99F2102F2C569F6A
PAIR_TWO_SIDED_GRID_T125_S020_STOP_AFTER_3_PAIR_RESETS_WEEK,pair_reset_limit,2020-06,4,207.113947,140.877454,-204.729037,-236.692611,2921.309197,true,true,4642AA74F726CD5361B67CE83A3D9A24C107E65022E7CFCD0EADDDD0C7A9A0BB
PAIR_TWO_SIDED_GRID_T125_S020_STOP_AFTER_3_PAIR_RESETS_WEEK,pair_reset_limit,2020-07,4,-242.261716,237.046106,-307.096274,-645.842152,2679.047481,false,true,738B07B538CBDC5CB008E4CAC8508694EAE6A7C876833225E178F15A4444DC91
PAIR_TWO_SIDED_GRID_T125_S020_STOP_AFTER_3_PAIR_RESETS_WEEK,pair_reset_limit,2020-08,5,451.581594,124.044279,-525.017573,-667.305833,3130.629075,true,true,3296A55FC99B952578E4B0ABE36EE41D2314BFF1AC9ABED5B78ACC1A0429E131
PAIR_TWO_SIDED_GRID_T125_S020_STOP_AFTER_3_PAIR_RESETS_WEEK,pair_reset_limit,2020-09,4,415.582623,141.484706,-381.821976,-756.305764,3546.211698,true,true,755C33476255F9C3804055E5B3941AE2428404988F4E1EF026B413C9F68EB877
PAIR_TWO_SIDED_GRID_T125_S020_STOP_AFTER_3_PAIR_RESETS_WEEK,pair_reset_limit,2020-10,4,248.704965,283.447964,-105.438023,-170.721958,3794.916663,true,true,1D2EFBF5F9221C6A741B72E2686C052CEA7CAEC0D4076014B0050AE399880F6B
PAIR_TWO_SIDED_GRID_T125_S020_STOP_AFTER_3_PAIR_RESETS_WEEK,pair_reset_limit,2020-11,5,187.865434,332.334078,-104.559942,-223.418563,3982.782097,true,true,20EBB893267437610DC1803BBB1FD4EBE3E2A829876AA51A76361E9989B407E7
PAIR_TWO_SIDED_GRID_T125_S020_STOP_AFTER_3_PAIR_RESETS_WEEK,pair_reset_limit,2020-12,4,3.412436,239.884056,-391.561784,-459.890183,3986.194533,true,true,398ED08B4BEF4B6F5C9CEB5C5248B294F8CB0557B5A1DB76D8BF9FEDF5FE2378
PAIR_TWO_SIDED_GRID_T125_S020_STOP_AFTER_3_PAIR_RESETS_WEEK,pair_reset_limit,2021-01,4,529.868928,270.567461,-388.481217,-597.561869,4516.063461,true,true,2D78F4E7B643C51A506D1B26D133154012BED005DEE1755FB888315834CC5FE4
PAIR_TWO_SIDED_GRID_T125_S020_STOP_AFTER_3_PAIR_RESETS_WEEK,pair_reset_limit,2021-02,4,362.813881,292.181801,-197.697166,-335.554683,4878.877342,true,true,AB257C4E22A76EC2E28E3D1F06E88C1CF1AF76827CA8BFDCDAB9BF07FD67AE9E
PAIR_TWO_SIDED_GRID_T125_S020_STOP_AFTER_3_PAIR_RESETS_WEEK,pair_reset_limit,2021-03,5,208.433952,355.136369,-169.120236,-276.659053,5087.311294,true,true,E17DDBBB23688AB4479F41A4E693904067C91E34DB9FADFF3A6E3816F22E1827
PAIR_TWO_SIDED_GRID_T125_S020_STOP_AFTER_3_PAIR_RESETS_WEEK,pair_reset_limit,2021-04,4,301.552764,255.584243,-227.845522,-251.959025,5388.864058,true,true,A5C33790A53C121741BB8F35F6A7569ADBBD0C0632FFEA733500159252998091
PAIR_TWO_SIDED_GRID_T125_S020_STOP_AFTER_3_PAIR_RESETS_WEEK,pair_reset_limit,2021-05,5,6.495582,261.800923,-502.159725,-577.950825,5395.35964,true,true,93AAE1A509F358D48A16BB8D49164590B61138DAF6670329B78EB664CE12B78B
PAIR_TWO_SIDED_GRID_T125_S020_STOP_AFTER_3_PAIR_RESETS_WEEK,pair_reset_limit,2021-06,4,621.141187,154.055989,-229.273311,-415.94354,6016.500827,true,true,BEC4D33573411E5DCD80731B92671C06E090D238FE50A7C6ABF0053044692787
PAIR_TWO_SIDED_GRID_T125_S020_STOP_AFTER_3_PAIR_RESETS_WEEK,pair_reset_limit,2021-07,4,103.09339,307.6799,-148.379276,-223.497185,6119.594217,true,true,2397F3F39367FCFF0A8142A46746D23F803A4373AE5A5E602458A17318095639
PAIR_TWO_SIDED_GRID_T125_S020_STOP_AFTER_3_PAIR_RESETS_WEEK,pair_reset_limit,2021-08,5,354.121462,331.756733,-243.109021,-651.803942,6473.715679,true,true,D1B0F9AAC9995285BABEA6B4E5182316644976FF6C7A8B1D98795BCAFD86BBC8
PAIR_TWO_SIDED_GRID_T125_S020_STOP_AFTER_3_PAIR_RESETS_WEEK,pair_reset_limit,2021-09,4,356.366881,272.387125,-144.939193,-182.098827,6830.08256,true,true,41BF3AEA391103F606F6B2C3A1F8BFEAC2FA32903DA265C9CB0420886062A3D9
PAIR_TWO_SIDED_GRID_T125_S020_STOP_AFTER_3_PAIR_RESETS_WEEK,pair_reset_limit,2021-10,5,-12.605384,215.753654,-303.155632,-393.365269,6817.477176,false,true,AECD93C35C8C7CA49757306071758B88F360FA3FA61807323734EC4E81A78B29
PAIR_TWO_SIDED_GRID_T125_S020_STOP_AFTER_3_PAIR_RESETS_WEEK,pair_reset_limit,2021-11,4,-475.634211,82.132995,-619.28834,-903.278944,6341.842965,false,true,2753A96E9E737E7EFB06983FD524233B8707583E8BA437D192DF8D5C96310C5E
PAIR_TWO_SIDED_GRID_T125_S020_STOP_AFTER_3_PAIR_RESETS_WEEK,pair_reset_limit,2021-12,4,549.216273,182.697004,-547.006427,-590.295741,6891.059238,true,true,FA1696AB7931AAC53FBE02C6BDAB1399F4869340C00A221222250E2F2D817043
PAIR_TWO_SIDED_GRID_T125_S020_STOP_AFTER_3_PAIR_RESETS_WEEK,pair_reset_limit,2022-01,5,663.186711,269.71394,-430.197115,-621.933861,7554.245949,true,true,B266B7D7286ED016518D8A4FB4734A8EC2568278DF50BE66A13512B7FD9A6AB6
PAIR_TWO_SIDED_GRID_T125_S020_STOP_AFTER_3_PAIR_RESETS_WEEK,pair_reset_limit,2022-02,4,-1211.687698,326.951869,-648.08368,-1681.926471,6342.558251,false,true,4682B2587C7D3A72ADE7B570549D00981F2C1E6E9BBB440E98A39ECB825BC312
PAIR_TWO_SIDED_GRID_T125_S020_STOP_AFTER_3_PAIR_RESETS_WEEK,pair_reset_limit,2022-03,4,376.725551,111.670844,-1241.113165,-1537.90591,6719.283802,true,true,BA078A1D6832BF39F14A1BCFCF56A4044F71968E43A25F2C3F675B44B370DE68
PAIR_TWO_SIDED_GRID_T125_S020_STOP_AFTER_3_PAIR_RESETS_WEEK,pair_reset_limit,2022-04,4,102.200437,249.192201,-1384.927499,-1596.105241,6821.484239,true,true,1A1A770E2D4768528D25B4F06877CB41A0FB86620FB30F4FC15029F03D347555
PAIR_TWO_SIDED_GRID_T125_S020_STOP_AFTER_3_PAIR_RESETS_WEEK,pair_reset_limit,2022-05,5,828.654729,285.571387,-1061.192263,-1462.78984,7650.138968,true,true,B6C0A33C0427E4EEB9243BBE6457F4B73E2EEE8187C8A3F39FB0CDA83153916C
PAIR_TWO_SIDED_GRID_T125_S020_STOP_AFTER_3_PAIR_RESETS_WEEK,pair_reset_limit,2022-06,4,-312.370875,239.28742,-1091.019026,-1572.438481,7337.768093,false,true,A936938B5F03EE834D7E0411C645B81B7B96592025279D7E4788DD749FCA36C6
PAIR_TWO_SIDED_GRID_T125_S020_STOP_AFTER_3_PAIR_RESETS_WEEK,pair_reset_limit,2022-07,5,338.591999,110.444684,-1507.626266,-1611.696848,7676.360092,true,true,56A7E2645B8B8BA7073F57365CEEE28C7F5DD3D9E8D54EB27B9517BB03D95821
PAIR_TWO_SIDED_GRID_T125_S020_STOP_AFTER_3_PAIR_RESETS_WEEK,pair_reset_limit,2022-08,4,-522.305126,189.019208,-1903.82362,-2055.6155,7154.054966,false,true,5F5F84C17D5E2ACD9956651EE681B8C786FBEA375B97B75F11FDEB1E40360874
PAIR_TWO_SIDED_GRID_T125_S020_STOP_AFTER_3_PAIR_RESETS_WEEK,pair_reset_limit,2022-09,4,1017.83012,176.50421,-2344.829859,-3653.102473,8171.885086,true,true,F081828AF1F2BB2DE85DCD77417B05BDE7CA400BB9A168B5E95856EFEB50B5C4
PAIR_TWO_SIDED_GRID_T125_S020_STOP_AFTER_3_PAIR_RESETS_WEEK,pair_reset_limit,2022-10,5,1356.707162,348.189041,-369.38673,-1231.737384,9528.592248,true,true,D7422BB44DE1341A85A03F12F17CFE2DC7DF4FF613C35A425B061FE27834FCC5
PAIR_TWO_SIDED_GRID_T125_S020_STOP_AFTER_3_PAIR_RESETS_WEEK,pair_reset_limit,2022-11,4,71.382674,193.139132,-207.163811,-327.527927,9599.974922,true,true,A4B07475D1F70E2860099F9BC62B479308BF91D4F966C5B875E7A918FE83BF77
PAIR_TWO_SIDED_GRID_T125_S020_STOP_AFTER_3_PAIR_RESETS_WEEK,pair_reset_limit,2022-12,4,145.198064,79.563863,-281.498784,-307.886432,9745.172986,true,true,3F3B7E626B1145FF7DA43ECB2FC34A9B9EE3A22E8C078A6383958F6CC918AE5B
PAIR_TWO_SIDED_GRID_T125_S020_STOP_AFTER_3_PAIR_RESETS_WEEK,pair_reset_limit,2023-01,5,379.370273,368.217775,-199.058196,-283.692569,10124.543259,true,true,82B43FBF0CF96E15B2964391E447E1094F89589C40FEBBF5E00FF63305CF8A17
PAIR_TWO_SIDED_GRID_T125_S020_STOP_AFTER_3_PAIR_RESETS_WEEK,pair_reset_limit,2023-02,4,252.949907,175.081415,-206.810977,-282.66199,10377.493166,true,true,04085FF1C3F40466C91D8BE4270B4ADA706183FA2090775785A1DF225D68C426
PAIR_TWO_SIDED_GRID_T125_S020_STOP_AFTER_3_PAIR_RESETS_WEEK,pair_reset_limit,2023-03,4,218.687659,314.605606,-269.731813,-303.033753,10596.180825,true,true,79C210F2259D3848EC546F3ACBF2A4CBBA0500B16D3D616A2AC426C4006D3CA6
PAIR_TWO_SIDED_GRID_T125_S020_STOP_AFTER_3_PAIR_RESETS_WEEK,pair_reset_limit,2023-04,5,278.922532,276.938626,-364.239193,-498.593876,10875.103357,true,true,46B1F2305415BC9A557313F8F1E3EA98DFDF6DC5BDE1B7BB23441B8849BE0E6A
PAIR_TWO_SIDED_GRID_T125_S020_STOP_AFTER_3_PAIR_RESETS_WEEK,pair_reset_limit,2023-05,4,48.347952,139.847271,-374.239436,-586.286292,10923.451309,true,true,47D1140B7949B302B6CA04E5B5C938E0F685F463E90C4B96541FE6D2EB8223F5
PAIR_TWO_SIDED_GRID_T125_S020_STOP_AFTER_3_PAIR_RESETS_WEEK,pair_reset_limit,2023-06,4,-709.895071,120.732029,-771.218353,-1188.933196,10213.556238,false,true,6371BB2E3966859A36490F405FCDD2088E3DD2C2349E1A257E6BA11299DBA1B4
PAIR_TWO_SIDED_GRID_T125_S020_STOP_AFTER_3_PAIR_RESETS_WEEK,pair_reset_limit,2023-07,5,627.958085,-190.980817,-604.814065,-817.020272,10841.514323,true,false,FDB6BFF607B1B39C3863F8CFF9F056A3350434A33D0ACC17031E9D74BE4CC9C1
PAIR_TWO_SIDED_GRID_T125_S020_STOP_AFTER_3_PAIR_RESETS_WEEK,pair_reset_limit,2023-08,4,17.494974,157.050296,-608.299212,-687.402861,10859.009297,true,true,F38B2D803E5DBE01984C105655A21E5378C04D5026D027E736DB71C961E0A494
PAIR_TWO_SIDED_GRID_T125_S020_STOP_AFTER_3_PAIR_RESETS_WEEK,pair_reset_limit,2023-09,4,-215.967019,63.834206,-679.056194,-789.350841,10643.042278,false,true,047E1EAB704DA3E6A93520CD011E5EC5F9D14BED0D922F87DE2780358DAFD103
PAIR_TWO_SIDED_GRID_T125_S020_STOP_AFTER_3_PAIR_RESETS_WEEK,pair_reset_limit,2023-10,5,534.635804,308.470181,-577.012234,-684.577167,11177.678082,true,true,D657D4EB7AD9403B94A9BFD69DA4A935CC9E511DF6BBC6DE9F235125577958B4
PAIR_TWO_SIDED_GRID_T125_S020_STOP_AFTER_3_PAIR_RESETS_WEEK,pair_reset_limit,2023-11,4,192.027794,269.541422,-664.898131,-734.959086,11369.705876,true,true,D951F5FC9ED10289ADD29B7F60B726C09E1AAFD16BF6C65646234E7320771CA1
PAIR_TWO_SIDED_GRID_T125_S020_STOP_AFTER_3_PAIR_RESETS_WEEK,pair_reset_limit,2023-12,4,594.601751,325.38383,-285.429228,-371.480925,11964.307627,true,true,5D710198ED2754C0250E80F163A2F611B047F09168F3D7E5AF6D016B08EEDD54
PAIR_TWO_SIDED_GRID_T125_S020_STOP_AFTER_3_PAIR_RESETS_WEEK,pair_reset_limit,2024-01,5,-343.563409,240.60185,-840.091071,-992.344541,11620.744218,false,true,C1003E680E486E8C76D5CFD217CDB1A5AECAC72250D6CAFB1111EE81FA3BE95A
PAIR_TWO_SIDED_GRID_T125_S020_STOP_AFTER_3_PAIR_RESETS_WEEK,pair_reset_limit,2024-02,4,129.27072,101.902131,-1018.797982,-1191.916607,11750.014938,true,true,0470F050CE8A64EE2D6DD4900143A78046D2D5898B885FE599EC42287CC676E6
PAIR_TWO_SIDED_GRID_T125_S020_STOP_AFTER_3_PAIR_RESETS_WEEK,pair_reset_limit,2024-03,5,31.670206,199.509,-1040.24285,-1251.519305,11781.685144,true,true,888081B0ECC09D9382F6027AF711D2991593B182F44F61DEC3302D46CEEB8BD0
PAIR_TWO_SIDED_GRID_T125_S020_STOP_AFTER_3_PAIR_RESETS_WEEK,pair_reset_limit,2024-04,4,674.745362,291.767506,-1264.084075,-1874.50903,12456.430506,true,true,371F93D9E48613AC95528D7B855BA534C749A8AEFACA111BD69A33874CC3468F
PAIR_TWO_SIDED_GRID_T125_S020_STOP_AFTER_3_PAIR_RESETS_WEEK,pair_reset_limit,2024-05,4,-744.147136,154.587583,-1467.964874,-1804.997174,11712.28337,false,true,BB62980D5704C10BB1319D6C47A01DAD7F69246F34307D0DD985DAEEA31F7321
PAIR_TWO_SIDED_GRID_T125_S020_STOP_AFTER_3_PAIR_RESETS_WEEK,pair_reset_limit,2024-06,5,-696.262829,250.139526,-1987.698422,-2558.275607,11016.020541,false,true,C680DD00B4DE70F56E76AD0A26604B89452C84E0D5D58643534FBA3C9BB7C124
PAIR_TWO_SIDED_GRID_T125_S020_STOP_AFTER_3_PAIR_RESETS_WEEK,pair_reset_limit,2024-07,4,2037.633213,313.745366,-1776.322297,-2436.068931,13053.653754,true,true,F3C5B2CCAEC560E8D7B01974D1825C59725CDD386DFDAC452F8EE4FDE25F6822
PAIR_TWO_SIDED_GRID_T125_S020_STOP_AFTER_3_PAIR_RESETS_WEEK,pair_reset_limit,2024-08,4,516.962044,-97.588176,-137.475879,-219.83754,13570.615798,true,false,76A988E21A8964507880D4EE08C7B4FCB0D3A21E3CEE6AC9AAF6288FE760EBDB
PAIR_TWO_SIDED_GRID_T125_S020_STOP_AFTER_3_PAIR_RESETS_WEEK,pair_reset_limit,2024-09,5,147.866742,236.820649,-341.704227,-454.938545,13718.48254,true,true,AFAF7EFEE3519EF906CE947A842EF41C0F283A5E0822CCE895882941A77FACF3
PAIR_TWO_SIDED_GRID_T125_S020_STOP_AFTER_3_PAIR_RESETS_WEEK,pair_reset_limit,2024-10,4,94.911917,116.467208,-339.601083,-379.751167,13813.394457,true,true,E3A4498A504921B1678DF852883F5390B370D47F42D715DE87FEDB769FB63765
PAIR_TWO_SIDED_GRID_T125_S020_STOP_AFTER_3_PAIR_RESETS_WEEK,pair_reset_limit,2024-11,4,-32.387122,67.821593,-610.056492,-865.946298,13781.007335,false,true,74013127507E1B40D20FEC2C6A89B90A4890D64730F82F8700FA4F1321DBC90C
PAIR_TWO_SIDED_GRID_T125_S020_STOP_AFTER_3_PAIR_RESETS_WEEK,pair_reset_limit,2024-12,5,-326.202536,166.433767,-760.560854,-976.230786,13454.804799,false,true,2447C34EAB142089985BA6A92EB4AE68AD091783BD3960DF62D2D51D6EFFE1CA
PAIR_TWO_SIDED_GRID_T125_S020_STOP_AFTER_3_PAIR_RESETS_WEEK,pair_reset_limit,2025-01,4,567.349742,297.740315,-658.567767,-808.579842,14022.154541,true,true,7146C0EEF0746A1C7D8B7647C4C3FB8798810A1691E64669286E96EB0ED4DDBD
PAIR_TWO_SIDED_GRID_T125_S020_STOP_AFTER_3_PAIR_RESETS_WEEK,pair_reset_limit,2025-02,4,254.827766,210.890712,-630.08142,-777.797789,14276.982307,true,true,05834CF49E5909D2FC0F2F93C9C00E5D1AA6A84192AB1A3CFBF4829B410862E8
PAIR_TWO_SIDED_GRID_T125_S020_STOP_AFTER_3_PAIR_RESETS_WEEK,pair_reset_limit,2025-03,5,627.44944,197.400021,-233.17604,-325.105676,14904.431747,true,true,D04B7207D52AC6B2B40FD33192C9C3DEDDF2496ED1209C1F9491243C8A3311F7
PAIR_TWO_SIDED_GRID_T125_S020_STOP_AFTER_3_PAIR_RESETS_WEEK,pair_reset_limit,2025-04,4,340.647472,231.524411,-41.354596,-70.472795,15245.079219,true,true,5530DF4AFE06899EE1A2C4DF0948B8E93345DA103C961DCE2DA87478F4498E2D
PAIR_TWO_SIDED_GRID_T125_S020_STOP_AFTER_3_PAIR_RESETS_WEEK,pair_reset_limit,2025-05,4,206.991183,202.477508,-112.253524,-163.110223,15452.070402,true,true,0B8EABDAC7B7BD3D71F21B973C7AB0E05B8E6E68509E90C2B1D805B8D25F0CCA
PAIR_TWO_SIDED_GRID_T125_S020_STOP_AFTER_3_PAIR_RESETS_WEEK,pair_reset_limit,2025-06,5,183.288734,311.253019,-111.419634,-193.923405,15635.359136,true,true,02F4D8013CB84CDEE48EC58AE85B22F880DF74CDAC74AE33B3A39F10233651F9
PAIR_TWO_SIDED_GRID_T125_S020_STOP_AFTER_3_PAIR_RESETS_WEEK,pair_reset_limit,2025-07,4,118.200642,75.10459,-261.620439,-323.688877,15753.559778,true,true,B6FA6B3DE6B53A03BA4E341E00D2426558F8A8C6301A9CD5DB634C1E5679581D
PAIR_TWO_SIDED_GRID_T125_S020_STOP_AFTER_3_PAIR_RESETS_WEEK,pair_reset_limit,2025-08,5,362.90267,334.483983,-92.633735,-122.408666,16116.462448,true,true,50B3B24D2C2D26A4D67F6F71FEBDBB337DBD7CEF456A1B46C942675DD82B6A35
PAIR_TWO_SIDED_GRID_T125_S020_STOP_AFTER_3_PAIR_RESETS_WEEK,pair_reset_limit,2025-09,4,-90.35825,232.006548,-433.71795,-572.893886,16026.104198,false,true,B0453502463CB02CE8081F42B0DA5F39BFCE5AE1C6B8263DB851E39D9BB7D63A
PAIR_TWO_SIDED_GRID_T125_S020_STOP_AFTER_3_PAIR_RESETS_WEEK,pair_reset_limit,2025-10,4,-123.669839,332.675804,-648.860168,-901.119107,15902.434359,false,true,AA5F0B77ED1B648D079FDBF4BDA21874C38B43AB8F2A1E57EF32CFEF5F474850
PAIR_TWO_SIDED_GRID_T125_S020_STOP_AFTER_3_PAIR_RESETS_WEEK,pair_reset_limit,2025-11,4,530.759644,258.675364,-882.160679,-1030.032983,16433.194003,true,true,E8D8E231E02DC0BFF88AD6DDB46C38AFC3339E6FF1EDCE92A75AABF45BB3482F
PAIR_TWO_SIDED_GRID_T125_S020_STOP_AFTER_3_PAIR_RESETS_WEEK,pair_reset_limit,2025-12,5,-366.819569,227.75581,-963.245849,-1223.610206,16066.374434,false,true,F953EB5A09E4BBAC24F57EF767E7372FF5F8B1907CAED6C40454C0390B517C9C
PAIR_TWO_SIDED_GRID_T125_S020_STOP_AFTER_3_PAIR_RESETS_WEEK,pair_reset_limit,2026-01,4,-200.457286,276.284867,-1622.121925,-1868.967068,15865.917148,false,true,5A394079E94F299EC9045B87EBAE29B6D8975423F54402BD825CF0FEC2BB0967
PAIR_TWO_SIDED_GRID_T125_S020_STOP_AFTER_3_PAIR_RESETS_WEEK,pair_reset_limit,2026-02,4,-2067.743697,101.192192,-2924.013375,-3869.288248,13798.173451,false,true,94F3ED8B2D7DC322F4C5CCC3919DBA0C4DBC20438F992FD9D99FEDEDCA8F67F9
PAIR_TWO_SIDED_GRID_T125_S020_STOP_AFTER_3_PAIR_RESETS_WEEK,pair_reset_limit,2026-03,5,-290.866038,-518.788133,-3466.739497,-4030.141912,13507.307413,false,false,709F01EBE75D1D18CBFDF622369E2EC334FF6FEE3EAFE906F6653C80E3C8D2A2
PAIR_TWO_SIDED_GRID_T125_S020_STOP_AFTER_3_PAIR_RESETS_WEEK,pair_reset_limit,2026-04,4,-809.743805,127.781602,-4480.035406,-4640.500854,12697.563608,false,true,1D9D4D6DEE8297E683C3162BA801C7FC374A366B5772332705053F3302E7568E
PAIR_TWO_SIDED_GRID_T125_S020_STOP_AFTER_3_PAIR_RESETS_WEEK,pair_reset_limit,2026-05,5,320.599826,209.008501,-4476.758938,-5032.162889,13018.163434,true,true,470E3CD778A127B15FF7164DE5BF5DD6FA213C01331081070F1327EC9C958912
PAIR_TWO_SIDED_GRID_T075_S020_L3_FINAL_RESET_RUNNER_025,pair_final_reset_runner,2019-04,3,-93.073687,101.932951,-184.59278,-250.396444,-93.073687,false,true,C5F3CC824FD5895BC4B0BAA14F55AE46F965234B585CF289FA4CAF673DA93A78
PAIR_TWO_SIDED_GRID_T075_S020_L3_FINAL_RESET_RUNNER_025,pair_final_reset_runner,2019-05,4,-167.937239,25.07936,-219.844195,-388.023237,-261.010926,false,true,9A8EEC30F3A986266ABF484729B7A22255992CC9B93BE93AD7B07A166CE64021
PAIR_TWO_SIDED_GRID_T075_S020_L3_FINAL_RESET_RUNNER_025,pair_final_reset_runner,2019-06,5,229.365626,18.357075,-114.256985,-177.014686,-31.6453,true,true,4F48AD14F54371F807903E2EB10E9BBDC0A9A47E3C1FE57B428BCB4FDC875E4C
PAIR_TWO_SIDED_GRID_T075_S020_L3_FINAL_RESET_RUNNER_025,pair_final_reset_runner,2019-07,4,-395.189491,10.92208,-341.053651,-583.126257,-426.834791,false,true,1D277DF560DC48848F0CB234FE3BB54E9BBC7162AD3C10F54828D5EC2C794A9C
PAIR_TWO_SIDED_GRID_T075_S020_L3_FINAL_RESET_RUNNER_025,pair_final_reset_runner,2019-08,4,-138.337234,73.367708,-627.638353,-794.831199,-565.172025,false,true,96219312271F4676C8CB778675FC453720E108C083711D6E7BDA3DC9F122A5D1
PAIR_TWO_SIDED_GRID_T075_S020_L3_FINAL_RESET_RUNNER_025,pair_final_reset_runner,2019-09,5,171.22761,66.210108,-498.191003,-689.813697,-393.944415,true,true,2924598103FA039851E271A1CB4C6D6075CB2D29A1A20B694DC8F383582C88F6
PAIR_TWO_SIDED_GRID_T075_S020_L3_FINAL_RESET_RUNNER_025,pair_final_reset_runner,2019-10,4,738.105115,10.775583,-34.166008,-230.943475,344.1607,true,true,0FE9FBF5590910A112DBC419FC32EFC1DE66E7E7A7C4BBB5FDCE57C99959A6E3
PAIR_TWO_SIDED_GRID_T075_S020_L3_FINAL_RESET_RUNNER_025,pair_final_reset_runner,2019-11,4,-8.74539,16.689233,8.345919,6.190252,335.41531,false,true,7F7F8DBC9EA5E87B8BCB23AE78B1E69F34110244D9589B6510B45BE82823AB19
PAIR_TWO_SIDED_GRID_T075_S020_L3_FINAL_RESET_RUNNER_025,pair_final_reset_runner,2019-12,5,23.139764,62.558494,-3.591989,-27.337518,358.555074,true,true,9FF761EEDEBE936593BD0104461DBB92B2EAB92C5B3B3252607D0A228CAD9949
PAIR_TWO_SIDED_GRID_T075_S020_L3_FINAL_RESET_RUNNER_025,pair_final_reset_runner,2020-01,4,-12.848585,21.08336,-38.63979,-61.269463,345.706489,false,true,CE40C47E4DBAE15E5B94E18CCA58BC4942B9A3889E5031EC36627850FF088889
PAIR_TWO_SIDED_GRID_T075_S020_L3_FINAL_RESET_RUNNER_025,pair_final_reset_runner,2020-02,4,-31.610089,14.994754,-51.663889,-107.874306,314.0964,false,true,3EED5719A3E577D30FB83F2F89AF920E2C64FEE002AC7C5753ACBB5A95C06122
PAIR_TWO_SIDED_GRID_T075_S020_L3_FINAL_RESET_RUNNER_025,pair_final_reset_runner,2020-03,5,338.807491,116.356957,-152.73174,-329.431595,652.903891,true,true,5D8FEE830A7486722F996B71173EBAA68C4DC189EE63CF59EA6815A1228F5D37
PAIR_TWO_SIDED_GRID_T075_S020_L3_FINAL_RESET_RUNNER_025,pair_final_reset_runner,2020-04,4,15.500473,108.632862,53.807532,21.443839,668.404364,true,true,00F731B74C821A00CCFE27211557F8B722F1D06236F62341747F9903E8FDE82A
PAIR_TWO_SIDED_GRID_T075_S020_L3_FINAL_RESET_RUNNER_025,pair_final_reset_runner,2020-05,5,-7.463391,33.474335,-15.532173,-49.049388,660.940973,false,true,12BBEBAE29EEAED255C06739B7E05ECADC67559555C3DBC74D31827BE9AAAA5A
PAIR_TWO_SIDED_GRID_T075_S020_L3_FINAL_RESET_RUNNER_025,pair_final_reset_runner,2020-06,4,87.083833,44.46817,35.18175,23.121776,748.024806,true,true,9FC455EA407A002B1AD4CCFD5BD8174B4F78B9622DF49D4B06EB642AF77ABB41
PAIR_TWO_SIDED_GRID_T075_S020_L3_FINAL_RESET_RUNNER_025,pair_final_reset_runner,2020-07,4,-27.963587,13.009665,4.416259,-17.851476,720.061219,false,true,BE337800D870E7F8AA54DC221D13D57CB017359F5B110573B4ADD6AF1C05A1B1
PAIR_TWO_SIDED_GRID_T075_S020_L3_FINAL_RESET_RUNNER_025,pair_final_reset_runner,2020-08,5,70.733342,81.373048,-50.519616,-81.348509,790.794561,true,true,106F8DFD50623DBCCC8963349DCEE4042AD912E65DFDBAD12D91B7997C969CF1
PAIR_TWO_SIDED_GRID_T075_S020_L3_FINAL_RESET_RUNNER_025,pair_final_reset_runner,2020-09,4,37.706906,14.499772,-24.426282,-49.845417,828.501467,true,true,68335AF29CCB3F8FBEBC4DF15D4075A7F619C1D301B10E9468C916957F268113
PAIR_TWO_SIDED_GRID_T075_S020_L3_FINAL_RESET_RUNNER_025,pair_final_reset_runner,2020-10,4,-0.636316,12.377601,-9.051049,-18.297965,827.865151,false,true,48B10C9CCFF5BE97226A55F3CA3FC7917FB3E64B8D5A2DC1C86110071F0AA2A1
PAIR_TWO_SIDED_GRID_T075_S020_L3_FINAL_RESET_RUNNER_025,pair_final_reset_runner,2020-11,5,17.156618,-20.622464,5.120004,-5.929672,845.021769,true,false,9F114DA557BFDA18286944783353DC084AE10EB7CF6CB8ABF2B01C1761A7AAA8
PAIR_TWO_SIDED_GRID_T075_S020_L3_FINAL_RESET_RUNNER_025,pair_final_reset_runner,2020-12,4,-6.756307,-3.134002,10.745654,1.987474,838.265462,false,false,57B6ECFD3DD7536A10C183814B11EADD8FBAE92D9D59F4A356749306B2DA0E61
PAIR_TWO_SIDED_GRID_T075_S020_L3_FINAL_RESET_RUNNER_025,pair_final_reset_runner,2021-01,4,35.529583,6.317969,35.203672,30.920945,873.795045,true,true,C3B015A4566B944F5083FA07313CD890A73FC0C5C28EFD14BC7FEDE219954A7D
PAIR_TWO_SIDED_GRID_T075_S020_L3_FINAL_RESET_RUNNER_025,pair_final_reset_runner,2021-02,4,87.497071,28.013485,86.907728,69.866305,961.292116,true,true,4887DFF5C26B44E3AF75F558E41F31AA169F8F714FE6C7FC91F86FA22078EDC2
PAIR_TWO_SIDED_GRID_T075_S020_L3_FINAL_RESET_RUNNER_025,pair_final_reset_runner,2021-03,5,36.147051,83.438363,102.45068,57.2627,997.439167,true,true,0FCAD89483066F8D15CE4D0A650C04B5470AD60AFB9CD9FD15FE43FE027D3C0F
PAIR_TWO_SIDED_GRID_T075_S020_L3_FINAL_RESET_RUNNER_025,pair_final_reset_runner,2021-04,4,12.541729,14.583749,65.586904,55.22068,1009.980896,true,true,B31909216532483A64EDBDD3C411EDCAC608383B679736D10F9EE96072134854
PAIR_TWO_SIDED_GRID_T075_S020_L3_FINAL_RESET_RUNNER_025,pair_final_reset_runner,2021-05,5,-21.860573,26.884942,4.609048,-10.170084,988.120323,false,true,1BB50504D2F8AB03BFA10E8CAC9629BF304E08BB478AE893011E49D4F5F91D28
PAIR_TWO_SIDED_GRID_T075_S020_L3_FINAL_RESET_RUNNER_025,pair_final_reset_runner,2021-06,4,40.667103,-47.66278,65.530934,9.824037,1028.787426,true,false,074CF9685795A8CA22C4DBE0D86BA5E20D4EC2F4FADC6EA00D2678C668E1D94C
PAIR_TWO_SIDED_GRID_T075_S020_L3_FINAL_RESET_RUNNER_025,pair_final_reset_runner,2021-07,4,-15.269713,34.143789,73.123811,45.391546,1013.517713,false,true,C4D5CE0F621206DFB14723A5886DB429E670CA5F8F126BB26EF21D5A3825B95D
PAIR_TWO_SIDED_GRID_T075_S020_L3_FINAL_RESET_RUNNER_025,pair_final_reset_runner,2021-08,5,24.230878,79.935972,8.318496,-10.313548,1037.748591,true,true,DAD1B3EDFED50839F8770A62ECF53F3287D0BA9F61281956E744CD1E489B74E1
PAIR_TWO_SIDED_GRID_T075_S020_L3_FINAL_RESET_RUNNER_025,pair_final_reset_runner,2021-09,4,44.472211,10.021432,-0.308409,-29.747728,1082.220802,true,true,5BB6B35C2DC6DA9B67C95D0F79E3DBDBEDF56288EBABB0E3B683ADF133CC5CA0
PAIR_TWO_SIDED_GRID_T075_S020_L3_FINAL_RESET_RUNNER_025,pair_final_reset_runner,2021-10,5,90.390392,63.358147,61.406042,51.169476,1172.611194,true,true,75AED35C74EFFE87F363A04A3CAAB7590F12FE9D2D030756BED85C38E796FDB3
PAIR_TWO_SIDED_GRID_T075_S020_L3_FINAL_RESET_RUNNER_025,pair_final_reset_runner,2021-11,4,-37.926712,-6.947449,31.722457,20.190213,1134.684482,false,false,87B5B37FD73BC344D41A704CA7EFB70AB444759B32157D398B74CB74BE8CBDB9
PAIR_TWO_SIDED_GRID_T075_S020_L3_FINAL_RESET_RUNNER_025,pair_final_reset_runner,2021-12,4,74.252563,18.083921,72.594956,68.475994,1208.937045,true,true,B83CE3DAAF15E4C691136A6F896FA1FE9980D27011C5C82961B831220701F51E
PAIR_TWO_SIDED_GRID_T075_S020_L3_FINAL_RESET_RUNNER_025,pair_final_reset_runner,2022-01,5,88.805026,80.479063,59.066388,23.523977,1297.742071,true,true,1397CCDE5919C65F6714C7FEE7E3E0891447B435A8DB71A6ECF3EFB56FDBF5BF
PAIR_TWO_SIDED_GRID_T075_S020_L3_FINAL_RESET_RUNNER_025,pair_final_reset_runner,2022-02,4,2.240776,46.64928,63.905042,40.276314,1299.982847,true,true,0B654575260EB88A4470926E932C237D90AEF3B81845319F8108E69092CD998A
PAIR_TWO_SIDED_GRID_T075_S020_L3_FINAL_RESET_RUNNER_025,pair_final_reset_runner,2022-03,4,31.081203,69.061428,18.133071,-70.760331,1331.06405,true,true,A95BE91EFF40525E708E72F56F28A32E8095D3615CEDC52EF2587D8E20E4BCFE
PAIR_TWO_SIDED_GRID_T075_S020_L3_FINAL_RESET_RUNNER_025,pair_final_reset_runner,2022-04,4,18.773427,62.775864,-16.219986,-41.706348,1349.837477,true,true,AC8E286549978B78D513E4C7E0D0AF53DFFA0CD9522DCF8AA7CC2AAAC47CDEBD
PAIR_TWO_SIDED_GRID_T075_S020_L3_FINAL_RESET_RUNNER_025,pair_final_reset_runner,2022-05,5,39.207144,23.21993,-41.203763,-57.24006,1389.044621,true,true,AEFB563521FF87ED73953DEFD3046A25BD4A228B6D7141A424AA2A30F23D9062
PAIR_TWO_SIDED_GRID_T075_S020_L3_FINAL_RESET_RUNNER_025,pair_final_reset_runner,2022-06,4,0.743943,9.649836,-21.701119,-34.625027,1389.788564,true,true,051C155F562E5F07B11399541ECD06EDB56A35A61F33E2AAA29885C73282F07D
PAIR_TWO_SIDED_GRID_T075_S020_L3_FINAL_RESET_RUNNER_025,pair_final_reset_runner,2022-07,5,-15.190767,-8.479996,-45.939036,-59.914022,1374.597797,false,false,4036C1A1017E8B80075C8EBD9EA6ED45C2063E68D8D5B4D2D92BADD9102FF069
PAIR_TWO_SIDED_GRID_T075_S020_L3_FINAL_RESET_RUNNER_025,pair_final_reset_runner,2022-08,4,18.217085,2.853569,-45.914491,-64.844782,1392.814882,true,true,6506B8AAA27096B7FF6E4C6C8FBD4A0E1A809839594A961D64EED83F86CA40DA
PAIR_TWO_SIDED_GRID_T075_S020_L3_FINAL_RESET_RUNNER_025,pair_final_reset_runner,2022-09,4,61.70314,33.62469,-9.03809,-29.85349,1454.518022,true,true,A18A2AFFF13987A72F9FD9D2C973C4123883259790D2349DBCDE4E0CA18DF10C
PAIR_TWO_SIDED_GRID_T075_S020_L3_FINAL_RESET_RUNNER_025,pair_final_reset_runner,2022-10,5,24.338284,26.270115,1.851549,-16.605777,1478.856306,true,true,98F9460B6DAC08B44B3E63BECD062C3F28E873F5B6610EBC88A7E12E7E16FA9C
PAIR_TWO_SIDED_GRID_T075_S020_L3_FINAL_RESET_RUNNER_025,pair_final_reset_runner,2022-11,4,-81.276419,85.879743,-67.542454,-166.981825,1397.579887,false,true,760D042CE098B9CE5B85A87EDB85A35AD890E1EB4FD477A07FBBB7228F025B3A
PAIR_TWO_SIDED_GRID_T075_S020_L3_FINAL_RESET_RUNNER_025,pair_final_reset_runner,2022-12,4,73.428624,-78.536111,-38.429705,-134.099765,1471.008511,true,false,C726230F119FF672BA0E1C218F6D198F3F3D0E2089390497DF66B5F23AF1F671
PAIR_TWO_SIDED_GRID_T075_S020_L3_FINAL_RESET_RUNNER_025,pair_final_reset_runner,2023-01,5,40.184208,30.414996,-5.044708,-10.092277,1511.192719,true,true,9A47AD283A9E3ABEFACC6898486658F9ED64C4AB16548CDA7A715C96F85E8C73
PAIR_TWO_SIDED_GRID_T075_S020_L3_FINAL_RESET_RUNNER_025,pair_final_reset_runner,2023-02,4,6.527403,10.175966,-5.408838,-9.169603,1517.720122,true,true,68B6EF5B87D24A008372C38FB562976ED43BE02B13E6DD46CFBAEF3AE5A4E36B
PAIR_TWO_SIDED_GRID_T075_S020_L3_FINAL_RESET_RUNNER_025,pair_final_reset_runner,2023-03,4,63.024255,51.082027,11.924208,3.045787,1580.744377,true,true,7E1EEE30E7C96D20BC11E84E10B8BEDA0F16B8E796BC6522E672307E88833E16
PAIR_TWO_SIDED_GRID_T075_S020_L3_FINAL_RESET_RUNNER_025,pair_final_reset_runner,2023-04,5,-13.910491,22.721948,-13.121413,-58.75639,1566.833886,false,true,2154D24CE5FC99B4D0B28F232D84CEEE1F0B53F9F24F65CACC752181AD4A0661
PAIR_TWO_SIDED_GRID_T075_S020_L3_FINAL_RESET_RUNNER_025,pair_final_reset_runner,2023-05,4,52.342833,48.289473,-26.193608,-48.016831,1619.176719,true,true,817C51835028AD95E446ACEBE4F819A9E7C1B4D08AFBBFDD21FD31481E471664
PAIR_TWO_SIDED_GRID_T075_S020_L3_FINAL_RESET_RUNNER_025,pair_final_reset_runner,2023-06,4,-47.052084,2.841791,-53.127199,-79.427167,1572.124635,false,true,E821722CB11E2FF616E53990A1918CC7E2F7ACD59A33358AEA0120B8F0C4C345
PAIR_TWO_SIDED_GRID_T075_S020_L3_FINAL_RESET_RUNNER_025,pair_final_reset_runner,2023-07,5,-56.832137,17.327466,-82.89907,-153.58677,1515.292498,false,true,CDBF7EAEBE2D3AE7C5565A9EDA8F433B300D9F908141B42D80854F877574C196
PAIR_TWO_SIDED_GRID_T075_S020_L3_FINAL_RESET_RUNNER_025,pair_final_reset_runner,2023-08,4,29.504744,-0.694258,-180.955326,-208.601537,1544.797242,true,false,61B21C3ABD3EE10CECE3447605E5AF0C23FE798F5E36E6D703CA31E036BB5215
PAIR_TWO_SIDED_GRID_T075_S020_L3_FINAL_RESET_RUNNER_025,pair_final_reset_runner,2023-09,4,102.342202,31.666179,-65.219935,-149.091376,1647.139444,true,true,C21BAE679CE10262824E975BC664E7861165956195AF5B9F8ADC8F421F225A77
PAIR_TWO_SIDED_GRID_T075_S020_L3_FINAL_RESET_RUNNER_025,pair_final_reset_runner,2023-10,5,28.002339,8.375569,-32.986367,-56.605769,1675.141783,true,true,DE7C139C007591AE49577825CC0B708E68AECE5B896514F14111DC4105D0879B
PAIR_TWO_SIDED_GRID_T075_S020_L3_FINAL_RESET_RUNNER_025,pair_final_reset_runner,2023-11,4,54.121239,15.543135,-16.07354,-33.695622,1729.263022,true,true,8E497197959E8FF6CAA38EEAAC607008FE0B85CC8ADC2E9CA4332A9B674D6810
PAIR_TWO_SIDED_GRID_T075_S020_L3_FINAL_RESET_RUNNER_025,pair_final_reset_runner,2023-12,4,52.311528,18.065615,29.496813,15.962628,1781.57455,true,true,2DD1090738D062E6FDF837A465264C8185688BB802817F4938F3C7C743358D99
PAIR_TWO_SIDED_GRID_T075_S020_L3_FINAL_RESET_RUNNER_025,pair_final_reset_runner,2024-01,5,-8.44562,62.225897,-5.914345,-30.932475,1773.12893,false,true,87C7C86D8401AF97C39E31CC298E1E480702570BC15188C8DBA1D0F532CBA1F5
PAIR_TWO_SIDED_GRID_T075_S020_L3_FINAL_RESET_RUNNER_025,pair_final_reset_runner,2024-02,4,-6.254867,9.080056,-51.570522,-62.950204,1766.874063,false,true,E9BA3BAF918806DDBA49EBD7F691FF3165D4ED7F543852D2C7C04859D84CF193
PAIR_TWO_SIDED_GRID_T075_S020_L3_FINAL_RESET_RUNNER_025,pair_final_reset_runner,2024-03,5,-11.547718,9.003391,-64.085639,-87.520141,1755.326345,false,true,5D7EAB4A00316E58A3EC3B6FFE213C49BBAF374646FBDA7F381267B9E66B1B55
PAIR_TWO_SIDED_GRID_T075_S020_L3_FINAL_RESET_RUNNER_025,pair_final_reset_runner,2024-04,4,37.410211,24.677127,-64.324909,-81.444537,1792.736556,true,true,8F723BABFED6FEE3C886E9E48C9B5989A0DF2F4137022612FFC8D60C88CE9A83
PAIR_TWO_SIDED_GRID_T075_S020_L3_FINAL_RESET_RUNNER_025,pair_final_reset_runner,2024-05,4,-31.888839,6.084645,-89.871535,-112.748657,1760.847717,false,true,E82BD2B0EEE200304EFD33E091B0384A476EFE6B07AAAB4144E7B23182BF185E
PAIR_TWO_SIDED_GRID_T075_S020_L3_FINAL_RESET_RUNNER_025,pair_final_reset_runner,2024-06,5,12.196703,50.629686,-103.78799,-130.49189,1773.04442,true,true,6F370304B037D332B9AAC535094C52246CFA02B8F8ACB884E7839A48A52A7CE1
PAIR_TWO_SIDED_GRID_T075_S020_L3_FINAL_RESET_RUNNER_025,pair_final_reset_runner,2024-07,4,168.770023,12.994262,-65.197685,-127.235783,1941.814443,true,true,A383B3223D48F4B9F7FC76755CC50E9B2EAC0158051621FC960118EA0B1EF305
PAIR_TWO_SIDED_GRID_T075_S020_L3_FINAL_RESET_RUNNER_025,pair_final_reset_runner,2024-08,4,3.973006,9.868645,26.81366,13.336834,1945.787449,true,true,5C90255FA812ECB2C1B008A66FE94658564095DE74F201E9AB105E77411563CE
PAIR_TWO_SIDED_GRID_T075_S020_L3_FINAL_RESET_RUNNER_025,pair_final_reset_runner,2024-09,5,0.429236,31.159741,1.866459,-31.551262,1946.216685,true,true,32384488A793F7A6535D1C04832B954F6E2357EBD8BE75F390F919C7173FFEB4
PAIR_TWO_SIDED_GRID_T075_S020_L3_FINAL_RESET_RUNNER_025,pair_final_reset_runner,2024-10,4,3.680751,-13.011248,-8.030979,-28.97318,1949.897436,true,false,F2A422D90BB142C1790D0B039DFEA5D91F33D0E40CC8A8CFBAF94E03130A5341
PAIR_TWO_SIDED_GRID_T075_S020_L3_FINAL_RESET_RUNNER_025,pair_final_reset_runner,2024-11,4,15.675066,8.434508,9.25156,3.814779,1965.572502,true,true,E1151A4FCDDD89591CFB5B301F7E4736C098F5FA0F40C106B1818C45330D73EE
PAIR_TWO_SIDED_GRID_T075_S020_L3_FINAL_RESET_RUNNER_025,pair_final_reset_runner,2024-12,5,67.596923,63.200575,17.584804,10.865274,2033.169425,true,true,D3A34C386D0D42FF52F7755C41133C05541E00D79D1D76D17A2D16F47FD39A50
PAIR_TWO_SIDED_GRID_T075_S020_L3_FINAL_RESET_RUNNER_025,pair_final_reset_runner,2025-01,4,24.409174,26.261702,20.721846,13.958199,2057.578599,true,true,DE6ABAB98952304D7A6C998825927B566A99B546D9ED8C0444E18A5DBF580308
PAIR_TWO_SIDED_GRID_T075_S020_L3_FINAL_RESET_RUNNER_025,pair_final_reset_runner,2025-02,4,-23.485006,15.898673,-36.709604,-65.726753,2034.093593,false,true,AFA1B20FD32497A43C554F2858D634443B002CC10A4974BDEEFA77473D0E0F75
PAIR_TWO_SIDED_GRID_T075_S020_L3_FINAL_RESET_RUNNER_025,pair_final_reset_runner,2025-03,5,88.829911,11.695501,8.912983,-13.933689,2122.923504,true,true,46B040D675C1369CB46B2542960701F4C747F31A82F81A4982A6EAADC8EF4719
PAIR_TWO_SIDED_GRID_T075_S020_L3_FINAL_RESET_RUNNER_025,pair_final_reset_runner,2025-04,4,28.21992,58.582751,49.791831,19.992831,2151.143424,true,true,D74C525755EA65E09B5113D81CB6586731ECAB4B9E6E97B9A69AFEC61FE61EF3
PAIR_TWO_SIDED_GRID_T075_S020_L3_FINAL_RESET_RUNNER_025,pair_final_reset_runner,2025-05,4,25.299804,15.182014,14.726648,-2.385416,2176.443228,true,true,B8012C969BD6A7AC70C36C06B15ABFDEEAF9206144F26DB88D3E01D7EE3263EC
PAIR_TWO_SIDED_GRID_T075_S020_L3_FINAL_RESET_RUNNER_025,pair_final_reset_runner,2025-06,5,-34.781714,72.184971,-13.92255,-74.326891,2141.661514,false,true,B38AC57BF272123D718AF24D15CBE80D38E4FB31DDFFFE811185693717E4A28C
PAIR_TWO_SIDED_GRID_T075_S020_L3_FINAL_RESET_RUNNER_025,pair_final_reset_runner,2025-07,4,-8.524475,-76.323136,-32.018001,-81.08089,2133.137039,false,false,07EFAD9629ADC730A51B8BDF360849DB8A717678E5B76BA6BD294B0B58DFCAD3
PAIR_TWO_SIDED_GRID_T075_S020_L3_FINAL_RESET_RUNNER_025,pair_final_reset_runner,2025-08,5,81.154219,52.039873,22.870459,12.586926,2214.291258,true,true,072A0C8E445E727559B47A5BCC702662134B6868634BE07DCB12621418A04D6F
PAIR_TWO_SIDED_GRID_T075_S020_L3_FINAL_RESET_RUNNER_025,pair_final_reset_runner,2025-09,4,-16.274284,1.553877,1.028562,-10.255265,2198.016974,false,true,C1869D1A614577A3BCC2480BCAA05E07A6ACE00D5E966A78BAAC32D7C0B25477
PAIR_TWO_SIDED_GRID_T075_S020_L3_FINAL_RESET_RUNNER_025,pair_final_reset_runner,2025-10,4,7.827846,34.306452,1.009255,-21.720651,2205.84482,true,true,4F0756FC39F32AA4F0B8976E7B7A5465F967519420FCC2F42139B7D1FF44D5C0
PAIR_TWO_SIDED_GRID_T075_S020_L3_FINAL_RESET_RUNNER_025,pair_final_reset_runner,2025-11,4,-9.75521,45.839476,-41.247042,-77.315337,2196.08961,false,true,2FBE7D976CF59C9BBFC0755E2E5B9697102976768603CD5A42B108F9C0111097
PAIR_TWO_SIDED_GRID_T075_S020_L3_FINAL_RESET_RUNNER_025,pair_final_reset_runner,2025-12,5,6.79733,4.978505,-75.105933,-83.042431,2202.88694,true,true,04FC0F4F843A14D347B56B9BAC6D1E95926E25C358B5EF840C4962F36CB1744C
PAIR_TWO_SIDED_GRID_T075_S020_L3_FINAL_RESET_RUNNER_025,pair_final_reset_runner,2026-01,4,12.549703,37.199332,-91.46174,-100.146141,2215.436643,true,true,F3C2E6C8C6AD3A1DCEA56C8FB90A61F472BBCE0FF906EBA7258807C4F681F34F
PAIR_TWO_SIDED_GRID_T075_S020_L3_FINAL_RESET_RUNNER_025,pair_final_reset_runner,2026-02,4,-27.01567,13.856753,-121.648767,-141.018564,2188.420973,false,true,D117AA232AC6793A6878EBC574C7B6345F6BEFBE1C36F07E826CF74E0607834C
PAIR_TWO_SIDED_GRID_T075_S020_L3_FINAL_RESET_RUNNER_025,pair_final_reset_runner,2026-03,5,18.751583,-3.703975,-118.682234,-129.043303,2207.172556,true,false,6F6B39B26750A067DCDFB3D8873453CDD0308050E9E0941BB9B247B54503302F
PAIR_TWO_SIDED_GRID_T075_S020_L3_FINAL_RESET_RUNNER_025,pair_final_reset_runner,2026-04,4,21.53516,0.110715,-103.488946,-110.582721,2228.707716,true,true,A1CEBEE73E26C54F0DE0EDD5D8E0D5AC8FABB30B411D0CFAFD2DCF51FAAF70C4
PAIR_TWO_SIDED_GRID_T075_S020_L3_FINAL_RESET_RUNNER_025,pair_final_reset_runner,2026-05,5,25.369664,31.258814,-109.830314,-129.992847,2254.07738,true,true,1FD5CF98029FDF0F7434E457AA7D614EFEF2AB839EC8C91F96B72D389845B51E
PAIR_TWO_SIDED_GRID_T075_S020_L3_FINAL_RESET_RUNNER_050,pair_final_reset_runner,2019-04,3,-99.776959,82.751403,-182.467762,-254.623823,-99.776959,false,true,A5D17FB98E6DD5D4A142D85E66483E72274F1DB323531455C379DF2898712A97
PAIR_TWO_SIDED_GRID_T075_S020_L3_FINAL_RESET_RUNNER_050,pair_final_reset_runner,2019-05,4,-142.425876,26.187036,-176.527253,-351.141274,-242.202835,false,true,595AFBC6053CBE3B75F315E82929C89F368B7148D978EFA1DFA35B88A09FF636
PAIR_TWO_SIDED_GRID_T075_S020_L3_FINAL_RESET_RUNNER_050,pair_final_reset_runner,2019-06,5,209.224561,26.16897,-70.487129,-168.085683,-32.978274,true,true,DAFF5C2434082F3B9F0C33A4ED748DE43902968521C430A1D009B80AF74C0F56
PAIR_TWO_SIDED_GRID_T075_S020_L3_FINAL_RESET_RUNNER_050,pair_final_reset_runner,2019-07,4,-390.415462,14.728289,-352.077265,-573.229434,-423.393736,false,true,B07303C090975ACCDAB67427001428451916DA003E8D2FC9E2250E1DB97465ED
PAIR_TWO_SIDED_GRID_T075_S020_L3_FINAL_RESET_RUNNER_050,pair_final_reset_runner,2019-08,4,-74.745123,135.360243,-599.087288,-783.3348,-498.138859,false,true,7422F3ED017DC4B31AF0E82610ED7CB532488DE41B58204BDA8436422F08E0B0
PAIR_TWO_SIDED_GRID_T075_S020_L3_FINAL_RESET_RUNNER_050,pair_final_reset_runner,2019-09,5,175.997543,120.04867,-524.027958,-727.385927,-322.141316,true,true,1AEC72A5A129956485DB07DE5447875EA250C305B362B41D4392C9121B28AB72
PAIR_TWO_SIDED_GRID_T075_S020_L3_FINAL_RESET_RUNNER_050,pair_final_reset_runner,2019-10,4,812.976568,10.570113,-7.320995,-221.68508,490.835252,true,true,4E7E4A633C8594A3F1B52A7CE790529B4D1B51EC980C662BC72E7611A267C5DA
PAIR_TWO_SIDED_GRID_T075_S020_L3_FINAL_RESET_RUNNER_050,pair_final_reset_runner,2019-11,4,-19.759675,23.818331,21.397011,14.548665,471.075577,false,true,99DDCE11641DDD4B09E8617C607CC756DE03D7B80B8C1F9C17D78557154AD426
PAIR_TWO_SIDED_GRID_T075_S020_L3_FINAL_RESET_RUNNER_050,pair_final_reset_runner,2019-12,5,10.680991,96.6997,6.046941,-54.576187,481.756568,true,true,A5FFDE119C4D18C8586F4DBB7BCEDF209865A73D4066943B2B015FBB9FF86F08
PAIR_TWO_SIDED_GRID_T075_S020_L3_FINAL_RESET_RUNNER_050,pair_final_reset_runner,2020-01,4,12.27181,11.435259,-59.283158,-73.885316,494.028378,true,true,D83D8D801EBD6216CE190E737E2356E770A885AACA7771DD179062C4A579A10A
PAIR_TWO_SIDED_GRID_T075_S020_L3_FINAL_RESET_RUNNER_050,pair_final_reset_runner,2020-02,4,18.145353,2.386804,-40.208297,-60.635536,512.173731,true,true,AA9425D3829BA7FE29D765374CE48FBE6128435CF4829A8A267106C331B558BB
PAIR_TWO_SIDED_GRID_T075_S020_L3_FINAL_RESET_RUNNER_050,pair_final_reset_runner,2020-03,5,439.140896,164.499494,-26.692043,-182.17293,951.314627,true,true,443618CC23AAA4FCDDDA4F7130C48285EAC2EC90A9232F63BB3ABBE33ADE4A1E
PAIR_TWO_SIDED_GRID_T075_S020_L3_FINAL_RESET_RUNNER_050,pair_final_reset_runner,2020-04,4,-11.612906,181.459425,114.404403,43.587984,939.701721,false,true,9076C9A54E113EF6CFD028BA2F563B389C3276AFC3F05548A1E2ADE2E07A76EF
PAIR_TWO_SIDED_GRID_T075_S020_L3_FINAL_RESET_RUNNER_050,pair_final_reset_runner,2020-05,5,71.472509,61.562924,-3.250375,-74.224415,1011.17423,true,true,86BA1514D5BF6F90F59E4B82E3301EEC8B8FE5AEA62B74570D8D023278C04B8A
PAIR_TWO_SIDED_GRID_T075_S020_L3_FINAL_RESET_RUNNER_050,pair_final_reset_runner,2020-06,4,72.921217,68.577981,75.770104,57.840805,1084.095447,true,true,67E0E514149EFB365D591E106E693DCB2D66DF6FA2071047D88281F4B2418905
PAIR_TWO_SIDED_GRID_T075_S020_L3_FINAL_RESET_RUNNER_050,pair_final_reset_runner,2020-07,4,-27.934002,11.46301,40.628093,18.443793,1056.161445,false,true,33FB44DADBDC40CC878134101E37BD0A0FEFFF2664257AB5180A4B484D821405
PAIR_TWO_SIDED_GRID_T075_S020_L3_FINAL_RESET_RUNNER_050,pair_final_reset_runner,2020-08,5,65.271202,115.749368,-46.569764,-91.432575,1121.432647,true,true,2B35544D2A689972251849E79E2C5069838518248F5008D57D32B627BBE03400
PAIR_TWO_SIDED_GRID_T075_S020_L3_FINAL_RESET_RUNNER_050,pair_final_reset_runner,2020-09,4,33.079485,11.596794,-31.104098,-67.803241,1154.512132,true,true,D33822EA6E105501BD975BFE8E98F8AEC9F82C98F54390042C83D4D5E137966D
PAIR_TWO_SIDED_GRID_T075_S020_L3_FINAL_RESET_RUNNER_050,pair_final_reset_runner,2020-10,4,12.425093,9.167749,-10.56539,-28.260366,1166.937225,true,true,0464AC92857062343C89FB97CCEF51C0F212216AAEB0D88FA450789B3823161D
PAIR_TWO_SIDED_GRID_T075_S020_L3_FINAL_RESET_RUNNER_050,pair_final_reset_runner,2020-11,5,25.087498,-21.235623,23.187945,-11.794249,1192.024723,true,false,C445983A4CB1C2844A37A90415D045AC2BB9FC784B25A0E850BA5DAB5C4D57D8
PAIR_TWO_SIDED_GRID_T075_S020_L3_FINAL_RESET_RUNNER_050,pair_final_reset_runner,2020-12,4,-15.24697,-16.780979,26.620269,15.51385,1176.777753,false,false,797F56211FE7ABA1FF3DC3F866578DCDDC522B082282FDCB9F805D254AAEFA7D
PAIR_TWO_SIDED_GRID_T075_S020_L3_FINAL_RESET_RUNNER_050,pair_final_reset_runner,2021-01,4,54.932291,5.286899,70.474,61.908413,1231.710044,true,true,DA986F899E5AC1CB306C093D971582CCBC687B7F3FE74ADBB8167F18EF1D4001
PAIR_TWO_SIDED_GRID_T075_S020_L3_FINAL_RESET_RUNNER_050,pair_final_reset_runner,2021-02,4,157.949336,38.981302,173.883069,139.799847,1389.65938,true,true,F5B20DA6516A28D80E93C00BEE27D0818A2C1FF8A632935D1C725B8C31A1D811
PAIR_TWO_SIDED_GRID_T075_S020_L3_FINAL_RESET_RUNNER_050,pair_final_reset_runner,2021-03,5,64.201507,146.872762,207.346792,126.504963,1453.860887,true,true,BFBBE3194A37FF73ABAFE027818CD213057DC61A9EC4FA84A6C7759E7993153A
PAIR_TWO_SIDED_GRID_T075_S020_L3_FINAL_RESET_RUNNER_050,pair_final_reset_runner,2021-04,4,18.180253,7.431824,137.876442,127.053406,1472.04114,true,true,E7C31EDAE08D4954B4E0619FEBAF875D20E5EDB13DD82168D74004E64C3FCFBB
PAIR_TWO_SIDED_GRID_T075_S020_L3_FINAL_RESET_RUNNER_050,pair_final_reset_runner,2021-05,5,-24.576628,28.227525,75.568439,52.234441,1447.464512,false,true,51D06FE1DDF22595145F7D4D1098DEB6F7122A2CE2ACB77CBE925241A58ABFA6
PAIR_TWO_SIDED_GRID_T075_S020_L3_FINAL_RESET_RUNNER_050,pair_final_reset_runner,2021-06,4,61.827135,-43.584709,151.386068,88.06365,1509.291647,true,false,AEA78CCFE7F416524ACB492B3E2D4A4E87F05AA08A796AA5CABB074CAA31C6F9
PAIR_TWO_SIDED_GRID_T075_S020_L3_FINAL_RESET_RUNNER_050,pair_final_reset_runner,2021-07,4,-26.202857,55.483611,150.623081,108.174615,1483.08879,false,true,19ECC72F2CE3D0FC4F27E1158385A2ADAD4E1E1B3BB057A075B6D3580AF8E79D
PAIR_TWO_SIDED_GRID_T075_S020_L3_FINAL_RESET_RUNNER_050,pair_final_reset_runner,2021-08,5,37.785029,119.069486,31.622912,-9.441288,1520.873819,true,true,30F7D5C6CACA0962321EFBD038787C9B7B14F5CA7FBD52C303ABBD4D8EA5A6F6
PAIR_TWO_SIDED_GRID_T075_S020_L3_FINAL_RESET_RUNNER_050,pair_final_reset_runner,2021-09,4,50.694056,7.786545,32.82526,0.047413,1571.567875,true,true,3D3E4253FD85EE2DFE26E40B6C74F7FB721A4D44E7716E9330ADC4CA090559B5
PAIR_TWO_SIDED_GRID_T075_S020_L3_FINAL_RESET_RUNNER_050,pair_final_reset_runner,2021-10,5,106.683149,59.967397,126.13052,116.513421,1678.251024,true,true,B182D382F0AF90C02F679A7FA27078172F5A511F30413765161DCD385BC9B649
PAIR_TWO_SIDED_GRID_T075_S020_L3_FINAL_RESET_RUNNER_050,pair_final_reset_runner,2021-11,4,-37.805634,-13.384904,93.709441,87.853551,1640.44539,false,false,B352C1A7988803F1C3FA30CEF175ED5BEC74D38865077AD52CEAA202AA55AC52
PAIR_TWO_SIDED_GRID_T075_S020_L3_FINAL_RESET_RUNNER_050,pair_final_reset_runner,2021-12,4,83.124443,13.012639,148.243068,136.930496,1723.569833,true,true,8FE6BB5E3CF2FFD10D36160B867EA5E4D5CB44D848D5710218492109D26C6099
PAIR_TWO_SIDED_GRID_T075_S020_L3_FINAL_RESET_RUNNER_050,pair_final_reset_runner,2022-01,5,116.981396,109.938788,130.984867,81.531611,1840.551229,true,true,76C98CAB191079410AC7A27360E0F90DBA2EDCFE06CEE325295FF22429494EAE
PAIR_TWO_SIDED_GRID_T075_S020_L3_FINAL_RESET_RUNNER_050,pair_final_reset_runner,2022-02,4,-27.984341,60.711424,129.356874,80.551338,1812.566888,false,true,CA654A75DA169C792D330711D70297A2643EE68B59F812816AFAB8263D3B6A00
PAIR_TWO_SIDED_GRID_T075_S020_L3_FINAL_RESET_RUNNER_050,pair_final_reset_runner,2022-03,4,75.352539,148.16952,68.318268,-30.767379,1887.919427,true,true,CF27AE43660EBF3A62E5F3B8A3EB6C41F9403590E8C59E37533CE18EEB466499
PAIR_TWO_SIDED_GRID_T075_S020_L3_FINAL_RESET_RUNNER_050,pair_final_reset_runner,2022-04,4,9.080466,100.274466,-30.830305,-83.459643,1896.999893,true,true,58268C35C555E902D202A4AC2A304E200AEBBD4444DD7D348F17D85531B3132C
PAIR_TWO_SIDED_GRID_T075_S020_L3_FINAL_RESET_RUNNER_050,pair_final_reset_runner,2022-05,5,58.963235,26.975659,-82.44203,-114.512158,1955.963128,true,true,15E98EE0C1D84141E2461B77B31CC858E9B0234EF8AF8CF84E6A91A5A572BF73
PAIR_TWO_SIDED_GRID_T075_S020_L3_FINAL_RESET_RUNNER_050,pair_final_reset_runner,2022-06,4,-14.905484,-3.739788,-41.728394,-62.637763,1941.057644,false,false,D7A411D8D9EC203FA8FA5C77B0CD84698C2749E3EB44FBDF15C282FFA7B95BBE
PAIR_TWO_SIDED_GRID_T075_S020_L3_FINAL_RESET_RUNNER_050,pair_final_reset_runner,2022-07,5,-53.091646,-33.72683,-88.371584,-110.981689,1887.965998,false,false,5CD00057157968681CA5F5349B6FDE498A2436D3432B9C87A35F27E9E86D8399
PAIR_TWO_SIDED_GRID_T075_S020_L3_FINAL_RESET_RUNNER_050,pair_final_reset_runner,2022-08,4,21.017205,-9.015188,-84.408171,-110.199812,1908.983203,true,false,B86503582B2575D948A196ACF9AF4E7988973F31A55CA81E5468DC2199CCFC77
PAIR_TWO_SIDED_GRID_T075_S020_L3_FINAL_RESET_RUNNER_050,pair_final_reset_runner,2022-09,4,100.384058,42.950142,-17.787636,-59.750345,2009.367261,true,true,AE3639299DAA6AF7515D75FF59DB9F4188519FA960A9C04052E4A9A3099278E7
PAIR_TWO_SIDED_GRID_T075_S020_L3_FINAL_RESET_RUNNER_050,pair_final_reset_runner,2022-10,5,42.596011,30.85501,25.39813,-0.450878,2051.963272,true,true,1770BBF1761F34B50B6EC401E7CB7EC4ADA634BE16C3AD294AEE4E684AA0B771
PAIR_TWO_SIDED_GRID_T075_S020_L3_FINAL_RESET_RUNNER_050,pair_final_reset_runner,2022-11,4,-35.33052,138.109475,-33.376953,-156.235264,2016.632752,false,true,6582779949A9C36C4D42C0073C8F9667F80DBA515134529C2016092DB2B4D79A
PAIR_TWO_SIDED_GRID_T075_S020_L3_FINAL_RESET_RUNNER_050,pair_final_reset_runner,2022-12,4,77.864577,-54.383415,-29.545295,-110.527727,2094.497329,true,false,53CB50AF02511FEBAC1DBDE8D3630CC174F9D87D9353CFF6C50EC4E0580E6802
PAIR_TWO_SIDED_GRID_T075_S020_L3_FINAL_RESET_RUNNER_050,pair_final_reset_runner,2023-01,5,54.038034,30.508002,-1.972158,-20.176961,2148.535363,true,true,ABFDD2860FC6BDC9FF9CB77FA5154515FFD3DF23F781E66A55433B8596BA67B4
PAIR_TWO_SIDED_GRID_T075_S020_L3_FINAL_RESET_RUNNER_050,pair_final_reset_runner,2023-02,4,-4.007597,12.535972,-10.536533,-18.048969,2144.527766,false,true,7DC95231E7A63A72B365F86135C2B196DB3D489C4E96F628504B592B1D4B99CF
PAIR_TWO_SIDED_GRID_T075_S020_L3_FINAL_RESET_RUNNER_050,pair_final_reset_runner,2023-03,4,94.504639,66.174508,25.165703,11.329322,2239.032405,true,true,21A0B24A00BF64022851FF44905F43AE83A307BCE413603CDC36EC7182A4CFC9
PAIR_TWO_SIDED_GRID_T075_S020_L3_FINAL_RESET_RUNNER_050,pair_final_reset_runner,2023-04,5,2.797156,48.977372,0.781596,-42.939273,2241.829561,true,true,E60EF43E7B25E1D306D0CE85EDF7866FA8FB4140B28A30C877FE6A17F40BAF63
PAIR_TWO_SIDED_GRID_T075_S020_L3_FINAL_RESET_RUNNER_050,pair_final_reset_runner,2023-05,4,53.539785,57.776002,-39.875292,-71.381716,2295.369346,true,true,6E735BE68852890B7794AA8B057C10EA7A6FE1A90E5156FBE6C2A2A7797B3D4D
PAIR_TWO_SIDED_GRID_T075_S020_L3_FINAL_RESET_RUNNER_050,pair_final_reset_runner,2023-06,4,-67.596867,10.559635,-75.777283,-117.243613,2227.772479,false,true,D897E4E3DF3DD7C249F3677E1827274E16FF6C5F388358EA582F357619A1C0E6
PAIR_TWO_SIDED_GRID_T075_S020_L3_FINAL_RESET_RUNNER_050,pair_final_reset_runner,2023-07,5,-21.041715,13.275443,-79.762561,-151.560771,2206.730764,false,true,492AF9DB5636BB4D5E83093F202EBDAEBB7CDDB90538786140C4FD5D1FCC2C42
PAIR_TWO_SIDED_GRID_T075_S020_L3_FINAL_RESET_RUNNER_050,pair_final_reset_runner,2023-08,4,30.198491,11.209868,-187.280765,-216.466148,2236.929255,true,true,0E46C7AC58F933650F0562A4F40E045B51B4433B1E421847428E65262B15E274
PAIR_TWO_SIDED_GRID_T075_S020_L3_FINAL_RESET_RUNNER_050,pair_final_reset_runner,2023-09,4,80.538766,35.250373,-90.911687,-167.683953,2317.468021,true,true,FEEDBE0D1AB98A9881C2B8576A8D7DF44BE8DAB4FE69F0743BA1B36E95514CD1
PAIR_TWO_SIDED_GRID_T075_S020_L3_FINAL_RESET_RUNNER_050,pair_final_reset_runner,2023-10,5,44.191615,11.530363,-59.161636,-90.884727,2361.659636,true,true,9B87383E66564655CECB01B4E0AE70E488D8865C26D8221BD7E555CB72272638
PAIR_TWO_SIDED_GRID_T075_S020_L3_FINAL_RESET_RUNNER_050,pair_final_reset_runner,2023-11,4,87.014255,21.343226,-32.085325,-67.330128,2448.673891,true,true,8AAFEC413A987942B12B46AD9BB0A20123698F90C364C9428CE3FF7F067E6935
PAIR_TWO_SIDED_GRID_T075_S020_L3_FINAL_RESET_RUNNER_050,pair_final_reset_runner,2023-12,4,100.075582,31.585368,60.455922,31.986139,2548.749473,true,true,3E07F00799038E3BA36700182C9ED823C77AFED981985E4BE119985FBE4A89D7
PAIR_TWO_SIDED_GRID_T075_S020_L3_FINAL_RESET_RUNNER_050,pair_final_reset_runner,2024-01,5,-54.470726,86.882864,-11.605314,-61.81485,2494.278747,false,true,CAC251BD02F510DD847DAF0D83C6D1E62E67A8A8233708502ECC2E76CB7D825B
PAIR_TWO_SIDED_GRID_T075_S020_L3_FINAL_RESET_RUNNER_050,pair_final_reset_runner,2024-02,4,-22.953015,7.716992,-96.712304,-111.075785,2471.325732,false,true,9A32612F4D581FA68199FB345B7ACE146B1FDA98441CCEEFAEBD0985B08304B4
PAIR_TWO_SIDED_GRID_T075_S020_L3_FINAL_RESET_RUNNER_050,pair_final_reset_runner,2024-03,5,-15.534429,10.2255,-113.571585,-143.935549,2455.791303,false,true,30DDEF40DE619F9991322536B00BBB72989F095507061DDA7F24EC62DF5D0EE0
PAIR_TWO_SIDED_GRID_T075_S020_L3_FINAL_RESET_RUNNER_050,pair_final_reset_runner,2024-04,4,41.630313,31.505833,-128.599121,-162.837577,2497.421616,true,true,724902EC0F5A6A1D609D4DB1E3AE9DA2A917679AF55DA0537EAD68C172B248CF
PAIR_TWO_SIDED_GRID_T075_S020_L3_FINAL_RESET_RUNNER_050,pair_final_reset_runner,2024-05,4,-68.482448,7.500604,-177.044717,-214.82137,2428.939168,false,true,80C656DECC60B2AF3BE2C961F3DA27219E6EE27E70D849C22C47999E017E132E
PAIR_TWO_SIDED_GRID_T075_S020_L3_FINAL_RESET_RUNNER_050,pair_final_reset_runner,2024-06,5,-13.006759,63.819048,-203.899882,-260.929165,2415.932409,false,true,E47262CD54864759D4969BA275E190BA3CC569A4E936B37B431B7992775F9751
PAIR_TWO_SIDED_GRID_T075_S020_L3_FINAL_RESET_RUNNER_050,pair_final_reset_runner,2024-07,4,330.043798,18.497105,-125.064022,-254.417929,2745.976207,true,true,4694D2664E880380D57FDED755929E0964FCCB4AFB5521EF5D47AB2D02BE501F
PAIR_TWO_SIDED_GRID_T075_S020_L3_FINAL_RESET_RUNNER_050,pair_final_reset_runner,2024-08,4,-2.088985,-1.437742,61.635693,41.966455,2743.887222,false,false,16BA0241E59FA02B71F6625AF4741AF793693A3BE1DD6C86FD0A02676CE4D61C
PAIR_TWO_SIDED_GRID_T075_S020_L3_FINAL_RESET_RUNNER_050,pair_final_reset_runner,2024-09,5,-13.290523,26.220245,26.580157,-0.887269,2730.596699,false,true,AD7D1E2B221909828B660F0DA154344A559A4FB28E3A91862D8156DAA18F3BD8
PAIR_TWO_SIDED_GRID_T075_S020_L3_FINAL_RESET_RUNNER_050,pair_final_reset_runner,2024-10,4,7.209995,2.870746,7.705245,-12.685985,2737.806694,true,true,8E32387D9F129335C660F1AD1A8A77F8B07C7B6403B898E862AED2BFD44DD183
PAIR_TWO_SIDED_GRID_T075_S020_L3_FINAL_RESET_RUNNER_050,pair_final_reset_runner,2024-11,4,19.790835,0.981926,22.790499,7.688914,2757.597529,true,true,A86C7EC98DAF3861DF6D7350B7714873C55F4CA1EAFB6424AAF28317B7F8CC60
PAIR_TWO_SIDED_GRID_T075_S020_L3_FINAL_RESET_RUNNER_050,pair_final_reset_runner,2024-12,5,80.155373,79.72071,39.180739,28.113201,2837.752902,true,true,F034FB937714AAC00E69717DDB6C367EB685C33D5061D20C7FD7770541D8D017
PAIR_TWO_SIDED_GRID_T075_S020_L3_FINAL_RESET_RUNNER_050,pair_final_reset_runner,2025-01,4,19.345621,23.119601,43.279269,30.264358,2857.098523,true,true,2ED3E38088060A5B4700B5968810A320AC14A4AD56D273FDFA7FEE50AEAB6881
PAIR_TWO_SIDED_GRID_T075_S020_L3_FINAL_RESET_RUNNER_050,pair_final_reset_runner,2025-02,4,-31.998734,20.275917,-32.543798,-72.377545,2825.099789,false,true,836A09925D69F97E4E7EAF6D9CBB7591F3F0D46BDDEDBEFC109CFB7AEF4FA20D
PAIR_TWO_SIDED_GRID_T075_S020_L3_FINAL_RESET_RUNNER_050,pair_final_reset_runner,2025-03,5,147.488291,19.70088,28.865298,-7.452092,2972.58808,true,true,5FBF850DA4C242B0B796FE87BBF72194E9217BFEB33944132BC75C2FEFE4C238
PAIR_TWO_SIDED_GRID_T075_S020_L3_FINAL_RESET_RUNNER_050,pair_final_reset_runner,2025-04,4,17.221661,74.766415,101.397461,41.587445,2989.809741,true,true,8E08F6027B509F520C07E7630E936096378834EDBF9D1F5D276C78DF35CED052
PAIR_TWO_SIDED_GRID_T075_S020_L3_FINAL_RESET_RUNNER_050,pair_final_reset_runner,2025-05,4,17.249931,0.220494,29.928258,-4.780221,3007.059672,true,true,09DA59D4EB8FA4121FD0EB18F01240C27340A736B26837AD1B5BCB8DC2355F63
PAIR_TWO_SIDED_GRID_T075_S020_L3_FINAL_RESET_RUNNER_050,pair_final_reset_runner,2025-06,5,-28.75381,90.3602,11.442443,-53.852209,2978.305862,false,true,6A1DC32D815B64D725FD04D8979841A3D3C1D69F543AE2590E015CEB8613D75A
PAIR_TWO_SIDED_GRID_T075_S020_L3_FINAL_RESET_RUNNER_050,pair_final_reset_runner,2025-07,4,-17.001906,-85.010436,-14.794914,-57.837375,2961.303956,false,false,FCAE4F52F90556CBEB63669BF62743217C3AA2475A06C8A95F5073C0929E21C3
PAIR_TWO_SIDED_GRID_T075_S020_L3_FINAL_RESET_RUNNER_050,pair_final_reset_runner,2025-08,5,86.324069,55.286697,46.634424,29.868801,3047.628025,true,true,73501F72EE36DBCCB36896CF17EAE7242DCBB2602B1738570BB0D9AD863B986D
PAIR_TWO_SIDED_GRID_T075_S020_L3_FINAL_RESET_RUNNER_050,pair_final_reset_runner,2025-09,4,-17.234971,-0.129479,19.1644,3.513507,3030.393054,false,false,DD5BD69B7CBBEE59C31B0E5AF99D8896FD9F4C4E575B9146E1AA84EBC673BF2D
PAIR_TWO_SIDED_GRID_T075_S020_L3_FINAL_RESET_RUNNER_050,pair_final_reset_runner,2025-10,4,-31.083864,40.423846,5.141764,-43.419509,2999.30919,false,true,CCC375418510EA0990536F2A7C181912ABD6A11CFAB2E4288F4B9863878CCCF3
PAIR_TWO_SIDED_GRID_T075_S020_L3_FINAL_RESET_RUNNER_050,pair_final_reset_runner,2025-11,4,-14.427601,78.909289,-73.121622,-136.756399,2984.881589,false,true,7C775BD8E5B55A6C2D1FFF0FA2656E37189A9A1894871B4FDD1641847F7080A4
PAIR_TWO_SIDED_GRID_T075_S020_L3_FINAL_RESET_RUNNER_050,pair_final_reset_runner,2025-12,5,-17.152469,-2.937331,-140.767919,-150.971537,2967.72912,false,false,E3B6DA39EE9BA17754556D6B4D5232D4A915B68ED8CCCA084B03A35B5594FD24
PAIR_TWO_SIDED_GRID_T075_S020_L3_FINAL_RESET_RUNNER_050,pair_final_reset_runner,2026-01,4,-10.140992,39.159325,-177.797052,-200.271854,2957.588128,false,true,57B691C107F7CB40558855C2D63BDB27707C2F6D61F771C7E4A728B3D4E2052C
PAIR_TWO_SIDED_GRID_T075_S020_L3_FINAL_RESET_RUNNER_050,pair_final_reset_runner,2026-02,4,-71.557246,10.187455,-242.922456,-282.016555,2886.030882,false,true,DDB23E4D243708A9A873CE2F36B25B1E2DD9C39CD7F4F33787A5E913CE96EF55
PAIR_TWO_SIDED_GRID_T075_S020_L3_FINAL_RESET_RUNNER_050,pair_final_reset_runner,2026-03,5,-0.807491,-45.757681,-236.649468,-258.036511,2885.223391,false,false,1167C0CFB095A5926410763596B4F1267E46B7B48E14327694264E66F4749ADB
PAIR_TWO_SIDED_GRID_T075_S020_L3_FINAL_RESET_RUNNER_050,pair_final_reset_runner,2026-04,4,23.123243,-19.777262,-205.984317,-218.936327,2908.346634,true,false,8AB8163BACEBD9DAC17A5887A594867393BC3679672D0D0C75802740C3537404
PAIR_TWO_SIDED_GRID_T075_S020_L3_FINAL_RESET_RUNNER_050,pair_final_reset_runner,2026-05,5,15.321467,27.116548,-211.451278,-229.926326,2923.668101,true,true,628F8357780CD9645C4C778DE821ECEDC650C21EBDCE8EA51CEF36B4EE10F623
PAIR_TWO_SIDED_GRID_T100_S020_L3_FINAL_RESET_RUNNER_025,pair_final_reset_runner,2019-04,3,-171.811837,133.426101,-237.409704,-305.237938,-171.811837,false,true,D73F4C57FA47D409524F3CC937E11AB7EEE753383F4BD8264A7712F4BCF6FD52
PAIR_TWO_SIDED_GRID_T100_S020_L3_FINAL_RESET_RUNNER_025,pair_final_reset_runner,2019-05,4,-124.192544,48.852342,-309.688645,-478.282824,-296.004381,false,true,9D9AA08C6A6C47729849F16F07450CC340F85A319DB27F17ABE0AC0BFF87AFCD
PAIR_TWO_SIDED_GRID_T100_S020_L3_FINAL_RESET_RUNNER_025,pair_final_reset_runner,2019-06,5,279.079195,35.564613,-182.016196,-265.018259,-16.925186,true,true,89893E1047CF4A76D968F743A39A188D38D420FA24462E57CD1907D5B8BB77AD
PAIR_TWO_SIDED_GRID_T100_S020_L3_FINAL_RESET_RUNNER_025,pair_final_reset_runner,2019-07,4,-483.29757,13.97326,-414.495375,-732.039072,-500.222756,false,true,ECEE9F4AD5AD2BAAE297F7F4366BEC5797D1FF5C806395769E1A161222240500
PAIR_TWO_SIDED_GRID_T100_S020_L3_FINAL_RESET_RUNNER_025,pair_final_reset_runner,2019-08,4,-94.49541,65.338841,-733.973386,-891.873323,-594.718166,false,true,BEEE7792012900FFA290FB0AFF3E28AA64336A3085AD2144DAE3499244AC299A
PAIR_TWO_SIDED_GRID_T100_S020_L3_FINAL_RESET_RUNNER_025,pair_final_reset_runner,2019-09,5,262.638624,65.002436,-510.932073,-694.237135,-332.079542,true,true,D36A20900D959E216E7773D2CDD0FA603AE13DEFBAF2EFDCDE6A9013D7D60E29
PAIR_TWO_SIDED_GRID_T100_S020_L3_FINAL_RESET_RUNNER_025,pair_final_reset_runner,2019-10,4,743.729455,12.696249,-38.526776,-236.019457,411.649913,true,true,83EDAA950E2F018BDD507EA4502AEE5EEA7A0162AABB6C5F1BAADE64329A3ADA
PAIR_TWO_SIDED_GRID_T100_S020_L3_FINAL_RESET_RUNNER_025,pair_final_reset_runner,2019-11,4,-7.87897,17.971807,5.995607,2.637603,403.770943,false,true,A02A014B8913E0917A596DBB40D2226B6FAEDC8DE74593B14F4E54454B9D869E
PAIR_TWO_SIDED_GRID_T100_S020_L3_FINAL_RESET_RUNNER_025,pair_final_reset_runner,2019-12,5,39.789974,65.593237,10.361055,-14.857969,443.560917,true,true,25B20232564E4B7D09424A3D56AAAFF0F8CC3287994D3DEFFB1C903065C1E38A
PAIR_TWO_SIDED_GRID_T100_S020_L3_FINAL_RESET_RUNNER_025,pair_final_reset_runner,2020-01,4,-23.488248,28.078172,-26.892749,-66.424389,420.072669,false,true,5745CA3D3E4477F5B3CEB9E2445C393638B5B5D3FE6F3588A66459AD71070284
PAIR_TWO_SIDED_GRID_T100_S020_L3_FINAL_RESET_RUNNER_025,pair_final_reset_runner,2020-02,4,-60.300333,21.448774,-61.231249,-148.173496,359.772336,false,true,EFB4F4F881AEAEB31702B98CA90E3F59ADD4BD29BB8C48AE034F36468F3D1415
PAIR_TWO_SIDED_GRID_T100_S020_L3_FINAL_RESET_RUNNER_025,pair_final_reset_runner,2020-03,5,351.97474,120.539935,-216.550335,-410.354674,711.747076,true,true,174F4A266F5A2CDAA1EB054619294EFD433BD5F2C4124160C1246D84D6AD4EB1
PAIR_TWO_SIDED_GRID_T100_S020_L3_FINAL_RESET_RUNNER_025,pair_final_reset_runner,2020-04,4,23.51014,81.641135,24.180134,-8.220791,735.257216,true,true,AE4800934126CE4368163A2F81F321851491A620E5DC7CE9114D0D9D126C8311
PAIR_TWO_SIDED_GRID_T100_S020_L3_FINAL_RESET_RUNNER_025,pair_final_reset_runner,2020-05,5,5.109524,46.051068,-14.680858,-45.624268,740.36674,true,true,E0B66E78E6EE0B55C259E85F7754AC7FFA60C0C4054F6C3C7CC213C09191FD33
PAIR_TWO_SIDED_GRID_T100_S020_L3_FINAL_RESET_RUNNER_025,pair_final_reset_runner,2020-06,4,77.866685,46.842203,31.949125,15.213252,818.233425,true,true,5C60A11E4198E0E9EB3178EFFEA3E550EFB65D89360F57F1975B528AC529EA30
PAIR_TWO_SIDED_GRID_T100_S020_L3_FINAL_RESET_RUNNER_025,pair_final_reset_runner,2020-07,4,-323.614283,19.929934,-115.96236,-328.330965,494.619142,false,true,8D6BC60C81C1E6760B115A3C49B41D14459288C51DC9DAD2EAB8D6983DB21605
PAIR_TWO_SIDED_GRID_T100_S020_L3_FINAL_RESET_RUNNER_025,pair_final_reset_runner,2020-08,5,182.904661,-35.381393,-178.760125,-266.980469,677.523803,true,false,2F8EF71814F8A52EA31312CA456AC7615B8FEE7F591ACCD2D9E58DA9A6637219
PAIR_TWO_SIDED_GRID_T100_S020_L3_FINAL_RESET_RUNNER_025,pair_final_reset_runner,2020-09,4,127.490099,23.002821,-119.302744,-248.648926,805.013902,true,true,E0220815E71499B042F0EAC71B6152172561D2E0FA3FE04ED8120663DD09C0E9
PAIR_TWO_SIDED_GRID_T100_S020_L3_FINAL_RESET_RUNNER_025,pair_final_reset_runner,2020-10,4,-1.911775,16.6634,-12.256302,-24.132808,803.102127,false,true,40BD9B3AB06301D9FE3A5EFF18CAA67CAEF5CA4AE84685190A8A441AEF3013D0
PAIR_TWO_SIDED_GRID_T100_S020_L3_FINAL_RESET_RUNNER_025,pair_final_reset_runner,2020-11,5,17.883234,-12.580795,-4.114537,-13.631621,820.985361,true,false,58049F3AFC018B61AD536D1BA0CD6DF01B0A1708C403BCB1664DC2CB55997B74
PAIR_TWO_SIDED_GRID_T100_S020_L3_FINAL_RESET_RUNNER_025,pair_final_reset_runner,2020-12,4,-8.299008,2.407144,-7.468705,-13.977908,812.686353,false,true,7987319E31F9C71BE7DF9082D4D0C618793C30116F629C3A98A8D92A13BFF3B5
PAIR_TWO_SIDED_GRID_T100_S020_L3_FINAL_RESET_RUNNER_025,pair_final_reset_runner,2021-01,4,38.923953,12.021628,11.063656,6.250892,851.610306,true,true,94D4E46F27A31FA951DED874EFF47595723A04D7F3BDE278E96EEE552293B676
PAIR_TWO_SIDED_GRID_T100_S020_L3_FINAL_RESET_RUNNER_025,pair_final_reset_runner,2021-02,4,87.456581,31.140442,61.006606,44.692611,939.066887,true,true,34EFE93E6D53FAEFF62F58CBBE6AF3AD6B0823C221C6D2CF8F7B35C18DD99910
PAIR_TWO_SIDED_GRID_T100_S020_L3_FINAL_RESET_RUNNER_025,pair_final_reset_runner,2021-03,5,28.055705,79.048543,72.767528,27.850695,967.122592,true,true,58C7C121BA595281B36FE9295A3E41D201522FEFAE6F6FDE6DC571345D105EC6
PAIR_TWO_SIDED_GRID_T100_S020_L3_FINAL_RESET_RUNNER_025,pair_final_reset_runner,2021-04,4,12.706382,15.413624,39.201642,25.143453,979.828974,true,true,6A547C15B6353EF357E4CAF1D8947978E41A623E5D36D338227A87BF29A382BC
PAIR_TWO_SIDED_GRID_T100_S020_L3_FINAL_RESET_RUNNER_025,pair_final_reset_runner,2021-05,5,-4.425663,37.367397,-18.901929,-30.944146,975.403311,false,true,7E1C6531143751173541226301261CFE03E45BD1BD94FF77BC206DC2F51C2682
PAIR_TWO_SIDED_GRID_T100_S020_L3_FINAL_RESET_RUNNER_025,pair_final_reset_runner,2021-06,4,43.938109,-40.233761,25.349004,-15.995363,1019.34142,true,false,8C99FB9C9A552AE964B462F9E81742DF73A82348B1C6246025AA963771B8AEE0
PAIR_TWO_SIDED_GRID_T100_S020_L3_FINAL_RESET_RUNNER_025,pair_final_reset_runner,2021-07,4,-10.647851,35.734349,48.264283,21.140063,1008.693569,false,true,947D5215178917A87C4DF5F2F306983CACAA03F5A19B6FFA198D7ABC1A9F2AFF
PAIR_TWO_SIDED_GRID_T100_S020_L3_FINAL_RESET_RUNNER_025,pair_final_reset_runner,2021-08,5,36.614817,90.600725,-20.486905,-37.41114,1045.308386,true,true,BF428643AF659593BB56A75577477F26E533E1F546C86E3BD2905C80B79C130B
PAIR_TWO_SIDED_GRID_T100_S020_L3_FINAL_RESET_RUNNER_025,pair_final_reset_runner,2021-09,4,36.393599,13.196564,-28.1979,-51.604465,1081.701985,true,true,E69930EB51B57EC6B786C25535A691EAFEF489DFB828BBD8AFE8AF4B0939D0CA
PAIR_TWO_SIDED_GRID_T100_S020_L3_FINAL_RESET_RUNNER_025,pair_final_reset_runner,2021-10,5,70.831988,72.594766,-9.610107,-26.911391,1152.533973,true,true,C2CFA1DC8C599AFB5D4704581833389C4ACAF30435782615D8CD11598BC6A6CC
PAIR_TWO_SIDED_GRID_T100_S020_L3_FINAL_RESET_RUNNER_025,pair_final_reset_runner,2021-11,4,-19.570583,-19.165367,-21.615772,-55.645613,1132.96339,false,false,621EBE2FBF29EA9B6000700E7343D0E8FE949A189E42DD07BA385CB6D23CBD35
PAIR_TWO_SIDED_GRID_T100_S020_L3_FINAL_RESET_RUNNER_025,pair_final_reset_runner,2021-12,4,56.491556,25.650008,18.003348,16.259409,1189.454946,true,true,A37284AD42C1264D41863A1BA2C8F2DC5ECFCED90F3970EBC45703DAD4B0250B
PAIR_TWO_SIDED_GRID_T100_S020_L3_FINAL_RESET_RUNNER_025,pair_final_reset_runner,2022-01,5,96.79911,85.1074,6.098539,-34.742896,1286.254056,true,true,41154F82859B558205EC26684D5578C3FD0827524ED25AFD8994839B39820BDD
PAIR_TWO_SIDED_GRID_T100_S020_L3_FINAL_RESET_RUNNER_025,pair_final_reset_runner,2022-02,4,4.189175,46.936014,12.554385,-12.030385,1290.443231,true,true,6E962CDE6E9B73256E58A16D8C8FE2F4877CAF00410785725369EBB8282DDACD
PAIR_TWO_SIDED_GRID_T100_S020_L3_FINAL_RESET_RUNNER_025,pair_final_reset_runner,2022-03,4,9.26863,28.91119,-31.217744,-114.835794,1299.711861,true,true,7ADF5E43B23DA103E3EAF2F3A5C15C3775F9D23B39655945DC2616D0EA3F40A2
PAIR_TWO_SIDED_GRID_T100_S020_L3_FINAL_RESET_RUNNER_025,pair_final_reset_runner,2022-04,4,90.380771,81.992779,-18.443785,-34.589937,1390.092632,true,true,68E405FEF47FC8447F650ECCC046D8E28F7B94FFE3D1264DDF3CD433B76EEDF7
PAIR_TWO_SIDED_GRID_T100_S020_L3_FINAL_RESET_RUNNER_025,pair_final_reset_runner,2022-05,5,58.040251,46.896474,-26.822606,-44.214678,1448.132883,true,true,2F3EEB5F978B5660FAE04AA7DC5D528DC3C49BC137EAB477A3DBCF363AB82A62
PAIR_TWO_SIDED_GRID_T100_S020_L3_FINAL_RESET_RUNNER_025,pair_final_reset_runner,2022-06,4,10.40348,1.060179,9.279279,-2.797875,1458.536363,true,true,C1E14D0D3395A4C58034029A6F55DFF622F0B06657EFBBD5B0954EE0D7C6CAF6
PAIR_TWO_SIDED_GRID_T100_S020_L3_FINAL_RESET_RUNNER_025,pair_final_reset_runner,2022-07,5,-1.299169,3.057934,-7.378056,-22.634324,1457.237194,false,true,901AC40E93A1F401F7061F90E1AB58AB147640F3AFBB45ECABC42D489303D3CE
PAIR_TWO_SIDED_GRID_T100_S020_L3_FINAL_RESET_RUNNER_025,pair_final_reset_runner,2022-08,4,21.530391,6.479992,-9.919799,-28.471175,1478.767585,true,true,D0D20E44173EECF3579A1A9D82CAFD7B22A4E763ABD44DAF8011D0C990DA0A24
PAIR_TWO_SIDED_GRID_T100_S020_L3_FINAL_RESET_RUNNER_025,pair_final_reset_runner,2022-09,4,71.808244,55.62546,23.949615,10.897655,1550.575829,true,true,AD258550A8E189E96ACAB458B7594040F4D4E36028E4D30866D8163526A27A83
PAIR_TWO_SIDED_GRID_T100_S020_L3_FINAL_RESET_RUNNER_025,pair_final_reset_runner,2022-10,5,38.330715,49.997973,16.954026,-3.772467,1588.906544,true,true,73C3F1EB7D76AA2F78655F11389239D66A998001C18597B7AD702C88D60FF95E
PAIR_TWO_SIDED_GRID_T100_S020_L3_FINAL_RESET_RUNNER_025,pair_final_reset_runner,2022-11,4,-83.507356,128.259993,-76.139918,-199.356402,1505.399188,false,true,C4F39FC2BB40FBC54E471CC83217D9FEFC2066A9BEE5917FB064D7C4A36C6BC3
PAIR_TWO_SIDED_GRID_T100_S020_L3_FINAL_RESET_RUNNER_025,pair_final_reset_runner,2022-12,4,105.406545,-80.044745,-53.34505,-163.055674,1610.805733,true,false,D7D34D918DF7D62DCE555D881E1A9F5E3D7CBF582DBE827640884211ED23DBB2
PAIR_TWO_SIDED_GRID_T100_S020_L3_FINAL_RESET_RUNNER_025,pair_final_reset_runner,2023-01,5,66.486638,48.035038,1.173402,-8.22948,1677.292371,true,true,71F9A7B8E05B11CD1ECDFC7013D9371D3206C95C00F3D9A95D25766624422FCA
PAIR_TWO_SIDED_GRID_T100_S020_L3_FINAL_RESET_RUNNER_025,pair_final_reset_runner,2023-02,4,15.095289,24.657952,1.019156,-5.016175,1692.38766,true,true,68B2CD90E6777C65A9CB833294ABB3EDDAFA4CEAC6F89E1E3B8D85DD29763D9B
PAIR_TWO_SIDED_GRID_T100_S020_L3_FINAL_RESET_RUNNER_025,pair_final_reset_runner,2023-03,4,69.89839,63.95828,9.86384,0.923935,1762.28605,true,true,0DA7680149C60A06200950C6FFD6876F3069517B1EFEE9DD259ADC7BF09A2E0F
PAIR_TWO_SIDED_GRID_T100_S020_L3_FINAL_RESET_RUNNER_025,pair_final_reset_runner,2023-04,5,-14.938572,29.150312,-31.499559,-93.90746,1747.347478,false,true,C6C5FA276A74ACCD48CDCAD6036AB070BB0842C23153B96D693E804B02B8C94F
PAIR_TWO_SIDED_GRID_T100_S020_L3_FINAL_RESET_RUNNER_025,pair_final_reset_runner,2023-05,4,67.296144,69.554365,-35.851425,-61.189776,1814.643622,true,true,4D526276132CDC436657D599E4B5CBC00C8B0D7489EDFF95258E984B5E5DE3A9
PAIR_TWO_SIDED_GRID_T100_S020_L3_FINAL_RESET_RUNNER_025,pair_final_reset_runner,2023-06,4,-54.251704,12.869893,-76.479453,-112.544767,1760.391918,false,true,C433C485A1F268729423DDF245D2E960ABD39BE9A6AF9EBBC53950F92F27D7CB
PAIR_TWO_SIDED_GRID_T100_S020_L3_FINAL_RESET_RUNNER_025,pair_final_reset_runner,2023-07,5,-33.122127,8.568983,-88.744231,-154.235877,1727.269791,false,true,23D030C2DC6F810A30ADC1A08EB65349CE6701EF652F6532A1DCE5A192D08463
PAIR_TWO_SIDED_GRID_T100_S020_L3_FINAL_RESET_RUNNER_025,pair_final_reset_runner,2023-08,4,37.276959,8.146702,-182.37154,-209.419291,1764.54675,true,true,77E94FF53B989422A1038010D4EE3D02E0DDC73DDFA8299DF6AB980368FBD318
PAIR_TWO_SIDED_GRID_T100_S020_L3_FINAL_RESET_RUNNER_025,pair_final_reset_runner,2023-09,4,48.01732,33.968667,-89.406109,-152.279555,1812.56407,true,true,D5C9035D77C2EEC1B2DE0B5563AE084AADBD548E6E35331A9E9B783CD10A7BE0
PAIR_TWO_SIDED_GRID_T100_S020_L3_FINAL_RESET_RUNNER_025,pair_final_reset_runner,2023-10,5,93.239592,17.181443,-43.952543,-94.663649,1905.803662,true,true,8B1F26719F0B7B8A235FF5C511FF3DC2FEC3EDA1DAA1C91BD4DA18BDB08F0896
PAIR_TWO_SIDED_GRID_T100_S020_L3_FINAL_RESET_RUNNER_025,pair_final_reset_runner,2023-11,4,60.715879,19.059579,-17.022749,-35.594976,1966.519541,true,true,4BBF46992915066E08CDD60A41AAAAEC3B6D7CDE4BF32A521394BA1B10DDF999
PAIR_TWO_SIDED_GRID_T100_S020_L3_FINAL_RESET_RUNNER_025,pair_final_reset_runner,2023-12,4,51.702322,19.612391,30.320285,18.24556,2018.221863,true,true,030702D17A45299E16EE95EAB17C756D50869AA6C62A5496424E401A96BA2A07
PAIR_TWO_SIDED_GRID_T100_S020_L3_FINAL_RESET_RUNNER_025,pair_final_reset_runner,2024-01,5,3.363798,78.718037,-7.808676,-36.606826,2021.585661,true,true,B48C6FB2A9768222FE25FCCFBC5D1E123B9AA30CE3876C68BA4A92EE0FA1740D
PAIR_TWO_SIDED_GRID_T100_S020_L3_FINAL_RESET_RUNNER_025,pair_final_reset_runner,2024-02,4,-4.194457,9.545455,-56.489123,-68.258901,2017.391204,false,true,2095948612803CFC0E2443C3ED16E3285A133E53AACB29A9F6C2C6D61090A8B0
PAIR_TWO_SIDED_GRID_T100_S020_L3_FINAL_RESET_RUNNER_025,pair_final_reset_runner,2024-03,5,-10.002432,15.865699,-73.518691,-97.436633,2007.388772,false,true,7981E963BB9CF3E78924F8201DA6D272CB72407F891605E9A1D5EFBB706008AB
PAIR_TWO_SIDED_GRID_T100_S020_L3_FINAL_RESET_RUNNER_025,pair_final_reset_runner,2024-04,4,44.793351,27.823025,-71.369693,-87.939669,2052.182123,true,true,24B9E99827E82E116A777191374EAD5EC432D932047398084B264441A96EE138
PAIR_TWO_SIDED_GRID_T100_S020_L3_FINAL_RESET_RUNNER_025,pair_final_reset_runner,2024-05,4,-27.998088,5.18802,-91.975638,-116.376358,2024.184035,false,true,27D2426507603AA926368D839CC77A62DCA70F55B8B35109ABB9F9B6B6F23AC7
PAIR_TWO_SIDED_GRID_T100_S020_L3_FINAL_RESET_RUNNER_025,pair_final_reset_runner,2024-06,5,-0.91209,59.086728,-111.209627,-152.429469,2023.271945,false,true,3A0F1EEF3A03537A1000CE4743928E0724F95F5EEAAE1C1EC2FC429447537BF2
PAIR_TWO_SIDED_GRID_T100_S020_L3_FINAL_RESET_RUNNER_025,pair_final_reset_runner,2024-07,4,187.689489,27.891268,-86.376329,-166.213356,2210.961434,true,true,FA3024F7013E691AFC328133989A0C44C57C14CC3A3387428A8A998908B32AE4
PAIR_TWO_SIDED_GRID_T100_S020_L3_FINAL_RESET_RUNNER_025,pair_final_reset_runner,2024-08,4,19.503601,9.350093,21.464552,11.951137,2230.465035,true,true,B285055C7B216169544E18003C5071238BBC1EAD813C290D1F81CA352F9EC1D2
PAIR_TWO_SIDED_GRID_T100_S020_L3_FINAL_RESET_RUNNER_025,pair_final_reset_runner,2024-09,5,5.91034,40.972591,-1.476161,-33.7804,2236.375375,true,true,024E52FB81A90DFD9DB812766BE9A97759F5CB1130F1A730DE09B149F66B8909
PAIR_TWO_SIDED_GRID_T100_S020_L3_FINAL_RESET_RUNNER_025,pair_final_reset_runner,2024-10,4,8.188921,-5.722638,-15.641929,-37.48052,2244.564296,true,false,49443D2AD0311A4A1F80A9360F3DEEBEAACE031695E78199D32D89E11275272E
PAIR_TWO_SIDED_GRID_T100_S020_L3_FINAL_RESET_RUNNER_025,pair_final_reset_runner,2024-11,4,18.408936,17.859892,-9.566363,-17.883064,2262.973232,true,true,FE90A811A44BF17A353DA4053B2FF3EFA2CE56E6E45C0DA55E55839FC8EBF13F
PAIR_TWO_SIDED_GRID_T100_S020_L3_FINAL_RESET_RUNNER_025,pair_final_reset_runner,2024-12,5,45.005505,53.349148,-8.002983,-13.080562,2307.978737,true,true,AF766A8685FE67D63DEAB0E7ADD5273254BEA5835918190193F7114A6D21EEE9
PAIR_TWO_SIDED_GRID_T100_S020_L3_FINAL_RESET_RUNNER_025,pair_final_reset_runner,2025-01,4,43.888306,30.675252,-0.791725,-3.955499,2351.867043,true,true,B2806CB94AC9D9D094FE9C14902C97A4E9D15F0705D9F154882BD816128B851D
PAIR_TWO_SIDED_GRID_T100_S020_L3_FINAL_RESET_RUNNER_025,pair_final_reset_runner,2025-02,4,-21.199586,19.621557,-49.47978,-76.434226,2330.667457,false,true,A6C09BD1971CB49F23130FAEE913C55A3A1F9BE64043A494C0A9842A908F2206
PAIR_TWO_SIDED_GRID_T100_S020_L3_FINAL_RESET_RUNNER_025,pair_final_reset_runner,2025-03,5,122.824185,31.315481,3.287472,-21.314914,2453.491642,true,true,2569EA16FFBF778879A7CA882328EC0A916363AC9EF6956A8E3E245D706C529D
PAIR_TWO_SIDED_GRID_T100_S020_L3_FINAL_RESET_RUNNER_025,pair_final_reset_runner,2025-04,4,40.83858,75.41154,56.336691,17.904624,2494.330222,true,true,40AA6B582855809717280831BFC2012EF8176508017CC443E03D7902EE77CB61
PAIR_TWO_SIDED_GRID_T100_S020_L3_FINAL_RESET_RUNNER_025,pair_final_reset_runner,2025-05,4,35.431142,30.22261,-1.011953,-31.400164,2529.761364,true,true,04ABE3487BA0E195E06642782A15A5265D006A72150E18254D56C14E3CB42C41
PAIR_TWO_SIDED_GRID_T100_S020_L3_FINAL_RESET_RUNNER_025,pair_final_reset_runner,2025-06,5,-44.496847,91.145448,-34.281747,-112.529139,2485.264517,false,true,6E26EF06AFD29803F4C208A0983E018F0ED70B47090F8AD90D7F3CD35C4F1C73
PAIR_TWO_SIDED_GRID_T100_S020_L3_FINAL_RESET_RUNNER_025,pair_final_reset_runner,2025-07,4,-3.974154,-95.547251,-58.438038,-107.686086,2481.290363,false,false,ED11D938CADF8CB603A80A7803670AED89D4A35A64748A07A65B9483EA2E82EB
PAIR_TWO_SIDED_GRID_T100_S020_L3_FINAL_RESET_RUNNER_025,pair_final_reset_runner,2025-08,5,114.339516,86.767057,4.555372,-2.146943,2595.629879,true,true,2DD7C21780540F99AFDB485942EF32EB3D4B45FA8DE078C9275C1D3A42BCA685
PAIR_TWO_SIDED_GRID_T100_S020_L3_FINAL_RESET_RUNNER_025,pair_final_reset_runner,2025-09,4,-12.826201,7.764971,-17.310313,-26.16518,2582.803678,false,true,D3666F2BB1A70488D0FCEFF244015101D9A6E0CA4433E4C84BDB67CED2FD3284
PAIR_TWO_SIDED_GRID_T100_S020_L3_FINAL_RESET_RUNNER_025,pair_final_reset_runner,2025-10,4,2.859675,33.764497,-22.849587,-44.879577,2585.663353,true,true,95C11B34593095A4C49919CA3F54EEF7747F562E96A73FC064CB9FE3686A61A3
PAIR_TWO_SIDED_GRID_T100_S020_L3_FINAL_RESET_RUNNER_025,pair_final_reset_runner,2025-11,4,-9.365121,49.984306,-67.281997,-104.229004,2576.298232,false,true,E17B28677B4DA3E77135EB74156A291FA26D4081B9C3D679B16D5AFF5BC93DB1
PAIR_TWO_SIDED_GRID_T100_S020_L3_FINAL_RESET_RUNNER_025,pair_final_reset_runner,2025-12,5,-7.638292,6.010355,-107.828369,-117.877651,2568.65994,false,true,5CC7C3FACAB4789B95D8D950D43CB124BDDB15A800919F38B84DD658B6D8775C
PAIR_TWO_SIDED_GRID_T100_S020_L3_FINAL_RESET_RUNNER_025,pair_final_reset_runner,2026-01,4,-227.961666,28.298207,-250.145611,-374.137524,2340.698274,false,true,B69726F903EEE243617716665CF6288FB889E8376A556CD4F8CD5CEA397D5935
PAIR_TWO_SIDED_GRID_T100_S020_L3_FINAL_RESET_RUNNER_025,pair_final_reset_runner,2026-02,4,-484.779446,18.516944,-695.671054,-877.433914,1855.918828,false,true,62504125E0E3B3E59D2ACD17B3772A83F733E11C10E7822B176E53E3DB39342D
PAIR_TWO_SIDED_GRID_T100_S020_L3_FINAL_RESET_RUNNER_025,pair_final_reset_runner,2026-03,5,137.758179,-611.598066,-132.713186,-154.291524,1993.677007,true,false,D47A86BED6C70BC9A9599607DE789DEC0165A0A9D0DF2E4E334A8CC6F2F30AB8
PAIR_TWO_SIDED_GRID_T100_S020_L3_FINAL_RESET_RUNNER_025,pair_final_reset_runner,2026-04,4,36.53516,11.606467,-114.354213,-129.125452,2030.212167,true,true,538F8CFC06779ECF4589AB40F8F525165EE829F641CDD086C5CBB3F4BE441D85
PAIR_TWO_SIDED_GRID_T100_S020_L3_FINAL_RESET_RUNNER_025,pair_final_reset_runner,2026-05,5,27.311858,48.007719,-134.870421,-198.582643,2057.524025,true,true,42F421DF525623B3D90E9F633875361EB68E2AEF5685F9B346B2A31BAEC8438B
PAIR_TWO_SIDED_GRID_T100_S020_L3_FINAL_RESET_RUNNER_050,pair_final_reset_runner,2019-04,3,-167.614459,123.40439,-235.285624,-291.018849,-167.614459,false,true,7374E609F47CE778B48F0118913F7D30393E6E968AE2D6CEB3EAEA4C5299793B
PAIR_TWO_SIDED_GRID_T100_S020_L3_FINAL_RESET_RUNNER_050,pair_final_reset_runner,2019-05,4,-125.582108,46.287801,-284.831391,-462.888758,-293.196567,false,true,19A78CE8EF9DEBC3304D40B0B33925C2D12AB16321E7CED4699CDD41FE915C0B
PAIR_TWO_SIDED_GRID_T100_S020_L3_FINAL_RESET_RUNNER_050,pair_final_reset_runner,2019-06,5,270.027935,42.082744,-155.376426,-234.943567,-23.168632,true,true,AA73C342C92389A0D30E1909400D1C5E5D7C8DE88B69794C026AB41F99BB7265
PAIR_TWO_SIDED_GRID_T100_S020_L3_FINAL_RESET_RUNNER_050,pair_final_reset_runner,2019-07,4,-476.602227,17.043953,-426.390898,-728.589747,-499.770859,false,true,8B6FDC3D953EAF49F903098E2BDB19DF5449AD7244D6E70F97F5C31CBE812951
PAIR_TWO_SIDED_GRID_T100_S020_L3_FINAL_RESET_RUNNER_050,pair_final_reset_runner,2019-08,4,-56.057173,115.920149,-723.109644,-900.567069,-555.828032,false,true,FD03567AD2C09F6D1CC77ADF07F3F036DA7514E0545802FE23289157A3F524D9
PAIR_TWO_SIDED_GRID_T100_S020_L3_FINAL_RESET_RUNNER_050,pair_final_reset_runner,2019-09,5,267.795893,104.55278,-538.43202,-737.323956,-288.032139,true,true,CF80C9F52D5D317151646118EF5895FB7F1122501243CE945538AB432B950633
PAIR_TWO_SIDED_GRID_T100_S020_L3_FINAL_RESET_RUNNER_050,pair_final_reset_runner,2019-10,4,823.360514,12.449812,-16.328442,-232.95048,535.328375,true,true,D09709063E0D5EE0A0A5D1CAED8DDC0576FE714622DC4E7A8827C31AF489EAC7
PAIR_TWO_SIDED_GRID_T100_S020_L3_FINAL_RESET_RUNNER_050,pair_final_reset_runner,2019-11,4,-20.223046,24.560159,16.558111,7.592698,515.105329,false,true,621432B0F979885060AE9C7BBE4C1DCB581591D20179DC65BFD8703DBBEDE940
PAIR_TWO_SIDED_GRID_T100_S020_L3_FINAL_RESET_RUNNER_050,pair_final_reset_runner,2019-12,5,42.950573,98.05911,34.038481,-26.304996,558.055902,true,true,27527F8EDAF9037AB155E4DB7C8C1D764D0DBF46B42E25A4088300F4DE43592D
PAIR_TWO_SIDED_GRID_T100_S020_L3_FINAL_RESET_RUNNER_050,pair_final_reset_runner,2020-01,4,-7.559754,25.880634,-34.194724,-59.745384,550.496148,false,true,BCCC67C70DD331EA895C7F94C845C4738B44853C2A48E60F3C0CF8C37A9F7791
PAIR_TWO_SIDED_GRID_T100_S020_L3_FINAL_RESET_RUNNER_050,pair_final_reset_runner,2020-02,4,-22.215516,9.944622,-52.220963,-91.905522,528.280632,false,true,41950AB75ACAA9A37710EAA4FDB000B7619568102F55E5B0A8C47C830DCBCA0B
PAIR_TWO_SIDED_GRID_T100_S020_L3_FINAL_RESET_RUNNER_050,pair_final_reset_runner,2020-03,5,442.62826,176.161381,-114.209401,-288.328332,970.908892,true,true,4FF0ECEF691460659DB9D90BA876A2DF9D27714EA8C374A30D74EE6D2884C5AF
PAIR_TWO_SIDED_GRID_T100_S020_L3_FINAL_RESET_RUNNER_050,pair_final_reset_runner,2020-04,4,6.874696,130.723789,63.734979,15.258996,977.783588,true,true,1303E98E0DC88315471390EB0AFCD9AFF32A041369E9084B41D6959636BB3C00
PAIR_TWO_SIDED_GRID_T100_S020_L3_FINAL_RESET_RUNNER_050,pair_final_reset_runner,2020-05,5,84.282057,77.795524,-0.563391,-66.767611,1062.065645,true,true,7597454366C5153676E5442EFC8D0971E2F4AA9A74E08B0DB2A4A920E2AF209B
PAIR_TWO_SIDED_GRID_T100_S020_L3_FINAL_RESET_RUNNER_050,pair_final_reset_runner,2020-06,4,66.573469,67.57687,73.494416,56.195396,1128.639114,true,true,85E0D9A94C2BC0943C7864DB6F2D64B09A0B8E4403386F4EF2D863B7FEB52409
PAIR_TWO_SIDED_GRID_T100_S020_L3_FINAL_RESET_RUNNER_050,pair_final_reset_runner,2020-07,4,-319.072085,22.050502,-73.257166,-284.927191,809.567029,false,true,E26FC1FEEF9509674437BB877409774AC7FE4CB5BA26C9A56C92F0ED0CE55C29
PAIR_TWO_SIDED_GRID_T100_S020_L3_FINAL_RESET_RUNNER_050,pair_final_reset_runner,2020-08,5,179.463,6.531686,-173.151176,-277.066797,989.030029,true,true,DE21CE51C5F2A20C34265697229B62ACFD3A0DDDA4E182F9D30546D92D66E768
PAIR_TWO_SIDED_GRID_T100_S020_L3_FINAL_RESET_RUNNER_050,pair_final_reset_runner,2020-09,4,120.735857,19.839942,-124.492116,-265.017515,1109.765886,true,true,4322DF3C657BF118F59D99FD2865B52524E526C584F862C61D44B811261AA90D
PAIR_TWO_SIDED_GRID_T100_S020_L3_FINAL_RESET_RUNNER_050,pair_final_reset_runner,2020-10,4,11.911889,15.274051,-15.869461,-32.301982,1121.677775,true,true,102D0F8A25AFD26D746BC370C6552FB782FDD88285F1F8C9D2BC0A862FC3B564
PAIR_TWO_SIDED_GRID_T100_S020_L3_FINAL_RESET_RUNNER_050,pair_final_reset_runner,2020-11,5,11.970619,-15.210088,3.927722,-27.208767,1133.648394,true,false,5574919510BFF29B47D2E046FCF6DBAF781E068617F02B69B27B234918C2A9C8
PAIR_TWO_SIDED_GRID_T100_S020_L3_FINAL_RESET_RUNNER_050,pair_final_reset_runner,2020-12,4,-22.653996,-8.96545,-10.402485,-18.715633,1110.994398,false,false,8DDDBEE62CA4DB5B19370599E0EA0CB3051C52FC27219E73FBCD35BC25C81CF2
PAIR_TWO_SIDED_GRID_T100_S020_L3_FINAL_RESET_RUNNER_050,pair_final_reset_runner,2021-01,4,56.47325,10.391965,22.29079,12.55786,1167.467648,true,true,DFA8A91936A6020B45F2F4A38BFEB4AC3F910EF222DFBFF5A90503B84DF97FEA
PAIR_TWO_SIDED_GRID_T100_S020_L3_FINAL_RESET_RUNNER_050,pair_final_reset_runner,2021-02,4,151.656442,39.022705,122.070573,89.442237,1319.12409,true,true,75503B7E659F975670ADC25652BD70A859664DE0CF9D2F20E5C542FE8A4E7EDB
PAIR_TWO_SIDED_GRID_T100_S020_L3_FINAL_RESET_RUNNER_050,pair_final_reset_runner,2021-03,5,42.917863,133.435038,147.877956,67.227884,1362.041953,true,true,D012CE8FF995FFB3194682B1820399612738A986C6229DC06040A60B59A1F25D
PAIR_TWO_SIDED_GRID_T100_S020_L3_FINAL_RESET_RUNNER_050,pair_final_reset_runner,2021-04,4,24.198145,9.515286,86.260998,74.262111,1386.240098,true,true,CE1C8B260EC66C8CACEED0BBB181C031D866610BE136B293A366D0F4D3F21B59
PAIR_TWO_SIDED_GRID_T100_S020_L3_FINAL_RESET_RUNNER_050,pair_final_reset_runner,2021-05,5,-8.499018,35.242541,30.382862,12.652113,1377.74108,false,true,8D6DF1CEA9245E8BA7C32FF861055C3DA08E6DF43D7104B16CC381969004B4F0
PAIR_TWO_SIDED_GRID_T100_S020_L3_FINAL_RESET_RUNNER_050,pair_final_reset_runner,2021-06,4,59.427774,-37.818201,86.35142,37.004331,1437.168854,true,false,90B28470BDDAE1040BAE3C42BF90C2C3902992F5174E3DEC20ADC83920CCCF38
PAIR_TWO_SIDED_GRID_T100_S020_L3_FINAL_RESET_RUNNER_050,pair_final_reset_runner,2021-07,4,-19.369243,56.457357,100.882644,59.588559,1417.799611,false,true,FA94D54C36206C5248FEA4F5542226D6017A4C215F0375B880290121EEA9DD1E
PAIR_TWO_SIDED_GRID_T100_S020_L3_FINAL_RESET_RUNNER_050,pair_final_reset_runner,2021-08,5,56.38411,134.688519,-26.284541,-74.782098,1474.183721,true,true,21118A2960B843A929030C7A2747F9B6A807505B5DDDC7B4AA672FC11FDBA92B
PAIR_TWO_SIDED_GRID_T100_S020_L3_FINAL_RESET_RUNNER_050,pair_final_reset_runner,2021-09,4,31.20881,10.262819,-23.372566,-44.510238,1505.392531,true,true,574FC8FFA2AF3FDFEF79025F7FA8D88666A2B71B89C98E2EA1CA36A8FC4D1ED3
PAIR_TWO_SIDED_GRID_T100_S020_L3_FINAL_RESET_RUNNER_050,pair_final_reset_runner,2021-10,5,95.425894,79.649498,24.12393,5.934613,1600.818425,true,true,5E4EAE22DC43960252209435C8560E124CF9A659483C7E31D6DE3DB1A24A0FE8
PAIR_TWO_SIDED_GRID_T100_S020_L3_FINAL_RESET_RUNNER_050,pair_final_reset_runner,2021-11,4,-36.315725,-25.177577,-5.193367,-45.187511,1564.5027,false,false,8CBEDA87AA0A6D875B6DFC8B0D119FBAD4D4D6D200BB514BF72DE7DB5268E846
PAIR_TWO_SIDED_GRID_T100_S020_L3_FINAL_RESET_RUNNER_050,pair_final_reset_runner,2021-12,4,70.021075,28.674765,39.319556,32.51376,1634.523775,true,true,E6D60AB63275D4A5C90C7CCAF7AF886A6ABA3C4C4853534228699EE4910698CC
PAIR_TWO_SIDED_GRID_T100_S020_L3_FINAL_RESET_RUNNER_050,pair_final_reset_runner,2022-01,5,113.0886,100.013376,25.9899,-35.480851,1747.612375,true,true,7F799C0ABC729167FA28E4690A29B8BAC93DC0A34A44124D05FA1DF7A493A50E
PAIR_TWO_SIDED_GRID_T100_S020_L3_FINAL_RESET_RUNNER_050,pair_final_reset_runner,2022-02,4,-31.470819,53.922223,26.437121,-24.103119,1716.141556,false,true,7E2920B4EBE180092B62844D1BFCA4EF8FD63E0147A9DDE4E62CED2254ED536A
PAIR_TWO_SIDED_GRID_T100_S020_L3_FINAL_RESET_RUNNER_050,pair_final_reset_runner,2022-03,4,59.812799,68.533128,-13.079535,-96.171373,1775.954355,true,true,F4C37ECE9A05CC0493F117D98642927F8CFE1D214636A67F1A840AE01E8CF984
PAIR_TWO_SIDED_GRID_T100_S020_L3_FINAL_RESET_RUNNER_050,pair_final_reset_runner,2022-04,4,105.98551,119.819333,-28.374415,-46.657271,1881.939865,true,true,F428330B8299232D8B4A2D9BE3841901F18717A25A8864DE18C8069C50A67922
PAIR_TWO_SIDED_GRID_T100_S020_L3_FINAL_RESET_RUNNER_050,pair_final_reset_runner,2022-05,5,82.202815,59.906091,-48.948239,-67.795083,1964.14268,true,true,8D71A6FC26F5DC29BC3D5D8F393CFE5C905424B01E90EC64A860C02D6BD8407B
PAIR_TWO_SIDED_GRID_T100_S020_L3_FINAL_RESET_RUNNER_050,pair_final_reset_runner,2022-06,4,7.893214,-24.369,21.813416,7.901667,1972.035894,true,false,243D24F53A6DAFDF984793B7FF7C7FF3427278673DC2B5F9BEDDA136D6622FB2
PAIR_TWO_SIDED_GRID_T100_S020_L3_FINAL_RESET_RUNNER_050,pair_final_reset_runner,2022-07,5,-38.296017,-18.315244,-10.504415,-35.137597,1933.739877,false,false,2B00D9630DCC38472C437537E3CA942F102BFAA211C2582D8F0F4B2012D7E604
PAIR_TWO_SIDED_GRID_T100_S020_L3_FINAL_RESET_RUNNER_050,pair_final_reset_runner,2022-08,4,22.380351,-5.422862,-12.60628,-38.285377,1956.120228,true,false,EEFBA0FE1B569402BB7C5B7A56950F0D42CC34ADC68EE6C08111F7139167EFAF
PAIR_TWO_SIDED_GRID_T100_S020_L3_FINAL_RESET_RUNNER_050,pair_final_reset_runner,2022-09,4,114.639313,80.061176,48.384811,21.728717,2070.759541,true,true,2989A712236772DF119C88EF42F38C6742F3A8AE6EC2B2850236571AEE55B89D
PAIR_TWO_SIDED_GRID_T100_S020_L3_FINAL_RESET_RUNNER_050,pair_final_reset_runner,2022-10,5,57.949806,67.590509,55.665978,35.045217,2128.709347,true,true,E74806B729D6B2BD5641E5238E32639AEB5998FB421477A73AB2F48AF53C9C72
PAIR_TWO_SIDED_GRID_T100_S020_L3_FINAL_RESET_RUNNER_050,pair_final_reset_runner,2022-11,4,-40.011531,185.408381,-37.818564,-184.758371,2088.697816,false,true,A61866914E02E0034727F8F3F16875630ECFDCAD32E1CD9C459D6F89D2E183E1
PAIR_TWO_SIDED_GRID_T100_S020_L3_FINAL_RESET_RUNNER_050,pair_final_reset_runner,2022-12,4,106.413514,-65.679855,-44.574499,-144.430575,2195.11133,true,false,7E0D59EF65475302E55B74C1FC154E0EBB0A2B74B98D1EA6D2557A1BEB6480E7
PAIR_TWO_SIDED_GRID_T100_S020_L3_FINAL_RESET_RUNNER_050,pair_final_reset_runner,2023-01,5,79.71546,49.043913,16.577353,-6.468372,2274.82679,true,true,CFBC0503BBE20589260F91164A019F2FA52D7B15F9C4F43AE12DAE1B85794814
PAIR_TWO_SIDED_GRID_T100_S020_L3_FINAL_RESET_RUNNER_050,pair_final_reset_runner,2023-02,4,3.191631,30.305389,2.032003,-9.107213,2278.018421,true,true,0C592EC4B8F553E948D07562694AD3E73C5F99026CE2A09A151CAF4077CDF41F
PAIR_TWO_SIDED_GRID_T100_S020_L3_FINAL_RESET_RUNNER_050,pair_final_reset_runner,2023-03,4,94.019308,78.161078,20.936284,6.751017,2372.037729,true,true,CFD127EB02A37EC9EB30FCF4B85C3001457C44ADC25300D67EBD9BA6F71B6B8C
PAIR_TWO_SIDED_GRID_T100_S020_L3_FINAL_RESET_RUNNER_050,pair_final_reset_runner,2023-04,5,-2.107973,41.353763,-20.074613,-76.812904,2369.929756,false,true,0EBE37082C6C0A0D18A6DE1ACEAF44313768B254BF370FE4A9C862AF093C8BAB
PAIR_TWO_SIDED_GRID_T100_S020_L3_FINAL_RESET_RUNNER_050,pair_final_reset_runner,2023-05,4,59.167544,92.191821,-55.234607,-98.469111,2429.0973,true,true,6ABE50314B24C605CD5386B20D82E04CF62F8A64D27026C8137EB1443A4CE48F
PAIR_TWO_SIDED_GRID_T100_S020_L3_FINAL_RESET_RUNNER_050,pair_final_reset_runner,2023-06,4,-74.579204,11.947743,-110.094704,-156.261943,2354.518096,false,true,8100B2120556CD1DD75A17C374F4B2785212682C2A250B09EE4AAB0B6B25FF07
PAIR_TWO_SIDED_GRID_T100_S020_L3_FINAL_RESET_RUNNER_050,pair_final_reset_runner,2023-07,5,4.979216,1.056,-90.257868,-152.338727,2359.497312,true,true,9370B7EF9CBD37BBE558D637A8837A915BE719747750DFB1D11C36795FED69E3
PAIR_TWO_SIDED_GRID_T100_S020_L3_FINAL_RESET_RUNNER_050,pair_final_reset_runner,2023-08,4,38.19108,19.680733,-188.123828,-216.731389,2397.688392,true,true,A8B2D09272E559BA799EB8068FF66B5CD93BA1E959099B4A96B1EDC161A89AB9
PAIR_TWO_SIDED_GRID_T100_S020_L3_FINAL_RESET_RUNNER_050,pair_final_reset_runner,2023-09,4,20.293363,35.904181,-118.476789,-171.876925,2417.981755,true,true,E7E80B423FCF4E8B31D8A1E77830D6C083264EDB69D614337EA4AC7B71C8DC52
PAIR_TWO_SIDED_GRID_T100_S020_L3_FINAL_RESET_RUNNER_050,pair_final_reset_runner,2023-10,5,111.145278,19.431778,-71.625446,-130.675158,2529.127033,true,true,5418790D3CA238B11ACDE42C7EDDAE6011C12B41AA9D1FA44806DB55C5FEEA3F
PAIR_TWO_SIDED_GRID_T100_S020_L3_FINAL_RESET_RUNNER_050,pair_final_reset_runner,2023-11,4,96.6198,25.602586,-34.069298,-71.213838,2625.746833,true,true,A14F4F71FEF666E65594C6B12AD9BFC88207D7E1B2B4B10BBAD31BEFB3078B08
PAIR_TWO_SIDED_GRID_T100_S020_L3_FINAL_RESET_RUNNER_050,pair_final_reset_runner,2023-12,4,97.733726,32.842034,62.197158,36.468204,2723.480559,true,true,0BF9203A377244EC10135BB255CD953EA8063B4FEAEFFE321F92021C9C095731
PAIR_TWO_SIDED_GRID_T100_S020_L3_FINAL_RESET_RUNNER_050,pair_final_reset_runner,2024-01,5,-45.521532,105.906217,-14.857292,-73.244541,2677.959027,false,true,39D5B03A34211BE61FD6D0E233C62F9D0E405EADA27CF73A39E23C4385B2167E
PAIR_TWO_SIDED_GRID_T100_S020_L3_FINAL_RESET_RUNNER_050,pair_final_reset_runner,2024-02,4,-19.454204,8.02644,-105.971294,-120.588884,2658.504823,false,true,883A066742A6DAD923A99A82A3A5BED709C8C00221973A96F179831848C5A614
PAIR_TWO_SIDED_GRID_T100_S020_L3_FINAL_RESET_RUNNER_050,pair_final_reset_runner,2024-03,5,-14.410723,19.163123,-130.170697,-159.494143,2644.0941,false,true,35178590BA2F10043D2BB08F86EF9E395B82F88571BAC90E7F5B19128D6CB348
PAIR_TWO_SIDED_GRID_T100_S020_L3_FINAL_RESET_RUNNER_050,pair_final_reset_runner,2024-04,4,47.652616,31.875401,-142.51719,-174.89357,2691.746716,true,true,DFBFAD56C6E77E71CECA63D0B3AA4A1934D0410CEA90B8049C0F24AFD967A534
PAIR_TWO_SIDED_GRID_T100_S020_L3_FINAL_RESET_RUNNER_050,pair_final_reset_runner,2024-05,4,-60.519289,6.823292,-181.57135,-222.162694,2631.227427,false,true,E56BCCC2893A4A582576C24BCFCA44BAF520D0F198ACC6F591CF4207F2AB4A5A
PAIR_TWO_SIDED_GRID_T100_S020_L3_FINAL_RESET_RUNNER_050,pair_final_reset_runner,2024-06,5,-24.394272,71.990864,-213.534422,-282.249533,2606.833155,false,true,7BE92FEC7F88AE606A6AAA999688DF90ECE468A8D35874E4D58180109AE16D20
PAIR_TWO_SIDED_GRID_T100_S020_L3_FINAL_RESET_RUNNER_050,pair_final_reset_runner,2024-07,4,330.149576,33.192701,-158.836216,-297.823096,2936.982731,true,true,937E6094E74234B05B2FF23A4AEF563624F5E882A4B79D0110B4BF1A405476B7
PAIR_TWO_SIDED_GRID_T100_S020_L3_FINAL_RESET_RUNNER_050,pair_final_reset_runner,2024-08,4,19.077972,-12.722231,50.870656,34.707941,2956.060703,true,false,5F129E74F4E0CC4D8B235F9C8EB5D5967B426AE1BDA9EE56261E08AD2968DA68
PAIR_TWO_SIDED_GRID_T100_S020_L3_FINAL_RESET_RUNNER_050,pair_final_reset_runner,2024-09,5,-16.534438,33.090253,18.745263,-8.191653,2939.526265,false,true,9DA0AE013745FDA849F9D605E56ECA1426F9F320E410BCCD2BFC3695650503E4
PAIR_TWO_SIDED_GRID_T100_S020_L3_FINAL_RESET_RUNNER_050,pair_final_reset_runner,2024-10,4,9.271302,9.377327,-8.584493,-30.95023,2948.797567,true,true,827E9E7D1203BACE594F988073C58EA742A467A690E1A61FD7F1A5A334AFA1F6
PAIR_TWO_SIDED_GRID_T100_S020_L3_FINAL_RESET_RUNNER_050,pair_final_reset_runner,2024-11,4,17.094597,10.311625,-10.034473,-15.739468,2965.892164,true,true,0ABB16BEB6EDFAF6FE143EF64962FA803E07EB345BD14CCD5338FDC0E40BDBB5
PAIR_TWO_SIDED_GRID_T100_S020_L3_FINAL_RESET_RUNNER_050,pair_final_reset_runner,2024-12,5,44.510818,68.887933,-8.734792,-20.817314,3010.402982,true,true,087024C9CF9B537E809969847E906D3AECDFC8B1348A7738C721723760BAFBA0
PAIR_TWO_SIDED_GRID_T100_S020_L3_FINAL_RESET_RUNNER_050,pair_final_reset_runner,2025-01,4,43.978159,19.607677,2.002388,-7.874638,3054.381141,true,true,F542D72FA2ED5DCE096496935B96D8CDADBE94A3490387369A8FCA160B97E692
PAIR_TWO_SIDED_GRID_T100_S020_L3_FINAL_RESET_RUNNER_050,pair_final_reset_runner,2025-02,4,-31.428308,24.506337,-59.88949,-96.26295,3022.952833,false,true,25C80EE9AE453D1B8014D3D5053CA68F1FC7FFE333339858A0523867BE86D328
PAIR_TWO_SIDED_GRID_T100_S020_L3_FINAL_RESET_RUNNER_050,pair_final_reset_runner,2025-03,5,198.126763,40.819155,18.66934,-21.027072,3221.079596,true,true,97C6D343FE9244AECFC763E60DE418C8A3C72094552382A5B725456A2DFDC74A
PAIR_TWO_SIDED_GRID_T100_S020_L3_FINAL_RESET_RUNNER_050,pair_final_reset_runner,2025-04,4,47.847078,99.397341,118.731889,47.289525,3268.926674,true,true,10DFD2502E3C1A2F9884FD6534021C93F09092693E40C31E0D629E01C460E396
PAIR_TWO_SIDED_GRID_T100_S020_L3_FINAL_RESET_RUNNER_050,pair_final_reset_runner,2025-05,4,22.546809,21.360268,17.494968,-31.626241,3291.473483,true,true,13EB6585BD9E478F5C126719F35ED4B43361C8E67AD37BC47D78278DF99B5C6B
PAIR_TWO_SIDED_GRID_T100_S020_L3_FINAL_RESET_RUNNER_050,pair_final_reset_runner,2025-06,5,-41.714843,124.664059,-18.955786,-111.816493,3249.75864,false,true,65D4AB1A1AA1D477D26E974A92C329DF77E89B1D5D8ED4B5EBD986F61246409B
PAIR_TWO_SIDED_GRID_T100_S020_L3_FINAL_RESET_RUNNER_050,pair_final_reset_runner,2025-07,4,-14.229926,-115.800687,-62.641827,-110.671299,3235.528714,false,false,2185F5EB263216850E53A28DC3561824272DFA2E37413CD45AB6D15C35CD8439
PAIR_TWO_SIDED_GRID_T100_S020_L3_FINAL_RESET_RUNNER_050,pair_final_reset_runner,2025-08,5,116.752524,93.232694,15.423237,5.633424,3352.281238,true,true,FA7B6BD67115CDD9861946C6B89CD7B61F7FF1624E0504E6538DAA49ADFC626A
PAIR_TWO_SIDED_GRID_T100_S020_L3_FINAL_RESET_RUNNER_050,pair_final_reset_runner,2025-09,4,-15.979808,5.026387,-16.631613,-29.019018,3336.30143,false,true,3B036A62843F46A41CABE8725F7EC24AE31C1F4306DE13B53EE1599E6E446AB6
PAIR_TWO_SIDED_GRID_T100_S020_L3_FINAL_RESET_RUNNER_050,pair_final_reset_runner,2025-10,4,-43.534888,38.491454,-42.494421,-89.758439,3292.766542,false,true,391E001385783ADC661D3378BCB8058778E7ECDA732B13C3E22675E120B1E6D6
PAIR_TWO_SIDED_GRID_T100_S020_L3_FINAL_RESET_RUNNER_050,pair_final_reset_runner,2025-11,4,-17.030461,83.264343,-125.168635,-190.053243,3275.736081,false,true,7C859ED0C53393E10629B675FB697C6B8DC4827CF6633A919C5753FDA72EB78A
PAIR_TWO_SIDED_GRID_T100_S020_L3_FINAL_RESET_RUNNER_050,pair_final_reset_runner,2025-12,5,-32.764511,-0.145122,-202.444187,-222.672632,3242.97157,false,false,54513886EA09D89B9D145E45A4CAC3FF2141D605A1937756F861332E21EAED40
PAIR_TWO_SIDED_GRID_T100_S020_L3_FINAL_RESET_RUNNER_050,pair_final_reset_runner,2026-01,4,-224.427693,25.393361,-354.163185,-472.493686,3018.543877,false,true,9174819FCE1E19CEF69439EC5C1D90187A26543BDBE39561EFFACE356533DB7F
PAIR_TWO_SIDED_GRID_T100_S020_L3_FINAL_RESET_RUNNER_050,pair_final_reset_runner,2026-02,4,-522.820338,14.474489,-811.355308,-1009.788513,2495.723539,false,true,0F7F28523EAC89B211DCF4B43A4963268CC7306D47D64A1D39F06B90C5DAE524
PAIR_TWO_SIDED_GRID_T100_S020_L3_FINAL_RESET_RUNNER_050,pair_final_reset_runner,2026-03,5,115.049175,-646.204749,-261.803654,-298.099296,2610.772714,true,false,3750A8638CE4BBEB93D19FBADA497AFA65EE8319FB49C8F1A2404B73696C3A6C
PAIR_TWO_SIDED_GRID_T100_S020_L3_FINAL_RESET_RUNNER_050,pair_final_reset_runner,2026-04,4,35.228483,-6.919288,-224.124081,-244.476111,2646.001197,true,false,17B451F9802B049AE64B8E9E83E1F6065B34AB662F9985F32EC60FEFF6FE515C
PAIR_TWO_SIDED_GRID_T100_S020_L3_FINAL_RESET_RUNNER_050,pair_final_reset_runner,2026-05,5,5.236829,44.388957,-250.30842,-308.081554,2651.238026,true,true,D1BA413141C00291B99100D523EDC09F1601C5198304F58041FD5F566D52476F
PAIR_TWO_SIDED_GRID_T125_S020_L3_FINAL_RESET_RUNNER_025,pair_final_reset_runner,2019-04,3,-122.904929,177.550482,-250.887437,-312.555352,-122.904929,false,true,CB688271A935752D5AF1EB831EF087B86F3D5A2413910D8303EF468FE3826FE6
PAIR_TWO_SIDED_GRID_T125_S020_L3_FINAL_RESET_RUNNER_025,pair_final_reset_runner,2019-05,4,-59.692342,94.132059,-289.028525,-454.279812,-182.597271,false,true,ACF78435FE62B9911D474CDBB9661737CD4770A8A664BB027CFF29F0D60D393E
PAIR_TWO_SIDED_GRID_T125_S020_L3_FINAL_RESET_RUNNER_025,pair_final_reset_runner,2019-06,5,322.865796,42.58955,-141.870332,-228.479328,140.268525,true,true,50C82A5618EBF18FB72259184DEF26D9CAC983B2E0F042AA5B1EA0A4E6D7B9E1
PAIR_TWO_SIDED_GRID_T125_S020_L3_FINAL_RESET_RUNNER_025,pair_final_reset_runner,2019-07,4,-381.098184,17.171805,-334.281947,-572.273555,-240.829659,false,true,5302EB644FC42A69E22127A614679A1288CBEFCD6D5F593B62D1ED4032E6A5BE
PAIR_TWO_SIDED_GRID_T125_S020_L3_FINAL_RESET_RUNNER_025,pair_final_reset_runner,2019-08,4,-133.277503,77.663351,-616.275031,-783.214409,-374.107162,false,true,20FD6897404A5688E2352B2307347F717E9508F131D9AFFAEF2D741F6E9201B6
PAIR_TWO_SIDED_GRID_T125_S020_L3_FINAL_RESET_RUNNER_025,pair_final_reset_runner,2019-09,5,170.575841,75.12919,-493.073143,-687.767758,-203.531321,true,true,5397E378EEA5BEC0FFAFDFE234097E3928434D8541CDDB5CC1EDDA0AC11AE05F
PAIR_TWO_SIDED_GRID_T125_S020_L3_FINAL_RESET_RUNNER_025,pair_final_reset_runner,2019-10,4,756.302827,14.552848,-47.683043,-235.450074,552.771506,true,true,AB5E0608CD303C38AA53ED330815066C83498BD9E695DDD32B12E1E04D0D7A94
PAIR_TWO_SIDED_GRID_T125_S020_L3_FINAL_RESET_RUNNER_025,pair_final_reset_runner,2019-11,4,-21.153232,22.304255,10.725614,9.370831,531.618274,false,true,C182ED40052F3A88C86D4012037CCC9CD7372BC73D6091111693F1E9C1B5ED92
PAIR_TWO_SIDED_GRID_T125_S020_L3_FINAL_RESET_RUNNER_025,pair_final_reset_runner,2019-12,5,42.416801,91.841339,-0.443694,-38.899804,574.035075,true,true,3D1067044B52915A789F0F5D2FCBF49C869F485C74FAB584025E8797327DF468
PAIR_TWO_SIDED_GRID_T125_S020_L3_FINAL_RESET_RUNNER_025,pair_final_reset_runner,2020-01,4,-114.317335,37.860138,-84.978917,-191.077277,459.71774,false,true,536557FD87085DA18645A45A7C2CE72631C0A8216287907DCEF73B5310856ECC
PAIR_TWO_SIDED_GRID_T125_S020_L3_FINAL_RESET_RUNNER_025,pair_final_reset_runner,2020-02,4,53.95165,34.783508,-87.785007,-171.909135,513.66939,true,true,6E75CC6A75ED2C408AA3984EC538FB43196E91AC3843D006546F8E3578A5EFAB
PAIR_TWO_SIDED_GRID_T125_S020_L3_FINAL_RESET_RUNNER_025,pair_final_reset_runner,2020-03,5,413.383796,161.573159,-198.579255,-381.843373,927.053186,true,true,A00E169C0EB71F5BAE648D5B6599C8D0A24A8836B49C47BEA2DA7957BF8316D6
PAIR_TWO_SIDED_GRID_T125_S020_L3_FINAL_RESET_RUNNER_025,pair_final_reset_runner,2020-04,4,40.308153,120.070719,13.528518,-15.192371,967.361339,true,true,A5B9857FD3F97AA6C350C7C27D846CA6850BD544F3C44DDD951564CAC81E723D
PAIR_TWO_SIDED_GRID_T125_S020_L3_FINAL_RESET_RUNNER_025,pair_final_reset_runner,2020-05,5,12.864321,44.207336,-30.219179,-64.628585,980.22566,true,true,259466F92000FE168BECAF02756A853D296D5985F57EF93649E046C88C4FAACC
PAIR_TWO_SIDED_GRID_T125_S020_L3_FINAL_RESET_RUNNER_025,pair_final_reset_runner,2020-06,4,86.845532,54.393578,18.967847,1.247875,1067.071192,true,true,EF6E271999DBE9F48F6D4677F2EF65440697C3D88332CDCEDD668A2A65F682E5
PAIR_TWO_SIDED_GRID_T125_S020_L3_FINAL_RESET_RUNNER_025,pair_final_reset_runner,2020-07,4,-304.850163,18.604442,-120.373016,-322.20673,762.221029,false,true,7DB2424682CC10027FCFCF8393CA2461A219FF7431926920587542B78C919D3A
PAIR_TWO_SIDED_GRID_T125_S020_L3_FINAL_RESET_RUNNER_025,pair_final_reset_runner,2020-08,5,182.121744,2.756028,-202.260362,-319.787958,944.342773,true,true,94543CBF66B22627E8717B52B17CEBDEF6D1C7299CEFAEE0DB2C218315350AE9
PAIR_TWO_SIDED_GRID_T125_S020_L3_FINAL_RESET_RUNNER_025,pair_final_reset_runner,2020-09,4,166.766961,45.035928,-134.408138,-267.773903,1111.109734,true,true,58F8A459ED089F19C718B980E255348F5C323258BF6B104993CCFC7FE15CE29C
PAIR_TWO_SIDED_GRID_T125_S020_L3_FINAL_RESET_RUNNER_025,pair_final_reset_runner,2020-10,4,7.770928,19.388939,-28.402242,-36.960897,1118.880662,true,true,853832FCAE0BE14D8B49C7A735B5480217F2B56D9E329B8BCB043BE93E21909B
PAIR_TWO_SIDED_GRID_T125_S020_L3_FINAL_RESET_RUNNER_025,pair_final_reset_runner,2020-11,5,6.051451,-10.113898,-23.116806,-36.402617,1124.932113,true,false,3C005DD57416B39AA4EBD0E68F589F6B050C7FAC02899D945D6A294A68DF23B1
PAIR_TWO_SIDED_GRID_T125_S020_L3_FINAL_RESET_RUNNER_025,pair_final_reset_runner,2020-12,4,-11.218919,1.630512,-32.574942,-39.582087,1113.713194,false,true,2CDA8B003AD9A2F7546D16B800B935F7AF64619469CE7403C30F4AACCFD1D56B
PAIR_TWO_SIDED_GRID_T125_S020_L3_FINAL_RESET_RUNNER_025,pair_final_reset_runner,2021-01,4,42.827069,14.010793,-12.271061,-17.705661,1156.540263,true,true,150946BB9D4C91869BA14DA4C67D86D618FCF355466499DC44EE80DB9F246F1A
PAIR_TWO_SIDED_GRID_T125_S020_L3_FINAL_RESET_RUNNER_025,pair_final_reset_runner,2021-02,4,99.292516,46.398515,35.650196,18.743049,1255.832779,true,true,38700381E1DDD174BE6B1275FF066991ADF3BE8275E2414A435751964A932B21
PAIR_TWO_SIDED_GRID_T125_S020_L3_FINAL_RESET_RUNNER_025,pair_final_reset_runner,2021-03,5,48.898205,69.011689,68.318353,32.184719,1304.730984,true,true,31363F4E9B46A5501B87C668775422534AB5F559D09FA85F75C00CFA06153B63
PAIR_TWO_SIDED_GRID_T125_S020_L3_FINAL_RESET_RUNNER_025,pair_final_reset_runner,2021-04,4,16.180069,30.517696,34.622976,17.847092,1320.911053,true,true,602AD0BB377285EE0777689A076EAC1B6267B8FBFCA0B55CB140C0336E497E55
PAIR_TWO_SIDED_GRID_T125_S020_L3_FINAL_RESET_RUNNER_025,pair_final_reset_runner,2021-05,5,-8.149181,45.417665,-36.467707,-49.207148,1312.761872,false,true,7B5C134E18D05766EB1CA60610BD9332E1DDD81332BAA7DC2E8196CBF6BBAE90
PAIR_TWO_SIDED_GRID_T125_S020_L3_FINAL_RESET_RUNNER_025,pair_final_reset_runner,2021-06,4,68.234532,-24.646391,-15.433136,-125.721703,1380.996404,true,false,1F8940B9CD1AA1F1B50522211F79FCD8C325FE3F09C574E440698080BFF2A7D9
PAIR_TWO_SIDED_GRID_T125_S020_L3_FINAL_RESET_RUNNER_025,pair_final_reset_runner,2021-07,4,10.987078,50.295343,44.671508,17.852904,1391.983482,true,true,8DBE1B6334A1E98DFB183186CF8D2398E2B3567E9AAD5BAA44B6CB7466CDCC66
PAIR_TWO_SIDED_GRID_T125_S020_L3_FINAL_RESET_RUNNER_025,pair_final_reset_runner,2021-08,5,54.177899,115.466097,-28.589711,-43.435294,1446.161381,true,true,069D5D2E5FCE8FA2903CD75CD7FD79438E3B6E9BBC3BBFAFEC01268158A6EDD3
PAIR_TWO_SIDED_GRID_T125_S020_L3_FINAL_RESET_RUNNER_025,pair_final_reset_runner,2021-09,4,46.048542,12.429557,-38.948129,-66.999568,1492.209923,true,true,ADC22326D94CF4CC939209B97A902722011CC3B24F574A04E6945282B1E59064
PAIR_TWO_SIDED_GRID_T125_S020_L3_FINAL_RESET_RUNNER_025,pair_final_reset_runner,2021-10,5,44.386983,82.596099,-58.807394,-100.273606,1536.596906,true,true,4AAC024C3EFD833405540CF8B1094650B4FC8C2F7ADB70231E7C4C39546FA8EC
PAIR_TWO_SIDED_GRID_T125_S020_L3_FINAL_RESET_RUNNER_025,pair_final_reset_runner,2021-11,4,19.924403,-0.399274,-29.579578,-45.729962,1556.521309,true,false,713B32A8F05A01DEC323F305D2809385EE988C60D1AC6C942770960D53D8D737
PAIR_TWO_SIDED_GRID_T125_S020_L3_FINAL_RESET_RUNNER_025,pair_final_reset_runner,2021-12,4,87.111312,38.00594,22.897822,16.922499,1643.632621,true,true,B49252AABF6272BDAFB50BA8F76592042C80D54E961379993E44B7E4BA0B7AF2
PAIR_TWO_SIDED_GRID_T125_S020_L3_FINAL_RESET_RUNNER_025,pair_final_reset_runner,2022-01,5,116.65856,91.937663,19.414462,-25.75364,1760.291181,true,true,E003DE9A6E630926D0471805341DB38B790A5A04FF56E96CC4CB5BFAEAA35DAA
PAIR_TWO_SIDED_GRID_T125_S020_L3_FINAL_RESET_RUNNER_025,pair_final_reset_runner,2022-02,4,7.661706,58.182334,22.386521,-4.396107,1767.952887,true,true,C7FF435DC7DF20B1F57F4528FCA0683678A308DA2DF27BF6B49E376BC5DF3B69
PAIR_TWO_SIDED_GRID_T125_S020_L3_FINAL_RESET_RUNNER_025,pair_final_reset_runner,2022-03,4,-19.690342,51.232968,-58.524246,-179.373663,1748.262545,false,true,3BC311EB6899D1D7CDCF7B23D036EBC0C3C8019F1FF776026785E9EC14A5CEE1
PAIR_TWO_SIDED_GRID_T125_S020_L3_FINAL_RESET_RUNNER_025,pair_final_reset_runner,2022-04,4,73.128965,112.92611,-41.465431,-115.116562,1821.39151,true,true,31B6A95E0DE0535B3B64D9676730ABA94897DAC4145C47705EE0BAB429DB21AC
PAIR_TWO_SIDED_GRID_T125_S020_L3_FINAL_RESET_RUNNER_025,pair_final_reset_runner,2022-05,5,169.031952,54.191081,-137.808523,-323.198197,1990.423462,true,true,9C0828A5C78A1AD94231B6127DD3B2EAF85A90FA5B69A922A3C4A2B6BDD34866
PAIR_TWO_SIDED_GRID_T125_S020_L3_FINAL_RESET_RUNNER_025,pair_final_reset_runner,2022-06,4,17.661884,12.439831,18.442439,4.946362,2008.085346,true,true,9E53A56E5FFFE6BABFA14D777F08B15B1C2EA620E34BCE0CE167ABD27DA8E0C2
PAIR_TWO_SIDED_GRID_T125_S020_L3_FINAL_RESET_RUNNER_025,pair_final_reset_runner,2022-07,5,-4.72731,13.892351,-8.690805,-23.912575,2003.358036,false,true,82D96CAC1C59E7CE175A3AC70739F24BCB880DC919C6FA7C88623EA41AF0F922
PAIR_TWO_SIDED_GRID_T125_S020_L3_FINAL_RESET_RUNNER_025,pair_final_reset_runner,2022-08,4,25.342542,9.829344,-18.455502,-42.678368,2028.700578,true,true,DBC2BFF19E509E1818B451FB31D71C5C6EEFF9B72587AC9CEB6A71C138761E00
PAIR_TWO_SIDED_GRID_T125_S020_L3_FINAL_RESET_RUNNER_025,pair_final_reset_runner,2022-09,4,100.120747,65.150227,24.60768,5.110973,2128.821325,true,true,5C4F06F93093B7FF73C6A8C2ECC2A398419E82979599C4C050DE5F8169C2A24F
PAIR_TWO_SIDED_GRID_T125_S020_L3_FINAL_RESET_RUNNER_025,pair_final_reset_runner,2022-10,5,43.466436,70.319505,25.633214,1.61117,2172.287761,true,true,A429DB05DD253BAD3EC4A432F224F0011E1D58CF0E71C07FA5C9C4D42A458A3F
PAIR_TWO_SIDED_GRID_T125_S020_L3_FINAL_RESET_RUNNER_025,pair_final_reset_runner,2022-11,4,-83.538477,125.606011,-73.969959,-199.187138,2088.749284,false,true,21AADF12C454BF52F07BAADD9AC9665247BAA071FFD86F736582F6D12EC5CFEB
PAIR_TWO_SIDED_GRID_T125_S020_L3_FINAL_RESET_RUNNER_025,pair_final_reset_runner,2022-12,4,135.452376,-50.635159,-45.281053,-138.948915,2224.20166,true,false,A7EFBB6EDA128F3CD35C849A88808AA64DEA61DCE80106164420C389F0442791
PAIR_TWO_SIDED_GRID_T125_S020_L3_FINAL_RESET_RUNNER_025,pair_final_reset_runner,2023-01,5,70.174461,65.213854,1.907328,-8.138996,2294.376121,true,true,A44C53984AA68DC241247362E9E79828571A1067543F0FEF765DBE9487D04667
PAIR_TWO_SIDED_GRID_T125_S020_L3_FINAL_RESET_RUNNER_025,pair_final_reset_runner,2023-02,4,2.160453,-0.560895,-7.923698,-29.022176,2296.536574,true,false,F2827829C65F9EC32BF1F4AD776EDA6713268A8DC5B157E8BEEBA67B46F95190
PAIR_TWO_SIDED_GRID_T125_S020_L3_FINAL_RESET_RUNNER_025,pair_final_reset_runner,2023-03,4,80.180013,68.099453,18.618411,6.662912,2376.716587,true,true,AD6F78BDC3DD7D7650F55F30CED2B93080605E5225D0B019B4610E81208E8476
PAIR_TWO_SIDED_GRID_T125_S020_L3_FINAL_RESET_RUNNER_025,pair_final_reset_runner,2023-04,5,14.946643,54.209497,-29.113866,-84.407068,2391.66323,true,true,4F68FE13809E0C66E0885A4C1CF175DE0C595D448FB8E91A26DD8C25F507C3B4
PAIR_TWO_SIDED_GRID_T125_S020_L3_FINAL_RESET_RUNNER_025,pair_final_reset_runner,2023-05,4,62.9846,90.899478,-39.685376,-66.878738,2454.64783,true,true,570E7BB0810C024BB9D31E124464A4868A6EDC3C603D20775968D2F21EDEA3C5
PAIR_TWO_SIDED_GRID_T125_S020_L3_FINAL_RESET_RUNNER_025,pair_final_reset_runner,2023-06,4,-218.743207,22.28732,-195.647966,-301.545347,2235.904623,false,true,578F3068EF4C9173DE6EB056614F4D81FD48388935C17FC2437E18C86EFBDDB0
PAIR_TWO_SIDED_GRID_T125_S020_L3_FINAL_RESET_RUNNER_025,pair_final_reset_runner,2023-07,5,-7.711009,-145.806868,-135.657638,-213.775458,2228.193614,false,false,8E53E87A3DC49C57C1392B76AE216E49A08275BBB6ACBB39C00B5ABA3CF427AB
PAIR_TWO_SIDED_GRID_T125_S020_L3_FINAL_RESET_RUNNER_025,pair_final_reset_runner,2023-08,4,31.92457,4.808318,-202.556854,-229.689868,2260.118184,true,true,F8EC99A38E4328BDDA1A87DA03879CBFB152BC9E723B4658E865F6EDC3797B20
PAIR_TWO_SIDED_GRID_T125_S020_L3_FINAL_RESET_RUNNER_025,pair_final_reset_runner,2023-09,4,44.825556,37.176613,-105.263827,-164.875278,2304.94374,true,true,35C89A393FD45E35A2B3548E707C5CC25A6D6AD5BB3484300F1E499F37C959AD
PAIR_TWO_SIDED_GRID_T125_S020_L3_FINAL_RESET_RUNNER_025,pair_final_reset_runner,2023-10,5,110.87955,31.409362,-63.41756,-116.854196,2415.82329,true,true,64646B7FB10158F3506D1A42B5D1BA2D4EFA27E36A1EEF15C4A8203EA0A0C0B3
PAIR_TWO_SIDED_GRID_T125_S020_L3_FINAL_RESET_RUNNER_025,pair_final_reset_runner,2023-11,4,72.602608,29.967602,-30.883075,-52.502174,2488.425898,true,true,ED0C4B0B0168F105E992A753108C0023AD210336A32138559A7B2AC23C217970
PAIR_TWO_SIDED_GRID_T125_S020_L3_FINAL_RESET_RUNNER_025,pair_final_reset_runner,2023-12,4,55.262098,26.64503,18.16322,6.000531,2543.687996,true,true,A3FF251B10C8484C8B383A948BC2583AAB01FC78822C7160DA921546AF9791FE
PAIR_TWO_SIDED_GRID_T125_S020_L3_FINAL_RESET_RUNNER_025,pair_final_reset_runner,2024-01,5,-40.104782,87.87583,-50.890038,-105.942643,2503.583214,false,true,3C2307364457053BEC293883812AB33C91D2C65DA1B5CA750BFB5DA74D949586
PAIR_TWO_SIDED_GRID_T125_S020_L3_FINAL_RESET_RUNNER_025,pair_final_reset_runner,2024-02,4,16.508837,13.708397,-122.924706,-130.56735,2520.092051,true,true,BFC45BBD36E23322A7803F7F5C0B7B0F1D26E0BE1AEA5DEC9E017603F6DA703E
PAIR_TWO_SIDED_GRID_T125_S020_L3_FINAL_RESET_RUNNER_025,pair_final_reset_runner,2024-03,5,23.649611,17.698325,-96.15151,-119.162341,2543.741662,true,true,8EEE901271303EDE614A8A94099D1075DF1C8C28771FEA998C4F5813E7D506C0
PAIR_TWO_SIDED_GRID_T125_S020_L3_FINAL_RESET_RUNNER_025,pair_final_reset_runner,2024-04,4,47.252169,33.458826,-96.223313,-114.016494,2590.993831,true,true,222623E02FC2B6D3A2A71096191FFD1C72CCA327642B8E44C4D5803900503EC6
PAIR_TWO_SIDED_GRID_T125_S020_L3_FINAL_RESET_RUNNER_025,pair_final_reset_runner,2024-05,4,-37.58886,5.485586,-124.478189,-152.247749,2553.404971,false,true,3A3317DA061A971A36C79203442AB95069EC9D62EF73E3269C3EE65C6A831325
PAIR_TWO_SIDED_GRID_T125_S020_L3_FINAL_RESET_RUNNER_025,pair_final_reset_runner,2024-06,5,-5.454436,71.330152,-148.832023,-203.256608,2547.950535,false,true,859FEDE00E3B978465DDA6270C57ABAE26E01E722175A426838E2602ACA30C84
PAIR_TWO_SIDED_GRID_T125_S020_L3_FINAL_RESET_RUNNER_025,pair_final_reset_runner,2024-07,4,208.138761,37.687977,-132.563438,-231.46751,2756.089296,true,true,FD40856D5A0EBA766A64A6BC2E3207D008BC0C5F7B02F0CCC7A709B843FE33D0
PAIR_TWO_SIDED_GRID_T125_S020_L3_FINAL_RESET_RUNNER_025,pair_final_reset_runner,2024-08,4,61.526023,24.486016,13.875334,1.271591,2817.615319,true,true,657D5D5FE8FB16553AEB4DC63E77F002A42B441DBAC1F1257B7EBE4D08702078
PAIR_TWO_SIDED_GRID_T125_S020_L3_FINAL_RESET_RUNNER_025,pair_final_reset_runner,2024-09,5,-27.182089,16.126277,-23.059309,-50.231388,2790.43323,false,true,929176C118E8C09E10744263A82F613A0F1AC3B3F7443AA33C7AAA2658964514
PAIR_TWO_SIDED_GRID_T125_S020_L3_FINAL_RESET_RUNNER_025,pair_final_reset_runner,2024-10,4,27.211223,6.225534,-31.227385,-51.951366,2817.644453,true,true,6093EA391211319AF105FF66FF4956DEB3387AEA6E6D086085D4B43B986D547F
PAIR_TWO_SIDED_GRID_T125_S020_L3_FINAL_RESET_RUNNER_025,pair_final_reset_runner,2024-11,4,38.832495,35.639133,-19.278645,-24.235182,2856.476948,true,true,70668B0721AF249F6A6ACBF3B98EA4AA42E9AF23838C010F9631E2C5EE6CD906
PAIR_TWO_SIDED_GRID_T125_S020_L3_FINAL_RESET_RUNNER_025,pair_final_reset_runner,2024-12,5,58.724695,66.813188,-19.711742,-24.07525,2915.201643,true,true,3DEE8091F08C7238EA37090CB84AA23DAA6D19D00C7A637D922A565132170684
PAIR_TWO_SIDED_GRID_T125_S020_L3_FINAL_RESET_RUNNER_025,pair_final_reset_runner,2025-01,4,55.136877,49.506342,-13.852847,-17.428976,2970.33852,true,true,E39FB549887C2623FFE8AD8C9A7DD37F5327BC677AA26D95C561D3CE9B17AF46
PAIR_TWO_SIDED_GRID_T125_S020_L3_FINAL_RESET_RUNNER_025,pair_final_reset_runner,2025-02,4,-14.743585,19.76084,-65.880204,-97.762119,2955.594935,false,true,4AB9541159837A27944C43A9C7BA89DA553467E18C37E7E8970E744AB0DC447A
PAIR_TWO_SIDED_GRID_T125_S020_L3_FINAL_RESET_RUNNER_025,pair_final_reset_runner,2025-03,5,68.732599,60.483481,-28.236121,-43.608397,3024.327534,true,true,D15941FB1A2ECDD3F84C28DB32B57688D76DA7DC469379F74CBB611074CE2876
PAIR_TWO_SIDED_GRID_T125_S020_L3_FINAL_RESET_RUNNER_025,pair_final_reset_runner,2025-04,4,141.985583,50.601185,74.356929,47.776001,3166.313117,true,true,BB6A00ED6D6B334D3118C51D508FCC70839820248B0C529054599A092D7E3D52
PAIR_TWO_SIDED_GRID_T125_S020_L3_FINAL_RESET_RUNNER_025,pair_final_reset_runner,2025-05,4,39.997054,30.908438,27.740068,-6.718551,3206.310171,true,true,BA265AEC10A958C0A59B38A51BE75E77132433F2D2730882181FD4685BFA63B8
PAIR_TWO_SIDED_GRID_T125_S020_L3_FINAL_RESET_RUNNER_025,pair_final_reset_runner,2025-06,5,-33.986285,128.538927,-15.853166,-105.660595,3172.323886,false,true,81222EBCC2940EBA16FA8BCB6215299CF571B905B61CBA034BF9E52AF96F59FA
PAIR_TWO_SIDED_GRID_T125_S020_L3_FINAL_RESET_RUNNER_025,pair_final_reset_runner,2025-07,4,-20.112888,-88.028128,-61.202069,-106.806183,3152.210998,false,false,3D0B6C3C0BCED703F9AD43FC23B15EDB437815531DCF76B758D1DAEC779F75DE
PAIR_TWO_SIDED_GRID_T125_S020_L3_FINAL_RESET_RUNNER_025,pair_final_reset_runner,2025-08,5,84.580779,109.916616,-32.371253,-63.081192,3236.791777,true,true,7F22CAC9E165B94372D7B1523D64827AA6FFE3CC0501145771BE5C3020BE4C96
PAIR_TWO_SIDED_GRID_T125_S020_L3_FINAL_RESET_RUNNER_025,pair_final_reset_runner,2025-09,4,-241.99156,14.054696,-261.218517,-354.551212,2994.800217,false,true,80F90B77CFB3E41376FCD66B9730A6754EDDBE91D99BAE95B61F9B8D0CF60BB5
PAIR_TWO_SIDED_GRID_T125_S020_L3_FINAL_RESET_RUNNER_025,pair_final_reset_runner,2025-10,4,-216.226344,39.453638,-417.858787,-574.80743,2778.573873,false,true,ACC36242031A9E29616CE1C3A06615A31DBD04D26617F56F6ADF0CFC895629CE
PAIR_TWO_SIDED_GRID_T125_S020_L3_FINAL_RESET_RUNNER_025,pair_final_reset_runner,2025-11,4,95.122702,72.491712,-703.762248,-783.891316,2873.696575,true,true,4179E6AEF01004A75278F7E04C10825BCAEB5713A5C96AAAC50909DBCCFDB13F
PAIR_TWO_SIDED_GRID_T125_S020_L3_FINAL_RESET_RUNNER_025,pair_final_reset_runner,2025-12,5,-488.718089,5.391743,-801.267358,-1046.286272,2384.978486,false,true,A2AA6C9266CD00C8A598500B1AA7400B54241055493B95DD3570ABC727BD702B
PAIR_TWO_SIDED_GRID_T125_S020_L3_FINAL_RESET_RUNNER_025,pair_final_reset_runner,2026-01,4,-178.441341,41.405801,-1251.799606,-1281.977581,2206.537145,false,true,00176265B4A016E05C6E2000F55E284BBA199D66D66A2EF8829709B1CC6DEE6D
PAIR_TWO_SIDED_GRID_T125_S020_L3_FINAL_RESET_RUNNER_025,pair_final_reset_runner,2026-02,4,-1487.902768,17.546078,-2220.919416,-2771.58226,718.634377,false,true,A080F45DD1A34B4D82B04F4E67C91C09C78243F1B322B51944A94E2D32B9ECF0
PAIR_TWO_SIDED_GRID_T125_S020_L3_FINAL_RESET_RUNNER_025,pair_final_reset_runner,2026-03,5,-875.9713,-609.165025,-2631.28747,-3038.388535,-157.336923,false,false,23E4B9E7798D0BFD881C11AEC992FB9727E6CB7A5B68E2A5E4D2D37E366E8D5C
PAIR_TWO_SIDED_GRID_T125_S020_L3_FINAL_RESET_RUNNER_025,pair_final_reset_runner,2026-04,4,-427.132025,-5.252603,-3271.577332,-3460.267957,-584.468948,false,false,AE9BE14EEA3B06795CFF7EEB06779F89EED1B0F9791D02F869AB46C5BC071368
PAIR_TWO_SIDED_GRID_T125_S020_L3_FINAL_RESET_RUNNER_025,pair_final_reset_runner,2026-05,5,302.566734,58.627533,-3203.308626,-3678.51968,-281.902214,true,true,2DAB9B6F161791FE671F7839E09D4B0914BF5CFD16334BE6F30EE20768DB794B
PAIR_TWO_SIDED_GRID_T125_S020_L3_FINAL_RESET_RUNNER_050,pair_final_reset_runner,2019-04,3,-106.543627,168.941741,-238.834409,-303.393305,-106.543627,false,true,4E8A8D9DE694EC73C345558BCFE0276E1F19C2E7FE658F9EA79242AB55A21BC9
PAIR_TWO_SIDED_GRID_T125_S020_L3_FINAL_RESET_RUNNER_050,pair_final_reset_runner,2019-05,4,-44.657558,85.057766,-238.029952,-405.200692,-151.201185,false,true,0FF98B75D0FEF4B8F3965A80AAA0B605B50F47174E63E1AB884373C880987E8D
PAIR_TWO_SIDED_GRID_T125_S020_L3_FINAL_RESET_RUNNER_050,pair_final_reset_runner,2019-06,5,293.977009,50.068801,-88.821257,-161.292484,142.775824,true,true,2EB19D56A555BAFA25BB72117DFDCAED853518F58561976945751B0C5CE8EACD
PAIR_TWO_SIDED_GRID_T125_S020_L3_FINAL_RESET_RUNNER_050,pair_final_reset_runner,2019-07,4,-367.869813,21.729105,-337.338142,-550.891402,-225.093989,false,true,2D4E696B5E541908FC26CA8CBED6CD1F0A08F32EF089917B94BEA451EBBD9294
PAIR_TWO_SIDED_GRID_T125_S020_L3_FINAL_RESET_RUNNER_050,pair_final_reset_runner,2019-08,4,-75.175595,134.129265,-576.297196,-760.196262,-300.269584,false,true,F714D3803143B1397BEEF05177A9542D2E0644D2DE6C0D1F4C3FC25C560BA6E4
PAIR_TWO_SIDED_GRID_T125_S020_L3_FINAL_RESET_RUNNER_050,pair_final_reset_runner,2019-09,5,174.245299,129.154934,-509.641002,-715.105897,-126.024285,true,true,EBC112FCC5B600461B941BB12C2463FF8BBCEC74898F1D34D5FE3E9FCA469A6D
PAIR_TWO_SIDED_GRID_T125_S020_L3_FINAL_RESET_RUNNER_050,pair_final_reset_runner,2019-10,4,836.98201,13.892005,-16.042789,-226.445037,710.957725,true,true,31738D1A0FB44AAB15D131332D301B5ECE089EBBCA79947377EC3C79327552F6
PAIR_TWO_SIDED_GRID_T125_S020_L3_FINAL_RESET_RUNNER_050,pair_final_reset_runner,2019-11,4,-49.715596,29.57543,26.228015,21.117579,661.242129,false,true,357A8DA1367FE9BB56BFC7E146644B099C883DA8E0000BB0995BE0A5FD37F167
PAIR_TWO_SIDED_GRID_T125_S020_L3_FINAL_RESET_RUNNER_050,pair_final_reset_runner,2019-12,5,37.105107,139.503858,12.954389,-73.705669,698.347236,true,true,A61AEE0F997B10BEF8AC317F59EBC696C029EE45D455DB37100B56FF5EF8F435
PAIR_TWO_SIDED_GRID_T125_S020_L3_FINAL_RESET_RUNNER_050,pair_final_reset_runner,2020-01,4,-83.325372,40.559667,-117.544518,-197.590708,615.021864,false,true,263ED126048A7F05EC39EF7F9A645ACD97D87D02A9E4C32B3842FB109EBC0347
PAIR_TWO_SIDED_GRID_T125_S020_L3_FINAL_RESET_RUNNER_050,pair_final_reset_runner,2020-02,4,102.803252,26.514754,-98.785093,-121.30221,717.825116,true,true,43CC9B564EAC62B3BCC3528685A1FCB0C16C6CD42B76850C37099C4146669010
PAIR_TWO_SIDED_GRID_T125_S020_L3_FINAL_RESET_RUNNER_050,pair_final_reset_runner,2020-03,5,529.723861,240.632309,-86.679357,-244.936798,1247.548977,true,true,AC8D5DCA3DD99773635DC0057364E9C0A8E8E6481F7F7781FD7FA112E612258A
PAIR_TWO_SIDED_GRID_T125_S020_L3_FINAL_RESET_RUNNER_050,pair_final_reset_runner,2020-04,4,29.105107,189.283279,44.341027,2.299127,1276.654084,true,true,183A4CB836FE78EB57E284694E6CFA0827118E546261E1D44286FB2F543B7FDB
PAIR_TWO_SIDED_GRID_T125_S020_L3_FINAL_RESET_RUNNER_050,pair_final_reset_runner,2020-05,5,78.22316,57.602387,-29.936389,-102.394987,1354.877244,true,true,E51F2608CD63C7CCE65DA288D407E48983D7FA17BDC8F03DC36985E3CB0A0D47
PAIR_TWO_SIDED_GRID_T125_S020_L3_FINAL_RESET_RUNNER_050,pair_final_reset_runner,2020-06,4,77.734304,75.959143,48.565054,30.007104,1432.611548,true,true,55A3723F4D9E6530F5378915C4F0B921011A5180E86C9E8863D3CF7D3E55305B
PAIR_TWO_SIDED_GRID_T125_S020_L3_FINAL_RESET_RUNNER_050,pair_final_reset_runner,2020-07,4,-286.90451,18.396464,-81.507436,-275.29387,1145.707038,false,true,2032A07862309A6288CC288D755F6EC2B678F621CE6796D69D8CA0C74ABFC51D
PAIR_TWO_SIDED_GRID_T125_S020_L3_FINAL_RESET_RUNNER_050,pair_final_reset_runner,2020-08,5,175.532011,65.121687,-213.695574,-352.335125,1321.239049,true,true,2A2B43E237A923538EE2E3C141A861ECC6D93638C895EDAE772C00CEB19AB2F5
PAIR_TWO_SIDED_GRID_T125_S020_L3_FINAL_RESET_RUNNER_050,pair_final_reset_runner,2020-09,4,162.321205,39.681168,-154.951301,-301.63212,1483.560254,true,true,8D283B79ACE62CC0C9A8D31B918475322B08605F8ED3A06B6878B61C2F60D0AF
PAIR_TWO_SIDED_GRID_T125_S020_L3_FINAL_RESET_RUNNER_050,pair_final_reset_runner,2020-10,4,21.515417,15.443386,-49.288071,-73.945632,1505.075671,true,true,A2177D99CE8ADCFD3E827FB5157B66F33B327011DA0F0BEC668BC2208A7B66ED
PAIR_TWO_SIDED_GRID_T125_S020_L3_FINAL_RESET_RUNNER_050,pair_final_reset_runner,2020-11,5,-13.459855,-16.47517,-33.70578,-72.834477,1491.615816,false,false,C26E8204CD96954C77958CAB98833C96FD1F7D3380A722C0BFBA6546F08BB126
PAIR_TWO_SIDED_GRID_T125_S020_L3_FINAL_RESET_RUNNER_050,pair_final_reset_runner,2020-12,4,-31.217104,-13.903341,-60.314777,-70.0373,1460.398712,false,false,D10AA4D55BA58C0D565A8611DE47618EF8CBF8A09E50933F56C4A9D58BF40E89
PAIR_TWO_SIDED_GRID_T125_S020_L3_FINAL_RESET_RUNNER_050,pair_final_reset_runner,2021-01,4,61.09626,11.849138,-24.490269,-35.442227,1521.494972,true,true,EECF11C1D545FAC0B3B5B7AB15BA0B264C6CCD4315A3BC40E6B795543700E8B3
PAIR_TWO_SIDED_GRID_T125_S020_L3_FINAL_RESET_RUNNER_050,pair_final_reset_runner,2021-02,4,161.892479,56.105084,71.296831,37.628341,1683.387451,true,true,EB4942059715AC1425EF63C54E59A1C4015DB0841D03D3F8D1520DA0839CE723
PAIR_TWO_SIDED_GRID_T125_S020_L3_FINAL_RESET_RUNNER_050,pair_final_reset_runner,2021-03,5,78.522807,106.439061,139.065651,76.648337,1761.910258,true,true,76D1B985CA170F220A6025F3B9C13C024D1598EC0C579531C750C9A842664CBA
PAIR_TWO_SIDED_GRID_T125_S020_L3_FINAL_RESET_RUNNER_050,pair_final_reset_runner,2021-04,4,23.223865,33.478506,76.932649,66.393696,1785.134123,true,true,1B85161BBACF1B93678C1FC41EA25D024F299A113F7B93170601C34A85C4CA97
PAIR_TWO_SIDED_GRID_T125_S020_L3_FINAL_RESET_RUNNER_050,pair_final_reset_runner,2021-05,5,-21.22562,44.410736,-3.330628,-24.327919,1763.908503,false,true,0A4B3A4B81A8C7F452374A8843AE7530B564D12B207C422C0195D38AC27859D3
PAIR_TWO_SIDED_GRID_T125_S020_L3_FINAL_RESET_RUNNER_050,pair_final_reset_runner,2021-06,4,98.42454,-23.053776,39.780439,-59.166915,1862.333043,true,false,C7858D02F5B6B58779A10C4F6979D957DA038141424CA2384F86C09654528C3E
PAIR_TWO_SIDED_GRID_T125_S020_L3_FINAL_RESET_RUNNER_050,pair_final_reset_runner,2021-07,4,0.978833,70.383297,93.645027,52.831192,1863.311876,true,true,0D8E88A3DA9FB9ECF81EE0C7FAC091D275EC858127A04B4A87F057BB61A0FF46
PAIR_TWO_SIDED_GRID_T125_S020_L3_FINAL_RESET_RUNNER_050,pair_final_reset_runner,2021-08,5,63.686068,156.791034,-41.80353,-82.918749,1926.997944,true,true,34D4CD67784C69849746FB400826CE0AC044D5C0F7CAC5F08F3BD36C550B0667
PAIR_TWO_SIDED_GRID_T125_S020_L3_FINAL_RESET_RUNNER_050,pair_final_reset_runner,2021-09,4,55.931829,13.722667,-43.070221,-75.259651,1982.929773,true,true,9ADD444F8D2E6837A08598C9721495869F6513C181FAEFB38DED53EDBBC04705
PAIR_TWO_SIDED_GRID_T125_S020_L3_FINAL_RESET_RUNNER_050,pair_final_reset_runner,2021-10,5,79.061407,88.694737,-20.143502,-59.254498,2061.99118,true,true,48B20E92F06A95E8252DF30864213449E1168452DE397233EBABE856C8FDAD89
PAIR_TWO_SIDED_GRID_T125_S020_L3_FINAL_RESET_RUNNER_050,pair_final_reset_runner,2021-11,4,4.372698,-4.723875,-2.289474,-23.933252,2066.363878,true,false,E837601038BF41FF69E711004FACAEC0C860A1D10B00A9D73A9D01990AFE30F7
PAIR_TWO_SIDED_GRID_T125_S020_L3_FINAL_RESET_RUNNER_050,pair_final_reset_runner,2021-12,4,106.315192,41.21121,55.614026,43.63795,2172.67907,true,true,7B4788A3D48F9D02B4423DD2F31CE9010DA8C84FA5CD6572E941E5093109E400
PAIR_TWO_SIDED_GRID_T125_S020_L3_FINAL_RESET_RUNNER_050,pair_final_reset_runner,2022-01,5,132.643096,106.968502,53.81362,-13.683781,2305.322166,true,true,C52EE02BE497D82F72F50AAC98B18E19F9AC3677401CA33C10A13CDD1ACF02C0
PAIR_TWO_SIDED_GRID_T125_S020_L3_FINAL_RESET_RUNNER_050,pair_final_reset_runner,2022-02,4,-24.941481,64.245425,53.144159,2.990301,2280.380685,false,true,954465C0FA528E9742198C85ACE1411009E995FB88F9F782276407176034720E
PAIR_TWO_SIDED_GRID_T125_S020_L3_FINAL_RESET_RUNNER_050,pair_final_reset_runner,2022-03,4,44.778426,105.465963,-15.421859,-132.391048,2325.159111,true,true,EF4B6C5A8E77D6F290A1375FF0D136E118375E5B7117B5F075261021AF94AC26
PAIR_TWO_SIDED_GRID_T125_S020_L3_FINAL_RESET_RUNNER_050,pair_final_reset_runner,2022-04,4,92.088312,158.750409,-34.163646,-124.359333,2417.247423,true,true,302F0743148DA5644FD6C642C64050874EBD1E8BF59F92E758F21EEAFF783AED
PAIR_TWO_SIDED_GRID_T125_S020_L3_FINAL_RESET_RUNNER_050,pair_final_reset_runner,2022-05,5,193.430528,68.833301,-143.87232,-323.650166,2610.677951,true,true,D93E5942129A7094A7AFA01268B35597299E26904F3FAFAA3C763748FB78819E
PAIR_TWO_SIDED_GRID_T125_S020_L3_FINAL_RESET_RUNNER_050,pair_final_reset_runner,2022-06,4,13.504237,-10.738065,41.071294,24.480196,2624.182188,true,false,8D6BFE86046750BC7821F1B07D68641EB150AB4101E14CC0DE16275465292645
PAIR_TWO_SIDED_GRID_T125_S020_L3_FINAL_RESET_RUNNER_050,pair_final_reset_runner,2022-07,5,-51.984333,-3.531955,-12.819638,-37.593126,2572.197855,false,false,7D17523D78840941768DDA5FA59423B61646C9EBDB1F076096B6E3D006FA85B5
PAIR_TWO_SIDED_GRID_T125_S020_L3_FINAL_RESET_RUNNER_050,pair_final_reset_runner,2022-08,4,23.010211,-4.637156,-29.625809,-66.58666,2595.208066,true,false,1A6050A1733B574BD968964CCAE46E77BC4CE1D54213F153B3E0A912A514FB16
PAIR_TWO_SIDED_GRID_T125_S020_L3_FINAL_RESET_RUNNER_050,pair_final_reset_runner,2022-09,4,161.61729,89.702579,49.70833,10.234281,2756.825356,true,true,A79E005A3F7E71B1D851431B708A30D3F92F6202E91502B0AB38976C58BCABA2
PAIR_TWO_SIDED_GRID_T125_S020_L3_FINAL_RESET_RUNNER_050,pair_final_reset_runner,2022-10,5,55.431603,94.228329,72.312878,36.79317,2812.256959,true,true,6CD26FC20D5638C67B463B0B9B4572B3FD4FBD5558735050BF8F2F8267F23DE9
PAIR_TWO_SIDED_GRID_T125_S020_L3_FINAL_RESET_RUNNER_050,pair_final_reset_runner,2022-11,4,-10.821929,184.231982,-18.400421,-158.260741,2801.43503,false,true,D8CB011230B62C45D9BAF656A15A6A88C04AA62EA074D8735611CBFC0BD18F83
PAIR_TWO_SIDED_GRID_T125_S020_L3_FINAL_RESET_RUNNER_050,pair_final_reset_runner,2022-12,4,139.999532,-8.140939,-15.188848,-85.005306,2941.434562,true,false,D6EBB9359C7279942B323DACDA801D6E359E06C96F35F6F3E4FADD4AE48CFF09
PAIR_TWO_SIDED_GRID_T125_S020_L3_FINAL_RESET_RUNNER_050,pair_final_reset_runner,2023-01,5,79.220821,63.936526,19.691235,-1.006134,3020.655383,true,true,98ACCDD92F86F476F42107E0C08D2D2D6AA4AFA285EDCE0B74E6CC85D3C0864F
PAIR_TWO_SIDED_GRID_T125_S020_L3_FINAL_RESET_RUNNER_050,pair_final_reset_runner,2023-02,4,-4.696065,9.118616,-4.453302,-26.10484,3015.959318,false,true,809E8851592EC90D4A6E47EF6B24920F8721DD30D34FC9929BECCE4015E824CB
PAIR_TWO_SIDED_GRID_T125_S020_L3_FINAL_RESET_RUNNER_050,pair_final_reset_runner,2023-03,4,110.98488,79.627341,39.782627,22.706883,3126.944198,true,true,0F2EFBCA68EDE612272F48ED07E2D9F8A42922A6C9E977F100E63AFD4E0E1CEE
PAIR_TWO_SIDED_GRID_T125_S020_L3_FINAL_RESET_RUNNER_050,pair_final_reset_runner,2023-04,5,32.692511,69.109476,-1.893595,-48.129725,3159.636709,true,true,1E27801B32DB73DF749773287D2723F93104B6CF1D9D5DED803921963914C8F4
PAIR_TWO_SIDED_GRID_T125_S020_L3_FINAL_RESET_RUNNER_050,pair_final_reset_runner,2023-05,4,43.882422,123.405942,-61.486297,-109.294412,3203.519131,true,true,079051054E40B49839BF674538A8D0F0BE3D956A012CDEE80B7153DDCA14A971
PAIR_TWO_SIDED_GRID_T125_S020_L3_FINAL_RESET_RUNNER_050,pair_final_reset_runner,2023-06,4,-243.13023,21.784313,-236.743898,-358.148145,2960.388901,false,true,46D752690D48806D54686B0910AFCCDB3584FD6956CD677BE0F7A22ADD94869C
PAIR_TWO_SIDED_GRID_T125_S020_L3_FINAL_RESET_RUNNER_050,pair_final_reset_runner,2023-07,5,16.648276,-166.676235,-156.236198,-246.50382,2977.037177,true,false,59972736764E786711439594717DD97B9FB734E9D8FBF594D131BC5C06C30E26
PAIR_TWO_SIDED_GRID_T125_S020_L3_FINAL_RESET_RUNNER_050,pair_final_reset_runner,2023-08,4,26.833562,12.359161,-223.282584,-246.712152,3003.870739,true,true,C51A914A7FFE306210006B8FFCD792FA9AE00A42F2DD317B6D46BCA5F0EAD424
PAIR_TWO_SIDED_GRID_T125_S020_L3_FINAL_RESET_RUNNER_050,pair_final_reset_runner,2023-09,4,17.810272,38.735607,-149.407484,-201.384824,3021.681011,true,true,924E1D60FCAA3E532A38E795ADE8F2E934F19F8F780E2AFCE6E3BF773196EB9A
PAIR_TWO_SIDED_GRID_T125_S020_L3_FINAL_RESET_RUNNER_050,pair_final_reset_runner,2023-10,5,128.983376,33.400458,-107.525828,-170.365501,3150.664387,true,true,AED02934B1AAE3B7040AE4F6C6DB70993A96F2ADE2E499AF3C4EB81F361402DF
PAIR_TWO_SIDED_GRID_T125_S020_L3_FINAL_RESET_RUNNER_050,pair_final_reset_runner,2023-11,4,112.812016,40.299222,-61.65466,-105.026286,3263.476403,true,true,107543B39B0F4808023903477D4C7916FCBCDE4C39B5751BE94B74F33E1330AF
PAIR_TWO_SIDED_GRID_T125_S020_L3_FINAL_RESET_RUNNER_050,pair_final_reset_runner,2023-12,4,108.230447,46.89709,38.732236,11.980558,3371.70685,true,true,DFEA864B3470D0311DE14F9510A1A13130A231AA7893F7995750FDD2890BCEDA
PAIR_TWO_SIDED_GRID_T125_S020_L3_FINAL_RESET_RUNNER_050,pair_final_reset_runner,2024-01,5,-97.161227,114.559981,-76.486165,-163.566707,3274.545623,false,true,A9943765DCF417B480DEFC73D202E2E610E70ADE0955971B11A92009554AC625
PAIR_TWO_SIDED_GRID_T125_S020_L3_FINAL_RESET_RUNNER_050,pair_final_reset_runner,2024-02,4,-2.128636,10.877347,-196.103314,-206.300851,3272.416987,false,true,9231298333806E4AB50FF2372AE31DBAAFD89824542A70175FF29E1BA2BFE7D9
PAIR_TWO_SIDED_GRID_T125_S020_L3_FINAL_RESET_RUNNER_050,pair_final_reset_runner,2024-03,5,20.353473,19.326657,-174.431829,-204.613246,3292.77046,true,true,BF52F7F61CF7D0426C0DD0DF03DCC6AF15F5B1D21894D9D3FFD9067CD8AD0863
PAIR_TWO_SIDED_GRID_T125_S020_L3_FINAL_RESET_RUNNER_050,pair_final_reset_runner,2024-04,4,46.051327,37.328325,-192.217671,-227.034229,3338.821787,true,true,E510910268D3A3E730B302F8556008D2A2EAA20CA24448D43485186179A60D71
PAIR_TWO_SIDED_GRID_T125_S020_L3_FINAL_RESET_RUNNER_050,pair_final_reset_runner,2024-05,4,-80.04635,7.039129,-246.562618,-293.899605,3258.775437,false,true,AE87AE9D3E8552F10F6924A3EFF4F484C38092356A9F1F8A23816C9CA273FC2B
PAIR_TWO_SIDED_GRID_T125_S020_L3_FINAL_RESET_RUNNER_050,pair_final_reset_runner,2024-06,5,-29.65021,86.513055,-285.820388,-370.071616,3229.125227,false,true,9271772EE607991C245F2EB846515AF5555EA04FD976516CAE1127CC93DA1326
PAIR_TWO_SIDED_GRID_T125_S020_L3_FINAL_RESET_RUNNER_050,pair_final_reset_runner,2024-07,4,390.557413,43.056327,-220.596807,-395.248038,3619.68264,true,true,E9D3F51DCD2B8865BF883408B1A90EC8B1673C8AA4DD3B049D9A4115D216417D
PAIR_TWO_SIDED_GRID_T125_S020_L3_FINAL_RESET_RUNNER_050,pair_final_reset_runner,2024-08,4,43.249638,2.025332,35.411409,18.653776,3662.932278,true,true,DCBBF9C956986BC5883FF268974C381E7CF16321AA7F0CF2E5468AA53714CA6C
PAIR_TWO_SIDED_GRID_T125_S020_L3_FINAL_RESET_RUNNER_050,pair_final_reset_runner,2024-09,5,-48.767807,11.570783,-15.310703,-41.684814,3614.164471,false,true,F9609C7F2BD302AB23DAE93DCDB3D1E16B7D161A93FAD269B30AAC11887FF5D9
PAIR_TWO_SIDED_GRID_T125_S020_L3_FINAL_RESET_RUNNER_050,pair_final_reset_runner,2024-10,4,29.723331,18.543037,-38.488268,-58.810428,3643.887802,true,true,8C23103D3520B38460EDFEE139339349BBCA43747D85C01F821E04B4FE734FC5
PAIR_TWO_SIDED_GRID_T125_S020_L3_FINAL_RESET_RUNNER_050,pair_final_reset_runner,2024-11,4,44.139668,33.284871,-33.683072,-48.453199,3688.02747,true,true,B268095ED2EF186E01E53D21A23BB62BC88332C397F904380DEFF15BD64D3BE4
PAIR_TWO_SIDED_GRID_T125_S020_L3_FINAL_RESET_RUNNER_050,pair_final_reset_runner,2024-12,5,60.887504,84.50645,-32.154991,-43.268669,3748.914974,true,true,F2EA1914E9E7D2386B4242516482DAE437B1AB37D208DBBE64CC15DA48ADBB34
PAIR_TWO_SIDED_GRID_T125_S020_L3_FINAL_RESET_RUNNER_050,pair_final_reset_runner,2025-01,4,48.057189,39.465332,-23.994032,-34.676812,3796.972163,true,true,82E5E8E3AE1912E29CF49969D5DFB56C23411227BB2EE2C7B7677089A1E08B89
PAIR_TWO_SIDED_GRID_T125_S020_L3_FINAL_RESET_RUNNER_050,pair_final_reset_runner,2025-02,4,-20.553449,22.754752,-90.676253,-135.327645,3776.418714,false,true,EE6E12A441C147A61D36D3D9B1F66E62FC3140BD1DB87AD9977D95315238470B
PAIR_TWO_SIDED_GRID_T125_S020_L3_FINAL_RESET_RUNNER_050,pair_final_reset_runner,2025-03,5,173.135946,70.713506,-20.569084,-48.835493,3949.55466,true,true,83986E12069248396B53FBD06EE281ABA61D9D74F8F828809110BAD5E0EDB849
PAIR_TWO_SIDED_GRID_T125_S020_L3_FINAL_RESET_RUNNER_050,pair_final_reset_runner,2025-04,4,114.494558,26.254376,154.493449,106.333917,4064.049218,true,true,3C80568C0F944DD15FE708D34E8F22110E72D45BD47EC4B0989E35CD639E1160
PAIR_TWO_SIDED_GRID_T125_S020_L3_FINAL_RESET_RUNNER_050,pair_final_reset_runner,2025-05,4,27.656752,16.211827,76.186194,17.133628,4091.70597,true,true,DB5875B165B7381B2559358632837BF70038D7511B0441BDF1AB03DD500AB1F8
PAIR_TWO_SIDED_GRID_T125_S020_L3_FINAL_RESET_RUNNER_050,pair_final_reset_runner,2025-06,5,-34.594132,185.752255,20.783721,-100.747507,4057.111838,false,true,F8F5CA497B4EC935B21F3BBE442528F28C1B176AD45B4A954278749E2890FF11
PAIR_TWO_SIDED_GRID_T125_S020_L3_FINAL_RESET_RUNNER_050,pair_final_reset_runner,2025-07,4,-32.824766,-113.57799,-61.370925,-107.881745,4024.287072,false,false,24FABCB7FF497242C50268F29966F3453DD20D8FEF73F641D7FF95018814BB66
PAIR_TWO_SIDED_GRID_T125_S020_L3_FINAL_RESET_RUNNER_050,pair_final_reset_runner,2025-08,5,79.883179,113.815619,-14.256192,-49.403069,4104.170251,true,true,AB42AC9A0E7ADB3A2BA605DA2AD261D3925B67095BE746256C83A7D812549206
PAIR_TWO_SIDED_GRID_T125_S020_L3_FINAL_RESET_RUNNER_050,pair_final_reset_runner,2025-09,4,-245.463115,4.864077,-252.395743,-342.192025,3858.707136,false,true,C6B9E031223DFF934C08F253071F53E254464F5B480CBDD884C0EF2A854D8A8B
PAIR_TWO_SIDED_GRID_T125_S020_L3_FINAL_RESET_RUNNER_050,pair_final_reset_runner,2025-10,4,-271.602056,46.254933,-430.154912,-617.58725,3587.10508,false,true,176E12BDAC8024F992725763D8E010F688D71E0232FF88F23D61EECE6A9DD1C1
PAIR_TWO_SIDED_GRID_T125_S020_L3_FINAL_RESET_RUNNER_050,pair_final_reset_runner,2025-11,4,84.130081,125.542288,-763.631148,-810.661029,3671.235161,true,true,5E288DB745AD7A98B3AC1EC2A17AF0263BABFA0D4E2E39EA10721E27CF2CE2B6
PAIR_TWO_SIDED_GRID_T125_S020_L3_FINAL_RESET_RUNNER_050,pair_final_reset_runner,2025-12,5,-516.363174,-5.229774,-913.719797,-1170.132857,3154.871987,false,false,8E4946CAA31749AAEA21DA527AA825179B6B9DAD00BA5FE47ADFBD8EC2470AB5
PAIR_TWO_SIDED_GRID_T125_S020_L3_FINAL_RESET_RUNNER_050,pair_final_reset_runner,2026-01,4,-169.712246,31.214141,-1366.427898,-1411.80046,2985.159741,false,true,B61FBD7D9F1FF61298ECAEA7BA484F67F1C26F3EBB13C2E7E3A37F8F8D04093E
PAIR_TWO_SIDED_GRID_T125_S020_L3_FINAL_RESET_RUNNER_050,pair_final_reset_runner,2026-02,4,-1521.447963,11.386951,-2337.38478,-2903.894158,1463.711778,false,true,37CC2B8747EDF43BF4AF07978349B03CE01997F08623669D4F267FA9AAF2B6D9
PAIR_TWO_SIDED_GRID_T125_S020_L3_FINAL_RESET_RUNNER_050,pair_final_reset_runner,2026-03,5,-903.767497,-651.992409,-2759.420327,-3155.669246,559.944281,false,false,52A96CC8F796B0B03EF4391A06A156721FA59510C8F8038B0F33D77F07F1C924
PAIR_TWO_SIDED_GRID_T125_S020_L3_FINAL_RESET_RUNNER_050,pair_final_reset_runner,2026-04,4,-425.571135,-50.273129,-3362.127442,-3530.967252,134.373146,false,false,A680022267EC5CA358F73E49284A69588B262A4510964428B67E03500A200102
PAIR_TWO_SIDED_GRID_T125_S020_L3_FINAL_RESET_RUNNER_050,pair_final_reset_runner,2026-05,5,275.247473,58.822942,-3291.379922,-3772.354008,409.620619,true,true,742A7074F3DF40D03BE31EA56BE15F5973F894B6610C761066C94FD1ADA4AE1B
PAIR_TWO_SIDED_GRID_T100_S020_STOP_AFTER_3_PAIR_RESETS_WEEK_ACCOUNT_EMERGENCY_SL_3ADR,account_emergency_sl_reference,2019-04,3,-10.132246,-10.132246,0,0,-10.132246,false,false,9698891CEAAB9E543590E6BEB70009EED78EB25B3D79C81980FC0BF5C27A384F
PAIR_TWO_SIDED_GRID_T100_S020_STOP_AFTER_3_PAIR_RESETS_WEEK_ACCOUNT_EMERGENCY_SL_3ADR,account_emergency_sl_reference,2019-05,4,-14.54834,-14.54834,0,0,-24.680586,false,false,78615782F72AF179DFE9B96577F1BDD10BAA73ABC9E787A768DAC5261A7104E8
PAIR_TWO_SIDED_GRID_T100_S020_STOP_AFTER_3_PAIR_RESETS_WEEK_ACCOUNT_EMERGENCY_SL_3ADR,account_emergency_sl_reference,2019-06,5,-16.7957,-16.7957,0,0,-41.476286,false,false,ACC0DD165CDCE772CD50543B97E00D27DE63B353E98663F2BB2D2388C3475E28
PAIR_TWO_SIDED_GRID_T100_S020_STOP_AFTER_3_PAIR_RESETS_WEEK_ACCOUNT_EMERGENCY_SL_3ADR,account_emergency_sl_reference,2019-07,4,-12.808905,-12.808905,0,0,-54.285191,false,false,D4F200A487ACF23DECB722AAF02778C976E4E98F4F19C42F9D4FE784B52B04B4
PAIR_TWO_SIDED_GRID_T100_S020_STOP_AFTER_3_PAIR_RESETS_WEEK_ACCOUNT_EMERGENCY_SL_3ADR,account_emergency_sl_reference,2019-08,4,-13.996253,-13.996253,0,0,-68.281444,false,false,C285F0BC669ED223701260180DAEBCD7636C6934287E82935E2090E24FE16D98
PAIR_TWO_SIDED_GRID_T100_S020_STOP_AFTER_3_PAIR_RESETS_WEEK_ACCOUNT_EMERGENCY_SL_3ADR,account_emergency_sl_reference,2019-09,5,69.37305,69.37305,-5.344957,-26.724783,1.091606,true,true,002960F1A810802E3BC5A2C2089262CCCF2CA6C3EA3F2D3987313ADE7DAD3F7F
PAIR_TWO_SIDED_GRID_T100_S020_STOP_AFTER_3_PAIR_RESETS_WEEK_ACCOUNT_EMERGENCY_SL_3ADR,account_emergency_sl_reference,2019-10,4,-13.975144,-13.975144,0,0,-12.883538,false,false,D749E1A65D9284BF36D035F0FFF6C47CA5020222DE4012BEAA65D23FA28053C1
PAIR_TWO_SIDED_GRID_T100_S020_STOP_AFTER_3_PAIR_RESETS_WEEK_ACCOUNT_EMERGENCY_SL_3ADR,account_emergency_sl_reference,2019-11,4,-12.71652,-12.71652,0,0,-25.600058,false,false,156A68D7B0D5C577E52B8E072890AC4221016BBDF8577C8635FB9702A83D2358
PAIR_TWO_SIDED_GRID_T100_S020_STOP_AFTER_3_PAIR_RESETS_WEEK_ACCOUNT_EMERGENCY_SL_3ADR,account_emergency_sl_reference,2019-12,5,115.623889,115.623889,-8.59442,-29.398539,90.023831,true,true,BCC8CCD450EFA36C2D01F2579C50E0E9652ABD9C63A45DA1D6093284B9199452
PAIR_TWO_SIDED_GRID_T100_S020_STOP_AFTER_3_PAIR_RESETS_WEEK_ACCOUNT_EMERGENCY_SL_3ADR,account_emergency_sl_reference,2020-01,4,30.811672,30.811672,-9.551667,-38.206669,120.835503,true,true,7ABFE20E28C8F5F198A22383A2611A599BF2CC1B7D449129D7D650E1436A75BD
PAIR_TWO_SIDED_GRID_T100_S020_STOP_AFTER_3_PAIR_RESETS_WEEK_ACCOUNT_EMERGENCY_SL_3ADR,account_emergency_sl_reference,2020-02,4,-15.471879,-15.471879,0,0,105.363624,false,false,970F4E8A6E08ABC2BDD8292DB60CE4794103E39C65707E991BE664C9759DCDD5
PAIR_TWO_SIDED_GRID_T100_S020_STOP_AFTER_3_PAIR_RESETS_WEEK_ACCOUNT_EMERGENCY_SL_3ADR,account_emergency_sl_reference,2020-03,5,-27.546658,-27.546658,0,0,77.816966,false,false,C62C556D60D15E565C09314AD8791E1D24E0B61AE7190FA4C5B773ABB720D854
PAIR_TWO_SIDED_GRID_T100_S020_STOP_AFTER_3_PAIR_RESETS_WEEK_ACCOUNT_EMERGENCY_SL_3ADR,account_emergency_sl_reference,2020-04,4,-13.564574,-13.564574,0,0,64.252392,false,false,C5149BB030872BC4F937E27FF0A94E17F95BBA91C48AC12005CB477685300FC7
PAIR_TWO_SIDED_GRID_T100_S020_STOP_AFTER_3_PAIR_RESETS_WEEK_ACCOUNT_EMERGENCY_SL_3ADR,account_emergency_sl_reference,2020-05,5,64.990875,64.990875,-0.352993,-1.764963,129.243267,true,true,8F7B0E55D06F98B97AFD4FE692358D392AEAFD643634F2CC18B25C467612003B
PAIR_TWO_SIDED_GRID_T100_S020_STOP_AFTER_3_PAIR_RESETS_WEEK_ACCOUNT_EMERGENCY_SL_3ADR,account_emergency_sl_reference,2020-06,4,-13.349936,-13.349936,0,0,115.893331,false,false,9919B8DB963DA676CFAEE2AA51309920D7CB1DB043AA6231483BA6B71542DE44
PAIR_TWO_SIDED_GRID_T100_S020_STOP_AFTER_3_PAIR_RESETS_WEEK_ACCOUNT_EMERGENCY_SL_3ADR,account_emergency_sl_reference,2020-07,4,-12.228208,-12.228208,0,0,103.665123,false,false,7F322099289EE975B968229CA0AFC74D9CD4FFC4A729E0630AEE8CA064163A75
PAIR_TWO_SIDED_GRID_T100_S020_STOP_AFTER_3_PAIR_RESETS_WEEK_ACCOUNT_EMERGENCY_SL_3ADR,account_emergency_sl_reference,2020-08,5,-16.662573,-16.662573,0,0,87.00255,false,false,A4D6DFA18AA62F54694016A2780DF9562C9A110FD1922220FECF44AC69E93852
PAIR_TWO_SIDED_GRID_T100_S020_STOP_AFTER_3_PAIR_RESETS_WEEK_ACCOUNT_EMERGENCY_SL_3ADR,account_emergency_sl_reference,2020-09,4,-12.74208,-12.74208,0,0,74.26047,false,false,C054DFE9C34F86BF011379324A4EB7F61061227BCC599F0CE590BCECA8BA7418
PAIR_TWO_SIDED_GRID_T100_S020_STOP_AFTER_3_PAIR_RESETS_WEEK_ACCOUNT_EMERGENCY_SL_3ADR,account_emergency_sl_reference,2020-10,4,-13.740772,-13.740772,0,0,60.519698,false,false,F4A6AEC46F543257B91B835F8F7A01FCE226E479CE48A8EEC813352B44F7F6F3
PAIR_TWO_SIDED_GRID_T100_S020_STOP_AFTER_3_PAIR_RESETS_WEEK_ACCOUNT_EMERGENCY_SL_3ADR,account_emergency_sl_reference,2020-11,5,26.407738,26.407738,-8.109012,-40.545058,86.927436,true,true,2C2F8CF6DE524FA4E95DB87172DA2FDB2B3F18639D3ECADA5E890D62B819277E
PAIR_TWO_SIDED_GRID_T100_S020_STOP_AFTER_3_PAIR_RESETS_WEEK_ACCOUNT_EMERGENCY_SL_3ADR,account_emergency_sl_reference,2020-12,4,-13.057109,-13.057109,0,0,73.870327,false,false,B98639E7F34F93A0E9BCB56160124CAE06F362705B26FC46435EA9CD8EA3011F
PAIR_TWO_SIDED_GRID_T100_S020_STOP_AFTER_3_PAIR_RESETS_WEEK_ACCOUNT_EMERGENCY_SL_3ADR,account_emergency_sl_reference,2021-01,4,-12.801267,-12.801267,0,0,61.06906,false,false,1EF5D88223DE3EA3C5502DDB878507C003002972CC4DC975562C5DB2370DD2B0
PAIR_TWO_SIDED_GRID_T100_S020_STOP_AFTER_3_PAIR_RESETS_WEEK_ACCOUNT_EMERGENCY_SL_3ADR,account_emergency_sl_reference,2021-02,4,163.52347,163.52347,-0.911099,-2.25039,224.59253,true,true,C6E423E84767D4791F835F7345B5DDF8647204E0892674C13A95CD695DC070A9
PAIR_TWO_SIDED_GRID_T100_S020_STOP_AFTER_3_PAIR_RESETS_WEEK_ACCOUNT_EMERGENCY_SL_3ADR,account_emergency_sl_reference,2021-03,5,27.580125,27.580125,-8.039351,-40.196754,252.172655,true,true,BD1675D11CB85B3F1B77EC68EA68C12AAB8E1BAE20DEED8B44ED8CD4FC90A93F
PAIR_TWO_SIDED_GRID_T100_S020_STOP_AFTER_3_PAIR_RESETS_WEEK_ACCOUNT_EMERGENCY_SL_3ADR,account_emergency_sl_reference,2021-04,4,-12.483848,-12.483848,0,0,239.688807,false,false,6C3D3E72C3C77655D3BFC25A32FB751BD5C34B5B13321F0DC60BC5569FDBC6CB
PAIR_TWO_SIDED_GRID_T100_S020_STOP_AFTER_3_PAIR_RESETS_WEEK_ACCOUNT_EMERGENCY_SL_3ADR,account_emergency_sl_reference,2021-05,5,-16.233359,-16.233359,0,0,223.455448,false,false,D69348D9B76E8807711143B50F855117D1E8827BF6FD8E7ABA899E0274B8AC84
PAIR_TWO_SIDED_GRID_T100_S020_STOP_AFTER_3_PAIR_RESETS_WEEK_ACCOUNT_EMERGENCY_SL_3ADR,account_emergency_sl_reference,2021-06,4,63.192984,66.618521,-0.856384,-3.425537,286.648432,true,true,965AE8A0511E38B1AA4CB4AE8E53818D01153BF533B483660CA8A2C81C2705B7
PAIR_TWO_SIDED_GRID_T100_S020_STOP_AFTER_3_PAIR_RESETS_WEEK_ACCOUNT_EMERGENCY_SL_3ADR,account_emergency_sl_reference,2021-07,4,-9.315859,-12.741396,0,0,277.332573,false,false,88E7AB8F210C5901E81C691E2AD59521176EFB8504851E232553354CC6A033C0
PAIR_TWO_SIDED_GRID_T100_S020_STOP_AFTER_3_PAIR_RESETS_WEEK_ACCOUNT_EMERGENCY_SL_3ADR,account_emergency_sl_reference,2021-08,5,15.06636,15.06636,-5.657516,-28.287578,292.398933,true,true,3921A5495BF4BA5F1528F8733EF0C63E59CBDC51CBB7BA12FC69656DF81557B5
PAIR_TWO_SIDED_GRID_T100_S020_STOP_AFTER_3_PAIR_RESETS_WEEK_ACCOUNT_EMERGENCY_SL_3ADR,account_emergency_sl_reference,2021-09,4,-15.782126,-15.782126,0,0,276.616807,false,false,916637A8DEFD432C88F83AC7E132D4DA515B1BE477768C697D33A8E549F04D75
PAIR_TWO_SIDED_GRID_T100_S020_STOP_AFTER_3_PAIR_RESETS_WEEK_ACCOUNT_EMERGENCY_SL_3ADR,account_emergency_sl_reference,2021-10,5,64.700574,64.700574,-5.636866,-28.184329,341.317381,true,true,2C8EDACEC4004C2ED22039106EC0E18D66220D795EF3267559F785C0C18E8A61
PAIR_TWO_SIDED_GRID_T100_S020_STOP_AFTER_3_PAIR_RESETS_WEEK_ACCOUNT_EMERGENCY_SL_3ADR,account_emergency_sl_reference,2021-11,4,-13.182412,-13.182412,0,0,328.134969,false,false,CA2EA645071F8A6DE1ACBB2914481D9FA1FA920548FE3F5B21876198EC55EA6D
PAIR_TWO_SIDED_GRID_T100_S020_STOP_AFTER_3_PAIR_RESETS_WEEK_ACCOUNT_EMERGENCY_SL_3ADR,account_emergency_sl_reference,2021-12,4,2.475347,53.371427,-12.72402,-50.89608,330.610316,true,true,0455AEAB7518A43CC07BCB3245533FB147F5F904C3FA6C2B8B97E4A4D2782763
PAIR_TWO_SIDED_GRID_T100_S020_STOP_AFTER_3_PAIR_RESETS_WEEK_ACCOUNT_EMERGENCY_SL_3ADR,account_emergency_sl_reference,2022-01,5,-1.13984,-52.03592,0,0,329.470476,false,false,30B0C29BDD0C3DC6B5274EDA2F064AD009354EF9012E157E93B98F3AD4B1F406
PAIR_TWO_SIDED_GRID_T100_S020_STOP_AFTER_3_PAIR_RESETS_WEEK_ACCOUNT_EMERGENCY_SL_3ADR,account_emergency_sl_reference,2022-02,4,-13.565703,-13.565703,0,0,315.904773,false,false,AED2D6B5BBB690222580506BA57D27CD9A383E24B97F5BD052C3F0E688B59FD9
PAIR_TWO_SIDED_GRID_T100_S020_STOP_AFTER_3_PAIR_RESETS_WEEK_ACCOUNT_EMERGENCY_SL_3ADR,account_emergency_sl_reference,2022-03,4,95.348984,125.78737,-16.219878,-34.441128,411.253757,true,true,1B0DFD899784AF0F8F9059A792178C86EB18162A7541339FA4471EBFBBFAF20A
PAIR_TWO_SIDED_GRID_T100_S020_STOP_AFTER_3_PAIR_RESETS_WEEK_ACCOUNT_EMERGENCY_SL_3ADR,account_emergency_sl_reference,2022-04,4,-17.439204,-47.87759,0,0,393.814553,false,false,F035FD8AD501A1ABDFA67D0E0D09A50652AF126F024687BCCB705F656C48A653
PAIR_TWO_SIDED_GRID_T100_S020_STOP_AFTER_3_PAIR_RESETS_WEEK_ACCOUNT_EMERGENCY_SL_3ADR,account_emergency_sl_reference,2022-05,5,-17.133488,-17.133488,0,0,376.681065,false,false,E1F78494EEBF5277E285C66450219A889AE8242084A778457C80AC0CF98151A3
PAIR_TWO_SIDED_GRID_T100_S020_STOP_AFTER_3_PAIR_RESETS_WEEK_ACCOUNT_EMERGENCY_SL_3ADR,account_emergency_sl_reference,2022-06,4,42.192784,42.192784,-5.87049,-23.481961,418.873849,true,true,C03843D572B8EAC80CBC0380239BBA14ACA17716BD99CA6C340D2DFB7BE83B7D
PAIR_TWO_SIDED_GRID_T100_S020_STOP_AFTER_3_PAIR_RESETS_WEEK_ACCOUNT_EMERGENCY_SL_3ADR,account_emergency_sl_reference,2022-07,5,-17.526413,-17.526413,0,0,401.347436,false,false,EB34881339C691FACF52CADFED7BE666F1E0603A824EC304F587A8FD98690A28
PAIR_TWO_SIDED_GRID_T100_S020_STOP_AFTER_3_PAIR_RESETS_WEEK_ACCOUNT_EMERGENCY_SL_3ADR,account_emergency_sl_reference,2022-08,4,-14.152385,-14.152385,0,0,387.195051,false,false,AA5EC0DA1405B314FD726C3DB3A44814C3FE11B6A0726AD70FC4E809DEB0B9A2
PAIR_TWO_SIDED_GRID_T100_S020_STOP_AFTER_3_PAIR_RESETS_WEEK_ACCOUNT_EMERGENCY_SL_3ADR,account_emergency_sl_reference,2022-09,4,-15.352856,-15.352856,0,0,371.842195,false,false,87ABBD580E9A3DB903915EC7723C818EA110B77C401362FD22115121B8C4EF9F
PAIR_TWO_SIDED_GRID_T100_S020_STOP_AFTER_3_PAIR_RESETS_WEEK_ACCOUNT_EMERGENCY_SL_3ADR,account_emergency_sl_reference,2022-10,5,14.018484,14.018484,-10.457125,-52.285623,385.860679,true,true,93F9E300287A2D2F96F671F87630EB868CA04ABBCCD3D9D1BED10DD5E0008CBC
PAIR_TWO_SIDED_GRID_T100_S020_STOP_AFTER_3_PAIR_RESETS_WEEK_ACCOUNT_EMERGENCY_SL_3ADR,account_emergency_sl_reference,2022-11,4,-18.082704,-18.082704,0,0,367.777975,false,false,8A3FDC433CB4D3CEAFA16A74B05000E60A91A669C76A816CDC9CD15C24AEF3D2
PAIR_TWO_SIDED_GRID_T100_S020_STOP_AFTER_3_PAIR_RESETS_WEEK_ACCOUNT_EMERGENCY_SL_3ADR,account_emergency_sl_reference,2022-12,4,-12.458387,-12.458387,0,0,355.319588,false,false,E5C273DF1FC23A8DD2EC512F0C207461EE6F19E59CF7BB518D26BC41383B97E8
PAIR_TWO_SIDED_GRID_T100_S020_STOP_AFTER_3_PAIR_RESETS_WEEK_ACCOUNT_EMERGENCY_SL_3ADR,account_emergency_sl_reference,2023-01,5,-15.662704,-15.662704,0,0,339.656884,false,false,48D75D47D8C8B179E6B4C5DB167CF613D25F2A42959BF8CCDE9AB5F30444AAE4
PAIR_TWO_SIDED_GRID_T100_S020_STOP_AFTER_3_PAIR_RESETS_WEEK_ACCOUNT_EMERGENCY_SL_3ADR,account_emergency_sl_reference,2023-02,4,-13.394564,-13.394564,0,0,326.26232,false,false,6BF66915F55A65116FDD2BBDCE68C0278E4D40553E48265A9F070F1B3E930E8C
PAIR_TWO_SIDED_GRID_T100_S020_STOP_AFTER_3_PAIR_RESETS_WEEK_ACCOUNT_EMERGENCY_SL_3ADR,account_emergency_sl_reference,2023-03,4,67.503947,67.503947,-3.626975,-14.5079,393.766267,true,true,D35CB7BE0AB25E9A55E6B34C523E7A6E37215AFCE96930B3E355D343DC8DF986
PAIR_TWO_SIDED_GRID_T100_S020_STOP_AFTER_3_PAIR_RESETS_WEEK_ACCOUNT_EMERGENCY_SL_3ADR,account_emergency_sl_reference,2023-04,5,28.109174,28.109174,-9.916457,-49.582285,421.875441,true,true,46BC23FE13D015FB7DA1F62ACE67B87F15A4FF21EA0E84A0CBF5C4329CE57C48
PAIR_TWO_SIDED_GRID_T100_S020_STOP_AFTER_3_PAIR_RESETS_WEEK_ACCOUNT_EMERGENCY_SL_3ADR,account_emergency_sl_reference,2023-05,4,-14.231435,-14.231435,0,0,407.644006,false,false,A4CF6B5B5CA64D3260BB91473086A21EBF6D21B1AFA0D3991A1E1A1CF2B2539C
PAIR_TWO_SIDED_GRID_T100_S020_STOP_AFTER_3_PAIR_RESETS_WEEK_ACCOUNT_EMERGENCY_SL_3ADR,account_emergency_sl_reference,2023-06,4,-13.932938,-13.932938,0,0,393.711068,false,false,4F8832C2DAD4A06A8BE0B8415369B3F7C4D94B137E2F282EF66245DD11D971F9
PAIR_TWO_SIDED_GRID_T100_S020_STOP_AFTER_3_PAIR_RESETS_WEEK_ACCOUNT_EMERGENCY_SL_3ADR,account_emergency_sl_reference,2023-07,5,68.172739,68.172739,-2.114321,-10.571604,461.883807,true,true,09EB7D967CBDAEC03EEF3EE7BF0F1DEAE1E981387B87FD013FBECD9D90002948
PAIR_TWO_SIDED_GRID_T100_S020_STOP_AFTER_3_PAIR_RESETS_WEEK_ACCOUNT_EMERGENCY_SL_3ADR,account_emergency_sl_reference,2023-08,4,74.989919,78.744322,-0.938601,-3.754403,536.873726,true,true,D279178734822D27C94609BC45A916E5B8545D29C00517B1F345463FDDCD08C5
PAIR_TWO_SIDED_GRID_T100_S020_STOP_AFTER_3_PAIR_RESETS_WEEK_ACCOUNT_EMERGENCY_SL_3ADR,account_emergency_sl_reference,2023-09,4,-8.796428,-12.550831,0,0,528.077298,false,false,7E1E886F14740AE434347123E57D494C5AB733CB6A0810AC0E5B40107A3F4AB0
PAIR_TWO_SIDED_GRID_T100_S020_STOP_AFTER_3_PAIR_RESETS_WEEK_ACCOUNT_EMERGENCY_SL_3ADR,account_emergency_sl_reference,2023-10,5,-16.207007,-16.207007,0,0,511.870291,false,false,6DA185A262E33B62458577C170637AE49E3BAD5521F0BADC81A817E41ECE9899
PAIR_TWO_SIDED_GRID_T100_S020_STOP_AFTER_3_PAIR_RESETS_WEEK_ACCOUNT_EMERGENCY_SL_3ADR,account_emergency_sl_reference,2023-11,4,35.200346,35.200346,-11.190374,-44.761498,547.070637,true,true,E734AFACF22B3954D92B2DDFD04B0208669F01E770A55403DF0CFA9A49F1042A
PAIR_TWO_SIDED_GRID_T100_S020_STOP_AFTER_3_PAIR_RESETS_WEEK_ACCOUNT_EMERGENCY_SL_3ADR,account_emergency_sl_reference,2023-12,4,-12.988002,-12.988002,0,0,534.082635,false,false,E045B8B840D654E0C032B6A84AD4ACFDE220D149BAD406B1BB3ADA4F4DAE01EA
PAIR_TWO_SIDED_GRID_T100_S020_STOP_AFTER_3_PAIR_RESETS_WEEK_ACCOUNT_EMERGENCY_SL_3ADR,account_emergency_sl_reference,2024-01,5,48.627564,70.229735,-4.320434,-21.602171,582.710199,true,true,6EA8EF9385337E17B8089E136A40D4EC0059E65F83A19A4BA2C3CFBEE9A8F707
PAIR_TWO_SIDED_GRID_T100_S020_STOP_AFTER_3_PAIR_RESETS_WEEK_ACCOUNT_EMERGENCY_SL_3ADR,account_emergency_sl_reference,2024-02,4,-13.95717,-35.559341,0,0,568.753029,false,false,F8864F26B977D6C1935819DFBED5A660186EF948B4DAF98A9E222620154417ED
PAIR_TWO_SIDED_GRID_T100_S020_STOP_AFTER_3_PAIR_RESETS_WEEK_ACCOUNT_EMERGENCY_SL_3ADR,account_emergency_sl_reference,2024-03,5,-15.674483,-15.674483,0,0,553.078546,false,false,87B6B4A55301830F0C58A556F32B3E84063D02A086AB3BB5AD33D0F06D9FD200
PAIR_TWO_SIDED_GRID_T100_S020_STOP_AFTER_3_PAIR_RESETS_WEEK_ACCOUNT_EMERGENCY_SL_3ADR,account_emergency_sl_reference,2024-04,4,-36.174017,-36.174017,0,0,516.904529,false,false,75EB882816B8A6D1362ADF7A067E6CF241DC1D3F1BA3E19E9F17E19851EBB466
PAIR_TWO_SIDED_GRID_T100_S020_STOP_AFTER_3_PAIR_RESETS_WEEK_ACCOUNT_EMERGENCY_SL_3ADR,account_emergency_sl_reference,2024-05,4,-13.734293,-13.734293,0,0,503.170236,false,false,225344FD9AA82D16AE7609F9E8C8B2A3FB620B84912935644A8049163FDE6CC4
PAIR_TWO_SIDED_GRID_T100_S020_STOP_AFTER_3_PAIR_RESETS_WEEK_ACCOUNT_EMERGENCY_SL_3ADR,account_emergency_sl_reference,2024-06,5,-16.477081,-16.477081,0,0,486.693155,false,false,6328D1CF106D55364B59DC2D3F6DB92AB70840F8AE93BCC93812DA377C6EAB32
PAIR_TWO_SIDED_GRID_T100_S020_STOP_AFTER_3_PAIR_RESETS_WEEK_ACCOUNT_EMERGENCY_SL_3ADR,account_emergency_sl_reference,2024-07,4,62.598893,62.598893,-3.16829,-12.673161,549.292048,true,true,3702428127D2629A94F6D70EC7D7DEF9CFC5EA142BE45535B33E1FF309B094A4
PAIR_TWO_SIDED_GRID_T100_S020_STOP_AFTER_3_PAIR_RESETS_WEEK_ACCOUNT_EMERGENCY_SL_3ADR,account_emergency_sl_reference,2024-08,4,-12.712114,-12.712114,0,0,536.579934,false,false,81D5151B55F9F81A0E6BF1C274C7DD691B21034FE80F020B5D904AA550325112
PAIR_TWO_SIDED_GRID_T100_S020_STOP_AFTER_3_PAIR_RESETS_WEEK_ACCOUNT_EMERGENCY_SL_3ADR,account_emergency_sl_reference,2024-09,5,-18.18925,-18.18925,0,0,518.390684,false,false,9F55CD617B3D41B29A334A71A5A7F68A39146114AAD83DF7315854F63D63C6FF
PAIR_TWO_SIDED_GRID_T100_S020_STOP_AFTER_3_PAIR_RESETS_WEEK_ACCOUNT_EMERGENCY_SL_3ADR,account_emergency_sl_reference,2024-10,4,-12.661924,-12.661924,0,0,505.72876,false,false,E4210358EFEADD8A14C13D36A250420045E0E721176B854D68AF2D4AE35A0040
PAIR_TWO_SIDED_GRID_T100_S020_STOP_AFTER_3_PAIR_RESETS_WEEK_ACCOUNT_EMERGENCY_SL_3ADR,account_emergency_sl_reference,2024-11,4,-15.87309,-15.87309,0,0,489.85567,false,false,450DE44E4CA657A86EB2D0A22AB4A3E51273BE61F4B665619C3B239A5503B1AE
PAIR_TWO_SIDED_GRID_T100_S020_STOP_AFTER_3_PAIR_RESETS_WEEK_ACCOUNT_EMERGENCY_SL_3ADR,account_emergency_sl_reference,2024-12,5,-15.657551,-15.657551,0,0,474.198119,false,false,EC55CF858574B3DCD923693E39BD82A09864B279CB2C09ECA27D1C5E352FA348
PAIR_TWO_SIDED_GRID_T100_S020_STOP_AFTER_3_PAIR_RESETS_WEEK_ACCOUNT_EMERGENCY_SL_3ADR,account_emergency_sl_reference,2025-01,4,36.085181,36.085181,-9.600768,-38.403071,510.2833,true,true,D5DBD2F6C2C910876D9FF8D525B58221EED0F66A039F4FA2305667FAB2146B20
PAIR_TWO_SIDED_GRID_T100_S020_STOP_AFTER_3_PAIR_RESETS_WEEK_ACCOUNT_EMERGENCY_SL_3ADR,account_emergency_sl_reference,2025-02,4,-13.588235,-13.588235,0,0,496.695065,false,false,F8DA4C8A0E6190AB4ADF604DED2E486103905E866FF4112F0BC5E6082BB33255
PAIR_TWO_SIDED_GRID_T100_S020_STOP_AFTER_3_PAIR_RESETS_WEEK_ACCOUNT_EMERGENCY_SL_3ADR,account_emergency_sl_reference,2025-03,5,-16.331305,-16.331305,0,0,480.36376,false,false,B2D4FE1183649A3E16AB4601E59628C2590C7578D1C5DC5C17673F96A918E597
PAIR_TWO_SIDED_GRID_T100_S020_STOP_AFTER_3_PAIR_RESETS_WEEK_ACCOUNT_EMERGENCY_SL_3ADR,account_emergency_sl_reference,2025-04,4,-13.435284,-13.435284,0,0,466.928476,false,false,A98585ADB1C94F2C2B57C4505B61AA1A172031A65D1B37386367C332586CA08D
PAIR_TWO_SIDED_GRID_T100_S020_STOP_AFTER_3_PAIR_RESETS_WEEK_ACCOUNT_EMERGENCY_SL_3ADR,account_emergency_sl_reference,2025-05,4,-19.15671,-19.15671,0,0,447.771766,false,false,9FC550817DBF3D57F987C14B2E4F19BFA958FE2B7378D1A55920A9C27A070891
PAIR_TWO_SIDED_GRID_T100_S020_STOP_AFTER_3_PAIR_RESETS_WEEK_ACCOUNT_EMERGENCY_SL_3ADR,account_emergency_sl_reference,2025-06,5,31.92699,67.326428,-7.079888,-35.399438,479.698756,true,true,57471B84D8590FE5DFB29AEA5D61F4BCF2799CD09C7727BE5D4B168EBFA420B3
PAIR_TWO_SIDED_GRID_T100_S020_STOP_AFTER_3_PAIR_RESETS_WEEK_ACCOUNT_EMERGENCY_SL_3ADR,account_emergency_sl_reference,2025-07,4,-13.1599,-48.559338,0,0,466.538856,false,false,D50B3FFBFB83FE7A81D2EA0335B2AC13586031AF6F7CAE7A35A3C9F5B71A2076
PAIR_TWO_SIDED_GRID_T100_S020_STOP_AFTER_3_PAIR_RESETS_WEEK_ACCOUNT_EMERGENCY_SL_3ADR,account_emergency_sl_reference,2025-08,5,-16.482227,-16.482227,0,0,450.056629,false,false,3240E9B5F0887B5EAC19577993F509E189FB394AB5CBF3BAA921C0B4333E4E4A
PAIR_TWO_SIDED_GRID_T100_S020_STOP_AFTER_3_PAIR_RESETS_WEEK_ACCOUNT_EMERGENCY_SL_3ADR,account_emergency_sl_reference,2025-09,4,-12.986265,-12.986265,0,0,437.070364,false,false,4D2C3E9E889198739B13A5B761D1028ACDF9E384E84BC4BD783575B566D65945
PAIR_TWO_SIDED_GRID_T100_S020_STOP_AFTER_3_PAIR_RESETS_WEEK_ACCOUNT_EMERGENCY_SL_3ADR,account_emergency_sl_reference,2025-10,4,-13.982084,-13.982084,0,0,423.08828,false,false,7CC0030120893245F86FD4DC69774EF4C22FEF98397CF8ECE843BEC0CBFAEE7F
PAIR_TWO_SIDED_GRID_T100_S020_STOP_AFTER_3_PAIR_RESETS_WEEK_ACCOUNT_EMERGENCY_SL_3ADR,account_emergency_sl_reference,2025-11,4,-13.245543,-13.245543,0,0,409.842737,false,false,934FB1563D91202E6DA43A555BCA9B72A53CE27FED611992AC702D3E5AA91AFA
PAIR_TWO_SIDED_GRID_T100_S020_STOP_AFTER_3_PAIR_RESETS_WEEK_ACCOUNT_EMERGENCY_SL_3ADR,account_emergency_sl_reference,2025-12,5,-15.994535,-15.994535,0,0,393.848202,false,false,02CA3877F80DC44544EB3D25EDB390A1759CB4ED5F5BCCA9A2465CE269389C58
PAIR_TWO_SIDED_GRID_T100_S020_STOP_AFTER_3_PAIR_RESETS_WEEK_ACCOUNT_EMERGENCY_SL_3ADR,account_emergency_sl_reference,2026-01,4,-13.345739,-13.345739,0,0,380.502463,false,false,AB8600DC1C409665FE9F40A17D1859E7882004F7C273C3E82CAF92F9A3E89D6C
PAIR_TWO_SIDED_GRID_T100_S020_STOP_AFTER_3_PAIR_RESETS_WEEK_ACCOUNT_EMERGENCY_SL_3ADR,account_emergency_sl_reference,2026-02,4,-14.132456,-14.132456,0,0,366.370007,false,false,CF298D61F9FA6A1C7DA9A1ECA1C6AB2585879CD061F82AAE0B9E11C60D9264E2
PAIR_TWO_SIDED_GRID_T100_S020_STOP_AFTER_3_PAIR_RESETS_WEEK_ACCOUNT_EMERGENCY_SL_3ADR,account_emergency_sl_reference,2026-03,5,-15.947415,-15.947415,0,0,350.422592,false,false,870AC9B1F13EB1B7CFA27D52A756E3B183B218DA37E224A0BFF07C70A49DA955
PAIR_TWO_SIDED_GRID_T100_S020_STOP_AFTER_3_PAIR_RESETS_WEEK_ACCOUNT_EMERGENCY_SL_3ADR,account_emergency_sl_reference,2026-04,4,-13.39861,-13.39861,0,0,337.023982,false,false,C68ACBB9ACC81D4026EB42237E9125EB7A3BBD9B5800A6BD4A7ABDFABB72BD0B
PAIR_TWO_SIDED_GRID_T100_S020_STOP_AFTER_3_PAIR_RESETS_WEEK_ACCOUNT_EMERGENCY_SL_3ADR,account_emergency_sl_reference,2026-05,5,-15.959253,-15.959253,0,0,321.064729,false,false,C562E68E74D34B6F98DCA742AFBE470D85DB507CAB7D148C04357BA03D9E46DC
PAIR_TWO_SIDED_GRID_T100_S020_STOP_AFTER_3_PAIR_RESETS_WEEK_ACCOUNT_EMERGENCY_SL_5ADR,account_emergency_sl_reference,2019-04,3,-17.092947,-17.092947,0,0,-17.092947,false,false,1CEF0A03F4F260B1FCE0CA40950A963D7B7FE74F775F8D8B40DFE626BF9045F1
PAIR_TWO_SIDED_GRID_T100_S020_STOP_AFTER_3_PAIR_RESETS_WEEK_ACCOUNT_EMERGENCY_SL_5ADR,account_emergency_sl_reference,2019-05,4,-21.030186,-21.030186,0,0,-38.123133,false,false,A8AD78E2001029975E80B4861AAC868FA5FB3900D694185A8AC9066DCDFCA037
PAIR_TWO_SIDED_GRID_T100_S020_STOP_AFTER_3_PAIR_RESETS_WEEK_ACCOUNT_EMERGENCY_SL_5ADR,account_emergency_sl_reference,2019-06,5,-26.444377,-26.444377,0,0,-64.56751,false,false,F2041A4BF83A368A45E4F34F2EE5509258187F1B57A8DD62F7705620E156E365
PAIR_TWO_SIDED_GRID_T100_S020_STOP_AFTER_3_PAIR_RESETS_WEEK_ACCOUNT_EMERGENCY_SL_5ADR,account_emergency_sl_reference,2019-07,4,-20.612208,-20.612208,0,0,-85.179718,false,false,365FC8E88489364D68F64289BD083FCEEBEA16C7F16A16BB92C4A0269E69CEB9
PAIR_TWO_SIDED_GRID_T100_S020_STOP_AFTER_3_PAIR_RESETS_WEEK_ACCOUNT_EMERGENCY_SL_5ADR,account_emergency_sl_reference,2019-08,4,65.457962,65.457962,-3.229181,-12.916725,-19.721756,true,true,67AA65303564DEE709ED60F5C2A62FF513797A009C9E1F061E9D90252E80E62C
PAIR_TWO_SIDED_GRID_T100_S020_STOP_AFTER_3_PAIR_RESETS_WEEK_ACCOUNT_EMERGENCY_SL_5ADR,account_emergency_sl_reference,2019-09,5,59.976703,59.976703,-5.344957,-26.724783,40.254947,true,true,4A607F6874791EFA0B71F438854639A3998A89D6EE5CDDE321A490602ED8CD72
PAIR_TWO_SIDED_GRID_T100_S020_STOP_AFTER_3_PAIR_RESETS_WEEK_ACCOUNT_EMERGENCY_SL_5ADR,account_emergency_sl_reference,2019-10,4,-21.012583,-21.012583,0,0,19.242364,false,false,605221AB3D8D1259AE1A65DB19CEFEC464A4228B35398C93BDC8BB8E095E1317
PAIR_TWO_SIDED_GRID_T100_S020_STOP_AFTER_3_PAIR_RESETS_WEEK_ACCOUNT_EMERGENCY_SL_5ADR,account_emergency_sl_reference,2019-11,4,-20.837565,-20.837565,0,0,-1.595201,false,false,6F9D23F0F13AFE57DF6C6DE375C95D452166DDC35AB54CEE93039EE97146BAB5
PAIR_TWO_SIDED_GRID_T100_S020_STOP_AFTER_3_PAIR_RESETS_WEEK_ACCOUNT_EMERGENCY_SL_5ADR,account_emergency_sl_reference,2019-12,5,113.343102,113.343102,-8.59442,-29.398539,111.747901,true,true,26C68A906331899027946F2A61E9DBF3BF64AD5290C1D5ECA2EA47CE74C3AE95
PAIR_TWO_SIDED_GRID_T100_S020_STOP_AFTER_3_PAIR_RESETS_WEEK_ACCOUNT_EMERGENCY_SL_5ADR,account_emergency_sl_reference,2020-01,4,26.994791,26.994791,-9.551667,-38.206669,138.742692,true,true,9EBF8D7DB4A9760E20178118700B49DDAE4CDC89784C497CB7BBCA0814C0C88F
PAIR_TWO_SIDED_GRID_T100_S020_STOP_AFTER_3_PAIR_RESETS_WEEK_ACCOUNT_EMERGENCY_SL_5ADR,account_emergency_sl_reference,2020-02,4,-25.461769,-25.461769,0,0,113.280923,false,false,2978BBA782E922D91C9D75DAD7D2519BD2229BEC8C653406B47A9F1BD939A8DC
PAIR_TWO_SIDED_GRID_T100_S020_STOP_AFTER_3_PAIR_RESETS_WEEK_ACCOUNT_EMERGENCY_SL_5ADR,account_emergency_sl_reference,2020-03,5,-36.107382,-36.107382,0,0,77.173541,false,false,B1AD176574EE94E1B089F1B6B27FB5A51F0DC84849A9BDFBD5F7F46AD1FDB916
PAIR_TWO_SIDED_GRID_T100_S020_STOP_AFTER_3_PAIR_RESETS_WEEK_ACCOUNT_EMERGENCY_SL_5ADR,account_emergency_sl_reference,2020-04,4,-21.078038,-21.078038,0,0,56.095503,false,false,72D39B1D50222ACEF90496FACA4B40BF5F2F18B30C3D89C86CC5B3FA79EBA871
PAIR_TWO_SIDED_GRID_T100_S020_STOP_AFTER_3_PAIR_RESETS_WEEK_ACCOUNT_EMERGENCY_SL_5ADR,account_emergency_sl_reference,2020-05,5,61.547272,61.547272,-0.352993,-1.764963,117.642775,true,true,176FD246DBF3089B686596DCD74E170DEBC7B5589CF748C025C1B7E5BDA8A153
PAIR_TWO_SIDED_GRID_T100_S020_STOP_AFTER_3_PAIR_RESETS_WEEK_ACCOUNT_EMERGENCY_SL_5ADR,account_emergency_sl_reference,2020-06,4,-21.428252,-21.428252,0,0,96.214523,false,false,F51408929A0C592E4C84BA65DCCDC76BEC3F8F3487C444476E397B72F5DA5539
PAIR_TWO_SIDED_GRID_T100_S020_STOP_AFTER_3_PAIR_RESETS_WEEK_ACCOUNT_EMERGENCY_SL_5ADR,account_emergency_sl_reference,2020-07,4,-21.363087,-21.363087,0,0,74.851436,false,false,E25B3DB638511F1605D3A82FC571E0C331887CA662D0B2E17E2739A977EE9C6D
PAIR_TWO_SIDED_GRID_T100_S020_STOP_AFTER_3_PAIR_RESETS_WEEK_ACCOUNT_EMERGENCY_SL_5ADR,account_emergency_sl_reference,2020-08,5,-25.972862,-25.972862,0,0,48.878574,false,false,0E61E61CB98EE6DD0C741D3641F9A475DAEAB5FCA9EB86A8E6F5B98AB128F8C4
PAIR_TWO_SIDED_GRID_T100_S020_STOP_AFTER_3_PAIR_RESETS_WEEK_ACCOUNT_EMERGENCY_SL_5ADR,account_emergency_sl_reference,2020-09,4,-20.456133,-20.456133,0,0,28.422441,false,false,422E8AA2EE36194C66B71391F83AB0D99D8E791BA7F399A5869F6E439E4CC3F2
PAIR_TWO_SIDED_GRID_T100_S020_STOP_AFTER_3_PAIR_RESETS_WEEK_ACCOUNT_EMERGENCY_SL_5ADR,account_emergency_sl_reference,2020-10,4,-20.980168,-20.980168,0,0,7.442273,false,false,BF277215E1AF20C84AE4389A19C83860A66F6B62A5FBAF3EED9E50D604DAB568
PAIR_TWO_SIDED_GRID_T100_S020_STOP_AFTER_3_PAIR_RESETS_WEEK_ACCOUNT_EMERGENCY_SL_5ADR,account_emergency_sl_reference,2020-11,5,15.72502,15.72502,-8.109012,-40.545058,23.167293,true,true,C27F8D91D152A36DB4D7FAAC4F73BC1FB48241F3561455A2F239CD22A723787C
PAIR_TWO_SIDED_GRID_T100_S020_STOP_AFTER_3_PAIR_RESETS_WEEK_ACCOUNT_EMERGENCY_SL_5ADR,account_emergency_sl_reference,2020-12,4,-22.22632,-22.22632,0,0,0.940973,false,false,52C7B4CF771CE766FBFD59622FB43B3D21FCD30D1F8C363C241BAD1F077F000C
PAIR_TWO_SIDED_GRID_T100_S020_STOP_AFTER_3_PAIR_RESETS_WEEK_ACCOUNT_EMERGENCY_SL_5ADR,account_emergency_sl_reference,2021-01,4,-20.900861,-20.900861,0,0,-19.959888,false,false,1410FCA7B033404C7D0397ABFA4AA49C998F1094DC812239246DEFCC8544FC95
PAIR_TWO_SIDED_GRID_T100_S020_STOP_AFTER_3_PAIR_RESETS_WEEK_ACCOUNT_EMERGENCY_SL_5ADR,account_emergency_sl_reference,2021-02,4,159.470972,159.470972,-0.911099,-2.25039,139.511084,true,true,FB5B92B77A3FC85A221A4DF9BE5EB4459C80209C0085CD826FE88348D5931FE2
PAIR_TWO_SIDED_GRID_T100_S020_STOP_AFTER_3_PAIR_RESETS_WEEK_ACCOUNT_EMERGENCY_SL_5ADR,account_emergency_sl_reference,2021-03,5,19.515097,19.515097,-8.039351,-40.196754,159.026181,true,true,9CAC82D9EEA1C8B7E656F445FF13DBA0BE861D580248641A8E3FF3E24FFE430A
PAIR_TWO_SIDED_GRID_T100_S020_STOP_AFTER_3_PAIR_RESETS_WEEK_ACCOUNT_EMERGENCY_SL_5ADR,account_emergency_sl_reference,2021-04,4,-21.150488,-21.150488,0,0,137.875693,false,false,50A29EF3853B9AD037F2A296A0D4E04BC9FE95F0AD72381515A2CB8C1ECF5ADA
PAIR_TWO_SIDED_GRID_T100_S020_STOP_AFTER_3_PAIR_RESETS_WEEK_ACCOUNT_EMERGENCY_SL_5ADR,account_emergency_sl_reference,2021-05,5,-26.71443,-26.71443,0,0,111.161263,false,false,971EE3601BEC02E47D0D48D91B677ACB2063E195FD603446FD9EA9C3B5ADEBD7
PAIR_TWO_SIDED_GRID_T100_S020_STOP_AFTER_3_PAIR_RESETS_WEEK_ACCOUNT_EMERGENCY_SL_5ADR,account_emergency_sl_reference,2021-06,4,55.788432,59.213969,-0.856384,-3.425537,166.949695,true,true,71B5C0A179F42F0E9D3FCB49F64079514297C0CA098720AAB16E924A4A318F95
PAIR_TWO_SIDED_GRID_T100_S020_STOP_AFTER_3_PAIR_RESETS_WEEK_ACCOUNT_EMERGENCY_SL_5ADR,account_emergency_sl_reference,2021-07,4,30.000321,26.574784,-9.299412,-37.197647,196.950016,true,true,3E4C2091BD0D5620292F15DE64FE951940534ED2659E3AE9D0A31F3F0B2BB7E6
PAIR_TWO_SIDED_GRID_T100_S020_STOP_AFTER_3_PAIR_RESETS_WEEK_ACCOUNT_EMERGENCY_SL_5ADR,account_emergency_sl_reference,2021-08,5,8.800341,8.800341,-5.657516,-28.287578,205.750357,true,true,DF0CE8E1BB852439D1DACE5B06560DD2308085D2B64B31F514DCC6C6607DB521
PAIR_TWO_SIDED_GRID_T100_S020_STOP_AFTER_3_PAIR_RESETS_WEEK_ACCOUNT_EMERGENCY_SL_5ADR,account_emergency_sl_reference,2021-09,4,-25.997234,-25.997234,0,0,179.753123,false,false,881542EB35CCA6A5AEE8CB4942749D80FA0DA3BC380DD1C872CDE14244756E99
PAIR_TWO_SIDED_GRID_T100_S020_STOP_AFTER_3_PAIR_RESETS_WEEK_ACCOUNT_EMERGENCY_SL_5ADR,account_emergency_sl_reference,2021-10,5,57.262774,57.262774,-5.636866,-28.184329,237.015897,true,true,8F341828218D6F688A1A1236AF17695F6ED50A514CBFBF93CF52CDA46C0E2CCA
PAIR_TWO_SIDED_GRID_T100_S020_STOP_AFTER_3_PAIR_RESETS_WEEK_ACCOUNT_EMERGENCY_SL_5ADR,account_emergency_sl_reference,2021-11,4,-20.803654,-20.803654,0,0,216.212243,false,false,C9BB70B1D1E477602F89ED03AB0498ED730FAAF9E600B4565B22A87B726A7E96
PAIR_TWO_SIDED_GRID_T100_S020_STOP_AFTER_3_PAIR_RESETS_WEEK_ACCOUNT_EMERGENCY_SL_5ADR,account_emergency_sl_reference,2021-12,4,-3.180188,47.715892,-12.72402,-50.89608,213.032055,false,true,EC8338397D47C666B25D3F8845BF52E3279EA69DB31CE750FDAA35FEFB93FE59
PAIR_TWO_SIDED_GRID_T100_S020_STOP_AFTER_3_PAIR_RESETS_WEEK_ACCOUNT_EMERGENCY_SL_5ADR,account_emergency_sl_reference,2022-01,5,-9.549162,-60.445242,0,0,203.482893,false,false,65F995DD697F964D8E7A6CA750E1580CE1508C447D76F8945A74CB0198A4CD2F
PAIR_TWO_SIDED_GRID_T100_S020_STOP_AFTER_3_PAIR_RESETS_WEEK_ACCOUNT_EMERGENCY_SL_5ADR,account_emergency_sl_reference,2022-02,4,-20.62982,-20.62982,0,0,182.853073,false,false,5C3D7629E14D80F40DDB2FA7C3EA3ECBD86435FA43680043766AA8FCE7D08B01
PAIR_TWO_SIDED_GRID_T100_S020_STOP_AFTER_3_PAIR_RESETS_WEEK_ACCOUNT_EMERGENCY_SL_5ADR,account_emergency_sl_reference,2022-03,4,93.532651,123.971037,-16.219878,-34.441128,276.385724,true,true,2B84605C1C581004622B31AFDD0A31BA1D5ED6CA4D8E5580F1722AC96AF7B5E5
PAIR_TWO_SIDED_GRID_T100_S020_STOP_AFTER_3_PAIR_RESETS_WEEK_ACCOUNT_EMERGENCY_SL_5ADR,account_emergency_sl_reference,2022-04,4,-25.791357,-56.229743,0,0,250.594367,false,false,C6C94CAF96F7BC2D2C40CAD8E8AB0B07998D21ED99B43BE2208CEAF45CF77E86
PAIR_TWO_SIDED_GRID_T100_S020_STOP_AFTER_3_PAIR_RESETS_WEEK_ACCOUNT_EMERGENCY_SL_5ADR,account_emergency_sl_reference,2022-05,5,-31.561391,-31.561391,0,0,219.032976,false,false,CD75AA9F2EFD2240732B5FA404830FC6AD42A861F1D0B50EA0B17166698AD413
PAIR_TWO_SIDED_GRID_T100_S020_STOP_AFTER_3_PAIR_RESETS_WEEK_ACCOUNT_EMERGENCY_SL_5ADR,account_emergency_sl_reference,2022-06,4,36.718457,36.718457,-5.87049,-23.481961,255.751433,true,true,D24AB959B800C099F6F8CB48521205C7C8AE95F2BBFACA87B1D82F03D1A9F0BC
PAIR_TWO_SIDED_GRID_T100_S020_STOP_AFTER_3_PAIR_RESETS_WEEK_ACCOUNT_EMERGENCY_SL_5ADR,account_emergency_sl_reference,2022-07,5,-26.590629,-26.590629,0,0,229.160804,false,false,AB778E8BC31970A08A55342A27DB1045F73A7D8BAAD3359FA5D344C206600E46
PAIR_TWO_SIDED_GRID_T100_S020_STOP_AFTER_3_PAIR_RESETS_WEEK_ACCOUNT_EMERGENCY_SL_5ADR,account_emergency_sl_reference,2022-08,4,-21.484288,-21.484288,0,0,207.676516,false,false,4365A3263C98138719312966FF905F53DC6F452CC448B8638F08308C9C9F845F
PAIR_TWO_SIDED_GRID_T100_S020_STOP_AFTER_3_PAIR_RESETS_WEEK_ACCOUNT_EMERGENCY_SL_5ADR,account_emergency_sl_reference,2022-09,4,-32.676193,-32.676193,0,0,175.000323,false,false,585F34CA1E8958100D8FA0C6E9C8D06071161E95933A4F94DA556E001452E2F0
PAIR_TWO_SIDED_GRID_T100_S020_STOP_AFTER_3_PAIR_RESETS_WEEK_ACCOUNT_EMERGENCY_SL_5ADR,account_emergency_sl_reference,2022-10,5,7.738893,7.738893,-10.457125,-52.285623,182.739216,true,true,66943E95758DF8F85F56F1EEE80A3976062E416BD91E37C7111F710A91D6B3F4
PAIR_TWO_SIDED_GRID_T100_S020_STOP_AFTER_3_PAIR_RESETS_WEEK_ACCOUNT_EMERGENCY_SL_5ADR,account_emergency_sl_reference,2022-11,4,29.436504,29.436504,-3.361988,-13.447953,212.17572,true,true,23C2CEF207816585526245776B8655FA7E97E9A84B1A42AFAE9D1D22153E187C
PAIR_TWO_SIDED_GRID_T100_S020_STOP_AFTER_3_PAIR_RESETS_WEEK_ACCOUNT_EMERGENCY_SL_5ADR,account_emergency_sl_reference,2022-12,4,-21.459016,-21.459016,0,0,190.716704,false,false,3E2C3101E528E665038C32D3010F2CD87CFE7F351FF9EACC4F4287DC7920E6CE
PAIR_TWO_SIDED_GRID_T100_S020_STOP_AFTER_3_PAIR_RESETS_WEEK_ACCOUNT_EMERGENCY_SL_5ADR,account_emergency_sl_reference,2023-01,5,-25.502225,-25.502225,0,0,165.214479,false,false,15ACB7633EB56751CF88CC0709CCD49523F0FA3D5C6E9C67B85737074E3C7256
PAIR_TWO_SIDED_GRID_T100_S020_STOP_AFTER_3_PAIR_RESETS_WEEK_ACCOUNT_EMERGENCY_SL_5ADR,account_emergency_sl_reference,2023-02,4,-23.195799,-23.195799,0,0,142.01868,false,false,5B59219459D0D16FDA956C5E6B566DB989D701F1497CC37DA1D23DA1B74FEAE6
PAIR_TWO_SIDED_GRID_T100_S020_STOP_AFTER_3_PAIR_RESETS_WEEK_ACCOUNT_EMERGENCY_SL_5ADR,account_emergency_sl_reference,2023-03,4,62.985552,62.985552,-3.626975,-14.5079,205.004232,true,true,F16781420FFC8B3BEBE5DA17052B73DAF36D14B594ADE500B0FF3309A9B0D6A5
PAIR_TWO_SIDED_GRID_T100_S020_STOP_AFTER_3_PAIR_RESETS_WEEK_ACCOUNT_EMERGENCY_SL_5ADR,account_emergency_sl_reference,2023-04,5,21.925756,21.925756,-9.916457,-49.582285,226.929988,true,true,4682A851FD53DE7C8D9CC36B8C8EC6A43101E3425AFC8FE1436B134603A5A81C
PAIR_TWO_SIDED_GRID_T100_S020_STOP_AFTER_3_PAIR_RESETS_WEEK_ACCOUNT_EMERGENCY_SL_5ADR,account_emergency_sl_reference,2023-05,4,22.128555,66.000709,-10.968038,-43.872154,249.058543,true,true,F9F19DA45ABE2418244BBC2C67282037EA29C50369D588B51EE19D0E231CC156
PAIR_TWO_SIDED_GRID_T100_S020_STOP_AFTER_3_PAIR_RESETS_WEEK_ACCOUNT_EMERGENCY_SL_5ADR,account_emergency_sl_reference,2023-06,4,-31.393334,-75.265488,0,0,217.665209,false,false,E953BE35C51F19E5F8D0469A833210958CA1E0BB700B27B2B4598B901BE6F8F8
PAIR_TWO_SIDED_GRID_T100_S020_STOP_AFTER_3_PAIR_RESETS_WEEK_ACCOUNT_EMERGENCY_SL_5ADR,account_emergency_sl_reference,2023-07,5,61.422732,61.422732,-2.114321,-10.571604,279.087941,true,true,E31CCBBD702F38F9A258873E663D4514B9FF835B4045CE18ECE9C687AC7FBDA5
PAIR_TWO_SIDED_GRID_T100_S020_STOP_AFTER_3_PAIR_RESETS_WEEK_ACCOUNT_EMERGENCY_SL_5ADR,account_emergency_sl_reference,2023-08,4,68.73615,72.490553,-0.938601,-3.754403,347.824091,true,true,2CC3E3AD8FFBB4F61B1EA58F53DC67CC35FA202C2DD88125FFA0AD25C3110FB9
PAIR_TWO_SIDED_GRID_T100_S020_STOP_AFTER_3_PAIR_RESETS_WEEK_ACCOUNT_EMERGENCY_SL_5ADR,account_emergency_sl_reference,2023-09,4,-17.471198,-21.225601,0,0,330.352893,false,false,D55EAE749048961E040DA6F0C08B3FD6118627BE451F71C0611DADA552D10EA7
PAIR_TWO_SIDED_GRID_T100_S020_STOP_AFTER_3_PAIR_RESETS_WEEK_ACCOUNT_EMERGENCY_SL_5ADR,account_emergency_sl_reference,2023-10,5,36.640159,36.640159,-23.683401,-68.684222,366.993052,true,true,DC0C13DA2E4DFD7B5A022BFE4AE0B70762A1F43DF2493F7A4443ADBD2EC22A7D
PAIR_TWO_SIDED_GRID_T100_S020_STOP_AFTER_3_PAIR_RESETS_WEEK_ACCOUNT_EMERGENCY_SL_5ADR,account_emergency_sl_reference,2023-11,4,28.846356,28.846356,-11.190374,-44.761498,395.839408,true,true,28C88176DEC73ADCA5723929747D00185B6E5FCA7CC56B784C501AFFF3DB005E
PAIR_TWO_SIDED_GRID_T100_S020_STOP_AFTER_3_PAIR_RESETS_WEEK_ACCOUNT_EMERGENCY_SL_5ADR,account_emergency_sl_reference,2023-12,4,-22.177897,-22.177897,0,0,373.661511,false,false,DD5480FC193BB5CEF431B5937AD2C289EBC3DE786EC8112E1E336D13B5904DD0
PAIR_TWO_SIDED_GRID_T100_S020_STOP_AFTER_3_PAIR_RESETS_WEEK_ACCOUNT_EMERGENCY_SL_5ADR,account_emergency_sl_reference,2024-01,5,40.50098,62.103151,-4.320434,-21.602171,414.162491,true,true,89068DDD2F0464AF103E332EC49D36628DB88AFA4AD40A4D31E64FA4AB3A19DB
PAIR_TWO_SIDED_GRID_T100_S020_STOP_AFTER_3_PAIR_RESETS_WEEK_ACCOUNT_EMERGENCY_SL_5ADR,account_emergency_sl_reference,2024-02,4,-20.631943,-42.234114,0,0,393.530548,false,false,46C0F77FC71BC0F263F06999C127134B7D80D275AE3684FE6FBDD86FE9D86D5A
PAIR_TWO_SIDED_GRID_T100_S020_STOP_AFTER_3_PAIR_RESETS_WEEK_ACCOUNT_EMERGENCY_SL_5ADR,account_emergency_sl_reference,2024-03,5,-28.774015,-28.774015,0,0,364.756533,false,false,99CA9600E27DC7F5144BFB7437CB0ED68B888099B5988A289E8AF9F52D3BEDFF
PAIR_TWO_SIDED_GRID_T100_S020_STOP_AFTER_3_PAIR_RESETS_WEEK_ACCOUNT_EMERGENCY_SL_5ADR,account_emergency_sl_reference,2024-04,4,-41.625169,-41.625169,0,0,323.131364,false,false,92B4CF99097DE0CD8753B7ABF0597FA4E9DD5C9BB6CD8A60943F3834140B42B9
PAIR_TWO_SIDED_GRID_T100_S020_STOP_AFTER_3_PAIR_RESETS_WEEK_ACCOUNT_EMERGENCY_SL_5ADR,account_emergency_sl_reference,2024-05,4,-20.933374,-20.933374,0,0,302.19799,false,false,F49E52CEA5EB35B8242987DC6B7422AB70C5DE25593A66167339CC534F4DCD75
PAIR_TWO_SIDED_GRID_T100_S020_STOP_AFTER_3_PAIR_RESETS_WEEK_ACCOUNT_EMERGENCY_SL_5ADR,account_emergency_sl_reference,2024-06,5,-26.744966,-26.744966,0,0,275.453024,false,false,D70B1F8B2DCBD5191079253653A43CB1FB3F16F0909445D1F9A4A5B244AB33A1
PAIR_TWO_SIDED_GRID_T100_S020_STOP_AFTER_3_PAIR_RESETS_WEEK_ACCOUNT_EMERGENCY_SL_5ADR,account_emergency_sl_reference,2024-07,4,58.87098,58.87098,-3.16829,-12.673161,334.324004,true,true,A109F42F0B331B0A55DCD4DED22BAE6D72A81C02CE7474972CB052D173146D53
PAIR_TWO_SIDED_GRID_T100_S020_STOP_AFTER_3_PAIR_RESETS_WEEK_ACCOUNT_EMERGENCY_SL_5ADR,account_emergency_sl_reference,2024-08,4,-20.843705,-20.843705,0,0,313.480299,false,false,1AA4B27989C7C0D9453754286842215444900B5BD7969D1A4740FA1B77204A99
PAIR_TWO_SIDED_GRID_T100_S020_STOP_AFTER_3_PAIR_RESETS_WEEK_ACCOUNT_EMERGENCY_SL_5ADR,account_emergency_sl_reference,2024-09,5,-25.516441,-25.516441,0,0,287.963858,false,false,D8FD364BAFB6BA8BC2CDBED7C77F2F3ACEB0AAC4FEC90D23AA1E54F301EE44C7
PAIR_TWO_SIDED_GRID_T100_S020_STOP_AFTER_3_PAIR_RESETS_WEEK_ACCOUNT_EMERGENCY_SL_5ADR,account_emergency_sl_reference,2024-10,4,-21.98762,-21.98762,0,0,265.976238,false,false,41273400C2792AB044006043E7A2CAEA5C36F81236AC1FFD23BB123C49A8D509
PAIR_TWO_SIDED_GRID_T100_S020_STOP_AFTER_3_PAIR_RESETS_WEEK_ACCOUNT_EMERGENCY_SL_5ADR,account_emergency_sl_reference,2024-11,4,-21.24108,-21.24108,0,0,244.735158,false,false,5F594067A12DC7756B4C065F0F3E1FC656378921DA37A9B497FC0D9B4A1D0A3C
PAIR_TWO_SIDED_GRID_T100_S020_STOP_AFTER_3_PAIR_RESETS_WEEK_ACCOUNT_EMERGENCY_SL_5ADR,account_emergency_sl_reference,2024-12,5,-26.0671,-26.0671,0,0,218.668058,false,false,54C45D48F5A723E1546D18765D92E86C974D99F632CE83E412BB57681D2785DD
PAIR_TWO_SIDED_GRID_T100_S020_STOP_AFTER_3_PAIR_RESETS_WEEK_ACCOUNT_EMERGENCY_SL_5ADR,account_emergency_sl_reference,2025-01,4,30.851394,30.851394,-9.600768,-38.403071,249.519452,true,true,76EE5717906F67BE5F3D29FE8DF6C71110686249C7B9CA51CD43B105B2DC6EA0
PAIR_TWO_SIDED_GRID_T100_S020_STOP_AFTER_3_PAIR_RESETS_WEEK_ACCOUNT_EMERGENCY_SL_5ADR,account_emergency_sl_reference,2025-02,4,-21.511176,-21.511176,0,0,228.008276,false,false,5E3A3EB0A095F6CEFED84171C74CFD4D365B14FACA56AF8DB3D5356F575C2E58
PAIR_TWO_SIDED_GRID_T100_S020_STOP_AFTER_3_PAIR_RESETS_WEEK_ACCOUNT_EMERGENCY_SL_5ADR,account_emergency_sl_reference,2025-03,5,-26.271687,-26.271687,0,0,201.736589,false,false,F1FC135333C5DC5E401385A301219FD67D173F09EBD72EEC4C0B250147A62973
PAIR_TWO_SIDED_GRID_T100_S020_STOP_AFTER_3_PAIR_RESETS_WEEK_ACCOUNT_EMERGENCY_SL_5ADR,account_emergency_sl_reference,2025-04,4,-21.411427,-21.411427,0,0,180.325162,false,false,09C450BF376B7DB999318368DE2645601F5B84FC3290238C9931442E9E421655
PAIR_TWO_SIDED_GRID_T100_S020_STOP_AFTER_3_PAIR_RESETS_WEEK_ACCOUNT_EMERGENCY_SL_5ADR,account_emergency_sl_reference,2025-05,4,26.052033,26.052033,-7.467365,-29.869462,206.377195,true,true,94151885DCEF4335B14686B90D05897E4A70CF6AA21A539756E36CA9B25CF5D8
PAIR_TWO_SIDED_GRID_T100_S020_STOP_AFTER_3_PAIR_RESETS_WEEK_ACCOUNT_EMERGENCY_SL_5ADR,account_emergency_sl_reference,2025-06,5,22.616537,58.015975,-7.079888,-35.399438,228.993732,true,true,C035FAFD52BFC5C2EF07CBB64209DAF7D2CDB5CFDA457D15FBFE2C14DAEF5EA1
PAIR_TWO_SIDED_GRID_T100_S020_STOP_AFTER_3_PAIR_RESETS_WEEK_ACCOUNT_EMERGENCY_SL_5ADR,account_emergency_sl_reference,2025-07,4,-19.616373,-55.015811,0,0,209.377359,false,false,674BB0CB7E287B156A675EC3423E25A7C00C9A69B68651F494183AFBEE85AD66
PAIR_TWO_SIDED_GRID_T100_S020_STOP_AFTER_3_PAIR_RESETS_WEEK_ACCOUNT_EMERGENCY_SL_5ADR,account_emergency_sl_reference,2025-08,5,-26.432539,-26.432539,0,0,182.94482,false,false,5EDAE334584BCC665FBF66AB4EBF939DE8B9A8B9C17F0335EDD4C990EA1E4E24
PAIR_TWO_SIDED_GRID_T100_S020_STOP_AFTER_3_PAIR_RESETS_WEEK_ACCOUNT_EMERGENCY_SL_5ADR,account_emergency_sl_reference,2025-09,4,-21.951366,-21.951366,0,0,160.993454,false,false,C710D8066BEFD4B28FF0F59E9169BB5B84DA8B4317CDFCD71B5189674E854E1F
PAIR_TWO_SIDED_GRID_T100_S020_STOP_AFTER_3_PAIR_RESETS_WEEK_ACCOUNT_EMERGENCY_SL_5ADR,account_emergency_sl_reference,2025-10,4,-21.793225,-21.793225,0,0,139.200229,false,false,175B53398B72403C4BBBE35868FCCB2D2B14D4BCDE3549FA28E90013529B1D84
PAIR_TWO_SIDED_GRID_T100_S020_STOP_AFTER_3_PAIR_RESETS_WEEK_ACCOUNT_EMERGENCY_SL_5ADR,account_emergency_sl_reference,2025-11,4,-22.210411,-22.210411,0,0,116.989818,false,false,E2F4904FD1E43A5911D45EF814C2410F17F75347C7F270C235052F7CEB4FF27E
PAIR_TWO_SIDED_GRID_T100_S020_STOP_AFTER_3_PAIR_RESETS_WEEK_ACCOUNT_EMERGENCY_SL_5ADR,account_emergency_sl_reference,2025-12,5,0.654442,0.654442,-7.490331,-37.451654,117.64426,true,true,0FDF03CAE5D72C5EA78623495B65648BF85A43AEA2BEFD5FBA7511BBBD0D3036
PAIR_TWO_SIDED_GRID_T100_S020_STOP_AFTER_3_PAIR_RESETS_WEEK_ACCOUNT_EMERGENCY_SL_5ADR,account_emergency_sl_reference,2026-01,4,-21.885207,-21.885207,0,0,95.759053,false,false,53592FE2EFD38972989CFA792EA32E0E910FA4923E3DA0A55B09F4200551988B
PAIR_TWO_SIDED_GRID_T100_S020_STOP_AFTER_3_PAIR_RESETS_WEEK_ACCOUNT_EMERGENCY_SL_5ADR,account_emergency_sl_reference,2026-02,4,-21.017984,-21.017984,0,0,74.741069,false,false,0760BB59882D9C30E6A800DF87B333C9A679161BE6EAFA55ECE8E15849FC4388
PAIR_TWO_SIDED_GRID_T100_S020_STOP_AFTER_3_PAIR_RESETS_WEEK_ACCOUNT_EMERGENCY_SL_5ADR,account_emergency_sl_reference,2026-03,5,-27.253769,-27.253769,0,0,47.4873,false,false,23BBD3E55A7F739AAD0900EC121C9D99FA1CEA753E1FC340E928A6F8B9DCCDF5
PAIR_TWO_SIDED_GRID_T100_S020_STOP_AFTER_3_PAIR_RESETS_WEEK_ACCOUNT_EMERGENCY_SL_5ADR,account_emergency_sl_reference,2026-04,4,-22.023251,-22.023251,0,0,25.464049,false,false,D338D3358A5F68DD30A794B5484644091AB737EC449B7FD256EFDE5D7F52EB09
PAIR_TWO_SIDED_GRID_T100_S020_STOP_AFTER_3_PAIR_RESETS_WEEK_ACCOUNT_EMERGENCY_SL_5ADR,account_emergency_sl_reference,2026-05,5,-27.726133,-27.726133,0,0,-2.262084,false,false,A45A5457946CC8565BE03FC9915C02354C75C14E3755E2514E76E8B7583CA155
PAIR_TWO_SIDED_GRID_T075_S020_L3_FINAL_RESET_RUNNER_050_ACCOUNT_EMERGENCY_SL_3ADR,account_emergency_sl_reference,2019-04,3,-10.023167,-10.023167,0,0,-10.023167,false,false,66D80AEFD90DC1085FF94675FDEBD93BF5AB77A00820D11CC7020D0AA9F7EA84
PAIR_TWO_SIDED_GRID_T075_S020_L3_FINAL_RESET_RUNNER_050_ACCOUNT_EMERGENCY_SL_3ADR,account_emergency_sl_reference,2019-05,4,-13.793379,-13.793379,0,0,-23.816546,false,false,B5597DE225074927ECF94B49D3BEBA1F9C24A587220DBB873F631D217A66EBCF
PAIR_TWO_SIDED_GRID_T075_S020_L3_FINAL_RESET_RUNNER_050_ACCOUNT_EMERGENCY_SL_3ADR,account_emergency_sl_reference,2019-06,5,-16.522917,-16.522917,0,0,-40.339463,false,false,4E2213A7157005202C18F03CCD471FC7F4A632DAA3B960EAC9300957AC519D07
PAIR_TWO_SIDED_GRID_T075_S020_L3_FINAL_RESET_RUNNER_050_ACCOUNT_EMERGENCY_SL_3ADR,account_emergency_sl_reference,2019-07,4,-12.927295,-12.927295,0,0,-53.266758,false,false,8F75CBA52BEFEC396B217C5882A590194D8B4D0F354CDAF69EA02C638CC27F67
PAIR_TWO_SIDED_GRID_T075_S020_L3_FINAL_RESET_RUNNER_050_ACCOUNT_EMERGENCY_SL_3ADR,account_emergency_sl_reference,2019-08,4,-12.770503,-12.770503,0,0,-66.037261,false,false,CC31223A6DA0C77CC618BF8B480BB194F78D5CD5E5057032152B90E9F1878674
PAIR_TWO_SIDED_GRID_T075_S020_L3_FINAL_RESET_RUNNER_050_ACCOUNT_EMERGENCY_SL_3ADR,account_emergency_sl_reference,2019-09,5,42.904633,42.904633,4.881294,0,-23.132628,true,true,B90C8AACFDA7F2576E4D3882A05D1C5250DEFA3F800A014FEFB8EDD051F5126B
PAIR_TWO_SIDED_GRID_T075_S020_L3_FINAL_RESET_RUNNER_050_ACCOUNT_EMERGENCY_SL_3ADR,account_emergency_sl_reference,2019-10,4,-13.813651,-13.813651,0,0,-36.946279,false,false,636C56EB22DBC555698495459BFB6ECABAE7056D64C5C1B1925B1C3FA1A9FB7F
PAIR_TWO_SIDED_GRID_T075_S020_L3_FINAL_RESET_RUNNER_050_ACCOUNT_EMERGENCY_SL_3ADR,account_emergency_sl_reference,2019-11,4,-13.245117,-13.245117,0,0,-50.191396,false,false,BE9B9B55B21FF559DD6C22E77B2A3BEFA5606D83D5BB32BDA78B54DB6D28E50F
PAIR_TWO_SIDED_GRID_T075_S020_L3_FINAL_RESET_RUNNER_050_ACCOUNT_EMERGENCY_SL_3ADR,account_emergency_sl_reference,2019-12,5,78.763765,78.763765,4.800156,-12.57705,28.572369,true,true,9EDEB2F7F48DC20DE9A30C6D74AB3EA3C5DE81D45CB4D0372A997DF99388FB80
PAIR_TWO_SIDED_GRID_T075_S020_L3_FINAL_RESET_RUNNER_050_ACCOUNT_EMERGENCY_SL_3ADR,account_emergency_sl_reference,2020-01,4,18.794195,18.794195,-7.089252,-28.35701,47.366564,true,true,08D2DD50398EBBA6203E15111BA01D9550625526C68BF30E3ED5E803D232F700
PAIR_TWO_SIDED_GRID_T075_S020_L3_FINAL_RESET_RUNNER_050_ACCOUNT_EMERGENCY_SL_3ADR,account_emergency_sl_reference,2020-02,4,-15.223935,-15.223935,0,0,32.142629,false,false,11A155AA429386C956E79126841DBDD708228937A1BAE6E2C31AB06C0DB69375
PAIR_TWO_SIDED_GRID_T075_S020_L3_FINAL_RESET_RUNNER_050_ACCOUNT_EMERGENCY_SL_3ADR,account_emergency_sl_reference,2020-03,5,-28.29286,-28.29286,0,0,3.849769,false,false,EDBDC9AA448E474C7CF127197D119B5A0F381732C10A0EBB5F575B44A5EF3F8A
PAIR_TWO_SIDED_GRID_T075_S020_L3_FINAL_RESET_RUNNER_050_ACCOUNT_EMERGENCY_SL_3ADR,account_emergency_sl_reference,2020-04,4,-13.737846,-13.737846,0,0,-9.888077,false,false,E3CA42756393E0CA60538A7E3DBD8BBB759A2A8442B7E5B8557688D8DAC81FA4
PAIR_TWO_SIDED_GRID_T075_S020_L3_FINAL_RESET_RUNNER_050_ACCOUNT_EMERGENCY_SL_3ADR,account_emergency_sl_reference,2020-05,5,66.793005,38.191349,10.946997,0,56.904928,true,true,4BAD3D359D3000D2ECC8DD56C8B94B513B9A90C9ECD437BCE86F4D5012546FC0
PAIR_TWO_SIDED_GRID_T075_S020_L3_FINAL_RESET_RUNNER_050_ACCOUNT_EMERGENCY_SL_3ADR,account_emergency_sl_reference,2020-06,4,69.310761,54.919129,58.019737,42.993288,126.215689,true,true,1D5A7996C79714CEED5CC54513D3DC72FD6F39341C49EA5DDAA3FC7AAB3E71CB
PAIR_TWO_SIDED_GRID_T075_S020_L3_FINAL_RESET_RUNNER_050_ACCOUNT_EMERGENCY_SL_3ADR,account_emergency_sl_reference,2020-07,4,-46.408824,-3.415536,20.694836,0,79.806865,false,false,AB388D346303D23C92A9BB8F8AA2826460A8C5C57A36E9718065CD2FA102A94F
PAIR_TWO_SIDED_GRID_T075_S020_L3_FINAL_RESET_RUNNER_050_ACCOUNT_EMERGENCY_SL_3ADR,account_emergency_sl_reference,2020-08,5,-17.243972,-17.243972,0,0,62.562893,false,false,D8020B41CD25CDD1FA228A6D370BCCACE6F93B3D625ED0406AF029CECD843827
PAIR_TWO_SIDED_GRID_T075_S020_L3_FINAL_RESET_RUNNER_050_ACCOUNT_EMERGENCY_SL_3ADR,account_emergency_sl_reference,2020-09,4,-13.043815,-13.043815,0,0,49.519078,false,false,FE0A1A5CDFFBB86BB55019E43E20047E870C16D999B3B1903F2CBDAE12C36433
PAIR_TWO_SIDED_GRID_T075_S020_L3_FINAL_RESET_RUNNER_050_ACCOUNT_EMERGENCY_SL_3ADR,account_emergency_sl_reference,2020-10,4,-13.492376,-13.492376,0,0,36.026702,false,false,E0E253AEB8A0330689D9414AFA35AEA70BFC305ABD78FCC6FAFF7C8ECDCB66DF
PAIR_TWO_SIDED_GRID_T075_S020_L3_FINAL_RESET_RUNNER_050_ACCOUNT_EMERGENCY_SL_3ADR,account_emergency_sl_reference,2020-11,5,28.125812,28.125812,-2.766093,-13.830466,64.152514,true,true,72BD3624EAE880842A3034094005706A5CEBA8227A7E51B7D0ED5EAAD82A235B
PAIR_TWO_SIDED_GRID_T075_S020_L3_FINAL_RESET_RUNNER_050_ACCOUNT_EMERGENCY_SL_3ADR,account_emergency_sl_reference,2020-12,4,-12.966279,-12.966279,0,0,51.186235,false,false,2C498F0AF19FCCB8328267891BA0751507BC9CF2C2D2A8089A8256A9654B99BA
PAIR_TWO_SIDED_GRID_T075_S020_L3_FINAL_RESET_RUNNER_050_ACCOUNT_EMERGENCY_SL_3ADR,account_emergency_sl_reference,2021-01,4,-12.849263,-12.849263,0,0,38.336972,false,false,310CBAFE241108F35F19CF93DC335D0DA98B177CD4390D38480B260BE7C7AEA3
PAIR_TWO_SIDED_GRID_T075_S020_L3_FINAL_RESET_RUNNER_050_ACCOUNT_EMERGENCY_SL_3ADR,account_emergency_sl_reference,2021-02,4,226.779985,131.896052,38.76313,0,265.116957,true,true,153FEC0DE4EC32AE8CCB90967EB4676F9E163A163D12C919542B711241F42CD0
PAIR_TWO_SIDED_GRID_T075_S020_L3_FINAL_RESET_RUNNER_050_ACCOUNT_EMERGENCY_SL_3ADR,account_emergency_sl_reference,2021-03,5,38.181296,51.962635,105.679796,81.102594,303.298253,true,true,2C554BFE3378443097B22487F2DBA3F1BF24C07A9C68D766483BB6D16DD66AC0
PAIR_TWO_SIDED_GRID_T075_S020_L3_FINAL_RESET_RUNNER_050_ACCOUNT_EMERGENCY_SL_3ADR,account_emergency_sl_reference,2021-04,4,28.720855,11.13327,95.074507,83.473289,332.019108,true,true,445AC9DCE73AE087D799E56A4F48DB63DFED3C183BE9AA30AA1DDEE3D215C58B
PAIR_TWO_SIDED_GRID_T075_S020_L3_FINAL_RESET_RUNNER_050_ACCOUNT_EMERGENCY_SL_3ADR,account_emergency_sl_reference,2021-05,5,-32.407801,9.446166,46.585331,28.895968,299.611307,false,true,DF48600DBF20B4758A0F0E95B4618ABEB847576AF5CDCADA9D5801246CCBDEB4
PAIR_TWO_SIDED_GRID_T075_S020_L3_FINAL_RESET_RUNNER_050_ACCOUNT_EMERGENCY_SL_3ADR,account_emergency_sl_reference,2021-06,4,63.241537,-62.007807,142.520559,78.718289,362.852844,true,false,84B8C47A37178F368626343FCE541FCBE256AF3F55A19E27708B729B3DA0A518
PAIR_TWO_SIDED_GRID_T075_S020_L3_FINAL_RESET_RUNNER_050_ACCOUNT_EMERGENCY_SL_3ADR,account_emergency_sl_reference,2021-07,4,-17.362523,55.483611,152.118972,109.239422,345.490321,false,true,936E76E4C726F02E81F302D5D5838C407945B3845FEE7AE57F72B8FEF13385BA
PAIR_TWO_SIDED_GRID_T075_S020_L3_FINAL_RESET_RUNNER_050_ACCOUNT_EMERGENCY_SL_3ADR,account_emergency_sl_reference,2021-08,5,-14.602094,94.637328,26.738159,0,330.888227,false,true,63038B259F4D792ADC47D9AC53024803B381ABE2F62CE5BA3F221C3F0E6FE89B
PAIR_TWO_SIDED_GRID_T075_S020_L3_FINAL_RESET_RUNNER_050_ACCOUNT_EMERGENCY_SL_3ADR,account_emergency_sl_reference,2021-09,4,-13.334435,-13.334435,0,0,317.553792,false,false,3AC77291A3E1C1043BD6E62095338934B72ABB0974E05700E607755A52132FE9
PAIR_TWO_SIDED_GRID_T075_S020_L3_FINAL_RESET_RUNNER_050_ACCOUNT_EMERGENCY_SL_3ADR,account_emergency_sl_reference,2021-10,5,72.138362,74.095504,-2.282813,-9.456923,389.692154,true,true,BB208A6512BC9B816BCDA4F705ECE0EDE81FF13481227FF4AB89B9368558A323
PAIR_TWO_SIDED_GRID_T075_S020_L3_FINAL_RESET_RUNNER_050_ACCOUNT_EMERGENCY_SL_3ADR,account_emergency_sl_reference,2021-11,4,-11.310338,-13.26748,0,0,378.381816,false,false,570D34C51421D19ACE0D1341F1ACA69C6450EC123814F93291EB793436246A47
PAIR_TWO_SIDED_GRID_T075_S020_L3_FINAL_RESET_RUNNER_050_ACCOUNT_EMERGENCY_SL_3ADR,account_emergency_sl_reference,2021-12,4,3.61393,33.563975,-7.487511,-29.950045,381.995746,true,true,52DBA8D045E32C434A61EEDD16E53D275A4A4C8AACF02EE0894DD36AB7E0E64E
PAIR_TWO_SIDED_GRID_T075_S020_L3_FINAL_RESET_RUNNER_050_ACCOUNT_EMERGENCY_SL_3ADR,account_emergency_sl_reference,2022-01,5,-4.497045,-34.44709,0,0,377.498701,false,false,3530389939171B73F52D4C72DDA8C5FCC63E885D2C4C6D0711794D449E9DE3C3
PAIR_TWO_SIDED_GRID_T075_S020_L3_FINAL_RESET_RUNNER_050_ACCOUNT_EMERGENCY_SL_3ADR,account_emergency_sl_reference,2022-02,4,-12.593402,-12.593402,0,0,364.905299,false,false,CB78A88A633263A8E8FD6E807CF47FAE7DA5FD648E7A6710EE4B0528146A737F
PAIR_TWO_SIDED_GRID_T075_S020_L3_FINAL_RESET_RUNNER_050_ACCOUNT_EMERGENCY_SL_3ADR,account_emergency_sl_reference,2022-03,4,73.130819,103.70584,-7.783599,-30.575021,438.036118,true,true,CFBB4CFC7BF21269B146E7F0F3E36F2D230E39BBF1744EC610F74628F1E5DAF4
PAIR_TWO_SIDED_GRID_T075_S020_L3_FINAL_RESET_RUNNER_050_ACCOUNT_EMERGENCY_SL_3ADR,account_emergency_sl_reference,2022-04,4,-19.681281,-50.256302,0,0,418.354837,false,false,D1E800858F2642A7A166BDBAA4628329DA745DB2CFCD2FF368CBA92609E3B40C
PAIR_TWO_SIDED_GRID_T075_S020_L3_FINAL_RESET_RUNNER_050_ACCOUNT_EMERGENCY_SL_3ADR,account_emergency_sl_reference,2022-05,5,-20.277585,-20.277585,0,0,398.077252,false,false,43840AB8C111F37FA1B426AD54DC722D27A02A4560BFE0BB7FEF06C7D204A06D
PAIR_TWO_SIDED_GRID_T075_S020_L3_FINAL_RESET_RUNNER_050_ACCOUNT_EMERGENCY_SL_3ADR,account_emergency_sl_reference,2022-06,4,31.483379,31.483379,-4.57778,-18.311122,429.560631,true,true,9CDB8462EF3DA91E2D91DFBC1DBBB74F7DEA5252D1509BE4DD31C5C34F9C878C
PAIR_TWO_SIDED_GRID_T075_S020_L3_FINAL_RESET_RUNNER_050_ACCOUNT_EMERGENCY_SL_3ADR,account_emergency_sl_reference,2022-07,5,-16.250679,-16.250679,0,0,413.309952,false,false,39E86E67F88C2EE7C097B5372D48428A65AA0D3E26ED7F950434430AC4D4CAD7
PAIR_TWO_SIDED_GRID_T075_S020_L3_FINAL_RESET_RUNNER_050_ACCOUNT_EMERGENCY_SL_3ADR,account_emergency_sl_reference,2022-08,4,-14.060988,-14.060988,0,0,399.248964,false,false,1D504196C9A41DC44AEE8E6031548E5902D71BFE1379E403FD1253E83DEDA71F
PAIR_TWO_SIDED_GRID_T075_S020_L3_FINAL_RESET_RUNNER_050_ACCOUNT_EMERGENCY_SL_3ADR,account_emergency_sl_reference,2022-09,4,-14.418106,-14.418106,0,0,384.830858,false,false,503F7BB93D2FD38295CE48786794BE5CBE8674677E4B31A8610EE87DAF62379C
PAIR_TWO_SIDED_GRID_T075_S020_L3_FINAL_RESET_RUNNER_050_ACCOUNT_EMERGENCY_SL_3ADR,account_emergency_sl_reference,2022-10,5,7.731058,7.731058,-6.39095,-31.954748,392.561916,true,true,C86385997776EBEE5723AA7BC35306B45D28A25A26AAB3FFDF42B63E2A4F074E
PAIR_TWO_SIDED_GRID_T075_S020_L3_FINAL_RESET_RUNNER_050_ACCOUNT_EMERGENCY_SL_3ADR,account_emergency_sl_reference,2022-11,4,12.962187,44.801396,-7.959802,-31.839209,405.524103,true,true,CEB6F52E2043E27C0E037F44009CD263ACE6D1B95D98D8DB638AB4BF55ED3935
PAIR_TWO_SIDED_GRID_T075_S020_L3_FINAL_RESET_RUNNER_050_ACCOUNT_EMERGENCY_SL_3ADR,account_emergency_sl_reference,2022-12,4,0.147997,-31.691212,0,0,405.6721,true,false,9112E00C1A33410F29CC749B2991381178DF75A6AE5F74FED1E90F2DFB90920F
PAIR_TWO_SIDED_GRID_T075_S020_L3_FINAL_RESET_RUNNER_050_ACCOUNT_EMERGENCY_SL_3ADR,account_emergency_sl_reference,2023-01,5,-15.841756,-15.841756,0,0,389.830344,false,false,1394C0E5A1D286225584A9219723349A77B348C742C92E67D90B3855C91765EB
PAIR_TWO_SIDED_GRID_T075_S020_L3_FINAL_RESET_RUNNER_050_ACCOUNT_EMERGENCY_SL_3ADR,account_emergency_sl_reference,2023-02,4,-15.7602,-15.7602,0,0,374.070144,false,false,A45F1B81B9C60C97B75E6C1720ECAD114B85CCB37262734FE5BA6C5FEC2D3D50
PAIR_TWO_SIDED_GRID_T075_S020_L3_FINAL_RESET_RUNNER_050_ACCOUNT_EMERGENCY_SL_3ADR,account_emergency_sl_reference,2023-03,4,45.06575,45.06575,-0.903337,-3.613349,419.135894,true,true,7B9AFB2964B4BB03546F0D8C7ACB435E5AE937BB564DF70A68348CCA6ECC5A53
PAIR_TWO_SIDED_GRID_T075_S020_L3_FINAL_RESET_RUNNER_050_ACCOUNT_EMERGENCY_SL_3ADR,account_emergency_sl_reference,2023-04,5,31.420645,31.420645,-3.338847,-16.694234,450.556539,true,true,7E623CC1ADA6685285F08BE3BE607A9D75B9CAF92829986318B5BE15ABF41E5F
PAIR_TWO_SIDED_GRID_T075_S020_L3_FINAL_RESET_RUNNER_050_ACCOUNT_EMERGENCY_SL_3ADR,account_emergency_sl_reference,2023-05,4,40.107507,46.10902,-1.500378,-6.001513,490.664046,true,true,51ECABF556BB672FC882C320233DB2CAA3A06498271BFB5528D2C792F8EC6980
PAIR_TWO_SIDED_GRID_T075_S020_L3_FINAL_RESET_RUNNER_050_ACCOUNT_EMERGENCY_SL_3ADR,account_emergency_sl_reference,2023-06,4,-33.042281,-39.043794,0,0,457.621765,false,false,C4278DDD3707445DCA16DE3DFF5E7A8DBE3618A2C3C6160E9A7B6320AF566A11
PAIR_TWO_SIDED_GRID_T075_S020_L3_FINAL_RESET_RUNNER_050_ACCOUNT_EMERGENCY_SL_3ADR,account_emergency_sl_reference,2023-07,5,-15.692603,-15.692603,0,0,441.929162,false,false,02F2295438589014D22DDE570B6E68940B1BBE9820FB61B5BC90156BF2DEC758
PAIR_TWO_SIDED_GRID_T075_S020_L3_FINAL_RESET_RUNNER_050_ACCOUNT_EMERGENCY_SL_3ADR,account_emergency_sl_reference,2023-08,4,49.087856,48.823615,0.06606,0,491.017018,true,true,2DB880FBE2692CD78E03B12D54B9B52D42EDBCC890E3367F0745F5EB09832EE2
PAIR_TWO_SIDED_GRID_T075_S020_L3_FINAL_RESET_RUNNER_050_ACCOUNT_EMERGENCY_SL_3ADR,account_emergency_sl_reference,2023-09,4,-15.27391,-15.009669,0,0,475.743108,false,false,7EA5744113408A31A94D26080A8EEFD445F09A0B4A2EA74BB3D98038BA8B5A03
PAIR_TWO_SIDED_GRID_T075_S020_L3_FINAL_RESET_RUNNER_050_ACCOUNT_EMERGENCY_SL_3ADR,account_emergency_sl_reference,2023-10,5,-15.868392,-15.868392,0,0,459.874716,false,false,C04D64407BB2169DA85103AE8EB8D22BB382B16226B90C2C0BF631A4D98C16F9
PAIR_TWO_SIDED_GRID_T075_S020_L3_FINAL_RESET_RUNNER_050_ACCOUNT_EMERGENCY_SL_3ADR,account_emergency_sl_reference,2023-11,4,14.434605,14.434605,-7.662199,-30.648795,474.309321,true,true,DBB60BC01A6A565E47468CDA7FC3B1F299289C164365C6C13406333C5C819D6B
PAIR_TWO_SIDED_GRID_T075_S020_L3_FINAL_RESET_RUNNER_050_ACCOUNT_EMERGENCY_SL_3ADR,account_emergency_sl_reference,2023-12,4,-13.355143,-13.355143,0,0,460.954178,false,false,5578E005DDEB8615957BFCD131F9D668AA47F3AC0FC8F47414D67C1C5A0FA509
PAIR_TWO_SIDED_GRID_T075_S020_L3_FINAL_RESET_RUNNER_050_ACCOUNT_EMERGENCY_SL_3ADR,account_emergency_sl_reference,2024-01,5,12.382226,42.865189,-6.096593,-30.482963,473.336404,true,true,7895EB0513CA1EF2B531A9FD1B57340CCC458E7DBC47B27FD55EE6AA2AE884F8
PAIR_TWO_SIDED_GRID_T075_S020_L3_FINAL_RESET_RUNNER_050_ACCOUNT_EMERGENCY_SL_3ADR,account_emergency_sl_reference,2024-02,4,-13.44804,-43.931003,0,0,459.888364,false,false,DD44371847E4653BF6042D37CB339ACAEDE61EDC9B7C26F86D78989ABCBF0A3E
PAIR_TWO_SIDED_GRID_T075_S020_L3_FINAL_RESET_RUNNER_050_ACCOUNT_EMERGENCY_SL_3ADR,account_emergency_sl_reference,2024-03,5,-16.205384,-16.205384,0,0,443.68298,false,false,A750FCC0DDA371994370C0A365A00A93F79BC3191036DE039F4D15EA716E3E5B
PAIR_TWO_SIDED_GRID_T075_S020_L3_FINAL_RESET_RUNNER_050_ACCOUNT_EMERGENCY_SL_3ADR,account_emergency_sl_reference,2024-04,4,-35.679884,-35.679884,0,0,408.003096,false,false,A73CAEF1A02AE0253454B811C134BC8922B8FD2684C991CB8E44C5378FEC79DF
PAIR_TWO_SIDED_GRID_T075_S020_L3_FINAL_RESET_RUNNER_050_ACCOUNT_EMERGENCY_SL_3ADR,account_emergency_sl_reference,2024-05,4,-13.146346,-13.146346,0,0,394.85675,false,false,6F012399CFED736908A9DA78DAE3B144405ACD687FF5E7AA6428B926492CE01D
PAIR_TWO_SIDED_GRID_T075_S020_L3_FINAL_RESET_RUNNER_050_ACCOUNT_EMERGENCY_SL_3ADR,account_emergency_sl_reference,2024-06,5,-16.183836,-16.183836,0,0,378.672914,false,false,062BA84BB9A6D5E9D787EAE9A7B818BF5ED88D4B018A1C81EB83BEDE053FFAC5
PAIR_TWO_SIDED_GRID_T075_S020_L3_FINAL_RESET_RUNNER_050_ACCOUNT_EMERGENCY_SL_3ADR,account_emergency_sl_reference,2024-07,4,45.399576,45.399576,8.90021,0,424.07249,true,true,212F43A8866844DB5A51A0F434A89AA99D2360879AA91AEAA50D9FCF4E677AD5
PAIR_TWO_SIDED_GRID_T075_S020_L3_FINAL_RESET_RUNNER_050_ACCOUNT_EMERGENCY_SL_3ADR,account_emergency_sl_reference,2024-08,4,36.053706,36.053706,-6.205481,-24.821925,460.126196,true,true,FA26987D7B43F52E1214A687C7C5BCCCA968CBF8D37626A7337EA74C1E211936
PAIR_TWO_SIDED_GRID_T075_S020_L3_FINAL_RESET_RUNNER_050_ACCOUNT_EMERGENCY_SL_3ADR,account_emergency_sl_reference,2024-09,5,-16.105001,-16.105001,0,0,444.021195,false,false,27373FF5AC2830A9EB2912FB2EF5CA097562D0C1F70735055D66A6951B014029
PAIR_TWO_SIDED_GRID_T075_S020_L3_FINAL_RESET_RUNNER_050_ACCOUNT_EMERGENCY_SL_3ADR,account_emergency_sl_reference,2024-10,4,-13.013205,-13.013205,0,0,431.00799,false,false,A307D36C200C8EF092657C934631FC9A8A3BDD387A03A21355767E4F7A2C81F7
PAIR_TWO_SIDED_GRID_T075_S020_L3_FINAL_RESET_RUNNER_050_ACCOUNT_EMERGENCY_SL_3ADR,account_emergency_sl_reference,2024-11,4,-14.296571,-14.296571,0,0,416.711419,false,false,CAA56396B79ECF3AD1BBF9910A4F46B049C21A6CD19CF700EA7009DFF26823E6
PAIR_TWO_SIDED_GRID_T075_S020_L3_FINAL_RESET_RUNNER_050_ACCOUNT_EMERGENCY_SL_3ADR,account_emergency_sl_reference,2024-12,5,-16.40107,-16.40107,0,0,400.310349,false,false,75520372783E3683F5CAAEF0CA16A2D671578C13DA803B04B1455B6BF15E2307
PAIR_TWO_SIDED_GRID_T075_S020_L3_FINAL_RESET_RUNNER_050_ACCOUNT_EMERGENCY_SL_3ADR,account_emergency_sl_reference,2025-01,4,86.058817,86.058817,10.64074,-1.956755,486.369166,true,true,918CCEDE8CCD3767FB581998775CF5E9B2A90C214402E6A25D0A8DC938CC5476
PAIR_TWO_SIDED_GRID_T075_S020_L3_FINAL_RESET_RUNNER_050_ACCOUNT_EMERGENCY_SL_3ADR,account_emergency_sl_reference,2025-02,4,-12.445906,-12.445906,0,0,473.92326,false,false,066F667E3C655BC58F7681D35F12F0A4D40957B76A8EE5DD872D52768046729D
PAIR_TWO_SIDED_GRID_T075_S020_L3_FINAL_RESET_RUNNER_050_ACCOUNT_EMERGENCY_SL_3ADR,account_emergency_sl_reference,2025-03,5,-16.152603,-16.152603,0,0,457.770657,false,false,D099118263F744478C55A478993A17A3A0A22093F41953E690E5B8809EB9CAA0
PAIR_TWO_SIDED_GRID_T075_S020_L3_FINAL_RESET_RUNNER_050_ACCOUNT_EMERGENCY_SL_3ADR,account_emergency_sl_reference,2025-04,4,-12.764858,-12.764858,0,0,445.005799,false,false,FAB863A8B834AA0644C81797B5452508A6FDA1C3CBC3245F3A9F874DF523BBE9
PAIR_TWO_SIDED_GRID_T075_S020_L3_FINAL_RESET_RUNNER_050_ACCOUNT_EMERGENCY_SL_3ADR,account_emergency_sl_reference,2025-05,4,-20.354647,-20.354647,0,0,424.651152,false,false,96DCA5351ABB5DF173D9E95113AA8F24C85A3828E699DA6652AC1F89E91599D9
PAIR_TWO_SIDED_GRID_T075_S020_L3_FINAL_RESET_RUNNER_050_ACCOUNT_EMERGENCY_SL_3ADR,account_emergency_sl_reference,2025-06,5,31.331637,43.354015,-2.404476,-12.022378,455.982789,true,true,B3F5A28C159B1E54077F68A6AEC0D14F521A158DA48BA57FECBFB78A41F47EED
PAIR_TWO_SIDED_GRID_T075_S020_L3_FINAL_RESET_RUNNER_050_ACCOUNT_EMERGENCY_SL_3ADR,account_emergency_sl_reference,2025-07,4,-13.712421,-25.734799,0,0,442.270368,false,false,B59B4F8F632BB75345A445E4AE3D2BB60AC5D2AB3D6521767C91F51D5CD321A2
PAIR_TWO_SIDED_GRID_T075_S020_L3_FINAL_RESET_RUNNER_050_ACCOUNT_EMERGENCY_SL_3ADR,account_emergency_sl_reference,2025-08,5,-15.441342,-15.441342,0,0,426.829026,false,false,F77FA7ECEEDEA050CED24DDA8244A97B174C666A3D40DA11ACB818435E4DE985
PAIR_TWO_SIDED_GRID_T075_S020_L3_FINAL_RESET_RUNNER_050_ACCOUNT_EMERGENCY_SL_3ADR,account_emergency_sl_reference,2025-09,4,-12.971845,-12.971845,0,0,413.857181,false,false,66229048464848CD96CCCFA13A21D255C99D1B1A754629532B27840DBBFA1A7E
PAIR_TWO_SIDED_GRID_T075_S020_L3_FINAL_RESET_RUNNER_050_ACCOUNT_EMERGENCY_SL_3ADR,account_emergency_sl_reference,2025-10,4,-13.982084,-13.982084,0,0,399.875097,false,false,3FCF5BFE14B44622D148EB14CDB364FE3CA6F038878B9C846E91B3A26ABBC67D
PAIR_TWO_SIDED_GRID_T075_S020_L3_FINAL_RESET_RUNNER_050_ACCOUNT_EMERGENCY_SL_3ADR,account_emergency_sl_reference,2025-11,4,-12.915231,-12.915231,0,0,386.959866,false,false,7164A367874FBD7A32889CDC43D8CF61586C98726FE813A618C6E0E2BB1BCA2E
PAIR_TWO_SIDED_GRID_T075_S020_L3_FINAL_RESET_RUNNER_050_ACCOUNT_EMERGENCY_SL_3ADR,account_emergency_sl_reference,2025-12,5,-16.859401,-16.859401,0,0,370.100465,false,false,94D64738A3A4075448FC53E4DAA2CDFF896945CE08084F39478D4C598B713CD9
PAIR_TWO_SIDED_GRID_T075_S020_L3_FINAL_RESET_RUNNER_050_ACCOUNT_EMERGENCY_SL_3ADR,account_emergency_sl_reference,2026-01,4,-14.153148,-14.153148,0,0,355.947317,false,false,01FED8FF75A1B8D4AD8007100E059E83FD9B77E21A9A185AE0D20DF1556E763E
PAIR_TWO_SIDED_GRID_T075_S020_L3_FINAL_RESET_RUNNER_050_ACCOUNT_EMERGENCY_SL_3ADR,account_emergency_sl_reference,2026-02,4,-12.910986,-12.910986,0,0,343.036331,false,false,097B0688A039FB703D275AA4D94150417964FAB6C053DCE19D12FDB288216F30
PAIR_TWO_SIDED_GRID_T075_S020_L3_FINAL_RESET_RUNNER_050_ACCOUNT_EMERGENCY_SL_3ADR,account_emergency_sl_reference,2026-03,5,-16.816047,-16.816047,0,0,326.220284,false,false,7957727BA5DAF097F427D7755E1DA16BB5085923F753FED6F20F5161A048A34B
PAIR_TWO_SIDED_GRID_T075_S020_L3_FINAL_RESET_RUNNER_050_ACCOUNT_EMERGENCY_SL_3ADR,account_emergency_sl_reference,2026-04,4,-12.576203,-12.576203,0,0,313.644081,false,false,3492FCAFB8D8CFBBC1EB3DCA4127B8F493086BCB668961CE832FF4DA926AB90D
PAIR_TWO_SIDED_GRID_T075_S020_L3_FINAL_RESET_RUNNER_050_ACCOUNT_EMERGENCY_SL_3ADR,account_emergency_sl_reference,2026-05,5,-17.30628,-17.30628,0,0,296.337801,false,false,50239E6F1CA63E1696FC7814923547DA19BAE9CADFF2765C37F64781DC8F36EB
PAIR_TWO_SIDED_GRID_T075_S020_L3_FINAL_RESET_RUNNER_050_ACCOUNT_EMERGENCY_SL_5ADR,account_emergency_sl_reference,2019-04,3,-16.639607,-16.639607,0,0,-16.639607,false,false,2F278CDB613DA54E8C85DC7F235CA16065FB0335A3297CB340B691F8DCFE0C23
PAIR_TWO_SIDED_GRID_T075_S020_L3_FINAL_RESET_RUNNER_050_ACCOUNT_EMERGENCY_SL_5ADR,account_emergency_sl_reference,2019-05,4,-22.361762,-22.361762,0,0,-39.001369,false,false,B508F86B810226F7A282224D553D423D52F68D11D8369FC2E07589B4C586E375
PAIR_TWO_SIDED_GRID_T075_S020_L3_FINAL_RESET_RUNNER_050_ACCOUNT_EMERGENCY_SL_5ADR,account_emergency_sl_reference,2019-06,5,-26.584712,-26.584712,0,0,-65.586081,false,false,F298FBA25D7313DEC7A94D2856025FC21284F096619E73103F61AF2F38161488
PAIR_TWO_SIDED_GRID_T075_S020_L3_FINAL_RESET_RUNNER_050_ACCOUNT_EMERGENCY_SL_5ADR,account_emergency_sl_reference,2019-07,4,-20.620627,-20.620627,0,0,-86.206708,false,false,1C4F222B7AEA445CD6610DDAA06255B27B5292978B04FD1D8A0340C9A0A27AE0
PAIR_TWO_SIDED_GRID_T075_S020_L3_FINAL_RESET_RUNNER_050_ACCOUNT_EMERGENCY_SL_5ADR,account_emergency_sl_reference,2019-08,4,107.204349,84.056447,23.066191,12.673644,20.997641,true,true,382E31A89032509683FA7BFDC12D03F96C70DE5B5F292BECB57E71AF6E6FD68F
PAIR_TWO_SIDED_GRID_T075_S020_L3_FINAL_RESET_RUNNER_050_ACCOUNT_EMERGENCY_SL_5ADR,account_emergency_sl_reference,2019-09,5,11.248001,34.395903,4.881294,0,32.245642,true,true,3F9A531F3BDA24090F382B9A34E20FC55BEF752CE2E2D9C24D96C99318C4B450
PAIR_TWO_SIDED_GRID_T075_S020_L3_FINAL_RESET_RUNNER_050_ACCOUNT_EMERGENCY_SL_5ADR,account_emergency_sl_reference,2019-10,4,60.398149,38.564708,5.45836,0,92.643791,true,true,8C6D29FAB8E0B521242E0738773AE505711E982C740C90E549F78553FAB58AA8
PAIR_TWO_SIDED_GRID_T075_S020_L3_FINAL_RESET_RUNNER_050_ACCOUNT_EMERGENCY_SL_5ADR,account_emergency_sl_reference,2019-11,4,-44.369474,-22.536033,0,0,48.274317,false,false,5AEE486E6A79F30021BF1CDCAD4870C71859703FCFA58BFDCEEB5A8D6C10B899
PAIR_TWO_SIDED_GRID_T075_S020_L3_FINAL_RESET_RUNNER_050_ACCOUNT_EMERGENCY_SL_5ADR,account_emergency_sl_reference,2019-12,5,74.179652,74.179652,4.800156,-12.57705,122.453969,true,true,04492B28298CC8EA704B6357E06639DD22D4A24CEA551158989A72C80FC9E0AC
PAIR_TWO_SIDED_GRID_T075_S020_L3_FINAL_RESET_RUNNER_050_ACCOUNT_EMERGENCY_SL_5ADR,account_emergency_sl_reference,2020-01,4,15.644203,15.644203,-7.089252,-28.35701,138.098172,true,true,9FC00FE24C0D40D2A85B14C125F0F4939934D2BC0593CA97E8B89A6C96371249
PAIR_TWO_SIDED_GRID_T075_S020_L3_FINAL_RESET_RUNNER_050_ACCOUNT_EMERGENCY_SL_5ADR,account_emergency_sl_reference,2020-02,4,-21.787139,-21.787139,0,0,116.311033,false,false,E18076A0CE7DDB6AAD90C29274A6E34E2C7A654131AA8CC5B8C1A15E0D50A5AC
PAIR_TWO_SIDED_GRID_T075_S020_L3_FINAL_RESET_RUNNER_050_ACCOUNT_EMERGENCY_SL_5ADR,account_emergency_sl_reference,2020-03,5,-38.618921,-38.618921,0,0,77.692112,false,false,63B918E78E756AFE82B8AA4D4341798AB7FAAA873A93C2C471D8D92B22CF4E17
PAIR_TWO_SIDED_GRID_T075_S020_L3_FINAL_RESET_RUNNER_050_ACCOUNT_EMERGENCY_SL_5ADR,account_emergency_sl_reference,2020-04,4,-21.665181,-21.665181,0,0,56.026931,false,false,ABF8834A99CB5A804370E62A8AC8F7C6864FAA2C3292614904A413909A9628B9
PAIR_TWO_SIDED_GRID_T075_S020_L3_FINAL_RESET_RUNNER_050_ACCOUNT_EMERGENCY_SL_5ADR,account_emergency_sl_reference,2020-05,5,61.218134,32.616478,10.946997,0,117.245065,true,true,B8DC6D00F6639EDC25D279C4451FE83AD0E1991C34359445A81BA277668B6F19
PAIR_TWO_SIDED_GRID_T075_S020_L3_FINAL_RESET_RUNNER_050_ACCOUNT_EMERGENCY_SL_5ADR,account_emergency_sl_reference,2020-06,4,69.310761,54.919129,58.019737,42.993288,186.555826,true,true,563F47F6F699461FEAAE08F75307CE74D63C32E7317BBF7799192F65587BFA60
PAIR_TWO_SIDED_GRID_T075_S020_L3_FINAL_RESET_RUNNER_050_ACCOUNT_EMERGENCY_SL_5ADR,account_emergency_sl_reference,2020-07,4,-43.384324,-0.391036,20.885897,0,143.171502,false,false,4D491442552E473932363948A6E0D5B51D520EA8542116E69F103CE420C3B635
PAIR_TWO_SIDED_GRID_T075_S020_L3_FINAL_RESET_RUNNER_050_ACCOUNT_EMERGENCY_SL_5ADR,account_emergency_sl_reference,2020-08,5,-26.029854,-26.029854,0,0,117.141648,false,false,F343A63851BEE7C075721AF888BA8672B5D53785CA89214565A362B046D82DD3
PAIR_TWO_SIDED_GRID_T075_S020_L3_FINAL_RESET_RUNNER_050_ACCOUNT_EMERGENCY_SL_5ADR,account_emergency_sl_reference,2020-09,4,-20.957803,-20.957803,0,0,96.183845,false,false,22DCA54D1BC50F9B41F9EA2A9BE4A5E5F5ABB36930E3CA94DE8B3E262DD07881
PAIR_TWO_SIDED_GRID_T075_S020_L3_FINAL_RESET_RUNNER_050_ACCOUNT_EMERGENCY_SL_5ADR,account_emergency_sl_reference,2020-10,4,-20.427675,-20.427675,0,0,75.75617,false,false,59F5603EFBB724E271B9F05632C66BD7DF363AD9CB0B4AF118A4E2418B43E7B4
PAIR_TWO_SIDED_GRID_T075_S020_L3_FINAL_RESET_RUNNER_050_ACCOUNT_EMERGENCY_SL_5ADR,account_emergency_sl_reference,2020-11,5,15.806816,15.806816,-2.766093,-13.830466,91.562986,true,true,AAF3CEF11F8244CC0FD47089CE7E6D1C7F916CB9C3C1C90698FC47FDB984156C
PAIR_TWO_SIDED_GRID_T075_S020_L3_FINAL_RESET_RUNNER_050_ACCOUNT_EMERGENCY_SL_5ADR,account_emergency_sl_reference,2020-12,4,-22.130086,-22.130086,0,0,69.4329,false,false,032F7981BAD01B05E9C48A25BE5B4CF171A9B04105CCBFB89F7623911C078C0D
PAIR_TWO_SIDED_GRID_T075_S020_L3_FINAL_RESET_RUNNER_050_ACCOUNT_EMERGENCY_SL_5ADR,account_emergency_sl_reference,2021-01,4,-20.344124,-20.344124,0,0,49.088776,false,false,4FC7E9BEEB5E9FF13ACCD8EEBE123C4580ED503B4A4FABEBD20053CC3DDF1DC2
PAIR_TWO_SIDED_GRID_T075_S020_L3_FINAL_RESET_RUNNER_050_ACCOUNT_EMERGENCY_SL_5ADR,account_emergency_sl_reference,2021-02,4,193.362891,86.64651,50.680536,10.534047,242.451667,true,true,995EA9FDDC95168A8E7845B799178CDD36F98FBE031C96D0227D661A962D77D0
PAIR_TWO_SIDED_GRID_T075_S020_L3_FINAL_RESET_RUNNER_050_ACCOUNT_EMERGENCY_SL_5ADR,account_emergency_sl_reference,2021-03,5,41.482803,66.504152,110.799891,81.695032,283.93447,true,true,7574175F1B6DCC2BDB8A1DC8E5C7BBB9679EEFD16C4D802718134FFCE7383691
PAIR_TWO_SIDED_GRID_T075_S020_L3_FINAL_RESET_RUNNER_050_ACCOUNT_EMERGENCY_SL_5ADR,account_emergency_sl_reference,2021-04,4,22.116778,28.260944,82.190157,73.116534,306.051248,true,true,E1C9E0A1A024FB6FFBE6656034A7B7A7C8E2421DDC8A5A49EEC0A33C7D762709
PAIR_TWO_SIDED_GRID_T075_S020_L3_FINAL_RESET_RUNNER_050_ACCOUNT_EMERGENCY_SL_5ADR,account_emergency_sl_reference,2021-05,5,-93.856515,-18.305649,6.628495,0,212.194733,false,false,6BB536BBE2D42E81A4FE1B71357675810106BFC49C4208F983CFBAE7FE21FECE
PAIR_TWO_SIDED_GRID_T075_S020_L3_FINAL_RESET_RUNNER_050_ACCOUNT_EMERGENCY_SL_5ADR,account_emergency_sl_reference,2021-06,4,36.924557,33.824359,0.77505,0,249.11929,true,true,7C0BCFBC47A60CC526E611899D9D2DF0701408EF35A03FBB43DB106C31CA7CCD
PAIR_TWO_SIDED_GRID_T075_S020_L3_FINAL_RESET_RUNNER_050_ACCOUNT_EMERGENCY_SL_5ADR,account_emergency_sl_reference,2021-07,4,31.098561,34.198759,-3.417665,-13.670662,280.217851,true,true,A09ABED22F65B47130BB5C6117E06D779086D12D3B6FA6C1EDAB8A04E205FAF4
PAIR_TWO_SIDED_GRID_T075_S020_L3_FINAL_RESET_RUNNER_050_ACCOUNT_EMERGENCY_SL_5ADR,account_emergency_sl_reference,2021-08,5,-0.401775,-0.401775,-3.147318,-15.736588,279.816076,false,false,10E8C00A7275FC016D6AF8D3E0ED0EB515F84512C0349E5C62910FCE07677EA4
PAIR_TWO_SIDED_GRID_T075_S020_L3_FINAL_RESET_RUNNER_050_ACCOUNT_EMERGENCY_SL_5ADR,account_emergency_sl_reference,2021-09,4,21.923693,33.556512,-2.908205,-11.632819,301.739769,true,true,CD97B8C633035479CB0ACFEA418F3D8C505245B1D26A17763B026807E2BBCDAB
PAIR_TWO_SIDED_GRID_T075_S020_L3_FINAL_RESET_RUNNER_050_ACCOUNT_EMERGENCY_SL_5ADR,account_emergency_sl_reference,2021-10,5,76.434223,66.758546,-2.282813,-9.456923,378.173992,true,true,A5DF7ED9BB939A974B954C595F8CF44666FB51AFB346585F0E6B47E78F57D96F
PAIR_TWO_SIDED_GRID_T075_S020_L3_FINAL_RESET_RUNNER_050_ACCOUNT_EMERGENCY_SL_5ADR,account_emergency_sl_reference,2021-11,4,-18.968508,-20.92565,0,0,359.205484,false,false,075EB5E4113A2E3122245B35C3F28CEDC46E9FD884FFD77633618F256678AF79
PAIR_TWO_SIDED_GRID_T075_S020_L3_FINAL_RESET_RUNNER_050_ACCOUNT_EMERGENCY_SL_5ADR,account_emergency_sl_reference,2021-12,4,2.67666,2.67666,-7.871228,-31.484911,361.882144,true,true,D984808720F2CCFD811DF6AC9784E88813E103AA9619134EE1B2C395929E468B
PAIR_TWO_SIDED_GRID_T075_S020_L3_FINAL_RESET_RUNNER_050_ACCOUNT_EMERGENCY_SL_5ADR,account_emergency_sl_reference,2022-01,5,-26.380847,-26.380847,0,0,335.501297,false,false,D1D0C9CA70424B8766213CF6132ECFC2B2A4D11E6CB6FD9462FA491C272511A1
PAIR_TWO_SIDED_GRID_T075_S020_L3_FINAL_RESET_RUNNER_050_ACCOUNT_EMERGENCY_SL_5ADR,account_emergency_sl_reference,2022-02,4,-20.500538,-20.500538,0,0,315.000759,false,false,F3EDFD27A54D00EBDEB0C2CA4FE117312BDAC28EC7617B989909A8AF0CB876EF
PAIR_TWO_SIDED_GRID_T075_S020_L3_FINAL_RESET_RUNNER_050_ACCOUNT_EMERGENCY_SL_5ADR,account_emergency_sl_reference,2022-03,4,68.115065,98.690086,-7.783599,-30.575021,383.115824,true,true,06EE4BE2ED8E5073A075120633F0374A723E87E0459C9663E89B33CEFA521D19
PAIR_TWO_SIDED_GRID_T075_S020_L3_FINAL_RESET_RUNNER_050_ACCOUNT_EMERGENCY_SL_5ADR,account_emergency_sl_reference,2022-04,4,-21.852754,-52.427775,0,0,361.26307,false,false,CD62386B5D722150588F914D7623E1B291D8D6F6709E4C7F3ACFB7E5EFCD5139
PAIR_TWO_SIDED_GRID_T075_S020_L3_FINAL_RESET_RUNNER_050_ACCOUNT_EMERGENCY_SL_5ADR,account_emergency_sl_reference,2022-05,5,-29.14747,-29.14747,0,0,332.1156,false,false,CDFF6EF630F971AD7F70E3DE1D322200DC3FBBCD31CA62FC2C0DD581909C2AFE
PAIR_TWO_SIDED_GRID_T075_S020_L3_FINAL_RESET_RUNNER_050_ACCOUNT_EMERGENCY_SL_5ADR,account_emergency_sl_reference,2022-06,4,28.502742,28.502742,-4.57778,-18.311122,360.618342,true,true,3609608AB7EB11F94CB481292812A9076E81EEA78347373E8296112CB61C8D36
PAIR_TWO_SIDED_GRID_T075_S020_L3_FINAL_RESET_RUNNER_050_ACCOUNT_EMERGENCY_SL_5ADR,account_emergency_sl_reference,2022-07,5,-26.57075,-26.57075,0,0,334.047592,false,false,94215CB135EF0E3655630798F16764686D7585CA06691D18551DB502474AA459
PAIR_TWO_SIDED_GRID_T075_S020_L3_FINAL_RESET_RUNNER_050_ACCOUNT_EMERGENCY_SL_5ADR,account_emergency_sl_reference,2022-08,4,-20.255566,-20.255566,0,0,313.792026,false,false,0BFFE09CB9C03B6CC0B85845AA3A2A676E96760988E977C5E032182D95721182
PAIR_TWO_SIDED_GRID_T075_S020_L3_FINAL_RESET_RUNNER_050_ACCOUNT_EMERGENCY_SL_5ADR,account_emergency_sl_reference,2022-09,4,-32.271254,-32.271254,0,0,281.520772,false,false,379B529C9FEC5E5F611176640BF31D0F043AAFF99973BA7572BDC6F8746B1AAC
PAIR_TWO_SIDED_GRID_T075_S020_L3_FINAL_RESET_RUNNER_050_ACCOUNT_EMERGENCY_SL_5ADR,account_emergency_sl_reference,2022-10,5,2.706972,2.706972,-6.39095,-31.954748,284.227744,true,true,DFA2ABED8AF7E19FEBB77743E91C6FC89A1FDCB97CF2D77A895B2E27E651CAC7
PAIR_TWO_SIDED_GRID_T075_S020_L3_FINAL_RESET_RUNNER_050_ACCOUNT_EMERGENCY_SL_5ADR,account_emergency_sl_reference,2022-11,4,56.520641,88.35985,-9.41338,-31.839209,340.748385,true,true,2431C826E43C62C923F9DAE2D26538894EEA17F6A70E244DA559ED92569383CC
PAIR_TWO_SIDED_GRID_T075_S020_L3_FINAL_RESET_RUNNER_050_ACCOUNT_EMERGENCY_SL_5ADR,account_emergency_sl_reference,2022-12,4,-5.117297,-36.956506,0,0,335.631088,false,false,1B774E84C46F94BFF5D4D7A506EF56623FC12886817D33D7DFF5F29F53A6DF81
PAIR_TWO_SIDED_GRID_T075_S020_L3_FINAL_RESET_RUNNER_050_ACCOUNT_EMERGENCY_SL_5ADR,account_emergency_sl_reference,2023-01,5,31.092451,31.092451,-3.328094,-16.64047,366.723539,true,true,C2354ADB0F49E5076D433F89A8041339171F7EFF711F8E4C3A13A0F4FA7F3039
PAIR_TWO_SIDED_GRID_T075_S020_L3_FINAL_RESET_RUNNER_050_ACCOUNT_EMERGENCY_SL_5ADR,account_emergency_sl_reference,2023-02,4,-22.294022,-22.294022,0,0,344.429517,false,false,DFA1140387242ED938A3F859ACAD91964DC9F852B7525B82A272AABAF3DF7C24
PAIR_TWO_SIDED_GRID_T075_S020_L3_FINAL_RESET_RUNNER_050_ACCOUNT_EMERGENCY_SL_5ADR,account_emergency_sl_reference,2023-03,4,41.934919,41.934919,0.213562,0,386.364436,true,true,1B8E5C1C7F0E038AB773F6A140A695DD9017440011673487715B0E4C34C5CFA8
PAIR_TWO_SIDED_GRID_T075_S020_L3_FINAL_RESET_RUNNER_050_ACCOUNT_EMERGENCY_SL_5ADR,account_emergency_sl_reference,2023-04,5,25.370718,25.370718,-3.338847,-16.694234,411.735154,true,true,A5D5E64F04FC7AEB5D0ED7FF7A5E1DAB7B6AA793F2FB90AF3DE2C36AAA61EA30
PAIR_TWO_SIDED_GRID_T075_S020_L3_FINAL_RESET_RUNNER_050_ACCOUNT_EMERGENCY_SL_5ADR,account_emergency_sl_reference,2023-05,4,33.26076,39.262273,-1.500378,-6.001513,444.995914,true,true,5C68901CA58F8BC0C351000C99380B74CD637670B9884393E26BEE14ED723685
PAIR_TWO_SIDED_GRID_T075_S020_L3_FINAL_RESET_RUNNER_050_ACCOUNT_EMERGENCY_SL_5ADR,account_emergency_sl_reference,2023-06,4,-48.668613,-54.670126,0,0,396.327301,false,false,29EB8F1C9A6D5C4E22239D51EBF22E6944F1FB4E20062111DCEB0D9B9B30EC68
PAIR_TWO_SIDED_GRID_T075_S020_L3_FINAL_RESET_RUNNER_050_ACCOUNT_EMERGENCY_SL_5ADR,account_emergency_sl_reference,2023-07,5,26.594877,26.594877,-2.473577,-12.367887,422.922178,true,true,9EE07D60355415CCA07DEB188585EB92FB510C572DCF6B35DC2F416CFFB48A4A
PAIR_TWO_SIDED_GRID_T075_S020_L3_FINAL_RESET_RUNNER_050_ACCOUNT_EMERGENCY_SL_5ADR,account_emergency_sl_reference,2023-08,4,41.484761,41.22052,0.06606,0,464.406939,true,true,5FB6B12CACA0A93270EF5D0ECA0B340BBF6E4AFBC49B9C805125DEDA9FA28E03
PAIR_TWO_SIDED_GRID_T075_S020_L3_FINAL_RESET_RUNNER_050_ACCOUNT_EMERGENCY_SL_5ADR,account_emergency_sl_reference,2023-09,4,-21.408399,-21.144158,0,0,442.99854,false,false,1487DFA9083F27E3E780DFE5D3DF657493034E604E8D4C4640A4E847E49B171B
PAIR_TWO_SIDED_GRID_T075_S020_L3_FINAL_RESET_RUNNER_050_ACCOUNT_EMERGENCY_SL_5ADR,account_emergency_sl_reference,2023-10,5,65.264911,65.264911,-9.023357,-33.700386,508.263451,true,true,72691751C036A233BD5551E72CFA510652ACBF50F008D8DDD1EC155C1C2A46A2
PAIR_TWO_SIDED_GRID_T075_S020_L3_FINAL_RESET_RUNNER_050_ACCOUNT_EMERGENCY_SL_5ADR,account_emergency_sl_reference,2023-11,4,13.169173,13.169173,-7.662199,-30.648795,521.432624,true,true,B53EF86EEE265712096B1EBBC28791BD008791C80168239EEC71AEB8B9794D18
PAIR_TWO_SIDED_GRID_T075_S020_L3_FINAL_RESET_RUNNER_050_ACCOUNT_EMERGENCY_SL_5ADR,account_emergency_sl_reference,2023-12,4,-22.170635,-22.170635,0,0,499.261989,false,false,1536E03072CD287C02CFD2DA30DE10F0B6365BE59C7F9B9B7EE4259305742CA5
PAIR_TWO_SIDED_GRID_T075_S020_L3_FINAL_RESET_RUNNER_050_ACCOUNT_EMERGENCY_SL_5ADR,account_emergency_sl_reference,2024-01,5,4.000553,34.483516,-6.096593,-30.482963,503.262542,true,true,1C66925E86A71B77A7C3BDDF9F06C52236FA21A6EAF428BEB2B756FD6C27D783
PAIR_TWO_SIDED_GRID_T075_S020_L3_FINAL_RESET_RUNNER_050_ACCOUNT_EMERGENCY_SL_5ADR,account_emergency_sl_reference,2024-02,4,-19.849792,-50.332755,0,0,483.41275,false,false,D33BEABD7B23465BBC3430379C3AF7D958DAA836BE3992888ED11EB821A18CFA
PAIR_TWO_SIDED_GRID_T075_S020_L3_FINAL_RESET_RUNNER_050_ACCOUNT_EMERGENCY_SL_5ADR,account_emergency_sl_reference,2024-03,5,-26.77395,-26.77395,0,0,456.6388,false,false,888B69A347166B1BDB54CECE95B3CD3266B6AB44CAE612D3FE8E57ED769388AC
PAIR_TWO_SIDED_GRID_T075_S020_L3_FINAL_RESET_RUNNER_050_ACCOUNT_EMERGENCY_SL_5ADR,account_emergency_sl_reference,2024-04,4,-42.012993,-42.012993,0,0,414.625807,false,false,D1200527492C310384221B7C5A9D4BD459F19693B1F8A6B616625ADE04C2BD2F
PAIR_TWO_SIDED_GRID_T075_S020_L3_FINAL_RESET_RUNNER_050_ACCOUNT_EMERGENCY_SL_5ADR,account_emergency_sl_reference,2024-05,4,-21.532335,-21.532335,0,0,393.093472,false,false,F8AFFCD8EADC7541FD9E9AE945C019F9F7391F24FCFE7BD10B5ADCFDD5B56512
PAIR_TWO_SIDED_GRID_T075_S020_L3_FINAL_RESET_RUNNER_050_ACCOUNT_EMERGENCY_SL_5ADR,account_emergency_sl_reference,2024-06,5,-27.238581,-27.238581,0,0,365.854891,false,false,4885601A51517893A271CFFDD27958C5E9582A9D4E09E05C5EDE313F15CF8AE9
PAIR_TWO_SIDED_GRID_T075_S020_L3_FINAL_RESET_RUNNER_050_ACCOUNT_EMERGENCY_SL_5ADR,account_emergency_sl_reference,2024-07,4,38.614665,38.614665,8.90021,0,404.469556,true,true,8C43591E0E8532995F12D3E536D7D61F6FF63C6426CB69945874333A6E5B8B4E
PAIR_TWO_SIDED_GRID_T075_S020_L3_FINAL_RESET_RUNNER_050_ACCOUNT_EMERGENCY_SL_5ADR,account_emergency_sl_reference,2024-08,4,31.672816,31.672816,-6.205481,-24.821925,436.142372,true,true,A888F733579557CE8B205ABC5C0987FF7A2C4DD42DABA5517C3BF3529BD84E2A
PAIR_TWO_SIDED_GRID_T075_S020_L3_FINAL_RESET_RUNNER_050_ACCOUNT_EMERGENCY_SL_5ADR,account_emergency_sl_reference,2024-09,5,-26.373141,-26.373141,0,0,409.769231,false,false,9245B9957F718C83D2BEAAF63EDBE880DBB1369D40FF569A99130B8094DED054
PAIR_TWO_SIDED_GRID_T075_S020_L3_FINAL_RESET_RUNNER_050_ACCOUNT_EMERGENCY_SL_5ADR,account_emergency_sl_reference,2024-10,4,-22.469782,-22.469782,0,0,387.299449,false,false,EF97FE8853D89EEA1CECF60D1C36C02F71F37EB3206D00EC2C93066FCB64DB9B
PAIR_TWO_SIDED_GRID_T075_S020_L3_FINAL_RESET_RUNNER_050_ACCOUNT_EMERGENCY_SL_5ADR,account_emergency_sl_reference,2024-11,4,-23.687679,-23.687679,0,0,363.61177,false,false,72DC80DD31959101EBDF22BCDEAE94A21EE59AFABE8FC47719F59E58AB40D80A
PAIR_TWO_SIDED_GRID_T075_S020_L3_FINAL_RESET_RUNNER_050_ACCOUNT_EMERGENCY_SL_5ADR,account_emergency_sl_reference,2024-12,5,11.815674,30.292412,-3.695348,-18.476738,375.427444,true,true,A84F70CB218BEEA44FA64577F4CFA1CD672B7B85CA2037AE76076E47EE1D1E31
PAIR_TWO_SIDED_GRID_T075_S020_L3_FINAL_RESET_RUNNER_050_ACCOUNT_EMERGENCY_SL_5ADR,account_emergency_sl_reference,2025-01,4,13.701711,-4.775027,-13.408163,-53.632651,389.129155,true,false,0B2A957099331D720665EA766F327DA6D524B7C436D56773CA263BB7FF75CFFE
PAIR_TWO_SIDED_GRID_T075_S020_L3_FINAL_RESET_RUNNER_050_ACCOUNT_EMERGENCY_SL_5ADR,account_emergency_sl_reference,2025-02,4,-21.243343,-21.243343,0,0,367.885812,false,false,AC4F1ACF4583D8C49284C4B35EB8D9550AF2A6FBFBC80DE199B83596AA47C989
PAIR_TWO_SIDED_GRID_T075_S020_L3_FINAL_RESET_RUNNER_050_ACCOUNT_EMERGENCY_SL_5ADR,account_emergency_sl_reference,2025-03,5,-25.952866,-25.952866,0,0,341.932946,false,false,05BCB2BB43C5BA254A33DFD281A05B55128618B5D54F1328009DCE2114B19A67
PAIR_TWO_SIDED_GRID_T075_S020_L3_FINAL_RESET_RUNNER_050_ACCOUNT_EMERGENCY_SL_5ADR,account_emergency_sl_reference,2025-04,4,-22.34561,-22.34561,0,0,319.587336,false,false,528561A0B91848F0D7291597B510F5373A0EC1A626CD3C94E82250E7FEF3466C
PAIR_TWO_SIDED_GRID_T075_S020_L3_FINAL_RESET_RUNNER_050_ACCOUNT_EMERGENCY_SL_5ADR,account_emergency_sl_reference,2025-05,4,-25.322202,-25.322202,0,0,294.265134,false,false,AC687F718802A03997C3AD1CE00A22E8254ABC2E443287FC8EF6CE23DE0FFECD
PAIR_TWO_SIDED_GRID_T075_S020_L3_FINAL_RESET_RUNNER_050_ACCOUNT_EMERGENCY_SL_5ADR,account_emergency_sl_reference,2025-06,5,23.276965,35.299343,-2.404476,-12.022378,317.542099,true,true,681E7DE82FF0557572436A34767309DD046C91758D536C0903F105D67207AAEF
PAIR_TWO_SIDED_GRID_T075_S020_L3_FINAL_RESET_RUNNER_050_ACCOUNT_EMERGENCY_SL_5ADR,account_emergency_sl_reference,2025-07,4,-18.71172,-30.734098,0,0,298.830379,false,false,15B0CA2911EE6F39159D4F581D3AA195FEE97C57552F0487094C80D5124DEA86
PAIR_TWO_SIDED_GRID_T075_S020_L3_FINAL_RESET_RUNNER_050_ACCOUNT_EMERGENCY_SL_5ADR,account_emergency_sl_reference,2025-08,5,-26.046046,-26.046046,0,0,272.784333,false,false,A9327296EF81CF1749C5D5FD4A7EF9EE6D25A88F6B9523B9BD5DBAC8F2AEBFDF
PAIR_TWO_SIDED_GRID_T075_S020_L3_FINAL_RESET_RUNNER_050_ACCOUNT_EMERGENCY_SL_5ADR,account_emergency_sl_reference,2025-09,4,-20.380325,-20.380325,0,0,252.404008,false,false,0B88CE713B1FCF851EFEAE7B79AF7E95D729E09C5CA073E064ED8FDDAB255691
PAIR_TWO_SIDED_GRID_T075_S020_L3_FINAL_RESET_RUNNER_050_ACCOUNT_EMERGENCY_SL_5ADR,account_emergency_sl_reference,2025-10,4,-21.793225,-21.793225,0,0,230.610783,false,false,DB88E670C625B113F0A3E9C7845436383AEF7901446AFE1D838FF81240ED5ABB
PAIR_TWO_SIDED_GRID_T075_S020_L3_FINAL_RESET_RUNNER_050_ACCOUNT_EMERGENCY_SL_5ADR,account_emergency_sl_reference,2025-11,4,-23.891823,-23.891823,0,0,206.71896,false,false,3AE6997F907F8B88A88FDF3338CF293DB5965530F41F03481121D6E68ADEE3F3
PAIR_TWO_SIDED_GRID_T075_S020_L3_FINAL_RESET_RUNNER_050_ACCOUNT_EMERGENCY_SL_5ADR,account_emergency_sl_reference,2025-12,5,-4.285968,-4.285968,-6.505858,-32.529288,202.432992,false,false,A84FFEDAAA2267875040A1C484DE194DA9AE4FDC3FE8A2041757F97F84C32BCF
PAIR_TWO_SIDED_GRID_T075_S020_L3_FINAL_RESET_RUNNER_050_ACCOUNT_EMERGENCY_SL_5ADR,account_emergency_sl_reference,2026-01,4,-23.013768,-23.013768,0,0,179.419224,false,false,486DD5E91EBC1B66C22C44EC7235CAAEBB71790359A74676D0A1144009B9FAD7
PAIR_TWO_SIDED_GRID_T075_S020_L3_FINAL_RESET_RUNNER_050_ACCOUNT_EMERGENCY_SL_5ADR,account_emergency_sl_reference,2026-02,4,-21.781088,-21.781088,0,0,157.638136,false,false,5C4014DE093FA485B59D1868F50897732F424CFA1EDE5E708C0F0DB20494F249
PAIR_TWO_SIDED_GRID_T075_S020_L3_FINAL_RESET_RUNNER_050_ACCOUNT_EMERGENCY_SL_5ADR,account_emergency_sl_reference,2026-03,5,-28.505956,-28.505956,0,0,129.13218,false,false,96497BD1D83E836B22EE25BA6214E9DD94165E652690A517CCB5C0AEFB169FE2
PAIR_TWO_SIDED_GRID_T075_S020_L3_FINAL_RESET_RUNNER_050_ACCOUNT_EMERGENCY_SL_5ADR,account_emergency_sl_reference,2026-04,4,-20.979031,-20.979031,0,0,108.153149,false,false,99E05EA1613D03A76462ABA2BC13AC7EB84F16B92301DBE8BABA8B15268AEA4D
PAIR_TWO_SIDED_GRID_T075_S020_L3_FINAL_RESET_RUNNER_050_ACCOUNT_EMERGENCY_SL_5ADR,account_emergency_sl_reference,2026-05,5,-26.323986,-26.323986,0,0,81.829163,false,false,D71240158C44B9C87E27E1D7E16EB3092701F85ABE75B56C964D2850E296F86B
