variant_id,cost_fraction,drawdown_start_utc,drawdown_end_utc,drawdown_adr,equity_at_end_adr,content_hash
RAW_HEDGED_GRID_T100_S020_EURUSD_TAIL_TRAIL_SMOKE_TAIL000,0,2025-03-16T23:00:00.000Z,2025-12-29T00:00:00.000Z,-1269.613752,-275.484212,4B4CEC0AF2566104309FE1CA677B13C1BFAD51D9CF6FFE6F23ED957370113478
RAW_HEDGED_GRID_T100_S020_EURUSD_TAIL_TRAIL_SMOKE_TAIL000,0,2025-03-16T23:00:00.000Z,2026-01-19T00:00:00.000Z,-1220.176294,-226.046754,D61AC8E71CDED8E0D67300D011309D744A00BFA3C5219F95727FC3BF80315676
RAW_HEDGED_GRID_T100_S020_EURUSD_TAIL_TRAIL_SMOKE_TAIL000,0,2025-03-16T23:00:00.000Z,2026-02-23T00:00:00.000Z,-1204.407187,-210.277647,67BD78871153E230E9D471ED35918349C223AAC304DBD54981AB2E29DE15F1E2
RAW_HEDGED_GRID_T100_S020_EURUSD_TAIL_TRAIL_SMOKE_TAIL000,0,2025-03-16T23:00:00.000Z,2026-02-16T00:00:00.000Z,-1142.983285,-148.853745,6AADD39644C08BE3A8EC0DE46CB79E40C3735EF80ADD6ED1456CC83E694C1E8E
RAW_HEDGED_GRID_T100_S020_EURUSD_TAIL_TRAIL_SMOKE_TAIL000,0,2025-03-16T23:00:00.000Z,2025-12-22T00:00:00.000Z,-1142.848119,-148.718579,C690AC11F57999B6E72C0A3E2B52D085612B90481ACCC7518C82A6B15A5A7B55
RAW_HEDGED_GRID_T100_S020_EURUSD_TAIL_TRAIL_SMOKE_TAIL000,0,2025-03-16T23:00:00.000Z,2025-12-08T00:00:00.000Z,-1110.511823,-116.382283,124AE435D7183EB384761F3B87C231FF8914F629CD447C237B35E46A611161AF
RAW_HEDGED_GRID_T100_S020_EURUSD_TAIL_TRAIL_SMOKE_TAIL000,0,2025-03-16T23:00:00.000Z,2026-01-26T00:00:00.000Z,-1098.499236,-104.369696,E88C653F5F9D4A0CA1FE71B4994D1D0CC9EAE28C737E1740E0A4AE9FDBC09782
RAW_HEDGED_GRID_T100_S020_EURUSD_TAIL_TRAIL_SMOKE_TAIL000,0,2025-03-16T23:00:00.000Z,2025-12-15T00:00:00.000Z,-1037.246582,-43.117042,CB211BAB4FBED61D001E389204720D72F1A3D9BCD8C5CB585FCBA7421D18A0A8
RAW_HEDGED_GRID_T100_S020_EURUSD_TAIL_TRAIL_SMOKE_TAIL000,0,2025-03-16T23:00:00.000Z,2026-04-26T23:00:00.000Z,-983.254533,10.875007,E53213ABC8688A2F21C1F99A99EA361A21D393F1AE82DA9FFD8343A239882BBE
RAW_HEDGED_GRID_T100_S020_EURUSD_TAIL_TRAIL_SMOKE_TAIL000,0,2020-06-14T23:00:00.000Z,2021-02-22T00:00:00.000Z,-937.10641,-804.766055,9E3DA962C7929471C037895F0787DF081BC070CEE25B23FB9BD7D2C39FA5E156
RAW_HEDGED_GRID_T100_S020_EURUSD_TAIL_TRAIL_SMOKE_TAIL000,0.0025,2025-03-16T23:00:00.000Z,2025-12-29T00:00:00.000Z,-1271.446252,-289.710462,BED59A275A588E21ED3DBF1A9B5ACBF19F7A9DCF5088C83536769F74058286EF
RAW_HEDGED_GRID_T100_S020_EURUSD_TAIL_TRAIL_SMOKE_TAIL000,0.0025,2025-03-16T23:00:00.000Z,2026-01-19T00:00:00.000Z,-1222.191294,-240.455504,CC543C2EE407DB1FEB10D78CD3585EAE7A7BA60F3586678DA82325C4E0B9A88A
RAW_HEDGED_GRID_T100_S020_EURUSD_TAIL_TRAIL_SMOKE_TAIL000,0.0025,2025-03-16T23:00:00.000Z,2026-02-23T00:00:00.000Z,-1206.635937,-224.900147,968D29459FBE9239788C05E3D4A76169F38406E9DDA6AC75DB0C74DEF3ABEF2B
RAW_HEDGED_GRID_T100_S020_EURUSD_TAIL_TRAIL_SMOKE_TAIL000,0.0025,2025-03-16T23:00:00.000Z,2026-02-16T00:00:00.000Z,-1145.163285,-163.427495,B530AF1A5925820B97D5B187A251AC84D56B8AB3A7C886D2E5479BD56706F46E
RAW_HEDGED_GRID_T100_S020_EURUSD_TAIL_TRAIL_SMOKE_TAIL000,0.0025,2025-03-16T23:00:00.000Z,2025-12-22T00:00:00.000Z,-1144.590619,-162.854829,5D6C39E35E1A70885B95301D7C3DA8F8B34E9DFDDCC98330AB71DACB9B42504B
RAW_HEDGED_GRID_T100_S020_EURUSD_TAIL_TRAIL_SMOKE_TAIL000,0.0025,2025-03-16T23:00:00.000Z,2025-12-08T00:00:00.000Z,-1112.153073,-130.417283,59A194C813E7001265F79C8B0EDBEAD597B6EC5BFC62E3942496EF460BACE661
RAW_HEDGED_GRID_T100_S020_EURUSD_TAIL_TRAIL_SMOKE_TAIL000,0.0025,2025-03-16T23:00:00.000Z,2026-01-26T00:00:00.000Z,-1100.646736,-118.910946,2C0272C8DDF5E93A8F5013EF6F702DC0176DED197A38E9489F400248650AF577
RAW_HEDGED_GRID_T100_S020_EURUSD_TAIL_TRAIL_SMOKE_TAIL000,0.0025,2025-03-16T23:00:00.000Z,2025-12-15T00:00:00.000Z,-1038.961582,-57.225792,821C1708DF47D6F1C9DF72592140B73C908F99E3DDEBE0716021CB8C2820C08E
RAW_HEDGED_GRID_T100_S020_EURUSD_TAIL_TRAIL_SMOKE_TAIL000,0.0025,2025-03-16T23:00:00.000Z,2026-04-26T23:00:00.000Z,-985.658283,-3.922493,3C4B6EFDBFEB84C770107128C5DBA22226F0BDE66DA860A83857FAC331C4FD92
RAW_HEDGED_GRID_T100_S020_EURUSD_TAIL_TRAIL_SMOKE_TAIL000,0.0025,2020-06-14T23:00:00.000Z,2021-02-22T00:00:00.000Z,-938.74391,-808.193555,C61DB2D14C3B79807529FA105AF02C007A211FB3DD012D39258F02C40F73825B
RAW_HEDGED_GRID_T100_S020_EURUSD_TAIL_TRAIL_SMOKE_TAIL000,0.005,2025-03-16T23:00:00.000Z,2025-12-29T00:00:00.000Z,-1273.278752,-303.936712,7F6D5672C6E7E98FC3976A6EBCDE70C48B639B6BF7B33D82B73CFADC9DB15D0B
RAW_HEDGED_GRID_T100_S020_EURUSD_TAIL_TRAIL_SMOKE_TAIL000,0.005,2025-03-16T23:00:00.000Z,2026-01-19T00:00:00.000Z,-1224.206294,-254.864254,5ABE4470AD1E20707FFE703F891E9C2D7A08D3E808905B87D1CF1BAF8C68DF59
RAW_HEDGED_GRID_T100_S020_EURUSD_TAIL_TRAIL_SMOKE_TAIL000,0.005,2025-03-16T23:00:00.000Z,2026-02-23T00:00:00.000Z,-1208.864687,-239.522647,EAEB1D89E04C582AA6EAE61E385C742FCD5C3BFF553EE07E78A8034FC6F63129
RAW_HEDGED_GRID_T100_S020_EURUSD_TAIL_TRAIL_SMOKE_TAIL000,0.005,2025-03-16T23:00:00.000Z,2026-02-16T00:00:00.000Z,-1147.343285,-178.001245,A012E4ADBB4A6BFC18479B05D3F3B705B82BFB71DC9E4674D5112824FBD2C757
RAW_HEDGED_GRID_T100_S020_EURUSD_TAIL_TRAIL_SMOKE_TAIL000,0.005,2025-03-16T23:00:00.000Z,2025-12-22T00:00:00.000Z,-1146.333119,-176.991079,8F004BEC87C3E901ADD06DBC75818F005A87312C14632CFA1780FE3487112991
RAW_HEDGED_GRID_T100_S020_EURUSD_TAIL_TRAIL_SMOKE_TAIL000,0.005,2025-03-16T23:00:00.000Z,2025-12-08T00:00:00.000Z,-1113.794323,-144.452283,31C4B738F8C5EAF59ED7AE4E60CEEEED7965D955609D9499F1E6A6647381209A
RAW_HEDGED_GRID_T100_S020_EURUSD_TAIL_TRAIL_SMOKE_TAIL000,0.005,2025-03-16T23:00:00.000Z,2026-01-26T00:00:00.000Z,-1102.794236,-133.452196,BF579B5D5F98F7F73CEBAAE07A7C3440A9DDAA6F36D47975CA825052B9573271
RAW_HEDGED_GRID_T100_S020_EURUSD_TAIL_TRAIL_SMOKE_TAIL000,0.005,2025-03-16T23:00:00.000Z,2025-12-15T00:00:00.000Z,-1040.676582,-71.334542,B98C7B430BC7EC75EAD2E25CD9D9539FD13A4AE19EC3FDE5A70504D7A3F4A8E8
RAW_HEDGED_GRID_T100_S020_EURUSD_TAIL_TRAIL_SMOKE_TAIL000,0.005,2025-03-16T23:00:00.000Z,2026-04-26T23:00:00.000Z,-988.062033,-18.719993,DB1EC3E6AA21171070E0723CDE8719C4F51073F3684766313A0FA257215E59A2
RAW_HEDGED_GRID_T100_S020_EURUSD_TAIL_TRAIL_SMOKE_TAIL000,0.005,2020-06-14T23:00:00.000Z,2021-02-22T00:00:00.000Z,-940.38141,-811.621055,2BAF9657E6B7EE13755A5F229E11D4421F0E29475DDE19C17C971DC02D7CB339
RAW_HEDGED_GRID_T100_S020_EURUSD_TAIL_TRAIL_SMOKE_TAIL000,0.01,2025-03-16T23:00:00.000Z,2025-12-29T00:00:00.000Z,-1276.943752,-332.389212,30E8738BBDF75B6525D616BE17C9F152E5726659B5704F91A5C70B49530CE9E4
RAW_HEDGED_GRID_T100_S020_EURUSD_TAIL_TRAIL_SMOKE_TAIL000,0.01,2025-03-16T23:00:00.000Z,2026-01-19T00:00:00.000Z,-1228.236294,-283.681754,41AF7D87416F898985E612B425E288736DECCE972DD58332F906B5643830C37A
RAW_HEDGED_GRID_T100_S020_EURUSD_TAIL_TRAIL_SMOKE_TAIL000,0.01,2025-03-16T23:00:00.000Z,2026-02-23T00:00:00.000Z,-1213.322187,-268.767647,7960099C79A798059FF375DFBCB5FEAB34816D8C30F5B5E5A84C104C0E2D0BAD
RAW_HEDGED_GRID_T100_S020_EURUSD_TAIL_TRAIL_SMOKE_TAIL000,0.01,2025-03-16T23:00:00.000Z,2026-02-16T00:00:00.000Z,-1151.703285,-207.148745,DF13AC1D6A4F1E2B88FA2360DB365BBD48E2844EE8969046CB9B4F21BC682AF7
RAW_HEDGED_GRID_T100_S020_EURUSD_TAIL_TRAIL_SMOKE_TAIL000,0.01,2025-03-16T23:00:00.000Z,2025-12-22T00:00:00.000Z,-1149.818119,-205.263579,DDEF30B166A9C98F027AF43CE04D9EAC6C65A94240EAA0707B0BD189EEEA24A8
RAW_HEDGED_GRID_T100_S020_EURUSD_TAIL_TRAIL_SMOKE_TAIL000,0.01,2025-03-16T23:00:00.000Z,2025-12-08T00:00:00.000Z,-1117.076823,-172.522283,B2F1A14D6DDB575A96B646EC9AEA9FC7C8CEDCFF5328B1185C91E925C41BF6CD
RAW_HEDGED_GRID_T100_S020_EURUSD_TAIL_TRAIL_SMOKE_TAIL000,0.01,2025-03-16T23:00:00.000Z,2026-01-26T00:00:00.000Z,-1107.089236,-162.534696,21D0FC5DBDBC4FA74A5D81ECC92D6420CD8B89E557AE7361DD6EBD2A09754CAA
RAW_HEDGED_GRID_T100_S020_EURUSD_TAIL_TRAIL_SMOKE_TAIL000,0.01,2025-03-16T23:00:00.000Z,2025-12-15T00:00:00.000Z,-1044.106582,-99.552042,3C81A6BFBC3E73CD8FCC6332477411E62A13BF7D81D44DBC07D2F07C709E8554
RAW_HEDGED_GRID_T100_S020_EURUSD_TAIL_TRAIL_SMOKE_TAIL000,0.01,2025-03-16T23:00:00.000Z,2026-04-26T23:00:00.000Z,-992.869533,-48.314993,64AAC09D1FAFF67B4784DFE4357C0E4E274CC8887B4D78FF1DDE3F2CD6255E1B
RAW_HEDGED_GRID_T100_S020_EURUSD_TAIL_TRAIL_SMOKE_TAIL000,0.01,2020-06-14T23:00:00.000Z,2021-02-22T00:00:00.000Z,-943.65641,-818.476055,452EAB0B0307907A6912D282662A1827F8323ABF7D3742B876CDBE495F88C56B
RAW_HEDGED_GRID_T100_S020_EURUSD_TAIL_TRAIL_SMOKE_TAIL000,0.02,2025-03-16T23:00:00.000Z,2025-12-29T00:00:00.000Z,-1284.273752,-389.294212,CEE24D08AB4BE1DEC4FA92F4DC4AFA09FE42670D4DAECDFAFAC8E91B678CD9EE
RAW_HEDGED_GRID_T100_S020_EURUSD_TAIL_TRAIL_SMOKE_TAIL000,0.02,2025-03-16T23:00:00.000Z,2026-01-19T00:00:00.000Z,-1236.296294,-341.316754,0D2C5A62D1EEE23FF209E290C08C4082D624BF729D18073BC60AC6F61D9DF3D7
RAW_HEDGED_GRID_T100_S020_EURUSD_TAIL_TRAIL_SMOKE_TAIL000,0.02,2025-03-16T23:00:00.000Z,2026-02-23T00:00:00.000Z,-1222.237187,-327.257647,D83F313885AD5185CBE46CB958870F4864DA42B0D0CADABBAF6F98017F6DF778
RAW_HEDGED_GRID_T100_S020_EURUSD_TAIL_TRAIL_SMOKE_TAIL000,0.02,2025-03-16T23:00:00.000Z,2026-02-16T00:00:00.000Z,-1160.423285,-265.443745,71D0BEB4EA2A80C14F4BBCCBEBEBC1BE6E41B23D9B6BA3D3EB9C069F7D5F1823
RAW_HEDGED_GRID_T100_S020_EURUSD_TAIL_TRAIL_SMOKE_TAIL000,0.02,2025-03-16T23:00:00.000Z,2025-12-22T00:00:00.000Z,-1156.788119,-261.808579,5592BC027791B6A6613D253392C57E2239E027F708173522BB931E4CB2334F9A
RAW_HEDGED_GRID_T100_S020_EURUSD_TAIL_TRAIL_SMOKE_TAIL000,0.02,2025-03-16T23:00:00.000Z,2025-12-08T00:00:00.000Z,-1123.641823,-228.662283,99D525546A34087422EB3BA700E14C03E5829C8F9121A252107DA74A327FF429
RAW_HEDGED_GRID_T100_S020_EURUSD_TAIL_TRAIL_SMOKE_TAIL000,0.02,2025-03-16T23:00:00.000Z,2026-01-26T00:00:00.000Z,-1115.679236,-220.699696,90CCE58A8369628649C98D1141E418F7F8A8911135DD266BD57B5D639411D7BD
RAW_HEDGED_GRID_T100_S020_EURUSD_TAIL_TRAIL_SMOKE_TAIL000,0.02,2025-03-16T23:00:00.000Z,2025-12-15T00:00:00.000Z,-1050.966582,-155.987042,972E84BEC14D6B01F3AA4D7D6D2924C7861189474C9510DBE979A17CA7F7EBD9
RAW_HEDGED_GRID_T100_S020_EURUSD_TAIL_TRAIL_SMOKE_TAIL000,0.02,2025-03-16T23:00:00.000Z,2026-04-26T23:00:00.000Z,-1002.484533,-107.504993,D8C9CC626DB9E51E0B2E9F7CC80C60279A7344B45E8E03CE71353FD567EF0D65
RAW_HEDGED_GRID_T100_S020_EURUSD_TAIL_TRAIL_SMOKE_TAIL000,0.02,2020-06-14T23:00:00.000Z,2021-02-22T00:00:00.000Z,-950.20641,-832.186055,D13E4164405625F505E1A76DB5C72AD2EDE9F287809C07FD729737AC3E7F093A
RAW_HEDGED_GRID_T100_S020_EURUSD_TAIL_TRAIL_SMOKE_TAIL000,0.05,2025-03-16T23:00:00.000Z,2025-12-29T00:00:00.000Z,-1306.263752,-560.009212,200E84D6820BB0E435B8EE24C812C9CA5BD3810FA46355A63E6B619477FDE821
RAW_HEDGED_GRID_T100_S020_EURUSD_TAIL_TRAIL_SMOKE_TAIL000,0.05,2025-03-16T23:00:00.000Z,2026-01-19T00:00:00.000Z,-1260.476294,-514.221754,76A59563C64A12E4387E3AFE1FA1349B0A0175F62ED87BF798C399B427298EF0
RAW_HEDGED_GRID_T100_S020_EURUSD_TAIL_TRAIL_SMOKE_TAIL000,0.05,2025-03-16T23:00:00.000Z,2026-02-23T00:00:00.000Z,-1248.982187,-502.727647,0D920CC00D6D10A01F052C46D87028CB74C644E71533C5EFB4385EB140825DAA
RAW_HEDGED_GRID_T100_S020_EURUSD_TAIL_TRAIL_SMOKE_TAIL000,0.05,2025-03-16T23:00:00.000Z,2026-02-16T00:00:00.000Z,-1186.583285,-440.328745,1A08C7F484FB7807D39533FDDD5627D44BAB13C6A2FA4B2744C0C2EA706084F1
RAW_HEDGED_GRID_T100_S020_EURUSD_TAIL_TRAIL_SMOKE_TAIL000,0.05,2025-03-16T23:00:00.000Z,2025-12-22T00:00:00.000Z,-1177.698119,-431.443579,8B9F10CCB656EDBA7B6C10B8B66AC141E7875C981928CAEA8A6779E97F17ACDF
RAW_HEDGED_GRID_T100_S020_EURUSD_TAIL_TRAIL_SMOKE_TAIL000,0.05,2025-03-16T23:00:00.000Z,2025-12-08T00:00:00.000Z,-1143.336823,-397.082283,76188320A72D879E77EB7719DC582E053DC898007C53FD77A54153A8996A33D4
RAW_HEDGED_GRID_T100_S020_EURUSD_TAIL_TRAIL_SMOKE_TAIL000,0.05,2025-03-16T23:00:00.000Z,2026-01-26T00:00:00.000Z,-1141.449236,-395.194696,0537B797AB8561D11A6E489768FEA8DAC73826B1D6F63901D51EE67C0AF7D095
RAW_HEDGED_GRID_T100_S020_EURUSD_TAIL_TRAIL_SMOKE_TAIL000,0.05,2025-03-16T23:00:00.000Z,2025-12-15T00:00:00.000Z,-1071.546582,-325.292042,78E86DFB849A1B528D8BFB898BC55E62DD22D91D185127EF9B4CD8AA049DB239
RAW_HEDGED_GRID_T100_S020_EURUSD_TAIL_TRAIL_SMOKE_TAIL000,0.05,2025-03-16T23:00:00.000Z,2026-04-26T23:00:00.000Z,-1031.329533,-285.074993,F4930CB9AD7884411C9B32C87E68A4D1371CD73CCA1D912D8DA560B1EB06E4C4
RAW_HEDGED_GRID_T100_S020_EURUSD_TAIL_TRAIL_SMOKE_TAIL000,0.05,2025-03-16T23:00:00.000Z,2026-05-03T23:00:00.000Z,-973.656259,-227.401719,512F12720E9A8DDD29BB5BD17098EFB0A77EAC5DCB342578D1997C8C73373799
RAW_HEDGED_GRID_T100_S020_EURUSD_TAIL_TRAIL_SMOKE_TAIL000,0.1,2025-03-16T23:00:00.000Z,2025-12-29T00:00:00.000Z,-1342.913752,-844.534212,B50E916B8DC614AC3FE63E84300027AF81704B5ACB70789BA98AD17FE6DEE253
RAW_HEDGED_GRID_T100_S020_EURUSD_TAIL_TRAIL_SMOKE_TAIL000,0.1,2025-03-16T23:00:00.000Z,2026-01-19T00:00:00.000Z,-1300.776294,-802.396754,970BCCD7C9A71DC147ECCD7A0255F46C6B51BB2CC36941535FA906523E212D2E
RAW_HEDGED_GRID_T100_S020_EURUSD_TAIL_TRAIL_SMOKE_TAIL000,0.1,2025-03-16T23:00:00.000Z,2026-02-23T00:00:00.000Z,-1293.557187,-795.177647,54B4FA82C85904E06B81A54B5A936F89DD583C696A168406B2C2A8AE5D6E56EC
RAW_HEDGED_GRID_T100_S020_EURUSD_TAIL_TRAIL_SMOKE_TAIL000,0.1,2025-03-16T23:00:00.000Z,2026-02-16T00:00:00.000Z,-1230.183285,-731.803745,61BDD0B63193A7139FCF73BBED6B2E58C3C3868D210134718FC785C4F700A412
RAW_HEDGED_GRID_T100_S020_EURUSD_TAIL_TRAIL_SMOKE_TAIL000,0.1,2025-03-16T23:00:00.000Z,2025-12-22T00:00:00.000Z,-1212.548119,-714.168579,30631930D61C992FFDC912FA081D8E630937702118CC0D0706B3953585F249D0
RAW_HEDGED_GRID_T100_S020_EURUSD_TAIL_TRAIL_SMOKE_TAIL000,0.1,2025-03-16T23:00:00.000Z,2026-01-26T00:00:00.000Z,-1184.399236,-686.019696,6604E0B92408251230FAC6A818030FE9D4DF4A689EE54BA4C497099E031D956A
RAW_HEDGED_GRID_T100_S020_EURUSD_TAIL_TRAIL_SMOKE_TAIL000,0.1,2025-03-16T23:00:00.000Z,2025-12-08T00:00:00.000Z,-1176.161823,-677.782283,80A13D5E98E6B16F45B8FBC4135282C1E7728F293840FBF2939AA242B19E3B97
RAW_HEDGED_GRID_T100_S020_EURUSD_TAIL_TRAIL_SMOKE_TAIL000,0.1,2025-03-16T23:00:00.000Z,2025-12-15T00:00:00.000Z,-1105.846582,-607.467042,A637B40A2694F8A44A1E08AD7F964900F7AE1C3318C6A82333DD9B58BEB630E7
RAW_HEDGED_GRID_T100_S020_EURUSD_TAIL_TRAIL_SMOKE_TAIL000,0.1,2025-03-16T23:00:00.000Z,2026-04-26T23:00:00.000Z,-1079.404533,-581.024993,17C2B10145E9E6F4981005F1F07D7DAE8D2D0D5DD390520FA96638E2C02A4E36
RAW_HEDGED_GRID_T100_S020_EURUSD_TAIL_TRAIL_SMOKE_TAIL000,0.1,2025-03-16T23:00:00.000Z,2026-05-03T23:00:00.000Z,-1022.631259,-524.251719,A1B2652ABB36126CFE7D5E45BF11352CD1E9E7AC89242C4A0E29FBA1B149334D
RAW_HEDGED_GRID_T100_S020_EURUSD_TAIL_TRAIL_SMOKE_TAIL000,0.2,2024-05-05T23:00:00.000Z,2025-12-29T00:00:00.000Z,-1451.089837,-1413.584212,83851E1689F1B57A267C8F36DBC5B9A5AB3E1AB94AAEA9120B8577435357C491
RAW_HEDGED_GRID_T100_S020_EURUSD_TAIL_TRAIL_SMOKE_TAIL000,0.2,2024-05-05T23:00:00.000Z,2026-02-23T00:00:00.000Z,-1417.583272,-1380.077647,12EC51B0746D929B4ACCD2F79D41DE81190E29724716A9A441853F69C25B1087
RAW_HEDGED_GRID_T100_S020_EURUSD_TAIL_TRAIL_SMOKE_TAIL000,0.2,2024-05-05T23:00:00.000Z,2026-01-19T00:00:00.000Z,-1416.252379,-1378.746754,A0760D520D424DA6E3156E6119E151932D97EADE848010A0F34589A1FFB18A83
RAW_HEDGED_GRID_T100_S020_EURUSD_TAIL_TRAIL_SMOKE_TAIL000,0.2,2024-05-05T23:00:00.000Z,2026-02-16T00:00:00.000Z,-1352.25937,-1314.753745,5D9EF09C21F3C605220997F20A2BE2FC83651A99373CFE4F38C6EFEA8F9E8780
RAW_HEDGED_GRID_T100_S020_EURUSD_TAIL_TRAIL_SMOKE_TAIL000,0.2,2024-05-05T23:00:00.000Z,2025-12-22T00:00:00.000Z,-1317.124204,-1279.618579,287943E00DA674A95C1850FE0F76BE0A88CD96467AE1789D9BE75F17E55C8C96
RAW_HEDGED_GRID_T100_S020_EURUSD_TAIL_TRAIL_SMOKE_TAIL000,0.2,2024-05-05T23:00:00.000Z,2026-01-26T00:00:00.000Z,-1305.175321,-1267.669696,37E0386A6D26EE6F0F012A00A7F43A943DBA1DDAC9C729BD19F2B2E798EFDD93
RAW_HEDGED_GRID_T100_S020_EURUSD_TAIL_TRAIL_SMOKE_TAIL000,0.2,2024-05-05T23:00:00.000Z,2025-12-08T00:00:00.000Z,-1276.687908,-1239.182283,85492901C9C4F72EA1EF556B63B10562FF3C196C6FD26607E6732FA18EC73D7D
RAW_HEDGED_GRID_T100_S020_EURUSD_TAIL_TRAIL_SMOKE_TAIL000,0.2,2024-05-05T23:00:00.000Z,2026-04-26T23:00:00.000Z,-1210.430618,-1172.924993,5AAFFD3B96D4F975150C25042252E4EABD9A5282CAA4ECCBAFDABA77CF152C2D
RAW_HEDGED_GRID_T100_S020_EURUSD_TAIL_TRAIL_SMOKE_TAIL000,0.2,2024-05-05T23:00:00.000Z,2025-12-15T00:00:00.000Z,-1209.322667,-1171.817042,6BB460FAD69417CDD8A6D4A65BF103BF20EF216382FEC13BE9148305F07FF62A
RAW_HEDGED_GRID_T100_S020_EURUSD_TAIL_TRAIL_SMOKE_TAIL000,0.2,2024-05-05T23:00:00.000Z,2026-05-03T23:00:00.000Z,-1155.457344,-1117.951719,BF050B97ED2FE00187ABFF3C3D6FDA1321CCF8E6D07878339BB97B2415595224
RAW_HEDGED_GRID_T100_S020_EURUSD_TAIL_TRAIL_SMOKE_TAIL000,0.5,,2026-02-23T00:00:00.000Z,-3134.777647,-3134.777647,C215BADAA872C043B97CBEAEEFA512F8A08C93D54943F5D91C3D0DE4ACF1C447
RAW_HEDGED_GRID_T100_S020_EURUSD_TAIL_TRAIL_SMOKE_TAIL000,0.5,,2025-12-29T00:00:00.000Z,-3120.734212,-3120.734212,A98993982B34E9F45A74E203666C5186F3D92F7E8A4D3B3E9E1E31A4DFE1C509
RAW_HEDGED_GRID_T100_S020_EURUSD_TAIL_TRAIL_SMOKE_TAIL000,0.5,,2026-01-19T00:00:00.000Z,-3107.796754,-3107.796754,2ACC1A55190C81BDFCA7B20FCAFF7EEB43D3FD7D650D18BC44FBFD89A7313A77
RAW_HEDGED_GRID_T100_S020_EURUSD_TAIL_TRAIL_SMOKE_TAIL000,0.5,,2026-02-16T00:00:00.000Z,-3063.603745,-3063.603745,0DA5F36F54502BCD866D51880A9CDAC7A0FA925A481CCC1E8DEE9FE867FD8456
RAW_HEDGED_GRID_T100_S020_EURUSD_TAIL_TRAIL_SMOKE_TAIL000,0.5,,2026-01-26T00:00:00.000Z,-3012.619696,-3012.619696,CB091D657605FDF7A6B10A4A9A1DA103E1CFACDBC025AE795E3448C54D5D0246
RAW_HEDGED_GRID_T100_S020_EURUSD_TAIL_TRAIL_SMOKE_TAIL000,0.5,,2025-12-22T00:00:00.000Z,-2975.968579,-2975.968579,9565855621AE452305C664F20FEA191CC231DF754CFA672577A6D0835AD82FDA
RAW_HEDGED_GRID_T100_S020_EURUSD_TAIL_TRAIL_SMOKE_TAIL000,0.5,,2026-04-26T23:00:00.000Z,-2948.624993,-2948.624993,3DC97D30287858B26D15F5EF2C956E2200E4E1C837705B7150ED496F1783601B
RAW_HEDGED_GRID_T100_S020_EURUSD_TAIL_TRAIL_SMOKE_TAIL000,0.5,,2025-12-08T00:00:00.000Z,-2923.382283,-2923.382283,CE1E16FD1907A91AFA4339235B478B6F1292451CEA53C27F118F3203C2FEE4BC
RAW_HEDGED_GRID_T100_S020_EURUSD_TAIL_TRAIL_SMOKE_TAIL000,0.5,,2026-05-03T23:00:00.000Z,-2899.051719,-2899.051719,E0C786A7E0319CCA5FB1745FF2F5090CC133DDB05C2BB49B0FE4D6890B305EB0
RAW_HEDGED_GRID_T100_S020_EURUSD_TAIL_TRAIL_SMOKE_TAIL000,0.5,,2025-12-15T00:00:00.000Z,-2864.867042,-2864.867042,A52D07D714B1C44827CF5D81A7B3870B1CB156E5D69792336F873DFD6AF3E7D0
RAW_HEDGED_GRID_T100_S020_EURUSD_TAIL_TRAIL_SMOKE_TAIL025_A1_TR1,0,2025-03-16T23:00:00.000Z,2025-12-29T00:00:00.000Z,-1269.558551,-276.499781,58BDA2EF237EC0E682466F721D60E888CC8E1051DED05E2DCD162B31B0BD5171
RAW_HEDGED_GRID_T100_S020_EURUSD_TAIL_TRAIL_SMOKE_TAIL025_A1_TR1,0,2025-03-16T23:00:00.000Z,2026-01-19T00:00:00.000Z,-1220.308163,-227.249393,3A3581474090C6DF405B0566A902E107D86EB31FEED8BA502024047C7C022E91
RAW_HEDGED_GRID_T100_S020_EURUSD_TAIL_TRAIL_SMOKE_TAIL025_A1_TR1,0,2025-03-16T23:00:00.000Z,2026-02-23T00:00:00.000Z,-1204.514522,-211.455752,D643890119215E8438FB39956BF9D6F1755A8962EBAB91F9F3F86943EB85E119
RAW_HEDGED_GRID_T100_S020_EURUSD_TAIL_TRAIL_SMOKE_TAIL025_A1_TR1,0,2025-03-16T23:00:00.000Z,2026-02-16T00:00:00.000Z,-1143.022909,-149.964139,BEE84B0480F7468E9173D4B61C55542F917CE4455B263DF3CA3919DE09ED47BB
RAW_HEDGED_GRID_T100_S020_EURUSD_TAIL_TRAIL_SMOKE_TAIL025_A1_TR1,0,2025-03-16T23:00:00.000Z,2025-12-22T00:00:00.000Z,-1142.683523,-149.624753,7D2338E56C4F8CB2519A8A98C07FA57D863B22F1D12CAAC70EF35C75012A8DC8
RAW_HEDGED_GRID_T100_S020_EURUSD_TAIL_TRAIL_SMOKE_TAIL025_A1_TR1,0,2025-03-16T23:00:00.000Z,2025-12-08T00:00:00.000Z,-1110.281584,-117.222814,EC6F62534C2589D93906CECFC3035054F7FC0C58B8B33B84BAE13A6C73168A8C
RAW_HEDGED_GRID_T100_S020_EURUSD_TAIL_TRAIL_SMOKE_TAIL025_A1_TR1,0,2025-03-16T23:00:00.000Z,2026-01-26T00:00:00.000Z,-1098.583254,-105.524484,02FA1E555C619F1EA8731E5A38D073226DD35CF0582E6E9577004B66EC1B8D11
RAW_HEDGED_GRID_T100_S020_EURUSD_TAIL_TRAIL_SMOKE_TAIL025_A1_TR1,0,2025-03-16T23:00:00.000Z,2025-12-15T00:00:00.000Z,-1037.123105,-44.064335,15595A4344AA3D5FACA259554679F526EEA6AD7ACD6FFC1F11C3135972A02882
RAW_HEDGED_GRID_T100_S020_EURUSD_TAIL_TRAIL_SMOKE_TAIL025_A1_TR1,0,2025-03-16T23:00:00.000Z,2026-04-26T23:00:00.000Z,-983.437639,9.621131,9FF666C4D9560B2AD9A6DF472E478D0CC6E4C2D20B4072A98751591BEB23E2FA
RAW_HEDGED_GRID_T100_S020_EURUSD_TAIL_TRAIL_SMOKE_TAIL025_A1_TR1,0,2020-06-14T23:00:00.000Z,2021-02-22T00:00:00.000Z,-937.370293,-805.330079,DA0531D533E2412A12F79B04BBE7D7FEB33B4C23FC5D3C4F70134DBC27CCAF81
RAW_HEDGED_GRID_T100_S020_EURUSD_TAIL_TRAIL_SMOKE_TAIL025_A1_TR1,0.0025,2025-03-16T23:00:00.000Z,2025-12-29T00:00:00.000Z,-1271.390865,-290.725852,6D5DCB85C4AAB480E144CA57214FD74C2C6E19A55B5A188B85E2D4ABFB67832B
RAW_HEDGED_GRID_T100_S020_EURUSD_TAIL_TRAIL_SMOKE_TAIL025_A1_TR1,0.0025,2025-03-16T23:00:00.000Z,2026-01-19T00:00:00.000Z,-1222.323071,-241.658058,F1D4C6E80635E2E5D6EC521F4D9CADF23CEE55E8CA9530F9EF38880C0C846399
RAW_HEDGED_GRID_T100_S020_EURUSD_TAIL_TRAIL_SMOKE_TAIL025_A1_TR1,0.0025,2025-03-16T23:00:00.000Z,2026-02-23T00:00:00.000Z,-1206.743274,-226.078261,4D8FD5295D00722B37CF251BA6E6E0723309D825FCCF9D7B4B77A390C5E080C9
RAW_HEDGED_GRID_T100_S020_EURUSD_TAIL_TRAIL_SMOKE_TAIL025_A1_TR1,0.0025,2025-03-16T23:00:00.000Z,2026-02-16T00:00:00.000Z,-1145.202911,-164.537898,66FC8E0C4931D164885C0D9CB8D3E1AE753532E015D6A6175E00B769C1C90A5D
RAW_HEDGED_GRID_T100_S020_EURUSD_TAIL_TRAIL_SMOKE_TAIL025_A1_TR1,0.0025,2025-03-16T23:00:00.000Z,2025-12-22T00:00:00.000Z,-1144.426024,-163.761011,C7F9D7CC7573F855C3F7A8BB7E0BEC149480F597B6B1254735853287E32FD2F1
RAW_HEDGED_GRID_T100_S020_EURUSD_TAIL_TRAIL_SMOKE_TAIL025_A1_TR1,0.0025,2025-03-16T23:00:00.000Z,2025-12-08T00:00:00.000Z,-1111.922835,-131.257822,05F0455303C78386E28320C63BD927866C09C8BD442994AD042D1DC6A2D94B10
RAW_HEDGED_GRID_T100_S020_EURUSD_TAIL_TRAIL_SMOKE_TAIL025_A1_TR1,0.0025,2025-03-16T23:00:00.000Z,2026-01-26T00:00:00.000Z,-1100.730756,-120.065743,2E5C2A3FB826FCB06601BFE1A123EEF255206E29709CB03009BB20EEEE57F6D0
RAW_HEDGED_GRID_T100_S020_EURUSD_TAIL_TRAIL_SMOKE_TAIL025_A1_TR1,0.0025,2025-03-16T23:00:00.000Z,2025-12-15T00:00:00.000Z,-1038.838106,-58.173093,2000A90B4D609ACD15EE7AE2DE3DD905E505DE0111F807275378543BF01E3918
RAW_HEDGED_GRID_T100_S020_EURUSD_TAIL_TRAIL_SMOKE_TAIL025_A1_TR1,0.0025,2025-03-16T23:00:00.000Z,2026-04-26T23:00:00.000Z,-985.841391,-5.176378,7D5DEF85A8751F60BC12132D5D6C2B8239569485D099C4E2F26B519B49019001
RAW_HEDGED_GRID_T100_S020_EURUSD_TAIL_TRAIL_SMOKE_TAIL025_A1_TR1,0.0025,2020-06-14T23:00:00.000Z,2021-02-22T00:00:00.000Z,-939.007793,-808.75758,3889007AACF068C33236A98B2DD02FC7C7E676E31B8DBD995D1CA7B551840993
RAW_HEDGED_GRID_T100_S020_EURUSD_TAIL_TRAIL_SMOKE_TAIL025_A1_TR1,0.005,2025-03-16T23:00:00.000Z,2025-12-29T00:00:00.000Z,-1273.223177,-304.951923,0DF402E6AAF53837B7D645F5AAD8964B0B5B635E3B06645DC94565ED64698598
RAW_HEDGED_GRID_T100_S020_EURUSD_TAIL_TRAIL_SMOKE_TAIL025_A1_TR1,0.005,2025-03-16T23:00:00.000Z,2026-01-19T00:00:00.000Z,-1224.337977,-256.066723,5EBA97E8CAEE281DE2B0E562F3E4C458B1D75FB31ABBDD944C39A810D2ADC0E5
RAW_HEDGED_GRID_T100_S020_EURUSD_TAIL_TRAIL_SMOKE_TAIL025_A1_TR1,0.005,2025-03-16T23:00:00.000Z,2026-02-23T00:00:00.000Z,-1208.972024,-240.70077,CBA55A5096C46FB0F7AED43DEECC8B1BE84624625A91D07537F9FA519CC2F575
RAW_HEDGED_GRID_T100_S020_EURUSD_TAIL_TRAIL_SMOKE_TAIL025_A1_TR1,0.005,2025-03-16T23:00:00.000Z,2026-02-16T00:00:00.000Z,-1147.382911,-179.111657,1C80C3F517F60868EEB2C41EDC506D228F3E564C3FACF2DE902E72CFF2DACFCA
RAW_HEDGED_GRID_T100_S020_EURUSD_TAIL_TRAIL_SMOKE_TAIL025_A1_TR1,0.005,2025-03-16T23:00:00.000Z,2025-12-22T00:00:00.000Z,-1146.168524,-177.89727,B5E4737090B71E5A29FDCFFBD5BE061F2A2B1C7B26D35C8A27DEF8B1FC8CA573
RAW_HEDGED_GRID_T100_S020_EURUSD_TAIL_TRAIL_SMOKE_TAIL025_A1_TR1,0.005,2025-03-16T23:00:00.000Z,2025-12-08T00:00:00.000Z,-1113.564085,-145.292831,9058FED1F14297C9F2308E759F5B2D3B12AD9D3BF4ABCF360F8D2910C7795307
RAW_HEDGED_GRID_T100_S020_EURUSD_TAIL_TRAIL_SMOKE_TAIL025_A1_TR1,0.005,2025-03-16T23:00:00.000Z,2026-01-26T00:00:00.000Z,-1102.878256,-134.607002,2A5103F2E20B87B0B0FA7077A64621910BEC267D3C858C448E4EAC4CE64C259E
RAW_HEDGED_GRID_T100_S020_EURUSD_TAIL_TRAIL_SMOKE_TAIL025_A1_TR1,0.005,2025-03-16T23:00:00.000Z,2025-12-15T00:00:00.000Z,-1040.553106,-72.281852,D70A4A1E7A0EBEDDE48CE3D0B4C81838FC837C9E7B26A4DFE9B1829165B3859B
RAW_HEDGED_GRID_T100_S020_EURUSD_TAIL_TRAIL_SMOKE_TAIL025_A1_TR1,0.005,2025-03-16T23:00:00.000Z,2026-04-26T23:00:00.000Z,-988.245141,-19.973887,F219DA89AE014EF152111E06BC09FC02942D5B8882681570C1F3DB244BE793C7
RAW_HEDGED_GRID_T100_S020_EURUSD_TAIL_TRAIL_SMOKE_TAIL025_A1_TR1,0.005,2020-06-14T23:00:00.000Z,2021-02-22T00:00:00.000Z,-940.645295,-812.185083,1AFB1940AD77DDD1A98F6956B463EA52694CB717653CA788D03A8E2C7C8C1595
RAW_HEDGED_GRID_T100_S020_EURUSD_TAIL_TRAIL_SMOKE_TAIL025_A1_TR1,0.01,2025-03-16T23:00:00.000Z,2025-12-29T00:00:00.000Z,-1276.887801,-333.404031,1A2C6EF27118573409DFE8B801568541D8C42B2CB62C78C2C257976332E493BB
RAW_HEDGED_GRID_T100_S020_EURUSD_TAIL_TRAIL_SMOKE_TAIL025_A1_TR1,0.01,2025-03-16T23:00:00.000Z,2026-01-19T00:00:00.000Z,-1228.367788,-284.884018,89B6C8A8C94876E5601F2E08E9158FF2F1DC519C71CE5446B21E8B497A86B9A8
RAW_HEDGED_GRID_T100_S020_EURUSD_TAIL_TRAIL_SMOKE_TAIL025_A1_TR1,0.01,2025-03-16T23:00:00.000Z,2026-02-23T00:00:00.000Z,-1213.429522,-269.945752,F110E574632C05F20733986DA2EDA369C4FB16042B5C124429445D81FA2755D0
RAW_HEDGED_GRID_T100_S020_EURUSD_TAIL_TRAIL_SMOKE_TAIL025_A1_TR1,0.01,2025-03-16T23:00:00.000Z,2026-02-16T00:00:00.000Z,-1151.742909,-208.259139,9086883BFA81FD7A4506717B83DCB5DD40AE10DE5D6C8DF961281198FAA00613
RAW_HEDGED_GRID_T100_S020_EURUSD_TAIL_TRAIL_SMOKE_TAIL025_A1_TR1,0.01,2025-03-16T23:00:00.000Z,2025-12-22T00:00:00.000Z,-1149.653523,-206.169753,79E129B30D29A4A179448784B036CD4A4C99EC386840400FFAAFF4A7E4CA0BA9
RAW_HEDGED_GRID_T100_S020_EURUSD_TAIL_TRAIL_SMOKE_TAIL025_A1_TR1,0.01,2025-03-16T23:00:00.000Z,2025-12-08T00:00:00.000Z,-1116.846584,-173.362814,D53A2D91100F2E001613E09C65A697997AE9F6BD17ADB6B997EDF780A3B93D76
RAW_HEDGED_GRID_T100_S020_EURUSD_TAIL_TRAIL_SMOKE_TAIL025_A1_TR1,0.01,2025-03-16T23:00:00.000Z,2026-01-26T00:00:00.000Z,-1107.173254,-163.689484,5D412970CCCFBB7940C460E0AE91721CCD622A1817A0C1CB1214A19E2E80AE39
RAW_HEDGED_GRID_T100_S020_EURUSD_TAIL_TRAIL_SMOKE_TAIL025_A1_TR1,0.01,2025-03-16T23:00:00.000Z,2025-12-15T00:00:00.000Z,-1043.983105,-100.499335,D2A12461CFE98574AB5D40A9BAFF142847C4898283B99E2865ECB3DECF6B3E54
RAW_HEDGED_GRID_T100_S020_EURUSD_TAIL_TRAIL_SMOKE_TAIL025_A1_TR1,0.01,2025-03-16T23:00:00.000Z,2026-04-26T23:00:00.000Z,-993.052639,-49.568869,29F23BC36EC8E53BA1EFBB764C6FD84FBE9AF543C9F25D66A5C13B50269BCFA5
RAW_HEDGED_GRID_T100_S020_EURUSD_TAIL_TRAIL_SMOKE_TAIL025_A1_TR1,0.01,2020-06-14T23:00:00.000Z,2021-02-22T00:00:00.000Z,-943.920293,-819.040079,03AC45DD405606FFC90FC2331A8BBBC68565989FFA05E2A041CF3313B26DB4CE
RAW_HEDGED_GRID_T100_S020_EURUSD_TAIL_TRAIL_SMOKE_TAIL025_A1_TR1,0.02,2025-03-16T23:00:00.000Z,2025-12-29T00:00:00.000Z,-1284.217051,-390.308281,85059BB62D3CE1A9B0FD225FBA1D22217C9E0032A2558F92B7C7E6297FDF47E3
RAW_HEDGED_GRID_T100_S020_EURUSD_TAIL_TRAIL_SMOKE_TAIL025_A1_TR1,0.02,2025-03-16T23:00:00.000Z,2026-01-19T00:00:00.000Z,-1236.427413,-342.518643,1BD1BB55CF1B4741B3E527ABFCF765E9BB9EE69E3FD0BCB0264778093A9ABF3E
RAW_HEDGED_GRID_T100_S020_EURUSD_TAIL_TRAIL_SMOKE_TAIL025_A1_TR1,0.02,2025-03-16T23:00:00.000Z,2026-02-23T00:00:00.000Z,-1222.344522,-328.435752,D862E1CF82B1D99FDC3ECA3BD66BE0D1D8D012CE05E54EF122F5A7E7C3369DDF
RAW_HEDGED_GRID_T100_S020_EURUSD_TAIL_TRAIL_SMOKE_TAIL025_A1_TR1,0.02,2025-03-16T23:00:00.000Z,2026-02-16T00:00:00.000Z,-1160.462909,-266.554139,4A92B5C190152F5E70ACF40C68BD351CDD5405D69948BE7441F680A0E4FC9718
RAW_HEDGED_GRID_T100_S020_EURUSD_TAIL_TRAIL_SMOKE_TAIL025_A1_TR1,0.02,2025-03-16T23:00:00.000Z,2025-12-22T00:00:00.000Z,-1156.623523,-262.714753,4C14D51AD8D51491F9B436A027601814E5ACB034ACB5006800087CF13DFC533C
RAW_HEDGED_GRID_T100_S020_EURUSD_TAIL_TRAIL_SMOKE_TAIL025_A1_TR1,0.02,2025-03-16T23:00:00.000Z,2025-12-08T00:00:00.000Z,-1123.411584,-229.502814,DC334A9B7BD9AFC6869CC6E6BF4CADAA586701276F462D9C566C2D3FE1D35AF1
RAW_HEDGED_GRID_T100_S020_EURUSD_TAIL_TRAIL_SMOKE_TAIL025_A1_TR1,0.02,2025-03-16T23:00:00.000Z,2026-01-26T00:00:00.000Z,-1115.763254,-221.854484,CFE60C860822B400154BEE276D7137E4B67B69B87CD5F20BCE64A4C3365A9BB6
RAW_HEDGED_GRID_T100_S020_EURUSD_TAIL_TRAIL_SMOKE_TAIL025_A1_TR1,0.02,2025-03-16T23:00:00.000Z,2025-12-15T00:00:00.000Z,-1050.843105,-156.934335,779E841E2B5FA8893478E944471ECB42E59218C3C91F1D58771527DF5DDF0261
RAW_HEDGED_GRID_T100_S020_EURUSD_TAIL_TRAIL_SMOKE_TAIL025_A1_TR1,0.02,2025-03-16T23:00:00.000Z,2026-04-26T23:00:00.000Z,-1002.667639,-108.758869,522CE9CEB81F8B18FD81B7BCFAAFDEAE15B417F4FCA027C1D23F6D4511A9CBB2
RAW_HEDGED_GRID_T100_S020_EURUSD_TAIL_TRAIL_SMOKE_TAIL025_A1_TR1,0.02,2020-06-14T23:00:00.000Z,2021-02-22T00:00:00.000Z,-950.470293,-832.750079,2F20550357F01C28B6DC6D1F1637793717B408EFC4FAAD4A0461016C0A0851AE
RAW_HEDGED_GRID_T100_S020_EURUSD_TAIL_TRAIL_SMOKE_TAIL025_A1_TR1,0.05,2025-03-16T23:00:00.000Z,2025-12-29T00:00:00.000Z,-1306.204801,-561.021031,B5C70B10AFDA55B31A8D405F0AEB1D474D11A27D6060AE7BE5B9C2AABC31578A
RAW_HEDGED_GRID_T100_S020_EURUSD_TAIL_TRAIL_SMOKE_TAIL025_A1_TR1,0.05,2025-03-16T23:00:00.000Z,2026-01-19T00:00:00.000Z,-1260.606288,-515.422518,AD0492C4EDBA5B4BF66ED768AA8379698373821C9424A6FF7BB0C9457EA9D509
RAW_HEDGED_GRID_T100_S020_EURUSD_TAIL_TRAIL_SMOKE_TAIL025_A1_TR1,0.05,2025-03-16T23:00:00.000Z,2026-02-23T00:00:00.000Z,-1249.089522,-503.905752,D8C55EE37F50820DA4D1EB761806B6B7EB43A041026ECD739BD695742FB0312D
RAW_HEDGED_GRID_T100_S020_EURUSD_TAIL_TRAIL_SMOKE_TAIL025_A1_TR1,0.05,2025-03-16T23:00:00.000Z,2026-02-16T00:00:00.000Z,-1186.622909,-441.439139,594D169B74300B1253306314C7F03A1DDEE759B03ED48406122BCAFAE724074E
RAW_HEDGED_GRID_T100_S020_EURUSD_TAIL_TRAIL_SMOKE_TAIL025_A1_TR1,0.05,2025-03-16T23:00:00.000Z,2025-12-22T00:00:00.000Z,-1177.533523,-432.349753,29B6615AC41E3C3315C0C80E19853D74B67D16A03F760136F761057E23B75087
RAW_HEDGED_GRID_T100_S020_EURUSD_TAIL_TRAIL_SMOKE_TAIL025_A1_TR1,0.05,2025-03-16T23:00:00.000Z,2025-12-08T00:00:00.000Z,-1143.106584,-397.922814,B17AE0435C82A68D75C45BF5119B7CB44FE87CA9EC9322664A835742313450E8
RAW_HEDGED_GRID_T100_S020_EURUSD_TAIL_TRAIL_SMOKE_TAIL025_A1_TR1,0.05,2025-03-16T23:00:00.000Z,2026-01-26T00:00:00.000Z,-1141.533254,-396.349484,DBC5BD39CA41356859D756CB8B70F9058331F6B7FD4F781EFF85EF74BA2A8B54
RAW_HEDGED_GRID_T100_S020_EURUSD_TAIL_TRAIL_SMOKE_TAIL025_A1_TR1,0.05,2025-03-16T23:00:00.000Z,2025-12-15T00:00:00.000Z,-1071.423105,-326.239335,AC0BF6324966B30A1101B3F734DF0B47C8F0934F68E79E50996DED435DC24962
RAW_HEDGED_GRID_T100_S020_EURUSD_TAIL_TRAIL_SMOKE_TAIL025_A1_TR1,0.05,2025-03-16T23:00:00.000Z,2026-04-26T23:00:00.000Z,-1031.512639,-286.328869,A1C3FD3675EF7A6476C5B1BA01F968EC0B485E191FBABC7B5AB859C69E118AD0
RAW_HEDGED_GRID_T100_S020_EURUSD_TAIL_TRAIL_SMOKE_TAIL025_A1_TR1,0.05,2025-03-16T23:00:00.000Z,2026-05-03T23:00:00.000Z,-973.874727,-228.690957,1986B24AA2A6C498F218E49B72F7213AF4C6061C9A564F69E4C52A9603859B5A
RAW_HEDGED_GRID_T100_S020_EURUSD_TAIL_TRAIL_SMOKE_TAIL025_A1_TR1,0.1,2025-03-16T23:00:00.000Z,2025-12-29T00:00:00.000Z,-1342.851051,-845.542281,758807467189EE6ADC30BCBDA06C28F474794BFD465EF59344EF934D01558382
RAW_HEDGED_GRID_T100_S020_EURUSD_TAIL_TRAIL_SMOKE_TAIL025_A1_TR1,0.1,2025-03-16T23:00:00.000Z,2026-01-19T00:00:00.000Z,-1300.904413,-803.595643,E1591BAD7F52FD952623C2BB265F8779A2DBB56EEDD853CBC99A9943DAAC6AE1
RAW_HEDGED_GRID_T100_S020_EURUSD_TAIL_TRAIL_SMOKE_TAIL025_A1_TR1,0.1,2025-03-16T23:00:00.000Z,2026-02-23T00:00:00.000Z,-1293.664522,-796.355752,8454746275A4A23C872EB3F3C9DA8C6A16DDB54D799FBBD97034243E344FCA92
RAW_HEDGED_GRID_T100_S020_EURUSD_TAIL_TRAIL_SMOKE_TAIL025_A1_TR1,0.1,2025-03-16T23:00:00.000Z,2026-02-16T00:00:00.000Z,-1230.222909,-732.914139,D1C8FD42CC43034B70D6B3EEECD941ABE8A7051F6B192D348BDF4410C6C99544
RAW_HEDGED_GRID_T100_S020_EURUSD_TAIL_TRAIL_SMOKE_TAIL025_A1_TR1,0.1,2025-03-16T23:00:00.000Z,2025-12-22T00:00:00.000Z,-1212.383523,-715.074753,1C7E13389C3B678E2A7B908E9D6F6FC878BB1134A78D9F1749077334E8671AC4
RAW_HEDGED_GRID_T100_S020_EURUSD_TAIL_TRAIL_SMOKE_TAIL025_A1_TR1,0.1,2025-03-16T23:00:00.000Z,2026-01-26T00:00:00.000Z,-1184.483254,-687.174484,616AF2C503B78354FAB6F356C318C177BF715E3F6DA467E1A9C8B634ECE7A66A
RAW_HEDGED_GRID_T100_S020_EURUSD_TAIL_TRAIL_SMOKE_TAIL025_A1_TR1,0.1,2025-03-16T23:00:00.000Z,2025-12-08T00:00:00.000Z,-1175.931584,-678.622814,D9F9FA624D0A1A0245D50884D2A9E1B93E33C310AD688CCC73B201B94B4B6C5A
RAW_HEDGED_GRID_T100_S020_EURUSD_TAIL_TRAIL_SMOKE_TAIL025_A1_TR1,0.1,2025-03-16T23:00:00.000Z,2025-12-15T00:00:00.000Z,-1105.723105,-608.414335,2F7B1AAE03544990FD6614C5A9BD034A5B4F8745F6466D0CF15FF0B437A675F5
RAW_HEDGED_GRID_T100_S020_EURUSD_TAIL_TRAIL_SMOKE_TAIL025_A1_TR1,0.1,2025-03-16T23:00:00.000Z,2026-04-26T23:00:00.000Z,-1079.587639,-582.278869,E414FA4B6A16388069B295C7781286876A1C50038D7046E23C2E855F6F01EE82
RAW_HEDGED_GRID_T100_S020_EURUSD_TAIL_TRAIL_SMOKE_TAIL025_A1_TR1,0.1,2025-03-16T23:00:00.000Z,2026-05-03T23:00:00.000Z,-1022.849727,-525.540957,45F4A87369886110F95532BF2F98D39BC73340F1317475DE17AA41D323482ADE
RAW_HEDGED_GRID_T100_S020_EURUSD_TAIL_TRAIL_SMOKE_TAIL025_A1_TR1,0.2,2024-05-05T23:00:00.000Z,2025-12-29T00:00:00.000Z,-1451.381826,-1414.584781,039E826B9C57EFF395D7AA1F661B70DE8B53BAB51C0BB9462CC6B1317F789133
RAW_HEDGED_GRID_T100_S020_EURUSD_TAIL_TRAIL_SMOKE_TAIL025_A1_TR1,0.2,2024-05-05T23:00:00.000Z,2026-02-23T00:00:00.000Z,-1418.052797,-1381.255752,3F941227ACFB2C67232C3CD1CE0EE8093AC5D5F7704B954F7855DC2CFB0F9099
RAW_HEDGED_GRID_T100_S020_EURUSD_TAIL_TRAIL_SMOKE_TAIL025_A1_TR1,0.2,2024-05-05T23:00:00.000Z,2026-01-19T00:00:00.000Z,-1416.738938,-1379.941893,C0D1CEAAF6D360523714042EBB8885408F4B85CDC7547EB044A63B653DC0EBA5
RAW_HEDGED_GRID_T100_S020_EURUSD_TAIL_TRAIL_SMOKE_TAIL025_A1_TR1,0.2,2024-05-05T23:00:00.000Z,2026-02-16T00:00:00.000Z,-1352.661184,-1315.864139,F3E98A1C6D1F71EB66643994A6AD4EEDBACC24EFBB96B04A8BBB4AD06CCF8C82
RAW_HEDGED_GRID_T100_S020_EURUSD_TAIL_TRAIL_SMOKE_TAIL025_A1_TR1,0.2,2024-05-05T23:00:00.000Z,2025-12-22T00:00:00.000Z,-1317.321798,-1280.524753,FDCE251B62CC26385D26C80AFB937CF56C76D72DF9554508C8DAF2EF8885A210
RAW_HEDGED_GRID_T100_S020_EURUSD_TAIL_TRAIL_SMOKE_TAIL025_A1_TR1,0.2,2024-05-05T23:00:00.000Z,2026-01-26T00:00:00.000Z,-1305.621529,-1268.824484,BED2D1C0B7B771A2275F79369E8FE7978A6E9BC8EDA131B4DD235520D41F03C5
RAW_HEDGED_GRID_T100_S020_EURUSD_TAIL_TRAIL_SMOKE_TAIL025_A1_TR1,0.2,2024-05-05T23:00:00.000Z,2025-12-08T00:00:00.000Z,-1276.819859,-1240.022814,769B7035189AA9B3A3540C716ACBE905277F14EC43E63F3AFA571DCE6F1B676C
RAW_HEDGED_GRID_T100_S020_EURUSD_TAIL_TRAIL_SMOKE_TAIL025_A1_TR1,0.2,2024-05-05T23:00:00.000Z,2026-04-26T23:00:00.000Z,-1210.975914,-1174.178869,BC2C4399DFF5DA90E8A79C71A23100360282C8F05804FA8F5BE3C8E69EF73C26
RAW_HEDGED_GRID_T100_S020_EURUSD_TAIL_TRAIL_SMOKE_TAIL025_A1_TR1,0.2,2024-05-05T23:00:00.000Z,2025-12-15T00:00:00.000Z,-1209.56138,-1172.764335,FB57068FFEB4729E33B63BCD0D8400013A1C49E56804ABD681ADF8E8F1D452A9
RAW_HEDGED_GRID_T100_S020_EURUSD_TAIL_TRAIL_SMOKE_TAIL025_A1_TR1,0.2,2024-05-05T23:00:00.000Z,2026-05-03T23:00:00.000Z,-1156.038002,-1119.240957,FF9AA3C78FA981BFF29C8A30A8347B73B8A1A450764CB1CF8E3CA497F0DE3AC7
RAW_HEDGED_GRID_T100_S020_EURUSD_TAIL_TRAIL_SMOKE_TAIL025_A1_TR1,0.5,,2026-02-23T00:00:00.000Z,-3135.955752,-3135.955752,5F769A337A061F31D2517839A5BA297B876EB5C9AD06C584707B9CD1FED86C4E
RAW_HEDGED_GRID_T100_S020_EURUSD_TAIL_TRAIL_SMOKE_TAIL025_A1_TR1,0.5,,2025-12-29T00:00:00.000Z,-3121.712281,-3121.712281,FC8A88046702FDC879CE4F04477BA910987C6E4D22F5B9981AC46F1957CC65F8
RAW_HEDGED_GRID_T100_S020_EURUSD_TAIL_TRAIL_SMOKE_TAIL025_A1_TR1,0.5,,2026-01-19T00:00:00.000Z,-3108.980643,-3108.980643,849AE85D6A893AE34C4310B9D456291F1A1BD0BBEC9121C30201A67177F7D784
RAW_HEDGED_GRID_T100_S020_EURUSD_TAIL_TRAIL_SMOKE_TAIL025_A1_TR1,0.5,,2026-02-16T00:00:00.000Z,-3064.714139,-3064.714139,3DC41FF54606580AD5D3B6A37CF09CF6263A03FC49B6F434D700D047566FE45B
RAW_HEDGED_GRID_T100_S020_EURUSD_TAIL_TRAIL_SMOKE_TAIL025_A1_TR1,0.5,,2026-01-26T00:00:00.000Z,-3013.774484,-3013.774484,3B885E14986ED31F6AE6B381C6FC04E4BDA2039CC4E27820EF7ECA58FDABA759
RAW_HEDGED_GRID_T100_S020_EURUSD_TAIL_TRAIL_SMOKE_TAIL025_A1_TR1,0.5,,2025-12-22T00:00:00.000Z,-2976.874753,-2976.874753,5082C33FFDA3FEB37470596F4C7B18364E38625747E6765CF3D8A44D8486E00C
RAW_HEDGED_GRID_T100_S020_EURUSD_TAIL_TRAIL_SMOKE_TAIL025_A1_TR1,0.5,,2026-04-26T23:00:00.000Z,-2949.878869,-2949.878869,1B9C562F265148B662EF694690ABCAD6F24517E79D270B35685809ADBF5FF492
RAW_HEDGED_GRID_T100_S020_EURUSD_TAIL_TRAIL_SMOKE_TAIL025_A1_TR1,0.5,,2025-12-08T00:00:00.000Z,-2924.222814,-2924.222814,878F21C4729F3841074EC401BE7AAB27EF775AB4E79198F0EEACF64ADD3A8818
RAW_HEDGED_GRID_T100_S020_EURUSD_TAIL_TRAIL_SMOKE_TAIL025_A1_TR1,0.5,,2026-05-03T23:00:00.000Z,-2900.340957,-2900.340957,07AD079A1DD287694E1C55429F21985A417DAA3469C06A517377FFAF94925C1F
RAW_HEDGED_GRID_T100_S020_EURUSD_TAIL_TRAIL_SMOKE_TAIL025_A1_TR1,0.5,,2025-12-15T00:00:00.000Z,-2865.814335,-2865.814335,2DCD6C83A6E754FD76F3252988074D88D7F8B748E63D7DF696D1365070D4A073
RAW_HEDGED_GRID_T100_S020_EURUSD_TAIL_TRAIL_SMOKE_TAIL025_A1_TR2,0,2025-03-16T23:00:00.000Z,2025-12-29T00:00:00.000Z,-1269.791259,-277.532569,E62FF4A71229F5F4A931E0ADB6D31A38374D4B0E3A3CA856434781AB4443A501
RAW_HEDGED_GRID_T100_S020_EURUSD_TAIL_TRAIL_SMOKE_TAIL025_A1_TR2,0,2025-03-16T23:00:00.000Z,2026-01-19T00:00:00.000Z,-1220.562992,-228.304302,52EFDA03CBD185B89EA2EED17F820E24D2EE10B8D58CB351EA0E86A84DB2DC42
RAW_HEDGED_GRID_T100_S020_EURUSD_TAIL_TRAIL_SMOKE_TAIL025_A1_TR2,0,2025-03-16T23:00:00.000Z,2026-02-23T00:00:00.000Z,-1204.539466,-212.280776,F8BCCE3A9E8BE0BB507AD17AB11C9695A8076ED81BED7232A8AF77F512BA8409
RAW_HEDGED_GRID_T100_S020_EURUSD_TAIL_TRAIL_SMOKE_TAIL025_A1_TR2,0,2025-03-16T23:00:00.000Z,2026-02-16T00:00:00.000Z,-1143.020476,-150.761786,0D7EE0142F91314D74F87B436212689A7DBB86324645F9DD047E7ADFE5807727
RAW_HEDGED_GRID_T100_S020_EURUSD_TAIL_TRAIL_SMOKE_TAIL025_A1_TR2,0,2025-03-16T23:00:00.000Z,2025-12-22T00:00:00.000Z,-1142.787447,-150.528757,16D3B2D58AD8EE7692177B12AB0EB69499F70F436F75163E9CC0A3A590E22D57
RAW_HEDGED_GRID_T100_S020_EURUSD_TAIL_TRAIL_SMOKE_TAIL025_A1_TR2,0,2025-03-16T23:00:00.000Z,2025-12-08T00:00:00.000Z,-1110.277167,-118.018477,D7978AC76C36DF7D9B2352A0F749BBCACE991EF308436342C34204D8D2F9BA76
RAW_HEDGED_GRID_T100_S020_EURUSD_TAIL_TRAIL_SMOKE_TAIL025_A1_TR2,0,2025-03-16T23:00:00.000Z,2026-01-26T00:00:00.000Z,-1098.55391,-106.29522,C722FBF6599AEFB5ECE614A28048F6628EB1A99C260740A673E549A8D2B79424
RAW_HEDGED_GRID_T100_S020_EURUSD_TAIL_TRAIL_SMOKE_TAIL025_A1_TR2,0,2025-03-16T23:00:00.000Z,2025-12-15T00:00:00.000Z,-1037.162876,-44.904186,067F826F47E7271BFF24B984BE1B59FADDD00903DB5EF249FB3BAB43B108E4E7
RAW_HEDGED_GRID_T100_S020_EURUSD_TAIL_TRAIL_SMOKE_TAIL025_A1_TR2,0,2025-03-16T23:00:00.000Z,2026-04-26T23:00:00.000Z,-983.760916,8.497774,D4268DBA752B3F56E2EA43AFE4800CA7DAEB18DF4BD6487EED803D2BA0857E9C
RAW_HEDGED_GRID_T100_S020_EURUSD_TAIL_TRAIL_SMOKE_TAIL025_A1_TR2,0,2020-06-14T23:00:00.000Z,2021-02-22T00:00:00.000Z,-937.513818,-805.897259,D91832442310EB9A25731A36C480864D70F25D3D0F55A43443C71A2F94392318
RAW_HEDGED_GRID_T100_S020_EURUSD_TAIL_TRAIL_SMOKE_TAIL025_A1_TR2,0.0025,2025-03-16T23:00:00.000Z,2025-12-29T00:00:00.000Z,-1271.623574,-291.758648,ACB1F1B3481C8815F144BC90821B97A26EC2295D3DAA6F881D9686949A24B018
RAW_HEDGED_GRID_T100_S020_EURUSD_TAIL_TRAIL_SMOKE_TAIL025_A1_TR2,0.0025,2025-03-16T23:00:00.000Z,2026-01-19T00:00:00.000Z,-1222.577808,-242.712882,F8ACDD151224F48A267BD9B01D017026FD1BB43A2B0FD2C75B4374D642F0025C
RAW_HEDGED_GRID_T100_S020_EURUSD_TAIL_TRAIL_SMOKE_TAIL025_A1_TR2,0.0025,2025-03-16T23:00:00.000Z,2026-02-23T00:00:00.000Z,-1206.768219,-226.903293,F95694185D9700803543F42C85B951481523419A663D26EDDCC693EEE04CBA3D
RAW_HEDGED_GRID_T100_S020_EURUSD_TAIL_TRAIL_SMOKE_TAIL025_A1_TR2,0.0025,2025-03-16T23:00:00.000Z,2026-02-16T00:00:00.000Z,-1145.200479,-165.335553,C76209C22F68E725A03BC2F8A82A2BD91376031AD3753535A7432534BA0A354B
RAW_HEDGED_GRID_T100_S020_EURUSD_TAIL_TRAIL_SMOKE_TAIL025_A1_TR2,0.0025,2025-03-16T23:00:00.000Z,2025-12-22T00:00:00.000Z,-1144.529949,-164.665023,8021FCFED5E6001AB97E2DE767C77FB762D27F3C509B8078ACBB8D025C3DCBAD
RAW_HEDGED_GRID_T100_S020_EURUSD_TAIL_TRAIL_SMOKE_TAIL025_A1_TR2,0.0025,2025-03-16T23:00:00.000Z,2025-12-08T00:00:00.000Z,-1111.918419,-132.053493,30004EA28FD9CD53049012E71CA0E86EAC304B69F152186469338BA2584FCD74
RAW_HEDGED_GRID_T100_S020_EURUSD_TAIL_TRAIL_SMOKE_TAIL025_A1_TR2,0.0025,2025-03-16T23:00:00.000Z,2026-01-26T00:00:00.000Z,-1100.701413,-120.836487,048725334BB7024D9C3143C894A794D3F6062A9C91EBFC3D383D1E48F844DED8
RAW_HEDGED_GRID_T100_S020_EURUSD_TAIL_TRAIL_SMOKE_TAIL025_A1_TR2,0.0025,2025-03-16T23:00:00.000Z,2025-12-15T00:00:00.000Z,-1038.877878,-59.012952,4FECBC258B76788410411FF8023D7D99B960605B02846CC182D3961E883B8B5D
RAW_HEDGED_GRID_T100_S020_EURUSD_TAIL_TRAIL_SMOKE_TAIL025_A1_TR2,0.0025,2025-03-16T23:00:00.000Z,2026-04-26T23:00:00.000Z,-986.164575,-6.299649,583E1BE6713C924FFDE13855DAFB1B49679837C26278EE8857B95979E7AB0C90
RAW_HEDGED_GRID_T100_S020_EURUSD_TAIL_TRAIL_SMOKE_TAIL025_A1_TR2,0.0025,2020-06-14T23:00:00.000Z,2021-02-22T00:00:00.000Z,-939.151318,-809.324762,AA30918CCCB020748D4F3B8534938F89F230814515D3F9515E7C9100A16699DE
RAW_HEDGED_GRID_T100_S020_EURUSD_TAIL_TRAIL_SMOKE_TAIL025_A1_TR2,0.005,2025-03-16T23:00:00.000Z,2025-12-29T00:00:00.000Z,-1273.455887,-305.984719,8D44A758743ADAA05AB07632AEF91D0E2891CBFAE62EA66181EA45CB38D4362A
RAW_HEDGED_GRID_T100_S020_EURUSD_TAIL_TRAIL_SMOKE_TAIL025_A1_TR2,0.005,2025-03-16T23:00:00.000Z,2026-01-19T00:00:00.000Z,-1224.59262,-257.121452,B794598B074F3F34E8428698D41DC3BD40E7AD82B04B4AFCFC6242C90590A914
RAW_HEDGED_GRID_T100_S020_EURUSD_TAIL_TRAIL_SMOKE_TAIL025_A1_TR2,0.005,2025-03-16T23:00:00.000Z,2026-02-23T00:00:00.000Z,-1208.996969,-241.525801,EDB78C445FFE9E56954EA67194BF2DA85BC57ACB3F4B2D6A5727569386D2772F
RAW_HEDGED_GRID_T100_S020_EURUSD_TAIL_TRAIL_SMOKE_TAIL025_A1_TR2,0.005,2025-03-16T23:00:00.000Z,2026-02-16T00:00:00.000Z,-1147.380479,-179.909311,31BF00AF1D2F1822D840F563C55B83871208F2514E5589BCBB8C3B4EEE653807
RAW_HEDGED_GRID_T100_S020_EURUSD_TAIL_TRAIL_SMOKE_TAIL025_A1_TR2,0.005,2025-03-16T23:00:00.000Z,2025-12-22T00:00:00.000Z,-1146.27245,-178.801282,3717386E1E247302958F7E3E4587367774A9373897098F45A390C4525B102E19
RAW_HEDGED_GRID_T100_S020_EURUSD_TAIL_TRAIL_SMOKE_TAIL025_A1_TR2,0.005,2025-03-16T23:00:00.000Z,2025-12-08T00:00:00.000Z,-1113.55967,-146.088502,ABDF7321DE1E772444482E15FA5C42D7B381CF4AF73955F45D7691186E107841
RAW_HEDGED_GRID_T100_S020_EURUSD_TAIL_TRAIL_SMOKE_TAIL025_A1_TR2,0.005,2025-03-16T23:00:00.000Z,2026-01-26T00:00:00.000Z,-1102.848913,-135.377745,142CDE2204389DF78222FA40C87351F9916CCC5A1B35BB0F857479A7E37FA824
RAW_HEDGED_GRID_T100_S020_EURUSD_TAIL_TRAIL_SMOKE_TAIL025_A1_TR2,0.005,2025-03-16T23:00:00.000Z,2025-12-15T00:00:00.000Z,-1040.592879,-73.121711,03CD05901A3BDEADD8B93E0421267ABB390320DDCB4E45CB69C3F1C21E4C9B5B
RAW_HEDGED_GRID_T100_S020_EURUSD_TAIL_TRAIL_SMOKE_TAIL025_A1_TR2,0.005,2025-03-16T23:00:00.000Z,2026-04-26T23:00:00.000Z,-988.568231,-21.097063,BD7500C8155CCDD7451E5A0DA04814E8EFA349A9D2275B9A3472729C66208AE6
RAW_HEDGED_GRID_T100_S020_EURUSD_TAIL_TRAIL_SMOKE_TAIL025_A1_TR2,0.005,2020-06-14T23:00:00.000Z,2021-02-22T00:00:00.000Z,-940.788823,-812.752265,539C3AA7237166ADD48F8B39585E5FB6DC4A56ABB5553BB13DD1A4354C01C536
RAW_HEDGED_GRID_T100_S020_EURUSD_TAIL_TRAIL_SMOKE_TAIL025_A1_TR2,0.01,2025-03-16T23:00:00.000Z,2025-12-29T00:00:00.000Z,-1277.120509,-334.436819,1EC7EE75320260C1EB0F4998A06CD30164DB88CD30D86450A7FBA6EA0CAC9C1A
RAW_HEDGED_GRID_T100_S020_EURUSD_TAIL_TRAIL_SMOKE_TAIL025_A1_TR2,0.01,2025-03-16T23:00:00.000Z,2026-01-19T00:00:00.000Z,-1228.622242,-285.938552,AD6F7BB7B551270141147582A7F58AF2E3A808B5F2829F723F4D08D87C2CD90B
RAW_HEDGED_GRID_T100_S020_EURUSD_TAIL_TRAIL_SMOKE_TAIL025_A1_TR2,0.01,2025-03-16T23:00:00.000Z,2026-02-23T00:00:00.000Z,-1213.454466,-270.770776,BAC1CF530D341AD1BF4BB9E248FEF73E252BFFC523F78CA78781180A3F07C1DF
RAW_HEDGED_GRID_T100_S020_EURUSD_TAIL_TRAIL_SMOKE_TAIL025_A1_TR2,0.01,2025-03-16T23:00:00.000Z,2026-02-16T00:00:00.000Z,-1151.740476,-209.056786,09DABE41FE5D3643E816DF53A55B2136C3CDBD80CCD096222A23CCCE708C3FF3
RAW_HEDGED_GRID_T100_S020_EURUSD_TAIL_TRAIL_SMOKE_TAIL025_A1_TR2,0.01,2025-03-16T23:00:00.000Z,2025-12-22T00:00:00.000Z,-1149.757447,-207.073757,9E97F7F7E401E5B8A781D3E00A0C70C88D00F29EB48A43713A41DE3DDF8BB38E
RAW_HEDGED_GRID_T100_S020_EURUSD_TAIL_TRAIL_SMOKE_TAIL025_A1_TR2,0.01,2025-03-16T23:00:00.000Z,2025-12-08T00:00:00.000Z,-1116.842167,-174.158477,99E8B46422B55D3D15448DE3E009787B70D8BD1935E23C4848D80002AE4D5753
RAW_HEDGED_GRID_T100_S020_EURUSD_TAIL_TRAIL_SMOKE_TAIL025_A1_TR2,0.01,2025-03-16T23:00:00.000Z,2026-01-26T00:00:00.000Z,-1107.14391,-164.46022,17D56C3DB014E2EC2C9CFFE9FFDA4CEC6EDCE1BC73310D4A93DF7370AB2EA6F2
RAW_HEDGED_GRID_T100_S020_EURUSD_TAIL_TRAIL_SMOKE_TAIL025_A1_TR2,0.01,2025-03-16T23:00:00.000Z,2025-12-15T00:00:00.000Z,-1044.022876,-101.339186,5D4948DB9449FF194788412543EF39D4606D95497FD891B1CFEA349829B4422C
RAW_HEDGED_GRID_T100_S020_EURUSD_TAIL_TRAIL_SMOKE_TAIL025_A1_TR2,0.01,2025-03-16T23:00:00.000Z,2026-04-26T23:00:00.000Z,-993.375541,-50.691851,679A7C4F3236CA34D62A83BF1BD2EF4CAC6EEA26072F254EABA4DB1C49CD0565
RAW_HEDGED_GRID_T100_S020_EURUSD_TAIL_TRAIL_SMOKE_TAIL025_A1_TR2,0.01,2020-06-14T23:00:00.000Z,2021-02-22T00:00:00.000Z,-944.063818,-819.607259,4B7AA694EE5F4EC3B498EEF4D423485E5ED9BFEB3EA330379DEB0F3832364A89
RAW_HEDGED_GRID_T100_S020_EURUSD_TAIL_TRAIL_SMOKE_TAIL025_A1_TR2,0.02,2025-03-16T23:00:00.000Z,2025-12-29T00:00:00.000Z,-1284.449759,-391.341069,C5C86716FCDDE7BA98AEC31BEB36A0E645B4FB53A33E7CC3A3764121E09ED370
RAW_HEDGED_GRID_T100_S020_EURUSD_TAIL_TRAIL_SMOKE_TAIL025_A1_TR2,0.02,2025-03-16T23:00:00.000Z,2026-01-19T00:00:00.000Z,-1236.681492,-343.572802,9104049635107DBBC97B538D23AB3E015C12923D79FA1AC733DB8247D184657D
RAW_HEDGED_GRID_T100_S020_EURUSD_TAIL_TRAIL_SMOKE_TAIL025_A1_TR2,0.02,2025-03-16T23:00:00.000Z,2026-02-23T00:00:00.000Z,-1222.369466,-329.260776,7C235C2525ED85AB50E0D1AB6BAEBEFF1643E1D27D24D624746F15AC6ECF4111
RAW_HEDGED_GRID_T100_S020_EURUSD_TAIL_TRAIL_SMOKE_TAIL025_A1_TR2,0.02,2025-03-16T23:00:00.000Z,2026-02-16T00:00:00.000Z,-1160.460476,-267.351786,C4E54F9E65AE4F3B25F5F0F6DC2680EE6F2B8418E5955EA5E777753B57DBDBB4
RAW_HEDGED_GRID_T100_S020_EURUSD_TAIL_TRAIL_SMOKE_TAIL025_A1_TR2,0.02,2025-03-16T23:00:00.000Z,2025-12-22T00:00:00.000Z,-1156.727447,-263.618757,02BE82C6817551C3629A330E228D4F42B69A587C37D202EC9B6814CCF1A6791F
RAW_HEDGED_GRID_T100_S020_EURUSD_TAIL_TRAIL_SMOKE_TAIL025_A1_TR2,0.02,2025-03-16T23:00:00.000Z,2025-12-08T00:00:00.000Z,-1123.407167,-230.298477,23DF4991FB9EA46BBFF02F7D77D08B124E1A944771BF4653CE631DCB55EB727A
RAW_HEDGED_GRID_T100_S020_EURUSD_TAIL_TRAIL_SMOKE_TAIL025_A1_TR2,0.02,2025-03-16T23:00:00.000Z,2026-01-26T00:00:00.000Z,-1115.73391,-222.62522,81BC030B851271221AEB3180E5758D8961C22FC78C02653CF609E24409605F1B
RAW_HEDGED_GRID_T100_S020_EURUSD_TAIL_TRAIL_SMOKE_TAIL025_A1_TR2,0.02,2025-03-16T23:00:00.000Z,2025-12-15T00:00:00.000Z,-1050.882876,-157.774186,98B15417F06D396521DD27A66D0D167C88787B40FF8BBDFF406EEF48B11E9E2C
RAW_HEDGED_GRID_T100_S020_EURUSD_TAIL_TRAIL_SMOKE_TAIL025_A1_TR2,0.02,2025-03-16T23:00:00.000Z,2026-04-26T23:00:00.000Z,-1002.990166,-109.881476,FB2CB2CC1B03024BF40075AD8A372AA87ADF32EA1F394A7F6EA75330126404BC
RAW_HEDGED_GRID_T100_S020_EURUSD_TAIL_TRAIL_SMOKE_TAIL025_A1_TR2,0.02,2020-06-14T23:00:00.000Z,2021-02-22T00:00:00.000Z,-950.613818,-833.317259,349B21163CC07627AEB35E32D9F211F7139D9F58E0395E35F8CEB1556EB84BAB
RAW_HEDGED_GRID_T100_S020_EURUSD_TAIL_TRAIL_SMOKE_TAIL025_A1_TR2,0.05,2025-03-16T23:00:00.000Z,2025-12-29T00:00:00.000Z,-1306.437509,-562.053819,B664DF88F1C3C2530BC409511F56B7122BBE9CF17E39599D71A3D11209F657C8
RAW_HEDGED_GRID_T100_S020_EURUSD_TAIL_TRAIL_SMOKE_TAIL025_A1_TR2,0.05,2025-03-16T23:00:00.000Z,2026-01-19T00:00:00.000Z,-1260.859242,-516.475552,B547265C5235BBDA061896F5A1062D5B52D2DF9854AA34EA05B59422F2CEFACE
RAW_HEDGED_GRID_T100_S020_EURUSD_TAIL_TRAIL_SMOKE_TAIL025_A1_TR2,0.05,2025-03-16T23:00:00.000Z,2026-02-23T00:00:00.000Z,-1249.114466,-504.730776,4BBEB9812EEB0EC0E5990D9A22594AE8FFBEECC3ECC689A139815B3B1A347DD7
RAW_HEDGED_GRID_T100_S020_EURUSD_TAIL_TRAIL_SMOKE_TAIL025_A1_TR2,0.05,2025-03-16T23:00:00.000Z,2026-02-16T00:00:00.000Z,-1186.620476,-442.236786,C35D04896877E477F4E1651AE7BA86A412477FC4700D48D0B5D89C28C5654421
RAW_HEDGED_GRID_T100_S020_EURUSD_TAIL_TRAIL_SMOKE_TAIL025_A1_TR2,0.05,2025-03-16T23:00:00.000Z,2025-12-22T00:00:00.000Z,-1177.637447,-433.253757,A3267F2DB9271944BFD04EDBE4042685CF37FD54797AD2DB580A0AF7D7341A0F
RAW_HEDGED_GRID_T100_S020_EURUSD_TAIL_TRAIL_SMOKE_TAIL025_A1_TR2,0.05,2025-03-16T23:00:00.000Z,2025-12-08T00:00:00.000Z,-1143.102167,-398.718477,74098452601F3FD8BF07B0D75787CAA5219206EECD0E1D18685E99ADF5899745
RAW_HEDGED_GRID_T100_S020_EURUSD_TAIL_TRAIL_SMOKE_TAIL025_A1_TR2,0.05,2025-03-16T23:00:00.000Z,2026-01-26T00:00:00.000Z,-1141.50391,-397.12022,D81FB5D1BF0C4131B8AF31C0FCC955587B4FCC211FBFB50574FDC297B85E16FB
RAW_HEDGED_GRID_T100_S020_EURUSD_TAIL_TRAIL_SMOKE_TAIL025_A1_TR2,0.05,2025-03-16T23:00:00.000Z,2025-12-15T00:00:00.000Z,-1071.462876,-327.079186,0E984C4550D2ECDAB21AA8C3FC76110BE9EFC56A13CA13374C4464893432CED3
RAW_HEDGED_GRID_T100_S020_EURUSD_TAIL_TRAIL_SMOKE_TAIL025_A1_TR2,0.05,2025-03-16T23:00:00.000Z,2026-04-26T23:00:00.000Z,-1031.834041,-287.450351,BC27D8F4D5A6AB162F87C8F85A6643E91AC19A431A0BA7AF433AF954890F8774
RAW_HEDGED_GRID_T100_S020_EURUSD_TAIL_TRAIL_SMOKE_TAIL025_A1_TR2,0.05,2025-03-16T23:00:00.000Z,2026-05-03T23:00:00.000Z,-974.267622,-229.883932,940524011320ABC2698D2B9DA259EDB41F638FBB84ADB37B6755C215EC75BAEE
RAW_HEDGED_GRID_T100_S020_EURUSD_TAIL_TRAIL_SMOKE_TAIL025_A1_TR2,0.1,2025-03-16T23:00:00.000Z,2025-12-29T00:00:00.000Z,-1343.083759,-846.575069,45FCC663B408FDD4E6AA80E2B0A2E743C3818E266F6F13BE566336EEA113ADCC
RAW_HEDGED_GRID_T100_S020_EURUSD_TAIL_TRAIL_SMOKE_TAIL025_A1_TR2,0.1,2025-03-16T23:00:00.000Z,2026-01-19T00:00:00.000Z,-1301.155492,-804.646802,3511C9696E28CB66E4834E2CF664506E2490CE64B2D0887C494680676E9A71EF
RAW_HEDGED_GRID_T100_S020_EURUSD_TAIL_TRAIL_SMOKE_TAIL025_A1_TR2,0.1,2025-03-16T23:00:00.000Z,2026-02-23T00:00:00.000Z,-1293.689466,-797.180776,1767CB29F92CBBE327238186501D7459D2DDCC89EC71B5A835049B3420EA349E
RAW_HEDGED_GRID_T100_S020_EURUSD_TAIL_TRAIL_SMOKE_TAIL025_A1_TR2,0.1,2025-03-16T23:00:00.000Z,2026-02-16T00:00:00.000Z,-1230.220476,-733.711786,4970EAEB0C4D05452B52CB00B65B7753F096029F17601C4C1A3923F2311CA51D
RAW_HEDGED_GRID_T100_S020_EURUSD_TAIL_TRAIL_SMOKE_TAIL025_A1_TR2,0.1,2025-03-16T23:00:00.000Z,2025-12-22T00:00:00.000Z,-1212.487447,-715.978757,174BFD93634FC3082A599574CA13C385561C87D90B0E145C77A3C929A9744FAA
RAW_HEDGED_GRID_T100_S020_EURUSD_TAIL_TRAIL_SMOKE_TAIL025_A1_TR2,0.1,2025-03-16T23:00:00.000Z,2026-01-26T00:00:00.000Z,-1184.45391,-687.94522,75B1705847AD5A22E0AFD69E70A4A62BE734E673AA891759E81839C120AC34C0
RAW_HEDGED_GRID_T100_S020_EURUSD_TAIL_TRAIL_SMOKE_TAIL025_A1_TR2,0.1,2025-03-16T23:00:00.000Z,2025-12-08T00:00:00.000Z,-1175.927167,-679.418477,63F9A2FE661ED8250231D8229E7B2472A24F9854B590DADC80A52B90DE2CC2F7
RAW_HEDGED_GRID_T100_S020_EURUSD_TAIL_TRAIL_SMOKE_TAIL025_A1_TR2,0.1,2025-03-16T23:00:00.000Z,2025-12-15T00:00:00.000Z,-1105.762876,-609.254186,6117382E5E07E3745D03ECAE0D19FF9054911E50B5D34730EC28488D895331BC
RAW_HEDGED_GRID_T100_S020_EURUSD_TAIL_TRAIL_SMOKE_TAIL025_A1_TR2,0.1,2025-03-16T23:00:00.000Z,2026-04-26T23:00:00.000Z,-1079.907166,-583.398476,8D019491586F8C0287EBBD8F3406FE48001CC87080CC4317F782F4A730F48B70
RAW_HEDGED_GRID_T100_S020_EURUSD_TAIL_TRAIL_SMOKE_TAIL025_A1_TR2,0.1,2025-03-16T23:00:00.000Z,2026-05-03T23:00:00.000Z,-1023.238872,-526.730182,C6E880308AB2A753AB2DC28A90C6631853D5BB777A3710E8879F0526FF93C5D0
RAW_HEDGED_GRID_T100_S020_EURUSD_TAIL_TRAIL_SMOKE_TAIL025_A1_TR2,0.2,2024-05-05T23:00:00.000Z,2025-12-29T00:00:00.000Z,-1451.989086,-1415.617569,8A078B54448D6CA0E87A81360193995DB64E4468F8B5AE65FACAD01F4AC274CC
RAW_HEDGED_GRID_T100_S020_EURUSD_TAIL_TRAIL_SMOKE_TAIL025_A1_TR2,0.2,2024-05-05T23:00:00.000Z,2026-02-23T00:00:00.000Z,-1418.452293,-1382.080776,01A21C9E209547B1ED2D5AA710940FE15024266A355A7F900ADB3B4B5F1470E8
RAW_HEDGED_GRID_T100_S020_EURUSD_TAIL_TRAIL_SMOKE_TAIL025_A1_TR2,0.2,2024-05-05T23:00:00.000Z,2026-01-19T00:00:00.000Z,-1417.360819,-1380.989302,8CE9747A83FBB88CBC855634A7C47C53805D00A3FE55AF536D40ECFAF9132651
RAW_HEDGED_GRID_T100_S020_EURUSD_TAIL_TRAIL_SMOKE_TAIL025_A1_TR2,0.2,2024-05-05T23:00:00.000Z,2026-02-16T00:00:00.000Z,-1353.033303,-1316.661786,82A60C67FB521327633193B2086A38F563DCFC50A44CD3B6152089D3B4E55894
RAW_HEDGED_GRID_T100_S020_EURUSD_TAIL_TRAIL_SMOKE_TAIL025_A1_TR2,0.2,2024-05-05T23:00:00.000Z,2025-12-22T00:00:00.000Z,-1317.800274,-1281.428757,F3B854362F50E3B15D4139666CEE7CE63A924126DE9E4D85B197AF4CC63D725D
RAW_HEDGED_GRID_T100_S020_EURUSD_TAIL_TRAIL_SMOKE_TAIL025_A1_TR2,0.2,2024-05-05T23:00:00.000Z,2026-01-26T00:00:00.000Z,-1305.966737,-1269.59522,232C4B0B21BA018CFBBB620A7801EF1124FD10DE20E551C38068CA5656A9AD19
RAW_HEDGED_GRID_T100_S020_EURUSD_TAIL_TRAIL_SMOKE_TAIL025_A1_TR2,0.2,2024-05-05T23:00:00.000Z,2025-12-08T00:00:00.000Z,-1277.189994,-1240.818477,E87A34A831A028BA0C47A3691578428543AA21CAF74B17BE9D32209366906127
RAW_HEDGED_GRID_T100_S020_EURUSD_TAIL_TRAIL_SMOKE_TAIL025_A1_TR2,0.2,2024-05-05T23:00:00.000Z,2026-04-26T23:00:00.000Z,-1211.666243,-1175.294726,3BECAE09D80089C29B75DB5AF99C9F7AE8C3B58076B0D9A9448A2812779A1ABA
RAW_HEDGED_GRID_T100_S020_EURUSD_TAIL_TRAIL_SMOKE_TAIL025_A1_TR2,0.2,2024-05-05T23:00:00.000Z,2025-12-15T00:00:00.000Z,-1209.975703,-1173.604186,EC01CAA978D163BC0F150390799647B43415FF507FE0F15DE8B664D08780B0F3
RAW_HEDGED_GRID_T100_S020_EURUSD_TAIL_TRAIL_SMOKE_TAIL025_A1_TR2,0.2,2024-05-05T23:00:00.000Z,2026-05-03T23:00:00.000Z,-1156.794199,-1120.422682,25546E6DB39751D1520BB30F16BA8306F93F2ED74154996D284F9CC179C206B5
RAW_HEDGED_GRID_T100_S020_EURUSD_TAIL_TRAIL_SMOKE_TAIL025_A1_TR2,0.5,,2026-02-23T00:00:00.000Z,-3136.780776,-3136.780776,72ED0FACCC84799C951F335CAECF59CF8E59BCE9F279A29A21E6A0116894781D
RAW_HEDGED_GRID_T100_S020_EURUSD_TAIL_TRAIL_SMOKE_TAIL025_A1_TR2,0.5,,2025-12-29T00:00:00.000Z,-3122.745069,-3122.745069,59B259585200F330FA1A1323B682734EAB3296505D2BA7BBB6A6C664F5ED8101
RAW_HEDGED_GRID_T100_S020_EURUSD_TAIL_TRAIL_SMOKE_TAIL025_A1_TR2,0.5,,2026-01-19T00:00:00.000Z,-3110.016802,-3110.016802,2A8DE2B3F27D38DDF7A04C9B28B9922E47404911931D75BEBB4BD53939FAC722
RAW_HEDGED_GRID_T100_S020_EURUSD_TAIL_TRAIL_SMOKE_TAIL025_A1_TR2,0.5,,2026-02-16T00:00:00.000Z,-3065.511786,-3065.511786,56DDEA74135A058403E417CD9286B81738736ABB2D235CD2DD41A54D8439F46C
RAW_HEDGED_GRID_T100_S020_EURUSD_TAIL_TRAIL_SMOKE_TAIL025_A1_TR2,0.5,,2026-01-26T00:00:00.000Z,-3014.54522,-3014.54522,1116BDD2B230ECD0090F56726AB7EDFCD11CA2E172AC0F098BD82E464D6943A2
RAW_HEDGED_GRID_T100_S020_EURUSD_TAIL_TRAIL_SMOKE_TAIL025_A1_TR2,0.5,,2025-12-22T00:00:00.000Z,-2977.778757,-2977.778757,1DA562F4E0E8887B5DE09F8FEC7971F781B2ADF18BD22FFA8B584363E8C3D750
RAW_HEDGED_GRID_T100_S020_EURUSD_TAIL_TRAIL_SMOKE_TAIL025_A1_TR2,0.5,,2026-04-26T23:00:00.000Z,-2950.983476,-2950.983476,FB35A4B41F6E5D48E2D1CCE09C303E9B8A328F1F6D2AFBAEBC8D86F9839554D0
RAW_HEDGED_GRID_T100_S020_EURUSD_TAIL_TRAIL_SMOKE_TAIL025_A1_TR2,0.5,,2025-12-08T00:00:00.000Z,-2925.018477,-2925.018477,C3B88DFC84078C832B40AD844B0044FA570F77C7CBD4E295BC5F57F9A645D2B7
RAW_HEDGED_GRID_T100_S020_EURUSD_TAIL_TRAIL_SMOKE_TAIL025_A1_TR2,0.5,,2026-05-03T23:00:00.000Z,-2901.500182,-2901.500182,CE6D2BAC17EDA6B597B9A174F851BA667F52EC1FCFD8152F02838BE314083C5C
RAW_HEDGED_GRID_T100_S020_EURUSD_TAIL_TRAIL_SMOKE_TAIL025_A1_TR2,0.5,,2025-12-15T00:00:00.000Z,-2866.654186,-2866.654186,A90AB65350C13316C90EE4EA11B8A55DB351F44B1155CB3D020F2BF2910F623B
RAW_HEDGED_GRID_T100_S020_EURUSD_TAIL_TRAIL_SMOKE_TAIL025_A1_TR3,0,2025-03-16T23:00:00.000Z,2025-12-29T00:00:00.000Z,-1270.316769,-276.793538,4A5DBE03846B99C9D2E93B73DB24F5F6F64B09CEBF1AA9A21B26B59C85ACC9ED
RAW_HEDGED_GRID_T100_S020_EURUSD_TAIL_TRAIL_SMOKE_TAIL025_A1_TR3,0,2025-03-16T23:00:00.000Z,2026-01-19T00:00:00.000Z,-1221.304168,-227.780937,105766C8A54D08DF47F8E59391A6F9DA0F95780B48C880659827EB181DD4DD39
RAW_HEDGED_GRID_T100_S020_EURUSD_TAIL_TRAIL_SMOKE_TAIL025_A1_TR3,0,2025-03-16T23:00:00.000Z,2026-02-23T00:00:00.000Z,-1205.028251,-211.50502,7CC22107122CDE5686092DB6D0EC81FD59BB93369B33CDBD6CCF4260EF345756
RAW_HEDGED_GRID_T100_S020_EURUSD_TAIL_TRAIL_SMOKE_TAIL025_A1_TR3,0,2025-03-16T23:00:00.000Z,2026-02-16T00:00:00.000Z,-1143.488213,-149.964982,0A779FB9958483056CB32D93CAAA400FF3C554B1227571ABA8B2382F16106F07
RAW_HEDGED_GRID_T100_S020_EURUSD_TAIL_TRAIL_SMOKE_TAIL025_A1_TR3,0,2025-03-16T23:00:00.000Z,2025-12-22T00:00:00.000Z,-1143.129089,-149.605858,76F4110F76943B1B66865E8ED429C1FB0856B0A0CA7E106DD69CEE2BE21EA726
RAW_HEDGED_GRID_T100_S020_EURUSD_TAIL_TRAIL_SMOKE_TAIL025_A1_TR3,0,2025-03-16T23:00:00.000Z,2025-12-08T00:00:00.000Z,-1110.710817,-117.187586,2FF5420C84F3164A3920A5B1730E3620BC86288E1619D3641ED488B51C2D88CE
RAW_HEDGED_GRID_T100_S020_EURUSD_TAIL_TRAIL_SMOKE_TAIL025_A1_TR3,0,2025-03-16T23:00:00.000Z,2026-01-26T00:00:00.000Z,-1098.998271,-105.47504,4CFD1E81F6170557642A4F4FD6CC818C3276678B952556F4B7CCD1514136A0F9
RAW_HEDGED_GRID_T100_S020_EURUSD_TAIL_TRAIL_SMOKE_TAIL025_A1_TR3,0,2025-03-16T23:00:00.000Z,2025-12-15T00:00:00.000Z,-1037.586273,-44.063042,CF0C6AF0CCEFC1BFC7D0D523CD5DEE96BAD3188EFB569845F4B6C65DE122DC5A
RAW_HEDGED_GRID_T100_S020_EURUSD_TAIL_TRAIL_SMOKE_TAIL025_A1_TR3,0,2025-03-16T23:00:00.000Z,2026-04-26T23:00:00.000Z,-984.415928,9.107303,354A5493EA68EF762FD7318AD107F3DB73F2036973B6B41C79566100DFF76938
RAW_HEDGED_GRID_T100_S020_EURUSD_TAIL_TRAIL_SMOKE_TAIL025_A1_TR3,0,2020-06-14T23:00:00.000Z,2021-02-22T00:00:00.000Z,-937.371971,-802.979919,B56ADAECC26BD2AD8EF773299624F719608F25E2EE3105184D5BA605859287FA
RAW_HEDGED_GRID_T100_S020_EURUSD_TAIL_TRAIL_SMOKE_TAIL025_A1_TR3,0.0025,2025-03-16T23:00:00.000Z,2025-12-29T00:00:00.000Z,-1272.149085,-291.019622,C21E7A7212C437A822B0FE96FC3E054E7CDEBDE27DD0953FB806893DD5BB0564
RAW_HEDGED_GRID_T100_S020_EURUSD_TAIL_TRAIL_SMOKE_TAIL025_A1_TR3,0.0025,2025-03-16T23:00:00.000Z,2026-01-19T00:00:00.000Z,-1223.318985,-242.189522,FD6BF179CD2A2A2689601F50728FD4C4929F20536AAF5088623D05E8F0EA5E67
RAW_HEDGED_GRID_T100_S020_EURUSD_TAIL_TRAIL_SMOKE_TAIL025_A1_TR3,0.0025,2025-03-16T23:00:00.000Z,2026-02-23T00:00:00.000Z,-1207.256849,-226.127386,58C089E4E77507B4D84C78EC10746695A6C5272215D6AFA974888ACC7316FE05
RAW_HEDGED_GRID_T100_S020_EURUSD_TAIL_TRAIL_SMOKE_TAIL025_A1_TR3,0.0025,2025-03-16T23:00:00.000Z,2026-02-16T00:00:00.000Z,-1145.668217,-164.538754,A9D8757F7BC8C01F85769AFCA04C8365E9B467B0FA9C09E61889B2472C420ADD
RAW_HEDGED_GRID_T100_S020_EURUSD_TAIL_TRAIL_SMOKE_TAIL025_A1_TR3,0.0025,2025-03-16T23:00:00.000Z,2025-12-22T00:00:00.000Z,-1144.871405,-163.741942,07E0D70C4484DEA72243FE26B1AC31FA57C73773283CF1401975F489FF8064AE
RAW_HEDGED_GRID_T100_S020_EURUSD_TAIL_TRAIL_SMOKE_TAIL025_A1_TR3,0.0025,2025-03-16T23:00:00.000Z,2025-12-08T00:00:00.000Z,-1112.351789,-131.222326,6079DB64445571395E8AD04B48F08DA1AD3E1D4E9A02E2DAC3AE6E11E53BBE1B
RAW_HEDGED_GRID_T100_S020_EURUSD_TAIL_TRAIL_SMOKE_TAIL025_A1_TR3,0.0025,2025-03-16T23:00:00.000Z,2026-01-26T00:00:00.000Z,-1101.145775,-120.016312,827519FACC1B3B058BCBB0D23FC1A4616B71B37C84CD342CA25922069E5868CE
RAW_HEDGED_GRID_T100_S020_EURUSD_TAIL_TRAIL_SMOKE_TAIL025_A1_TR3,0.0025,2025-03-16T23:00:00.000Z,2025-12-15T00:00:00.000Z,-1039.301276,-58.171813,669F764470CF242D208E45D2A9FE1B4FD6792716BC4E3A1E2C5DB37CF0DA1791
RAW_HEDGED_GRID_T100_S020_EURUSD_TAIL_TRAIL_SMOKE_TAIL025_A1_TR3,0.0025,2025-03-16T23:00:00.000Z,2026-04-26T23:00:00.000Z,-986.819588,-5.690125,811449ED9EADF2D7ECB28DEF6334CCCD0A59FEACC5FD13F70DBC95CC3A2BC2CE
RAW_HEDGED_GRID_T100_S020_EURUSD_TAIL_TRAIL_SMOKE_TAIL025_A1_TR3,0.0025,2020-06-14T23:00:00.000Z,2021-02-22T00:00:00.000Z,-939.009473,-806.407423,DB0E2B1DDEFD6595E6C02556F02ED2CD18D87E82E3EC3A9A55F813287DED3F96
RAW_HEDGED_GRID_T100_S020_EURUSD_TAIL_TRAIL_SMOKE_TAIL025_A1_TR3,0.005,2025-03-16T23:00:00.000Z,2025-12-29T00:00:00.000Z,-1273.9814,-305.245704,910B47006AEEAA4EB265EC51EF415862202A09B59017874A325DF6489ECE37C3
RAW_HEDGED_GRID_T100_S020_EURUSD_TAIL_TRAIL_SMOKE_TAIL025_A1_TR3,0.005,2025-03-16T23:00:00.000Z,2026-01-19T00:00:00.000Z,-1225.333799,-256.598103,93B52C6646A5303C4AE32A6A6D170248DF29E3A516CC7E5D90C6BF62DD42DE53
RAW_HEDGED_GRID_T100_S020_EURUSD_TAIL_TRAIL_SMOKE_TAIL025_A1_TR3,0.005,2025-03-16T23:00:00.000Z,2026-02-23T00:00:00.000Z,-1209.485444,-240.749748,B39DFA6995C1895364B667CC6DE4184F12BFC0584F0E85C83D0F3B4C6D4EF1CB
RAW_HEDGED_GRID_T100_S020_EURUSD_TAIL_TRAIL_SMOKE_TAIL025_A1_TR3,0.005,2025-03-16T23:00:00.000Z,2026-02-16T00:00:00.000Z,-1147.848219,-179.112523,F7AEEF94408A2C53178D46D151C0761744453393090F4EA7C2BCD9CB7021E6BB
RAW_HEDGED_GRID_T100_S020_EURUSD_TAIL_TRAIL_SMOKE_TAIL025_A1_TR3,0.005,2025-03-16T23:00:00.000Z,2025-12-22T00:00:00.000Z,-1146.61372,-177.878024,0F4981F575E38CAB8BD323DDA8DDC32CBA1395D887C5B1AF8FCB7040E1D17524
RAW_HEDGED_GRID_T100_S020_EURUSD_TAIL_TRAIL_SMOKE_TAIL025_A1_TR3,0.005,2025-03-16T23:00:00.000Z,2025-12-08T00:00:00.000Z,-1113.99276,-145.257064,0DBA265E4C97931415305A96F75926D6980FB4593DF586E295AD01523A0821A2
RAW_HEDGED_GRID_T100_S020_EURUSD_TAIL_TRAIL_SMOKE_TAIL025_A1_TR3,0.005,2025-03-16T23:00:00.000Z,2026-01-26T00:00:00.000Z,-1103.293277,-134.557581,7261BDA5C5A41031EB0C5819C943CFE63FF436C8DA18CDC6A35BF3C2DCA8432D
RAW_HEDGED_GRID_T100_S020_EURUSD_TAIL_TRAIL_SMOKE_TAIL025_A1_TR3,0.005,2025-03-16T23:00:00.000Z,2025-12-15T00:00:00.000Z,-1041.016279,-72.280583,676082485BBA50BB72A899E7BB66E23BB76B555431759566AC96ABF71A06856A
RAW_HEDGED_GRID_T100_S020_EURUSD_TAIL_TRAIL_SMOKE_TAIL025_A1_TR3,0.005,2025-03-16T23:00:00.000Z,2026-04-26T23:00:00.000Z,-989.223247,-20.487551,EB4C52FF523B1F79483F0A87068A429965067EB19A1BF9B80DA9D6934FD8E155
RAW_HEDGED_GRID_T100_S020_EURUSD_TAIL_TRAIL_SMOKE_TAIL025_A1_TR3,0.005,2020-06-14T23:00:00.000Z,2021-02-22T00:00:00.000Z,-940.646976,-809.834931,44057A5DA188F76FC5D54800E6C2E0CEA6B0F1CDF066B213E937F994D582066B
RAW_HEDGED_GRID_T100_S020_EURUSD_TAIL_TRAIL_SMOKE_TAIL025_A1_TR3,0.01,2025-03-16T23:00:00.000Z,2025-12-29T00:00:00.000Z,-1277.646019,-333.697788,AE030527AE5F3781F93244BFE89F19637B6BFB722A11E42AC018BDA092BF6336
RAW_HEDGED_GRID_T100_S020_EURUSD_TAIL_TRAIL_SMOKE_TAIL025_A1_TR3,0.01,2025-03-16T23:00:00.000Z,2026-01-19T00:00:00.000Z,-1229.363418,-285.415187,D2756650644BD32D9561691DC967A8E957415AA371BEA06946771BB23659221C
RAW_HEDGED_GRID_T100_S020_EURUSD_TAIL_TRAIL_SMOKE_TAIL025_A1_TR3,0.01,2025-03-16T23:00:00.000Z,2026-02-23T00:00:00.000Z,-1213.942626,-269.994395,2BD8FEB27E87C4CDF53E824203B6C2ECCB8CDC12DF0F68C10AB4CCB57C117CF3
RAW_HEDGED_GRID_T100_S020_EURUSD_TAIL_TRAIL_SMOKE_TAIL025_A1_TR3,0.01,2025-03-16T23:00:00.000Z,2026-02-16T00:00:00.000Z,-1152.208213,-208.259982,076C00B9661E7F2108F5EFBA8096BEFD6950589DF84C8982932FBA17B97FFBCE
RAW_HEDGED_GRID_T100_S020_EURUSD_TAIL_TRAIL_SMOKE_TAIL025_A1_TR3,0.01,2025-03-16T23:00:00.000Z,2025-12-22T00:00:00.000Z,-1150.098339,-206.150108,EC3D4D83EA218FD972D65A523F82C84C21ED63B2D7BD12495AFEB15C579E7E1C
RAW_HEDGED_GRID_T100_S020_EURUSD_TAIL_TRAIL_SMOKE_TAIL025_A1_TR3,0.01,2025-03-16T23:00:00.000Z,2025-12-08T00:00:00.000Z,-1117.274692,-173.326461,F0B6BE5C96FB5A52084467D9F161B0054922C0EFD55F88B26C8E94C426ECCC8B
RAW_HEDGED_GRID_T100_S020_EURUSD_TAIL_TRAIL_SMOKE_TAIL025_A1_TR3,0.01,2025-03-16T23:00:00.000Z,2026-01-26T00:00:00.000Z,-1107.588271,-163.64004,C46D80705FD50B41D6E50BE9EA21B1CC192F5AA530FDC9F5E01ABB9FF4E20520
RAW_HEDGED_GRID_T100_S020_EURUSD_TAIL_TRAIL_SMOKE_TAIL025_A1_TR3,0.01,2025-03-16T23:00:00.000Z,2025-12-15T00:00:00.000Z,-1044.446273,-100.498042,FFD97B07F1666F8CAE8167979FD5AA143F5B06EF767AB9C35073C41F3E31E915
RAW_HEDGED_GRID_T100_S020_EURUSD_TAIL_TRAIL_SMOKE_TAIL025_A1_TR3,0.01,2025-03-16T23:00:00.000Z,2026-04-26T23:00:00.000Z,-994.030553,-50.082322,A62947AAB29B4DBFA768305CB245C559F55224A43949C24179D9ACD71B91E46C
RAW_HEDGED_GRID_T100_S020_EURUSD_TAIL_TRAIL_SMOKE_TAIL025_A1_TR3,0.01,2020-06-14T23:00:00.000Z,2021-02-22T00:00:00.000Z,-943.921971,-816.689919,BC553D53CAFA07D194CDCECB584BF836DF487B72C3388511E4411A23D4B131D6
RAW_HEDGED_GRID_T100_S020_EURUSD_TAIL_TRAIL_SMOKE_TAIL025_A1_TR3,0.02,2025-03-16T23:00:00.000Z,2025-12-29T00:00:00.000Z,-1284.975269,-390.602038,B980D3A3FD05156D7327C16F83BB6353AC26CDAF7026A89DC3DF3A4F18EF9B71
RAW_HEDGED_GRID_T100_S020_EURUSD_TAIL_TRAIL_SMOKE_TAIL025_A1_TR3,0.02,2025-03-16T23:00:00.000Z,2026-01-19T00:00:00.000Z,-1237.422668,-343.049437,099405B9528CD6CAE1AC10649E208E30CA5E91A3AB99D07D7194DFA645E20D5B
RAW_HEDGED_GRID_T100_S020_EURUSD_TAIL_TRAIL_SMOKE_TAIL025_A1_TR3,0.02,2025-03-16T23:00:00.000Z,2026-02-23T00:00:00.000Z,-1222.857001,-328.48377,4678CBE930559FCD89089EEEB26F413A8E8BFAA2668D7FA33EAA41ED7F5B7D26
RAW_HEDGED_GRID_T100_S020_EURUSD_TAIL_TRAIL_SMOKE_TAIL025_A1_TR3,0.02,2025-03-16T23:00:00.000Z,2026-02-16T00:00:00.000Z,-1160.928213,-266.554982,6AB85C3CB4ECDB92561A4F3B5385C7B1A9F8617F94C258AF244BD3D38BBA3001
RAW_HEDGED_GRID_T100_S020_EURUSD_TAIL_TRAIL_SMOKE_TAIL025_A1_TR3,0.02,2025-03-16T23:00:00.000Z,2025-12-22T00:00:00.000Z,-1157.067589,-262.694358,5DF2759A6AC6972A1AC33EC55907E0AE42392B7400D713C62EB26D737DA708D5
RAW_HEDGED_GRID_T100_S020_EURUSD_TAIL_TRAIL_SMOKE_TAIL025_A1_TR3,0.02,2025-03-16T23:00:00.000Z,2025-12-08T00:00:00.000Z,-1123.838567,-229.465336,4DDE30B957AC3F2A5C37496C0A25DB949470C9ABA5B88B8FF4D319606D87D70F
RAW_HEDGED_GRID_T100_S020_EURUSD_TAIL_TRAIL_SMOKE_TAIL025_A1_TR3,0.02,2025-03-16T23:00:00.000Z,2026-01-26T00:00:00.000Z,-1116.178271,-221.80504,B293328395C0F557D9D56382807E5CB414A0F46A27DA6DDC93E107EF3E4D96DC
RAW_HEDGED_GRID_T100_S020_EURUSD_TAIL_TRAIL_SMOKE_TAIL025_A1_TR3,0.02,2025-03-16T23:00:00.000Z,2025-12-15T00:00:00.000Z,-1051.306273,-156.933042,83B558516C5544783CCFF8E07553B2DE7B63C48D78010007A4C95B1D8C8EAB77
RAW_HEDGED_GRID_T100_S020_EURUSD_TAIL_TRAIL_SMOKE_TAIL025_A1_TR3,0.02,2025-03-16T23:00:00.000Z,2026-04-26T23:00:00.000Z,-1003.645178,-109.271947,F97520B171F271BD9DF8877B6461A7C02FE83721D8A28859CA51E29AC6411D91
RAW_HEDGED_GRID_T100_S020_EURUSD_TAIL_TRAIL_SMOKE_TAIL025_A1_TR3,0.02,2020-06-14T23:00:00.000Z,2021-02-22T00:00:00.000Z,-950.471971,-830.399919,3ADE1E57F5F2D5F85434AD3B08EE653FD35613F9FB76C6B96C13908096121382
RAW_HEDGED_GRID_T100_S020_EURUSD_TAIL_TRAIL_SMOKE_TAIL025_A1_TR3,0.05,2025-03-16T23:00:00.000Z,2025-12-29T00:00:00.000Z,-1306.963019,-561.314788,4FBD55ABD337E79DE18609A66C0A11C609FBDB83A4EE244373CEB870D75AC4DA
RAW_HEDGED_GRID_T100_S020_EURUSD_TAIL_TRAIL_SMOKE_TAIL025_A1_TR3,0.05,2025-03-16T23:00:00.000Z,2026-01-19T00:00:00.000Z,-1261.600418,-515.952187,70CB3AA7BC1085F73C6543F7F8361C5C43050B72235909CD7095C9B49EEDF097
RAW_HEDGED_GRID_T100_S020_EURUSD_TAIL_TRAIL_SMOKE_TAIL025_A1_TR3,0.05,2025-03-16T23:00:00.000Z,2026-02-23T00:00:00.000Z,-1249.600126,-503.951895,57ED7D7F23DECE8947CDC178ADFAE93D9E9B34F87AEA78C1A66B745C0046BC93
RAW_HEDGED_GRID_T100_S020_EURUSD_TAIL_TRAIL_SMOKE_TAIL025_A1_TR3,0.05,2025-03-16T23:00:00.000Z,2026-02-16T00:00:00.000Z,-1187.088213,-441.439982,EEE25B7ECC6AC7A40F7B07049CBF8AE1FB5C514C3932B0645948A54DEF750277
RAW_HEDGED_GRID_T100_S020_EURUSD_TAIL_TRAIL_SMOKE_TAIL025_A1_TR3,0.05,2025-03-16T23:00:00.000Z,2025-12-22T00:00:00.000Z,-1177.975339,-432.327108,CEBAE30602482303189545436279CD214C1B33BB46EA1E77F2C7C4C9C281AF38
RAW_HEDGED_GRID_T100_S020_EURUSD_TAIL_TRAIL_SMOKE_TAIL025_A1_TR3,0.05,2025-03-16T23:00:00.000Z,2025-12-08T00:00:00.000Z,-1143.530192,-397.881961,8818DDFE09460CE979AA6CD2BBCE3F4F6162E67E24569D4166B591A8A25522AA
RAW_HEDGED_GRID_T100_S020_EURUSD_TAIL_TRAIL_SMOKE_TAIL025_A1_TR3,0.05,2025-03-16T23:00:00.000Z,2026-01-26T00:00:00.000Z,-1141.948271,-396.30004,6C6EF49CFB5887B40187DE0E605AFC67628D6E81E5CC8E1B8E4CA9F0C20DA3AA
RAW_HEDGED_GRID_T100_S020_EURUSD_TAIL_TRAIL_SMOKE_TAIL025_A1_TR3,0.05,2025-03-16T23:00:00.000Z,2025-12-15T00:00:00.000Z,-1071.886273,-326.238042,AFC509D276D7283F67774032FFD9E0661C1D4953B5198A2DA52FE21A6F5EB768
RAW_HEDGED_GRID_T100_S020_EURUSD_TAIL_TRAIL_SMOKE_TAIL025_A1_TR3,0.05,2025-03-16T23:00:00.000Z,2026-04-26T23:00:00.000Z,-1032.489053,-286.840822,62D4DD903B8409D53EB5D25DD5F030005A74EDE7F614CE00F9F55DB9D245E395
RAW_HEDGED_GRID_T100_S020_EURUSD_TAIL_TRAIL_SMOKE_TAIL025_A1_TR3,0.05,2025-03-16T23:00:00.000Z,2026-05-03T23:00:00.000Z,-974.787773,-229.139542,B1B566AA413C9B149C6EF33DFD6109C435A639834B69C8B508BD6C79C1A23537
RAW_HEDGED_GRID_T100_S020_EURUSD_TAIL_TRAIL_SMOKE_TAIL025_A1_TR3,0.1,2025-03-16T23:00:00.000Z,2025-12-29T00:00:00.000Z,-1343.609269,-845.836038,2635CE236E910660771326D59FD1DABA3185287C05DE30702BD5238126A6FA64
RAW_HEDGED_GRID_T100_S020_EURUSD_TAIL_TRAIL_SMOKE_TAIL025_A1_TR3,0.1,2025-03-16T23:00:00.000Z,2026-01-19T00:00:00.000Z,-1301.896668,-804.123437,F616494CB6FC0CD5083747F5D12538C42647F2D00B68FC34994F6C286EEA9FED
RAW_HEDGED_GRID_T100_S020_EURUSD_TAIL_TRAIL_SMOKE_TAIL025_A1_TR3,0.1,2025-03-16T23:00:00.000Z,2026-02-23T00:00:00.000Z,-1294.172001,-796.39877,D9D41342CF22AF6EC61B43846A2CB6553B32E1A36E14036284F753C86A4CCDFE
RAW_HEDGED_GRID_T100_S020_EURUSD_TAIL_TRAIL_SMOKE_TAIL025_A1_TR3,0.1,2025-03-16T23:00:00.000Z,2026-02-16T00:00:00.000Z,-1230.688213,-732.914982,70F7CB3EFC615AD292653F442CC565D8FFD45FE4EF8CE70C2E9FA5505909E2D4
RAW_HEDGED_GRID_T100_S020_EURUSD_TAIL_TRAIL_SMOKE_TAIL025_A1_TR3,0.1,2025-03-16T23:00:00.000Z,2025-12-22T00:00:00.000Z,-1212.821589,-715.048358,F009E6047C9C01BE5801BC20BE5FE7AC3A9D437281EA29FDEBC9C8283275D6D2
RAW_HEDGED_GRID_T100_S020_EURUSD_TAIL_TRAIL_SMOKE_TAIL025_A1_TR3,0.1,2025-03-16T23:00:00.000Z,2026-01-26T00:00:00.000Z,-1184.898271,-687.12504,8900550A8FBBA248EA3567C704BFCEA7DB66BEBE8D8D643D6252B496AF9B93CF
RAW_HEDGED_GRID_T100_S020_EURUSD_TAIL_TRAIL_SMOKE_TAIL025_A1_TR3,0.1,2025-03-16T23:00:00.000Z,2025-12-08T00:00:00.000Z,-1176.349567,-678.576336,D5284FA0E22271FB560F5E89ABF325C3337B51F303266EF1E8A8DF822E26251C
RAW_HEDGED_GRID_T100_S020_EURUSD_TAIL_TRAIL_SMOKE_TAIL025_A1_TR3,0.1,2025-03-16T23:00:00.000Z,2025-12-15T00:00:00.000Z,-1106.186273,-608.413042,8C2D4B06D9CBD0D2C55170298180C7F129BF3CA5030CA1B048B9803D7A7AAD96
RAW_HEDGED_GRID_T100_S020_EURUSD_TAIL_TRAIL_SMOKE_TAIL025_A1_TR3,0.1,2025-03-16T23:00:00.000Z,2026-04-26T23:00:00.000Z,-1080.562178,-582.788947,91E2014E0B842E5CBE39CBD2004DD744C10A18015D8D3690BE43A998310DE8AA
RAW_HEDGED_GRID_T100_S020_EURUSD_TAIL_TRAIL_SMOKE_TAIL025_A1_TR3,0.1,2025-03-16T23:00:00.000Z,2026-05-03T23:00:00.000Z,-1023.759023,-525.985792,16F2788BF25D5DF72C299C487977E13D89BE50D036A425859FB9F3B84674CC52
RAW_HEDGED_GRID_T100_S020_EURUSD_TAIL_TRAIL_SMOKE_TAIL025_A1_TR3,0.2,2024-05-05T23:00:00.000Z,2025-12-29T00:00:00.000Z,-1453.242037,-1414.878538,D868212C142E322ECD487EC2ED0FF5664732CA22B1D1F4344CD0BAA97B55FB58
RAW_HEDGED_GRID_T100_S020_EURUSD_TAIL_TRAIL_SMOKE_TAIL025_A1_TR3,0.2,2024-05-05T23:00:00.000Z,2026-02-23T00:00:00.000Z,-1419.656019,-1381.29252,AC6F499006F4B8FB15DDDDFC1175AAC6A150A115C6BEF1C1977C9FE9DDA7E188
RAW_HEDGED_GRID_T100_S020_EURUSD_TAIL_TRAIL_SMOKE_TAIL025_A1_TR3,0.2,2024-05-05T23:00:00.000Z,2026-01-19T00:00:00.000Z,-1418.829436,-1380.465937,7FF866AD67C61775B0886A7E2EA091E3ACE7CE2181BA9117224BD82615FABD9F
RAW_HEDGED_GRID_T100_S020_EURUSD_TAIL_TRAIL_SMOKE_TAIL025_A1_TR3,0.2,2024-05-05T23:00:00.000Z,2026-02-16T00:00:00.000Z,-1354.228481,-1315.864982,488BB3A86F6DCFBEFC42346E04AB7CDA0BC21DE4DF0D454ADF216AA0278CAA64
RAW_HEDGED_GRID_T100_S020_EURUSD_TAIL_TRAIL_SMOKE_TAIL025_A1_TR3,0.2,2024-05-05T23:00:00.000Z,2025-12-22T00:00:00.000Z,-1318.854357,-1280.490858,2A50CC11C4FD1538523815E3EE45F6686121A4E1C2AEE47A29C976C330FF119D
RAW_HEDGED_GRID_T100_S020_EURUSD_TAIL_TRAIL_SMOKE_TAIL025_A1_TR3,0.2,2024-05-05T23:00:00.000Z,2026-01-26T00:00:00.000Z,-1307.138539,-1268.77504,7D4DE533CF5E3C274DCCB145F85E76010B26D3ADDFEF3BE5ED97A40918AED0C2
RAW_HEDGED_GRID_T100_S020_EURUSD_TAIL_TRAIL_SMOKE_TAIL025_A1_TR3,0.2,2024-05-05T23:00:00.000Z,2025-12-08T00:00:00.000Z,-1278.328585,-1239.965086,F4B28C3DDBC1E769D57F1F1498DD3397731420A297E6463DA0EEC0D5579CBA02
RAW_HEDGED_GRID_T100_S020_EURUSD_TAIL_TRAIL_SMOKE_TAIL025_A1_TR3,0.2,2024-05-05T23:00:00.000Z,2026-04-26T23:00:00.000Z,-1213.048696,-1174.685197,22603214C6C28F5E08D535C32812513B2C952001C8A3847B9E68417F9D9BF76C
RAW_HEDGED_GRID_T100_S020_EURUSD_TAIL_TRAIL_SMOKE_TAIL025_A1_TR3,0.2,2024-05-05T23:00:00.000Z,2025-12-15T00:00:00.000Z,-1211.126541,-1172.763042,18916C4434BBFF4C0439D2EC90939D92A5601DB65E6208CDEDD4A1A988C4CC70
RAW_HEDGED_GRID_T100_S020_EURUSD_TAIL_TRAIL_SMOKE_TAIL025_A1_TR3,0.2,2024-05-05T23:00:00.000Z,2026-05-03T23:00:00.000Z,-1158.041791,-1119.678292,7D019BF3B17DC1D6D23CEB35E81984EAD01A4D58EC3CBD94611D0FBEACE31149
RAW_HEDGED_GRID_T100_S020_EURUSD_TAIL_TRAIL_SMOKE_TAIL025_A1_TR3,0.5,,2026-02-23T00:00:00.000Z,-3135.97377,-3135.97377,8015820B4E12B3D73BE78E043B6F32CDB87D6DC9BBDC989172476124A0A9F904
RAW_HEDGED_GRID_T100_S020_EURUSD_TAIL_TRAIL_SMOKE_TAIL025_A1_TR3,0.5,,2025-12-29T00:00:00.000Z,-3122.006038,-3122.006038,8AE06A3B560450A1E80B753DFAB73E5266DC2C9A742B8AF1ADEDEB9769D104EC
RAW_HEDGED_GRID_T100_S020_EURUSD_TAIL_TRAIL_SMOKE_TAIL025_A1_TR3,0.5,,2026-01-19T00:00:00.000Z,-3109.493437,-3109.493437,F980CBDF24BB5C82EC5C78CD0D6AAE755CF594A8D650197C6B2CAA1BD64C265B
RAW_HEDGED_GRID_T100_S020_EURUSD_TAIL_TRAIL_SMOKE_TAIL025_A1_TR3,0.5,,2026-02-16T00:00:00.000Z,-3064.714982,-3064.714982,1B130EF3CA378E8DD3C599438C2A9E0FEBA654536A8F0401642AF50D5C1267F5
RAW_HEDGED_GRID_T100_S020_EURUSD_TAIL_TRAIL_SMOKE_TAIL025_A1_TR3,0.5,,2026-01-26T00:00:00.000Z,-3013.72504,-3013.72504,3B83AAB42A544B20503D964E6DF8782B79237381EB3FEF94F06E45EF42271264
RAW_HEDGED_GRID_T100_S020_EURUSD_TAIL_TRAIL_SMOKE_TAIL025_A1_TR3,0.5,,2025-12-22T00:00:00.000Z,-2976.818358,-2976.818358,194065035A351DD63471772B1005765A2C16E6601565BE0B226A0A441B37A2AC
RAW_HEDGED_GRID_T100_S020_EURUSD_TAIL_TRAIL_SMOKE_TAIL025_A1_TR3,0.5,,2026-04-26T23:00:00.000Z,-2950.373947,-2950.373947,0E0632AFAB8C42EE1360BF5438AD052AC9D005D25A636013DB386937E92B5366
RAW_HEDGED_GRID_T100_S020_EURUSD_TAIL_TRAIL_SMOKE_TAIL025_A1_TR3,0.5,,2025-12-08T00:00:00.000Z,-2924.131336,-2924.131336,A18F653F8C26620D8CF1724A450B14338FF2704CEB56852DE0BBF86912279280
RAW_HEDGED_GRID_T100_S020_EURUSD_TAIL_TRAIL_SMOKE_TAIL025_A1_TR3,0.5,,2026-05-03T23:00:00.000Z,-2900.755792,-2900.755792,03FB0EC45D44FA57FA159B88B2D656B29D4CE70FFAD2EB4190E524BB03ED0AE4
RAW_HEDGED_GRID_T100_S020_EURUSD_TAIL_TRAIL_SMOKE_TAIL025_A1_TR3,0.5,,2025-12-15T00:00:00.000Z,-2865.813042,-2865.813042,925AB6E5631A2641D92D66B44EE716E1774CD04360D93ABDC9CAAC1F465EAF72
RAW_HEDGED_GRID_T100_S020_EURUSD_TAIL_TRAIL_SMOKE_TAIL025_A1_TR5,0,2025-03-16T23:00:00.000Z,2025-12-29T00:00:00.000Z,-1271.328959,-286.073468,05C7F1CDC5B00110CB6DDFD928226D441A8B8CAEBDE7656AB447C3468EC1C637
RAW_HEDGED_GRID_T100_S020_EURUSD_TAIL_TRAIL_SMOKE_TAIL025_A1_TR5,0,2025-03-16T23:00:00.000Z,2026-01-19T00:00:00.000Z,-1221.42838,-236.172889,3A9F188DB988D75F696CF3E07EE4AAEB36160608B416DD31A7A30A6CE8F1FF15
RAW_HEDGED_GRID_T100_S020_EURUSD_TAIL_TRAIL_SMOKE_TAIL025_A1_TR5,0,2025-03-16T23:00:00.000Z,2026-02-23T00:00:00.000Z,-1204.783488,-219.527997,6476DA279186A64C53E09340BFBB8D196EA7998B68AF30EC1497A15475A5ECF7
RAW_HEDGED_GRID_T100_S020_EURUSD_TAIL_TRAIL_SMOKE_TAIL025_A1_TR5,0,2025-03-16T23:00:00.000Z,2025-12-22T00:00:00.000Z,-1143.835987,-158.580496,66B73D7EFB7758794DC3D50F3E95AA836D520456A04508E7A5734790CD9765CC
RAW_HEDGED_GRID_T100_S020_EURUSD_TAIL_TRAIL_SMOKE_TAIL025_A1_TR5,0,2025-03-16T23:00:00.000Z,2026-02-16T00:00:00.000Z,-1143.133908,-157.878417,1E300281C40280AA03E37306C655F98A7E38ED8270F81823AB94207000E4BE99
RAW_HEDGED_GRID_T100_S020_EURUSD_TAIL_TRAIL_SMOKE_TAIL025_A1_TR5,0,2025-03-16T23:00:00.000Z,2025-12-08T00:00:00.000Z,-1111.008734,-125.753243,3582078A2AB5F1086E760A873D822627D8E7320C41BA25FAD79E9863ABA45521
RAW_HEDGED_GRID_T100_S020_EURUSD_TAIL_TRAIL_SMOKE_TAIL025_A1_TR5,0,2025-03-16T23:00:00.000Z,2026-01-26T00:00:00.000Z,-1098.537285,-113.281794,08CB2B321760AB9789B53D92C66E3B9C488E016E7471308FA8330197D9531E83
RAW_HEDGED_GRID_T100_S020_EURUSD_TAIL_TRAIL_SMOKE_TAIL025_A1_TR5,0,2025-03-16T23:00:00.000Z,2025-12-15T00:00:00.000Z,-1038.303021,-53.04753,A127BAB2AE6ADD04C93FBA8657F6249D0778D9644AE14142AE1BA1820026DD3A
RAW_HEDGED_GRID_T100_S020_EURUSD_TAIL_TRAIL_SMOKE_TAIL025_A1_TR5,0,2025-03-16T23:00:00.000Z,2026-04-26T23:00:00.000Z,-983.955552,1.299939,0B7928306D63FC8DEF09A374CD154477AE53BDB3363B38E3270D91971446F5DB
RAW_HEDGED_GRID_T100_S020_EURUSD_TAIL_TRAIL_SMOKE_TAIL025_A1_TR5,0,2020-06-14T23:00:00.000Z,2021-02-22T00:00:00.000Z,-935.010193,-803.188313,95B72CB8E412CE5A0A8C5D5D908D735F2A891EFD816DC764A292EC2C856F34DD
RAW_HEDGED_GRID_T100_S020_EURUSD_TAIL_TRAIL_SMOKE_TAIL025_A1_TR5,0.0025,2025-03-16T23:00:00.000Z,2025-12-29T00:00:00.000Z,-1273.161527,-300.299431,44B654398E2612BDE5FDDABFB498D52A12EFA961F834793DE6C0852A323AFCF5
RAW_HEDGED_GRID_T100_S020_EURUSD_TAIL_TRAIL_SMOKE_TAIL025_A1_TR5,0.0025,2025-03-16T23:00:00.000Z,2026-01-19T00:00:00.000Z,-1223.442886,-250.58079,6076352F8711468ECE5D2AA3FF585D5C94B66142E14FB2C399FFCE082DB89B04
RAW_HEDGED_GRID_T100_S020_EURUSD_TAIL_TRAIL_SMOKE_TAIL025_A1_TR5,0.0025,2025-03-16T23:00:00.000Z,2026-02-23T00:00:00.000Z,-1207.012463,-234.150367,1452773D342B6611F86B5CDE4389FC9279E1372B77C0319BA1B760092240165D
RAW_HEDGED_GRID_T100_S020_EURUSD_TAIL_TRAIL_SMOKE_TAIL025_A1_TR5,0.0025,2025-03-16T23:00:00.000Z,2025-12-22T00:00:00.000Z,-1145.578493,-172.716397,541F3002E56E943DBBB3D2359839F6D752F2372E7B25563E8369C5EA26EFDDE4
RAW_HEDGED_GRID_T100_S020_EURUSD_TAIL_TRAIL_SMOKE_TAIL025_A1_TR5,0.0025,2025-03-16T23:00:00.000Z,2026-02-16T00:00:00.000Z,-1145.314289,-172.452193,43EC9EA95E8CEEBE1012A20FBDB6992AE3359B8A5AEEA175C40D13C2FAFA18D9
RAW_HEDGED_GRID_T100_S020_EURUSD_TAIL_TRAIL_SMOKE_TAIL025_A1_TR5,0.0025,2025-03-16T23:00:00.000Z,2025-12-08T00:00:00.000Z,-1112.64949,-139.787394,766932859A9FC42F65123BCD14896A9F15F278F166C4F9D2418FBE40C7691ECD
RAW_HEDGED_GRID_T100_S020_EURUSD_TAIL_TRAIL_SMOKE_TAIL025_A1_TR5,0.0025,2025-03-16T23:00:00.000Z,2026-01-26T00:00:00.000Z,-1100.68501,-127.822914,A217E8E6D36F506A938BBB7BC1D0C73262B09ECA81057DFEBCA60CC428D8CEF4
RAW_HEDGED_GRID_T100_S020_EURUSD_TAIL_TRAIL_SMOKE_TAIL025_A1_TR5,0.0025,2025-03-16T23:00:00.000Z,2025-12-15T00:00:00.000Z,-1040.018402,-67.156306,9683E70939836F8A9C660222F194ABD67E77747BF22B1FA837C7886F63371561
RAW_HEDGED_GRID_T100_S020_EURUSD_TAIL_TRAIL_SMOKE_TAIL025_A1_TR5,0.0025,2025-03-16T23:00:00.000Z,2026-04-26T23:00:00.000Z,-986.35959,-13.497494,DFBFEEE789ECA78334FB64B9AB446F9EF3ECCD32424425C8F964DBA69567C073
RAW_HEDGED_GRID_T100_S020_EURUSD_TAIL_TRAIL_SMOKE_TAIL025_A1_TR5,0.0025,2020-06-14T23:00:00.000Z,2021-02-22T00:00:00.000Z,-936.647695,-806.615817,F19DE5C085FA1858D3425183236E5C06B771DA1E0E99F2720450E4CC7022013D
RAW_HEDGED_GRID_T100_S020_EURUSD_TAIL_TRAIL_SMOKE_TAIL025_A1_TR5,0.005,2025-03-16T23:00:00.000Z,2025-12-29T00:00:00.000Z,-1274.994089,-314.525397,1FBED1A3518156A858E9FAF80D978F73BB1B523E0BA633ECC1B7A0DDC6DE26F6
RAW_HEDGED_GRID_T100_S020_EURUSD_TAIL_TRAIL_SMOKE_TAIL025_A1_TR5,0.005,2025-03-16T23:00:00.000Z,2026-01-19T00:00:00.000Z,-1225.457385,-264.988693,60C59CE9B51B65EE412C9C2A933186B648900F7FCA326A5FC8CE634ABAA5FB9B
RAW_HEDGED_GRID_T100_S020_EURUSD_TAIL_TRAIL_SMOKE_TAIL025_A1_TR5,0.005,2025-03-16T23:00:00.000Z,2026-02-23T00:00:00.000Z,-1209.241431,-248.772739,D81111C59A669380B155CCBA7CFB78411ABE987D618CD5120A9300EF9EA43134
RAW_HEDGED_GRID_T100_S020_EURUSD_TAIL_TRAIL_SMOKE_TAIL025_A1_TR5,0.005,2025-03-16T23:00:00.000Z,2026-02-16T00:00:00.000Z,-1147.494664,-187.025972,79B91313E2C5672BFC9D50442C3FDEC317374D862B58715A4724F82C3D28BF58
RAW_HEDGED_GRID_T100_S020_EURUSD_TAIL_TRAIL_SMOKE_TAIL025_A1_TR5,0.005,2025-03-16T23:00:00.000Z,2025-12-22T00:00:00.000Z,-1147.320992,-186.8523,3C7DAC15054B7582336BFD32C503089C8124C3A93F78F2910D725AD33200E985
RAW_HEDGED_GRID_T100_S020_EURUSD_TAIL_TRAIL_SMOKE_TAIL025_A1_TR5,0.005,2025-03-16T23:00:00.000Z,2025-12-08T00:00:00.000Z,-1114.290239,-153.821547,1D7A29C645F0CC46D6C60FBCCC418B9D66D21302ED06BFFBF8E97CBAF9C5BCFF
RAW_HEDGED_GRID_T100_S020_EURUSD_TAIL_TRAIL_SMOKE_TAIL025_A1_TR5,0.005,2025-03-16T23:00:00.000Z,2026-01-26T00:00:00.000Z,-1102.832728,-142.364036,51408C871952851351A99321E03300B14D652E8F92F9BC8865492F35883F23FD
RAW_HEDGED_GRID_T100_S020_EURUSD_TAIL_TRAIL_SMOKE_TAIL025_A1_TR5,0.005,2025-03-16T23:00:00.000Z,2025-12-15T00:00:00.000Z,-1041.733776,-81.265084,C96EA7DB05A0F600D49857344B87B5F011FB6E14E973AC47CDC7F0E5D01A6734
RAW_HEDGED_GRID_T100_S020_EURUSD_TAIL_TRAIL_SMOKE_TAIL025_A1_TR5,0.005,2025-03-16T23:00:00.000Z,2026-04-26T23:00:00.000Z,-988.763621,-28.294929,1F287C0346166687C1BB94D202D9DFE7B137F011FFE3F4F52555C9B2E7312928
RAW_HEDGED_GRID_T100_S020_EURUSD_TAIL_TRAIL_SMOKE_TAIL025_A1_TR5,0.005,2020-06-14T23:00:00.000Z,2021-02-22T00:00:00.000Z,-938.285202,-810.043329,060C61F49105C90EB1F73321DC4E03D961C753861EFEF98B62A34ADDEB4FE975
RAW_HEDGED_GRID_T100_S020_EURUSD_TAIL_TRAIL_SMOKE_TAIL025_A1_TR5,0.01,2025-03-16T23:00:00.000Z,2025-12-29T00:00:00.000Z,-1278.659209,-342.977218,6CF012B64B6792381FC76A168EC20EC35FA0ADDF869A0D687391E31F10C05D50
RAW_HEDGED_GRID_T100_S020_EURUSD_TAIL_TRAIL_SMOKE_TAIL025_A1_TR5,0.01,2025-03-16T23:00:00.000Z,2026-01-19T00:00:00.000Z,-1229.48638,-293.804389,1FAAF4B625322A029E667ED8C02A8A98E123636CC8CEEA37EDF75E2374EA0196
RAW_HEDGED_GRID_T100_S020_EURUSD_TAIL_TRAIL_SMOKE_TAIL025_A1_TR5,0.01,2025-03-16T23:00:00.000Z,2026-02-23T00:00:00.000Z,-1213.699363,-278.017372,5B0FDFF628FEA6FA841C2B0A63187960DADB7B315332D09BD97E132B3BF69200
RAW_HEDGED_GRID_T100_S020_EURUSD_TAIL_TRAIL_SMOKE_TAIL025_A1_TR5,0.01,2025-03-16T23:00:00.000Z,2026-02-16T00:00:00.000Z,-1151.855408,-216.173417,042F845E792A9EA3443344E4763BB7BDBC7CBC49A723B98F35D58FDC1B4A2944
RAW_HEDGED_GRID_T100_S020_EURUSD_TAIL_TRAIL_SMOKE_TAIL025_A1_TR5,0.01,2025-03-16T23:00:00.000Z,2025-12-22T00:00:00.000Z,-1150.805987,-215.123996,8398063F03B4583B2D48367C6C108989B492729FFF0A4B045BB7549737F8B596
RAW_HEDGED_GRID_T100_S020_EURUSD_TAIL_TRAIL_SMOKE_TAIL025_A1_TR5,0.01,2025-03-16T23:00:00.000Z,2025-12-08T00:00:00.000Z,-1117.571734,-181.889743,CB04F11A78B0399BF894B7720EFD1F6B2BB6EB5388BCC7077895A2515118D2C5
RAW_HEDGED_GRID_T100_S020_EURUSD_TAIL_TRAIL_SMOKE_TAIL025_A1_TR5,0.01,2025-03-16T23:00:00.000Z,2026-01-26T00:00:00.000Z,-1107.12816,-171.446169,331C83AEC2AE1442105F616E9B1C267F525CC439F662FA4A649F8AD138190C08
RAW_HEDGED_GRID_T100_S020_EURUSD_TAIL_TRAIL_SMOKE_TAIL025_A1_TR5,0.01,2025-03-16T23:00:00.000Z,2025-12-15T00:00:00.000Z,-1045.164521,-109.48253,CB830BED42415E205A9A934EB9B8E05B59ED13BADDB2C395CEE9F6D741964EC2
RAW_HEDGED_GRID_T100_S020_EURUSD_TAIL_TRAIL_SMOKE_TAIL025_A1_TR5,0.01,2025-03-16T23:00:00.000Z,2026-04-26T23:00:00.000Z,-993.571677,-57.889686,AC9BC4C25FC458ABF05E5CF93F90F915E24EA3405E833A08A9B643743B00248C
RAW_HEDGED_GRID_T100_S020_EURUSD_TAIL_TRAIL_SMOKE_TAIL025_A1_TR5,0.01,2020-06-14T23:00:00.000Z,2021-02-22T00:00:00.000Z,-941.560193,-816.898313,B02EA8BB54911F6E2666BABE34CF0DB5302200F3E67F844C56F2DCD56E6EA489
RAW_HEDGED_GRID_T100_S020_EURUSD_TAIL_TRAIL_SMOKE_TAIL025_A1_TR5,0.02,2025-03-16T23:00:00.000Z,2025-12-29T00:00:00.000Z,-1285.989459,-399.880968,9B066B4AC19BD36096015E050B56AB9A1E2E73DDC5E920534EC9D797AED9CA36
RAW_HEDGED_GRID_T100_S020_EURUSD_TAIL_TRAIL_SMOKE_TAIL025_A1_TR5,0.02,2025-03-16T23:00:00.000Z,2026-01-19T00:00:00.000Z,-1237.54438,-351.435889,0FA21D03C07C1EEDC1755E2A9AE840B7569CD2F4043786AE0E2B7FB27D143374
RAW_HEDGED_GRID_T100_S020_EURUSD_TAIL_TRAIL_SMOKE_TAIL025_A1_TR5,0.02,2025-03-16T23:00:00.000Z,2026-02-23T00:00:00.000Z,-1222.615238,-336.506747,87157A0018EBEDF2CA18A62090DFD2B3B33AACFCFD9FC43335949263FE35EC14
RAW_HEDGED_GRID_T100_S020_EURUSD_TAIL_TRAIL_SMOKE_TAIL025_A1_TR5,0.02,2025-03-16T23:00:00.000Z,2026-02-16T00:00:00.000Z,-1160.576908,-274.468417,DDA8B3848F682A076B0DD7B93148E47FFFE9E4127D99ECAE51E7564A44BFA4EF
RAW_HEDGED_GRID_T100_S020_EURUSD_TAIL_TRAIL_SMOKE_TAIL025_A1_TR5,0.02,2025-03-16T23:00:00.000Z,2025-12-22T00:00:00.000Z,-1157.775987,-271.667496,025B7A560D447DEDF40FF46D4CEDEC5E7DE5C1375C0E1DB2DF12DB23B75EB5CA
RAW_HEDGED_GRID_T100_S020_EURUSD_TAIL_TRAIL_SMOKE_TAIL025_A1_TR5,0.02,2025-03-16T23:00:00.000Z,2025-12-08T00:00:00.000Z,-1124.134734,-238.026243,15DEED7B2A10A195477FC143817B30A0439D4E254895B0C8DCAB21569EEE2077
RAW_HEDGED_GRID_T100_S020_EURUSD_TAIL_TRAIL_SMOKE_TAIL025_A1_TR5,0.02,2025-03-16T23:00:00.000Z,2026-01-26T00:00:00.000Z,-1115.719035,-229.610544,0EA93FCFC5FFD70115985C3BE92DB22A2A540E622E1764A4CDB3A212BF3750D9
RAW_HEDGED_GRID_T100_S020_EURUSD_TAIL_TRAIL_SMOKE_TAIL025_A1_TR5,0.02,2025-03-16T23:00:00.000Z,2025-12-15T00:00:00.000Z,-1052.026021,-165.91753,79ACA4FB08457FC41B5BAB2563548B142F520700B21F0D25FCF6729791E31812
RAW_HEDGED_GRID_T100_S020_EURUSD_TAIL_TRAIL_SMOKE_TAIL025_A1_TR5,0.02,2025-03-16T23:00:00.000Z,2026-04-26T23:00:00.000Z,-1003.187802,-117.079311,9572F129B8FC2694E0247160C70BB9C6A05A86EC7CFFE67965ECD8F73A04FC5D
RAW_HEDGED_GRID_T100_S020_EURUSD_TAIL_TRAIL_SMOKE_TAIL025_A1_TR5,0.02,2020-06-14T23:00:00.000Z,2021-02-22T00:00:00.000Z,-948.110193,-830.608313,5B7D25F884C5B85CAEBCB6255045D51452063DC58242D40C39D8EEA3C09BDF69
RAW_HEDGED_GRID_T100_S020_EURUSD_TAIL_TRAIL_SMOKE_TAIL025_A1_TR5,0.05,2025-03-16T23:00:00.000Z,2025-12-29T00:00:00.000Z,-1307.980209,-570.592218,60BBE94A28891C9F53F3DB39025BA4A080DA2C3A3955973D085BC1BC00ADFD42
RAW_HEDGED_GRID_T100_S020_EURUSD_TAIL_TRAIL_SMOKE_TAIL025_A1_TR5,0.05,2025-03-16T23:00:00.000Z,2026-01-19T00:00:00.000Z,-1261.71838,-524.330389,3239DE3A0239E6321DD21B92C0B6C84D2107B84C0B9692F8F302EF0F10F3B18C
RAW_HEDGED_GRID_T100_S020_EURUSD_TAIL_TRAIL_SMOKE_TAIL025_A1_TR5,0.05,2025-03-16T23:00:00.000Z,2026-02-23T00:00:00.000Z,-1249.362863,-511.974872,74D7F639FA2E3AC8B057E7FFEB6B7056748A2E386D95F1F3176290DE33E659C9
RAW_HEDGED_GRID_T100_S020_EURUSD_TAIL_TRAIL_SMOKE_TAIL025_A1_TR5,0.05,2025-03-16T23:00:00.000Z,2026-02-16T00:00:00.000Z,-1186.741408,-449.353417,77FDBD05BA047D03EE9FDC8F0287796661782221FB032DA55641B62E0666A2D6
RAW_HEDGED_GRID_T100_S020_EURUSD_TAIL_TRAIL_SMOKE_TAIL025_A1_TR5,0.05,2025-03-16T23:00:00.000Z,2025-12-22T00:00:00.000Z,-1178.685987,-441.297996,AF0763E71459B1C4D480E8EF7B43DC7DFDC86328C78FEF322EB03ABB06A03153
RAW_HEDGED_GRID_T100_S020_EURUSD_TAIL_TRAIL_SMOKE_TAIL025_A1_TR5,0.05,2025-03-16T23:00:00.000Z,2025-12-08T00:00:00.000Z,-1143.823734,-406.435743,87A5C01E2854BF748025DF43EB528416CB6D9B7C1385982EAC9BA391DCC29C5A
RAW_HEDGED_GRID_T100_S020_EURUSD_TAIL_TRAIL_SMOKE_TAIL025_A1_TR5,0.05,2025-03-16T23:00:00.000Z,2026-01-26T00:00:00.000Z,-1141.49166,-404.103669,90376EAC9D02EB19085992B2BE6E543F89DB4BC043EED5099943AC48938B81E3
RAW_HEDGED_GRID_T100_S020_EURUSD_TAIL_TRAIL_SMOKE_TAIL025_A1_TR5,0.05,2025-03-16T23:00:00.000Z,2025-12-15T00:00:00.000Z,-1072.610521,-335.22253,173F64F4E9652FC8FFBB2D315DBA38DBF7D73847F56706D25446CD85812F0283
RAW_HEDGED_GRID_T100_S020_EURUSD_TAIL_TRAIL_SMOKE_TAIL025_A1_TR5,0.05,2025-03-16T23:00:00.000Z,2026-04-26T23:00:00.000Z,-1032.036177,-294.648186,0B36BAAC6E11193CE596BE14633576F1FA1435A0E860844AB0402D2ACE68236B
RAW_HEDGED_GRID_T100_S020_EURUSD_TAIL_TRAIL_SMOKE_TAIL025_A1_TR5,0.05,2025-03-16T23:00:00.000Z,2026-05-03T23:00:00.000Z,-974.38868,-237.000689,EBDBEA4FAA374CFA62D7BF275EE7135BF47D945D55CC7A05FEAE75E18FC42018
RAW_HEDGED_GRID_T100_S020_EURUSD_TAIL_TRAIL_SMOKE_TAIL025_A1_TR5,0.1,2025-03-16T23:00:00.000Z,2025-12-29T00:00:00.000Z,-1344.631459,-855.110968,6F42A479122C8724DE1D66DC42C1EE8EB1373D626A386B03757C6504E52C621E
RAW_HEDGED_GRID_T100_S020_EURUSD_TAIL_TRAIL_SMOKE_TAIL025_A1_TR5,0.1,2025-03-16T23:00:00.000Z,2026-01-19T00:00:00.000Z,-1302.00838,-812.487889,C2CB214945E8F31CD641B6BBA63FDB3FD7065216B61203763F25F960672267DC
RAW_HEDGED_GRID_T100_S020_EURUSD_TAIL_TRAIL_SMOKE_TAIL025_A1_TR5,0.1,2025-03-16T23:00:00.000Z,2026-02-23T00:00:00.000Z,-1293.942238,-804.421747,2EB8C5F5E37DCA09EBE7821B399A62A6986EC7F00829C556AE720C2A821A94F6
RAW_HEDGED_GRID_T100_S020_EURUSD_TAIL_TRAIL_SMOKE_TAIL025_A1_TR5,0.1,2025-03-16T23:00:00.000Z,2026-02-16T00:00:00.000Z,-1230.348908,-740.828417,FFDBF520D72FF5A9E68AD05834B169767C9BB8BEAB2E8D80752DE4655B5AA752
RAW_HEDGED_GRID_T100_S020_EURUSD_TAIL_TRAIL_SMOKE_TAIL025_A1_TR5,0.1,2025-03-16T23:00:00.000Z,2025-12-22T00:00:00.000Z,-1213.535987,-724.015496,793AA83E5FB03F68A192D0D7290ABCFEAD0DAE66056836F4DEE434F969FC97A9
RAW_HEDGED_GRID_T100_S020_EURUSD_TAIL_TRAIL_SMOKE_TAIL025_A1_TR5,0.1,2025-03-16T23:00:00.000Z,2026-01-26T00:00:00.000Z,-1184.446035,-694.925544,842526F911933C18590D72C73ED45066D8D3861082754727848E329FA873476E
RAW_HEDGED_GRID_T100_S020_EURUSD_TAIL_TRAIL_SMOKE_TAIL025_A1_TR5,0.1,2025-03-16T23:00:00.000Z,2025-12-08T00:00:00.000Z,-1176.638734,-687.118243,B41BD292B91E070C2A6509B9DAEFAD82A4DA0FC69661C7FFFB0A1C84439DB5F8
RAW_HEDGED_GRID_T100_S020_EURUSD_TAIL_TRAIL_SMOKE_TAIL025_A1_TR5,0.1,2025-03-16T23:00:00.000Z,2025-12-15T00:00:00.000Z,-1106.918021,-617.39753,F03E1B72957B51DF7A1A15B5B26512F6E757CADCBBB2149CAF23C30B6C450AFC
RAW_HEDGED_GRID_T100_S020_EURUSD_TAIL_TRAIL_SMOKE_TAIL025_A1_TR5,0.1,2025-03-16T23:00:00.000Z,2026-04-26T23:00:00.000Z,-1080.116802,-590.596311,7926149ABBD7629BB10EB8F3BE4E472DC723CBC1268A727CFF6C07DC658476F0
RAW_HEDGED_GRID_T100_S020_EURUSD_TAIL_TRAIL_SMOKE_TAIL025_A1_TR5,0.1,2025-03-16T23:00:00.000Z,2026-05-03T23:00:00.000Z,-1023.365555,-533.845064,DC2E3B2E3E3E9DFBC753A9AABF85D0AE57751497A22FE49B014F179F07C925BA
RAW_HEDGED_GRID_T100_S020_EURUSD_TAIL_TRAIL_SMOKE_TAIL025_A1_TR5,0.2,2024-05-05T23:00:00.000Z,2025-12-29T00:00:00.000Z,-1456.696685,-1424.148468,01EBCE929F7A13D2BFB63B09A782C8639ED2D21E24295DE2CC7725A41ADC2FC7
RAW_HEDGED_GRID_T100_S020_EURUSD_TAIL_TRAIL_SMOKE_TAIL025_A1_TR5,0.2,2024-05-05T23:00:00.000Z,2026-02-23T00:00:00.000Z,-1421.863714,-1389.315497,1AB8934E4EA34BE84FEBEC32A6A5FAD6A0D1136E95BECEF115BBC77DB2448798
RAW_HEDGED_GRID_T100_S020_EURUSD_TAIL_TRAIL_SMOKE_TAIL025_A1_TR5,0.2,2024-05-05T23:00:00.000Z,2026-01-19T00:00:00.000Z,-1421.351106,-1388.802889,9E94F05F9399DCC977C298D2E152DF0FFEAB56B71D43B7FD10CFD2851CADDD15
RAW_HEDGED_GRID_T100_S020_EURUSD_TAIL_TRAIL_SMOKE_TAIL025_A1_TR5,0.2,2024-05-05T23:00:00.000Z,2026-02-16T00:00:00.000Z,-1356.326634,-1323.778417,6D0D8E828453BB04ED2C205F6B35A77ABD5993AE1CEBE935657D4FE7813CFBEC
RAW_HEDGED_GRID_T100_S020_EURUSD_TAIL_TRAIL_SMOKE_TAIL025_A1_TR5,0.2,2024-05-05T23:00:00.000Z,2025-12-22T00:00:00.000Z,-1321.998713,-1289.450496,EE82E57883834DA9C92F50796594D6B926242190813A7684E60AA01B514A27C2
RAW_HEDGED_GRID_T100_S020_EURUSD_TAIL_TRAIL_SMOKE_TAIL025_A1_TR5,0.2,2024-05-05T23:00:00.000Z,2026-01-26T00:00:00.000Z,-1309.117511,-1276.569294,32A749496D866396B928AF1D991F44691BB90BC8DDC704D2B830E5F36B45A079
RAW_HEDGED_GRID_T100_S020_EURUSD_TAIL_TRAIL_SMOKE_TAIL025_A1_TR5,0.2,2024-05-05T23:00:00.000Z,2025-12-08T00:00:00.000Z,-1281.03146,-1248.483243,DEFCB6BA7F57331634B8BED634D9C786F821213352CD3211212537423B616DBA
RAW_HEDGED_GRID_T100_S020_EURUSD_TAIL_TRAIL_SMOKE_TAIL025_A1_TR5,0.2,2024-05-05T23:00:00.000Z,2026-04-26T23:00:00.000Z,-1215.040778,-1182.492561,E5A21ADBA71356759A3FE3AA677B285DDD82E9DCA18ED5E0B298F3585B2A39DD
RAW_HEDGED_GRID_T100_S020_EURUSD_TAIL_TRAIL_SMOKE_TAIL025_A1_TR5,0.2,2024-05-05T23:00:00.000Z,2025-12-15T00:00:00.000Z,-1214.295747,-1181.74753,824A50AEE3AD2A507635FD3708F6B615F2774CEB272ABB0B249A46CB8F41D3C8
RAW_HEDGED_GRID_T100_S020_EURUSD_TAIL_TRAIL_SMOKE_TAIL025_A1_TR5,0.2,2024-05-05T23:00:00.000Z,2026-05-03T23:00:00.000Z,-1160.082031,-1127.533814,FC0B86E4D04F80CBA4E0124D6469D2717D7647FB00D93D7B7B546F73148BE12C
RAW_HEDGED_GRID_T100_S020_EURUSD_TAIL_TRAIL_SMOKE_TAIL025_A1_TR5,0.5,,2026-02-23T00:00:00.000Z,-3143.996747,-3143.996747,2131E447C65D5CF687E00B858B40918DDCCA99A13E95D3BBEB4E194F782AE31A
RAW_HEDGED_GRID_T100_S020_EURUSD_TAIL_TRAIL_SMOKE_TAIL025_A1_TR5,0.5,,2025-12-29T00:00:00.000Z,-3131.260968,-3131.260968,B5D5061C6557A74208DA40112138CAF8CCA620FF97A70616053CC21B87AEEBF0
RAW_HEDGED_GRID_T100_S020_EURUSD_TAIL_TRAIL_SMOKE_TAIL025_A1_TR5,0.5,,2026-01-19T00:00:00.000Z,-3117.747889,-3117.747889,8A6902C6353E80936DEFA4F93144FB9BE060FEBBC4CD5C93EA193F700880B26B
RAW_HEDGED_GRID_T100_S020_EURUSD_TAIL_TRAIL_SMOKE_TAIL025_A1_TR5,0.5,,2026-02-16T00:00:00.000Z,-3072.628417,-3072.628417,6277FFEE7AA60621937A28569597E0EBBB854E837BE3C97BE0B7C7FF217F3720
RAW_HEDGED_GRID_T100_S020_EURUSD_TAIL_TRAIL_SMOKE_TAIL025_A1_TR5,0.5,,2026-01-26T00:00:00.000Z,-3021.500544,-3021.500544,49EA03828ECC9780C99BC40942D58A72C82386D68C653C2C532C963F605048E8
RAW_HEDGED_GRID_T100_S020_EURUSD_TAIL_TRAIL_SMOKE_TAIL025_A1_TR5,0.5,,2025-12-22T00:00:00.000Z,-2985.755496,-2985.755496,119A23D123DA4C02C4E490CBC2D72391C8FA95D28E1801D84135CC5AFBEBBFB3
RAW_HEDGED_GRID_T100_S020_EURUSD_TAIL_TRAIL_SMOKE_TAIL025_A1_TR5,0.5,,2026-04-26T23:00:00.000Z,-2958.181311,-2958.181311,614306D4388A9E751FE6A2F392505C9CC3A1D754FF738886B1A62E175499F2FB
RAW_HEDGED_GRID_T100_S020_EURUSD_TAIL_TRAIL_SMOKE_TAIL025_A1_TR5,0.5,,2025-12-08T00:00:00.000Z,-2932.578243,-2932.578243,A3A232DE3D9EE88F51EEAF7BADD4DDBAB7E7025FFD1A98D57AB819DFAC55AE8A
RAW_HEDGED_GRID_T100_S020_EURUSD_TAIL_TRAIL_SMOKE_TAIL025_A1_TR5,0.5,,2026-05-03T23:00:00.000Z,-2908.600064,-2908.600064,C4CD1DC25CC65CD0882C4DC8F7689BA4A39F11FAAC9C4EC0A22A8E5C2B6343EB
RAW_HEDGED_GRID_T100_S020_EURUSD_TAIL_TRAIL_SMOKE_TAIL025_A1_TR5,0.5,,2025-12-15T00:00:00.000Z,-2874.79753,-2874.79753,070215C2A8E75A13EAA8537DF3759B84AD6E145838E0621A8EC31A43CA04726E
RAW_HEDGED_GRID_T100_S020_EURUSD_TAIL_TRAIL_SMOKE_TAIL025_A2_TR1,0,2025-03-16T23:00:00.000Z,2025-12-29T00:00:00.000Z,-1273.76212,-273.435067,87B35FA5F5969A4CCADB8D9E5C59BAF141B52704204E66583484EA937384703F
RAW_HEDGED_GRID_T100_S020_EURUSD_TAIL_TRAIL_SMOKE_TAIL025_A2_TR1,0,2025-03-16T23:00:00.000Z,2026-01-19T00:00:00.000Z,-1223.065404,-222.738351,3E9AF32ECE3ED06971570045CF04E612B6F0BD777A1053AC98DED9BD89012D59
RAW_HEDGED_GRID_T100_S020_EURUSD_TAIL_TRAIL_SMOKE_TAIL025_A2_TR1,0,2025-03-16T23:00:00.000Z,2026-02-23T00:00:00.000Z,-1204.68885,-204.361797,D389C6FB0EB8AEA2B579AA8F115A74C88EB8EE7A551C8AE61DEFC22586920D91
RAW_HEDGED_GRID_T100_S020_EURUSD_TAIL_TRAIL_SMOKE_TAIL025_A2_TR1,0,2025-03-16T23:00:00.000Z,2025-12-22T00:00:00.000Z,-1143.860876,-143.533823,9BF264C327618733718F40350A04455C68341F0A63518C9DC928774CFF8BE317
RAW_HEDGED_GRID_T100_S020_EURUSD_TAIL_TRAIL_SMOKE_TAIL025_A2_TR1,0,2025-03-16T23:00:00.000Z,2026-02-16T00:00:00.000Z,-1143.136803,-142.80975,097CD96918314FF127E412821013E46FA3E9C0988EEAA294488E2F99B983AE44
RAW_HEDGED_GRID_T100_S020_EURUSD_TAIL_TRAIL_SMOKE_TAIL025_A2_TR1,0,2025-03-16T23:00:00.000Z,2025-12-08T00:00:00.000Z,-1112.537416,-112.210363,CD7F4EFFBA969EEF5FBDF53A86144C788777D5FD1FEB16FEFE4974C4CA5520EE
RAW_HEDGED_GRID_T100_S020_EURUSD_TAIL_TRAIL_SMOKE_TAIL025_A2_TR1,0,2025-03-16T23:00:00.000Z,2026-01-26T00:00:00.000Z,-1094.617997,-94.290944,3E308D39B7C57483973D845DBBC5C6E338D7ED73833987A62818915C262959D5
RAW_HEDGED_GRID_T100_S020_EURUSD_TAIL_TRAIL_SMOKE_TAIL025_A2_TR1,0,2025-03-16T23:00:00.000Z,2025-12-15T00:00:00.000Z,-1039.921697,-39.594644,02F22C10E2138A603CE27F3545BA9922E708ABE87AA5D1AC6A6F7843E9281891
RAW_HEDGED_GRID_T100_S020_EURUSD_TAIL_TRAIL_SMOKE_TAIL025_A2_TR1,0,2025-03-16T23:00:00.000Z,2026-04-26T23:00:00.000Z,-982.499297,17.827756,3441AD5FD37ABC44D0CCCFD09DD35DAB45546981909123F8700C8590565B70A9
RAW_HEDGED_GRID_T100_S020_EURUSD_TAIL_TRAIL_SMOKE_TAIL025_A2_TR1,0,2020-06-14T23:00:00.000Z,2021-02-22T00:00:00.000Z,-943.32621,-811.0212,9B4DA45E321EFE54F5727B1F8E08811A8E5D79D249979E9CAF28DDAB51C2D55E
RAW_HEDGED_GRID_T100_S020_EURUSD_TAIL_TRAIL_SMOKE_TAIL025_A2_TR1,0.0025,2025-03-16T23:00:00.000Z,2025-12-29T00:00:00.000Z,-1275.594623,-287.659337,BB80B218439DEA2E1F2F43EC2914C526EA7E5A21C0ED7CE601858CA97106EAC1
RAW_HEDGED_GRID_T100_S020_EURUSD_TAIL_TRAIL_SMOKE_TAIL025_A2_TR1,0.0025,2025-03-16T23:00:00.000Z,2026-01-19T00:00:00.000Z,-1225.080407,-237.145121,20073674BC5B4131B90983FA837FAA77DF4FF4628AF876E9BCC259817A7FE7AF
RAW_HEDGED_GRID_T100_S020_EURUSD_TAIL_TRAIL_SMOKE_TAIL025_A2_TR1,0.0025,2025-03-16T23:00:00.000Z,2026-02-23T00:00:00.000Z,-1206.918166,-218.98288,75A669BA72DC5236D3B92ECAADF35265C33C5602BC7513B998BE7DD790B43EC1
RAW_HEDGED_GRID_T100_S020_EURUSD_TAIL_TRAIL_SMOKE_TAIL025_A2_TR1,0.0025,2025-03-16T23:00:00.000Z,2025-12-22T00:00:00.000Z,-1145.60416,-157.668874,8429A06E2DAE93E47577CA3B2D5428A0D1EA225227680CF35108A2CAB7B1677F
RAW_HEDGED_GRID_T100_S020_EURUSD_TAIL_TRAIL_SMOKE_TAIL025_A2_TR1,0.0025,2025-03-16T23:00:00.000Z,2026-02-16T00:00:00.000Z,-1145.317525,-157.382239,ED837808C48889C628F4EF3AB312EAB68CE54D8BDCF349A9E92ADEB3DBBEBD18
RAW_HEDGED_GRID_T100_S020_EURUSD_TAIL_TRAIL_SMOKE_TAIL025_A2_TR1,0.0025,2025-03-16T23:00:00.000Z,2025-12-08T00:00:00.000Z,-1114.179637,-126.244351,C8433B361C7331F7D062AEB33CD7008040BC7B5488F31187B81003BD63135F73
RAW_HEDGED_GRID_T100_S020_EURUSD_TAIL_TRAIL_SMOKE_TAIL025_A2_TR1,0.0025,2025-03-16T23:00:00.000Z,2026-01-26T00:00:00.000Z,-1096.766219,-108.830933,04C7A12731E405504207E1355577D6C8EF07FA0E638EECA673875A0568DD8CD2
RAW_HEDGED_GRID_T100_S020_EURUSD_TAIL_TRAIL_SMOKE_TAIL025_A2_TR1,0.0025,2025-03-16T23:00:00.000Z,2025-12-15T00:00:00.000Z,-1041.637262,-53.701976,6DF1B65CD1B93EC06D2273885EC798660F66B661064A402CE217C16375C86A32
RAW_HEDGED_GRID_T100_S020_EURUSD_TAIL_TRAIL_SMOKE_TAIL025_A2_TR1,0.0025,2025-03-16T23:00:00.000Z,2026-04-26T23:00:00.000Z,-984.903582,3.031704,A38F1002247899196BB2A0689CE442F80D714719ED0C2F0F475FB6FB000FBB5A
RAW_HEDGED_GRID_T100_S020_EURUSD_TAIL_TRAIL_SMOKE_TAIL025_A2_TR1,0.0025,2020-06-14T23:00:00.000Z,2021-02-22T00:00:00.000Z,-944.963899,-814.44808,86445F8E135ADB3D7B3BD6DA2E372F96020F96DFFA60383F916325B492666F5B
RAW_HEDGED_GRID_T100_S020_EURUSD_TAIL_TRAIL_SMOKE_TAIL025_A2_TR1,0.005,2025-03-16T23:00:00.000Z,2025-12-29T00:00:00.000Z,-1277.427127,-301.883617,BA1079C58BB10BF1E5D6716FDFA3AC347BDBB6D2CC9F75BA34183C47C531AF39
RAW_HEDGED_GRID_T100_S020_EURUSD_TAIL_TRAIL_SMOKE_TAIL025_A2_TR1,0.005,2025-03-16T23:00:00.000Z,2026-01-19T00:00:00.000Z,-1227.095412,-251.551902,AE3E9C234E7E1D81B3543D4CFD1EB0DBAF86DA695FAFF8236C9A64C45A68E819
RAW_HEDGED_GRID_T100_S020_EURUSD_TAIL_TRAIL_SMOKE_TAIL025_A2_TR1,0.005,2025-03-16T23:00:00.000Z,2026-02-23T00:00:00.000Z,-1209.147483,-233.603973,89928414CA602B1A0F610D5ECD0106159FC08108C1978EE9487D00CCEA1ED945
RAW_HEDGED_GRID_T100_S020_EURUSD_TAIL_TRAIL_SMOKE_TAIL025_A2_TR1,0.005,2025-03-16T23:00:00.000Z,2026-02-16T00:00:00.000Z,-1147.498249,-171.954739,757237D3159529051808BF76DF7F4B5BC4167344DF50DA6755B011B26E1AD4BF
RAW_HEDGED_GRID_T100_S020_EURUSD_TAIL_TRAIL_SMOKE_TAIL025_A2_TR1,0.005,2025-03-16T23:00:00.000Z,2025-12-22T00:00:00.000Z,-1147.347445,-171.803935,747B753A6F19526A7A546671C2715BCC475C43083CB44C6E9A96EC37E6994392
RAW_HEDGED_GRID_T100_S020_EURUSD_TAIL_TRAIL_SMOKE_TAIL025_A2_TR1,0.005,2025-03-16T23:00:00.000Z,2025-12-08T00:00:00.000Z,-1115.821859,-140.278349,F1DFB94A6F678F4BD9DC9570A43A5C0861EB9F8F4F890E11CA27D79144D8B414
RAW_HEDGED_GRID_T100_S020_EURUSD_TAIL_TRAIL_SMOKE_TAIL025_A2_TR1,0.005,2025-03-16T23:00:00.000Z,2026-01-26T00:00:00.000Z,-1098.914443,-123.370933,1C5C6A2A9D4CB1CB49F27E26F26CA3FE0A5AB4D49024FCABA5689491E82A8249
RAW_HEDGED_GRID_T100_S020_EURUSD_TAIL_TRAIL_SMOKE_TAIL025_A2_TR1,0.005,2025-03-16T23:00:00.000Z,2025-12-15T00:00:00.000Z,-1043.352828,-67.809318,FA3CE029E398F3C8B5FD47800C2AFADDCCD0E78742AE9F7C09A5F58B6E2CEADD
RAW_HEDGED_GRID_T100_S020_EURUSD_TAIL_TRAIL_SMOKE_TAIL025_A2_TR1,0.005,2025-03-16T23:00:00.000Z,2026-04-26T23:00:00.000Z,-987.307868,-11.764358,578CD9941748DAC2CC14C40771595C1EA84F6FDDDAB77C229AB8D9D476ED59D2
RAW_HEDGED_GRID_T100_S020_EURUSD_TAIL_TRAIL_SMOKE_TAIL025_A2_TR1,0.005,2020-06-14T23:00:00.000Z,2021-02-22T00:00:00.000Z,-946.601591,-817.874961,5DBD37082DB5059B67A6DB644F836DEB6A2FD8FC2B6A67DCE6D4223995B9EA40
RAW_HEDGED_GRID_T100_S020_EURUSD_TAIL_TRAIL_SMOKE_TAIL025_A2_TR1,0.01,2025-03-16T23:00:00.000Z,2025-12-29T00:00:00.000Z,-1281.09212,-330.332067,88880C7DA298C2A2340180138A5EEC119A2253901BF9E3F3A4B7FF836E88B8E5
RAW_HEDGED_GRID_T100_S020_EURUSD_TAIL_TRAIL_SMOKE_TAIL025_A2_TR1,0.01,2025-03-16T23:00:00.000Z,2026-01-19T00:00:00.000Z,-1231.125404,-280.365351,0FF3E3E0FA98685399EBA0CFFEA3B9AD1E50EF4B459E3A50CE8CDCB11101888A
RAW_HEDGED_GRID_T100_S020_EURUSD_TAIL_TRAIL_SMOKE_TAIL025_A2_TR1,0.01,2025-03-16T23:00:00.000Z,2026-02-23T00:00:00.000Z,-1213.6061,-262.846047,4ED1F8155CE2EDC1BC23C1C1AE820CEBF6F3BE1141B652AAD34F62F9D35762C7
RAW_HEDGED_GRID_T100_S020_EURUSD_TAIL_TRAIL_SMOKE_TAIL025_A2_TR1,0.01,2025-03-16T23:00:00.000Z,2026-02-16T00:00:00.000Z,-1151.859678,-201.099625,11B6D86810BDF72BFEC17E8BD9BFB591CEAC9C1A6AE81BC176A6DAB3BF451C86
RAW_HEDGED_GRID_T100_S020_EURUSD_TAIL_TRAIL_SMOKE_TAIL025_A2_TR1,0.01,2025-03-16T23:00:00.000Z,2025-12-22T00:00:00.000Z,-1150.834001,-200.073948,71897882A06EF494B73F79FBE6B6EEDCBE289AD7D6DE2DA76AF8094E03E1F182
RAW_HEDGED_GRID_T100_S020_EURUSD_TAIL_TRAIL_SMOKE_TAIL025_A2_TR1,0.01,2025-03-16T23:00:00.000Z,2025-12-08T00:00:00.000Z,-1119.106291,-168.346238,03C571CE80E456B99C3B27329C1F4ABFF3D5DFA13303A837A50F1A22781B5317
RAW_HEDGED_GRID_T100_S020_EURUSD_TAIL_TRAIL_SMOKE_TAIL025_A2_TR1,0.01,2025-03-16T23:00:00.000Z,2026-01-26T00:00:00.000Z,-1103.210872,-152.450819,9130F34639E552077B8333BA359C91378B220F16919F9E0D3A2D6E1394DD2BBE
RAW_HEDGED_GRID_T100_S020_EURUSD_TAIL_TRAIL_SMOKE_TAIL025_A2_TR1,0.01,2025-03-16T23:00:00.000Z,2025-12-15T00:00:00.000Z,-1046.783947,-96.023894,780E5BC549B1E5E35D3553852633167816EB28AF50023E03A5CC9FAF20AF44B9
RAW_HEDGED_GRID_T100_S020_EURUSD_TAIL_TRAIL_SMOKE_TAIL025_A2_TR1,0.01,2025-03-16T23:00:00.000Z,2026-04-26T23:00:00.000Z,-992.116422,-41.356369,F2C99B3BA91F9E7ACEDA1E5A9679CD1DF3718B33A699E4F139E6AE2A8E1A06C9
RAW_HEDGED_GRID_T100_S020_EURUSD_TAIL_TRAIL_SMOKE_TAIL025_A2_TR1,0.01,2020-06-14T23:00:00.000Z,2021-02-22T00:00:00.000Z,-949.87696,-824.7287,62E09E30D20973A61DDB302AF444538BE7E9D083F8E78EAE9C24BD806A7A0DD0
RAW_HEDGED_GRID_T100_S020_EURUSD_TAIL_TRAIL_SMOKE_TAIL025_A2_TR1,0.02,2025-03-16T23:00:00.000Z,2025-12-29T00:00:00.000Z,-1288.42212,-387.229067,E6A419CDF5D2DA5E4B012A9964808BBCCD5354F44AD1E9838DB8CFEA3D293DAF
RAW_HEDGED_GRID_T100_S020_EURUSD_TAIL_TRAIL_SMOKE_TAIL025_A2_TR1,0.02,2025-03-16T23:00:00.000Z,2026-01-19T00:00:00.000Z,-1239.185404,-337.992351,668B322FA9563AB3063D68DD21D765611FE5BFE6E1801EE2883B4588596C45D4
RAW_HEDGED_GRID_T100_S020_EURUSD_TAIL_TRAIL_SMOKE_TAIL025_A2_TR1,0.02,2025-03-16T23:00:00.000Z,2026-02-23T00:00:00.000Z,-1222.52335,-321.330297,FEA430D067209BA7FD92CBB1120E38A1B001EF8F3E9EF355492A84BBEB1CB513
RAW_HEDGED_GRID_T100_S020_EURUSD_TAIL_TRAIL_SMOKE_TAIL025_A2_TR1,0.02,2025-03-16T23:00:00.000Z,2026-02-16T00:00:00.000Z,-1160.582553,-259.3895,F90D0BBAEFE57C27AFE16C2319F4CBD45CACF3E3656E781AF3E2113F66A5FEA4
RAW_HEDGED_GRID_T100_S020_EURUSD_TAIL_TRAIL_SMOKE_TAIL025_A2_TR1,0.02,2025-03-16T23:00:00.000Z,2025-12-22T00:00:00.000Z,-1157.807126,-256.614073,848C5FA39B2511136F3B073CB3497D8329AD40594990610F0A283F1419DC904B
RAW_HEDGED_GRID_T100_S020_EURUSD_TAIL_TRAIL_SMOKE_TAIL025_A2_TR1,0.02,2025-03-16T23:00:00.000Z,2025-12-08T00:00:00.000Z,-1125.675166,-224.482113,C58B2314190F5261886444C37487159ECE6846A1EEF53E8D51396F3693524FD1
RAW_HEDGED_GRID_T100_S020_EURUSD_TAIL_TRAIL_SMOKE_TAIL025_A2_TR1,0.02,2025-03-16T23:00:00.000Z,2026-01-26T00:00:00.000Z,-1111.803747,-210.610694,CFB575CFEF5A46ECBCFE160B16247937AA83B443ADD6B640FE55C8212C8C9DEE
RAW_HEDGED_GRID_T100_S020_EURUSD_TAIL_TRAIL_SMOKE_TAIL025_A2_TR1,0.02,2025-03-16T23:00:00.000Z,2025-12-15T00:00:00.000Z,-1053.646197,-152.453144,EC65F28C0F0E54B97BB1670EC0D3B789615AE3222F1B93E7A6760B7834F9F54C
RAW_HEDGED_GRID_T100_S020_EURUSD_TAIL_TRAIL_SMOKE_TAIL025_A2_TR1,0.02,2025-03-16T23:00:00.000Z,2026-04-26T23:00:00.000Z,-1001.733547,-100.540494,95907F9B9B1B6FB56CED1412AAB4BA4C5E6FE9AC038668D42D0CFB99D1E6ED04
RAW_HEDGED_GRID_T100_S020_EURUSD_TAIL_TRAIL_SMOKE_TAIL025_A2_TR1,0.02,2020-06-14T23:00:00.000Z,2021-02-22T00:00:00.000Z,-956.42771,-838.4362,74A5928E2438EAB6290F49FF9A3B92F76CA4043304BFF348FAB72655FF8615F7
RAW_HEDGED_GRID_T100_S020_EURUSD_TAIL_TRAIL_SMOKE_TAIL025_A2_TR1,0.05,2025-03-16T23:00:00.000Z,2025-12-29T00:00:00.000Z,-1310.41212,-557.920067,60C7299C3BABDC2F619248C51315110CAD10A2621E4857F84BB0CA028473F2BF
RAW_HEDGED_GRID_T100_S020_EURUSD_TAIL_TRAIL_SMOKE_TAIL025_A2_TR1,0.05,2025-03-16T23:00:00.000Z,2026-01-19T00:00:00.000Z,-1263.365404,-510.873351,0A833B8A803C1F9D8E568410E3DA99E197B7E02CE9C549A27FED2A7B7417CB36
RAW_HEDGED_GRID_T100_S020_EURUSD_TAIL_TRAIL_SMOKE_TAIL025_A2_TR1,0.05,2025-03-16T23:00:00.000Z,2026-02-23T00:00:00.000Z,-1249.2751,-496.783047,1877D92EBED7B8607128DFD6F36AD8C850D77F717F09AB3C769104EF4D9DBE03
RAW_HEDGED_GRID_T100_S020_EURUSD_TAIL_TRAIL_SMOKE_TAIL025_A2_TR1,0.05,2025-03-16T23:00:00.000Z,2026-02-16T00:00:00.000Z,-1186.751178,-434.259125,4D01E968792A346954586589D11D6BE7CAB04D1DD4DDD41C5D17941C567D8B55
RAW_HEDGED_GRID_T100_S020_EURUSD_TAIL_TRAIL_SMOKE_TAIL025_A2_TR1,0.05,2025-03-16T23:00:00.000Z,2025-12-22T00:00:00.000Z,-1178.726501,-426.234448,C0D141DCB11BA05A724347CC166BDC9DD2358E7BD18ED1A38FBFAC798D59FAE8
RAW_HEDGED_GRID_T100_S020_EURUSD_TAIL_TRAIL_SMOKE_TAIL025_A2_TR1,0.05,2025-03-16T23:00:00.000Z,2025-12-08T00:00:00.000Z,-1145.381791,-392.889738,5F69D1627DC06C222D34138A581280C6C65A44B23E95F88F3538C3C7EF9F08A9
RAW_HEDGED_GRID_T100_S020_EURUSD_TAIL_TRAIL_SMOKE_TAIL025_A2_TR1,0.05,2025-03-16T23:00:00.000Z,2026-01-26T00:00:00.000Z,-1137.582372,-385.090319,38C0B6FBAECEAB3CE6DBF1F48A4D868BA0D72AF5B27F4577D2DCD9CAEED3441B
RAW_HEDGED_GRID_T100_S020_EURUSD_TAIL_TRAIL_SMOKE_TAIL025_A2_TR1,0.05,2025-03-16T23:00:00.000Z,2025-12-15T00:00:00.000Z,-1074.232947,-321.740894,C0F5DB423D6624B54DDE9771A9A08CCE59F941ED835CC40A5E2B7222A03360D1
RAW_HEDGED_GRID_T100_S020_EURUSD_TAIL_TRAIL_SMOKE_TAIL025_A2_TR1,0.05,2025-03-16T23:00:00.000Z,2026-04-26T23:00:00.000Z,-1030.584922,-278.092869,67D513C66A2DABB4B383E65CF70F8DB5B156AA7EA5AA2EB7B147A0421139412A
RAW_HEDGED_GRID_T100_S020_EURUSD_TAIL_TRAIL_SMOKE_TAIL025_A2_TR1,0.05,2020-05-17T23:00:00.000Z,2021-02-22T00:00:00.000Z,-977.601868,-879.5587,49F7FC60115A2F7D6D175BFDC3133C9A82A94E528A159CFAACB63147BA4C3E56
RAW_HEDGED_GRID_T100_S020_EURUSD_TAIL_TRAIL_SMOKE_TAIL025_A2_TR1,0.1,2025-03-16T23:00:00.000Z,2025-12-29T00:00:00.000Z,-1347.06212,-842.405067,0FF358DE000BB6129755B38B68A7E850D6F99E3846F18EE2A1A2877557B27AFA
RAW_HEDGED_GRID_T100_S020_EURUSD_TAIL_TRAIL_SMOKE_TAIL025_A2_TR1,0.1,2025-03-16T23:00:00.000Z,2026-01-19T00:00:00.000Z,-1303.665404,-799.008351,958C23728AF54EE4119303A749D89515E23658BE48ED2EADB8C504837A55EC61
RAW_HEDGED_GRID_T100_S020_EURUSD_TAIL_TRAIL_SMOKE_TAIL025_A2_TR1,0.1,2025-03-16T23:00:00.000Z,2026-02-23T00:00:00.000Z,-1293.86135,-789.204297,1F44C986A7DA025032D66C5159FE9DA57F341F620C0D271D0F336558D8C5F452
RAW_HEDGED_GRID_T100_S020_EURUSD_TAIL_TRAIL_SMOKE_TAIL025_A2_TR1,0.1,2025-03-16T23:00:00.000Z,2026-02-16T00:00:00.000Z,-1230.365553,-725.7085,4B739FB5ECF157E7FE9AFF3F87FCBCB15E04E669647ACE5257BDBDD313901746
RAW_HEDGED_GRID_T100_S020_EURUSD_TAIL_TRAIL_SMOKE_TAIL025_A2_TR1,0.1,2025-03-16T23:00:00.000Z,2025-12-22T00:00:00.000Z,-1213.592126,-708.935073,A933112E2DD0CE76A071A550B9834D2DA7A45C060E1F8831FDB2CCE3D6D9CEC7
RAW_HEDGED_GRID_T100_S020_EURUSD_TAIL_TRAIL_SMOKE_TAIL025_A2_TR1,0.1,2025-03-16T23:00:00.000Z,2026-01-26T00:00:00.000Z,-1180.546747,-675.889694,BEECDA468F48290821FA9FD747EBCA28EC40ED93DEFA352442FA03813EB5159E
RAW_HEDGED_GRID_T100_S020_EURUSD_TAIL_TRAIL_SMOKE_TAIL025_A2_TR1,0.1,2025-03-16T23:00:00.000Z,2025-12-08T00:00:00.000Z,-1178.226166,-673.569113,317457C6221806AD3D26B66CD9B7908380BC0826899588B985554BBF3815817B
RAW_HEDGED_GRID_T100_S020_EURUSD_TAIL_TRAIL_SMOKE_TAIL025_A2_TR1,0.1,2025-03-16T23:00:00.000Z,2025-12-15T00:00:00.000Z,-1108.544197,-603.887144,835AD1A919C764D841983E0B81B4F8BE4C51AFC981C9EE61B0868DE500B1BA55
RAW_HEDGED_GRID_T100_S020_EURUSD_TAIL_TRAIL_SMOKE_TAIL025_A2_TR1,0.1,2025-03-16T23:00:00.000Z,2026-04-26T23:00:00.000Z,-1078.670547,-574.013494,BCC7E74DFD58CA32BBDE96D779B0F220263E290CBA31A9329F7F95925D92F24E
RAW_HEDGED_GRID_T100_S020_EURUSD_TAIL_TRAIL_SMOKE_TAIL025_A2_TR1,0.1,2025-03-16T23:00:00.000Z,2026-05-03T23:00:00.000Z,-1020.791748,-516.134695,427C84BDFF557C94734A23E6B05EFB1640C1A154F3959229AB23B268A66804FE
RAW_HEDGED_GRID_T100_S020_EURUSD_TAIL_TRAIL_SMOKE_TAIL025_A2_TR1,0.2,2024-05-05T23:00:00.000Z,2025-12-29T00:00:00.000Z,-1442.889798,-1411.375067,8CB44FF6725BBC5DFC00D4156E61F346AE9FA65F2160901C33AC209D87150811
RAW_HEDGED_GRID_T100_S020_EURUSD_TAIL_TRAIL_SMOKE_TAIL025_A2_TR1,0.2,2024-05-05T23:00:00.000Z,2026-01-19T00:00:00.000Z,-1406.793082,-1375.278351,A615BA1E1EA88DB6151682905D9A41FABC6F79689567B17327E15D8140995A4E
RAW_HEDGED_GRID_T100_S020_EURUSD_TAIL_TRAIL_SMOKE_TAIL025_A2_TR1,0.2,2024-05-05T23:00:00.000Z,2026-02-23T00:00:00.000Z,-1405.561528,-1374.046797,6AE161E144955C6F7B3DF798FCD923D92C70753FE36D30E4896871682A4BF1FB
RAW_HEDGED_GRID_T100_S020_EURUSD_TAIL_TRAIL_SMOKE_TAIL025_A2_TR1,0.2,2024-05-05T23:00:00.000Z,2026-02-16T00:00:00.000Z,-1340.121981,-1308.60725,6AC8DE3F59F5D0E9ADA4E64A7F3281F0C91758B3A16E136236AD35D4AB0D303E
RAW_HEDGED_GRID_T100_S020_EURUSD_TAIL_TRAIL_SMOKE_TAIL025_A2_TR1,0.2,2024-05-05T23:00:00.000Z,2025-12-22T00:00:00.000Z,-1305.851054,-1274.336323,0BD79C3F7C2C318DDB7BCFB0C6F92BB065BFAA958488641B88BDE68EDA6BBA79
RAW_HEDGED_GRID_T100_S020_EURUSD_TAIL_TRAIL_SMOKE_TAIL025_A2_TR1,0.2,2024-05-05T23:00:00.000Z,2026-01-26T00:00:00.000Z,-1289.003175,-1257.488444,275040E85769FF3F310462D588A17018900957C26DF62D103F61C159C043699B
RAW_HEDGED_GRID_T100_S020_EURUSD_TAIL_TRAIL_SMOKE_TAIL025_A2_TR1,0.2,2024-05-05T23:00:00.000Z,2025-12-08T00:00:00.000Z,-1266.442594,-1234.927863,902FE6DA08CC6A1CB8146866F1086B03BADDD716B90DACDC9496A4B6C2A5B1E8
RAW_HEDGED_GRID_T100_S020_EURUSD_TAIL_TRAIL_SMOKE_TAIL025_A2_TR1,0.2,2024-05-05T23:00:00.000Z,2025-12-15T00:00:00.000Z,-1199.694375,-1168.179644,C16718616036E7E24B5FA8A15FA17302D6A42EAB85CEF04498EA0784BE4FE945
RAW_HEDGED_GRID_T100_S020_EURUSD_TAIL_TRAIL_SMOKE_TAIL025_A2_TR1,0.2,2024-05-05T23:00:00.000Z,2026-04-26T23:00:00.000Z,-1197.369475,-1165.854744,0C29B56B1BFF5FA1D34A209FB80452F5881A27992E4DD03E8C8C96A1D87234CE
RAW_HEDGED_GRID_T100_S020_EURUSD_TAIL_TRAIL_SMOKE_TAIL025_A2_TR1,0.2,2024-05-05T23:00:00.000Z,2026-05-03T23:00:00.000Z,-1141.294426,-1109.779695,00348DBB7E717843BE49586979DBCB4B05104F2BD2AC0388AEA5128B3C833943
RAW_HEDGED_GRID_T100_S020_EURUSD_TAIL_TRAIL_SMOKE_TAIL025_A2_TR1,0.5,,2026-02-23T00:00:00.000Z,-3128.574297,-3128.574297,8C4A4CC9869C84D95A8320C1DE1D2EBF6491696D4A50165BFFA2000CD1BFF9F1
RAW_HEDGED_GRID_T100_S020_EURUSD_TAIL_TRAIL_SMOKE_TAIL025_A2_TR1,0.5,,2025-12-29T00:00:00.000Z,-3118.285067,-3118.285067,128446C5661241738E99323616978C07D615E63DE7DD879020565AEA140AA6EA
RAW_HEDGED_GRID_T100_S020_EURUSD_TAIL_TRAIL_SMOKE_TAIL025_A2_TR1,0.5,,2026-01-19T00:00:00.000Z,-3104.088351,-3104.088351,FD136990BD5D882BB8BBAEF78F436E9795DC2C0B019A2EA2FA05807C5B2AAB55
RAW_HEDGED_GRID_T100_S020_EURUSD_TAIL_TRAIL_SMOKE_TAIL025_A2_TR1,0.5,,2026-02-16T00:00:00.000Z,-3057.3035,-3057.3035,3D20BB0FE2F3C2647658F3CB02BF3D304A672F4B3454274AC9D9718BE0E839CA
RAW_HEDGED_GRID_T100_S020_EURUSD_TAIL_TRAIL_SMOKE_TAIL025_A2_TR1,0.5,,2026-01-26T00:00:00.000Z,-3002.284694,-3002.284694,A6B8CE8DAAA1A9536C84211C73917A33D338DD12E6D84EF18D64BB5165C89071
RAW_HEDGED_GRID_T100_S020_EURUSD_TAIL_TRAIL_SMOKE_TAIL025_A2_TR1,0.5,,2025-12-22T00:00:00.000Z,-2970.540073,-2970.540073,45F9E218CD8F3A01A1EF423EB17FC9F9AB7B235F7C73E7B264D9D76183E69A34
RAW_HEDGED_GRID_T100_S020_EURUSD_TAIL_TRAIL_SMOKE_TAIL025_A2_TR1,0.5,,2026-04-26T23:00:00.000Z,-2941.378494,-2941.378494,E15560F07CB79A80076B11F8F2066EC1F0C6BD9139F4AA2ADA7CAB57357473AF
RAW_HEDGED_GRID_T100_S020_EURUSD_TAIL_TRAIL_SMOKE_TAIL025_A2_TR1,0.5,,2025-12-08T00:00:00.000Z,-2919.004113,-2919.004113,024A498C867C2A8189BCB6559348B8EE5A990DEC2357FF28BE532F05C7F9CB7D
RAW_HEDGED_GRID_T100_S020_EURUSD_TAIL_TRAIL_SMOKE_TAIL025_A2_TR1,0.5,,2026-05-03T23:00:00.000Z,-2890.714695,-2890.714695,4D23B5CACA40D67D1123DF15786C3AF42B5133FB5843C91902C7D90D0E2AACB9
RAW_HEDGED_GRID_T100_S020_EURUSD_TAIL_TRAIL_SMOKE_TAIL025_A2_TR1,0.5,,2025-12-15T00:00:00.000Z,-2861.057144,-2861.057144,5A17F37455A3F22B5066242B6A4B6808DC631629ADC912C5A4CC9568E24A28F2
RAW_HEDGED_GRID_T100_S020_EURUSD_TAIL_TRAIL_SMOKE_TAIL025_A2_TR2,0,2025-03-16T23:00:00.000Z,2025-12-29T00:00:00.000Z,-1273.325757,-271.274043,2AF518A0E75298445FAEE92405D8FCB285FE4A6444F694C6BA7CC1BDCEB65BCA
RAW_HEDGED_GRID_T100_S020_EURUSD_TAIL_TRAIL_SMOKE_TAIL025_A2_TR2,0,2025-03-16T23:00:00.000Z,2026-01-19T00:00:00.000Z,-1222.61908,-220.567366,B30E175820B967A9888B5361633FCC20C1706A8A5E3F6F2668CC54844D76B58C
RAW_HEDGED_GRID_T100_S020_EURUSD_TAIL_TRAIL_SMOKE_TAIL025_A2_TR2,0,2025-03-16T23:00:00.000Z,2026-02-23T00:00:00.000Z,-1203.917353,-201.865639,C4624D12A9D4EFE02027AD5D682ED92F6772D0837A0B821A877DA3127780A356
RAW_HEDGED_GRID_T100_S020_EURUSD_TAIL_TRAIL_SMOKE_TAIL025_A2_TR2,0,2025-03-16T23:00:00.000Z,2025-12-22T00:00:00.000Z,-1143.399271,-141.347557,F65F18BEEA1B983D267F3E8BB7615BFA30269357454250C94F93DD7EC128AF3F
RAW_HEDGED_GRID_T100_S020_EURUSD_TAIL_TRAIL_SMOKE_TAIL025_A2_TR2,0,2025-03-16T23:00:00.000Z,2026-02-16T00:00:00.000Z,-1142.308499,-140.256785,19157655060A304FAE36C274FC34A9EF3CDB9EF70066F67F44A5D0AB6AFD6D06
RAW_HEDGED_GRID_T100_S020_EURUSD_TAIL_TRAIL_SMOKE_TAIL025_A2_TR2,0,2025-03-16T23:00:00.000Z,2025-12-08T00:00:00.000Z,-1111.959769,-109.908055,B3AC841DEBD470D0165CFF185F44685EA6BE3FEC45FEFE6F6B055E9A3BB3161F
RAW_HEDGED_GRID_T100_S020_EURUSD_TAIL_TRAIL_SMOKE_TAIL025_A2_TR2,0,2025-03-16T23:00:00.000Z,2026-01-26T00:00:00.000Z,-1093.762782,-91.711068,77D86AEE9FDC1E1C3EDDA9750A0CA2B89A40C8755C526E25E454AA09BED8FAB5
RAW_HEDGED_GRID_T100_S020_EURUSD_TAIL_TRAIL_SMOKE_TAIL025_A2_TR2,0,2025-03-16T23:00:00.000Z,2025-12-15T00:00:00.000Z,-1039.416443,-37.364729,52924BCE54518C7B8B1643DD205EE8DA3E15F307FD867E0E56AE592B2AFF7276
RAW_HEDGED_GRID_T100_S020_EURUSD_TAIL_TRAIL_SMOKE_TAIL025_A2_TR2,0,2025-03-16T23:00:00.000Z,2026-04-26T23:00:00.000Z,-982.021655,20.030059,D9FF7A957BA9C7CE05FE4F8CB88AB2966975947CD64F6A6F50E6F2FAC2051E75
RAW_HEDGED_GRID_T100_S020_EURUSD_TAIL_TRAIL_SMOKE_TAIL025_A2_TR2,0,2020-06-14T23:00:00.000Z,2021-02-22T00:00:00.000Z,-943.620259,-811.404527,3169AF0E28D483642088B1D622A7E086193C6961FF02729604A64713737ED5A0
RAW_HEDGED_GRID_T100_S020_EURUSD_TAIL_TRAIL_SMOKE_TAIL025_A2_TR2,0.0025,2025-03-16T23:00:00.000Z,2025-12-29T00:00:00.000Z,-1275.15826,-285.49831,FCF25055AEC9B58FA096C1D26448CA1C01BD4208F2E09C217CD06FF8105F57CB
RAW_HEDGED_GRID_T100_S020_EURUSD_TAIL_TRAIL_SMOKE_TAIL025_A2_TR2,0.0025,2025-03-16T23:00:00.000Z,2026-01-19T00:00:00.000Z,-1224.633802,-234.973852,032D6CCB799483E283259CE87E9AFB568E25672F9D22748B4B1FCB39E27CD72D
RAW_HEDGED_GRID_T100_S020_EURUSD_TAIL_TRAIL_SMOKE_TAIL025_A2_TR2,0.0025,2025-03-16T23:00:00.000Z,2026-02-23T00:00:00.000Z,-1206.146669,-216.486719,930ABAA67619D721C54E93999B62C7119D2D1D6A9C9A925CA859639EA9A9A2E5
RAW_HEDGED_GRID_T100_S020_EURUSD_TAIL_TRAIL_SMOKE_TAIL025_A2_TR2,0.0025,2025-03-16T23:00:00.000Z,2025-12-22T00:00:00.000Z,-1145.142555,-155.482605,792388CB3C08797F4E2CAFE622C67D5598E3A6BC61F80EA2A72F151EBF054533
RAW_HEDGED_GRID_T100_S020_EURUSD_TAIL_TRAIL_SMOKE_TAIL025_A2_TR2,0.0025,2025-03-16T23:00:00.000Z,2026-02-16T00:00:00.000Z,-1144.489221,-154.829271,A35139CAE5DC14BB7E88111BAF57937C8A7ACB9D57E6CA0CDB5E67BE1BA2B149
RAW_HEDGED_GRID_T100_S020_EURUSD_TAIL_TRAIL_SMOKE_TAIL025_A2_TR2,0.0025,2025-03-16T23:00:00.000Z,2025-12-08T00:00:00.000Z,-1113.60199,-123.94204,65F39BE60F0777032BAC9775A76B954C5C805434C6D334C6C68F344DFF94A620
RAW_HEDGED_GRID_T100_S020_EURUSD_TAIL_TRAIL_SMOKE_TAIL025_A2_TR2,0.0025,2025-03-16T23:00:00.000Z,2026-01-26T00:00:00.000Z,-1095.911004,-106.251054,C3C5A561C209A45EDAFBD2B8E8774EA1A52238C0F52AB57BD908B8700FC5D7AA
RAW_HEDGED_GRID_T100_S020_EURUSD_TAIL_TRAIL_SMOKE_TAIL025_A2_TR2,0.0025,2025-03-16T23:00:00.000Z,2025-12-15T00:00:00.000Z,-1041.132008,-51.472058,A2EF6FD1E097587FB5276B1DF903B0FBCEEFC74B4F360109864E6E268498ACD2
RAW_HEDGED_GRID_T100_S020_EURUSD_TAIL_TRAIL_SMOKE_TAIL025_A2_TR2,0.0025,2025-03-16T23:00:00.000Z,2026-04-26T23:00:00.000Z,-984.425939,5.234011,ADCAFA27C1D4992B540A3D5983B08A30B2312F8C77BF02E4BE0531FDB297A3FA
RAW_HEDGED_GRID_T100_S020_EURUSD_TAIL_TRAIL_SMOKE_TAIL025_A2_TR2,0.0025,2020-06-14T23:00:00.000Z,2021-02-22T00:00:00.000Z,-945.257947,-814.831404,AD58B10FB7FE72952374B52715EC324C2A38AE4FA3422C5F8A9C946EE7A16D3F
RAW_HEDGED_GRID_T100_S020_EURUSD_TAIL_TRAIL_SMOKE_TAIL025_A2_TR2,0.005,2025-03-16T23:00:00.000Z,2025-12-29T00:00:00.000Z,-1276.990764,-299.722595,C610BB0D321B245F060865147B773A3907DF61F0C32479D1D61CD5F80EB43548
RAW_HEDGED_GRID_T100_S020_EURUSD_TAIL_TRAIL_SMOKE_TAIL025_A2_TR2,0.005,2025-03-16T23:00:00.000Z,2026-01-19T00:00:00.000Z,-1226.648525,-249.380356,DDF62EB417BA732224FC929B90F74C2DF29D02D8EF5805DB95A65D1086581835
RAW_HEDGED_GRID_T100_S020_EURUSD_TAIL_TRAIL_SMOKE_TAIL025_A2_TR2,0.005,2025-03-16T23:00:00.000Z,2026-02-23T00:00:00.000Z,-1208.375985,-231.107816,2263711D4DEB935E570792859D69AF5FF9A4EAFC8ACB5C6D30592265A196CB44
RAW_HEDGED_GRID_T100_S020_EURUSD_TAIL_TRAIL_SMOKE_TAIL025_A2_TR2,0.005,2025-03-16T23:00:00.000Z,2025-12-22T00:00:00.000Z,-1146.88584,-169.617671,6E9FD616942C56F6807456E88800CFD7D4CD5D30A72B7957F3509C0159D7011B
RAW_HEDGED_GRID_T100_S020_EURUSD_TAIL_TRAIL_SMOKE_TAIL025_A2_TR2,0.005,2025-03-16T23:00:00.000Z,2026-02-16T00:00:00.000Z,-1146.669944,-169.401775,93F857A50E2B8A41544B5B4B0BB346FA15E0B86E865F3BBA28D31C0B7AB09B78
RAW_HEDGED_GRID_T100_S020_EURUSD_TAIL_TRAIL_SMOKE_TAIL025_A2_TR2,0.005,2025-03-16T23:00:00.000Z,2025-12-08T00:00:00.000Z,-1115.244212,-137.976043,97A408E1F91CAEDC2D09956813CC67439FA4AFF23CD3418FB70C2EE69DF1CCD5
RAW_HEDGED_GRID_T100_S020_EURUSD_TAIL_TRAIL_SMOKE_TAIL025_A2_TR2,0.005,2025-03-16T23:00:00.000Z,2026-01-26T00:00:00.000Z,-1098.059227,-120.791058,B4E4BA185EE5E0DD855EEFE38E84BC13C26294D30ED7E9E14280958705681000
RAW_HEDGED_GRID_T100_S020_EURUSD_TAIL_TRAIL_SMOKE_TAIL025_A2_TR2,0.005,2025-03-16T23:00:00.000Z,2025-12-15T00:00:00.000Z,-1042.847574,-65.579405,54C570024039E4CFA5168CC7C17D3BF9DFB8C7110A8323042BD7F59348E474E7
RAW_HEDGED_GRID_T100_S020_EURUSD_TAIL_TRAIL_SMOKE_TAIL025_A2_TR2,0.005,2025-03-16T23:00:00.000Z,2026-04-26T23:00:00.000Z,-986.830225,-9.562056,C3D8A71FB0031C04B6ECE487F9D4EBDF802E7325A5BC2D4741FCB72EDC4DBD51
RAW_HEDGED_GRID_T100_S020_EURUSD_TAIL_TRAIL_SMOKE_TAIL025_A2_TR2,0.005,2020-06-14T23:00:00.000Z,2021-02-22T00:00:00.000Z,-946.895641,-818.25829,CDE32E7A642F18BC28F6F61BFF0D60FA2BC1D310DD4BC2E73A97E3A4A746D3E9
RAW_HEDGED_GRID_T100_S020_EURUSD_TAIL_TRAIL_SMOKE_TAIL025_A2_TR2,0.01,2025-03-16T23:00:00.000Z,2025-12-29T00:00:00.000Z,-1280.655757,-328.171043,6B40297BF6A24316EDBCE5FA371D27A0488518B449803797277A03DC4E99B8A8
RAW_HEDGED_GRID_T100_S020_EURUSD_TAIL_TRAIL_SMOKE_TAIL025_A2_TR2,0.01,2025-03-16T23:00:00.000Z,2026-01-19T00:00:00.000Z,-1230.677955,-278.193241,3F489846095066F68F8F17DB142552857EC7449099A2A03A2E4A29D35320E709
RAW_HEDGED_GRID_T100_S020_EURUSD_TAIL_TRAIL_SMOKE_TAIL025_A2_TR2,0.01,2025-03-16T23:00:00.000Z,2026-02-23T00:00:00.000Z,-1212.834603,-260.349889,C39A103D3D051E53DD8CB02C31D91DD273FD5AE434802FC1E7507A97CE18667F
RAW_HEDGED_GRID_T100_S020_EURUSD_TAIL_TRAIL_SMOKE_TAIL025_A2_TR2,0.01,2025-03-16T23:00:00.000Z,2026-02-16T00:00:00.000Z,-1151.031374,-198.54666,645747F3256D367A73A6691CFA8A20ADF17ECF1114E2814C09C019F0F3DC1B80
RAW_HEDGED_GRID_T100_S020_EURUSD_TAIL_TRAIL_SMOKE_TAIL025_A2_TR2,0.01,2025-03-16T23:00:00.000Z,2025-12-22T00:00:00.000Z,-1150.372396,-197.887682,236B6B7E68C25A98CFCB0A17AD58C80ED7755A39C0BA4D93E5A743D86A41A998
RAW_HEDGED_GRID_T100_S020_EURUSD_TAIL_TRAIL_SMOKE_TAIL025_A2_TR2,0.01,2025-03-16T23:00:00.000Z,2025-12-08T00:00:00.000Z,-1118.528644,-166.04393,6286E7BFFD43463E0E9BAA294B41F2CC259934E8E1B6682C25F6C5DADAACDC83
RAW_HEDGED_GRID_T100_S020_EURUSD_TAIL_TRAIL_SMOKE_TAIL025_A2_TR2,0.01,2025-03-16T23:00:00.000Z,2026-01-26T00:00:00.000Z,-1102.355657,-149.870943,9604F8F7F4CD768DB7B829AB822ED2778A038B6B039D835EED57D4ABF9A1E371
RAW_HEDGED_GRID_T100_S020_EURUSD_TAIL_TRAIL_SMOKE_TAIL025_A2_TR2,0.01,2025-03-16T23:00:00.000Z,2025-12-15T00:00:00.000Z,-1046.278693,-93.793979,D9DAED8B694AAB714174DD29BEBBAF98FEEFA1C4B6543244B332035901806635
RAW_HEDGED_GRID_T100_S020_EURUSD_TAIL_TRAIL_SMOKE_TAIL025_A2_TR2,0.01,2025-03-16T23:00:00.000Z,2026-04-26T23:00:00.000Z,-991.63878,-39.154066,9732ABD65F58A3157B5975F2A13E5C9AA1CF844332E0AE8AAFC108695FC21A74
RAW_HEDGED_GRID_T100_S020_EURUSD_TAIL_TRAIL_SMOKE_TAIL025_A2_TR2,0.01,2020-06-14T23:00:00.000Z,2021-02-22T00:00:00.000Z,-950.171009,-825.112027,768A44580FEAA99E86D6E1324CFD0863191149159CF839F9DAB865941A211F72
RAW_HEDGED_GRID_T100_S020_EURUSD_TAIL_TRAIL_SMOKE_TAIL025_A2_TR2,0.02,2025-03-16T23:00:00.000Z,2025-12-29T00:00:00.000Z,-1287.985757,-385.068043,42963B8F7C5FE13D73D360C449CDFB56023C325478679C373CAE57BD3196A6ED
RAW_HEDGED_GRID_T100_S020_EURUSD_TAIL_TRAIL_SMOKE_TAIL025_A2_TR2,0.02,2025-03-16T23:00:00.000Z,2026-01-19T00:00:00.000Z,-1238.73683,-335.819116,5DF89E83DE5F0A34DF67CC1CB60A64AEF67119CECC1FA701A2CCF7C1D4CE8105
RAW_HEDGED_GRID_T100_S020_EURUSD_TAIL_TRAIL_SMOKE_TAIL025_A2_TR2,0.02,2025-03-16T23:00:00.000Z,2026-02-23T00:00:00.000Z,-1221.751853,-318.834139,387638DBC7FF224CF63966362A3B92468478262F89F99F1EB09EE637ABA498A3
RAW_HEDGED_GRID_T100_S020_EURUSD_TAIL_TRAIL_SMOKE_TAIL025_A2_TR2,0.02,2025-03-16T23:00:00.000Z,2026-02-16T00:00:00.000Z,-1159.754249,-256.836535,2895915294B6C6CC49854436D7FAD5D7A47D148C8C528E8DA28E5BA336B05025
RAW_HEDGED_GRID_T100_S020_EURUSD_TAIL_TRAIL_SMOKE_TAIL025_A2_TR2,0.02,2025-03-16T23:00:00.000Z,2025-12-22T00:00:00.000Z,-1157.345521,-254.427807,E468DF655F5ED8B7D9F8C26F44ECC321DFF43594C88C6CFE35EB08C03C18D338
RAW_HEDGED_GRID_T100_S020_EURUSD_TAIL_TRAIL_SMOKE_TAIL025_A2_TR2,0.02,2025-03-16T23:00:00.000Z,2025-12-08T00:00:00.000Z,-1125.097519,-222.179805,33DFE09837511D7BB41780972555976B88573FB425151305FDF69E0A30D29001
RAW_HEDGED_GRID_T100_S020_EURUSD_TAIL_TRAIL_SMOKE_TAIL025_A2_TR2,0.02,2025-03-16T23:00:00.000Z,2026-01-26T00:00:00.000Z,-1110.948532,-208.030818,DB457D7F3050C00CA802CB17F73B805A4079F3C138D70DD1CA646617D4D5E561
RAW_HEDGED_GRID_T100_S020_EURUSD_TAIL_TRAIL_SMOKE_TAIL025_A2_TR2,0.02,2025-03-16T23:00:00.000Z,2025-12-15T00:00:00.000Z,-1053.140943,-150.223229,58674B40BE888ADA22E5AA5B62FF69D1381223C79FC18D554915CF6E01D9CF5C
RAW_HEDGED_GRID_T100_S020_EURUSD_TAIL_TRAIL_SMOKE_TAIL025_A2_TR2,0.02,2025-03-16T23:00:00.000Z,2026-04-26T23:00:00.000Z,-1001.255905,-98.338191,933FB28BA92E7171B7EA42D098AA415DCEDF6C01CC3F44527DD3BC3CDEEF1CDA
RAW_HEDGED_GRID_T100_S020_EURUSD_TAIL_TRAIL_SMOKE_TAIL025_A2_TR2,0.02,2020-06-14T23:00:00.000Z,2021-02-22T00:00:00.000Z,-956.721759,-838.819527,92F99DB6F4F0539914581E2B73F011F06F69FAE690AD6EA1508505264A506062
RAW_HEDGED_GRID_T100_S020_EURUSD_TAIL_TRAIL_SMOKE_TAIL025_A2_TR2,0.05,2025-03-16T23:00:00.000Z,2025-12-29T00:00:00.000Z,-1309.975757,-555.759043,F0C6B1289C6F28C04A640B5EA22E656794F78A145F7CE80C0C740BE9A4118874
RAW_HEDGED_GRID_T100_S020_EURUSD_TAIL_TRAIL_SMOKE_TAIL025_A2_TR2,0.05,2025-03-16T23:00:00.000Z,2026-01-19T00:00:00.000Z,-1262.913455,-508.696741,8FAA944A1D707BB06A27E6350956DF2AEEB1969D4BD226136527629CB719CF3E
RAW_HEDGED_GRID_T100_S020_EURUSD_TAIL_TRAIL_SMOKE_TAIL025_A2_TR2,0.05,2025-03-16T23:00:00.000Z,2026-02-23T00:00:00.000Z,-1248.503603,-494.286889,A4B7F6803C78C8BC68B1C815CD855E1DFF0CFF12245E1AE57247138678BC3AD1
RAW_HEDGED_GRID_T100_S020_EURUSD_TAIL_TRAIL_SMOKE_TAIL025_A2_TR2,0.05,2025-03-16T23:00:00.000Z,2026-02-16T00:00:00.000Z,-1185.922874,-431.70616,479F6D3404A463BCB58E01A3F7872483262AB8DFBE7AB5759AD54498D3F8FA2B
RAW_HEDGED_GRID_T100_S020_EURUSD_TAIL_TRAIL_SMOKE_TAIL025_A2_TR2,0.05,2025-03-16T23:00:00.000Z,2025-12-22T00:00:00.000Z,-1178.264896,-424.048182,2E9B8FB2D02E2948963F5F19272CC21F4D44C712665B856D53FE968A397E0F9D
RAW_HEDGED_GRID_T100_S020_EURUSD_TAIL_TRAIL_SMOKE_TAIL025_A2_TR2,0.05,2025-03-16T23:00:00.000Z,2025-12-08T00:00:00.000Z,-1144.804144,-390.58743,C737EC8F5A5A7E7CC8B13D99DEE288DF47A62AB2C91C4053B956976D12FB3BC2
RAW_HEDGED_GRID_T100_S020_EURUSD_TAIL_TRAIL_SMOKE_TAIL025_A2_TR2,0.05,2025-03-16T23:00:00.000Z,2026-01-26T00:00:00.000Z,-1136.727157,-382.510443,09717A558F10AD677F5833AABE76C7F691BF6BFFFABE5044D44B184C721C2297
RAW_HEDGED_GRID_T100_S020_EURUSD_TAIL_TRAIL_SMOKE_TAIL025_A2_TR2,0.05,2025-03-16T23:00:00.000Z,2025-12-15T00:00:00.000Z,-1073.727693,-319.510979,3A6BC90EF0F81A2803B3439C9DCAD76B1642A5AFC0C80B5E2C57BFF7FBCD1144
RAW_HEDGED_GRID_T100_S020_EURUSD_TAIL_TRAIL_SMOKE_TAIL025_A2_TR2,0.05,2025-03-16T23:00:00.000Z,2026-04-26T23:00:00.000Z,-1030.10728,-275.890566,AE0FF347724402CFEE000ED2404BA22F6409D395FEB947EF5FB52CFCF6E71559
RAW_HEDGED_GRID_T100_S020_EURUSD_TAIL_TRAIL_SMOKE_TAIL025_A2_TR2,0.05,2020-05-17T23:00:00.000Z,2021-02-22T00:00:00.000Z,-977.658967,-879.942027,A295EE1223B2B44AD29C9273320351A71EE75AF1CE823A07C63F4838ADB69AE1
RAW_HEDGED_GRID_T100_S020_EURUSD_TAIL_TRAIL_SMOKE_TAIL025_A2_TR2,0.1,2025-03-16T23:00:00.000Z,2025-12-29T00:00:00.000Z,-1346.625757,-840.244043,80E88D060EF9141D0BF1489B8BBA2CDF3872577A560C3776D26AD8FC56F17B45
RAW_HEDGED_GRID_T100_S020_EURUSD_TAIL_TRAIL_SMOKE_TAIL025_A2_TR2,0.1,2025-03-16T23:00:00.000Z,2026-01-19T00:00:00.000Z,-1303.20783,-796.826116,D41A11ABB766829A0BD8784CD9B9B6A3D5FEEB83CBA6362F500126880116B6A9
RAW_HEDGED_GRID_T100_S020_EURUSD_TAIL_TRAIL_SMOKE_TAIL025_A2_TR2,0.1,2025-03-16T23:00:00.000Z,2026-02-23T00:00:00.000Z,-1293.089853,-786.708139,6130E4FA3A178EF16542E1AFBC2FB2DFC17A3F715103014D68013781490DE13D
RAW_HEDGED_GRID_T100_S020_EURUSD_TAIL_TRAIL_SMOKE_TAIL025_A2_TR2,0.1,2025-03-16T23:00:00.000Z,2026-02-16T00:00:00.000Z,-1229.537249,-723.155535,246C9A6F8C9E8BEDD121E5F277F21A38A3B6AE8A99F688F9D00189A715ABE442
RAW_HEDGED_GRID_T100_S020_EURUSD_TAIL_TRAIL_SMOKE_TAIL025_A2_TR2,0.1,2025-03-16T23:00:00.000Z,2025-12-22T00:00:00.000Z,-1213.130521,-706.748807,6C5576C2DD4D2B31A6DC4ED4949AC863CF66AD691365C1AEA0D58175C264622A
RAW_HEDGED_GRID_T100_S020_EURUSD_TAIL_TRAIL_SMOKE_TAIL025_A2_TR2,0.1,2025-03-16T23:00:00.000Z,2026-01-26T00:00:00.000Z,-1179.691532,-673.309818,5B5E236F67384A22649FD1BF9EF24B4FFC4229051738D985012C9CED87EADA87
RAW_HEDGED_GRID_T100_S020_EURUSD_TAIL_TRAIL_SMOKE_TAIL025_A2_TR2,0.1,2025-03-16T23:00:00.000Z,2025-12-08T00:00:00.000Z,-1177.648519,-671.266805,D92CAC26532BAAD915AB2C6D091471CB10595148D829D66C063ADD309B9F8196
RAW_HEDGED_GRID_T100_S020_EURUSD_TAIL_TRAIL_SMOKE_TAIL025_A2_TR2,0.1,2025-03-16T23:00:00.000Z,2025-12-15T00:00:00.000Z,-1108.038943,-601.657229,89BBB6D9D25B02F042DC23CA272DDDB67D5D3566698FCEE9A471F4AB716E4737
RAW_HEDGED_GRID_T100_S020_EURUSD_TAIL_TRAIL_SMOKE_TAIL025_A2_TR2,0.1,2025-03-16T23:00:00.000Z,2026-04-26T23:00:00.000Z,-1078.192905,-571.811191,8C5AD6CB784B162968E12CB3CCA5FD5780EB4D2EE0980D54873E711FA31605C0
RAW_HEDGED_GRID_T100_S020_EURUSD_TAIL_TRAIL_SMOKE_TAIL025_A2_TR2,0.1,2025-03-16T23:00:00.000Z,2026-05-03T23:00:00.000Z,-1020.289762,-513.908048,EC79C4A1FDB2FAA5EDD7844CB8C7C4AFE9789EB5ED2EEE775840503C001ECAB2
RAW_HEDGED_GRID_T100_S020_EURUSD_TAIL_TRAIL_SMOKE_TAIL025_A2_TR2,0.2,2024-05-05T23:00:00.000Z,2025-12-29T00:00:00.000Z,-1441.571558,-1409.214043,93AD99F2457121A87A7C332C88E0AF6B66FCDF63BF707FE017CB57E8A646185B
RAW_HEDGED_GRID_T100_S020_EURUSD_TAIL_TRAIL_SMOKE_TAIL025_A2_TR2,0.2,2024-05-05T23:00:00.000Z,2026-01-19T00:00:00.000Z,-1405.442381,-1373.084866,D875B369E46DD29685C4C911F30CA8392A61E1E126A37A2C6B563F85185FC5C1
RAW_HEDGED_GRID_T100_S020_EURUSD_TAIL_TRAIL_SMOKE_TAIL025_A2_TR2,0.2,2024-05-05T23:00:00.000Z,2026-02-23T00:00:00.000Z,-1403.908154,-1371.550639,E9607E3B02D01BAF9978620E60B4A1D44BADBB866A0DD6B7C275DC8146BB8196
RAW_HEDGED_GRID_T100_S020_EURUSD_TAIL_TRAIL_SMOKE_TAIL025_A2_TR2,0.2,2024-05-05T23:00:00.000Z,2026-02-16T00:00:00.000Z,-1338.4118,-1306.054285,C6C1D38AEC7F3FFBB7055BD8539BCAAB7BF7D71C6FC8C80410110A2FCD9E74BB
RAW_HEDGED_GRID_T100_S020_EURUSD_TAIL_TRAIL_SMOKE_TAIL025_A2_TR2,0.2,2024-05-05T23:00:00.000Z,2025-12-22T00:00:00.000Z,-1304.507572,-1272.150057,2777A661936C9F50B215B2C98EAE3DEFF61A7438ED49D6D58740F9E1F2DB5D58
RAW_HEDGED_GRID_T100_S020_EURUSD_TAIL_TRAIL_SMOKE_TAIL025_A2_TR2,0.2,2024-05-05T23:00:00.000Z,2026-01-26T00:00:00.000Z,-1287.266083,-1254.908568,22F90CB194058131EBABF2239BB97536352DC583B9D7917CEB5D68B1EB385F5F
RAW_HEDGED_GRID_T100_S020_EURUSD_TAIL_TRAIL_SMOKE_TAIL025_A2_TR2,0.2,2024-05-05T23:00:00.000Z,2025-12-08T00:00:00.000Z,-1264.98307,-1232.625555,7E1A75BFABCA8EFA743915BDE30A07CAF4BBBB825B2C69E5BB6F5606CAE502D7
RAW_HEDGED_GRID_T100_S020_EURUSD_TAIL_TRAIL_SMOKE_TAIL025_A2_TR2,0.2,2024-05-05T23:00:00.000Z,2025-12-15T00:00:00.000Z,-1198.307244,-1165.949729,2C1496432C09FC01CC5B46C242A3513B7F183B2346FD2E77221B5449B65B266F
RAW_HEDGED_GRID_T100_S020_EURUSD_TAIL_TRAIL_SMOKE_TAIL025_A2_TR2,0.2,2024-05-05T23:00:00.000Z,2026-04-26T23:00:00.000Z,-1196.009956,-1163.652441,021EEB4646829F12F799B57B593D36C06A93AACDAFB08B65EC93C876313BEAC3
RAW_HEDGED_GRID_T100_S020_EURUSD_TAIL_TRAIL_SMOKE_TAIL025_A2_TR2,0.2,2024-05-05T23:00:00.000Z,2026-05-03T23:00:00.000Z,-1139.903063,-1107.545548,C43FFE803EE553E470BF5A0F8CB846CA88C096E3985476304C60A7F611CB7AD4
RAW_HEDGED_GRID_T100_S020_EURUSD_TAIL_TRAIL_SMOKE_TAIL025_A2_TR2,0.5,,2026-02-23T00:00:00.000Z,-3126.078139,-3126.078139,DF1560F7D05A3FC24D1FBA9A82EEDDC96517385A9A62F677365AA135A5406640
RAW_HEDGED_GRID_T100_S020_EURUSD_TAIL_TRAIL_SMOKE_TAIL025_A2_TR2,0.5,,2025-12-29T00:00:00.000Z,-3116.124043,-3116.124043,6A1FB73C88F16C55FAE1C7BF8685112ED79785ED97AEA04C7A07537C61A7D86F
RAW_HEDGED_GRID_T100_S020_EURUSD_TAIL_TRAIL_SMOKE_TAIL025_A2_TR2,0.5,,2026-01-19T00:00:00.000Z,-3101.861116,-3101.861116,94A7A8F44E660FB38DAC1FA40EC7EBA1061522B9E60AA4D4E70FF1BB3630FE10
RAW_HEDGED_GRID_T100_S020_EURUSD_TAIL_TRAIL_SMOKE_TAIL025_A2_TR2,0.5,,2026-02-16T00:00:00.000Z,-3054.750535,-3054.750535,585698A8F27E6FC80D8DD8A857B76CB7D851F82951E131BF0ECE97E81EF83D01
RAW_HEDGED_GRID_T100_S020_EURUSD_TAIL_TRAIL_SMOKE_TAIL025_A2_TR2,0.5,,2026-01-26T00:00:00.000Z,-2999.704818,-2999.704818,4212C3432346B7BB093F9F0F39B31B3035DC6A1AFD598422A1B94210D7D54FB3
RAW_HEDGED_GRID_T100_S020_EURUSD_TAIL_TRAIL_SMOKE_TAIL025_A2_TR2,0.5,,2025-12-22T00:00:00.000Z,-2968.353807,-2968.353807,AADB0AD534E7F9805E1478A54205363B79AA9AC24722F053F436AEFB9F69A66A
RAW_HEDGED_GRID_T100_S020_EURUSD_TAIL_TRAIL_SMOKE_TAIL025_A2_TR2,0.5,,2026-04-26T23:00:00.000Z,-2939.176191,-2939.176191,26E1B153A9DBF5BE0A47627F1E8EC8CEF6F4DBF25D4239ED4D10296023273567
RAW_HEDGED_GRID_T100_S020_EURUSD_TAIL_TRAIL_SMOKE_TAIL025_A2_TR2,0.5,,2025-12-08T00:00:00.000Z,-2916.701805,-2916.701805,E5CAB661708EFC0F0F8D0A421270D34FA99B77AFD6F4884E281C8A5891D57EF0
RAW_HEDGED_GRID_T100_S020_EURUSD_TAIL_TRAIL_SMOKE_TAIL025_A2_TR2,0.5,,2026-05-03T23:00:00.000Z,-2888.458048,-2888.458048,451F82D685E77D363A518B0060F2421CF23A23BD9C7C884EBC0BF90409FB3920
RAW_HEDGED_GRID_T100_S020_EURUSD_TAIL_TRAIL_SMOKE_TAIL025_A2_TR2,0.5,,2025-12-15T00:00:00.000Z,-2858.827229,-2858.827229,8124AD8B70C1F1C5F2E1ADDE2CF543D372DCDD0F2B51217C1D610F1D937FF42B
RAW_HEDGED_GRID_T100_S020_EURUSD_TAIL_TRAIL_SMOKE_TAIL025_A2_TR3,0,2025-03-16T23:00:00.000Z,2025-12-29T00:00:00.000Z,-1273.556347,-269.901041,4AB12F4270053CBD2FC70B9D94903D60C379CC21AE951B3C458F0FB271BC081A
RAW_HEDGED_GRID_T100_S020_EURUSD_TAIL_TRAIL_SMOKE_TAIL025_A2_TR3,0,2025-03-16T23:00:00.000Z,2026-01-19T00:00:00.000Z,-1222.627885,-218.972579,C85C3911A0707C54EE26E44E474DE6D6B2CA3CFA571F27F926ADEF7D69789FEE
RAW_HEDGED_GRID_T100_S020_EURUSD_TAIL_TRAIL_SMOKE_TAIL025_A2_TR3,0,2025-03-16T23:00:00.000Z,2026-02-23T00:00:00.000Z,-1202.531168,-198.875862,4DBCBF418B63E7B75B39BA4F09327F85A973E273952100402159EAC622D41C98
RAW_HEDGED_GRID_T100_S020_EURUSD_TAIL_TRAIL_SMOKE_TAIL025_A2_TR3,0,2025-03-16T23:00:00.000Z,2025-12-22T00:00:00.000Z,-1143.568961,-139.913655,2702321DEB78C46821346B0053E52795783B21F904E68355AB21D1449D85B293
RAW_HEDGED_GRID_T100_S020_EURUSD_TAIL_TRAIL_SMOKE_TAIL025_A2_TR3,0,2025-03-16T23:00:00.000Z,2026-02-16T00:00:00.000Z,-1140.877458,-137.222152,5DC646F1AF5A18F2A77D7DFC87D604B806514E7EB5603EEDDCA5D1F529DFFE63
RAW_HEDGED_GRID_T100_S020_EURUSD_TAIL_TRAIL_SMOKE_TAIL025_A2_TR3,0,2025-03-16T23:00:00.000Z,2025-12-08T00:00:00.000Z,-1112.193879,-108.538573,1095EF24EDA0A4EA1B335203A27E37F9E3EE19960D4DB3A9E27E971771694DC1
RAW_HEDGED_GRID_T100_S020_EURUSD_TAIL_TRAIL_SMOKE_TAIL025_A2_TR3,0,2025-03-16T23:00:00.000Z,2026-01-26T00:00:00.000Z,-1092.308365,-88.653059,8E6535611D0A9FA8E36FF2BBCD17286A4E96D04650FEC6C47CACE1C43DAC30FD
RAW_HEDGED_GRID_T100_S020_EURUSD_TAIL_TRAIL_SMOKE_TAIL025_A2_TR3,0,2025-03-16T23:00:00.000Z,2025-12-15T00:00:00.000Z,-1039.63259,-35.977284,46439C1783F9A6A8CD9250C0F5EB85C586D8B17B2BE30C532AC49F75E3A66D22
RAW_HEDGED_GRID_T100_S020_EURUSD_TAIL_TRAIL_SMOKE_TAIL025_A2_TR3,0,2025-03-16T23:00:00.000Z,2026-04-26T23:00:00.000Z,-980.812196,22.84311,CF10CF3A41D0E9260CB0C2E7C44E7C8DA9DCC158796A7E70A02915D048AD693B
RAW_HEDGED_GRID_T100_S020_EURUSD_TAIL_TRAIL_SMOKE_TAIL025_A2_TR3,0,2020-06-14T23:00:00.000Z,2021-02-22T00:00:00.000Z,-944.234164,-808.380967,195BDC896C7F28B2C61DF65AE1B5D15185289D1F7BF3AE22AAC79724C93621F9
RAW_HEDGED_GRID_T100_S020_EURUSD_TAIL_TRAIL_SMOKE_TAIL025_A2_TR3,0.0025,2025-03-16T23:00:00.000Z,2025-12-29T00:00:00.000Z,-1275.388851,-284.125315,BF1F797AB223039AD028D09677AC71B68398B5E7A2954B2A0ED6BC58FA90A0CA
RAW_HEDGED_GRID_T100_S020_EURUSD_TAIL_TRAIL_SMOKE_TAIL025_A2_TR3,0.0025,2025-03-16T23:00:00.000Z,2026-01-19T00:00:00.000Z,-1224.642608,-233.379072,EB0330920B98A853AD03BCCE20D94CD55890C3031475C236A7A41AD22AF60BD2
RAW_HEDGED_GRID_T100_S020_EURUSD_TAIL_TRAIL_SMOKE_TAIL025_A2_TR3,0.0025,2025-03-16T23:00:00.000Z,2026-02-23T00:00:00.000Z,-1204.760485,-213.496949,12AC30E0B4273D9CF66AA0822FA19A2EE10405BB88954EC6F96FE11DDAC3688D
RAW_HEDGED_GRID_T100_S020_EURUSD_TAIL_TRAIL_SMOKE_TAIL025_A2_TR3,0.0025,2025-03-16T23:00:00.000Z,2025-12-22T00:00:00.000Z,-1145.312152,-154.048616,99046F91F4A460F0B65615C9CC2789CDD48CF17D30CF671102CBE4D960FB6ECF
RAW_HEDGED_GRID_T100_S020_EURUSD_TAIL_TRAIL_SMOKE_TAIL025_A2_TR3,0.0025,2025-03-16T23:00:00.000Z,2026-02-16T00:00:00.000Z,-1143.058181,-151.794645,EB7B38E2599CAE0D0F4035EC11668B5941EC966DB1F05FC956022B6826013E26
RAW_HEDGED_GRID_T100_S020_EURUSD_TAIL_TRAIL_SMOKE_TAIL025_A2_TR3,0.0025,2025-03-16T23:00:00.000Z,2025-12-08T00:00:00.000Z,-1113.83582,-122.572284,E8F85D76FB4BC46D5A54FEE505650C5995C4E082AB404F1354D777A2B6F380A8
RAW_HEDGED_GRID_T100_S020_EURUSD_TAIL_TRAIL_SMOKE_TAIL025_A2_TR3,0.0025,2025-03-16T23:00:00.000Z,2026-01-26T00:00:00.000Z,-1094.456588,-103.193052,3324F844C1206AC4C7AACD49C84C30311ED57E205317BE0FF332D57CD637F059
RAW_HEDGED_GRID_T100_S020_EURUSD_TAIL_TRAIL_SMOKE_TAIL025_A2_TR3,0.0025,2025-03-16T23:00:00.000Z,2025-12-15T00:00:00.000Z,-1041.348156,-50.08462,AD28CCE8976644EE1906AD5CD8BF3A69A4A03A8F34D2B5DE614CDC29A96B7008
RAW_HEDGED_GRID_T100_S020_EURUSD_TAIL_TRAIL_SMOKE_TAIL025_A2_TR3,0.0025,2025-03-16T23:00:00.000Z,2026-04-26T23:00:00.000Z,-983.216482,8.047054,665C9D2E77DB6AC2F80D7187085ADE9606CCEE9E70FF4F9A64BCDC09F3A0C193
RAW_HEDGED_GRID_T100_S020_EURUSD_TAIL_TRAIL_SMOKE_TAIL025_A2_TR3,0.0025,2020-06-14T23:00:00.000Z,2021-02-22T00:00:00.000Z,-945.871854,-811.807848,D27BAC27327B8DE5B5FFCA11CE4D9C7DFC57FE66D992B75E92FB159BF38BBD65
RAW_HEDGED_GRID_T100_S020_EURUSD_TAIL_TRAIL_SMOKE_TAIL025_A2_TR3,0.005,2025-03-16T23:00:00.000Z,2025-12-29T00:00:00.000Z,-1277.221353,-298.34959,5F8635AE058315A1F739DB362768F5577A628A849F9512B0CAC311C997A73806
RAW_HEDGED_GRID_T100_S020_EURUSD_TAIL_TRAIL_SMOKE_TAIL025_A2_TR3,0.005,2025-03-16T23:00:00.000Z,2026-01-19T00:00:00.000Z,-1226.657329,-247.785566,482461A653622010E6EDB32FD6389556B34B4AEA5DF2B2F70EDCE21CA337957C
RAW_HEDGED_GRID_T100_S020_EURUSD_TAIL_TRAIL_SMOKE_TAIL025_A2_TR3,0.005,2025-03-16T23:00:00.000Z,2026-02-23T00:00:00.000Z,-1206.989799,-228.118036,CC0820E6E9FF6B0BF9C85BCF34470B110BF5ABD0E6AB8A7875B9E264E9130990
RAW_HEDGED_GRID_T100_S020_EURUSD_TAIL_TRAIL_SMOKE_TAIL025_A2_TR3,0.005,2025-03-16T23:00:00.000Z,2025-12-22T00:00:00.000Z,-1147.055342,-168.183579,1F0D67FFACDEC4CF668299E09938C180D62D4B1637951948A9CA7A36E2A53274
RAW_HEDGED_GRID_T100_S020_EURUSD_TAIL_TRAIL_SMOKE_TAIL025_A2_TR3,0.005,2025-03-16T23:00:00.000Z,2026-02-16T00:00:00.000Z,-1145.238902,-166.367139,5CA21D4B1D0E21F5EDF9A3FE436D1D2EA9F088476937473ACDFA91AD7595C626
RAW_HEDGED_GRID_T100_S020_EURUSD_TAIL_TRAIL_SMOKE_TAIL025_A2_TR3,0.005,2025-03-16T23:00:00.000Z,2025-12-08T00:00:00.000Z,-1115.47776,-136.605997,1D49C922AB10DE3118B9EFC2F064E1FB528B429A17D157EF9A801AF14C831F61
RAW_HEDGED_GRID_T100_S020_EURUSD_TAIL_TRAIL_SMOKE_TAIL025_A2_TR3,0.005,2025-03-16T23:00:00.000Z,2026-01-26T00:00:00.000Z,-1096.604809,-117.733046,8AC9C151A2457D5737C357218E88D514F8E89D8305033B53A2123679A096254E
RAW_HEDGED_GRID_T100_S020_EURUSD_TAIL_TRAIL_SMOKE_TAIL025_A2_TR3,0.005,2025-03-16T23:00:00.000Z,2025-12-15T00:00:00.000Z,-1043.063721,-64.191958,72C31C5871DFF13FAD1AE7A66E3588A187996DA651A160578563FA3C2E22EA25
RAW_HEDGED_GRID_T100_S020_EURUSD_TAIL_TRAIL_SMOKE_TAIL025_A2_TR3,0.005,2025-03-16T23:00:00.000Z,2026-04-26T23:00:00.000Z,-985.620765,-6.749002,FF088DBD3A484E140E1569BAE5C639DAFBAA6503EEB558311A050C9476F62B41
RAW_HEDGED_GRID_T100_S020_EURUSD_TAIL_TRAIL_SMOKE_TAIL025_A2_TR3,0.005,2020-06-14T23:00:00.000Z,2021-02-22T00:00:00.000Z,-947.509546,-815.23473,27C190717D234EAD7F9E51F5FDF1592D820C8612E638F8A1207A360AD0796C91
RAW_HEDGED_GRID_T100_S020_EURUSD_TAIL_TRAIL_SMOKE_TAIL025_A2_TR3,0.01,2025-03-16T23:00:00.000Z,2025-12-29T00:00:00.000Z,-1280.886347,-326.798041,9ECC094671A08E49BA3ABF7968EF4CBC34F568A11642DF415BDE452B1C580652
RAW_HEDGED_GRID_T100_S020_EURUSD_TAIL_TRAIL_SMOKE_TAIL025_A2_TR3,0.01,2025-03-16T23:00:00.000Z,2026-01-19T00:00:00.000Z,-1230.68676,-276.598454,8F9723BD0757D8AA0153E8C7A329BA7245F7618B66182249D24615EDFC34079C
RAW_HEDGED_GRID_T100_S020_EURUSD_TAIL_TRAIL_SMOKE_TAIL025_A2_TR3,0.01,2025-03-16T23:00:00.000Z,2026-02-23T00:00:00.000Z,-1211.448418,-257.360112,5BA67E8DABDCCBCCBE2D64B4602D9BCCA0EA9BAF7E9905A5C25291DCC6640FBE
RAW_HEDGED_GRID_T100_S020_EURUSD_TAIL_TRAIL_SMOKE_TAIL025_A2_TR3,0.01,2025-03-16T23:00:00.000Z,2025-12-22T00:00:00.000Z,-1150.541711,-196.453405,4D19D12FE0FBF47E4B6F7E15158E212B750147F72E292471C1BD0DC8DDEAF40D
RAW_HEDGED_GRID_T100_S020_EURUSD_TAIL_TRAIL_SMOKE_TAIL025_A2_TR3,0.01,2025-03-16T23:00:00.000Z,2026-02-16T00:00:00.000Z,-1149.600333,-195.512027,E0C296B47A404B105CC729AD36548AA7AD840820950CEA322C035DB2B2D81350
RAW_HEDGED_GRID_T100_S020_EURUSD_TAIL_TRAIL_SMOKE_TAIL025_A2_TR3,0.01,2025-03-16T23:00:00.000Z,2025-12-08T00:00:00.000Z,-1118.761629,-164.673323,774B5BB864B40301920C6DC6B62CDF8B2502553D8E0723C333C89684F3F88B2D
RAW_HEDGED_GRID_T100_S020_EURUSD_TAIL_TRAIL_SMOKE_TAIL025_A2_TR3,0.01,2025-03-16T23:00:00.000Z,2026-01-26T00:00:00.000Z,-1100.90124,-146.812934,A7922E87FFCF2663950CA71EADD42657CC2C5E9AE478EC8CBA16E20C8C49740B
RAW_HEDGED_GRID_T100_S020_EURUSD_TAIL_TRAIL_SMOKE_TAIL025_A2_TR3,0.01,2025-03-16T23:00:00.000Z,2025-12-15T00:00:00.000Z,-1046.49484,-92.406534,12FF7D556D85DDF69806E288F28F61E8DED1EF094C12C11DC8A112C6E31A6693
RAW_HEDGED_GRID_T100_S020_EURUSD_TAIL_TRAIL_SMOKE_TAIL025_A2_TR3,0.01,2025-03-16T23:00:00.000Z,2026-04-26T23:00:00.000Z,-990.429321,-36.341015,A124E8E2C6D74F3E2463BC37A69B777992CEB0FD03226D344FE219F15CECD7AA
RAW_HEDGED_GRID_T100_S020_EURUSD_TAIL_TRAIL_SMOKE_TAIL025_A2_TR3,0.01,2020-06-14T23:00:00.000Z,2021-02-22T00:00:00.000Z,-950.784914,-822.088467,8661F50574C90E55FF9F92E1E19611738D7B66E7461C3C283A533D2A7A793D68
RAW_HEDGED_GRID_T100_S020_EURUSD_TAIL_TRAIL_SMOKE_TAIL025_A2_TR3,0.02,2025-03-16T23:00:00.000Z,2025-12-29T00:00:00.000Z,-1288.216347,-383.695041,EC18FDD3F72DDA8E039B886DFC93D292320D5B0A7C17B09C95F3F528A8F95371
RAW_HEDGED_GRID_T100_S020_EURUSD_TAIL_TRAIL_SMOKE_TAIL025_A2_TR3,0.02,2025-03-16T23:00:00.000Z,2026-01-19T00:00:00.000Z,-1238.745635,-334.224329,B79316191888D52007309DB00F54CFF6282E75CC47713C8E68C754F876E81F2D
RAW_HEDGED_GRID_T100_S020_EURUSD_TAIL_TRAIL_SMOKE_TAIL025_A2_TR3,0.02,2025-03-16T23:00:00.000Z,2026-02-23T00:00:00.000Z,-1220.365668,-315.844362,3EEBC315F16F98A165DB8F714258C9A0BE70FC231556898BBFA34B0FA111EB69
RAW_HEDGED_GRID_T100_S020_EURUSD_TAIL_TRAIL_SMOKE_TAIL025_A2_TR3,0.02,2025-03-16T23:00:00.000Z,2026-02-16T00:00:00.000Z,-1158.323208,-253.801902,0127300DDE697DC5F952C340EC66FDBEFA929919A99710DDD035255777B05384
RAW_HEDGED_GRID_T100_S020_EURUSD_TAIL_TRAIL_SMOKE_TAIL025_A2_TR3,0.02,2025-03-16T23:00:00.000Z,2025-12-22T00:00:00.000Z,-1157.514461,-252.993155,D84D7B71668FFC5C58D52A2DFABFDBA1356AED6EF26BD5EF142F12ABDDF94612
RAW_HEDGED_GRID_T100_S020_EURUSD_TAIL_TRAIL_SMOKE_TAIL025_A2_TR3,0.02,2025-03-16T23:00:00.000Z,2025-12-08T00:00:00.000Z,-1125.329379,-220.808073,5AA445A368EFEF89DDB23600E50D11DFA4136036F549C54101AFEA5784009072
RAW_HEDGED_GRID_T100_S020_EURUSD_TAIL_TRAIL_SMOKE_TAIL025_A2_TR3,0.02,2025-03-16T23:00:00.000Z,2026-01-26T00:00:00.000Z,-1109.494115,-204.972809,0A3C6AA72F6A30303F397557FE7CB7CC04769413BA0E5C1B5C4FDEDFF11AB13D
RAW_HEDGED_GRID_T100_S020_EURUSD_TAIL_TRAIL_SMOKE_TAIL025_A2_TR3,0.02,2025-03-16T23:00:00.000Z,2025-12-15T00:00:00.000Z,-1053.35709,-148.835784,227451DF2F29372C48E68F6449F02691765268A1C72F98D66004902277FDF56E
RAW_HEDGED_GRID_T100_S020_EURUSD_TAIL_TRAIL_SMOKE_TAIL025_A2_TR3,0.02,2025-03-16T23:00:00.000Z,2026-04-26T23:00:00.000Z,-1000.046446,-95.52514,D14462BE0CC1D14F74BCE41A51D862F21372161AA8509CAB460140709E3C9F5F
RAW_HEDGED_GRID_T100_S020_EURUSD_TAIL_TRAIL_SMOKE_TAIL025_A2_TR3,0.02,2020-06-14T23:00:00.000Z,2021-02-22T00:00:00.000Z,-957.335664,-835.795967,5BE3C123B0BB1120044080BC96108F64FBD527CC8645A330C55409D03823C36D
RAW_HEDGED_GRID_T100_S020_EURUSD_TAIL_TRAIL_SMOKE_TAIL025_A2_TR3,0.05,2025-03-16T23:00:00.000Z,2025-12-29T00:00:00.000Z,-1310.206347,-554.386041,CD26DA1E72DE8D3BB861822EDB38D3FFD408BB68DB50E77B4A29CE89A949E102
RAW_HEDGED_GRID_T100_S020_EURUSD_TAIL_TRAIL_SMOKE_TAIL025_A2_TR3,0.05,2025-03-16T23:00:00.000Z,2026-01-19T00:00:00.000Z,-1262.92226,-507.101954,27589117CB949F12D664618A35A4EB6321D9480FA20B26A33EA677CE451945E3
RAW_HEDGED_GRID_T100_S020_EURUSD_TAIL_TRAIL_SMOKE_TAIL025_A2_TR3,0.05,2025-03-16T23:00:00.000Z,2026-02-23T00:00:00.000Z,-1247.117418,-491.297112,5A29C2A4120DFACE0DF306CA4F20F2B87FC33A5D70414C7F558E4E7EBD18D7DE
RAW_HEDGED_GRID_T100_S020_EURUSD_TAIL_TRAIL_SMOKE_TAIL025_A2_TR3,0.05,2025-03-16T23:00:00.000Z,2026-02-16T00:00:00.000Z,-1184.491833,-428.671527,4B8DF2D393D8C885478F316CEE331FB360BCAF964D813DE5BF29648039D8B4B4
RAW_HEDGED_GRID_T100_S020_EURUSD_TAIL_TRAIL_SMOKE_TAIL025_A2_TR3,0.05,2025-03-16T23:00:00.000Z,2025-12-22T00:00:00.000Z,-1178.432711,-422.612405,3796BE7DA1E6983CEC9DBFD51EE6867DD70F562D6D88D7A745418CA37BE0BFCD
RAW_HEDGED_GRID_T100_S020_EURUSD_TAIL_TRAIL_SMOKE_TAIL025_A2_TR3,0.05,2025-03-16T23:00:00.000Z,2025-12-08T00:00:00.000Z,-1145.032629,-389.212323,89FF9D6D5F660F077B952C2C6A3793447C96A1DC0314F4C300F1CEFF3C6CF0B0
RAW_HEDGED_GRID_T100_S020_EURUSD_TAIL_TRAIL_SMOKE_TAIL025_A2_TR3,0.05,2025-03-16T23:00:00.000Z,2026-01-26T00:00:00.000Z,-1135.27274,-379.452434,1EC00A72C27E3D6FEFD0DC90D239A7F7E815B34CDB217B12A73AA92A9BF9B5E0
RAW_HEDGED_GRID_T100_S020_EURUSD_TAIL_TRAIL_SMOKE_TAIL025_A2_TR3,0.05,2025-03-16T23:00:00.000Z,2025-12-15T00:00:00.000Z,-1073.94384,-318.123534,C257133B2E1F08259C50148EBA0CA212457F99E5C0262FBDE8DEC5EA718B9CD8
RAW_HEDGED_GRID_T100_S020_EURUSD_TAIL_TRAIL_SMOKE_TAIL025_A2_TR3,0.05,2025-03-16T23:00:00.000Z,2026-04-26T23:00:00.000Z,-1028.897821,-273.077515,9F79B783462DDE612622AB2D45F9B6B9BD3FCECD094C1F6754BD2CF8A35EAB9F
RAW_HEDGED_GRID_T100_S020_EURUSD_TAIL_TRAIL_SMOKE_TAIL025_A2_TR3,0.05,2020-06-14T23:00:00.000Z,2021-02-22T00:00:00.000Z,-976.987914,-876.918467,3AB2CDDBD813215C5239988FB8A881A24EF4CF18990CCACB61448E7BA82DEF05
RAW_HEDGED_GRID_T100_S020_EURUSD_TAIL_TRAIL_SMOKE_TAIL025_A2_TR3,0.1,2025-03-16T23:00:00.000Z,2025-12-29T00:00:00.000Z,-1346.856347,-838.871041,BA3DF7D8168F25B6DAFF8675C745FC75608A8B978220C504AD9B48FEB259DDA6
RAW_HEDGED_GRID_T100_S020_EURUSD_TAIL_TRAIL_SMOKE_TAIL025_A2_TR3,0.1,2025-03-16T23:00:00.000Z,2026-01-19T00:00:00.000Z,-1303.216635,-795.231329,E11C03997D936E539861D647EB735AD72EBCDC38CA59A05CBDBF97658297DDAF
RAW_HEDGED_GRID_T100_S020_EURUSD_TAIL_TRAIL_SMOKE_TAIL025_A2_TR3,0.1,2025-03-16T23:00:00.000Z,2026-02-23T00:00:00.000Z,-1291.703668,-783.718362,3A19AC6F9B2265D30101B0DE585713BDF8051109E48153CF6365F35A6962A6CB
RAW_HEDGED_GRID_T100_S020_EURUSD_TAIL_TRAIL_SMOKE_TAIL025_A2_TR3,0.1,2025-03-16T23:00:00.000Z,2026-02-16T00:00:00.000Z,-1228.106208,-720.120902,8E920535AC9614972160648E5E4763827724FC8E141390634AA9B34D70991FA9
RAW_HEDGED_GRID_T100_S020_EURUSD_TAIL_TRAIL_SMOKE_TAIL025_A2_TR3,0.1,2025-03-16T23:00:00.000Z,2025-12-22T00:00:00.000Z,-1213.296461,-705.311155,0D74503D0F33A44363802D0610AA9D10642E40F97E3CF50ED25C635616BBD748
RAW_HEDGED_GRID_T100_S020_EURUSD_TAIL_TRAIL_SMOKE_TAIL025_A2_TR3,0.1,2025-03-16T23:00:00.000Z,2026-01-26T00:00:00.000Z,-1178.237115,-670.251809,C65B47E3014D01DEBAE56CE3FDC226AB0B0B2EF2E310CBAA88C952872832249A
RAW_HEDGED_GRID_T100_S020_EURUSD_TAIL_TRAIL_SMOKE_TAIL025_A2_TR3,0.1,2025-03-16T23:00:00.000Z,2025-12-08T00:00:00.000Z,-1177.871379,-669.886073,41D16EA34842BAA9281A52CD2161AA29F8F1FDBEB26B445F4322544DCE42CFA6
RAW_HEDGED_GRID_T100_S020_EURUSD_TAIL_TRAIL_SMOKE_TAIL025_A2_TR3,0.1,2025-03-16T23:00:00.000Z,2025-12-15T00:00:00.000Z,-1108.25509,-600.269784,1E7C8C9E92BC3F203627AA52C28F78A1930A2FD64AFA7A3A2C20E1CBAD3F2136
RAW_HEDGED_GRID_T100_S020_EURUSD_TAIL_TRAIL_SMOKE_TAIL025_A2_TR3,0.1,2025-03-16T23:00:00.000Z,2026-04-26T23:00:00.000Z,-1076.983446,-568.99814,7CAF13DE5113D6A331B5F86A8B948C2522D008D680E9842CF2B98DA5046142CD
RAW_HEDGED_GRID_T100_S020_EURUSD_TAIL_TRAIL_SMOKE_TAIL025_A2_TR3,0.1,2025-03-16T23:00:00.000Z,2026-05-03T23:00:00.000Z,-1019.159023,-511.173717,57586E98570B671ED589ADBF52E9B58B00D5159192ADEAB62680E95BB0470285
RAW_HEDGED_GRID_T100_S020_EURUSD_TAIL_TRAIL_SMOKE_TAIL025_A2_TR3,0.2,2024-05-05T23:00:00.000Z,2025-12-29T00:00:00.000Z,-1443.101436,-1407.841041,E42581C09B2764644C646DFD9C764DF43B36E9D82033E592432A4C157DC65D60
RAW_HEDGED_GRID_T100_S020_EURUSD_TAIL_TRAIL_SMOKE_TAIL025_A2_TR3,0.2,2024-05-05T23:00:00.000Z,2026-01-19T00:00:00.000Z,-1406.750474,-1371.490079,61A65F9B48DE3771DFF3E93C50C3FB9F5A27C89CD84420B4E692914F1E69B546
RAW_HEDGED_GRID_T100_S020_EURUSD_TAIL_TRAIL_SMOKE_TAIL025_A2_TR3,0.2,2024-05-05T23:00:00.000Z,2026-02-23T00:00:00.000Z,-1403.821257,-1368.560862,5DD8B4AD4F2FF977D2413D9BE7DDA759182BBE3D4514B20A21BF3772B8EE75BA
RAW_HEDGED_GRID_T100_S020_EURUSD_TAIL_TRAIL_SMOKE_TAIL025_A2_TR3,0.2,2024-05-05T23:00:00.000Z,2026-02-16T00:00:00.000Z,-1338.280047,-1303.019652,16BE1BD781BFF0C621138D7BA1894BAD36F26F875C9AE0EAEF9914BE52CAEEC4
RAW_HEDGED_GRID_T100_S020_EURUSD_TAIL_TRAIL_SMOKE_TAIL025_A2_TR3,0.2,2024-05-05T23:00:00.000Z,2025-12-22T00:00:00.000Z,-1305.96905,-1270.708655,945A30704DC689C5CE42920E3A5C1853542F6FC38F6317B5B4F313669FB643A3
RAW_HEDGED_GRID_T100_S020_EURUSD_TAIL_TRAIL_SMOKE_TAIL025_A2_TR3,0.2,2024-05-05T23:00:00.000Z,2026-01-26T00:00:00.000Z,-1287.110954,-1251.850559,1DD197228B21EC0B1793EA27DFFE90348F5945E0DDB3A8F036B1E7B2E01FFF97
RAW_HEDGED_GRID_T100_S020_EURUSD_TAIL_TRAIL_SMOKE_TAIL025_A2_TR3,0.2,2024-05-05T23:00:00.000Z,2025-12-08T00:00:00.000Z,-1266.493968,-1231.233573,840F281960F72F79A26F519CDE25A855831EB65A676AF73799CD3788AE8ACE5B
RAW_HEDGED_GRID_T100_S020_EURUSD_TAIL_TRAIL_SMOKE_TAIL025_A2_TR3,0.2,2024-05-05T23:00:00.000Z,2025-12-15T00:00:00.000Z,-1199.822679,-1164.562284,F8C251F48855DBEAD98A49C4C5C6B1B8C688262794CA067E94847B25E328E32D
RAW_HEDGED_GRID_T100_S020_EURUSD_TAIL_TRAIL_SMOKE_TAIL025_A2_TR3,0.2,2024-05-05T23:00:00.000Z,2026-04-26T23:00:00.000Z,-1196.099785,-1160.83939,A620460C6D6B6D611E0A95C56F04544A6E5657AB555B6BFF6B51836B8E34DE65
RAW_HEDGED_GRID_T100_S020_EURUSD_TAIL_TRAIL_SMOKE_TAIL025_A2_TR3,0.2,2024-05-05T23:00:00.000Z,2026-05-03T23:00:00.000Z,-1140.071612,-1104.811217,218C20BAF4CCEC2161825A2E1C138E0AA9DC5529E62B3866A3B1392C0F0A0ED2
RAW_HEDGED_GRID_T100_S020_EURUSD_TAIL_TRAIL_SMOKE_TAIL025_A2_TR3,0.5,,2026-02-23T00:00:00.000Z,-3123.088362,-3123.088362,297484840ED8133CDBD4EC862007032735EB4B7AC298812D9A86817515F5F513
RAW_HEDGED_GRID_T100_S020_EURUSD_TAIL_TRAIL_SMOKE_TAIL025_A2_TR3,0.5,,2025-12-29T00:00:00.000Z,-3114.751041,-3114.751041,0851B3D5A752AD20D981CA6B2F4DE3D482BE825EF03006E0A48DBFD5ADDEAF36
RAW_HEDGED_GRID_T100_S020_EURUSD_TAIL_TRAIL_SMOKE_TAIL025_A2_TR3,0.5,,2026-01-19T00:00:00.000Z,-3100.266329,-3100.266329,871B2EF2868E3661A4A3058F6B0914D7BE9A977733D275B95EBE0AC39F7A608E
RAW_HEDGED_GRID_T100_S020_EURUSD_TAIL_TRAIL_SMOKE_TAIL025_A2_TR3,0.5,,2026-02-16T00:00:00.000Z,-3051.715902,-3051.715902,5AC446A31793E0E7EB31E680925C04140B45F49C0ABCE7F76597D3DD9E221C81
RAW_HEDGED_GRID_T100_S020_EURUSD_TAIL_TRAIL_SMOKE_TAIL025_A2_TR3,0.5,,2026-01-26T00:00:00.000Z,-2996.646809,-2996.646809,01C6B0EBB28AA6252D9A16E9AEEB29BB0233619B69BF911AC3C45EDD48696171
RAW_HEDGED_GRID_T100_S020_EURUSD_TAIL_TRAIL_SMOKE_TAIL025_A2_TR3,0.5,,2025-12-22T00:00:00.000Z,-2966.901155,-2966.901155,A18E02910330A3761815766A429B615138EC361B64B4BE15150605EA585867E2
RAW_HEDGED_GRID_T100_S020_EURUSD_TAIL_TRAIL_SMOKE_TAIL025_A2_TR3,0.5,,2026-04-26T23:00:00.000Z,-2936.36314,-2936.36314,D46ABA2142B291A3EE1F5E1781F669D252B38793E7744CFDE44D86EC6993AB93
RAW_HEDGED_GRID_T100_S020_EURUSD_TAIL_TRAIL_SMOKE_TAIL025_A2_TR3,0.5,,2025-12-08T00:00:00.000Z,-2915.276073,-2915.276073,FE15E42533DEDF9D9456E87C14090EC821F8835AC1D1D1069C1C15BFC62F9CE1
RAW_HEDGED_GRID_T100_S020_EURUSD_TAIL_TRAIL_SMOKE_TAIL025_A2_TR3,0.5,,2026-05-03T23:00:00.000Z,-2885.723717,-2885.723717,7B2C5F9E7CF31AE1DAC687C2A94430E135B45059FA9A8F7C489877854EDD19D7
RAW_HEDGED_GRID_T100_S020_EURUSD_TAIL_TRAIL_SMOKE_TAIL025_A2_TR3,0.5,,2025-12-15T00:00:00.000Z,-2857.439784,-2857.439784,D62CF93F1CE1BE6F2959FABF2629B6F79F3C1714F471CF8C0DAFA2A21C72F8FB
RAW_HEDGED_GRID_T100_S020_EURUSD_TAIL_TRAIL_SMOKE_TAIL025_A2_TR5,0,2025-03-16T23:00:00.000Z,2025-12-29T00:00:00.000Z,-1273.719702,-279.001807,7DD070E7E307491337F43319615E459E7F42005EABF08A68669D65973E049333
RAW_HEDGED_GRID_T100_S020_EURUSD_TAIL_TRAIL_SMOKE_TAIL025_A2_TR5,0,2025-03-16T23:00:00.000Z,2026-01-19T00:00:00.000Z,-1222.304862,-227.586967,2364676E62EC802F108F4E5A03B3AB658D3ACB73288935349230DA70F6AE5A03
RAW_HEDGED_GRID_T100_S020_EURUSD_TAIL_TRAIL_SMOKE_TAIL025_A2_TR5,0,2025-03-16T23:00:00.000Z,2026-02-23T00:00:00.000Z,-1200.915464,-206.197569,AE5FDDB5A7E86DF80ACBB94D2CB7CDB09D40A7456E9B6968284C99714FA164B6
RAW_HEDGED_GRID_T100_S020_EURUSD_TAIL_TRAIL_SMOKE_TAIL025_A2_TR5,0,2025-03-16T23:00:00.000Z,2025-12-22T00:00:00.000Z,-1143.584968,-148.867073,720F748EE1531B0FA9DE92394FC8EAFA1CCEE255B4A2AE77A1F8A1AECBA830DD
RAW_HEDGED_GRID_T100_S020_EURUSD_TAIL_TRAIL_SMOKE_TAIL025_A2_TR5,0,2025-03-16T23:00:00.000Z,2026-02-16T00:00:00.000Z,-1139.152212,-144.434317,33A3BC0F3774C6EC8D730CADBAFAC851C77C2A707C02C242011F7EFB41D29D73
RAW_HEDGED_GRID_T100_S020_EURUSD_TAIL_TRAIL_SMOKE_TAIL025_A2_TR5,0,2025-03-16T23:00:00.000Z,2025-12-08T00:00:00.000Z,-1111.999677,-117.281782,6759CEC5CB08B887A2FEA0E45E2FD5EEE32FB88E61D8EF95F6014E67F6D74800
RAW_HEDGED_GRID_T100_S020_EURUSD_TAIL_TRAIL_SMOKE_TAIL025_A2_TR5,0,2025-03-16T23:00:00.000Z,2026-01-26T00:00:00.000Z,-1090.501598,-95.783703,02924CF385A933467CEAE3045C91BE55531E6A5D359FEB1167E4DD088FA701DA
RAW_HEDGED_GRID_T100_S020_EURUSD_TAIL_TRAIL_SMOKE_TAIL025_A2_TR5,0,2025-03-16T23:00:00.000Z,2025-12-15T00:00:00.000Z,-1039.759951,-45.042056,697E1746044C114A7D9665ADD7CF3E38443DB40819674C1B383809BE8DF9A397
RAW_HEDGED_GRID_T100_S020_EURUSD_TAIL_TRAIL_SMOKE_TAIL025_A2_TR5,0,2025-03-16T23:00:00.000Z,2026-04-26T23:00:00.000Z,-979.127724,15.590171,E9F3188179C97A83696146BBD21FDB326060E2FB2C173F013040DAAE0FFF13C5
RAW_HEDGED_GRID_T100_S020_EURUSD_TAIL_TRAIL_SMOKE_TAIL025_A2_TR5,0,2020-06-14T23:00:00.000Z,2021-02-22T00:00:00.000Z,-942.411518,-808.74275,92B4044BD0DEFCD97D9169FFA55871975B9011DB7C675DC096A0221BCED0A7A8
RAW_HEDGED_GRID_T100_S020_EURUSD_TAIL_TRAIL_SMOKE_TAIL025_A2_TR5,0.0025,2025-03-16T23:00:00.000Z,2025-12-29T00:00:00.000Z,-1275.552394,-293.226084,0119B9B11D1D934CDB9DD28FBD5C589E9C4762231A0106B921E1F6495BC3A3F7
RAW_HEDGED_GRID_T100_S020_EURUSD_TAIL_TRAIL_SMOKE_TAIL025_A2_TR5,0.0025,2025-03-16T23:00:00.000Z,2026-01-19T00:00:00.000Z,-1224.318929,-241.992619,04539B1698AC64D1649866574F41EC731C04640B56DBB6C5C27076AA54F2EC0B
RAW_HEDGED_GRID_T100_S020_EURUSD_TAIL_TRAIL_SMOKE_TAIL025_A2_TR5,0.0025,2025-03-16T23:00:00.000Z,2026-02-23T00:00:00.000Z,-1203.144969,-220.818659,E88251319EAD7D0D0BD8CD0B857F74A816FC774AC2DA9EC1C2D5253467C1C930
RAW_HEDGED_GRID_T100_S020_EURUSD_TAIL_TRAIL_SMOKE_TAIL025_A2_TR5,0.0025,2025-03-16T23:00:00.000Z,2025-12-22T00:00:00.000Z,-1145.32816,-163.00185,A16B82E175E97CE3D3A4DDE2AD8C1AE48E68FBFB48F6655D05771E8C11DA8711
RAW_HEDGED_GRID_T100_S020_EURUSD_TAIL_TRAIL_SMOKE_TAIL025_A2_TR5,0.0025,2025-03-16T23:00:00.000Z,2026-02-16T00:00:00.000Z,-1141.333123,-159.006813,C386A5FD6DC7B3E7AD8101706AD78A672DF622D3C36381FD53938CB430397940
RAW_HEDGED_GRID_T100_S020_EURUSD_TAIL_TRAIL_SMOKE_TAIL025_A2_TR5,0.0025,2025-03-16T23:00:00.000Z,2025-12-08T00:00:00.000Z,-1113.640868,-131.314558,ECAB4D946BE32832D2C33EA92C6CD46701E48D8541320E6CA2D1BFEFBC2C1620
RAW_HEDGED_GRID_T100_S020_EURUSD_TAIL_TRAIL_SMOKE_TAIL025_A2_TR5,0.0025,2025-03-16T23:00:00.000Z,2026-01-26T00:00:00.000Z,-1092.650009,-110.323699,89EFD3FB6D3EB25FA2D2BD20FA1576E926F09D939A8D40C85F8219C153E00488
RAW_HEDGED_GRID_T100_S020_EURUSD_TAIL_TRAIL_SMOKE_TAIL025_A2_TR5,0.0025,2025-03-16T23:00:00.000Z,2025-12-15T00:00:00.000Z,-1041.475705,-59.149395,A7151DF407B16A3386C4336C248937DC1013999359708A20BC46C5D7621C6799
RAW_HEDGED_GRID_T100_S020_EURUSD_TAIL_TRAIL_SMOKE_TAIL025_A2_TR5,0.0025,2025-03-16T23:00:00.000Z,2026-04-26T23:00:00.000Z,-981.532199,0.794111,9343232F0F5409EAD32F4E7ED820DE0A62D94199388B2E3A5F3DED9658E476E9
RAW_HEDGED_GRID_T100_S020_EURUSD_TAIL_TRAIL_SMOKE_TAIL025_A2_TR5,0.0025,2020-06-14T23:00:00.000Z,2021-02-22T00:00:00.000Z,-944.049208,-812.169632,29CED1F47D59113FB3EA9E7A912216D60AD5709DCB54B20B15AA34DFFEC7FCDD
RAW_HEDGED_GRID_T100_S020_EURUSD_TAIL_TRAIL_SMOKE_TAIL025_A2_TR5,0.005,2025-03-16T23:00:00.000Z,2025-12-29T00:00:00.000Z,-1277.385083,-307.450355,83DC592D55763918A267821EF6DDAC2A3B41FE7B0C9A5A0994C196D37D23CABF
RAW_HEDGED_GRID_T100_S020_EURUSD_TAIL_TRAIL_SMOKE_TAIL025_A2_TR5,0.005,2025-03-16T23:00:00.000Z,2026-01-19T00:00:00.000Z,-1226.332994,-256.398266,762965AE7062067D6591178F96BE1E5462671D01394CDB82974CCCA5190F9CB8
RAW_HEDGED_GRID_T100_S020_EURUSD_TAIL_TRAIL_SMOKE_TAIL025_A2_TR5,0.005,2025-03-16T23:00:00.000Z,2026-02-23T00:00:00.000Z,-1205.374471,-235.439743,9D92A8F9E97C755F62CC7F6D4B39D43C2727890BBC2B89277C946D57C2C96019
RAW_HEDGED_GRID_T100_S020_EURUSD_TAIL_TRAIL_SMOKE_TAIL025_A2_TR5,0.005,2025-03-16T23:00:00.000Z,2025-12-22T00:00:00.000Z,-1147.071349,-177.136621,B45A839D988049BB6BA150F9DAE5AD3DA4D86C3CEA350D72D5319E2B65C5B755
RAW_HEDGED_GRID_T100_S020_EURUSD_TAIL_TRAIL_SMOKE_TAIL025_A2_TR5,0.005,2025-03-16T23:00:00.000Z,2026-02-16T00:00:00.000Z,-1143.514032,-173.579304,E7DF75BAD6A84A64ED8AA96447AE76957A3F645E218C3D6138985EFBC23F939B
RAW_HEDGED_GRID_T100_S020_EURUSD_TAIL_TRAIL_SMOKE_TAIL025_A2_TR5,0.005,2025-03-16T23:00:00.000Z,2025-12-08T00:00:00.000Z,-1115.282058,-145.34733,89E463AB2C0B816A0B094D998917A367FF7FA3F99A063CD983C3EC49628D99C6
RAW_HEDGED_GRID_T100_S020_EURUSD_TAIL_TRAIL_SMOKE_TAIL025_A2_TR5,0.005,2025-03-16T23:00:00.000Z,2026-01-26T00:00:00.000Z,-1094.798418,-124.86369,CD3A52CB1658297C8A9ADC269C7CF94B197CAAEDE448CD1B70F918CDA9D318ED
RAW_HEDGED_GRID_T100_S020_EURUSD_TAIL_TRAIL_SMOKE_TAIL025_A2_TR5,0.005,2025-03-16T23:00:00.000Z,2025-12-15T00:00:00.000Z,-1043.191457,-73.256729,4E2A6D692A7849B92995B060CC0F05FFB6AF08D4A569B482278BC85389298D6F
RAW_HEDGED_GRID_T100_S020_EURUSD_TAIL_TRAIL_SMOKE_TAIL025_A2_TR5,0.005,2025-03-16T23:00:00.000Z,2026-04-26T23:00:00.000Z,-983.936669,-14.001941,77720EA388F4BBC93AD24CA1B82C2722860AF77F734ADE55CBB6AAFBC9732086
RAW_HEDGED_GRID_T100_S020_EURUSD_TAIL_TRAIL_SMOKE_TAIL025_A2_TR5,0.005,2020-06-14T23:00:00.000Z,2021-02-22T00:00:00.000Z,-945.686902,-815.596514,BB7C614F748FD893EE899DDA43472590485312129CA24B961B1B498B8192C9EE
RAW_HEDGED_GRID_T100_S020_EURUSD_TAIL_TRAIL_SMOKE_TAIL025_A2_TR5,0.01,2025-03-16T23:00:00.000Z,2025-12-29T00:00:00.000Z,-1281.050452,-335.898807,8D24BF9DF7784F05765DD22801D54ACDC36ABA4328E59E574F740F43288C1AEF
RAW_HEDGED_GRID_T100_S020_EURUSD_TAIL_TRAIL_SMOKE_TAIL025_A2_TR5,0.01,2025-03-16T23:00:00.000Z,2026-01-19T00:00:00.000Z,-1230.361112,-285.209467,D07131A384EAA1C1AADEAB6BCE223A7C049EC6BBF3E981438FCCD424318239F6
RAW_HEDGED_GRID_T100_S020_EURUSD_TAIL_TRAIL_SMOKE_TAIL025_A2_TR5,0.01,2025-03-16T23:00:00.000Z,2026-02-23T00:00:00.000Z,-1209.833464,-264.681819,52BA1D264CA56B03237A48BE6671D11F41382C283300D15AEEB7C98CE1E8A89B
RAW_HEDGED_GRID_T100_S020_EURUSD_TAIL_TRAIL_SMOKE_TAIL025_A2_TR5,0.01,2025-03-16T23:00:00.000Z,2025-12-22T00:00:00.000Z,-1150.557718,-205.406073,480C7F05D83F6184F37F93FE5802A6D61BF5CFDE29C6A3F580879CA85D9F9F3F
RAW_HEDGED_GRID_T100_S020_EURUSD_TAIL_TRAIL_SMOKE_TAIL025_A2_TR5,0.01,2025-03-16T23:00:00.000Z,2026-02-16T00:00:00.000Z,-1147.875837,-202.724192,44FE6F827BFA193AA531CC30144273E0EC5C76C5805C37B48909CF93DB115A75
RAW_HEDGED_GRID_T100_S020_EURUSD_TAIL_TRAIL_SMOKE_TAIL025_A2_TR5,0.01,2025-03-16T23:00:00.000Z,2025-12-08T00:00:00.000Z,-1118.564427,-173.412782,928323950D18758565AF2A84294FA7589489BA29A34086C662A39F7DDCB111EB
RAW_HEDGED_GRID_T100_S020_EURUSD_TAIL_TRAIL_SMOKE_TAIL025_A2_TR5,0.01,2025-03-16T23:00:00.000Z,2026-01-26T00:00:00.000Z,-1099.095223,-153.943578,9E2E56BCE450DE25F065D29E91C2DBFF54A8FBD87A5293D2C31ABAFCAE2C992D
RAW_HEDGED_GRID_T100_S020_EURUSD_TAIL_TRAIL_SMOKE_TAIL025_A2_TR5,0.01,2025-03-16T23:00:00.000Z,2025-12-15T00:00:00.000Z,-1046.622951,-101.471306,E827406A43C1B5E103C43F58B662CBE2506B1F4BDB7A850667446CCA1DA8D436
RAW_HEDGED_GRID_T100_S020_EURUSD_TAIL_TRAIL_SMOKE_TAIL025_A2_TR5,0.01,2025-03-16T23:00:00.000Z,2026-04-26T23:00:00.000Z,-988.745599,-43.593954,EB4BE7BE4CE01A8C83C3877CCC17B3AB69A8F7774B032A29073113F502F85C9D
RAW_HEDGED_GRID_T100_S020_EURUSD_TAIL_TRAIL_SMOKE_TAIL025_A2_TR5,0.01,2020-06-14T23:00:00.000Z,2021-02-22T00:00:00.000Z,-948.962268,-822.45025,D837E0F718E1496A838C6773B5684BFEA5C9B70A6A3474B089978A251DA9ED77
RAW_HEDGED_GRID_T100_S020_EURUSD_TAIL_TRAIL_SMOKE_TAIL025_A2_TR5,0.02,2025-03-16T23:00:00.000Z,2025-12-29T00:00:00.000Z,-1288.381202,-392.795807,ECE0E6E874A2321FE6269AA31CF8F57A0F936A02EC48C16D399EF44A78786E4A
RAW_HEDGED_GRID_T100_S020_EURUSD_TAIL_TRAIL_SMOKE_TAIL025_A2_TR5,0.02,2025-03-16T23:00:00.000Z,2026-01-19T00:00:00.000Z,-1238.417362,-342.831967,C204EC307761CA386586ACBE0C8FBE606F8C9F94E56D68C82B98D32E949E291E
RAW_HEDGED_GRID_T100_S020_EURUSD_TAIL_TRAIL_SMOKE_TAIL025_A2_TR5,0.02,2025-03-16T23:00:00.000Z,2026-02-23T00:00:00.000Z,-1218.751464,-323.166069,6F9658E8AEA4EB4B36EBC5A1B2D727A3B5F6C9FFB0ABEAE4B37EFB3FE1290809
RAW_HEDGED_GRID_T100_S020_EURUSD_TAIL_TRAIL_SMOKE_TAIL025_A2_TR5,0.02,2025-03-16T23:00:00.000Z,2025-12-22T00:00:00.000Z,-1157.530468,-261.945073,5D0FAE18D040651061FC9D1F0DCA6CCB23711A8FC83E32DFAD633A4860CC7836
RAW_HEDGED_GRID_T100_S020_EURUSD_TAIL_TRAIL_SMOKE_TAIL025_A2_TR5,0.02,2025-03-16T23:00:00.000Z,2026-02-16T00:00:00.000Z,-1156.599462,-261.014067,D3F1AFAC437FB070C6E571473430E97DFF5BE10F6E2E849429459BCE9DE73903
RAW_HEDGED_GRID_T100_S020_EURUSD_TAIL_TRAIL_SMOKE_TAIL025_A2_TR5,0.02,2025-03-16T23:00:00.000Z,2025-12-08T00:00:00.000Z,-1125.129177,-229.543782,3C1BE6BFA6E5DA8A5EC1EC57EC5E13614ECCFBB3F396AF6F79E7E42777D3C317
RAW_HEDGED_GRID_T100_S020_EURUSD_TAIL_TRAIL_SMOKE_TAIL025_A2_TR5,0.02,2025-03-16T23:00:00.000Z,2026-01-26T00:00:00.000Z,-1107.688848,-212.103453,1064B604A76D9F3894F9686653BD0948319BEDEF85516618408D2FAF24E96675
RAW_HEDGED_GRID_T100_S020_EURUSD_TAIL_TRAIL_SMOKE_TAIL025_A2_TR5,0.02,2025-03-16T23:00:00.000Z,2025-12-15T00:00:00.000Z,-1053.485951,-157.900556,56C6A92C901F1E650B84C0DFF5ED8BF9CEDBB717006FF22166AE561C9DFC0EFB
RAW_HEDGED_GRID_T100_S020_EURUSD_TAIL_TRAIL_SMOKE_TAIL025_A2_TR5,0.02,2025-03-16T23:00:00.000Z,2026-04-26T23:00:00.000Z,-998.363474,-102.778079,B18BFC0B47029272466C7A48E4E1DB6A5034B16AA6A1B366F995F805B0C2D922
RAW_HEDGED_GRID_T100_S020_EURUSD_TAIL_TRAIL_SMOKE_TAIL025_A2_TR5,0.02,2020-06-14T23:00:00.000Z,2021-02-22T00:00:00.000Z,-955.513018,-836.15775,C000724F0F99781AEF43E02C9CCEA946B27B7C5E2ED621E4BAAB157F1646756F
RAW_HEDGED_GRID_T100_S020_EURUSD_TAIL_TRAIL_SMOKE_TAIL025_A2_TR5,0.05,2025-03-16T23:00:00.000Z,2025-12-29T00:00:00.000Z,-1310.373452,-563.486807,F3304F2CDA6664FF4D27DDF6ADA699E3532242FA32360144A567BCD3BD4381F8
RAW_HEDGED_GRID_T100_S020_EURUSD_TAIL_TRAIL_SMOKE_TAIL025_A2_TR5,0.05,2025-03-16T23:00:00.000Z,2026-01-19T00:00:00.000Z,-1262.586112,-515.699467,E47EA84AE2CA323B9C07BBDDF055C9FD9234033E2189E184E0E488C61F371B5C
RAW_HEDGED_GRID_T100_S020_EURUSD_TAIL_TRAIL_SMOKE_TAIL025_A2_TR5,0.05,2025-03-16T23:00:00.000Z,2026-02-23T00:00:00.000Z,-1245.505464,-498.618819,8ACFE58A976BB55E57B65BC4826EE77388ED20F128CEBA985A3729674662F32C
RAW_HEDGED_GRID_T100_S020_EURUSD_TAIL_TRAIL_SMOKE_TAIL025_A2_TR5,0.05,2025-03-16T23:00:00.000Z,2026-02-16T00:00:00.000Z,-1182.770337,-435.883692,4CC5A67716312C911AB012D9E566580E5B8E9B36B05AFD31E38C9B9D1FFCEA6B
RAW_HEDGED_GRID_T100_S020_EURUSD_TAIL_TRAIL_SMOKE_TAIL025_A2_TR5,0.05,2025-03-16T23:00:00.000Z,2025-12-22T00:00:00.000Z,-1178.448718,-431.562073,0C52A7FF33F406D757C7020444B318CB87BE5117785C9DB75453A908049E778E
RAW_HEDGED_GRID_T100_S020_EURUSD_TAIL_TRAIL_SMOKE_TAIL025_A2_TR5,0.05,2025-03-16T23:00:00.000Z,2025-12-08T00:00:00.000Z,-1144.823427,-397.936782,107D8AEC83CF96D906CED382BA8CC6136265A9B702F598EDDD0B39B5DD3BC70A
RAW_HEDGED_GRID_T100_S020_EURUSD_TAIL_TRAIL_SMOKE_TAIL025_A2_TR5,0.05,2025-03-16T23:00:00.000Z,2026-01-26T00:00:00.000Z,-1133.469723,-386.583078,BBD67D3CE49C29E45B2C5608724C246E74851880661FDB13C53656D11E5556F3
RAW_HEDGED_GRID_T100_S020_EURUSD_TAIL_TRAIL_SMOKE_TAIL025_A2_TR5,0.05,2025-03-16T23:00:00.000Z,2025-12-15T00:00:00.000Z,-1074.074951,-327.188306,7705735B9B52725F7E4F71B5EA1F044823B4CBAB267ECFB3B4CABE9265E7CD18
RAW_HEDGED_GRID_T100_S020_EURUSD_TAIL_TRAIL_SMOKE_TAIL025_A2_TR5,0.05,2025-03-16T23:00:00.000Z,2026-04-26T23:00:00.000Z,-1027.217099,-280.330454,E79005BA7AC126A8D673E37C4465CD35266E5EEEFC56BEBF5FF6B7E2552C46FC
RAW_HEDGED_GRID_T100_S020_EURUSD_TAIL_TRAIL_SMOKE_TAIL025_A2_TR5,0.05,2020-05-17T23:00:00.000Z,2021-02-22T00:00:00.000Z,-975.294615,-877.28025,B016116ABF26A3A75A582E2EA844CECE1793001399447DE517C2892F6D171D63
RAW_HEDGED_GRID_T100_S020_EURUSD_TAIL_TRAIL_SMOKE_TAIL025_A2_TR5,0.1,2025-03-16T23:00:00.000Z,2025-12-29T00:00:00.000Z,-1347.027202,-847.971807,142CCC5A114FB69816AB65CD2C46EB78C6E210E0B467929982C47BAA16D8B608
RAW_HEDGED_GRID_T100_S020_EURUSD_TAIL_TRAIL_SMOKE_TAIL025_A2_TR5,0.1,2025-03-16T23:00:00.000Z,2026-01-19T00:00:00.000Z,-1302.867362,-803.811967,81FD6524B2B5007FA03B1E95C8A1904804CC9B057B168A8319D89900779FBC43
RAW_HEDGED_GRID_T100_S020_EURUSD_TAIL_TRAIL_SMOKE_TAIL025_A2_TR5,0.1,2025-03-16T23:00:00.000Z,2026-02-23T00:00:00.000Z,-1290.095464,-791.040069,0D4222D68DBDCE3A98D0C79D361534B14CD53BDB84F642B5DF86B06CDBF2B292
RAW_HEDGED_GRID_T100_S020_EURUSD_TAIL_TRAIL_SMOKE_TAIL025_A2_TR5,0.1,2025-03-16T23:00:00.000Z,2026-02-16T00:00:00.000Z,-1226.388462,-727.333067,D7B4102C6284E56F8410867C2B8E4CA94F3D5CFAE5AE16F3478F272A6A2B8AD7
RAW_HEDGED_GRID_T100_S020_EURUSD_TAIL_TRAIL_SMOKE_TAIL025_A2_TR5,0.1,2025-03-16T23:00:00.000Z,2025-12-22T00:00:00.000Z,-1213.312468,-714.257073,FA9C2F0C8F2277FC38BF7C52F919B9E368938CEA830645B5FDA0503026A5F3BA
RAW_HEDGED_GRID_T100_S020_EURUSD_TAIL_TRAIL_SMOKE_TAIL025_A2_TR5,0.1,2025-03-16T23:00:00.000Z,2025-12-08T00:00:00.000Z,-1177.647177,-678.591782,42DAB2A3B3D37372251B5D6410685308A72690D8CB10010E9625D8DB3021CED8
RAW_HEDGED_GRID_T100_S020_EURUSD_TAIL_TRAIL_SMOKE_TAIL025_A2_TR5,0.1,2025-03-16T23:00:00.000Z,2026-01-26T00:00:00.000Z,-1176.437848,-677.382453,D143460CD19C45EB4217197C7E2C72B44523383EFE7E89206B48C26A15AB46EF
RAW_HEDGED_GRID_T100_S020_EURUSD_TAIL_TRAIL_SMOKE_TAIL025_A2_TR5,0.1,2025-03-16T23:00:00.000Z,2025-12-15T00:00:00.000Z,-1108.389951,-609.334556,7D538BC04512370F3F88D9BB3C4FC734C5CC4769999225020E649ACE5498BA94
RAW_HEDGED_GRID_T100_S020_EURUSD_TAIL_TRAIL_SMOKE_TAIL025_A2_TR5,0.1,2025-03-16T23:00:00.000Z,2026-04-26T23:00:00.000Z,-1075.306474,-576.251079,9D3EFF77A9116AE2D9F26DDB41C076308B41252C46BB3C22B9C14CF7A21742FE
RAW_HEDGED_GRID_T100_S020_EURUSD_TAIL_TRAIL_SMOKE_TAIL025_A2_TR5,0.1,2025-03-16T23:00:00.000Z,2026-05-03T23:00:00.000Z,-1017.426941,-518.371546,3016ACE2A8ADA50DD8C991F56808F22536EE012C1EEDE12EFBDEF499875152BE
RAW_HEDGED_GRID_T100_S020_EURUSD_TAIL_TRAIL_SMOKE_TAIL025_A2_TR5,0.2,2024-05-05T23:00:00.000Z,2025-12-29T00:00:00.000Z,-1446.464508,-1416.941807,F4671A998779450A419EBE56103BAFE20F2A1669F18400F27936E63B509C5D4A
RAW_HEDGED_GRID_T100_S020_EURUSD_TAIL_TRAIL_SMOKE_TAIL025_A2_TR5,0.2,2024-05-05T23:00:00.000Z,2026-01-19T00:00:00.000Z,-1409.559668,-1380.036967,0B79A147C0A0FECFECD1A31F0410B3B323E35799AF6AC045DD4B448CD8D0BD79
RAW_HEDGED_GRID_T100_S020_EURUSD_TAIL_TRAIL_SMOKE_TAIL025_A2_TR5,0.2,2024-05-05T23:00:00.000Z,2026-02-23T00:00:00.000Z,-1405.40527,-1375.882569,3B98E1B16BD4DB456D7827C1E335B8D39F2E69EB6A657A49177B42EA129DFEAB
RAW_HEDGED_GRID_T100_S020_EURUSD_TAIL_TRAIL_SMOKE_TAIL025_A2_TR5,0.2,2024-05-05T23:00:00.000Z,2026-02-16T00:00:00.000Z,-1339.754518,-1310.231817,F33D32EC50678F650885B3903DBD6051F6179AB3856D168D771E116B7219F5DD
RAW_HEDGED_GRID_T100_S020_EURUSD_TAIL_TRAIL_SMOKE_TAIL025_A2_TR5,0.2,2024-05-05T23:00:00.000Z,2025-12-22T00:00:00.000Z,-1309.169774,-1279.647073,D97B736D5396ABE432E9791AC4C56412316BCCBD1908009C861E6D7665427614
RAW_HEDGED_GRID_T100_S020_EURUSD_TAIL_TRAIL_SMOKE_TAIL025_A2_TR5,0.2,2024-05-05T23:00:00.000Z,2026-01-26T00:00:00.000Z,-1288.503904,-1258.981203,625F6D44A452BBCD6ACE1C696785B2BBF40139C59DF5105098B931491E01387A
RAW_HEDGED_GRID_T100_S020_EURUSD_TAIL_TRAIL_SMOKE_TAIL025_A2_TR5,0.2,2024-05-05T23:00:00.000Z,2025-12-08T00:00:00.000Z,-1269.424483,-1239.901782,1671CCFCDDAF2A87A6D7EFBBA0462156A15FF24385B41B1C003A5AF082CB78DD
RAW_HEDGED_GRID_T100_S020_EURUSD_TAIL_TRAIL_SMOKE_TAIL025_A2_TR5,0.2,2024-05-05T23:00:00.000Z,2025-12-15T00:00:00.000Z,-1203.149757,-1173.627056,64F78A83C3D0A65CB9D44AC46B950C4E272C723D89A80ED458A484B198AC71F3
RAW_HEDGED_GRID_T100_S020_EURUSD_TAIL_TRAIL_SMOKE_TAIL025_A2_TR5,0.2,2024-05-05T23:00:00.000Z,2026-04-26T23:00:00.000Z,-1197.61503,-1168.092329,3E146D850386D5EA5E2271156770602C6C8E3E16227E2A3A55CA9A8BC21F2F45
RAW_HEDGED_GRID_T100_S020_EURUSD_TAIL_TRAIL_SMOKE_TAIL025_A2_TR5,0.2,2024-05-05T23:00:00.000Z,2026-05-03T23:00:00.000Z,-1141.524247,-1112.001546,9929569E656307C61495B701938C934033CFAE991422E8172CDB6C646E77F428
RAW_HEDGED_GRID_T100_S020_EURUSD_TAIL_TRAIL_SMOKE_TAIL025_A2_TR5,0.5,,2026-02-23T00:00:00.000Z,-3130.410069,-3130.410069,AAFF49EAC6C557EC6094C777E07787C09795183A75FE42179662CEA87437ECC3
RAW_HEDGED_GRID_T100_S020_EURUSD_TAIL_TRAIL_SMOKE_TAIL025_A2_TR5,0.5,,2025-12-29T00:00:00.000Z,-3123.851807,-3123.851807,A7DC028E87F83A620BC0D345586475C1F4E52FC45DDE8A15EBDBEACE11248D7D
RAW_HEDGED_GRID_T100_S020_EURUSD_TAIL_TRAIL_SMOKE_TAIL025_A2_TR5,0.5,,2026-01-19T00:00:00.000Z,-3108.711967,-3108.711967,DF69040B1162E2AE53A2A080CC5FA6D84CFE40E0CFD9B85A211E7E9408A33F2F
RAW_HEDGED_GRID_T100_S020_EURUSD_TAIL_TRAIL_SMOKE_TAIL025_A2_TR5,0.5,,2026-02-16T00:00:00.000Z,-3058.928067,-3058.928067,B87FAD0371D177BEE1FF2FEB35FE285F47957EB387F90070D9072E27108153AF
RAW_HEDGED_GRID_T100_S020_EURUSD_TAIL_TRAIL_SMOKE_TAIL025_A2_TR5,0.5,,2026-01-26T00:00:00.000Z,-3003.777453,-3003.777453,092750762CE4971D1549676ABA0ECC2702021619E1876EE8A0D1DFAD23E26CA7
RAW_HEDGED_GRID_T100_S020_EURUSD_TAIL_TRAIL_SMOKE_TAIL025_A2_TR5,0.5,,2025-12-22T00:00:00.000Z,-2975.817073,-2975.817073,69FAB745F8489BD3179868F798A6EAF28972D244E576BF616AB6B941D68C58A0
RAW_HEDGED_GRID_T100_S020_EURUSD_TAIL_TRAIL_SMOKE_TAIL025_A2_TR5,0.5,,2026-04-26T23:00:00.000Z,-2943.616079,-2943.616079,4D7637512CEDAB8D7A0DEEEF89CBB73B02450151D449D02BCADE974258B60320
RAW_HEDGED_GRID_T100_S020_EURUSD_TAIL_TRAIL_SMOKE_TAIL025_A2_TR5,0.5,,2025-12-08T00:00:00.000Z,-2923.831782,-2923.831782,04BE5C9F7337122761F063A226691E191EB95082EF98BB5B101BC0A9C7EED074
RAW_HEDGED_GRID_T100_S020_EURUSD_TAIL_TRAIL_SMOKE_TAIL025_A2_TR5,0.5,,2026-05-03T23:00:00.000Z,-2892.891546,-2892.891546,496BC1AD2C24609DE7643B5FD1B21206B374B1A95EA416066AB5035F4BBD24CC
RAW_HEDGED_GRID_T100_S020_EURUSD_TAIL_TRAIL_SMOKE_TAIL025_A2_TR5,0.5,,2025-12-15T00:00:00.000Z,-2866.504556,-2866.504556,A1EAFC49FDBA2CC87135179BA8972241A6ADE72163AB74F0172C946B75E9A21A
RAW_HEDGED_GRID_T100_S020_EURUSD_TAIL_TRAIL_SMOKE_TAIL050_A1_TR1,0,2025-03-16T23:00:00.000Z,2025-12-29T00:00:00.000Z,-1269.503341,-277.515418,BBF6A5D95534FB214141C885D0895A6D9F96DFDDDE94490AAF17F6DB575CE86D
RAW_HEDGED_GRID_T100_S020_EURUSD_TAIL_TRAIL_SMOKE_TAIL050_A1_TR1,0,2025-03-16T23:00:00.000Z,2026-01-19T00:00:00.000Z,-1220.440023,-228.4521,6CD409485BFF0BC65F9ABC0B281AE32B17E046AB09E6AF6DD0ED131F5594B1A4
RAW_HEDGED_GRID_T100_S020_EURUSD_TAIL_TRAIL_SMOKE_TAIL050_A1_TR1,0,2025-03-16T23:00:00.000Z,2026-02-23T00:00:00.000Z,-1204.621851,-212.633928,0187F004F503592616F0ADA4825160121B17055CF5A8D76ECB9D07763BEFFFA3
RAW_HEDGED_GRID_T100_S020_EURUSD_TAIL_TRAIL_SMOKE_TAIL050_A1_TR1,0,2025-03-16T23:00:00.000Z,2026-02-16T00:00:00.000Z,-1143.062526,-151.074603,7E6A1B313013AA6B37DC0921542C905596D459DFEF6BDC19D520E8EDEFB232CF
RAW_HEDGED_GRID_T100_S020_EURUSD_TAIL_TRAIL_SMOKE_TAIL050_A1_TR1,0,2025-03-16T23:00:00.000Z,2025-12-22T00:00:00.000Z,-1142.518923,-150.531,2118FFE6DBB056F3026A9CF985AA769E909537E0C21A2C412982FE474930BB8D
RAW_HEDGED_GRID_T100_S020_EURUSD_TAIL_TRAIL_SMOKE_TAIL050_A1_TR1,0,2025-03-16T23:00:00.000Z,2025-12-08T00:00:00.000Z,-1110.051338,-118.063415,11F1FB79E911A6E8CE125156C11BD162AD805C646BEBCB30EC23AAFC20F30724
RAW_HEDGED_GRID_T100_S020_EURUSD_TAIL_TRAIL_SMOKE_TAIL050_A1_TR1,0,2025-03-16T23:00:00.000Z,2026-01-26T00:00:00.000Z,-1098.667266,-106.679343,9E16CA9C11D872C2D0A9F29F07401B4813CE36A5CECC07880E5FCD6DFA0F1B46
RAW_HEDGED_GRID_T100_S020_EURUSD_TAIL_TRAIL_SMOKE_TAIL050_A1_TR1,0,2025-03-16T23:00:00.000Z,2025-12-15T00:00:00.000Z,-1036.999623,-45.0117,2B7B7D4A771E51131FE2E1C4A8BCB489F4D2F5A0FACC98459652A8DE2B9660E5
RAW_HEDGED_GRID_T100_S020_EURUSD_TAIL_TRAIL_SMOKE_TAIL050_A1_TR1,0,2025-03-16T23:00:00.000Z,2026-04-26T23:00:00.000Z,-983.62073,8.367193,755B6FA4C43006589FC71D1B77578C60B24EA807C5F443AFE08495F6CE529613
RAW_HEDGED_GRID_T100_S020_EURUSD_TAIL_TRAIL_SMOKE_TAIL050_A1_TR1,0,2020-06-14T23:00:00.000Z,2021-02-22T00:00:00.000Z,-937.634184,-805.894113,7E94FC1FC6D273E61F366380D7F117E5A1CF98357932388464714651B48DCE8A
RAW_HEDGED_GRID_T100_S020_EURUSD_TAIL_TRAIL_SMOKE_TAIL050_A1_TR1,0.0025,2025-03-16T23:00:00.000Z,2025-12-29T00:00:00.000Z,-1271.335468,-291.741312,A9B22B67C125F1379ED63E951644086B2C967976FE45C415A3F8B47EF2F9B7CC
RAW_HEDGED_GRID_T100_S020_EURUSD_TAIL_TRAIL_SMOKE_TAIL050_A1_TR1,0.0025,2025-03-16T23:00:00.000Z,2026-01-19T00:00:00.000Z,-1222.454838,-242.860682,9CA010660EFD59A78C3C700534BDB8EB2FABCA915BA2834C1AD23B25A0ED66DB
RAW_HEDGED_GRID_T100_S020_EURUSD_TAIL_TRAIL_SMOKE_TAIL050_A1_TR1,0.0025,2025-03-16T23:00:00.000Z,2026-02-23T00:00:00.000Z,-1206.850603,-227.256447,6FA265DE54426904A9C106817AA302DEE4B84C0318B9B587683FBC36D7F07B21
RAW_HEDGED_GRID_T100_S020_EURUSD_TAIL_TRAIL_SMOKE_TAIL050_A1_TR1,0.0025,2025-03-16T23:00:00.000Z,2026-02-16T00:00:00.000Z,-1145.242528,-165.648372,7562C64CF7D19F3267909C31F27FC90B0B83CE1D36A4DE99D4C6A7F46614CE81
RAW_HEDGED_GRID_T100_S020_EURUSD_TAIL_TRAIL_SMOKE_TAIL050_A1_TR1,0.0025,2025-03-16T23:00:00.000Z,2025-12-22T00:00:00.000Z,-1144.261425,-164.667269,2B8E11838E3D4383824932B79C549419714558AE638D8523220B3CFC6D95A9FE
RAW_HEDGED_GRID_T100_S020_EURUSD_TAIL_TRAIL_SMOKE_TAIL050_A1_TR1,0.0025,2025-03-16T23:00:00.000Z,2025-12-08T00:00:00.000Z,-1111.69259,-132.098434,967580F0176BD0F660A1340E27A4E70A053D3E259E322C45B299A7CD1677F54B
RAW_HEDGED_GRID_T100_S020_EURUSD_TAIL_TRAIL_SMOKE_TAIL050_A1_TR1,0.0025,2025-03-16T23:00:00.000Z,2026-01-26T00:00:00.000Z,-1100.814768,-121.220612,47776514D00F985B1C3A9DA7D61EF3EE5E0901717AC790AE81119AC71B0B004D
RAW_HEDGED_GRID_T100_S020_EURUSD_TAIL_TRAIL_SMOKE_TAIL050_A1_TR1,0.0025,2025-03-16T23:00:00.000Z,2025-12-15T00:00:00.000Z,-1038.714625,-59.120469,298750531AFE62129D0BFB46394CC9BEA21A193895D6CBE21B727C9D8B644879
RAW_HEDGED_GRID_T100_S020_EURUSD_TAIL_TRAIL_SMOKE_TAIL050_A1_TR1,0.0025,2025-03-16T23:00:00.000Z,2026-04-26T23:00:00.000Z,-986.024483,-6.430327,8B4C9AC6256C76E1140461040F529F150B3D0782923DBCE361766D1620524713
RAW_HEDGED_GRID_T100_S020_EURUSD_TAIL_TRAIL_SMOKE_TAIL050_A1_TR1,0.0025,2020-06-14T23:00:00.000Z,2021-02-22T00:00:00.000Z,-939.271686,-809.321617,C7F7E25340A78B29699711C87929732066477F5C6746CDFD5FD67A17465ACF7B
RAW_HEDGED_GRID_T100_S020_EURUSD_TAIL_TRAIL_SMOKE_TAIL050_A1_TR1,0.005,2025-03-16T23:00:00.000Z,2025-12-29T00:00:00.000Z,-1273.167591,-305.967168,44B5634DD4CA24A7038C859D635E75A0EC6B2CF915E3C49F4C3683C1443951BE
RAW_HEDGED_GRID_T100_S020_EURUSD_TAIL_TRAIL_SMOKE_TAIL050_A1_TR1,0.005,2025-03-16T23:00:00.000Z,2026-01-19T00:00:00.000Z,-1224.469648,-257.269225,C4D3C83E767453C1762A03D0A4FAAFBB0CE5531902E2AA8232C2478C4E1C93ED
RAW_HEDGED_GRID_T100_S020_EURUSD_TAIL_TRAIL_SMOKE_TAIL050_A1_TR1,0.005,2025-03-16T23:00:00.000Z,2026-02-23T00:00:00.000Z,-1209.079351,-241.878928,75447B1BBDFA70ACDA2EE3DE95CECAC723B56B7F21E1E981FF87F774A3DC3324
RAW_HEDGED_GRID_T100_S020_EURUSD_TAIL_TRAIL_SMOKE_TAIL050_A1_TR1,0.005,2025-03-16T23:00:00.000Z,2026-02-16T00:00:00.000Z,-1147.422526,-180.222103,A2B57F261D742C5A72A25A9D91F3B4FA60B41B562F59245C194915E1344400AE
RAW_HEDGED_GRID_T100_S020_EURUSD_TAIL_TRAIL_SMOKE_TAIL050_A1_TR1,0.005,2025-03-16T23:00:00.000Z,2025-12-22T00:00:00.000Z,-1146.003923,-178.8035,92979F0D73903AD13B910E7C4E40F983ECC63FA0F99A0DBA8075AE9653FC2325
RAW_HEDGED_GRID_T100_S020_EURUSD_TAIL_TRAIL_SMOKE_TAIL050_A1_TR1,0.005,2025-03-16T23:00:00.000Z,2025-12-08T00:00:00.000Z,-1113.333838,-146.133415,9D02FB5724639D423805ED9D3EEA9EF465A8B9352900F5B32B820F64AE5B22A6
RAW_HEDGED_GRID_T100_S020_EURUSD_TAIL_TRAIL_SMOKE_TAIL050_A1_TR1,0.005,2025-03-16T23:00:00.000Z,2026-01-26T00:00:00.000Z,-1102.962266,-135.761843,8071AFC5064F5BC21483FB41BC765BA53BD08DE13F6749C8AFA760B7B1159056
RAW_HEDGED_GRID_T100_S020_EURUSD_TAIL_TRAIL_SMOKE_TAIL050_A1_TR1,0.005,2025-03-16T23:00:00.000Z,2025-12-15T00:00:00.000Z,-1040.429623,-73.2292,E7315CBBFA9AB17486DAEB144D12AC463AF9764E31FE769F24844125C30F7C42
RAW_HEDGED_GRID_T100_S020_EURUSD_TAIL_TRAIL_SMOKE_TAIL050_A1_TR1,0.005,2025-03-16T23:00:00.000Z,2026-04-26T23:00:00.000Z,-988.42823,-21.227807,DC29E369E721CDBD4DBE9377A7C6B6F40C9EB1A7546A9B045ADFBC2D13FF5AF7
RAW_HEDGED_GRID_T100_S020_EURUSD_TAIL_TRAIL_SMOKE_TAIL050_A1_TR1,0.005,2020-06-14T23:00:00.000Z,2021-02-22T00:00:00.000Z,-940.909184,-812.749113,D128F5F8631E1CFDB941B8CAD3EE6E4480F008A9471F7DACEDFABC223992047A
RAW_HEDGED_GRID_T100_S020_EURUSD_TAIL_TRAIL_SMOKE_TAIL050_A1_TR1,0.01,2025-03-16T23:00:00.000Z,2025-12-29T00:00:00.000Z,-1276.831841,-334.418918,93EA3D6AEE244E04DCF66D6E4ED17BEF9D0E1B3E28EB4E98D8391518DC1E730E
RAW_HEDGED_GRID_T100_S020_EURUSD_TAIL_TRAIL_SMOKE_TAIL050_A1_TR1,0.01,2025-03-16T23:00:00.000Z,2026-01-19T00:00:00.000Z,-1228.499273,-286.08635,0D513F86A6943F8CC65D69D6A2797B77ABBB492F91BC9F87DB2C5FDAF95B1DC1
RAW_HEDGED_GRID_T100_S020_EURUSD_TAIL_TRAIL_SMOKE_TAIL050_A1_TR1,0.01,2025-03-16T23:00:00.000Z,2026-02-23T00:00:00.000Z,-1213.536851,-271.123928,D1008B33B26187A07BE6A681CDE9F3EEC409B2B02F8333569DC25E6D70D6B233
RAW_HEDGED_GRID_T100_S020_EURUSD_TAIL_TRAIL_SMOKE_TAIL050_A1_TR1,0.01,2025-03-16T23:00:00.000Z,2026-02-16T00:00:00.000Z,-1151.782526,-209.369603,0623A53E2967C65E98DFB67641A07F30E79BC0BCE08F7BE01AE8DD40C887569A
RAW_HEDGED_GRID_T100_S020_EURUSD_TAIL_TRAIL_SMOKE_TAIL050_A1_TR1,0.01,2025-03-16T23:00:00.000Z,2025-12-22T00:00:00.000Z,-1149.488923,-207.076,AFB5136AAD0D9AD5A14CEB760BAC4255799314558DBE70137A1E216B0A0C0020
RAW_HEDGED_GRID_T100_S020_EURUSD_TAIL_TRAIL_SMOKE_TAIL050_A1_TR1,0.01,2025-03-16T23:00:00.000Z,2025-12-08T00:00:00.000Z,-1116.616338,-174.203415,64C6405CE474B4836F0F089CF44199FD797B94064F99CCC7F5366ACDC0078CEF
RAW_HEDGED_GRID_T100_S020_EURUSD_TAIL_TRAIL_SMOKE_TAIL050_A1_TR1,0.01,2025-03-16T23:00:00.000Z,2026-01-26T00:00:00.000Z,-1107.257266,-164.844343,3552EDC617A766E94D2AB57FB05FAC501CD5C1B89EB27885DD18547F16F887E2
RAW_HEDGED_GRID_T100_S020_EURUSD_TAIL_TRAIL_SMOKE_TAIL050_A1_TR1,0.01,2025-03-16T23:00:00.000Z,2025-12-15T00:00:00.000Z,-1043.859623,-101.4467,0D853052B76078BEB7A179E654077CAACB5CD64AD7BB91B2BDF7129FE8D25ECA
RAW_HEDGED_GRID_T100_S020_EURUSD_TAIL_TRAIL_SMOKE_TAIL050_A1_TR1,0.01,2025-03-16T23:00:00.000Z,2026-04-26T23:00:00.000Z,-993.23573,-50.822807,339F816AEF0DBF8FC98E506520B457FCBE9824539D3FF16756FE9463F027A2ED
RAW_HEDGED_GRID_T100_S020_EURUSD_TAIL_TRAIL_SMOKE_TAIL050_A1_TR1,0.01,2020-06-14T23:00:00.000Z,2021-02-22T00:00:00.000Z,-944.184184,-819.604113,1BAB0BBF1C1760CC430866FB17661343F94A4E3668B8BF7AFD24BD0827361C92
RAW_HEDGED_GRID_T100_S020_EURUSD_TAIL_TRAIL_SMOKE_TAIL050_A1_TR1,0.02,2025-03-16T23:00:00.000Z,2025-12-29T00:00:00.000Z,-1284.160341,-391.322418,905D3659D8CC422AB4BE2E069EB6CF552168B827073D7FD88B356CB798EDFF88
RAW_HEDGED_GRID_T100_S020_EURUSD_TAIL_TRAIL_SMOKE_TAIL050_A1_TR1,0.02,2025-03-16T23:00:00.000Z,2026-01-19T00:00:00.000Z,-1236.558523,-343.7206,A6386627BEDD670B603A6792AF8429570BD8BE60FA2D0BC02725997FA196D060
RAW_HEDGED_GRID_T100_S020_EURUSD_TAIL_TRAIL_SMOKE_TAIL050_A1_TR1,0.02,2025-03-16T23:00:00.000Z,2026-02-23T00:00:00.000Z,-1222.451851,-329.613928,C242CDB411BED0A886899B34F76998ABE00EE3F08B674210A5DCEF398C9AF41F
RAW_HEDGED_GRID_T100_S020_EURUSD_TAIL_TRAIL_SMOKE_TAIL050_A1_TR1,0.02,2025-03-16T23:00:00.000Z,2026-02-16T00:00:00.000Z,-1160.502526,-267.664603,D869D710FE6874A6792404D1B1C6CDA7A7BE8AA284CEA317B8DA2286C9E9FA5A
RAW_HEDGED_GRID_T100_S020_EURUSD_TAIL_TRAIL_SMOKE_TAIL050_A1_TR1,0.02,2025-03-16T23:00:00.000Z,2025-12-22T00:00:00.000Z,-1156.458923,-263.621,41EDA09D3BFB865F6538FFD9DE7CF7F316BAF00E8FF0A2FFFE9566317433F8F6
RAW_HEDGED_GRID_T100_S020_EURUSD_TAIL_TRAIL_SMOKE_TAIL050_A1_TR1,0.02,2025-03-16T23:00:00.000Z,2025-12-08T00:00:00.000Z,-1123.181338,-230.343415,B567B24F28A7196CFADBAA8940F6814A0EE218E54D336288F2FEF54BA5CF5798
RAW_HEDGED_GRID_T100_S020_EURUSD_TAIL_TRAIL_SMOKE_TAIL050_A1_TR1,0.02,2025-03-16T23:00:00.000Z,2026-01-26T00:00:00.000Z,-1115.847266,-223.009343,3CE7EF41EFEC02D21FE950015ECEC91363270D5B719AD8E146C6CE223FBC4C78
RAW_HEDGED_GRID_T100_S020_EURUSD_TAIL_TRAIL_SMOKE_TAIL050_A1_TR1,0.02,2025-03-16T23:00:00.000Z,2025-12-15T00:00:00.000Z,-1050.719623,-157.8817,034D5288F3C9F28CA0FE5E253AD9D29B15FE427B528D95E582A8E458796A1E30
RAW_HEDGED_GRID_T100_S020_EURUSD_TAIL_TRAIL_SMOKE_TAIL050_A1_TR1,0.02,2025-03-16T23:00:00.000Z,2026-04-26T23:00:00.000Z,-1002.85073,-110.012807,42F318C34E53C0C1D57FFCC134A2B940A7FFC17445B8A715D8021867A2BB16CA
RAW_HEDGED_GRID_T100_S020_EURUSD_TAIL_TRAIL_SMOKE_TAIL050_A1_TR1,0.02,2020-06-14T23:00:00.000Z,2021-02-22T00:00:00.000Z,-950.734184,-833.314113,DF4174D46A44B69074DD70205D1D5E35853F04C7E0B341D578F3EDAA015C840B
RAW_HEDGED_GRID_T100_S020_EURUSD_TAIL_TRAIL_SMOKE_TAIL050_A1_TR1,0.05,2025-03-16T23:00:00.000Z,2025-12-29T00:00:00.000Z,-1306.145841,-562.032918,42BB884951A75974508298FC00334F0B9AF710DDD87363AE4CC445BE0C0A655D
RAW_HEDGED_GRID_T100_S020_EURUSD_TAIL_TRAIL_SMOKE_TAIL050_A1_TR1,0.05,2025-03-16T23:00:00.000Z,2026-01-19T00:00:00.000Z,-1260.736273,-516.62335,055F8BB8DD41583D2426E65A26B9BD0565DF9B4C8C343A1F99B6EDE37A5E05CE
RAW_HEDGED_GRID_T100_S020_EURUSD_TAIL_TRAIL_SMOKE_TAIL050_A1_TR1,0.05,2025-03-16T23:00:00.000Z,2026-02-23T00:00:00.000Z,-1249.196851,-505.083928,034A394EF822ECD58A2CB27090D5CE2231CA482D05BA3BC722CE328441D5C280
RAW_HEDGED_GRID_T100_S020_EURUSD_TAIL_TRAIL_SMOKE_TAIL050_A1_TR1,0.05,2025-03-16T23:00:00.000Z,2026-02-16T00:00:00.000Z,-1186.662526,-442.549603,3C0CA955D328AA23612FA2F354C499E6223A3058A2B6456F498C17E9D559B393
RAW_HEDGED_GRID_T100_S020_EURUSD_TAIL_TRAIL_SMOKE_TAIL050_A1_TR1,0.05,2025-03-16T23:00:00.000Z,2025-12-22T00:00:00.000Z,-1177.368923,-433.256,2E0F4A91B032B6933B57382AEF28376CB997036CEC52126FE932C6A96E7E52C9
RAW_HEDGED_GRID_T100_S020_EURUSD_TAIL_TRAIL_SMOKE_TAIL050_A1_TR1,0.05,2025-03-16T23:00:00.000Z,2025-12-08T00:00:00.000Z,-1142.876338,-398.763415,AB3D6D17895E0402B8CE8C79750B4755594D4BD7C5A811377DFDCC0823BFBB98
RAW_HEDGED_GRID_T100_S020_EURUSD_TAIL_TRAIL_SMOKE_TAIL050_A1_TR1,0.05,2025-03-16T23:00:00.000Z,2026-01-26T00:00:00.000Z,-1141.617266,-397.504343,A70CE9A693B15EEA9C280BE527A4C498E9FA80F67148421E6EB0AFF94F0A56EB
RAW_HEDGED_GRID_T100_S020_EURUSD_TAIL_TRAIL_SMOKE_TAIL050_A1_TR1,0.05,2025-03-16T23:00:00.000Z,2025-12-15T00:00:00.000Z,-1071.299623,-327.1867,427DE407934D96B10015FC5ECB0A7E7355F8F1EE5707B75F825ACF39F5A59A7A
RAW_HEDGED_GRID_T100_S020_EURUSD_TAIL_TRAIL_SMOKE_TAIL050_A1_TR1,0.05,2025-03-16T23:00:00.000Z,2026-04-26T23:00:00.000Z,-1031.69573,-287.582807,AF161BD37B91EBB44A39C7C56F28A75013615DD2B8F6FEF7C28B3CE0FAA50503
RAW_HEDGED_GRID_T100_S020_EURUSD_TAIL_TRAIL_SMOKE_TAIL050_A1_TR1,0.05,2025-03-16T23:00:00.000Z,2026-05-03T23:00:00.000Z,-974.093177,-229.980254,1AA62FECFCE1F8AB9D8905D72C286573A5EDF0A11E4AAD480712350D2F5B0FE7
RAW_HEDGED_GRID_T100_S020_EURUSD_TAIL_TRAIL_SMOKE_TAIL050_A1_TR1,0.1,2025-03-16T23:00:00.000Z,2025-12-29T00:00:00.000Z,-1342.788341,-846.550418,6D40127A98E9AB8E2505E29009B79FDFC51DBA5D24A8D1CA6F67FE986AE57857
RAW_HEDGED_GRID_T100_S020_EURUSD_TAIL_TRAIL_SMOKE_TAIL050_A1_TR1,0.1,2025-03-16T23:00:00.000Z,2026-01-19T00:00:00.000Z,-1301.032523,-804.7946,0D269343D020E00E2E10812C1AE5F02B3DFCDB79702E3C4D039C458A52E09820
RAW_HEDGED_GRID_T100_S020_EURUSD_TAIL_TRAIL_SMOKE_TAIL050_A1_TR1,0.1,2025-03-16T23:00:00.000Z,2026-02-23T00:00:00.000Z,-1293.771851,-797.533928,72D8608A3F61187863B2935CD59DF1748DBBE9C831A243B758E9B3BF51E28CD9
RAW_HEDGED_GRID_T100_S020_EURUSD_TAIL_TRAIL_SMOKE_TAIL050_A1_TR1,0.1,2025-03-16T23:00:00.000Z,2026-02-16T00:00:00.000Z,-1230.262526,-734.024603,1FB90BCCA7311D07EE3E0A2117B80D3AE81F4C7492F65F9CCC2BB9727AC75F4B
RAW_HEDGED_GRID_T100_S020_EURUSD_TAIL_TRAIL_SMOKE_TAIL050_A1_TR1,0.1,2025-03-16T23:00:00.000Z,2025-12-22T00:00:00.000Z,-1212.218923,-715.981,28BA8902ACAD8DB5E515BB79F2A58BE85DC3601A7F296A2A3380E425589144C2
RAW_HEDGED_GRID_T100_S020_EURUSD_TAIL_TRAIL_SMOKE_TAIL050_A1_TR1,0.1,2025-03-16T23:00:00.000Z,2026-01-26T00:00:00.000Z,-1184.567266,-688.329343,B2F099D5057D90F7CCBB13C459A352CA31AC5760B4BCBCA938CCBB97E603D5BF
RAW_HEDGED_GRID_T100_S020_EURUSD_TAIL_TRAIL_SMOKE_TAIL050_A1_TR1,0.1,2025-03-16T23:00:00.000Z,2025-12-08T00:00:00.000Z,-1175.701338,-679.463415,7CAC80FEA6C40CE100FCC5BF50A8FDF5F61D6E369871D7BA0FE4FE5E31AD5479
RAW_HEDGED_GRID_T100_S020_EURUSD_TAIL_TRAIL_SMOKE_TAIL050_A1_TR1,0.1,2025-03-16T23:00:00.000Z,2025-12-15T00:00:00.000Z,-1105.599623,-609.3617,EA1D7203F32FFE2298CAE4D847D2F27B20BEED869746F0661C72BB0F038DC3AB
RAW_HEDGED_GRID_T100_S020_EURUSD_TAIL_TRAIL_SMOKE_TAIL050_A1_TR1,0.1,2025-03-16T23:00:00.000Z,2026-04-26T23:00:00.000Z,-1079.77073,-583.532807,5F2BF7052F3C07A3BDD56EF4BB1EC70162E0887F0C2DCA8208208961F7D45440
RAW_HEDGED_GRID_T100_S020_EURUSD_TAIL_TRAIL_SMOKE_TAIL050_A1_TR1,0.1,2025-03-16T23:00:00.000Z,2026-05-03T23:00:00.000Z,-1023.068177,-526.830254,CA184B5D76E0A21E7F6B1C39BE318D48AD18A62DAF6D585015D1D7A3E8063ECD
RAW_HEDGED_GRID_T100_S020_EURUSD_TAIL_TRAIL_SMOKE_TAIL050_A1_TR1,0.2,2024-05-05T23:00:00.000Z,2025-12-29T00:00:00.000Z,-1451.673834,-1415.585418,2520CB8F3A3D8439D7E0D603AEE5D9E364DD9EA82C8F141BF472F2BD14330789
RAW_HEDGED_GRID_T100_S020_EURUSD_TAIL_TRAIL_SMOKE_TAIL050_A1_TR1,0.2,2024-05-05T23:00:00.000Z,2026-02-23T00:00:00.000Z,-1418.522344,-1382.433928,003879F827A8505191F89D3884C5B0A78D2648522E7D7B104A1902C05D6564FF
RAW_HEDGED_GRID_T100_S020_EURUSD_TAIL_TRAIL_SMOKE_TAIL050_A1_TR1,0.2,2024-05-05T23:00:00.000Z,2026-01-19T00:00:00.000Z,-1417.225516,-1381.1371,51820A186E67A11467F061A11128BBD8DA36AE99FD0D2E97142F02C1ADC2724F
RAW_HEDGED_GRID_T100_S020_EURUSD_TAIL_TRAIL_SMOKE_TAIL050_A1_TR1,0.2,2024-05-05T23:00:00.000Z,2026-02-16T00:00:00.000Z,-1353.063019,-1316.974603,E678795CEBD6E2C2F705BB9F00DC31BF6484E9FF4B7145FA1BC6B3A0701991DE
RAW_HEDGED_GRID_T100_S020_EURUSD_TAIL_TRAIL_SMOKE_TAIL050_A1_TR1,0.2,2024-05-05T23:00:00.000Z,2025-12-22T00:00:00.000Z,-1317.519416,-1281.431,6404DC006953DE4768E0B257FCD45079628DD93710C3201F61D788BBC5FDC6AE
RAW_HEDGED_GRID_T100_S020_EURUSD_TAIL_TRAIL_SMOKE_TAIL050_A1_TR1,0.2,2024-05-05T23:00:00.000Z,2026-01-26T00:00:00.000Z,-1306.067759,-1269.979343,DA67EBEF56B29F6E5A34FE900E386728E11CDB0B7F7F48B38D173EDBA050CBD6
RAW_HEDGED_GRID_T100_S020_EURUSD_TAIL_TRAIL_SMOKE_TAIL050_A1_TR1,0.2,2024-05-05T23:00:00.000Z,2025-12-08T00:00:00.000Z,-1276.951831,-1240.863415,D4934571D566C5C18BF613CA63184697ED5F56371A32E336126C7AC15915A389
RAW_HEDGED_GRID_T100_S020_EURUSD_TAIL_TRAIL_SMOKE_TAIL050_A1_TR1,0.2,2024-05-05T23:00:00.000Z,2026-04-26T23:00:00.000Z,-1211.521223,-1175.432807,44389BBD712F1C7ADD095DD0CFF6EE3CA726999A6705D3740722DE6085F13A00
RAW_HEDGED_GRID_T100_S020_EURUSD_TAIL_TRAIL_SMOKE_TAIL050_A1_TR1,0.2,2024-05-05T23:00:00.000Z,2025-12-15T00:00:00.000Z,-1209.800116,-1173.7117,41D2DB597E1B2647EBFF6EED2DACC29DAFBB9DBA228EA7A38A5BB4D560BFEFCE
RAW_HEDGED_GRID_T100_S020_EURUSD_TAIL_TRAIL_SMOKE_TAIL050_A1_TR1,0.2,2024-05-05T23:00:00.000Z,2026-05-03T23:00:00.000Z,-1156.61867,-1120.530254,92867FB453629B1B74D1215203CE3FC602002F94C3469F170B3448F6FBE1AA00
RAW_HEDGED_GRID_T100_S020_EURUSD_TAIL_TRAIL_SMOKE_TAIL050_A1_TR1,0.5,,2026-02-23T00:00:00.000Z,-3137.133928,-3137.133928,544B69872FE64C9FBD7AB6E0DFB6CA783D132D64A7EB218F46E5FD05E4EFF93B
RAW_HEDGED_GRID_T100_S020_EURUSD_TAIL_TRAIL_SMOKE_TAIL050_A1_TR1,0.5,,2025-12-29T00:00:00.000Z,-3122.690418,-3122.690418,A49CCE9A1AA1AA1D7EDDA64C0CCA710B4D16BA67CABA3162ECFAFD91BC70F483
RAW_HEDGED_GRID_T100_S020_EURUSD_TAIL_TRAIL_SMOKE_TAIL050_A1_TR1,0.5,,2026-01-19T00:00:00.000Z,-3110.1646,-3110.1646,2BD223C2E3454DBEE8B2F0793C20E03100B01E5C56749D9DCD4BD2D206E72A04
RAW_HEDGED_GRID_T100_S020_EURUSD_TAIL_TRAIL_SMOKE_TAIL050_A1_TR1,0.5,,2026-02-16T00:00:00.000Z,-3065.824603,-3065.824603,147D85788C3515D1EF391044984263DFA253E7D26235C656A2E95EE572D3AF0D
RAW_HEDGED_GRID_T100_S020_EURUSD_TAIL_TRAIL_SMOKE_TAIL050_A1_TR1,0.5,,2026-01-26T00:00:00.000Z,-3014.929343,-3014.929343,08508999A44A8E54319271ABE6431E61A9968BFDED3863CBB05A52486640DA46
RAW_HEDGED_GRID_T100_S020_EURUSD_TAIL_TRAIL_SMOKE_TAIL050_A1_TR1,0.5,,2025-12-22T00:00:00.000Z,-2977.781,-2977.781,15E4C8B4A91175C9C8FCF39F18C3BA290050685F7F9458E23BF7C836C4A640B8
RAW_HEDGED_GRID_T100_S020_EURUSD_TAIL_TRAIL_SMOKE_TAIL050_A1_TR1,0.5,,2026-04-26T23:00:00.000Z,-2951.132807,-2951.132807,02BA1BD15D515BCEE3003E7B2050F8591B540EE46E74E7EE851D4C548044DBE1
RAW_HEDGED_GRID_T100_S020_EURUSD_TAIL_TRAIL_SMOKE_TAIL050_A1_TR1,0.5,,2025-12-08T00:00:00.000Z,-2925.063415,-2925.063415,F300F775552F3719D27CD64E8C4C268766D574984B5CE85DC40FAE6048383E2A
RAW_HEDGED_GRID_T100_S020_EURUSD_TAIL_TRAIL_SMOKE_TAIL050_A1_TR1,0.5,,2026-05-03T23:00:00.000Z,-2901.630254,-2901.630254,2DC1FB1923063F7DA3F64F1278AA3DCE85E68CBD2E0D912C04BCC9A2149ECF32
RAW_HEDGED_GRID_T100_S020_EURUSD_TAIL_TRAIL_SMOKE_TAIL050_A1_TR1,0.5,,2025-12-15T00:00:00.000Z,-2866.7617,-2866.7617,02FE984CB1B0ACDD2B6FABB2F04C3135D742AF4066D52CB9298BC78763321251
RAW_HEDGED_GRID_T100_S020_EURUSD_TAIL_TRAIL_SMOKE_TAIL050_A1_TR2,0,2025-03-16T23:00:00.000Z,2025-12-29T00:00:00.000Z,-1269.96877,-279.580954,3EED5134F6D845DA6606E7CD67D8E7465D57EE818A14BAFA6A3CBFAC092889DB
RAW_HEDGED_GRID_T100_S020_EURUSD_TAIL_TRAIL_SMOKE_TAIL050_A1_TR2,0,2025-03-16T23:00:00.000Z,2026-01-19T00:00:00.000Z,-1220.949695,-230.561879,A8CF674DC213DF3DD72F63FECAC3D5EF8BB6978047DB865FC99D9FA3F90E687B
RAW_HEDGED_GRID_T100_S020_EURUSD_TAIL_TRAIL_SMOKE_TAIL050_A1_TR2,0,2025-03-16T23:00:00.000Z,2026-02-23T00:00:00.000Z,-1204.671755,-214.283939,A2093BFDFF146533E9B6D043182B7CA707947B36CA3C1BF1CA2B463C9A0F4B0F
RAW_HEDGED_GRID_T100_S020_EURUSD_TAIL_TRAIL_SMOKE_TAIL050_A1_TR2,0,2025-03-16T23:00:00.000Z,2026-02-16T00:00:00.000Z,-1143.057675,-152.669859,2E8C61369B2C75F329BD92E4ADAF0A0AFC6C833D16F036E852E2ECAF4ED1ADFB
RAW_HEDGED_GRID_T100_S020_EURUSD_TAIL_TRAIL_SMOKE_TAIL050_A1_TR2,0,2025-03-16T23:00:00.000Z,2025-12-22T00:00:00.000Z,-1142.72678,-152.338964,8D11BECE61885FE0BCAA481E3E59CFB845E8B217CC879B762F43E406831DCF9D
RAW_HEDGED_GRID_T100_S020_EURUSD_TAIL_TRAIL_SMOKE_TAIL050_A1_TR2,0,2025-03-16T23:00:00.000Z,2025-12-08T00:00:00.000Z,-1110.042514,-119.654698,026BA59BC3DE482975F8E40C9A574625931D8E458AFD3B8BD816730F4A01D720
RAW_HEDGED_GRID_T100_S020_EURUSD_TAIL_TRAIL_SMOKE_TAIL050_A1_TR2,0,2025-03-16T23:00:00.000Z,2026-01-26T00:00:00.000Z,-1098.608592,-108.220776,090053F9839C6F5BF655AAFE9907139B174B5FD1777CAB5A99E8376C55B08606
RAW_HEDGED_GRID_T100_S020_EURUSD_TAIL_TRAIL_SMOKE_TAIL050_A1_TR2,0,2025-03-16T23:00:00.000Z,2025-12-15T00:00:00.000Z,-1037.079172,-46.691356,B052E78223484B4EB490F3B18BB78CE3BBAB61A894B063632782FC2831B827AF
RAW_HEDGED_GRID_T100_S020_EURUSD_TAIL_TRAIL_SMOKE_TAIL050_A1_TR2,0,2025-03-16T23:00:00.000Z,2026-04-26T23:00:00.000Z,-984.267303,6.120513,98BA26FB1D7CE7967FA980B1EBCAA9B8345A26679988B37AEC6D038DFA1CCF53
RAW_HEDGED_GRID_T100_S020_EURUSD_TAIL_TRAIL_SMOKE_TAIL050_A1_TR2,0,2020-06-14T23:00:00.000Z,2021-02-22T00:00:00.000Z,-937.921224,-807.028459,AF53CB2370CA168CAD99D08C3F0720D8A7028CDCC12EE2690EA522501AAD234B
RAW_HEDGED_GRID_T100_S020_EURUSD_TAIL_TRAIL_SMOKE_TAIL050_A1_TR2,0.0025,2025-03-16T23:00:00.000Z,2025-12-29T00:00:00.000Z,-1271.800899,-293.806862,03BA33031464A1D62B29DD0A6DC60BBB5EBF9D9A4B5369022BBA1E758A80B5F5
RAW_HEDGED_GRID_T100_S020_EURUSD_TAIL_TRAIL_SMOKE_TAIL050_A1_TR2,0.0025,2025-03-16T23:00:00.000Z,2026-01-19T00:00:00.000Z,-1222.964324,-244.970287,245A43BA16FAC6C36D1EA33EC2BD8E00CCFE4C8E243669336FD1CCD821764D2A
RAW_HEDGED_GRID_T100_S020_EURUSD_TAIL_TRAIL_SMOKE_TAIL050_A1_TR2,0.0025,2025-03-16T23:00:00.000Z,2026-02-23T00:00:00.000Z,-1206.900509,-228.906472,F1210D9FDD3C619B8E3CCDBB001C570FBBBC6B05EBE2638C513536390EB04A6A
RAW_HEDGED_GRID_T100_S020_EURUSD_TAIL_TRAIL_SMOKE_TAIL050_A1_TR2,0.0025,2025-03-16T23:00:00.000Z,2026-02-16T00:00:00.000Z,-1145.237679,-167.243642,4FC6F651D6961CAEA1500D8CE2A5C4464DBDCEEC166C144551CEA8DEBD03D1BF
RAW_HEDGED_GRID_T100_S020_EURUSD_TAIL_TRAIL_SMOKE_TAIL050_A1_TR2,0.0025,2025-03-16T23:00:00.000Z,2025-12-22T00:00:00.000Z,-1144.469284,-166.475247,D688AC6CDB99ECB18157E340CD94BF0D1D1F272F286CE1819B6D4006552C76C9
RAW_HEDGED_GRID_T100_S020_EURUSD_TAIL_TRAIL_SMOKE_TAIL050_A1_TR2,0.0025,2025-03-16T23:00:00.000Z,2025-12-08T00:00:00.000Z,-1111.683768,-133.689731,E61034E6B4FF1A57F58F371937D9CE025C90403BAE4B11B922BFEB9F59D50606
RAW_HEDGED_GRID_T100_S020_EURUSD_TAIL_TRAIL_SMOKE_TAIL050_A1_TR2,0.0025,2025-03-16T23:00:00.000Z,2026-01-26T00:00:00.000Z,-1100.756096,-122.762059,850002C3B5D416FCA24DE1FFBF501153E79472B2BCAB21D4C8D81C1ABD433811
RAW_HEDGED_GRID_T100_S020_EURUSD_TAIL_TRAIL_SMOKE_TAIL050_A1_TR2,0.0025,2025-03-16T23:00:00.000Z,2025-12-15T00:00:00.000Z,-1038.794176,-60.800139,F8E34758AF1F16160E47AAAEE5877C532F1BDF75DB216A03AEE97B1048036546
RAW_HEDGED_GRID_T100_S020_EURUSD_TAIL_TRAIL_SMOKE_TAIL050_A1_TR2,0.0025,2025-03-16T23:00:00.000Z,2026-04-26T23:00:00.000Z,-986.670871,-8.676834,818B82E6CA2BD056ABC370DD02BFD7F1E97BDFC4259FF3319AB51AB02E36D1A2
RAW_HEDGED_GRID_T100_S020_EURUSD_TAIL_TRAIL_SMOKE_TAIL050_A1_TR2,0.0025,2020-06-14T23:00:00.000Z,2021-02-22T00:00:00.000Z,-939.55873,-810.455968,6A44A3B3EA8B525789BA6D937FF824367D950CF63E76349C3437E17415DE8335
RAW_HEDGED_GRID_T100_S020_EURUSD_TAIL_TRAIL_SMOKE_TAIL050_A1_TR2,0.005,2025-03-16T23:00:00.000Z,2025-12-29T00:00:00.000Z,-1273.63302,-308.032704,D064E4255F093ADDFCE9E8A724CEDD07A8979EC624D7E82A5F82127D81A03AAD
RAW_HEDGED_GRID_T100_S020_EURUSD_TAIL_TRAIL_SMOKE_TAIL050_A1_TR2,0.005,2025-03-16T23:00:00.000Z,2026-01-19T00:00:00.000Z,-1224.978945,-259.378629,FB1AF4BA2C19352B0AC402EF14E042E476E405F29B3D3CE1D005CF6EB42ADEB3
RAW_HEDGED_GRID_T100_S020_EURUSD_TAIL_TRAIL_SMOKE_TAIL050_A1_TR2,0.005,2025-03-16T23:00:00.000Z,2026-02-23T00:00:00.000Z,-1209.129255,-243.528939,300E62D6FBE46361E92551BF33E24663B70F962763E27D3D27FCC1E8B9658A28
RAW_HEDGED_GRID_T100_S020_EURUSD_TAIL_TRAIL_SMOKE_TAIL050_A1_TR2,0.005,2025-03-16T23:00:00.000Z,2026-02-16T00:00:00.000Z,-1147.417675,-181.817359,5A1ACB624BF2496EC5C12A19DC1E280908192B926831B32E5A843AFC448FF3AE
RAW_HEDGED_GRID_T100_S020_EURUSD_TAIL_TRAIL_SMOKE_TAIL050_A1_TR2,0.005,2025-03-16T23:00:00.000Z,2025-12-22T00:00:00.000Z,-1146.21178,-180.611464,612312A4CD8387992C2CAD60C544822BE86865D340993E5CF4B9492045039CB8
RAW_HEDGED_GRID_T100_S020_EURUSD_TAIL_TRAIL_SMOKE_TAIL050_A1_TR2,0.005,2025-03-16T23:00:00.000Z,2025-12-08T00:00:00.000Z,-1113.325014,-147.724698,ABCF02521132165B7A55D247989E4CCFA7FFD448B540B38FF1400494F3080CCA
RAW_HEDGED_GRID_T100_S020_EURUSD_TAIL_TRAIL_SMOKE_TAIL050_A1_TR2,0.005,2025-03-16T23:00:00.000Z,2026-01-26T00:00:00.000Z,-1102.903592,-137.303276,1B1F6E359501604568086BAA9650A4C53D09198A4AA43CA3A60490AC935FE67C
RAW_HEDGED_GRID_T100_S020_EURUSD_TAIL_TRAIL_SMOKE_TAIL050_A1_TR2,0.005,2025-03-16T23:00:00.000Z,2025-12-15T00:00:00.000Z,-1040.509172,-74.908856,90C72D22FC8DD43B77DAEDB86EDCD70DE6AAE57BD7F305900BCC43727BDDDDEC
RAW_HEDGED_GRID_T100_S020_EURUSD_TAIL_TRAIL_SMOKE_TAIL050_A1_TR2,0.005,2025-03-16T23:00:00.000Z,2026-04-26T23:00:00.000Z,-989.074428,-23.474112,AB89C775F0062B5CE0419C584890B8C13C16F1A2E910A4D38EEFD7CDD4B58D84
RAW_HEDGED_GRID_T100_S020_EURUSD_TAIL_TRAIL_SMOKE_TAIL050_A1_TR2,0.005,2020-06-14T23:00:00.000Z,2021-02-22T00:00:00.000Z,-941.196224,-813.883459,6CCC85EF9615B749B782EAB80C86E35E9E230F43F46ED73896AEB47BCAD4CED0
RAW_HEDGED_GRID_T100_S020_EURUSD_TAIL_TRAIL_SMOKE_TAIL050_A1_TR2,0.01,2025-03-16T23:00:00.000Z,2025-12-29T00:00:00.000Z,-1277.29727,-336.484454,2DC1BD78418F8CDF449D712159EE563401DEDA65CE59A05B3B314DB9CFA2C9E3
RAW_HEDGED_GRID_T100_S020_EURUSD_TAIL_TRAIL_SMOKE_TAIL050_A1_TR2,0.01,2025-03-16T23:00:00.000Z,2026-01-19T00:00:00.000Z,-1229.008195,-288.195379,DF42A6420D5BBAA8D6D622583A8345317750E5C6AC406FF5E66F3595AC528219
RAW_HEDGED_GRID_T100_S020_EURUSD_TAIL_TRAIL_SMOKE_TAIL050_A1_TR2,0.01,2025-03-16T23:00:00.000Z,2026-02-23T00:00:00.000Z,-1213.586755,-272.773939,7C97CBC56B65DB13BEA6B3A25718807FF9EACDC814E5C91E0FDFA9E50EF1F712
RAW_HEDGED_GRID_T100_S020_EURUSD_TAIL_TRAIL_SMOKE_TAIL050_A1_TR2,0.01,2025-03-16T23:00:00.000Z,2026-02-16T00:00:00.000Z,-1151.777675,-210.964859,16CA1590A637FC0B51716461E4C21D9A30CF8645E7CE0DA9ABD6126235A63166
RAW_HEDGED_GRID_T100_S020_EURUSD_TAIL_TRAIL_SMOKE_TAIL050_A1_TR2,0.01,2025-03-16T23:00:00.000Z,2025-12-22T00:00:00.000Z,-1149.69678,-208.883964,1CB9B3D768100542A02186E8D48EB9408BCE620EEF65714527CF7A91FCD3B5CD
RAW_HEDGED_GRID_T100_S020_EURUSD_TAIL_TRAIL_SMOKE_TAIL050_A1_TR2,0.01,2025-03-16T23:00:00.000Z,2025-12-08T00:00:00.000Z,-1116.607514,-175.794698,3DD043311AFD48D4C70B3097054193B860B71CA8CEFA4C05EB66D2375ABE415A
RAW_HEDGED_GRID_T100_S020_EURUSD_TAIL_TRAIL_SMOKE_TAIL050_A1_TR2,0.01,2025-03-16T23:00:00.000Z,2026-01-26T00:00:00.000Z,-1107.198592,-166.385776,80EAB11C64195E73A1BC0A7F0EAB291CF52E5F661DCFBF9A599E43F2DAA9E99B
RAW_HEDGED_GRID_T100_S020_EURUSD_TAIL_TRAIL_SMOKE_TAIL050_A1_TR2,0.01,2025-03-16T23:00:00.000Z,2025-12-15T00:00:00.000Z,-1043.939172,-103.126356,4F2B55589ECBB79C36A6F85ADDA533D1C5692310A92CCCCC022968A87EEE7759
RAW_HEDGED_GRID_T100_S020_EURUSD_TAIL_TRAIL_SMOKE_TAIL050_A1_TR2,0.01,2025-03-16T23:00:00.000Z,2026-04-26T23:00:00.000Z,-993.881553,-53.068737,E396CC00F789169C277B6E9FD87099F523C7173D627A9B793E793F98090E8777
RAW_HEDGED_GRID_T100_S020_EURUSD_TAIL_TRAIL_SMOKE_TAIL050_A1_TR2,0.01,2020-06-14T23:00:00.000Z,2021-02-22T00:00:00.000Z,-944.471224,-820.738459,B93FFA65BC36EA09AA0A60543A9727A31C920B17A7BEF80321677802FC9F9E22
RAW_HEDGED_GRID_T100_S020_EURUSD_TAIL_TRAIL_SMOKE_TAIL050_A1_TR2,0.02,2025-03-16T23:00:00.000Z,2025-12-29T00:00:00.000Z,-1284.62577,-393.387954,37DBDC699E604A505156B81143E31CBE3C848EEE5CAD07E8D9B67C54EBAF9D81
RAW_HEDGED_GRID_T100_S020_EURUSD_TAIL_TRAIL_SMOKE_TAIL050_A1_TR2,0.02,2025-03-16T23:00:00.000Z,2026-01-19T00:00:00.000Z,-1237.066695,-345.828879,EDE439AE832F38E2CF8A2D6B570A618850274065368D8DEF99B1FB4F19255922
RAW_HEDGED_GRID_T100_S020_EURUSD_TAIL_TRAIL_SMOKE_TAIL050_A1_TR2,0.02,2025-03-16T23:00:00.000Z,2026-02-23T00:00:00.000Z,-1222.501755,-331.263939,D0F8AFEDAAB0CD704E9776B99E9245273759DD620976EE572EFF961165C4FDF4
RAW_HEDGED_GRID_T100_S020_EURUSD_TAIL_TRAIL_SMOKE_TAIL050_A1_TR2,0.02,2025-03-16T23:00:00.000Z,2026-02-16T00:00:00.000Z,-1160.497675,-269.259859,1840694131D36DD5BDFD6885ACFE742ADCB24900B0FFDEF73D115B95E4B3DDD5
RAW_HEDGED_GRID_T100_S020_EURUSD_TAIL_TRAIL_SMOKE_TAIL050_A1_TR2,0.02,2025-03-16T23:00:00.000Z,2025-12-22T00:00:00.000Z,-1156.66678,-265.428964,9C8F58B904C7DF4A4591E766CE96D51F971252D072A9023D54799BB52F9ABD69
RAW_HEDGED_GRID_T100_S020_EURUSD_TAIL_TRAIL_SMOKE_TAIL050_A1_TR2,0.02,2025-03-16T23:00:00.000Z,2025-12-08T00:00:00.000Z,-1123.172514,-231.934698,31D1096C5B0F7AD2333DFC5A51AAB3F86120CEDEF2F05BECB78A22984FD030EB
RAW_HEDGED_GRID_T100_S020_EURUSD_TAIL_TRAIL_SMOKE_TAIL050_A1_TR2,0.02,2025-03-16T23:00:00.000Z,2026-01-26T00:00:00.000Z,-1115.788592,-224.550776,3493A0266DE39B1B83A4553FAC9492658DDD9A5BC667AFB8DD0B1009A60D952F
RAW_HEDGED_GRID_T100_S020_EURUSD_TAIL_TRAIL_SMOKE_TAIL050_A1_TR2,0.02,2025-03-16T23:00:00.000Z,2025-12-15T00:00:00.000Z,-1050.799172,-159.561356,383CBD2F6EF961AE8FFCAB963E4FC9C44540259FC3F86D0EC9A276EC839CC5DC
RAW_HEDGED_GRID_T100_S020_EURUSD_TAIL_TRAIL_SMOKE_TAIL050_A1_TR2,0.02,2025-03-16T23:00:00.000Z,2026-04-26T23:00:00.000Z,-1003.495803,-112.257987,6A561C538E6D7ED4C69AF9CFC459664E51BB058BCEE2DC31ABDC546E306E97EC
RAW_HEDGED_GRID_T100_S020_EURUSD_TAIL_TRAIL_SMOKE_TAIL050_A1_TR2,0.02,2020-06-14T23:00:00.000Z,2021-02-22T00:00:00.000Z,-951.021224,-834.448459,CE4BF72AD219F604D8B815FDCD6BB7704AB245A03FD651F7A735FFFB8D25AEC6
RAW_HEDGED_GRID_T100_S020_EURUSD_TAIL_TRAIL_SMOKE_TAIL050_A1_TR2,0.05,2025-03-16T23:00:00.000Z,2025-12-29T00:00:00.000Z,-1306.61127,-564.098454,6D62673AC9C46E95DE85B573FA9C02F5B642F3BFD434CA29D36018F148569F03
RAW_HEDGED_GRID_T100_S020_EURUSD_TAIL_TRAIL_SMOKE_TAIL050_A1_TR2,0.05,2025-03-16T23:00:00.000Z,2026-01-19T00:00:00.000Z,-1261.242195,-518.729379,E75E50C95A6A0E597AA9ACAF6163757ACE3809E4E3BC45F1B0483166EE20EF8A
RAW_HEDGED_GRID_T100_S020_EURUSD_TAIL_TRAIL_SMOKE_TAIL050_A1_TR2,0.05,2025-03-16T23:00:00.000Z,2026-02-23T00:00:00.000Z,-1249.246755,-506.733939,EA738B139B6A9D46B50C90DE9950172BBB77CF2744EB168F324FCDA57385DD51
RAW_HEDGED_GRID_T100_S020_EURUSD_TAIL_TRAIL_SMOKE_TAIL050_A1_TR2,0.05,2025-03-16T23:00:00.000Z,2026-02-16T00:00:00.000Z,-1186.657675,-444.144859,3E77DF5FF4092E06F7393C256D12558C6D5302120300BBA921699D2012EA021B
RAW_HEDGED_GRID_T100_S020_EURUSD_TAIL_TRAIL_SMOKE_TAIL050_A1_TR2,0.05,2025-03-16T23:00:00.000Z,2025-12-22T00:00:00.000Z,-1177.57678,-435.063964,62FD63965DB9761BD76D6CF379B963AC85FD9CCBA36E52D9B0188AEEF2E6C547
RAW_HEDGED_GRID_T100_S020_EURUSD_TAIL_TRAIL_SMOKE_TAIL050_A1_TR2,0.05,2025-03-16T23:00:00.000Z,2025-12-08T00:00:00.000Z,-1142.867514,-400.354698,03B1D8962BC6A2A3BB2B2D489DDF86ECD341BE9524121B0A16BE15DB4D747F1E
RAW_HEDGED_GRID_T100_S020_EURUSD_TAIL_TRAIL_SMOKE_TAIL050_A1_TR2,0.05,2025-03-16T23:00:00.000Z,2026-01-26T00:00:00.000Z,-1141.558592,-399.045776,D7D3AF0494F8FC71C1254E698D031F969DE52C0DED3A3C830BA2FCF636DB30AF
RAW_HEDGED_GRID_T100_S020_EURUSD_TAIL_TRAIL_SMOKE_TAIL050_A1_TR2,0.05,2025-03-16T23:00:00.000Z,2025-12-15T00:00:00.000Z,-1071.379172,-328.866356,55398B37D4FE1FD8B8B92EDB67E1D2D4426D7746198A9C08F998AE4B5440DA6D
RAW_HEDGED_GRID_T100_S020_EURUSD_TAIL_TRAIL_SMOKE_TAIL050_A1_TR2,0.05,2025-03-16T23:00:00.000Z,2026-04-26T23:00:00.000Z,-1032.338553,-289.825737,80A6114667CB12324AA5B7CD7D81049BFD054DC3DCE27561A1DD85C70AA17FFE
RAW_HEDGED_GRID_T100_S020_EURUSD_TAIL_TRAIL_SMOKE_TAIL050_A1_TR2,0.05,2025-03-16T23:00:00.000Z,2026-05-03T23:00:00.000Z,-974.878988,-232.366172,BDC86B78C4274B90E46E832A07E41040126375DE434284BDB803B140491284E5
RAW_HEDGED_GRID_T100_S020_EURUSD_TAIL_TRAIL_SMOKE_TAIL050_A1_TR2,0.1,2025-03-16T23:00:00.000Z,2025-12-29T00:00:00.000Z,-1343.25377,-848.615954,62380B2D1F006BB2BF79140675AFD2AFE128CA45BC9448670883B12D7D9BEBB5
RAW_HEDGED_GRID_T100_S020_EURUSD_TAIL_TRAIL_SMOKE_TAIL050_A1_TR2,0.1,2025-03-16T23:00:00.000Z,2026-01-19T00:00:00.000Z,-1301.534695,-806.896879,48A263357A5F75D8D97DF4D8EBF3898F98604CA39379A3EDC6172D290F2F1DC6
RAW_HEDGED_GRID_T100_S020_EURUSD_TAIL_TRAIL_SMOKE_TAIL050_A1_TR2,0.1,2025-03-16T23:00:00.000Z,2026-02-23T00:00:00.000Z,-1293.821755,-799.183939,A1596C7D87B70C1757BB8FF8922483EF5C1A315935372AFEA9162B8E8C591125
RAW_HEDGED_GRID_T100_S020_EURUSD_TAIL_TRAIL_SMOKE_TAIL050_A1_TR2,0.1,2025-03-16T23:00:00.000Z,2026-02-16T00:00:00.000Z,-1230.257675,-735.619859,47606B97F34CC05E9C939F101E7AA6B9AFA353A4AC2A2D56348737F32C501BB2
RAW_HEDGED_GRID_T100_S020_EURUSD_TAIL_TRAIL_SMOKE_TAIL050_A1_TR2,0.1,2025-03-16T23:00:00.000Z,2025-12-22T00:00:00.000Z,-1212.42678,-717.788964,9717560EA97CB885E5C0E2237D3831A9FE5D071B952F753F5E427D050FA16CF1
RAW_HEDGED_GRID_T100_S020_EURUSD_TAIL_TRAIL_SMOKE_TAIL050_A1_TR2,0.1,2025-03-16T23:00:00.000Z,2026-01-26T00:00:00.000Z,-1184.508592,-689.870776,435BCCC7ED3F450FCAF51D7C643F359BE22F2BF55D60C93965187A0B93C281A0
RAW_HEDGED_GRID_T100_S020_EURUSD_TAIL_TRAIL_SMOKE_TAIL050_A1_TR2,0.1,2025-03-16T23:00:00.000Z,2025-12-08T00:00:00.000Z,-1175.692514,-681.054698,B7772152DA62D7E20615F1442B5B75AEBC372CB0B9676D5098BF5E08575AA7DE
RAW_HEDGED_GRID_T100_S020_EURUSD_TAIL_TRAIL_SMOKE_TAIL050_A1_TR2,0.1,2025-03-16T23:00:00.000Z,2025-12-15T00:00:00.000Z,-1105.679172,-611.041356,498FA2A7DA3163C1FAC1BE444957C2FE758A43071F28557183879A9893024121
RAW_HEDGED_GRID_T100_S020_EURUSD_TAIL_TRAIL_SMOKE_TAIL050_A1_TR2,0.1,2025-03-16T23:00:00.000Z,2026-04-26T23:00:00.000Z,-1080.409803,-585.771987,E99D5B26E3C9703F49B76B42713C95D441FF1DCCA975A57027CE5943402E94A2
RAW_HEDGED_GRID_T100_S020_EURUSD_TAIL_TRAIL_SMOKE_TAIL050_A1_TR2,0.1,2025-03-16T23:00:00.000Z,2026-05-03T23:00:00.000Z,-1023.846488,-529.208672,5824A9C36060E9EC358F70FC6D6CB454F9F5B825CD1A1897AA72669EB7181C9B
RAW_HEDGED_GRID_T100_S020_EURUSD_TAIL_TRAIL_SMOKE_TAIL050_A1_TR2,0.2,2024-05-05T23:00:00.000Z,2025-12-29T00:00:00.000Z,-1452.888355,-1417.650954,C2CD475BC88C49EAF5742D4ABBED8DD01FB299D92EE5A1DF77C9F8664845CC4C
RAW_HEDGED_GRID_T100_S020_EURUSD_TAIL_TRAIL_SMOKE_TAIL050_A1_TR2,0.2,2024-05-05T23:00:00.000Z,2026-02-23T00:00:00.000Z,-1419.32134,-1384.083939,2E86A9455050E8E8FD68E2DFD3575CEBD47605257174728EA593730CC48A523D
RAW_HEDGED_GRID_T100_S020_EURUSD_TAIL_TRAIL_SMOKE_TAIL050_A1_TR2,0.2,2024-05-05T23:00:00.000Z,2026-01-19T00:00:00.000Z,-1418.46928,-1383.231879,1E49FD4CFC98AAF3E693ADB2FAABD8CF630BB303FF8E0BAC57D3BFE586C7112F
RAW_HEDGED_GRID_T100_S020_EURUSD_TAIL_TRAIL_SMOKE_TAIL050_A1_TR2,0.2,2024-05-05T23:00:00.000Z,2026-02-16T00:00:00.000Z,-1353.80726,-1318.569859,217DB8DAC70855777F0D86542BFE1F164758A733908A697AF2C17CC79E3D1D15
RAW_HEDGED_GRID_T100_S020_EURUSD_TAIL_TRAIL_SMOKE_TAIL050_A1_TR2,0.2,2024-05-05T23:00:00.000Z,2025-12-22T00:00:00.000Z,-1318.476365,-1283.238964,F0CDCDB58BC4CCEC78144D06BEC008F36B0965580569E5908F7D6BE5F3FC858C
RAW_HEDGED_GRID_T100_S020_EURUSD_TAIL_TRAIL_SMOKE_TAIL050_A1_TR2,0.2,2024-05-05T23:00:00.000Z,2026-01-26T00:00:00.000Z,-1306.758177,-1271.520776,0CD3C0C5EE282240D7FB0F7136543B133201CD629B770AED15690763CA8BCC48
RAW_HEDGED_GRID_T100_S020_EURUSD_TAIL_TRAIL_SMOKE_TAIL050_A1_TR2,0.2,2024-05-05T23:00:00.000Z,2025-12-08T00:00:00.000Z,-1277.692099,-1242.454698,EA29F526D6CC49BE168F77F92161A0B01B1AC83618EC1CDE5DFEFAE2E8EBB740
RAW_HEDGED_GRID_T100_S020_EURUSD_TAIL_TRAIL_SMOKE_TAIL050_A1_TR2,0.2,2024-05-05T23:00:00.000Z,2026-04-26T23:00:00.000Z,-1212.901888,-1177.664487,E52B4C2493CE32C18AC9CB764B3271041F1D4FAE0719F7CDEEBB3B77A8278531
RAW_HEDGED_GRID_T100_S020_EURUSD_TAIL_TRAIL_SMOKE_TAIL050_A1_TR2,0.2,2024-05-05T23:00:00.000Z,2025-12-15T00:00:00.000Z,-1210.628757,-1175.391356,AB61890D5E5ECE615B404DF42AADE77441BE6CDA852AB1B271D6E5F00A3F3D39
RAW_HEDGED_GRID_T100_S020_EURUSD_TAIL_TRAIL_SMOKE_TAIL050_A1_TR2,0.2,2024-05-05T23:00:00.000Z,2026-05-03T23:00:00.000Z,-1158.131073,-1122.893672,8F36DDED85CA5B226932B5BF8FE2B9D98A4F267E6885B59D5CC0455375ED5D3B
RAW_HEDGED_GRID_T100_S020_EURUSD_TAIL_TRAIL_SMOKE_TAIL050_A1_TR2,0.5,,2026-02-23T00:00:00.000Z,-3138.783939,-3138.783939,8810E767E834BB5C4E125332A6EE814E280D1190C66F733F3A499DC71208FD8D
RAW_HEDGED_GRID_T100_S020_EURUSD_TAIL_TRAIL_SMOKE_TAIL050_A1_TR2,0.5,,2025-12-29T00:00:00.000Z,-3124.755954,-3124.755954,BCD640AE3EDC1B062B8151EFCD3928154049988CCC91708709EADB6249F2392F
RAW_HEDGED_GRID_T100_S020_EURUSD_TAIL_TRAIL_SMOKE_TAIL050_A1_TR2,0.5,,2026-01-19T00:00:00.000Z,-3112.236879,-3112.236879,B4902B90C1B61CF8F7EB2C6FB5AA50041F0EC967386FFD2D952A9076AC078525
RAW_HEDGED_GRID_T100_S020_EURUSD_TAIL_TRAIL_SMOKE_TAIL050_A1_TR2,0.5,,2026-02-16T00:00:00.000Z,-3067.419859,-3067.419859,F6C8B45F08846DC78A52B003073DFEBE2BB6259618D209EC18967E710F229BAA
RAW_HEDGED_GRID_T100_S020_EURUSD_TAIL_TRAIL_SMOKE_TAIL050_A1_TR2,0.5,,2026-01-26T00:00:00.000Z,-3016.470776,-3016.470776,0E132AAAFBF7FD45D41498E2436F5A4AF85962C1522CDA127558E39F98C65968
RAW_HEDGED_GRID_T100_S020_EURUSD_TAIL_TRAIL_SMOKE_TAIL050_A1_TR2,0.5,,2025-12-22T00:00:00.000Z,-2979.588964,-2979.588964,218887DEDBAD690C21D8FB313A0CE2EEA789592A0949082D91F5BD8D6E595B0F
RAW_HEDGED_GRID_T100_S020_EURUSD_TAIL_TRAIL_SMOKE_TAIL050_A1_TR2,0.5,,2026-04-26T23:00:00.000Z,-2953.341987,-2953.341987,47883C225209F8C78244BF530A4DA6895E6F8CE7E006BE84A51424E6B50BFAA5
RAW_HEDGED_GRID_T100_S020_EURUSD_TAIL_TRAIL_SMOKE_TAIL050_A1_TR2,0.5,,2025-12-08T00:00:00.000Z,-2926.654698,-2926.654698,65D32AA0DAC71B8B26C92F7141C59B10E88B3AD9E8CC2E216F52B321E144DCED
RAW_HEDGED_GRID_T100_S020_EURUSD_TAIL_TRAIL_SMOKE_TAIL050_A1_TR2,0.5,,2026-05-03T23:00:00.000Z,-2903.948672,-2903.948672,9B831C5DFA7F86E4F9DBDD30B7A760214BF14804E66ECDA2F548324E1805F3BC
RAW_HEDGED_GRID_T100_S020_EURUSD_TAIL_TRAIL_SMOKE_TAIL050_A1_TR2,0.5,,2025-12-15T00:00:00.000Z,-2868.441356,-2868.441356,3B6501C12BD072649E1021F76C9B8AF690B92833C88D41C645BC60D00A33C909
RAW_HEDGED_GRID_T100_S020_EURUSD_TAIL_TRAIL_SMOKE_TAIL050_A1_TR3,0,2025-03-16T23:00:00.000Z,2025-12-29T00:00:00.000Z,-1271.019793,-278.102944,0D5F21B3BC55BF7462BA1B11CD20C351B5A394D128150A0B812340C805B0FC85
RAW_HEDGED_GRID_T100_S020_EURUSD_TAIL_TRAIL_SMOKE_TAIL050_A1_TR3,0,2025-03-16T23:00:00.000Z,2026-01-19T00:00:00.000Z,-1222.432049,-229.5152,D5794CC4DC2DA5EE3532651031F21AE2D5FE807095104AFC02E77409F45EE5F2
RAW_HEDGED_GRID_T100_S020_EURUSD_TAIL_TRAIL_SMOKE_TAIL050_A1_TR3,0,2025-03-16T23:00:00.000Z,2026-02-23T00:00:00.000Z,-1205.649323,-212.732474,B3C374BC66289579312DABAC99D616693E6030DED835AE4143979CE47AACB9F9
RAW_HEDGED_GRID_T100_S020_EURUSD_TAIL_TRAIL_SMOKE_TAIL050_A1_TR3,0,2025-03-16T23:00:00.000Z,2026-02-16T00:00:00.000Z,-1143.993149,-151.0763,6802B0E3ECE6661BBD72CFA899E8536513EE16BA3C0824E3A3CF32BEC4DA3D5B
RAW_HEDGED_GRID_T100_S020_EURUSD_TAIL_TRAIL_SMOKE_TAIL050_A1_TR3,0,2025-03-16T23:00:00.000Z,2025-12-22T00:00:00.000Z,-1143.410067,-150.493218,CA8DEFD124F00EBA87593B718A722FC4E990BF8007223D49D984326DA86D5C72
RAW_HEDGED_GRID_T100_S020_EURUSD_TAIL_TRAIL_SMOKE_TAIL050_A1_TR3,0,2025-03-16T23:00:00.000Z,2025-12-08T00:00:00.000Z,-1110.90982,-117.992971,3C973EB6E079F6F11A3631DEAB4830BC49BEF4EB5D6B56B574C38B4710CF38FC
RAW_HEDGED_GRID_T100_S020_EURUSD_TAIL_TRAIL_SMOKE_TAIL050_A1_TR3,0,2025-03-16T23:00:00.000Z,2026-01-26T00:00:00.000Z,-1099.497314,-106.580465,6B51ACF20A2C6B51CD8E01BD2DE4D49A1DCA0B174217371D8E0E565547D1A187
RAW_HEDGED_GRID_T100_S020_EURUSD_TAIL_TRAIL_SMOKE_TAIL050_A1_TR3,0,2025-03-16T23:00:00.000Z,2025-12-15T00:00:00.000Z,-1037.925972,-45.009123,0A8F81B31C0581D8F9A55C4B45C9E3142FBC7F98E0DFFA0A8CF393AA7581DBDB
RAW_HEDGED_GRID_T100_S020_EURUSD_TAIL_TRAIL_SMOKE_TAIL050_A1_TR3,0,2025-03-16T23:00:00.000Z,2026-04-26T23:00:00.000Z,-985.577324,7.339525,6E10B56C8886E0AF94195224539B5FDC3AC3B00D042F111842DB6D073E409121
RAW_HEDGED_GRID_T100_S020_EURUSD_TAIL_TRAIL_SMOKE_TAIL050_A1_TR3,0,2020-06-14T23:00:00.000Z,2021-02-22T00:00:00.000Z,-937.637537,-801.193791,584558B643182549B5E986D1B9822DEF79F3F17ED6CA80507F8CF4D6E4C1D36D
RAW_HEDGED_GRID_T100_S020_EURUSD_TAIL_TRAIL_SMOKE_TAIL050_A1_TR3,0.0025,2025-03-16T23:00:00.000Z,2025-12-29T00:00:00.000Z,-1272.851923,-292.32886,964CCC6510F0E8A8C41BE6239606B05BADFB2D40276732171708990F172F3E79
RAW_HEDGED_GRID_T100_S020_EURUSD_TAIL_TRAIL_SMOKE_TAIL050_A1_TR3,0.0025,2025-03-16T23:00:00.000Z,2026-01-19T00:00:00.000Z,-1224.446679,-243.923616,EE824B04461FEA072F0D725EBFD22F7DB98A7008C5FAE65A076F4B710BAE78BF
RAW_HEDGED_GRID_T100_S020_EURUSD_TAIL_TRAIL_SMOKE_TAIL050_A1_TR3,0.0025,2025-03-16T23:00:00.000Z,2026-02-23T00:00:00.000Z,-1207.877766,-227.354703,AC4AABC00B15165EB46149A4A0578935245FFFFF5A919671FAEE6C569AA9AAB3
RAW_HEDGED_GRID_T100_S020_EURUSD_TAIL_TRAIL_SMOKE_TAIL050_A1_TR3,0.0025,2025-03-16T23:00:00.000Z,2026-02-16T00:00:00.000Z,-1146.173154,-165.650091,EB3E7525DE08E38275CDFAE3B90216D7682CFAEE1E8014372045A65B17498B85
RAW_HEDGED_GRID_T100_S020_EURUSD_TAIL_TRAIL_SMOKE_TAIL050_A1_TR3,0.0025,2025-03-16T23:00:00.000Z,2025-12-22T00:00:00.000Z,-1145.152197,-164.629134,E27E28278E1AAB0D628D862FD6733A73FF512B2EC8987D9786DF1729D65D2E8F
RAW_HEDGED_GRID_T100_S020_EURUSD_TAIL_TRAIL_SMOKE_TAIL050_A1_TR3,0.0025,2025-03-16T23:00:00.000Z,2025-12-08T00:00:00.000Z,-1112.550512,-132.027449,BB7064EABF9C01E2578184FC6F2FDA869EB9EEB05D08B01B7D9A58DFC11E8A15
RAW_HEDGED_GRID_T100_S020_EURUSD_TAIL_TRAIL_SMOKE_TAIL050_A1_TR3,0.0025,2025-03-16T23:00:00.000Z,2026-01-26T00:00:00.000Z,-1101.644819,-121.121756,4B89BA98ABC268DD68A401F62A6341B4F2E3515801130A4C1410B2ABFC15ABE0
RAW_HEDGED_GRID_T100_S020_EURUSD_TAIL_TRAIL_SMOKE_TAIL050_A1_TR3,0.0025,2025-03-16T23:00:00.000Z,2025-12-15T00:00:00.000Z,-1039.640977,-59.117914,A1F74A591B286616774D02411190899EFB528B8B7BAC5C2C7C432BCCDAE6B476
RAW_HEDGED_GRID_T100_S020_EURUSD_TAIL_TRAIL_SMOKE_TAIL050_A1_TR3,0.0025,2025-03-16T23:00:00.000Z,2026-04-26T23:00:00.000Z,-987.980894,-7.457831,C8EE3608ED2C0121B08BBD7BF98F32C3DDB162CC1D4C63E43A0CEED5970329EC
RAW_HEDGED_GRID_T100_S020_EURUSD_TAIL_TRAIL_SMOKE_TAIL050_A1_TR3,0.0025,2020-06-14T23:00:00.000Z,2021-02-22T00:00:00.000Z,-939.275041,-804.621302,C5CBAA3328D530EF85588F1CF6195B11E13F8CB33DDFF4E8EFFDBCC3045BE269
RAW_HEDGED_GRID_T100_S020_EURUSD_TAIL_TRAIL_SMOKE_TAIL050_A1_TR3,0.005,2025-03-16T23:00:00.000Z,2025-12-29T00:00:00.000Z,-1274.684043,-306.554694,942462B2DBACF7D88ABC5E4F9719921584D225F2D7A5284D6D01419EA8C5332D
RAW_HEDGED_GRID_T100_S020_EURUSD_TAIL_TRAIL_SMOKE_TAIL050_A1_TR3,0.005,2025-03-16T23:00:00.000Z,2026-01-19T00:00:00.000Z,-1226.461299,-258.33195,C1285C8FE6B50E461DEDE188539EA4D0946221EB5ED0925DA5DBD23BCC2EA22D
RAW_HEDGED_GRID_T100_S020_EURUSD_TAIL_TRAIL_SMOKE_TAIL050_A1_TR3,0.005,2025-03-16T23:00:00.000Z,2026-02-23T00:00:00.000Z,-1210.106198,-241.976849,B5022AA85DCE5120FA1D4B146B62EDB4390866F7161062775DB32529C787EBB7
RAW_HEDGED_GRID_T100_S020_EURUSD_TAIL_TRAIL_SMOKE_TAIL050_A1_TR3,0.005,2025-03-16T23:00:00.000Z,2026-02-16T00:00:00.000Z,-1148.353149,-180.2238,FCDF5F79E1C74E6C42C1196C93490EC79AA453FA6960C5D3BE90F158005FA3DD
RAW_HEDGED_GRID_T100_S020_EURUSD_TAIL_TRAIL_SMOKE_TAIL050_A1_TR3,0.005,2025-03-16T23:00:00.000Z,2025-12-22T00:00:00.000Z,-1146.894317,-178.764968,62B16D6B03BB4BF69F1350C1CC36F92B0DF708A0714751E93E4C110EDD5330DC
RAW_HEDGED_GRID_T100_S020_EURUSD_TAIL_TRAIL_SMOKE_TAIL050_A1_TR3,0.005,2025-03-16T23:00:00.000Z,2025-12-08T00:00:00.000Z,-1114.191195,-146.061846,CFA9A1BB30C5F22EFA40DD2273F4CF91606DAEE8492B1E6D01D9BAD418CB8255
RAW_HEDGED_GRID_T100_S020_EURUSD_TAIL_TRAIL_SMOKE_TAIL050_A1_TR3,0.005,2025-03-16T23:00:00.000Z,2026-01-26T00:00:00.000Z,-1103.792314,-135.662965,F949F6F6D99199FC6C3BD67699BE5509772B1421D5D2AE9F65402E445240DDA3
RAW_HEDGED_GRID_T100_S020_EURUSD_TAIL_TRAIL_SMOKE_TAIL050_A1_TR3,0.005,2025-03-16T23:00:00.000Z,2025-12-15T00:00:00.000Z,-1041.355972,-73.226623,6DF67CAACDAA2A77CAE8B6225A6E366089A1150D26925A6DCA9374259F9D95A3
RAW_HEDGED_GRID_T100_S020_EURUSD_TAIL_TRAIL_SMOKE_TAIL050_A1_TR3,0.005,2025-03-16T23:00:00.000Z,2026-04-26T23:00:00.000Z,-990.384449,-22.2551,E06F37B5F867DD9224AD63B06B1281F170CD641614EFEAF448C7400BB22477B9
RAW_HEDGED_GRID_T100_S020_EURUSD_TAIL_TRAIL_SMOKE_TAIL050_A1_TR3,0.005,2020-06-14T23:00:00.000Z,2021-02-22T00:00:00.000Z,-940.912537,-808.048791,73EC736442C26412B884D74F1185E0C5E117E411DA842CC57E8B77977E99DB8A
RAW_HEDGED_GRID_T100_S020_EURUSD_TAIL_TRAIL_SMOKE_TAIL050_A1_TR3,0.01,2025-03-16T23:00:00.000Z,2025-12-29T00:00:00.000Z,-1278.348293,-335.006444,24A669CBE8013B6C9D475B8EB06A3510C9CCF806B48E32C4A8D35CE5140D9692
RAW_HEDGED_GRID_T100_S020_EURUSD_TAIL_TRAIL_SMOKE_TAIL050_A1_TR3,0.01,2025-03-16T23:00:00.000Z,2026-01-19T00:00:00.000Z,-1230.490549,-287.1487,CA359AAE19218122BFF03BD7B150D15C9D427D828E7E2EC606807AC26C4C3862
RAW_HEDGED_GRID_T100_S020_EURUSD_TAIL_TRAIL_SMOKE_TAIL050_A1_TR3,0.01,2025-03-16T23:00:00.000Z,2026-02-23T00:00:00.000Z,-1214.563073,-271.221224,EBD752F124040ADFFBEB13A0C378D581EDB8835BD3F31D4E30A9670D497602BF
RAW_HEDGED_GRID_T100_S020_EURUSD_TAIL_TRAIL_SMOKE_TAIL050_A1_TR3,0.01,2025-03-16T23:00:00.000Z,2026-02-16T00:00:00.000Z,-1152.713149,-209.3713,4C7B152E43FBE500CDF4B54E44302E9AFB200C8559B3E13123BFEBF6A55144C5
RAW_HEDGED_GRID_T100_S020_EURUSD_TAIL_TRAIL_SMOKE_TAIL050_A1_TR3,0.01,2025-03-16T23:00:00.000Z,2025-12-22T00:00:00.000Z,-1150.378567,-207.036718,750BBDF100A608A84E3BF825B054DB0AEB73572029684FC089615B7FBDB3813E
RAW_HEDGED_GRID_T100_S020_EURUSD_TAIL_TRAIL_SMOKE_TAIL050_A1_TR3,0.01,2025-03-16T23:00:00.000Z,2025-12-08T00:00:00.000Z,-1117.47257,-174.130721,4B64F226CCFAEEEE462D4799788E722D9AC31011935DA8EC4B0D05FB2858D18C
RAW_HEDGED_GRID_T100_S020_EURUSD_TAIL_TRAIL_SMOKE_TAIL050_A1_TR3,0.01,2025-03-16T23:00:00.000Z,2026-01-26T00:00:00.000Z,-1108.087314,-164.745465,8223A26F55C702CAF2CCE323D25D3D3FCF89DF8B6B24FE9681EBE7E928D99877
RAW_HEDGED_GRID_T100_S020_EURUSD_TAIL_TRAIL_SMOKE_TAIL050_A1_TR3,0.01,2025-03-16T23:00:00.000Z,2025-12-15T00:00:00.000Z,-1044.785972,-101.444123,EE54C99C728859C9FA975249D590ECF7A3A982AFA3D33950F211935BCD22B7D8
RAW_HEDGED_GRID_T100_S020_EURUSD_TAIL_TRAIL_SMOKE_TAIL050_A1_TR3,0.01,2025-03-16T23:00:00.000Z,2026-04-26T23:00:00.000Z,-995.191574,-51.849725,434FAA9371A8EB08D44B8238D0A3A0C283F775073B2234F02F67D1C4B30A718F
RAW_HEDGED_GRID_T100_S020_EURUSD_TAIL_TRAIL_SMOKE_TAIL050_A1_TR3,0.01,2020-06-14T23:00:00.000Z,2021-02-22T00:00:00.000Z,-944.187537,-814.903791,BA580485B9191EAC1065F405D4A1D24A9483D6B1CB8DF3EF07784C7AA4A1CD93
RAW_HEDGED_GRID_T100_S020_EURUSD_TAIL_TRAIL_SMOKE_TAIL050_A1_TR3,0.02,2025-03-16T23:00:00.000Z,2025-12-29T00:00:00.000Z,-1285.676793,-391.909944,8C7C6FFD3F82B53CC5D6EA7971B1CDDC9F9598F76EB778C0FF0B69A01FE16ACA
RAW_HEDGED_GRID_T100_S020_EURUSD_TAIL_TRAIL_SMOKE_TAIL050_A1_TR3,0.02,2025-03-16T23:00:00.000Z,2026-01-19T00:00:00.000Z,-1238.549049,-344.7822,B7DAFB2061C8C2563D679EDF12725D94FBC1EEFD4F8EDE52B7F5AB6F5F84AAED
RAW_HEDGED_GRID_T100_S020_EURUSD_TAIL_TRAIL_SMOKE_TAIL050_A1_TR3,0.02,2025-03-16T23:00:00.000Z,2026-02-23T00:00:00.000Z,-1223.476823,-329.709974,6D30846EA3E3301FA862295B677635AF2AB47E6A4837C73E4D7CAEBA775C40FE
RAW_HEDGED_GRID_T100_S020_EURUSD_TAIL_TRAIL_SMOKE_TAIL050_A1_TR3,0.02,2025-03-16T23:00:00.000Z,2026-02-16T00:00:00.000Z,-1161.433149,-267.6663,0F6F69B9CF60A74FD8BD5504DB679261E2378743774F83199B28AC134B57AD36
RAW_HEDGED_GRID_T100_S020_EURUSD_TAIL_TRAIL_SMOKE_TAIL050_A1_TR3,0.02,2025-03-16T23:00:00.000Z,2025-12-22T00:00:00.000Z,-1157.347067,-263.580218,702D1B6ADA75794CFF4FCE503D942780995B01AD6E0032378DA06362331C3348
RAW_HEDGED_GRID_T100_S020_EURUSD_TAIL_TRAIL_SMOKE_TAIL050_A1_TR3,0.02,2025-03-16T23:00:00.000Z,2025-12-08T00:00:00.000Z,-1124.03532,-230.268471,F15F1A859FE04D8D5D58573B6EE9D2367C8770ED3A30DB168D284010FA1D1BA2
RAW_HEDGED_GRID_T100_S020_EURUSD_TAIL_TRAIL_SMOKE_TAIL050_A1_TR3,0.02,2025-03-16T23:00:00.000Z,2026-01-26T00:00:00.000Z,-1116.677314,-222.910465,34843B5B8104AC6A009ADDC34890CB234A2972C33BB4CC3933A4A1FB2A9BCCE1
RAW_HEDGED_GRID_T100_S020_EURUSD_TAIL_TRAIL_SMOKE_TAIL050_A1_TR3,0.02,2025-03-16T23:00:00.000Z,2025-12-15T00:00:00.000Z,-1051.645972,-157.879123,21860A86FF2E01B5789865578E3501FC413D5E5E68E7A5D18CD251101C4AAABF
RAW_HEDGED_GRID_T100_S020_EURUSD_TAIL_TRAIL_SMOKE_TAIL050_A1_TR3,0.02,2025-03-16T23:00:00.000Z,2026-04-26T23:00:00.000Z,-1004.805824,-111.038975,2BA7FB27E79B0AE47E645C6D22D135B813D9790BA5CDC5B080F5FA9982D173BE
RAW_HEDGED_GRID_T100_S020_EURUSD_TAIL_TRAIL_SMOKE_TAIL050_A1_TR3,0.02,2020-06-14T23:00:00.000Z,2021-02-22T00:00:00.000Z,-950.737537,-828.613791,C4AB3CD84AA179C40075064BE90F6BFE0226B8B4736F4F571FD3406A72D0FD30
RAW_HEDGED_GRID_T100_S020_EURUSD_TAIL_TRAIL_SMOKE_TAIL050_A1_TR3,0.05,2025-03-16T23:00:00.000Z,2025-12-29T00:00:00.000Z,-1307.662293,-562.620444,C0DAF0F8B04BAC4BA3640F49B9C0B92BE8202E41446E766CB884385C978A34A6
RAW_HEDGED_GRID_T100_S020_EURUSD_TAIL_TRAIL_SMOKE_TAIL050_A1_TR3,0.05,2025-03-16T23:00:00.000Z,2026-01-19T00:00:00.000Z,-1262.724549,-517.6827,BD47CA2E0D703D1B646046FA01C90C64A7D81BCDA13BBB54310100F3E8D99368
RAW_HEDGED_GRID_T100_S020_EURUSD_TAIL_TRAIL_SMOKE_TAIL050_A1_TR3,0.05,2025-03-16T23:00:00.000Z,2026-02-23T00:00:00.000Z,-1250.218073,-505.176224,FDB607E3915723365DDF6746B9E40ADF85A8B163175154656D81D79A0E830701
RAW_HEDGED_GRID_T100_S020_EURUSD_TAIL_TRAIL_SMOKE_TAIL050_A1_TR3,0.05,2025-03-16T23:00:00.000Z,2026-02-16T00:00:00.000Z,-1187.593149,-442.5513,056E73E8E1390424B36F90CD0D8540E57460431F5D928BB1AF5C5184E5D62E05
RAW_HEDGED_GRID_T100_S020_EURUSD_TAIL_TRAIL_SMOKE_TAIL050_A1_TR3,0.05,2025-03-16T23:00:00.000Z,2025-12-22T00:00:00.000Z,-1178.252567,-433.210718,87E3CC531486A530B6584947E9C0995C8C6A9A2A498C58F131C5A96A21FA725C
RAW_HEDGED_GRID_T100_S020_EURUSD_TAIL_TRAIL_SMOKE_TAIL050_A1_TR3,0.05,2025-03-16T23:00:00.000Z,2025-12-08T00:00:00.000Z,-1143.72357,-398.681721,97DEB9A4B06C8203D2B125FC2552D1D4C1E03B7DD2BDDDC3C15CD62AAA8CB6E5
RAW_HEDGED_GRID_T100_S020_EURUSD_TAIL_TRAIL_SMOKE_TAIL050_A1_TR3,0.05,2025-03-16T23:00:00.000Z,2026-01-26T00:00:00.000Z,-1142.447314,-397.405465,57BCFFC2590C7D8BBC55B701091B5960378AED1462850251C8A2F0288E88FD91
RAW_HEDGED_GRID_T100_S020_EURUSD_TAIL_TRAIL_SMOKE_TAIL050_A1_TR3,0.05,2025-03-16T23:00:00.000Z,2025-12-15T00:00:00.000Z,-1072.225972,-327.184123,E6CF33808A83332CBC01AF57BFE8D8D9850749B445A10370A518B51732F4D3B4
RAW_HEDGED_GRID_T100_S020_EURUSD_TAIL_TRAIL_SMOKE_TAIL050_A1_TR3,0.05,2025-03-16T23:00:00.000Z,2026-04-26T23:00:00.000Z,-1033.648574,-288.606725,BA22C284C7C4270F98E66FA2367E0E50889D931AA5CC0468F42E0CDEBF7D1535
RAW_HEDGED_GRID_T100_S020_EURUSD_TAIL_TRAIL_SMOKE_TAIL050_A1_TR3,0.05,2025-03-16T23:00:00.000Z,2026-05-03T23:00:00.000Z,-975.919286,-230.877437,930D4FD3D94D61A154768EBFD173F2EBB58BA0A842E32DB654FFE22FA8267946
RAW_HEDGED_GRID_T100_S020_EURUSD_TAIL_TRAIL_SMOKE_TAIL050_A1_TR3,0.1,2025-03-16T23:00:00.000Z,2025-12-29T00:00:00.000Z,-1344.304793,-847.137944,0287538895D190A76473E5D01AD8093DEAE170E47676B002D4A16CC359B3C8D4
RAW_HEDGED_GRID_T100_S020_EURUSD_TAIL_TRAIL_SMOKE_TAIL050_A1_TR3,0.1,2025-03-16T23:00:00.000Z,2026-01-19T00:00:00.000Z,-1303.017049,-805.8502,AFB80FD0C23528248FD5A39331714502FB3FB732FE169E751235E410D6B85481
RAW_HEDGED_GRID_T100_S020_EURUSD_TAIL_TRAIL_SMOKE_TAIL050_A1_TR3,0.1,2025-03-16T23:00:00.000Z,2026-02-23T00:00:00.000Z,-1294.786823,-797.619974,F6FE35E508410C9F498267CA1CCB0DA5A92F0838B47A0C67621C170B4CE95B83
RAW_HEDGED_GRID_T100_S020_EURUSD_TAIL_TRAIL_SMOKE_TAIL050_A1_TR3,0.1,2025-03-16T23:00:00.000Z,2026-02-16T00:00:00.000Z,-1231.193149,-734.0263,C2F45A824789C3E0779278BAF11FCC3EF901DD5B573CFE1F604B7E27CBD11B4E
RAW_HEDGED_GRID_T100_S020_EURUSD_TAIL_TRAIL_SMOKE_TAIL050_A1_TR3,0.1,2025-03-16T23:00:00.000Z,2025-12-22T00:00:00.000Z,-1213.095067,-715.928218,1346D7E80E981B1DBF61660A5E1B3BA34BA36DB09A2BDEFAAAE682B3BFC11104
RAW_HEDGED_GRID_T100_S020_EURUSD_TAIL_TRAIL_SMOKE_TAIL050_A1_TR3,0.1,2025-03-16T23:00:00.000Z,2026-01-26T00:00:00.000Z,-1185.397314,-688.230465,4A40F39D485C50C8BCF9D6E11C99E6CA6A4B065CECFE7C48EBEC775617089230
RAW_HEDGED_GRID_T100_S020_EURUSD_TAIL_TRAIL_SMOKE_TAIL050_A1_TR3,0.1,2025-03-16T23:00:00.000Z,2025-12-08T00:00:00.000Z,-1176.53732,-679.370471,159E89EABDBCAF6F1C511740729D3965F9954441B039027D4B11280628481CF8
RAW_HEDGED_GRID_T100_S020_EURUSD_TAIL_TRAIL_SMOKE_TAIL050_A1_TR3,0.1,2025-03-16T23:00:00.000Z,2025-12-15T00:00:00.000Z,-1106.525972,-609.359123,0E127DDDF33067BCE53F59D02D348697C75349D59380155F8B32AAD49B52C668
RAW_HEDGED_GRID_T100_S020_EURUSD_TAIL_TRAIL_SMOKE_TAIL050_A1_TR3,0.1,2025-03-16T23:00:00.000Z,2026-04-26T23:00:00.000Z,-1081.719824,-584.552975,802081D9669E1C8BF78EB043AEB1426949EA348F11CF126EF0BFEB5FF425A56E
RAW_HEDGED_GRID_T100_S020_EURUSD_TAIL_TRAIL_SMOKE_TAIL050_A1_TR3,0.1,2025-03-16T23:00:00.000Z,2026-05-03T23:00:00.000Z,-1024.886786,-527.719937,B798CA3063599573BFAA2C7C703FE2D36C4517572BBDA08A2CAC8C655091B3B2
RAW_HEDGED_GRID_T100_S020_EURUSD_TAIL_TRAIL_SMOKE_TAIL050_A1_TR3,0.2,2024-05-05T23:00:00.000Z,2025-12-29T00:00:00.000Z,-1455.394278,-1416.172944,F5632CCF413D8456E5E54D052C3E760D552C3939289ED5B55389F79417892FEE
RAW_HEDGED_GRID_T100_S020_EURUSD_TAIL_TRAIL_SMOKE_TAIL050_A1_TR3,0.2,2024-05-05T23:00:00.000Z,2026-02-23T00:00:00.000Z,-1421.728808,-1382.507474,11F72E3C5BF555B7A0D78F9CDF5A6AA1C655FFC33AE6507A099825D0BBE46B48
RAW_HEDGED_GRID_T100_S020_EURUSD_TAIL_TRAIL_SMOKE_TAIL050_A1_TR3,0.2,2024-05-05T23:00:00.000Z,2026-01-19T00:00:00.000Z,-1421.406534,-1382.1852,5CB9CFDE69F769FA29C63E135E3A90B4A6955257773D2D2486AB1F9ECB7E4BE3
RAW_HEDGED_GRID_T100_S020_EURUSD_TAIL_TRAIL_SMOKE_TAIL050_A1_TR3,0.2,2024-05-05T23:00:00.000Z,2026-02-16T00:00:00.000Z,-1356.197634,-1316.9763,ED00391485AD61849C291AC85E4CA778D62A1CF767EACB02A9DE0A186F1A4DDC
RAW_HEDGED_GRID_T100_S020_EURUSD_TAIL_TRAIL_SMOKE_TAIL050_A1_TR3,0.2,2024-05-05T23:00:00.000Z,2025-12-22T00:00:00.000Z,-1320.584552,-1281.363218,A36A849A615B5CCF639E076C956BF567FB085893674FE44A04C8EB1DA524AC81
RAW_HEDGED_GRID_T100_S020_EURUSD_TAIL_TRAIL_SMOKE_TAIL050_A1_TR3,0.2,2024-05-05T23:00:00.000Z,2026-01-26T00:00:00.000Z,-1309.101799,-1269.880465,51C08860EC1859684D8B1823FC1F4BF693377F7BA943E6C41FB7B366416F8CC6
RAW_HEDGED_GRID_T100_S020_EURUSD_TAIL_TRAIL_SMOKE_TAIL050_A1_TR3,0.2,2024-05-05T23:00:00.000Z,2025-12-08T00:00:00.000Z,-1279.969305,-1240.747971,80C1D713D9C509CFB4F9B2A1DBA9C1A82461D74B23BC7D0237A548FB63B724F4
RAW_HEDGED_GRID_T100_S020_EURUSD_TAIL_TRAIL_SMOKE_TAIL050_A1_TR3,0.2,2024-05-05T23:00:00.000Z,2026-04-26T23:00:00.000Z,-1215.666809,-1176.445475,24986654232645CF7A5C8AB88EACA7E6091D9F8F4A8EA8FBF3E93F1317419BAD
RAW_HEDGED_GRID_T100_S020_EURUSD_TAIL_TRAIL_SMOKE_TAIL050_A1_TR3,0.2,2024-05-05T23:00:00.000Z,2025-12-15T00:00:00.000Z,-1212.930457,-1173.709123,22D655825681680B9AAF0DC6AA589FB36A6C58B2B8595B9E33B9A8B24964F1FF
RAW_HEDGED_GRID_T100_S020_EURUSD_TAIL_TRAIL_SMOKE_TAIL050_A1_TR3,0.2,2024-05-05T23:00:00.000Z,2026-05-03T23:00:00.000Z,-1160.626271,-1121.404937,6ED16F889CEE2550C1CD6F04C2EDE49291F58E499ED3B6D3496F111CF9208E0F
RAW_HEDGED_GRID_T100_S020_EURUSD_TAIL_TRAIL_SMOKE_TAIL050_A1_TR3,0.5,,2026-02-23T00:00:00.000Z,-3137.169974,-3137.169974,ED421D08D00DDD9E9035E1752BADC3607FE94AB9B1CB38A4EF85603A4CBBE5ED
RAW_HEDGED_GRID_T100_S020_EURUSD_TAIL_TRAIL_SMOKE_TAIL050_A1_TR3,0.5,,2025-12-29T00:00:00.000Z,-3123.277944,-3123.277944,2C15B1250349971D0B298CBE6DA7397AE047FD145F2CD5DAA91A96283C345A19
RAW_HEDGED_GRID_T100_S020_EURUSD_TAIL_TRAIL_SMOKE_TAIL050_A1_TR3,0.5,,2026-01-19T00:00:00.000Z,-3111.1902,-3111.1902,AF4AB9BE42A807F53A8A2002A4CC0DDA68486F3DE7F7206B0AE943775A52CB84
RAW_HEDGED_GRID_T100_S020_EURUSD_TAIL_TRAIL_SMOKE_TAIL050_A1_TR3,0.5,,2026-02-16T00:00:00.000Z,-3065.8263,-3065.8263,6C1ED6D674172EBEEECB31E6F726226E756CD0529271F1D21E22E406773A9C25
RAW_HEDGED_GRID_T100_S020_EURUSD_TAIL_TRAIL_SMOKE_TAIL050_A1_TR3,0.5,,2026-01-26T00:00:00.000Z,-3014.830465,-3014.830465,51070D6B82EFE5A3104AB647A24CBD3F7AFB0A76BBCCD5483A31DD4AAF639ABA
RAW_HEDGED_GRID_T100_S020_EURUSD_TAIL_TRAIL_SMOKE_TAIL050_A1_TR3,0.5,,2025-12-22T00:00:00.000Z,-2977.668218,-2977.668218,C6F98FC93BB19D0E4EB2104DB5F133598E9C99E077B3C069370C72B70BA4A365
RAW_HEDGED_GRID_T100_S020_EURUSD_TAIL_TRAIL_SMOKE_TAIL050_A1_TR3,0.5,,2026-04-26T23:00:00.000Z,-2952.122975,-2952.122975,111F14A6EA38588DA82885E99D0811D9DF92EE96FB4FAD9084C894136B9FB4CB
RAW_HEDGED_GRID_T100_S020_EURUSD_TAIL_TRAIL_SMOKE_TAIL050_A1_TR3,0.5,,2025-12-08T00:00:00.000Z,-2924.880471,-2924.880471,205209A923FE5070370D37E23ACC895A972C011EEB5DFE941F5E229F85473390
RAW_HEDGED_GRID_T100_S020_EURUSD_TAIL_TRAIL_SMOKE_TAIL050_A1_TR3,0.5,,2026-05-03T23:00:00.000Z,-2902.459937,-2902.459937,6C072AA04EBAB018B2E6A833465F8D7F2D1593E82D8FFDC847D99BA737452566
RAW_HEDGED_GRID_T100_S020_EURUSD_TAIL_TRAIL_SMOKE_TAIL050_A1_TR3,0.5,,2025-12-15T00:00:00.000Z,-2866.759123,-2866.759123,1304B4A8DB7BA3348D596518A27A646AAF89B1D65298FE592C9AE31039D255AD
RAW_HEDGED_GRID_T100_S020_EURUSD_TAIL_TRAIL_SMOKE_TAIL050_A1_TR5,0,2025-03-16T23:00:00.000Z,2025-12-29T00:00:00.000Z,-1273.044179,-296.664411,924F4B8D11B578B0AD2C3C21BA05D367BE3D7D0F999E59FB65D298A183808887
RAW_HEDGED_GRID_T100_S020_EURUSD_TAIL_TRAIL_SMOKE_TAIL050_A1_TR5,0,2025-03-16T23:00:00.000Z,2026-01-19T00:00:00.000Z,-1222.680478,-246.30071,EE970D6551F7C449A1C1532F8E3095B6FE60BABBD538D1445B59CD39DE806507
RAW_HEDGED_GRID_T100_S020_EURUSD_TAIL_TRAIL_SMOKE_TAIL050_A1_TR5,0,2025-03-16T23:00:00.000Z,2026-02-23T00:00:00.000Z,-1205.159801,-228.780033,5357DE78B132FE49E84DDC4C6E3AE8C90415CD69C4CE71A3D613F5C020100A1E
RAW_HEDGED_GRID_T100_S020_EURUSD_TAIL_TRAIL_SMOKE_TAIL050_A1_TR5,0,2025-03-16T23:00:00.000Z,2025-12-22T00:00:00.000Z,-1144.823864,-168.444096,7281B761747C2081E32115C02046CA0C32DBEBEFA2BC5B9B2BCD231F7F0ABAE1
RAW_HEDGED_GRID_T100_S020_EURUSD_TAIL_TRAIL_SMOKE_TAIL050_A1_TR5,0,2025-03-16T23:00:00.000Z,2026-02-16T00:00:00.000Z,-1143.284541,-166.904773,E122DC27BC0FC63623573AD49BD01F937DC74A881E7BF6D9A79D83F318FC7161
RAW_HEDGED_GRID_T100_S020_EURUSD_TAIL_TRAIL_SMOKE_TAIL050_A1_TR5,0,2025-03-16T23:00:00.000Z,2025-12-08T00:00:00.000Z,-1111.505654,-135.125886,5B9565088B14A40CA8BA08B2A7639B937C7CB2C915480435A44D3FD7AFA8C7CC
RAW_HEDGED_GRID_T100_S020_EURUSD_TAIL_TRAIL_SMOKE_TAIL050_A1_TR5,0,2025-03-16T23:00:00.000Z,2026-01-26T00:00:00.000Z,-1098.575343,-122.195575,8F04CE83F5B714B68109B7F87B90FB6339A0F7DD2D5D90D088F66BFA8DE51B5E
RAW_HEDGED_GRID_T100_S020_EURUSD_TAIL_TRAIL_SMOKE_TAIL050_A1_TR5,0,2025-03-16T23:00:00.000Z,2025-12-15T00:00:00.000Z,-1039.35947,-62.979702,F0C9FF96696BE4772349DC5A2FDD9F6FAFE98B652D47740D4B829CF354ADCEAE
RAW_HEDGED_GRID_T100_S020_EURUSD_TAIL_TRAIL_SMOKE_TAIL050_A1_TR5,0,2025-03-16T23:00:00.000Z,2026-04-26T23:00:00.000Z,-984.656575,-8.276807,1FDD4DAC4AA4932066AFDE06133BC6D41DA1BA0E8D9963930B6F7F7079CFC43C
RAW_HEDGED_GRID_T100_S020_EURUSD_TAIL_TRAIL_SMOKE_TAIL050_A1_TR5,0,2020-06-14T23:00:00.000Z,2021-02-22T00:00:00.000Z,-932.913986,-801.610588,D736ADA3C1AA471272D90F5B0B0983C7E006DA25B50EB452F1636ADD96839483
RAW_HEDGED_GRID_T100_S020_EURUSD_TAIL_TRAIL_SMOKE_TAIL050_A1_TR5,0.0025,2025-03-16T23:00:00.000Z,2025-12-29T00:00:00.000Z,-1274.876809,-310.890085,1D92F240012E57906711FFF05B4740BC9025C57E0AC683E4A6CC2D99F005B912
RAW_HEDGED_GRID_T100_S020_EURUSD_TAIL_TRAIL_SMOKE_TAIL050_A1_TR5,0.0025,2025-03-16T23:00:00.000Z,2026-01-19T00:00:00.000Z,-1224.694483,-260.707759,1060B2FC86BC878393C73F1C82BDDADE6D16A7F2461B489C4AB540DB9DB2F6E1
RAW_HEDGED_GRID_T100_S020_EURUSD_TAIL_TRAIL_SMOKE_TAIL050_A1_TR5,0.0025,2025-03-16T23:00:00.000Z,2026-02-23T00:00:00.000Z,-1207.388994,-243.40227,E1E70EC132019123FA5AF2743D891F3A406DDECD934EF50D95F4B6BB170F16ED
RAW_HEDGED_GRID_T100_S020_EURUSD_TAIL_TRAIL_SMOKE_TAIL050_A1_TR5,0.0025,2025-03-16T23:00:00.000Z,2025-12-22T00:00:00.000Z,-1146.566369,-182.579645,79449B94E643FD8D0A56CE43B9D22646D19ECA18E83860A611249D082A12E733
RAW_HEDGED_GRID_T100_S020_EURUSD_TAIL_TRAIL_SMOKE_TAIL050_A1_TR5,0.0025,2025-03-16T23:00:00.000Z,2026-02-16T00:00:00.000Z,-1145.465296,-181.478572,572F91A4F8B0EE0E16452B60C9145588D2896423692A0F3BB9BCE6221237E5BA
RAW_HEDGED_GRID_T100_S020_EURUSD_TAIL_TRAIL_SMOKE_TAIL050_A1_TR5,0.0025,2025-03-16T23:00:00.000Z,2025-12-08T00:00:00.000Z,-1113.145909,-149.159185,41ACB2F49C0AB23B0E0E148AC1AB652C960C6454936DA927430699939F41736D
RAW_HEDGED_GRID_T100_S020_EURUSD_TAIL_TRAIL_SMOKE_TAIL050_A1_TR5,0.0025,2025-03-16T23:00:00.000Z,2026-01-26T00:00:00.000Z,-1100.723285,-136.736561,39A0E230AD22B6D9438DEC9DAECC98F3041A215050735E20755F7BC45802B2A7
RAW_HEDGED_GRID_T100_S020_EURUSD_TAIL_TRAIL_SMOKE_TAIL050_A1_TR5,0.0025,2025-03-16T23:00:00.000Z,2025-12-15T00:00:00.000Z,-1041.075225,-77.088501,675EEFB1E4F611CFF8CB885F24421F744C23268D4EA185FD6DADA049262692A7
RAW_HEDGED_GRID_T100_S020_EURUSD_TAIL_TRAIL_SMOKE_TAIL050_A1_TR5,0.0025,2025-03-16T23:00:00.000Z,2026-04-26T23:00:00.000Z,-987.060894,-23.07417,0DE48CA7CC5B6AD314BBFA9D7D1EFEC2692F9DFEB1B9011E226D47E51B0A3D40
RAW_HEDGED_GRID_T100_S020_EURUSD_TAIL_TRAIL_SMOKE_TAIL050_A1_TR5,0.0025,2020-06-14T23:00:00.000Z,2021-02-22T00:00:00.000Z,-934.551494,-805.038103,23AF0CD03D4A2D4CECD9575F6B9E52AA9C00BF250AB0316CBA75067DA0C90E6E
RAW_HEDGED_GRID_T100_S020_EURUSD_TAIL_TRAIL_SMOKE_TAIL050_A1_TR5,0.005,2025-03-16T23:00:00.000Z,2025-12-29T00:00:00.000Z,-1276.709429,-325.115661,D026DE40264769158F3ED97150E6261126DF99A4537C34F80DDA5FB7564B1EE2
RAW_HEDGED_GRID_T100_S020_EURUSD_TAIL_TRAIL_SMOKE_TAIL050_A1_TR5,0.005,2025-03-16T23:00:00.000Z,2026-01-19T00:00:00.000Z,-1226.708478,-275.11471,C79A4A684763D1734E839BD76A42A08EA4A0CF8C8BEFB03F15283716D97B0A9B
RAW_HEDGED_GRID_T100_S020_EURUSD_TAIL_TRAIL_SMOKE_TAIL050_A1_TR5,0.005,2025-03-16T23:00:00.000Z,2026-02-23T00:00:00.000Z,-1209.618176,-258.024408,33A0359B948C0C3CB759F32B2A7416FE1D6F7D6AB0BB13C0BDF5F8F74EA74D74
RAW_HEDGED_GRID_T100_S020_EURUSD_TAIL_TRAIL_SMOKE_TAIL050_A1_TR5,0.005,2025-03-16T23:00:00.000Z,2025-12-22T00:00:00.000Z,-1148.308864,-196.715096,99BA0745F0D040631BEF933D881EC3ABAB39D192863E62C6343A16C3AAC671A2
RAW_HEDGED_GRID_T100_S020_EURUSD_TAIL_TRAIL_SMOKE_TAIL050_A1_TR5,0.005,2025-03-16T23:00:00.000Z,2026-02-16T00:00:00.000Z,-1147.646041,-196.052273,B04F19131CBDDFC163346B31C00470059CD8428C79FF10D9FA0568A60B68884D
RAW_HEDGED_GRID_T100_S020_EURUSD_TAIL_TRAIL_SMOKE_TAIL050_A1_TR5,0.005,2025-03-16T23:00:00.000Z,2025-12-08T00:00:00.000Z,-1114.786154,-163.192386,9490395A1B237BAADEE241C1C034C797EB93EBD037748A0FD241D6E80B3F80D9
RAW_HEDGED_GRID_T100_S020_EURUSD_TAIL_TRAIL_SMOKE_TAIL050_A1_TR5,0.005,2025-03-16T23:00:00.000Z,2026-01-26T00:00:00.000Z,-1102.871218,-151.27745,620E7236DC44C3B47E0BA7B2A2AA914F68F764DEE93D2C70D9EEF3A05B785EEF
RAW_HEDGED_GRID_T100_S020_EURUSD_TAIL_TRAIL_SMOKE_TAIL050_A1_TR5,0.005,2025-03-16T23:00:00.000Z,2025-12-15T00:00:00.000Z,-1042.79097,-91.197202,FF6346B60BCA86282EE3E6EDA041F399E1385278EB1F0D7C349623B689B5F14F
RAW_HEDGED_GRID_T100_S020_EURUSD_TAIL_TRAIL_SMOKE_TAIL050_A1_TR5,0.005,2025-03-16T23:00:00.000Z,2026-04-26T23:00:00.000Z,-989.4652,-37.871432,2F7BAB8CE286317236E48C4C5D39BAC767719734DA19CB34E33A1E10E216C4AA
RAW_HEDGED_GRID_T100_S020_EURUSD_TAIL_TRAIL_SMOKE_TAIL050_A1_TR5,0.005,2020-06-14T23:00:00.000Z,2021-02-22T00:00:00.000Z,-936.188986,-808.465588,DDF9D90EC243638F24DC8A54819A8965FF0FF6B8DF2BBEF61929655738860351
RAW_HEDGED_GRID_T100_S020_EURUSD_TAIL_TRAIL_SMOKE_TAIL050_A1_TR5,0.01,2025-03-16T23:00:00.000Z,2025-12-29T00:00:00.000Z,-1280.374679,-353.566911,29134B9854250676B4F6BC438C5889C892DEB8E8F985BE286D64D3733B94D024
RAW_HEDGED_GRID_T100_S020_EURUSD_TAIL_TRAIL_SMOKE_TAIL050_A1_TR5,0.01,2025-03-16T23:00:00.000Z,2026-01-19T00:00:00.000Z,-1230.736478,-303.92871,328E496D16A257DA61D3024AFC113D1E19F5425FD8E1A62A2EA896AD46131E9A
RAW_HEDGED_GRID_T100_S020_EURUSD_TAIL_TRAIL_SMOKE_TAIL050_A1_TR5,0.01,2025-03-16T23:00:00.000Z,2026-02-23T00:00:00.000Z,-1214.076551,-287.268783,2ED6ACBE36864D2170B130F6A9B1FBC805564AB43904A656F92F521870CCBCAC
RAW_HEDGED_GRID_T100_S020_EURUSD_TAIL_TRAIL_SMOKE_TAIL050_A1_TR5,0.01,2025-03-16T23:00:00.000Z,2026-02-16T00:00:00.000Z,-1152.007541,-225.199773,391C01B12D5BBD89B516404BC47043ED6E393FAF60C5FEFD22F314B7FEC24C43
RAW_HEDGED_GRID_T100_S020_EURUSD_TAIL_TRAIL_SMOKE_TAIL050_A1_TR5,0.01,2025-03-16T23:00:00.000Z,2025-12-22T00:00:00.000Z,-1151.793864,-224.986096,BAF9C882A81FCAE17225A021FF6D06C86832F6447FE20818F7133B8045207DBD
RAW_HEDGED_GRID_T100_S020_EURUSD_TAIL_TRAIL_SMOKE_TAIL050_A1_TR5,0.01,2025-03-16T23:00:00.000Z,2025-12-08T00:00:00.000Z,-1118.066654,-191.258886,9263550C4F3969ED8070F25003024313EE9D91A600B51EFA5598096DC2BDC00B
RAW_HEDGED_GRID_T100_S020_EURUSD_TAIL_TRAIL_SMOKE_TAIL050_A1_TR5,0.01,2025-03-16T23:00:00.000Z,2026-01-26T00:00:00.000Z,-1107.167093,-180.359325,598D8BBEF770B4E9FE7A5FEDEFB73ABF92E06C5046CA9270F9B8E5FADC4D79F7
RAW_HEDGED_GRID_T100_S020_EURUSD_TAIL_TRAIL_SMOKE_TAIL050_A1_TR5,0.01,2025-03-16T23:00:00.000Z,2025-12-15T00:00:00.000Z,-1046.22247,-119.414702,59B4678F93E1F9462739B614231499F5019404E281B02C4EC2D38CFBAF2A6C51
RAW_HEDGED_GRID_T100_S020_EURUSD_TAIL_TRAIL_SMOKE_TAIL050_A1_TR5,0.01,2025-03-16T23:00:00.000Z,2026-04-26T23:00:00.000Z,-994.273825,-67.466057,E16F9F974F37CE1ED5F617E221ED65CB206430E0A93FAB76D5BE9ED7CA0D566A
RAW_HEDGED_GRID_T100_S020_EURUSD_TAIL_TRAIL_SMOKE_TAIL050_A1_TR5,0.01,2020-06-14T23:00:00.000Z,2021-02-22T00:00:00.000Z,-939.463986,-815.320588,D5206BBFC2035E10F837B89E3A7B70AFF1578736FCD6A3D412DE1F69F4D54705
RAW_HEDGED_GRID_T100_S020_EURUSD_TAIL_TRAIL_SMOKE_TAIL050_A1_TR5,0.02,2025-03-16T23:00:00.000Z,2025-12-29T00:00:00.000Z,-1287.705179,-410.469411,928FA0928E245F138E4C38F06EFD011D59A3B5941DC9C0E9FBC35FBBDB6D423C
RAW_HEDGED_GRID_T100_S020_EURUSD_TAIL_TRAIL_SMOKE_TAIL050_A1_TR5,0.02,2025-03-16T23:00:00.000Z,2026-01-19T00:00:00.000Z,-1238.792478,-361.55671,A573151AA0369494580D5DF29A97421C708E94103C24C290A25BB5D277B9815A
RAW_HEDGED_GRID_T100_S020_EURUSD_TAIL_TRAIL_SMOKE_TAIL050_A1_TR5,0.02,2025-03-16T23:00:00.000Z,2026-02-23T00:00:00.000Z,-1222.993301,-345.757533,3E94CB1E9955D8DCC98D85BB2B166AD6B5A6FCD0CBB3C26E27672334B9147855
RAW_HEDGED_GRID_T100_S020_EURUSD_TAIL_TRAIL_SMOKE_TAIL050_A1_TR5,0.02,2025-03-16T23:00:00.000Z,2026-02-16T00:00:00.000Z,-1160.730541,-283.494773,D72D89E6D6339D7890E1E3D1381E1DCE584B2AF876010AC9863C68ED356F7148
RAW_HEDGED_GRID_T100_S020_EURUSD_TAIL_TRAIL_SMOKE_TAIL050_A1_TR5,0.02,2025-03-16T23:00:00.000Z,2025-12-22T00:00:00.000Z,-1158.763864,-281.528096,D95A19EAF374C20E652A37ADCA59332DA2E225D5EF1C9CE255E48DEACB6B18F2
RAW_HEDGED_GRID_T100_S020_EURUSD_TAIL_TRAIL_SMOKE_TAIL050_A1_TR5,0.02,2025-03-16T23:00:00.000Z,2025-12-08T00:00:00.000Z,-1124.627654,-247.391886,F0E1ECABDB1089D556C8D6A554BE41CD871DE61C09BCB32B39B26B08497E4F51
RAW_HEDGED_GRID_T100_S020_EURUSD_TAIL_TRAIL_SMOKE_TAIL050_A1_TR5,0.02,2025-03-16T23:00:00.000Z,2026-01-26T00:00:00.000Z,-1115.758843,-238.523075,2B685E6228F028BF0CB3A659FEF3774F1CC5389F4397A9A0F99FA68E3FD93107
RAW_HEDGED_GRID_T100_S020_EURUSD_TAIL_TRAIL_SMOKE_TAIL050_A1_TR5,0.02,2025-03-16T23:00:00.000Z,2025-12-15T00:00:00.000Z,-1053.08547,-175.849702,AC8236AEA37F5B30E15BD13BE168CCF8BF7E55339AD68DE71727CA4FCA0327AF
RAW_HEDGED_GRID_T100_S020_EURUSD_TAIL_TRAIL_SMOKE_TAIL050_A1_TR5,0.02,2025-03-16T23:00:00.000Z,2026-04-26T23:00:00.000Z,-1003.891075,-126.655307,C28C7D83B2F3C366B732139B1F68DA8FF8BB929F5AA61621F8C4259F58BB8F67
RAW_HEDGED_GRID_T100_S020_EURUSD_TAIL_TRAIL_SMOKE_TAIL050_A1_TR5,0.02,2020-06-14T23:00:00.000Z,2021-02-22T00:00:00.000Z,-946.013986,-829.030588,B4937A23F7BC5ED321A9BBAEFE7638D8BEDF3250CFC916971741070D8F71226B
RAW_HEDGED_GRID_T100_S020_EURUSD_TAIL_TRAIL_SMOKE_TAIL050_A1_TR5,0.05,2025-03-16T23:00:00.000Z,2025-12-29T00:00:00.000Z,-1309.696679,-581.176911,5755763CFA8963A15259700181A288E837446402BDCF6C48FEC280923C5BB53D
RAW_HEDGED_GRID_T100_S020_EURUSD_TAIL_TRAIL_SMOKE_TAIL050_A1_TR5,0.05,2025-03-16T23:00:00.000Z,2026-01-19T00:00:00.000Z,-1262.960478,-534.44071,0420E5BFF946065AA0503EAAD8E2B5F1179D063B78D8DC7D21DA2A84DBDC0992
RAW_HEDGED_GRID_T100_S020_EURUSD_TAIL_TRAIL_SMOKE_TAIL050_A1_TR5,0.05,2025-03-16T23:00:00.000Z,2026-02-23T00:00:00.000Z,-1249.743551,-521.223783,E5B83B890008CDA2290AF1C985E38A85C8D25D018E05A33181AB739056E05C78
RAW_HEDGED_GRID_T100_S020_EURUSD_TAIL_TRAIL_SMOKE_TAIL050_A1_TR5,0.05,2025-03-16T23:00:00.000Z,2026-02-16T00:00:00.000Z,-1186.899541,-458.379773,178384E46140E30157AFA841AEF5421FC163D70583052CFC581133560D3B636D
RAW_HEDGED_GRID_T100_S020_EURUSD_TAIL_TRAIL_SMOKE_TAIL050_A1_TR5,0.05,2025-03-16T23:00:00.000Z,2025-12-22T00:00:00.000Z,-1179.673864,-451.154096,F6B9316DA7B7A49D5F074F61B1EF7A224E63B1D1A67BF67992E1A3AD34CD092B
RAW_HEDGED_GRID_T100_S020_EURUSD_TAIL_TRAIL_SMOKE_TAIL050_A1_TR5,0.05,2025-03-16T23:00:00.000Z,2025-12-08T00:00:00.000Z,-1144.310654,-415.790886,44E7F32595758893599594E2F8CC2D6B2FC55B48C93E7A6D7DC1062C8EADD880
RAW_HEDGED_GRID_T100_S020_EURUSD_TAIL_TRAIL_SMOKE_TAIL050_A1_TR5,0.05,2025-03-16T23:00:00.000Z,2026-01-26T00:00:00.000Z,-1141.534093,-413.014325,5F2A6FBE6250C86B8216E285C5D31C7B56D3BA6DE6641A764B40C75F38167710
RAW_HEDGED_GRID_T100_S020_EURUSD_TAIL_TRAIL_SMOKE_TAIL050_A1_TR5,0.05,2025-03-16T23:00:00.000Z,2025-12-15T00:00:00.000Z,-1073.67447,-345.154702,AD925E70B997072786ED613E2476F85D6B9D635DF2EE01753583422A0725D72A
RAW_HEDGED_GRID_T100_S020_EURUSD_TAIL_TRAIL_SMOKE_TAIL050_A1_TR5,0.05,2025-03-16T23:00:00.000Z,2026-04-26T23:00:00.000Z,-1032.742825,-304.223057,4225AEC3FB0318C084E4E064EF92AD81E4AD83427F8E7D42E4D5A0F11C5C1AAC
RAW_HEDGED_GRID_T100_S020_EURUSD_TAIL_TRAIL_SMOKE_TAIL050_A1_TR5,0.05,2025-03-16T23:00:00.000Z,2026-05-03T23:00:00.000Z,-975.121105,-246.601337,2BCA0D4A70A105AA9ABC663ACEDB2544068E1930B6D8833901483E558B4A0D09
RAW_HEDGED_GRID_T100_S020_EURUSD_TAIL_TRAIL_SMOKE_TAIL050_A1_TR5,0.1,2025-03-16T23:00:00.000Z,2025-12-29T00:00:00.000Z,-1346.349179,-865.689411,2B77541697BD1B692BE58DBB5BE37E9343A8F7BCB7871899515CB75B7261D31C
RAW_HEDGED_GRID_T100_S020_EURUSD_TAIL_TRAIL_SMOKE_TAIL050_A1_TR5,0.1,2025-03-16T23:00:00.000Z,2026-01-19T00:00:00.000Z,-1303.240478,-822.58071,7022ED36CDD92F701F510780D9F966178879F1975D5CD004CEEBEDD59CC21AEA
RAW_HEDGED_GRID_T100_S020_EURUSD_TAIL_TRAIL_SMOKE_TAIL050_A1_TR5,0.1,2025-03-16T23:00:00.000Z,2026-02-23T00:00:00.000Z,-1294.327301,-813.667533,66EE579AE132ADF60E4827322A430AFD4DD337F696852EBD8FD7AED7E0ECA191
RAW_HEDGED_GRID_T100_S020_EURUSD_TAIL_TRAIL_SMOKE_TAIL050_A1_TR5,0.1,2025-03-16T23:00:00.000Z,2026-02-16T00:00:00.000Z,-1230.514541,-749.854773,DA643EE979ADCB18D313A298945F878EAEE377BDB60E88966046D9E347ABD8C5
RAW_HEDGED_GRID_T100_S020_EURUSD_TAIL_TRAIL_SMOKE_TAIL050_A1_TR5,0.1,2025-03-16T23:00:00.000Z,2025-12-22T00:00:00.000Z,-1214.523864,-733.864096,9063A559C281192443966C2A084D9DE07EDB25E34C3DBDB7504E794AD465D702
RAW_HEDGED_GRID_T100_S020_EURUSD_TAIL_TRAIL_SMOKE_TAIL050_A1_TR5,0.1,2025-03-16T23:00:00.000Z,2026-01-26T00:00:00.000Z,-1184.492843,-703.833075,4D2DEF34CADEB0BA98996D746EA1C269A0403C57C67A7F6B5A7F052095D4BE1D
RAW_HEDGED_GRID_T100_S020_EURUSD_TAIL_TRAIL_SMOKE_TAIL050_A1_TR5,0.1,2025-03-16T23:00:00.000Z,2025-12-08T00:00:00.000Z,-1177.115654,-696.455886,47FBFDA377F780C786C210275B2568C4BBA19046DB372560BDF108C1AF398EF3
RAW_HEDGED_GRID_T100_S020_EURUSD_TAIL_TRAIL_SMOKE_TAIL050_A1_TR5,0.1,2025-03-16T23:00:00.000Z,2025-12-15T00:00:00.000Z,-1107.98947,-627.329702,6199A068F9FC7E65086DA511A385530B5154859F0ABD30A4112972FE350DE484
RAW_HEDGED_GRID_T100_S020_EURUSD_TAIL_TRAIL_SMOKE_TAIL050_A1_TR5,0.1,2025-03-16T23:00:00.000Z,2026-04-26T23:00:00.000Z,-1080.829075,-600.169307,010945998CD535C29A3E7E3B6BBFA997F03CE5988D26BD0B3F126516D2F8BE7C
RAW_HEDGED_GRID_T100_S020_EURUSD_TAIL_TRAIL_SMOKE_TAIL050_A1_TR5,0.1,2025-03-16T23:00:00.000Z,2026-05-03T23:00:00.000Z,-1024.099855,-543.440087,3DD72343AE89FBBBC70A96326A00791F3578E060485CEE3261C003A86DFBE141
RAW_HEDGED_GRID_T100_S020_EURUSD_TAIL_TRAIL_SMOKE_TAIL050_A1_TR5,0.2,2024-05-05T23:00:00.000Z,2025-12-29T00:00:00.000Z,-1462.303569,-1434.714411,24719032CB536C5F1078633B851CBFCD856B606407FFF74D3C8558DA2CE19DA6
RAW_HEDGED_GRID_T100_S020_EURUSD_TAIL_TRAIL_SMOKE_TAIL050_A1_TR5,0.2,2024-05-05T23:00:00.000Z,2026-01-19T00:00:00.000Z,-1426.449868,-1398.86071,A6598991B3DA286550CFACD5EFCB4FF1A50440F60D9DF9D3B0D108D068394BF0
RAW_HEDGED_GRID_T100_S020_EURUSD_TAIL_TRAIL_SMOKE_TAIL050_A1_TR5,0.2,2024-05-05T23:00:00.000Z,2026-02-23T00:00:00.000Z,-1426.144191,-1398.555033,CF0A6769DEB3A94168895D696181E2AC08999015C0F84836D982843F24DDEE93
RAW_HEDGED_GRID_T100_S020_EURUSD_TAIL_TRAIL_SMOKE_TAIL050_A1_TR5,0.2,2024-05-05T23:00:00.000Z,2026-02-16T00:00:00.000Z,-1360.393931,-1332.804773,43002BB384BE49C16E09C6CF0AF02205BDE115A41A4341BBF6866B35A904F0EA
RAW_HEDGED_GRID_T100_S020_EURUSD_TAIL_TRAIL_SMOKE_TAIL050_A1_TR5,0.2,2024-05-05T23:00:00.000Z,2025-12-22T00:00:00.000Z,-1326.873254,-1299.284096,8AB66F779672E22B1E30E1535608BE1B6BE9A8CAC65F79FD5AF93CDF808C44C7
RAW_HEDGED_GRID_T100_S020_EURUSD_TAIL_TRAIL_SMOKE_TAIL050_A1_TR5,0.2,2024-05-05T23:00:00.000Z,2026-01-26T00:00:00.000Z,-1313.059733,-1285.470575,B01A586E98879C82DC0CDD11E1C290D776C29348E4DDBF385D3D28B4696D211D
RAW_HEDGED_GRID_T100_S020_EURUSD_TAIL_TRAIL_SMOKE_TAIL050_A1_TR5,0.2,2024-05-05T23:00:00.000Z,2025-12-08T00:00:00.000Z,-1285.375044,-1257.785886,DFDB81EAF7A8E925F8B2BCEE60C010F467D12A0240ABBC776457574A59CF6E92
RAW_HEDGED_GRID_T100_S020_EURUSD_TAIL_TRAIL_SMOKE_TAIL050_A1_TR5,0.2,2024-05-05T23:00:00.000Z,2026-04-26T23:00:00.000Z,-1219.650965,-1192.061807,B3391B818B17B6F8FA2B82F110A810F29683D15E95CC3076815821DFDED87F5B
RAW_HEDGED_GRID_T100_S020_EURUSD_TAIL_TRAIL_SMOKE_TAIL050_A1_TR5,0.2,2024-05-05T23:00:00.000Z,2025-12-15T00:00:00.000Z,-1219.26886,-1191.679702,2B833F665A64552131E2F62814A7F4277B98B0EDEE08E7D98FEBB7F9AA0C849A
RAW_HEDGED_GRID_T100_S020_EURUSD_TAIL_TRAIL_SMOKE_TAIL050_A1_TR5,0.2,2024-05-05T23:00:00.000Z,2026-05-03T23:00:00.000Z,-1164.706745,-1137.117587,5AF15A926B18638BF358B0E0DB8F016170167448E75E95F5A976E0B8ACBE3C26
RAW_HEDGED_GRID_T100_S020_EURUSD_TAIL_TRAIL_SMOKE_TAIL050_A1_TR5,0.5,,2026-02-23T00:00:00.000Z,-3153.217533,-3153.217533,4B739FD72F201FB3EA0C88A659F819D98328591C82D57AFB7530D913FB5FF04D
RAW_HEDGED_GRID_T100_S020_EURUSD_TAIL_TRAIL_SMOKE_TAIL050_A1_TR5,0.5,,2025-12-29T00:00:00.000Z,-3141.789411,-3141.789411,45D52F8A099B6EAE0E2E6902FDF74AE70A3ECB2CCD4E033DF1E09A96D11FBBC9
RAW_HEDGED_GRID_T100_S020_EURUSD_TAIL_TRAIL_SMOKE_TAIL050_A1_TR5,0.5,,2026-01-19T00:00:00.000Z,-3127.70071,-3127.70071,FA5DD41305EF9F44CBE024D5D31343EA2E481B75E604EE85B5BD0AD8B759CD32
RAW_HEDGED_GRID_T100_S020_EURUSD_TAIL_TRAIL_SMOKE_TAIL050_A1_TR5,0.5,,2026-02-16T00:00:00.000Z,-3081.654773,-3081.654773,E51FB0D2701420B7305F628CEF220E592A7968E14C27EC64C7711AD69A8B9D5A
RAW_HEDGED_GRID_T100_S020_EURUSD_TAIL_TRAIL_SMOKE_TAIL050_A1_TR5,0.5,,2026-01-26T00:00:00.000Z,-3030.383075,-3030.383075,3295506C9D73DA622E5668F831BF2E42953EC3FE514E6E8992D7A40BC4AC1573
RAW_HEDGED_GRID_T100_S020_EURUSD_TAIL_TRAIL_SMOKE_TAIL050_A1_TR5,0.5,,2025-12-22T00:00:00.000Z,-2995.544096,-2995.544096,8E91BB596E7173194FB92F73EE75C5E96ED9F0AF8A26EA0C643B17A250C3889E
RAW_HEDGED_GRID_T100_S020_EURUSD_TAIL_TRAIL_SMOKE_TAIL050_A1_TR5,0.5,,2026-04-26T23:00:00.000Z,-2967.739307,-2967.739307,265180E49DDFB35B973658FD36FCFA4F70EFD62FFAC0E608D538D678D5869752
RAW_HEDGED_GRID_T100_S020_EURUSD_TAIL_TRAIL_SMOKE_TAIL050_A1_TR5,0.5,,2025-12-08T00:00:00.000Z,-2941.775886,-2941.775886,68F7340F399120E2FAF408CE6295178D8F442B3C76389A135FF900BACF4FE736
RAW_HEDGED_GRID_T100_S020_EURUSD_TAIL_TRAIL_SMOKE_TAIL050_A1_TR5,0.5,,2026-05-03T23:00:00.000Z,-2918.150087,-2918.150087,6145D2E4235161F43D0A1A6BA21669ACDA77F5E6F2E4255EBAD444A15B85AC24
RAW_HEDGED_GRID_T100_S020_EURUSD_TAIL_TRAIL_SMOKE_TAIL050_A1_TR5,0.5,,2025-12-15T00:00:00.000Z,-2884.729702,-2884.729702,E36DB9BF7855DE6BF5812AB920114458D7C42E9D8D6A0077C478A14D055FBA4A
RAW_HEDGED_GRID_T100_S020_EURUSD_TAIL_TRAIL_SMOKE_TAIL050_A2_TR1,0,2025-03-16T23:00:00.000Z,2025-12-29T00:00:00.000Z,-1277.910486,-271.38598,62223406118E0988D8D3B4A7ED7596AD0ECC92E97D8BC98796B2758A156E2337
RAW_HEDGED_GRID_T100_S020_EURUSD_TAIL_TRAIL_SMOKE_TAIL050_A2_TR1,0,2025-03-16T23:00:00.000Z,2026-01-19T00:00:00.000Z,-1225.954517,-219.430011,12BE69CB938FBC8256597ECB285FBF8B5B9AE53C040A334C0530A73F2D39CC61
RAW_HEDGED_GRID_T100_S020_EURUSD_TAIL_TRAIL_SMOKE_TAIL050_A2_TR1,0,2025-03-16T23:00:00.000Z,2026-02-23T00:00:00.000Z,-1204.970518,-198.446012,9B27FE3F28469FD3F5960D1B0B3484A0ADE84C150C7FCB3FD15ABCEF27A7432E
RAW_HEDGED_GRID_T100_S020_EURUSD_TAIL_TRAIL_SMOKE_TAIL050_A2_TR1,0,2025-03-16T23:00:00.000Z,2025-12-22T00:00:00.000Z,-1144.873631,-138.349125,BE3CD5EFF109A9C859F03366FAD015BEF063BB2FBA9C18DB39C8EC5A0A334C45
RAW_HEDGED_GRID_T100_S020_EURUSD_TAIL_TRAIL_SMOKE_TAIL050_A2_TR1,0,2025-03-16T23:00:00.000Z,2026-02-16T00:00:00.000Z,-1143.290318,-136.765812,E45966A295128C4575C4534344F18B3F9EA5365AF50B4358849AED95D93E1949
RAW_HEDGED_GRID_T100_S020_EURUSD_TAIL_TRAIL_SMOKE_TAIL050_A2_TR1,0,2025-03-16T23:00:00.000Z,2025-12-08T00:00:00.000Z,-1114.563008,-108.038502,B27BF782297821D288A555C240CC34C75CBC2F0950D8900BF20B76A390912D8B
RAW_HEDGED_GRID_T100_S020_EURUSD_TAIL_TRAIL_SMOKE_TAIL050_A2_TR1,0,2025-03-16T23:00:00.000Z,2026-01-26T00:00:00.000Z,-1090.736762,-84.212256,EE3FC73D8A68E0E325DDB8BB0F09B3275850BFD9438FFD1DADF8A4B361F2A3CC
RAW_HEDGED_GRID_T100_S020_EURUSD_TAIL_TRAIL_SMOKE_TAIL050_A2_TR1,0,2025-03-16T23:00:00.000Z,2025-12-15T00:00:00.000Z,-1042.596812,-36.072306,4ACC85811F3CB0108853103445ED40DA39D11A6E10F2E59F983F998D10C448F5
RAW_HEDGED_GRID_T100_S020_EURUSD_TAIL_TRAIL_SMOKE_TAIL050_A2_TR1,0,2025-03-16T23:00:00.000Z,2026-04-26T23:00:00.000Z,-981.744057,24.780449,8B9C7191E63F0EA89175EC87B1C5FE75388E355AE72EF39F1DDD4E20FBCBEBA3
RAW_HEDGED_GRID_T100_S020_EURUSD_TAIL_TRAIL_SMOKE_TAIL050_A2_TR1,0,2020-06-14T23:00:00.000Z,2021-02-22T00:00:00.000Z,-949.546031,-817.276376,23139FE8C4D36CFA30EDEC8D0F2B0AEBCCB2F1E07A1D1DCEFF5BBE4DE08B7C53
RAW_HEDGED_GRID_T100_S020_EURUSD_TAIL_TRAIL_SMOKE_TAIL050_A2_TR1,0.0025,2025-03-16T23:00:00.000Z,2025-12-29T00:00:00.000Z,-1279.742992,-285.608278,196D3DFCFA7E6984A04B4991C19F96165579B0E1B92CA2AE11713BE7A8049C5C
RAW_HEDGED_GRID_T100_S020_EURUSD_TAIL_TRAIL_SMOKE_TAIL050_A2_TR1,0.0025,2025-03-16T23:00:00.000Z,2026-01-19T00:00:00.000Z,-1227.969524,-233.83481,9E3AB6762402DA6FC69C9BE61EC2E920FB25D97907827E3FB9291B746AE99224
RAW_HEDGED_GRID_T100_S020_EURUSD_TAIL_TRAIL_SMOKE_TAIL050_A2_TR1,0.0025,2025-03-16T23:00:00.000Z,2026-02-23T00:00:00.000Z,-1207.2004,-213.065686,2BA0E79A7C56B3C3E8A2E8B2A48B1863380F9F88772DFA9C81BB5EEF7DE8AAC9
RAW_HEDGED_GRID_T100_S020_EURUSD_TAIL_TRAIL_SMOKE_TAIL050_A2_TR1,0.0025,2025-03-16T23:00:00.000Z,2025-12-22T00:00:00.000Z,-1146.617699,-152.482985,97B2A12479A34BC79A854DF9943AF421472BC875A1BDF97AD5E0F1790C0B3E35
RAW_HEDGED_GRID_T100_S020_EURUSD_TAIL_TRAIL_SMOKE_TAIL050_A2_TR1,0.0025,2025-03-16T23:00:00.000Z,2026-02-16T00:00:00.000Z,-1145.471762,-151.337048,080A16B1CD4251A08791C98AA4BCCA5BC63B5C375FE26DB05C514B7771309877
RAW_HEDGED_GRID_T100_S020_EURUSD_TAIL_TRAIL_SMOKE_TAIL050_A2_TR1,0.0025,2025-03-16T23:00:00.000Z,2025-12-08T00:00:00.000Z,-1116.2062,-122.071486,4E0E99ACFE8262C785B197ADD1A7356D7626160C62F4E2D1927E67DCE9439823
RAW_HEDGED_GRID_T100_S020_EURUSD_TAIL_TRAIL_SMOKE_TAIL050_A2_TR1,0.0025,2025-03-16T23:00:00.000Z,2026-01-26T00:00:00.000Z,-1092.885706,-98.750992,00B3CAAB3F12D6A1F1D6707C222CDD07C7CDCF64B35967B057295F0B08003C7D
RAW_HEDGED_GRID_T100_S020_EURUSD_TAIL_TRAIL_SMOKE_TAIL050_A2_TR1,0.0025,2025-03-16T23:00:00.000Z,2025-12-15T00:00:00.000Z,-1044.312942,-50.178228,A38932382E31933E74F4CFB4E91F05B7B20B4682DEE37511AE727EE05BBFD39F
RAW_HEDGED_GRID_T100_S020_EURUSD_TAIL_TRAIL_SMOKE_TAIL050_A2_TR1,0.0025,2025-03-16T23:00:00.000Z,2026-04-26T23:00:00.000Z,-984.148878,9.985836,9BA416C40640E01C961DDA379285DC38B9F67B559DDDED43B82F721151EEC44F
RAW_HEDGED_GRID_T100_S020_EURUSD_TAIL_TRAIL_SMOKE_TAIL050_A2_TR1,0.0025,2020-06-14T23:00:00.000Z,2021-02-22T00:00:00.000Z,-951.183912,-820.702638,359EC7F927526D2314DC77422A3AF477C45EBAB9159B9C45608E393879BED37F
RAW_HEDGED_GRID_T100_S020_EURUSD_TAIL_TRAIL_SMOKE_TAIL050_A2_TR1,0.005,2025-03-16T23:00:00.000Z,2025-12-29T00:00:00.000Z,-1281.575486,-299.83048,A6D91498DD1AFA81AF0CB94D63024D739293FF722E4B82ED13D29CA1ADDCFB95
RAW_HEDGED_GRID_T100_S020_EURUSD_TAIL_TRAIL_SMOKE_TAIL050_A2_TR1,0.005,2025-03-16T23:00:00.000Z,2026-01-19T00:00:00.000Z,-1229.984517,-248.239511,25808B7E5FF56B9F5EE863BC16898A4E0F46BBB4CE554A2C9DE30664203E7070
RAW_HEDGED_GRID_T100_S020_EURUSD_TAIL_TRAIL_SMOKE_TAIL050_A2_TR1,0.005,2025-03-16T23:00:00.000Z,2026-02-23T00:00:00.000Z,-1209.430268,-227.685262,A5A419E40255C06A2830B678B9070BEABF356EE33C23068483B58A287B286E68
RAW_HEDGED_GRID_T100_S020_EURUSD_TAIL_TRAIL_SMOKE_TAIL050_A2_TR1,0.005,2025-03-16T23:00:00.000Z,2025-12-22T00:00:00.000Z,-1148.361756,-166.61675,AC139130F3B95CAEE8D65D537FCBD5994EAAC7BF53285D27D9DB09B24CB42069
RAW_HEDGED_GRID_T100_S020_EURUSD_TAIL_TRAIL_SMOKE_TAIL050_A2_TR1,0.005,2025-03-16T23:00:00.000Z,2026-02-16T00:00:00.000Z,-1147.653193,-165.908187,73503AA313B755E2F8A020E7D932110E1D0A5843D7FAE201492662C13784783F
RAW_HEDGED_GRID_T100_S020_EURUSD_TAIL_TRAIL_SMOKE_TAIL050_A2_TR1,0.005,2025-03-16T23:00:00.000Z,2025-12-08T00:00:00.000Z,-1117.849383,-136.104377,F0720B7316211F6AC9403DA79394BB0308ED9728A62037616A581BCAC6E676C3
RAW_HEDGED_GRID_T100_S020_EURUSD_TAIL_TRAIL_SMOKE_TAIL050_A2_TR1,0.005,2025-03-16T23:00:00.000Z,2026-01-26T00:00:00.000Z,-1095.034637,-113.289631,65B66F73F555C015FBFD1373327481F0865B4E8D44C612A9657919BACB8F3473
RAW_HEDGED_GRID_T100_S020_EURUSD_TAIL_TRAIL_SMOKE_TAIL050_A2_TR1,0.005,2025-03-16T23:00:00.000Z,2025-12-15T00:00:00.000Z,-1046.029062,-64.284056,B588FB62807930B95D9A0B79FE5657D0AA68230EDF7D2B2EAF9CC8DC99C67AC5
RAW_HEDGED_GRID_T100_S020_EURUSD_TAIL_TRAIL_SMOKE_TAIL050_A2_TR1,0.005,2025-03-16T23:00:00.000Z,2026-04-26T23:00:00.000Z,-986.553682,-4.808676,A2DED769B1A02817A7A070AC15385A5AA37FF27A750F74B74026C55A73FAF5A1
RAW_HEDGED_GRID_T100_S020_EURUSD_TAIL_TRAIL_SMOKE_TAIL050_A2_TR1,0.005,2020-06-14T23:00:00.000Z,2021-02-22T00:00:00.000Z,-952.821781,-824.128876,1416A1175EAB3FABFB0730630566AA663B24E5C936A42B34E31D66E1B8D49C7D
RAW_HEDGED_GRID_T100_S020_EURUSD_TAIL_TRAIL_SMOKE_TAIL050_A2_TR1,0.01,2025-03-16T23:00:00.000Z,2025-12-29T00:00:00.000Z,-1285.240486,-328.27498,7D3200D266931986697FF1646FC903A4918AE1C971ED466F9337DA034F24F894
RAW_HEDGED_GRID_T100_S020_EURUSD_TAIL_TRAIL_SMOKE_TAIL050_A2_TR1,0.01,2025-03-16T23:00:00.000Z,2026-01-19T00:00:00.000Z,-1234.014517,-277.049011,667BA9716E73DCBE5FD9368CF67F9820DDA1053B8E3409C89B6080B24D4FD05A
RAW_HEDGED_GRID_T100_S020_EURUSD_TAIL_TRAIL_SMOKE_TAIL050_A2_TR1,0.01,2025-03-16T23:00:00.000Z,2026-02-23T00:00:00.000Z,-1213.890018,-256.924512,58EF90F454B36DE2CBA03CA95F0AA465E0BB2F4183105DB358E0F269577CE695
RAW_HEDGED_GRID_T100_S020_EURUSD_TAIL_TRAIL_SMOKE_TAIL050_A2_TR1,0.01,2025-03-16T23:00:00.000Z,2026-02-16T00:00:00.000Z,-1152.016068,-195.050562,615A97337C147F109AA54062BF5698D75BD135A352726DB011E43D32196DFFCA
RAW_HEDGED_GRID_T100_S020_EURUSD_TAIL_TRAIL_SMOKE_TAIL050_A2_TR1,0.01,2025-03-16T23:00:00.000Z,2025-12-22T00:00:00.000Z,-1151.849881,-194.884375,994BE8848D1F7F0D076A457E146BA8B9E6FA983E5744DE1A6444051F19738B25
RAW_HEDGED_GRID_T100_S020_EURUSD_TAIL_TRAIL_SMOKE_TAIL050_A2_TR1,0.01,2025-03-16T23:00:00.000Z,2025-12-08T00:00:00.000Z,-1121.135758,-164.170252,3DCFBD3C36054D790A22D532A9CF01D2983CA047CADCA8DC5B3E457E8506EE5F
RAW_HEDGED_GRID_T100_S020_EURUSD_TAIL_TRAIL_SMOKE_TAIL050_A2_TR1,0.01,2025-03-16T23:00:00.000Z,2026-01-26T00:00:00.000Z,-1099.332512,-142.367006,AB507753B7FC1D16887873D2415CFEF0F8284DCC3C93AED252A6D61613F32ECD
RAW_HEDGED_GRID_T100_S020_EURUSD_TAIL_TRAIL_SMOKE_TAIL050_A2_TR1,0.01,2025-03-16T23:00:00.000Z,2025-12-15T00:00:00.000Z,-1049.461312,-92.495806,D201B3E1861930791AB5C1C27590DF858DE04C2E919519B2BD6E7579895B138B
RAW_HEDGED_GRID_T100_S020_EURUSD_TAIL_TRAIL_SMOKE_TAIL050_A2_TR1,0.01,2025-03-16T23:00:00.000Z,2026-04-26T23:00:00.000Z,-991.363307,-34.397801,D569D83FE7D70ADDED220057C47CE0808686027018EF795BBDDC3E03CC9C509D
RAW_HEDGED_GRID_T100_S020_EURUSD_TAIL_TRAIL_SMOKE_TAIL050_A2_TR1,0.01,2020-06-14T23:00:00.000Z,2021-02-22T00:00:00.000Z,-956.097531,-830.981376,63AC2F40A8878F866DFC4793B4C9C573828E7F0C723516425679BC86D1C896DB
RAW_HEDGED_GRID_T100_S020_EURUSD_TAIL_TRAIL_SMOKE_TAIL050_A2_TR1,0.02,2025-03-16T23:00:00.000Z,2025-12-29T00:00:00.000Z,-1292.570486,-385.16398,F71033C776218BE76536E29E2D6350C3F0B06F8DE6D260A9CA437515C67AB5E1
RAW_HEDGED_GRID_T100_S020_EURUSD_TAIL_TRAIL_SMOKE_TAIL050_A2_TR1,0.02,2025-03-16T23:00:00.000Z,2026-01-19T00:00:00.000Z,-1242.074517,-334.668011,B5F71055B3339FBB93E0624124F5FAE8465D15DC6B8288E3372ECAE3E1142CE6
RAW_HEDGED_GRID_T100_S020_EURUSD_TAIL_TRAIL_SMOKE_TAIL050_A2_TR1,0.02,2025-03-16T23:00:00.000Z,2026-02-23T00:00:00.000Z,-1222.809518,-315.403012,643D6BCD7F755692B4097707F3964782A95ED4C0BCF2C7AEDF1FF721456E005C
RAW_HEDGED_GRID_T100_S020_EURUSD_TAIL_TRAIL_SMOKE_TAIL050_A2_TR1,0.02,2025-03-16T23:00:00.000Z,2026-02-16T00:00:00.000Z,-1160.741818,-253.335312,FDE3534F3C0B89C17C3617B35668E3316ED10639D7AFAF2AFE6E5C214472D934
RAW_HEDGED_GRID_T100_S020_EURUSD_TAIL_TRAIL_SMOKE_TAIL050_A2_TR1,0.02,2025-03-16T23:00:00.000Z,2025-12-22T00:00:00.000Z,-1158.826131,-251.419625,B1707B3A785BD75F83351A4E5720B67A7D3AA49E98A37C5E9DDEED1D9A0526E1
RAW_HEDGED_GRID_T100_S020_EURUSD_TAIL_TRAIL_SMOKE_TAIL050_A2_TR1,0.02,2025-03-16T23:00:00.000Z,2025-12-08T00:00:00.000Z,-1127.708508,-220.302002,BF486E0599CF8F6CA5909B8940353897FD72F68AE4EC20D0FC6D9B22F213FFEA
RAW_HEDGED_GRID_T100_S020_EURUSD_TAIL_TRAIL_SMOKE_TAIL050_A2_TR1,0.02,2025-03-16T23:00:00.000Z,2026-01-26T00:00:00.000Z,-1107.928262,-200.521756,98527B3E16BF7D5F426F7ED13B136941E8855FBCE5B7ACEFE0459DDC87522B24
RAW_HEDGED_GRID_T100_S020_EURUSD_TAIL_TRAIL_SMOKE_TAIL050_A2_TR1,0.02,2025-03-16T23:00:00.000Z,2025-12-15T00:00:00.000Z,-1056.325812,-148.919306,2E475C93F00B55E3A35C2BEB32B4ADC958AA3B3CC11D661852B51BEE5412809F
RAW_HEDGED_GRID_T100_S020_EURUSD_TAIL_TRAIL_SMOKE_TAIL050_A2_TR1,0.02,2025-03-16T23:00:00.000Z,2026-04-26T23:00:00.000Z,-1000.982557,-93.576051,1670E0E28D715AC4889B52172D81350BF3B6746D14E650EE6DF6CF65FC199A5B
RAW_HEDGED_GRID_T100_S020_EURUSD_TAIL_TRAIL_SMOKE_TAIL050_A2_TR1,0.02,2020-06-14T23:00:00.000Z,2021-02-22T00:00:00.000Z,-962.649031,-844.686376,6D4A5EBF5F3C3F8B6AB7732935CBDBC5F96E69EB52003CC18DCBFE20DEA25E0C
RAW_HEDGED_GRID_T100_S020_EURUSD_TAIL_TRAIL_SMOKE_TAIL050_A2_TR1,0.05,2025-03-16T23:00:00.000Z,2025-12-29T00:00:00.000Z,-1314.560486,-555.83098,D916D0414B935CC96B8DFE8BDF3D05A622BF6A27C193C6B7C5F0A5B54A2BA784
RAW_HEDGED_GRID_T100_S020_EURUSD_TAIL_TRAIL_SMOKE_TAIL050_A2_TR1,0.05,2025-03-16T23:00:00.000Z,2026-01-19T00:00:00.000Z,-1266.254517,-507.525011,D5A04967053CA089913EC7592044B189F41EEFFDFDB9E8DFE6CC9BDF23CFE7CC
RAW_HEDGED_GRID_T100_S020_EURUSD_TAIL_TRAIL_SMOKE_TAIL050_A2_TR1,0.05,2025-03-16T23:00:00.000Z,2026-02-23T00:00:00.000Z,-1249.568018,-490.838512,1610B635430D55D1CE016DB9C9BAFA6EA0789C6A8056BFC731A7E0EF65B83844
RAW_HEDGED_GRID_T100_S020_EURUSD_TAIL_TRAIL_SMOKE_TAIL050_A2_TR1,0.05,2025-03-16T23:00:00.000Z,2026-02-16T00:00:00.000Z,-1186.919068,-428.189562,774BACF14E06061B78E73BFF859A3B35754187D704B73EB75D8B44CE8246B7B9
RAW_HEDGED_GRID_T100_S020_EURUSD_TAIL_TRAIL_SMOKE_TAIL050_A2_TR1,0.05,2025-03-16T23:00:00.000Z,2025-12-22T00:00:00.000Z,-1179.754881,-421.025375,C2C57526C4BD07CD070792E4FFA921EEB660F4C0AF559EA58D65B705AE47517C
RAW_HEDGED_GRID_T100_S020_EURUSD_TAIL_TRAIL_SMOKE_TAIL050_A2_TR1,0.05,2025-03-16T23:00:00.000Z,2025-12-08T00:00:00.000Z,-1147.426758,-388.697252,9996197FFC3481EE40EB9092668AB2A7D46F5045740E3566A8A78A8E7389532B
RAW_HEDGED_GRID_T100_S020_EURUSD_TAIL_TRAIL_SMOKE_TAIL050_A2_TR1,0.05,2025-03-16T23:00:00.000Z,2026-01-26T00:00:00.000Z,-1133.715512,-374.986006,177DA50EDF846EDE741EC46E2F7F890C9A712C7A359A8D7DD3BEF039D86F7613
RAW_HEDGED_GRID_T100_S020_EURUSD_TAIL_TRAIL_SMOKE_TAIL050_A2_TR1,0.05,2025-03-16T23:00:00.000Z,2025-12-15T00:00:00.000Z,-1076.919312,-318.189806,0BA7BEE6EEB35668ED444B97858B9C79F26AFBD5751F5D3D103F6296B914D9CC
RAW_HEDGED_GRID_T100_S020_EURUSD_TAIL_TRAIL_SMOKE_TAIL050_A2_TR1,0.05,2025-03-16T23:00:00.000Z,2026-04-26T23:00:00.000Z,-1029.840307,-271.110801,CCA89A0B0360FE10A066ED382720C572FFD4CF2BD9104884BA96FD4BBCD4F921
RAW_HEDGED_GRID_T100_S020_EURUSD_TAIL_TRAIL_SMOKE_TAIL050_A2_TR1,0.05,2020-05-17T23:00:00.000Z,2021-02-22T00:00:00.000Z,-984.461552,-885.801376,63BB4C81064E96A4D3D213C3BAEBCBDFA269F23EE208B601420768E711C90513
RAW_HEDGED_GRID_T100_S020_EURUSD_TAIL_TRAIL_SMOKE_TAIL050_A2_TR1,0.1,2025-03-16T23:00:00.000Z,2025-12-29T00:00:00.000Z,-1351.210486,-840.27598,96BB31ACD3FF36A3D59FF83BDB92D18F2327BD4D44E0D458BE47CB58CEB72F2B
RAW_HEDGED_GRID_T100_S020_EURUSD_TAIL_TRAIL_SMOKE_TAIL050_A2_TR1,0.1,2025-03-16T23:00:00.000Z,2026-01-19T00:00:00.000Z,-1306.554517,-795.620011,25CF2B562F1FB8526CE95C6AD4BED3766D7510BF2FCE5FD7032D3A50BAC11BD6
RAW_HEDGED_GRID_T100_S020_EURUSD_TAIL_TRAIL_SMOKE_TAIL050_A2_TR1,0.1,2025-03-16T23:00:00.000Z,2026-02-23T00:00:00.000Z,-1294.165518,-783.231012,B14F0CF16CE47A1BDA581AF42DE854A0ABC48DE55108038ECBC17F3144180464
RAW_HEDGED_GRID_T100_S020_EURUSD_TAIL_TRAIL_SMOKE_TAIL050_A2_TR1,0.1,2025-03-16T23:00:00.000Z,2026-02-16T00:00:00.000Z,-1230.547818,-719.613312,6346D2BCF8DA17D5D96A814A521604F2F324C2C7B3F8FC632D666C03A128C3F4
RAW_HEDGED_GRID_T100_S020_EURUSD_TAIL_TRAIL_SMOKE_TAIL050_A2_TR1,0.1,2025-03-16T23:00:00.000Z,2025-12-22T00:00:00.000Z,-1214.636131,-703.701625,5080010DD95741D47D2A337673FBBA86CDC95455A26CA0D84AD0C00BD0349A83
RAW_HEDGED_GRID_T100_S020_EURUSD_TAIL_TRAIL_SMOKE_TAIL050_A2_TR1,0.1,2025-03-16T23:00:00.000Z,2025-12-08T00:00:00.000Z,-1180.290508,-669.356002,10ED7AAD392187A8D4D18B1DF93C17275B31148D8D6288D9360DFBBA04393242
RAW_HEDGED_GRID_T100_S020_EURUSD_TAIL_TRAIL_SMOKE_TAIL050_A2_TR1,0.1,2025-03-16T23:00:00.000Z,2026-01-26T00:00:00.000Z,-1176.694262,-665.759756,119F390FA17073E56E38AC327E1B904AB85DA4AB53B18AC5019A8DD987616022
RAW_HEDGED_GRID_T100_S020_EURUSD_TAIL_TRAIL_SMOKE_TAIL050_A2_TR1,0.1,2025-03-16T23:00:00.000Z,2025-12-15T00:00:00.000Z,-1111.241812,-600.307306,1BC961B49C43B87333EEC0B2A366CD2F1F6997C6CAC7118F44DB19AD0B0CDFC6
RAW_HEDGED_GRID_T100_S020_EURUSD_TAIL_TRAIL_SMOKE_TAIL050_A2_TR1,0.1,2025-03-16T23:00:00.000Z,2026-04-26T23:00:00.000Z,-1077.936557,-567.002051,BE228836380172235EF7D3EE8E39FEF4124406F128ED48FB788718D903F90014
RAW_HEDGED_GRID_T100_S020_EURUSD_TAIL_TRAIL_SMOKE_TAIL050_A2_TR1,0.1,2020-05-17T23:00:00.000Z,2021-02-22T00:00:00.000Z,-1022.134052,-954.326376,AE375439849431427E8746DF53C1719AB56C71037291D1E7B6BF3220D5D8DCEA
RAW_HEDGED_GRID_T100_S020_EURUSD_TAIL_TRAIL_SMOKE_TAIL050_A2_TR1,0.2,2024-05-05T23:00:00.000Z,2025-12-29T00:00:00.000Z,-1434.689778,-1409.16598,FE1D671E95EC2DD3257EF9D933FE5A92A31006BBCE334EAD51EC6047D7B902A4
RAW_HEDGED_GRID_T100_S020_EURUSD_TAIL_TRAIL_SMOKE_TAIL050_A2_TR1,0.2,2024-05-05T23:00:00.000Z,2026-01-19T00:00:00.000Z,-1397.333809,-1371.810011,60809EA867FD78AD45C2ABBC731B8810169597C821F8B7DC7419A29DE67BE1DA
RAW_HEDGED_GRID_T100_S020_EURUSD_TAIL_TRAIL_SMOKE_TAIL050_A2_TR1,0.2,2024-05-05T23:00:00.000Z,2026-02-23T00:00:00.000Z,-1393.53981,-1368.016012,0ECEC8C9CBC6672E1333C83DAAD679CC76B00960FF37621C8D00CC406991F033
RAW_HEDGED_GRID_T100_S020_EURUSD_TAIL_TRAIL_SMOKE_TAIL050_A2_TR1,0.2,2024-05-05T23:00:00.000Z,2026-02-16T00:00:00.000Z,-1327.98461,-1302.460812,04C6248D2655564614BB349623F54121A8FDB603FDF713A48AE9A938A59B64BB
RAW_HEDGED_GRID_T100_S020_EURUSD_TAIL_TRAIL_SMOKE_TAIL050_A2_TR1,0.2,2024-05-05T23:00:00.000Z,2025-12-22T00:00:00.000Z,-1294.577923,-1269.054125,5C9052E2FE9CC4052949D3072A1F803673A427AB5D09F0F96C52FF3841B579C8
RAW_HEDGED_GRID_T100_S020_EURUSD_TAIL_TRAIL_SMOKE_TAIL050_A2_TR1,0.2,2024-05-05T23:00:00.000Z,2026-01-26T00:00:00.000Z,-1272.831054,-1247.307256,42DB2354AB6C2A0C1F91A831673FA736C1AC4119F161FA0FBCC32722815A4278
RAW_HEDGED_GRID_T100_S020_EURUSD_TAIL_TRAIL_SMOKE_TAIL050_A2_TR1,0.2,2024-05-05T23:00:00.000Z,2025-12-08T00:00:00.000Z,-1256.1973,-1230.673502,D974B5B8085913E2460D89C56AAAD81FC5C33E3571B8896AD06247182FBC4279
RAW_HEDGED_GRID_T100_S020_EURUSD_TAIL_TRAIL_SMOKE_TAIL050_A2_TR1,0.2,2024-05-05T23:00:00.000Z,2025-12-15T00:00:00.000Z,-1190.066104,-1164.542306,1353B8AC123D61B775B8906A7884BB7A24127BA47A22B2329F3845138B2B4A7B
RAW_HEDGED_GRID_T100_S020_EURUSD_TAIL_TRAIL_SMOKE_TAIL050_A2_TR1,0.2,2024-05-05T23:00:00.000Z,2026-04-26T23:00:00.000Z,-1184.308349,-1158.784551,203246109947ED1363B1DA5ACBA49FE3EBC8D4AE9C67EFB811B90133D75B54FF
RAW_HEDGED_GRID_T100_S020_EURUSD_TAIL_TRAIL_SMOKE_TAIL050_A2_TR1,0.2,2024-05-05T23:00:00.000Z,2026-05-03T23:00:00.000Z,-1127.131522,-1101.607724,30B915A3F316D3058EF553476C4D0C53967C2AFB496EC3869C757833329C68EC
RAW_HEDGED_GRID_T100_S020_EURUSD_TAIL_TRAIL_SMOKE_TAIL050_A2_TR1,0.5,,2026-02-23T00:00:00.000Z,-3122.371012,-3122.371012,06F6155F690646F17A8C71CB605A1DB59791F5E80C802959FEA68A6F2AB0A172
RAW_HEDGED_GRID_T100_S020_EURUSD_TAIL_TRAIL_SMOKE_TAIL050_A2_TR1,0.5,,2025-12-29T00:00:00.000Z,-3115.83598,-3115.83598,AC15B7B9ECFBC24B995BE7A0C761B65E1C02FBC2768E21012FCBB7D3DD7CB013
RAW_HEDGED_GRID_T100_S020_EURUSD_TAIL_TRAIL_SMOKE_TAIL050_A2_TR1,0.5,,2026-01-19T00:00:00.000Z,-3100.380011,-3100.380011,987473F05CA86198E0825772386109100B3AC29CD31DB1DB2328D7C0070DE51A
RAW_HEDGED_GRID_T100_S020_EURUSD_TAIL_TRAIL_SMOKE_TAIL050_A2_TR1,0.5,,2026-02-16T00:00:00.000Z,-3051.003312,-3051.003312,C3289B28A7005B5A82D8B3644F706F7D6F0C49268253C12D09509C06E33103F5
RAW_HEDGED_GRID_T100_S020_EURUSD_TAIL_TRAIL_SMOKE_TAIL050_A2_TR1,0.5,,2026-01-26T00:00:00.000Z,-2991.949756,-2991.949756,BB9D940AA6BE3E7AFE451BF6AEE9F30900D11E378A1EAE3399D8DC76BB2C5DC8
RAW_HEDGED_GRID_T100_S020_EURUSD_TAIL_TRAIL_SMOKE_TAIL050_A2_TR1,0.5,,2025-12-22T00:00:00.000Z,-2965.111625,-2965.111625,D7B2393C4E3B94FFF77720D7129DB00495396922019AF36BC6FA5F798664080D
RAW_HEDGED_GRID_T100_S020_EURUSD_TAIL_TRAIL_SMOKE_TAIL050_A2_TR1,0.5,,2026-04-26T23:00:00.000Z,-2934.132051,-2934.132051,4FB59A1086620C02135B6AE999A520E3A4E2A05A3F42BA9253B67D4203E472E8
RAW_HEDGED_GRID_T100_S020_EURUSD_TAIL_TRAIL_SMOKE_TAIL050_A2_TR1,0.5,,2025-12-08T00:00:00.000Z,-2914.626002,-2914.626002,C99036E7471CFAF37E50CD39BE8081020411A7101C0B5DE3344F0610AC15B901
RAW_HEDGED_GRID_T100_S020_EURUSD_TAIL_TRAIL_SMOKE_TAIL050_A2_TR1,0.5,,2026-05-03T23:00:00.000Z,-2882.377724,-2882.377724,C45AD8E5077744488566032B953F518B892F1A16ECC8FF89BA654872480A8FBB
RAW_HEDGED_GRID_T100_S020_EURUSD_TAIL_TRAIL_SMOKE_TAIL050_A2_TR1,0.5,,2025-12-15T00:00:00.000Z,-2857.247306,-2857.247306,8AF30546B530690A3CDFAA9E1FCE9916275551C1D59B5EDEF3317A96F501E8DD
RAW_HEDGED_GRID_T100_S020_EURUSD_TAIL_TRAIL_SMOKE_TAIL050_A2_TR2,0,2025-03-16T23:00:00.000Z,2025-12-29T00:00:00.000Z,-1277.037769,-267.063906,C70DBC220FD6222BD062480A3764F824118B66460422C95557E713FE5E84B258
RAW_HEDGED_GRID_T100_S020_EURUSD_TAIL_TRAIL_SMOKE_TAIL050_A2_TR2,0,2025-03-16T23:00:00.000Z,2026-01-19T00:00:00.000Z,-1225.06188,-215.088017,CE6B7DB9CDEF88D0DB2CFB63C812016F03451FD07686F2CB9336BBCADC59E431
RAW_HEDGED_GRID_T100_S020_EURUSD_TAIL_TRAIL_SMOKE_TAIL050_A2_TR2,0,2025-03-16T23:00:00.000Z,2026-02-23T00:00:00.000Z,-1203.427533,-193.45367,6A302396E8EA181AAE70678FE3C0446D2C363B081F090EBFAE41E21740C28F06
RAW_HEDGED_GRID_T100_S020_EURUSD_TAIL_TRAIL_SMOKE_TAIL050_A2_TR2,0,2025-03-16T23:00:00.000Z,2025-12-22T00:00:00.000Z,-1143.95043,-133.976567,436B76CF6D8EB4E85F731A590AE2B29CD4088D86FE7A50B6E6EE0E6802BD38FB
RAW_HEDGED_GRID_T100_S020_EURUSD_TAIL_TRAIL_SMOKE_TAIL050_A2_TR2,0,2025-03-16T23:00:00.000Z,2026-02-16T00:00:00.000Z,-1141.633719,-131.659856,6E8F0DBD8F4318A0F4EE5ADE4CD55D97482548ECE270197C8F0AD15C2A7735E2
RAW_HEDGED_GRID_T100_S020_EURUSD_TAIL_TRAIL_SMOKE_TAIL050_A2_TR2,0,2025-03-16T23:00:00.000Z,2025-12-08T00:00:00.000Z,-1113.40772,-103.433857,877556BB0E53484F2495CE8DA51DDAC7E42A26630E9763CC97CDAF0393CBEE0D
RAW_HEDGED_GRID_T100_S020_EURUSD_TAIL_TRAIL_SMOKE_TAIL050_A2_TR2,0,2025-03-16T23:00:00.000Z,2026-01-26T00:00:00.000Z,-1089.02634,-79.052477,7B8B7331F03E4EA2206AA533D2F8EFFE91CFD3C4EA12B8509BEF859549DE5712
RAW_HEDGED_GRID_T100_S020_EURUSD_TAIL_TRAIL_SMOKE_TAIL050_A2_TR2,0,2025-03-16T23:00:00.000Z,2025-12-15T00:00:00.000Z,-1041.58631,-31.612447,4A91F28CE5ABCB13E9B2F19960FF7D8DA71377EBB6A188377031793B655FFF56
RAW_HEDGED_GRID_T100_S020_EURUSD_TAIL_TRAIL_SMOKE_TAIL050_A2_TR2,0,2025-03-16T23:00:00.000Z,2026-04-26T23:00:00.000Z,-980.788783,29.18508,5D5F7BFE39B1B1EA3B5307AB810A7F9F9550A58C4885A47FF72D45AEB48A303D
RAW_HEDGED_GRID_T100_S020_EURUSD_TAIL_TRAIL_SMOKE_TAIL050_A2_TR2,0,2020-06-14T23:00:00.000Z,2021-02-22T00:00:00.000Z,-950.134116,-818.043012,903995584E11FFB932998E072CC6AD34F4B29DBC10B8A71E072EFC8E1B386C1D
RAW_HEDGED_GRID_T100_S020_EURUSD_TAIL_TRAIL_SMOKE_TAIL050_A2_TR2,0.0025,2025-03-16T23:00:00.000Z,2025-12-29T00:00:00.000Z,-1278.870274,-281.28621,C18E028FF5061660EF4027924E479F656890A1E4C98A0D9BE19E0199B8ED452C
RAW_HEDGED_GRID_T100_S020_EURUSD_TAIL_TRAIL_SMOKE_TAIL050_A2_TR2,0.0025,2025-03-16T23:00:00.000Z,2026-01-19T00:00:00.000Z,-1227.076323,-229.492259,BCED1D3AF53E932C7EFB3DDF17A6CC7E2AD52633A1FCD812B6A23B051BC96E75
RAW_HEDGED_GRID_T100_S020_EURUSD_TAIL_TRAIL_SMOKE_TAIL050_A2_TR2,0.0025,2025-03-16T23:00:00.000Z,2026-02-23T00:00:00.000Z,-1205.657414,-208.07335,CF7971C057FBD6B66B840C76AC6EA5C2ED502B9D7362D00F91E87CB1BBED465A
RAW_HEDGED_GRID_T100_S020_EURUSD_TAIL_TRAIL_SMOKE_TAIL050_A2_TR2,0.0025,2025-03-16T23:00:00.000Z,2025-12-22T00:00:00.000Z,-1145.694497,-148.110433,D300E48CC5C16AE9341C60B0624EC26268C9F05E3308AB5C861E12319C2C307C
RAW_HEDGED_GRID_T100_S020_EURUSD_TAIL_TRAIL_SMOKE_TAIL050_A2_TR2,0.0025,2025-03-16T23:00:00.000Z,2026-02-16T00:00:00.000Z,-1143.815162,-146.231098,F91C669DC47F4D0B90E3E88F4B6E5353E97AE1B602B2A3F477CDC3EC03D44AF1
RAW_HEDGED_GRID_T100_S020_EURUSD_TAIL_TRAIL_SMOKE_TAIL050_A2_TR2,0.0025,2025-03-16T23:00:00.000Z,2025-12-08T00:00:00.000Z,-1115.050911,-117.466847,DCB216AD0BB1D64EFC61A1BA82253A766CAD0D30C93E9B7C992C351122669560
RAW_HEDGED_GRID_T100_S020_EURUSD_TAIL_TRAIL_SMOKE_TAIL050_A2_TR2,0.0025,2025-03-16T23:00:00.000Z,2026-01-26T00:00:00.000Z,-1091.175283,-93.591219,752D45A8624543C5318F06B4DFBE3F4555DDD5AB10F9F5B46812E02A0CA2A099
RAW_HEDGED_GRID_T100_S020_EURUSD_TAIL_TRAIL_SMOKE_TAIL050_A2_TR2,0.0025,2025-03-16T23:00:00.000Z,2025-12-15T00:00:00.000Z,-1043.302439,-45.718375,F106186FC18CE24CFF3F24A4EF1A9A220F2453E03F0AC5561B00A7306C8871EB
RAW_HEDGED_GRID_T100_S020_EURUSD_TAIL_TRAIL_SMOKE_TAIL050_A2_TR2,0.0025,2025-03-16T23:00:00.000Z,2026-04-26T23:00:00.000Z,-983.193603,14.390461,A0542EF7980700430865D262F394EE317B9EBCBBBF9C8B6CB9A589A29D7D14C1
RAW_HEDGED_GRID_T100_S020_EURUSD_TAIL_TRAIL_SMOKE_TAIL050_A2_TR2,0.0025,2020-06-14T23:00:00.000Z,2021-02-22T00:00:00.000Z,-951.771998,-821.469277,EC8B79B1C492F49A910C9E54CFD816792491E0DACBBB3FD653BACED4A21E8A18
RAW_HEDGED_GRID_T100_S020_EURUSD_TAIL_TRAIL_SMOKE_TAIL050_A2_TR2,0.005,2025-03-16T23:00:00.000Z,2025-12-29T00:00:00.000Z,-1280.702769,-295.508406,D68B30BE847D248EC686DF46CBE194A813DB92A454031D1A631D8B1E4823003D
RAW_HEDGED_GRID_T100_S020_EURUSD_TAIL_TRAIL_SMOKE_TAIL050_A2_TR2,0.005,2025-03-16T23:00:00.000Z,2026-01-19T00:00:00.000Z,-1229.090755,-243.896392,E6E1B4784204BE22193C64474A4F606FA7B977035B7CB1E835AFA7D0078AB6EC
RAW_HEDGED_GRID_T100_S020_EURUSD_TAIL_TRAIL_SMOKE_TAIL050_A2_TR2,0.005,2025-03-16T23:00:00.000Z,2026-02-23T00:00:00.000Z,-1207.887283,-222.69292,8C8EF456E12F40BD5986AB2D230192F7931FC5A55F8158DF813FEF9AAE245FAA
RAW_HEDGED_GRID_T100_S020_EURUSD_TAIL_TRAIL_SMOKE_TAIL050_A2_TR2,0.005,2025-03-16T23:00:00.000Z,2025-12-22T00:00:00.000Z,-1147.438555,-162.244192,64105A0BAB2F0062C3134993F97D504F52FE93F5FCB2F41A046775926C9B16D4
RAW_HEDGED_GRID_T100_S020_EURUSD_TAIL_TRAIL_SMOKE_TAIL050_A2_TR2,0.005,2025-03-16T23:00:00.000Z,2026-02-16T00:00:00.000Z,-1145.996594,-160.802231,B5692E3BECB468E6105B0FAD06AAFDEC9F669A6D59F12E204C610E95C95DD88A
RAW_HEDGED_GRID_T100_S020_EURUSD_TAIL_TRAIL_SMOKE_TAIL050_A2_TR2,0.005,2025-03-16T23:00:00.000Z,2025-12-08T00:00:00.000Z,-1116.694095,-131.499732,6D39A18DA5DB664530DCA89B59F49EE372025352EDF8FA50CEE178D0C84FEF5E
RAW_HEDGED_GRID_T100_S020_EURUSD_TAIL_TRAIL_SMOKE_TAIL050_A2_TR2,0.005,2025-03-16T23:00:00.000Z,2026-01-26T00:00:00.000Z,-1093.324215,-108.129852,337191F49F974D895B6BF80631CE5E147D6F11A7D2432BADCECC8CF6CD40577C
RAW_HEDGED_GRID_T100_S020_EURUSD_TAIL_TRAIL_SMOKE_TAIL050_A2_TR2,0.005,2025-03-16T23:00:00.000Z,2025-12-15T00:00:00.000Z,-1045.01856,-59.824197,158534101F534DD7AD29EE6E45E87299789DF8085009B2E414AE5DAD7F323939
RAW_HEDGED_GRID_T100_S020_EURUSD_TAIL_TRAIL_SMOKE_TAIL050_A2_TR2,0.005,2025-03-16T23:00:00.000Z,2026-04-26T23:00:00.000Z,-985.598408,-0.404045,37A75F00FD92EB690C27AD484CFE92985FF1AD5CC40D0EAFEC54AB2CAEB4A00A
RAW_HEDGED_GRID_T100_S020_EURUSD_TAIL_TRAIL_SMOKE_TAIL050_A2_TR2,0.005,2020-06-14T23:00:00.000Z,2021-02-22T00:00:00.000Z,-953.409866,-824.895512,2D2FB6F97D8E5D50569A7CAF1C0066A6242679F20A938A0245B0CBB3A38F0EC7
RAW_HEDGED_GRID_T100_S020_EURUSD_TAIL_TRAIL_SMOKE_TAIL050_A2_TR2,0.01,2025-03-16T23:00:00.000Z,2025-12-29T00:00:00.000Z,-1284.367769,-323.952906,E0FC39DC336A5C63D191ADBEF05A4DF7C0F955FA811638D44AAC470821945F14
RAW_HEDGED_GRID_T100_S020_EURUSD_TAIL_TRAIL_SMOKE_TAIL050_A2_TR2,0.01,2025-03-16T23:00:00.000Z,2026-01-19T00:00:00.000Z,-1233.11963,-272.704767,A97988F0E26408EB713E80DDF7C8EEBA6A2A1001522273C0681395C7ADF1B067
RAW_HEDGED_GRID_T100_S020_EURUSD_TAIL_TRAIL_SMOKE_TAIL050_A2_TR2,0.01,2025-03-16T23:00:00.000Z,2026-02-23T00:00:00.000Z,-1212.347033,-251.93217,20177136B72280159D612B531E17CFB83E1FCA1ECEB91AA715EFEA41C5C5DBE5
RAW_HEDGED_GRID_T100_S020_EURUSD_TAIL_TRAIL_SMOKE_TAIL050_A2_TR2,0.01,2025-03-16T23:00:00.000Z,2025-12-22T00:00:00.000Z,-1150.92668,-190.511817,5F68AE1CBD74D0D647F0DF7497E1E63F77AD39645700699D693EA375EA44C39F
RAW_HEDGED_GRID_T100_S020_EURUSD_TAIL_TRAIL_SMOKE_TAIL050_A2_TR2,0.01,2025-03-16T23:00:00.000Z,2026-02-16T00:00:00.000Z,-1150.359469,-189.944606,E59EE1AF4BF57216908F6C61DDF0A672017AAE5AB3D0FAD6D7B2BE809C73AC72
RAW_HEDGED_GRID_T100_S020_EURUSD_TAIL_TRAIL_SMOKE_TAIL050_A2_TR2,0.01,2025-03-16T23:00:00.000Z,2025-12-08T00:00:00.000Z,-1119.98047,-159.565607,F8EC5FC65D34D54F8C9C8B4B6E1353A4351C8699E2533FC8F34360F8CFCCC865
RAW_HEDGED_GRID_T100_S020_EURUSD_TAIL_TRAIL_SMOKE_TAIL050_A2_TR2,0.01,2025-03-16T23:00:00.000Z,2026-01-26T00:00:00.000Z,-1097.62209,-137.207227,E9F05623FDD5A4C11249565555AA97A957A91116EAAF5F78F8E2753F9FEFCE01
RAW_HEDGED_GRID_T100_S020_EURUSD_TAIL_TRAIL_SMOKE_TAIL050_A2_TR2,0.01,2025-03-16T23:00:00.000Z,2025-12-15T00:00:00.000Z,-1048.45081,-88.035947,5C5F057F1B155B9D1AE9A2AB1A4F89615ACD48C032AD203F2C94A449443E7F4C
RAW_HEDGED_GRID_T100_S020_EURUSD_TAIL_TRAIL_SMOKE_TAIL050_A2_TR2,0.01,2025-03-16T23:00:00.000Z,2026-04-26T23:00:00.000Z,-990.408033,-29.99317,4033B03489590ABFBDF6E1B96D4B2A9DA2C3AAAA793ED4845B1F89F5CC538376
RAW_HEDGED_GRID_T100_S020_EURUSD_TAIL_TRAIL_SMOKE_TAIL050_A2_TR2,0.01,2020-06-14T23:00:00.000Z,2021-02-22T00:00:00.000Z,-956.685616,-831.748012,C0A474B67E38AEABC5B8273E5C2125D6B07F51496ACA54B5BF1461DA07C89783
RAW_HEDGED_GRID_T100_S020_EURUSD_TAIL_TRAIL_SMOKE_TAIL050_A2_TR2,0.02,2025-03-16T23:00:00.000Z,2025-12-29T00:00:00.000Z,-1291.697769,-380.841906,74A3CA7D1585F6BC8743C91ACAC07A612E6A72C3A5A1C1B64406C6109C2595CF
RAW_HEDGED_GRID_T100_S020_EURUSD_TAIL_TRAIL_SMOKE_TAIL050_A2_TR2,0.02,2025-03-16T23:00:00.000Z,2026-01-19T00:00:00.000Z,-1241.17738,-330.321517,65C6AB1C4243ACAF24C543C33CA812548F208B300A79185A58B0CF5639E9A6A2
RAW_HEDGED_GRID_T100_S020_EURUSD_TAIL_TRAIL_SMOKE_TAIL050_A2_TR2,0.02,2025-03-16T23:00:00.000Z,2026-02-23T00:00:00.000Z,-1221.266533,-310.41067,F9A42548F2D4D5D4C486FC719F0EDBCFE0F329931B490FEBE5963A1595E6542A
RAW_HEDGED_GRID_T100_S020_EURUSD_TAIL_TRAIL_SMOKE_TAIL050_A2_TR2,0.02,2025-03-16T23:00:00.000Z,2026-02-16T00:00:00.000Z,-1159.085219,-248.229356,3774F036F7564C8B91B554831B2D18620224CB2A471D0A55E4C73E6464550B0E
RAW_HEDGED_GRID_T100_S020_EURUSD_TAIL_TRAIL_SMOKE_TAIL050_A2_TR2,0.02,2025-03-16T23:00:00.000Z,2025-12-22T00:00:00.000Z,-1157.90293,-247.047067,9CFB5D72223259E9A0B456EFCA3C7A6A86F442D1E78D9C425DB45DAE5D5D2918
RAW_HEDGED_GRID_T100_S020_EURUSD_TAIL_TRAIL_SMOKE_TAIL050_A2_TR2,0.02,2025-03-16T23:00:00.000Z,2025-12-08T00:00:00.000Z,-1126.55322,-215.697357,CC1131A3C6CCECE611564C92360116F755139A94B9B5FA8651E9BA86FBB74187
RAW_HEDGED_GRID_T100_S020_EURUSD_TAIL_TRAIL_SMOKE_TAIL050_A2_TR2,0.02,2025-03-16T23:00:00.000Z,2026-01-26T00:00:00.000Z,-1106.21784,-195.361977,67CBE0F947E9A5AA400E780535C5D46D68ED1548E21D60306AD310CD0D9EFBD6
RAW_HEDGED_GRID_T100_S020_EURUSD_TAIL_TRAIL_SMOKE_TAIL050_A2_TR2,0.02,2025-03-16T23:00:00.000Z,2025-12-15T00:00:00.000Z,-1055.31531,-144.459447,6F22515264D56DEAAE1BB10D7BD522637843E25096D5B66B5F5D0F77C75DB4D2
RAW_HEDGED_GRID_T100_S020_EURUSD_TAIL_TRAIL_SMOKE_TAIL050_A2_TR2,0.02,2025-03-16T23:00:00.000Z,2026-04-26T23:00:00.000Z,-1000.027283,-89.17142,77E10A1CA465CDFE1CF778BCBCFAA5BF2A8E797B04089350F557506AFAA4B360
RAW_HEDGED_GRID_T100_S020_EURUSD_TAIL_TRAIL_SMOKE_TAIL050_A2_TR2,0.02,2020-06-14T23:00:00.000Z,2021-02-22T00:00:00.000Z,-963.237116,-845.453012,6C5719D1E2163C83D0FFBAD50A458BFAC85E8F5C94FDA283E965215B7B4FF394
RAW_HEDGED_GRID_T100_S020_EURUSD_TAIL_TRAIL_SMOKE_TAIL050_A2_TR2,0.05,2025-03-16T23:00:00.000Z,2025-12-29T00:00:00.000Z,-1313.687769,-551.508906,4975C536C0F5718BE2CD8E21306D181270B72BBB7EEEE4CCF4CB62C5D26F1E3F
RAW_HEDGED_GRID_T100_S020_EURUSD_TAIL_TRAIL_SMOKE_TAIL050_A2_TR2,0.05,2025-03-16T23:00:00.000Z,2026-01-19T00:00:00.000Z,-1265.35063,-503.171767,6B9F5E15164F399D7B4DFC3F5F80D7350F0B6B6E46419888F0C5D0F8ED00AF15
RAW_HEDGED_GRID_T100_S020_EURUSD_TAIL_TRAIL_SMOKE_TAIL050_A2_TR2,0.05,2025-03-16T23:00:00.000Z,2026-02-23T00:00:00.000Z,-1248.025033,-485.84617,F4128C77B9454D3CE94C68A06BDED042C85230954B8AA1BD3C4B504A8809978D
RAW_HEDGED_GRID_T100_S020_EURUSD_TAIL_TRAIL_SMOKE_TAIL050_A2_TR2,0.05,2025-03-16T23:00:00.000Z,2026-02-16T00:00:00.000Z,-1185.262469,-423.083606,26B614E30859FE244A761CD7A4E4F2DC774DA644322B4C4142E6DC3D87F573C1
RAW_HEDGED_GRID_T100_S020_EURUSD_TAIL_TRAIL_SMOKE_TAIL050_A2_TR2,0.05,2025-03-16T23:00:00.000Z,2025-12-22T00:00:00.000Z,-1178.83168,-416.652817,C4EBCD0EF7D8CA11B9567781F31B25F131AC11118A1EA92A4FDC5C15E4B85484
RAW_HEDGED_GRID_T100_S020_EURUSD_TAIL_TRAIL_SMOKE_TAIL050_A2_TR2,0.05,2025-03-16T23:00:00.000Z,2025-12-08T00:00:00.000Z,-1146.27147,-384.092607,A10BB8F54A64199CF4D27C0B95F040A9AA0880B718DE7F3CD4AD89A2528852C8
RAW_HEDGED_GRID_T100_S020_EURUSD_TAIL_TRAIL_SMOKE_TAIL050_A2_TR2,0.05,2025-03-16T23:00:00.000Z,2026-01-26T00:00:00.000Z,-1132.00509,-369.826227,3782BFC8AD0C5805E5B5CC8C9E93B10CAE81B459B8ADE120DB3F08FB4E64804F
RAW_HEDGED_GRID_T100_S020_EURUSD_TAIL_TRAIL_SMOKE_TAIL050_A2_TR2,0.05,2025-03-16T23:00:00.000Z,2025-12-15T00:00:00.000Z,-1075.90881,-313.729947,7935FE47A9A5A90BB8B5CEE014A940B5497A2935DCB32D41274EA479FCB0AD72
RAW_HEDGED_GRID_T100_S020_EURUSD_TAIL_TRAIL_SMOKE_TAIL050_A2_TR2,0.05,2025-03-16T23:00:00.000Z,2026-04-26T23:00:00.000Z,-1028.885033,-266.70617,BFB3716428908392170EAD282385D6431A5E1A47ABDBB499E88C0BE3C2B9481C
RAW_HEDGED_GRID_T100_S020_EURUSD_TAIL_TRAIL_SMOKE_TAIL050_A2_TR2,0.05,2020-05-17T23:00:00.000Z,2021-02-22T00:00:00.000Z,-984.575739,-886.568012,AB836A6E0BC8B08E29CBBA5E31AC83B244629E27B83DE0524D37F424E8733B44
RAW_HEDGED_GRID_T100_S020_EURUSD_TAIL_TRAIL_SMOKE_TAIL050_A2_TR2,0.1,2025-03-16T23:00:00.000Z,2025-12-29T00:00:00.000Z,-1350.337769,-835.953906,674CC54BAD202810F84FE5DE328E5FB40631105E1D35E43F366F0C1397AAE78D
RAW_HEDGED_GRID_T100_S020_EURUSD_TAIL_TRAIL_SMOKE_TAIL050_A2_TR2,0.1,2025-03-16T23:00:00.000Z,2026-01-19T00:00:00.000Z,-1305.63938,-791.255517,102D220D10838252781B984F77BCE4BC2335CDA08481442000CB866FB5520327
RAW_HEDGED_GRID_T100_S020_EURUSD_TAIL_TRAIL_SMOKE_TAIL050_A2_TR2,0.1,2025-03-16T23:00:00.000Z,2026-02-23T00:00:00.000Z,-1292.622533,-778.23867,9979DC4CC387F9BD6E334AF41F98B61DA746DC894FC7DBDB6B8898B92E88F3AB
RAW_HEDGED_GRID_T100_S020_EURUSD_TAIL_TRAIL_SMOKE_TAIL050_A2_TR2,0.1,2025-03-16T23:00:00.000Z,2026-02-16T00:00:00.000Z,-1228.891219,-714.507356,2BA0412CA1A75834E4031CF742884D1606C4FF0570D94B626A676B764BE91B68
RAW_HEDGED_GRID_T100_S020_EURUSD_TAIL_TRAIL_SMOKE_TAIL050_A2_TR2,0.1,2025-03-16T23:00:00.000Z,2025-12-22T00:00:00.000Z,-1213.71293,-699.329067,A08546A325120B6A0305689A2DD22FBA4D5850F2BCBDD0A503E7E95AFBCA8F64
RAW_HEDGED_GRID_T100_S020_EURUSD_TAIL_TRAIL_SMOKE_TAIL050_A2_TR2,0.1,2025-03-16T23:00:00.000Z,2025-12-08T00:00:00.000Z,-1179.13522,-664.751357,C3D4E8BA73FDD34FC25E6696C2924B4363BDE7D90C105D94DE404C3B6183E7BD
RAW_HEDGED_GRID_T100_S020_EURUSD_TAIL_TRAIL_SMOKE_TAIL050_A2_TR2,0.1,2025-03-16T23:00:00.000Z,2026-01-26T00:00:00.000Z,-1174.98384,-660.599977,987F11DC626F62B2AE213907F115C7DA2D0F886682B1438A51C7A498BE5B1D64
RAW_HEDGED_GRID_T100_S020_EURUSD_TAIL_TRAIL_SMOKE_TAIL050_A2_TR2,0.1,2025-03-16T23:00:00.000Z,2025-12-15T00:00:00.000Z,-1110.23131,-595.847447,DB78D44F1B36E6F3B2E4B46EB7B811AE7A33CDFDAC3D929792DE5E573241AB5B
RAW_HEDGED_GRID_T100_S020_EURUSD_TAIL_TRAIL_SMOKE_TAIL050_A2_TR2,0.1,2025-03-16T23:00:00.000Z,2026-04-26T23:00:00.000Z,-1076.981283,-562.59742,F8B0051FA08562DC8FD1364A64332214946F11A1257982D88E13710974101E7B
RAW_HEDGED_GRID_T100_S020_EURUSD_TAIL_TRAIL_SMOKE_TAIL050_A2_TR2,0.1,2020-05-17T23:00:00.000Z,2021-02-22T00:00:00.000Z,-1022.248239,-955.093012,8BD98F716DFB9CF80F8D58020A493DA7F0D81D0126CA0C6A1824C8B4C5C2E96E
RAW_HEDGED_GRID_T100_S020_EURUSD_TAIL_TRAIL_SMOKE_TAIL050_A2_TR2,0.2,2024-05-05T23:00:00.000Z,2025-12-29T00:00:00.000Z,-1432.053308,-1404.843906,720F55153D96EAC1648A70D188A21091DF01A204146BDA97F86F37AFEC027276
RAW_HEDGED_GRID_T100_S020_EURUSD_TAIL_TRAIL_SMOKE_TAIL050_A2_TR2,0.2,2024-05-05T23:00:00.000Z,2026-01-19T00:00:00.000Z,-1394.632419,-1367.423017,D27E7B8A55C60683478E32C3CAAC10493D13AB590E3A4530BB004AB8AEC4120A
RAW_HEDGED_GRID_T100_S020_EURUSD_TAIL_TRAIL_SMOKE_TAIL050_A2_TR2,0.2,2024-05-05T23:00:00.000Z,2026-02-23T00:00:00.000Z,-1390.233072,-1363.02367,8AF93984A7B0FD87192F5AF80ACA3AED0DA41709444E3FD4BE723E509192C44A
RAW_HEDGED_GRID_T100_S020_EURUSD_TAIL_TRAIL_SMOKE_TAIL050_A2_TR2,0.2,2024-05-05T23:00:00.000Z,2026-02-16T00:00:00.000Z,-1324.564258,-1297.354856,FD6BFA78D2D6393B168407A1F92C41E1A9DC0C793660FC5C9986BDD45E7BE950
RAW_HEDGED_GRID_T100_S020_EURUSD_TAIL_TRAIL_SMOKE_TAIL050_A2_TR2,0.2,2024-05-05T23:00:00.000Z,2025-12-22T00:00:00.000Z,-1291.890969,-1264.681567,3AD72BE175C33CCC22944EDFE2D6332DE3D6026BC35AB4B0FB831CEEF110B402
RAW_HEDGED_GRID_T100_S020_EURUSD_TAIL_TRAIL_SMOKE_TAIL050_A2_TR2,0.2,2024-05-05T23:00:00.000Z,2026-01-26T00:00:00.000Z,-1269.356879,-1242.147477,F86CE2B21FFF23D16CE3CD780809C570F0163CD0908E72537D1E74D61694DD80
RAW_HEDGED_GRID_T100_S020_EURUSD_TAIL_TRAIL_SMOKE_TAIL050_A2_TR2,0.2,2024-05-05T23:00:00.000Z,2025-12-08T00:00:00.000Z,-1253.278259,-1226.068857,3F413C0A6A7AF3C832B07A26B389A4649F7F3AF64EC5FDF8CCB69FE3B14FEFFC
RAW_HEDGED_GRID_T100_S020_EURUSD_TAIL_TRAIL_SMOKE_TAIL050_A2_TR2,0.2,2024-05-05T23:00:00.000Z,2025-12-15T00:00:00.000Z,-1187.291849,-1160.082447,2A5CBBDC22317242CF7D8A40F9A341BF987C6FE2E08747B92A1F27686036238B
RAW_HEDGED_GRID_T100_S020_EURUSD_TAIL_TRAIL_SMOKE_TAIL050_A2_TR2,0.2,2024-05-05T23:00:00.000Z,2026-04-26T23:00:00.000Z,-1181.589322,-1154.37992,D351B6ED27F599593229DBED728170513B58A76AC7561434F00A262DF6C74CBC
RAW_HEDGED_GRID_T100_S020_EURUSD_TAIL_TRAIL_SMOKE_TAIL050_A2_TR2,0.2,2024-05-05T23:00:00.000Z,2026-05-03T23:00:00.000Z,-1124.348807,-1097.139405,97B293AAA1E5E5AFCC7D1A9F99D02FBC52DF46A3FA141754F8F13DB1DFAEF7A9
RAW_HEDGED_GRID_T100_S020_EURUSD_TAIL_TRAIL_SMOKE_TAIL050_A2_TR2,0.5,,2026-02-23T00:00:00.000Z,-3117.37867,-3117.37867,67CB9F3866AAD25FA766A6D6D31DABACD4288CAF772B5A8F68CAE8A38E6FABBC
RAW_HEDGED_GRID_T100_S020_EURUSD_TAIL_TRAIL_SMOKE_TAIL050_A2_TR2,0.5,,2025-12-29T00:00:00.000Z,-3111.513906,-3111.513906,5D68DC9A054B5BA64E8798E80EAE108B2944E23DAC3FF4F1E6C7EDE950F4A746
RAW_HEDGED_GRID_T100_S020_EURUSD_TAIL_TRAIL_SMOKE_TAIL050_A2_TR2,0.5,,2026-01-19T00:00:00.000Z,-3095.925517,-3095.925517,770AC931A56FF2FE1C09D50A6DE05FB9A8AE30A91BE59065B17EE86129559781
RAW_HEDGED_GRID_T100_S020_EURUSD_TAIL_TRAIL_SMOKE_TAIL050_A2_TR2,0.5,,2026-02-16T00:00:00.000Z,-3045.897356,-3045.897356,AAA704C9D81DD4519BD6567EAD8534810705DF590F672FCF5A2740F09AB920F2
RAW_HEDGED_GRID_T100_S020_EURUSD_TAIL_TRAIL_SMOKE_TAIL050_A2_TR2,0.5,,2026-01-26T00:00:00.000Z,-2986.789977,-2986.789977,3FEF0A54B114BFD1EF7F01BA8DCB756A64FBC0E5323D9666C062798C4A73AB3C
RAW_HEDGED_GRID_T100_S020_EURUSD_TAIL_TRAIL_SMOKE_TAIL050_A2_TR2,0.5,,2025-12-22T00:00:00.000Z,-2960.739067,-2960.739067,6AA23BA9C983ECC78ACA24B0CAC1AEC644C6C8FF8A00CA3742078557930C1BF7
RAW_HEDGED_GRID_T100_S020_EURUSD_TAIL_TRAIL_SMOKE_TAIL050_A2_TR2,0.5,,2026-04-26T23:00:00.000Z,-2929.72742,-2929.72742,6EC9CEDB935EF7A7B25EDC580E71D54F2EFF880FE071EA48B148D2D7B67F0836
RAW_HEDGED_GRID_T100_S020_EURUSD_TAIL_TRAIL_SMOKE_TAIL050_A2_TR2,0.5,,2025-12-08T00:00:00.000Z,-2910.021357,-2910.021357,72F1CBCC083D09A64DC8B037BC50E21429A5CED150963597F3ADA25C4FCF05D7
RAW_HEDGED_GRID_T100_S020_EURUSD_TAIL_TRAIL_SMOKE_TAIL050_A2_TR2,0.5,,2026-05-03T23:00:00.000Z,-2877.864405,-2877.864405,D0AFCDABA10269AA663FCF4F70A438299D17684580D47410F0725730FE93519F
RAW_HEDGED_GRID_T100_S020_EURUSD_TAIL_TRAIL_SMOKE_TAIL050_A2_TR2,0.5,,2025-12-15T00:00:00.000Z,-2852.787447,-2852.787447,C8C18C716CAD8F20436B277B63236867E957028EF978C9552E8C5754260A8911
RAW_HEDGED_GRID_T100_S020_EURUSD_TAIL_TRAIL_SMOKE_TAIL050_A2_TR3,0,2025-03-16T23:00:00.000Z,2025-12-29T00:00:00.000Z,-1277.498942,-264.317925,9C609937DF9499FF7FE24EE2A0B95F79987B2BBCF59C5F93A7AF375C27563442
RAW_HEDGED_GRID_T100_S020_EURUSD_TAIL_TRAIL_SMOKE_TAIL050_A2_TR3,0,2025-03-16T23:00:00.000Z,2026-01-19T00:00:00.000Z,-1225.079484,-211.898467,35B861F2C83ACE47A6900FC549797377B4C1693F87F192D1443C8105CDFB41FF
RAW_HEDGED_GRID_T100_S020_EURUSD_TAIL_TRAIL_SMOKE_TAIL050_A2_TR3,0,2025-03-16T23:00:00.000Z,2026-02-23T00:00:00.000Z,-1200.655155,-187.474138,1B67CE8799F718E4D2ADEE946AF3151F3E7B6F9C3F32DE5C14572872E01761A2
RAW_HEDGED_GRID_T100_S020_EURUSD_TAIL_TRAIL_SMOKE_TAIL050_A2_TR3,0,2025-03-16T23:00:00.000Z,2025-12-22T00:00:00.000Z,-1144.289803,-131.108786,F7FD51952FA2B3E820AAFFED57C8573ABDEA79D9C8B2F403375ECC9274A04606
RAW_HEDGED_GRID_T100_S020_EURUSD_TAIL_TRAIL_SMOKE_TAIL050_A2_TR3,0,2025-03-16T23:00:00.000Z,2026-02-16T00:00:00.000Z,-1138.771631,-125.590614,764F7A903BB8412CFC35D1DB2358CF98CFA666A851BA333BF8484935F7CDBFA0
RAW_HEDGED_GRID_T100_S020_EURUSD_TAIL_TRAIL_SMOKE_TAIL050_A2_TR3,0,2025-03-16T23:00:00.000Z,2025-12-08T00:00:00.000Z,-1113.875936,-100.694919,95B7EC34E8918ECA31AEEFEB5AB28B0A8A0EE42A4698DC8569CB3F0A5E61EB37
RAW_HEDGED_GRID_T100_S020_EURUSD_TAIL_TRAIL_SMOKE_TAIL050_A2_TR3,0,2025-03-16T23:00:00.000Z,2026-01-26T00:00:00.000Z,-1086.1175,-72.936483,88C6BB7C41C1B74080748150D5902E7B865778B1D222478481F4228D8FCB3502
RAW_HEDGED_GRID_T100_S020_EURUSD_TAIL_TRAIL_SMOKE_TAIL050_A2_TR3,0,2025-03-16T23:00:00.000Z,2025-12-15T00:00:00.000Z,-1042.0186,-28.837583,9E6595C1F4A0B793B1E621D89C24D47876E75479CA738C5A590BE0FF3BA9B0E7
RAW_HEDGED_GRID_T100_S020_EURUSD_TAIL_TRAIL_SMOKE_TAIL050_A2_TR3,0,2025-03-16T23:00:00.000Z,2026-04-26T23:00:00.000Z,-978.369861,34.811156,09ACE05E78F422E9CAC7C686A320CF36E5B3BE840C07D82B6C25F66415363682
RAW_HEDGED_GRID_T100_S020_EURUSD_TAIL_TRAIL_SMOKE_TAIL050_A2_TR3,0,2020-06-14T23:00:00.000Z,2021-02-22T00:00:00.000Z,-951.361921,-811.995885,0EBF741C4AF4675D7801C5B55585DFB03C3A6C2D9BFAEC481EFDFD2BA4B326C4
RAW_HEDGED_GRID_T100_S020_EURUSD_TAIL_TRAIL_SMOKE_TAIL050_A2_TR3,0.0025,2025-03-16T23:00:00.000Z,2025-12-29T00:00:00.000Z,-1279.331447,-278.540225,9B21B6AE3861D6074C23F9466B18C9F351361F950ABF4C20C83225C438765A18
RAW_HEDGED_GRID_T100_S020_EURUSD_TAIL_TRAIL_SMOKE_TAIL050_A2_TR3,0.0025,2025-03-16T23:00:00.000Z,2026-01-19T00:00:00.000Z,-1227.093927,-226.302705,FBE912C5B0D02A06B7A2C1103623EF7D9D78DC14E6F60113A2AEB8F087CE0AEA
RAW_HEDGED_GRID_T100_S020_EURUSD_TAIL_TRAIL_SMOKE_TAIL050_A2_TR3,0.0025,2025-03-16T23:00:00.000Z,2026-02-23T00:00:00.000Z,-1202.885036,-202.093814,F0C53579859CB0BC4CF3BB9DDCA68BC36A928EEBC54057AFED50AE610C231341
RAW_HEDGED_GRID_T100_S020_EURUSD_TAIL_TRAIL_SMOKE_TAIL050_A2_TR3,0.0025,2025-03-16T23:00:00.000Z,2025-12-22T00:00:00.000Z,-1146.033683,-145.242461,69B683BBA69FA2DDBB8AF68CC283C5EE96914AEADEFEEE57B24016DB106D1461
RAW_HEDGED_GRID_T100_S020_EURUSD_TAIL_TRAIL_SMOKE_TAIL050_A2_TR3,0.0025,2025-03-16T23:00:00.000Z,2026-02-16T00:00:00.000Z,-1140.953074,-140.161852,A645CE14064D13A41875C00F10B06B567192E2EA173CEB342889A3306A06BC9B
RAW_HEDGED_GRID_T100_S020_EURUSD_TAIL_TRAIL_SMOKE_TAIL050_A2_TR3,0.0025,2025-03-16T23:00:00.000Z,2025-12-08T00:00:00.000Z,-1115.518566,-114.727344,5BCF7E8DC6F3383CC5369F205F54C4D4B59AD9E416E26EF5BBC5F39BBECFFF42
RAW_HEDGED_GRID_T100_S020_EURUSD_TAIL_TRAIL_SMOKE_TAIL050_A2_TR3,0.0025,2025-03-16T23:00:00.000Z,2026-01-26T00:00:00.000Z,-1088.266443,-87.475221,60028923EF76B50422ED6EF01A5EA41880D9D1F4AA9D8AD32382A4048A7181A9
RAW_HEDGED_GRID_T100_S020_EURUSD_TAIL_TRAIL_SMOKE_TAIL050_A2_TR3,0.0025,2025-03-16T23:00:00.000Z,2025-12-15T00:00:00.000Z,-1043.73473,-42.943508,4EF7CE0DE492F6CC666ED38D66A35768D1CC80D70E30725660181450DFA2CEDE
RAW_HEDGED_GRID_T100_S020_EURUSD_TAIL_TRAIL_SMOKE_TAIL050_A2_TR3,0.0025,2025-03-16T23:00:00.000Z,2026-04-26T23:00:00.000Z,-980.774681,20.016541,9C7EA5FECB69EFAF54AFA04DA72493A468DFB65621D8759135B568E8245F050E
RAW_HEDGED_GRID_T100_S020_EURUSD_TAIL_TRAIL_SMOKE_TAIL050_A2_TR3,0.0025,2020-06-14T23:00:00.000Z,2021-02-22T00:00:00.000Z,-952.999803,-815.422147,CB0A4EA656C65572D7CB94E806D423DD9AEA227E6D6C546893024F5E66A77FD2
RAW_HEDGED_GRID_T100_S020_EURUSD_TAIL_TRAIL_SMOKE_TAIL050_A2_TR3,0.005,2025-03-16T23:00:00.000Z,2025-12-29T00:00:00.000Z,-1281.163942,-292.762425,9FD3B4AA4D94E803C674772848B234F1EB4652FF3C2EF934F92176E4B67FBF2F
RAW_HEDGED_GRID_T100_S020_EURUSD_TAIL_TRAIL_SMOKE_TAIL050_A2_TR3,0.005,2025-03-16T23:00:00.000Z,2026-01-19T00:00:00.000Z,-1229.108359,-240.706842,3ED03536A36352AA984A2305E5BDB170C537A7C6DEA05F3D5B950553D310C85C
RAW_HEDGED_GRID_T100_S020_EURUSD_TAIL_TRAIL_SMOKE_TAIL050_A2_TR3,0.005,2025-03-16T23:00:00.000Z,2026-02-23T00:00:00.000Z,-1205.114905,-216.713388,7AF5831326D9987644BAC91CD02744101FD60B2CB7BC2D9AD9EBD29740F6A8F8
RAW_HEDGED_GRID_T100_S020_EURUSD_TAIL_TRAIL_SMOKE_TAIL050_A2_TR3,0.005,2025-03-16T23:00:00.000Z,2025-12-22T00:00:00.000Z,-1147.777553,-159.376036,F84A31B4DDD65A1A39D20AA5BFBE0A184AB2DFF41EB343A12BD694DFBB451B48
RAW_HEDGED_GRID_T100_S020_EURUSD_TAIL_TRAIL_SMOKE_TAIL050_A2_TR3,0.005,2025-03-16T23:00:00.000Z,2026-02-16T00:00:00.000Z,-1143.134506,-154.732989,3BEB9D7607DE95C44C47DFC56421E0B94BE70969393C6ECF7BE15070F2E08089
RAW_HEDGED_GRID_T100_S020_EURUSD_TAIL_TRAIL_SMOKE_TAIL050_A2_TR3,0.005,2025-03-16T23:00:00.000Z,2025-12-08T00:00:00.000Z,-1117.161186,-128.759669,7EB7D3C8C0CB178842FBD16B86FFE9500D313C1ED14AD11980107515954EE4F7
RAW_HEDGED_GRID_T100_S020_EURUSD_TAIL_TRAIL_SMOKE_TAIL050_A2_TR3,0.005,2025-03-16T23:00:00.000Z,2026-01-26T00:00:00.000Z,-1090.415375,-102.013858,2FC40873706DC67DA88CB194D2240EA114C7B854CEC7B4AE4E6C096882ADF17C
RAW_HEDGED_GRID_T100_S020_EURUSD_TAIL_TRAIL_SMOKE_TAIL050_A2_TR3,0.005,2025-03-16T23:00:00.000Z,2025-12-15T00:00:00.000Z,-1045.45085,-57.049333,3B35EBE913D507564CD2FC93DF0AE9553A05964016D71DDAF579E41F7A7054F7
RAW_HEDGED_GRID_T100_S020_EURUSD_TAIL_TRAIL_SMOKE_TAIL050_A2_TR3,0.005,2025-03-16T23:00:00.000Z,2026-04-26T23:00:00.000Z,-983.179486,5.222031,0EDBF71F8109743A2A2EBF2AF55400F46281D3EA46EA1F836AF65306EA3F7098
RAW_HEDGED_GRID_T100_S020_EURUSD_TAIL_TRAIL_SMOKE_TAIL050_A2_TR3,0.005,2020-06-14T23:00:00.000Z,2021-02-22T00:00:00.000Z,-954.637671,-818.848385,6B88B0BC390E13A33A1C121D7A74470444FFD76A6F38F94810DC869D8C933E2C
RAW_HEDGED_GRID_T100_S020_EURUSD_TAIL_TRAIL_SMOKE_TAIL050_A2_TR3,0.01,2025-03-16T23:00:00.000Z,2025-12-29T00:00:00.000Z,-1284.828942,-321.206925,F22B132ECA825E5E7671DDDC002D10A38BC5F140ED46A42CA9513D3A0A40C4AB
RAW_HEDGED_GRID_T100_S020_EURUSD_TAIL_TRAIL_SMOKE_TAIL050_A2_TR3,0.01,2025-03-16T23:00:00.000Z,2026-01-19T00:00:00.000Z,-1233.137234,-269.515217,61382157CA036921FF8FE1578131A5E24DFE134380F7C635E8A795454B67662E
RAW_HEDGED_GRID_T100_S020_EURUSD_TAIL_TRAIL_SMOKE_TAIL050_A2_TR3,0.01,2025-03-16T23:00:00.000Z,2026-02-23T00:00:00.000Z,-1209.574655,-245.952638,9011454EC1EBBB3DBAC08AC8DBEA4BB4BE0C9340C64B04149965E49D541232A4
RAW_HEDGED_GRID_T100_S020_EURUSD_TAIL_TRAIL_SMOKE_TAIL050_A2_TR3,0.01,2025-03-16T23:00:00.000Z,2025-12-22T00:00:00.000Z,-1151.265303,-187.643286,33B95FD8B2C11792105B9A355A958B0CDF77436A3EBFEA669D322136AD1597AE
RAW_HEDGED_GRID_T100_S020_EURUSD_TAIL_TRAIL_SMOKE_TAIL050_A2_TR3,0.01,2025-03-16T23:00:00.000Z,2026-02-16T00:00:00.000Z,-1147.497381,-183.875364,DBC7796F4DD52D48AF0806430162663B00F8484313DBE5E5018AF66C0E8AD76D
RAW_HEDGED_GRID_T100_S020_EURUSD_TAIL_TRAIL_SMOKE_TAIL050_A2_TR3,0.01,2025-03-16T23:00:00.000Z,2025-12-08T00:00:00.000Z,-1120.446436,-156.824419,84444ACEB353DADB2E527E3A147FFCF3B0BEA60D6E4DBC105750FCC66CB9C128
RAW_HEDGED_GRID_T100_S020_EURUSD_TAIL_TRAIL_SMOKE_TAIL050_A2_TR3,0.01,2025-03-16T23:00:00.000Z,2026-01-26T00:00:00.000Z,-1094.71325,-131.091233,C469E442AD91D25ECDE68C6643897D87A3B4D0AF50767C77487BFADBCFB126CF
RAW_HEDGED_GRID_T100_S020_EURUSD_TAIL_TRAIL_SMOKE_TAIL050_A2_TR3,0.01,2025-03-16T23:00:00.000Z,2025-12-15T00:00:00.000Z,-1048.8831,-85.261083,FD4F90178E3FD74D4B6E1B5B355C01F5E8B2E56F851E6AD984F3111B10C855E7
RAW_HEDGED_GRID_T100_S020_EURUSD_TAIL_TRAIL_SMOKE_TAIL050_A2_TR3,0.01,2025-03-16T23:00:00.000Z,2026-04-26T23:00:00.000Z,-987.989111,-24.367094,38EE030CC1876805F9D4CD8218C6EE738CC9EBDB01D5E15048DD7AD7B6D9F335
RAW_HEDGED_GRID_T100_S020_EURUSD_TAIL_TRAIL_SMOKE_TAIL050_A2_TR3,0.01,2020-06-14T23:00:00.000Z,2021-02-22T00:00:00.000Z,-957.913421,-825.700885,6ADA72D1904195DD4ADCACCA351F12B964909AA000C46EB02B57E591569E8D0D
RAW_HEDGED_GRID_T100_S020_EURUSD_TAIL_TRAIL_SMOKE_TAIL050_A2_TR3,0.02,2025-03-16T23:00:00.000Z,2025-12-29T00:00:00.000Z,-1292.158942,-378.095925,F2B47BD5F5299DF0CC970B5387658585ED014CC3E6A0A45B01FB6F496BE2AD02
RAW_HEDGED_GRID_T100_S020_EURUSD_TAIL_TRAIL_SMOKE_TAIL050_A2_TR3,0.02,2025-03-16T23:00:00.000Z,2026-01-19T00:00:00.000Z,-1241.194984,-327.131967,86299B7B577CF83759306C2BE3B34FDEA71B49308BC92E968316A559D02AE23D
RAW_HEDGED_GRID_T100_S020_EURUSD_TAIL_TRAIL_SMOKE_TAIL050_A2_TR3,0.02,2025-03-16T23:00:00.000Z,2026-02-23T00:00:00.000Z,-1218.494155,-304.431138,49C61B38E5C7A28E5AD032652DC40BB2620F8E4BEF9AC17F2E79C226F32A9C15
RAW_HEDGED_GRID_T100_S020_EURUSD_TAIL_TRAIL_SMOKE_TAIL050_A2_TR3,0.02,2025-03-16T23:00:00.000Z,2025-12-22T00:00:00.000Z,-1158.240803,-244.177786,713B273C01394FC6D3C0469BF3FFAC6D32847731A633C10875958E148195BB31
RAW_HEDGED_GRID_T100_S020_EURUSD_TAIL_TRAIL_SMOKE_TAIL050_A2_TR3,0.02,2025-03-16T23:00:00.000Z,2026-02-16T00:00:00.000Z,-1156.223131,-242.160114,C3E35EDFBEC7416AB80A4B45835E28DE2F9C375BC5ABE1119CB9B61DA36C4413
RAW_HEDGED_GRID_T100_S020_EURUSD_TAIL_TRAIL_SMOKE_TAIL050_A2_TR3,0.02,2025-03-16T23:00:00.000Z,2025-12-08T00:00:00.000Z,-1127.016936,-212.953919,AEFF9DB805A646939771C7C97F4BDB232815AD5D4184623B87DDCEEA466D5F02
RAW_HEDGED_GRID_T100_S020_EURUSD_TAIL_TRAIL_SMOKE_TAIL050_A2_TR3,0.02,2025-03-16T23:00:00.000Z,2026-01-26T00:00:00.000Z,-1103.309,-189.245983,5CCE06B168AFF2C3C83D723287C7D2117C03FA6442D0574C5FD63F3FE0706E19
RAW_HEDGED_GRID_T100_S020_EURUSD_TAIL_TRAIL_SMOKE_TAIL050_A2_TR3,0.02,2025-03-16T23:00:00.000Z,2025-12-15T00:00:00.000Z,-1055.7476,-141.684583,0EA35DE797B02593E4CE9DE584DA720AB41CCB987F5A8765A75E9C3B8AA22F48
RAW_HEDGED_GRID_T100_S020_EURUSD_TAIL_TRAIL_SMOKE_TAIL050_A2_TR3,0.02,2025-03-16T23:00:00.000Z,2026-04-26T23:00:00.000Z,-997.608361,-83.545344,72472D789521DE0B75E5DB3DA905D2A07406C42E269ADBF1DABA4FBD86CECA78
RAW_HEDGED_GRID_T100_S020_EURUSD_TAIL_TRAIL_SMOKE_TAIL050_A2_TR3,0.02,2020-06-14T23:00:00.000Z,2021-02-22T00:00:00.000Z,-964.464921,-839.405885,7D90FBBB37917A78053667C18C2D1C0A5B342D0CBC1F7FE95375805844180BEE
RAW_HEDGED_GRID_T100_S020_EURUSD_TAIL_TRAIL_SMOKE_TAIL050_A2_TR3,0.05,2025-03-16T23:00:00.000Z,2025-12-29T00:00:00.000Z,-1314.148942,-548.762925,8A703A080434BC1D70FA06ACF3F4BACE05BAF517F095E17F38A679DCD7075F5E
RAW_HEDGED_GRID_T100_S020_EURUSD_TAIL_TRAIL_SMOKE_TAIL050_A2_TR3,0.05,2025-03-16T23:00:00.000Z,2026-01-19T00:00:00.000Z,-1265.368234,-499.982217,68412F42E5A6DB89D9F4C03614340FB62CA0CFCC586C45F914599680A58E53D5
RAW_HEDGED_GRID_T100_S020_EURUSD_TAIL_TRAIL_SMOKE_TAIL050_A2_TR3,0.05,2025-03-16T23:00:00.000Z,2026-02-23T00:00:00.000Z,-1245.252655,-479.866638,E1397F68B58940039FC62B478D0CC3E47F0BA6D6416B0B7A93515717700AEEA0
RAW_HEDGED_GRID_T100_S020_EURUSD_TAIL_TRAIL_SMOKE_TAIL050_A2_TR3,0.05,2025-03-16T23:00:00.000Z,2026-02-16T00:00:00.000Z,-1182.400381,-417.014364,111630A64F115F68AA9F9CCE80EAD283264525224FDDD3B6123C1D1783B38414
RAW_HEDGED_GRID_T100_S020_EURUSD_TAIL_TRAIL_SMOKE_TAIL050_A2_TR3,0.05,2025-03-16T23:00:00.000Z,2025-12-22T00:00:00.000Z,-1179.167303,-413.781286,3B3141E8A32D3677FC0DA86F2D0692F35C2A23A2CE32C4DFE5BC54F68741F9AA
RAW_HEDGED_GRID_T100_S020_EURUSD_TAIL_TRAIL_SMOKE_TAIL050_A2_TR3,0.05,2025-03-16T23:00:00.000Z,2025-12-08T00:00:00.000Z,-1146.728436,-381.342419,BF784963B05081735529FA6CECB304C34C456662C6D181F603C4B9A97AFED77E
RAW_HEDGED_GRID_T100_S020_EURUSD_TAIL_TRAIL_SMOKE_TAIL050_A2_TR3,0.05,2025-03-16T23:00:00.000Z,2026-01-26T00:00:00.000Z,-1129.09625,-363.710233,ADF6510C9F68C73E5DDE14F622B5AC7A24E624BD93D0750C23A30CB9E676D562
RAW_HEDGED_GRID_T100_S020_EURUSD_TAIL_TRAIL_SMOKE_TAIL050_A2_TR3,0.05,2025-03-16T23:00:00.000Z,2025-12-15T00:00:00.000Z,-1076.3411,-310.955083,ADE4F5CEFF05E349B69D66A85E5D544CF240955F9CBEC5981B2AD2C02F11A0BB
RAW_HEDGED_GRID_T100_S020_EURUSD_TAIL_TRAIL_SMOKE_TAIL050_A2_TR3,0.05,2025-03-16T23:00:00.000Z,2026-04-26T23:00:00.000Z,-1026.466111,-261.080094,FD381A5EABDFAF203D60E26D7D04A125E9C7E68BAC896C49421687B3A04D2FC4
RAW_HEDGED_GRID_T100_S020_EURUSD_TAIL_TRAIL_SMOKE_TAIL050_A2_TR3,0.05,2020-06-14T23:00:00.000Z,2021-02-22T00:00:00.000Z,-984.119421,-880.520885,DFE9441087399D6EB7210C2F2DF54DBB9AA5CCD62DFD9E7BE5335DC552289047
RAW_HEDGED_GRID_T100_S020_EURUSD_TAIL_TRAIL_SMOKE_TAIL050_A2_TR3,0.1,2025-03-16T23:00:00.000Z,2025-12-29T00:00:00.000Z,-1350.798942,-833.207925,C8A6AF2884F2AABAE3E09325A1881D8BD9DAD30E9EF02EC61EA2140E77E1851F
RAW_HEDGED_GRID_T100_S020_EURUSD_TAIL_TRAIL_SMOKE_TAIL050_A2_TR3,0.1,2025-03-16T23:00:00.000Z,2026-01-19T00:00:00.000Z,-1305.656984,-788.065967,A9468C27D66FA1FF95489F0E29E35C1ACFA77477A72E44C856134226A0B64C8D
RAW_HEDGED_GRID_T100_S020_EURUSD_TAIL_TRAIL_SMOKE_TAIL050_A2_TR3,0.1,2025-03-16T23:00:00.000Z,2026-02-23T00:00:00.000Z,-1289.850155,-772.259138,410317BD0AD0275AA649F315871B79A4BF4C8EA83E94BC80993AA96B93D1E814
RAW_HEDGED_GRID_T100_S020_EURUSD_TAIL_TRAIL_SMOKE_TAIL050_A2_TR3,0.1,2025-03-16T23:00:00.000Z,2026-02-16T00:00:00.000Z,-1226.029131,-708.438114,4FF78CE74C9D0AFC2B84140224CB93D6CECCB9F85A519B334B9E84471B77B147
RAW_HEDGED_GRID_T100_S020_EURUSD_TAIL_TRAIL_SMOKE_TAIL050_A2_TR3,0.1,2025-03-16T23:00:00.000Z,2025-12-22T00:00:00.000Z,-1214.044803,-696.453786,37E8BB45FD5C16A1D0EDF6D6933E67D9D5E176192B09FE63D2D6EE64F5FF7AC3
RAW_HEDGED_GRID_T100_S020_EURUSD_TAIL_TRAIL_SMOKE_TAIL050_A2_TR3,0.1,2025-03-16T23:00:00.000Z,2025-12-08T00:00:00.000Z,-1179.580936,-661.989919,034E78CC07F99CD754FA8BB7C142220454EFFD2E6EFDBF73475066FCFA5AB440
RAW_HEDGED_GRID_T100_S020_EURUSD_TAIL_TRAIL_SMOKE_TAIL050_A2_TR3,0.1,2025-03-16T23:00:00.000Z,2026-01-26T00:00:00.000Z,-1172.075,-654.483983,8F521646F3652F81A475AAEC1810ED0246CAF02B408834307D3C67D2E233C3BA
RAW_HEDGED_GRID_T100_S020_EURUSD_TAIL_TRAIL_SMOKE_TAIL050_A2_TR3,0.1,2025-03-16T23:00:00.000Z,2025-12-15T00:00:00.000Z,-1110.6636,-593.072583,5FE50CDECA9FA56B4694EA8E3B9CDA8BC5817B983154BD30ED0357CFA31D9575
RAW_HEDGED_GRID_T100_S020_EURUSD_TAIL_TRAIL_SMOKE_TAIL050_A2_TR3,0.1,2025-03-16T23:00:00.000Z,2026-04-26T23:00:00.000Z,-1074.562361,-556.971344,1308D12930EB574DB531EEB342D3E30FA569709AB9B7F7728BDD576AAE87D7E0
RAW_HEDGED_GRID_T100_S020_EURUSD_TAIL_TRAIL_SMOKE_TAIL050_A2_TR3,0.1,2020-05-17T23:00:00.000Z,2021-02-22T00:00:00.000Z,-1020.541069,-949.045885,937961442126F5B4DACA29AD7039467B8AF5142DA3A9B29CE47A0575E0254DC0
RAW_HEDGED_GRID_T100_S020_EURUSD_TAIL_TRAIL_SMOKE_TAIL050_A2_TR3,0.2,2024-05-05T23:00:00.000Z,2025-12-29T00:00:00.000Z,-1435.113059,-1402.097925,BCEA6323C1A4FD6AFF54E9074C76E421CD394AF94EBAECDAB503D6A040E5EC6F
RAW_HEDGED_GRID_T100_S020_EURUSD_TAIL_TRAIL_SMOKE_TAIL050_A2_TR3,0.2,2024-05-05T23:00:00.000Z,2026-01-19T00:00:00.000Z,-1397.248601,-1364.233467,79F70ADE778CE0E82B11535F3CABC956E3505A855B94EC3340B96BAD2DF4C9AE
RAW_HEDGED_GRID_T100_S020_EURUSD_TAIL_TRAIL_SMOKE_TAIL050_A2_TR3,0.2,2024-05-05T23:00:00.000Z,2026-02-23T00:00:00.000Z,-1390.059272,-1357.044138,534FC716257C5D83D026BC2A76093756D71B00A8CF7F73DE9EE26594808F3FC0
RAW_HEDGED_GRID_T100_S020_EURUSD_TAIL_TRAIL_SMOKE_TAIL050_A2_TR3,0.2,2024-05-05T23:00:00.000Z,2026-02-16T00:00:00.000Z,-1324.300748,-1291.285614,EF831B11EA5B88D5C45703615C9414C476C01D0D64F9457DCAAFB25BAED73CBC
RAW_HEDGED_GRID_T100_S020_EURUSD_TAIL_TRAIL_SMOKE_TAIL050_A2_TR3,0.2,2024-05-05T23:00:00.000Z,2025-12-22T00:00:00.000Z,-1294.81392,-1261.798786,669592CC59A7FA6E4E62AEBB7796A79FA15922FF03B186925B44D96A41EA64DD
RAW_HEDGED_GRID_T100_S020_EURUSD_TAIL_TRAIL_SMOKE_TAIL050_A2_TR3,0.2,2024-05-05T23:00:00.000Z,2026-01-26T00:00:00.000Z,-1269.046617,-1236.031483,A91B6F46CDCA09379CD6F57741F01248AC80F8CA94ACBDAB17603821552B755C
RAW_HEDGED_GRID_T100_S020_EURUSD_TAIL_TRAIL_SMOKE_TAIL050_A2_TR3,0.2,2024-05-05T23:00:00.000Z,2025-12-08T00:00:00.000Z,-1256.300053,-1223.284919,5AB22FCC7DB724E1FB181A1C673E2F47DB950AA304092250EEC4BE635308FDD6
RAW_HEDGED_GRID_T100_S020_EURUSD_TAIL_TRAIL_SMOKE_TAIL050_A2_TR3,0.2,2024-05-05T23:00:00.000Z,2025-12-15T00:00:00.000Z,-1190.322717,-1157.307583,E0AD2D3F0D5E57343A0A9B8A626A20847E1A856DA99D1DC5BAAFE50E346A1EFA
RAW_HEDGED_GRID_T100_S020_EURUSD_TAIL_TRAIL_SMOKE_TAIL050_A2_TR3,0.2,2024-05-05T23:00:00.000Z,2026-04-26T23:00:00.000Z,-1181.768978,-1148.753844,DEFF2038BB7864E819DB56C7C8BE5AA3E34E14F5D36E446AA02F3BACA698C3DA
RAW_HEDGED_GRID_T100_S020_EURUSD_TAIL_TRAIL_SMOKE_TAIL050_A2_TR3,0.2,2024-05-05T23:00:00.000Z,2026-05-03T23:00:00.000Z,-1124.685903,-1091.670769,2E278492DD1A41E2F6D71EC8EF552533E63B9BE47C8366E6075FDF4DEBC33FA4
RAW_HEDGED_GRID_T100_S020_EURUSD_TAIL_TRAIL_SMOKE_TAIL050_A2_TR3,0.5,,2026-02-23T00:00:00.000Z,-3111.399138,-3111.399138,3E96CAE726B6EFB3066F6596912260C725BCFD6DBED56EF508B3486F5D524579
RAW_HEDGED_GRID_T100_S020_EURUSD_TAIL_TRAIL_SMOKE_TAIL050_A2_TR3,0.5,,2025-12-29T00:00:00.000Z,-3108.767925,-3108.767925,9D919B0C4BEB57F3A1BDA949173A65A0014C4F1EC3B39274B816020B072A4228
RAW_HEDGED_GRID_T100_S020_EURUSD_TAIL_TRAIL_SMOKE_TAIL050_A2_TR3,0.5,,2026-01-19T00:00:00.000Z,-3092.735967,-3092.735967,DFBEAB3CFB031A12591CF38D24928EE53A26E55AEB2A5CF1D03A98E1839BF4F2
RAW_HEDGED_GRID_T100_S020_EURUSD_TAIL_TRAIL_SMOKE_TAIL050_A2_TR3,0.5,,2026-02-16T00:00:00.000Z,-3039.828114,-3039.828114,6F6DD4AED882935F412CF1F2F3227C1E2385DE33041AA905B803A5D736293CD7
RAW_HEDGED_GRID_T100_S020_EURUSD_TAIL_TRAIL_SMOKE_TAIL050_A2_TR3,0.5,,2026-01-26T00:00:00.000Z,-2980.673983,-2980.673983,E3BA5F4DD1A75601BD72F5B8A49AB0489F20A8687EDDACEE8F7EE13D23043EF9
RAW_HEDGED_GRID_T100_S020_EURUSD_TAIL_TRAIL_SMOKE_TAIL050_A2_TR3,0.5,,2025-12-22T00:00:00.000Z,-2957.833786,-2957.833786,53670BC581A57E4D8250C9C97BB4D556109396A4381F907AB4275773AD639F7A
RAW_HEDGED_GRID_T100_S020_EURUSD_TAIL_TRAIL_SMOKE_TAIL050_A2_TR3,0.5,,2026-04-26T23:00:00.000Z,-2924.101344,-2924.101344,89137E5E7D368BDE9EFB8C1D7FE058A198E53A0EE92363F7A0040E3B63A1403C
RAW_HEDGED_GRID_T100_S020_EURUSD_TAIL_TRAIL_SMOKE_TAIL050_A2_TR3,0.5,,2025-12-08T00:00:00.000Z,-2907.169919,-2907.169919,3BB3663C2880EA8789445BBAF0B19F362A521E6491A16B2FA16EB48AB09BEA48
RAW_HEDGED_GRID_T100_S020_EURUSD_TAIL_TRAIL_SMOKE_TAIL050_A2_TR3,0.5,,2026-05-03T23:00:00.000Z,-2872.395769,-2872.395769,A966589087B8474A4017AC309438180DC205FE169AC2DDFCE102FAB6D52931B1
RAW_HEDGED_GRID_T100_S020_EURUSD_TAIL_TRAIL_SMOKE_TAIL050_A2_TR3,0.5,,2025-12-15T00:00:00.000Z,-2850.012583,-2850.012583,5B98F185CB5BFD1E6667243006975F26993BF6BBBE7CF146EE7508C42F2FDE65
RAW_HEDGED_GRID_T100_S020_EURUSD_TAIL_TRAIL_SMOKE_TAIL050_A2_TR5,0,2025-03-16T23:00:00.000Z,2025-12-29T00:00:00.000Z,-1277.825664,-282.521094,462139E98F766DBD7162C89AB921D5CE774131A69E4F7C4D3F1BCEAE8B2081B4
RAW_HEDGED_GRID_T100_S020_EURUSD_TAIL_TRAIL_SMOKE_TAIL050_A2_TR5,0,2025-03-16T23:00:00.000Z,2026-01-19T00:00:00.000Z,-1224.43345,-229.12888,0186687E5221CA5005243F9710710D6FF34E015D11176BE8C84ACE2479AE9039
RAW_HEDGED_GRID_T100_S020_EURUSD_TAIL_TRAIL_SMOKE_TAIL050_A2_TR5,0,2025-03-16T23:00:00.000Z,2026-02-23T00:00:00.000Z,-1197.423753,-202.119183,177D87A17D68ACBA9C1262D4FF234F511397C27F44859377348E3FFD690CCCC3
RAW_HEDGED_GRID_T100_S020_EURUSD_TAIL_TRAIL_SMOKE_TAIL050_A2_TR5,0,2025-03-16T23:00:00.000Z,2025-12-22T00:00:00.000Z,-1144.321827,-149.017257,7E663D2B2F99D6327D04095C40788111CA4F315839D57DF6DFECF04D0E520326
RAW_HEDGED_GRID_T100_S020_EURUSD_TAIL_TRAIL_SMOKE_TAIL050_A2_TR5,0,2025-03-16T23:00:00.000Z,2026-02-16T00:00:00.000Z,-1135.321143,-140.016573,890201A526F82704B696C32DD24659B904FA47AD23DAC8F90752AB1F57E56A9E
RAW_HEDGED_GRID_T100_S020_EURUSD_TAIL_TRAIL_SMOKE_TAIL050_A2_TR5,0,2025-03-16T23:00:00.000Z,2025-12-08T00:00:00.000Z,-1113.48754,-118.18297,1E5DA664D3E5C8740BA58554F0C7E5F8F3D2A6393FD9E61A80F47E927ED326A3
RAW_HEDGED_GRID_T100_S020_EURUSD_TAIL_TRAIL_SMOKE_TAIL050_A2_TR5,0,2025-03-16T23:00:00.000Z,2026-01-26T00:00:00.000Z,-1082.50397,-87.1994,7ADC2DE2BDFFCEE77A1324C3E4EFEF01AC43F88DBD1C67167F5C3DC0F9081A52
RAW_HEDGED_GRID_T100_S020_EURUSD_TAIL_TRAIL_SMOKE_TAIL050_A2_TR5,0,2025-03-16T23:00:00.000Z,2025-12-15T00:00:00.000Z,-1042.273332,-46.968762,F2366EAB35E703CAD5570190FB1148CF73E0227F0767865A652B6CD04DEABC22
RAW_HEDGED_GRID_T100_S020_EURUSD_TAIL_TRAIL_SMOKE_TAIL050_A2_TR5,0,2025-03-16T23:00:00.000Z,2026-04-26T23:00:00.000Z,-975.000919,20.303651,01546145A367005186630A20BBA8CD16D425C9B888916E93DA4DCFF819F1F2C2
RAW_HEDGED_GRID_T100_S020_EURUSD_TAIL_TRAIL_SMOKE_TAIL050_A2_TR5,0,2020-06-14T23:00:00.000Z,2021-02-22T00:00:00.000Z,-947.716631,-812.719452,C3E43144CAE3F0D54A6CC49E4832D2ED9CBDF421AFE566B940123DA47E909090
RAW_HEDGED_GRID_T100_S020_EURUSD_TAIL_TRAIL_SMOKE_TAIL050_A2_TR5,0.0025,2025-03-16T23:00:00.000Z,2025-12-29T00:00:00.000Z,-1279.658545,-296.743393,8E602268020250E0CB1A73F34ACF7E7A8DAB5DB6533E2EFCBD3DEA211BFD82EC
RAW_HEDGED_GRID_T100_S020_EURUSD_TAIL_TRAIL_SMOKE_TAIL050_A2_TR5,0.0025,2025-03-16T23:00:00.000Z,2026-01-19T00:00:00.000Z,-1226.446582,-243.53143,57EC93C6DA79EFD24F20ABB204F439EF55873C5E55711DFE27296B0B8F582838
RAW_HEDGED_GRID_T100_S020_EURUSD_TAIL_TRAIL_SMOKE_TAIL050_A2_TR5,0.0025,2025-03-16T23:00:00.000Z,2026-02-23T00:00:00.000Z,-1199.654011,-216.738859,3C515D9B557C492965173A7F1DCAD94329B47B22B4929A56E2CD54C64D6C0E57
RAW_HEDGED_GRID_T100_S020_EURUSD_TAIL_TRAIL_SMOKE_TAIL050_A2_TR5,0.0025,2025-03-16T23:00:00.000Z,2025-12-22T00:00:00.000Z,-1146.065708,-163.150556,C884C34CA4815BC04436CA7171B40F2908360E0455490E9CCC30EE71F7F17A16
RAW_HEDGED_GRID_T100_S020_EURUSD_TAIL_TRAIL_SMOKE_TAIL050_A2_TR5,0.0025,2025-03-16T23:00:00.000Z,2026-02-16T00:00:00.000Z,-1137.502963,-154.587811,F38FF57B5FE2F08F2C2119BF1EF8801D42615BB96A09F43A255D6103AE2F1D37
RAW_HEDGED_GRID_T100_S020_EURUSD_TAIL_TRAIL_SMOKE_TAIL050_A2_TR5,0.0025,2025-03-16T23:00:00.000Z,2025-12-08T00:00:00.000Z,-1115.128671,-132.213519,3DFA9CE742665A4C37D0B92ED5090914C9790E83B0A477B56642C1ED55127890
RAW_HEDGED_GRID_T100_S020_EURUSD_TAIL_TRAIL_SMOKE_TAIL050_A2_TR5,0.0025,2025-03-16T23:00:00.000Z,2026-01-26T00:00:00.000Z,-1084.65329,-101.738138,57DD62FBCDAFA46CA540198A1DBC554D9B2EBE724682F8A92956556B4BAC8B55
RAW_HEDGED_GRID_T100_S020_EURUSD_TAIL_TRAIL_SMOKE_TAIL050_A2_TR5,0.0025,2025-03-16T23:00:00.000Z,2025-12-15T00:00:00.000Z,-1043.989838,-61.074686,2475DF29C408FEAF67F9DD37309F299E026BFDDA9D846ED5E4188FBC83686D74
RAW_HEDGED_GRID_T100_S020_EURUSD_TAIL_TRAIL_SMOKE_TAIL050_A2_TR5,0.0025,2025-03-16T23:00:00.000Z,2026-04-26T23:00:00.000Z,-977.406115,5.509037,E143C03BCA2F343BBA9EF4E1F0F30AAF381C09E5850BA81670403BD138C369E5
RAW_HEDGED_GRID_T100_S020_EURUSD_TAIL_TRAIL_SMOKE_TAIL050_A2_TR5,0.0025,2020-06-14T23:00:00.000Z,2021-02-22T00:00:00.000Z,-949.354514,-816.145714,2437B7C131257D04FC2FE73DB2870017CEF0C8F2C2DC47AFF16E865A47BD172A
RAW_HEDGED_GRID_T100_S020_EURUSD_TAIL_TRAIL_SMOKE_TAIL050_A2_TR5,0.005,2025-03-16T23:00:00.000Z,2025-12-29T00:00:00.000Z,-1281.491414,-310.965594,BECA03251119C09E85E03B570753D9EE231ADED5A466B28AEC49A21FF0DDA1A3
RAW_HEDGED_GRID_T100_S020_EURUSD_TAIL_TRAIL_SMOKE_TAIL050_A2_TR5,0.005,2025-03-16T23:00:00.000Z,2026-01-19T00:00:00.000Z,-1228.4597,-257.93388,F466D3DE96E7E740F772C44B0348340EE12CC54FC4C2B48F00977D0A05F5161D
RAW_HEDGED_GRID_T100_S020_EURUSD_TAIL_TRAIL_SMOKE_TAIL050_A2_TR5,0.005,2025-03-16T23:00:00.000Z,2026-02-23T00:00:00.000Z,-1201.884253,-231.358433,EE0D4E60EBD27B31480AD74E9A97ED2830735F0D642CC44C9111CBE95D21D1F0
RAW_HEDGED_GRID_T100_S020_EURUSD_TAIL_TRAIL_SMOKE_TAIL050_A2_TR5,0.005,2025-03-16T23:00:00.000Z,2025-12-22T00:00:00.000Z,-1147.809577,-177.283757,1D27DFD1C00FEE8F9190EF4E62E4E05330251611D3D01A12CA8428A83F12E26C
RAW_HEDGED_GRID_T100_S020_EURUSD_TAIL_TRAIL_SMOKE_TAIL050_A2_TR5,0.005,2025-03-16T23:00:00.000Z,2026-02-16T00:00:00.000Z,-1139.684768,-169.158948,52AB9C8E7D24B6E422A82A393A887ADD7B973A86CC348BC4C1FEC6098323B79F
RAW_HEDGED_GRID_T100_S020_EURUSD_TAIL_TRAIL_SMOKE_TAIL050_A2_TR5,0.005,2025-03-16T23:00:00.000Z,2025-12-08T00:00:00.000Z,-1116.76979,-146.24397,78C75A7E8F1C84689A45810D1DD40751E8CD3BD5CE89DAF29DE9820EE86C7B32
RAW_HEDGED_GRID_T100_S020_EURUSD_TAIL_TRAIL_SMOKE_TAIL050_A2_TR5,0.005,2025-03-16T23:00:00.000Z,2026-01-26T00:00:00.000Z,-1086.802595,-116.276775,82BFB71CE4BB65A40449F887A4E5B511ACDDF758A601E36A4376D008148D9757
RAW_HEDGED_GRID_T100_S020_EURUSD_TAIL_TRAIL_SMOKE_TAIL050_A2_TR5,0.005,2025-03-16T23:00:00.000Z,2025-12-15T00:00:00.000Z,-1045.706332,-75.180512,85356AF5BAE84743F2F0728E26F3E776F8DC98B29A1E411911CD54BC9986DD17
RAW_HEDGED_GRID_T100_S020_EURUSD_TAIL_TRAIL_SMOKE_TAIL050_A2_TR5,0.005,2025-03-16T23:00:00.000Z,2026-04-26T23:00:00.000Z,-979.811294,-9.285474,DDA72167839AAE95D1F738D40A3247E15002FCCEC0B5745C5621D81611F0076B
RAW_HEDGED_GRID_T100_S020_EURUSD_TAIL_TRAIL_SMOKE_TAIL050_A2_TR5,0.005,2020-06-14T23:00:00.000Z,2021-02-22T00:00:00.000Z,-950.992381,-819.571952,26F29242EECCF4A1ABB7466F1DA41974A6392B44F006870EBA13AB933AABDF35
RAW_HEDGED_GRID_T100_S020_EURUSD_TAIL_TRAIL_SMOKE_TAIL050_A2_TR5,0.01,2025-03-16T23:00:00.000Z,2025-12-29T00:00:00.000Z,-1285.157164,-339.410094,54C251AA72DAE04EBDAA049D7E338A7086135B8E76885BF8E28A1BA116DDD9E3
RAW_HEDGED_GRID_T100_S020_EURUSD_TAIL_TRAIL_SMOKE_TAIL050_A2_TR5,0.01,2025-03-16T23:00:00.000Z,2026-01-19T00:00:00.000Z,-1232.48595,-286.73888,108A4CEBC408FF49EE7BBA03F4C7F76F5B4406CFD4E75DC83210104BADF6C38A
RAW_HEDGED_GRID_T100_S020_EURUSD_TAIL_TRAIL_SMOKE_TAIL050_A2_TR5,0.01,2025-03-16T23:00:00.000Z,2026-02-23T00:00:00.000Z,-1206.344753,-260.597683,A64B4EF3717F255834996D7210586EA2EC1D7965228E61C1EE244410E27CB6C3
RAW_HEDGED_GRID_T100_S020_EURUSD_TAIL_TRAIL_SMOKE_TAIL050_A2_TR5,0.01,2025-03-16T23:00:00.000Z,2025-12-22T00:00:00.000Z,-1151.297327,-205.550257,17734F630F681928AB386401977422B45B1EE4FA61080EF79B4FEDB0B0265F7F
RAW_HEDGED_GRID_T100_S020_EURUSD_TAIL_TRAIL_SMOKE_TAIL050_A2_TR5,0.01,2025-03-16T23:00:00.000Z,2026-02-16T00:00:00.000Z,-1144.048393,-198.301323,DE4BBF3BEE35A36C9260CBACA604B8CE23B913A05061577387B23C5DA5F65648
RAW_HEDGED_GRID_T100_S020_EURUSD_TAIL_TRAIL_SMOKE_TAIL050_A2_TR5,0.01,2025-03-16T23:00:00.000Z,2025-12-08T00:00:00.000Z,-1120.05204,-174.30497,D6FEA6EBB9FE8E1FBC8B6D00BA5219D9F8E4AC98B21A5231FB69D41A3C4D2D4B
RAW_HEDGED_GRID_T100_S020_EURUSD_TAIL_TRAIL_SMOKE_TAIL050_A2_TR5,0.01,2025-03-16T23:00:00.000Z,2026-01-26T00:00:00.000Z,-1091.10122,-145.35415,C8E85B2F903BA00C9298FDDE98E903125C41F6B66DB2927C3330AFE2CD186FB5
RAW_HEDGED_GRID_T100_S020_EURUSD_TAIL_TRAIL_SMOKE_TAIL050_A2_TR5,0.01,2025-03-16T23:00:00.000Z,2025-12-15T00:00:00.000Z,-1049.139332,-103.392262,F1E2E978B2D0FDFBD09515D26AD79A7F8085B88CE6191B10FE786E05C524C77D
RAW_HEDGED_GRID_T100_S020_EURUSD_TAIL_TRAIL_SMOKE_TAIL050_A2_TR5,0.01,2025-03-16T23:00:00.000Z,2026-04-26T23:00:00.000Z,-984.621669,-38.874599,92EDF2E94E2150D0DB96AB69E69D873348556B20BDECA2437F47711AE4A09CF5
RAW_HEDGED_GRID_T100_S020_EURUSD_TAIL_TRAIL_SMOKE_TAIL050_A2_TR5,0.01,2020-06-14T23:00:00.000Z,2021-02-22T00:00:00.000Z,-954.268131,-826.424452,9913D6EDA58292F033CF1D78DA98CF091DE87523D630AB1DC93F89299E469D02
RAW_HEDGED_GRID_T100_S020_EURUSD_TAIL_TRAIL_SMOKE_TAIL050_A2_TR5,0.02,2025-03-16T23:00:00.000Z,2025-12-29T00:00:00.000Z,-1292.488664,-396.299094,CC02578C5D634D3C97A3AA5AE11569A0141583389A99D611BB9F2E19C4FEEBCD
RAW_HEDGED_GRID_T100_S020_EURUSD_TAIL_TRAIL_SMOKE_TAIL050_A2_TR5,0.02,2025-03-16T23:00:00.000Z,2026-01-19T00:00:00.000Z,-1240.53845,-344.34888,F9853FEFF73A5029D5D3E8A52659D3BC1E1CC0D6E0083BE1A6CB515B575DF212
RAW_HEDGED_GRID_T100_S020_EURUSD_TAIL_TRAIL_SMOKE_TAIL050_A2_TR5,0.02,2025-03-16T23:00:00.000Z,2026-02-23T00:00:00.000Z,-1215.265753,-319.076183,0504C5BC07D2869E6641497DF2FF61C81D11D1D2A55781A5BED65567B9DF3FE1
RAW_HEDGED_GRID_T100_S020_EURUSD_TAIL_TRAIL_SMOKE_TAIL050_A2_TR5,0.02,2025-03-16T23:00:00.000Z,2025-12-22T00:00:00.000Z,-1158.272827,-262.083257,491411A541104FC00FC5D25A0E822994998B0BD6181AD3EDBD0B7E8ECD199EB7
RAW_HEDGED_GRID_T100_S020_EURUSD_TAIL_TRAIL_SMOKE_TAIL050_A2_TR5,0.02,2025-03-16T23:00:00.000Z,2026-02-16T00:00:00.000Z,-1152.775643,-256.586073,9C9BDA993DDBD47AF57BF07F163ED71AC0FD8DCAB8C0FDAC5C01B241F0BFFAE1
RAW_HEDGED_GRID_T100_S020_EURUSD_TAIL_TRAIL_SMOKE_TAIL050_A2_TR5,0.02,2025-03-16T23:00:00.000Z,2025-12-08T00:00:00.000Z,-1126.61654,-230.42697,FFD859566DCEB2D84A14D44467F3A584A01CFDA607276216F4050B89341431B8
RAW_HEDGED_GRID_T100_S020_EURUSD_TAIL_TRAIL_SMOKE_TAIL050_A2_TR5,0.02,2025-03-16T23:00:00.000Z,2026-01-26T00:00:00.000Z,-1099.69847,-203.5089,50BA98B8DC9A6C26816BFC27BAD8C8E4FA928C7DB890F5EB9B99C634173F52E3
RAW_HEDGED_GRID_T100_S020_EURUSD_TAIL_TRAIL_SMOKE_TAIL050_A2_TR5,0.02,2025-03-16T23:00:00.000Z,2025-12-15T00:00:00.000Z,-1056.005332,-159.815762,5582A1FFA5A4C38399299FF66FC38FE686EFA45ACB6A4D7B5245ACE4ACBC81D6
RAW_HEDGED_GRID_T100_S020_EURUSD_TAIL_TRAIL_SMOKE_TAIL050_A2_TR5,0.02,2025-03-16T23:00:00.000Z,2026-04-26T23:00:00.000Z,-994.242419,-98.052849,7C9EDE89F916A954E71AEE3E47C2D78008343FBA31DD16FA1C1CB55398484D1B
RAW_HEDGED_GRID_T100_S020_EURUSD_TAIL_TRAIL_SMOKE_TAIL050_A2_TR5,0.02,2020-06-14T23:00:00.000Z,2021-02-22T00:00:00.000Z,-960.819631,-840.129452,3B617A8C6B393CE47E6822EAB30E0D3B151C114BD065A3150634508264F16AAA
RAW_HEDGED_GRID_T100_S020_EURUSD_TAIL_TRAIL_SMOKE_TAIL050_A2_TR5,0.05,2025-03-16T23:00:00.000Z,2025-12-29T00:00:00.000Z,-1314.483164,-566.966094,FAED6CA5FCFE6314B9D1DC4763FD2B390D233C0E5814177AF251F77F6B10BDC2
RAW_HEDGED_GRID_T100_S020_EURUSD_TAIL_TRAIL_SMOKE_TAIL050_A2_TR5,0.05,2025-03-16T23:00:00.000Z,2026-01-19T00:00:00.000Z,-1264.69595,-517.17888,7C452E9763E82510C5118B84C7FA5083FEF1A8E54EED483A11A5C7B95707B5C4
RAW_HEDGED_GRID_T100_S020_EURUSD_TAIL_TRAIL_SMOKE_TAIL050_A2_TR5,0.05,2025-03-16T23:00:00.000Z,2026-02-23T00:00:00.000Z,-1242.028753,-494.511683,58C06C55A4D83A3C326CC4D2198C173C3026DC32F363AA48D4F097C683AB3A42
RAW_HEDGED_GRID_T100_S020_EURUSD_TAIL_TRAIL_SMOKE_TAIL050_A2_TR5,0.05,2025-03-16T23:00:00.000Z,2025-12-22T00:00:00.000Z,-1179.199327,-431.682257,67AB9035848666E5EA015B05AE8595CF19D9666D0C5984A8E4E8A62B1D32905C
RAW_HEDGED_GRID_T100_S020_EURUSD_TAIL_TRAIL_SMOKE_TAIL050_A2_TR5,0.05,2025-03-16T23:00:00.000Z,2026-02-16T00:00:00.000Z,-1178.957393,-431.440323,A9ECDF80BFAD44299688B7F5A2A3D82FC5BAF11D539ACB46F02514576B55E921
RAW_HEDGED_GRID_T100_S020_EURUSD_TAIL_TRAIL_SMOKE_TAIL050_A2_TR5,0.05,2025-03-16T23:00:00.000Z,2025-12-08T00:00:00.000Z,-1146.31004,-398.79297,A7414BA49B0563F8788A7CD4E7C472C0A3052EF0847F58CE340903832B1AFE90
RAW_HEDGED_GRID_T100_S020_EURUSD_TAIL_TRAIL_SMOKE_TAIL050_A2_TR5,0.05,2025-03-16T23:00:00.000Z,2026-01-26T00:00:00.000Z,-1125.49022,-377.97315,C91FD97D4E4644075E9AD919CB50107CC2BEEDEA5399DE8DF1A57B8170BFCBEF
RAW_HEDGED_GRID_T100_S020_EURUSD_TAIL_TRAIL_SMOKE_TAIL050_A2_TR5,0.05,2025-03-16T23:00:00.000Z,2025-12-15T00:00:00.000Z,-1076.603332,-329.086262,5F727AA882458D3C5E1896B8D03C5BB5EC2D209C6BB3B1889DDD85B29BC9BAA5
RAW_HEDGED_GRID_T100_S020_EURUSD_TAIL_TRAIL_SMOKE_TAIL050_A2_TR5,0.05,2025-03-16T23:00:00.000Z,2026-04-26T23:00:00.000Z,-1023.104669,-275.587599,5CF8A95CF36C3CBAAE8A0E19ABF2843061FABF4B91EC739EC2FE68B5108AC58A
RAW_HEDGED_GRID_T100_S020_EURUSD_TAIL_TRAIL_SMOKE_TAIL050_A2_TR5,0.05,2020-06-14T23:00:00.000Z,2021-02-22T00:00:00.000Z,-980.474131,-881.244452,1B1B35AD23AC7D399CEC22F22F6C6828336F7DD1DA7D01C3A7DE21A9C9A7DF42
RAW_HEDGED_GRID_T100_S020_EURUSD_TAIL_TRAIL_SMOKE_TAIL050_A2_TR5,0.1,2025-03-16T23:00:00.000Z,2025-12-29T00:00:00.000Z,-1351.140664,-851.411094,7115F677E17B9B93BFE49419460A1D7267EA4B73727C9A811B92EED45B9377FC
RAW_HEDGED_GRID_T100_S020_EURUSD_TAIL_TRAIL_SMOKE_TAIL050_A2_TR5,0.1,2025-03-16T23:00:00.000Z,2026-01-19T00:00:00.000Z,-1304.95845,-805.22888,30541C7BD12B9D92D808DB8EA76EB90B1A0B8A033FE11FE80E68E9B674CB12EA
RAW_HEDGED_GRID_T100_S020_EURUSD_TAIL_TRAIL_SMOKE_TAIL050_A2_TR5,0.1,2025-03-16T23:00:00.000Z,2026-02-23T00:00:00.000Z,-1286.633753,-786.904183,3AE33EA1CC18DF25F33E22ED7EBC10EBD6402B5DFD4A1642D59273FCEDF9CD42
RAW_HEDGED_GRID_T100_S020_EURUSD_TAIL_TRAIL_SMOKE_TAIL050_A2_TR5,0.1,2025-03-16T23:00:00.000Z,2026-02-16T00:00:00.000Z,-1222.593643,-722.864073,C92463B2D0EFFE8E94F916D9494A6E03CC272733A6A9AF8EE1049D60BAE81992
RAW_HEDGED_GRID_T100_S020_EURUSD_TAIL_TRAIL_SMOKE_TAIL050_A2_TR5,0.1,2025-03-16T23:00:00.000Z,2025-12-22T00:00:00.000Z,-1214.076827,-714.347257,BB0B13886E3EA3C1D450BD880F6524C12C6CC81691EEFA06AD5BBBBF5C299C0F
RAW_HEDGED_GRID_T100_S020_EURUSD_TAIL_TRAIL_SMOKE_TAIL050_A2_TR5,0.1,2025-03-16T23:00:00.000Z,2025-12-08T00:00:00.000Z,-1179.13254,-679.40297,0C8D676760904E8B38BE537208E5F5A7551546E6021D472CAA95B03FCE53880E
RAW_HEDGED_GRID_T100_S020_EURUSD_TAIL_TRAIL_SMOKE_TAIL050_A2_TR5,0.1,2025-03-16T23:00:00.000Z,2026-01-26T00:00:00.000Z,-1168.47647,-668.7469,2241716FD8281BC0E7298679B0A4599D56061F0CCDE6290D498B555851C09C39
RAW_HEDGED_GRID_T100_S020_EURUSD_TAIL_TRAIL_SMOKE_TAIL050_A2_TR5,0.1,2025-03-16T23:00:00.000Z,2025-12-15T00:00:00.000Z,-1110.933332,-611.203762,DE180B3FC9F311060588133171B769C34E499E9EA1951946551D941E663C4A14
RAW_HEDGED_GRID_T100_S020_EURUSD_TAIL_TRAIL_SMOKE_TAIL050_A2_TR5,0.1,2025-03-16T23:00:00.000Z,2026-04-26T23:00:00.000Z,-1071.208419,-571.478849,3A69FF1E03195D7FB6FD1F5B7D91482D5F6764DB046A194D8C6695E5B70D19FD
RAW_HEDGED_GRID_T100_S020_EURUSD_TAIL_TRAIL_SMOKE_TAIL050_A2_TR5,0.1,2020-05-17T23:00:00.000Z,2021-02-22T00:00:00.000Z,-1017.530784,-949.769452,1434AFAAE99AEC802ECC1C2658E2038718F6484A017BBFC4A9A20A6EBB753D19
RAW_HEDGED_GRID_T100_S020_EURUSD_TAIL_TRAIL_SMOKE_TAIL050_A2_TR5,0.2,2024-05-05T23:00:00.000Z,2025-12-29T00:00:00.000Z,-1441.839229,-1420.301094,A15372F5034BC0825DEDD027B3D25B44E4A91E59668ACCE3EB5CB44EFAAA626A
RAW_HEDGED_GRID_T100_S020_EURUSD_TAIL_TRAIL_SMOKE_TAIL050_A2_TR5,0.2,2024-05-05T23:00:00.000Z,2026-01-19T00:00:00.000Z,-1402.867015,-1381.32888,AD87E82C169F7C9C88B632EF2A22A550CCA36FC092FF9263F2CDA4DF5544FE1E
RAW_HEDGED_GRID_T100_S020_EURUSD_TAIL_TRAIL_SMOKE_TAIL050_A2_TR5,0.2,2024-05-05T23:00:00.000Z,2026-02-23T00:00:00.000Z,-1393.227318,-1371.689183,EA941CA7511A0A39983CBAF37B3ACA2446ABF762E1C1AF2DFAD4798F15B35748
RAW_HEDGED_GRID_T100_S020_EURUSD_TAIL_TRAIL_SMOKE_TAIL050_A2_TR5,0.2,2024-05-05T23:00:00.000Z,2026-02-16T00:00:00.000Z,-1327.249708,-1305.711573,39310C6760169EB2821FD09C46A47BA685CBE88F1F1B7C02B5355C7A2FF57251
RAW_HEDGED_GRID_T100_S020_EURUSD_TAIL_TRAIL_SMOKE_TAIL050_A2_TR5,0.2,2024-05-05T23:00:00.000Z,2025-12-22T00:00:00.000Z,-1301.215392,-1279.677257,5D1D78EA86FC49D0D39D28ECB7DDA5A17193F6B92E0958356F24C6151445A4CD
RAW_HEDGED_GRID_T100_S020_EURUSD_TAIL_TRAIL_SMOKE_TAIL050_A2_TR5,0.2,2024-05-05T23:00:00.000Z,2026-01-26T00:00:00.000Z,-1271.832535,-1250.2944,9B769FD8BB8062EC7474F1B3D0AF330FE83F8F6F2E3E74C91D553E275F3AB475
RAW_HEDGED_GRID_T100_S020_EURUSD_TAIL_TRAIL_SMOKE_TAIL050_A2_TR5,0.2,2024-05-05T23:00:00.000Z,2025-12-08T00:00:00.000Z,-1262.161105,-1240.62297,60FEA0108E84466A731C9FF5BB8D25A3D9A564A506B6610654B7A92800B98BDC
RAW_HEDGED_GRID_T100_S020_EURUSD_TAIL_TRAIL_SMOKE_TAIL050_A2_TR5,0.2,2024-05-05T23:00:00.000Z,2025-12-15T00:00:00.000Z,-1196.976897,-1175.438762,E509DED8AD120F5C82407BEB905B3157DBB9577DFF012C46DB1F209F34C682EC
RAW_HEDGED_GRID_T100_S020_EURUSD_TAIL_TRAIL_SMOKE_TAIL050_A2_TR5,0.2,2024-05-05T23:00:00.000Z,2026-04-26T23:00:00.000Z,-1184.799484,-1163.261349,9B1B656DF228918240C291528191C03D7ABE59AF8BBC7D3D0E4F18CEDBAC7EA5
RAW_HEDGED_GRID_T100_S020_EURUSD_TAIL_TRAIL_SMOKE_TAIL050_A2_TR5,0.2,2024-05-05T23:00:00.000Z,2026-05-03T23:00:00.000Z,-1127.591188,-1106.053053,F6A91575680BDF8203B06DD616BD7105D2CB90BAB947EFCFEDD3B49B09E52C3F
RAW_HEDGED_GRID_T100_S020_EURUSD_TAIL_TRAIL_SMOKE_TAIL050_A2_TR5,0.5,,2025-12-29T00:00:00.000Z,-3126.971094,-3126.971094,36C0E93A40658685D633B820BA50CBDEAEA25B48B8B4D1781D0ADC07C1816E4F
RAW_HEDGED_GRID_T100_S020_EURUSD_TAIL_TRAIL_SMOKE_TAIL050_A2_TR5,0.5,,2026-02-23T00:00:00.000Z,-3126.044183,-3126.044183,52E58EC3F685014C8A6CCC96FB15FA48FAFE69B7225AB45B1B48C997B9496684
RAW_HEDGED_GRID_T100_S020_EURUSD_TAIL_TRAIL_SMOKE_TAIL050_A2_TR5,0.5,,2026-01-19T00:00:00.000Z,-3109.62888,-3109.62888,299536B8C3EFDA9CFB1B13A173406DDC66FB92787D78D79D182C8A8C6E69FD93
RAW_HEDGED_GRID_T100_S020_EURUSD_TAIL_TRAIL_SMOKE_TAIL050_A2_TR5,0.5,,2026-02-16T00:00:00.000Z,-3054.254073,-3054.254073,297419C46A1BD82224E317361A61B89E92F94AEC18839382D2E3737C428A8769
RAW_HEDGED_GRID_T100_S020_EURUSD_TAIL_TRAIL_SMOKE_TAIL050_A2_TR5,0.5,,2026-01-26T00:00:00.000Z,-2994.9369,-2994.9369,F97B37113BEAB6819A00CCC719B5F08E995D82CCA7CBED79B03C16CEB9704216
RAW_HEDGED_GRID_T100_S020_EURUSD_TAIL_TRAIL_SMOKE_TAIL050_A2_TR5,0.5,,2025-12-22T00:00:00.000Z,-2975.667257,-2975.667257,8EFE426EF0AF050BF85D0FF1356B174252EB18C901901E5DA8FA539FE475DB90
RAW_HEDGED_GRID_T100_S020_EURUSD_TAIL_TRAIL_SMOKE_TAIL050_A2_TR5,0.5,,2026-04-26T23:00:00.000Z,-2938.608849,-2938.608849,6D432CBF4AB498A9A35D50E051100423ABF4174EF325CE3BB7A956ACE2137165
RAW_HEDGED_GRID_T100_S020_EURUSD_TAIL_TRAIL_SMOKE_TAIL050_A2_TR5,0.5,,2025-12-08T00:00:00.000Z,-2924.28297,-2924.28297,798A60B1A30F35C72932E1588431069538699F4552AE843F3D76C94105CC27E2
RAW_HEDGED_GRID_T100_S020_EURUSD_TAIL_TRAIL_SMOKE_TAIL050_A2_TR5,0.5,,2026-05-03T23:00:00.000Z,-2886.733053,-2886.733053,8371F85D8CE9DA8F864653DF371C47E76A460992FC39363B3B7FCCE881CB49E0
RAW_HEDGED_GRID_T100_S020_EURUSD_TAIL_TRAIL_SMOKE_TAIL050_A2_TR5,0.5,,2025-12-15T00:00:00.000Z,-2868.143762,-2868.143762,28B0351C6EEC1BB607B5E4DF78808EB0941996F69879640E57247218FB960302
RAW_HEDGED_GRID_T100_S020_EURUSD_TAIL_TRAIL_SMOKE_TAIL100_A1_TR1,0,2025-03-16T23:00:00.000Z,2025-12-29T00:00:00.000Z,-1269.392941,-279.546596,8A9B727CC32F53EDAEE698C80C28A28E55EBAB3F0EC4333AEB9A8F2257A84B5D
RAW_HEDGED_GRID_T100_S020_EURUSD_TAIL_TRAIL_SMOKE_TAIL100_A1_TR1,0,2025-03-16T23:00:00.000Z,2026-01-19T00:00:00.000Z,-1220.70376,-230.857415,8DC2A4268A1DA0788C2DECA11E2AAF022C0D0FD7980D988D111F1240BFE74942
RAW_HEDGED_GRID_T100_S020_EURUSD_TAIL_TRAIL_SMOKE_TAIL100_A1_TR1,0,2025-03-16T23:00:00.000Z,2026-02-23T00:00:00.000Z,-1204.836515,-214.99017,27B6A4E6ACB7619D7CDEE3E12924AB07CBC2035474FB403603D77A047E0F25B3
RAW_HEDGED_GRID_T100_S020_EURUSD_TAIL_TRAIL_SMOKE_TAIL100_A1_TR1,0,2025-03-16T23:00:00.000Z,2026-02-16T00:00:00.000Z,-1143.141769,-153.295424,08CBD9D9995F89DA80C153BE5F706398B789D0DA06B0D175BD731A878D9A21F4
RAW_HEDGED_GRID_T100_S020_EURUSD_TAIL_TRAIL_SMOKE_TAIL100_A1_TR1,0,2025-03-16T23:00:00.000Z,2025-12-22T00:00:00.000Z,-1142.189737,-152.343392,85EAD30207107DCF7116726E05379CBE5FABA4B63176F178FD83CCAABC7315BD
RAW_HEDGED_GRID_T100_S020_EURUSD_TAIL_TRAIL_SMOKE_TAIL100_A1_TR1,0,2025-03-16T23:00:00.000Z,2025-12-08T00:00:00.000Z,-1109.590864,-119.744519,7323EAE700E20C24735BC203DB3DE56A154D30395337A35E656CC9D57082B56F
RAW_HEDGED_GRID_T100_S020_EURUSD_TAIL_TRAIL_SMOKE_TAIL100_A1_TR1,0,2025-03-16T23:00:00.000Z,2026-01-26T00:00:00.000Z,-1098.835298,-108.988953,23F50F5C649B7B28BE527C9837C973949B1BDA9B790207EB1BB4747F830CE28E
RAW_HEDGED_GRID_T100_S020_EURUSD_TAIL_TRAIL_SMOKE_TAIL100_A1_TR1,0,2025-03-16T23:00:00.000Z,2025-12-15T00:00:00.000Z,-1036.752673,-46.906328,54AAEC9182C828C390733B7DFB743DCB0E98067D13E78D1A177841A5246B2EA6
RAW_HEDGED_GRID_T100_S020_EURUSD_TAIL_TRAIL_SMOKE_TAIL100_A1_TR1,0,2025-03-16T23:00:00.000Z,2026-04-26T23:00:00.000Z,-983.986928,5.859417,9522A2C4B77CDC5E4AA98DDD02173F522B4AFE7F80B2746D4FF93F7E8CABA35C
RAW_HEDGED_GRID_T100_S020_EURUSD_TAIL_TRAIL_SMOKE_TAIL100_A1_TR1,0,2020-06-14T23:00:00.000Z,2021-02-22T00:00:00.000Z,-938.161963,-807.022171,813ABF7EAD26308A1DF1846FDD7451024F74BE0E54BF4202D3D259E28CCA83A2
RAW_HEDGED_GRID_T100_S020_EURUSD_TAIL_TRAIL_SMOKE_TAIL100_A1_TR1,0.0025,2025-03-16T23:00:00.000Z,2025-12-29T00:00:00.000Z,-1271.224691,-293.772096,4F7F97D6928513A78E1D98CE7C43181F9240B767F2D4541FE99AFA1CD01FCAD7
RAW_HEDGED_GRID_T100_S020_EURUSD_TAIL_TRAIL_SMOKE_TAIL100_A1_TR1,0.0025,2025-03-16T23:00:00.000Z,2026-01-19T00:00:00.000Z,-1222.718385,-245.26579,433859DC4BAF42771404462D225EC4B760740596379695EBFD6DC146FA396349
RAW_HEDGED_GRID_T100_S020_EURUSD_TAIL_TRAIL_SMOKE_TAIL100_A1_TR1,0.0025,2025-03-16T23:00:00.000Z,2026-02-23T00:00:00.000Z,-1207.065265,-229.61267,A1A02D828509623467F0156D425667657C6979C5504CBF8F6A2191D94D61C81A
RAW_HEDGED_GRID_T100_S020_EURUSD_TAIL_TRAIL_SMOKE_TAIL100_A1_TR1,0.0025,2025-03-16T23:00:00.000Z,2026-02-16T00:00:00.000Z,-1145.321769,-167.869174,A1465D2CFCC2EED002805FB74EA3CF9355F2FB145CAB9FB8EE651F19D9987ED5
RAW_HEDGED_GRID_T100_S020_EURUSD_TAIL_TRAIL_SMOKE_TAIL100_A1_TR1,0.0025,2025-03-16T23:00:00.000Z,2025-12-22T00:00:00.000Z,-1143.932237,-166.479642,25BDFDEF5462ED2CC98C6DDC1CE0422E1AD67BCFDD0BC6F2811D5028E7F66B61
RAW_HEDGED_GRID_T100_S020_EURUSD_TAIL_TRAIL_SMOKE_TAIL100_A1_TR1,0.0025,2025-03-16T23:00:00.000Z,2025-12-08T00:00:00.000Z,-1111.232114,-133.779519,87968F30C2BB54EA001C0107F6E07BD2923164A1C6F3089A4521731A874922A9
RAW_HEDGED_GRID_T100_S020_EURUSD_TAIL_TRAIL_SMOKE_TAIL100_A1_TR1,0.0025,2025-03-16T23:00:00.000Z,2026-01-26T00:00:00.000Z,-1100.982798,-123.530203,2280A8132E2BA1D0E616806CE126D208127E5275638BD6A6D325A81F330817D9
RAW_HEDGED_GRID_T100_S020_EURUSD_TAIL_TRAIL_SMOKE_TAIL100_A1_TR1,0.0025,2025-03-16T23:00:00.000Z,2025-12-15T00:00:00.000Z,-1038.467673,-61.015078,63982CCA014B0B331433D08A9F23D03F34B63015031508FA87DA7CAC82805B0E
RAW_HEDGED_GRID_T100_S020_EURUSD_TAIL_TRAIL_SMOKE_TAIL100_A1_TR1,0.0025,2025-03-16T23:00:00.000Z,2026-04-26T23:00:00.000Z,-986.390678,-8.938083,03B27D4886F5971BAFBEA97B986AFA5BA110CCEE38BB0906ADEF224FE565D6CE
RAW_HEDGED_GRID_T100_S020_EURUSD_TAIL_TRAIL_SMOKE_TAIL100_A1_TR1,0.0025,2020-06-14T23:00:00.000Z,2021-02-22T00:00:00.000Z,-939.799463,-810.449671,9E14FEF00AE09D53498F254E607AB63793B723BE58C316F76707AA358E7AE53F
RAW_HEDGED_GRID_T100_S020_EURUSD_TAIL_TRAIL_SMOKE_TAIL100_A1_TR1,0.005,2025-03-16T23:00:00.000Z,2025-12-29T00:00:00.000Z,-1273.056441,-307.997596,A9D19B87BA6C15CCE17EC9DD74CDEDC788CDD564FB197450AD3E7C6FC05A1678
RAW_HEDGED_GRID_T100_S020_EURUSD_TAIL_TRAIL_SMOKE_TAIL100_A1_TR1,0.005,2025-03-16T23:00:00.000Z,2026-01-19T00:00:00.000Z,-1224.73301,-259.674165,266674B006BFE5CD4B229CF85C92CE79BA998E9DBB72572315A1F182F63230FB
RAW_HEDGED_GRID_T100_S020_EURUSD_TAIL_TRAIL_SMOKE_TAIL100_A1_TR1,0.005,2025-03-16T23:00:00.000Z,2026-02-23T00:00:00.000Z,-1209.294015,-244.23517,B56A0CF0267B2EE95404B5408FFD944A2AA84A222E3DCF77940E4539E0B04036
RAW_HEDGED_GRID_T100_S020_EURUSD_TAIL_TRAIL_SMOKE_TAIL100_A1_TR1,0.005,2025-03-16T23:00:00.000Z,2026-02-16T00:00:00.000Z,-1147.501769,-182.442924,BF84F7B3D5245025C8075FC7E1E9E469A8085ABFE4C9657462B570F6DBCF7A54
RAW_HEDGED_GRID_T100_S020_EURUSD_TAIL_TRAIL_SMOKE_TAIL100_A1_TR1,0.005,2025-03-16T23:00:00.000Z,2025-12-22T00:00:00.000Z,-1145.674737,-180.615892,7745C6471F2CE6538A6BD7A28D71908CF2D1161FDE5CF27DAFBC411074E13578
RAW_HEDGED_GRID_T100_S020_EURUSD_TAIL_TRAIL_SMOKE_TAIL100_A1_TR1,0.005,2025-03-16T23:00:00.000Z,2025-12-08T00:00:00.000Z,-1112.873364,-147.814519,E0F709A35DBD989F490DDDD92BA34F304B172BDE3A29C7000D46F33F3396AE6A
RAW_HEDGED_GRID_T100_S020_EURUSD_TAIL_TRAIL_SMOKE_TAIL100_A1_TR1,0.005,2025-03-16T23:00:00.000Z,2026-01-26T00:00:00.000Z,-1103.130298,-138.071453,5CD86BB9F3C8C3970BF5952BCEAC766AB098B525EB76154E5AE312DDBC8C345D
RAW_HEDGED_GRID_T100_S020_EURUSD_TAIL_TRAIL_SMOKE_TAIL100_A1_TR1,0.005,2025-03-16T23:00:00.000Z,2025-12-15T00:00:00.000Z,-1040.182673,-75.123828,2F9E94319C669897A31C649B530848791A5F7857EF5F76CFEC3786EFF519904B
RAW_HEDGED_GRID_T100_S020_EURUSD_TAIL_TRAIL_SMOKE_TAIL100_A1_TR1,0.005,2025-03-16T23:00:00.000Z,2026-04-26T23:00:00.000Z,-988.794428,-23.735583,0495B14D9D67AE66FEC5C7BED397A86DAB092A50A7D6A46FDBBE01EA5CB0DC21
RAW_HEDGED_GRID_T100_S020_EURUSD_TAIL_TRAIL_SMOKE_TAIL100_A1_TR1,0.005,2020-06-14T23:00:00.000Z,2021-02-22T00:00:00.000Z,-941.436963,-813.877171,62738A2D0A6EA96433F5E9A34617070AF03F1750E03797EE8DD0B61AC97E6830
RAW_HEDGED_GRID_T100_S020_EURUSD_TAIL_TRAIL_SMOKE_TAIL100_A1_TR1,0.01,2025-03-16T23:00:00.000Z,2025-12-29T00:00:00.000Z,-1276.719941,-336.448596,376A2D1D88FE3B4759EF878CD8443BC7CAEAAB38D8674FF8599AEF21AB5CB415
RAW_HEDGED_GRID_T100_S020_EURUSD_TAIL_TRAIL_SMOKE_TAIL100_A1_TR1,0.01,2025-03-16T23:00:00.000Z,2026-01-19T00:00:00.000Z,-1228.76226,-288.490915,609900D159516725902D48F7DA7B6F924EAECB96C9587216BFEEA6CDF7AF454B
RAW_HEDGED_GRID_T100_S020_EURUSD_TAIL_TRAIL_SMOKE_TAIL100_A1_TR1,0.01,2025-03-16T23:00:00.000Z,2026-02-23T00:00:00.000Z,-1213.751515,-273.48017,ED19F138C1EAE9F8F6A15615FDE58EBDDCBD1B8650A71E4E33B68E7515FEBD17
RAW_HEDGED_GRID_T100_S020_EURUSD_TAIL_TRAIL_SMOKE_TAIL100_A1_TR1,0.01,2025-03-16T23:00:00.000Z,2026-02-16T00:00:00.000Z,-1151.861769,-211.590424,6E564D8E37F1F65FD3572C7DFF1EC7CEF128315ECD01D36032107BDABE480B9E
RAW_HEDGED_GRID_T100_S020_EURUSD_TAIL_TRAIL_SMOKE_TAIL100_A1_TR1,0.01,2025-03-16T23:00:00.000Z,2025-12-22T00:00:00.000Z,-1149.159737,-208.888392,FB9CF8782AE40A8319D693FE0021DA930B11D6C9685D8CDF42AA7822AD2D057F
RAW_HEDGED_GRID_T100_S020_EURUSD_TAIL_TRAIL_SMOKE_TAIL100_A1_TR1,0.01,2025-03-16T23:00:00.000Z,2025-12-08T00:00:00.000Z,-1116.155864,-175.884519,890551C7783AC32194C4DB5B729506354AF383A5676E2900E10E3469D5A89CD6
RAW_HEDGED_GRID_T100_S020_EURUSD_TAIL_TRAIL_SMOKE_TAIL100_A1_TR1,0.01,2025-03-16T23:00:00.000Z,2026-01-26T00:00:00.000Z,-1107.425298,-167.153953,A2F5CB42A1B135389C3BE66A734D40417A758B1220721626F973873A3033548A
RAW_HEDGED_GRID_T100_S020_EURUSD_TAIL_TRAIL_SMOKE_TAIL100_A1_TR1,0.01,2025-03-16T23:00:00.000Z,2025-12-15T00:00:00.000Z,-1043.612673,-103.341328,D7C4D26491E26BADF5400A926BD4FA707BBC44C295328D8C3A03A4484DF6111D
RAW_HEDGED_GRID_T100_S020_EURUSD_TAIL_TRAIL_SMOKE_TAIL100_A1_TR1,0.01,2025-03-16T23:00:00.000Z,2026-04-26T23:00:00.000Z,-993.601928,-53.330583,22250F07D7902F7001EDE38578FCD4F5B76E311619458EF324C6C11684557787
RAW_HEDGED_GRID_T100_S020_EURUSD_TAIL_TRAIL_SMOKE_TAIL100_A1_TR1,0.01,2020-06-14T23:00:00.000Z,2021-02-22T00:00:00.000Z,-944.711963,-820.732171,889E01525296D4182D6D8B5F509B9D55A6A942D641F88FF2D8F7597F5577074B
RAW_HEDGED_GRID_T100_S020_EURUSD_TAIL_TRAIL_SMOKE_TAIL100_A1_TR1,0.02,2025-03-16T23:00:00.000Z,2025-12-29T00:00:00.000Z,-1284.046941,-393.350596,380FDEC424CD4CE3EF08A171D56810BB8E90C2F73B509C5CAD3081C6CB27ED36
RAW_HEDGED_GRID_T100_S020_EURUSD_TAIL_TRAIL_SMOKE_TAIL100_A1_TR1,0.02,2025-03-16T23:00:00.000Z,2026-01-19T00:00:00.000Z,-1236.82076,-346.124415,131CC86FCD318BC8583E96D8E25A3533A28D02E6A3C3B8DA1DB2CA65256EB8D4
RAW_HEDGED_GRID_T100_S020_EURUSD_TAIL_TRAIL_SMOKE_TAIL100_A1_TR1,0.02,2025-03-16T23:00:00.000Z,2026-02-23T00:00:00.000Z,-1222.666515,-331.97017,DFB7BDE7A8B420FE6CD8223643410B1399FDA8F16BFEA90D746C556F3C2A5746
RAW_HEDGED_GRID_T100_S020_EURUSD_TAIL_TRAIL_SMOKE_TAIL100_A1_TR1,0.02,2025-03-16T23:00:00.000Z,2026-02-16T00:00:00.000Z,-1160.581769,-269.885424,3209F485DCFEB6537C6E43C403EAD9B0F85991125C306BF297753FB390F7D1E2
RAW_HEDGED_GRID_T100_S020_EURUSD_TAIL_TRAIL_SMOKE_TAIL100_A1_TR1,0.02,2025-03-16T23:00:00.000Z,2025-12-22T00:00:00.000Z,-1156.129737,-265.433392,7A1413EA7CA7E4F24D19542D66DC7CD736842B08500148636317554AF3B51046
RAW_HEDGED_GRID_T100_S020_EURUSD_TAIL_TRAIL_SMOKE_TAIL100_A1_TR1,0.02,2025-03-16T23:00:00.000Z,2025-12-08T00:00:00.000Z,-1122.720864,-232.024519,57FA1EB06C06B8C719B258D3FDE7905FCE4AB7207E5128758281E682126D0421
RAW_HEDGED_GRID_T100_S020_EURUSD_TAIL_TRAIL_SMOKE_TAIL100_A1_TR1,0.02,2025-03-16T23:00:00.000Z,2026-01-26T00:00:00.000Z,-1116.015298,-225.318953,E47CA6A6A21C3DD86553625CC5B5CB27C471D704F0D8CF56EAB4CC2D334AEF7D
RAW_HEDGED_GRID_T100_S020_EURUSD_TAIL_TRAIL_SMOKE_TAIL100_A1_TR1,0.02,2025-03-16T23:00:00.000Z,2025-12-15T00:00:00.000Z,-1050.472673,-159.776328,A781DAFE2742CB135D8BB1D8DC6F5E72324BC402F04AA92EB47094ECECEF856E
RAW_HEDGED_GRID_T100_S020_EURUSD_TAIL_TRAIL_SMOKE_TAIL100_A1_TR1,0.02,2025-03-16T23:00:00.000Z,2026-04-26T23:00:00.000Z,-1003.216928,-112.520583,F4CAA78E28CE87E3557D6A37DB8C38BF4E4F7A49B51A019589DA229A59CE817A
RAW_HEDGED_GRID_T100_S020_EURUSD_TAIL_TRAIL_SMOKE_TAIL100_A1_TR1,0.02,2020-06-14T23:00:00.000Z,2021-02-22T00:00:00.000Z,-951.261963,-834.442171,6C2F9CA766AD0BAE9BC87CF138701B5E006E826AA1738F67632ED2D71C1110D6
RAW_HEDGED_GRID_T100_S020_EURUSD_TAIL_TRAIL_SMOKE_TAIL100_A1_TR1,0.05,2025-03-16T23:00:00.000Z,2025-12-29T00:00:00.000Z,-1306.027941,-564.056596,A2538111EC9FC3101AC8AF4ACF05BC436FDCBFA43C230AF34F32F04010105D09
RAW_HEDGED_GRID_T100_S020_EURUSD_TAIL_TRAIL_SMOKE_TAIL100_A1_TR1,0.05,2025-03-16T23:00:00.000Z,2026-01-19T00:00:00.000Z,-1260.99626,-519.024915,41A7D1C3E3AAD019F1704D9C9A5EB908105E6DD33AF60596B5DFB1864DF06D18
RAW_HEDGED_GRID_T100_S020_EURUSD_TAIL_TRAIL_SMOKE_TAIL100_A1_TR1,0.05,2025-03-16T23:00:00.000Z,2026-02-23T00:00:00.000Z,-1249.411515,-507.44017,63CE045F7BFD70E7A1EB44F7EE67001F7440E1DC35B73105D95C9319541CD99A
RAW_HEDGED_GRID_T100_S020_EURUSD_TAIL_TRAIL_SMOKE_TAIL100_A1_TR1,0.05,2025-03-16T23:00:00.000Z,2026-02-16T00:00:00.000Z,-1186.741769,-444.770424,28A2A2470409CD4935C45FCB509F798CF0E44514F3FF76832E8634AE2FC23813
RAW_HEDGED_GRID_T100_S020_EURUSD_TAIL_TRAIL_SMOKE_TAIL100_A1_TR1,0.05,2025-03-16T23:00:00.000Z,2025-12-22T00:00:00.000Z,-1177.039737,-435.068392,C49DD797C2BBACA34578859AC1C2BED6D6B8404BFF0185032182BACDF02203F8
RAW_HEDGED_GRID_T100_S020_EURUSD_TAIL_TRAIL_SMOKE_TAIL100_A1_TR1,0.05,2025-03-16T23:00:00.000Z,2025-12-08T00:00:00.000Z,-1142.415864,-400.444519,74E592F1F41F137CEFAD748EE598A5A467E51BCCC8630D1DE1FD76A0AD668AC2
RAW_HEDGED_GRID_T100_S020_EURUSD_TAIL_TRAIL_SMOKE_TAIL100_A1_TR1,0.05,2025-03-16T23:00:00.000Z,2026-01-26T00:00:00.000Z,-1141.785298,-399.813953,B6435CC65DE35C1E95A58A69CBB2A625B178B0FF5BCC0EDCEFB430ADCD2CB7EB
RAW_HEDGED_GRID_T100_S020_EURUSD_TAIL_TRAIL_SMOKE_TAIL100_A1_TR1,0.05,2025-03-16T23:00:00.000Z,2025-12-15T00:00:00.000Z,-1071.052673,-329.081328,AE1895ADDBF5FABED63F74B89ACBADC9828B9DA0977D1946C04522AC460A57CF
RAW_HEDGED_GRID_T100_S020_EURUSD_TAIL_TRAIL_SMOKE_TAIL100_A1_TR1,0.05,2025-03-16T23:00:00.000Z,2026-04-26T23:00:00.000Z,-1032.061928,-290.090583,EEB6FD8832E9122A2E2FAD5CC8A45DDBFED9E9F17937C975E0FFBD41EBF87CA0
RAW_HEDGED_GRID_T100_S020_EURUSD_TAIL_TRAIL_SMOKE_TAIL100_A1_TR1,0.05,2025-03-16T23:00:00.000Z,2026-05-03T23:00:00.000Z,-974.530096,-232.558751,FD9AE02E0A07F4769736634885C13834939815CFC47833EFE9FDF8D910889120
RAW_HEDGED_GRID_T100_S020_EURUSD_TAIL_TRAIL_SMOKE_TAIL100_A1_TR1,0.1,2025-03-16T23:00:00.000Z,2025-12-29T00:00:00.000Z,-1342.662941,-848.566596,4C97C91D4596AE6ED00951F3D2F9A04F28F92AB894F7D2295FD73FFCCCE11C3F
RAW_HEDGED_GRID_T100_S020_EURUSD_TAIL_TRAIL_SMOKE_TAIL100_A1_TR1,0.1,2025-03-16T23:00:00.000Z,2026-01-19T00:00:00.000Z,-1301.28876,-807.192415,0F2444CA6503039453F9C998EEE44DD225284E1DE566206059E6E92D0278F4F7
RAW_HEDGED_GRID_T100_S020_EURUSD_TAIL_TRAIL_SMOKE_TAIL100_A1_TR1,0.1,2025-03-16T23:00:00.000Z,2026-02-23T00:00:00.000Z,-1293.986515,-799.89017,02E61C93731187815075D9255C90C8017F5E78142CE9AFA199127943DAA44B06
RAW_HEDGED_GRID_T100_S020_EURUSD_TAIL_TRAIL_SMOKE_TAIL100_A1_TR1,0.1,2025-03-16T23:00:00.000Z,2026-02-16T00:00:00.000Z,-1230.341769,-736.245424,AE6E8FF4AEF8CC0892E35F568EAE31F1CED5227E63226650155CC7D53C40F869
RAW_HEDGED_GRID_T100_S020_EURUSD_TAIL_TRAIL_SMOKE_TAIL100_A1_TR1,0.1,2025-03-16T23:00:00.000Z,2025-12-22T00:00:00.000Z,-1211.889737,-717.793392,D717B7B5C40830602E6DDAD351AAD6F3C6D91FF8C52F6DBFDC66F88FD49CFDF0
RAW_HEDGED_GRID_T100_S020_EURUSD_TAIL_TRAIL_SMOKE_TAIL100_A1_TR1,0.1,2025-03-16T23:00:00.000Z,2026-01-26T00:00:00.000Z,-1184.735298,-690.638953,317765532D59E951C38AC77C98477C942610ACD9052C11705C41CD819B3D12CB
RAW_HEDGED_GRID_T100_S020_EURUSD_TAIL_TRAIL_SMOKE_TAIL100_A1_TR1,0.1,2025-03-16T23:00:00.000Z,2025-12-08T00:00:00.000Z,-1175.240864,-681.144519,290524563DA55C5CD7D0F29F3364120B871E9C2ADFB9A3FE96A6B816B5353E8D
RAW_HEDGED_GRID_T100_S020_EURUSD_TAIL_TRAIL_SMOKE_TAIL100_A1_TR1,0.1,2025-03-16T23:00:00.000Z,2025-12-15T00:00:00.000Z,-1105.352673,-611.256328,7CE08DB246526C2DED5AD49856C969E3AF35FF652C3F62DE5EE5E3FBF90D7F3F
RAW_HEDGED_GRID_T100_S020_EURUSD_TAIL_TRAIL_SMOKE_TAIL100_A1_TR1,0.1,2025-03-16T23:00:00.000Z,2026-04-26T23:00:00.000Z,-1080.136928,-586.040583,FA4DC404A7F829B7B8725B8E7F5AFBF33D65AFD83FFF0DB31E4E056FEA22C720
RAW_HEDGED_GRID_T100_S020_EURUSD_TAIL_TRAIL_SMOKE_TAIL100_A1_TR1,0.1,2025-03-16T23:00:00.000Z,2026-05-03T23:00:00.000Z,-1023.505096,-529.408751,1760F158F85D8A557A40CFE78BAA47F5F835AB3A0E5F9187E1C32DD35D2D633D
RAW_HEDGED_GRID_T100_S020_EURUSD_TAIL_TRAIL_SMOKE_TAIL100_A1_TR1,0.2,2024-05-05T23:00:00.000Z,2025-12-29T00:00:00.000Z,-1452.25782,-1417.586596,12E9BAF777B4B81F0972B2C7A22118B973373E69C3EE719E7550084CF69E4332
RAW_HEDGED_GRID_T100_S020_EURUSD_TAIL_TRAIL_SMOKE_TAIL100_A1_TR1,0.2,2024-05-05T23:00:00.000Z,2026-02-23T00:00:00.000Z,-1419.461394,-1384.79017,10B9371D69416F1F5B758D2CD62AED174C8437426663A222C871B375EF0D29C2
RAW_HEDGED_GRID_T100_S020_EURUSD_TAIL_TRAIL_SMOKE_TAIL100_A1_TR1,0.2,2024-05-05T23:00:00.000Z,2026-01-19T00:00:00.000Z,-1418.198639,-1383.527415,47EAA34B62A57C4FC70A7797E27B9EC5CF25B6709319752129F83831F5AF0470
RAW_HEDGED_GRID_T100_S020_EURUSD_TAIL_TRAIL_SMOKE_TAIL100_A1_TR1,0.2,2024-05-05T23:00:00.000Z,2026-02-16T00:00:00.000Z,-1353.866648,-1319.195424,ABC622D4763263D89E5784B1B334F7B868CEE5500342D0212CE7FEFA00F4645F
RAW_HEDGED_GRID_T100_S020_EURUSD_TAIL_TRAIL_SMOKE_TAIL100_A1_TR1,0.2,2024-05-05T23:00:00.000Z,2025-12-22T00:00:00.000Z,-1317.914616,-1283.243392,D73CC37134DD3A12A4A8849B8D447C999A5928476C93D1D20843A055B73717C7
RAW_HEDGED_GRID_T100_S020_EURUSD_TAIL_TRAIL_SMOKE_TAIL100_A1_TR1,0.2,2024-05-05T23:00:00.000Z,2026-01-26T00:00:00.000Z,-1306.960177,-1272.288953,ABB0A0D6AF96CBA5EB128BB05E84AF5B5DEE00CF2C0DE1A37D38D0C4AAF1DDFD
RAW_HEDGED_GRID_T100_S020_EURUSD_TAIL_TRAIL_SMOKE_TAIL100_A1_TR1,0.2,2024-05-05T23:00:00.000Z,2025-12-08T00:00:00.000Z,-1277.215743,-1242.544519,DAD01C4500C06C93E30503441BDE02AE1E4493AD31C1DA848C363E4E441FB5CB
RAW_HEDGED_GRID_T100_S020_EURUSD_TAIL_TRAIL_SMOKE_TAIL100_A1_TR1,0.2,2024-05-05T23:00:00.000Z,2026-04-26T23:00:00.000Z,-1212.611807,-1177.940583,44DAAE3FC4B242CF168E587AD2AB82F7CE7CB50BA9FA7C2AB8B632C80242914C
RAW_HEDGED_GRID_T100_S020_EURUSD_TAIL_TRAIL_SMOKE_TAIL100_A1_TR1,0.2,2024-05-05T23:00:00.000Z,2025-12-15T00:00:00.000Z,-1210.277552,-1175.606328,447E4168C1FCE216D3484467956D80F5F0A7EC7D5832EC81CECB596859414916
RAW_HEDGED_GRID_T100_S020_EURUSD_TAIL_TRAIL_SMOKE_TAIL100_A1_TR1,0.2,2024-05-05T23:00:00.000Z,2026-05-03T23:00:00.000Z,-1157.779975,-1123.108751,9F365FE58B62E77FE885E944A9C1AA9489EF34B565364D2E268DF8710BA97778
RAW_HEDGED_GRID_T100_S020_EURUSD_TAIL_TRAIL_SMOKE_TAIL100_A1_TR1,0.5,,2026-02-23T00:00:00.000Z,-3139.49017,-3139.49017,682C1815B82113EFFA1EDAA7D7D47EB6BFE69489EC0A7B2CB746C7A08F8A4D26
RAW_HEDGED_GRID_T100_S020_EURUSD_TAIL_TRAIL_SMOKE_TAIL100_A1_TR1,0.5,,2025-12-29T00:00:00.000Z,-3124.646596,-3124.646596,DF7E729C359A4D0CABFE28E178BC9F6540C9389E75E72C2EE85C0DD397D2E9B1
RAW_HEDGED_GRID_T100_S020_EURUSD_TAIL_TRAIL_SMOKE_TAIL100_A1_TR1,0.5,,2026-01-19T00:00:00.000Z,-3112.532415,-3112.532415,C7C69FE6122A0863CEC6669F3AE046298E22C2A78CE75F10479D3E0AB3D016CF
RAW_HEDGED_GRID_T100_S020_EURUSD_TAIL_TRAIL_SMOKE_TAIL100_A1_TR1,0.5,,2026-02-16T00:00:00.000Z,-3068.045424,-3068.045424,967AF0613EC2D3B8819AB185EB840DDA1EE84FABFBE8DA9C9A2DC214FD2C0534
RAW_HEDGED_GRID_T100_S020_EURUSD_TAIL_TRAIL_SMOKE_TAIL100_A1_TR1,0.5,,2026-01-26T00:00:00.000Z,-3017.238953,-3017.238953,C71BB40D322838BABE976D01DA44E80CDFF883D376D30A4B89E28F73CB9A86CC
RAW_HEDGED_GRID_T100_S020_EURUSD_TAIL_TRAIL_SMOKE_TAIL100_A1_TR1,0.5,,2025-12-22T00:00:00.000Z,-2979.593392,-2979.593392,C627465E6CBBE3F99A36A9D1B642CB7D23AFE109BFE75077377EB3897E6D1917
RAW_HEDGED_GRID_T100_S020_EURUSD_TAIL_TRAIL_SMOKE_TAIL100_A1_TR1,0.5,,2026-04-26T23:00:00.000Z,-2953.640583,-2953.640583,8F92A05D3FE23B0F8BC272A2B8649B7E7E7C3F4742408E9A0B91060E805105E8
RAW_HEDGED_GRID_T100_S020_EURUSD_TAIL_TRAIL_SMOKE_TAIL100_A1_TR1,0.5,,2025-12-08T00:00:00.000Z,-2926.744519,-2926.744519,68CCFB610168ED20438DEC57ADFF116EE65EF935E80EB44FA9E38D85E3A729A8
RAW_HEDGED_GRID_T100_S020_EURUSD_TAIL_TRAIL_SMOKE_TAIL100_A1_TR1,0.5,,2026-05-03T23:00:00.000Z,-2904.208751,-2904.208751,C3FFFAA671CEB528FE6EB28753A9B054DFBFEA7EA824AB233E52202C7F264384
RAW_HEDGED_GRID_T100_S020_EURUSD_TAIL_TRAIL_SMOKE_TAIL100_A1_TR1,0.5,,2025-12-15T00:00:00.000Z,-2868.656328,-2868.656328,2EFADD12FA18C95905D946E668F4FE1587821321A0EF26B5456AD9B86E2630B9
RAW_HEDGED_GRID_T100_S020_EURUSD_TAIL_TRAIL_SMOKE_TAIL100_A1_TR2,0,2025-03-16T23:00:00.000Z,2025-12-29T00:00:00.000Z,-1270.323794,-283.677689,75B3D2B0C58526E54C6E10F14AD4EF002F3B98A040487B30D63BFE6ADAD10A12
RAW_HEDGED_GRID_T100_S020_EURUSD_TAIL_TRAIL_SMOKE_TAIL100_A1_TR2,0,2025-03-16T23:00:00.000Z,2026-01-19T00:00:00.000Z,-1221.723097,-235.076992,28DBE342EBA66A55BEBF0463FBA2CD7EB9467EDD75FF35F6654146A0D6C335D9
RAW_HEDGED_GRID_T100_S020_EURUSD_TAIL_TRAIL_SMOKE_TAIL100_A1_TR2,0,2025-03-16T23:00:00.000Z,2026-02-23T00:00:00.000Z,-1204.936316,-218.290211,2E6C2A8F5567464E68739CDAE87D6F6E8CE228DA5E8BF448C4069ECF5D962176
RAW_HEDGED_GRID_T100_S020_EURUSD_TAIL_TRAIL_SMOKE_TAIL100_A1_TR2,0,2025-03-16T23:00:00.000Z,2026-02-16T00:00:00.000Z,-1143.132062,-156.485957,2572303A3F0CAE7AEE693BF4C9D6BA49777035216F5748A3C2EE0E47F7FBB455
RAW_HEDGED_GRID_T100_S020_EURUSD_TAIL_TRAIL_SMOKE_TAIL100_A1_TR2,0,2025-03-16T23:00:00.000Z,2025-12-22T00:00:00.000Z,-1142.605447,-155.959342,6253E8B8520B951A772B5671D5C3A62FD444F80BAD138EBD7DB5F0577DCC312C
RAW_HEDGED_GRID_T100_S020_EURUSD_TAIL_TRAIL_SMOKE_TAIL100_A1_TR2,0,2025-03-16T23:00:00.000Z,2025-12-08T00:00:00.000Z,-1109.573208,-122.927103,23A355E6AB08FE3711D74B9C01B44D7C60E45AE6212F13CC143F0EFC2476BA5F
RAW_HEDGED_GRID_T100_S020_EURUSD_TAIL_TRAIL_SMOKE_TAIL100_A1_TR2,0,2025-03-16T23:00:00.000Z,2026-01-26T00:00:00.000Z,-1098.717944,-112.071839,A42C6F3534EB5075EE925DEB9B30624EB81A90BCB475D765C9B5EBDF20DD4A97
RAW_HEDGED_GRID_T100_S020_EURUSD_TAIL_TRAIL_SMOKE_TAIL100_A1_TR2,0,2025-03-16T23:00:00.000Z,2025-12-15T00:00:00.000Z,-1036.911767,-50.265662,E7620417DA18A8BAB451F3C99FEF3B56EEEC0D07869B7BF16BFBEBE240077DA0
RAW_HEDGED_GRID_T100_S020_EURUSD_TAIL_TRAIL_SMOKE_TAIL100_A1_TR2,0,2025-03-16T23:00:00.000Z,2026-04-26T23:00:00.000Z,-985.280062,1.366043,5CDD8F427C64BC736160EBA5A6949A1651A91F72DA62818BFC55A78D5BFAC28F
RAW_HEDGED_GRID_T100_S020_EURUSD_TAIL_TRAIL_SMOKE_TAIL100_A1_TR2,0,2020-06-14T23:00:00.000Z,2021-02-22T00:00:00.000Z,-938.736035,-809.290863,EB361A76534902DE249C64746990EA4A1AE3416E4684F99B41AB184C71536961
RAW_HEDGED_GRID_T100_S020_EURUSD_TAIL_TRAIL_SMOKE_TAIL100_A1_TR2,0.0025,2025-03-16T23:00:00.000Z,2025-12-29T00:00:00.000Z,-1272.155544,-297.903189,4858FD1366EE64C78BF69BA064A340BAD71BB45E8930BD135FDC6A26BBDABF57
RAW_HEDGED_GRID_T100_S020_EURUSD_TAIL_TRAIL_SMOKE_TAIL100_A1_TR2,0.0025,2025-03-16T23:00:00.000Z,2026-01-19T00:00:00.000Z,-1223.737347,-249.484992,8C7F94C2A1A610B07423566E989E301020CB4E6F027A4DFAF9FBC77B183C6A65
RAW_HEDGED_GRID_T100_S020_EURUSD_TAIL_TRAIL_SMOKE_TAIL100_A1_TR2,0.0025,2025-03-16T23:00:00.000Z,2026-02-23T00:00:00.000Z,-1207.165066,-232.912711,71D9318B54A61CD543CA3B0E6E1E469430FEF3DEFF8D7595102CFEDCDF55716E
RAW_HEDGED_GRID_T100_S020_EURUSD_TAIL_TRAIL_SMOKE_TAIL100_A1_TR2,0.0025,2025-03-16T23:00:00.000Z,2026-02-16T00:00:00.000Z,-1145.312062,-171.059707,0D372ED11969BC2AB5957D28BAC388F9FEB868598FDA1E09939FBCA952B2E13E
RAW_HEDGED_GRID_T100_S020_EURUSD_TAIL_TRAIL_SMOKE_TAIL100_A1_TR2,0.0025,2025-03-16T23:00:00.000Z,2025-12-22T00:00:00.000Z,-1144.347947,-170.095592,868FA19546BBE5E110E5F351E80A3BFEDEDAD0E9F0767ABD6CC5065B546F6757
RAW_HEDGED_GRID_T100_S020_EURUSD_TAIL_TRAIL_SMOKE_TAIL100_A1_TR2,0.0025,2025-03-16T23:00:00.000Z,2025-12-08T00:00:00.000Z,-1111.214458,-136.962103,B4485E1A4B38C967BED885DB1993B33F688BC50AAF3EA9AFB19ED689D51EF138
RAW_HEDGED_GRID_T100_S020_EURUSD_TAIL_TRAIL_SMOKE_TAIL100_A1_TR2,0.0025,2025-03-16T23:00:00.000Z,2026-01-26T00:00:00.000Z,-1100.865444,-126.613089,ADCA69D4E372C2AC0951BD09A772541C6ECA952895A703BD276A29A921DF37FB
RAW_HEDGED_GRID_T100_S020_EURUSD_TAIL_TRAIL_SMOKE_TAIL100_A1_TR2,0.0025,2025-03-16T23:00:00.000Z,2025-12-15T00:00:00.000Z,-1038.626767,-64.374412,64FDDCFE221A8DB2D50BFABC349F9C1CF15B4EE0087F5328D49C5E0D219DF1F6
RAW_HEDGED_GRID_T100_S020_EURUSD_TAIL_TRAIL_SMOKE_TAIL100_A1_TR2,0.0025,2025-03-16T23:00:00.000Z,2026-04-26T23:00:00.000Z,-987.683437,-13.431082,8A27D90984D77C994C34FC2485AEEF579F668AD3E2FB72CF2488A7E64108E659
RAW_HEDGED_GRID_T100_S020_EURUSD_TAIL_TRAIL_SMOKE_TAIL100_A1_TR2,0.0025,2020-06-14T23:00:00.000Z,2021-02-22T00:00:00.000Z,-940.373535,-812.718363,35D6E02B0C5E33DC8515240B1D177DF45600BFC1DB4A542262871648B3B7B48C
RAW_HEDGED_GRID_T100_S020_EURUSD_TAIL_TRAIL_SMOKE_TAIL100_A1_TR2,0.005,2025-03-16T23:00:00.000Z,2025-12-29T00:00:00.000Z,-1273.987294,-312.128689,5A15E481789ACD24EE9C4F62C736D1C7EE8247DE8DDF456ED76EECCBEFA1DFAB
RAW_HEDGED_GRID_T100_S020_EURUSD_TAIL_TRAIL_SMOKE_TAIL100_A1_TR2,0.005,2025-03-16T23:00:00.000Z,2026-01-19T00:00:00.000Z,-1225.751597,-263.892992,2680BF7593819F724A5C3E8D802E5084BCEB2379B88A3D2E5A5A552BF6973ECC
RAW_HEDGED_GRID_T100_S020_EURUSD_TAIL_TRAIL_SMOKE_TAIL100_A1_TR2,0.005,2025-03-16T23:00:00.000Z,2026-02-23T00:00:00.000Z,-1209.393816,-247.535211,9C088193B787559E840FAD1C881E830B484535727A34E1051C6B9FB8BC8FED52
RAW_HEDGED_GRID_T100_S020_EURUSD_TAIL_TRAIL_SMOKE_TAIL100_A1_TR2,0.005,2025-03-16T23:00:00.000Z,2026-02-16T00:00:00.000Z,-1147.492062,-185.633457,1DF27A56CFA91F5432EA78E9B802A71FE28CD68C92A3B3B08A304328D762967C
RAW_HEDGED_GRID_T100_S020_EURUSD_TAIL_TRAIL_SMOKE_TAIL100_A1_TR2,0.005,2025-03-16T23:00:00.000Z,2025-12-22T00:00:00.000Z,-1146.090447,-184.231842,C042EAEF6BA80D8FA02AAF25AD453D7815AFDA8B7FC4446BD4B42867D6FEE5C7
RAW_HEDGED_GRID_T100_S020_EURUSD_TAIL_TRAIL_SMOKE_TAIL100_A1_TR2,0.005,2025-03-16T23:00:00.000Z,2025-12-08T00:00:00.000Z,-1112.855708,-150.997103,1A46E92CFC8C2094ACDB11CAA0A38EB789E44DC3F08D1B69A2B39F0FE13D4CCD
RAW_HEDGED_GRID_T100_S020_EURUSD_TAIL_TRAIL_SMOKE_TAIL100_A1_TR2,0.005,2025-03-16T23:00:00.000Z,2026-01-26T00:00:00.000Z,-1103.012944,-141.154339,F54C40C3295208626B34FFE21CE50F0B55558271C689DA71B23C6BBC1B535272
RAW_HEDGED_GRID_T100_S020_EURUSD_TAIL_TRAIL_SMOKE_TAIL100_A1_TR2,0.005,2025-03-16T23:00:00.000Z,2025-12-15T00:00:00.000Z,-1040.341767,-78.483162,68A8C29E8C70FF762F78A87F9E1204E77ECE5DB45119A4335D160128FCF7B5CF
RAW_HEDGED_GRID_T100_S020_EURUSD_TAIL_TRAIL_SMOKE_TAIL100_A1_TR2,0.005,2025-03-16T23:00:00.000Z,2026-04-26T23:00:00.000Z,-990.086812,-28.228207,87A77226CBA1152FF66CDA540CBE20227F6692E50AAE35622C457E67D7900A54
RAW_HEDGED_GRID_T100_S020_EURUSD_TAIL_TRAIL_SMOKE_TAIL100_A1_TR2,0.005,2020-06-14T23:00:00.000Z,2021-02-22T00:00:00.000Z,-942.011035,-816.145863,9E878E9884137E9DBA2ADA6CEB8774A9BED59B3CFF9F83963105B85928C5F73D
RAW_HEDGED_GRID_T100_S020_EURUSD_TAIL_TRAIL_SMOKE_TAIL100_A1_TR2,0.01,2025-03-16T23:00:00.000Z,2025-12-29T00:00:00.000Z,-1277.650794,-340.579689,41A2690DE6FBC7497BC382A7356B2EC9196D92BC3A9843D6EAC4C6121990438E
RAW_HEDGED_GRID_T100_S020_EURUSD_TAIL_TRAIL_SMOKE_TAIL100_A1_TR2,0.01,2025-03-16T23:00:00.000Z,2026-01-19T00:00:00.000Z,-1229.780097,-292.708992,3FF70934468CAE2D592A8076897947EC540813145DB32C3AC17AAF9430414382
RAW_HEDGED_GRID_T100_S020_EURUSD_TAIL_TRAIL_SMOKE_TAIL100_A1_TR2,0.01,2025-03-16T23:00:00.000Z,2026-02-23T00:00:00.000Z,-1213.851316,-276.780211,5410892DEC22CA3A8FDA2FF85A07874BF90CC830072A4A153B4B110EF3D73FB9
RAW_HEDGED_GRID_T100_S020_EURUSD_TAIL_TRAIL_SMOKE_TAIL100_A1_TR2,0.01,2025-03-16T23:00:00.000Z,2026-02-16T00:00:00.000Z,-1151.852062,-214.780957,6CFDF9AD4FD55C42AAFE8118741B1534B8F9D25EBA9D6677ABEB0065D6921947
RAW_HEDGED_GRID_T100_S020_EURUSD_TAIL_TRAIL_SMOKE_TAIL100_A1_TR2,0.01,2025-03-16T23:00:00.000Z,2025-12-22T00:00:00.000Z,-1149.575447,-212.504342,0DDC5B258624EB257336A5C18FC5E750CA880A22CBB048A4043777CE404F3147
RAW_HEDGED_GRID_T100_S020_EURUSD_TAIL_TRAIL_SMOKE_TAIL100_A1_TR2,0.01,2025-03-16T23:00:00.000Z,2025-12-08T00:00:00.000Z,-1116.138208,-179.067103,1E50C4D2FF3D3E05D2C45AF0C94918336756EA12C91969423A5E3A1C4CADB7BD
RAW_HEDGED_GRID_T100_S020_EURUSD_TAIL_TRAIL_SMOKE_TAIL100_A1_TR2,0.01,2025-03-16T23:00:00.000Z,2026-01-26T00:00:00.000Z,-1107.307944,-170.236839,B81D9AFA6AE3F56939A5FEE15F1CBCA02A4274925E6187E5B4EEFD868FAFBF2B
RAW_HEDGED_GRID_T100_S020_EURUSD_TAIL_TRAIL_SMOKE_TAIL100_A1_TR2,0.01,2025-03-16T23:00:00.000Z,2025-12-15T00:00:00.000Z,-1043.771767,-106.700662,EFD0E2C259C2D4855683FF48B859B7555246CE96F4D573AC3E54B4FCD7FA4F47
RAW_HEDGED_GRID_T100_S020_EURUSD_TAIL_TRAIL_SMOKE_TAIL100_A1_TR2,0.01,2025-03-16T23:00:00.000Z,2026-04-26T23:00:00.000Z,-994.893562,-57.822457,51EF63652444ACD3E108116187CA08B07E481B75C3D031429E0BD8B864DC78BE
RAW_HEDGED_GRID_T100_S020_EURUSD_TAIL_TRAIL_SMOKE_TAIL100_A1_TR2,0.01,2020-06-14T23:00:00.000Z,2021-02-22T00:00:00.000Z,-945.286035,-823.000863,66ED1C87DD6315F97460EB7E30BA78259854F21C21ADB3A53D0F027FFFC42428
RAW_HEDGED_GRID_T100_S020_EURUSD_TAIL_TRAIL_SMOKE_TAIL100_A1_TR2,0.02,2025-03-16T23:00:00.000Z,2025-12-29T00:00:00.000Z,-1284.977794,-397.481689,96D4E818B502F92B9C08C60ABC231EDB5126E5E860E46EFE52A059A898D06EA6
RAW_HEDGED_GRID_T100_S020_EURUSD_TAIL_TRAIL_SMOKE_TAIL100_A1_TR2,0.02,2025-03-16T23:00:00.000Z,2026-01-19T00:00:00.000Z,-1237.837097,-350.340992,D35DCC6B5341D4B141E29D6B7B8619D0E58800FB08E34A892C9D2E10ECE6CE01
RAW_HEDGED_GRID_T100_S020_EURUSD_TAIL_TRAIL_SMOKE_TAIL100_A1_TR2,0.02,2025-03-16T23:00:00.000Z,2026-02-23T00:00:00.000Z,-1222.766316,-335.270211,88273C5EF9668267A3220E503C1DBFE25C863F266DD86711D1DDE95CEC418C0B
RAW_HEDGED_GRID_T100_S020_EURUSD_TAIL_TRAIL_SMOKE_TAIL100_A1_TR2,0.02,2025-03-16T23:00:00.000Z,2026-02-16T00:00:00.000Z,-1160.572062,-273.075957,3F0408221015734EDD1AFAF82E19CA89DC1723664E7BC4B319B4CDBB635E3E36
RAW_HEDGED_GRID_T100_S020_EURUSD_TAIL_TRAIL_SMOKE_TAIL100_A1_TR2,0.02,2025-03-16T23:00:00.000Z,2025-12-22T00:00:00.000Z,-1156.545447,-269.049342,3988E745D0B27A81E91BCBD694E12AA089DEC23EF5FE98A49A739F0FC2AFAC15
RAW_HEDGED_GRID_T100_S020_EURUSD_TAIL_TRAIL_SMOKE_TAIL100_A1_TR2,0.02,2025-03-16T23:00:00.000Z,2025-12-08T00:00:00.000Z,-1122.703208,-235.207103,C9902FF4A62ADC7013F59EBA4032650076B10C5CBA5E4793AFD6248570D73524
RAW_HEDGED_GRID_T100_S020_EURUSD_TAIL_TRAIL_SMOKE_TAIL100_A1_TR2,0.02,2025-03-16T23:00:00.000Z,2026-01-26T00:00:00.000Z,-1115.897944,-228.401839,D233CC1EC047AE58FC9016B2C6A8F6C5DBF25F7B79C615D3A2F97B90A3F4493D
RAW_HEDGED_GRID_T100_S020_EURUSD_TAIL_TRAIL_SMOKE_TAIL100_A1_TR2,0.02,2025-03-16T23:00:00.000Z,2025-12-15T00:00:00.000Z,-1050.631767,-163.135662,B8D7680F9835F2E2A1AF70DAECEA0A8C55739EC452EE16CE94CB1E31139DA677
RAW_HEDGED_GRID_T100_S020_EURUSD_TAIL_TRAIL_SMOKE_TAIL100_A1_TR2,0.02,2025-03-16T23:00:00.000Z,2026-04-26T23:00:00.000Z,-1004.507062,-117.010957,3C4F8E2728DB597B85C275C288795C0DCD82B9097129E5447322DF07D9624A75
RAW_HEDGED_GRID_T100_S020_EURUSD_TAIL_TRAIL_SMOKE_TAIL100_A1_TR2,0.02,2020-06-14T23:00:00.000Z,2021-02-22T00:00:00.000Z,-951.836035,-836.710863,EF26B9A740F4F84F04F020FF647DCE8567D9C8EFEFA936B2DC973069F9C5EB54
RAW_HEDGED_GRID_T100_S020_EURUSD_TAIL_TRAIL_SMOKE_TAIL100_A1_TR2,0.05,2025-03-16T23:00:00.000Z,2025-12-29T00:00:00.000Z,-1306.958794,-568.187689,B6EA1D7BCAB23F5BBC01C5C330C0B6DD0C88DA42E599FF66611CDBDE50109E9A
RAW_HEDGED_GRID_T100_S020_EURUSD_TAIL_TRAIL_SMOKE_TAIL100_A1_TR2,0.05,2025-03-16T23:00:00.000Z,2026-01-19T00:00:00.000Z,-1262.008097,-523.236992,5103AD0E0A47E0F1BF5895694BC8C54BA6F708D854BCF5439063991119263E34
RAW_HEDGED_GRID_T100_S020_EURUSD_TAIL_TRAIL_SMOKE_TAIL100_A1_TR2,0.05,2025-03-16T23:00:00.000Z,2026-02-23T00:00:00.000Z,-1249.511316,-510.740211,5997D8D1FDEDFDB152EC30CABE51FB1ECB07AA1A53A124E563576A80729BC166
RAW_HEDGED_GRID_T100_S020_EURUSD_TAIL_TRAIL_SMOKE_TAIL100_A1_TR2,0.05,2025-03-16T23:00:00.000Z,2026-02-16T00:00:00.000Z,-1186.732062,-447.960957,38B67752400E288A3E78D0C9CBB836564319E9D974257A3928184EF3896BFD97
RAW_HEDGED_GRID_T100_S020_EURUSD_TAIL_TRAIL_SMOKE_TAIL100_A1_TR2,0.05,2025-03-16T23:00:00.000Z,2025-12-22T00:00:00.000Z,-1177.455447,-438.684342,3C1B3A32FBB39239D1532192455A7D4ED1AD61C86C14D0CC7FA6BFCB6B07B10C
RAW_HEDGED_GRID_T100_S020_EURUSD_TAIL_TRAIL_SMOKE_TAIL100_A1_TR2,0.05,2025-03-16T23:00:00.000Z,2025-12-08T00:00:00.000Z,-1142.398208,-403.627103,ED8E48128A64D065A9AD553B37DB446B0005E6F7D3B45D930EAE7E49D6513687
RAW_HEDGED_GRID_T100_S020_EURUSD_TAIL_TRAIL_SMOKE_TAIL100_A1_TR2,0.05,2025-03-16T23:00:00.000Z,2026-01-26T00:00:00.000Z,-1141.667944,-402.896839,515F5B947F74A1C65CF1F353F5F7717DB423DB2093C2204FD3CFCBE7F78D478A
RAW_HEDGED_GRID_T100_S020_EURUSD_TAIL_TRAIL_SMOKE_TAIL100_A1_TR2,0.05,2025-03-16T23:00:00.000Z,2025-12-15T00:00:00.000Z,-1071.211767,-332.440662,FB1EC95B3E1620213EF34032A9F15D3D69309CFCA36EE9E530D47F8B1D3B5DAA
RAW_HEDGED_GRID_T100_S020_EURUSD_TAIL_TRAIL_SMOKE_TAIL100_A1_TR2,0.05,2025-03-16T23:00:00.000Z,2026-04-26T23:00:00.000Z,-1033.347562,-294.576457,C0CE0533EBADD82F8D2813C910113BDDC9CCD55E8D5D5A5D86B84F8EB8156BE3
RAW_HEDGED_GRID_T100_S020_EURUSD_TAIL_TRAIL_SMOKE_TAIL100_A1_TR2,0.05,2025-03-16T23:00:00.000Z,2026-05-03T23:00:00.000Z,-976.101708,-237.330603,D9DBDD41937CBBBC987802777C84982C8987D88B9AA4DD84005C15440908A054
RAW_HEDGED_GRID_T100_S020_EURUSD_TAIL_TRAIL_SMOKE_TAIL100_A1_TR2,0.1,2025-03-16T23:00:00.000Z,2025-12-29T00:00:00.000Z,-1343.593794,-852.697689,D82E77A66E20900E6DF202C961F0803BABEC395F3AD227B2DEB32F7DC1F7BA85
RAW_HEDGED_GRID_T100_S020_EURUSD_TAIL_TRAIL_SMOKE_TAIL100_A1_TR2,0.1,2025-03-16T23:00:00.000Z,2026-01-19T00:00:00.000Z,-1302.293097,-811.396992,7FD31272876D8D67EEA28D15DD713E424D188F290291E57839DF7F9EC55F595D
RAW_HEDGED_GRID_T100_S020_EURUSD_TAIL_TRAIL_SMOKE_TAIL100_A1_TR2,0.1,2025-03-16T23:00:00.000Z,2026-02-23T00:00:00.000Z,-1294.086316,-803.190211,7538DE22F4D830A75A95E6755963BABF9F62A30217E68F3A7369BA46A7E61A40
RAW_HEDGED_GRID_T100_S020_EURUSD_TAIL_TRAIL_SMOKE_TAIL100_A1_TR2,0.1,2025-03-16T23:00:00.000Z,2026-02-16T00:00:00.000Z,-1230.332062,-739.435957,877B51C04A4A95913BCA3BDB590C2CBB034C871AB5BD9E0374374DAA6EB997C1
RAW_HEDGED_GRID_T100_S020_EURUSD_TAIL_TRAIL_SMOKE_TAIL100_A1_TR2,0.1,2025-03-16T23:00:00.000Z,2025-12-22T00:00:00.000Z,-1212.305447,-721.409342,A187DEF3D373771FA787F218A10D005372A2A172BB0D7D01E6BF2882E003F186
RAW_HEDGED_GRID_T100_S020_EURUSD_TAIL_TRAIL_SMOKE_TAIL100_A1_TR2,0.1,2025-03-16T23:00:00.000Z,2026-01-26T00:00:00.000Z,-1184.617944,-693.721839,A4BAD574A218419AABD0A2163A1B8CE14D04CF958E29874DE776146545B812AA
RAW_HEDGED_GRID_T100_S020_EURUSD_TAIL_TRAIL_SMOKE_TAIL100_A1_TR2,0.1,2025-03-16T23:00:00.000Z,2025-12-08T00:00:00.000Z,-1175.223208,-684.327103,4525848ADE2F14585C99DFFAAE8965F3DC9AA7132A1BB2268E85EEBAD011232C
RAW_HEDGED_GRID_T100_S020_EURUSD_TAIL_TRAIL_SMOKE_TAIL100_A1_TR2,0.1,2025-03-16T23:00:00.000Z,2025-12-15T00:00:00.000Z,-1105.511767,-614.615662,C3963675045F1EA063E7F7162C0057CAC92DF9BCA758D2307628C2224D2E6225
RAW_HEDGED_GRID_T100_S020_EURUSD_TAIL_TRAIL_SMOKE_TAIL100_A1_TR2,0.1,2025-03-16T23:00:00.000Z,2026-04-26T23:00:00.000Z,-1081.415062,-590.518957,B8BA1EE44E48A6736B8CDE1F6E51FFD0E311F5913F52C56505430482568BFF55
RAW_HEDGED_GRID_T100_S020_EURUSD_TAIL_TRAIL_SMOKE_TAIL100_A1_TR2,0.1,2025-03-16T23:00:00.000Z,2026-05-03T23:00:00.000Z,-1025.061708,-534.165603,54B9F01022968FF400BCA3740E4D4992B9622B78EA1CA5A2FE8B1703830583A8
RAW_HEDGED_GRID_T100_S020_EURUSD_TAIL_TRAIL_SMOKE_TAIL100_A1_TR2,0.2,2024-05-05T23:00:00.000Z,2025-12-29T00:00:00.000Z,-1454.686866,-1421.717689,03D20B506608A4ABA773D9FF383BADA0F1C09505DE16EDB49D88EEB05B14EA29
RAW_HEDGED_GRID_T100_S020_EURUSD_TAIL_TRAIL_SMOKE_TAIL100_A1_TR2,0.2,2024-05-05T23:00:00.000Z,2026-02-23T00:00:00.000Z,-1421.059388,-1388.090211,C494C855060603287B703D2D0A82676EB98FD6490804B33EBA9D6A6DE22D7A72
RAW_HEDGED_GRID_T100_S020_EURUSD_TAIL_TRAIL_SMOKE_TAIL100_A1_TR2,0.2,2024-05-05T23:00:00.000Z,2026-01-19T00:00:00.000Z,-1420.686169,-1387.716992,7C8DD099D96D0F2A73BB7818A9200487091907BC7023B083BBDBE5EA97DC5BE6
RAW_HEDGED_GRID_T100_S020_EURUSD_TAIL_TRAIL_SMOKE_TAIL100_A1_TR2,0.2,2024-05-05T23:00:00.000Z,2026-02-16T00:00:00.000Z,-1355.355134,-1322.385957,DD19667007DE8C890D256C17B064A0638DD8DBEF414E5FD0A5A2F9CC042A17D8
RAW_HEDGED_GRID_T100_S020_EURUSD_TAIL_TRAIL_SMOKE_TAIL100_A1_TR2,0.2,2024-05-05T23:00:00.000Z,2025-12-22T00:00:00.000Z,-1319.828519,-1286.859342,AE24AAA93C929D28D899E490443E0EF6A7B5898CB260D860558FAD6EEE844D0B
RAW_HEDGED_GRID_T100_S020_EURUSD_TAIL_TRAIL_SMOKE_TAIL100_A1_TR2,0.2,2024-05-05T23:00:00.000Z,2026-01-26T00:00:00.000Z,-1308.341016,-1275.371839,3177FE79E80542CEAFDFE2F88ECC036466AA8086719DECEAD7C577570CFA6717
RAW_HEDGED_GRID_T100_S020_EURUSD_TAIL_TRAIL_SMOKE_TAIL100_A1_TR2,0.2,2024-05-05T23:00:00.000Z,2025-12-08T00:00:00.000Z,-1278.69628,-1245.727103,5631E2AE4DD3C2D3DD53467C0E5FC292469475745000403981FDC62EE0767B68
RAW_HEDGED_GRID_T100_S020_EURUSD_TAIL_TRAIL_SMOKE_TAIL100_A1_TR2,0.2,2024-05-05T23:00:00.000Z,2026-04-26T23:00:00.000Z,-1215.373134,-1182.403957,E6BFF35424260097030C3EAABC8B7093587843741C213773BF0ABB98E4AB3FF1
RAW_HEDGED_GRID_T100_S020_EURUSD_TAIL_TRAIL_SMOKE_TAIL100_A1_TR2,0.2,2024-05-05T23:00:00.000Z,2025-12-15T00:00:00.000Z,-1211.934839,-1178.965662,A50DE2B3A3BE622A1ADD61C13C6EA46D1BE142AC8CAA8754EB41AEAAA1053C35
RAW_HEDGED_GRID_T100_S020_EURUSD_TAIL_TRAIL_SMOKE_TAIL100_A1_TR2,0.2,2024-05-05T23:00:00.000Z,2026-05-03T23:00:00.000Z,-1160.80478,-1127.835603,D1B670FE854E3DFB26CE74E6E03C730DC6812B94058D65ED5D25BFE62B13EB6F
RAW_HEDGED_GRID_T100_S020_EURUSD_TAIL_TRAIL_SMOKE_TAIL100_A1_TR2,0.5,,2026-02-23T00:00:00.000Z,-3142.790211,-3142.790211,FEBC76BB53152495CFCE2CCBE2409802A946219EE2E2F7B9647E433E1F623BE3
RAW_HEDGED_GRID_T100_S020_EURUSD_TAIL_TRAIL_SMOKE_TAIL100_A1_TR2,0.5,,2025-12-29T00:00:00.000Z,-3128.777689,-3128.777689,7EBDCE4D2FBAA657D9D7EAE47025F506B7365CDA8789D9B6BB93BC0A9790EABB
RAW_HEDGED_GRID_T100_S020_EURUSD_TAIL_TRAIL_SMOKE_TAIL100_A1_TR2,0.5,,2026-01-19T00:00:00.000Z,-3116.676992,-3116.676992,FCDC593E4266EA23C861F566C54F4BF0F7B2CA4AA87B62EA2828B009B288F30E
RAW_HEDGED_GRID_T100_S020_EURUSD_TAIL_TRAIL_SMOKE_TAIL100_A1_TR2,0.5,,2026-02-16T00:00:00.000Z,-3071.235957,-3071.235957,42981B65DB1383A99B4FEA16D56EE5F84F72E7532011EC78FE5CB4C6E46181C3
RAW_HEDGED_GRID_T100_S020_EURUSD_TAIL_TRAIL_SMOKE_TAIL100_A1_TR2,0.5,,2026-01-26T00:00:00.000Z,-3020.321839,-3020.321839,05BFA4F920E399911F66A9AC7A536C2628F55F4DEA91C103E78A37698A11EDB9
RAW_HEDGED_GRID_T100_S020_EURUSD_TAIL_TRAIL_SMOKE_TAIL100_A1_TR2,0.5,,2025-12-22T00:00:00.000Z,-2983.209342,-2983.209342,BBF79FEB4021061A9618A1E3E47670A8AC963A40D8672E9513D28D8C702DF634
RAW_HEDGED_GRID_T100_S020_EURUSD_TAIL_TRAIL_SMOKE_TAIL100_A1_TR2,0.5,,2026-04-26T23:00:00.000Z,-2958.058957,-2958.058957,3318E87A18D57CD2CE99F46104A935FDA37414689501B80D8AF161CCD83E1571
RAW_HEDGED_GRID_T100_S020_EURUSD_TAIL_TRAIL_SMOKE_TAIL100_A1_TR2,0.5,,2025-12-08T00:00:00.000Z,-2929.927103,-2929.927103,235BFA0DBCBDD56A63511049F50011B0AEC4B3091A449EF267AF37CABF6566E8
RAW_HEDGED_GRID_T100_S020_EURUSD_TAIL_TRAIL_SMOKE_TAIL100_A1_TR2,0.5,,2026-05-03T23:00:00.000Z,-2908.845603,-2908.845603,21F59329A1552C46CABC87FE0454F983386642AD709F6E0BF8B6023DB81A436D
RAW_HEDGED_GRID_T100_S020_EURUSD_TAIL_TRAIL_SMOKE_TAIL100_A1_TR2,0.5,,2025-12-15T00:00:00.000Z,-2872.015662,-2872.015662,918CED0B661DB8CCE70403E082D7CEC70B8D73BC4AE31A43B03FED28B26CFAE6
RAW_HEDGED_GRID_T100_S020_EURUSD_TAIL_TRAIL_SMOKE_TAIL100_A1_TR3,0,2025-03-16T23:00:00.000Z,2025-12-29T00:00:00.000Z,-1272.42582,-280.721622,0889F2978CD162F254B66865F2C9B3924FF54F2DC3F2083D0AEC29B8149671BF
RAW_HEDGED_GRID_T100_S020_EURUSD_TAIL_TRAIL_SMOKE_TAIL100_A1_TR3,0,2025-03-16T23:00:00.000Z,2026-01-19T00:00:00.000Z,-1224.687787,-232.983589,4EC607F1367565B1D482F9A038E1D41A4837FED0967B4A112BEF445829EFBCB3
RAW_HEDGED_GRID_T100_S020_EURUSD_TAIL_TRAIL_SMOKE_TAIL100_A1_TR3,0,2025-03-16T23:00:00.000Z,2026-02-23T00:00:00.000Z,-1206.891441,-215.187243,707443E3F61940CB3C86712C193FF50CC9F68175AF829E47F80CAC8084FBCBAC
RAW_HEDGED_GRID_T100_S020_EURUSD_TAIL_TRAIL_SMOKE_TAIL100_A1_TR3,0,2025-03-16T23:00:00.000Z,2026-02-16T00:00:00.000Z,-1145.002995,-153.298797,0CA7DF14324E5EFBA7042A643B1F96AD18B2321BB4FC0614E99D6CA9ED0868B8
RAW_HEDGED_GRID_T100_S020_EURUSD_TAIL_TRAIL_SMOKE_TAIL100_A1_TR3,0,2025-03-16T23:00:00.000Z,2025-12-22T00:00:00.000Z,-1143.972004,-152.267806,28C55B4047D52BAA794432A8BACE9387ED533B2B956B93ED541E85537568E84E
RAW_HEDGED_GRID_T100_S020_EURUSD_TAIL_TRAIL_SMOKE_TAIL100_A1_TR3,0,2025-03-16T23:00:00.000Z,2025-12-08T00:00:00.000Z,-1111.307805,-119.603607,DFDD79D61FD9986DC2DCD610EEE2E6AC7794C965B67134FBCEE9B066C854F4FF
RAW_HEDGED_GRID_T100_S020_EURUSD_TAIL_TRAIL_SMOKE_TAIL100_A1_TR3,0,2025-03-16T23:00:00.000Z,2026-01-26T00:00:00.000Z,-1100.495374,-108.791176,4F2C5F774305C73465F059A7CB77FF41CAA90F3D4F0A8BA8A8167EA494E1E472
RAW_HEDGED_GRID_T100_S020_EURUSD_TAIL_TRAIL_SMOKE_TAIL100_A1_TR3,0,2025-03-16T23:00:00.000Z,2025-12-15T00:00:00.000Z,-1038.60535,-46.901152,998026AC953EA82339917B1980CFDEA30E0086E9D7E42D3D117E981A0F882B17
RAW_HEDGED_GRID_T100_S020_EURUSD_TAIL_TRAIL_SMOKE_TAIL100_A1_TR3,0,2025-03-16T23:00:00.000Z,2026-04-26T23:00:00.000Z,-987.900094,3.804104,4496CBEA10EC90757D01B90CE88DE86928582C420AAC4F6B52ED0B2BE86A9B6E
RAW_HEDGED_GRID_T100_S020_EURUSD_TAIL_TRAIL_SMOKE_TAIL100_A1_TR3,0,2020-06-14T23:00:00.000Z,2021-02-22T00:00:00.000Z,-938.168652,-797.621513,ED07A2B1362648B9D6E27A21027DD732869B2B42E3AACB4170291DFCDB248196
RAW_HEDGED_GRID_T100_S020_EURUSD_TAIL_TRAIL_SMOKE_TAIL100_A1_TR3,0.0025,2025-03-16T23:00:00.000Z,2025-12-29T00:00:00.000Z,-1274.25757,-294.947122,6393FE81BFA225B576E76FC4645DE1F9FA8A15BCF35FFF43DA03D8FB96DA8DC9
RAW_HEDGED_GRID_T100_S020_EURUSD_TAIL_TRAIL_SMOKE_TAIL100_A1_TR3,0.0025,2025-03-16T23:00:00.000Z,2026-01-19T00:00:00.000Z,-1226.702037,-247.391589,D7548BC0B79B37A813E506DB8335F6CB67522564638CB17B6C9F3F05E347203D
RAW_HEDGED_GRID_T100_S020_EURUSD_TAIL_TRAIL_SMOKE_TAIL100_A1_TR3,0.0025,2025-03-16T23:00:00.000Z,2026-02-23T00:00:00.000Z,-1209.119566,-229.809118,CC55DE7B157C7922DFE15244AF965BE37CB9BBCB56B13B7C34974BB53497BF68
RAW_HEDGED_GRID_T100_S020_EURUSD_TAIL_TRAIL_SMOKE_TAIL100_A1_TR3,0.0025,2025-03-16T23:00:00.000Z,2026-02-16T00:00:00.000Z,-1147.182995,-167.872547,7E7B2B6420E9126E7FCCF2A003860BBB624820E284F1FAA8086CBF5452BFF83A
RAW_HEDGED_GRID_T100_S020_EURUSD_TAIL_TRAIL_SMOKE_TAIL100_A1_TR3,0.0025,2025-03-16T23:00:00.000Z,2025-12-22T00:00:00.000Z,-1145.713754,-166.403306,6C02A5C0706AF771685608D1BD426195304CE82AA603E56249A8139C975074FA
RAW_HEDGED_GRID_T100_S020_EURUSD_TAIL_TRAIL_SMOKE_TAIL100_A1_TR3,0.0025,2025-03-16T23:00:00.000Z,2025-12-08T00:00:00.000Z,-1112.94793,-133.637482,410D6A1AB464E74AAC72C6A00524C53AEB467618287D7C968926F18AFB06CD0E
RAW_HEDGED_GRID_T100_S020_EURUSD_TAIL_TRAIL_SMOKE_TAIL100_A1_TR3,0.0025,2025-03-16T23:00:00.000Z,2026-01-26T00:00:00.000Z,-1102.642874,-123.332426,6873D6036FD260C5AC2DBB1FD054DDF9A23DFB5B90931BDD45BD06C5F849CA45
RAW_HEDGED_GRID_T100_S020_EURUSD_TAIL_TRAIL_SMOKE_TAIL100_A1_TR3,0.0025,2025-03-16T23:00:00.000Z,2025-12-15T00:00:00.000Z,-1040.32035,-61.009902,64332E894BAA0E6132F75BA161472B4D50F77C4231407FCF7DBE526626F65213
RAW_HEDGED_GRID_T100_S020_EURUSD_TAIL_TRAIL_SMOKE_TAIL100_A1_TR3,0.0025,2025-03-16T23:00:00.000Z,2026-04-26T23:00:00.000Z,-990.303469,-10.993021,D02B756F1F141AB9083A75AC2D7E906AF196CDFC4D3846DC25338D83A7F37A91
RAW_HEDGED_GRID_T100_S020_EURUSD_TAIL_TRAIL_SMOKE_TAIL100_A1_TR3,0.0025,2020-06-14T23:00:00.000Z,2021-02-22T00:00:00.000Z,-939.806152,-801.049013,3CAE0ED0F8EA94B69B2741FBFB99BA4D5FE930C36DE70549A6C7B8BF3C73CC9B
RAW_HEDGED_GRID_T100_S020_EURUSD_TAIL_TRAIL_SMOKE_TAIL100_A1_TR3,0.005,2025-03-16T23:00:00.000Z,2025-12-29T00:00:00.000Z,-1276.08932,-309.172622,667B7F64C2C096481640A5C76B11A1343AEBBFB3620152D2CEF28860FF419C86
RAW_HEDGED_GRID_T100_S020_EURUSD_TAIL_TRAIL_SMOKE_TAIL100_A1_TR3,0.005,2025-03-16T23:00:00.000Z,2026-01-19T00:00:00.000Z,-1228.716287,-261.799589,39570E1F332BA46442BC6D5A0ABEC62F1FDF53C02E6C8B98F3B37242662398F6
RAW_HEDGED_GRID_T100_S020_EURUSD_TAIL_TRAIL_SMOKE_TAIL100_A1_TR3,0.005,2025-03-16T23:00:00.000Z,2026-02-23T00:00:00.000Z,-1211.347691,-244.430993,017BAED79A4E316CE695427BB854ABF26EEC75E103C9914181BC105713149D2A
RAW_HEDGED_GRID_T100_S020_EURUSD_TAIL_TRAIL_SMOKE_TAIL100_A1_TR3,0.005,2025-03-16T23:00:00.000Z,2026-02-16T00:00:00.000Z,-1149.362995,-182.446297,314A48DE42B1242E4763FDB1957386B8FFA990C886FCE914D8DE259C1D0306E5
RAW_HEDGED_GRID_T100_S020_EURUSD_TAIL_TRAIL_SMOKE_TAIL100_A1_TR3,0.005,2025-03-16T23:00:00.000Z,2025-12-22T00:00:00.000Z,-1147.455504,-180.538806,86C789086D6BA4619D9EA83298F9A91E87BED3F6EFD6A6E1F6DDA5209CA86DC5
RAW_HEDGED_GRID_T100_S020_EURUSD_TAIL_TRAIL_SMOKE_TAIL100_A1_TR3,0.005,2025-03-16T23:00:00.000Z,2025-12-08T00:00:00.000Z,-1114.588055,-147.671357,FAEFEF9A2C61FE8D7417C78DD1BD0E0484C0C5A44441495EDD8ECFA9D094DDAD
RAW_HEDGED_GRID_T100_S020_EURUSD_TAIL_TRAIL_SMOKE_TAIL100_A1_TR3,0.005,2025-03-16T23:00:00.000Z,2026-01-26T00:00:00.000Z,-1104.790374,-137.873676,E20103ED3956B40E2A003BD7EF61A05EEAEF43A8AB91A2552A45215B3EF59BBB
RAW_HEDGED_GRID_T100_S020_EURUSD_TAIL_TRAIL_SMOKE_TAIL100_A1_TR3,0.005,2025-03-16T23:00:00.000Z,2025-12-15T00:00:00.000Z,-1042.03535,-75.118652,B023C6EC619C7862A85D1D4C203B9E24C99123B203871070678EF0C2752FD0F4
RAW_HEDGED_GRID_T100_S020_EURUSD_TAIL_TRAIL_SMOKE_TAIL100_A1_TR3,0.005,2025-03-16T23:00:00.000Z,2026-04-26T23:00:00.000Z,-992.706844,-25.790146,C00752CE922BF080C81830D28C519E3D7C8F89896E0A60C9ED6D9B99697F45BF
RAW_HEDGED_GRID_T100_S020_EURUSD_TAIL_TRAIL_SMOKE_TAIL100_A1_TR3,0.005,2020-06-14T23:00:00.000Z,2021-02-22T00:00:00.000Z,-941.443652,-804.476513,8B3F0411D5411676BEDB0F60879ED1D20D9F602ED84AF8576226C14F1F166022
RAW_HEDGED_GRID_T100_S020_EURUSD_TAIL_TRAIL_SMOKE_TAIL100_A1_TR3,0.01,2025-03-16T23:00:00.000Z,2025-12-29T00:00:00.000Z,-1279.75282,-337.623622,205884EE6124B10326D15D62FE27996CB0C8B0A5CD6ECB7B944957D2C9CB1508
RAW_HEDGED_GRID_T100_S020_EURUSD_TAIL_TRAIL_SMOKE_TAIL100_A1_TR3,0.01,2025-03-16T23:00:00.000Z,2026-01-19T00:00:00.000Z,-1232.744787,-290.615589,6B05C46C6CDC6FF1411D8D7BEE77AA4ED9D25E4BD44D3C5B883462BA2B911564
RAW_HEDGED_GRID_T100_S020_EURUSD_TAIL_TRAIL_SMOKE_TAIL100_A1_TR3,0.01,2025-03-16T23:00:00.000Z,2026-02-23T00:00:00.000Z,-1215.803941,-273.674743,8BF597E4F8E5E4BD4DC8C8C7902EA59A1814534B7A04E3364D5C595196E4EADF
RAW_HEDGED_GRID_T100_S020_EURUSD_TAIL_TRAIL_SMOKE_TAIL100_A1_TR3,0.01,2025-03-16T23:00:00.000Z,2026-02-16T00:00:00.000Z,-1153.722995,-211.593797,4F5BB3EFD74C85220AFB479EE4180BCA56C7F49CE81998DC25374F7EB05EDA28
RAW_HEDGED_GRID_T100_S020_EURUSD_TAIL_TRAIL_SMOKE_TAIL100_A1_TR3,0.01,2025-03-16T23:00:00.000Z,2025-12-22T00:00:00.000Z,-1150.939004,-208.809806,EBBDCFCD0EFD606097FAF34EBD571C4301128236F54071B6F093B08A4B61DFD2
RAW_HEDGED_GRID_T100_S020_EURUSD_TAIL_TRAIL_SMOKE_TAIL100_A1_TR3,0.01,2025-03-16T23:00:00.000Z,2025-12-08T00:00:00.000Z,-1117.868305,-175.739107,DF61E3719E27567B9327D3E42ED8ED3A6AAC6A49168EAB24496BA14269CFA30D
RAW_HEDGED_GRID_T100_S020_EURUSD_TAIL_TRAIL_SMOKE_TAIL100_A1_TR3,0.01,2025-03-16T23:00:00.000Z,2026-01-26T00:00:00.000Z,-1109.085374,-166.956176,A60E47B406C6B7D2FA5957D55E2FCA3F8925DE2D6D1AEAD2CEA5C7A313DBCB2E
RAW_HEDGED_GRID_T100_S020_EURUSD_TAIL_TRAIL_SMOKE_TAIL100_A1_TR3,0.01,2025-03-16T23:00:00.000Z,2025-12-15T00:00:00.000Z,-1045.46535,-103.336152,5B09F093ECDC608E5A91B35649FDBC8E7B25599287F540B4C056213F73B704D5
RAW_HEDGED_GRID_T100_S020_EURUSD_TAIL_TRAIL_SMOKE_TAIL100_A1_TR3,0.01,2025-03-16T23:00:00.000Z,2026-04-26T23:00:00.000Z,-997.513594,-55.384396,17EB125A6B29F6A5D5C643D48C5853AEABAB4BC45E663A81C3932DD758BAEC28
RAW_HEDGED_GRID_T100_S020_EURUSD_TAIL_TRAIL_SMOKE_TAIL100_A1_TR3,0.01,2020-06-14T23:00:00.000Z,2021-02-22T00:00:00.000Z,-944.718652,-811.331513,55E4EED4FBDF7BE02803A38D18053C2D5764D6E4A7BB17B1C402E55D7A14CE66
RAW_HEDGED_GRID_T100_S020_EURUSD_TAIL_TRAIL_SMOKE_TAIL100_A1_TR3,0.02,2025-03-16T23:00:00.000Z,2025-12-29T00:00:00.000Z,-1287.07982,-394.525622,4A2C0758AC2C43D2D3E59AA658451EBE6A4BF11A9C9D6BF814DA79DE2541B70D
RAW_HEDGED_GRID_T100_S020_EURUSD_TAIL_TRAIL_SMOKE_TAIL100_A1_TR3,0.02,2025-03-16T23:00:00.000Z,2026-01-19T00:00:00.000Z,-1240.801787,-348.247589,DC0AE3B217712DB5527D1C9FEF813B6DC49EFC2BE30FED5F0A202789D385A3BF
RAW_HEDGED_GRID_T100_S020_EURUSD_TAIL_TRAIL_SMOKE_TAIL100_A1_TR3,0.02,2025-03-16T23:00:00.000Z,2026-02-23T00:00:00.000Z,-1224.716441,-332.162243,2F947ABA165C73FB6EBCB0DDFE1A46B6030716F65033158F12B8CF0656838E2A
RAW_HEDGED_GRID_T100_S020_EURUSD_TAIL_TRAIL_SMOKE_TAIL100_A1_TR3,0.02,2025-03-16T23:00:00.000Z,2026-02-16T00:00:00.000Z,-1162.442995,-269.888797,170642239705D19FD95850254C7483EBBE3411E51F0AB909684F382D9C554150
RAW_HEDGED_GRID_T100_S020_EURUSD_TAIL_TRAIL_SMOKE_TAIL100_A1_TR3,0.02,2025-03-16T23:00:00.000Z,2025-12-22T00:00:00.000Z,-1157.906004,-265.351806,B1AE87BE0E470DB04439DC193860D1F13DF0EE7EAFE7A8FDB6012D88E7222A0B
RAW_HEDGED_GRID_T100_S020_EURUSD_TAIL_TRAIL_SMOKE_TAIL100_A1_TR3,0.02,2025-03-16T23:00:00.000Z,2025-12-08T00:00:00.000Z,-1124.428805,-231.874607,8B013AF1980F707D7EA40188E7DCB4CAA1DAC628B9CFDBCC121F372D57EFD487
RAW_HEDGED_GRID_T100_S020_EURUSD_TAIL_TRAIL_SMOKE_TAIL100_A1_TR3,0.02,2025-03-16T23:00:00.000Z,2026-01-26T00:00:00.000Z,-1117.675374,-225.121176,1B4450C230601329A771B9AE8F9A915F30B7B516A0F4BDEE72BAA92344D403FE
RAW_HEDGED_GRID_T100_S020_EURUSD_TAIL_TRAIL_SMOKE_TAIL100_A1_TR3,0.02,2025-03-16T23:00:00.000Z,2025-12-15T00:00:00.000Z,-1052.32535,-159.771152,69092070378ABF54040A4D7A5EFD04ADE78595ABA34EA1FEE123FF550F8223F2
RAW_HEDGED_GRID_T100_S020_EURUSD_TAIL_TRAIL_SMOKE_TAIL100_A1_TR3,0.02,2025-03-16T23:00:00.000Z,2026-04-26T23:00:00.000Z,-1007.127094,-114.572896,5018C6F3748685936513FFCDFAA8A9A40DA27CC97E9D8B5DF1E46E8F4C88456A
RAW_HEDGED_GRID_T100_S020_EURUSD_TAIL_TRAIL_SMOKE_TAIL100_A1_TR3,0.02,2020-06-14T23:00:00.000Z,2021-02-22T00:00:00.000Z,-951.268652,-825.041513,B39FBA08AFA89AD69C5A48FDA48019E1AF69331545B2B09E6536262190B780A6
RAW_HEDGED_GRID_T100_S020_EURUSD_TAIL_TRAIL_SMOKE_TAIL100_A1_TR3,0.05,2025-03-16T23:00:00.000Z,2025-12-29T00:00:00.000Z,-1309.06082,-565.231622,9C560CC53E78A23D23A819C5171A8566A95864CA08DE89F98B55A6321A8EE739
RAW_HEDGED_GRID_T100_S020_EURUSD_TAIL_TRAIL_SMOKE_TAIL100_A1_TR3,0.05,2025-03-16T23:00:00.000Z,2026-01-19T00:00:00.000Z,-1264.972787,-521.143589,E0B62D55F29142B5B91782E0AF3C324F887464903B2933F565B4FFA402E677B2
RAW_HEDGED_GRID_T100_S020_EURUSD_TAIL_TRAIL_SMOKE_TAIL100_A1_TR3,0.05,2025-03-16T23:00:00.000Z,2026-02-23T00:00:00.000Z,-1251.453941,-507.624743,76BB9271516896B4CBE8F3E59989046102BE3B5259F968E648687CCC0176FAD0
RAW_HEDGED_GRID_T100_S020_EURUSD_TAIL_TRAIL_SMOKE_TAIL100_A1_TR3,0.05,2025-03-16T23:00:00.000Z,2026-02-16T00:00:00.000Z,-1188.602995,-444.773797,DB6A6FE51517EBFFA24A0AE0AFD9C71647053CD3CB54241711EF0BD06D7A32D6
RAW_HEDGED_GRID_T100_S020_EURUSD_TAIL_TRAIL_SMOKE_TAIL100_A1_TR3,0.05,2025-03-16T23:00:00.000Z,2025-12-22T00:00:00.000Z,-1178.807004,-434.977806,D88DD59EAE7611E9D7514114303DC3BCFC3B2C3444B19057B03E4C04935CD406
RAW_HEDGED_GRID_T100_S020_EURUSD_TAIL_TRAIL_SMOKE_TAIL100_A1_TR3,0.05,2025-03-16T23:00:00.000Z,2025-12-08T00:00:00.000Z,-1144.110305,-400.281107,A66AB38D55FA604C6381DBF9419FCD212C1BED3419DAA5D75C44016477A7439A
RAW_HEDGED_GRID_T100_S020_EURUSD_TAIL_TRAIL_SMOKE_TAIL100_A1_TR3,0.05,2025-03-16T23:00:00.000Z,2026-01-26T00:00:00.000Z,-1143.445374,-399.616176,4E3D68D81588F4F51F8BCE10CEA095D03330D186EA52AFB47E9491FF011E9B2C
RAW_HEDGED_GRID_T100_S020_EURUSD_TAIL_TRAIL_SMOKE_TAIL100_A1_TR3,0.05,2025-03-16T23:00:00.000Z,2025-12-15T00:00:00.000Z,-1072.90535,-329.076152,87CCD644D04F7535A6BF4AA149FBAC250DE11355E7FB6BCFA77A24B86E8FDF4C
RAW_HEDGED_GRID_T100_S020_EURUSD_TAIL_TRAIL_SMOKE_TAIL100_A1_TR3,0.05,2025-03-16T23:00:00.000Z,2026-04-26T23:00:00.000Z,-1035.967594,-292.138396,5D4B9EB20A0AC0F01CA7AC506B7F3E7D61253DA7A7149A47FC6633FA44F7A697
RAW_HEDGED_GRID_T100_S020_EURUSD_TAIL_TRAIL_SMOKE_TAIL100_A1_TR3,0.05,2025-03-16T23:00:00.000Z,2026-05-03T23:00:00.000Z,-978.182293,-234.353095,FB45C3F1D9C71F7484817B8EE122993D8DA10E8716E26121FB9A6801FBA2B507
RAW_HEDGED_GRID_T100_S020_EURUSD_TAIL_TRAIL_SMOKE_TAIL100_A1_TR3,0.1,2025-03-16T23:00:00.000Z,2025-12-29T00:00:00.000Z,-1345.69582,-849.741622,B2326439B2944D8BAAD61AF30916981AFB2D4FFB3A4F585AD3D5F49AA317A75A
RAW_HEDGED_GRID_T100_S020_EURUSD_TAIL_TRAIL_SMOKE_TAIL100_A1_TR3,0.1,2025-03-16T23:00:00.000Z,2026-01-19T00:00:00.000Z,-1305.257787,-809.303589,B808A55468195AFFD612CA21CC43DF169AF273A9A3F10D3A4CCCFAAF4B925093
RAW_HEDGED_GRID_T100_S020_EURUSD_TAIL_TRAIL_SMOKE_TAIL100_A1_TR3,0.1,2025-03-16T23:00:00.000Z,2026-02-23T00:00:00.000Z,-1296.016441,-800.062243,08A44698D6B55662CDFE20347C27C21652FF03FD332427BA71CEADAEFB87651D
RAW_HEDGED_GRID_T100_S020_EURUSD_TAIL_TRAIL_SMOKE_TAIL100_A1_TR3,0.1,2025-03-16T23:00:00.000Z,2026-02-16T00:00:00.000Z,-1232.202995,-736.248797,307CFD6C96D17BF9C095C562E90E9D99C3C05CF4A7263EA73738539F9C389035
RAW_HEDGED_GRID_T100_S020_EURUSD_TAIL_TRAIL_SMOKE_TAIL100_A1_TR3,0.1,2025-03-16T23:00:00.000Z,2025-12-22T00:00:00.000Z,-1213.642004,-717.687806,38AFE0125E557F6B2330D37A8A266BEDDFA3C331059EF2B66828245CA9C29A9A
RAW_HEDGED_GRID_T100_S020_EURUSD_TAIL_TRAIL_SMOKE_TAIL100_A1_TR3,0.1,2025-03-16T23:00:00.000Z,2026-01-26T00:00:00.000Z,-1186.395374,-690.441176,CD732B2E9181EB084A02304C8C93DB351377AAA2798D6801C7586CA2D2320F7C
RAW_HEDGED_GRID_T100_S020_EURUSD_TAIL_TRAIL_SMOKE_TAIL100_A1_TR3,0.1,2025-03-16T23:00:00.000Z,2025-12-08T00:00:00.000Z,-1176.912805,-680.958607,438D6B75588109789FC4E6C706B6788CFF87CE2BF25463789582E06553C9B33C
RAW_HEDGED_GRID_T100_S020_EURUSD_TAIL_TRAIL_SMOKE_TAIL100_A1_TR3,0.1,2025-03-16T23:00:00.000Z,2025-12-15T00:00:00.000Z,-1107.20535,-611.251152,BE246F4735768853716AF639FCA6D606D53CEB29B25487C6E21A8B96F3D5B5B8
RAW_HEDGED_GRID_T100_S020_EURUSD_TAIL_TRAIL_SMOKE_TAIL100_A1_TR3,0.1,2025-03-16T23:00:00.000Z,2026-04-26T23:00:00.000Z,-1084.035094,-588.080896,79977322E88010C3E5ECBFF35D9AC3B7469DF78274E0DB8C4F3F02C16C593046
RAW_HEDGED_GRID_T100_S020_EURUSD_TAIL_TRAIL_SMOKE_TAIL100_A1_TR3,0.1,2025-03-16T23:00:00.000Z,2026-05-03T23:00:00.000Z,-1027.142293,-531.188095,68706A01B8CD59603D496FE2512E95C75434747D06AE4D0F1E033961E4CF7973
RAW_HEDGED_GRID_T100_S020_EURUSD_TAIL_TRAIL_SMOKE_TAIL100_A1_TR3,0.2,2024-05-05T23:00:00.000Z,2025-12-29T00:00:00.000Z,-1459.698683,-1418.761622,B03C1BAE986A895DDEE2F26D776B3ECC2970D8B272E7CEEB068353FA32849C9D
RAW_HEDGED_GRID_T100_S020_EURUSD_TAIL_TRAIL_SMOKE_TAIL100_A1_TR3,0.2,2024-05-05T23:00:00.000Z,2026-01-19T00:00:00.000Z,-1426.56065,-1385.623589,C775C87F2C0BBF6053B714A678D31193E05DD48E356128E708454A0801073D9A
RAW_HEDGED_GRID_T100_S020_EURUSD_TAIL_TRAIL_SMOKE_TAIL100_A1_TR3,0.2,2024-05-05T23:00:00.000Z,2026-02-23T00:00:00.000Z,-1425.874304,-1384.937243,38F8EF6F1BADE695349D8A7076DEA28E36B212C078CE59CD3840202234ED867D
RAW_HEDGED_GRID_T100_S020_EURUSD_TAIL_TRAIL_SMOKE_TAIL100_A1_TR3,0.2,2024-05-05T23:00:00.000Z,2026-02-16T00:00:00.000Z,-1360.135858,-1319.198797,F403F63FA6BCC169604E7BE8EF4AD59BC93BB4D47CC2008E8BBC877B4DB9100D
RAW_HEDGED_GRID_T100_S020_EURUSD_TAIL_TRAIL_SMOKE_TAIL100_A1_TR3,0.2,2024-05-05T23:00:00.000Z,2025-12-22T00:00:00.000Z,-1324.044867,-1283.107806,B0E60D577FB6375F8EE3D8A462B2695B63DB7339653C07108AE1D0E8FC6A4E20
RAW_HEDGED_GRID_T100_S020_EURUSD_TAIL_TRAIL_SMOKE_TAIL100_A1_TR3,0.2,2024-05-05T23:00:00.000Z,2026-01-26T00:00:00.000Z,-1313.028237,-1272.091176,991564041426AFDFD13CB2B014C0A57B6139F95C1E17E6E0B1A38E16193D3D7F
RAW_HEDGED_GRID_T100_S020_EURUSD_TAIL_TRAIL_SMOKE_TAIL100_A1_TR3,0.2,2024-05-05T23:00:00.000Z,2025-12-08T00:00:00.000Z,-1283.250668,-1242.313607,F78B64BB322690C7AD5C4065A9BCC7D7F253F62D30AE4C378118F43A630555CC
RAW_HEDGED_GRID_T100_S020_EURUSD_TAIL_TRAIL_SMOKE_TAIL100_A1_TR3,0.2,2024-05-05T23:00:00.000Z,2026-04-26T23:00:00.000Z,-1220.902957,-1179.965896,5927D9A30193A936CABC2102E4312ECF6AE63FC08E0C139A5874B82566811F13
RAW_HEDGED_GRID_T100_S020_EURUSD_TAIL_TRAIL_SMOKE_TAIL100_A1_TR3,0.2,2024-05-05T23:00:00.000Z,2025-12-15T00:00:00.000Z,-1216.538213,-1175.601152,0E9EB348C9442D10934C57143932BC690143317FEDCBF6D523866FC8140B1CDE
RAW_HEDGED_GRID_T100_S020_EURUSD_TAIL_TRAIL_SMOKE_TAIL100_A1_TR3,0.2,2024-05-05T23:00:00.000Z,2026-05-03T23:00:00.000Z,-1165.795156,-1124.858095,42BCC7671F729F487C1F76D768D474B1EB83F4F477379021154D64E0011D3644
RAW_HEDGED_GRID_T100_S020_EURUSD_TAIL_TRAIL_SMOKE_TAIL100_A1_TR3,0.5,,2026-02-23T00:00:00.000Z,-3139.562243,-3139.562243,164311BE5CC11B2A887CE51B161A514D9FD3BDBA26575D27B5EA7F7A24ACD52A
RAW_HEDGED_GRID_T100_S020_EURUSD_TAIL_TRAIL_SMOKE_TAIL100_A1_TR3,0.5,,2025-12-29T00:00:00.000Z,-3125.821622,-3125.821622,D32443BBDB42FE208684373FB1138E349CEE0F38B0D7492FBE2A6974C3FDAD81
RAW_HEDGED_GRID_T100_S020_EURUSD_TAIL_TRAIL_SMOKE_TAIL100_A1_TR3,0.5,,2026-01-19T00:00:00.000Z,-3114.583589,-3114.583589,3BA0F20370E76B441F8F4C0CE8C0415045D66EF2494D1681273A2B012F0F330B
RAW_HEDGED_GRID_T100_S020_EURUSD_TAIL_TRAIL_SMOKE_TAIL100_A1_TR3,0.5,,2026-02-16T00:00:00.000Z,-3068.048797,-3068.048797,BDEC08041D164093BAC88DF6EF91ACDDECD310B7AB7916911196426AD2FF8812
RAW_HEDGED_GRID_T100_S020_EURUSD_TAIL_TRAIL_SMOKE_TAIL100_A1_TR3,0.5,,2026-01-26T00:00:00.000Z,-3017.041176,-3017.041176,8102AA674B8B255FDBB4E5ECE7E9CCD032E76A8CD7EC4C1E84D4A57B0FCB13C9
RAW_HEDGED_GRID_T100_S020_EURUSD_TAIL_TRAIL_SMOKE_TAIL100_A1_TR3,0.5,,2025-12-22T00:00:00.000Z,-2979.367806,-2979.367806,FB7DE01350A9F86DF5CB8D26F8E998ADE48ADF26DF6CBF6CE5F2607DCED4BF95
RAW_HEDGED_GRID_T100_S020_EURUSD_TAIL_TRAIL_SMOKE_TAIL100_A1_TR3,0.5,,2026-04-26T23:00:00.000Z,-2955.620896,-2955.620896,B812320F5FC90C7F90AFDC50E3B2F950BB8FD4339F1CBE41171827B32A1E1391
RAW_HEDGED_GRID_T100_S020_EURUSD_TAIL_TRAIL_SMOKE_TAIL100_A1_TR3,0.5,,2025-12-08T00:00:00.000Z,-2926.378607,-2926.378607,E8D1B66099E86CD6ED0F94F7A0223C14207BBB7F0161912291A7BC9231E02463
RAW_HEDGED_GRID_T100_S020_EURUSD_TAIL_TRAIL_SMOKE_TAIL100_A1_TR3,0.5,,2026-05-03T23:00:00.000Z,-2905.868095,-2905.868095,26404677C46459662FC1DEB051908CFCF6E73F1AB04893D42E1C2E80E0DC0B79
RAW_HEDGED_GRID_T100_S020_EURUSD_TAIL_TRAIL_SMOKE_TAIL100_A1_TR3,0.5,,2025-12-15T00:00:00.000Z,-2868.651152,-2868.651152,D623E03AD2E25357570E4993E965117792683C85714102332CC91323EF0D1965
RAW_HEDGED_GRID_T100_S020_EURUSD_TAIL_TRAIL_SMOKE_TAIL100_A1_TR5,0,2025-03-16T23:00:00.000Z,2025-12-29T00:00:00.000Z,-1276.474611,-317.841325,C9F1822A5ADF237392A412AAE04FC5A98AEEF634CF82E9D64188B153D0DE4EBF
RAW_HEDGED_GRID_T100_S020_EURUSD_TAIL_TRAIL_SMOKE_TAIL100_A1_TR5,0,2025-03-16T23:00:00.000Z,2026-01-19T00:00:00.000Z,-1225.184664,-266.551378,6CF561EEE49B03703A34F09F896F2B34E0BECC91EB320DCC855BED85A8802587
RAW_HEDGED_GRID_T100_S020_EURUSD_TAIL_TRAIL_SMOKE_TAIL100_A1_TR5,0,2025-03-16T23:00:00.000Z,2026-02-23T00:00:00.000Z,-1205.91241,-247.279124,38872B3B6E7DE6AFD89118CF7D69BA89D5F11075FCCADE1DC8E6E11CF5E5C839
RAW_HEDGED_GRID_T100_S020_EURUSD_TAIL_TRAIL_SMOKE_TAIL100_A1_TR5,0,2025-03-16T23:00:00.000Z,2025-12-22T00:00:00.000Z,-1146.799616,-188.16633,962B3C0B3423A12747896A7A9E092AB0E10420766D706799958773CF51158EF5
RAW_HEDGED_GRID_T100_S020_EURUSD_TAIL_TRAIL_SMOKE_TAIL100_A1_TR5,0,2025-03-16T23:00:00.000Z,2026-02-16T00:00:00.000Z,-1143.585793,-184.952507,CD7316895FC5EE6A0E2D1007C25EC83FD88ED0D81A7752513712B6A182C74BE7
RAW_HEDGED_GRID_T100_S020_EURUSD_TAIL_TRAIL_SMOKE_TAIL100_A1_TR5,0,2025-03-16T23:00:00.000Z,2025-12-08T00:00:00.000Z,-1112.499493,-153.866207,9EDAA19BBF56D5EC5D7D5247C81DD164AF58637982604D3A3544562EE7DB2B13
RAW_HEDGED_GRID_T100_S020_EURUSD_TAIL_TRAIL_SMOKE_TAIL100_A1_TR5,0,2025-03-16T23:00:00.000Z,2026-01-26T00:00:00.000Z,-1098.651447,-140.018161,EE7E118EEEADFECF7DE54267D9BAE8AE40F8F1F98412E524FA10BAD39846B6D9
RAW_HEDGED_GRID_T100_S020_EURUSD_TAIL_TRAIL_SMOKE_TAIL100_A1_TR5,0,2025-03-16T23:00:00.000Z,2025-12-15T00:00:00.000Z,-1041.472363,-82.839077,04DAF0D5F3C76F7DDEB724B92A754BAD4BCC9566CAB528AEE5A90F5295646ABA
RAW_HEDGED_GRID_T100_S020_EURUSD_TAIL_TRAIL_SMOKE_TAIL100_A1_TR5,0,2025-03-16T23:00:00.000Z,2026-04-26T23:00:00.000Z,-986.058614,-27.425328,2EB221984C05CAB44A8FDF732B79B60EAEFA5593E19F8FA36F9DE15E41EE1D31
RAW_HEDGED_GRID_T100_S020_EURUSD_TAIL_TRAIL_SMOKE_TAIL100_A1_TR5,0,2020-06-14T23:00:00.000Z,2021-02-22T00:00:00.000Z,-928.721561,-798.455112,76AB40ACCF372CDF7FA7DCABB8FFD23C16AD2EB98F3E8998E3931707874FB299
RAW_HEDGED_GRID_T100_S020_EURUSD_TAIL_TRAIL_SMOKE_TAIL100_A1_TR5,0.0025,2025-03-16T23:00:00.000Z,2025-12-29T00:00:00.000Z,-1278.307361,-332.066325,006258908283FE8BB2669912E34D297EB6025EDF9EB3A6634FD3A422254BB520
RAW_HEDGED_GRID_T100_S020_EURUSD_TAIL_TRAIL_SMOKE_TAIL100_A1_TR5,0.0025,2025-03-16T23:00:00.000Z,2026-01-19T00:00:00.000Z,-1227.197664,-280.956628,7FF9667349140D8228E6B74F5CDD8033F56ABDE7C0594776321E373984946AD6
RAW_HEDGED_GRID_T100_S020_EURUSD_TAIL_TRAIL_SMOKE_TAIL100_A1_TR5,0.0025,2025-03-16T23:00:00.000Z,2026-02-23T00:00:00.000Z,-1208.142035,-261.900999,61C8627F00304BE52CD441A6EA168A6F674E3F14B6F5077A04BA4A4B9A9D75A3
RAW_HEDGED_GRID_T100_S020_EURUSD_TAIL_TRAIL_SMOKE_TAIL100_A1_TR5,0.0025,2025-03-16T23:00:00.000Z,2025-12-22T00:00:00.000Z,-1148.542116,-202.30108,DCAB051FC96C2E0E588A623E1EA8DF98FAE3AF2E26B4F598F2499FF4105E6617
RAW_HEDGED_GRID_T100_S020_EURUSD_TAIL_TRAIL_SMOKE_TAIL100_A1_TR5,0.0025,2025-03-16T23:00:00.000Z,2026-02-16T00:00:00.000Z,-1145.767293,-199.526257,0AE15AF05748732E771451DB047C73C52F07B012551F2BBC8E5B27FCB67FDDF4
RAW_HEDGED_GRID_T100_S020_EURUSD_TAIL_TRAIL_SMOKE_TAIL100_A1_TR5,0.0025,2025-03-16T23:00:00.000Z,2025-12-08T00:00:00.000Z,-1114.138743,-167.897707,9AF5DA0B6E294DF3A3AB64E3ACACCBBC4F54FBA1AB633246519AC80C15908DAC
RAW_HEDGED_GRID_T100_S020_EURUSD_TAIL_TRAIL_SMOKE_TAIL100_A1_TR5,0.0025,2025-03-16T23:00:00.000Z,2026-01-26T00:00:00.000Z,-1100.799822,-154.558786,457E0EB2C1FC40FC92138A8B013F2D46A214929CCEB0695AAC84C1086461F8D2
RAW_HEDGED_GRID_T100_S020_EURUSD_TAIL_TRAIL_SMOKE_TAIL100_A1_TR5,0.0025,2025-03-16T23:00:00.000Z,2025-12-15T00:00:00.000Z,-1043.188863,-96.947827,058E81053529383BE84406B1F0DB0C711CA920F34774C7AE8B2BFB80D1D2CD3B
RAW_HEDGED_GRID_T100_S020_EURUSD_TAIL_TRAIL_SMOKE_TAIL100_A1_TR5,0.0025,2025-03-16T23:00:00.000Z,2026-04-26T23:00:00.000Z,-988.463489,-42.222453,0C22AAA0C103505EAE9BE328569E0321403439D2B3A1AB879F0CE370913C4EAB
RAW_HEDGED_GRID_T100_S020_EURUSD_TAIL_TRAIL_SMOKE_TAIL100_A1_TR5,0.0025,2020-06-14T23:00:00.000Z,2021-02-22T00:00:00.000Z,-930.359061,-801.882612,E0CFCE6FFB0B2870379692CD38C75E72BA1653EB2F9D536C00500BC7E4A05F57
RAW_HEDGED_GRID_T100_S020_EURUSD_TAIL_TRAIL_SMOKE_TAIL100_A1_TR5,0.005,2025-03-16T23:00:00.000Z,2025-12-29T00:00:00.000Z,-1280.140111,-346.291325,11608997AAE13DF353BA9E79AD9BC8EF4372F813B3A2A197CCCA3E7C0C1D081F
RAW_HEDGED_GRID_T100_S020_EURUSD_TAIL_TRAIL_SMOKE_TAIL100_A1_TR5,0.005,2025-03-16T23:00:00.000Z,2026-01-19T00:00:00.000Z,-1229.210664,-295.361878,29D92F640D4BCC19B2F37CFBFD4721ECC5793FFB4738140AE5C9635AAC39C0AD
RAW_HEDGED_GRID_T100_S020_EURUSD_TAIL_TRAIL_SMOKE_TAIL100_A1_TR5,0.005,2025-03-16T23:00:00.000Z,2026-02-23T00:00:00.000Z,-1210.37166,-276.522874,E16796A819055E07372619555EA12B99877B0EDB36E35FD506C9D100794514CE
RAW_HEDGED_GRID_T100_S020_EURUSD_TAIL_TRAIL_SMOKE_TAIL100_A1_TR5,0.005,2025-03-16T23:00:00.000Z,2025-12-22T00:00:00.000Z,-1150.284616,-216.43583,91B40D4D497EC99388DAA5D65BD772B71A59A302839F683D018B2EADE920F204
RAW_HEDGED_GRID_T100_S020_EURUSD_TAIL_TRAIL_SMOKE_TAIL100_A1_TR5,0.005,2025-03-16T23:00:00.000Z,2026-02-16T00:00:00.000Z,-1147.948793,-214.100007,0F52213380FA9B7D02769C155DB7952797219303869D35470D8E52B0D13F4EB0
RAW_HEDGED_GRID_T100_S020_EURUSD_TAIL_TRAIL_SMOKE_TAIL100_A1_TR5,0.005,2025-03-16T23:00:00.000Z,2025-12-08T00:00:00.000Z,-1115.777993,-181.929207,F314FD995E27CB260D57457A84A37DFCF4E7535DE2115FD060C2E74E37F2BE4D
RAW_HEDGED_GRID_T100_S020_EURUSD_TAIL_TRAIL_SMOKE_TAIL100_A1_TR5,0.005,2025-03-16T23:00:00.000Z,2026-01-26T00:00:00.000Z,-1102.948197,-169.099411,7AA3EC0DFCD4475C9B3850FC2D842005F1A6B174B587F45E660461F64DDD803E
RAW_HEDGED_GRID_T100_S020_EURUSD_TAIL_TRAIL_SMOKE_TAIL100_A1_TR5,0.005,2025-03-16T23:00:00.000Z,2025-12-15T00:00:00.000Z,-1044.905363,-111.056577,37D39166000369C80637EC758DEE181AF24DF91E8B6906E9C05FBA12CFA1EE98
RAW_HEDGED_GRID_T100_S020_EURUSD_TAIL_TRAIL_SMOKE_TAIL100_A1_TR5,0.005,2025-03-16T23:00:00.000Z,2026-04-26T23:00:00.000Z,-990.868364,-57.019578,EB41837193F135EFA1D759409A9EAFFB09A0D9BA78C440E266094070D475BBA4
RAW_HEDGED_GRID_T100_S020_EURUSD_TAIL_TRAIL_SMOKE_TAIL100_A1_TR5,0.005,2025-03-16T23:00:00.000Z,2026-05-03T23:00:00.000Z,-932.501695,1.347091,B7A27C849E280F44B2ACC291D5B29CABE20D0CA3268F2B73F1F7B9BC0844D106
RAW_HEDGED_GRID_T100_S020_EURUSD_TAIL_TRAIL_SMOKE_TAIL100_A1_TR5,0.01,2025-03-16T23:00:00.000Z,2025-12-29T00:00:00.000Z,-1283.805611,-374.741325,81C38401650CFF118DAC202772CB1C28330D7BE0288B650CE2320A618FF390DC
RAW_HEDGED_GRID_T100_S020_EURUSD_TAIL_TRAIL_SMOKE_TAIL100_A1_TR5,0.01,2025-03-16T23:00:00.000Z,2026-01-19T00:00:00.000Z,-1233.236664,-324.172378,68D18B4A30F59DEC61999ACE1981FD3D98B185BBC8404EC33E557F62F2002ACA
RAW_HEDGED_GRID_T100_S020_EURUSD_TAIL_TRAIL_SMOKE_TAIL100_A1_TR5,0.01,2025-03-16T23:00:00.000Z,2026-02-23T00:00:00.000Z,-1214.83091,-305.766624,B6CB469B65256D5859E2AFA38D0ACE608E07F2228274C70B5BC73817C561C185
RAW_HEDGED_GRID_T100_S020_EURUSD_TAIL_TRAIL_SMOKE_TAIL100_A1_TR5,0.01,2025-03-16T23:00:00.000Z,2025-12-22T00:00:00.000Z,-1153.769616,-244.70533,E3E08BEEAA17F67858779E143FED9ADA5A2105879441883A99C2E52415E25D76
RAW_HEDGED_GRID_T100_S020_EURUSD_TAIL_TRAIL_SMOKE_TAIL100_A1_TR5,0.01,2025-03-16T23:00:00.000Z,2026-02-16T00:00:00.000Z,-1152.311793,-243.247507,2F10F79399D830E24DCFE806676711DBFC906ACC117136197CA2900A589E84A1
RAW_HEDGED_GRID_T100_S020_EURUSD_TAIL_TRAIL_SMOKE_TAIL100_A1_TR5,0.01,2025-03-16T23:00:00.000Z,2025-12-08T00:00:00.000Z,-1119.056493,-209.992207,AA00BCCC0F4F964790635AC9A471748404693B37EF84221B1F66FEE80248061A
RAW_HEDGED_GRID_T100_S020_EURUSD_TAIL_TRAIL_SMOKE_TAIL100_A1_TR5,0.01,2025-03-16T23:00:00.000Z,2026-01-26T00:00:00.000Z,-1107.244947,-198.180661,9C79F113EC1654E4D7FBB67F51730D2C1BE40C3890EF6614B39DB197341FB96D
RAW_HEDGED_GRID_T100_S020_EURUSD_TAIL_TRAIL_SMOKE_TAIL100_A1_TR5,0.01,2025-03-16T23:00:00.000Z,2025-12-15T00:00:00.000Z,-1048.338363,-139.274077,F04BDA00DCA24D3649585FC2AE448FF2A6B4F6B8C8B48E6EEDE3041103F7A2ED
RAW_HEDGED_GRID_T100_S020_EURUSD_TAIL_TRAIL_SMOKE_TAIL100_A1_TR5,0.01,2025-03-16T23:00:00.000Z,2026-04-26T23:00:00.000Z,-995.678114,-86.613828,CE7980670AC7EF138BFC8EA7F4778BB8188EC5B040B659500A86CFF189A35F46
RAW_HEDGED_GRID_T100_S020_EURUSD_TAIL_TRAIL_SMOKE_TAIL100_A1_TR5,0.01,2025-03-16T23:00:00.000Z,2026-05-03T23:00:00.000Z,-937.399945,-28.335659,ED92817FF7050602F55E5432160968BFA190BA4A5294A3533381DB6DA8780C42
RAW_HEDGED_GRID_T100_S020_EURUSD_TAIL_TRAIL_SMOKE_TAIL100_A1_TR5,0.02,2025-03-16T23:00:00.000Z,2025-12-29T00:00:00.000Z,-1291.136611,-431.641325,833A0C0640D79E5B98D5238F14D50911A6129E2BD2DD810269CC5B8414628D1A
RAW_HEDGED_GRID_T100_S020_EURUSD_TAIL_TRAIL_SMOKE_TAIL100_A1_TR5,0.02,2025-03-16T23:00:00.000Z,2026-01-19T00:00:00.000Z,-1241.288664,-381.793378,9732605964CB84E88A57FF21466F6D11A2782968855DB506CBDB677FAA653C0F
RAW_HEDGED_GRID_T100_S020_EURUSD_TAIL_TRAIL_SMOKE_TAIL100_A1_TR5,0.02,2025-03-16T23:00:00.000Z,2026-02-23T00:00:00.000Z,-1223.74941,-364.254124,187AF129B25284724F76FAF199B3E45E3796020FDE0B12DB9D269109EDDCD453
RAW_HEDGED_GRID_T100_S020_EURUSD_TAIL_TRAIL_SMOKE_TAIL100_A1_TR5,0.02,2025-03-16T23:00:00.000Z,2026-02-16T00:00:00.000Z,-1161.037793,-301.542507,8DA2B459978959C892EBEF14B6290698589120B6F1C983E439E65E93B25B8D57
RAW_HEDGED_GRID_T100_S020_EURUSD_TAIL_TRAIL_SMOKE_TAIL100_A1_TR5,0.02,2025-03-16T23:00:00.000Z,2025-12-22T00:00:00.000Z,-1160.739616,-301.24433,30A42EF93B085045B2A6D405E058A7D53DF439E502619DADE413834BD4C591B7
RAW_HEDGED_GRID_T100_S020_EURUSD_TAIL_TRAIL_SMOKE_TAIL100_A1_TR5,0.02,2025-03-16T23:00:00.000Z,2025-12-08T00:00:00.000Z,-1125.613493,-266.118207,06D6697A88003B96923EF96890883614899E6903B9C15B9B45515022AC47FBA5
RAW_HEDGED_GRID_T100_S020_EURUSD_TAIL_TRAIL_SMOKE_TAIL100_A1_TR5,0.02,2025-03-16T23:00:00.000Z,2026-01-26T00:00:00.000Z,-1115.838447,-256.343161,3C37AFBC4D899B8E0EF076F2EFE6DCAF5C30AC5131019BC9D7C60722BB89CFF6
RAW_HEDGED_GRID_T100_S020_EURUSD_TAIL_TRAIL_SMOKE_TAIL100_A1_TR5,0.02,2025-03-16T23:00:00.000Z,2025-12-15T00:00:00.000Z,-1055.204363,-195.709077,EFCFB0E7DE59576171F85D428865EF99319DD907CF7F4BC9DDBF4D3BA10CE184
RAW_HEDGED_GRID_T100_S020_EURUSD_TAIL_TRAIL_SMOKE_TAIL100_A1_TR5,0.02,2025-03-16T23:00:00.000Z,2026-04-26T23:00:00.000Z,-1005.297614,-145.802328,45C3543498BF5C96F81238258A18726BD126970016BE91794A994A36B82D017B
RAW_HEDGED_GRID_T100_S020_EURUSD_TAIL_TRAIL_SMOKE_TAIL100_A1_TR5,0.02,2025-03-16T23:00:00.000Z,2026-05-03T23:00:00.000Z,-947.196445,-87.701159,042A32866FCC3E6ED74F5D888A209831511AE0F2F971E4DD75951AB287E115E6
RAW_HEDGED_GRID_T100_S020_EURUSD_TAIL_TRAIL_SMOKE_TAIL100_A1_TR5,0.05,2025-03-16T23:00:00.000Z,2025-12-29T00:00:00.000Z,-1313.129611,-602.341325,54BD1041C4F4DADAD870B62192E58C6EE9F873B6AA1D825EFDA1C253C41D6834
RAW_HEDGED_GRID_T100_S020_EURUSD_TAIL_TRAIL_SMOKE_TAIL100_A1_TR5,0.05,2025-03-16T23:00:00.000Z,2026-01-19T00:00:00.000Z,-1265.444664,-554.656378,DC6EABEA5DE495700F1A25FA762E99D61C13F86DE7A581323E51E8C4E91014ED
RAW_HEDGED_GRID_T100_S020_EURUSD_TAIL_TRAIL_SMOKE_TAIL100_A1_TR5,0.05,2025-03-16T23:00:00.000Z,2026-02-23T00:00:00.000Z,-1250.50491,-539.716624,50F8F6BA6CEB4EB84678C6CEF7795F18FBB65272CEE31974EB36F9B4E85A185A
RAW_HEDGED_GRID_T100_S020_EURUSD_TAIL_TRAIL_SMOKE_TAIL100_A1_TR5,0.05,2025-03-16T23:00:00.000Z,2026-02-16T00:00:00.000Z,-1187.215793,-476.427507,9455D01A458040D3F66D86598F9648144F99E42F8DBD7185163B60BA58E7D8A4
RAW_HEDGED_GRID_T100_S020_EURUSD_TAIL_TRAIL_SMOKE_TAIL100_A1_TR5,0.05,2025-03-16T23:00:00.000Z,2025-12-22T00:00:00.000Z,-1181.649616,-470.86133,27099B5B52ACE035CC95D4157617FF8C3A632467EB3933B1D436EBF6C9884536
RAW_HEDGED_GRID_T100_S020_EURUSD_TAIL_TRAIL_SMOKE_TAIL100_A1_TR5,0.05,2025-03-16T23:00:00.000Z,2025-12-08T00:00:00.000Z,-1145.284493,-434.496207,477DF10491DBE884D1FBEEE8F372CC22CFF8BD38F9849D0D80207F53737A58AB
RAW_HEDGED_GRID_T100_S020_EURUSD_TAIL_TRAIL_SMOKE_TAIL100_A1_TR5,0.05,2025-03-16T23:00:00.000Z,2026-01-26T00:00:00.000Z,-1141.618947,-430.830661,FAA02DFA74B50298FEF989F41012C0B46FE3404937A84CCD2E2EC224ED741FF5
RAW_HEDGED_GRID_T100_S020_EURUSD_TAIL_TRAIL_SMOKE_TAIL100_A1_TR5,0.05,2025-03-16T23:00:00.000Z,2025-12-15T00:00:00.000Z,-1075.802363,-365.014077,589E17E49C3304C6687B69BD5AC2D9AE6B3284A5D073F58C924BABCC030E9FC3
RAW_HEDGED_GRID_T100_S020_EURUSD_TAIL_TRAIL_SMOKE_TAIL100_A1_TR5,0.05,2025-03-16T23:00:00.000Z,2026-04-26T23:00:00.000Z,-1034.156114,-323.367828,A2C27BACE429DFF1DC78021903E50C5D1FD8A25DAEA044796FABCF89D8D2AB62
RAW_HEDGED_GRID_T100_S020_EURUSD_TAIL_TRAIL_SMOKE_TAIL100_A1_TR5,0.05,2025-03-16T23:00:00.000Z,2026-05-03T23:00:00.000Z,-976.585945,-265.797659,0B2979F075422345BC06056348CB164E03B5CE95269DCDAB6B400FFE51802537
RAW_HEDGED_GRID_T100_S020_EURUSD_TAIL_TRAIL_SMOKE_TAIL100_A1_TR5,0.1,2025-03-16T23:00:00.000Z,2025-12-29T00:00:00.000Z,-1349.784611,-886.841325,AC0D9F8E33E98447A4658ADAB79C595208E442F06F01486EDAF697E5BD776F5C
RAW_HEDGED_GRID_T100_S020_EURUSD_TAIL_TRAIL_SMOKE_TAIL100_A1_TR5,0.1,2025-03-16T23:00:00.000Z,2026-01-19T00:00:00.000Z,-1305.704664,-842.761378,DD43FE1D5EEEDCF0D57FA9B50E30614FEE5F0543478CF9C09C946677E6BF1F81
RAW_HEDGED_GRID_T100_S020_EURUSD_TAIL_TRAIL_SMOKE_TAIL100_A1_TR5,0.1,2025-03-16T23:00:00.000Z,2026-02-23T00:00:00.000Z,-1295.09741,-832.154124,80F169E89E1DCCAF35B3F49F7CFB9A2DC10DFAEF504DE90B35F0B84B5DB71763
RAW_HEDGED_GRID_T100_S020_EURUSD_TAIL_TRAIL_SMOKE_TAIL100_A1_TR5,0.1,2025-03-16T23:00:00.000Z,2026-02-16T00:00:00.000Z,-1230.845793,-767.902507,848D10D928E11E4BE8CFF684D87799B686D7A4DA229B8179E588474DE325BA68
RAW_HEDGED_GRID_T100_S020_EURUSD_TAIL_TRAIL_SMOKE_TAIL100_A1_TR5,0.1,2025-03-16T23:00:00.000Z,2025-12-22T00:00:00.000Z,-1216.499616,-753.55633,48A8F9EC269012DBC9D9A31D5157A3F91733FC6CA2E3F4284719BD0B1E7D7B50
RAW_HEDGED_GRID_T100_S020_EURUSD_TAIL_TRAIL_SMOKE_TAIL100_A1_TR5,0.1,2025-03-16T23:00:00.000Z,2026-01-26T00:00:00.000Z,-1184.586447,-721.643161,2E4119261EF9133058AB46E7010CE0F33E2A185172257D13AEF7B7D498E2EAD5
RAW_HEDGED_GRID_T100_S020_EURUSD_TAIL_TRAIL_SMOKE_TAIL100_A1_TR5,0.1,2025-03-16T23:00:00.000Z,2025-12-08T00:00:00.000Z,-1178.069493,-715.126207,04E3902D289F81872F057427D92BC5A603F0B50A231EB0A0A0512599647DAF5B
RAW_HEDGED_GRID_T100_S020_EURUSD_TAIL_TRAIL_SMOKE_TAIL100_A1_TR5,0.1,2025-03-16T23:00:00.000Z,2025-12-15T00:00:00.000Z,-1110.132363,-647.189077,D14C72D300FED4A7A596842D93EAFE08C8221055CE6B02D7BB77242B44BCEB39
RAW_HEDGED_GRID_T100_S020_EURUSD_TAIL_TRAIL_SMOKE_TAIL100_A1_TR5,0.1,2025-03-16T23:00:00.000Z,2026-04-26T23:00:00.000Z,-1082.253614,-619.310328,D671C516E52AC7EE810F367BACDD57872E018C97563BFA7A9EA63A3AD0EB3B49
RAW_HEDGED_GRID_T100_S020_EURUSD_TAIL_TRAIL_SMOKE_TAIL100_A1_TR5,0.1,2025-03-16T23:00:00.000Z,2026-05-03T23:00:00.000Z,-1025.568445,-562.625159,6A24E6C54A760E10BE4FF706371F51F9D88D2B3DAE4539080C25F1CE5878B86A
RAW_HEDGED_GRID_T100_S020_EURUSD_TAIL_TRAIL_SMOKE_TAIL100_A1_TR5,0.2,2024-05-05T23:00:00.000Z,2025-12-29T00:00:00.000Z,-1473.5173,-1455.841325,557212A9C88C44AEEED39B31DE1419A38B6A3A63A9BB17BD2C4634FA83737BDA
RAW_HEDGED_GRID_T100_S020_EURUSD_TAIL_TRAIL_SMOKE_TAIL100_A1_TR5,0.2,2024-05-05T23:00:00.000Z,2026-01-19T00:00:00.000Z,-1436.647353,-1418.971378,415AF8E3EC850F9FB2D5790A1E824DBF960A05A3BEC5A3984FB511923EA0AA81
RAW_HEDGED_GRID_T100_S020_EURUSD_TAIL_TRAIL_SMOKE_TAIL100_A1_TR5,0.2,2024-05-05T23:00:00.000Z,2026-02-23T00:00:00.000Z,-1434.705099,-1417.029124,6FBD253472D2F4A1F6953F8B0112A9884FE80C037996F43546855CDC3D5026D0
RAW_HEDGED_GRID_T100_S020_EURUSD_TAIL_TRAIL_SMOKE_TAIL100_A1_TR5,0.2,2024-05-05T23:00:00.000Z,2026-02-16T00:00:00.000Z,-1368.528482,-1350.852507,93896DB7686540D5A23678248688B793CE289FC3833FE8FA6FA030067AC13D6F
RAW_HEDGED_GRID_T100_S020_EURUSD_TAIL_TRAIL_SMOKE_TAIL100_A1_TR5,0.2,2024-05-05T23:00:00.000Z,2025-12-22T00:00:00.000Z,-1336.622305,-1318.94633,3539E13E11F0537E683F2B78ABAF5703EB9AC8C725651A03DD2A76B850511ECA
RAW_HEDGED_GRID_T100_S020_EURUSD_TAIL_TRAIL_SMOKE_TAIL100_A1_TR5,0.2,2024-05-05T23:00:00.000Z,2026-01-26T00:00:00.000Z,-1320.944136,-1303.268161,B9D1DD53C4C43CB797BEB39AD856C0EA2BE06B5A4B4ECAF9D4F2C07538AE7F70
RAW_HEDGED_GRID_T100_S020_EURUSD_TAIL_TRAIL_SMOKE_TAIL100_A1_TR5,0.2,2024-05-05T23:00:00.000Z,2025-12-08T00:00:00.000Z,-1294.062182,-1276.386207,48C0A5956822E5A9D04F84E9F6E7AD9149CC7F1A220A91AC5BE64FDE42DCA6E5
RAW_HEDGED_GRID_T100_S020_EURUSD_TAIL_TRAIL_SMOKE_TAIL100_A1_TR5,0.2,2024-05-05T23:00:00.000Z,2025-12-15T00:00:00.000Z,-1229.215052,-1211.539077,A3A52170709B9BA7A71D0904C55A78D9B80E3A4382A0A10C174555A35CA957FD
RAW_HEDGED_GRID_T100_S020_EURUSD_TAIL_TRAIL_SMOKE_TAIL100_A1_TR5,0.2,2024-05-05T23:00:00.000Z,2026-04-26T23:00:00.000Z,-1228.871303,-1211.195328,669D73F6F7116BA24AC1154F36C2FD147629FB26DB8810D8391DD7F4FEBD8CFC
RAW_HEDGED_GRID_T100_S020_EURUSD_TAIL_TRAIL_SMOKE_TAIL100_A1_TR5,0.2,2024-05-05T23:00:00.000Z,2026-05-03T23:00:00.000Z,-1173.956134,-1156.280159,EC1054C6794DD742541A9ADA3A19A23E97E05ECAEEC0E3DCF250AAE41D0A7A3A
RAW_HEDGED_GRID_T100_S020_EURUSD_TAIL_TRAIL_SMOKE_TAIL100_A1_TR5,0.5,,2026-02-23T00:00:00.000Z,-3171.654124,-3171.654124,F452696338ABAD1851488B31918D2948FF2F4FCF8280242EFED7755037464DF1
RAW_HEDGED_GRID_T100_S020_EURUSD_TAIL_TRAIL_SMOKE_TAIL100_A1_TR5,0.5,,2025-12-29T00:00:00.000Z,-3162.841325,-3162.841325,42E108B2929524CB7EA5A250FF7DE06844522CF30EADA37991A26248DBCC8461
RAW_HEDGED_GRID_T100_S020_EURUSD_TAIL_TRAIL_SMOKE_TAIL100_A1_TR5,0.5,,2026-01-19T00:00:00.000Z,-3147.601378,-3147.601378,AF27DDDEAFEFACB7121DDF743D08A9F0C4F2C4E1309E02A17564AF92447D741F
RAW_HEDGED_GRID_T100_S020_EURUSD_TAIL_TRAIL_SMOKE_TAIL100_A1_TR5,0.5,,2026-02-16T00:00:00.000Z,-3099.702507,-3099.702507,50F7CBDA6518A195EF7E20885F29EE18729A0445ADA3D402A90A331EF7489807
RAW_HEDGED_GRID_T100_S020_EURUSD_TAIL_TRAIL_SMOKE_TAIL100_A1_TR5,0.5,,2026-01-26T00:00:00.000Z,-3048.143161,-3048.143161,3243A3B842806531845E2F273EEAF7DBF57688F3D68A81D1F62921372B80A66C
RAW_HEDGED_GRID_T100_S020_EURUSD_TAIL_TRAIL_SMOKE_TAIL100_A1_TR5,0.5,,2025-12-22T00:00:00.000Z,-3015.11633,-3015.11633,38290FA09F555592623721C3CD3CF8D1EF178626FBE39A2519F96B8DEBA14C5C
RAW_HEDGED_GRID_T100_S020_EURUSD_TAIL_TRAIL_SMOKE_TAIL100_A1_TR5,0.5,,2026-04-26T23:00:00.000Z,-2986.850328,-2986.850328,ADADD22F79134C5147ABD441D2F239F694618F12177612FCB577C6EB5D03AD69
RAW_HEDGED_GRID_T100_S020_EURUSD_TAIL_TRAIL_SMOKE_TAIL100_A1_TR5,0.5,,2025-12-08T00:00:00.000Z,-2960.166207,-2960.166207,C8F4F0CE1C0503C99615D6E9F73A40B4BA057A97A5A9978FB3D753FE940BC066
RAW_HEDGED_GRID_T100_S020_EURUSD_TAIL_TRAIL_SMOKE_TAIL100_A1_TR5,0.5,,2026-05-03T23:00:00.000Z,-2937.245159,-2937.245159,9B64B970138F0102C494EDECCDC984595360FD86452DB1AF2541EAA5010A8CDD
RAW_HEDGED_GRID_T100_S020_EURUSD_TAIL_TRAIL_SMOKE_TAIL100_A1_TR5,0.5,,2025-12-15T00:00:00.000Z,-2904.589077,-2904.589077,BF0434D80E5E0DEA411FD6A823E872F7ABC99066D30EE4F0AD50804B1E8A98FB
RAW_HEDGED_GRID_T100_S020_EURUSD_TAIL_TRAIL_SMOKE_TAIL100_A2_TR1,0,2025-03-16T23:00:00.000Z,2025-12-29T00:00:00.000Z,-1286.207232,-267.287748,BB0D9B8D37BF87B76C09642ACF6FFF8B0BC6BF62FECB6CFDEC3A0938B92B6562
RAW_HEDGED_GRID_T100_S020_EURUSD_TAIL_TRAIL_SMOKE_TAIL100_A2_TR1,0,2025-03-16T23:00:00.000Z,2026-01-19T00:00:00.000Z,-1231.732747,-212.813263,8A5361B4CD965D6B0EF311BCB35B3BE50D38B70ECFBD7FA1187E18F07A0AD9F3
RAW_HEDGED_GRID_T100_S020_EURUSD_TAIL_TRAIL_SMOKE_TAIL100_A2_TR1,0,2025-03-16T23:00:00.000Z,2026-02-23T00:00:00.000Z,-1205.533846,-186.614362,790862030E095DCF7D435DC17622A760BEF83BC8E39383A7DA1F854811C6CE5A
RAW_HEDGED_GRID_T100_S020_EURUSD_TAIL_TRAIL_SMOKE_TAIL100_A2_TR1,0,2025-03-16T23:00:00.000Z,2025-12-22T00:00:00.000Z,-1146.899159,-127.979675,648D902AC888A1057601B5CEE1C8D564164A550EEBC28016023649878E9978B8
RAW_HEDGED_GRID_T100_S020_EURUSD_TAIL_TRAIL_SMOKE_TAIL100_A2_TR1,0,2025-03-16T23:00:00.000Z,2026-02-16T00:00:00.000Z,-1143.597354,-124.67787,6BE4C0CB9E625D25BEF582B27A6C110BB4E64A29CF81F5655D8514E38E486572
RAW_HEDGED_GRID_T100_S020_EURUSD_TAIL_TRAIL_SMOKE_TAIL100_A2_TR1,0,2025-03-16T23:00:00.000Z,2025-12-08T00:00:00.000Z,-1118.614202,-99.694718,1E58D87C8063C08A7B3D70521C75A6AC0967BBDB751767C3A1D30410F251DD5A
RAW_HEDGED_GRID_T100_S020_EURUSD_TAIL_TRAIL_SMOKE_TAIL100_A2_TR1,0,2025-03-16T23:00:00.000Z,2026-01-26T00:00:00.000Z,-1082.974288,-64.054804,E01613562947D6A9B3A3EAD46C656E448BFECB27BC65A920E1EFD8741E106801
RAW_HEDGED_GRID_T100_S020_EURUSD_TAIL_TRAIL_SMOKE_TAIL100_A2_TR1,0,2025-03-16T23:00:00.000Z,2025-12-15T00:00:00.000Z,-1047.94705,-29.027566,C6155320C3547D01376ACDB506450CE2A7AFB195DD8E9B2569E1427901E31B01
RAW_HEDGED_GRID_T100_S020_EURUSD_TAIL_TRAIL_SMOKE_TAIL100_A2_TR1,0,2025-03-16T23:00:00.000Z,2026-04-26T23:00:00.000Z,-980.233577,38.685907,3B73AC4062E74A227585DBF07CF9D06574F22648E6965192897F6E996A4CA9C5
RAW_HEDGED_GRID_T100_S020_EURUSD_TAIL_TRAIL_SMOKE_TAIL100_A2_TR1,0,2020-06-14T23:00:00.000Z,2021-02-22T00:00:00.000Z,-961.98565,-829.786696,85CEE771DCA514A943495BA28C987582F94000B1D0CC87BDF6DE8D468FD3E20D
RAW_HEDGED_GRID_T100_S020_EURUSD_TAIL_TRAIL_SMOKE_TAIL100_A2_TR1,0.0025,2025-03-16T23:00:00.000Z,2025-12-29T00:00:00.000Z,-1288.039732,-281.505998,5DAFBBD7BEAA3C80032215607D55035ECA86B6EFF25950775CF61A333ACF04DC
RAW_HEDGED_GRID_T100_S020_EURUSD_TAIL_TRAIL_SMOKE_TAIL100_A2_TR1,0.0025,2025-03-16T23:00:00.000Z,2026-01-19T00:00:00.000Z,-1233.747747,-227.214013,4AA663C94CAFC99A679096B55141ABDFFB3FBCD2B73437A2A2A6ED33685E5ED0
RAW_HEDGED_GRID_T100_S020_EURUSD_TAIL_TRAIL_SMOKE_TAIL100_A2_TR1,0.0025,2025-03-16T23:00:00.000Z,2026-02-23T00:00:00.000Z,-1207.764846,-201.231112,CB9CEEBDEA5164701BC6750D4C18A684F7579D3278CCE31C1F6F62692909925A
RAW_HEDGED_GRID_T100_S020_EURUSD_TAIL_TRAIL_SMOKE_TAIL100_A2_TR1,0.0025,2025-03-16T23:00:00.000Z,2025-12-22T00:00:00.000Z,-1148.644784,-142.11105,E741666B817173941CFE2FD2E80837DDAABE07D5E82DF42D851753515E4E29F6
RAW_HEDGED_GRID_T100_S020_EURUSD_TAIL_TRAIL_SMOKE_TAIL100_A2_TR1,0.0025,2025-03-16T23:00:00.000Z,2026-02-16T00:00:00.000Z,-1145.780229,-139.246495,DB9BFC279313B9464BCE0A9BCE06878127DE178803E9C62A38D37D470720E65D
RAW_HEDGED_GRID_T100_S020_EURUSD_TAIL_TRAIL_SMOKE_TAIL100_A2_TR1,0.0025,2025-03-16T23:00:00.000Z,2025-12-08T00:00:00.000Z,-1120.259327,-113.725593,9557F6CC3FF172CF625948FBFA4BDD4ACD6EB8C8A4B7F57EF284C5313D238C6E
RAW_HEDGED_GRID_T100_S020_EURUSD_TAIL_TRAIL_SMOKE_TAIL100_A2_TR1,0.0025,2025-03-16T23:00:00.000Z,2026-01-26T00:00:00.000Z,-1085.124663,-78.590929,33A015914EA8BF2937632CF4C0F74A63B9377892645742968FED7D5645A00504
RAW_HEDGED_GRID_T100_S020_EURUSD_TAIL_TRAIL_SMOKE_TAIL100_A2_TR1,0.0025,2025-03-16T23:00:00.000Z,2025-12-15T00:00:00.000Z,-1049.6643,-43.130566,C6C4D7A179A204E23CFAB30FCE215B9AFA5424AB69814824B36D25E3A0253EC8
RAW_HEDGED_GRID_T100_S020_EURUSD_TAIL_TRAIL_SMOKE_TAIL100_A2_TR1,0.0025,2025-03-16T23:00:00.000Z,2026-04-26T23:00:00.000Z,-982.639452,23.894282,FF5D06752368B153BA2DFEA5DE87ECE370FC9019542204FE8AD02BC2C3EB1AA9
RAW_HEDGED_GRID_T100_S020_EURUSD_TAIL_TRAIL_SMOKE_TAIL100_A2_TR1,0.0025,2020-06-14T23:00:00.000Z,2021-02-22T00:00:00.000Z,-963.6239,-833.211696,0C1348850B26E4AF9F9EBFCF54B565261588F8F6A12DB83B065057ED3AB16247
RAW_HEDGED_GRID_T100_S020_EURUSD_TAIL_TRAIL_SMOKE_TAIL100_A2_TR1,0.005,2025-03-16T23:00:00.000Z,2025-12-29T00:00:00.000Z,-1289.872232,-295.724248,CB29FC13CC5B5F775C85BDDBC2F083E05AAE57785F8C5178C128CA48EB0F9098
RAW_HEDGED_GRID_T100_S020_EURUSD_TAIL_TRAIL_SMOKE_TAIL100_A2_TR1,0.005,2025-03-16T23:00:00.000Z,2026-01-19T00:00:00.000Z,-1235.762747,-241.614763,2D6C67DBFB29812942573514BA447C4FC67CADD907ECC0D2923771FDD2EDE984
RAW_HEDGED_GRID_T100_S020_EURUSD_TAIL_TRAIL_SMOKE_TAIL100_A2_TR1,0.005,2025-03-16T23:00:00.000Z,2026-02-23T00:00:00.000Z,-1209.995846,-215.847862,0C9953BB083B5ADB1E60350E262D36E4D9218387EDD383EE38FF2218E5DA261A
RAW_HEDGED_GRID_T100_S020_EURUSD_TAIL_TRAIL_SMOKE_TAIL100_A2_TR1,0.005,2025-03-16T23:00:00.000Z,2025-12-22T00:00:00.000Z,-1150.390409,-156.242425,7AC690C75EF0672EE660941FFDE59A936AC6025185DAF778E8C623DC8D5DCCCC
RAW_HEDGED_GRID_T100_S020_EURUSD_TAIL_TRAIL_SMOKE_TAIL100_A2_TR1,0.005,2025-03-16T23:00:00.000Z,2026-02-16T00:00:00.000Z,-1147.963104,-153.81512,6CF9C3236866BE8890CDF119C8EAC6FE78F3403E9D3F4964E4952148BBD0B930
RAW_HEDGED_GRID_T100_S020_EURUSD_TAIL_TRAIL_SMOKE_TAIL100_A2_TR1,0.005,2025-03-16T23:00:00.000Z,2025-12-08T00:00:00.000Z,-1121.904452,-127.756468,AFE11AD157ADB491C922872A0CBB4B9A9F0B1F5B2ADEDD3953F35D874CBB43B1
RAW_HEDGED_GRID_T100_S020_EURUSD_TAIL_TRAIL_SMOKE_TAIL100_A2_TR1,0.005,2025-03-16T23:00:00.000Z,2026-01-26T00:00:00.000Z,-1087.275038,-93.127054,78ED77643CCD88A149C6918623D630C29FFE281058950A94B369A74CE07D7F28
RAW_HEDGED_GRID_T100_S020_EURUSD_TAIL_TRAIL_SMOKE_TAIL100_A2_TR1,0.005,2025-03-16T23:00:00.000Z,2025-12-15T00:00:00.000Z,-1051.38155,-57.233566,260DD4213B7D0FC79E0EA7EF24E53366A8C96945469951E9C45F4DB45570165F
RAW_HEDGED_GRID_T100_S020_EURUSD_TAIL_TRAIL_SMOKE_TAIL100_A2_TR1,0.005,2025-03-16T23:00:00.000Z,2026-04-26T23:00:00.000Z,-985.045327,9.102657,1C79CBAE047AC815FF307AC70160546FA636D3F2F0956D0866DA613CAB434705
RAW_HEDGED_GRID_T100_S020_EURUSD_TAIL_TRAIL_SMOKE_TAIL100_A2_TR1,0.005,2020-06-14T23:00:00.000Z,2021-02-22T00:00:00.000Z,-965.26215,-836.636696,AB937C77295410FBDA050CD7D729CE38282FBC09F0BFFE8812FD7DD6F5775ACD
RAW_HEDGED_GRID_T100_S020_EURUSD_TAIL_TRAIL_SMOKE_TAIL100_A2_TR1,0.01,2025-03-16T23:00:00.000Z,2025-12-29T00:00:00.000Z,-1293.537232,-324.160748,A4070404824D9AA8E5C9410A5D22CC87520DBE17C7E69A3FFB0BD651EF39652C
RAW_HEDGED_GRID_T100_S020_EURUSD_TAIL_TRAIL_SMOKE_TAIL100_A2_TR1,0.01,2025-03-16T23:00:00.000Z,2026-01-19T00:00:00.000Z,-1239.792747,-270.416263,0D215351D0F7CDD012EC254E5C7C61371BD99B2B33375FBF0E4B55A61A8A27F8
RAW_HEDGED_GRID_T100_S020_EURUSD_TAIL_TRAIL_SMOKE_TAIL100_A2_TR1,0.01,2025-03-16T23:00:00.000Z,2026-02-23T00:00:00.000Z,-1214.457846,-245.081362,BCE75F0AE2BD6F06764A2F4CA386A0A46CB9E4423C2951349BD2160408E1EAEF
RAW_HEDGED_GRID_T100_S020_EURUSD_TAIL_TRAIL_SMOKE_TAIL100_A2_TR1,0.01,2025-03-16T23:00:00.000Z,2025-12-22T00:00:00.000Z,-1153.881659,-184.505175,41B71902F97BDA34B46D73D5E20722B6810C084E10F9ACD7FA4A70F5C973698B
RAW_HEDGED_GRID_T100_S020_EURUSD_TAIL_TRAIL_SMOKE_TAIL100_A2_TR1,0.01,2025-03-16T23:00:00.000Z,2026-02-16T00:00:00.000Z,-1152.328854,-182.95237,97C8351BA2627F0B0F9C3BF8812D09D608F8EC602F4FF6147BAAAA27038F1230
RAW_HEDGED_GRID_T100_S020_EURUSD_TAIL_TRAIL_SMOKE_TAIL100_A2_TR1,0.01,2025-03-16T23:00:00.000Z,2025-12-08T00:00:00.000Z,-1125.194702,-155.818218,A71CA85542917279E8DDE106B9DA308E532A928A116C7F41E5F3603BA8909C36
RAW_HEDGED_GRID_T100_S020_EURUSD_TAIL_TRAIL_SMOKE_TAIL100_A2_TR1,0.01,2025-03-16T23:00:00.000Z,2026-01-26T00:00:00.000Z,-1091.575788,-122.199304,237C7FDE2F40D3E8AB283E1AA4C7EC255D763FDE213FC213AF317FA32F46304B
RAW_HEDGED_GRID_T100_S020_EURUSD_TAIL_TRAIL_SMOKE_TAIL100_A2_TR1,0.01,2025-03-16T23:00:00.000Z,2025-12-15T00:00:00.000Z,-1054.81605,-85.439566,B28E46C4674D1DBDE0DCDA3FB9C9A37E93E17A367F67A7E05E3E2BC459A728DA
RAW_HEDGED_GRID_T100_S020_EURUSD_TAIL_TRAIL_SMOKE_TAIL100_A2_TR1,0.01,2025-03-16T23:00:00.000Z,2026-04-26T23:00:00.000Z,-989.857077,-20.480593,1F728B9EB2407FDC674D7FB1FC0395AE5F8E1789DBDAEDF6C3443C18A74B5BDA
RAW_HEDGED_GRID_T100_S020_EURUSD_TAIL_TRAIL_SMOKE_TAIL100_A2_TR1,0.01,2020-06-14T23:00:00.000Z,2021-02-22T00:00:00.000Z,-968.53865,-843.486696,09CD15764CA4B9AD1B646ADC79F0D2BA5BDA181A2A68B9EF88E34737193C13DD
RAW_HEDGED_GRID_T100_S020_EURUSD_TAIL_TRAIL_SMOKE_TAIL100_A2_TR1,0.02,2025-03-16T23:00:00.000Z,2025-12-29T00:00:00.000Z,-1300.867232,-381.033748,9B9C4FF543DA7EEFA46D9252908040C9F46A4D2CBA5A07983223AC4C110E8230
RAW_HEDGED_GRID_T100_S020_EURUSD_TAIL_TRAIL_SMOKE_TAIL100_A2_TR1,0.02,2025-03-16T23:00:00.000Z,2026-01-19T00:00:00.000Z,-1247.852747,-328.019263,30901E69AA4220FECEDE27F7C7F093CF267AF934DDAC0B3C2ADC532965FF9755
RAW_HEDGED_GRID_T100_S020_EURUSD_TAIL_TRAIL_SMOKE_TAIL100_A2_TR1,0.02,2025-03-16T23:00:00.000Z,2026-02-23T00:00:00.000Z,-1223.381846,-303.548362,374253D76A94381494C4E95795AE3C0754104207E585941BB31C943821E9AFE9
RAW_HEDGED_GRID_T100_S020_EURUSD_TAIL_TRAIL_SMOKE_TAIL100_A2_TR1,0.02,2025-03-16T23:00:00.000Z,2026-02-16T00:00:00.000Z,-1161.060354,-241.22687,8DB85721590D4BE9D19B4C05C28D59380E531EBAD4BAF9E3B4E3B9BD7E265B41
RAW_HEDGED_GRID_T100_S020_EURUSD_TAIL_TRAIL_SMOKE_TAIL100_A2_TR1,0.02,2025-03-16T23:00:00.000Z,2025-12-22T00:00:00.000Z,-1160.864159,-241.030675,426FF9177D66EA2FE02430F21E3C8563949AC07C99D9120B64B2E027841E5968
RAW_HEDGED_GRID_T100_S020_EURUSD_TAIL_TRAIL_SMOKE_TAIL100_A2_TR1,0.02,2025-03-16T23:00:00.000Z,2025-12-08T00:00:00.000Z,-1131.775202,-211.941718,0D337510C19AACE027DB3204D5E0E1F2C9538EE8D3BC4BDC4E4C1EB4B805880F
RAW_HEDGED_GRID_T100_S020_EURUSD_TAIL_TRAIL_SMOKE_TAIL100_A2_TR1,0.02,2025-03-16T23:00:00.000Z,2026-01-26T00:00:00.000Z,-1100.177288,-180.343804,CA9AE15CDE21E679B8F4840E7C06C58C4B5E8DD3ACAB18D6B1766071C0E25E8A
RAW_HEDGED_GRID_T100_S020_EURUSD_TAIL_TRAIL_SMOKE_TAIL100_A2_TR1,0.02,2025-03-16T23:00:00.000Z,2025-12-15T00:00:00.000Z,-1061.68505,-141.851566,0457B86A0FE90C2C8AD10A2C593411FCC4CE9BC4AA05F22D39C06A158B1D0CA7
RAW_HEDGED_GRID_T100_S020_EURUSD_TAIL_TRAIL_SMOKE_TAIL100_A2_TR1,0.02,2025-03-16T23:00:00.000Z,2026-04-26T23:00:00.000Z,-999.480577,-79.647093,AC54C2E2517C52D01A938622CB5E2C465B60636394C2C2C6514C20ED4D2BA658
RAW_HEDGED_GRID_T100_S020_EURUSD_TAIL_TRAIL_SMOKE_TAIL100_A2_TR1,0.02,2020-05-17T23:00:00.000Z,2021-02-22T00:00:00.000Z,-975.563913,-857.186696,A3033C1187454604E24E2FAFE35E2A8875003499D932041DB033E91EC548516D
RAW_HEDGED_GRID_T100_S020_EURUSD_TAIL_TRAIL_SMOKE_TAIL100_A2_TR1,0.05,2025-03-16T23:00:00.000Z,2025-12-29T00:00:00.000Z,-1322.857232,-551.652748,5457B956ADE58335D3D1B11694A11A0B1041D9A2F6D9C3392B7CFF0C3C0F8D98
RAW_HEDGED_GRID_T100_S020_EURUSD_TAIL_TRAIL_SMOKE_TAIL100_A2_TR1,0.05,2025-03-16T23:00:00.000Z,2026-01-19T00:00:00.000Z,-1272.032747,-500.828263,6351327CEA2C38BB77C137E27669F5D7E8C594A931719D3D8DBDCFE415D374EA
RAW_HEDGED_GRID_T100_S020_EURUSD_TAIL_TRAIL_SMOKE_TAIL100_A2_TR1,0.05,2025-03-16T23:00:00.000Z,2026-02-23T00:00:00.000Z,-1250.153846,-478.949362,B1E886C07244D0C45956EE0D58F1FCAEAFF07E2D847B0B88A9A0D9A432508CF6
RAW_HEDGED_GRID_T100_S020_EURUSD_TAIL_TRAIL_SMOKE_TAIL100_A2_TR1,0.05,2025-03-16T23:00:00.000Z,2026-02-16T00:00:00.000Z,-1187.254854,-416.05037,36460653689351B7260A4886734B60AE2D78C5231A0B891EE6AA8735120ACC1D
RAW_HEDGED_GRID_T100_S020_EURUSD_TAIL_TRAIL_SMOKE_TAIL100_A2_TR1,0.05,2025-03-16T23:00:00.000Z,2025-12-22T00:00:00.000Z,-1181.811659,-410.607175,63E8DFFA7470C7A6F7555E1D60FA2D1E49B1974055B415C0A772E8CB820470EC
RAW_HEDGED_GRID_T100_S020_EURUSD_TAIL_TRAIL_SMOKE_TAIL100_A2_TR1,0.05,2025-03-16T23:00:00.000Z,2025-12-08T00:00:00.000Z,-1151.516702,-380.312218,5A648EEFE79F904C2391530825E12E92D479AAD382256418B82D0BDE5C77D594
RAW_HEDGED_GRID_T100_S020_EURUSD_TAIL_TRAIL_SMOKE_TAIL100_A2_TR1,0.05,2025-03-16T23:00:00.000Z,2026-01-26T00:00:00.000Z,-1125.981788,-354.777304,0D78B45CADC804B23F3D62EA038E1771BF923461EBD642ED16DB4EE4841D7E30
RAW_HEDGED_GRID_T100_S020_EURUSD_TAIL_TRAIL_SMOKE_TAIL100_A2_TR1,0.05,2025-03-16T23:00:00.000Z,2025-12-15T00:00:00.000Z,-1082.29205,-311.087566,475201E06DD009DB9D9C6A360A061496741229FE7048E4EDAF68DAEF3387EFE3
RAW_HEDGED_GRID_T100_S020_EURUSD_TAIL_TRAIL_SMOKE_TAIL100_A2_TR1,0.05,2025-03-16T23:00:00.000Z,2026-04-26T23:00:00.000Z,-1028.351077,-257.146593,C86B5C6719463BDC674D0A1287872B4BFD5CD215352770F36BC126CD584476DF
RAW_HEDGED_GRID_T100_S020_EURUSD_TAIL_TRAIL_SMOKE_TAIL100_A2_TR1,0.05,2020-05-17T23:00:00.000Z,2021-02-22T00:00:00.000Z,-998.180913,-898.286696,3ACDD7CDF232B2C1113EC8DF4335CA57F8CFA1B2D66502B3E54FC9467E2CAE18
RAW_HEDGED_GRID_T100_S020_EURUSD_TAIL_TRAIL_SMOKE_TAIL100_A2_TR1,0.1,2025-03-16T23:00:00.000Z,2025-12-29T00:00:00.000Z,-1359.507232,-836.017748,10615EB688ED123144C65B885982FFC82E519E607D271124B935BFF5607A9B2F
RAW_HEDGED_GRID_T100_S020_EURUSD_TAIL_TRAIL_SMOKE_TAIL100_A2_TR1,0.1,2025-03-16T23:00:00.000Z,2026-01-19T00:00:00.000Z,-1312.332747,-788.843263,13B4FC0167CDB1BB1B98A1AD79D65E80973B265039D9FC904E4F8F80A9C0616D
RAW_HEDGED_GRID_T100_S020_EURUSD_TAIL_TRAIL_SMOKE_TAIL100_A2_TR1,0.1,2025-03-16T23:00:00.000Z,2026-02-23T00:00:00.000Z,-1294.773846,-771.284362,3437CCC81F10BB598A8C2C9B8B20553C834A45012BF912D99016FF98443ED206
RAW_HEDGED_GRID_T100_S020_EURUSD_TAIL_TRAIL_SMOKE_TAIL100_A2_TR1,0.1,2025-03-16T23:00:00.000Z,2026-02-16T00:00:00.000Z,-1230.912354,-707.42287,636EB9300ECACF644D1A6CDF210D89E3BBB1312348323FA19C296E2C0CDC5313
RAW_HEDGED_GRID_T100_S020_EURUSD_TAIL_TRAIL_SMOKE_TAIL100_A2_TR1,0.1,2025-03-16T23:00:00.000Z,2025-12-22T00:00:00.000Z,-1216.724159,-693.234675,FD3C0EDEB57187DE808A5E4012026B7CC6EAFA10631E4B4488E3B4D7E597F2BF
RAW_HEDGED_GRID_T100_S020_EURUSD_TAIL_TRAIL_SMOKE_TAIL100_A2_TR1,0.1,2025-03-16T23:00:00.000Z,2025-12-08T00:00:00.000Z,-1184.419202,-660.929718,72CF67D2AA75A777E7672D0459CA927B6E02A6DC8FF08B28C94AF4BD7B167107
RAW_HEDGED_GRID_T100_S020_EURUSD_TAIL_TRAIL_SMOKE_TAIL100_A2_TR1,0.1,2025-03-16T23:00:00.000Z,2026-01-26T00:00:00.000Z,-1168.989288,-645.499804,5A17D3CA24F3349C020D4A474B15E0A98AE8213213F7E3C438DA60F1C6F08941
RAW_HEDGED_GRID_T100_S020_EURUSD_TAIL_TRAIL_SMOKE_TAIL100_A2_TR1,0.1,2025-03-16T23:00:00.000Z,2025-12-15T00:00:00.000Z,-1116.63705,-593.147566,01FF99764334311DCA60E6EB49E04275FB73F31DF405F5D73B19824AEF632F2D
RAW_HEDGED_GRID_T100_S020_EURUSD_TAIL_TRAIL_SMOKE_TAIL100_A2_TR1,0.1,2025-03-16T23:00:00.000Z,2026-04-26T23:00:00.000Z,-1076.468577,-552.979093,59F270B003D9E092962F49557D3283F03575899A76E3CC1EA82C0C64F8ADCDAA
RAW_HEDGED_GRID_T100_S020_EURUSD_TAIL_TRAIL_SMOKE_TAIL100_A2_TR1,0.1,2020-05-17T23:00:00.000Z,2021-02-22T00:00:00.000Z,-1035.875913,-966.786696,828AB44C37724887183867C8E2E202833467FDB7FD6A571ABD0BC9C1F6CC8496
RAW_HEDGED_GRID_T100_S020_EURUSD_TAIL_TRAIL_SMOKE_TAIL100_A2_TR1,0.2,2025-03-16T23:00:00.000Z,2025-12-29T00:00:00.000Z,-1432.807232,-1404.747748,5C2CB7AA59223B84DEB8230F49B26AF78E61C62D957EE9AA0BA7822C83B05196
RAW_HEDGED_GRID_T100_S020_EURUSD_TAIL_TRAIL_SMOKE_TAIL100_A2_TR1,0.2,2025-03-16T23:00:00.000Z,2026-01-19T00:00:00.000Z,-1392.932747,-1364.873263,47ACD2B152E229D9BEAAEB4AC59210ADAB2229E555FA5D63097749001C55CB28
RAW_HEDGED_GRID_T100_S020_EURUSD_TAIL_TRAIL_SMOKE_TAIL100_A2_TR1,0.2,2025-03-16T23:00:00.000Z,2026-02-23T00:00:00.000Z,-1384.013846,-1355.954362,2E008A7CBD89AD5E3C9EBB310E7A814B57532B1A3F4C5894430ACDF21888DFDB
RAW_HEDGED_GRID_T100_S020_EURUSD_TAIL_TRAIL_SMOKE_TAIL100_A2_TR1,0.2,2025-03-16T23:00:00.000Z,2026-02-16T00:00:00.000Z,-1318.227354,-1290.16787,E0B8C6FFE2841E87F23ECE3BB6A3A564970CD98D7FCD706435CDF304A983CADF
RAW_HEDGED_GRID_T100_S020_EURUSD_TAIL_TRAIL_SMOKE_TAIL100_A2_TR1,0.2,2025-03-16T23:00:00.000Z,2025-12-22T00:00:00.000Z,-1286.549159,-1258.489675,C12845F4B38C2B396B105A555ADFD247DECF0A0EA5E573CDCEE94A1932E75220
RAW_HEDGED_GRID_T100_S020_EURUSD_TAIL_TRAIL_SMOKE_TAIL100_A2_TR1,0.2,2025-03-16T23:00:00.000Z,2026-01-26T00:00:00.000Z,-1255.004288,-1226.944804,B58437C948B0598A9B93D0C729B8A7248EAB843434C0CA706991CC8EA5FEF623
RAW_HEDGED_GRID_T100_S020_EURUSD_TAIL_TRAIL_SMOKE_TAIL100_A2_TR1,0.2,2025-03-16T23:00:00.000Z,2025-12-08T00:00:00.000Z,-1250.224202,-1222.164718,0E8D87CBF054158909AEB1E257D1AE0BB6B3CD2ED56903A361EA4B289AE4DCC5
RAW_HEDGED_GRID_T100_S020_EURUSD_TAIL_TRAIL_SMOKE_TAIL100_A2_TR1,0.2,2025-03-16T23:00:00.000Z,2025-12-15T00:00:00.000Z,-1185.32705,-1157.267566,B79201F06C67C92EC6EDB4B74A7CFB8BC7E93924C60446EF34CD92CD64FCE24A
RAW_HEDGED_GRID_T100_S020_EURUSD_TAIL_TRAIL_SMOKE_TAIL100_A2_TR1,0.2,2025-03-16T23:00:00.000Z,2026-04-26T23:00:00.000Z,-1172.703577,-1144.644093,3C7A1B2BE2CEC44AB83D6BE49DBA1F7D4D8C0D429756EE7817DE83439A87E29D
RAW_HEDGED_GRID_T100_S020_EURUSD_TAIL_TRAIL_SMOKE_TAIL100_A2_TR1,0.2,2020-04-12T23:00:00.000Z,2021-02-22T00:00:00.000Z,-1115.485508,-1103.786696,FD31B43A0E728815D399870A520C73D7C077ECBA4B7FB6BB81DA17ACFCCCDFD9
RAW_HEDGED_GRID_T100_S020_EURUSD_TAIL_TRAIL_SMOKE_TAIL100_A2_TR1,0.5,,2025-12-29T00:00:00.000Z,-3110.937748,-3110.937748,4AD5C0F94596F7B7CB9897DFC2B661B0EEA93A10D8B639B95B5C983FA351EDBB
RAW_HEDGED_GRID_T100_S020_EURUSD_TAIL_TRAIL_SMOKE_TAIL100_A2_TR1,0.5,,2026-02-23T00:00:00.000Z,-3109.964362,-3109.964362,EB8FC88F1D7E99B3AC412E865151FB09A50AD173BD7F4BC89110F86039EA4695
RAW_HEDGED_GRID_T100_S020_EURUSD_TAIL_TRAIL_SMOKE_TAIL100_A2_TR1,0.5,,2026-01-19T00:00:00.000Z,-3092.963263,-3092.963263,1A7454729D9B208DD56A6BBC7CA87A11B9F84C41D945B9C0E19AE4D24523D126
RAW_HEDGED_GRID_T100_S020_EURUSD_TAIL_TRAIL_SMOKE_TAIL100_A2_TR1,0.5,,2026-02-16T00:00:00.000Z,-3038.40287,-3038.40287,BCF3380C1B6D9E1BE9CAA964999134FB0C9737773C7D8B08DD3FB7E10DF375D2
RAW_HEDGED_GRID_T100_S020_EURUSD_TAIL_TRAIL_SMOKE_TAIL100_A2_TR1,0.5,,2026-01-26T00:00:00.000Z,-2971.279804,-2971.279804,6619D3469FDCA5FE684036E3BDD5673775DD8C72342D0308AC7D5A13412B8947
RAW_HEDGED_GRID_T100_S020_EURUSD_TAIL_TRAIL_SMOKE_TAIL100_A2_TR1,0.5,,2025-12-22T00:00:00.000Z,-2954.254675,-2954.254675,2CDDC30EA0D8CB15C99F94B65F4E1944A2B7512202F1E96B7F5141BB14984C65
RAW_HEDGED_GRID_T100_S020_EURUSD_TAIL_TRAIL_SMOKE_TAIL100_A2_TR1,0.5,,2026-04-26T23:00:00.000Z,-2919.639093,-2919.639093,5B505E2D726B3AB0916C9B071885EC0F09FCCADA6654A44CE41C0709654A0505
RAW_HEDGED_GRID_T100_S020_EURUSD_TAIL_TRAIL_SMOKE_TAIL100_A2_TR1,0.5,,2025-12-08T00:00:00.000Z,-2905.869718,-2905.869718,8DA71C36CB50907E2B6553FD43604D5C528EB9956AD9A3561C384C7A563CEEA7
RAW_HEDGED_GRID_T100_S020_EURUSD_TAIL_TRAIL_SMOKE_TAIL100_A2_TR1,0.5,,2026-05-03T23:00:00.000Z,-2865.703715,-2865.703715,E92B4F74A0E76D8FA1B9D04E605A869886301BC68759302FF5797F53DAA5722D
RAW_HEDGED_GRID_T100_S020_EURUSD_TAIL_TRAIL_SMOKE_TAIL100_A2_TR1,0.5,,2025-12-15T00:00:00.000Z,-2849.627566,-2849.627566,473835932D17C349CEE3911B9981657DC544662E8E494333829162FBFB8E0DC8
RAW_HEDGED_GRID_T100_S020_EURUSD_TAIL_TRAIL_SMOKE_TAIL100_A2_TR2,0,2025-03-16T23:00:00.000Z,2025-12-29T00:00:00.000Z,-1284.461789,-258.643577,2F5B38B8D879BD01A19FCBE038583515F9412DB2482655DFCCDA4008BECD75B2
RAW_HEDGED_GRID_T100_S020_EURUSD_TAIL_TRAIL_SMOKE_TAIL100_A2_TR2,0,2025-03-16T23:00:00.000Z,2026-01-19T00:00:00.000Z,-1229.947459,-204.129247,B5E1925525FADF363C11B770B16880A51981B050710A53B256D0FEC9D4625B3E
RAW_HEDGED_GRID_T100_S020_EURUSD_TAIL_TRAIL_SMOKE_TAIL100_A2_TR2,0,2025-03-16T23:00:00.000Z,2026-02-23T00:00:00.000Z,-1202.447865,-176.629653,F7605A745C381D7D8386C522576E831FABF059B473C13096452463CBE2C499E1
RAW_HEDGED_GRID_T100_S020_EURUSD_TAIL_TRAIL_SMOKE_TAIL100_A2_TR2,0,2025-03-16T23:00:00.000Z,2025-12-22T00:00:00.000Z,-1145.052747,-119.234535,3FF2FD11A6AA665E21DC5433872608E42D0EB4E4DD87850A168551E4181AE13A
RAW_HEDGED_GRID_T100_S020_EURUSD_TAIL_TRAIL_SMOKE_TAIL100_A2_TR2,0,2025-03-16T23:00:00.000Z,2026-02-16T00:00:00.000Z,-1140.284147,-114.465935,FAB918A696A8AE8D73F9B01FDB627885D36754915A156539F0DFEE76B60673C9
RAW_HEDGED_GRID_T100_S020_EURUSD_TAIL_TRAIL_SMOKE_TAIL100_A2_TR2,0,2025-03-16T23:00:00.000Z,2025-12-08T00:00:00.000Z,-1116.303613,-90.485401,C398CF047417C9C5CF355C01E2B1796BDC7056D963DCA0EBFC9B26A3BF7D8149
RAW_HEDGED_GRID_T100_S020_EURUSD_TAIL_TRAIL_SMOKE_TAIL100_A2_TR2,0,2025-03-16T23:00:00.000Z,2026-01-26T00:00:00.000Z,-1079.553434,-53.735222,842DA41D6D310566AD37988AB5EFF7BDA5402769A0BA22A50524116C541FA89E
RAW_HEDGED_GRID_T100_S020_EURUSD_TAIL_TRAIL_SMOKE_TAIL100_A2_TR2,0,2025-03-16T23:00:00.000Z,2025-12-15T00:00:00.000Z,-1045.926035,-20.107823,06F868A4DEB3E39C16FE2ACC66246CA9730F810F3BDB840F08F00501221EBBB5
RAW_HEDGED_GRID_T100_S020_EURUSD_TAIL_TRAIL_SMOKE_TAIL100_A2_TR2,0,2025-03-16T23:00:00.000Z,2026-04-26T23:00:00.000Z,-978.323017,47.495195,5CDD0629A6FED861ED5F8E3A7A595BCE246A3F22CD7EAB05C9ED3A32447C7C48
RAW_HEDGED_GRID_T100_S020_EURUSD_TAIL_TRAIL_SMOKE_TAIL100_A2_TR2,0,2020-06-14T23:00:00.000Z,2021-02-22T00:00:00.000Z,-963.16181,-831.319955,5822D8BA7C87A0FEE75C9045ADCACFC581D2DC22F1F59BDF4E866A5F16C6DF9F
RAW_HEDGED_GRID_T100_S020_EURUSD_TAIL_TRAIL_SMOKE_TAIL100_A2_TR2,0.0025,2025-03-16T23:00:00.000Z,2025-12-29T00:00:00.000Z,-1286.294289,-272.861827,674CA0AF7CA6A6902EF7C364915A1AC99F85985F87C55CDE106538A232529335
RAW_HEDGED_GRID_T100_S020_EURUSD_TAIL_TRAIL_SMOKE_TAIL100_A2_TR2,0.0025,2025-03-16T23:00:00.000Z,2026-01-19T00:00:00.000Z,-1231.961334,-218.528872,408A27E40D14C542FAE9BCBC4DB6A9BB020C3B12BA9D4B34BA7270B3162F3F07
RAW_HEDGED_GRID_T100_S020_EURUSD_TAIL_TRAIL_SMOKE_TAIL100_A2_TR2,0.0025,2025-03-16T23:00:00.000Z,2026-02-23T00:00:00.000Z,-1204.678865,-191.246403,8EEC330548015195126496906E38CC40C2E0D4CB194161D51AD2F5EF0B4E3BAB
RAW_HEDGED_GRID_T100_S020_EURUSD_TAIL_TRAIL_SMOKE_TAIL100_A2_TR2,0.0025,2025-03-16T23:00:00.000Z,2025-12-22T00:00:00.000Z,-1146.798372,-133.36591,2301F37B69EF133EB6AC99765C8EFE168D3A39BB82AC5C7E069510873FFB44B4
RAW_HEDGED_GRID_T100_S020_EURUSD_TAIL_TRAIL_SMOKE_TAIL100_A2_TR2,0.0025,2025-03-16T23:00:00.000Z,2026-02-16T00:00:00.000Z,-1142.467022,-129.03456,88EC86AE48C1AF93CE03CF0E2107E506576EC86DE14C8E97A2BD4C2179E3D1CD
RAW_HEDGED_GRID_T100_S020_EURUSD_TAIL_TRAIL_SMOKE_TAIL100_A2_TR2,0.0025,2025-03-16T23:00:00.000Z,2025-12-08T00:00:00.000Z,-1117.948738,-104.516276,052894ACE15D69656D5BDE621825B0F40EE9C63D5DDCB62A715BFDFAB19099BA
RAW_HEDGED_GRID_T100_S020_EURUSD_TAIL_TRAIL_SMOKE_TAIL100_A2_TR2,0.0025,2025-03-16T23:00:00.000Z,2026-01-26T00:00:00.000Z,-1081.703809,-68.271347,25EDD273B0A2F29759F5643EB9A60B8F13BF730A569BFBCEF13C27E049452B7D
RAW_HEDGED_GRID_T100_S020_EURUSD_TAIL_TRAIL_SMOKE_TAIL100_A2_TR2,0.0025,2025-03-16T23:00:00.000Z,2025-12-15T00:00:00.000Z,-1047.643285,-34.210823,AC600D081525611F344CBD9C84DAC934F9F49F03D1112E8507AB5BF48366552E
RAW_HEDGED_GRID_T100_S020_EURUSD_TAIL_TRAIL_SMOKE_TAIL100_A2_TR2,0.0025,2025-03-16T23:00:00.000Z,2026-04-26T23:00:00.000Z,-980.728892,32.70357,957D8F2E3EAD692704C557CD6E1B9235AEE54CC8735CD7880553095744DB87E3
RAW_HEDGED_GRID_T100_S020_EURUSD_TAIL_TRAIL_SMOKE_TAIL100_A2_TR2,0.0025,2020-06-14T23:00:00.000Z,2021-02-22T00:00:00.000Z,-964.80006,-834.744955,3217E9C35B167C4D0240823D1885E6966829F5929DF7825CFD1A47DBA2B7EBBA
RAW_HEDGED_GRID_T100_S020_EURUSD_TAIL_TRAIL_SMOKE_TAIL100_A2_TR2,0.005,2025-03-16T23:00:00.000Z,2025-12-29T00:00:00.000Z,-1288.126789,-287.080077,8B615316ABD8C3A20452C3F77529B281CDA5256B29CFE8EE50CA1786A588CEFA
RAW_HEDGED_GRID_T100_S020_EURUSD_TAIL_TRAIL_SMOKE_TAIL100_A2_TR2,0.005,2025-03-16T23:00:00.000Z,2026-01-19T00:00:00.000Z,-1233.975209,-232.928497,0A06A60B8E015F54470C25DEC3D754178B700A1ADB936C7307057CF2FE34887F
RAW_HEDGED_GRID_T100_S020_EURUSD_TAIL_TRAIL_SMOKE_TAIL100_A2_TR2,0.005,2025-03-16T23:00:00.000Z,2026-02-23T00:00:00.000Z,-1206.909865,-205.863153,1B21721A718F6C043CA1C9CFDC86B3C0AACB200726274B93E717A390BB944F80
RAW_HEDGED_GRID_T100_S020_EURUSD_TAIL_TRAIL_SMOKE_TAIL100_A2_TR2,0.005,2025-03-16T23:00:00.000Z,2025-12-22T00:00:00.000Z,-1148.543997,-147.497285,A973EF591E58B5BDE06CAB05A1F404B4B128523014DC87340A48A17FF50FA676
RAW_HEDGED_GRID_T100_S020_EURUSD_TAIL_TRAIL_SMOKE_TAIL100_A2_TR2,0.005,2025-03-16T23:00:00.000Z,2026-02-16T00:00:00.000Z,-1144.649897,-143.603185,5D81A36F97B7B99259EDA9AB24747EF0BD53B869C737BE344BBCD65E5133FC4E
RAW_HEDGED_GRID_T100_S020_EURUSD_TAIL_TRAIL_SMOKE_TAIL100_A2_TR2,0.005,2025-03-16T23:00:00.000Z,2025-12-08T00:00:00.000Z,-1119.593863,-118.547151,5B726FF9D4F4886EFC9A8DA56771AA4DBF0809665D7521CA9A91CBBD48315DBB
RAW_HEDGED_GRID_T100_S020_EURUSD_TAIL_TRAIL_SMOKE_TAIL100_A2_TR2,0.005,2025-03-16T23:00:00.000Z,2026-01-26T00:00:00.000Z,-1083.854184,-82.807472,DBA6F2087EA4481E123E8E3CA77D36E8004ECCFF7B9ACFCD1B78A290289EF3E5
RAW_HEDGED_GRID_T100_S020_EURUSD_TAIL_TRAIL_SMOKE_TAIL100_A2_TR2,0.005,2025-03-16T23:00:00.000Z,2025-12-15T00:00:00.000Z,-1049.360535,-48.313823,6C6D787030C2E5D0B4F4328015C3E1472523CB41DFB1D7171F458C4A995A034C
RAW_HEDGED_GRID_T100_S020_EURUSD_TAIL_TRAIL_SMOKE_TAIL100_A2_TR2,0.005,2025-03-16T23:00:00.000Z,2026-04-26T23:00:00.000Z,-983.134767,17.911945,51C557B95B40FABC331CBDAE011963D3AAAAA5680F039B0CB70F8D79D538A453
RAW_HEDGED_GRID_T100_S020_EURUSD_TAIL_TRAIL_SMOKE_TAIL100_A2_TR2,0.005,2020-06-14T23:00:00.000Z,2021-02-22T00:00:00.000Z,-966.43831,-838.169955,C6F67025AE78EB21D7C3C7F44A1D469070A3F642EB1B49B4D619848375850C9E
RAW_HEDGED_GRID_T100_S020_EURUSD_TAIL_TRAIL_SMOKE_TAIL100_A2_TR2,0.01,2025-03-16T23:00:00.000Z,2025-12-29T00:00:00.000Z,-1291.791789,-315.516577,BA53C16BBAC85FDD4128AA4CDC88C2D8566F03178E0D8E696AFEB360AEF177F7
RAW_HEDGED_GRID_T100_S020_EURUSD_TAIL_TRAIL_SMOKE_TAIL100_A2_TR2,0.01,2025-03-16T23:00:00.000Z,2026-01-19T00:00:00.000Z,-1238.002959,-261.727747,6322BC010CCF9551503170D9115120A24A455F270122799073CA7680E8F98232
RAW_HEDGED_GRID_T100_S020_EURUSD_TAIL_TRAIL_SMOKE_TAIL100_A2_TR2,0.01,2025-03-16T23:00:00.000Z,2026-02-23T00:00:00.000Z,-1211.371865,-235.096653,CEEC144BE575F4E2EDCE532BAB9A4128B0D853F61B4950AE1346871F76B00629
RAW_HEDGED_GRID_T100_S020_EURUSD_TAIL_TRAIL_SMOKE_TAIL100_A2_TR2,0.01,2025-03-16T23:00:00.000Z,2025-12-22T00:00:00.000Z,-1152.035247,-175.760035,20A8ADCD09609A73C17858E775C8D58F3818363484639A77FC9A6F1119971E2E
RAW_HEDGED_GRID_T100_S020_EURUSD_TAIL_TRAIL_SMOKE_TAIL100_A2_TR2,0.01,2025-03-16T23:00:00.000Z,2026-02-16T00:00:00.000Z,-1149.015647,-172.740435,8972CE5BDB68B999F113A6C36A2AFEE4558AABDD6AE292635E101ACE451D95EB
RAW_HEDGED_GRID_T100_S020_EURUSD_TAIL_TRAIL_SMOKE_TAIL100_A2_TR2,0.01,2025-03-16T23:00:00.000Z,2025-12-08T00:00:00.000Z,-1122.884113,-146.608901,6EEB986933AAD3619BA4B8B228180DEBDDB33054315DEDDEB733535717AD6AF6
RAW_HEDGED_GRID_T100_S020_EURUSD_TAIL_TRAIL_SMOKE_TAIL100_A2_TR2,0.01,2025-03-16T23:00:00.000Z,2026-01-26T00:00:00.000Z,-1088.154934,-111.879722,2D45AD609DC6FEC1B81DA0C0781958E787E72EBF34D09B950F86B8D414EEC6A3
RAW_HEDGED_GRID_T100_S020_EURUSD_TAIL_TRAIL_SMOKE_TAIL100_A2_TR2,0.01,2025-03-16T23:00:00.000Z,2025-12-15T00:00:00.000Z,-1052.795035,-76.519823,342C6A98B2004B72D79BD97A838544FA031321962929163B0ED3A1981AD4BAB0
RAW_HEDGED_GRID_T100_S020_EURUSD_TAIL_TRAIL_SMOKE_TAIL100_A2_TR2,0.01,2025-03-16T23:00:00.000Z,2026-04-26T23:00:00.000Z,-987.946517,-11.671305,AEBE623A4D487D589E29381CAE7AD81F5122F8C88F4509F9FAA2EA443536338C
RAW_HEDGED_GRID_T100_S020_EURUSD_TAIL_TRAIL_SMOKE_TAIL100_A2_TR2,0.01,2020-06-14T23:00:00.000Z,2021-02-22T00:00:00.000Z,-969.71481,-845.019955,4211A8D4609BF867551FC6B2510BA9527494A85FA0FADA8F657B5D1F91A0CEF2
RAW_HEDGED_GRID_T100_S020_EURUSD_TAIL_TRAIL_SMOKE_TAIL100_A2_TR2,0.02,2025-03-16T23:00:00.000Z,2025-12-29T00:00:00.000Z,-1299.121789,-372.389577,3E7267F34057FAFCDFE27EF6BA43D0B333A9D43D117080FABC8389E028B30727
RAW_HEDGED_GRID_T100_S020_EURUSD_TAIL_TRAIL_SMOKE_TAIL100_A2_TR2,0.02,2025-03-16T23:00:00.000Z,2026-01-19T00:00:00.000Z,-1246.058459,-319.326247,35F1ED89659DBA9FEE17D182A82197B3D957D24A7DAAE739E2B17CF70864BD39
RAW_HEDGED_GRID_T100_S020_EURUSD_TAIL_TRAIL_SMOKE_TAIL100_A2_TR2,0.02,2025-03-16T23:00:00.000Z,2026-02-23T00:00:00.000Z,-1220.295865,-293.563653,765DE5F4AE9CA2FEFE2591227AD91816009ED8293ABB3F56371A060C0ABF8181
RAW_HEDGED_GRID_T100_S020_EURUSD_TAIL_TRAIL_SMOKE_TAIL100_A2_TR2,0.02,2025-03-16T23:00:00.000Z,2025-12-22T00:00:00.000Z,-1159.017747,-232.285535,D705890BCEF63C1F09DFF3397CB59832153349214BF519F1969E30971BD50480
RAW_HEDGED_GRID_T100_S020_EURUSD_TAIL_TRAIL_SMOKE_TAIL100_A2_TR2,0.02,2025-03-16T23:00:00.000Z,2026-02-16T00:00:00.000Z,-1157.747147,-231.014935,EF2D6840D63FFDDEFC4FC42E47E749A3DE24638D7C180FC2C0350F553F2BA78A
RAW_HEDGED_GRID_T100_S020_EURUSD_TAIL_TRAIL_SMOKE_TAIL100_A2_TR2,0.02,2025-03-16T23:00:00.000Z,2025-12-08T00:00:00.000Z,-1129.464613,-202.732401,354328B4B11786914EC0343768939EC1BA27909BA88805F1025568259C3B8004
RAW_HEDGED_GRID_T100_S020_EURUSD_TAIL_TRAIL_SMOKE_TAIL100_A2_TR2,0.02,2025-03-16T23:00:00.000Z,2026-01-26T00:00:00.000Z,-1096.756434,-170.024222,F8F70A6E7C31C5E85C4B61B50230EEB4277A88FDCE39E83730EAA33CDE795427
RAW_HEDGED_GRID_T100_S020_EURUSD_TAIL_TRAIL_SMOKE_TAIL100_A2_TR2,0.02,2025-03-16T23:00:00.000Z,2025-12-15T00:00:00.000Z,-1059.664035,-132.931823,029C51B2DEE365FB15C31B69E66940041F0FD12C8CCEC70D9059F7AC97ECD4F2
RAW_HEDGED_GRID_T100_S020_EURUSD_TAIL_TRAIL_SMOKE_TAIL100_A2_TR2,0.02,2025-03-16T23:00:00.000Z,2026-04-26T23:00:00.000Z,-997.570017,-70.837805,3CA0784218BE39C66A8EE8610AE9CAE8BFECA8868D95254EBB21002A1F528847
RAW_HEDGED_GRID_T100_S020_EURUSD_TAIL_TRAIL_SMOKE_TAIL100_A2_TR2,0.02,2020-06-14T23:00:00.000Z,2021-02-22T00:00:00.000Z,-976.26781,-858.719955,5680EB2225217E17A005BF9C99611D40A30C187E1E488F269F58384A8B5DDFBC
RAW_HEDGED_GRID_T100_S020_EURUSD_TAIL_TRAIL_SMOKE_TAIL100_A2_TR2,0.05,2025-03-16T23:00:00.000Z,2025-12-29T00:00:00.000Z,-1321.111789,-543.008577,6DF161071E714561B81371246312AF5A91D56463BD5347AC3A5AF5DB40EC3C89
RAW_HEDGED_GRID_T100_S020_EURUSD_TAIL_TRAIL_SMOKE_TAIL100_A2_TR2,0.05,2025-03-16T23:00:00.000Z,2026-01-19T00:00:00.000Z,-1270.224959,-492.121747,0A1D6A738E445419B6DE8351556FD1CE7B4DB7A130DE2200FB7BE58467D4271A
RAW_HEDGED_GRID_T100_S020_EURUSD_TAIL_TRAIL_SMOKE_TAIL100_A2_TR2,0.05,2025-03-16T23:00:00.000Z,2026-02-23T00:00:00.000Z,-1247.067865,-468.964653,59B424B3024B0C24B16467411CAE755073D48B30E095243B57F3732CBE9D2A63
RAW_HEDGED_GRID_T100_S020_EURUSD_TAIL_TRAIL_SMOKE_TAIL100_A2_TR2,0.05,2025-03-16T23:00:00.000Z,2026-02-16T00:00:00.000Z,-1183.941647,-405.838435,C19F189015472A1A52F1F03F300DA81D9C00D0F57F80D5C05F4272B00ED604FE
RAW_HEDGED_GRID_T100_S020_EURUSD_TAIL_TRAIL_SMOKE_TAIL100_A2_TR2,0.05,2025-03-16T23:00:00.000Z,2025-12-22T00:00:00.000Z,-1179.965247,-401.862035,D9CE682A44686E248EE3DF2DF423682B9F2AD38E0003E611B724D0EC39256298
RAW_HEDGED_GRID_T100_S020_EURUSD_TAIL_TRAIL_SMOKE_TAIL100_A2_TR2,0.05,2025-03-16T23:00:00.000Z,2025-12-08T00:00:00.000Z,-1149.206113,-371.102901,B2FA7EA9A966EDDA296335732776831C79F22FA3E6996201268D58F0A8E06B03
RAW_HEDGED_GRID_T100_S020_EURUSD_TAIL_TRAIL_SMOKE_TAIL100_A2_TR2,0.05,2025-03-16T23:00:00.000Z,2026-01-26T00:00:00.000Z,-1122.560934,-344.457722,80EE5AE9536FDE4C54EE77CFA379EF4CC59B7A6D072C85C654B5C3933740C847
RAW_HEDGED_GRID_T100_S020_EURUSD_TAIL_TRAIL_SMOKE_TAIL100_A2_TR2,0.05,2025-03-16T23:00:00.000Z,2025-12-15T00:00:00.000Z,-1080.271035,-302.167823,FEA3B2C02ABA119FDDFD52ADE52177EACB6D0092D02291E2E6B1D6F0B86C4E70
RAW_HEDGED_GRID_T100_S020_EURUSD_TAIL_TRAIL_SMOKE_TAIL100_A2_TR2,0.05,2025-03-16T23:00:00.000Z,2026-04-26T23:00:00.000Z,-1026.440517,-248.337305,C2D58580780B434EDBDD9BF1EFF5D0F6C8AFCA66B0A1A0D799F3A0AC6409597D
RAW_HEDGED_GRID_T100_S020_EURUSD_TAIL_TRAIL_SMOKE_TAIL100_A2_TR2,0.05,2020-05-17T23:00:00.000Z,2021-02-22T00:00:00.000Z,-998.409274,-899.819955,9CB5BADD53EEB29CD79D5D2A9249C0BC1F14B708C4C6E8027A2A9EFC59DB9884
RAW_HEDGED_GRID_T100_S020_EURUSD_TAIL_TRAIL_SMOKE_TAIL100_A2_TR2,0.1,2025-03-16T23:00:00.000Z,2025-12-29T00:00:00.000Z,-1357.761789,-827.373577,9AF2A0FD278F44CC73CD84D464A9B21728E01205EBAAFA2A247052D3531747D9
RAW_HEDGED_GRID_T100_S020_EURUSD_TAIL_TRAIL_SMOKE_TAIL100_A2_TR2,0.1,2025-03-16T23:00:00.000Z,2026-01-19T00:00:00.000Z,-1310.502459,-780.114247,E7DA2CF3D28E42C166A12DD8B3CBA861817B6BF0506CB0E67BF25B551B87C6E4
RAW_HEDGED_GRID_T100_S020_EURUSD_TAIL_TRAIL_SMOKE_TAIL100_A2_TR2,0.1,2025-03-16T23:00:00.000Z,2026-02-23T00:00:00.000Z,-1291.687865,-761.299653,E5DCBCD07948342E40449480754C9135B6AA5EFFB9FD69B6AE8D67586BA15170
RAW_HEDGED_GRID_T100_S020_EURUSD_TAIL_TRAIL_SMOKE_TAIL100_A2_TR2,0.1,2025-03-16T23:00:00.000Z,2026-02-16T00:00:00.000Z,-1227.599147,-697.210935,5A4A664BCB645BBBD55B54DEC41B478AB764A078D744EC8218B4B846CCCC5764
RAW_HEDGED_GRID_T100_S020_EURUSD_TAIL_TRAIL_SMOKE_TAIL100_A2_TR2,0.1,2025-03-16T23:00:00.000Z,2025-12-22T00:00:00.000Z,-1214.877747,-684.489535,E1927050E5652F8A924735E524EB11AABE4B50F997C5DF4059A4F766FF5D34A8
RAW_HEDGED_GRID_T100_S020_EURUSD_TAIL_TRAIL_SMOKE_TAIL100_A2_TR2,0.1,2025-03-16T23:00:00.000Z,2025-12-08T00:00:00.000Z,-1182.108613,-651.720401,DE6939B52CE7FD0DA715AABA07AC484B1EB2951197E1FB916AEBA406C03AF484
RAW_HEDGED_GRID_T100_S020_EURUSD_TAIL_TRAIL_SMOKE_TAIL100_A2_TR2,0.1,2025-03-16T23:00:00.000Z,2026-01-26T00:00:00.000Z,-1165.568434,-635.180222,40C9A34B3F790DC97EDEBC901FE86E2E65AC2C6E414CBE3CAD60196031E87E20
RAW_HEDGED_GRID_T100_S020_EURUSD_TAIL_TRAIL_SMOKE_TAIL100_A2_TR2,0.1,2025-03-16T23:00:00.000Z,2025-12-15T00:00:00.000Z,-1114.616035,-584.227823,F2F23F5237AF91B837A49B09647BE998968E02EE4B07E58B0BD991EDDE20D324
RAW_HEDGED_GRID_T100_S020_EURUSD_TAIL_TRAIL_SMOKE_TAIL100_A2_TR2,0.1,2025-03-16T23:00:00.000Z,2026-04-26T23:00:00.000Z,-1074.558017,-544.169805,90903F5B1EF9207DA2C028F4ED19A27539EF2E0FF8C9BAC0F144B0956EB5360E
RAW_HEDGED_GRID_T100_S020_EURUSD_TAIL_TRAIL_SMOKE_TAIL100_A2_TR2,0.1,2020-05-17T23:00:00.000Z,2021-02-22T00:00:00.000Z,-1036.104274,-968.319955,66D489AEF7BFED4B69FFBADB37E1189105BC889AEBA1B9E977FB0017FD31EB4C
RAW_HEDGED_GRID_T100_S020_EURUSD_TAIL_TRAIL_SMOKE_TAIL100_A2_TR2,0.2,2025-03-16T23:00:00.000Z,2025-12-29T00:00:00.000Z,-1431.061789,-1396.103577,2BB1E449163B278873104AD517E2AAB382F2339E066F4327B66E72C9BF16E0C5
RAW_HEDGED_GRID_T100_S020_EURUSD_TAIL_TRAIL_SMOKE_TAIL100_A2_TR2,0.2,2025-03-16T23:00:00.000Z,2026-01-19T00:00:00.000Z,-1391.057459,-1356.099247,5AF3B96A47DA6BF811C281A282A02C22012EC0D92AA3DFCDD32B0FDEBCC5278E
RAW_HEDGED_GRID_T100_S020_EURUSD_TAIL_TRAIL_SMOKE_TAIL100_A2_TR2,0.2,2025-03-16T23:00:00.000Z,2026-02-23T00:00:00.000Z,-1380.927865,-1345.969653,39BCC5B77CD75825D0955038F1C8B2CB7B592280296260DD61BAA22CE0375FEA
RAW_HEDGED_GRID_T100_S020_EURUSD_TAIL_TRAIL_SMOKE_TAIL100_A2_TR2,0.2,2025-03-16T23:00:00.000Z,2026-02-16T00:00:00.000Z,-1314.914147,-1279.955935,C888F0362D1969A98FF74E5567F88A1FF5E22D5FA5A620FBC462E91B2FD903C2
RAW_HEDGED_GRID_T100_S020_EURUSD_TAIL_TRAIL_SMOKE_TAIL100_A2_TR2,0.2,2025-03-16T23:00:00.000Z,2025-12-22T00:00:00.000Z,-1284.702747,-1249.744535,F370DCC130BDDBE4A0EF329ED958EBCB8E08B850B438448DE0A30549CA55E43D
RAW_HEDGED_GRID_T100_S020_EURUSD_TAIL_TRAIL_SMOKE_TAIL100_A2_TR2,0.2,2025-03-16T23:00:00.000Z,2026-01-26T00:00:00.000Z,-1251.583434,-1216.625222,C534655CECDC80CA0E51380D1BF87C4390EF61645A9356BD31FA7CBD0EB33B09
RAW_HEDGED_GRID_T100_S020_EURUSD_TAIL_TRAIL_SMOKE_TAIL100_A2_TR2,0.2,2025-03-16T23:00:00.000Z,2025-12-08T00:00:00.000Z,-1247.913613,-1212.955401,3B3ED0230C9AC30C2C8BDB29D1C161F195DF2B5EF8F33E1D4E99003D5E02276D
RAW_HEDGED_GRID_T100_S020_EURUSD_TAIL_TRAIL_SMOKE_TAIL100_A2_TR2,0.2,2025-03-16T23:00:00.000Z,2025-12-15T00:00:00.000Z,-1183.306035,-1148.347823,D13EBD606BE50F5FEB2A6C0AFD4928D00584CB0259D4E4E1226F8174FA745EAE
RAW_HEDGED_GRID_T100_S020_EURUSD_TAIL_TRAIL_SMOKE_TAIL100_A2_TR2,0.2,2025-03-16T23:00:00.000Z,2026-04-26T23:00:00.000Z,-1170.793017,-1135.834805,7A99D8222D8F0DB6490CEF94FA83B44FB3D260904BA59B9DF64954D5278EAA64
RAW_HEDGED_GRID_T100_S020_EURUSD_TAIL_TRAIL_SMOKE_TAIL100_A2_TR2,0.2,2020-04-12T23:00:00.000Z,2021-02-22T00:00:00.000Z,-1116.383387,-1105.319955,9F87060C589EB64873290C188B4CD507E8D511EA066004E2A8FDA52CC3D06762
RAW_HEDGED_GRID_T100_S020_EURUSD_TAIL_TRAIL_SMOKE_TAIL100_A2_TR2,0.5,,2025-12-29T00:00:00.000Z,-3102.293577,-3102.293577,5ADF946CF09C6929FF28D66A3F1CDDE0382E4094CA96441C81E3592E11482D22
RAW_HEDGED_GRID_T100_S020_EURUSD_TAIL_TRAIL_SMOKE_TAIL100_A2_TR2,0.5,,2026-02-23T00:00:00.000Z,-3099.979653,-3099.979653,3B276EDA97478F1A5F7BA981F94B92AF3CB31626E826CCAE7324BD4F880A5BDA
RAW_HEDGED_GRID_T100_S020_EURUSD_TAIL_TRAIL_SMOKE_TAIL100_A2_TR2,0.5,,2026-01-19T00:00:00.000Z,-3084.054247,-3084.054247,83E5782853610D945E7827D7A63A744A9FBE4B6068305BB65A809096BE430270
RAW_HEDGED_GRID_T100_S020_EURUSD_TAIL_TRAIL_SMOKE_TAIL100_A2_TR2,0.5,,2026-02-16T00:00:00.000Z,-3028.190935,-3028.190935,321D6EAE9A9E449E5581CBF57008BD774BB0E18B4855E694FAD83055D70623AE
RAW_HEDGED_GRID_T100_S020_EURUSD_TAIL_TRAIL_SMOKE_TAIL100_A2_TR2,0.5,,2026-01-26T00:00:00.000Z,-2960.960222,-2960.960222,206C4AA00D04FCB6553B4C9E8BADAF220A272983C29F14174313EFC5DA3F06CC
RAW_HEDGED_GRID_T100_S020_EURUSD_TAIL_TRAIL_SMOKE_TAIL100_A2_TR2,0.5,,2025-12-22T00:00:00.000Z,-2945.509535,-2945.509535,30CC8BF417947E156C9F5EFD59E50E6F3E1CEF9F51D10F6CADDFB7407A590D52
RAW_HEDGED_GRID_T100_S020_EURUSD_TAIL_TRAIL_SMOKE_TAIL100_A2_TR2,0.5,,2026-04-26T23:00:00.000Z,-2910.829805,-2910.829805,A4DF1BE27C032C5C9F125763271C092B7146114B432D86366BAF62312F95F6EE
RAW_HEDGED_GRID_T100_S020_EURUSD_TAIL_TRAIL_SMOKE_TAIL100_A2_TR2,0.5,,2025-12-08T00:00:00.000Z,-2896.660401,-2896.660401,7084C726672AC009E56EA253CF9461D4B207220C4217970853B72CD6D3A3C0D9
RAW_HEDGED_GRID_T100_S020_EURUSD_TAIL_TRAIL_SMOKE_TAIL100_A2_TR2,0.5,,2026-05-03T23:00:00.000Z,-2856.677054,-2856.677054,E625B330FD1EEC709CDA67F3DC37D31841AD7E5D1BAE3484D93C3DAAC733CE1C
RAW_HEDGED_GRID_T100_S020_EURUSD_TAIL_TRAIL_SMOKE_TAIL100_A2_TR2,0.5,,2025-12-15T00:00:00.000Z,-2840.707823,-2840.707823,CBD726E5EA330906AD86EAEDBF5B625C313310ED68FC5573EA29BACA4CC7407E
RAW_HEDGED_GRID_T100_S020_EURUSD_TAIL_TRAIL_SMOKE_TAIL100_A2_TR3,0,2025-03-16T23:00:00.000Z,2025-12-29T00:00:00.000Z,-1285.384135,-253.151619,07E4FA6BDD3D3313664CB463890A28CE81D8FFA64F591CAA1332EDF9375D3A2E
RAW_HEDGED_GRID_T100_S020_EURUSD_TAIL_TRAIL_SMOKE_TAIL100_A2_TR3,0,2025-03-16T23:00:00.000Z,2026-01-19T00:00:00.000Z,-1229.982665,-197.750149,32774D2350D237D4004717C00AC143B827E2F365281E6F1192C4EF5B9307A88D
RAW_HEDGED_GRID_T100_S020_EURUSD_TAIL_TRAIL_SMOKE_TAIL100_A2_TR3,0,2025-03-16T23:00:00.000Z,2026-02-23T00:00:00.000Z,-1196.90311,-164.670594,AF9420C6CD3A49FDFBD9F71C3A726974595DC5C573125C0C5CABA54F36575771
RAW_HEDGED_GRID_T100_S020_EURUSD_TAIL_TRAIL_SMOKE_TAIL100_A2_TR3,0,2025-03-16T23:00:00.000Z,2025-12-22T00:00:00.000Z,-1145.731493,-113.498977,2FD68FE7347A1AA71F58F1324BF0738EA298DF3E939329B6F82DB0259B7615E2
RAW_HEDGED_GRID_T100_S020_EURUSD_TAIL_TRAIL_SMOKE_TAIL100_A2_TR3,0,2025-03-16T23:00:00.000Z,2026-02-16T00:00:00.000Z,-1134.559969,-102.327453,6C197C9E6B3B7FD1177583BC21F362105ACAEC4D4FD5CAA826370CEFF27A2253
RAW_HEDGED_GRID_T100_S020_EURUSD_TAIL_TRAIL_SMOKE_TAIL100_A2_TR3,0,2025-03-16T23:00:00.000Z,2025-12-08T00:00:00.000Z,-1117.240048,-85.007532,64BF9527DA996965777A27A192ED6F6FACD25156571ACB9FFFB49D1E77B82A42
RAW_HEDGED_GRID_T100_S020_EURUSD_TAIL_TRAIL_SMOKE_TAIL100_A2_TR3,0,2025-03-16T23:00:00.000Z,2026-01-26T00:00:00.000Z,-1073.735753,-41.503237,908D998C23A2A8282E795023EFCCF837086E9C2BFD342A512FB90494ABA1B61D
RAW_HEDGED_GRID_T100_S020_EURUSD_TAIL_TRAIL_SMOKE_TAIL100_A2_TR3,0,2025-03-16T23:00:00.000Z,2025-12-15T00:00:00.000Z,-1046.790617,-14.558101,D8D61C5F8C8C1A97F62DF9545DABF213DBFAF3E4BAF11CD8EEE37719FF85EC4B
RAW_HEDGED_GRID_T100_S020_EURUSD_TAIL_TRAIL_SMOKE_TAIL100_A2_TR3,0,2026-03-08T23:00:00.000Z,2026-04-26T23:00:00.000Z,-977.311186,58.747344,6EE8F5CD5A08B914BD09EAB4E57ABF50E4AE36D5A2AE80ECCAFB21E35D23A34A
RAW_HEDGED_GRID_T100_S020_EURUSD_TAIL_TRAIL_SMOKE_TAIL100_A2_TR3,0,2020-06-14T23:00:00.000Z,2021-02-22T00:00:00.000Z,-965.617428,-819.22571,E1AC8C5E7037CC6504232FA9B26CCF571B0D113E63E4CA3DB65E423DCD3E3ABE
RAW_HEDGED_GRID_T100_S020_EURUSD_TAIL_TRAIL_SMOKE_TAIL100_A2_TR3,0.0025,2025-03-16T23:00:00.000Z,2025-12-29T00:00:00.000Z,-1287.216635,-267.369869,589A0E38716C8CEA9E4432B7E78CEC0ED0F7108DE82211E2DA62E40BCD63536D
RAW_HEDGED_GRID_T100_S020_EURUSD_TAIL_TRAIL_SMOKE_TAIL100_A2_TR3,0.0025,2025-03-16T23:00:00.000Z,2026-01-19T00:00:00.000Z,-1231.99654,-212.149774,26B78DD0974F57895122978D053E0E01E711F7F8986CDDB9954F09D5FE9A9F3C
RAW_HEDGED_GRID_T100_S020_EURUSD_TAIL_TRAIL_SMOKE_TAIL100_A2_TR3,0.0025,2025-03-16T23:00:00.000Z,2026-02-23T00:00:00.000Z,-1199.13411,-179.287344,67007A518791922628050CEE5B04925BD629EC20CBAD561EE6A4E0D07F54B62E
RAW_HEDGED_GRID_T100_S020_EURUSD_TAIL_TRAIL_SMOKE_TAIL100_A2_TR3,0.0025,2025-03-16T23:00:00.000Z,2025-12-22T00:00:00.000Z,-1147.476743,-127.629977,57A9422BF6DDC17F0274E1F5F7FC062CE4A293AE165C31105CAACC882E0D0725
RAW_HEDGED_GRID_T100_S020_EURUSD_TAIL_TRAIL_SMOKE_TAIL100_A2_TR3,0.0025,2025-03-16T23:00:00.000Z,2026-02-16T00:00:00.000Z,-1136.742844,-116.896078,27AB341FDC6AE4E33AEBF6FC8D8DBA35A8BD62F5EC9525E9B29393896F9B6802
RAW_HEDGED_GRID_T100_S020_EURUSD_TAIL_TRAIL_SMOKE_TAIL100_A2_TR3,0.0025,2025-03-16T23:00:00.000Z,2025-12-08T00:00:00.000Z,-1118.884048,-99.037282,1B98EE248435503A79D133157B5340FCA5E41C0EBCF7C6D7882778081F4AA2A0
RAW_HEDGED_GRID_T100_S020_EURUSD_TAIL_TRAIL_SMOKE_TAIL100_A2_TR3,0.0025,2025-03-16T23:00:00.000Z,2026-01-26T00:00:00.000Z,-1075.886128,-56.039362,B93940225D41DB0BC39D37869D22811918ED405E996F75A93E0D89961AE1361A
RAW_HEDGED_GRID_T100_S020_EURUSD_TAIL_TRAIL_SMOKE_TAIL100_A2_TR3,0.0025,2025-03-16T23:00:00.000Z,2025-12-15T00:00:00.000Z,-1048.507867,-28.661101,A2DA1F1D8F714D5C2CEA2F6A6A10D6B9E4E446711F4DBD668428FE5568592A62
RAW_HEDGED_GRID_T100_S020_EURUSD_TAIL_TRAIL_SMOKE_TAIL100_A2_TR3,0.0025,2026-03-08T23:00:00.000Z,2026-04-26T23:00:00.000Z,-977.459811,43.955719,6CB238EAD7A209206D0C7B319B467CD134FC4BEF4BA067EC25EC3EC0298C40A1
RAW_HEDGED_GRID_T100_S020_EURUSD_TAIL_TRAIL_SMOKE_TAIL100_A2_TR3,0.0025,2020-06-14T23:00:00.000Z,2021-02-22T00:00:00.000Z,-967.255678,-822.65071,E915EED9A92D3F00E7364B873C14660C6ABD68B060DE28BE37FCEC0CD7A9804C
RAW_HEDGED_GRID_T100_S020_EURUSD_TAIL_TRAIL_SMOKE_TAIL100_A2_TR3,0.005,2025-03-16T23:00:00.000Z,2025-12-29T00:00:00.000Z,-1289.049135,-281.588119,9A62549CECE0B290E5872DB65CFB4E1562322D493CAE1C30BFBEA8C0BC846B09
RAW_HEDGED_GRID_T100_S020_EURUSD_TAIL_TRAIL_SMOKE_TAIL100_A2_TR3,0.005,2025-03-16T23:00:00.000Z,2026-01-19T00:00:00.000Z,-1234.010415,-226.549399,04B1C74B6B9BE12342D76FFB4F911DC77F232B01D990201F0E91BEA398C25E1E
RAW_HEDGED_GRID_T100_S020_EURUSD_TAIL_TRAIL_SMOKE_TAIL100_A2_TR3,0.005,2025-03-16T23:00:00.000Z,2026-02-23T00:00:00.000Z,-1201.36511,-193.904094,00CE03465C2CF6047C55E2AF45040279C07F50B7857E9E0F3FE8CE49C5E1A39E
RAW_HEDGED_GRID_T100_S020_EURUSD_TAIL_TRAIL_SMOKE_TAIL100_A2_TR3,0.005,2025-03-16T23:00:00.000Z,2025-12-22T00:00:00.000Z,-1149.221993,-141.760977,1B804B40AF89CFC8592392F5EA95EB67806746E82EF6955EB359EF6297C768D0
RAW_HEDGED_GRID_T100_S020_EURUSD_TAIL_TRAIL_SMOKE_TAIL100_A2_TR3,0.005,2025-03-16T23:00:00.000Z,2026-02-16T00:00:00.000Z,-1138.925719,-131.464703,24E9C849D98038FE27C9BCEC770F6AC27C04B81EE77DB1CAA2EC2B96DFC51F60
RAW_HEDGED_GRID_T100_S020_EURUSD_TAIL_TRAIL_SMOKE_TAIL100_A2_TR3,0.005,2025-03-16T23:00:00.000Z,2025-12-08T00:00:00.000Z,-1120.528048,-113.067032,0A2BA03758F9CC19AB24A08E4148D75F44F96D65FB7C7E5B0A566BBBDF5077D1
RAW_HEDGED_GRID_T100_S020_EURUSD_TAIL_TRAIL_SMOKE_TAIL100_A2_TR3,0.005,2025-03-16T23:00:00.000Z,2026-01-26T00:00:00.000Z,-1078.036503,-70.575487,5E8347C8AB5F6F01F7DDD3FB92122AF9E124DED1DD32CA0467C514300AC0BE1A
RAW_HEDGED_GRID_T100_S020_EURUSD_TAIL_TRAIL_SMOKE_TAIL100_A2_TR3,0.005,2025-03-16T23:00:00.000Z,2025-12-15T00:00:00.000Z,-1050.225117,-42.764101,A6F11BA0BA848E32E6E5F0595A1204ACCAD987F50C52801A842CF2ACFEDC2358
RAW_HEDGED_GRID_T100_S020_EURUSD_TAIL_TRAIL_SMOKE_TAIL100_A2_TR3,0.005,2025-03-16T23:00:00.000Z,2026-04-26T23:00:00.000Z,-978.296922,29.164094,11E8FC888B2E0F1A0E860830D837A03F711D50D78760CD57FD15CA18A5B09A02
RAW_HEDGED_GRID_T100_S020_EURUSD_TAIL_TRAIL_SMOKE_TAIL100_A2_TR3,0.005,2020-06-14T23:00:00.000Z,2021-02-22T00:00:00.000Z,-968.893928,-826.07571,9CA597B215712A6885A36582567396A24C67562DAE1A02F5156FE072074456BE
RAW_HEDGED_GRID_T100_S020_EURUSD_TAIL_TRAIL_SMOKE_TAIL100_A2_TR3,0.01,2025-03-16T23:00:00.000Z,2025-12-29T00:00:00.000Z,-1292.714135,-310.024619,073DBF8EB6F7BA49907C8CB105CC949D29FC423E8A49C0EB1ECBF5D2FBBF280B
RAW_HEDGED_GRID_T100_S020_EURUSD_TAIL_TRAIL_SMOKE_TAIL100_A2_TR3,0.01,2025-03-16T23:00:00.000Z,2026-01-19T00:00:00.000Z,-1238.038165,-255.348649,6CD2054FD7FD3EFBE58CD3A4C963176DA163A6C98B21080E34AE4D49B9D7DC21
RAW_HEDGED_GRID_T100_S020_EURUSD_TAIL_TRAIL_SMOKE_TAIL100_A2_TR3,0.01,2025-03-16T23:00:00.000Z,2026-02-23T00:00:00.000Z,-1205.82711,-223.137594,A7C06C637A19B5E934119C51E1DCD837D5E7A3CAFC8F6A9A0D760BBE27AC0AAF
RAW_HEDGED_GRID_T100_S020_EURUSD_TAIL_TRAIL_SMOKE_TAIL100_A2_TR3,0.01,2025-03-16T23:00:00.000Z,2025-12-22T00:00:00.000Z,-1152.712493,-170.022977,2B4DBCDE69C6FC4B2988EBB5D856C27793C05A1BA64B0AE07C35B14961CCC067
RAW_HEDGED_GRID_T100_S020_EURUSD_TAIL_TRAIL_SMOKE_TAIL100_A2_TR3,0.01,2025-03-16T23:00:00.000Z,2026-02-16T00:00:00.000Z,-1143.291469,-160.601953,7BC5F34692BA401280B5554973904A24787A0FDBE6F4DB561CA28BA40BC14563
RAW_HEDGED_GRID_T100_S020_EURUSD_TAIL_TRAIL_SMOKE_TAIL100_A2_TR3,0.01,2025-03-16T23:00:00.000Z,2025-12-08T00:00:00.000Z,-1123.816048,-141.126532,783F01B3CB84E54F0AFB1E3507AB515CC0A38356ADC7A51699B8B0C3CB99E301
RAW_HEDGED_GRID_T100_S020_EURUSD_TAIL_TRAIL_SMOKE_TAIL100_A2_TR3,0.01,2025-03-16T23:00:00.000Z,2026-01-26T00:00:00.000Z,-1082.337253,-99.647737,5DBD1448F542ABA1BAE8BA246B4D9B8EC3A0460357023AD0F89B22B5BA034C1F
RAW_HEDGED_GRID_T100_S020_EURUSD_TAIL_TRAIL_SMOKE_TAIL100_A2_TR3,0.01,2025-03-16T23:00:00.000Z,2025-12-15T00:00:00.000Z,-1053.659617,-70.970101,18FF165E8125990DB96D935F2B1CAD20AF6E680F5058A9FFF150AED79E051F5E
RAW_HEDGED_GRID_T100_S020_EURUSD_TAIL_TRAIL_SMOKE_TAIL100_A2_TR3,0.01,2025-03-16T23:00:00.000Z,2026-04-26T23:00:00.000Z,-983.108672,-0.419156,7A66292D30F1D241618C7CFF8DE3F96CC53E2C3B4F05842761969F86561BBD6F
RAW_HEDGED_GRID_T100_S020_EURUSD_TAIL_TRAIL_SMOKE_TAIL100_A2_TR3,0.01,2020-06-14T23:00:00.000Z,2021-02-22T00:00:00.000Z,-972.170428,-832.92571,CB11595B1366FFF5F96D2482C9193A16236927E7E381E650052AD26AC4889793
RAW_HEDGED_GRID_T100_S020_EURUSD_TAIL_TRAIL_SMOKE_TAIL100_A2_TR3,0.02,2025-03-16T23:00:00.000Z,2025-12-29T00:00:00.000Z,-1300.044135,-366.897619,69B687C8082A756C139B0F81B64F2C999EF5239A9F609A30C90526F0017E217F
RAW_HEDGED_GRID_T100_S020_EURUSD_TAIL_TRAIL_SMOKE_TAIL100_A2_TR3,0.02,2025-03-16T23:00:00.000Z,2026-01-19T00:00:00.000Z,-1246.093665,-312.947149,00B984FD970C2FB7FEDAAA5712391268B1FABF03DC11BF8E99E5EF67E94B9EAF
RAW_HEDGED_GRID_T100_S020_EURUSD_TAIL_TRAIL_SMOKE_TAIL100_A2_TR3,0.02,2025-03-16T23:00:00.000Z,2026-02-23T00:00:00.000Z,-1214.75111,-281.604594,1A139250372CCF5FCC386F991CDB34444B0E914A515BB569778D5D3F16FDD2CF
RAW_HEDGED_GRID_T100_S020_EURUSD_TAIL_TRAIL_SMOKE_TAIL100_A2_TR3,0.02,2025-03-16T23:00:00.000Z,2025-12-22T00:00:00.000Z,-1159.693493,-226.546977,58B809A4CCB767DEE7423E3A0DBB5A4E138F2FBAD31053805075FB44B7990E34
RAW_HEDGED_GRID_T100_S020_EURUSD_TAIL_TRAIL_SMOKE_TAIL100_A2_TR3,0.02,2025-03-16T23:00:00.000Z,2026-02-16T00:00:00.000Z,-1152.022969,-218.876453,E037171CF894C80837E12B15F4D43B273C7B704D6B8BE44EE72A514E97E163E5
RAW_HEDGED_GRID_T100_S020_EURUSD_TAIL_TRAIL_SMOKE_TAIL100_A2_TR3,0.02,2025-03-16T23:00:00.000Z,2025-12-08T00:00:00.000Z,-1130.392048,-197.245532,56435489CEB1635F8D326621DB4F8B53285950C0B8D8AA8104396EC5A4CBD500
RAW_HEDGED_GRID_T100_S020_EURUSD_TAIL_TRAIL_SMOKE_TAIL100_A2_TR3,0.02,2025-03-16T23:00:00.000Z,2026-01-26T00:00:00.000Z,-1090.938753,-157.792237,8C584693368D4D16CE54F22283AF49D3B2FFE4205FCB813CA50C1EB7DE067EDA
RAW_HEDGED_GRID_T100_S020_EURUSD_TAIL_TRAIL_SMOKE_TAIL100_A2_TR3,0.02,2025-03-16T23:00:00.000Z,2025-12-15T00:00:00.000Z,-1060.528617,-127.382101,79D9B6A11610406242F977DAF4C42E2BA157E0D55DDCF12FBAC973D1A2B76C2F
RAW_HEDGED_GRID_T100_S020_EURUSD_TAIL_TRAIL_SMOKE_TAIL100_A2_TR3,0.02,2025-03-16T23:00:00.000Z,2026-04-26T23:00:00.000Z,-992.732172,-59.585656,71DC27BEE6705BB76646297002B4FB9767DEE54036C314C40C66E1180318BC01
RAW_HEDGED_GRID_T100_S020_EURUSD_TAIL_TRAIL_SMOKE_TAIL100_A2_TR3,0.02,2020-06-14T23:00:00.000Z,2021-02-22T00:00:00.000Z,-978.723428,-846.62571,E4CCE084777610788EB35D2C992D1092ED077636F8833C333E5F888CDC72B1F0
RAW_HEDGED_GRID_T100_S020_EURUSD_TAIL_TRAIL_SMOKE_TAIL100_A2_TR3,0.05,2025-03-16T23:00:00.000Z,2025-12-29T00:00:00.000Z,-1322.034135,-537.516619,A37259689318E07F090C16252FD312662E6C43C8B78E5905661D32A5385E61E9
RAW_HEDGED_GRID_T100_S020_EURUSD_TAIL_TRAIL_SMOKE_TAIL100_A2_TR3,0.05,2025-03-16T23:00:00.000Z,2026-01-19T00:00:00.000Z,-1270.260165,-485.742649,0E0A6E13751F05B2F2DF585389643A9D667526B48EA45A4D0AA5B291BB9EEE83
RAW_HEDGED_GRID_T100_S020_EURUSD_TAIL_TRAIL_SMOKE_TAIL100_A2_TR3,0.05,2025-03-16T23:00:00.000Z,2026-02-23T00:00:00.000Z,-1241.52311,-457.005594,1C4730EE62BDF49267BAC64C5F05FD5E2F3A7B27A107125CD917BB7908E8FF42
RAW_HEDGED_GRID_T100_S020_EURUSD_TAIL_TRAIL_SMOKE_TAIL100_A2_TR3,0.05,2025-03-16T23:00:00.000Z,2025-12-22T00:00:00.000Z,-1180.636493,-396.118977,7771A78F483F327DB9921A40269122B20385A74631275680F54EE66834BB5590
RAW_HEDGED_GRID_T100_S020_EURUSD_TAIL_TRAIL_SMOKE_TAIL100_A2_TR3,0.05,2025-03-16T23:00:00.000Z,2026-02-16T00:00:00.000Z,-1178.217469,-393.699953,021F9CB3D120A37B8CC5F152D79902E6EF16D5F44C03FB87ABE4FE6B6DDE47B5
RAW_HEDGED_GRID_T100_S020_EURUSD_TAIL_TRAIL_SMOKE_TAIL100_A2_TR3,0.05,2025-03-16T23:00:00.000Z,2025-12-08T00:00:00.000Z,-1150.120048,-365.602532,DE04AB22346582951C1C2EB2F43122C174C1646EBA863574CA61D21FB1BFCB46
RAW_HEDGED_GRID_T100_S020_EURUSD_TAIL_TRAIL_SMOKE_TAIL100_A2_TR3,0.05,2025-03-16T23:00:00.000Z,2026-01-26T00:00:00.000Z,-1116.743253,-332.225737,98E0DA955EF7B4C034341BE8BE18EFE2B69E25354F87140AD066093B4980F7B2
RAW_HEDGED_GRID_T100_S020_EURUSD_TAIL_TRAIL_SMOKE_TAIL100_A2_TR3,0.05,2025-03-16T23:00:00.000Z,2025-12-15T00:00:00.000Z,-1081.135617,-296.618101,F167A5E26C9DA49EFC5B43BFC3B8749010BE1DF98BA87A0FB7B1240CFA7D9E6B
RAW_HEDGED_GRID_T100_S020_EURUSD_TAIL_TRAIL_SMOKE_TAIL100_A2_TR3,0.05,2025-03-16T23:00:00.000Z,2026-04-26T23:00:00.000Z,-1021.602672,-237.085156,0A1BE3E2E4B3F742A16E3D3DF10E4098C77B94FBC30E9DE428E4F8107F4F7C6C
RAW_HEDGED_GRID_T100_S020_EURUSD_TAIL_TRAIL_SMOKE_TAIL100_A2_TR3,0.05,2020-06-14T23:00:00.000Z,2021-02-22T00:00:00.000Z,-998.382428,-887.72571,8E6FB77FDF4484145A572C754CF629410BBF41449DC862E7B8F07BAC555F2E62
RAW_HEDGED_GRID_T100_S020_EURUSD_TAIL_TRAIL_SMOKE_TAIL100_A2_TR3,0.1,2025-03-16T23:00:00.000Z,2025-12-29T00:00:00.000Z,-1358.684135,-821.881619,6181B2B67B22B48023D76A8388A6781D7EA542B4D9F1E58F340CA095313CF510
RAW_HEDGED_GRID_T100_S020_EURUSD_TAIL_TRAIL_SMOKE_TAIL100_A2_TR3,0.1,2025-03-16T23:00:00.000Z,2026-01-19T00:00:00.000Z,-1310.537665,-773.735149,CD3F8467498F2CC1296981AFFCB7F113A4EE8BFFCB694EFEB9C505A5D638B110
RAW_HEDGED_GRID_T100_S020_EURUSD_TAIL_TRAIL_SMOKE_TAIL100_A2_TR3,0.1,2025-03-16T23:00:00.000Z,2026-02-23T00:00:00.000Z,-1286.14311,-749.340594,BAF233023003364A7DAB532CD453866E62D907CEA54519C924F75AD36F897343
RAW_HEDGED_GRID_T100_S020_EURUSD_TAIL_TRAIL_SMOKE_TAIL100_A2_TR3,0.1,2025-03-16T23:00:00.000Z,2026-02-16T00:00:00.000Z,-1221.874969,-685.072453,DD0DC4ECA12761A0EEE99BCD932ED4CDCDE7FADF9F135923A4226541B0DCDEBA
RAW_HEDGED_GRID_T100_S020_EURUSD_TAIL_TRAIL_SMOKE_TAIL100_A2_TR3,0.1,2025-03-16T23:00:00.000Z,2025-12-22T00:00:00.000Z,-1215.541493,-678.738977,AC43D4C55B9F2EDE88E1E5E289B78C8DC298CF4B043B75D2A3124E6EBF76DCA3
RAW_HEDGED_GRID_T100_S020_EURUSD_TAIL_TRAIL_SMOKE_TAIL100_A2_TR3,0.1,2025-03-16T23:00:00.000Z,2025-12-08T00:00:00.000Z,-1183.000048,-646.197532,37F2FDA0792E3582F1C3920DFF2C5B540643879A4DA7AD62EE4290B2E240CAD9
RAW_HEDGED_GRID_T100_S020_EURUSD_TAIL_TRAIL_SMOKE_TAIL100_A2_TR3,0.1,2025-03-16T23:00:00.000Z,2026-01-26T00:00:00.000Z,-1159.750753,-622.948237,57728515D225F2F462A1ED7662E41DA897C098DAFFA426993D80AC851D96779C
RAW_HEDGED_GRID_T100_S020_EURUSD_TAIL_TRAIL_SMOKE_TAIL100_A2_TR3,0.1,2025-03-16T23:00:00.000Z,2025-12-15T00:00:00.000Z,-1115.480617,-578.678101,546BD1D603C2351BD4F1D52867DCEC904E45B62CA8BF71B92B6BC6DE8643AB6A
RAW_HEDGED_GRID_T100_S020_EURUSD_TAIL_TRAIL_SMOKE_TAIL100_A2_TR3,0.1,2025-03-16T23:00:00.000Z,2026-04-26T23:00:00.000Z,-1069.720172,-532.917656,2D1082C7366F6C64B9C63DC61282F0A00357C0F771242C7F791924E93089839C
RAW_HEDGED_GRID_T100_S020_EURUSD_TAIL_TRAIL_SMOKE_TAIL100_A2_TR3,0.1,2020-05-17T23:00:00.000Z,2021-02-22T00:00:00.000Z,-1032.689939,-956.22571,99F7ADE4327C809EC915E7143373EA005865230D5A22F772DE17DAF812EB46EF
RAW_HEDGED_GRID_T100_S020_EURUSD_TAIL_TRAIL_SMOKE_TAIL100_A2_TR3,0.2,2025-03-16T23:00:00.000Z,2025-12-29T00:00:00.000Z,-1431.984135,-1390.611619,A50E47F3956A807B497F4D0D9FADD733476618E2A30E671CB0F1AF0F4C0C3A12
RAW_HEDGED_GRID_T100_S020_EURUSD_TAIL_TRAIL_SMOKE_TAIL100_A2_TR3,0.2,2025-03-16T23:00:00.000Z,2026-01-19T00:00:00.000Z,-1391.092665,-1349.720149,65E7823ACEB7EAA77A36FD2DA4D686C7AEFEA627864C82E622E1158C82560ACC
RAW_HEDGED_GRID_T100_S020_EURUSD_TAIL_TRAIL_SMOKE_TAIL100_A2_TR3,0.2,2025-03-16T23:00:00.000Z,2026-02-23T00:00:00.000Z,-1375.38311,-1334.010594,439FE0A27027E070977E27D18E99B3ADDC7A028F5DE434DCF0A67AEA8C74EBFB
RAW_HEDGED_GRID_T100_S020_EURUSD_TAIL_TRAIL_SMOKE_TAIL100_A2_TR3,0.2,2025-03-16T23:00:00.000Z,2026-02-16T00:00:00.000Z,-1309.189969,-1267.817453,C4E0884BFD9F3858DC2D3BDF13D0C8615CDEC92E95E2EC47AB1D7FDAAFB5AF58
RAW_HEDGED_GRID_T100_S020_EURUSD_TAIL_TRAIL_SMOKE_TAIL100_A2_TR3,0.2,2025-03-16T23:00:00.000Z,2025-12-22T00:00:00.000Z,-1285.351493,-1243.978977,CD21647655FAA78F8C1644C1A1AF9E608225076B5250350931512CB807CDB3F3
RAW_HEDGED_GRID_T100_S020_EURUSD_TAIL_TRAIL_SMOKE_TAIL100_A2_TR3,0.2,2025-03-16T23:00:00.000Z,2025-12-08T00:00:00.000Z,-1248.760048,-1207.387532,ABEB0DAB5AB3FD4A13E2FF6B2579E0DD1F995E90227FE08336C2531B44850021
RAW_HEDGED_GRID_T100_S020_EURUSD_TAIL_TRAIL_SMOKE_TAIL100_A2_TR3,0.2,2025-03-16T23:00:00.000Z,2026-01-26T00:00:00.000Z,-1245.765753,-1204.393237,B2551FCB32E3B581D0D195C330A43717C9558A6236DD737089220B51AD403B19
RAW_HEDGED_GRID_T100_S020_EURUSD_TAIL_TRAIL_SMOKE_TAIL100_A2_TR3,0.2,2025-03-16T23:00:00.000Z,2025-12-15T00:00:00.000Z,-1184.170617,-1142.798101,B2C324D4F7CED996E10FA9E4E5056615834093D16B19C02AFD9A0EEBDDC401B9
RAW_HEDGED_GRID_T100_S020_EURUSD_TAIL_TRAIL_SMOKE_TAIL100_A2_TR3,0.2,2025-03-16T23:00:00.000Z,2026-04-26T23:00:00.000Z,-1165.955172,-1124.582656,27BB155F289F210EAC64D2D8DD1BDD23213FCED2E3C262B16FFDB4139BA3F924
RAW_HEDGED_GRID_T100_S020_EURUSD_TAIL_TRAIL_SMOKE_TAIL100_A2_TR3,0.2,2020-04-12T23:00:00.000Z,2021-02-22T00:00:00.000Z,-1113.532642,-1093.22571,13949FEF4631E1AE49E39A67CFFA868C0DF488B8C1834F919B9F65026E10436B
RAW_HEDGED_GRID_T100_S020_EURUSD_TAIL_TRAIL_SMOKE_TAIL100_A2_TR3,0.5,,2025-12-29T00:00:00.000Z,-3096.801619,-3096.801619,0530DB0B30D322277390A9D471A4C78E184C56EB5D8B4ADDB437B98998C63BCB
RAW_HEDGED_GRID_T100_S020_EURUSD_TAIL_TRAIL_SMOKE_TAIL100_A2_TR3,0.5,,2026-02-23T00:00:00.000Z,-3088.020594,-3088.020594,0866E5CACF944454A9702EBAC166947CAD0A077CB3086E0A510556D842362E01
RAW_HEDGED_GRID_T100_S020_EURUSD_TAIL_TRAIL_SMOKE_TAIL100_A2_TR3,0.5,,2026-01-19T00:00:00.000Z,-3077.675149,-3077.675149,0ADCA50D99004B6BFDEC5FC871ADD6959F2A1321C602EE6781B71A921C737F71
RAW_HEDGED_GRID_T100_S020_EURUSD_TAIL_TRAIL_SMOKE_TAIL100_A2_TR3,0.5,,2026-02-16T00:00:00.000Z,-3016.052453,-3016.052453,31D736FCFEA6CDC7508EE35A33DABED379EFA9C2B4CB7CBE648502E689A2FFF7
RAW_HEDGED_GRID_T100_S020_EURUSD_TAIL_TRAIL_SMOKE_TAIL100_A2_TR3,0.5,,2026-01-26T00:00:00.000Z,-2948.728237,-2948.728237,41A9197D68A5407AA725BD9A8ED4F4F83F5E5DE092EDEAC6D9CAF6BDAA18E143
RAW_HEDGED_GRID_T100_S020_EURUSD_TAIL_TRAIL_SMOKE_TAIL100_A2_TR3,0.5,,2025-12-22T00:00:00.000Z,-2939.698977,-2939.698977,8981CBEB9861B215E8813B96CEAA723307500387388C73B980459F5DBCFDB30A
RAW_HEDGED_GRID_T100_S020_EURUSD_TAIL_TRAIL_SMOKE_TAIL100_A2_TR3,0.5,,2026-04-26T23:00:00.000Z,-2899.577656,-2899.577656,1498BB76213609043E332FDB4240C5A76AEA8A13664D0A12838643049FB75C91
RAW_HEDGED_GRID_T100_S020_EURUSD_TAIL_TRAIL_SMOKE_TAIL100_A2_TR3,0.5,,2025-12-08T00:00:00.000Z,-2890.957532,-2890.957532,F567AF9F81BCC57AEF49E06B11F137E7CEE5A50443388FB440FF931B741B9E5E
RAW_HEDGED_GRID_T100_S020_EURUSD_TAIL_TRAIL_SMOKE_TAIL100_A2_TR3,0.5,,2026-05-03T23:00:00.000Z,-2845.739785,-2845.739785,57C28C6441D6A7B805AAF8CA2F4BFBF19AE5C2E876CD2A9F105A3FE7A8910E8D
RAW_HEDGED_GRID_T100_S020_EURUSD_TAIL_TRAIL_SMOKE_TAIL100_A2_TR3,0.5,,2025-12-15T00:00:00.000Z,-2835.158101,-2835.158101,B0B40CB71A604FE45B00897BA9500A77A0FF7CF1340284FA64AF690F4578F9BC
RAW_HEDGED_GRID_T100_S020_EURUSD_TAIL_TRAIL_SMOKE_TAIL100_A2_TR5,0,2025-03-16T23:00:00.000Z,2025-12-29T00:00:00.000Z,-1286.03759,-289.554715,5D8D51250597BF1CF0D155D7CC16F276EBBF60238364C4E8D4255B725E98F63C
RAW_HEDGED_GRID_T100_S020_EURUSD_TAIL_TRAIL_SMOKE_TAIL100_A2_TR5,0,2025-03-16T23:00:00.000Z,2026-01-19T00:00:00.000Z,-1228.690611,-232.207736,445792AC09E3EE58E732DA77B254B2E5E8A59CA8EF003628FF8AFECFD40C4CAD
RAW_HEDGED_GRID_T100_S020_EURUSD_TAIL_TRAIL_SMOKE_TAIL100_A2_TR5,0,2025-03-16T23:00:00.000Z,2026-02-23T00:00:00.000Z,-1190.44032,-193.957445,BFB3DCD3005950D32CC0515AC181563C28F65AADE0573DB0391BA70BE13A5E25
RAW_HEDGED_GRID_T100_S020_EURUSD_TAIL_TRAIL_SMOKE_TAIL100_A2_TR5,0,2025-03-16T23:00:00.000Z,2025-12-22T00:00:00.000Z,-1145.795552,-149.312677,5B5B1429A7EFC3B3F0B7B8F5309D20FC4504E31434772D838AABE7C07A1F4F9A
RAW_HEDGED_GRID_T100_S020_EURUSD_TAIL_TRAIL_SMOKE_TAIL100_A2_TR5,0,2025-03-16T23:00:00.000Z,2026-02-16T00:00:00.000Z,-1127.659008,-131.176133,C0054C83CE2848459B087D8B73F9DACCCD3030C6D35816B5FC2860EF98B84535
RAW_HEDGED_GRID_T100_S020_EURUSD_TAIL_TRAIL_SMOKE_TAIL100_A2_TR5,0,2025-03-16T23:00:00.000Z,2025-12-08T00:00:00.000Z,-1116.463269,-119.980394,5A770DDFD53CCB2B562A723091ED5EF380994CB460D4EFE8A0D60E6DEA46CE75
RAW_HEDGED_GRID_T100_S020_EURUSD_TAIL_TRAIL_SMOKE_TAIL100_A2_TR5,0,2025-03-16T23:00:00.000Z,2026-01-26T00:00:00.000Z,-1066.508708,-70.025833,A1C090E8746FC7E4EFC2DC216F91CFF9D509A816D533B784E312B4F572C92879
RAW_HEDGED_GRID_T100_S020_EURUSD_TAIL_TRAIL_SMOKE_TAIL100_A2_TR5,0,2025-03-16T23:00:00.000Z,2025-12-15T00:00:00.000Z,-1047.300092,-50.817217,1A480503BFD299AC61D0E7C8B4FAFD182D3FA1A2418A632EF324BD783EC1FE0D
RAW_HEDGED_GRID_T100_S020_EURUSD_TAIL_TRAIL_SMOKE_TAIL100_A2_TR5,0,2026-03-08T23:00:00.000Z,2026-04-26T23:00:00.000Z,-977.03611,29.735569,9CBA95E16F4166B31410B7688B86722BB4C533941BDD75CABCD795EF5AECDFF7
RAW_HEDGED_GRID_T100_S020_EURUSD_TAIL_TRAIL_SMOKE_TAIL100_A2_TR5,0,2020-06-14T23:00:00.000Z,2021-02-22T00:00:00.000Z,-958.326853,-820.672852,3FBF22BD0842F806E4EDFD924801ABC1AD9809D46BFD54A2888D905AEF771DD1
RAW_HEDGED_GRID_T100_S020_EURUSD_TAIL_TRAIL_SMOKE_TAIL100_A2_TR5,0.0025,2025-03-16T23:00:00.000Z,2025-12-29T00:00:00.000Z,-1287.87084,-303.772965,CAC44EE7624086759788B27D535826BFF07748B9F1CA71D4AA9F91CAB1EE242E
RAW_HEDGED_GRID_T100_S020_EURUSD_TAIL_TRAIL_SMOKE_TAIL100_A2_TR5,0.0025,2025-03-16T23:00:00.000Z,2026-01-19T00:00:00.000Z,-1230.701861,-246.603986,A3665D0F135BBFD9F806767BCEA37626107541BCD7C7ED9151DA144148A7F5C6
RAW_HEDGED_GRID_T100_S020_EURUSD_TAIL_TRAIL_SMOKE_TAIL100_A2_TR5,0.0025,2025-03-16T23:00:00.000Z,2026-02-23T00:00:00.000Z,-1192.67207,-208.574195,0E218136E83B0CA4A32971933EDAF7F80E282FDA2D3DB2E0B223D0939C8CF451
RAW_HEDGED_GRID_T100_S020_EURUSD_TAIL_TRAIL_SMOKE_TAIL100_A2_TR5,0.0025,2025-03-16T23:00:00.000Z,2025-12-22T00:00:00.000Z,-1147.540802,-163.442927,6E446AC4CEC9C18AD335EA0C063A217E1245BF982EEE3DFD84F341ED66BA0A81
RAW_HEDGED_GRID_T100_S020_EURUSD_TAIL_TRAIL_SMOKE_TAIL100_A2_TR5,0.0025,2025-03-16T23:00:00.000Z,2026-02-16T00:00:00.000Z,-1129.842633,-145.744758,39FA2FA73124BEB6A4BF714D44AA44E96007FD527E4029AF4AE4DFDEBB5FCDDD
RAW_HEDGED_GRID_T100_S020_EURUSD_TAIL_TRAIL_SMOKE_TAIL100_A2_TR5,0.0025,2025-03-16T23:00:00.000Z,2025-12-08T00:00:00.000Z,-1118.104269,-134.006394,5D790D99D81B15AC8E0BB02073503FF31C45716B077F1162356D0E02CBCA02E9
RAW_HEDGED_GRID_T100_S020_EURUSD_TAIL_TRAIL_SMOKE_TAIL100_A2_TR5,0.0025,2025-03-16T23:00:00.000Z,2026-01-26T00:00:00.000Z,-1068.659833,-84.561958,1709B30A62E75202D2A6367C9A68FC7BADACD30E7FC18535639D9F27C46B1A3A
RAW_HEDGED_GRID_T100_S020_EURUSD_TAIL_TRAIL_SMOKE_TAIL100_A2_TR5,0.0025,2025-03-16T23:00:00.000Z,2025-12-15T00:00:00.000Z,-1049.018092,-64.920217,38FAC9596471F6D5E5AE446419054D75269F2DF1CA34D4A9ABF4AA83DF072C39
RAW_HEDGED_GRID_T100_S020_EURUSD_TAIL_TRAIL_SMOKE_TAIL100_A2_TR5,0.0025,2026-03-08T23:00:00.000Z,2026-04-26T23:00:00.000Z,-977.184735,14.943944,04C289A5594614A4B2D86ACF9197D61F5FECD8146C3962EC2F2CC8793EE5F3BC
RAW_HEDGED_GRID_T100_S020_EURUSD_TAIL_TRAIL_SMOKE_TAIL100_A2_TR5,0.0025,2020-06-14T23:00:00.000Z,2021-02-22T00:00:00.000Z,-959.965103,-824.097852,7B4CD7A108A45B269728D1FFDDD264F6D7649E47CDC34FBFD7D6AC810AB58683
RAW_HEDGED_GRID_T100_S020_EURUSD_TAIL_TRAIL_SMOKE_TAIL100_A2_TR5,0.005,2025-03-16T23:00:00.000Z,2025-12-29T00:00:00.000Z,-1289.70409,-317.991215,798271C2C4823B9D022EB90899BC353647C13088B03795E2C750F2109EF968FA
RAW_HEDGED_GRID_T100_S020_EURUSD_TAIL_TRAIL_SMOKE_TAIL100_A2_TR5,0.005,2025-03-16T23:00:00.000Z,2026-01-19T00:00:00.000Z,-1232.713111,-261.000236,94ED150D23EC2CF53C414855F5CDFB61A2BF8F588F2CAE8806E4F42CE109B666
RAW_HEDGED_GRID_T100_S020_EURUSD_TAIL_TRAIL_SMOKE_TAIL100_A2_TR5,0.005,2025-03-16T23:00:00.000Z,2026-02-23T00:00:00.000Z,-1194.90382,-223.190945,B55354DEDE62B85C57066EB6239BF6AA2D44FB60CEF1FE25CE209F489C971A5A
RAW_HEDGED_GRID_T100_S020_EURUSD_TAIL_TRAIL_SMOKE_TAIL100_A2_TR5,0.005,2025-03-16T23:00:00.000Z,2025-12-22T00:00:00.000Z,-1149.286052,-177.573177,8408F3A89629192EE80380A10EEB05843140CE5E7D31D55999BA5CA66D46A088
RAW_HEDGED_GRID_T100_S020_EURUSD_TAIL_TRAIL_SMOKE_TAIL100_A2_TR5,0.005,2025-03-16T23:00:00.000Z,2026-02-16T00:00:00.000Z,-1132.026258,-160.313383,1F7FA6527A46E3A57CBF2898B31F69E9B61887DD679AD53C429DE5AA0266A3FB
RAW_HEDGED_GRID_T100_S020_EURUSD_TAIL_TRAIL_SMOKE_TAIL100_A2_TR5,0.005,2025-03-16T23:00:00.000Z,2025-12-08T00:00:00.000Z,-1119.745269,-148.032394,C3223870E4186CD30AEBD2F025DAF15AE442E1E7CBE813ECF2D5B0FEBA31C0DF
RAW_HEDGED_GRID_T100_S020_EURUSD_TAIL_TRAIL_SMOKE_TAIL100_A2_TR5,0.005,2025-03-16T23:00:00.000Z,2026-01-26T00:00:00.000Z,-1070.810958,-99.098083,27590A79A0716C3AFE5F06DA10FB607C23CE45D70EADC71D8E121E061C807499
RAW_HEDGED_GRID_T100_S020_EURUSD_TAIL_TRAIL_SMOKE_TAIL100_A2_TR5,0.005,2025-03-16T23:00:00.000Z,2025-12-15T00:00:00.000Z,-1050.736092,-79.023217,9CBC9EFC109AD9DF459F23350B615631CA68FBCAECB3C3D6DAF6E234A003F974
RAW_HEDGED_GRID_T100_S020_EURUSD_TAIL_TRAIL_SMOKE_TAIL100_A2_TR5,0.005,2026-03-08T23:00:00.000Z,2026-04-26T23:00:00.000Z,-977.33336,0.152319,A32D8A00A2A3C962C12864BB4B20418B6F8715B22B082051BE7AAE26CFA0FEAA
RAW_HEDGED_GRID_T100_S020_EURUSD_TAIL_TRAIL_SMOKE_TAIL100_A2_TR5,0.005,2020-06-14T23:00:00.000Z,2021-02-22T00:00:00.000Z,-961.603353,-827.522852,DE97EC62827F3FC459ACD66CEB8FD4A2A51FE0D0CFA8829B5C027B6B674A64D1
RAW_HEDGED_GRID_T100_S020_EURUSD_TAIL_TRAIL_SMOKE_TAIL100_A2_TR5,0.01,2025-03-16T23:00:00.000Z,2025-12-29T00:00:00.000Z,-1293.37059,-346.427715,D2B54D568AE753CCA82C57585BB1C1CD70C9FD485898DF0E9B1F00F845C1A646
RAW_HEDGED_GRID_T100_S020_EURUSD_TAIL_TRAIL_SMOKE_TAIL100_A2_TR5,0.01,2025-03-16T23:00:00.000Z,2026-01-19T00:00:00.000Z,-1236.735611,-289.792736,986525CD1812602AC31C184230C76079A3B0F3F370A3C3AC001103DCEEE65E6F
RAW_HEDGED_GRID_T100_S020_EURUSD_TAIL_TRAIL_SMOKE_TAIL100_A2_TR5,0.01,2025-03-16T23:00:00.000Z,2026-02-23T00:00:00.000Z,-1199.36732,-252.424445,D29536750EFF3CB1754686F9C1FBDFD81D8575709E042119499CB995FC06A551
RAW_HEDGED_GRID_T100_S020_EURUSD_TAIL_TRAIL_SMOKE_TAIL100_A2_TR5,0.01,2025-03-16T23:00:00.000Z,2025-12-22T00:00:00.000Z,-1152.776552,-205.833677,D523713AA2A0CE3280B57C1CFFB10A5F52CAA82B47738BD560B4781930842CF6
RAW_HEDGED_GRID_T100_S020_EURUSD_TAIL_TRAIL_SMOKE_TAIL100_A2_TR5,0.01,2025-03-16T23:00:00.000Z,2026-02-16T00:00:00.000Z,-1136.393508,-189.450633,0B0901C117B44A9E63023CB9263578F4FE0D70D37F805CFF9EF4D2F121763061
RAW_HEDGED_GRID_T100_S020_EURUSD_TAIL_TRAIL_SMOKE_TAIL100_A2_TR5,0.01,2025-03-16T23:00:00.000Z,2025-12-08T00:00:00.000Z,-1123.027269,-176.084394,79B2BBFFAFA07A678804F7AA01832864A6C84BA35672267030912214344BAD4F
RAW_HEDGED_GRID_T100_S020_EURUSD_TAIL_TRAIL_SMOKE_TAIL100_A2_TR5,0.01,2025-03-16T23:00:00.000Z,2026-01-26T00:00:00.000Z,-1075.113208,-128.170333,11EAD56213AAD0EA83FBBE7E45050A42B64AB901C2D1992E76823BE357F6D79C
RAW_HEDGED_GRID_T100_S020_EURUSD_TAIL_TRAIL_SMOKE_TAIL100_A2_TR5,0.01,2025-03-16T23:00:00.000Z,2025-12-15T00:00:00.000Z,-1054.172092,-107.229217,28324A45FDC9E07810ECA523FAA6DE089E9192D1DEDCAE3F5C61C8E132FCA5CE
RAW_HEDGED_GRID_T100_S020_EURUSD_TAIL_TRAIL_SMOKE_TAIL100_A2_TR5,0.01,2026-03-08T23:00:00.000Z,2026-04-26T23:00:00.000Z,-977.63061,-29.430931,C13501160AEEEBCDF3DF4E6E80097107636C5494973CB099A5A01D0B17CC79E5
RAW_HEDGED_GRID_T100_S020_EURUSD_TAIL_TRAIL_SMOKE_TAIL100_A2_TR5,0.01,2020-06-14T23:00:00.000Z,2021-02-22T00:00:00.000Z,-964.879853,-834.372852,E3C2BA88A5667B24EAE23590C94136C7CB079911C18C2DFF53638AE61CD884C0
RAW_HEDGED_GRID_T100_S020_EURUSD_TAIL_TRAIL_SMOKE_TAIL100_A2_TR5,0.02,2025-03-16T23:00:00.000Z,2025-12-29T00:00:00.000Z,-1300.70359,-403.300715,D8ECACE0C1FB9051BC57E592F62933E4D98F1B4F71CF6E65DB0EC09A71CD9428
RAW_HEDGED_GRID_T100_S020_EURUSD_TAIL_TRAIL_SMOKE_TAIL100_A2_TR5,0.02,2025-03-16T23:00:00.000Z,2026-01-19T00:00:00.000Z,-1244.780611,-347.377736,4229EA4E862CEFC1A9BB853510F23E873F7BA53F4222F070C59985279A17AE5C
RAW_HEDGED_GRID_T100_S020_EURUSD_TAIL_TRAIL_SMOKE_TAIL100_A2_TR5,0.02,2025-03-16T23:00:00.000Z,2026-02-23T00:00:00.000Z,-1208.29432,-310.891445,EA02FCD05B03754C634666E493D19F9E0B5255007C0216E0FC98A21A605A490D
RAW_HEDGED_GRID_T100_S020_EURUSD_TAIL_TRAIL_SMOKE_TAIL100_A2_TR5,0.02,2025-03-16T23:00:00.000Z,2025-12-22T00:00:00.000Z,-1159.757552,-262.354677,C8B4980DB834FE789CBF4FC9AD0BFE4266BC22CDB1C994299A33B9586ABDE8B9
RAW_HEDGED_GRID_T100_S020_EURUSD_TAIL_TRAIL_SMOKE_TAIL100_A2_TR5,0.02,2025-03-16T23:00:00.000Z,2026-02-16T00:00:00.000Z,-1145.128008,-247.725133,33740A5C0024886C3FCC12B28D7A1AFD081160E7F594B5102C19857842D157EE
RAW_HEDGED_GRID_T100_S020_EURUSD_TAIL_TRAIL_SMOKE_TAIL100_A2_TR5,0.02,2025-03-16T23:00:00.000Z,2025-12-08T00:00:00.000Z,-1129.591269,-232.188394,B30F67DE05422AAFBD34D72CC9F07FCA8894C459527A6F7D984C0AA5D0CD5816
RAW_HEDGED_GRID_T100_S020_EURUSD_TAIL_TRAIL_SMOKE_TAIL100_A2_TR5,0.02,2025-03-16T23:00:00.000Z,2026-01-26T00:00:00.000Z,-1083.717708,-186.314833,AB5449010F8C506E512E3DEC76D94D5CD6E76869E745425EE2D08EA04EFA16F1
RAW_HEDGED_GRID_T100_S020_EURUSD_TAIL_TRAIL_SMOKE_TAIL100_A2_TR5,0.02,2025-03-16T23:00:00.000Z,2025-12-15T00:00:00.000Z,-1061.044092,-163.641217,D98AFB2E9408632B39CE0D4B489F08C26B8B4E9BE951E486D37FE9409AF5677C
RAW_HEDGED_GRID_T100_S020_EURUSD_TAIL_TRAIL_SMOKE_TAIL100_A2_TR5,0.02,2025-03-16T23:00:00.000Z,2026-04-26T23:00:00.000Z,-986.000306,-88.597431,0E6B305D3171C9DF68A2975101DF6F09322893E9052FADD9708F70641E1A2BB2
RAW_HEDGED_GRID_T100_S020_EURUSD_TAIL_TRAIL_SMOKE_TAIL100_A2_TR5,0.02,2020-06-14T23:00:00.000Z,2021-02-22T00:00:00.000Z,-971.432853,-848.072852,0375205AD3EBD152C0D850502B04CEC2477662A0D831B4E1146F711F9354A8C0
RAW_HEDGED_GRID_T100_S020_EURUSD_TAIL_TRAIL_SMOKE_TAIL100_A2_TR5,0.05,2025-03-16T23:00:00.000Z,2025-12-29T00:00:00.000Z,-1322.70259,-573.919715,C96A55367516615A15A908864100DA64427EDE171CC0346A2D0BD2AEBA2AB75E
RAW_HEDGED_GRID_T100_S020_EURUSD_TAIL_TRAIL_SMOKE_TAIL100_A2_TR5,0.05,2025-03-16T23:00:00.000Z,2026-01-19T00:00:00.000Z,-1268.915611,-520.132736,F63BCCB87F2D6947D73186E7D0B1570642C2CD0D67C230BBBB7DDD380CCB49A5
RAW_HEDGED_GRID_T100_S020_EURUSD_TAIL_TRAIL_SMOKE_TAIL100_A2_TR5,0.05,2025-03-16T23:00:00.000Z,2026-02-23T00:00:00.000Z,-1235.07532,-486.292445,569C8476A089FA7CDC36F214F813ECC239C910EFB1B3A9BB46E5E75C6C0854F4
RAW_HEDGED_GRID_T100_S020_EURUSD_TAIL_TRAIL_SMOKE_TAIL100_A2_TR5,0.05,2025-03-16T23:00:00.000Z,2025-12-22T00:00:00.000Z,-1180.700552,-431.917677,D570A1C36A8225506445D42406692C48DD1FF61EA49757CA207E1240E312B164
RAW_HEDGED_GRID_T100_S020_EURUSD_TAIL_TRAIL_SMOKE_TAIL100_A2_TR5,0.05,2025-03-16T23:00:00.000Z,2026-02-16T00:00:00.000Z,-1171.331508,-422.548633,1F71D38F9216504A4F2FEFFC997547C628C48E70C1B40F8AC0987DA05F836FC0
RAW_HEDGED_GRID_T100_S020_EURUSD_TAIL_TRAIL_SMOKE_TAIL100_A2_TR5,0.05,2025-03-16T23:00:00.000Z,2025-12-08T00:00:00.000Z,-1149.283269,-400.500394,AA7B9470EFBE52F689140CF2F643B12638B4AB260EF4C89F5670CFF9BC470EA0
RAW_HEDGED_GRID_T100_S020_EURUSD_TAIL_TRAIL_SMOKE_TAIL100_A2_TR5,0.05,2025-03-16T23:00:00.000Z,2026-01-26T00:00:00.000Z,-1109.531208,-360.748333,B6FE502A164175176FF5FC2049BE8873DF27E9D15FF397AA9BE36FD202BC5DFA
RAW_HEDGED_GRID_T100_S020_EURUSD_TAIL_TRAIL_SMOKE_TAIL100_A2_TR5,0.05,2025-03-16T23:00:00.000Z,2025-12-15T00:00:00.000Z,-1081.660092,-332.877217,7463B453A94AB375FA86F18A6731389439CC2EB70C45FADB3702F72664E39B4F
RAW_HEDGED_GRID_T100_S020_EURUSD_TAIL_TRAIL_SMOKE_TAIL100_A2_TR5,0.05,2025-03-16T23:00:00.000Z,2026-04-26T23:00:00.000Z,-1014.879806,-266.096931,D071C10436D79171415DC875E1EDAD127093B094A671011629DAEB55E1A5822A
RAW_HEDGED_GRID_T100_S020_EURUSD_TAIL_TRAIL_SMOKE_TAIL100_A2_TR5,0.05,2020-06-14T23:00:00.000Z,2021-02-22T00:00:00.000Z,-991.091853,-889.172852,A69086B3FD5DA5214CA055A2E42054678F43C9E151AD472A5DC756BE2FDC814F
RAW_HEDGED_GRID_T100_S020_EURUSD_TAIL_TRAIL_SMOKE_TAIL100_A2_TR5,0.1,2025-03-16T23:00:00.000Z,2025-12-29T00:00:00.000Z,-1359.36759,-858.284715,A09C9E64F54950015D8EB93DEF7E6F87895F2C65C67FBC73B95A1A6DBFBF62E9
RAW_HEDGED_GRID_T100_S020_EURUSD_TAIL_TRAIL_SMOKE_TAIL100_A2_TR5,0.1,2025-03-16T23:00:00.000Z,2026-01-19T00:00:00.000Z,-1309.140611,-808.057736,AD8EBADB169AEE999C6DF1D11302AAA1F7AA82E615C7344D4101C0E7D6C8991D
RAW_HEDGED_GRID_T100_S020_EURUSD_TAIL_TRAIL_SMOKE_TAIL100_A2_TR5,0.1,2025-03-16T23:00:00.000Z,2026-02-23T00:00:00.000Z,-1279.71032,-778.627445,D1CDC6C0B0891A42D5891E26607F8511A34C421135D43676DCBBBC66F03D2969
RAW_HEDGED_GRID_T100_S020_EURUSD_TAIL_TRAIL_SMOKE_TAIL100_A2_TR5,0.1,2025-03-16T23:00:00.000Z,2025-12-22T00:00:00.000Z,-1215.605552,-714.522677,D90DD5389070401FB0728E246690541FBD79EEA11DD5CF0D26AB2047CE976C67
RAW_HEDGED_GRID_T100_S020_EURUSD_TAIL_TRAIL_SMOKE_TAIL100_A2_TR5,0.1,2025-03-16T23:00:00.000Z,2026-02-16T00:00:00.000Z,-1215.004008,-713.921133,2E173795E3B685999AE8857AA75578ED8351D76D378E6F1CCEC561623DE04BFD
RAW_HEDGED_GRID_T100_S020_EURUSD_TAIL_TRAIL_SMOKE_TAIL100_A2_TR5,0.1,2025-03-16T23:00:00.000Z,2025-12-08T00:00:00.000Z,-1182.103269,-681.020394,DD94C08BDB9ECDD4E72C693DF27753F46DC2BC91BC1521825C28EE92B8F1B3E9
RAW_HEDGED_GRID_T100_S020_EURUSD_TAIL_TRAIL_SMOKE_TAIL100_A2_TR5,0.1,2025-03-16T23:00:00.000Z,2026-01-26T00:00:00.000Z,-1152.553708,-651.470833,3457259D4BCD0680370B9042BA7E24FF6CDEED1CF1BF2E3A02277B302EF0535B
RAW_HEDGED_GRID_T100_S020_EURUSD_TAIL_TRAIL_SMOKE_TAIL100_A2_TR5,0.1,2025-03-16T23:00:00.000Z,2025-12-15T00:00:00.000Z,-1116.020092,-614.937217,2C9147A2597C1FFD5FC5B1423E4E9BBD0BE151092A6BA2B43B0027744540DE24
RAW_HEDGED_GRID_T100_S020_EURUSD_TAIL_TRAIL_SMOKE_TAIL100_A2_TR5,0.1,2025-03-16T23:00:00.000Z,2026-04-26T23:00:00.000Z,-1063.012306,-561.929431,D19091E6F1D5AE0EB44FE070E1AF90DDF5BE4316078E520E5EA43E273ACD648E
RAW_HEDGED_GRID_T100_S020_EURUSD_TAIL_TRAIL_SMOKE_TAIL100_A2_TR5,0.1,2020-05-17T23:00:00.000Z,2021-02-22T00:00:00.000Z,-1026.669374,-957.672852,BD65934B244CF6CF4206683A995328C80F5690C4C7DFDA89BFDE09F5D787A9E7
RAW_HEDGED_GRID_T100_S020_EURUSD_TAIL_TRAIL_SMOKE_TAIL100_A2_TR5,0.2,2020-04-05T23:00:00.000Z,2025-12-29T00:00:00.000Z,-1442.340314,-1427.014715,C72D358047FE367FE2960A981C4D5027EEB0401642031355A8D81888E8C75216
RAW_HEDGED_GRID_T100_S020_EURUSD_TAIL_TRAIL_SMOKE_TAIL100_A2_TR5,0.2,2020-04-05T23:00:00.000Z,2026-01-19T00:00:00.000Z,-1399.233335,-1383.907736,71788B7965C3A3F1551CBB1C6DBFF693C5A4FF205099B7F6959A40CA76B4552A
RAW_HEDGED_GRID_T100_S020_EURUSD_TAIL_TRAIL_SMOKE_TAIL100_A2_TR5,0.2,2020-04-05T23:00:00.000Z,2026-02-23T00:00:00.000Z,-1378.623044,-1363.297445,093929EB8FFC927A93D81298AD85D119D0D378E7E90CC5EFE0307B4868270BD0
RAW_HEDGED_GRID_T100_S020_EURUSD_TAIL_TRAIL_SMOKE_TAIL100_A2_TR5,0.2,2020-04-05T23:00:00.000Z,2026-02-16T00:00:00.000Z,-1311.991732,-1296.666133,C42397943EE63F6B1264A81B6AB38EAE6E3622D1330257EA735AAA8FA36BC44D
RAW_HEDGED_GRID_T100_S020_EURUSD_TAIL_TRAIL_SMOKE_TAIL100_A2_TR5,0.2,2020-04-05T23:00:00.000Z,2025-12-22T00:00:00.000Z,-1295.058276,-1279.732677,4D59E3C3AA5AD633BB37FCA20D6FF6446ADDB0B52728782E1AF22862156304D4
RAW_HEDGED_GRID_T100_S020_EURUSD_TAIL_TRAIL_SMOKE_TAIL100_A2_TR5,0.2,2020-04-05T23:00:00.000Z,2025-12-08T00:00:00.000Z,-1257.385993,-1242.060394,0E5C34FC65B1A578478A6C117024B890E988662A6FD8856C8272A737E9DED9B7
RAW_HEDGED_GRID_T100_S020_EURUSD_TAIL_TRAIL_SMOKE_TAIL100_A2_TR5,0.2,2020-04-05T23:00:00.000Z,2026-01-26T00:00:00.000Z,-1248.241432,-1232.915833,E6FAC6C02D40890B60F663175F3E6F00F13803C684D31466802331BCE7FF8F4A
RAW_HEDGED_GRID_T100_S020_EURUSD_TAIL_TRAIL_SMOKE_TAIL100_A2_TR5,0.2,2020-04-05T23:00:00.000Z,2025-12-15T00:00:00.000Z,-1194.382816,-1179.057217,A78F4CDE6B949D4BDB2840004014267F53B27F00415E499BEE9E65CBE67703F0
RAW_HEDGED_GRID_T100_S020_EURUSD_TAIL_TRAIL_SMOKE_TAIL100_A2_TR5,0.2,2020-04-05T23:00:00.000Z,2026-04-26T23:00:00.000Z,-1168.92003,-1153.594431,9A1EE0C082AE089060FCA73170961E6D940C0AA77FF1FE1338ACE99F5285000F
RAW_HEDGED_GRID_T100_S020_EURUSD_TAIL_TRAIL_SMOKE_TAIL100_A2_TR5,0.2,2020-04-05T23:00:00.000Z,2021-02-22T00:00:00.000Z,-1109.998451,-1094.672852,66503C9A21E09997C70A038E6411B665206CB201C681343B8AAF9E4F26FF77B3
RAW_HEDGED_GRID_T100_S020_EURUSD_TAIL_TRAIL_SMOKE_TAIL100_A2_TR5,0.5,,2025-12-29T00:00:00.000Z,-3133.204715,-3133.204715,E716221EA7E4A0B3559D09AA657B5495E17843B4C654F64BE3E360EE13A1A0CF
RAW_HEDGED_GRID_T100_S020_EURUSD_TAIL_TRAIL_SMOKE_TAIL100_A2_TR5,0.5,,2026-02-23T00:00:00.000Z,-3117.307445,-3117.307445,189F60B3B8AE178832115EA04DF93E75338584BD1A69449B1AD52009DBD7F848
RAW_HEDGED_GRID_T100_S020_EURUSD_TAIL_TRAIL_SMOKE_TAIL100_A2_TR5,0.5,,2026-01-19T00:00:00.000Z,-3111.457736,-3111.457736,6D6B5BB09216F02E02423FA7F8041C9291E36C395E5FF6FA696296C3F34AB451
RAW_HEDGED_GRID_T100_S020_EURUSD_TAIL_TRAIL_SMOKE_TAIL100_A2_TR5,0.5,,2026-02-16T00:00:00.000Z,-3044.901133,-3044.901133,5E5C5C0BA53659BBE459564F6C9CE77525EEED8233522024E99A484B4541CF0A
RAW_HEDGED_GRID_T100_S020_EURUSD_TAIL_TRAIL_SMOKE_TAIL100_A2_TR5,0.5,,2026-01-26T00:00:00.000Z,-2977.250833,-2977.250833,29C274DDFD596917336807D0969805B1C63964F6600C3102D86A0FEEBB787FCB
RAW_HEDGED_GRID_T100_S020_EURUSD_TAIL_TRAIL_SMOKE_TAIL100_A2_TR5,0.5,,2025-12-22T00:00:00.000Z,-2975.362677,-2975.362677,7F4C50BE14795273F95893B9B22BBC0037E01F25636CD608F4CC182C4AE5ABE5
RAW_HEDGED_GRID_T100_S020_EURUSD_TAIL_TRAIL_SMOKE_TAIL100_A2_TR5,0.5,,2026-04-26T23:00:00.000Z,-2928.589431,-2928.589431,D7FC0070A7D097BA9A95FA2FD139774FEF09935E67FC8E9AB990E39D7A1373AC
RAW_HEDGED_GRID_T100_S020_EURUSD_TAIL_TRAIL_SMOKE_TAIL100_A2_TR5,0.5,,2025-12-08T00:00:00.000Z,-2925.180394,-2925.180394,AA348C993F5C7F110287A212B1CBC7618FE5D496971300E962E2CEBE9D2FF7AD
RAW_HEDGED_GRID_T100_S020_EURUSD_TAIL_TRAIL_SMOKE_TAIL100_A2_TR5,0.5,,2026-05-03T23:00:00.000Z,-2874.411115,-2874.411115,F3016D55994C7C5C9C883A3EC03A4C4FEFEF1FE7101C9D07103A96233F9D5B59
RAW_HEDGED_GRID_T100_S020_EURUSD_TAIL_TRAIL_SMOKE_TAIL100_A2_TR5,0.5,,2025-12-15T00:00:00.000Z,-2871.417217,-2871.417217,5950808CEADD12E4245B1879708A2E1D1FCA8FAAD2C50C3F3B90B1CB20ADC53E
