rule_id,rule_family,base_rule_id,flip_policy,pair,closed_adr,mtm_adr,final_open_unrealized_adr,worst_week_end_open_unrealized_adr,flip_loss_adr,target_reset_adr,sample_end_event_count,content_hash
CARRY_UNTIL_FLIP,control,,current_forced_flip_close,AUDNZD,-15.277522,-51.115994,-35.838472,-38.224421,-44.058449,0,1,72ECAA1CDDB09B54449CCE360DCC995188676D000F7D2D29A01CE360FE8DE37C
CARRY_UNTIL_FLIP,control,,current_forced_flip_close,EURCHF,-38.448168,-36.667704,1.780464,-24.903074,-55.575342,0,1,978824C2EC6889DEE1F508039E6451F2652AB5DE8A11ED16F3F2CB315CA620B1
CARRY_UNTIL_FLIP,control,,current_forced_flip_close,GBPJPY,-23.004009,-25.86989,-2.865881,-17.127943,-65.620844,0,1,64090B9A416478CC461A4DDA8D8D9EE2B3E2450F88757FD8A96ABE07AD1574F6
CARRY_UNTIL_FLIP,control,,current_forced_flip_close,EURJPY,-19.879996,-21.534786,-1.65479,-18.589951,-52.558268,0,1,D35197E53571F43210FD5693E0CCBBB84CDD21730A513BD4295F59156975F57D
CARRY_UNTIL_FLIP,control,,current_forced_flip_close,USDJPY,0.680178,-10.171966,-10.852144,-22.020357,-55.703852,0,1,3B8348B42EF8421955182D407FD44132A4ACA6559210F1E5D734BB2189F805D0
CARRY_UNTIL_FLIP,control,,current_forced_flip_close,GBPUSD,-0.874994,-1.654954,-0.77996,-26.950234,-38.701996,0,1,840E4B58A83FBE3986A9039D6645BEDC45DB6D58E5EB016EA659891F1BD06086
CARRY_UNTIL_FLIP,control,,current_forced_flip_close,GBPCAD,-0.033406,-0.253638,-0.220232,-20.101778,-43.496954,0,1,0CFFA14903C34B47C2AC7461618E2283D35B4A5FF11EB5565B669DA38DC11111
CARRY_UNTIL_FLIP,control,,current_forced_flip_close,NZDUSD,6.872757,3.345841,-3.526916,-11.096704,-47.481185,0,1,31D667767CE5806C413C0AFD97558107B99356AA55053EBD0F44B008BB3C867B
CARRY_UNTIL_FLIP,control,,current_forced_flip_close,GBPAUD,21.904538,9.775039,-12.129499,-14.619936,-36.596659,0,1,C7D571B7F5A6D7BD417C46873B718D2041195CC40748FEE0EE10D7CF2C0EB53D
CARRY_UNTIL_FLIP,control,,current_forced_flip_close,USDCAD,16.284758,12.093728,-4.19103,-12.738597,-38.253605,0,1,35613D9AF357BD3044D48487F4084FD30D55228BCC0578FA8826E383D6C4688A
CARRY_UNTIL_FLIP,control,,current_forced_flip_close,AUDUSD,12.266072,13.52349,1.257418,-11.157241,-41.996416,0,1,1CE576A9ABA6D84D19583221A44D1CB1B76FBBEA11303E6497ACBB6FD589B5CE
CARRY_UNTIL_FLIP,control,,current_forced_flip_close,CADJPY,19.766222,19.75218,-0.014042,-24.016827,-49.145804,0,1,8C24D69FE5558BCBC7867FABA6C3F9FB8666CD0F760C9FFC0BDBC5C6FD368824
CARRY_UNTIL_FLIP,control,,current_forced_flip_close,AUDCAD,21.632286,21.01457,-0.617716,-14.545707,-32.835705,0,1,277BBE5C411048CCA410ED14E2EC26709807DC93425BDD95FFCA095607077EF0
CARRY_UNTIL_FLIP,control,,current_forced_flip_close,GBPNZD,21.658623,22.746637,1.088014,-10.118497,-47.091681,0,1,8BB15F79B4DECF5F16249DEA2262C2E2C201D7BD02EDDBFE07CF33B3C1E622C6
CARRY_UNTIL_FLIP,control,,current_forced_flip_close,EURUSD,24.335258,24.304176,-0.031082,-14.64917,-18.256186,0,1,51E982F79B1774C5BBFDF878D6D28CC91BDFF3B1BC28FCEFC850D28FE08454A2
CARRY_UNTIL_FLIP,control,,current_forced_flip_close,EURAUD,28.92286,27.789698,-1.133162,-11.040998,-43.517932,0,1,A22F9C7062A5C4911E7BD21181891D6521E08E60CB931AB411BCFEB0E91EEB56
CARRY_UNTIL_FLIP,control,,current_forced_flip_close,GBPCHF,16.915654,28.214947,11.299293,-17.276592,-16.406429,0,1,A05482453A3F954A05041D1DA21E487E99EAC4AE6ED44EB252336DCB672B4093
CARRY_UNTIL_FLIP,control,,current_forced_flip_close,USDCHF,28.792626,30.029851,1.237225,-11.020033,-21.848722,0,1,B41A6927329D4037EA78A01785910268B9363A9FF5E22201FEB0840EDDECFA6B
CARRY_UNTIL_FLIP,control,,current_forced_flip_close,EURGBP,37.409381,36.746257,-0.663124,-10.676267,-11.239179,0,1,7274D8C0297A1BA4BBD29AC3014B3D51A4430C518471094676162A9EEFDD4705
CARRY_UNTIL_FLIP,control,,current_forced_flip_close,NZDCAD,39.542081,39.509436,-0.032645,-9.196953,-35.783666,0,1,AE172BCDA5C2D4E9E7A91BE7A4CB96B7BCA930DAE3E33D6B68C7B996E96ADE6F
CARRY_UNTIL_FLIP,control,,current_forced_flip_close,EURCAD,45.61481,47.605369,1.990559,-13.315933,-26.95524,0,1,AD3C7B6D7AEF6E7718C7B7AC8B5F1EF6B78E0380FBD3B25914E108CC5C9A4B59
CARRY_UNTIL_FLIP,control,,current_forced_flip_close,NZDJPY,47.882857,47.83155,-0.051307,-15.50438,-30.830211,0,1,F5746DB471327464549A0F8580C9B164653082CA078393EC03C675D2122C1235
CARRY_UNTIL_FLIP,control,,current_forced_flip_close,CHFJPY,49.753083,50.847302,1.094219,-24.036139,-44.629723,0,1,19D676914F008255CCDF6B359696BEDD3C2B67B78BB5AB6B878BF97A8F88C8E3
CARRY_UNTIL_FLIP,control,,current_forced_flip_close,NZDCHF,58.281546,58.331845,0.050299,-11.794156,-9.474345,0,1,C958EBA099B507212432FE898675E4532F20040A2114484F3DDFEC1D6AB3002F
CARRY_UNTIL_FLIP,control,,current_forced_flip_close,AUDJPY,87.362171,59.904931,-27.45724,-29.253299,-14.096371,0,1,6C4F06C286916ED0693C7132D561BD9F982B888FCDC0D0EB262F3A555275EC9C
CARRY_UNTIL_FLIP,control,,current_forced_flip_close,CADCHF,63.332649,61.203758,-2.128891,-3.799528,-12.504102,0,1,08162D67CFD76FCB2A0124AFADBC8A0B4BEED01DB49927C43EBA57372E75CB7B
CARRY_UNTIL_FLIP,control,,current_forced_flip_close,AUDCHF,76.175525,64.057368,-12.118157,-12.372406,-19.423345,0,1,383983501ABCA418BE212D9CE0215862802B6C1276164705BE10816511D8C836
CARRY_UNTIL_FLIP,control,,current_forced_flip_close,EURNZD,66.820306,66.160805,-0.659501,-5.591679,-9.354517,0,1,86C4506174E5672F9E993CAFCA2A28085E730300882A8897677E830FD41C9665
FULLY_HEDGED_LONG_SHORT_28_PAIR_WEEKLY_T100_S020_L3_REFERENCE,fully_hedged_reference,,current_forced_flip_close,EURCHF,1873.254314,1860.589237,-12.665077,-82.620477,0,1873.254314,298,36B20B920A927987B9F7DBED513050C48B49E95D81358902D83DB6EE42B4A788
FULLY_HEDGED_LONG_SHORT_28_PAIR_WEEKLY_T100_S020_L3_REFERENCE,fully_hedged_reference,,current_forced_flip_close,CADJPY,1866.330753,1865.709822,-0.620931,-88.888263,0,1866.330753,309,0F9EFF77FA1685905FEB9742AB6BDD0D5550BAEBAD936D6AB37FA6F38E465598
FULLY_HEDGED_LONG_SHORT_28_PAIR_WEEKLY_T100_S020_L3_REFERENCE,fully_hedged_reference,,current_forced_flip_close,GBPJPY,1871.447218,1871.447218,0,-102.009261,0,1871.447218,301,DDBFEEDD6A8909887937C7879876D4BDEE28AEA2B41DB0405BB3209AAC7B4AC2
FULLY_HEDGED_LONG_SHORT_28_PAIR_WEEKLY_T100_S020_L3_REFERENCE,fully_hedged_reference,,current_forced_flip_close,EURJPY,1875.511821,1875.511821,0,-73.865117,0,1875.511821,294,AA900DE96698FB7D28A49A18AAD8838554C19C3911B07F41492669F302D96077
FULLY_HEDGED_LONG_SHORT_28_PAIR_WEEKLY_T100_S020_L3_REFERENCE,fully_hedged_reference,,current_forced_flip_close,GBPCHF,1903.461165,1884.509115,-18.95205,-89.75492,0,1903.461165,276,8D614B50D3EF5F88272513BDBEDA1B61E8C1B40F9225D71AEF2A289000023ACA
FULLY_HEDGED_LONG_SHORT_28_PAIR_WEEKLY_T100_S020_L3_REFERENCE,fully_hedged_reference,,current_forced_flip_close,CHFJPY,1898.7586,1894.455936,-4.302664,-88.036582,0,1898.7586,282,EE5EBE94E01599A0FFA4293C658D2DC152DB9AACE2F529C17AF5E9D0E990D276
FULLY_HEDGED_LONG_SHORT_28_PAIR_WEEKLY_T100_S020_L3_REFERENCE,fully_hedged_reference,,current_forced_flip_close,USDJPY,1905.460183,1897.668579,-7.791604,-75.744523,0,1905.460183,312,82099EED377EE80741A8DCEA0441DB361FB771E01BB770BB35293D22281806C3
FULLY_HEDGED_LONG_SHORT_28_PAIR_WEEKLY_T100_S020_L3_REFERENCE,fully_hedged_reference,,current_forced_flip_close,GBPCAD,1900.636142,1900.535793,-0.100349,-37.612448,0,1900.636142,281,37ACAE3AB553A326FD499F42E564A427969E6EC5517B157B608E0ECCFA30B25B
FULLY_HEDGED_LONG_SHORT_28_PAIR_WEEKLY_T100_S020_L3_REFERENCE,fully_hedged_reference,,current_forced_flip_close,AUDJPY,1909.614166,1901.15789,-8.456276,-101.445585,0,1909.614166,302,88EF5B43A69648034A514F6F9E5A6849EEA4B240C1AA3D6280C632673298F3CC
FULLY_HEDGED_LONG_SHORT_28_PAIR_WEEKLY_T100_S020_L3_REFERENCE,fully_hedged_reference,,current_forced_flip_close,EURGBP,1905.315919,1903.909899,-1.40602,-95.366313,0,1905.315919,295,7328C732C081D30CCA29429719E2D4AFCD946E3D00CE542DC5DB6FC7A57D78D7
FULLY_HEDGED_LONG_SHORT_28_PAIR_WEEKLY_T100_S020_L3_REFERENCE,fully_hedged_reference,,current_forced_flip_close,AUDCHF,1903.954127,1903.954127,0,-68.554691,0,1903.954127,279,835DE47448CC4CA5D34F785E70674AADAC3F1957C9743C48A12FBF1AC2A0D2BA
FULLY_HEDGED_LONG_SHORT_28_PAIR_WEEKLY_T100_S020_L3_REFERENCE,fully_hedged_reference,,current_forced_flip_close,AUDNZD,1918.69275,1907.327849,-11.364901,-95.922348,0,1918.69275,300,0858589B26ED4F7E8607B066321E6239B1D1DA0461EED9BE9AC6093C4FFD3671
FULLY_HEDGED_LONG_SHORT_28_PAIR_WEEKLY_T100_S020_L3_REFERENCE,fully_hedged_reference,,current_forced_flip_close,GBPAUD,1914.483005,1907.395298,-7.087707,-106.022225,0,1914.483005,294,8C305E03E852D0A2CB91DF94D5B8EB6809CECCA26CEAF553B61CEA4DC49C0598
FULLY_HEDGED_LONG_SHORT_28_PAIR_WEEKLY_T100_S020_L3_REFERENCE,fully_hedged_reference,,current_forced_flip_close,USDCHF,1924.569511,1908.534731,-16.03478,-77.915791,0,1924.569511,278,0F9B3F26E5F2835CBFC013EC54E772A384667E9BFF0B201D340195B6EB314786
FULLY_HEDGED_LONG_SHORT_28_PAIR_WEEKLY_T100_S020_L3_REFERENCE,fully_hedged_reference,,current_forced_flip_close,USDCAD,1925.551586,1910.747982,-14.803604,-78.987068,0,1925.551586,286,71327F96742D7CEA9403026BEFE97A6C8B24F85542F95B5927B44856B26CE5AC
FULLY_HEDGED_LONG_SHORT_28_PAIR_WEEKLY_T100_S020_L3_REFERENCE,fully_hedged_reference,,current_forced_flip_close,NZDJPY,1929.419521,1912.184319,-17.235202,-120.167048,0,1929.419521,274,A7B6AF0C683B92DECC5DBF14E6218B869AB70FDEDEC0D37C90E0DBE8ADC99EDC
FULLY_HEDGED_LONG_SHORT_28_PAIR_WEEKLY_T100_S020_L3_REFERENCE,fully_hedged_reference,,current_forced_flip_close,EURCAD,1920.238652,1920.238652,0,-113.73468,0,1920.238652,273,698C91DD23377398545B6557C3A62522ED7B9FA2A300BB86E9CFC8798BF2D956
FULLY_HEDGED_LONG_SHORT_28_PAIR_WEEKLY_T100_S020_L3_REFERENCE,fully_hedged_reference,,current_forced_flip_close,EURAUD,1930.248249,1924.389042,-5.859207,-113.993071,0,1930.248249,276,04BD2057B21863D3DE38FA4DACDDBA8D19F1A6D62956D89AF8F2A1A4AC345BC6
FULLY_HEDGED_LONG_SHORT_28_PAIR_WEEKLY_T100_S020_L3_REFERENCE,fully_hedged_reference,,current_forced_flip_close,EURUSD,1926.376848,1926.376848,0,-112.192969,0,1926.376848,291,DEF028B654B4BFA6C9EB8F10E27FF7D96C2BB2F03EB4B09A6229166B4B9CEE45
FULLY_HEDGED_LONG_SHORT_28_PAIR_WEEKLY_T100_S020_L3_REFERENCE,fully_hedged_reference,,current_forced_flip_close,CADCHF,1936.801078,1936.801078,0,-68.77311,0,1936.801078,278,AABBBECAEA41B6C5C91D969E79B9D56030596BC640E7D1F58DABB08AA72BCAF1
FULLY_HEDGED_LONG_SHORT_28_PAIR_WEEKLY_T100_S020_L3_REFERENCE,fully_hedged_reference,,current_forced_flip_close,EURNZD,1958.130525,1938.99764,-19.132885,-78.555708,0,1958.130525,282,18D0E01498E18541BB893EB9A8964B9DE64BDE6036774C2D2D59CDC087542C9B
FULLY_HEDGED_LONG_SHORT_28_PAIR_WEEKLY_T100_S020_L3_REFERENCE,fully_hedged_reference,,current_forced_flip_close,NZDCHF,1950.600055,1943.849453,-6.750602,-60.461388,0,1950.600055,269,40289499E355A632D89185BA54B92283DD8C495F6027A6240419523B6AB597F4
FULLY_HEDGED_LONG_SHORT_28_PAIR_WEEKLY_T100_S020_L3_REFERENCE,fully_hedged_reference,,current_forced_flip_close,GBPNZD,1972.519769,1949.85869,-22.661079,-61.713968,0,1972.519769,262,BCD508C710080AA49B210832B93CC2B345742AAD6E44F967FB0D0D9643D886AE
FULLY_HEDGED_LONG_SHORT_28_PAIR_WEEKLY_T100_S020_L3_REFERENCE,fully_hedged_reference,,current_forced_flip_close,GBPUSD,1956.695833,1951.190768,-5.505065,-78.451276,0,1956.695833,270,FAD218AF0F04BC81FD2F4C2112AF8164E3264C07F1F032C40471850794D43EF2
FULLY_HEDGED_LONG_SHORT_28_PAIR_WEEKLY_T100_S020_L3_REFERENCE,fully_hedged_reference,,current_forced_flip_close,AUDUSD,1962.378441,1954.739942,-7.638499,-60.954115,0,1962.378441,271,AC49A4FB3909B5AF922AA11B82F1D135862E22FAD0ACA65582C22015A73DD271
FULLY_HEDGED_LONG_SHORT_28_PAIR_WEEKLY_T100_S020_L3_REFERENCE,fully_hedged_reference,,current_forced_flip_close,NZDUSD,1976.840441,1957.335483,-19.504958,-53.506251,0,1976.840441,281,1255337F6DECD162B79DE18D7A0013EDC2DCAF0C42B11C764427EED5E4C2C69A
FULLY_HEDGED_LONG_SHORT_28_PAIR_WEEKLY_T100_S020_L3_REFERENCE,fully_hedged_reference,,current_forced_flip_close,AUDCAD,1964.241438,1959.515594,-4.725844,-44.539406,0,1964.241438,282,CB91D9691882FAA7320A280687C93940EE9189E2EB4E00AEB68315FA9B852CBE
FULLY_HEDGED_LONG_SHORT_28_PAIR_WEEKLY_T100_S020_L3_REFERENCE,fully_hedged_reference,,current_forced_flip_close,NZDCAD,1989.422035,1977.364913,-12.057122,-43.300734,0,1989.422035,280,24EEF883C1676C6CC6A4D5264A0343A3029050640B87129146F999101E346429
PAIR_NET_GRID_CYCLE_TARGET_075_SPACING_020_RESTART_UNTIL_FLIP,adverse_only_pair_net_grid,,current_forced_flip_close,AUDNZD,245.378729,-2853.66825,-3099.046979,-3564.956706,-438.530681,681.143415,1,A7E4EF5D693F8FA9677749657A9C8A5076BFAC66895BA1FD9E7EA84C48177BB6
PAIR_NET_GRID_CYCLE_TARGET_075_SPACING_020_RESTART_UNTIL_FLIP,adverse_only_pair_net_grid,,current_forced_flip_close,CHFJPY,-908.610146,-910.880186,-2.27004,-1618.371965,-1684.837239,769.152065,1,A3CC13A14D64EF4757287D7EF1CB2E76C4661827F4D2C0AA0EA7A7672CC1A133
PAIR_NET_GRID_CYCLE_TARGET_075_SPACING_020_RESTART_UNTIL_FLIP,adverse_only_pair_net_grid,,current_forced_flip_close,EURCHF,-46.306792,-46.431092,-0.1243,-1241.179967,-691.39884,642.248146,1,9E0D41B7B4DC584BA29261D61A9A6816563B030CFED9B38FF831C05213F5EA46
PAIR_NET_GRID_CYCLE_TARGET_075_SPACING_020_RESTART_UNTIL_FLIP,adverse_only_pair_net_grid,,current_forced_flip_close,AUDCAD,37.093574,37.458385,0.364811,-730.559469,-888.428485,921.836681,1,03259ABE850789CD33DEA89D6C6284EE6DAA60CCF646A8862AF5348B851CA801
PAIR_NET_GRID_CYCLE_TARGET_075_SPACING_020_RESTART_UNTIL_FLIP,adverse_only_pair_net_grid,,current_forced_flip_close,AUDJPY,871.624042,80.302032,-791.32201,-956.721988,-108.097554,972.236819,1,5541D07672D43D3D05C8C5501901AFDCAFC256F1040EE56AA7A1DBD53315B4C0
PAIR_NET_GRID_CYCLE_TARGET_075_SPACING_020_RESTART_UNTIL_FLIP,adverse_only_pair_net_grid,,current_forced_flip_close,GBPAUD,552.267088,262.418691,-289.848397,-463.436796,-350.886372,892.032459,1,4DE95397E8BCD182BB8D7D966B0BE41B8A53DCB00C8EEC131570674B02ED8095
PAIR_NET_GRID_CYCLE_TARGET_075_SPACING_020_RESTART_UNTIL_FLIP,adverse_only_pair_net_grid,,current_forced_flip_close,NZDUSD,291.782033,269.188639,-22.593394,-254.231299,-548.329846,834.232433,1,F2B641385DBBA7325678B1EE155F74E9F6624D04A42A8E4A6FE0EC3681402ED9
PAIR_NET_GRID_CYCLE_TARGET_075_SPACING_020_RESTART_UNTIL_FLIP,adverse_only_pair_net_grid,,current_forced_flip_close,EURAUD,295.243828,270.433399,-24.810429,-212.106101,-678.630282,967.103994,1,9622AED1D9B7F39C45C022F3B4985560E6BAE1489E4B02A48B97BD5CD792BC63
PAIR_NET_GRID_CYCLE_TARGET_075_SPACING_020_RESTART_UNTIL_FLIP,adverse_only_pair_net_grid,,current_forced_flip_close,GBPJPY,299.395389,297.62581,-1.769579,-1995.98078,-596.314004,889.993171,1,5482DCD6B07BF8BA9BB91F3EF6C6E57285BA7DEB11D07021CA841592D34628E3
PAIR_NET_GRID_CYCLE_TARGET_075_SPACING_020_RESTART_UNTIL_FLIP,adverse_only_pair_net_grid,,current_forced_flip_close,AUDUSD,319.251634,319.443445,0.191811,-366.4111,-576.656467,886.642217,1,BF76686A5C980A440A46CAC0A536B3B067D81646DB2DD806BD2DD1BD3717FBC9
PAIR_NET_GRID_CYCLE_TARGET_075_SPACING_020_RESTART_UNTIL_FLIP,adverse_only_pair_net_grid,,current_forced_flip_close,USDJPY,381.072133,350.767527,-30.304606,-604.963155,-502.00292,872.324576,1,13A7BAE5B64066594E3A7D2FE3F8B407475293460A81052ECCD1363C0C7C6013
PAIR_NET_GRID_CYCLE_TARGET_075_SPACING_020_RESTART_UNTIL_FLIP,adverse_only_pair_net_grid,,current_forced_flip_close,USDCAD,483.83085,402.301533,-81.529317,-186.818898,-467.494667,945.022073,1,5A1759635E08F3752C5384140D5CC0209586120C94E12861FCE595F18BCE69B3
PAIR_NET_GRID_CYCLE_TARGET_075_SPACING_020_RESTART_UNTIL_FLIP,adverse_only_pair_net_grid,,current_forced_flip_close,GBPUSD,470.993561,470.914807,-0.078754,-373.901623,-423.767782,887.219293,1,F9323DB827FCC6DB5C08A3F15D2CAC161359B09028FB76DED82B115BAD08F8EA
PAIR_NET_GRID_CYCLE_TARGET_075_SPACING_020_RESTART_UNTIL_FLIP,adverse_only_pair_net_grid,,current_forced_flip_close,CADJPY,496.412568,495.763244,-0.649324,-502.247858,-291.632672,762.71364,1,50ADD4CD3C93D2D9CC8DD833021724E5C6C43D2A19B13F5B8EF052B28E20C058
PAIR_NET_GRID_CYCLE_TARGET_075_SPACING_020_RESTART_UNTIL_FLIP,adverse_only_pair_net_grid,,current_forced_flip_close,GBPCAD,509.453032,507.413344,-2.039688,-2224.457104,-290.274002,783.255243,1,4D52A21634A8D5E9D4AFFAC8AA30665361A9609A43CA099228976823AF95FD8B
PAIR_NET_GRID_CYCLE_TARGET_075_SPACING_020_RESTART_UNTIL_FLIP,adverse_only_pair_net_grid,,current_forced_flip_close,NZDJPY,621.100818,609.387865,-11.712953,-403.263567,-393.535875,1001.989116,1,FC0A0815B558F0D0A122FB8FC705B2984140D448A97A914167057BFDCED8A69A
PAIR_NET_GRID_CYCLE_TARGET_075_SPACING_020_RESTART_UNTIL_FLIP,adverse_only_pair_net_grid,,current_forced_flip_close,AUDCHF,617.165296,617.044366,-0.12093,-272.162758,-412.095135,1019.63796,1,7F2BDE60509BBF270031BA0630CE49B35207D3D22649D61CC50581A9BF48768E
PAIR_NET_GRID_CYCLE_TARGET_075_SPACING_020_RESTART_UNTIL_FLIP,adverse_only_pair_net_grid,,current_forced_flip_close,EURJPY,663.924694,661.40747,-2.517224,-735.507818,-120.325888,780.459904,1,C6CC23E0E1392257D961A55E806EB6F07A23DA5935C5D1AC7C3F0EC0403FB032
PAIR_NET_GRID_CYCLE_TARGET_075_SPACING_020_RESTART_UNTIL_FLIP,adverse_only_pair_net_grid,,current_forced_flip_close,GBPCHF,697.998607,677.722104,-20.276503,-496.636727,-167.381911,860.909455,1,94057AB782EF453AE0F18D9DA572A66BD604D0FDC1119B4529B0A8B2952F6E12
PAIR_NET_GRID_CYCLE_TARGET_075_SPACING_020_RESTART_UNTIL_FLIP,adverse_only_pair_net_grid,,current_forced_flip_close,USDCHF,715.629091,687.459905,-28.169186,-254.575981,-136.286347,843.806042,1,5954E2B8478D6D5A3DBFE04887AD413843D3D7780A3CD9B9F03F46C41DA1DB08
PAIR_NET_GRID_CYCLE_TARGET_075_SPACING_020_RESTART_UNTIL_FLIP,adverse_only_pair_net_grid,,current_forced_flip_close,EURUSD,747.750514,716.048111,-31.702403,-381.271753,-97.474975,842.75238,1,C4765714A2B9C292DCFDB9C1528A19CE218A9410A4448E38B345018AB0F3A261
PAIR_NET_GRID_CYCLE_TARGET_075_SPACING_020_RESTART_UNTIL_FLIP,adverse_only_pair_net_grid,,current_forced_flip_close,NZDCAD,727.066364,727.252283,0.185919,-232.419463,-262.481301,984.933907,1,812D30FDAD27F6C807B6F816BDB1CE30E870D9F342F86A91A7F9059056EB9F06
PAIR_NET_GRID_CYCLE_TARGET_075_SPACING_020_RESTART_UNTIL_FLIP,adverse_only_pair_net_grid,,current_forced_flip_close,GBPNZD,798.142863,768.157477,-29.985386,-326.677553,-217.530113,1010.268939,1,10C6C70B6068346D447618CBBCB62CDA2D506B939E7BEA38A2B5C90F732E2C62
PAIR_NET_GRID_CYCLE_TARGET_075_SPACING_020_RESTART_UNTIL_FLIP,adverse_only_pair_net_grid,,current_forced_flip_close,EURGBP,803.210857,799.603999,-3.606858,-424.056209,-105.951749,906.200614,1,B41E3EA8C1106A509B052AE5E01F6C8559CF3BCCECC9ABFEFFE0E687E3F2C6C3
PAIR_NET_GRID_CYCLE_TARGET_075_SPACING_020_RESTART_UNTIL_FLIP,adverse_only_pair_net_grid,,current_forced_flip_close,EURNZD,879.841178,880.077512,0.236334,-304.475101,-123.684578,1001.213132,1,7221AE28CFFE016BBF746DC38650675BB7041A73CCFEAA82BBB84F81C9D03B13
PAIR_NET_GRID_CYCLE_TARGET_075_SPACING_020_RESTART_UNTIL_FLIP,adverse_only_pair_net_grid,,current_forced_flip_close,EURCAD,916.307588,911.691711,-4.615877,-179.232969,-86.459077,997.40348,1,3DC7B5BC180B9C81A3E32C18D3176A762E23DDC92DB02A3827EE0DB5968D7FCA
PAIR_NET_GRID_CYCLE_TARGET_075_SPACING_020_RESTART_UNTIL_FLIP,adverse_only_pair_net_grid,,current_forced_flip_close,NZDCHF,937.316778,937.14958,-0.167198,-157.352955,-81.31602,1014.380723,1,C9059451DD3325CE9CD97F1E90579ED6E47A1D89D5E201F0EA87050A562960C4
PAIR_NET_GRID_CYCLE_TARGET_075_SPACING_020_RESTART_UNTIL_FLIP,adverse_only_pair_net_grid,,current_forced_flip_close,CADCHF,956.976443,955.102297,-1.874146,-103.465221,-74.146204,1012.521182,1,F1BAD8401F70F4A25919E72ED6D40D205FAFB2DD3F5EB3EA9C5717FAC0BDD696
PAIR_NET_GRID_CYCLE_TARGET_075_SPACING_020_RESTART_UNTIL_FLIP__FLIP_CLOSE_SMALL_LOSS_WAREHOUSE_GT3ADR,flip_counterfactual,PAIR_NET_GRID_CYCLE_TARGET_075_SPACING_020_RESTART_UNTIL_FLIP,close_small_loss_warehouse_large_loss,AUDNZD,237.360026,-2861.686953,-3099.046979,-3564.956706,-7.588738,681.143415,1,6FC779D225D9F93FE2DC689105B84D6808303CF8175F55B260E71CE87CD62D29
PAIR_NET_GRID_CYCLE_TARGET_075_SPACING_020_RESTART_UNTIL_FLIP__FLIP_CLOSE_SMALL_LOSS_WAREHOUSE_GT3ADR,flip_counterfactual,PAIR_NET_GRID_CYCLE_TARGET_075_SPACING_020_RESTART_UNTIL_FLIP,close_small_loss_warehouse_large_loss,CHFJPY,-907.823946,-910.093986,-2.27004,-1618.371965,-14.968176,769.152065,1,7A946281647533FB7E582A140BA3B1DE8B0413ACA0121D77CA8BC63D3A607082
PAIR_NET_GRID_CYCLE_TARGET_075_SPACING_020_RESTART_UNTIL_FLIP__FLIP_CLOSE_SMALL_LOSS_WAREHOUSE_GT3ADR,flip_counterfactual,PAIR_NET_GRID_CYCLE_TARGET_075_SPACING_020_RESTART_UNTIL_FLIP,close_small_loss_warehouse_large_loss,EURCHF,-21.195015,-21.319315,-0.1243,-1241.179967,-2.760793,642.248146,1,B1912F42296FD78F352FA119B4328766337BCC10C6EB1D6B0AA1F0853AD28D79
PAIR_NET_GRID_CYCLE_TARGET_075_SPACING_020_RESTART_UNTIL_FLIP__FLIP_CLOSE_SMALL_LOSS_WAREHOUSE_GT3ADR,flip_counterfactual,PAIR_NET_GRID_CYCLE_TARGET_075_SPACING_020_RESTART_UNTIL_FLIP,close_small_loss_warehouse_large_loss,AUDCAD,14.505263,14.870074,0.364811,-730.559469,-17.121371,921.836681,1,9D4383B7D1970886210D11CB54D04BDF1C222A184D0A801E8DDCA416E3D5EEE1
PAIR_NET_GRID_CYCLE_TARGET_075_SPACING_020_RESTART_UNTIL_FLIP__FLIP_CLOSE_SMALL_LOSS_WAREHOUSE_GT3ADR,flip_counterfactual,PAIR_NET_GRID_CYCLE_TARGET_075_SPACING_020_RESTART_UNTIL_FLIP,close_small_loss_warehouse_large_loss,AUDJPY,851.917118,60.595108,-791.32201,-956.721988,-10.185789,972.236819,1,1EABFB6A1099EAA747E9EBB69A69C121C45C5143043F587A07A4BEA5838E306F
PAIR_NET_GRID_CYCLE_TARGET_075_SPACING_020_RESTART_UNTIL_FLIP__FLIP_CLOSE_SMALL_LOSS_WAREHOUSE_GT3ADR,flip_counterfactual,PAIR_NET_GRID_CYCLE_TARGET_075_SPACING_020_RESTART_UNTIL_FLIP,close_small_loss_warehouse_large_loss,GBPAUD,519.314215,229.465818,-289.848397,-463.436796,-10.105646,892.032459,1,41805B8DD557DAA018F6CA4ADFA452EC490EB7F69C87392BE6C14B03B119B6A0
PAIR_NET_GRID_CYCLE_TARGET_075_SPACING_020_RESTART_UNTIL_FLIP__FLIP_CLOSE_SMALL_LOSS_WAREHOUSE_GT3ADR,flip_counterfactual,PAIR_NET_GRID_CYCLE_TARGET_075_SPACING_020_RESTART_UNTIL_FLIP,close_small_loss_warehouse_large_loss,NZDUSD,284.215613,261.622219,-22.593394,-254.231299,-13.920298,834.232433,1,F01376A17E2022099DC21525B2A03FAF3DC127710426B8AEB8DEB76144C8112C
PAIR_NET_GRID_CYCLE_TARGET_075_SPACING_020_RESTART_UNTIL_FLIP__FLIP_CLOSE_SMALL_LOSS_WAREHOUSE_GT3ADR,flip_counterfactual,PAIR_NET_GRID_CYCLE_TARGET_075_SPACING_020_RESTART_UNTIL_FLIP,close_small_loss_warehouse_large_loss,EURAUD,292.075327,267.264898,-24.810429,-212.106101,-6.335223,967.103994,1,EA627B1856F4702ABD3857A65FE774F40856C3BE9593786426E8B604A372D75B
PAIR_NET_GRID_CYCLE_TARGET_075_SPACING_020_RESTART_UNTIL_FLIP__FLIP_CLOSE_SMALL_LOSS_WAREHOUSE_GT3ADR,flip_counterfactual,PAIR_NET_GRID_CYCLE_TARGET_075_SPACING_020_RESTART_UNTIL_FLIP,close_small_loss_warehouse_large_loss,AUDUSD,285.203918,285.395729,0.191811,-366.4111,-13.06836,886.642217,1,BEC7B3DDCE7B51AD033D9CDCFB1805717605391D25FC980162142FAC01919A47
PAIR_NET_GRID_CYCLE_TARGET_075_SPACING_020_RESTART_UNTIL_FLIP__FLIP_CLOSE_SMALL_LOSS_WAREHOUSE_GT3ADR,flip_counterfactual,PAIR_NET_GRID_CYCLE_TARGET_075_SPACING_020_RESTART_UNTIL_FLIP,close_small_loss_warehouse_large_loss,GBPJPY,296.862629,295.09305,-1.769579,-1995.98078,-9.128128,889.993171,1,2648175DC8A502A6DC72AC7EC12F963B3BB3179E3E2DE0A788A7EAF769848B89
PAIR_NET_GRID_CYCLE_TARGET_075_SPACING_020_RESTART_UNTIL_FLIP__FLIP_CLOSE_SMALL_LOSS_WAREHOUSE_GT3ADR,flip_counterfactual,PAIR_NET_GRID_CYCLE_TARGET_075_SPACING_020_RESTART_UNTIL_FLIP,close_small_loss_warehouse_large_loss,USDJPY,378.067027,347.762421,-30.304606,-604.963155,-13.600845,872.324576,1,540D8202A1E391717C831CD7F40655194BED989A1EC724CB148F3C5500BACF1C
PAIR_NET_GRID_CYCLE_TARGET_075_SPACING_020_RESTART_UNTIL_FLIP__FLIP_CLOSE_SMALL_LOSS_WAREHOUSE_GT3ADR,flip_counterfactual,PAIR_NET_GRID_CYCLE_TARGET_075_SPACING_020_RESTART_UNTIL_FLIP,close_small_loss_warehouse_large_loss,USDCAD,480.046642,398.517325,-81.529317,-186.818898,-6.841845,945.022073,1,28A38040B6C0948C5598BCD71B2A7A180B9830F2D0277E6609A267A06E186603
PAIR_NET_GRID_CYCLE_TARGET_075_SPACING_020_RESTART_UNTIL_FLIP__FLIP_CLOSE_SMALL_LOSS_WAREHOUSE_GT3ADR,flip_counterfactual,PAIR_NET_GRID_CYCLE_TARGET_075_SPACING_020_RESTART_UNTIL_FLIP,close_small_loss_warehouse_large_loss,CADJPY,478.133195,477.483871,-0.649324,-502.247858,-19.485927,762.71364,1,E02B07732F86D35CF01E3581420D6955128AD46F8D2938786081C9E548725332
PAIR_NET_GRID_CYCLE_TARGET_075_SPACING_020_RESTART_UNTIL_FLIP__FLIP_CLOSE_SMALL_LOSS_WAREHOUSE_GT3ADR,flip_counterfactual,PAIR_NET_GRID_CYCLE_TARGET_075_SPACING_020_RESTART_UNTIL_FLIP,close_small_loss_warehouse_large_loss,GBPUSD,477.862004,477.78325,-0.078754,-373.901623,-14.581604,887.219293,1,D4C6CCD324EE62CAF327449B46C549FEEA223086BC33D0BD71473BE4CED25EFC
PAIR_NET_GRID_CYCLE_TARGET_075_SPACING_020_RESTART_UNTIL_FLIP__FLIP_CLOSE_SMALL_LOSS_WAREHOUSE_GT3ADR,flip_counterfactual,PAIR_NET_GRID_CYCLE_TARGET_075_SPACING_020_RESTART_UNTIL_FLIP,close_small_loss_warehouse_large_loss,GBPCAD,517.168956,515.129268,-2.039688,-2224.457104,-19.933911,783.255243,1,33EB2E6A8E382EFBB7C7A999174AEDAB9B6FA797B3067584B8EB16A706565561
PAIR_NET_GRID_CYCLE_TARGET_075_SPACING_020_RESTART_UNTIL_FLIP__FLIP_CLOSE_SMALL_LOSS_WAREHOUSE_GT3ADR,flip_counterfactual,PAIR_NET_GRID_CYCLE_TARGET_075_SPACING_020_RESTART_UNTIL_FLIP,close_small_loss_warehouse_large_loss,NZDJPY,605.968963,594.25601,-11.712953,-403.263567,-14.536941,1001.989116,1,570EA26366A4F0D5A7A8766A29DE315CC5C828F4FD515F5D55F519F82F27A921
PAIR_NET_GRID_CYCLE_TARGET_075_SPACING_020_RESTART_UNTIL_FLIP__FLIP_CLOSE_SMALL_LOSS_WAREHOUSE_GT3ADR,flip_counterfactual,PAIR_NET_GRID_CYCLE_TARGET_075_SPACING_020_RESTART_UNTIL_FLIP,close_small_loss_warehouse_large_loss,AUDCHF,609.247749,609.126819,-0.12093,-272.162758,-11.407424,1019.63796,1,AA6A4CA09A5B5DD3C8D36A17B8C5C5F45921D20BCA42CB60625337D5015C72FC
PAIR_NET_GRID_CYCLE_TARGET_075_SPACING_020_RESTART_UNTIL_FLIP__FLIP_CLOSE_SMALL_LOSS_WAREHOUSE_GT3ADR,flip_counterfactual,PAIR_NET_GRID_CYCLE_TARGET_075_SPACING_020_RESTART_UNTIL_FLIP,close_small_loss_warehouse_large_loss,EURJPY,644.616209,642.098985,-2.517224,-735.507818,-12.061109,780.459904,1,7E0D80BE127F861779CF2272620CDC4503878FE83167158D092B78034C97DF0E
PAIR_NET_GRID_CYCLE_TARGET_075_SPACING_020_RESTART_UNTIL_FLIP__FLIP_CLOSE_SMALL_LOSS_WAREHOUSE_GT3ADR,flip_counterfactual,PAIR_NET_GRID_CYCLE_TARGET_075_SPACING_020_RESTART_UNTIL_FLIP,close_small_loss_warehouse_large_loss,GBPCHF,696.687306,676.410803,-20.276503,-496.636727,-2.289733,860.909455,1,2E19CAF3528C5A5D0F13129D37859C476BEE2637410A83B6410CD0AC326BF75B
PAIR_NET_GRID_CYCLE_TARGET_075_SPACING_020_RESTART_UNTIL_FLIP__FLIP_CLOSE_SMALL_LOSS_WAREHOUSE_GT3ADR,flip_counterfactual,PAIR_NET_GRID_CYCLE_TARGET_075_SPACING_020_RESTART_UNTIL_FLIP,close_small_loss_warehouse_large_loss,USDCHF,709.404844,681.235658,-28.169186,-254.575981,-8.035095,843.806042,1,CAE0188407886B3AB3D5B77A7D35AA2AD0248EC9C5C14117C62ADCC04D2C5A07
PAIR_NET_GRID_CYCLE_TARGET_075_SPACING_020_RESTART_UNTIL_FLIP__FLIP_CLOSE_SMALL_LOSS_WAREHOUSE_GT3ADR,flip_counterfactual,PAIR_NET_GRID_CYCLE_TARGET_075_SPACING_020_RESTART_UNTIL_FLIP,close_small_loss_warehouse_large_loss,EURUSD,724.72571,693.023307,-31.702403,-381.271753,-5.242424,842.75238,1,D856EB5C7FFE06BA6EE4F35AD5CDE466A0A6AC742FA12610AE9A7BF87BF5790C
PAIR_NET_GRID_CYCLE_TARGET_075_SPACING_020_RESTART_UNTIL_FLIP__FLIP_CLOSE_SMALL_LOSS_WAREHOUSE_GT3ADR,flip_counterfactual,PAIR_NET_GRID_CYCLE_TARGET_075_SPACING_020_RESTART_UNTIL_FLIP,close_small_loss_warehouse_large_loss,NZDCAD,729.432583,729.618502,0.185919,-232.419463,-9.074084,984.933907,1,A75B1E4BEFA4313B74AACF60195DDC7C59E447DF05051B01013147C4E4A4474E
PAIR_NET_GRID_CYCLE_TARGET_075_SPACING_020_RESTART_UNTIL_FLIP__FLIP_CLOSE_SMALL_LOSS_WAREHOUSE_GT3ADR,flip_counterfactual,PAIR_NET_GRID_CYCLE_TARGET_075_SPACING_020_RESTART_UNTIL_FLIP,close_small_loss_warehouse_large_loss,EURGBP,797.755779,794.148921,-3.606858,-424.056209,-12.487517,906.200614,1,ACDB4CB172A9DB9DB5C86C1FB0A0DAECC1CDCF9BE34B8C408172B0CFCAE2445A
PAIR_NET_GRID_CYCLE_TARGET_075_SPACING_020_RESTART_UNTIL_FLIP__FLIP_CLOSE_SMALL_LOSS_WAREHOUSE_GT3ADR,flip_counterfactual,PAIR_NET_GRID_CYCLE_TARGET_075_SPACING_020_RESTART_UNTIL_FLIP,close_small_loss_warehouse_large_loss,GBPNZD,824.267181,794.281795,-29.985386,-326.677553,-10.953237,1010.268939,1,399B031E434A7628F39DFFB0922BF9A70B3396A8A6E4D33464E095FD2AA7FCBD
PAIR_NET_GRID_CYCLE_TARGET_075_SPACING_020_RESTART_UNTIL_FLIP__FLIP_CLOSE_SMALL_LOSS_WAREHOUSE_GT3ADR,flip_counterfactual,PAIR_NET_GRID_CYCLE_TARGET_075_SPACING_020_RESTART_UNTIL_FLIP,close_small_loss_warehouse_large_loss,EURNZD,887.558089,887.794423,0.236334,-304.475101,-6.257971,1001.213132,1,B5E18E5AF70F2C8FC2143CA76143DD0D9EF8F275C095DDC79C7E4579F1984263
PAIR_NET_GRID_CYCLE_TARGET_075_SPACING_020_RESTART_UNTIL_FLIP__FLIP_CLOSE_SMALL_LOSS_WAREHOUSE_GT3ADR,flip_counterfactual,PAIR_NET_GRID_CYCLE_TARGET_075_SPACING_020_RESTART_UNTIL_FLIP,close_small_loss_warehouse_large_loss,EURCAD,919.106015,914.490138,-4.615877,-179.232969,-22.663202,997.40348,1,92A1105D8C3EA25366FAC9363FCD5FED52B829292D0EB13F69E550D8A1DD5DA8
PAIR_NET_GRID_CYCLE_TARGET_075_SPACING_020_RESTART_UNTIL_FLIP__FLIP_CLOSE_SMALL_LOSS_WAREHOUSE_GT3ADR,flip_counterfactual,PAIR_NET_GRID_CYCLE_TARGET_075_SPACING_020_RESTART_UNTIL_FLIP,close_small_loss_warehouse_large_loss,NZDCHF,919.824757,919.657559,-0.167198,-157.352955,-2.934154,1014.380723,1,ACA651A425B07771834501B7F0BA3325A3F116E26272B3AD6528F3C9101D2958
PAIR_NET_GRID_CYCLE_TARGET_075_SPACING_020_RESTART_UNTIL_FLIP__FLIP_CLOSE_SMALL_LOSS_WAREHOUSE_GT3ADR,flip_counterfactual,PAIR_NET_GRID_CYCLE_TARGET_075_SPACING_020_RESTART_UNTIL_FLIP,close_small_loss_warehouse_large_loss,CADCHF,960.698058,958.823912,-1.874146,-103.465221,-13.425673,1012.521182,1,A301172EF5610C2CFC9BC13DD0A2572297CC87EC4E21B5FBB210C19E0835BA1B
PAIR_NET_GRID_CYCLE_TARGET_075_SPACING_020_RESTART_UNTIL_FLIP__FLIP_GRACE_1W,flip_counterfactual,PAIR_NET_GRID_CYCLE_TARGET_075_SPACING_020_RESTART_UNTIL_FLIP,grace_window_losing_flip_no_new_fills,AUDNZD,335.615204,-2763.431775,-3099.046979,-3564.956706,0,681.143415,1,54607E524A623704FFC8A384A4ABB7B00603A0EAB52507BA42412DF7B9C78C67
PAIR_NET_GRID_CYCLE_TARGET_075_SPACING_020_RESTART_UNTIL_FLIP__FLIP_GRACE_1W,flip_counterfactual,PAIR_NET_GRID_CYCLE_TARGET_075_SPACING_020_RESTART_UNTIL_FLIP,grace_window_losing_flip_no_new_fills,CHFJPY,-803.540368,-805.810408,-2.27004,-1618.371965,0,769.152065,1,96636B1975FF0C71AC631D87A9DF6DBA68950616AF3543A96224277671575AF7
PAIR_NET_GRID_CYCLE_TARGET_075_SPACING_020_RESTART_UNTIL_FLIP__FLIP_GRACE_1W,flip_counterfactual,PAIR_NET_GRID_CYCLE_TARGET_075_SPACING_020_RESTART_UNTIL_FLIP,grace_window_losing_flip_no_new_fills,AUDJPY,806.634533,15.312523,-791.32201,-956.721988,0,972.236819,1,E7263E95CF8D842574C2C231DEA4C875AEAA9AD799CB6156009EFBA149C81293
PAIR_NET_GRID_CYCLE_TARGET_075_SPACING_020_RESTART_UNTIL_FLIP__FLIP_GRACE_1W,flip_counterfactual,PAIR_NET_GRID_CYCLE_TARGET_075_SPACING_020_RESTART_UNTIL_FLIP,grace_window_losing_flip_no_new_fills,AUDUSD,114.566146,114.757957,0.191811,-366.4111,0,886.642217,1,5FA1F486BF3DB55A3695844BDF19F59116E3D9964DE0C09DB0CCA14EBBB6D1D9
PAIR_NET_GRID_CYCLE_TARGET_075_SPACING_020_RESTART_UNTIL_FLIP__FLIP_GRACE_1W,flip_counterfactual,PAIR_NET_GRID_CYCLE_TARGET_075_SPACING_020_RESTART_UNTIL_FLIP,grace_window_losing_flip_no_new_fills,EURCHF,172.934217,172.809917,-0.1243,-1241.179967,0,642.248146,1,A9ACD2BF83CDE5F41D87AA8B16CF89FE579EF21D8F80885C1848159BAAE18597
PAIR_NET_GRID_CYCLE_TARGET_075_SPACING_020_RESTART_UNTIL_FLIP__FLIP_GRACE_1W,flip_counterfactual,PAIR_NET_GRID_CYCLE_TARGET_075_SPACING_020_RESTART_UNTIL_FLIP,grace_window_losing_flip_no_new_fills,NZDUSD,284.839331,262.245937,-22.593394,-254.231299,0,834.232433,1,7B9CB4F6C39C50517B78429A0D57C3B778146B01C610E6F4D8E56A67991C7371
PAIR_NET_GRID_CYCLE_TARGET_075_SPACING_020_RESTART_UNTIL_FLIP__FLIP_GRACE_1W,flip_counterfactual,PAIR_NET_GRID_CYCLE_TARGET_075_SPACING_020_RESTART_UNTIL_FLIP,grace_window_losing_flip_no_new_fills,GBPUSD,271.938324,271.85957,-0.078754,-373.901623,0,887.219293,1,2265E8BF468D6CD05DA34C320BBC0B37A628DFF7C0AE91A4AF5E2701663905F6
PAIR_NET_GRID_CYCLE_TARGET_075_SPACING_020_RESTART_UNTIL_FLIP__FLIP_GRACE_1W,flip_counterfactual,PAIR_NET_GRID_CYCLE_TARGET_075_SPACING_020_RESTART_UNTIL_FLIP,grace_window_losing_flip_no_new_fills,GBPAUD,609.30728,319.458883,-289.848397,-463.436796,0,892.032459,1,30D5ACE38A42E91366C920038920293ACF1399E6B8614927D9EBC9253BBC6647
PAIR_NET_GRID_CYCLE_TARGET_075_SPACING_020_RESTART_UNTIL_FLIP__FLIP_GRACE_1W,flip_counterfactual,PAIR_NET_GRID_CYCLE_TARGET_075_SPACING_020_RESTART_UNTIL_FLIP,grace_window_losing_flip_no_new_fills,USDJPY,365.680925,335.376319,-30.304606,-604.963155,0,872.324576,1,3079C0EFFBB512C5934E1B972B4016E9425F8396EBCE0DC873BF6D82495E03BA
PAIR_NET_GRID_CYCLE_TARGET_075_SPACING_020_RESTART_UNTIL_FLIP__FLIP_GRACE_1W,flip_counterfactual,PAIR_NET_GRID_CYCLE_TARGET_075_SPACING_020_RESTART_UNTIL_FLIP,grace_window_losing_flip_no_new_fills,EURAUD,399.551556,374.741127,-24.810429,-237.263505,0,967.103994,1,4A14CC6E0E971D313BD56AC0A600C784A48CBADBE5A99BEF50D06041256A6E92
PAIR_NET_GRID_CYCLE_TARGET_075_SPACING_020_RESTART_UNTIL_FLIP__FLIP_GRACE_1W,flip_counterfactual,PAIR_NET_GRID_CYCLE_TARGET_075_SPACING_020_RESTART_UNTIL_FLIP,grace_window_losing_flip_no_new_fills,GBPJPY,400.537081,398.767502,-1.769579,-1995.98078,0,889.993171,1,C7A117E02ED9478D139DDA8FCA79CEF477635A78A237FF6EFE83D472BA1CF369
PAIR_NET_GRID_CYCLE_TARGET_075_SPACING_020_RESTART_UNTIL_FLIP__FLIP_GRACE_1W,flip_counterfactual,PAIR_NET_GRID_CYCLE_TARGET_075_SPACING_020_RESTART_UNTIL_FLIP,grace_window_losing_flip_no_new_fills,USDCAD,519.786894,438.257577,-81.529317,-186.818898,0,945.022073,1,C7768F516027BE11EE6AAC879BF7778347426B0255E09E76D180F74781D3BA4B
PAIR_NET_GRID_CYCLE_TARGET_075_SPACING_020_RESTART_UNTIL_FLIP__FLIP_GRACE_1W,flip_counterfactual,PAIR_NET_GRID_CYCLE_TARGET_075_SPACING_020_RESTART_UNTIL_FLIP,grace_window_losing_flip_no_new_fills,GBPCAD,535.975126,533.935438,-2.039688,-2224.457104,0,783.255243,1,33C98B446C9CD053B4DBD3E23D7165BC1163F464941296DC64A574DDA8E55E9E
PAIR_NET_GRID_CYCLE_TARGET_075_SPACING_020_RESTART_UNTIL_FLIP__FLIP_GRACE_1W,flip_counterfactual,PAIR_NET_GRID_CYCLE_TARGET_075_SPACING_020_RESTART_UNTIL_FLIP,grace_window_losing_flip_no_new_fills,CADJPY,602.328411,601.679087,-0.649324,-502.247858,0,762.71364,1,B07BFEE3E575CABF61B19429AA4572CA8C29C3BAC8BAED2105A67E496982ABBD
PAIR_NET_GRID_CYCLE_TARGET_075_SPACING_020_RESTART_UNTIL_FLIP__FLIP_GRACE_1W,flip_counterfactual,PAIR_NET_GRID_CYCLE_TARGET_075_SPACING_020_RESTART_UNTIL_FLIP,grace_window_losing_flip_no_new_fills,AUDCAD,606.781601,607.146412,0.364811,-730.559469,0,921.836681,1,B0B4C48E322F08C8CD9C5C4730B703B86AB2E0F1BC0A7A4368798C6F22B32565
PAIR_NET_GRID_CYCLE_TARGET_075_SPACING_020_RESTART_UNTIL_FLIP__FLIP_GRACE_1W,flip_counterfactual,PAIR_NET_GRID_CYCLE_TARGET_075_SPACING_020_RESTART_UNTIL_FLIP,grace_window_losing_flip_no_new_fills,AUDCHF,624.948606,624.827676,-0.12093,-303.639561,0,1019.63796,1,F91630E6655ADAABCE5FACA3BE18E83D504B2D7BB56A8E85CF6E264E2E9407B7
PAIR_NET_GRID_CYCLE_TARGET_075_SPACING_020_RESTART_UNTIL_FLIP__FLIP_GRACE_1W,flip_counterfactual,PAIR_NET_GRID_CYCLE_TARGET_075_SPACING_020_RESTART_UNTIL_FLIP,grace_window_losing_flip_no_new_fills,NZDJPY,641.204926,629.491973,-11.712953,-403.263567,0,1001.989116,1,DBD9244CC431065D7BE98E0A6E8F0D8DCFBB3030620D561E4FCAEE0DFA7119F8
PAIR_NET_GRID_CYCLE_TARGET_075_SPACING_020_RESTART_UNTIL_FLIP__FLIP_GRACE_1W,flip_counterfactual,PAIR_NET_GRID_CYCLE_TARGET_075_SPACING_020_RESTART_UNTIL_FLIP,grace_window_losing_flip_no_new_fills,EURJPY,637.90299,635.385766,-2.517224,-735.507818,0,780.459904,1,B1BC753299B5340A8624C41EC65AB82352CFB067846AF68FE72F5CEB7552E52D
PAIR_NET_GRID_CYCLE_TARGET_075_SPACING_020_RESTART_UNTIL_FLIP__FLIP_GRACE_1W,flip_counterfactual,PAIR_NET_GRID_CYCLE_TARGET_075_SPACING_020_RESTART_UNTIL_FLIP,grace_window_losing_flip_no_new_fills,GBPCHF,677.783036,657.506533,-20.276503,-496.636727,0,860.909455,1,1A7EE17F4D4B6048C5092A7B3DBF696AD84616E07FB2B846594224672363C180
PAIR_NET_GRID_CYCLE_TARGET_075_SPACING_020_RESTART_UNTIL_FLIP__FLIP_GRACE_1W,flip_counterfactual,PAIR_NET_GRID_CYCLE_TARGET_075_SPACING_020_RESTART_UNTIL_FLIP,grace_window_losing_flip_no_new_fills,USDCHF,702.663827,674.494641,-28.169186,-254.575981,0,843.806042,1,5466F687CB8FB643C661262CDA15D9FD12A72797632FED7893B969592B085FF4
PAIR_NET_GRID_CYCLE_TARGET_075_SPACING_020_RESTART_UNTIL_FLIP__FLIP_GRACE_1W,flip_counterfactual,PAIR_NET_GRID_CYCLE_TARGET_075_SPACING_020_RESTART_UNTIL_FLIP,grace_window_losing_flip_no_new_fills,NZDCAD,711.084424,711.270343,0.185919,-232.419463,0,984.933907,1,64C33A49FC75444896EA969CF960DF31FD2BCDE6BD86A7A21F7E9635F91B5B59
PAIR_NET_GRID_CYCLE_TARGET_075_SPACING_020_RESTART_UNTIL_FLIP__FLIP_GRACE_1W,flip_counterfactual,PAIR_NET_GRID_CYCLE_TARGET_075_SPACING_020_RESTART_UNTIL_FLIP,grace_window_losing_flip_no_new_fills,EURUSD,744.625952,712.923549,-31.702403,-381.271753,0,842.75238,1,6E691CE2E6EBC44CB5E7C6C20CD2C1BA8CBC22ABACCF91A4741AA3AB5A020508
PAIR_NET_GRID_CYCLE_TARGET_075_SPACING_020_RESTART_UNTIL_FLIP__FLIP_GRACE_1W,flip_counterfactual,PAIR_NET_GRID_CYCLE_TARGET_075_SPACING_020_RESTART_UNTIL_FLIP,grace_window_losing_flip_no_new_fills,GBPNZD,857.000938,827.015552,-29.985386,-326.677553,0,1010.268939,1,76FA08672A35DB719CABA5ED8F2A9F74A52754B8B49323068AE60ED4BA616BEC
PAIR_NET_GRID_CYCLE_TARGET_075_SPACING_020_RESTART_UNTIL_FLIP__FLIP_GRACE_1W,flip_counterfactual,PAIR_NET_GRID_CYCLE_TARGET_075_SPACING_020_RESTART_UNTIL_FLIP,grace_window_losing_flip_no_new_fills,EURGBP,846.503065,842.896207,-3.606858,-424.056209,0,906.200614,1,ADC4D77089C002D89A74ECD7AA8A102C27848EB48119F50AA2D03093788A1511
PAIR_NET_GRID_CYCLE_TARGET_075_SPACING_020_RESTART_UNTIL_FLIP__FLIP_GRACE_1W,flip_counterfactual,PAIR_NET_GRID_CYCLE_TARGET_075_SPACING_020_RESTART_UNTIL_FLIP,grace_window_losing_flip_no_new_fills,NZDCHF,893.919819,893.752621,-0.167198,-157.352955,0,1014.380723,1,3E43FA0C1C505005EB1CE745DD1E5133C2EE5F1FE5BF6C10EABE56472B348C01
PAIR_NET_GRID_CYCLE_TARGET_075_SPACING_020_RESTART_UNTIL_FLIP__FLIP_GRACE_1W,flip_counterfactual,PAIR_NET_GRID_CYCLE_TARGET_075_SPACING_020_RESTART_UNTIL_FLIP,grace_window_losing_flip_no_new_fills,EURNZD,909.614576,909.85091,0.236334,-304.475101,0,1001.213132,1,A738477CCDCB69B91778E7B103E6A87385F8BCD7D12EC43EA1B77BAB4E736675
PAIR_NET_GRID_CYCLE_TARGET_075_SPACING_020_RESTART_UNTIL_FLIP__FLIP_GRACE_1W,flip_counterfactual,PAIR_NET_GRID_CYCLE_TARGET_075_SPACING_020_RESTART_UNTIL_FLIP,grace_window_losing_flip_no_new_fills,EURCAD,930.724703,926.108826,-4.615877,-179.232969,0,997.40348,1,8595BD0F7418CA6710667941D49B460E656B3BBB9F04D74D4FAECADA623E9B21
PAIR_NET_GRID_CYCLE_TARGET_075_SPACING_020_RESTART_UNTIL_FLIP__FLIP_GRACE_1W,flip_counterfactual,PAIR_NET_GRID_CYCLE_TARGET_075_SPACING_020_RESTART_UNTIL_FLIP,grace_window_losing_flip_no_new_fills,CADCHF,1001.469771,999.595625,-1.874146,-103.465221,0,1012.521182,1,CA34CCEE3462B71EF6544DA99218F827D6FC3631A30F0BE535D98AF23E71894E
PAIR_NET_GRID_CYCLE_TARGET_075_SPACING_020_RESTART_UNTIL_FLIP__FLIP_LOSER_WAREHOUSE,flip_counterfactual,PAIR_NET_GRID_CYCLE_TARGET_075_SPACING_020_RESTART_UNTIL_FLIP,warehouse_losing_flip_no_new_fills,AUDNZD,245.577602,-2853.469377,-3099.046979,-3564.956706,0,681.143415,1,A138999A679FE1E9E4A699A90BA8A4E51564844AC79E0955726BBFF57B350954
PAIR_NET_GRID_CYCLE_TARGET_075_SPACING_020_RESTART_UNTIL_FLIP__FLIP_LOSER_WAREHOUSE,flip_counterfactual,PAIR_NET_GRID_CYCLE_TARGET_075_SPACING_020_RESTART_UNTIL_FLIP,warehouse_losing_flip_no_new_fills,CHFJPY,-937.552622,-939.822662,-2.27004,-1618.371965,0,769.152065,1,689E95EA67CF4F6430A9865F602786AE49CB33EFC0EB22EA5B74B7A0FDA62F49
PAIR_NET_GRID_CYCLE_TARGET_075_SPACING_020_RESTART_UNTIL_FLIP__FLIP_LOSER_WAREHOUSE,flip_counterfactual,PAIR_NET_GRID_CYCLE_TARGET_075_SPACING_020_RESTART_UNTIL_FLIP,warehouse_losing_flip_no_new_fills,EURCHF,-18.235822,-18.360122,-0.1243,-1241.179967,0,642.248146,1,9D5D60BD6A8603A3A0A917814B0B5CCF9140514185879812903C6AE17B29ED7A
PAIR_NET_GRID_CYCLE_TARGET_075_SPACING_020_RESTART_UNTIL_FLIP__FLIP_LOSER_WAREHOUSE,flip_counterfactual,PAIR_NET_GRID_CYCLE_TARGET_075_SPACING_020_RESTART_UNTIL_FLIP,warehouse_losing_flip_no_new_fills,AUDCAD,-4.134985,-3.770174,0.364811,-730.559469,0,921.836681,1,82CADCF5F68EAFC8FBED3B070A44AA91B3DF475E02E016A44E570FB8CB9BFFAE
PAIR_NET_GRID_CYCLE_TARGET_075_SPACING_020_RESTART_UNTIL_FLIP__FLIP_LOSER_WAREHOUSE,flip_counterfactual,PAIR_NET_GRID_CYCLE_TARGET_075_SPACING_020_RESTART_UNTIL_FLIP,warehouse_losing_flip_no_new_fills,AUDJPY,847.465295,56.143285,-791.32201,-956.721988,0,972.236819,1,8378657925D3FAA49D4651D9855F9B34406FE00A55855B3A82E730F5D50597FF
PAIR_NET_GRID_CYCLE_TARGET_075_SPACING_020_RESTART_UNTIL_FLIP__FLIP_LOSER_WAREHOUSE,flip_counterfactual,PAIR_NET_GRID_CYCLE_TARGET_075_SPACING_020_RESTART_UNTIL_FLIP,warehouse_losing_flip_no_new_fills,GBPAUD,499.928705,210.080308,-289.848397,-463.436796,0,892.032459,1,29844D82B432D09B00FA5DDF753421602E316D970F0C9151A309FA935ABC33EA
PAIR_NET_GRID_CYCLE_TARGET_075_SPACING_020_RESTART_UNTIL_FLIP__FLIP_LOSER_WAREHOUSE,flip_counterfactual,PAIR_NET_GRID_CYCLE_TARGET_075_SPACING_020_RESTART_UNTIL_FLIP,warehouse_losing_flip_no_new_fills,NZDUSD,283.48902,260.895626,-22.593394,-254.231299,0,834.232433,1,EB16FDF60B6F35C09E80141A55BF097DDC98138009C0392DAE89AC4A8DFB6385
PAIR_NET_GRID_CYCLE_TARGET_075_SPACING_020_RESTART_UNTIL_FLIP__FLIP_LOSER_WAREHOUSE,flip_counterfactual,PAIR_NET_GRID_CYCLE_TARGET_075_SPACING_020_RESTART_UNTIL_FLIP,warehouse_losing_flip_no_new_fills,GBPJPY,267.102576,265.332997,-1.769579,-1995.98078,0,889.993171,1,87FAB4149C83E17F56A98AB14259E1DEA028C65FD82F90AFDBBFEB12FAA89422
PAIR_NET_GRID_CYCLE_TARGET_075_SPACING_020_RESTART_UNTIL_FLIP__FLIP_LOSER_WAREHOUSE,flip_counterfactual,PAIR_NET_GRID_CYCLE_TARGET_075_SPACING_020_RESTART_UNTIL_FLIP,warehouse_losing_flip_no_new_fills,EURAUD,298.723533,273.913104,-24.810429,-212.106101,0,967.103994,1,9B9562F5351DBE98623E491A7808C63AF019F462116FD8E9A0CE5215B2546EBC
PAIR_NET_GRID_CYCLE_TARGET_075_SPACING_020_RESTART_UNTIL_FLIP__FLIP_LOSER_WAREHOUSE,flip_counterfactual,PAIR_NET_GRID_CYCLE_TARGET_075_SPACING_020_RESTART_UNTIL_FLIP,warehouse_losing_flip_no_new_fills,AUDUSD,292.199604,292.391415,0.191811,-366.4111,0,886.642217,1,00A4F3D8ABA6DFC784FE007D31A9FDC1778767599F1D5A1AFEB4395E84046980
PAIR_NET_GRID_CYCLE_TARGET_075_SPACING_020_RESTART_UNTIL_FLIP__FLIP_LOSER_WAREHOUSE,flip_counterfactual,PAIR_NET_GRID_CYCLE_TARGET_075_SPACING_020_RESTART_UNTIL_FLIP,warehouse_losing_flip_no_new_fills,USDJPY,392.584084,362.279478,-30.304606,-604.963155,0,872.324576,1,49F751AEBD925A6978DE272B8F0A9DE6C5A321AC8FAFD223A222A5560DB28954
PAIR_NET_GRID_CYCLE_TARGET_075_SPACING_020_RESTART_UNTIL_FLIP__FLIP_LOSER_WAREHOUSE,flip_counterfactual,PAIR_NET_GRID_CYCLE_TARGET_075_SPACING_020_RESTART_UNTIL_FLIP,warehouse_losing_flip_no_new_fills,USDCAD,487.150546,405.621229,-81.529317,-186.818898,0,945.022073,1,2D1C6444ECCC1E0D40DEE65949F116F22735AF2B8884F4BA61029490BD5286B9
PAIR_NET_GRID_CYCLE_TARGET_075_SPACING_020_RESTART_UNTIL_FLIP__FLIP_LOSER_WAREHOUSE,flip_counterfactual,PAIR_NET_GRID_CYCLE_TARGET_075_SPACING_020_RESTART_UNTIL_FLIP,warehouse_losing_flip_no_new_fills,GBPUSD,492.829958,492.751204,-0.078754,-373.901623,0,887.219293,1,7B51EE881DE2F91BF6A17DE5C6A407C3B030A6C26207F78C19B54D47B1DEE782
PAIR_NET_GRID_CYCLE_TARGET_075_SPACING_020_RESTART_UNTIL_FLIP__FLIP_LOSER_WAREHOUSE,flip_counterfactual,PAIR_NET_GRID_CYCLE_TARGET_075_SPACING_020_RESTART_UNTIL_FLIP,warehouse_losing_flip_no_new_fills,CADJPY,499.264575,498.615251,-0.649324,-502.247858,0,762.71364,1,5490E4A7B0B36000576C1EB9ECFADB6F7BC645D3EC6681D6ED4F3F6020C8A04E
PAIR_NET_GRID_CYCLE_TARGET_075_SPACING_020_RESTART_UNTIL_FLIP__FLIP_LOSER_WAREHOUSE,flip_counterfactual,PAIR_NET_GRID_CYCLE_TARGET_075_SPACING_020_RESTART_UNTIL_FLIP,warehouse_losing_flip_no_new_fills,GBPCAD,538.36733,536.327642,-2.039688,-2224.457104,0,783.255243,1,28DFB6BA901D0E36F544B20F5C082998EF0FD93B491A21CDC4C0269A78C7EC24
PAIR_NET_GRID_CYCLE_TARGET_075_SPACING_020_RESTART_UNTIL_FLIP__FLIP_LOSER_WAREHOUSE,flip_counterfactual,PAIR_NET_GRID_CYCLE_TARGET_075_SPACING_020_RESTART_UNTIL_FLIP,warehouse_losing_flip_no_new_fills,AUDCHF,590.881951,590.761021,-0.12093,-272.162758,0,1019.63796,1,27BEE34603E275E978B5A752216ACBF77A5735E30E35C5FF42DA1936825E4F78
PAIR_NET_GRID_CYCLE_TARGET_075_SPACING_020_RESTART_UNTIL_FLIP__FLIP_LOSER_WAREHOUSE,flip_counterfactual,PAIR_NET_GRID_CYCLE_TARGET_075_SPACING_020_RESTART_UNTIL_FLIP,warehouse_losing_flip_no_new_fills,NZDJPY,606.51628,594.803327,-11.712953,-403.263567,0,1001.989116,1,C6D0077FBBE10EC7A4CCB7CE54A3873EF8A8F6C1B205F78D371F415A1FB344DD
PAIR_NET_GRID_CYCLE_TARGET_075_SPACING_020_RESTART_UNTIL_FLIP__FLIP_LOSER_WAREHOUSE,flip_counterfactual,PAIR_NET_GRID_CYCLE_TARGET_075_SPACING_020_RESTART_UNTIL_FLIP,warehouse_losing_flip_no_new_fills,EURJPY,657.196132,654.678908,-2.517224,-735.507818,0,780.459904,1,3727135E71E64A0130762175A753E65D2332CB4A0F9E1961E215F226CBC096A4
PAIR_NET_GRID_CYCLE_TARGET_075_SPACING_020_RESTART_UNTIL_FLIP__FLIP_LOSER_WAREHOUSE,flip_counterfactual,PAIR_NET_GRID_CYCLE_TARGET_075_SPACING_020_RESTART_UNTIL_FLIP,warehouse_losing_flip_no_new_fills,USDCHF,687.574362,659.405176,-28.169186,-254.575981,0,843.806042,1,39D0D200F4CC0D0140C90E4F20EDEAE406A9EE06A3F78E4932C70031E714C776
PAIR_NET_GRID_CYCLE_TARGET_075_SPACING_020_RESTART_UNTIL_FLIP__FLIP_LOSER_WAREHOUSE,flip_counterfactual,PAIR_NET_GRID_CYCLE_TARGET_075_SPACING_020_RESTART_UNTIL_FLIP,warehouse_losing_flip_no_new_fills,GBPCHF,699.081384,678.804881,-20.276503,-496.636727,0,860.909455,1,A083A3A31A6663894B0B5984ED89DBC61AB71B054645F11E96EE1F9C7DFA57C1
PAIR_NET_GRID_CYCLE_TARGET_075_SPACING_020_RESTART_UNTIL_FLIP__FLIP_LOSER_WAREHOUSE,flip_counterfactual,PAIR_NET_GRID_CYCLE_TARGET_075_SPACING_020_RESTART_UNTIL_FLIP,warehouse_losing_flip_no_new_fills,EURUSD,722.407918,690.705515,-31.702403,-381.271753,0,842.75238,1,F3AD3744E2511A00EBD94B9269B62F663EE80B5211B87A93542C2D5914541A02
PAIR_NET_GRID_CYCLE_TARGET_075_SPACING_020_RESTART_UNTIL_FLIP__FLIP_LOSER_WAREHOUSE,flip_counterfactual,PAIR_NET_GRID_CYCLE_TARGET_075_SPACING_020_RESTART_UNTIL_FLIP,warehouse_losing_flip_no_new_fills,NZDCAD,739.43644,739.622359,0.185919,-232.419463,0,984.933907,1,49F84F289FFF118818064F1DAAE7BDEC33EA599D9ECB18FA1B0179F38227915A
PAIR_NET_GRID_CYCLE_TARGET_075_SPACING_020_RESTART_UNTIL_FLIP__FLIP_LOSER_WAREHOUSE,flip_counterfactual,PAIR_NET_GRID_CYCLE_TARGET_075_SPACING_020_RESTART_UNTIL_FLIP,warehouse_losing_flip_no_new_fills,EURGBP,805.380021,801.773163,-3.606858,-424.056209,0,906.200614,1,2B67AA4AC806B2798B083CFC4066A82316C9A0578DABD3613378C7EC8842A18D
PAIR_NET_GRID_CYCLE_TARGET_075_SPACING_020_RESTART_UNTIL_FLIP__FLIP_LOSER_WAREHOUSE,flip_counterfactual,PAIR_NET_GRID_CYCLE_TARGET_075_SPACING_020_RESTART_UNTIL_FLIP,warehouse_losing_flip_no_new_fills,GBPNZD,836.076594,806.091208,-29.985386,-326.677553,0,1010.268939,1,813F960C37FA17D4428304FE6208D6CC6733AA8152BA100034A967E2BF0ECE87
PAIR_NET_GRID_CYCLE_TARGET_075_SPACING_020_RESTART_UNTIL_FLIP__FLIP_LOSER_WAREHOUSE,flip_counterfactual,PAIR_NET_GRID_CYCLE_TARGET_075_SPACING_020_RESTART_UNTIL_FLIP,warehouse_losing_flip_no_new_fills,EURNZD,894.574032,894.810366,0.236334,-304.475101,0,1001.213132,1,1FFFCA981D00F13F9BD518E936169779FCF376E6CB981ADDA6F69641F973FCD7
PAIR_NET_GRID_CYCLE_TARGET_075_SPACING_020_RESTART_UNTIL_FLIP__FLIP_LOSER_WAREHOUSE,flip_counterfactual,PAIR_NET_GRID_CYCLE_TARGET_075_SPACING_020_RESTART_UNTIL_FLIP,warehouse_losing_flip_no_new_fills,EURCAD,920.606178,915.990301,-4.615877,-179.232969,0,997.40348,1,B08E78F621D32A371C858AA901168E9E3AA84B035CE58777C59C4177E225AC52
PAIR_NET_GRID_CYCLE_TARGET_075_SPACING_020_RESTART_UNTIL_FLIP__FLIP_LOSER_WAREHOUSE,flip_counterfactual,PAIR_NET_GRID_CYCLE_TARGET_075_SPACING_020_RESTART_UNTIL_FLIP,warehouse_losing_flip_no_new_fills,NZDCHF,922.971533,922.804335,-0.167198,-157.352955,0,1014.380723,1,808F192ABBFD5CC60E032E2350F056A0CBDC75DDC2DAEF28C61697B36BC8C86F
PAIR_NET_GRID_CYCLE_TARGET_075_SPACING_020_RESTART_UNTIL_FLIP__FLIP_LOSER_WAREHOUSE,flip_counterfactual,PAIR_NET_GRID_CYCLE_TARGET_075_SPACING_020_RESTART_UNTIL_FLIP,warehouse_losing_flip_no_new_fills,CADCHF,974.495714,972.621568,-1.874146,-103.465221,0,1012.521182,1,9042F249E920678258F8329434251D661E85E59FBA6247E304A1334AAB7187D6
PAIR_NET_GRID_CYCLE_TARGET_075_SPACING_020_RESTART_UNTIL_FLIP__NO_FLIP_FORCE_DIAGNOSTIC,flip_counterfactual,PAIR_NET_GRID_CYCLE_TARGET_075_SPACING_020_RESTART_UNTIL_FLIP,no_flip_force_no_new_fills,AUDNZD,692.124389,-3694.920084,-4387.044473,-4931.314244,0,681.143415,3,7F58F89F6EE3A846A2BEDBBFFBAB5BE668934818D8F3B475671BE616342E609B
PAIR_NET_GRID_CYCLE_TARGET_075_SPACING_020_RESTART_UNTIL_FLIP__NO_FLIP_FORCE_DIAGNOSTIC,flip_counterfactual,PAIR_NET_GRID_CYCLE_TARGET_075_SPACING_020_RESTART_UNTIL_FLIP,no_flip_force_no_new_fills,CHFJPY,779.187255,-836.613435,-1615.80069,-1820.851591,0,769.152065,4,807BABC2FF029DAA7BC34BF5826F81D31F2992FA674137E68204BBEF3D310478
PAIR_NET_GRID_CYCLE_TARGET_075_SPACING_020_RESTART_UNTIL_FLIP__NO_FLIP_FORCE_DIAGNOSTIC,flip_counterfactual,PAIR_NET_GRID_CYCLE_TARGET_075_SPACING_020_RESTART_UNTIL_FLIP,no_flip_force_no_new_fills,AUDCAD,929.535357,-471.380574,-1400.915931,-1588.567864,0,921.836681,3,A20ABCBD0DCB95CDFB8955AE737DCEB167B118533BBC0C385AC5564D0D74872F
PAIR_NET_GRID_CYCLE_TARGET_075_SPACING_020_RESTART_UNTIL_FLIP__NO_FLIP_FORCE_DIAGNOSTIC,flip_counterfactual,PAIR_NET_GRID_CYCLE_TARGET_075_SPACING_020_RESTART_UNTIL_FLIP,no_flip_force_no_new_fills,AUDJPY,981.477728,-228.246001,-1209.723729,-1399.131957,0,972.236819,2,49C4617F94A7CFFE8461FFA72A0DE6E4D7FDE2AC273952965B1A36693BF19EF1
PAIR_NET_GRID_CYCLE_TARGET_075_SPACING_020_RESTART_UNTIL_FLIP__NO_FLIP_FORCE_DIAGNOSTIC,flip_counterfactual,PAIR_NET_GRID_CYCLE_TARGET_075_SPACING_020_RESTART_UNTIL_FLIP,no_flip_force_no_new_fills,EURJPY,792.742856,-169.116683,-961.859539,-1171.200939,0,780.459904,2,A09BD2B7FBFC3A05225F0BB4C793DDD9649D056C087229366D9238D074C237F6
PAIR_NET_GRID_CYCLE_TARGET_075_SPACING_020_RESTART_UNTIL_FLIP__NO_FLIP_FORCE_DIAGNOSTIC,flip_counterfactual,PAIR_NET_GRID_CYCLE_TARGET_075_SPACING_020_RESTART_UNTIL_FLIP,no_flip_force_no_new_fills,AUDCHF,1030.337462,269.280886,-761.056576,-1315.938196,0,1019.63796,3,EB519C2707729751B33C9B63CF9FB22DC1959D17F544403CD9ECB695E107A31A
PAIR_NET_GRID_CYCLE_TARGET_075_SPACING_020_RESTART_UNTIL_FLIP__NO_FLIP_FORCE_DIAGNOSTIC,flip_counterfactual,PAIR_NET_GRID_CYCLE_TARGET_075_SPACING_020_RESTART_UNTIL_FLIP,no_flip_force_no_new_fills,GBPAUD,908.699212,467.295553,-441.403659,-641.811593,0,892.032459,2,446FD125090EBE4257244BE4DEF1B78FF156F55431A45D31CF7861AEC6395B18
PAIR_NET_GRID_CYCLE_TARGET_075_SPACING_020_RESTART_UNTIL_FLIP__NO_FLIP_FORCE_DIAGNOSTIC,flip_counterfactual,PAIR_NET_GRID_CYCLE_TARGET_075_SPACING_020_RESTART_UNTIL_FLIP,no_flip_force_no_new_fills,GBPJPY,901.603833,471.739493,-429.86434,-1995.98078,0,889.993171,4,EC97DFD43090BC76A7CC8BC46769C9C4400B41F654945366568902FB286603A2
PAIR_NET_GRID_CYCLE_TARGET_075_SPACING_020_RESTART_UNTIL_FLIP__NO_FLIP_FORCE_DIAGNOSTIC,flip_counterfactual,PAIR_NET_GRID_CYCLE_TARGET_075_SPACING_020_RESTART_UNTIL_FLIP,no_flip_force_no_new_fills,CADJPY,793.258039,505.428763,-287.829276,-823.906988,0,762.71364,2,FC3D3DCBC35D5E7FBF6B7AE009DD875EFA5EDCDA6785CDB3B1EDA1646E96041C
PAIR_NET_GRID_CYCLE_TARGET_075_SPACING_020_RESTART_UNTIL_FLIP__NO_FLIP_FORCE_DIAGNOSTIC,flip_counterfactual,PAIR_NET_GRID_CYCLE_TARGET_075_SPACING_020_RESTART_UNTIL_FLIP,no_flip_force_no_new_fills,EURAUD,978.83613,514.164325,-464.671805,-528.629261,0,967.103994,3,C0261919B97BD109C15C444F840DEB50E283EB70659949D275C141F1A8E39E26
PAIR_NET_GRID_CYCLE_TARGET_075_SPACING_020_RESTART_UNTIL_FLIP__NO_FLIP_FORCE_DIAGNOSTIC,flip_counterfactual,PAIR_NET_GRID_CYCLE_TARGET_075_SPACING_020_RESTART_UNTIL_FLIP,no_flip_force_no_new_fills,USDCAD,956.071481,605.157036,-350.914445,-916.210459,0,945.022073,2,CE54E04881B3014AA5D5D5098419934B5BA37FE5AA37698CC23D4EA2E327755F
PAIR_NET_GRID_CYCLE_TARGET_075_SPACING_020_RESTART_UNTIL_FLIP__NO_FLIP_FORCE_DIAGNOSTIC,flip_counterfactual,PAIR_NET_GRID_CYCLE_TARGET_075_SPACING_020_RESTART_UNTIL_FLIP,no_flip_force_no_new_fills,USDCHF,855.731636,618.162843,-237.568793,-342.875287,0,843.806042,2,459E700E6E2494A0BEA4F0F265B6D45E0A2F89010A1A1631C09BDC4DA1BA7AFF
PAIR_NET_GRID_CYCLE_TARGET_075_SPACING_020_RESTART_UNTIL_FLIP__NO_FLIP_FORCE_DIAGNOSTIC,flip_counterfactual,PAIR_NET_GRID_CYCLE_TARGET_075_SPACING_020_RESTART_UNTIL_FLIP,no_flip_force_no_new_fills,EURCHF,646.948521,636.771445,-10.177076,-1241.179967,0,642.248146,2,F4D6D98036BDB9D44ADBEA7614EFBFCA0D6064981856F455A30372572CE3638C
PAIR_NET_GRID_CYCLE_TARGET_075_SPACING_020_RESTART_UNTIL_FLIP__NO_FLIP_FORCE_DIAGNOSTIC,flip_counterfactual,PAIR_NET_GRID_CYCLE_TARGET_075_SPACING_020_RESTART_UNTIL_FLIP,no_flip_force_no_new_fills,GBPUSD,898.06364,642.943635,-255.120005,-408.799258,0,887.219293,3,AB7642272D72990B557437EC250D30F9854EE42778A26FE5C15CDB58CB41671D
PAIR_NET_GRID_CYCLE_TARGET_075_SPACING_020_RESTART_UNTIL_FLIP__NO_FLIP_FORCE_DIAGNOSTIC,flip_counterfactual,PAIR_NET_GRID_CYCLE_TARGET_075_SPACING_020_RESTART_UNTIL_FLIP,no_flip_force_no_new_fills,GBPCAD,804.875383,658.261593,-146.61379,-2224.457104,0,783.255243,2,75D958BAB6CDD692865128ED4A51DAFEC8CA7BF6221196BC387EA6C3278A525A
PAIR_NET_GRID_CYCLE_TARGET_075_SPACING_020_RESTART_UNTIL_FLIP__NO_FLIP_FORCE_DIAGNOSTIC,flip_counterfactual,PAIR_NET_GRID_CYCLE_TARGET_075_SPACING_020_RESTART_UNTIL_FLIP,no_flip_force_no_new_fills,NZDUSD,845.094874,717.785053,-127.309821,-556.441569,0,834.232433,2,4809C092A5ABEA2C0F9425DEC1D9DD5416E43909B9A83FFE34A206040B488FD2
PAIR_NET_GRID_CYCLE_TARGET_075_SPACING_020_RESTART_UNTIL_FLIP__NO_FLIP_FORCE_DIAGNOSTIC,flip_counterfactual,PAIR_NET_GRID_CYCLE_TARGET_075_SPACING_020_RESTART_UNTIL_FLIP,no_flip_force_no_new_fills,AUDUSD,901.774877,778.739776,-123.035101,-1639.441515,0,886.642217,2,F422B2EA60DDA08CB967332234B9782E61019791E37E2CB50D3B177E2EF93FB0
PAIR_NET_GRID_CYCLE_TARGET_075_SPACING_020_RESTART_UNTIL_FLIP__NO_FLIP_FORCE_DIAGNOSTIC,flip_counterfactual,PAIR_NET_GRID_CYCLE_TARGET_075_SPACING_020_RESTART_UNTIL_FLIP,no_flip_force_no_new_fills,EURUSD,847.734605,806.783231,-40.951374,-381.271753,0,842.75238,2,645DA5D9C603C168D5AD83F96218D55518959EF574C1C9963028D74883DB28FF
PAIR_NET_GRID_CYCLE_TARGET_075_SPACING_020_RESTART_UNTIL_FLIP__NO_FLIP_FORCE_DIAGNOSTIC,flip_counterfactual,PAIR_NET_GRID_CYCLE_TARGET_075_SPACING_020_RESTART_UNTIL_FLIP,no_flip_force_no_new_fills,GBPCHF,866.417357,846.140854,-20.276503,-792.455977,0,860.909455,1,767A02FEB5C9E601C3324934DA5B41B36422440BC2D459BD5C48D5DF8D6BF9BD
PAIR_NET_GRID_CYCLE_TARGET_075_SPACING_020_RESTART_UNTIL_FLIP__NO_FLIP_FORCE_DIAGNOSTIC,flip_counterfactual,PAIR_NET_GRID_CYCLE_TARGET_075_SPACING_020_RESTART_UNTIL_FLIP,no_flip_force_no_new_fills,USDJPY,889.224527,858.919921,-30.304606,-1105.358416,0,872.324576,1,63566F865F1931EF4A8934774DCE7DBA53394F160ECEDBF6856136D88E476302
PAIR_NET_GRID_CYCLE_TARGET_075_SPACING_020_RESTART_UNTIL_FLIP__NO_FLIP_FORCE_DIAGNOSTIC,flip_counterfactual,PAIR_NET_GRID_CYCLE_TARGET_075_SPACING_020_RESTART_UNTIL_FLIP,no_flip_force_no_new_fills,NZDCAD,993.378394,885.634334,-107.74406,-232.419463,0,984.933907,2,A16223AD42CA70C536FCCCE2087AA3781461E349C8F1E527043E75EA8EA312EB
PAIR_NET_GRID_CYCLE_TARGET_075_SPACING_020_RESTART_UNTIL_FLIP__NO_FLIP_FORCE_DIAGNOSTIC,flip_counterfactual,PAIR_NET_GRID_CYCLE_TARGET_075_SPACING_020_RESTART_UNTIL_FLIP,no_flip_force_no_new_fills,EURGBP,913.830963,902.417187,-11.413776,-424.056209,0,906.200614,2,EBCA58FF858294D2F4AAE52E2B777E62A7925C6DCA858CA008FFCE3835079FCB
PAIR_NET_GRID_CYCLE_TARGET_075_SPACING_020_RESTART_UNTIL_FLIP__NO_FLIP_FORCE_DIAGNOSTIC,flip_counterfactual,PAIR_NET_GRID_CYCLE_TARGET_075_SPACING_020_RESTART_UNTIL_FLIP,no_flip_force_no_new_fills,GBPNZD,1023.444186,948.488183,-74.956003,-326.677553,0,1010.268939,2,0827654FBDBE09D9BACA58B4414A32F97B894822B14E7B95EA716708C9BC670F
PAIR_NET_GRID_CYCLE_TARGET_075_SPACING_020_RESTART_UNTIL_FLIP__NO_FLIP_FORCE_DIAGNOSTIC,flip_counterfactual,PAIR_NET_GRID_CYCLE_TARGET_075_SPACING_020_RESTART_UNTIL_FLIP,no_flip_force_no_new_fills,NZDCHF,1020.181158,998.729257,-21.451901,-157.352955,0,1014.380723,2,50425A43E8D771B28800F61B9C92635E7C4D4C961B4E54F5D7711B0E6E8D92DF
PAIR_NET_GRID_CYCLE_TARGET_075_SPACING_020_RESTART_UNTIL_FLIP__NO_FLIP_FORCE_DIAGNOSTIC,flip_counterfactual,PAIR_NET_GRID_CYCLE_TARGET_075_SPACING_020_RESTART_UNTIL_FLIP,no_flip_force_no_new_fills,EURCAD,1004.616523,1000.000646,-4.615877,-262.492221,0,997.40348,1,30F4097EF247198C41E4AB97B21E5ABA2C44BF39D04D68ABB53AFEC7E092D830
PAIR_NET_GRID_CYCLE_TARGET_075_SPACING_020_RESTART_UNTIL_FLIP__NO_FLIP_FORCE_DIAGNOSTIC,flip_counterfactual,PAIR_NET_GRID_CYCLE_TARGET_075_SPACING_020_RESTART_UNTIL_FLIP,no_flip_force_no_new_fills,NZDJPY,1017.135579,1005.422626,-11.712953,-403.263567,0,1001.989116,1,DE99BD77DD85BE38D23B06C8BD72AFEF56283725DF15723FCD3C077F2A5B95AE
PAIR_NET_GRID_CYCLE_TARGET_075_SPACING_020_RESTART_UNTIL_FLIP__NO_FLIP_FORCE_DIAGNOSTIC,flip_counterfactual,PAIR_NET_GRID_CYCLE_TARGET_075_SPACING_020_RESTART_UNTIL_FLIP,no_flip_force_no_new_fills,EURNZD,1006.829979,1007.066313,0.236334,-304.475101,0,1001.213132,1,E49F2AC660273539EEF6FC5BCB78E26B6FB4FB190FBAE1AFBD0112337862A0D3
PAIR_NET_GRID_CYCLE_TARGET_075_SPACING_020_RESTART_UNTIL_FLIP__NO_FLIP_FORCE_DIAGNOSTIC,flip_counterfactual,PAIR_NET_GRID_CYCLE_TARGET_075_SPACING_020_RESTART_UNTIL_FLIP,no_flip_force_no_new_fills,CADCHF,1031.882972,1030.008826,-1.874146,-129.088629,0,1012.521182,1,CCDACEB887EBA5AD584FF9C6DCE522B7C4C7CE83774FA53856CE2D6F10B0F8DF
PAIR_TWO_SIDED_GRID_T075_S020_STOP_AFTER_2_PAIR_RESETS_WEEK,pair_reset_limit,,current_forced_flip_close,AUDNZD,65.077729,-81.555458,-146.633187,-301.053825,-405.420945,470.498674,1,FA6398F85E8835191DABA1F649C953A19A405CD8BAC12DFF2538C5C1678A6914
PAIR_TWO_SIDED_GRID_T075_S020_STOP_AFTER_2_PAIR_RESETS_WEEK,pair_reset_limit,,current_forced_flip_close,AUDCAD,158.286555,158.286555,0,-436.142052,-403.390886,561.47153,0,15AA1CE84150955B655EC8CCBA41F18F695F46A36B050032666E27170E5E0153
PAIR_TWO_SIDED_GRID_T075_S020_STOP_AFTER_2_PAIR_RESETS_WEEK,pair_reset_limit,,current_forced_flip_close,USDCAD,259.867707,177.360228,-82.507479,-173.931566,-259.821088,519.688795,1,589FB98B352EA012A3823EF531809408D3EC820C5B4628C938A7EAD715EA522D
PAIR_TWO_SIDED_GRID_T075_S020_STOP_AFTER_2_PAIR_RESETS_WEEK,pair_reset_limit,,current_forced_flip_close,AUDCHF,180.899249,180.899249,0,-286.746912,-319.32616,500.225409,0,79D83C82437B31AB52ADA10461843DBB8FCC46B14B811CC1E8F381889719A634
PAIR_TWO_SIDED_GRID_T075_S020_STOP_AFTER_2_PAIR_RESETS_WEEK,pair_reset_limit,,current_forced_flip_close,AUDUSD,260.141277,260.141277,0,-266.121302,-251.714384,511.855661,0,BFE6322BF7BA260398E26D748B70175F77B8B70B6871C13726576A1CC5DE1239
PAIR_TWO_SIDED_GRID_T075_S020_STOP_AFTER_2_PAIR_RESETS_WEEK,pair_reset_limit,,current_forced_flip_close,USDJPY,292.082799,280.078335,-12.004464,-297.594069,-232.165745,524.248544,1,74C9F68B0963A36FC4231E8797B9CBDFFEC1A3A47A76871A9F87F7AE448D4484
PAIR_TWO_SIDED_GRID_T075_S020_STOP_AFTER_2_PAIR_RESETS_WEEK,pair_reset_limit,,current_forced_flip_close,GBPCAD,315.349899,315.349899,0,-160.253724,-168.27653,483.626429,0,C856D9EDF5A8B23D827FBCCA7A34A27C491AF3F28FC12CB005550818B36862D8
PAIR_TWO_SIDED_GRID_T075_S020_STOP_AFTER_2_PAIR_RESETS_WEEK,pair_reset_limit,,current_forced_flip_close,GBPJPY,332.506898,323.430055,-9.076843,-838.105417,-147.414004,479.424343,1,64646127101BD5C1ECDEFB0FFF1B04BA9E20C837FF1AE48758ADFE3912A69354
PAIR_TWO_SIDED_GRID_T075_S020_STOP_AFTER_2_PAIR_RESETS_WEEK,pair_reset_limit,,current_forced_flip_close,EURCHF,323.873978,323.873978,0,-972.863432,-97.19604,419.963169,0,A702A44ED59462CBE335FDD7FF5005A481B1B36DF0BC4FEED112576C1E13757B
PAIR_TWO_SIDED_GRID_T075_S020_STOP_AFTER_2_PAIR_RESETS_WEEK,pair_reset_limit,,current_forced_flip_close,GBPAUD,333.645868,333.645868,0,-341.885585,-133.357152,466.264788,0,FD24C8BAB896547FF5226DDEFC25943484F11E3D04BC30C2100E55066FB9C0B7
PAIR_TWO_SIDED_GRID_T075_S020_STOP_AFTER_2_PAIR_RESETS_WEEK,pair_reset_limit,,current_forced_flip_close,GBPUSD,354.141762,354.141762,0,-397.152394,-172.353823,526.495585,0,CD37B6D5ED59E49BD7055E360A395FFF334F9CF0997338BAB3C72CB024FEBEF4
PAIR_TWO_SIDED_GRID_T075_S020_STOP_AFTER_2_PAIR_RESETS_WEEK,pair_reset_limit,,current_forced_flip_close,CADJPY,354.425013,354.425013,0,-218.552469,-196.401174,530.547896,0,F90F2EB5B7E82266DC82010A9B44DF0185EAB415CC26460B54F2FC5D04DBFACE
PAIR_TWO_SIDED_GRID_T075_S020_STOP_AFTER_2_PAIR_RESETS_WEEK,pair_reset_limit,,current_forced_flip_close,GBPNZD,399.1274,376.466321,-22.661079,-321.879905,-109.194835,508.322235,1,22EC07FA1C55374C913176C5547E579DE1DC3EFF6652E1FCB8FDF5C5215051E6
PAIR_TWO_SIDED_GRID_T075_S020_STOP_AFTER_2_PAIR_RESETS_WEEK,pair_reset_limit,,current_forced_flip_close,USDCHF,399.025058,382.990278,-16.03478,-268.117074,-88.683969,487.709027,1,81027AB0A46003892AED1E6DB62A6D5AE477246A4630EE907E48464D4E97CF6D
PAIR_TWO_SIDED_GRID_T075_S020_STOP_AFTER_2_PAIR_RESETS_WEEK,pair_reset_limit,,current_forced_flip_close,NZDUSD,406.378133,386.873175,-19.504958,-308.43111,-110.035773,516.413906,1,39B97EC987D00ED399C646D2BF69CC54AE03DAEB7D13F637AB06A0D06C1C67B4
PAIR_TWO_SIDED_GRID_T075_S020_STOP_AFTER_2_PAIR_RESETS_WEEK,pair_reset_limit,,current_forced_flip_close,GBPCHF,424.518884,405.566834,-18.95205,-293.233972,-45.239495,469.758379,1,76E6BAF7F519FA8711BCC2353DBBD1093FE007C54AA91B6B5B15965ECBBDFC29
PAIR_TWO_SIDED_GRID_T075_S020_STOP_AFTER_2_PAIR_RESETS_WEEK,pair_reset_limit,,current_forced_flip_close,EURUSD,445.582913,412.56329,-33.019623,-393.91702,-46.62693,492.209843,1,1ECB815842F07DB5A2AEA961F6F1F46201C80EB9EAC96CF3010B7BF416DF32C7
PAIR_TWO_SIDED_GRID_T075_S020_STOP_AFTER_2_PAIR_RESETS_WEEK,pair_reset_limit,,current_forced_flip_close,NZDJPY,452.565908,435.330706,-17.235202,-113.171604,-85.225984,534.112427,1,20BFBDCA0B191D8FD90F9DB3B6A0E8C2CC6F1EE8657F0AB5356674366695F7DE
PAIR_TWO_SIDED_GRID_T075_S020_STOP_AFTER_2_PAIR_RESETS_WEEK,pair_reset_limit,,current_forced_flip_close,EURJPY,438.800347,438.800347,0,-180.800546,-85.605738,524.406085,0,68D008466FFCD2C87F4C67A9203D90E739167790A7BF80FE9321CFF55531EBEB
PAIR_TWO_SIDED_GRID_T075_S020_STOP_AFTER_2_PAIR_RESETS_WEEK,pair_reset_limit,,current_forced_flip_close,AUDJPY,441.167026,441.167026,0,-190.11319,-104.161812,544.798281,0,BF64C6B5F71195314EEF9C0F6A6179868418CB77462538720DA0DF2EF4A8210F
PAIR_TWO_SIDED_GRID_T075_S020_STOP_AFTER_2_PAIR_RESETS_WEEK,pair_reset_limit,,current_forced_flip_close,NZDCAD,453.221677,453.221677,0,-90.712757,-96.428541,549.125743,0,EEA853605A2EBC54705E12036A4B1CC6676BAD214F85D83DAA0561C75EFFE0DB
PAIR_TWO_SIDED_GRID_T075_S020_STOP_AFTER_2_PAIR_RESETS_WEEK,pair_reset_limit,,current_forced_flip_close,EURNZD,463.290821,463.290821,0,-262.281736,-63.908543,527.199364,0,3146DAF8F2C589E2CE1FE0DE36F62D95963760914D31C5801BC6693B4B0CC1ED
PAIR_TWO_SIDED_GRID_T075_S020_STOP_AFTER_2_PAIR_RESETS_WEEK,pair_reset_limit,,current_forced_flip_close,EURGBP,476.859193,473.252335,-3.606858,-424.056209,-24.253404,501.112597,1,A47D82CAB75D54548EC0D3EE2DB97DCEA587EDA87A840E0BC92F8E43A0D6AEEE
PAIR_TWO_SIDED_GRID_T075_S020_STOP_AFTER_2_PAIR_RESETS_WEEK,pair_reset_limit,,current_forced_flip_close,EURAUD,479.243904,479.243904,0,-275.345544,-38.488336,517.704555,0,275CF77CC22AC6686048A444A90B538DE12C10E6116F6A6265273DC93C34472C
PAIR_TWO_SIDED_GRID_T075_S020_STOP_AFTER_2_PAIR_RESETS_WEEK,pair_reset_limit,,current_forced_flip_close,CHFJPY,493.890243,493.890243,0,-222.166269,-15.109105,508.999348,0,92FD97F23F06278F4CE92569776FD6158277B2E8E03C0756A9FC6C85B4BEF47D
PAIR_TWO_SIDED_GRID_T075_S020_STOP_AFTER_2_PAIR_RESETS_WEEK,pair_reset_limit,,current_forced_flip_close,CADCHF,496.329693,496.329693,0,-72.747773,-28.766506,524.505341,0,BED761DC61F8053AC7D4E2EC4C53F5361CBE60A77198B7E468A446701DC4AF0B
PAIR_TWO_SIDED_GRID_T075_S020_STOP_AFTER_2_PAIR_RESETS_WEEK,pair_reset_limit,,current_forced_flip_close,EURCAD,508.136676,508.136676,0,-197.765045,-7.464815,515.601491,0,0BBCEEE70404C6AEA8AE43007C7BC464F9A40BE8D36A940397F88B05819CD683
PAIR_TWO_SIDED_GRID_T075_S020_STOP_AFTER_2_PAIR_RESETS_WEEK,pair_reset_limit,,current_forced_flip_close,NZDCHF,510.347471,510.347471,0,-98.388683,-53.547809,563.89528,0,87F085EA3CBEB2E6DB03B63768FA10BB174C8C30F15FAED2DF67F2E50924F206
PAIR_TWO_SIDED_GRID_T075_S020_STOP_AFTER_2_PAIR_RESETS_WEEK__FLIP_CLOSE_SMALL_LOSS_WAREHOUSE_GT3ADR,flip_counterfactual,PAIR_TWO_SIDED_GRID_T075_S020_STOP_AFTER_2_PAIR_RESETS_WEEK,close_small_loss_warehouse_large_loss,AUDNZD,44.446208,-102.186979,-146.633187,-301.053825,0,470.498674,1,FA67CD979E67E6A4D310D989711B3F7B2E10646A511A6D0AB4724AE0FEBA1322
PAIR_TWO_SIDED_GRID_T075_S020_STOP_AFTER_2_PAIR_RESETS_WEEK__FLIP_CLOSE_SMALL_LOSS_WAREHOUSE_GT3ADR,flip_counterfactual,PAIR_TWO_SIDED_GRID_T075_S020_STOP_AFTER_2_PAIR_RESETS_WEEK,close_small_loss_warehouse_large_loss,AUDCAD,152.076558,152.076558,0,-436.142052,-1.617441,561.47153,0,43C4AD65D755B7120723D9473AD44674CDB9C3B222A3827146150CFED5C869D1
PAIR_TWO_SIDED_GRID_T075_S020_STOP_AFTER_2_PAIR_RESETS_WEEK__FLIP_CLOSE_SMALL_LOSS_WAREHOUSE_GT3ADR,flip_counterfactual,PAIR_TWO_SIDED_GRID_T075_S020_STOP_AFTER_2_PAIR_RESETS_WEEK,close_small_loss_warehouse_large_loss,AUDCHF,179.147111,179.147111,0,-286.746912,-1.569396,500.225409,0,A40E5C5DC69738113F65E3D2A53F3335CD0E6B438EB4A347A7FAC77131154C6B
PAIR_TWO_SIDED_GRID_T075_S020_STOP_AFTER_2_PAIR_RESETS_WEEK__FLIP_CLOSE_SMALL_LOSS_WAREHOUSE_GT3ADR,flip_counterfactual,PAIR_TWO_SIDED_GRID_T075_S020_STOP_AFTER_2_PAIR_RESETS_WEEK,close_small_loss_warehouse_large_loss,USDCAD,266.041567,183.534088,-82.507479,-173.931566,0,519.688795,1,A1EDB409452CF1398DD53B7051DE4279FA4BBAC5B47C5978DCFC949617C45E5D
PAIR_TWO_SIDED_GRID_T075_S020_STOP_AFTER_2_PAIR_RESETS_WEEK__FLIP_CLOSE_SMALL_LOSS_WAREHOUSE_GT3ADR,flip_counterfactual,PAIR_TWO_SIDED_GRID_T075_S020_STOP_AFTER_2_PAIR_RESETS_WEEK,close_small_loss_warehouse_large_loss,AUDUSD,261.584255,261.584255,0,-266.121302,0,511.855661,0,CCF640F074B3283DBB12FC21B3475A3C432B4D246CB624A1DC5240C4D48194AE
PAIR_TWO_SIDED_GRID_T075_S020_STOP_AFTER_2_PAIR_RESETS_WEEK__FLIP_CLOSE_SMALL_LOSS_WAREHOUSE_GT3ADR,flip_counterfactual,PAIR_TWO_SIDED_GRID_T075_S020_STOP_AFTER_2_PAIR_RESETS_WEEK,close_small_loss_warehouse_large_loss,USDJPY,281.505369,269.500905,-12.004464,-297.594069,-3.312319,524.248544,1,07553DF6016D80C66285DD790FA3C48ACFC608A5E09820B7F827CB17EA66099D
PAIR_TWO_SIDED_GRID_T075_S020_STOP_AFTER_2_PAIR_RESETS_WEEK__FLIP_CLOSE_SMALL_LOSS_WAREHOUSE_GT3ADR,flip_counterfactual,PAIR_TWO_SIDED_GRID_T075_S020_STOP_AFTER_2_PAIR_RESETS_WEEK,close_small_loss_warehouse_large_loss,GBPCAD,305.221837,305.221837,0,-160.253724,-2.249208,483.626429,0,F33CC72AA65ADB4F61B7FE7E5EDFA0ADCC977E4055067BCFA5C8428A74AD47FF
PAIR_TWO_SIDED_GRID_T075_S020_STOP_AFTER_2_PAIR_RESETS_WEEK__FLIP_CLOSE_SMALL_LOSS_WAREHOUSE_GT3ADR,flip_counterfactual,PAIR_TWO_SIDED_GRID_T075_S020_STOP_AFTER_2_PAIR_RESETS_WEEK,close_small_loss_warehouse_large_loss,GBPAUD,330.249049,330.249049,0,-341.885585,0,466.264788,0,E80342D3C9DF459923DD675D4699AFF14C8CAAE41C32D14558EFA1AA252E4E6C
PAIR_TWO_SIDED_GRID_T075_S020_STOP_AFTER_2_PAIR_RESETS_WEEK__FLIP_CLOSE_SMALL_LOSS_WAREHOUSE_GT3ADR,flip_counterfactual,PAIR_TWO_SIDED_GRID_T075_S020_STOP_AFTER_2_PAIR_RESETS_WEEK,close_small_loss_warehouse_large_loss,EURCHF,342.678346,342.678346,0,-972.863432,-0.603015,419.963169,0,A5E79BDEB9A3117CD58380D678CF4C5BCDBD23BF1E584952693C8A740EAF2CD9
PAIR_TWO_SIDED_GRID_T075_S020_STOP_AFTER_2_PAIR_RESETS_WEEK__FLIP_CLOSE_SMALL_LOSS_WAREHOUSE_GT3ADR,flip_counterfactual,PAIR_TWO_SIDED_GRID_T075_S020_STOP_AFTER_2_PAIR_RESETS_WEEK,close_small_loss_warehouse_large_loss,CADJPY,346.906893,346.906893,0,-218.552469,-1.031959,530.547896,0,0D90FDA73AB8A4070AE3ADEAB0D4E9009BD39669B2917A3FDFA62DFE1F6063DD
PAIR_TWO_SIDED_GRID_T075_S020_STOP_AFTER_2_PAIR_RESETS_WEEK__FLIP_CLOSE_SMALL_LOSS_WAREHOUSE_GT3ADR,flip_counterfactual,PAIR_TWO_SIDED_GRID_T075_S020_STOP_AFTER_2_PAIR_RESETS_WEEK,close_small_loss_warehouse_large_loss,GBPJPY,357.541991,348.465148,-9.076843,-838.105417,-0.396534,479.424343,1,119854446AC265AB664BDD1E4426AD40B8C8B547157676619730DA9B5FFCD046
PAIR_TWO_SIDED_GRID_T075_S020_STOP_AFTER_2_PAIR_RESETS_WEEK__FLIP_CLOSE_SMALL_LOSS_WAREHOUSE_GT3ADR,flip_counterfactual,PAIR_TWO_SIDED_GRID_T075_S020_STOP_AFTER_2_PAIR_RESETS_WEEK,close_small_loss_warehouse_large_loss,GBPUSD,354.684797,354.684797,0,-397.152394,0,526.495585,0,E595A078F8CBBBFA113A8A56C5274214DC35C95D89646DBF96F429A1529B98B9
PAIR_TWO_SIDED_GRID_T075_S020_STOP_AFTER_2_PAIR_RESETS_WEEK__FLIP_CLOSE_SMALL_LOSS_WAREHOUSE_GT3ADR,flip_counterfactual,PAIR_TWO_SIDED_GRID_T075_S020_STOP_AFTER_2_PAIR_RESETS_WEEK,close_small_loss_warehouse_large_loss,GBPNZD,402.799186,380.138107,-22.661079,-321.879905,-2.891991,508.322235,1,DB7C63C5A0BFDBAE466728087A2028074DC3727E4CBE897E1B6F5A050889AF0C
PAIR_TWO_SIDED_GRID_T075_S020_STOP_AFTER_2_PAIR_RESETS_WEEK__FLIP_CLOSE_SMALL_LOSS_WAREHOUSE_GT3ADR,flip_counterfactual,PAIR_TWO_SIDED_GRID_T075_S020_STOP_AFTER_2_PAIR_RESETS_WEEK,close_small_loss_warehouse_large_loss,NZDUSD,399.689833,380.184875,-19.504958,-308.43111,0,516.413906,1,791113D63EE2F565FC6D5611BB18FADA318AD2E68B542732F12B3E07AA6377E5
PAIR_TWO_SIDED_GRID_T075_S020_STOP_AFTER_2_PAIR_RESETS_WEEK__FLIP_CLOSE_SMALL_LOSS_WAREHOUSE_GT3ADR,flip_counterfactual,PAIR_TWO_SIDED_GRID_T075_S020_STOP_AFTER_2_PAIR_RESETS_WEEK,close_small_loss_warehouse_large_loss,USDCHF,402.636835,386.602055,-16.03478,-268.117074,0,487.709027,1,0BA19F29C1F16064C0DDDEE4BBD1E6F50C30B93AC5AAF60737209138589FE61A
PAIR_TWO_SIDED_GRID_T075_S020_STOP_AFTER_2_PAIR_RESETS_WEEK__FLIP_CLOSE_SMALL_LOSS_WAREHOUSE_GT3ADR,flip_counterfactual,PAIR_TWO_SIDED_GRID_T075_S020_STOP_AFTER_2_PAIR_RESETS_WEEK,close_small_loss_warehouse_large_loss,EURUSD,424.844729,391.825106,-33.019623,-393.91702,-5.489283,492.209843,1,64BD028FBDF8E3B6E69121FF30E92652E47600700958A2C796206FF470C4FC04
PAIR_TWO_SIDED_GRID_T075_S020_STOP_AFTER_2_PAIR_RESETS_WEEK__FLIP_CLOSE_SMALL_LOSS_WAREHOUSE_GT3ADR,flip_counterfactual,PAIR_TWO_SIDED_GRID_T075_S020_STOP_AFTER_2_PAIR_RESETS_WEEK,close_small_loss_warehouse_large_loss,GBPCHF,424.558877,405.606827,-18.95205,-293.233972,0,469.758379,1,DF91111C4E7AB378C51C7E906485D62F9036EB7D0F51B80A0605BAB52F6186F1
PAIR_TWO_SIDED_GRID_T075_S020_STOP_AFTER_2_PAIR_RESETS_WEEK__FLIP_CLOSE_SMALL_LOSS_WAREHOUSE_GT3ADR,flip_counterfactual,PAIR_TWO_SIDED_GRID_T075_S020_STOP_AFTER_2_PAIR_RESETS_WEEK,close_small_loss_warehouse_large_loss,AUDJPY,422.781475,422.781475,0,-190.11319,0,544.798281,0,73500591955031483ECA3649918F67549846E48BD3DF41149445FF4D977EF974
PAIR_TWO_SIDED_GRID_T075_S020_STOP_AFTER_2_PAIR_RESETS_WEEK__FLIP_CLOSE_SMALL_LOSS_WAREHOUSE_GT3ADR,flip_counterfactual,PAIR_TWO_SIDED_GRID_T075_S020_STOP_AFTER_2_PAIR_RESETS_WEEK,close_small_loss_warehouse_large_loss,NZDCAD,431.722641,431.722641,0,-90.712757,0,549.125743,0,1D2B2E950CC28B3D8480E0EB9D6C534BA993878D501222AB970252A7E997A787
PAIR_TWO_SIDED_GRID_T075_S020_STOP_AFTER_2_PAIR_RESETS_WEEK__FLIP_CLOSE_SMALL_LOSS_WAREHOUSE_GT3ADR,flip_counterfactual,PAIR_TWO_SIDED_GRID_T075_S020_STOP_AFTER_2_PAIR_RESETS_WEEK,close_small_loss_warehouse_large_loss,EURJPY,438.503322,438.503322,0,-180.800546,-1.571637,524.406085,0,78F0B616AC959F96B0CB84D3EA791B79062C493C6402C2E8466D0A8DE09E6405
PAIR_TWO_SIDED_GRID_T075_S020_STOP_AFTER_2_PAIR_RESETS_WEEK__FLIP_CLOSE_SMALL_LOSS_WAREHOUSE_GT3ADR,flip_counterfactual,PAIR_TWO_SIDED_GRID_T075_S020_STOP_AFTER_2_PAIR_RESETS_WEEK,close_small_loss_warehouse_large_loss,NZDJPY,463.879294,446.644092,-17.235202,-113.171604,-1.98099,534.112427,1,89BF51EB531A24070042A7BE0B4D8E47E69C354A316C16CC07EE1C0A2D3E6B2D
PAIR_TWO_SIDED_GRID_T075_S020_STOP_AFTER_2_PAIR_RESETS_WEEK__FLIP_CLOSE_SMALL_LOSS_WAREHOUSE_GT3ADR,flip_counterfactual,PAIR_TWO_SIDED_GRID_T075_S020_STOP_AFTER_2_PAIR_RESETS_WEEK,close_small_loss_warehouse_large_loss,EURNZD,463.262253,463.262253,0,-262.281736,-1.8559,527.199364,0,2295D851FF74028FDBE9E608C4F581AEF73546216FCF9CB8E348C11C4FD6DD2C
PAIR_TWO_SIDED_GRID_T075_S020_STOP_AFTER_2_PAIR_RESETS_WEEK__FLIP_CLOSE_SMALL_LOSS_WAREHOUSE_GT3ADR,flip_counterfactual,PAIR_TWO_SIDED_GRID_T075_S020_STOP_AFTER_2_PAIR_RESETS_WEEK,close_small_loss_warehouse_large_loss,EURGBP,481.339141,477.732283,-3.606858,-424.056209,-2.117628,501.112597,1,06D13228E1CD2268E3BD1E0942DB772187471AA883FF98723CC0F21C006F785F
PAIR_TWO_SIDED_GRID_T075_S020_STOP_AFTER_2_PAIR_RESETS_WEEK__FLIP_CLOSE_SMALL_LOSS_WAREHOUSE_GT3ADR,flip_counterfactual,PAIR_TWO_SIDED_GRID_T075_S020_STOP_AFTER_2_PAIR_RESETS_WEEK,close_small_loss_warehouse_large_loss,EURAUD,495.855101,495.855101,0,-275.345544,-2.963438,517.704555,0,FC94E4D29EE06C59D5749927902AF44422BBBC2B638BA7937A5834BB18846356
PAIR_TWO_SIDED_GRID_T075_S020_STOP_AFTER_2_PAIR_RESETS_WEEK__FLIP_CLOSE_SMALL_LOSS_WAREHOUSE_GT3ADR,flip_counterfactual,PAIR_TWO_SIDED_GRID_T075_S020_STOP_AFTER_2_PAIR_RESETS_WEEK,close_small_loss_warehouse_large_loss,CADCHF,496.225836,496.225836,0,-72.747773,0,524.505341,0,D0886C5CE7762D69AB5047CAE249E12163327FFA8078099DFC80A6B6A3693447
PAIR_TWO_SIDED_GRID_T075_S020_STOP_AFTER_2_PAIR_RESETS_WEEK__FLIP_CLOSE_SMALL_LOSS_WAREHOUSE_GT3ADR,flip_counterfactual,PAIR_TWO_SIDED_GRID_T075_S020_STOP_AFTER_2_PAIR_RESETS_WEEK,close_small_loss_warehouse_large_loss,CHFJPY,505.509099,505.509099,0,-222.166269,-3.644121,508.999348,0,90EC2D6E1B024CF96C6B53EEB7E5235EB9CC60C381EC5B24B26EBF6FF300FBAA
PAIR_TWO_SIDED_GRID_T075_S020_STOP_AFTER_2_PAIR_RESETS_WEEK__FLIP_CLOSE_SMALL_LOSS_WAREHOUSE_GT3ADR,flip_counterfactual,PAIR_TWO_SIDED_GRID_T075_S020_STOP_AFTER_2_PAIR_RESETS_WEEK,close_small_loss_warehouse_large_loss,EURCAD,508.136676,508.136676,0,-197.765045,-7.464815,515.601491,0,3A750C8C59FB463EDE363EF08223747BC121522F458C4DD1B64DDC190FEA6558
PAIR_TWO_SIDED_GRID_T075_S020_STOP_AFTER_2_PAIR_RESETS_WEEK__FLIP_CLOSE_SMALL_LOSS_WAREHOUSE_GT3ADR,flip_counterfactual,PAIR_TWO_SIDED_GRID_T075_S020_STOP_AFTER_2_PAIR_RESETS_WEEK,close_small_loss_warehouse_large_loss,NZDCHF,508.833337,508.833337,0,-98.388683,-1.266912,563.89528,0,CFF50CEE19A8A9510280910297A53AF8413F9A61A6304BAB40CCCB4D569E0757
PAIR_TWO_SIDED_GRID_T075_S020_STOP_AFTER_2_PAIR_RESETS_WEEK__FLIP_GRACE_1W,flip_counterfactual,PAIR_TWO_SIDED_GRID_T075_S020_STOP_AFTER_2_PAIR_RESETS_WEEK,grace_window_losing_flip_no_new_fills,AUDNZD,117.132338,-29.500849,-146.633187,-301.053825,0,470.498674,1,C61F54AD6B8EC46F71159A950CC20827B2A95AE1B2ECF3D793B74E2B93CE48DA
PAIR_TWO_SIDED_GRID_T075_S020_STOP_AFTER_2_PAIR_RESETS_WEEK__FLIP_GRACE_1W,flip_counterfactual,PAIR_TWO_SIDED_GRID_T075_S020_STOP_AFTER_2_PAIR_RESETS_WEEK,grace_window_losing_flip_no_new_fills,AUDCHF,160.415616,160.415616,0,-320.024308,0,500.225409,0,172158F1A2AF42944C56EDEFCDCFA7B20052596EC242A52337BB090357F2D3D7
PAIR_TWO_SIDED_GRID_T075_S020_STOP_AFTER_2_PAIR_RESETS_WEEK__FLIP_GRACE_1W,flip_counterfactual,PAIR_TWO_SIDED_GRID_T075_S020_STOP_AFTER_2_PAIR_RESETS_WEEK,grace_window_losing_flip_no_new_fills,USDJPY,197.940378,185.935914,-12.004464,-297.594069,0,524.248544,1,4EF3A89A34E7DE36AE187DE40B13FE0F20528E1934E60CA3F860218A9262C644
PAIR_TWO_SIDED_GRID_T075_S020_STOP_AFTER_2_PAIR_RESETS_WEEK__FLIP_GRACE_1W,flip_counterfactual,PAIR_TWO_SIDED_GRID_T075_S020_STOP_AFTER_2_PAIR_RESETS_WEEK,grace_window_losing_flip_no_new_fills,AUDUSD,275.694959,275.694959,0,-266.121302,0,511.855661,0,A9235B7BF601C31F46A9C2C1E25214BFF5B387CFE664187D1F8F543869D80AF9
PAIR_TWO_SIDED_GRID_T075_S020_STOP_AFTER_2_PAIR_RESETS_WEEK__FLIP_GRACE_1W,flip_counterfactual,PAIR_TWO_SIDED_GRID_T075_S020_STOP_AFTER_2_PAIR_RESETS_WEEK,grace_window_losing_flip_no_new_fills,USDCAD,385.812633,303.305154,-82.507479,-173.931566,0,519.688795,1,8C285A45F9ADA70CC9E3BF7090F071B7A1B02D9A36065D06A95A30A3F161DD1A
PAIR_TWO_SIDED_GRID_T075_S020_STOP_AFTER_2_PAIR_RESETS_WEEK__FLIP_GRACE_1W,flip_counterfactual,PAIR_TWO_SIDED_GRID_T075_S020_STOP_AFTER_2_PAIR_RESETS_WEEK,grace_window_losing_flip_no_new_fills,EURCHF,309.050335,309.050335,0,-972.863432,0,419.963169,0,447BA10D08EFAF0C9317F2251527990FDF2DED300A3AE7FB7C369A655862F335
PAIR_TWO_SIDED_GRID_T075_S020_STOP_AFTER_2_PAIR_RESETS_WEEK__FLIP_GRACE_1W,flip_counterfactual,PAIR_TWO_SIDED_GRID_T075_S020_STOP_AFTER_2_PAIR_RESETS_WEEK,grace_window_losing_flip_no_new_fills,GBPCAD,309.916285,309.916285,0,-160.253724,0,483.626429,0,D411F007B1890CAC1DD4C5F4A50FFB166DA61FE954F30B16D903F7085A1E0494
PAIR_TWO_SIDED_GRID_T075_S020_STOP_AFTER_2_PAIR_RESETS_WEEK__FLIP_GRACE_1W,flip_counterfactual,PAIR_TWO_SIDED_GRID_T075_S020_STOP_AFTER_2_PAIR_RESETS_WEEK,grace_window_losing_flip_no_new_fills,GBPAUD,314.577225,314.577225,0,-341.885585,0,466.264788,0,CA5E19C2B35E89484A4424C22E4B069BFC08A26627C1A45DB9E04251AE6812AD
PAIR_TWO_SIDED_GRID_T075_S020_STOP_AFTER_2_PAIR_RESETS_WEEK__FLIP_GRACE_1W,flip_counterfactual,PAIR_TWO_SIDED_GRID_T075_S020_STOP_AFTER_2_PAIR_RESETS_WEEK,grace_window_losing_flip_no_new_fills,AUDJPY,345.324372,345.324372,0,-190.11319,0,544.798281,0,3E58D091887975027A7B4BAD6D458A80F82F45561F2F59FD037F212F27D3225A
PAIR_TWO_SIDED_GRID_T075_S020_STOP_AFTER_2_PAIR_RESETS_WEEK__FLIP_GRACE_1W,flip_counterfactual,PAIR_TWO_SIDED_GRID_T075_S020_STOP_AFTER_2_PAIR_RESETS_WEEK,grace_window_losing_flip_no_new_fills,GBPJPY,359.488232,350.411389,-9.076843,-838.105417,0,479.424343,1,0CFB55CD1758DA42A3721B298272097211249AE1CE43450DC8B8A74A527C9E14
PAIR_TWO_SIDED_GRID_T075_S020_STOP_AFTER_2_PAIR_RESETS_WEEK__FLIP_GRACE_1W,flip_counterfactual,PAIR_TWO_SIDED_GRID_T075_S020_STOP_AFTER_2_PAIR_RESETS_WEEK,grace_window_losing_flip_no_new_fills,GBPNZD,375.610986,352.949907,-22.661079,-321.879905,0,508.322235,1,6BA1DBE1A77DACDC8FC1BF162AFED386CEAC63AB5812D3CF7F69DA41ACF12476
PAIR_TWO_SIDED_GRID_T075_S020_STOP_AFTER_2_PAIR_RESETS_WEEK__FLIP_GRACE_1W,flip_counterfactual,PAIR_TWO_SIDED_GRID_T075_S020_STOP_AFTER_2_PAIR_RESETS_WEEK,grace_window_losing_flip_no_new_fills,GBPUSD,376.258131,376.258131,0,-397.152394,0,526.495585,0,B0EC37431A2732061A09D1889FBF04C22F30A87B87D058E5D89D352A2B7B6902
PAIR_TWO_SIDED_GRID_T075_S020_STOP_AFTER_2_PAIR_RESETS_WEEK__FLIP_GRACE_1W,flip_counterfactual,PAIR_TWO_SIDED_GRID_T075_S020_STOP_AFTER_2_PAIR_RESETS_WEEK,grace_window_losing_flip_no_new_fills,NZDUSD,401.491817,381.986859,-19.504958,-308.43111,0,516.413906,1,3A86AF28E5D6206908859E0957B8ECE8003794FC46DF0D118189644C33B099DF
PAIR_TWO_SIDED_GRID_T075_S020_STOP_AFTER_2_PAIR_RESETS_WEEK__FLIP_GRACE_1W,flip_counterfactual,PAIR_TWO_SIDED_GRID_T075_S020_STOP_AFTER_2_PAIR_RESETS_WEEK,grace_window_losing_flip_no_new_fills,EURUSD,415.15228,382.132657,-33.019623,-393.91702,0,492.209843,1,ACD745FF43D739B4ED3AC6E4EE67AE5F4FCDB1CB65FBBECD0E9D134458244F58
PAIR_TWO_SIDED_GRID_T075_S020_STOP_AFTER_2_PAIR_RESETS_WEEK__FLIP_GRACE_1W,flip_counterfactual,PAIR_TWO_SIDED_GRID_T075_S020_STOP_AFTER_2_PAIR_RESETS_WEEK,grace_window_losing_flip_no_new_fills,EURJPY,392.420479,392.420479,0,-180.800546,0,524.406085,0,1B8FD9C982B834E5EA6FAB69E56702318991BDBECBC2797F4795BDCDAF54186B
PAIR_TWO_SIDED_GRID_T075_S020_STOP_AFTER_2_PAIR_RESETS_WEEK__FLIP_GRACE_1W,flip_counterfactual,PAIR_TWO_SIDED_GRID_T075_S020_STOP_AFTER_2_PAIR_RESETS_WEEK,grace_window_losing_flip_no_new_fills,GBPCHF,420.98005,402.028,-18.95205,-293.233972,0,469.758379,1,7995EC96D134AFB1FCEB3698E2E083CC1EE64E8E29DB836F8C6C40E304E40159
PAIR_TWO_SIDED_GRID_T075_S020_STOP_AFTER_2_PAIR_RESETS_WEEK__FLIP_GRACE_1W,flip_counterfactual,PAIR_TWO_SIDED_GRID_T075_S020_STOP_AFTER_2_PAIR_RESETS_WEEK,grace_window_losing_flip_no_new_fills,NZDJPY,425.963783,408.728581,-17.235202,-113.171604,0,534.112427,1,2358CB73EC4C92C0346BF3AE1205F89CC8B1FDA77BA89EA095E052C060899EC7
PAIR_TWO_SIDED_GRID_T075_S020_STOP_AFTER_2_PAIR_RESETS_WEEK__FLIP_GRACE_1W,flip_counterfactual,PAIR_TWO_SIDED_GRID_T075_S020_STOP_AFTER_2_PAIR_RESETS_WEEK,grace_window_losing_flip_no_new_fills,USDCHF,438.77072,422.73594,-16.03478,-268.117074,0,487.709027,1,C5DA98AB791FFFA92DA5148B95E66DE86B9BC89141281F1C3C6CF0251D74864A
PAIR_TWO_SIDED_GRID_T075_S020_STOP_AFTER_2_PAIR_RESETS_WEEK__FLIP_GRACE_1W,flip_counterfactual,PAIR_TWO_SIDED_GRID_T075_S020_STOP_AFTER_2_PAIR_RESETS_WEEK,grace_window_losing_flip_no_new_fills,CADJPY,450.524949,450.524949,0,-218.552469,0,530.547896,0,ECFEF425A8F4D2B96014429AA425CC07D6937E0E0A90E3B2C2A5A4E2F323BBEA
PAIR_TWO_SIDED_GRID_T075_S020_STOP_AFTER_2_PAIR_RESETS_WEEK__FLIP_GRACE_1W,flip_counterfactual,PAIR_TWO_SIDED_GRID_T075_S020_STOP_AFTER_2_PAIR_RESETS_WEEK,grace_window_losing_flip_no_new_fills,NZDCAD,451.298276,451.298276,0,-90.712757,0,549.125743,0,9D4E859C4435A915F892B3CCAC66EB61E6AD71C218C9422E6787FA10EBE03950
PAIR_TWO_SIDED_GRID_T075_S020_STOP_AFTER_2_PAIR_RESETS_WEEK__FLIP_GRACE_1W,flip_counterfactual,PAIR_TWO_SIDED_GRID_T075_S020_STOP_AFTER_2_PAIR_RESETS_WEEK,grace_window_losing_flip_no_new_fills,EURGBP,476.702828,473.09597,-3.606858,-424.056209,0,501.112597,1,06C69E5973B7F9070D7032DE6E0A516FD49621A8CCF96CD0B986D95D5ECEF9A8
PAIR_TWO_SIDED_GRID_T075_S020_STOP_AFTER_2_PAIR_RESETS_WEEK__FLIP_GRACE_1W,flip_counterfactual,PAIR_TWO_SIDED_GRID_T075_S020_STOP_AFTER_2_PAIR_RESETS_WEEK,grace_window_losing_flip_no_new_fills,EURNZD,484.961914,484.961914,0,-262.281736,0,527.199364,0,38215259D77ECB497E28F9B7654BEC38FF55225BE717806634691CD7E612046B
PAIR_TWO_SIDED_GRID_T075_S020_STOP_AFTER_2_PAIR_RESETS_WEEK__FLIP_GRACE_1W,flip_counterfactual,PAIR_TWO_SIDED_GRID_T075_S020_STOP_AFTER_2_PAIR_RESETS_WEEK,grace_window_losing_flip_no_new_fills,EURAUD,499.907367,499.907367,0,-275.345544,0,517.704555,0,2134675236B0999F6B6A910E825E81265A3FD7FEF35838933E9B59FC0EC086C4
PAIR_TWO_SIDED_GRID_T075_S020_STOP_AFTER_2_PAIR_RESETS_WEEK__FLIP_GRACE_1W,flip_counterfactual,PAIR_TWO_SIDED_GRID_T075_S020_STOP_AFTER_2_PAIR_RESETS_WEEK,grace_window_losing_flip_no_new_fills,CADCHF,507.701553,507.701553,0,-72.747773,0,524.505341,0,382880E88BCC372B29E87F3D7896F1314429E2A45D2EF3E37478C1AC86BA77C0
PAIR_TWO_SIDED_GRID_T075_S020_STOP_AFTER_2_PAIR_RESETS_WEEK__FLIP_GRACE_1W,flip_counterfactual,PAIR_TWO_SIDED_GRID_T075_S020_STOP_AFTER_2_PAIR_RESETS_WEEK,grace_window_losing_flip_no_new_fills,CHFJPY,509.420879,509.420879,0,-222.166269,0,508.999348,0,629966D0202E3EC29C8E8128FF59A660ABC5CA866D14619D89A7F52FFD901F93
PAIR_TWO_SIDED_GRID_T075_S020_STOP_AFTER_2_PAIR_RESETS_WEEK__FLIP_GRACE_1W,flip_counterfactual,PAIR_TWO_SIDED_GRID_T075_S020_STOP_AFTER_2_PAIR_RESETS_WEEK,grace_window_losing_flip_no_new_fills,EURCAD,513.703133,513.703133,0,-197.765045,0,515.601491,0,9B10B341F8C86C5D55EDAECE1C9D3056F883EB01629A1DAE8860DD7AF96F55DF
PAIR_TWO_SIDED_GRID_T075_S020_STOP_AFTER_2_PAIR_RESETS_WEEK__FLIP_GRACE_1W,flip_counterfactual,PAIR_TWO_SIDED_GRID_T075_S020_STOP_AFTER_2_PAIR_RESETS_WEEK,grace_window_losing_flip_no_new_fills,AUDCAD,538.097735,538.097735,0,-436.142052,0,561.47153,0,C7B32BEEE3B3CB2C208AF073A58DF46A6ED0C9D162EA8BBB102EA97D3C0CEB50
PAIR_TWO_SIDED_GRID_T075_S020_STOP_AFTER_2_PAIR_RESETS_WEEK__FLIP_GRACE_1W,flip_counterfactual,PAIR_TWO_SIDED_GRID_T075_S020_STOP_AFTER_2_PAIR_RESETS_WEEK,grace_window_losing_flip_no_new_fills,NZDCHF,553.304993,553.304993,0,-98.388683,0,563.89528,0,0440F766C30EC15AB323AAD4A448692A62B132CE59AFEC2EB6C8CB08EDCD45B5
PAIR_TWO_SIDED_GRID_T075_S020_STOP_AFTER_2_PAIR_RESETS_WEEK__FLIP_LOSER_WAREHOUSE,flip_counterfactual,PAIR_TWO_SIDED_GRID_T075_S020_STOP_AFTER_2_PAIR_RESETS_WEEK,warehouse_losing_flip_no_new_fills,AUDNZD,44.446208,-102.186979,-146.633187,-301.053825,0,470.498674,1,E6644495C22513ED01671AADD69FBB67E3B04D716A9D13B30ECA153684D6D864
PAIR_TWO_SIDED_GRID_T075_S020_STOP_AFTER_2_PAIR_RESETS_WEEK__FLIP_LOSER_WAREHOUSE,flip_counterfactual,PAIR_TWO_SIDED_GRID_T075_S020_STOP_AFTER_2_PAIR_RESETS_WEEK,warehouse_losing_flip_no_new_fills,AUDCAD,138.599141,138.599141,0,-436.142052,0,561.47153,0,FF3123F754BF4EBD4C8E15187EB2F080740CC57299B254F210A463C3CF02464B
PAIR_TWO_SIDED_GRID_T075_S020_STOP_AFTER_2_PAIR_RESETS_WEEK__FLIP_LOSER_WAREHOUSE,flip_counterfactual,PAIR_TWO_SIDED_GRID_T075_S020_STOP_AFTER_2_PAIR_RESETS_WEEK,warehouse_losing_flip_no_new_fills,AUDCHF,180.937277,180.937277,0,-286.746912,0,500.225409,0,262AFF81DD133C1257FDE752A7CEFB7308B31E2D8480E915116FC30B4C761B74
PAIR_TWO_SIDED_GRID_T075_S020_STOP_AFTER_2_PAIR_RESETS_WEEK__FLIP_LOSER_WAREHOUSE,flip_counterfactual,PAIR_TWO_SIDED_GRID_T075_S020_STOP_AFTER_2_PAIR_RESETS_WEEK,warehouse_losing_flip_no_new_fills,USDCAD,266.041567,183.534088,-82.507479,-173.931566,0,519.688795,1,3C3A344644A602A00BF4C7E7F337BE910D7813F8741D7D6491AB8988B007F90A
PAIR_TWO_SIDED_GRID_T075_S020_STOP_AFTER_2_PAIR_RESETS_WEEK__FLIP_LOSER_WAREHOUSE,flip_counterfactual,PAIR_TWO_SIDED_GRID_T075_S020_STOP_AFTER_2_PAIR_RESETS_WEEK,warehouse_losing_flip_no_new_fills,AUDUSD,261.584255,261.584255,0,-266.121302,0,511.855661,0,B2F586993DA5B68966290575BE25804547EABAB4B6A1473D2D93DF61AC6CAA2F
PAIR_TWO_SIDED_GRID_T075_S020_STOP_AFTER_2_PAIR_RESETS_WEEK__FLIP_LOSER_WAREHOUSE,flip_counterfactual,PAIR_TWO_SIDED_GRID_T075_S020_STOP_AFTER_2_PAIR_RESETS_WEEK,warehouse_losing_flip_no_new_fills,USDJPY,285.001845,272.997381,-12.004464,-297.594069,0,524.248544,1,E110193C096CDEA1FD392AF379880A6B46892EADC4BF654BB50937318CDECB99
PAIR_TWO_SIDED_GRID_T075_S020_STOP_AFTER_2_PAIR_RESETS_WEEK__FLIP_LOSER_WAREHOUSE,flip_counterfactual,PAIR_TWO_SIDED_GRID_T075_S020_STOP_AFTER_2_PAIR_RESETS_WEEK,warehouse_losing_flip_no_new_fills,GBPCAD,307.787283,307.787283,0,-160.253724,0,483.626429,0,8C9A205792BF9D2CE7BA2F9430D7EDA15086BD50E9AA06DD104313A168071047
PAIR_TWO_SIDED_GRID_T075_S020_STOP_AFTER_2_PAIR_RESETS_WEEK__FLIP_LOSER_WAREHOUSE,flip_counterfactual,PAIR_TWO_SIDED_GRID_T075_S020_STOP_AFTER_2_PAIR_RESETS_WEEK,warehouse_losing_flip_no_new_fills,GBPAUD,330.249049,330.249049,0,-341.885585,0,466.264788,0,B2F0F2CDA36FEE4CE45AFB04CA26BD13FEFEC5F83A4B3EEE3277C5300FD5F700
PAIR_TWO_SIDED_GRID_T075_S020_STOP_AFTER_2_PAIR_RESETS_WEEK__FLIP_LOSER_WAREHOUSE,flip_counterfactual,PAIR_TWO_SIDED_GRID_T075_S020_STOP_AFTER_2_PAIR_RESETS_WEEK,warehouse_losing_flip_no_new_fills,EURCHF,343.291348,343.291348,0,-972.863432,0,419.963169,0,DEBE21ECCC962224006D82C04E9FA9D00353A9A7885042CFE0E8EBB1C8128CAD
PAIR_TWO_SIDED_GRID_T075_S020_STOP_AFTER_2_PAIR_RESETS_WEEK__FLIP_LOSER_WAREHOUSE,flip_counterfactual,PAIR_TWO_SIDED_GRID_T075_S020_STOP_AFTER_2_PAIR_RESETS_WEEK,warehouse_losing_flip_no_new_fills,CADJPY,348.147148,348.147148,0,-218.552469,0,530.547896,0,B711CF8299006C1B7F710F396E392C47768FFD54F30C8C292419E65DB3FB5D4C
PAIR_TWO_SIDED_GRID_T075_S020_STOP_AFTER_2_PAIR_RESETS_WEEK__FLIP_LOSER_WAREHOUSE,flip_counterfactual,PAIR_TWO_SIDED_GRID_T075_S020_STOP_AFTER_2_PAIR_RESETS_WEEK,warehouse_losing_flip_no_new_fills,GBPJPY,357.949557,348.872714,-9.076843,-838.105417,0,479.424343,1,BB82D8CE27EF5CE7B2CF2617F1DCA40419AE9FD4EC547447AD5A870A570210A7
PAIR_TWO_SIDED_GRID_T075_S020_STOP_AFTER_2_PAIR_RESETS_WEEK__FLIP_LOSER_WAREHOUSE,flip_counterfactual,PAIR_TWO_SIDED_GRID_T075_S020_STOP_AFTER_2_PAIR_RESETS_WEEK,warehouse_losing_flip_no_new_fills,GBPUSD,354.684797,354.684797,0,-397.152394,0,526.495585,0,BAD0E0B7A0A014AA7C7DD9316734C826EBA07A509ECC3F45A33E647D6A9C5C22
PAIR_TWO_SIDED_GRID_T075_S020_STOP_AFTER_2_PAIR_RESETS_WEEK__FLIP_LOSER_WAREHOUSE,flip_counterfactual,PAIR_TWO_SIDED_GRID_T075_S020_STOP_AFTER_2_PAIR_RESETS_WEEK,warehouse_losing_flip_no_new_fills,NZDUSD,399.689833,380.184875,-19.504958,-308.43111,0,516.413906,1,85CBE632C38EC380C6D7513207D0991DF02EE04894C37A3B83FDC39356898C55
PAIR_TWO_SIDED_GRID_T075_S020_STOP_AFTER_2_PAIR_RESETS_WEEK__FLIP_LOSER_WAREHOUSE,flip_counterfactual,PAIR_TWO_SIDED_GRID_T075_S020_STOP_AFTER_2_PAIR_RESETS_WEEK,warehouse_losing_flip_no_new_fills,GBPNZD,406.729588,384.068509,-22.661079,-321.879905,0,508.322235,1,07F58158B846E9AB7865D3139FAAF469339B8C3A86ECE0EA6FA35CF8F9939643
PAIR_TWO_SIDED_GRID_T075_S020_STOP_AFTER_2_PAIR_RESETS_WEEK__FLIP_LOSER_WAREHOUSE,flip_counterfactual,PAIR_TWO_SIDED_GRID_T075_S020_STOP_AFTER_2_PAIR_RESETS_WEEK,warehouse_losing_flip_no_new_fills,USDCHF,402.636835,386.602055,-16.03478,-268.117074,0,487.709027,1,4A8236F2FAB37666274F4A36A041FDB02B2EC9C409777C978980F460C81FDAE5
PAIR_TWO_SIDED_GRID_T075_S020_STOP_AFTER_2_PAIR_RESETS_WEEK__FLIP_LOSER_WAREHOUSE,flip_counterfactual,PAIR_TWO_SIDED_GRID_T075_S020_STOP_AFTER_2_PAIR_RESETS_WEEK,warehouse_losing_flip_no_new_fills,EURUSD,430.626591,397.606968,-33.019623,-393.91702,0,492.209843,1,38F3A335D0871266D701B94B1C55365A2B121B6862DC03807FD2B15C2C092342
PAIR_TWO_SIDED_GRID_T075_S020_STOP_AFTER_2_PAIR_RESETS_WEEK__FLIP_LOSER_WAREHOUSE,flip_counterfactual,PAIR_TWO_SIDED_GRID_T075_S020_STOP_AFTER_2_PAIR_RESETS_WEEK,warehouse_losing_flip_no_new_fills,GBPCHF,424.558877,405.606827,-18.95205,-293.233972,0,469.758379,1,B1FC15D4721E57CFCFCF160510FEBB75BD74D8EF558BBEEC0FC486CFC4902C6A
PAIR_TWO_SIDED_GRID_T075_S020_STOP_AFTER_2_PAIR_RESETS_WEEK__FLIP_LOSER_WAREHOUSE,flip_counterfactual,PAIR_TWO_SIDED_GRID_T075_S020_STOP_AFTER_2_PAIR_RESETS_WEEK,warehouse_losing_flip_no_new_fills,AUDJPY,422.781475,422.781475,0,-190.11319,0,544.798281,0,E154FC8946A634837219F582100A7B14083CC537301DCD185DBFCF7ABB923331
PAIR_TWO_SIDED_GRID_T075_S020_STOP_AFTER_2_PAIR_RESETS_WEEK__FLIP_LOSER_WAREHOUSE,flip_counterfactual,PAIR_TWO_SIDED_GRID_T075_S020_STOP_AFTER_2_PAIR_RESETS_WEEK,warehouse_losing_flip_no_new_fills,NZDCAD,431.722641,431.722641,0,-90.712757,0,549.125743,0,932A1D89EB5C0F51735D79C743E0DC7C9EAAED2D56E87BC28A18A9212B8E0FFE
PAIR_TWO_SIDED_GRID_T075_S020_STOP_AFTER_2_PAIR_RESETS_WEEK__FLIP_LOSER_WAREHOUSE,flip_counterfactual,PAIR_TWO_SIDED_GRID_T075_S020_STOP_AFTER_2_PAIR_RESETS_WEEK,warehouse_losing_flip_no_new_fills,EURJPY,440.28776,440.28776,0,-180.800546,0,524.406085,0,315577AFC9DED2A0A68584316E01F30D3DA3FB2019BF09217E1DE870D22E4DC7
PAIR_TWO_SIDED_GRID_T075_S020_STOP_AFTER_2_PAIR_RESETS_WEEK__FLIP_LOSER_WAREHOUSE,flip_counterfactual,PAIR_TWO_SIDED_GRID_T075_S020_STOP_AFTER_2_PAIR_RESETS_WEEK,warehouse_losing_flip_no_new_fills,NZDJPY,465.869903,448.634701,-17.235202,-113.171604,0,534.112427,1,B922EB0C0B2B57CD1DC944C6FB7CE0DF80FF68FA40BD8EA33889A05C83A1A1FF
PAIR_TWO_SIDED_GRID_T075_S020_STOP_AFTER_2_PAIR_RESETS_WEEK__FLIP_LOSER_WAREHOUSE,flip_counterfactual,PAIR_TWO_SIDED_GRID_T075_S020_STOP_AFTER_2_PAIR_RESETS_WEEK,warehouse_losing_flip_no_new_fills,EURNZD,465.196004,465.196004,0,-262.281736,0,527.199364,0,C196F5AC7607B06BF543109171B911FC53EBB5CAAF84446BA1CADCCC4E591ABA
PAIR_TWO_SIDED_GRID_T075_S020_STOP_AFTER_2_PAIR_RESETS_WEEK__FLIP_LOSER_WAREHOUSE,flip_counterfactual,PAIR_TWO_SIDED_GRID_T075_S020_STOP_AFTER_2_PAIR_RESETS_WEEK,warehouse_losing_flip_no_new_fills,EURGBP,483.491165,479.884307,-3.606858,-424.056209,0,501.112597,1,3441FC43870C3020D92C332913C1DE0AA7AEDA74A7F3E72AE8B1903DA8045698
PAIR_TWO_SIDED_GRID_T075_S020_STOP_AFTER_2_PAIR_RESETS_WEEK__FLIP_LOSER_WAREHOUSE,flip_counterfactual,PAIR_TWO_SIDED_GRID_T075_S020_STOP_AFTER_2_PAIR_RESETS_WEEK,warehouse_losing_flip_no_new_fills,EURAUD,483.381754,483.381754,0,-275.345544,0,517.704555,0,E8A7DE92BF6E6AACE1132F4177E4C91594F8D2533B900E850450AAEF577F05AD
PAIR_TWO_SIDED_GRID_T075_S020_STOP_AFTER_2_PAIR_RESETS_WEEK__FLIP_LOSER_WAREHOUSE,flip_counterfactual,PAIR_TWO_SIDED_GRID_T075_S020_STOP_AFTER_2_PAIR_RESETS_WEEK,warehouse_losing_flip_no_new_fills,CADCHF,496.225836,496.225836,0,-72.747773,0,524.505341,0,EEC6104300E3B91131D49826E4757821C503C4FBC3164D0D33E6BE7ACDE2018C
PAIR_TWO_SIDED_GRID_T075_S020_STOP_AFTER_2_PAIR_RESETS_WEEK__FLIP_LOSER_WAREHOUSE,flip_counterfactual,PAIR_TWO_SIDED_GRID_T075_S020_STOP_AFTER_2_PAIR_RESETS_WEEK,warehouse_losing_flip_no_new_fills,CHFJPY,509.420879,509.420879,0,-222.166269,0,508.999348,0,70B7804206E0B45C6AAC31D2DC78A00E792552176E8BD68340A0657BEA459989
PAIR_TWO_SIDED_GRID_T075_S020_STOP_AFTER_2_PAIR_RESETS_WEEK__FLIP_LOSER_WAREHOUSE,flip_counterfactual,PAIR_TWO_SIDED_GRID_T075_S020_STOP_AFTER_2_PAIR_RESETS_WEEK,warehouse_losing_flip_no_new_fills,NZDCHF,510.162204,510.162204,0,-98.388683,0,563.89528,0,D62639332ADA7171A37684800E703EA45BFF1D1FA4E98A63C2FE1450395710A5
PAIR_TWO_SIDED_GRID_T075_S020_STOP_AFTER_2_PAIR_RESETS_WEEK__FLIP_LOSER_WAREHOUSE,flip_counterfactual,PAIR_TWO_SIDED_GRID_T075_S020_STOP_AFTER_2_PAIR_RESETS_WEEK,warehouse_losing_flip_no_new_fills,EURCAD,515.936723,515.936723,0,-197.765045,0,515.601491,0,9D016087F3E8DB1BD16014F9ABA94A0FE0E811865C0DD420C11FCC650C93B6E9
PAIR_TWO_SIDED_GRID_T075_S020_STOP_AFTER_2_PAIR_RESETS_WEEK__NO_FLIP_FORCE_DIAGNOSTIC,flip_counterfactual,PAIR_TWO_SIDED_GRID_T075_S020_STOP_AFTER_2_PAIR_RESETS_WEEK,no_flip_force_no_new_fills,AUDNZD,471.270567,-1004.457958,-1475.728525,-1626.26378,0,470.498674,3,F9D84974BD0CF93D10214462522707663903312A7599262B77103C78CC616778
PAIR_TWO_SIDED_GRID_T075_S020_STOP_AFTER_2_PAIR_RESETS_WEEK__NO_FLIP_FORCE_DIAGNOSTIC,flip_counterfactual,PAIR_TWO_SIDED_GRID_T075_S020_STOP_AFTER_2_PAIR_RESETS_WEEK,no_flip_force_no_new_fills,EURJPY,537.705771,-421.636544,-959.342315,-1011.15601,0,524.406085,1,65086BFA3E2C9979BC4A547E573786F451791577602537467CFA3DBDE5F12DC5
PAIR_TWO_SIDED_GRID_T075_S020_STOP_AFTER_2_PAIR_RESETS_WEEK__NO_FLIP_FORCE_DIAGNOSTIC,flip_counterfactual,PAIR_TWO_SIDED_GRID_T075_S020_STOP_AFTER_2_PAIR_RESETS_WEEK,no_flip_force_no_new_fills,AUDCAD,562.213898,-103.886741,-666.100639,-773.278998,0,561.47153,1,5F4AC4F4860041593284868A3CF8664CF9DBCF686CCBAEA835EB3B4B1517AABC
PAIR_TWO_SIDED_GRID_T075_S020_STOP_AFTER_2_PAIR_RESETS_WEEK__NO_FLIP_FORCE_DIAGNOSTIC,flip_counterfactual,PAIR_TWO_SIDED_GRID_T075_S020_STOP_AFTER_2_PAIR_RESETS_WEEK,no_flip_force_no_new_fills,AUDCHF,500.525661,89.274014,-411.251647,-823.830695,0,500.225409,1,2DB3BC34E69CBBE8F0FB68B1E0176DC5F463418ACEB89F587D3B823C8A7CA1B3
PAIR_TWO_SIDED_GRID_T075_S020_STOP_AFTER_2_PAIR_RESETS_WEEK__NO_FLIP_FORCE_DIAGNOSTIC,flip_counterfactual,PAIR_TWO_SIDED_GRID_T075_S020_STOP_AFTER_2_PAIR_RESETS_WEEK,no_flip_force_no_new_fills,NZDUSD,517.643072,365.559601,-152.083471,-308.43111,0,516.413906,2,91FA2AA2C54AF23FE1B14BA3DAD26A361F3F295E098EFC017A5ACFD39D40813A
PAIR_TWO_SIDED_GRID_T075_S020_STOP_AFTER_2_PAIR_RESETS_WEEK__NO_FLIP_FORCE_DIAGNOSTIC,flip_counterfactual,PAIR_TWO_SIDED_GRID_T075_S020_STOP_AFTER_2_PAIR_RESETS_WEEK,no_flip_force_no_new_fills,AUDJPY,547.397975,391.621936,-155.776039,-280.457184,0,544.798281,1,4CAA5F5938B1A23412854BD89CC011CA4BAB2FB9C86E23718D2A85D618FDBE2E
PAIR_TWO_SIDED_GRID_T075_S020_STOP_AFTER_2_PAIR_RESETS_WEEK__NO_FLIP_FORCE_DIAGNOSTIC,flip_counterfactual,PAIR_TWO_SIDED_GRID_T075_S020_STOP_AFTER_2_PAIR_RESETS_WEEK,no_flip_force_no_new_fills,EURCHF,422.502896,422.502896,0,-972.863432,0,419.963169,0,6DF0EBBD91BED37642DDC67EDCF4F1BDC1A4EB6263FFBE4BD86F173029FC4818
PAIR_TWO_SIDED_GRID_T075_S020_STOP_AFTER_2_PAIR_RESETS_WEEK__NO_FLIP_FORCE_DIAGNOSTIC,flip_counterfactual,PAIR_TWO_SIDED_GRID_T075_S020_STOP_AFTER_2_PAIR_RESETS_WEEK,no_flip_force_no_new_fills,NZDCAD,550.388823,426.628659,-123.760164,-217.692386,0,549.125743,1,BEED010205DF343E22576D7F0B1E1225E8E943398344EE6528ACE34DED9DE2F2
PAIR_TWO_SIDED_GRID_T075_S020_STOP_AFTER_2_PAIR_RESETS_WEEK__NO_FLIP_FORCE_DIAGNOSTIC,flip_counterfactual,PAIR_TWO_SIDED_GRID_T075_S020_STOP_AFTER_2_PAIR_RESETS_WEEK,no_flip_force_no_new_fills,USDCAD,523.840822,441.333343,-82.507479,-464.823415,0,519.688795,1,24CB0BC3DEB49FF45CD7E9B59D798589C94EF9D9540E3BEC39CFA57381034D28
PAIR_TWO_SIDED_GRID_T075_S020_STOP_AFTER_2_PAIR_RESETS_WEEK__NO_FLIP_FORCE_DIAGNOSTIC,flip_counterfactual,PAIR_TWO_SIDED_GRID_T075_S020_STOP_AFTER_2_PAIR_RESETS_WEEK,no_flip_force_no_new_fills,GBPCHF,469.94393,450.99188,-18.95205,-336.453707,0,469.758379,1,C697725A60E1D39BB94A81511418A61814346E00466F34A6EFFB5D5F3F868090
PAIR_TWO_SIDED_GRID_T075_S020_STOP_AFTER_2_PAIR_RESETS_WEEK__NO_FLIP_FORCE_DIAGNOSTIC,flip_counterfactual,PAIR_TWO_SIDED_GRID_T075_S020_STOP_AFTER_2_PAIR_RESETS_WEEK,no_flip_force_no_new_fills,EURUSD,494.742834,461.723211,-33.019623,-393.91702,0,492.209843,1,8A9F18AB4DE209061A65162C8EC66118C580BC4AA106468326B5D1ED60ECB4A1
PAIR_TWO_SIDED_GRID_T075_S020_STOP_AFTER_2_PAIR_RESETS_WEEK__NO_FLIP_FORCE_DIAGNOSTIC,flip_counterfactual,PAIR_TWO_SIDED_GRID_T075_S020_STOP_AFTER_2_PAIR_RESETS_WEEK,no_flip_force_no_new_fills,GBPAUD,467.683483,467.683483,0,-341.885585,0,466.264788,0,CF2AF4DE07EF1095AB02AA5FEB0656A334994659A3E7EB68FB40773BE36985D2
PAIR_TWO_SIDED_GRID_T075_S020_STOP_AFTER_2_PAIR_RESETS_WEEK__NO_FLIP_FORCE_DIAGNOSTIC,flip_counterfactual,PAIR_TWO_SIDED_GRID_T075_S020_STOP_AFTER_2_PAIR_RESETS_WEEK,no_flip_force_no_new_fills,GBPJPY,481.541056,472.464213,-9.076843,-838.105417,0,479.424343,1,A1C8A6B1D792E7C29A7AAD4CFBC12BB3A02695CFFBA64CBCE5E1933C11A2CF47
PAIR_TWO_SIDED_GRID_T075_S020_STOP_AFTER_2_PAIR_RESETS_WEEK__NO_FLIP_FORCE_DIAGNOSTIC,flip_counterfactual,PAIR_TWO_SIDED_GRID_T075_S020_STOP_AFTER_2_PAIR_RESETS_WEEK,no_flip_force_no_new_fills,USDCHF,489.956278,473.921498,-16.03478,-268.117074,0,487.709027,1,DE4DAE1CD944648D2226F870698B811B9D6917371C43740EED3C0F887B71A923
PAIR_TWO_SIDED_GRID_T075_S020_STOP_AFTER_2_PAIR_RESETS_WEEK__NO_FLIP_FORCE_DIAGNOSTIC,flip_counterfactual,PAIR_TWO_SIDED_GRID_T075_S020_STOP_AFTER_2_PAIR_RESETS_WEEK,no_flip_force_no_new_fills,GBPCAD,484.266136,484.266136,0,-476.127162,0,483.626429,0,2118BE2A70E01BCB4546592DF0BA50AC61E33DD2BEB0BBBB61C56658E5ED5F35
PAIR_TWO_SIDED_GRID_T075_S020_STOP_AFTER_2_PAIR_RESETS_WEEK__NO_FLIP_FORCE_DIAGNOSTIC,flip_counterfactual,PAIR_TWO_SIDED_GRID_T075_S020_STOP_AFTER_2_PAIR_RESETS_WEEK,no_flip_force_no_new_fills,GBPNZD,516.937291,494.276212,-22.661079,-321.879905,0,508.322235,1,5102CF38C1654E1012F828AFD8B0529EB093020793861143751354C0C2ED26D5
PAIR_TWO_SIDED_GRID_T075_S020_STOP_AFTER_2_PAIR_RESETS_WEEK__NO_FLIP_FORCE_DIAGNOSTIC,flip_counterfactual,PAIR_TWO_SIDED_GRID_T075_S020_STOP_AFTER_2_PAIR_RESETS_WEEK,no_flip_force_no_new_fills,EURGBP,501.39662,497.789762,-3.606858,-424.056209,0,501.112597,1,45B531E11950E41FA23465F42B0EE6A29713C81B31544A3669CC52CB14C34A3B
PAIR_TWO_SIDED_GRID_T075_S020_STOP_AFTER_2_PAIR_RESETS_WEEK__NO_FLIP_FORCE_DIAGNOSTIC,flip_counterfactual,PAIR_TWO_SIDED_GRID_T075_S020_STOP_AFTER_2_PAIR_RESETS_WEEK,no_flip_force_no_new_fills,CHFJPY,509.420879,509.420879,0,-222.166269,0,508.999348,0,27B85CC119A289F31D19CB816990CA8E371C8255879281C4ABCA63AD144118BF
PAIR_TWO_SIDED_GRID_T075_S020_STOP_AFTER_2_PAIR_RESETS_WEEK__NO_FLIP_FORCE_DIAGNOSTIC,flip_counterfactual,PAIR_TWO_SIDED_GRID_T075_S020_STOP_AFTER_2_PAIR_RESETS_WEEK,no_flip_force_no_new_fills,USDJPY,527.031249,515.026785,-12.004464,-297.594069,0,524.248544,1,FEACAB39F09C6EC9B32B033C4D6E851F31A60908BF702DC5232148118D2AC123
PAIR_TWO_SIDED_GRID_T075_S020_STOP_AFTER_2_PAIR_RESETS_WEEK__NO_FLIP_FORCE_DIAGNOSTIC,flip_counterfactual,PAIR_TWO_SIDED_GRID_T075_S020_STOP_AFTER_2_PAIR_RESETS_WEEK,no_flip_force_no_new_fills,EURCAD,515.936723,515.936723,0,-197.765045,0,515.601491,0,EB3AF1147ABF3DA6F58D284B01A519DBC59E1418546B2F3BD5B07B7B77AE4287
PAIR_TWO_SIDED_GRID_T075_S020_STOP_AFTER_2_PAIR_RESETS_WEEK__NO_FLIP_FORCE_DIAGNOSTIC,flip_counterfactual,PAIR_TWO_SIDED_GRID_T075_S020_STOP_AFTER_2_PAIR_RESETS_WEEK,no_flip_force_no_new_fills,EURAUD,518.334835,518.334835,0,-344.382103,0,517.704555,0,985883CC11C1D56C2AB2309A5CAAF54B0BBA334A0E5C6D0CB9B9C2DED7842509
PAIR_TWO_SIDED_GRID_T075_S020_STOP_AFTER_2_PAIR_RESETS_WEEK__NO_FLIP_FORCE_DIAGNOSTIC,flip_counterfactual,PAIR_TWO_SIDED_GRID_T075_S020_STOP_AFTER_2_PAIR_RESETS_WEEK,no_flip_force_no_new_fills,NZDJPY,538.399318,521.164116,-17.235202,-113.171604,0,534.112427,1,3E67AAC9E4AFB09EF48313DABFA6A24B453B25682879EFD79D489756C0A8EA31
PAIR_TWO_SIDED_GRID_T075_S020_STOP_AFTER_2_PAIR_RESETS_WEEK__NO_FLIP_FORCE_DIAGNOSTIC,flip_counterfactual,PAIR_TWO_SIDED_GRID_T075_S020_STOP_AFTER_2_PAIR_RESETS_WEEK,no_flip_force_no_new_fills,AUDUSD,523.28058,523.28058,0,-564.261549,0,511.855661,0,1F38332BD0927A4F3B7E60039A67A752026E2C3C67086ABB80F208B98224817E
PAIR_TWO_SIDED_GRID_T075_S020_STOP_AFTER_2_PAIR_RESETS_WEEK__NO_FLIP_FORCE_DIAGNOSTIC,flip_counterfactual,PAIR_TWO_SIDED_GRID_T075_S020_STOP_AFTER_2_PAIR_RESETS_WEEK,no_flip_force_no_new_fills,CADCHF,525.849796,525.849796,0,-72.747773,0,524.505341,0,DF849980B18327403F6C6788AEB17A9E98237BD70A0C160365D236DAE1F7381C
PAIR_TWO_SIDED_GRID_T075_S020_STOP_AFTER_2_PAIR_RESETS_WEEK__NO_FLIP_FORCE_DIAGNOSTIC,flip_counterfactual,PAIR_TWO_SIDED_GRID_T075_S020_STOP_AFTER_2_PAIR_RESETS_WEEK,no_flip_force_no_new_fills,EURNZD,527.875438,527.875438,0,-262.281736,0,527.199364,0,660BF669EDB045750608729EA8BF6C77ACAFECE82D92146627DBE8800BF67C38
PAIR_TWO_SIDED_GRID_T075_S020_STOP_AFTER_2_PAIR_RESETS_WEEK__NO_FLIP_FORCE_DIAGNOSTIC,flip_counterfactual,PAIR_TWO_SIDED_GRID_T075_S020_STOP_AFTER_2_PAIR_RESETS_WEEK,no_flip_force_no_new_fills,GBPUSD,528.407199,528.407199,0,-397.152394,0,526.495585,0,A1259682C6CC80B014D2375963962530AF47362E4E3E1F732FC5456B10F3BBD1
PAIR_TWO_SIDED_GRID_T075_S020_STOP_AFTER_2_PAIR_RESETS_WEEK__NO_FLIP_FORCE_DIAGNOSTIC,flip_counterfactual,PAIR_TWO_SIDED_GRID_T075_S020_STOP_AFTER_2_PAIR_RESETS_WEEK,no_flip_force_no_new_fills,CADJPY,553.716778,553.716778,0,-299.629562,0,530.547896,0,09739F0DF8A9CF7B5EC6AB0B13F944B4AF433FFEC1B4DD54A408697D41BF63B3
PAIR_TWO_SIDED_GRID_T075_S020_STOP_AFTER_2_PAIR_RESETS_WEEK__NO_FLIP_FORCE_DIAGNOSTIC,flip_counterfactual,PAIR_TWO_SIDED_GRID_T075_S020_STOP_AFTER_2_PAIR_RESETS_WEEK,no_flip_force_no_new_fills,NZDCHF,564.016529,564.016529,0,-98.388683,0,563.89528,0,1F40A70C78AE78BF65D4C92E27071178D6BE6FFFD6E6541CFECBAD006F3AC330
PAIR_TWO_SIDED_GRID_T075_S020_STOP_AFTER_3_PAIR_RESETS_WEEK,pair_reset_limit,,current_forced_flip_close,AUDNZD,144.739062,-1928.811113,-2073.550175,-2433.839303,-424.521597,569.089602,1,EB74CE213312A5D697F495D13D4F3BC8D565A1D2D2378817FFAF2E8FBC04D885
PAIR_TWO_SIDED_GRID_T075_S020_STOP_AFTER_3_PAIR_RESETS_WEEK,pair_reset_limit,,current_forced_flip_close,USDCAD,339.64825,257.140771,-82.507479,-173.931566,-361.578834,700.360663,1,ACB3E63C796161B18E09054647A83EF8DDE62DF013D43486FAA5938B82DB13D6
PAIR_TWO_SIDED_GRID_T075_S020_STOP_AFTER_3_PAIR_RESETS_WEEK,pair_reset_limit,,current_forced_flip_close,AUDCAD,277.031677,277.031677,0,-436.142052,-470.988064,747.195502,0,825ACFB568524C1EEFD75B141EF0416DBD885138DA1C53A2166FB5DA12A7109C
PAIR_TWO_SIDED_GRID_T075_S020_STOP_AFTER_3_PAIR_RESETS_WEEK,pair_reset_limit,,current_forced_flip_close,GBPUSD,318.458576,318.458576,0,-397.152394,-367.174698,685.633274,0,8DC8F607B4BE156D309C9E8E187CE6FF9FDBADF139304F8F3C96AE5453C4F5A3
PAIR_TWO_SIDED_GRID_T075_S020_STOP_AFTER_3_PAIR_RESETS_WEEK,pair_reset_limit,,current_forced_flip_close,AUDCHF,359.629894,359.448275,-0.181619,-286.746912,-328.846679,687.97857,1,51CE4316D65873E6908EB361C1C9E39B412A2A51E5ACF152A78410FB6481B6BB
PAIR_TWO_SIDED_GRID_T075_S020_STOP_AFTER_3_PAIR_RESETS_WEEK,pair_reset_limit,,current_forced_flip_close,NZDUSD,383.710195,364.205237,-19.504958,-308.43111,-290.551938,674.262133,1,90D81345EB6B02618465A5A82202B9597E3DC811E3BE861C5E6763B188EAC986
PAIR_TWO_SIDED_GRID_T075_S020_STOP_AFTER_3_PAIR_RESETS_WEEK,pair_reset_limit,,current_forced_flip_close,GBPJPY,381.870371,372.793528,-9.076843,-838.105417,-271.011219,651.86753,1,175B1397E9FEC883F6D32E5F3C05DF14C6D3389BB00E84DA243C0D7C4C1B0D3D
PAIR_TWO_SIDED_GRID_T075_S020_STOP_AFTER_3_PAIR_RESETS_WEEK,pair_reset_limit,,current_forced_flip_close,AUDUSD,401.135957,401.135957,0,-266.256209,-262.912202,664.048159,0,DAB0D4866C0A11BFC4145313EE222F13551307CC079E4CF2AAEB6311B04C2C39
PAIR_TWO_SIDED_GRID_T075_S020_STOP_AFTER_3_PAIR_RESETS_WEEK,pair_reset_limit,,current_forced_flip_close,USDJPY,422.595187,410.590723,-12.004464,-297.594069,-260.978997,683.066766,1,7E12B69810CDF4665A091AA719414E1F9BF3DA417CCE21A3CBB65B9A2157E7AF
PAIR_TWO_SIDED_GRID_T075_S020_STOP_AFTER_3_PAIR_RESETS_WEEK,pair_reset_limit,,current_forced_flip_close,GBPCAD,430.622242,430.686299,0.064057,-597.628175,-188.393169,618.951488,1,835C6D786EE0C3B9EE696594349DF92FF177E585CF1D315AB59A7A88EC974F8E
PAIR_TWO_SIDED_GRID_T075_S020_STOP_AFTER_3_PAIR_RESETS_WEEK,pair_reset_limit,,current_forced_flip_close,GBPAUD,449.845004,449.845004,0,-341.885585,-201.986125,650.866311,0,CAC7E60E6B1D16693ED628618792EDCDB47C28B8B0E25C634F9C084AB58C1D48
PAIR_TWO_SIDED_GRID_T075_S020_STOP_AFTER_3_PAIR_RESETS_WEEK,pair_reset_limit,,current_forced_flip_close,EURCHF,452.146134,452.146134,0,-972.863432,-103.283018,553.672301,0,6F88DDBA0DABD7B3F6FF56B9CCB82B67C00B961B21C1DBE4BD8736CC10007F25
PAIR_TWO_SIDED_GRID_T075_S020_STOP_AFTER_3_PAIR_RESETS_WEEK,pair_reset_limit,,current_forced_flip_close,CADJPY,470.929771,470.929771,0,-218.552469,-250.286748,699.125849,0,22682A2C95FB7EBB37AD6D20EEAFD1D59008ABFBBDDEFB234B32EB636AB55AD4
PAIR_TWO_SIDED_GRID_T075_S020_STOP_AFTER_3_PAIR_RESETS_WEEK,pair_reset_limit,,current_forced_flip_close,GBPCHF,528.36906,509.468051,-18.901009,-293.233972,-109.107854,637.476914,1,FE870F2895174E5B90B7A421B26B760EC561E6E4D4356DE175DDAF2F471895E7
PAIR_TWO_SIDED_GRID_T075_S020_STOP_AFTER_3_PAIR_RESETS_WEEK,pair_reset_limit,,current_forced_flip_close,USDCHF,536.643415,520.608635,-16.03478,-268.117074,-115.38668,652.016529,1,59D75E5D10AA9AC1E9319E5541656574E6A3705F88E1ED1115D16ECFE4523E5D
PAIR_TWO_SIDED_GRID_T075_S020_STOP_AFTER_3_PAIR_RESETS_WEEK,pair_reset_limit,,current_forced_flip_close,EURUSD,561.290021,528.270398,-33.019623,-393.91702,-54.90154,615.756952,1,79FBEB42E041DBE25587F183D27D8EDD4015A500ACB88F2D9120D3B6912A9C34
PAIR_TWO_SIDED_GRID_T075_S020_STOP_AFTER_3_PAIR_RESETS_WEEK,pair_reset_limit,,current_forced_flip_close,EURJPY,539.104814,539.104814,0,-734.310362,-94.183871,632.904398,0,C659BC5F3F8BD67F555FB7E3D6E87962A441F4C13B7AA8D70589DA89A3174B6D
PAIR_TWO_SIDED_GRID_T075_S020_STOP_AFTER_3_PAIR_RESETS_WEEK,pair_reset_limit,,current_forced_flip_close,GBPNZD,564.117068,541.455989,-22.661079,-321.879905,-136.378602,700.49567,1,F8A4081BC36ED97A672A7082FE09D829A74718BA4687CA4F8FA396CEF8E8A42A
PAIR_TWO_SIDED_GRID_T075_S020_STOP_AFTER_3_PAIR_RESETS_WEEK,pair_reset_limit,,current_forced_flip_close,NZDCAD,585.407734,585.407734,0,-90.712757,-167.610078,752.493337,0,67DDE7FC220B69517670E795ECE1F1D920C82D2B243C17FB52E7089645730EBD
PAIR_TWO_SIDED_GRID_T075_S020_STOP_AFTER_3_PAIR_RESETS_WEEK,pair_reset_limit,,current_forced_flip_close,EURGBP,609.007022,605.400164,-3.606858,-424.056209,-43.405185,652.122525,1,74E7E9FFC1C15EF52CB08112BE7B5B7FDC9D7ACC6A14E84339AB8022C8A6D0CB
PAIR_TWO_SIDED_GRID_T075_S020_STOP_AFTER_3_PAIR_RESETS_WEEK,pair_reset_limit,,current_forced_flip_close,EURAUD,607.236578,607.236578,0,-275.345544,-101.452394,707.755709,0,9B77983C8792FE4DD392F22E8AAD53D5AE3346E9FA694182379126721698B73D
PAIR_TWO_SIDED_GRID_T075_S020_STOP_AFTER_3_PAIR_RESETS_WEEK,pair_reset_limit,,current_forced_flip_close,EURNZD,629.602135,629.602135,0,-262.281736,-107.915157,737.291532,0,633E82A60FBB984DED422905019AC624DB5DE1403EB5479EC2CB0CA3B4179D90
PAIR_TWO_SIDED_GRID_T075_S020_STOP_AFTER_3_PAIR_RESETS_WEEK,pair_reset_limit,,current_forced_flip_close,NZDJPY,654.175911,636.940709,-17.235202,-136.676807,-97.180433,747.676879,1,DC5B967F1DCE1269B039BFA50ED2530FF08EAF1137728AF49EE81043F6C4EDFF
PAIR_TWO_SIDED_GRID_T075_S020_STOP_AFTER_3_PAIR_RESETS_WEEK,pair_reset_limit,,current_forced_flip_close,AUDJPY,643.746253,643.746253,0,-190.11319,-110.521471,753.306762,0,02F622DF60F2F9D9B3A148EDE007815C19ABC89C5045FC8C6B46395C5EEABCD5
PAIR_TWO_SIDED_GRID_T075_S020_STOP_AFTER_3_PAIR_RESETS_WEEK,pair_reset_limit,,current_forced_flip_close,EURCAD,658.451142,658.451142,0,-197.765045,-44.186609,702.560079,0,EDA575FD191CF4DA75022168CA684432C56FBF7084468A62412FADF4BC7CE52A
PAIR_TWO_SIDED_GRID_T075_S020_STOP_AFTER_3_PAIR_RESETS_WEEK,pair_reset_limit,,current_forced_flip_close,CADCHF,661.256203,661.256203,0,-102.166208,-84.639783,741.967018,0,A6F4D6099816005A9CE4555C4CC2B4D3E141F48DA18679D270FAFCF0A850628D
PAIR_TWO_SIDED_GRID_T075_S020_STOP_AFTER_3_PAIR_RESETS_WEEK,pair_reset_limit,,current_forced_flip_close,CHFJPY,669.200973,669.200973,0,-222.166269,-23.363519,692.564492,0,5FD989CBB47DA2816185F27AB1FE44EC4E0DDEFFBBD78975976EC25CE48028B3
PAIR_TWO_SIDED_GRID_T075_S020_STOP_AFTER_3_PAIR_RESETS_WEEK,pair_reset_limit,,current_forced_flip_close,NZDCHF,741.976884,741.976884,0,-98.388683,-59.525931,801.378235,0,0187891E36BD47726072290C9DC76772E97C1FD7418805DB787D0776A73DF443
PAIR_TWO_SIDED_GRID_T075_S020_STOP_AFTER_3_PAIR_RESETS_WEEK__FLIP_CLOSE_SMALL_LOSS_WAREHOUSE_GT3ADR,flip_counterfactual,PAIR_TWO_SIDED_GRID_T075_S020_STOP_AFTER_3_PAIR_RESETS_WEEK,close_small_loss_warehouse_large_loss,AUDNZD,148.748999,-1924.801176,-2073.550175,-2433.839303,-0.720115,569.089602,1,44B7B8D3DD02B05A7D4E122B4266995DCE20582EC49C6E082A72C22734A1AFD5
PAIR_TWO_SIDED_GRID_T075_S020_STOP_AFTER_3_PAIR_RESETS_WEEK__FLIP_CLOSE_SMALL_LOSS_WAREHOUSE_GT3ADR,flip_counterfactual,PAIR_TWO_SIDED_GRID_T075_S020_STOP_AFTER_3_PAIR_RESETS_WEEK,close_small_loss_warehouse_large_loss,USDCAD,337.170808,254.663329,-82.507479,-173.931566,-2.553467,700.360663,1,9A115EA1EA347EC92A78A6BFDE482A7A5B825F57A51A89CA05462C5EE3F70DDF
PAIR_TWO_SIDED_GRID_T075_S020_STOP_AFTER_3_PAIR_RESETS_WEEK__FLIP_CLOSE_SMALL_LOSS_WAREHOUSE_GT3ADR,flip_counterfactual,PAIR_TWO_SIDED_GRID_T075_S020_STOP_AFTER_3_PAIR_RESETS_WEEK,close_small_loss_warehouse_large_loss,AUDCAD,259.193842,259.193842,0,-436.142052,-4.403137,747.195502,0,660493DF5AE958344177CF52EDFA16E431869F9BE0413E3BAFF67903F951792E
PAIR_TWO_SIDED_GRID_T075_S020_STOP_AFTER_3_PAIR_RESETS_WEEK__FLIP_CLOSE_SMALL_LOSS_WAREHOUSE_GT3ADR,flip_counterfactual,PAIR_TWO_SIDED_GRID_T075_S020_STOP_AFTER_3_PAIR_RESETS_WEEK,close_small_loss_warehouse_large_loss,GBPUSD,312.239927,312.239927,0,-397.152394,-4.474651,685.633274,0,14F345E166138D4476D560F0AFC562EC1FDF3E762D12B8FEE8AA43FD7F5CDB77
PAIR_TWO_SIDED_GRID_T075_S020_STOP_AFTER_3_PAIR_RESETS_WEEK__FLIP_CLOSE_SMALL_LOSS_WAREHOUSE_GT3ADR,flip_counterfactual,PAIR_TWO_SIDED_GRID_T075_S020_STOP_AFTER_3_PAIR_RESETS_WEEK,close_small_loss_warehouse_large_loss,AUDCHF,352.090839,351.90922,-0.181619,-286.746912,-1.895307,687.97857,1,65C195934C70020E2B0BA1486A37700B5CE54519B1A58C47BF94FB61A8406EEA
PAIR_TWO_SIDED_GRID_T075_S020_STOP_AFTER_3_PAIR_RESETS_WEEK__FLIP_CLOSE_SMALL_LOSS_WAREHOUSE_GT3ADR,flip_counterfactual,PAIR_TWO_SIDED_GRID_T075_S020_STOP_AFTER_3_PAIR_RESETS_WEEK,close_small_loss_warehouse_large_loss,NZDUSD,378.662179,359.157221,-19.504958,-308.43111,-2.940061,674.262133,1,E3D17896AB5F3C1F59DC187E707F011AC3FA99324B59CDA2D640B14643C24872
PAIR_TWO_SIDED_GRID_T075_S020_STOP_AFTER_3_PAIR_RESETS_WEEK__FLIP_CLOSE_SMALL_LOSS_WAREHOUSE_GT3ADR,flip_counterfactual,PAIR_TWO_SIDED_GRID_T075_S020_STOP_AFTER_3_PAIR_RESETS_WEEK,close_small_loss_warehouse_large_loss,AUDUSD,394.173572,394.173572,0,-266.256209,-4.598287,664.048159,0,D59588563E4C15680E4E236513DF9A2437EBCC11CD727BFF47F88E0A0D34035D
PAIR_TWO_SIDED_GRID_T075_S020_STOP_AFTER_3_PAIR_RESETS_WEEK__FLIP_CLOSE_SMALL_LOSS_WAREHOUSE_GT3ADR,flip_counterfactual,PAIR_TWO_SIDED_GRID_T075_S020_STOP_AFTER_3_PAIR_RESETS_WEEK,close_small_loss_warehouse_large_loss,USDJPY,416.698868,404.694404,-12.004464,-297.594069,-4.397994,683.066766,1,3DD5DACC2DE3E83A3CBAC4C074CBE3115EA69A03B9B927708C2078E9A7E15ECE
PAIR_TWO_SIDED_GRID_T075_S020_STOP_AFTER_3_PAIR_RESETS_WEEK__FLIP_CLOSE_SMALL_LOSS_WAREHOUSE_GT3ADR,flip_counterfactual,PAIR_TWO_SIDED_GRID_T075_S020_STOP_AFTER_3_PAIR_RESETS_WEEK,close_small_loss_warehouse_large_loss,GBPJPY,422.988651,413.911808,-9.076843,-838.105417,-1.614544,651.86753,1,3BF3C445B6084EBE125A02A0C85026BA2F79F1B461C921EC5644F4E4AECC7B8D
PAIR_TWO_SIDED_GRID_T075_S020_STOP_AFTER_3_PAIR_RESETS_WEEK__FLIP_CLOSE_SMALL_LOSS_WAREHOUSE_GT3ADR,flip_counterfactual,PAIR_TWO_SIDED_GRID_T075_S020_STOP_AFTER_3_PAIR_RESETS_WEEK,close_small_loss_warehouse_large_loss,GBPCAD,424.399252,424.463309,0.064057,-597.628175,-3.755833,618.951488,1,BB47AECC081B18DC6BD6A0CA284593F6063DE1CCD0390458E7A64A4245E67A92
PAIR_TWO_SIDED_GRID_T075_S020_STOP_AFTER_3_PAIR_RESETS_WEEK__FLIP_CLOSE_SMALL_LOSS_WAREHOUSE_GT3ADR,flip_counterfactual,PAIR_TWO_SIDED_GRID_T075_S020_STOP_AFTER_3_PAIR_RESETS_WEEK,close_small_loss_warehouse_large_loss,GBPAUD,446.22528,446.22528,0,-341.885585,-0.845942,650.866311,0,553F9207068A9B8D80F585DE92DB3B370D460A0F1C03BF321DBF4CD198C1A89B
PAIR_TWO_SIDED_GRID_T075_S020_STOP_AFTER_3_PAIR_RESETS_WEEK__FLIP_CLOSE_SMALL_LOSS_WAREHOUSE_GT3ADR,flip_counterfactual,PAIR_TWO_SIDED_GRID_T075_S020_STOP_AFTER_3_PAIR_RESETS_WEEK,close_small_loss_warehouse_large_loss,CADJPY,469.683174,469.683174,0,-218.552469,-2.118852,699.125849,0,999CEB14126461FEBE5444BC8B1CBCCD5A24C22521183EE6A8E9736AF1D3C852
PAIR_TWO_SIDED_GRID_T075_S020_STOP_AFTER_3_PAIR_RESETS_WEEK__FLIP_CLOSE_SMALL_LOSS_WAREHOUSE_GT3ADR,flip_counterfactual,PAIR_TWO_SIDED_GRID_T075_S020_STOP_AFTER_3_PAIR_RESETS_WEEK,close_small_loss_warehouse_large_loss,EURCHF,477.174769,477.174769,0,-972.863432,-0.851352,553.672301,0,7D0AC319F2E830ACB2E5FC9518903D7E0B352C997843310C0EC5573DA2C948BF
PAIR_TWO_SIDED_GRID_T075_S020_STOP_AFTER_3_PAIR_RESETS_WEEK__FLIP_CLOSE_SMALL_LOSS_WAREHOUSE_GT3ADR,flip_counterfactual,PAIR_TWO_SIDED_GRID_T075_S020_STOP_AFTER_3_PAIR_RESETS_WEEK,close_small_loss_warehouse_large_loss,GBPCHF,526.811749,507.91074,-18.901009,-293.233972,0,637.476914,1,2D4E4D3585F729C1D37FA5C6DCCE6DE6CC983D63FC09388B8AC7F8F73507B329
PAIR_TWO_SIDED_GRID_T075_S020_STOP_AFTER_3_PAIR_RESETS_WEEK__FLIP_CLOSE_SMALL_LOSS_WAREHOUSE_GT3ADR,flip_counterfactual,PAIR_TWO_SIDED_GRID_T075_S020_STOP_AFTER_3_PAIR_RESETS_WEEK,close_small_loss_warehouse_large_loss,EURUSD,548.258367,515.238744,-33.019623,-393.91702,-6.281097,615.756952,1,6A4D3D6730313A0FE23CD7A06A9065A0140FD0A20C48F07059FC6127647F308D
PAIR_TWO_SIDED_GRID_T075_S020_STOP_AFTER_3_PAIR_RESETS_WEEK__FLIP_CLOSE_SMALL_LOSS_WAREHOUSE_GT3ADR,flip_counterfactual,PAIR_TWO_SIDED_GRID_T075_S020_STOP_AFTER_3_PAIR_RESETS_WEEK,close_small_loss_warehouse_large_loss,USDCHF,540.818979,524.784199,-16.03478,-268.117074,-0.898803,652.016529,1,D1463FD3B6D000B754FAC07270FE526BD958E95BA141E3DB194716764BC0FFD3
PAIR_TWO_SIDED_GRID_T075_S020_STOP_AFTER_3_PAIR_RESETS_WEEK__FLIP_CLOSE_SMALL_LOSS_WAREHOUSE_GT3ADR,flip_counterfactual,PAIR_TWO_SIDED_GRID_T075_S020_STOP_AFTER_3_PAIR_RESETS_WEEK,close_small_loss_warehouse_large_loss,GBPNZD,559.762091,537.101012,-22.661079,-321.879905,-5.758477,700.49567,1,CD14EEAB67ED6BD929CD3EA8DC322390F94343260E156D06C2EFDD943686F38A
PAIR_TWO_SIDED_GRID_T075_S020_STOP_AFTER_3_PAIR_RESETS_WEEK__FLIP_CLOSE_SMALL_LOSS_WAREHOUSE_GT3ADR,flip_counterfactual,PAIR_TWO_SIDED_GRID_T075_S020_STOP_AFTER_3_PAIR_RESETS_WEEK,close_small_loss_warehouse_large_loss,EURJPY,542.075019,542.075019,0,-734.310362,-6.961305,632.904398,0,B9D997E0FE47ACE140102295FE2E56DF1E6F28AF6BA1EE34CF1BC8A8CCEB5A7C
PAIR_TWO_SIDED_GRID_T075_S020_STOP_AFTER_3_PAIR_RESETS_WEEK__FLIP_CLOSE_SMALL_LOSS_WAREHOUSE_GT3ADR,flip_counterfactual,PAIR_TWO_SIDED_GRID_T075_S020_STOP_AFTER_3_PAIR_RESETS_WEEK,close_small_loss_warehouse_large_loss,NZDCAD,569.504812,569.504812,0,-90.712757,-1.989657,752.493337,0,FFCF34890D7DC446437B026FFEBB0BB1F6459A30D2B7BB5EFB5B30D16B02352C
PAIR_TWO_SIDED_GRID_T075_S020_STOP_AFTER_3_PAIR_RESETS_WEEK__FLIP_CLOSE_SMALL_LOSS_WAREHOUSE_GT3ADR,flip_counterfactual,PAIR_TWO_SIDED_GRID_T075_S020_STOP_AFTER_3_PAIR_RESETS_WEEK,close_small_loss_warehouse_large_loss,EURGBP,600.87436,597.267502,-3.606858,-424.056209,-3.632791,652.122525,1,E5FC394577640AAB3D3F954CA9A2A55D17DB3D74094E143B44BE0B8363F0979B
PAIR_TWO_SIDED_GRID_T075_S020_STOP_AFTER_3_PAIR_RESETS_WEEK__FLIP_CLOSE_SMALL_LOSS_WAREHOUSE_GT3ADR,flip_counterfactual,PAIR_TWO_SIDED_GRID_T075_S020_STOP_AFTER_3_PAIR_RESETS_WEEK,close_small_loss_warehouse_large_loss,EURAUD,621.192806,621.192806,0,-275.345544,-0.336991,707.755709,0,BB1C8E2334B54A2AF3EDFAD87B95F5289C4A6D2AD7FE7EFE15CFAE43ABE2B3E0
PAIR_TWO_SIDED_GRID_T075_S020_STOP_AFTER_3_PAIR_RESETS_WEEK__FLIP_CLOSE_SMALL_LOSS_WAREHOUSE_GT3ADR,flip_counterfactual,PAIR_TWO_SIDED_GRID_T075_S020_STOP_AFTER_3_PAIR_RESETS_WEEK,close_small_loss_warehouse_large_loss,AUDJPY,631.458354,631.458354,0,-190.11319,-0.602742,753.306762,0,4FC8DCCBA04DB9F543983FB190CE0D11FE1C534A2DC0C4D49E67273FF073E318
PAIR_TWO_SIDED_GRID_T075_S020_STOP_AFTER_3_PAIR_RESETS_WEEK__FLIP_CLOSE_SMALL_LOSS_WAREHOUSE_GT3ADR,flip_counterfactual,PAIR_TWO_SIDED_GRID_T075_S020_STOP_AFTER_3_PAIR_RESETS_WEEK,close_small_loss_warehouse_large_loss,EURNZD,635.240372,635.240372,0,-262.281736,-0.04072,737.291532,0,2E61AFBB2E3F7B6E617A79D59144A974793285C5FF6189DD7A9F861697C618D7
PAIR_TWO_SIDED_GRID_T075_S020_STOP_AFTER_3_PAIR_RESETS_WEEK__FLIP_CLOSE_SMALL_LOSS_WAREHOUSE_GT3ADR,flip_counterfactual,PAIR_TWO_SIDED_GRID_T075_S020_STOP_AFTER_3_PAIR_RESETS_WEEK,close_small_loss_warehouse_large_loss,NZDJPY,659.007423,641.772221,-17.235202,-136.676807,-5.422749,747.676879,1,5C92F469D27C67A0A87704BBF3CAE1A0FFDF66ED92BE0A491D086569FD492D67
PAIR_TWO_SIDED_GRID_T075_S020_STOP_AFTER_3_PAIR_RESETS_WEEK__FLIP_CLOSE_SMALL_LOSS_WAREHOUSE_GT3ADR,flip_counterfactual,PAIR_TWO_SIDED_GRID_T075_S020_STOP_AFTER_3_PAIR_RESETS_WEEK,close_small_loss_warehouse_large_loss,EURCAD,663.055961,663.055961,0,-197.765045,-11.847437,702.560079,0,9E547895A2FE2F38536E26F897DDA1602973204C284712C391FE8A6939D152D3
PAIR_TWO_SIDED_GRID_T075_S020_STOP_AFTER_3_PAIR_RESETS_WEEK__FLIP_CLOSE_SMALL_LOSS_WAREHOUSE_GT3ADR,flip_counterfactual,PAIR_TWO_SIDED_GRID_T075_S020_STOP_AFTER_3_PAIR_RESETS_WEEK,close_small_loss_warehouse_large_loss,CADCHF,663.980975,663.980975,0,-102.166208,-1.218591,741.967018,0,2811E06F06A7F7D402C46944132130C13EEC5A47ED300970DC8A90E0CEB303BF
PAIR_TWO_SIDED_GRID_T075_S020_STOP_AFTER_3_PAIR_RESETS_WEEK__FLIP_CLOSE_SMALL_LOSS_WAREHOUSE_GT3ADR,flip_counterfactual,PAIR_TWO_SIDED_GRID_T075_S020_STOP_AFTER_3_PAIR_RESETS_WEEK,close_small_loss_warehouse_large_loss,CHFJPY,688.957815,688.957815,0,-222.166269,-3.857794,692.564492,0,E4025BFF776D2E950D890C02AB57ADCE342F2D6B126CB837425CA5B46304015A
PAIR_TWO_SIDED_GRID_T075_S020_STOP_AFTER_3_PAIR_RESETS_WEEK__FLIP_CLOSE_SMALL_LOSS_WAREHOUSE_GT3ADR,flip_counterfactual,PAIR_TWO_SIDED_GRID_T075_S020_STOP_AFTER_3_PAIR_RESETS_WEEK,close_small_loss_warehouse_large_loss,NZDCHF,730.769698,730.769698,0,-98.388683,0,801.378235,0,DCF03E0D8BD2E1DF97F3FA1C246ABBF9813B7A721844CFED9DBB885708FE0197
PAIR_TWO_SIDED_GRID_T075_S020_STOP_AFTER_3_PAIR_RESETS_WEEK__FLIP_GRACE_1W,flip_counterfactual,PAIR_TWO_SIDED_GRID_T075_S020_STOP_AFTER_3_PAIR_RESETS_WEEK,grace_window_losing_flip_no_new_fills,AUDNZD,222.15625,-1851.393925,-2073.550175,-2433.839303,0,569.089602,1,C68900288DDD1F65E50D20D95F7EC43FE2492070F7A3D09583033BD047E3C5AE
PAIR_TWO_SIDED_GRID_T075_S020_STOP_AFTER_3_PAIR_RESETS_WEEK__FLIP_GRACE_1W,flip_counterfactual,PAIR_TWO_SIDED_GRID_T075_S020_STOP_AFTER_3_PAIR_RESETS_WEEK,grace_window_losing_flip_no_new_fills,GBPUSD,132.142126,132.142126,0,-397.152394,0,685.633274,0,2E4A6BF518C5055D609BBBD617271E74D37EED69BD67A3B5BF5310F8DFD45599
PAIR_TWO_SIDED_GRID_T075_S020_STOP_AFTER_3_PAIR_RESETS_WEEK__FLIP_GRACE_1W,flip_counterfactual,PAIR_TWO_SIDED_GRID_T075_S020_STOP_AFTER_3_PAIR_RESETS_WEEK,grace_window_losing_flip_no_new_fills,USDCAD,372.919518,290.412039,-82.507479,-173.931566,0,700.360663,1,F8BAB8DDF3FDD77ABF0A16EAFB522D0EBC31DA3DD7FE5159329CC9F095F3D7BF
PAIR_TWO_SIDED_GRID_T075_S020_STOP_AFTER_3_PAIR_RESETS_WEEK__FLIP_GRACE_1W,flip_counterfactual,PAIR_TWO_SIDED_GRID_T075_S020_STOP_AFTER_3_PAIR_RESETS_WEEK,grace_window_losing_flip_no_new_fills,AUDCHF,328.506231,328.324612,-0.181619,-320.024308,0,687.97857,1,6089FC08E0EB966FEC71951F43EB043A98BCFFD274E772A03987D22FDB24CAD5
PAIR_TWO_SIDED_GRID_T075_S020_STOP_AFTER_3_PAIR_RESETS_WEEK__FLIP_GRACE_1W,flip_counterfactual,PAIR_TWO_SIDED_GRID_T075_S020_STOP_AFTER_3_PAIR_RESETS_WEEK,grace_window_losing_flip_no_new_fills,USDJPY,359.625408,347.620944,-12.004464,-297.594069,0,683.066766,1,4F8887354BD4C03D3FB21F8A667F1BBB1B1856EA81DEB3E941E3CF9E50C8D28C
PAIR_TWO_SIDED_GRID_T075_S020_STOP_AFTER_3_PAIR_RESETS_WEEK__FLIP_GRACE_1W,flip_counterfactual,PAIR_TWO_SIDED_GRID_T075_S020_STOP_AFTER_3_PAIR_RESETS_WEEK,grace_window_losing_flip_no_new_fills,NZDUSD,424.920964,405.416006,-19.504958,-308.43111,0,674.262133,1,D2B164C26186410258A5F2043F983CA4CCB4C88683E82A64CE8CFEB806BA1133
PAIR_TWO_SIDED_GRID_T075_S020_STOP_AFTER_3_PAIR_RESETS_WEEK__FLIP_GRACE_1W,flip_counterfactual,PAIR_TWO_SIDED_GRID_T075_S020_STOP_AFTER_3_PAIR_RESETS_WEEK,grace_window_losing_flip_no_new_fills,AUDUSD,414.745228,414.745228,0,-266.256209,0,664.048159,0,3C3EA51DFF0DCF968B20A602A61D8EB15E07971C3AB1B3DBBDA4473C81BC514C
PAIR_TWO_SIDED_GRID_T075_S020_STOP_AFTER_3_PAIR_RESETS_WEEK__FLIP_GRACE_1W,flip_counterfactual,PAIR_TWO_SIDED_GRID_T075_S020_STOP_AFTER_3_PAIR_RESETS_WEEK,grace_window_losing_flip_no_new_fills,GBPCAD,428.942619,429.006676,0.064057,-597.628175,0,618.951488,1,F6473E3957D8BC8791A8D987B70E42CE269D2EC5AA4482C2F0063C32E272CB22
PAIR_TWO_SIDED_GRID_T075_S020_STOP_AFTER_3_PAIR_RESETS_WEEK__FLIP_GRACE_1W,flip_counterfactual,PAIR_TWO_SIDED_GRID_T075_S020_STOP_AFTER_3_PAIR_RESETS_WEEK,grace_window_losing_flip_no_new_fills,GBPJPY,445.242603,436.16576,-9.076843,-838.105417,0,651.86753,1,5AEF6E78B367B681109D103EC2231138F9396CF8944C421928DE48471C828817
PAIR_TWO_SIDED_GRID_T075_S020_STOP_AFTER_3_PAIR_RESETS_WEEK__FLIP_GRACE_1W,flip_counterfactual,PAIR_TWO_SIDED_GRID_T075_S020_STOP_AFTER_3_PAIR_RESETS_WEEK,grace_window_losing_flip_no_new_fills,EURCHF,443.922277,443.922277,0,-972.863432,0,553.672301,0,84E46AD97E81A179C85409BD31C231ACF3F2D6290837FA07DD46804D424C7BB5
PAIR_TWO_SIDED_GRID_T075_S020_STOP_AFTER_3_PAIR_RESETS_WEEK__FLIP_GRACE_1W,flip_counterfactual,PAIR_TWO_SIDED_GRID_T075_S020_STOP_AFTER_3_PAIR_RESETS_WEEK,grace_window_losing_flip_no_new_fills,GBPAUD,456.629197,456.629197,0,-341.885585,0,650.866311,0,3062296CDB80A216934A3E36DFDA818FC17EFE642FC4CED29B19DD0F286DCDD4
PAIR_TWO_SIDED_GRID_T075_S020_STOP_AFTER_3_PAIR_RESETS_WEEK__FLIP_GRACE_1W,flip_counterfactual,PAIR_TWO_SIDED_GRID_T075_S020_STOP_AFTER_3_PAIR_RESETS_WEEK,grace_window_losing_flip_no_new_fills,GBPCHF,510.638735,491.737726,-18.901009,-293.233972,0,637.476914,1,C589CB4E0E2BA3D1052FDDB93F9C2B90E79E6E160DF1453416FDC4BF648260B9
PAIR_TWO_SIDED_GRID_T075_S020_STOP_AFTER_3_PAIR_RESETS_WEEK__FLIP_GRACE_1W,flip_counterfactual,PAIR_TWO_SIDED_GRID_T075_S020_STOP_AFTER_3_PAIR_RESETS_WEEK,grace_window_losing_flip_no_new_fills,EURJPY,500.23649,500.23649,0,-734.310362,0,632.904398,0,7B4432215259047633242ED0C9796BA0D6E72EE883445E7AFC1AB304A84BFA29
PAIR_TWO_SIDED_GRID_T075_S020_STOP_AFTER_3_PAIR_RESETS_WEEK__FLIP_GRACE_1W,flip_counterfactual,PAIR_TWO_SIDED_GRID_T075_S020_STOP_AFTER_3_PAIR_RESETS_WEEK,grace_window_losing_flip_no_new_fills,EURUSD,537.379897,504.360274,-33.019623,-393.91702,0,615.756952,1,FA9B199D1829BBF2831FFB1A4960CFAF65261F85CA5FD019379F5E399EDEE17E
PAIR_TWO_SIDED_GRID_T075_S020_STOP_AFTER_3_PAIR_RESETS_WEEK__FLIP_GRACE_1W,flip_counterfactual,PAIR_TWO_SIDED_GRID_T075_S020_STOP_AFTER_3_PAIR_RESETS_WEEK,grace_window_losing_flip_no_new_fills,GBPNZD,528.016792,505.355713,-22.661079,-321.879905,0,700.49567,1,97B5988E5798C58DE4D1106F4C02F5B58C399E8F4ECE2C192E5C8375D98F00F8
PAIR_TWO_SIDED_GRID_T075_S020_STOP_AFTER_3_PAIR_RESETS_WEEK__FLIP_GRACE_1W,flip_counterfactual,PAIR_TWO_SIDED_GRID_T075_S020_STOP_AFTER_3_PAIR_RESETS_WEEK,grace_window_losing_flip_no_new_fills,CADJPY,529.850505,529.850505,0,-218.552469,0,699.125849,0,C6B9A4F2DF8D2D06CD052280D1A52432ED0DBD2B54473863A225EFB42BB2FA74
PAIR_TWO_SIDED_GRID_T075_S020_STOP_AFTER_3_PAIR_RESETS_WEEK__FLIP_GRACE_1W,flip_counterfactual,PAIR_TWO_SIDED_GRID_T075_S020_STOP_AFTER_3_PAIR_RESETS_WEEK,grace_window_losing_flip_no_new_fills,AUDJPY,554.742657,554.742657,0,-190.11319,0,753.306762,0,EE6CC21D681DF440F2EEC84793C1334A3B9023AE71E5370271B09AC5665026F0
PAIR_TWO_SIDED_GRID_T075_S020_STOP_AFTER_3_PAIR_RESETS_WEEK__FLIP_GRACE_1W,flip_counterfactual,PAIR_TWO_SIDED_GRID_T075_S020_STOP_AFTER_3_PAIR_RESETS_WEEK,grace_window_losing_flip_no_new_fills,EURAUD,555.760204,555.760204,0,-275.345544,0,707.755709,0,629116B809E1B934DD34F9FC27CE33F92A52D6E3524E17A8776B47D062B907D0
PAIR_TWO_SIDED_GRID_T075_S020_STOP_AFTER_3_PAIR_RESETS_WEEK__FLIP_GRACE_1W,flip_counterfactual,PAIR_TWO_SIDED_GRID_T075_S020_STOP_AFTER_3_PAIR_RESETS_WEEK,grace_window_losing_flip_no_new_fills,USDCHF,583.178065,567.143285,-16.03478,-268.117074,0,652.016529,1,9DCC91E2BA0B7ECB90964B04F1EBF23CA42E26AE2F974D7E68970BB91B5EFC4F
PAIR_TWO_SIDED_GRID_T075_S020_STOP_AFTER_3_PAIR_RESETS_WEEK__FLIP_GRACE_1W,flip_counterfactual,PAIR_TWO_SIDED_GRID_T075_S020_STOP_AFTER_3_PAIR_RESETS_WEEK,grace_window_losing_flip_no_new_fills,NZDCAD,578.066216,578.066216,0,-90.712757,0,752.493337,0,B1BE45AE55569E6978DEF8B2CED7F61DB53D12ACE8360AF5697217198B62B243
PAIR_TWO_SIDED_GRID_T075_S020_STOP_AFTER_3_PAIR_RESETS_WEEK__FLIP_GRACE_1W,flip_counterfactual,PAIR_TWO_SIDED_GRID_T075_S020_STOP_AFTER_3_PAIR_RESETS_WEEK,grace_window_losing_flip_no_new_fills,EURGBP,602.68749,599.080632,-3.606858,-424.056209,0,652.122525,1,27DCB3084968F666234B18A79D4CBF99B98F0A9A11CCA17F44666A4610C928E2
PAIR_TWO_SIDED_GRID_T075_S020_STOP_AFTER_3_PAIR_RESETS_WEEK__FLIP_GRACE_1W,flip_counterfactual,PAIR_TWO_SIDED_GRID_T075_S020_STOP_AFTER_3_PAIR_RESETS_WEEK,grace_window_losing_flip_no_new_fills,NZDJPY,631.319799,614.084597,-17.235202,-136.676807,0,747.676879,1,DF7BC47ACCC0F2FC76A1AB72CF67D187E00FAE03EEA2A3E83326338BED40F875
PAIR_TWO_SIDED_GRID_T075_S020_STOP_AFTER_3_PAIR_RESETS_WEEK__FLIP_GRACE_1W,flip_counterfactual,PAIR_TWO_SIDED_GRID_T075_S020_STOP_AFTER_3_PAIR_RESETS_WEEK,grace_window_losing_flip_no_new_fills,CADCHF,618.721004,618.721004,0,-102.166208,0,741.967018,0,18C402EF9CB64EA867D2F15C35207630D217D596D9C39FEFA70AC9CE4B730ECD
PAIR_TWO_SIDED_GRID_T075_S020_STOP_AFTER_3_PAIR_RESETS_WEEK__FLIP_GRACE_1W,flip_counterfactual,PAIR_TWO_SIDED_GRID_T075_S020_STOP_AFTER_3_PAIR_RESETS_WEEK,grace_window_losing_flip_no_new_fills,EURNZD,635.76136,635.76136,0,-262.281736,0,737.291532,0,8C1943C5457E5B8B8E2C26D55EC37C955F59E7968F429279B937C016B267831F
PAIR_TWO_SIDED_GRID_T075_S020_STOP_AFTER_3_PAIR_RESETS_WEEK__FLIP_GRACE_1W,flip_counterfactual,PAIR_TWO_SIDED_GRID_T075_S020_STOP_AFTER_3_PAIR_RESETS_WEEK,grace_window_losing_flip_no_new_fills,AUDCAD,656.399769,656.399769,0,-436.142052,0,747.195502,0,ACBC79A8EE8C9155CBA36FA3BAF9B2F63DFF16F144E659ACE017049D2A312EDC
PAIR_TWO_SIDED_GRID_T075_S020_STOP_AFTER_3_PAIR_RESETS_WEEK__FLIP_GRACE_1W,flip_counterfactual,PAIR_TWO_SIDED_GRID_T075_S020_STOP_AFTER_3_PAIR_RESETS_WEEK,grace_window_losing_flip_no_new_fills,CHFJPY,668.99546,668.99546,0,-222.166269,0,692.564492,0,AFF14DF40C52F9BB7E0BF1F7FE7B8D797414AA517AF315B58E2D9ABE19BE6C3D
PAIR_TWO_SIDED_GRID_T075_S020_STOP_AFTER_3_PAIR_RESETS_WEEK__FLIP_GRACE_1W,flip_counterfactual,PAIR_TWO_SIDED_GRID_T075_S020_STOP_AFTER_3_PAIR_RESETS_WEEK,grace_window_losing_flip_no_new_fills,EURCAD,700.983734,700.983734,0,-197.765045,0,702.560079,0,79A2ABAA234ED567518364AC34CC37E8CCA89735975ED9E80063A5100E331449
PAIR_TWO_SIDED_GRID_T075_S020_STOP_AFTER_3_PAIR_RESETS_WEEK__FLIP_GRACE_1W,flip_counterfactual,PAIR_TWO_SIDED_GRID_T075_S020_STOP_AFTER_3_PAIR_RESETS_WEEK,grace_window_losing_flip_no_new_fills,NZDCHF,801.796949,801.796949,0,-98.388683,0,801.378235,0,E6373A45B8C7EDBE296A0BF71F937268308D2824D5E19982C32AC686CFE123B9
PAIR_TWO_SIDED_GRID_T075_S020_STOP_AFTER_3_PAIR_RESETS_WEEK__FLIP_LOSER_WAREHOUSE,flip_counterfactual,PAIR_TWO_SIDED_GRID_T075_S020_STOP_AFTER_3_PAIR_RESETS_WEEK,warehouse_losing_flip_no_new_fills,AUDNZD,149.47012,-1924.080055,-2073.550175,-2433.839303,0,569.089602,1,9C87CE3440CA165D5C58C264943D0AE706A429D7BB5A0A356B201677C32CFA40
PAIR_TWO_SIDED_GRID_T075_S020_STOP_AFTER_3_PAIR_RESETS_WEEK__FLIP_LOSER_WAREHOUSE,flip_counterfactual,PAIR_TWO_SIDED_GRID_T075_S020_STOP_AFTER_3_PAIR_RESETS_WEEK,warehouse_losing_flip_no_new_fills,AUDCAD,248.553911,248.553911,0,-436.142052,0,747.195502,0,B97FB285B9CF1E0DFF5F824748342271903EA22E444BD92826345CE9E80048CA
PAIR_TWO_SIDED_GRID_T075_S020_STOP_AFTER_3_PAIR_RESETS_WEEK__FLIP_LOSER_WAREHOUSE,flip_counterfactual,PAIR_TWO_SIDED_GRID_T075_S020_STOP_AFTER_3_PAIR_RESETS_WEEK,warehouse_losing_flip_no_new_fills,USDCAD,339.87011,257.362631,-82.507479,-173.931566,0,700.360663,1,DFE9B39B8ADB23EC3DBE2F0957541BDFD0309519E0682EE78CC13BD1A0283BF7
PAIR_TWO_SIDED_GRID_T075_S020_STOP_AFTER_3_PAIR_RESETS_WEEK__FLIP_LOSER_WAREHOUSE,flip_counterfactual,PAIR_TWO_SIDED_GRID_T075_S020_STOP_AFTER_3_PAIR_RESETS_WEEK,warehouse_losing_flip_no_new_fills,GBPUSD,317.123201,317.123201,0,-397.152394,0,685.633274,0,20CC8577C4802D473BC2023883D37039234D9B1F186047F62069D244F3269878
PAIR_TWO_SIDED_GRID_T075_S020_STOP_AFTER_3_PAIR_RESETS_WEEK__FLIP_LOSER_WAREHOUSE,flip_counterfactual,PAIR_TWO_SIDED_GRID_T075_S020_STOP_AFTER_3_PAIR_RESETS_WEEK,warehouse_losing_flip_no_new_fills,AUDCHF,354.227307,354.045688,-0.181619,-286.746912,0,687.97857,1,F3F1363DC0C3C7E36C753F95C074B34EDC0FE0B3A258823EE6FB211B0DDA8CB9
PAIR_TWO_SIDED_GRID_T075_S020_STOP_AFTER_3_PAIR_RESETS_WEEK__FLIP_LOSER_WAREHOUSE,flip_counterfactual,PAIR_TWO_SIDED_GRID_T075_S020_STOP_AFTER_3_PAIR_RESETS_WEEK,warehouse_losing_flip_no_new_fills,NZDUSD,381.724163,362.219205,-19.504958,-308.43111,0,674.262133,1,9A2CA9526FD14065A25FA09CCA161F4C0C8F2EA8CB0F4740630828A091EDB08B
PAIR_TWO_SIDED_GRID_T075_S020_STOP_AFTER_3_PAIR_RESETS_WEEK__FLIP_LOSER_WAREHOUSE,flip_counterfactual,PAIR_TWO_SIDED_GRID_T075_S020_STOP_AFTER_3_PAIR_RESETS_WEEK,warehouse_losing_flip_no_new_fills,AUDUSD,392.358817,392.358817,0,-266.256209,0,664.048159,0,0065A5EB22CD86BF592C732A198E0FDBBB25C51849F756E004D21973BD02B37D
PAIR_TWO_SIDED_GRID_T075_S020_STOP_AFTER_3_PAIR_RESETS_WEEK__FLIP_LOSER_WAREHOUSE,flip_counterfactual,PAIR_TWO_SIDED_GRID_T075_S020_STOP_AFTER_3_PAIR_RESETS_WEEK,warehouse_losing_flip_no_new_fills,USDJPY,421.345305,409.340841,-12.004464,-297.594069,0,683.066766,1,B01E23AA0CBCA3798D3382F510B2E2434CD23AE3E3124AC4E8C5D10BEF8A21D6
PAIR_TWO_SIDED_GRID_T075_S020_STOP_AFTER_3_PAIR_RESETS_WEEK__FLIP_LOSER_WAREHOUSE,flip_counterfactual,PAIR_TWO_SIDED_GRID_T075_S020_STOP_AFTER_3_PAIR_RESETS_WEEK,warehouse_losing_flip_no_new_fills,GBPJPY,424.634226,415.557383,-9.076843,-838.105417,0,651.86753,1,AA19329D4498A8FE3915B2F3CB25900FE60A832546EAA856209278BF564A1697
PAIR_TWO_SIDED_GRID_T075_S020_STOP_AFTER_3_PAIR_RESETS_WEEK__FLIP_LOSER_WAREHOUSE,flip_counterfactual,PAIR_TWO_SIDED_GRID_T075_S020_STOP_AFTER_3_PAIR_RESETS_WEEK,warehouse_losing_flip_no_new_fills,GBPCAD,428.681042,428.745099,0.064057,-597.628175,0,618.951488,1,EB4957D999EFF1498B66005AB35515743EA15874EC928CA76D2929E20B9B18C7
PAIR_TWO_SIDED_GRID_T075_S020_STOP_AFTER_3_PAIR_RESETS_WEEK__FLIP_LOSER_WAREHOUSE,flip_counterfactual,PAIR_TWO_SIDED_GRID_T075_S020_STOP_AFTER_3_PAIR_RESETS_WEEK,warehouse_losing_flip_no_new_fills,GBPAUD,432.063275,432.063275,0,-341.885585,0,650.866311,0,EC5523960AFE3D651201CB67DF479741D089D63CB9DE85B557BB2FCE8B78E9D8
PAIR_TWO_SIDED_GRID_T075_S020_STOP_AFTER_3_PAIR_RESETS_WEEK__FLIP_LOSER_WAREHOUSE,flip_counterfactual,PAIR_TWO_SIDED_GRID_T075_S020_STOP_AFTER_3_PAIR_RESETS_WEEK,warehouse_losing_flip_no_new_fills,CADJPY,472.071249,472.071249,0,-218.552469,0,699.125849,0,EE5E2A322ED7F21E058640ED99FDA3819A33137FECC8E4592745A4BC8C206A92
PAIR_TWO_SIDED_GRID_T075_S020_STOP_AFTER_3_PAIR_RESETS_WEEK__FLIP_LOSER_WAREHOUSE,flip_counterfactual,PAIR_TWO_SIDED_GRID_T075_S020_STOP_AFTER_3_PAIR_RESETS_WEEK,warehouse_losing_flip_no_new_fills,EURCHF,478.16329,478.16329,0,-972.863432,0,553.672301,0,9BB63BEED3797DEBABF4E6C29256278483EE7FA04FC1BCC8A0CA845CCF99E92C
PAIR_TWO_SIDED_GRID_T075_S020_STOP_AFTER_3_PAIR_RESETS_WEEK__FLIP_LOSER_WAREHOUSE,flip_counterfactual,PAIR_TWO_SIDED_GRID_T075_S020_STOP_AFTER_3_PAIR_RESETS_WEEK,warehouse_losing_flip_no_new_fills,EURUSD,539.80013,506.780507,-33.019623,-393.91702,0,615.756952,1,83FE92E2B4468C415286A13ED8CD48D042D73E2B3EA9D1DA5978C395A3F11FE8
PAIR_TWO_SIDED_GRID_T075_S020_STOP_AFTER_3_PAIR_RESETS_WEEK__FLIP_LOSER_WAREHOUSE,flip_counterfactual,PAIR_TWO_SIDED_GRID_T075_S020_STOP_AFTER_3_PAIR_RESETS_WEEK,warehouse_losing_flip_no_new_fills,GBPCHF,526.811749,507.91074,-18.901009,-293.233972,0,637.476914,1,D2F1E265DA748C9D8BE53169FDF29593A5DD15FD69E11A94440B5A513122DD17
PAIR_TWO_SIDED_GRID_T075_S020_STOP_AFTER_3_PAIR_RESETS_WEEK__FLIP_LOSER_WAREHOUSE,flip_counterfactual,PAIR_TWO_SIDED_GRID_T075_S020_STOP_AFTER_3_PAIR_RESETS_WEEK,warehouse_losing_flip_no_new_fills,USDCHF,541.87504,525.84026,-16.03478,-268.117074,0,652.016529,1,0B5F3DD3D6D21E5FFB17A598665B520BFB7C15340AFF4EF23607BB021930E00B
PAIR_TWO_SIDED_GRID_T075_S020_STOP_AFTER_3_PAIR_RESETS_WEEK__FLIP_LOSER_WAREHOUSE,flip_counterfactual,PAIR_TWO_SIDED_GRID_T075_S020_STOP_AFTER_3_PAIR_RESETS_WEEK,warehouse_losing_flip_no_new_fills,GBPNZD,566.724714,544.063635,-22.661079,-321.879905,0,700.49567,1,45CE0F01E8E524757BDB7F62845538A3C4556663E99224384755BCFBAF095991
PAIR_TWO_SIDED_GRID_T075_S020_STOP_AFTER_3_PAIR_RESETS_WEEK__FLIP_LOSER_WAREHOUSE,flip_counterfactual,PAIR_TWO_SIDED_GRID_T075_S020_STOP_AFTER_3_PAIR_RESETS_WEEK,warehouse_losing_flip_no_new_fills,EURJPY,549.412789,549.412789,0,-734.310362,0,632.904398,0,FAA6AAF741E9E4AF386F6F18AF68D667B02561CED870FFD9F46470F963BAF866
PAIR_TWO_SIDED_GRID_T075_S020_STOP_AFTER_3_PAIR_RESETS_WEEK__FLIP_LOSER_WAREHOUSE,flip_counterfactual,PAIR_TWO_SIDED_GRID_T075_S020_STOP_AFTER_3_PAIR_RESETS_WEEK,warehouse_losing_flip_no_new_fills,NZDCAD,571.688653,571.688653,0,-90.712757,0,752.493337,0,C0685DCA02BE7DCDD6863F05CDF4A9C398854FFA50D5DCEF8DEA61E3AB6B7A65
PAIR_TWO_SIDED_GRID_T075_S020_STOP_AFTER_3_PAIR_RESETS_WEEK__FLIP_LOSER_WAREHOUSE,flip_counterfactual,PAIR_TWO_SIDED_GRID_T075_S020_STOP_AFTER_3_PAIR_RESETS_WEEK,warehouse_losing_flip_no_new_fills,EURGBP,604.721558,601.1147,-3.606858,-424.056209,0,652.122525,1,740B47E525073B75E6B2C984EB35070A04F0762691AFD904FA492CA95ED15DCE
PAIR_TWO_SIDED_GRID_T075_S020_STOP_AFTER_3_PAIR_RESETS_WEEK__FLIP_LOSER_WAREHOUSE,flip_counterfactual,PAIR_TWO_SIDED_GRID_T075_S020_STOP_AFTER_3_PAIR_RESETS_WEEK,warehouse_losing_flip_no_new_fills,EURAUD,621.533729,621.533729,0,-275.345544,0,707.755709,0,38379DA480DAADF03EB0C940D35248ADD90AB053741B2540D4C7E7F3D7EC8901
PAIR_TWO_SIDED_GRID_T075_S020_STOP_AFTER_3_PAIR_RESETS_WEEK__FLIP_LOSER_WAREHOUSE,flip_counterfactual,PAIR_TWO_SIDED_GRID_T075_S020_STOP_AFTER_3_PAIR_RESETS_WEEK,warehouse_losing_flip_no_new_fills,NZDJPY,649.162414,631.927212,-17.235202,-136.676807,0,747.676879,1,3431D26891D681ACE164027859525618F28621B900D7A998C46C67A5D27AE636
PAIR_TWO_SIDED_GRID_T075_S020_STOP_AFTER_3_PAIR_RESETS_WEEK__FLIP_LOSER_WAREHOUSE,flip_counterfactual,PAIR_TWO_SIDED_GRID_T075_S020_STOP_AFTER_3_PAIR_RESETS_WEEK,warehouse_losing_flip_no_new_fills,AUDJPY,632.19976,632.19976,0,-190.11319,0,753.306762,0,AB17B0ECB25439C96BFE0EA50B73855E456C8B911F3C313483B7A2707A8A8F43
PAIR_TWO_SIDED_GRID_T075_S020_STOP_AFTER_3_PAIR_RESETS_WEEK__FLIP_LOSER_WAREHOUSE,flip_counterfactual,PAIR_TWO_SIDED_GRID_T075_S020_STOP_AFTER_3_PAIR_RESETS_WEEK,warehouse_losing_flip_no_new_fills,EURNZD,635.283,635.283,0,-262.281736,0,737.291532,0,AA41019532A4945ACE62849737A20DA574CF1A475A09A70DEEA0829A91329272
PAIR_TWO_SIDED_GRID_T075_S020_STOP_AFTER_3_PAIR_RESETS_WEEK__FLIP_LOSER_WAREHOUSE,flip_counterfactual,PAIR_TWO_SIDED_GRID_T075_S020_STOP_AFTER_3_PAIR_RESETS_WEEK,warehouse_losing_flip_no_new_fills,CADCHF,665.221743,665.221743,0,-102.166208,0,741.967018,0,B53C74F842B7BBD0C5FBFCBE7E0C37EBC350282ECF6C90F8836652AB86243A2A
PAIR_TWO_SIDED_GRID_T075_S020_STOP_AFTER_3_PAIR_RESETS_WEEK__FLIP_LOSER_WAREHOUSE,flip_counterfactual,PAIR_TWO_SIDED_GRID_T075_S020_STOP_AFTER_3_PAIR_RESETS_WEEK,warehouse_losing_flip_no_new_fills,EURCAD,675.379187,675.379187,0,-197.765045,0,702.560079,0,616BA09485CE4E24C09007E6C833E6A500FC55859E26C2FE0F37C5FBA752CA0F
PAIR_TWO_SIDED_GRID_T075_S020_STOP_AFTER_3_PAIR_RESETS_WEEK__FLIP_LOSER_WAREHOUSE,flip_counterfactual,PAIR_TWO_SIDED_GRID_T075_S020_STOP_AFTER_3_PAIR_RESETS_WEEK,warehouse_losing_flip_no_new_fills,CHFJPY,677.991023,677.991023,0,-222.166269,0,692.564492,0,18BFF84EA17AF00865E3102B4D7260FFE4161FD26D89648BB576C6FA36BB5F21
PAIR_TWO_SIDED_GRID_T075_S020_STOP_AFTER_3_PAIR_RESETS_WEEK__FLIP_LOSER_WAREHOUSE,flip_counterfactual,PAIR_TWO_SIDED_GRID_T075_S020_STOP_AFTER_3_PAIR_RESETS_WEEK,warehouse_losing_flip_no_new_fills,NZDCHF,730.769698,730.769698,0,-98.388683,0,801.378235,0,395BC9DAF750D6044B7C20F1EBBCFEE3F1BDBE8EFBBFD73EAE999A3C80784EF0
PAIR_TWO_SIDED_GRID_T075_S020_STOP_AFTER_3_PAIR_RESETS_WEEK__NO_FLIP_FORCE_DIAGNOSTIC,flip_counterfactual,PAIR_TWO_SIDED_GRID_T075_S020_STOP_AFTER_3_PAIR_RESETS_WEEK,no_flip_force_no_new_fills,AUDNZD,576.294479,-2826.351034,-3402.645513,-3843.679466,0,569.089602,3,9D54BBD7A16209C84538E3444CE5E109B98C48C8E7430B5434E3CF4FEE995E69
PAIR_TWO_SIDED_GRID_T075_S020_STOP_AFTER_3_PAIR_RESETS_WEEK__NO_FLIP_FORCE_DIAGNOSTIC,flip_counterfactual,PAIR_TWO_SIDED_GRID_T075_S020_STOP_AFTER_3_PAIR_RESETS_WEEK,no_flip_force_no_new_fills,EURJPY,646.8308,-312.511515,-959.342315,-1011.15601,0,632.904398,1,5D72FA75EDB6FB5C862F34F8A5C44E6F1B601BF84A74FF209F8F7D068EE0C643
PAIR_TWO_SIDED_GRID_T075_S020_STOP_AFTER_3_PAIR_RESETS_WEEK__NO_FLIP_FORCE_DIAGNOSTIC,flip_counterfactual,PAIR_TWO_SIDED_GRID_T075_S020_STOP_AFTER_3_PAIR_RESETS_WEEK,no_flip_force_no_new_fills,AUDCAD,749.417346,83.316707,-666.100639,-773.278998,0,747.195502,1,4C11CEDF9FA7DB48E65543374C78CD7C90C820BC9172CA8934F59D4E3B3DF4F3
PAIR_TWO_SIDED_GRID_T075_S020_STOP_AFTER_3_PAIR_RESETS_WEEK__NO_FLIP_FORCE_DIAGNOSTIC,flip_counterfactual,PAIR_TWO_SIDED_GRID_T075_S020_STOP_AFTER_3_PAIR_RESETS_WEEK,no_flip_force_no_new_fills,AUDCHF,689.267778,277.834512,-411.433266,-823.830695,0,687.97857,2,0507D485A3E8F4B8219966BC40A34EF8BBDC37C5BBDE21C724CFE265737D5648
PAIR_TWO_SIDED_GRID_T075_S020_STOP_AFTER_3_PAIR_RESETS_WEEK__NO_FLIP_FORCE_DIAGNOSTIC,flip_counterfactual,PAIR_TWO_SIDED_GRID_T075_S020_STOP_AFTER_3_PAIR_RESETS_WEEK,no_flip_force_no_new_fills,GBPCHF,638.015309,282.281332,-355.733977,-516.752163,0,637.476914,2,93A429FEF8ED4E33361B49B85A95E5ACB9AF692F35F5497302BE537D84AE6759
PAIR_TWO_SIDED_GRID_T075_S020_STOP_AFTER_3_PAIR_RESETS_WEEK__NO_FLIP_FORCE_DIAGNOSTIC,flip_counterfactual,PAIR_TWO_SIDED_GRID_T075_S020_STOP_AFTER_3_PAIR_RESETS_WEEK,no_flip_force_no_new_fills,EURAUD,709.421568,433.414212,-276.007356,-355.395551,0,707.755709,1,1CB8D7324CBCDC45E6D61FD334EABD180F379CA4C2378A1D855D8D514B122350
PAIR_TWO_SIDED_GRID_T075_S020_STOP_AFTER_3_PAIR_RESETS_WEEK__NO_FLIP_FORCE_DIAGNOSTIC,flip_counterfactual,PAIR_TWO_SIDED_GRID_T075_S020_STOP_AFTER_3_PAIR_RESETS_WEEK,no_flip_force_no_new_fills,CADJPY,724.30561,438.049345,-286.256265,-515.310525,0,699.125849,1,88153FA0F459C57597CA67351C4CB11EB3B446A707A08C8998C0E29F8C452773
PAIR_TWO_SIDED_GRID_T075_S020_STOP_AFTER_3_PAIR_RESETS_WEEK__NO_FLIP_FORCE_DIAGNOSTIC,flip_counterfactual,PAIR_TWO_SIDED_GRID_T075_S020_STOP_AFTER_3_PAIR_RESETS_WEEK,no_flip_force_no_new_fills,GBPCAD,620.161129,475.259014,-144.902115,-597.628175,0,618.951488,2,A9A6D355DF3E8A29B8FD4161FECE9412D68E1BD23831350060D055F4E82C9921
PAIR_TWO_SIDED_GRID_T075_S020_STOP_AFTER_3_PAIR_RESETS_WEEK__NO_FLIP_FORCE_DIAGNOSTIC,flip_counterfactual,PAIR_TWO_SIDED_GRID_T075_S020_STOP_AFTER_3_PAIR_RESETS_WEEK,no_flip_force_no_new_fills,GBPUSD,687.992976,486.245207,-201.747769,-397.152394,0,685.633274,1,726BE5C9377A8F4244567979928C001878C5620A113C9C1E9961F7761DA5CAD2
PAIR_TWO_SIDED_GRID_T075_S020_STOP_AFTER_3_PAIR_RESETS_WEEK__NO_FLIP_FORCE_DIAGNOSTIC,flip_counterfactual,PAIR_TWO_SIDED_GRID_T075_S020_STOP_AFTER_3_PAIR_RESETS_WEEK,no_flip_force_no_new_fills,NZDUSD,676.320822,524.237351,-152.083471,-603.40605,0,674.262133,2,0D3A27213487E1C829E5A3623E6E3CA9A44063B93703A1B32C29C4D7AEBBC07A
PAIR_TWO_SIDED_GRID_T075_S020_STOP_AFTER_3_PAIR_RESETS_WEEK__NO_FLIP_FORCE_DIAGNOSTIC,flip_counterfactual,PAIR_TWO_SIDED_GRID_T075_S020_STOP_AFTER_3_PAIR_RESETS_WEEK,no_flip_force_no_new_fills,EURCHF,557.374838,557.374838,0,-972.863432,0,553.672301,0,63733A57BACDAC6EED1B91F644878FB71C3EE78AC65CBFCC4E1884F74D531082
PAIR_TWO_SIDED_GRID_T075_S020_STOP_AFTER_3_PAIR_RESETS_WEEK__NO_FLIP_FORCE_DIAGNOSTIC,flip_counterfactual,PAIR_TWO_SIDED_GRID_T075_S020_STOP_AFTER_3_PAIR_RESETS_WEEK,no_flip_force_no_new_fills,EURUSD,618.948286,573.268787,-45.679499,-393.91702,0,615.756952,2,A7C7EE150556F60DD65C1377874D87A1659AB3FC03A257910526B8A7E269FFA6
PAIR_TWO_SIDED_GRID_T075_S020_STOP_AFTER_3_PAIR_RESETS_WEEK__NO_FLIP_FORCE_DIAGNOSTIC,flip_counterfactual,PAIR_TWO_SIDED_GRID_T075_S020_STOP_AFTER_3_PAIR_RESETS_WEEK,no_flip_force_no_new_fills,AUDJPY,756.81626,601.040221,-155.776039,-280.457184,0,753.306762,1,4153D3034680172381A50F6F702E1D50E5A6D80DDB619E46F7E985CD30AE8557
PAIR_TWO_SIDED_GRID_T075_S020_STOP_AFTER_3_PAIR_RESETS_WEEK__NO_FLIP_FORCE_DIAGNOSTIC,flip_counterfactual,PAIR_TWO_SIDED_GRID_T075_S020_STOP_AFTER_3_PAIR_RESETS_WEEK,no_flip_force_no_new_fills,USDCAD,706.004936,623.497457,-82.507479,-464.576992,0,700.360663,1,282E6274819A0F9A8B9BDDF7ACDA17965340AAD887AE1784737A26595C3FF523
PAIR_TWO_SIDED_GRID_T075_S020_STOP_AFTER_3_PAIR_RESETS_WEEK__NO_FLIP_FORCE_DIAGNOSTIC,flip_counterfactual,PAIR_TWO_SIDED_GRID_T075_S020_STOP_AFTER_3_PAIR_RESETS_WEEK,no_flip_force_no_new_fills,NZDCAD,754.108824,630.34866,-123.760164,-217.692386,0,752.493337,1,BFBD96C774718CBAA9E9F3BE25D650AEFD2DB76160E706D719F984EEA6140386
PAIR_TWO_SIDED_GRID_T075_S020_STOP_AFTER_3_PAIR_RESETS_WEEK__NO_FLIP_FORCE_DIAGNOSTIC,flip_counterfactual,PAIR_TWO_SIDED_GRID_T075_S020_STOP_AFTER_3_PAIR_RESETS_WEEK,no_flip_force_no_new_fills,USDCHF,655.990518,639.955738,-16.03478,-268.117074,0,652.016529,1,BF862337308559ACDC391787D1FBBA0A7D7E787C059326EC8DC38E1269B924AD
PAIR_TWO_SIDED_GRID_T075_S020_STOP_AFTER_3_PAIR_RESETS_WEEK__NO_FLIP_FORCE_DIAGNOSTIC,flip_counterfactual,PAIR_TWO_SIDED_GRID_T075_S020_STOP_AFTER_3_PAIR_RESETS_WEEK,no_flip_force_no_new_fills,GBPJPY,655.677368,646.600525,-9.076843,-838.105417,0,651.86753,1,F947CD22B5794B8DBA75E35BB95451F2C7427C4AAD6B1CAEA554D9D72C4AB038
PAIR_TWO_SIDED_GRID_T075_S020_STOP_AFTER_3_PAIR_RESETS_WEEK__NO_FLIP_FORCE_DIAGNOSTIC,flip_counterfactual,PAIR_TWO_SIDED_GRID_T075_S020_STOP_AFTER_3_PAIR_RESETS_WEEK,no_flip_force_no_new_fills,EURGBP,653.346057,649.739199,-3.606858,-424.056209,0,652.122525,1,0B7BACB42AD6DB724E3ADA3519F19BA13943A1CA1C23C3A39E3876A689025746
PAIR_TWO_SIDED_GRID_T075_S020_STOP_AFTER_3_PAIR_RESETS_WEEK__NO_FLIP_FORCE_DIAGNOSTIC,flip_counterfactual,PAIR_TWO_SIDED_GRID_T075_S020_STOP_AFTER_3_PAIR_RESETS_WEEK,no_flip_force_no_new_fills,GBPAUD,652.889916,652.889916,0,-341.885585,0,650.866311,0,E264EC95B81A6F63BAC0CF388E47D5D767CA3FE770E034EEE9A427D55402486A
PAIR_TWO_SIDED_GRID_T075_S020_STOP_AFTER_3_PAIR_RESETS_WEEK__NO_FLIP_FORCE_DIAGNOSTIC,flip_counterfactual,PAIR_TWO_SIDED_GRID_T075_S020_STOP_AFTER_3_PAIR_RESETS_WEEK,no_flip_force_no_new_fills,USDJPY,686.829823,674.825359,-12.004464,-297.594069,0,683.066766,1,190A1F7A8984D54D8D81E2D2723AE0E63813D3211F5A8901D1F7E90F2068572D
PAIR_TWO_SIDED_GRID_T075_S020_STOP_AFTER_3_PAIR_RESETS_WEEK__NO_FLIP_FORCE_DIAGNOSTIC,flip_counterfactual,PAIR_TWO_SIDED_GRID_T075_S020_STOP_AFTER_3_PAIR_RESETS_WEEK,no_flip_force_no_new_fills,AUDUSD,675.896255,675.896255,0,-564.261549,0,664.048159,0,343EB299A57EB8B47BE14625AA5FCDE7CDD2181E89ED77BA57A1C4531D92D0A5
PAIR_TWO_SIDED_GRID_T075_S020_STOP_AFTER_3_PAIR_RESETS_WEEK__NO_FLIP_FORCE_DIAGNOSTIC,flip_counterfactual,PAIR_TWO_SIDED_GRID_T075_S020_STOP_AFTER_3_PAIR_RESETS_WEEK,no_flip_force_no_new_fills,GBPNZD,709.532974,686.871895,-22.661079,-321.879905,0,700.49567,1,983FBFE6FBBD8CC20CBED1ACC1FDE2BA6411EEEE80B48294741D097403713B33
PAIR_TWO_SIDED_GRID_T075_S020_STOP_AFTER_3_PAIR_RESETS_WEEK__NO_FLIP_FORCE_DIAGNOSTIC,flip_counterfactual,PAIR_TWO_SIDED_GRID_T075_S020_STOP_AFTER_3_PAIR_RESETS_WEEK,no_flip_force_no_new_fills,CHFJPY,693.390704,693.390704,0,-222.166269,0,692.564492,0,F6EC1A8F67C1ACF05E203D21171BDD3E967BB2D469B44A55489CD75BBDF55F62
PAIR_TWO_SIDED_GRID_T075_S020_STOP_AFTER_3_PAIR_RESETS_WEEK__NO_FLIP_FORCE_DIAGNOSTIC,flip_counterfactual,PAIR_TWO_SIDED_GRID_T075_S020_STOP_AFTER_3_PAIR_RESETS_WEEK,no_flip_force_no_new_fills,EURCAD,703.217324,703.217324,0,-197.765045,0,702.560079,0,86AF76718F4801369CA2994268452F669BE6EB662FB1893072C66E139AE25F93
PAIR_TWO_SIDED_GRID_T075_S020_STOP_AFTER_3_PAIR_RESETS_WEEK__NO_FLIP_FORCE_DIAGNOSTIC,flip_counterfactual,PAIR_TWO_SIDED_GRID_T075_S020_STOP_AFTER_3_PAIR_RESETS_WEEK,no_flip_force_no_new_fills,NZDJPY,752.304599,735.069397,-17.235202,-136.676807,0,747.676879,1,8DD8360D6BFEA9813BB2DC07F30715C96D779808B04C3C109D3CA14A248E8B69
PAIR_TWO_SIDED_GRID_T075_S020_STOP_AFTER_3_PAIR_RESETS_WEEK__NO_FLIP_FORCE_DIAGNOSTIC,flip_counterfactual,PAIR_TWO_SIDED_GRID_T075_S020_STOP_AFTER_3_PAIR_RESETS_WEEK,no_flip_force_no_new_fills,EURNZD,739.718866,739.718866,0,-310.490162,0,737.291532,0,6E8645386A9ADE5B039AD925EB15A0E81B98E5AAEEF35ACA3EC5C4F79765893A
PAIR_TWO_SIDED_GRID_T075_S020_STOP_AFTER_3_PAIR_RESETS_WEEK__NO_FLIP_FORCE_DIAGNOSTIC,flip_counterfactual,PAIR_TWO_SIDED_GRID_T075_S020_STOP_AFTER_3_PAIR_RESETS_WEEK,no_flip_force_no_new_fills,CADCHF,747.613647,747.613647,0,-102.166208,0,741.967018,0,6FAA5996B559E68A74BCF11D3C656F733B749CEF7B4C11BE5DE86D546CA95855
PAIR_TWO_SIDED_GRID_T075_S020_STOP_AFTER_3_PAIR_RESETS_WEEK__NO_FLIP_FORCE_DIAGNOSTIC,flip_counterfactual,PAIR_TWO_SIDED_GRID_T075_S020_STOP_AFTER_3_PAIR_RESETS_WEEK,no_flip_force_no_new_fills,NZDCHF,801.796949,801.796949,0,-98.388683,0,801.378235,0,07917741481174D7383C09FAA0281CCA1D61EFB2B80EC6111978CEBE81EB0CA2
PAIR_TWO_SIDED_GRID_T100_S020_STOP_AFTER_3_PAIR_RESETS_WEEK,pair_reset_limit,,current_forced_flip_close,AUDNZD,200.281375,-1872.787925,-2073.0693,-2433.415597,-430.578887,630.1655,1,C840867E8861BFBEC7A47E5E6CC25FE07E74E91ABAC5F42635FF7E5700807C3B
PAIR_TWO_SIDED_GRID_T100_S020_STOP_AFTER_3_PAIR_RESETS_WEEK,pair_reset_limit,,current_forced_flip_close,AUDCAD,135.400997,135.294007,-0.10699,-745.120185,-748.355944,883.11187,1,B751E164966C768BCAA96F51A406EB2EFEFB0E3FB6536B0EC5A4968A786790D0
PAIR_TWO_SIDED_GRID_T100_S020_STOP_AFTER_3_PAIR_RESETS_WEEK,pair_reset_limit,,current_forced_flip_close,USDCAD,345.627805,261.451649,-84.176156,-193.37411,-444.686265,787.386793,1,E5B21209C5CD1825CC3AD0B76AE81DE9D5AFEC3C8C024C89EFCBE293390A5F32
PAIR_TWO_SIDED_GRID_T100_S020_STOP_AFTER_3_PAIR_RESETS_WEEK,pair_reset_limit,,current_forced_flip_close,NZDUSD,287.632009,268.127051,-19.504958,-313.181574,-481.523226,766.100471,1,8522318DF56F6A1A7C06C3C0DEA1EA893B108D5CD0390FB6EC888AF0E358E37B
PAIR_TWO_SIDED_GRID_T100_S020_STOP_AFTER_3_PAIR_RESETS_WEEK,pair_reset_limit,,current_forced_flip_close,AUDUSD,331.048714,331.048714,0,-276.095331,-475.826137,806.538768,0,E3A04264F08715995A7B7873CB4FCB0F63962F6D11DDDA8CD61721EFD7173E23
PAIR_TWO_SIDED_GRID_T100_S020_STOP_AFTER_3_PAIR_RESETS_WEEK,pair_reset_limit,,current_forced_flip_close,GBPJPY,414.932719,409.326409,-5.60631,-838.105417,-352.346241,764.642505,1,B37567252E8EF78C6DE1B06CE68E914A68353029E8D0EB7F89A5F65EEE1D1575
PAIR_TWO_SIDED_GRID_T100_S020_STOP_AFTER_3_PAIR_RESETS_WEEK,pair_reset_limit,,current_forced_flip_close,GBPUSD,444.275802,444.275802,0,-397.152394,-342.541281,786.817083,0,C16A8E7359A8CBC331FE2B8D1299C7E7292A33A9DB663D270C363D218FD67EDD
PAIR_TWO_SIDED_GRID_T100_S020_STOP_AFTER_3_PAIR_RESETS_WEEK,pair_reset_limit,,current_forced_flip_close,GBPCAD,462.618674,460.395476,-2.223198,-2301.5569,-253.772338,715.198395,1,22273B3DAF5816AEB352D8D23D66F5E0382010CCB3FEC3B5FDE8525A0164EA7E
PAIR_TWO_SIDED_GRID_T100_S020_STOP_AFTER_3_PAIR_RESETS_WEEK,pair_reset_limit,,current_forced_flip_close,USDJPY,485.503698,473.499234,-12.004464,-294.136395,-291.27981,775.013269,1,70CF10DDFC1864AF6F75DD0770D15025E1D119235FE1229110EBB61A6DADC403
PAIR_TWO_SIDED_GRID_T100_S020_STOP_AFTER_3_PAIR_RESETS_WEEK,pair_reset_limit,,current_forced_flip_close,EURCHF,486.315245,486.315245,0,-972.863432,-132.399354,617.119847,0,CFB157F0D7DBCE554FBF20AD56C9D94FDC383DA3E6A04B8E78D80A4F4CABEC37
PAIR_TWO_SIDED_GRID_T100_S020_STOP_AFTER_3_PAIR_RESETS_WEEK,pair_reset_limit,,current_forced_flip_close,AUDCHF,498.995861,498.995861,0,-286.746912,-335.172654,833.890609,0,D142929CCCD57EE3B9F1A3E5B0C0675624066DE46FD7553F5D89E8F3749E171D
PAIR_TWO_SIDED_GRID_T100_S020_STOP_AFTER_3_PAIR_RESETS_WEEK,pair_reset_limit,,current_forced_flip_close,GBPAUD,553.02176,542.874632,-10.147128,-344.640224,-214.844977,765.948939,1,40FE4D9B6FEE5A1C181F048FEF40B59EB695C41A1D2A84D2D28CF9157B08F1D0
PAIR_TWO_SIDED_GRID_T100_S020_STOP_AFTER_3_PAIR_RESETS_WEEK,pair_reset_limit,,current_forced_flip_close,CADJPY,553.149308,552.528377,-0.620931,-213.879587,-268.178405,800.610028,1,A21017E57835C6BA36FE478C268B1EA62AE96F6099378CE13B1B11AE76105442
PAIR_TWO_SIDED_GRID_T100_S020_STOP_AFTER_3_PAIR_RESETS_WEEK,pair_reset_limit,,current_forced_flip_close,EURJPY,583.877975,583.877975,0,-733.337867,-117.323139,700.38369,0,ECEEFA5750298FF360C4B92CDD91142DB40B28D8CC1FCCD7A84545B86BD3F788
PAIR_TWO_SIDED_GRID_T100_S020_STOP_AFTER_3_PAIR_RESETS_WEEK,pair_reset_limit,,current_forced_flip_close,GBPCHF,641.931242,624.098705,-17.832537,-296.16294,-109.963355,749.293247,1,0AF0B2CC7B9E17F752D9A1F42CAD7A780B7BBF181D26E05923BE8FDBB93F1F9D
PAIR_TWO_SIDED_GRID_T100_S020_STOP_AFTER_3_PAIR_RESETS_WEEK,pair_reset_limit,,current_forced_flip_close,USDCHF,659.049857,643.015077,-16.03478,-281.399253,-94.724316,752.662778,1,96A5FD980D94EE6C538B854CFE7EBAE357168128F9897C09CCF00AA4391650E9
PAIR_TWO_SIDED_GRID_T100_S020_STOP_AFTER_3_PAIR_RESETS_WEEK,pair_reset_limit,,current_forced_flip_close,EURUSD,674.981694,643.19159,-31.790104,-388.967793,-78.744422,753.207328,1,70545927DAD74F10F91EF6424409943F753C4B779771AAD6774F1EE330042BB0
PAIR_TWO_SIDED_GRID_T100_S020_STOP_AFTER_3_PAIR_RESETS_WEEK,pair_reset_limit,,current_forced_flip_close,GBPNZD,689.148912,666.487833,-22.661079,-324.585404,-154.950994,842.074987,1,DEBFD5D8F309B97E96FF777757B23AA94A43CE79AF736FA049F0ADB4231723E1
PAIR_TWO_SIDED_GRID_T100_S020_STOP_AFTER_3_PAIR_RESETS_WEEK,pair_reset_limit,,current_forced_flip_close,NZDCAD,680.255308,680.255308,0,-92.175046,-220.104494,899.835327,0,763EFB558862B3CC638128C5C290C91E8836217B011B1CFA786AF49A6B1328A1
PAIR_TWO_SIDED_GRID_T100_S020_STOP_AFTER_3_PAIR_RESETS_WEEK,pair_reset_limit,,current_forced_flip_close,EURGBP,715.416356,711.712424,-3.703932,-424.056209,-47.165444,762.287667,1,45C0A96A9D49F381421EBEF02063B8FD35FFA7B5E2D77E2EF2DC592B4F09A2DB
PAIR_TWO_SIDED_GRID_T100_S020_STOP_AFTER_3_PAIR_RESETS_WEEK,pair_reset_limit,,current_forced_flip_close,EURAUD,768.78278,743.310185,-25.472595,-275.345544,-64.839824,831.136533,1,9BAF8DE860F853D4C89D6A9E25418DE0B61A274C9033B8AAFFC8DE0EBF152AC8
PAIR_TWO_SIDED_GRID_T100_S020_STOP_AFTER_3_PAIR_RESETS_WEEK,pair_reset_limit,,current_forced_flip_close,EURNZD,745.270229,745.270229,0,-262.281736,-128.767765,873.711159,0,1DB1FD1A0DA9A26D1CE8E1B7576892FFCD313C6EB068C019E59D2C27B0234885
PAIR_TWO_SIDED_GRID_T100_S020_STOP_AFTER_3_PAIR_RESETS_WEEK,pair_reset_limit,,current_forced_flip_close,CHFJPY,762.480824,758.463493,-4.017331,-173.945225,-34.043852,796.524676,1,3D16F5F25F06406286F41E326506802649EE2800AD353D9B2A27BC8A4ECD3D1A
PAIR_TWO_SIDED_GRID_T100_S020_STOP_AFTER_3_PAIR_RESETS_WEEK,pair_reset_limit,,current_forced_flip_close,CADCHF,773.48562,768.3827,-5.10292,-103.86496,-88.984157,857.783736,1,02FC6DC3FA13BF1009C1E1881F616F0CFF538179A311EBB1716B56A8AFAE73AA
PAIR_TWO_SIDED_GRID_T100_S020_STOP_AFTER_3_PAIR_RESETS_WEEK,pair_reset_limit,,current_forced_flip_close,AUDJPY,781.678902,781.678902,0,-190.11319,-124.567305,904.893862,0,138ADD1E6608957F869A85180B8288F6072E89349F8772EE52D16779EFE41128
PAIR_TWO_SIDED_GRID_T100_S020_STOP_AFTER_3_PAIR_RESETS_WEEK,pair_reset_limit,,current_forced_flip_close,EURCAD,782.518336,782.518336,0,-196.671751,-59.467861,840.036348,0,3DC6D76A1511477CA20D40DF4C7CAC02FBFA6226A5CA52A937B1398D2FB553C0
PAIR_TWO_SIDED_GRID_T100_S020_STOP_AFTER_3_PAIR_RESETS_WEEK,pair_reset_limit,,current_forced_flip_close,NZDJPY,810.164681,792.929479,-17.235202,-114.45489,-106.997329,911.555028,1,82573FA58A99B4D675DD06F24C9761744A300265AB1072C27741199AA732D299
PAIR_TWO_SIDED_GRID_T100_S020_STOP_AFTER_3_PAIR_RESETS_WEEK,pair_reset_limit,,current_forced_flip_close,NZDCHF,856.237592,856.462996,0.225404,-100.762411,-95.132713,949.189168,1,40EC073599C259FD187A7B4B088FF45847951C3038F357C0417A72AF3BF97B8B
PAIR_TWO_SIDED_GRID_T100_S020_STOP_AFTER_3_PAIR_RESETS_WEEK__FLIP_CLOSE_SMALL_LOSS_WAREHOUSE_GT3ADR,flip_counterfactual,PAIR_TWO_SIDED_GRID_T100_S020_STOP_AFTER_3_PAIR_RESETS_WEEK,close_small_loss_warehouse_large_loss,AUDNZD,190.257344,-1882.811956,-2073.0693,-2433.415597,-4.856028,630.1655,1,5C6F66E67D824AFEDD0FE15B30182F5B97AF75A6887FE6AEE0522B9178E694DA
PAIR_TWO_SIDED_GRID_T100_S020_STOP_AFTER_3_PAIR_RESETS_WEEK__FLIP_CLOSE_SMALL_LOSS_WAREHOUSE_GT3ADR,flip_counterfactual,PAIR_TWO_SIDED_GRID_T100_S020_STOP_AFTER_3_PAIR_RESETS_WEEK,close_small_loss_warehouse_large_loss,AUDCAD,108.808111,108.701121,-0.10699,-745.120185,-5.295424,883.11187,1,591ADB801AB1E93EF65A9A20DB08C7021069DA32EC6C47C65C1014DFE8B78754
PAIR_TWO_SIDED_GRID_T100_S020_STOP_AFTER_3_PAIR_RESETS_WEEK__FLIP_CLOSE_SMALL_LOSS_WAREHOUSE_GT3ADR,flip_counterfactual,PAIR_TWO_SIDED_GRID_T100_S020_STOP_AFTER_3_PAIR_RESETS_WEEK,close_small_loss_warehouse_large_loss,USDCAD,344.054616,259.87846,-84.176156,-193.37411,-4.681504,787.386793,1,4D920A05B2746AE8D4A38E50132C44EAA43D9BC49AAF8763178DFD40FB010FD5
PAIR_TWO_SIDED_GRID_T100_S020_STOP_AFTER_3_PAIR_RESETS_WEEK__FLIP_CLOSE_SMALL_LOSS_WAREHOUSE_GT3ADR,flip_counterfactual,PAIR_TWO_SIDED_GRID_T100_S020_STOP_AFTER_3_PAIR_RESETS_WEEK,close_small_loss_warehouse_large_loss,NZDUSD,281.966309,262.461351,-19.504958,-313.181574,-2.705055,766.100471,1,B7534F28C71E852881501E96E75E3A790457D5D79275647DD2678A01725DEF09
PAIR_TWO_SIDED_GRID_T100_S020_STOP_AFTER_3_PAIR_RESETS_WEEK__FLIP_CLOSE_SMALL_LOSS_WAREHOUSE_GT3ADR,flip_counterfactual,PAIR_TWO_SIDED_GRID_T100_S020_STOP_AFTER_3_PAIR_RESETS_WEEK,close_small_loss_warehouse_large_loss,AUDUSD,317.51625,317.51625,0,-276.095331,-4.195174,806.538768,0,2A28FFFFD31061D988D2F364DFDE91EA3B952D83F0A12405D02CF62B226A503E
PAIR_TWO_SIDED_GRID_T100_S020_STOP_AFTER_3_PAIR_RESETS_WEEK__FLIP_CLOSE_SMALL_LOSS_WAREHOUSE_GT3ADR,flip_counterfactual,PAIR_TWO_SIDED_GRID_T100_S020_STOP_AFTER_3_PAIR_RESETS_WEEK,close_small_loss_warehouse_large_loss,GBPJPY,420.548211,414.941901,-5.60631,-838.105417,-3.004077,764.642505,1,B34CF8CC30A6DD461B243877BFCB8F886E15D06053336C9D6F328012B29C0305
PAIR_TWO_SIDED_GRID_T100_S020_STOP_AFTER_3_PAIR_RESETS_WEEK__FLIP_CLOSE_SMALL_LOSS_WAREHOUSE_GT3ADR,flip_counterfactual,PAIR_TWO_SIDED_GRID_T100_S020_STOP_AFTER_3_PAIR_RESETS_WEEK,close_small_loss_warehouse_large_loss,GBPUSD,438.096971,438.096971,0,-397.152394,-8.818234,786.817083,0,DD25E65F8B21FF7DB499C1519742CBBB8729D6DB80BB2A8BB2AE02997E336815
PAIR_TWO_SIDED_GRID_T100_S020_STOP_AFTER_3_PAIR_RESETS_WEEK__FLIP_CLOSE_SMALL_LOSS_WAREHOUSE_GT3ADR,flip_counterfactual,PAIR_TWO_SIDED_GRID_T100_S020_STOP_AFTER_3_PAIR_RESETS_WEEK,close_small_loss_warehouse_large_loss,GBPCAD,470.979667,468.756469,-2.223198,-2301.5569,-8.68011,715.198395,1,E5FB285A469641A46A2657E276BBBA5CF7FECE6B809C487333B244484A777E93
PAIR_TWO_SIDED_GRID_T100_S020_STOP_AFTER_3_PAIR_RESETS_WEEK__FLIP_CLOSE_SMALL_LOSS_WAREHOUSE_GT3ADR,flip_counterfactual,PAIR_TWO_SIDED_GRID_T100_S020_STOP_AFTER_3_PAIR_RESETS_WEEK,close_small_loss_warehouse_large_loss,USDJPY,490.233192,478.228728,-12.004464,-294.136395,-7.242112,775.013269,1,F43B0C00412E05AE146CEA6177AD9A3DAA245B66D1DABB6F747FE4168A58CCF0
PAIR_TWO_SIDED_GRID_T100_S020_STOP_AFTER_3_PAIR_RESETS_WEEK__FLIP_CLOSE_SMALL_LOSS_WAREHOUSE_GT3ADR,flip_counterfactual,PAIR_TWO_SIDED_GRID_T100_S020_STOP_AFTER_3_PAIR_RESETS_WEEK,close_small_loss_warehouse_large_loss,AUDCHF,494.448591,494.448591,0,-286.746912,-5.296509,833.890609,0,91A552DDA245B24589ED015666C1D6CE79D08C12AC3ADB9B2479B42E8C959FF7
PAIR_TWO_SIDED_GRID_T100_S020_STOP_AFTER_3_PAIR_RESETS_WEEK__FLIP_CLOSE_SMALL_LOSS_WAREHOUSE_GT3ADR,flip_counterfactual,PAIR_TWO_SIDED_GRID_T100_S020_STOP_AFTER_3_PAIR_RESETS_WEEK,close_small_loss_warehouse_large_loss,EURCHF,512.58412,512.58412,0,-972.863432,-3.376013,617.119847,0,BB8131CA74D4196EE7026AAF1FDC34B278680C083419118DC7C58B3F77C77824
PAIR_TWO_SIDED_GRID_T100_S020_STOP_AFTER_3_PAIR_RESETS_WEEK__FLIP_CLOSE_SMALL_LOSS_WAREHOUSE_GT3ADR,flip_counterfactual,PAIR_TWO_SIDED_GRID_T100_S020_STOP_AFTER_3_PAIR_RESETS_WEEK,close_small_loss_warehouse_large_loss,GBPAUD,545.93078,535.783652,-10.147128,-344.640224,-4.729436,765.948939,1,334E9C768A6CDEE1925B8CC77D59B6547467DD59D329439EFFF2819F0E9F3806
PAIR_TWO_SIDED_GRID_T100_S020_STOP_AFTER_3_PAIR_RESETS_WEEK__FLIP_CLOSE_SMALL_LOSS_WAREHOUSE_GT3ADR,flip_counterfactual,PAIR_TWO_SIDED_GRID_T100_S020_STOP_AFTER_3_PAIR_RESETS_WEEK,close_small_loss_warehouse_large_loss,CADJPY,551.583491,550.96256,-0.620931,-213.879587,-3.611943,800.610028,1,BE6ACD2DFCFF6C3FCF27903F5046A0EB6E6E92B699E9B22154B9E927C91FE5CE
PAIR_TWO_SIDED_GRID_T100_S020_STOP_AFTER_3_PAIR_RESETS_WEEK__FLIP_CLOSE_SMALL_LOSS_WAREHOUSE_GT3ADR,flip_counterfactual,PAIR_TWO_SIDED_GRID_T100_S020_STOP_AFTER_3_PAIR_RESETS_WEEK,close_small_loss_warehouse_large_loss,EURJPY,580.533396,580.533396,0,-733.337867,-6.215801,700.38369,0,B3A2586FFCE78EEFDD694AA6D368EA6341AF19F64B54F70F7F62FC546297F313
PAIR_TWO_SIDED_GRID_T100_S020_STOP_AFTER_3_PAIR_RESETS_WEEK__FLIP_CLOSE_SMALL_LOSS_WAREHOUSE_GT3ADR,flip_counterfactual,PAIR_TWO_SIDED_GRID_T100_S020_STOP_AFTER_3_PAIR_RESETS_WEEK,close_small_loss_warehouse_large_loss,GBPCHF,640.442643,622.610106,-17.832537,-296.16294,0,749.293247,1,CC953A6B3CB1CE7BF35D7C2C702A6B8126E95DE1E07EFBAA32CEE72B348CBC30
PAIR_TWO_SIDED_GRID_T100_S020_STOP_AFTER_3_PAIR_RESETS_WEEK__FLIP_CLOSE_SMALL_LOSS_WAREHOUSE_GT3ADR,flip_counterfactual,PAIR_TWO_SIDED_GRID_T100_S020_STOP_AFTER_3_PAIR_RESETS_WEEK,close_small_loss_warehouse_large_loss,EURUSD,665.713068,633.922964,-31.790104,-388.967793,-3.787745,753.207328,1,77126339EAB44488B9D571BA2B517218834D5A0CA6E52E9955995D42E6D6B75C
PAIR_TWO_SIDED_GRID_T100_S020_STOP_AFTER_3_PAIR_RESETS_WEEK__FLIP_CLOSE_SMALL_LOSS_WAREHOUSE_GT3ADR,flip_counterfactual,PAIR_TWO_SIDED_GRID_T100_S020_STOP_AFTER_3_PAIR_RESETS_WEEK,close_small_loss_warehouse_large_loss,USDCHF,666.780997,650.746217,-16.03478,-281.399253,-2.082811,752.662778,1,2271B08171A786226C90C623A661672EF66A9957F265E2816CD63FB7905F1BFB
PAIR_TWO_SIDED_GRID_T100_S020_STOP_AFTER_3_PAIR_RESETS_WEEK__FLIP_CLOSE_SMALL_LOSS_WAREHOUSE_GT3ADR,flip_counterfactual,PAIR_TWO_SIDED_GRID_T100_S020_STOP_AFTER_3_PAIR_RESETS_WEEK,close_small_loss_warehouse_large_loss,GBPNZD,688.569701,665.908622,-22.661079,-324.585404,-3.903472,842.074987,1,1787E9884222C4676FFAF12220BC263E757D83E157E7A462C0429AB68C55EE86
PAIR_TWO_SIDED_GRID_T100_S020_STOP_AFTER_3_PAIR_RESETS_WEEK__FLIP_CLOSE_SMALL_LOSS_WAREHOUSE_GT3ADR,flip_counterfactual,PAIR_TWO_SIDED_GRID_T100_S020_STOP_AFTER_3_PAIR_RESETS_WEEK,close_small_loss_warehouse_large_loss,NZDCAD,673.064345,673.064345,0,-92.175046,-5.598066,899.835327,0,95CFEB13203DDADA9FA6836738EA867B76391EE447478EC029E7F85F4822005A
PAIR_TWO_SIDED_GRID_T100_S020_STOP_AFTER_3_PAIR_RESETS_WEEK__FLIP_CLOSE_SMALL_LOSS_WAREHOUSE_GT3ADR,flip_counterfactual,PAIR_TWO_SIDED_GRID_T100_S020_STOP_AFTER_3_PAIR_RESETS_WEEK,close_small_loss_warehouse_large_loss,EURGBP,710.908803,707.204871,-3.703932,-424.056209,-3.401769,762.287667,1,D89315AE5E5DB0B67774446231D3816C243A9D4198243B6305095185828175DD
PAIR_TWO_SIDED_GRID_T100_S020_STOP_AFTER_3_PAIR_RESETS_WEEK__FLIP_CLOSE_SMALL_LOSS_WAREHOUSE_GT3ADR,flip_counterfactual,PAIR_TWO_SIDED_GRID_T100_S020_STOP_AFTER_3_PAIR_RESETS_WEEK,close_small_loss_warehouse_large_loss,EURAUD,782.217171,756.744576,-25.472595,-275.345544,-2.579976,831.136533,1,B60235DCF3A8137D255A6BAFF5055F90C6B3EB552232827CB8993DA435A4F152
PAIR_TWO_SIDED_GRID_T100_S020_STOP_AFTER_3_PAIR_RESETS_WEEK__FLIP_CLOSE_SMALL_LOSS_WAREHOUSE_GT3ADR,flip_counterfactual,PAIR_TWO_SIDED_GRID_T100_S020_STOP_AFTER_3_PAIR_RESETS_WEEK,close_small_loss_warehouse_large_loss,EURNZD,760.586755,760.586755,0,-262.281736,-0.355009,873.711159,0,45CAF13C594DA3E93FC008A4203850BF65006EF8C4397CDE9D4ED90C813133DF
PAIR_TWO_SIDED_GRID_T100_S020_STOP_AFTER_3_PAIR_RESETS_WEEK__FLIP_CLOSE_SMALL_LOSS_WAREHOUSE_GT3ADR,flip_counterfactual,PAIR_TWO_SIDED_GRID_T100_S020_STOP_AFTER_3_PAIR_RESETS_WEEK,close_small_loss_warehouse_large_loss,CHFJPY,774.842074,770.824743,-4.017331,-173.945225,-6.90201,796.524676,1,73351FD33412F28914F1CB7A960E4ED772BFF8875C8A7C91A2766BF3BA10F51F
PAIR_TWO_SIDED_GRID_T100_S020_STOP_AFTER_3_PAIR_RESETS_WEEK__FLIP_CLOSE_SMALL_LOSS_WAREHOUSE_GT3ADR,flip_counterfactual,PAIR_TWO_SIDED_GRID_T100_S020_STOP_AFTER_3_PAIR_RESETS_WEEK,close_small_loss_warehouse_large_loss,CADCHF,779.803379,774.700459,-5.10292,-103.86496,-5.260403,857.783736,1,DE49825219F4A6882E983FC74806F795A6561342FE1930B1151F53EFED9CDC46
PAIR_TWO_SIDED_GRID_T100_S020_STOP_AFTER_3_PAIR_RESETS_WEEK__FLIP_CLOSE_SMALL_LOSS_WAREHOUSE_GT3ADR,flip_counterfactual,PAIR_TWO_SIDED_GRID_T100_S020_STOP_AFTER_3_PAIR_RESETS_WEEK,close_small_loss_warehouse_large_loss,AUDJPY,774.919739,774.919739,0,-190.11319,-6.912551,904.893862,0,DBC7C0CC3B9C7D4BC4D5DE29CA6D4BBE4CEE17553C047B046C7BC067C094109D
PAIR_TWO_SIDED_GRID_T100_S020_STOP_AFTER_3_PAIR_RESETS_WEEK__FLIP_CLOSE_SMALL_LOSS_WAREHOUSE_GT3ADR,flip_counterfactual,PAIR_TWO_SIDED_GRID_T100_S020_STOP_AFTER_3_PAIR_RESETS_WEEK,close_small_loss_warehouse_large_loss,EURCAD,788.076999,788.076999,0,-196.671751,-13.675023,840.036348,0,69A035A49E9D63D718A01D34976B86A47BC39F11EBC43CA9501BB3C2E58E060B
PAIR_TWO_SIDED_GRID_T100_S020_STOP_AFTER_3_PAIR_RESETS_WEEK__FLIP_CLOSE_SMALL_LOSS_WAREHOUSE_GT3ADR,flip_counterfactual,PAIR_TWO_SIDED_GRID_T100_S020_STOP_AFTER_3_PAIR_RESETS_WEEK,close_small_loss_warehouse_large_loss,NZDJPY,835.575542,818.34034,-17.235202,-114.45489,-10.103821,911.555028,1,3E49834DD4907AD66865A9F272AF6F602FD7322B6A15C7C1F9A643ED8CD2355A
PAIR_TWO_SIDED_GRID_T100_S020_STOP_AFTER_3_PAIR_RESETS_WEEK__FLIP_CLOSE_SMALL_LOSS_WAREHOUSE_GT3ADR,flip_counterfactual,PAIR_TWO_SIDED_GRID_T100_S020_STOP_AFTER_3_PAIR_RESETS_WEEK,close_small_loss_warehouse_large_loss,NZDCHF,839.915463,840.140867,0.225404,-100.762411,-0.960081,949.189168,1,12DBF500CB7662D40A7928B9527A94A995A4835113457ADDAADA71AC424FA2DC
PAIR_TWO_SIDED_GRID_T100_S020_STOP_AFTER_3_PAIR_RESETS_WEEK__FLIP_GRACE_1W,flip_counterfactual,PAIR_TWO_SIDED_GRID_T100_S020_STOP_AFTER_3_PAIR_RESETS_WEEK,grace_window_losing_flip_no_new_fills,AUDNZD,284.882749,-1788.186551,-2073.0693,-2433.415597,0,630.1655,1,794BC7F904EDFD9D98FC35C743E0095F1F9D1B5531D6FABFC4478CCD2BF44C29
PAIR_TWO_SIDED_GRID_T100_S020_STOP_AFTER_3_PAIR_RESETS_WEEK__FLIP_GRACE_1W,flip_counterfactual,PAIR_TWO_SIDED_GRID_T100_S020_STOP_AFTER_3_PAIR_RESETS_WEEK,grace_window_losing_flip_no_new_fills,AUDUSD,223.521651,223.521651,0,-371.551901,0,806.538768,0,3C8CC8E25A06B25EE93AE00B676E19F1207B268E485577B40B03B9E6B07425A8
PAIR_TWO_SIDED_GRID_T100_S020_STOP_AFTER_3_PAIR_RESETS_WEEK__FLIP_GRACE_1W,flip_counterfactual,PAIR_TWO_SIDED_GRID_T100_S020_STOP_AFTER_3_PAIR_RESETS_WEEK,grace_window_losing_flip_no_new_fills,USDCAD,320.823475,236.647319,-84.176156,-193.37411,0,787.386793,1,2D2BA87AFF48C5159CC9FBC65315015A39BF025DD74D403427CBD2C1A4F05623
PAIR_TWO_SIDED_GRID_T100_S020_STOP_AFTER_3_PAIR_RESETS_WEEK__FLIP_GRACE_1W,flip_counterfactual,PAIR_TWO_SIDED_GRID_T100_S020_STOP_AFTER_3_PAIR_RESETS_WEEK,grace_window_losing_flip_no_new_fills,GBPUSD,263.909975,263.909975,0,-397.152394,0,786.817083,0,352DE34B40AAE37E6F1834323B23A34F77132244D805D09CCBECA66D924A7421
PAIR_TWO_SIDED_GRID_T100_S020_STOP_AFTER_3_PAIR_RESETS_WEEK__FLIP_GRACE_1W,flip_counterfactual,PAIR_TWO_SIDED_GRID_T100_S020_STOP_AFTER_3_PAIR_RESETS_WEEK,grace_window_losing_flip_no_new_fills,NZDUSD,309.92042,290.415462,-19.504958,-313.181574,0,766.100471,1,03AAE7A67D6F763C4EF2DB2EAC2ADC4B53DFE963819D89D930BC52B73BA02791
PAIR_TWO_SIDED_GRID_T100_S020_STOP_AFTER_3_PAIR_RESETS_WEEK__FLIP_GRACE_1W,flip_counterfactual,PAIR_TWO_SIDED_GRID_T100_S020_STOP_AFTER_3_PAIR_RESETS_WEEK,grace_window_losing_flip_no_new_fills,GBPJPY,458.703925,453.097615,-5.60631,-838.105417,0,764.642505,1,D5C91CA00A8D61F080F0620304C8887147D74C8F626E9426972D943C207E82AA
PAIR_TWO_SIDED_GRID_T100_S020_STOP_AFTER_3_PAIR_RESETS_WEEK__FLIP_GRACE_1W,flip_counterfactual,PAIR_TWO_SIDED_GRID_T100_S020_STOP_AFTER_3_PAIR_RESETS_WEEK,grace_window_losing_flip_no_new_fills,USDJPY,465.410596,453.406132,-12.004464,-294.136395,0,775.013269,1,9359B1FD9EEDD73A6DD4A0C133E238165D591EF3B0AEB4DDE0C7842A34C40DBB
PAIR_TWO_SIDED_GRID_T100_S020_STOP_AFTER_3_PAIR_RESETS_WEEK__FLIP_GRACE_1W,flip_counterfactual,PAIR_TWO_SIDED_GRID_T100_S020_STOP_AFTER_3_PAIR_RESETS_WEEK,grace_window_losing_flip_no_new_fills,AUDCHF,473.970572,473.970572,0,-320.024308,0,833.890609,0,FBE08289FC4740F7FCACE63D0065457781D6D504C1A763D35433F96E4463623A
PAIR_TWO_SIDED_GRID_T100_S020_STOP_AFTER_3_PAIR_RESETS_WEEK__FLIP_GRACE_1W,flip_counterfactual,PAIR_TWO_SIDED_GRID_T100_S020_STOP_AFTER_3_PAIR_RESETS_WEEK,grace_window_losing_flip_no_new_fills,GBPCAD,494.860161,492.636963,-2.223198,-2301.5569,0,715.198395,1,4AE1C9778C7B8B7105C88E1B2693BA229E874267151876E11CBE7B0EA547F123
PAIR_TWO_SIDED_GRID_T100_S020_STOP_AFTER_3_PAIR_RESETS_WEEK__FLIP_GRACE_1W,flip_counterfactual,PAIR_TWO_SIDED_GRID_T100_S020_STOP_AFTER_3_PAIR_RESETS_WEEK,grace_window_losing_flip_no_new_fills,EURCHF,496.289773,496.289773,0,-972.863432,0,617.119847,0,142389D591477F0F2B8D9B80A1EDF7ACD12D15A9AE58067912255449C4B06998
PAIR_TWO_SIDED_GRID_T100_S020_STOP_AFTER_3_PAIR_RESETS_WEEK__FLIP_GRACE_1W,flip_counterfactual,PAIR_TWO_SIDED_GRID_T100_S020_STOP_AFTER_3_PAIR_RESETS_WEEK,grace_window_losing_flip_no_new_fills,GBPAUD,538.348841,528.201713,-10.147128,-344.640224,0,765.948939,1,C38BBB986F497B76DD8D179FF4573459E3C559BCB2D08EE270C1CC6B43BB9EFF
PAIR_TWO_SIDED_GRID_T100_S020_STOP_AFTER_3_PAIR_RESETS_WEEK__FLIP_GRACE_1W,flip_counterfactual,PAIR_TWO_SIDED_GRID_T100_S020_STOP_AFTER_3_PAIR_RESETS_WEEK,grace_window_losing_flip_no_new_fills,EURJPY,536.801013,536.801013,0,-733.337867,0,700.38369,0,0EBEA19E5A27A0E10EC2A1BBAC84701C308A232CB5B8B001653818A54325F2B0
PAIR_TWO_SIDED_GRID_T100_S020_STOP_AFTER_3_PAIR_RESETS_WEEK__FLIP_GRACE_1W,flip_counterfactual,PAIR_TWO_SIDED_GRID_T100_S020_STOP_AFTER_3_PAIR_RESETS_WEEK,grace_window_losing_flip_no_new_fills,GBPCHF,624.216749,606.384212,-17.832537,-296.16294,0,749.293247,1,0259B04ED8587EDBBA1659086835BCC97983D4FF0C8B635A7F05A665E9A32EEA
PAIR_TWO_SIDED_GRID_T100_S020_STOP_AFTER_3_PAIR_RESETS_WEEK__FLIP_GRACE_1W,flip_counterfactual,PAIR_TWO_SIDED_GRID_T100_S020_STOP_AFTER_3_PAIR_RESETS_WEEK,grace_window_losing_flip_no_new_fills,GBPNZD,650.356612,627.695533,-22.661079,-324.585404,0,842.074987,1,265BD420F47A2155500BD0C9207A9AAD187BEDDB505BD9EB27B758D53C6CB9E1
PAIR_TWO_SIDED_GRID_T100_S020_STOP_AFTER_3_PAIR_RESETS_WEEK__FLIP_GRACE_1W,flip_counterfactual,PAIR_TWO_SIDED_GRID_T100_S020_STOP_AFTER_3_PAIR_RESETS_WEEK,grace_window_losing_flip_no_new_fills,CADJPY,638.013063,637.392132,-0.620931,-213.879587,0,800.610028,1,A719DB7EED502A8B14FAA6ACE2A2E60C483A81C309A46979A73B57D6659E660D
PAIR_TWO_SIDED_GRID_T100_S020_STOP_AFTER_3_PAIR_RESETS_WEEK__FLIP_GRACE_1W,flip_counterfactual,PAIR_TWO_SIDED_GRID_T100_S020_STOP_AFTER_3_PAIR_RESETS_WEEK,grace_window_losing_flip_no_new_fills,EURUSD,675.449763,643.659659,-31.790104,-388.967793,0,753.207328,1,08E8E26F49DF7AB7E2A109C867062AC50D5DA6FC9F829B6C0DB7569C51A8E9ED
PAIR_TWO_SIDED_GRID_T100_S020_STOP_AFTER_3_PAIR_RESETS_WEEK__FLIP_GRACE_1W,flip_counterfactual,PAIR_TWO_SIDED_GRID_T100_S020_STOP_AFTER_3_PAIR_RESETS_WEEK,grace_window_losing_flip_no_new_fills,NZDCAD,678.357178,678.357178,0,-92.175046,0,899.835327,0,F09916D3F0B2EA0587292F31BB0E1BAF93DDD388ADA8A3E46BE3363C7B8F6A7A
PAIR_TWO_SIDED_GRID_T100_S020_STOP_AFTER_3_PAIR_RESETS_WEEK__FLIP_GRACE_1W,flip_counterfactual,PAIR_TWO_SIDED_GRID_T100_S020_STOP_AFTER_3_PAIR_RESETS_WEEK,grace_window_losing_flip_no_new_fills,USDCHF,698.768504,682.733724,-16.03478,-281.399253,0,752.662778,1,4CC2146944D3BA089664B2D02ED0DC5043EDDBAF95345F5B1F997B30915AAEB0
PAIR_TWO_SIDED_GRID_T100_S020_STOP_AFTER_3_PAIR_RESETS_WEEK__FLIP_GRACE_1W,flip_counterfactual,PAIR_TWO_SIDED_GRID_T100_S020_STOP_AFTER_3_PAIR_RESETS_WEEK,grace_window_losing_flip_no_new_fills,EURGBP,714.877743,711.173811,-3.703932,-424.056209,0,762.287667,1,31820352BEABB6BF6F283C9237768935E14778BF6959252C8F02DF272B70C08B
PAIR_TWO_SIDED_GRID_T100_S020_STOP_AFTER_3_PAIR_RESETS_WEEK__FLIP_GRACE_1W,flip_counterfactual,PAIR_TWO_SIDED_GRID_T100_S020_STOP_AFTER_3_PAIR_RESETS_WEEK,grace_window_losing_flip_no_new_fills,AUDJPY,712.289256,712.289256,0,-190.11319,0,904.893862,0,97814E528F160AF277F684B40028B25CD8435910B1CAB53A4BBBD724F3E19FAE
PAIR_TWO_SIDED_GRID_T100_S020_STOP_AFTER_3_PAIR_RESETS_WEEK__FLIP_GRACE_1W,flip_counterfactual,PAIR_TWO_SIDED_GRID_T100_S020_STOP_AFTER_3_PAIR_RESETS_WEEK,grace_window_losing_flip_no_new_fills,AUDCAD,723.087917,722.980927,-0.10699,-745.120185,0,883.11187,1,3E91C9CFE22429CCCC5E5013C5414E948C0AFCC96CD2524D66172AF4F8340EE1
PAIR_TWO_SIDED_GRID_T100_S020_STOP_AFTER_3_PAIR_RESETS_WEEK__FLIP_GRACE_1W,flip_counterfactual,PAIR_TWO_SIDED_GRID_T100_S020_STOP_AFTER_3_PAIR_RESETS_WEEK,grace_window_losing_flip_no_new_fills,CADCHF,738.444197,733.341277,-5.10292,-103.86496,0,857.783736,1,3B174A0D37B919CDACE4F824B9B946DE93A9E19EBB19C7D76DC16B66BF97FB1C
PAIR_TWO_SIDED_GRID_T100_S020_STOP_AFTER_3_PAIR_RESETS_WEEK__FLIP_GRACE_1W,flip_counterfactual,PAIR_TWO_SIDED_GRID_T100_S020_STOP_AFTER_3_PAIR_RESETS_WEEK,grace_window_losing_flip_no_new_fills,EURAUD,783.243297,757.770702,-25.472595,-275.345544,0,831.136533,1,51F02502214743F95C96E41E42DA57ED6D47BBF5A0C81B166E9778FBF4C77675
PAIR_TWO_SIDED_GRID_T100_S020_STOP_AFTER_3_PAIR_RESETS_WEEK__FLIP_GRACE_1W,flip_counterfactual,PAIR_TWO_SIDED_GRID_T100_S020_STOP_AFTER_3_PAIR_RESETS_WEEK,grace_window_losing_flip_no_new_fills,EURNZD,759.414393,759.414393,0,-262.281736,0,873.711159,0,0442A30520EFB181582D33A461F1157E1E5D1AA763065EE86D1B3CA42CE15410
PAIR_TWO_SIDED_GRID_T100_S020_STOP_AFTER_3_PAIR_RESETS_WEEK__FLIP_GRACE_1W,flip_counterfactual,PAIR_TWO_SIDED_GRID_T100_S020_STOP_AFTER_3_PAIR_RESETS_WEEK,grace_window_losing_flip_no_new_fills,CHFJPY,771.659019,767.641688,-4.017331,-173.945225,0,796.524676,1,87367FDD1E0FE1A5A8C65E84ADF6D4C42E3AF6E0D875A68FBBFCFE09B80E1B3D
PAIR_TWO_SIDED_GRID_T100_S020_STOP_AFTER_3_PAIR_RESETS_WEEK__FLIP_GRACE_1W,flip_counterfactual,PAIR_TWO_SIDED_GRID_T100_S020_STOP_AFTER_3_PAIR_RESETS_WEEK,grace_window_losing_flip_no_new_fills,NZDJPY,800.335406,783.100204,-17.235202,-114.45489,0,911.555028,1,6CC6736270D968EA091DEE9CCDE9E3F0F0A350BAD2BC6D8367769F628EA12861
PAIR_TWO_SIDED_GRID_T100_S020_STOP_AFTER_3_PAIR_RESETS_WEEK__FLIP_GRACE_1W,flip_counterfactual,PAIR_TWO_SIDED_GRID_T100_S020_STOP_AFTER_3_PAIR_RESETS_WEEK,grace_window_losing_flip_no_new_fills,EURCAD,831.197484,831.197484,0,-196.671751,0,840.036348,0,F05C43E331AC89014E211FA28C1B0AADB6496DAE87BD7432F0F4ACADFA1677A6
PAIR_TWO_SIDED_GRID_T100_S020_STOP_AFTER_3_PAIR_RESETS_WEEK__FLIP_GRACE_1W,flip_counterfactual,PAIR_TWO_SIDED_GRID_T100_S020_STOP_AFTER_3_PAIR_RESETS_WEEK,grace_window_losing_flip_no_new_fills,NZDCHF,844.454129,844.679533,0.225404,-100.762411,0,949.189168,1,E01206ED9CB171FD79B9A6EDAC6ED43E9290E150D943D3F795945793430F60A2
PAIR_TWO_SIDED_GRID_T100_S020_STOP_AFTER_3_PAIR_RESETS_WEEK__FLIP_LOSER_WAREHOUSE,flip_counterfactual,PAIR_TWO_SIDED_GRID_T100_S020_STOP_AFTER_3_PAIR_RESETS_WEEK,warehouse_losing_flip_no_new_fills,AUDNZD,195.527907,-1877.541393,-2073.0693,-2433.415597,0,630.1655,1,3000A2C4DEFB94C13F378435ED46D65D7F189641932498C3D144B8DC06AA07FB
PAIR_TWO_SIDED_GRID_T100_S020_STOP_AFTER_3_PAIR_RESETS_WEEK__FLIP_LOSER_WAREHOUSE,flip_counterfactual,PAIR_TWO_SIDED_GRID_T100_S020_STOP_AFTER_3_PAIR_RESETS_WEEK,warehouse_losing_flip_no_new_fills,AUDCAD,99.187703,99.080713,-0.10699,-745.120185,0,883.11187,1,59FFC68A8EF63007F982CE43E772832425133B452DAA29304E5A70D8675DB61F
PAIR_TWO_SIDED_GRID_T100_S020_STOP_AFTER_3_PAIR_RESETS_WEEK__FLIP_LOSER_WAREHOUSE,flip_counterfactual,PAIR_TWO_SIDED_GRID_T100_S020_STOP_AFTER_3_PAIR_RESETS_WEEK,warehouse_losing_flip_no_new_fills,USDCAD,349.008114,264.831958,-84.176156,-193.37411,0,787.386793,1,324B12DDBE745105C3C9C5B6FC5A6AA09363ED2D6D601F8900CF5CA926CA00AF
PAIR_TWO_SIDED_GRID_T100_S020_STOP_AFTER_3_PAIR_RESETS_WEEK__FLIP_LOSER_WAREHOUSE,flip_counterfactual,PAIR_TWO_SIDED_GRID_T100_S020_STOP_AFTER_3_PAIR_RESETS_WEEK,warehouse_losing_flip_no_new_fills,NZDUSD,284.704853,265.199895,-19.504958,-313.181574,0,766.100471,1,C1192AEC71D5202B0904D1F9C257DDD03605B1B5F1850132F6E1D7EE9DB7D227
PAIR_TWO_SIDED_GRID_T100_S020_STOP_AFTER_3_PAIR_RESETS_WEEK__FLIP_LOSER_WAREHOUSE,flip_counterfactual,PAIR_TWO_SIDED_GRID_T100_S020_STOP_AFTER_3_PAIR_RESETS_WEEK,warehouse_losing_flip_no_new_fills,AUDUSD,315.259123,315.259123,0,-276.095331,0,806.538768,0,58A70494595452E5742D0F2E74BE6A44766CA0D95E9507AA0503438BDE7AF03B
PAIR_TWO_SIDED_GRID_T100_S020_STOP_AFTER_3_PAIR_RESETS_WEEK__FLIP_LOSER_WAREHOUSE,flip_counterfactual,PAIR_TWO_SIDED_GRID_T100_S020_STOP_AFTER_3_PAIR_RESETS_WEEK,warehouse_losing_flip_no_new_fills,GBPJPY,424.088938,418.482628,-5.60631,-838.105417,0,764.642505,1,66D80ADD1EC1AACA26FDC83B5168305DCCAA8FB27EAF85529A16AC0BB40C06F8
PAIR_TWO_SIDED_GRID_T100_S020_STOP_AFTER_3_PAIR_RESETS_WEEK__FLIP_LOSER_WAREHOUSE,flip_counterfactual,PAIR_TWO_SIDED_GRID_T100_S020_STOP_AFTER_3_PAIR_RESETS_WEEK,warehouse_losing_flip_no_new_fills,GBPUSD,447.56885,447.56885,0,-397.152394,0,786.817083,0,7E6A586032ADC57935CB9C2420AF1450EF4F3F785CB2807C2AA4F3853A0FC298
PAIR_TWO_SIDED_GRID_T100_S020_STOP_AFTER_3_PAIR_RESETS_WEEK__FLIP_LOSER_WAREHOUSE,flip_counterfactual,PAIR_TWO_SIDED_GRID_T100_S020_STOP_AFTER_3_PAIR_RESETS_WEEK,warehouse_losing_flip_no_new_fills,GBPCAD,480.262224,478.039026,-2.223198,-2301.5569,0,715.198395,1,2FD0298C395CCD9D4217C3CD40C1A857182D89AD830D9938CB3F7780FF72C890
PAIR_TWO_SIDED_GRID_T100_S020_STOP_AFTER_3_PAIR_RESETS_WEEK__FLIP_LOSER_WAREHOUSE,flip_counterfactual,PAIR_TWO_SIDED_GRID_T100_S020_STOP_AFTER_3_PAIR_RESETS_WEEK,warehouse_losing_flip_no_new_fills,USDJPY,498.030703,486.026239,-12.004464,-294.136395,0,775.013269,1,7DC4292E274B542684DC687A1F0119D56DE9859349581783851171B973F0ACE3
PAIR_TWO_SIDED_GRID_T100_S020_STOP_AFTER_3_PAIR_RESETS_WEEK__FLIP_LOSER_WAREHOUSE,flip_counterfactual,PAIR_TWO_SIDED_GRID_T100_S020_STOP_AFTER_3_PAIR_RESETS_WEEK,warehouse_losing_flip_no_new_fills,AUDCHF,500.237406,500.237406,0,-286.746912,0,833.890609,0,2A26E1D7E8BFA68CFB4D89EC5FD524BBBD3E3AAE54CB2E0876F3826F03E04805
PAIR_TWO_SIDED_GRID_T100_S020_STOP_AFTER_3_PAIR_RESETS_WEEK__FLIP_LOSER_WAREHOUSE,flip_counterfactual,PAIR_TWO_SIDED_GRID_T100_S020_STOP_AFTER_3_PAIR_RESETS_WEEK,warehouse_losing_flip_no_new_fills,EURCHF,516.115881,516.115881,0,-972.863432,0,617.119847,0,802ED59F031A838B28762699D227E023E42A1BC88117308C0315A00FF5A2A91C
PAIR_TWO_SIDED_GRID_T100_S020_STOP_AFTER_3_PAIR_RESETS_WEEK__FLIP_LOSER_WAREHOUSE,flip_counterfactual,PAIR_TWO_SIDED_GRID_T100_S020_STOP_AFTER_3_PAIR_RESETS_WEEK,warehouse_losing_flip_no_new_fills,GBPAUD,535.677915,525.530787,-10.147128,-344.640224,0,765.948939,1,E4FA029A929CFECCCD45ABF38D68773F2E5BDDE8C1FC1558729B15A63A306F77
PAIR_TWO_SIDED_GRID_T100_S020_STOP_AFTER_3_PAIR_RESETS_WEEK__FLIP_LOSER_WAREHOUSE,flip_counterfactual,PAIR_TWO_SIDED_GRID_T100_S020_STOP_AFTER_3_PAIR_RESETS_WEEK,warehouse_losing_flip_no_new_fills,CADJPY,555.607207,554.986276,-0.620931,-213.879587,0,800.610028,1,CB4F108E023E8FCA266C7BEBF7597C056211F89CC911ED90A9DA0196EAACDDEA
PAIR_TWO_SIDED_GRID_T100_S020_STOP_AFTER_3_PAIR_RESETS_WEEK__FLIP_LOSER_WAREHOUSE,flip_counterfactual,PAIR_TWO_SIDED_GRID_T100_S020_STOP_AFTER_3_PAIR_RESETS_WEEK,warehouse_losing_flip_no_new_fills,EURJPY,587.213968,587.213968,0,-733.337867,0,700.38369,0,6A096C1E40C8282B046EA7414DAB3F2570B6AEE049B81FEA8FB54DFAF6674306
PAIR_TWO_SIDED_GRID_T100_S020_STOP_AFTER_3_PAIR_RESETS_WEEK__FLIP_LOSER_WAREHOUSE,flip_counterfactual,PAIR_TWO_SIDED_GRID_T100_S020_STOP_AFTER_3_PAIR_RESETS_WEEK,warehouse_losing_flip_no_new_fills,GBPCHF,640.442643,622.610106,-17.832537,-296.16294,0,749.293247,1,F4901E7F1655BFA33FE3E057D6C55530FC9BA5CF459BFABAF495308730C30FFE
PAIR_TWO_SIDED_GRID_T100_S020_STOP_AFTER_3_PAIR_RESETS_WEEK__FLIP_LOSER_WAREHOUSE,flip_counterfactual,PAIR_TWO_SIDED_GRID_T100_S020_STOP_AFTER_3_PAIR_RESETS_WEEK,warehouse_losing_flip_no_new_fills,EURUSD,654.528576,622.738472,-31.790104,-388.967793,0,753.207328,1,A75BF8022DD0C99345DB2237CFE37E2C16641B877C7A55946D54B4DBA3F2F29B
PAIR_TWO_SIDED_GRID_T100_S020_STOP_AFTER_3_PAIR_RESETS_WEEK__FLIP_LOSER_WAREHOUSE,flip_counterfactual,PAIR_TWO_SIDED_GRID_T100_S020_STOP_AFTER_3_PAIR_RESETS_WEEK,warehouse_losing_flip_no_new_fills,USDCHF,669.249168,653.214388,-16.03478,-281.399253,0,752.662778,1,4F66EDA4FEC1CF0340094AC083A4CE8AFC2B878FE306A8ABA927999023CF7C28
PAIR_TWO_SIDED_GRID_T100_S020_STOP_AFTER_3_PAIR_RESETS_WEEK__FLIP_LOSER_WAREHOUSE,flip_counterfactual,PAIR_TWO_SIDED_GRID_T100_S020_STOP_AFTER_3_PAIR_RESETS_WEEK,warehouse_losing_flip_no_new_fills,GBPNZD,692.706592,670.045513,-22.661079,-324.585404,0,842.074987,1,7433229807606733A4BA6F34C0553161BBC7C6546DEC5EAF230FECD3D0C9B247
PAIR_TWO_SIDED_GRID_T100_S020_STOP_AFTER_3_PAIR_RESETS_WEEK__FLIP_LOSER_WAREHOUSE,flip_counterfactual,PAIR_TWO_SIDED_GRID_T100_S020_STOP_AFTER_3_PAIR_RESETS_WEEK,warehouse_losing_flip_no_new_fills,NZDCAD,678.881137,678.881137,0,-92.175046,0,899.835327,0,FF013F7079E8F55FBE777F3025088CC7CB6A64741B56396DE4D8C1C07337E045
PAIR_TWO_SIDED_GRID_T100_S020_STOP_AFTER_3_PAIR_RESETS_WEEK__FLIP_LOSER_WAREHOUSE,flip_counterfactual,PAIR_TWO_SIDED_GRID_T100_S020_STOP_AFTER_3_PAIR_RESETS_WEEK,warehouse_losing_flip_no_new_fills,EURGBP,714.592224,710.888292,-3.703932,-424.056209,0,762.287667,1,AE84F7D0C6EB7EEFD0CE5DBFF6341AFCE306840DCDCE9DD071CDD535E3066E90
PAIR_TWO_SIDED_GRID_T100_S020_STOP_AFTER_3_PAIR_RESETS_WEEK__FLIP_LOSER_WAREHOUSE,flip_counterfactual,PAIR_TWO_SIDED_GRID_T100_S020_STOP_AFTER_3_PAIR_RESETS_WEEK,warehouse_losing_flip_no_new_fills,EURAUD,784.971218,759.498623,-25.472595,-275.345544,0,831.136533,1,BB840B6D26A01288BAABC14997987C2A1E38C92F6B3AC1CFCBD1E517D04D15AA
PAIR_TWO_SIDED_GRID_T100_S020_STOP_AFTER_3_PAIR_RESETS_WEEK__FLIP_LOSER_WAREHOUSE,flip_counterfactual,PAIR_TWO_SIDED_GRID_T100_S020_STOP_AFTER_3_PAIR_RESETS_WEEK,warehouse_losing_flip_no_new_fills,EURNZD,761.181349,761.181349,0,-262.281736,0,873.711159,0,CE31944115906BF6B8D603A6F8B2F9E3C82EC8F9BB14653594024ACA94D660C8
PAIR_TWO_SIDED_GRID_T100_S020_STOP_AFTER_3_PAIR_RESETS_WEEK__FLIP_LOSER_WAREHOUSE,flip_counterfactual,PAIR_TWO_SIDED_GRID_T100_S020_STOP_AFTER_3_PAIR_RESETS_WEEK,warehouse_losing_flip_no_new_fills,CHFJPY,767.009918,762.992587,-4.017331,-173.945225,0,796.524676,1,C0FD14E36B83DB4007A2BED56F61636288C7593F0F3C05649D5628E8042E41FD
PAIR_TWO_SIDED_GRID_T100_S020_STOP_AFTER_3_PAIR_RESETS_WEEK__FLIP_LOSER_WAREHOUSE,flip_counterfactual,PAIR_TWO_SIDED_GRID_T100_S020_STOP_AFTER_3_PAIR_RESETS_WEEK,warehouse_losing_flip_no_new_fills,CADCHF,785.435067,780.332147,-5.10292,-103.86496,0,857.783736,1,67F0F8744F2C0B5D1BCD413A704338CC9744D49D4CF953B9B1A266D92991DA44
PAIR_TWO_SIDED_GRID_T100_S020_STOP_AFTER_3_PAIR_RESETS_WEEK__FLIP_LOSER_WAREHOUSE,flip_counterfactual,PAIR_TWO_SIDED_GRID_T100_S020_STOP_AFTER_3_PAIR_RESETS_WEEK,warehouse_losing_flip_no_new_fills,AUDJPY,782.215301,782.215301,0,-190.11319,0,904.893862,0,745E9F4A9F1269D0E0BE1F40314A2A6D490E020A8E88D69B379F077C2CA030E3
PAIR_TWO_SIDED_GRID_T100_S020_STOP_AFTER_3_PAIR_RESETS_WEEK__FLIP_LOSER_WAREHOUSE,flip_counterfactual,PAIR_TWO_SIDED_GRID_T100_S020_STOP_AFTER_3_PAIR_RESETS_WEEK,warehouse_losing_flip_no_new_fills,EURCAD,802.308275,802.308275,0,-196.671751,0,840.036348,0,E9BD00A8623ACFD7ABF665BE1728581B21196123FC654B33F1D21B3C9B28C725
PAIR_TWO_SIDED_GRID_T100_S020_STOP_AFTER_3_PAIR_RESETS_WEEK__FLIP_LOSER_WAREHOUSE,flip_counterfactual,PAIR_TWO_SIDED_GRID_T100_S020_STOP_AFTER_3_PAIR_RESETS_WEEK,warehouse_losing_flip_no_new_fills,NZDJPY,830.754161,813.518959,-17.235202,-114.45489,0,911.555028,1,89367267294126C9F3DD8D166CDFBC73D404177CECB44E2BDD9536AC7E58D9F0
PAIR_TWO_SIDED_GRID_T100_S020_STOP_AFTER_3_PAIR_RESETS_WEEK__FLIP_LOSER_WAREHOUSE,flip_counterfactual,PAIR_TWO_SIDED_GRID_T100_S020_STOP_AFTER_3_PAIR_RESETS_WEEK,warehouse_losing_flip_no_new_fills,NZDCHF,840.887272,841.112676,0.225404,-100.762411,0,949.189168,1,E7D00F3906D813DD66AD3C29324BE98811BF8BDF74CEDA1D4FC6E9F5BAD5739E
PAIR_TWO_SIDED_GRID_T100_S020_STOP_AFTER_3_PAIR_RESETS_WEEK__NO_FLIP_FORCE_DIAGNOSTIC,flip_counterfactual,PAIR_TWO_SIDED_GRID_T100_S020_STOP_AFTER_3_PAIR_RESETS_WEEK,no_flip_force_no_new_fills,AUDNZD,637.073489,-2766.60052,-3403.674009,-3844.775363,0,630.1655,3,FEAD2A565567C37553716B717279F1CC4E51792E51FBA49F585B2E11331203D3
PAIR_TWO_SIDED_GRID_T100_S020_STOP_AFTER_3_PAIR_RESETS_WEEK__NO_FLIP_FORCE_DIAGNOSTIC,flip_counterfactual,PAIR_TWO_SIDED_GRID_T100_S020_STOP_AFTER_3_PAIR_RESETS_WEEK,no_flip_force_no_new_fills,EURJPY,715.310572,-244.031743,-959.342315,-1112.879607,0,700.38369,1,5B10F33070CF50E5452A50D795C9E5D0D7AEBB9924B09E09F1AAC2C1CE403EDA
PAIR_TWO_SIDED_GRID_T100_S020_STOP_AFTER_3_PAIR_RESETS_WEEK__NO_FLIP_FORCE_DIAGNOSTIC,flip_counterfactual,PAIR_TWO_SIDED_GRID_T100_S020_STOP_AFTER_3_PAIR_RESETS_WEEK,no_flip_force_no_new_fills,AUDCAD,885.724835,-222.307028,-1108.031863,-1277.019716,0,883.11187,2,56E8C0F9739750F4E134192583C89E520720AFF3CAADE5D5D0C7B08CACD074F8
PAIR_TWO_SIDED_GRID_T100_S020_STOP_AFTER_3_PAIR_RESETS_WEEK__NO_FLIP_FORCE_DIAGNOSTIC,flip_counterfactual,PAIR_TWO_SIDED_GRID_T100_S020_STOP_AFTER_3_PAIR_RESETS_WEEK,no_flip_force_no_new_fills,GBPCHF,752.432992,397.042061,-355.390931,-529.707193,0,749.293247,2,BC615A84629029715B707A23A2D0E1723A890D61E51C3A73A91A4B807EC00648
PAIR_TWO_SIDED_GRID_T100_S020_STOP_AFTER_3_PAIR_RESETS_WEEK__NO_FLIP_FORCE_DIAGNOSTIC,flip_counterfactual,PAIR_TWO_SIDED_GRID_T100_S020_STOP_AFTER_3_PAIR_RESETS_WEEK,no_flip_force_no_new_fills,USDCAD,795.957689,405.590758,-390.366931,-985.593132,0,787.386793,2,86B9B8AE7A42F1894E210D9F862633D087E70F5D92BC9A919E0C1A30F16DFC71
PAIR_TWO_SIDED_GRID_T100_S020_STOP_AFTER_3_PAIR_RESETS_WEEK__NO_FLIP_FORCE_DIAGNOSTIC,flip_counterfactual,PAIR_TWO_SIDED_GRID_T100_S020_STOP_AFTER_3_PAIR_RESETS_WEEK,no_flip_force_no_new_fills,AUDCHF,835.034839,423.783192,-411.251647,-823.830695,0,833.890609,1,DE982CB0B1F644BA195431DC7E141DE5C2DEDAA455C429DD74B1D8C110F06986
PAIR_TWO_SIDED_GRID_T100_S020_STOP_AFTER_3_PAIR_RESETS_WEEK__NO_FLIP_FORCE_DIAGNOSTIC,flip_counterfactual,PAIR_TWO_SIDED_GRID_T100_S020_STOP_AFTER_3_PAIR_RESETS_WEEK,no_flip_force_no_new_fills,CADJPY,824.218212,537.22096,-286.997252,-515.424346,0,800.610028,2,0CB2F815979B4DF69E11D338716AC2F05FDD7E493798576D8F211FB2DBC26D1F
PAIR_TWO_SIDED_GRID_T100_S020_STOP_AFTER_3_PAIR_RESETS_WEEK__NO_FLIP_FORCE_DIAGNOSTIC,flip_counterfactual,PAIR_TWO_SIDED_GRID_T100_S020_STOP_AFTER_3_PAIR_RESETS_WEEK,no_flip_force_no_new_fills,GBPCAD,718.931319,550.451649,-168.47967,-2301.5569,0,715.198395,2,7C8914CCC98F25ABCF9229AC23A4B7EBB53FD15E527275914EDF6DC0DB448DD9
PAIR_TWO_SIDED_GRID_T100_S020_STOP_AFTER_3_PAIR_RESETS_WEEK__NO_FLIP_FORCE_DIAGNOSTIC,flip_counterfactual,PAIR_TWO_SIDED_GRID_T100_S020_STOP_AFTER_3_PAIR_RESETS_WEEK,no_flip_force_no_new_fills,NZDUSD,771.01883,618.935359,-152.083471,-602.573499,0,766.100471,2,51B2F165A62F9735AFF24EDEBEBA5283404ED4F559626DD1A3A92304CEF9CA2D
PAIR_TWO_SIDED_GRID_T100_S020_STOP_AFTER_3_PAIR_RESETS_WEEK__NO_FLIP_FORCE_DIAGNOSTIC,flip_counterfactual,PAIR_TWO_SIDED_GRID_T100_S020_STOP_AFTER_3_PAIR_RESETS_WEEK,no_flip_force_no_new_fills,EURCHF,622.354304,622.354304,0,-972.863432,0,617.119847,0,23202848190B16A015EE374C70F02B3441E499675B95EAB38880810A403E1AD6
PAIR_TWO_SIDED_GRID_T100_S020_STOP_AFTER_3_PAIR_RESETS_WEEK__NO_FLIP_FORCE_DIAGNOSTIC,flip_counterfactual,PAIR_TWO_SIDED_GRID_T100_S020_STOP_AFTER_3_PAIR_RESETS_WEEK,no_flip_force_no_new_fills,EURUSD,756.595885,709.101965,-47.49392,-388.967793,0,753.207328,2,11AE31B54ABBD9050586E2D4B47CEBBB88C555869793F8E387A5DA4EF808DB34
PAIR_TWO_SIDED_GRID_T100_S020_STOP_AFTER_3_PAIR_RESETS_WEEK__NO_FLIP_FORCE_DIAGNOSTIC,flip_counterfactual,PAIR_TWO_SIDED_GRID_T100_S020_STOP_AFTER_3_PAIR_RESETS_WEEK,no_flip_force_no_new_fills,AUDJPY,907.625048,726.138033,-181.487015,-243.245063,0,904.893862,1,498A647668F073DD3F21FDD14A546FE19FA76D65A4A567C325828034DAC57704
PAIR_TWO_SIDED_GRID_T100_S020_STOP_AFTER_3_PAIR_RESETS_WEEK__NO_FLIP_FORCE_DIAGNOSTIC,flip_counterfactual,PAIR_TWO_SIDED_GRID_T100_S020_STOP_AFTER_3_PAIR_RESETS_WEEK,no_flip_force_no_new_fills,USDCHF,756.622436,740.587656,-16.03478,-281.399253,0,752.662778,1,829F1D053BE9C7F2DD6F48069D917E9A47C79F1E7FEAEC1094C539F7340445DD
PAIR_TWO_SIDED_GRID_T100_S020_STOP_AFTER_3_PAIR_RESETS_WEEK__NO_FLIP_FORCE_DIAGNOSTIC,flip_counterfactual,PAIR_TWO_SIDED_GRID_T100_S020_STOP_AFTER_3_PAIR_RESETS_WEEK,no_flip_force_no_new_fills,GBPAUD,769.826071,759.678943,-10.147128,-344.640224,0,765.948939,1,CBBC15BB57AD8FAF7673D9FBBB8D3D066113C415EAF28B583C2D8206BBEF84AC
PAIR_TWO_SIDED_GRID_T100_S020_STOP_AFTER_3_PAIR_RESETS_WEEK__NO_FLIP_FORCE_DIAGNOSTIC,flip_counterfactual,PAIR_TWO_SIDED_GRID_T100_S020_STOP_AFTER_3_PAIR_RESETS_WEEK,no_flip_force_no_new_fills,EURGBP,764.334067,760.630135,-3.703932,-424.056209,0,762.287667,1,B0C517ACDCB73DE73B2239D4787F4C83835BB68A622AE45818F1D0C10FD86251
PAIR_TWO_SIDED_GRID_T100_S020_STOP_AFTER_3_PAIR_RESETS_WEEK__NO_FLIP_FORCE_DIAGNOSTIC,flip_counterfactual,PAIR_TWO_SIDED_GRID_T100_S020_STOP_AFTER_3_PAIR_RESETS_WEEK,no_flip_force_no_new_fills,USDJPY,780.970349,768.965885,-12.004464,-294.136395,0,775.013269,1,961352D0CE6A2796DC275C2F51FDEBCD5877DEFE98F34EFE9EE09E4B320F3D33
PAIR_TWO_SIDED_GRID_T100_S020_STOP_AFTER_3_PAIR_RESETS_WEEK__NO_FLIP_FORCE_DIAGNOSTIC,flip_counterfactual,PAIR_TWO_SIDED_GRID_T100_S020_STOP_AFTER_3_PAIR_RESETS_WEEK,no_flip_force_no_new_fills,NZDCAD,901.964343,779.595237,-122.369106,-216.336985,0,899.835327,1,8875F0FA5C364ACC210C8D328903DBC118208B6F4D8F47AAC6C1F867E61C2912
PAIR_TWO_SIDED_GRID_T100_S020_STOP_AFTER_3_PAIR_RESETS_WEEK__NO_FLIP_FORCE_DIAGNOSTIC,flip_counterfactual,PAIR_TWO_SIDED_GRID_T100_S020_STOP_AFTER_3_PAIR_RESETS_WEEK,no_flip_force_no_new_fills,GBPJPY,785.267055,779.660745,-5.60631,-838.105417,0,764.642505,1,85F5EA36DB8BBA31B6730BA61F97012242A37EB19DDFF77B273EAFC06D6FFCBA
PAIR_TWO_SIDED_GRID_T100_S020_STOP_AFTER_3_PAIR_RESETS_WEEK__NO_FLIP_FORCE_DIAGNOSTIC,flip_counterfactual,PAIR_TWO_SIDED_GRID_T100_S020_STOP_AFTER_3_PAIR_RESETS_WEEK,no_flip_force_no_new_fills,GBPUSD,792.246282,792.246282,0,-397.152394,0,786.817083,0,A7B1AFD897F7E1652F0BE2861AB4F9D20D4FDC47D09FD1A062FAFAFED0C2D2A2
PAIR_TWO_SIDED_GRID_T100_S020_STOP_AFTER_3_PAIR_RESETS_WEEK__NO_FLIP_FORCE_DIAGNOSTIC,flip_counterfactual,PAIR_TWO_SIDED_GRID_T100_S020_STOP_AFTER_3_PAIR_RESETS_WEEK,no_flip_force_no_new_fills,CHFJPY,797.29223,793.274899,-4.017331,-173.945225,0,796.524676,1,D72A11ACEDD10A6AC74902FC84C2E035CB920FD580F270C37B28B2A90BBF84A3
PAIR_TWO_SIDED_GRID_T100_S020_STOP_AFTER_3_PAIR_RESETS_WEEK__NO_FLIP_FORCE_DIAGNOSTIC,flip_counterfactual,PAIR_TWO_SIDED_GRID_T100_S020_STOP_AFTER_3_PAIR_RESETS_WEEK,no_flip_force_no_new_fills,EURAUD,835.07031,809.597715,-25.472595,-359.929382,0,831.136533,1,DA60E7E9BBB305AFBCF1948E8EF1E1530981FA9F85910ABA5BE9B14B4B36C233
PAIR_TWO_SIDED_GRID_T100_S020_STOP_AFTER_3_PAIR_RESETS_WEEK__NO_FLIP_FORCE_DIAGNOSTIC,flip_counterfactual,PAIR_TWO_SIDED_GRID_T100_S020_STOP_AFTER_3_PAIR_RESETS_WEEK,no_flip_force_no_new_fills,AUDUSD,815.883268,815.883268,0,-1675.142416,0,806.538768,0,1086EB437873B40EA5CF5A94AFE706CC689D3612D1836B0680CF8917FE4DDD2D
PAIR_TWO_SIDED_GRID_T100_S020_STOP_AFTER_3_PAIR_RESETS_WEEK__NO_FLIP_FORCE_DIAGNOSTIC,flip_counterfactual,PAIR_TWO_SIDED_GRID_T100_S020_STOP_AFTER_3_PAIR_RESETS_WEEK,no_flip_force_no_new_fills,GBPNZD,853.649367,830.988288,-22.661079,-324.585404,0,842.074987,1,00D19B3ACECF1617F719286ED8D527FB82D117F36D4B2EC07895777F073ABDCF
PAIR_TWO_SIDED_GRID_T100_S020_STOP_AFTER_3_PAIR_RESETS_WEEK__NO_FLIP_FORCE_DIAGNOSTIC,flip_counterfactual,PAIR_TWO_SIDED_GRID_T100_S020_STOP_AFTER_3_PAIR_RESETS_WEEK,no_flip_force_no_new_fills,EURCAD,842.943663,842.943663,0,-196.671751,0,840.036348,0,8AD21B52D228C2C19878276AD3C2150AFE4B325C7206BC34836F98157DBFCB9A
PAIR_TWO_SIDED_GRID_T100_S020_STOP_AFTER_3_PAIR_RESETS_WEEK__NO_FLIP_FORCE_DIAGNOSTIC,flip_counterfactual,PAIR_TWO_SIDED_GRID_T100_S020_STOP_AFTER_3_PAIR_RESETS_WEEK,no_flip_force_no_new_fills,CADCHF,864.064239,858.961319,-5.10292,-103.86496,0,857.783736,1,98F3D20DDE13C0A688916B7AFA40FC6BB637948A35582E3C98712C57087D28B1
PAIR_TWO_SIDED_GRID_T100_S020_STOP_AFTER_3_PAIR_RESETS_WEEK__NO_FLIP_FORCE_DIAGNOSTIC,flip_counterfactual,PAIR_TWO_SIDED_GRID_T100_S020_STOP_AFTER_3_PAIR_RESETS_WEEK,no_flip_force_no_new_fills,EURNZD,875.603366,875.603366,0,-310.840301,0,873.711159,0,59CA6525475B229B83CDE006CD8E41773C1BFA3ED88E5F10645D79EA149ACFB8
PAIR_TWO_SIDED_GRID_T100_S020_STOP_AFTER_3_PAIR_RESETS_WEEK__NO_FLIP_FORCE_DIAGNOSTIC,flip_counterfactual,PAIR_TWO_SIDED_GRID_T100_S020_STOP_AFTER_3_PAIR_RESETS_WEEK,no_flip_force_no_new_fills,NZDJPY,918.764539,901.529337,-17.235202,-114.45489,0,911.555028,1,C4554A7102616640D172B33A2798957343E7D3E6E8F7D6E83D83AAB65DEC17F6
PAIR_TWO_SIDED_GRID_T100_S020_STOP_AFTER_3_PAIR_RESETS_WEEK__NO_FLIP_FORCE_DIAGNOSTIC,flip_counterfactual,PAIR_TWO_SIDED_GRID_T100_S020_STOP_AFTER_3_PAIR_RESETS_WEEK,no_flip_force_no_new_fills,NZDCHF,952.876146,953.10155,0.225404,-154.879079,0,949.189168,1,6AD7C1114D6E54090904D31CBB44A4B4AFE59468C3867A71619CE560B1B80BFB
PAIR_TWO_SIDED_GRID_T125_S020_STOP_AFTER_3_PAIR_RESETS_WEEK,pair_reset_limit,,current_forced_flip_close,AUDNZD,285.089943,-2834.287678,-3119.377621,-3584.907237,-429.434875,713.869565,1,5B4A73CFFC5BCB2063821F8EE9D97807A4550E3FE04E8D274BF223BC9CC5C845
PAIR_TWO_SIDED_GRID_T125_S020_STOP_AFTER_3_PAIR_RESETS_WEEK,pair_reset_limit,,current_forced_flip_close,AUDJPY,819.395554,28.073544,-791.32201,-956.721988,-134.672884,951.993759,1,FAB38886AC87A1AE19312BA38AA57C86F512C9B815E29F286BA7F64BCB754B02
PAIR_TWO_SIDED_GRID_T125_S020_STOP_AFTER_3_PAIR_RESETS_WEEK,pair_reset_limit,,current_forced_flip_close,AUDCAD,201.646204,201.830177,0.183973,-753.627401,-790.630918,989.046255,1,9729A744630AB4FD31FF7657ABCF00E9003E310600E8140237A0176055FDA9C8
PAIR_TWO_SIDED_GRID_T125_S020_STOP_AFTER_3_PAIR_RESETS_WEEK,pair_reset_limit,,current_forced_flip_close,USDCAD,398.186722,316.657405,-81.529317,-187.582872,-503.195215,895.072262,1,F1E0FF28F70D08C53800654046B4C562426E182325592073BFD9624981851677
PAIR_TWO_SIDED_GRID_T125_S020_STOP_AFTER_3_PAIR_RESETS_WEEK,pair_reset_limit,,current_forced_flip_close,AUDUSD,354.822172,354.822172,0,-272.910493,-502.351701,851.210803,0,A4BBD7163BC8B51A81B72E29C3E4D263DF7D19817EF91B4A47F36FF59EC6FE51
PAIR_TWO_SIDED_GRID_T125_S020_STOP_AFTER_3_PAIR_RESETS_WEEK,pair_reset_limit,,current_forced_flip_close,NZDUSD,384.836342,365.331384,-19.504958,-306.724015,-451.501345,833.216982,1,2FAF3DA57701E141110B1231A6974C9F216E796718329DF276A5B45F0926333F
PAIR_TWO_SIDED_GRID_T125_S020_STOP_AFTER_3_PAIR_RESETS_WEEK,pair_reset_limit,,current_forced_flip_close,GBPAUD,669.93851,375.685488,-294.253022,-467.782799,-217.278416,882.742545,1,1A45534ED09663B121BBDEA721015087D23924FB824B1FF95F8C869F63754CC0
PAIR_TWO_SIDED_GRID_T125_S020_STOP_AFTER_3_PAIR_RESETS_WEEK,pair_reset_limit,,current_forced_flip_close,CHFJPY,444.803838,440.738575,-4.065263,-1213.563328,-378.583023,822.608499,1,80BCB47FFE8CE8FA8893A4ADCDB7553E3839D635B70B99137AC850E96435A358
PAIR_TWO_SIDED_GRID_T125_S020_STOP_AFTER_3_PAIR_RESETS_WEEK,pair_reset_limit,,current_forced_flip_close,GBPJPY,466.089287,460.588854,-5.500433,-838.105417,-394.728022,859.902846,1,BC0705787909368CE1B293AF389D2CEDEA2CD61F6B3DE007688453B6E061E27B
PAIR_TWO_SIDED_GRID_T125_S020_STOP_AFTER_3_PAIR_RESETS_WEEK,pair_reset_limit,,current_forced_flip_close,GBPUSD,464.003357,464.783135,0.779778,-397.152394,-388.875039,852.632839,1,782056AEFB29C7FAD4646F14BB053735436AEC2F90E4EEE3762E3680CCFA5D4D
PAIR_TWO_SIDED_GRID_T125_S020_STOP_AFTER_3_PAIR_RESETS_WEEK,pair_reset_limit,,current_forced_flip_close,EURCHF,538.844452,538.844452,0,-972.863432,-136.35055,673.845594,0,92B650DB36A0CEEB465C3E91FCA5A69D4CD774E95AF82419097147D16DB03FE6
PAIR_TWO_SIDED_GRID_T125_S020_STOP_AFTER_3_PAIR_RESETS_WEEK,pair_reset_limit,,current_forced_flip_close,GBPCAD,545.180027,545.164633,-0.015394,-2305.185396,-271.639248,813.128503,1,3EC55753133AD3B582506BF7E96ECE51D0A1C7318CE49FC9E67B7A5C20D9D410
PAIR_TWO_SIDED_GRID_T125_S020_STOP_AFTER_3_PAIR_RESETS_WEEK,pair_reset_limit,,current_forced_flip_close,USDJPY,563.296541,551.292077,-12.004464,-294.136395,-305.200001,865.485969,1,C30C755D65AF77C922050613F05907DFF30F48D8E9389B490DA79F7BFB75A95B
PAIR_TWO_SIDED_GRID_T125_S020_STOP_AFTER_3_PAIR_RESETS_WEEK,pair_reset_limit,,current_forced_flip_close,AUDCHF,603.678966,603.497685,-0.181281,-286.746912,-356.18742,959.866386,1,1F436BCB7976A6CA891280D8039A74F5AFFD1DFAC00FCB65810A36794997FE0E
PAIR_TWO_SIDED_GRID_T125_S020_STOP_AFTER_3_PAIR_RESETS_WEEK,pair_reset_limit,,current_forced_flip_close,CADJPY,615.755382,615.340463,-0.414919,-213.879587,-312.563704,904.115391,1,5594A6F93C0074FA9CCA49651AFC486C8A1A92AFA45C96D7EBD8C5AE1DE13FEB
PAIR_TWO_SIDED_GRID_T125_S020_STOP_AFTER_3_PAIR_RESETS_WEEK,pair_reset_limit,,current_forced_flip_close,EURJPY,635.377871,635.377871,0,-738.060299,-135.273179,770.093118,0,040FCA862C5D976CC1F3A655812257E327FF9DAC68A30DD9940CE8AB7F4D98DD
PAIR_TWO_SIDED_GRID_T125_S020_STOP_AFTER_3_PAIR_RESETS_WEEK,pair_reset_limit,,current_forced_flip_close,GBPCHF,702.313044,682.036541,-20.276503,-488.174551,-110.641669,810.353363,1,C0201C9DABA68F4A4527AC6BF092AFEAF2E6C2E16E278C658E6B8AE771C40A23
PAIR_TWO_SIDED_GRID_T125_S020_STOP_AFTER_3_PAIR_RESETS_WEEK,pair_reset_limit,,current_forced_flip_close,USDCHF,698.16182,682.12704,-16.03478,-281.399253,-121.397541,817.705243,1,43F354A419D8CD8899512A83550B8899A29FAC25175F023CE2C7D8CAA504EA8E
PAIR_TWO_SIDED_GRID_T125_S020_STOP_AFTER_3_PAIR_RESETS_WEEK,pair_reset_limit,,current_forced_flip_close,EURAUD,715.240612,690.430183,-24.810429,-275.345544,-182.071852,895.845905,1,F390D5A3BBACD555B56A9C65F55A7057B61D6EC7DCE0F98652070BEC4570BB1C
PAIR_TWO_SIDED_GRID_T125_S020_STOP_AFTER_3_PAIR_RESETS_WEEK,pair_reset_limit,,current_forced_flip_close,EURUSD,743.064648,711.274544,-31.790104,-388.967793,-79.223293,821.609363,1,3EC4F0A911E3BEDA03746227749D144A4071BCE519CEEA1225AB9AC0A1CA86C7
PAIR_TWO_SIDED_GRID_T125_S020_STOP_AFTER_3_PAIR_RESETS_WEEK,pair_reset_limit,,current_forced_flip_close,GBPNZD,747.089289,724.42821,-22.661079,-324.585404,-195.018497,940.673281,1,C0C2D1929B738BD46D790EEA8C6705350D30A9302D52FCB560FD6D33FFAACE5E
PAIR_TWO_SIDED_GRID_T125_S020_STOP_AFTER_3_PAIR_RESETS_WEEK,pair_reset_limit,,current_forced_flip_close,NZDCAD,755.394686,755.899838,0.505152,-92.951477,-243.589613,997.305494,1,0861C62A3B2493D5922E6561285C7A999DB1D95B1DA01132B9463E510710A7CD
PAIR_TWO_SIDED_GRID_T125_S020_STOP_AFTER_3_PAIR_RESETS_WEEK,pair_reset_limit,,current_forced_flip_close,EURGBP,782.72698,778.98422,-3.74276,-424.056209,-50.847457,833.260629,1,2818560904B411AC9DA893AAC79974A9EACB5C534688F448DD7E18F19F8EAAD7
PAIR_TWO_SIDED_GRID_T125_S020_STOP_AFTER_3_PAIR_RESETS_WEEK,pair_reset_limit,,current_forced_flip_close,CADCHF,830.74728,826.293907,-4.453373,-120.19776,-97.470372,924.049712,1,150D557D9E800729DD2B5421C3ECEFBC291246EC3A8AE566BCCA8CC9A8DDD938
PAIR_TWO_SIDED_GRID_T125_S020_STOP_AFTER_3_PAIR_RESETS_WEEK,pair_reset_limit,,current_forced_flip_close,EURNZD,862.639314,862.639314,0,-262.281736,-136.092594,998.284118,0,8D91E19E274377441DE3BE78103A5DB52AAE1CCD443DE7EA2ECE9B605F60A6BD
PAIR_TWO_SIDED_GRID_T125_S020_STOP_AFTER_3_PAIR_RESETS_WEEK,pair_reset_limit,,current_forced_flip_close,EURCAD,871.711923,871.711923,0,-196.671751,-79.687236,948.963617,0,CBE2DFA5B596E6A0489ED5368BDFCE532063D03CCF440BE541EA0862F84C67F1
PAIR_TWO_SIDED_GRID_T125_S020_STOP_AFTER_3_PAIR_RESETS_WEEK,pair_reset_limit,,current_forced_flip_close,NZDCHF,871.95048,872.354254,0.403774,-102.772783,-129.163186,998.632762,1,6FF872E81E1AC85C317FD8527F5B8B4D30C68FDF08DC1399309DCB273D380ED1
PAIR_TWO_SIDED_GRID_T125_S020_STOP_AFTER_3_PAIR_RESETS_WEEK,pair_reset_limit,,current_forced_flip_close,NZDJPY,913.478425,896.243223,-17.235202,-111.20408,-112.304981,1017.723373,1,F8E7C386CC4B50F3EEB6E94E66CD110C4B7EC277368CCB9B86CBA28343D0436A
PAIR_TWO_SIDED_GRID_T125_S020_STOP_AFTER_3_PAIR_RESETS_WEEK__FLIP_CLOSE_SMALL_LOSS_WAREHOUSE_GT3ADR,flip_counterfactual,PAIR_TWO_SIDED_GRID_T125_S020_STOP_AFTER_3_PAIR_RESETS_WEEK,close_small_loss_warehouse_large_loss,AUDNZD,283.317799,-2836.059822,-3119.377621,-3584.907237,-2.320856,713.869565,1,F95D95095D10E2D2379347F3259856B8B161BE901BE9E01AE14C1ABAE981DFFB
PAIR_TWO_SIDED_GRID_T125_S020_STOP_AFTER_3_PAIR_RESETS_WEEK__FLIP_CLOSE_SMALL_LOSS_WAREHOUSE_GT3ADR,flip_counterfactual,PAIR_TWO_SIDED_GRID_T125_S020_STOP_AFTER_3_PAIR_RESETS_WEEK,close_small_loss_warehouse_large_loss,AUDJPY,806.734014,15.412004,-791.32201,-956.721988,-6.887968,951.993759,1,F946418066A8FB655A70E7BCCF8D45462F1E5398A36B81AC50388B7B12632FFA
PAIR_TWO_SIDED_GRID_T125_S020_STOP_AFTER_3_PAIR_RESETS_WEEK__FLIP_CLOSE_SMALL_LOSS_WAREHOUSE_GT3ADR,flip_counterfactual,PAIR_TWO_SIDED_GRID_T125_S020_STOP_AFTER_3_PAIR_RESETS_WEEK,close_small_loss_warehouse_large_loss,AUDCAD,170.739408,170.923381,0.183973,-753.627401,-4.51741,989.046255,1,1DB3FB5C3061BD3E03A7FA12DF7CE9A5B85C2471C7F283603C0220A5049A119C
PAIR_TWO_SIDED_GRID_T125_S020_STOP_AFTER_3_PAIR_RESETS_WEEK__FLIP_CLOSE_SMALL_LOSS_WAREHOUSE_GT3ADR,flip_counterfactual,PAIR_TWO_SIDED_GRID_T125_S020_STOP_AFTER_3_PAIR_RESETS_WEEK,close_small_loss_warehouse_large_loss,USDCAD,408.035717,326.5064,-81.529317,-187.582872,-4.338761,895.072262,1,1297D64006891A98F3D7C0C7BF65368DDB5F8612DA236972A496F995DC48067F
PAIR_TWO_SIDED_GRID_T125_S020_STOP_AFTER_3_PAIR_RESETS_WEEK__FLIP_CLOSE_SMALL_LOSS_WAREHOUSE_GT3ADR,flip_counterfactual,PAIR_TWO_SIDED_GRID_T125_S020_STOP_AFTER_3_PAIR_RESETS_WEEK,close_small_loss_warehouse_large_loss,AUDUSD,342.573245,342.573245,0,-272.910493,-5.38996,851.210803,0,92C98F373224DF13ED2677E160C04EB85586253D0569FF047CCDD0DA5EF21CD6
PAIR_TWO_SIDED_GRID_T125_S020_STOP_AFTER_3_PAIR_RESETS_WEEK__FLIP_CLOSE_SMALL_LOSS_WAREHOUSE_GT3ADR,flip_counterfactual,PAIR_TWO_SIDED_GRID_T125_S020_STOP_AFTER_3_PAIR_RESETS_WEEK,close_small_loss_warehouse_large_loss,NZDUSD,371.219372,351.714414,-19.504958,-306.724015,-2.602631,833.216982,1,4D7D4F4F8D281BB8D00972724BB58988D8F63A2B9EED6920046BAFE37AF6D6E1
PAIR_TWO_SIDED_GRID_T125_S020_STOP_AFTER_3_PAIR_RESETS_WEEK__FLIP_CLOSE_SMALL_LOSS_WAREHOUSE_GT3ADR,flip_counterfactual,PAIR_TWO_SIDED_GRID_T125_S020_STOP_AFTER_3_PAIR_RESETS_WEEK,close_small_loss_warehouse_large_loss,GBPAUD,651.791598,357.538576,-294.253022,-467.782799,-5.066314,882.742545,1,91D9ABD1C5FB7DB4CD5C3ED4963FD7015518F8FE3C3609AF8F3A13C5D79C4DC2
PAIR_TWO_SIDED_GRID_T125_S020_STOP_AFTER_3_PAIR_RESETS_WEEK__FLIP_CLOSE_SMALL_LOSS_WAREHOUSE_GT3ADR,flip_counterfactual,PAIR_TWO_SIDED_GRID_T125_S020_STOP_AFTER_3_PAIR_RESETS_WEEK,close_small_loss_warehouse_large_loss,CHFJPY,435.505484,431.440221,-4.065263,-1213.563328,-12.048211,822.608499,1,D82E8833389B975B0C5EF37CC088F0BD3143EF2D8149967CB4B617D27D163296
PAIR_TWO_SIDED_GRID_T125_S020_STOP_AFTER_3_PAIR_RESETS_WEEK__FLIP_CLOSE_SMALL_LOSS_WAREHOUSE_GT3ADR,flip_counterfactual,PAIR_TWO_SIDED_GRID_T125_S020_STOP_AFTER_3_PAIR_RESETS_WEEK,close_small_loss_warehouse_large_loss,GBPUSD,458.526717,459.306495,0.779778,-397.152394,-7.935402,852.632839,1,DA09E6FAFB66F58E2AB2D9C0935EF4062654285C79E1A84BE3585E4E1120A9D5
PAIR_TWO_SIDED_GRID_T125_S020_STOP_AFTER_3_PAIR_RESETS_WEEK__FLIP_CLOSE_SMALL_LOSS_WAREHOUSE_GT3ADR,flip_counterfactual,PAIR_TWO_SIDED_GRID_T125_S020_STOP_AFTER_3_PAIR_RESETS_WEEK,close_small_loss_warehouse_large_loss,GBPJPY,489.652243,484.15181,-5.500433,-838.105417,-2.986055,859.902846,1,12E6C7511673A5A5355FBBFBA78957FED918355FC295A6949F5FB6D62E4EEC5D
PAIR_TWO_SIDED_GRID_T125_S020_STOP_AFTER_3_PAIR_RESETS_WEEK__FLIP_CLOSE_SMALL_LOSS_WAREHOUSE_GT3ADR,flip_counterfactual,PAIR_TWO_SIDED_GRID_T125_S020_STOP_AFTER_3_PAIR_RESETS_WEEK,close_small_loss_warehouse_large_loss,GBPCAD,550.426015,550.410621,-0.015394,-2305.185396,-8.974248,813.128503,1,7C5E0EBE0D21879BEE9C8A4DB7D926DA45FAD497DA0D9B225D38C353DD7A8233
PAIR_TWO_SIDED_GRID_T125_S020_STOP_AFTER_3_PAIR_RESETS_WEEK__FLIP_CLOSE_SMALL_LOSS_WAREHOUSE_GT3ADR,flip_counterfactual,PAIR_TWO_SIDED_GRID_T125_S020_STOP_AFTER_3_PAIR_RESETS_WEEK,close_small_loss_warehouse_large_loss,USDJPY,568.622296,556.617832,-12.004464,-294.136395,-5.954766,865.485969,1,6DC819971E1CD867E2C9140C2B499832CFE45F7450D3936AA538BDCF199C4B8B
PAIR_TWO_SIDED_GRID_T125_S020_STOP_AFTER_3_PAIR_RESETS_WEEK__FLIP_CLOSE_SMALL_LOSS_WAREHOUSE_GT3ADR,flip_counterfactual,PAIR_TWO_SIDED_GRID_T125_S020_STOP_AFTER_3_PAIR_RESETS_WEEK,close_small_loss_warehouse_large_loss,EURCHF,568.405439,568.405439,0,-972.863432,-2.715064,673.845594,0,104FADD4CB40E77352255AAB3034482E2B9EF9A411D3DFE538378E4792D1DD2B
PAIR_TWO_SIDED_GRID_T125_S020_STOP_AFTER_3_PAIR_RESETS_WEEK__FLIP_CLOSE_SMALL_LOSS_WAREHOUSE_GT3ADR,flip_counterfactual,PAIR_TWO_SIDED_GRID_T125_S020_STOP_AFTER_3_PAIR_RESETS_WEEK,close_small_loss_warehouse_large_loss,AUDCHF,589.861148,589.679867,-0.181281,-286.746912,-5.386002,959.866386,1,C01C8B8B106F3B2F3045BBEA3D84A29F4FB4B0BD3AF0B37C19C0ECA70C735FF1
PAIR_TWO_SIDED_GRID_T125_S020_STOP_AFTER_3_PAIR_RESETS_WEEK__FLIP_CLOSE_SMALL_LOSS_WAREHOUSE_GT3ADR,flip_counterfactual,PAIR_TWO_SIDED_GRID_T125_S020_STOP_AFTER_3_PAIR_RESETS_WEEK,close_small_loss_warehouse_large_loss,EURJPY,622.753604,622.753604,0,-738.060299,-7.903345,770.093118,0,6F2159A1107FC18FA1E863B02F471E61CDF0E384B7AEDFF0F735B279CB2A2369
PAIR_TWO_SIDED_GRID_T125_S020_STOP_AFTER_3_PAIR_RESETS_WEEK__FLIP_CLOSE_SMALL_LOSS_WAREHOUSE_GT3ADR,flip_counterfactual,PAIR_TWO_SIDED_GRID_T125_S020_STOP_AFTER_3_PAIR_RESETS_WEEK,close_small_loss_warehouse_large_loss,CADJPY,639.118505,638.703586,-0.414919,-213.879587,-5.979337,904.115391,1,391A066515529EE970D8DDA106DB415CA7C143DE63CCBC7FAB3E7D4AB6F5A69A
PAIR_TWO_SIDED_GRID_T125_S020_STOP_AFTER_3_PAIR_RESETS_WEEK__FLIP_CLOSE_SMALL_LOSS_WAREHOUSE_GT3ADR,flip_counterfactual,PAIR_TWO_SIDED_GRID_T125_S020_STOP_AFTER_3_PAIR_RESETS_WEEK,close_small_loss_warehouse_large_loss,GBPCHF,700.755681,680.479178,-20.276503,-488.174551,-0.700433,810.353363,1,454EBF610F873F04F14AA8C25B015AC9A2708184E0B2E5F7431B3977E01C928F
PAIR_TWO_SIDED_GRID_T125_S020_STOP_AFTER_3_PAIR_RESETS_WEEK__FLIP_CLOSE_SMALL_LOSS_WAREHOUSE_GT3ADR,flip_counterfactual,PAIR_TWO_SIDED_GRID_T125_S020_STOP_AFTER_3_PAIR_RESETS_WEEK,close_small_loss_warehouse_large_loss,USDCHF,703.411739,687.376959,-16.03478,-281.399253,-7.015506,817.705243,1,80567299719F6E09C4DFA044123764412D4D6C07C0FFF53C1D681510377B0690
PAIR_TWO_SIDED_GRID_T125_S020_STOP_AFTER_3_PAIR_RESETS_WEEK__FLIP_CLOSE_SMALL_LOSS_WAREHOUSE_GT3ADR,flip_counterfactual,PAIR_TWO_SIDED_GRID_T125_S020_STOP_AFTER_3_PAIR_RESETS_WEEK,close_small_loss_warehouse_large_loss,EURUSD,734.326109,702.536005,-31.790104,-388.967793,-3.4394,821.609363,1,37309233A268EF70D5399A7D36F2E3232271F1C568678CA3D88EB673EFE8A325
PAIR_TWO_SIDED_GRID_T125_S020_STOP_AFTER_3_PAIR_RESETS_WEEK__FLIP_CLOSE_SMALL_LOSS_WAREHOUSE_GT3ADR,flip_counterfactual,PAIR_TWO_SIDED_GRID_T125_S020_STOP_AFTER_3_PAIR_RESETS_WEEK,close_small_loss_warehouse_large_loss,EURAUD,734.548685,709.738256,-24.810429,-275.345544,-0.098459,895.845905,1,A152B979294BEBCBC948DE4457216DB27A25B418E598EF369961DAD63545A9DE
PAIR_TWO_SIDED_GRID_T125_S020_STOP_AFTER_3_PAIR_RESETS_WEEK__FLIP_CLOSE_SMALL_LOSS_WAREHOUSE_GT3ADR,flip_counterfactual,PAIR_TWO_SIDED_GRID_T125_S020_STOP_AFTER_3_PAIR_RESETS_WEEK,close_small_loss_warehouse_large_loss,GBPNZD,748.139246,725.478167,-22.661079,-324.585404,-3.812565,940.673281,1,BF7365A81FF1BE11FF0E7399F26CB52EB04B991D12564DA656C71B882FF16365
PAIR_TWO_SIDED_GRID_T125_S020_STOP_AFTER_3_PAIR_RESETS_WEEK__FLIP_CLOSE_SMALL_LOSS_WAREHOUSE_GT3ADR,flip_counterfactual,PAIR_TWO_SIDED_GRID_T125_S020_STOP_AFTER_3_PAIR_RESETS_WEEK,close_small_loss_warehouse_large_loss,NZDCAD,756.155523,756.660675,0.505152,-92.951477,-6.323534,997.305494,1,487507166D21A2A64E763E508C4245E7EB9BF4EC15E8255F6EC2DB48B1A14345
PAIR_TWO_SIDED_GRID_T125_S020_STOP_AFTER_3_PAIR_RESETS_WEEK__FLIP_CLOSE_SMALL_LOSS_WAREHOUSE_GT3ADR,flip_counterfactual,PAIR_TWO_SIDED_GRID_T125_S020_STOP_AFTER_3_PAIR_RESETS_WEEK,close_small_loss_warehouse_large_loss,EURGBP,773.55953,769.81677,-3.74276,-424.056209,-9.841171,833.260629,1,5C1AABA8FB7FA0A6678648D8B1D0AAF7B1B86ACEB0B5D5A259B6C6363E483716
PAIR_TWO_SIDED_GRID_T125_S020_STOP_AFTER_3_PAIR_RESETS_WEEK__FLIP_CLOSE_SMALL_LOSS_WAREHOUSE_GT3ADR,flip_counterfactual,PAIR_TWO_SIDED_GRID_T125_S020_STOP_AFTER_3_PAIR_RESETS_WEEK,close_small_loss_warehouse_large_loss,CADCHF,840.376905,835.923532,-4.453373,-120.19776,-7.530738,924.049712,1,1442FB8E9DCEB60A923AD0D5DAB71F6C91E198FE4E9C7E7F1422655F9518D1C3
PAIR_TWO_SIDED_GRID_T125_S020_STOP_AFTER_3_PAIR_RESETS_WEEK__FLIP_CLOSE_SMALL_LOSS_WAREHOUSE_GT3ADR,flip_counterfactual,PAIR_TWO_SIDED_GRID_T125_S020_STOP_AFTER_3_PAIR_RESETS_WEEK,close_small_loss_warehouse_large_loss,NZDCHF,857.737054,858.140828,0.403774,-102.772783,-2.152441,998.632762,1,B44418EE6568F563EB9AD27CE5801BAD03334FFED79E4919CB51461D054E314F
PAIR_TWO_SIDED_GRID_T125_S020_STOP_AFTER_3_PAIR_RESETS_WEEK__FLIP_CLOSE_SMALL_LOSS_WAREHOUSE_GT3ADR,flip_counterfactual,PAIR_TWO_SIDED_GRID_T125_S020_STOP_AFTER_3_PAIR_RESETS_WEEK,close_small_loss_warehouse_large_loss,EURCAD,866.050798,866.050798,0,-196.671751,-14.104332,948.963617,0,FCF1CB262B3836EF46F1D4E50E87201815282E687CCED1FE7EE2FA1CE07AC0C1
PAIR_TWO_SIDED_GRID_T125_S020_STOP_AFTER_3_PAIR_RESETS_WEEK__FLIP_CLOSE_SMALL_LOSS_WAREHOUSE_GT3ADR,flip_counterfactual,PAIR_TWO_SIDED_GRID_T125_S020_STOP_AFTER_3_PAIR_RESETS_WEEK,close_small_loss_warehouse_large_loss,EURNZD,881.819157,881.819157,0,-262.281736,-2.085276,998.284118,0,35D51A9749FBB1342A391B6BEE5129D9574CEF10A08B2D92AB2318DCCD0D5E8F
PAIR_TWO_SIDED_GRID_T125_S020_STOP_AFTER_3_PAIR_RESETS_WEEK__FLIP_CLOSE_SMALL_LOSS_WAREHOUSE_GT3ADR,flip_counterfactual,PAIR_TWO_SIDED_GRID_T125_S020_STOP_AFTER_3_PAIR_RESETS_WEEK,close_small_loss_warehouse_large_loss,NZDJPY,931.536169,914.300967,-17.235202,-111.20408,-10.370284,1017.723373,1,20E1C9BEE0690ABA16348EDF8E1DD3B4248DBD74BA66482F88A7D1B2E091E1A4
PAIR_TWO_SIDED_GRID_T125_S020_STOP_AFTER_3_PAIR_RESETS_WEEK__FLIP_GRACE_1W,flip_counterfactual,PAIR_TWO_SIDED_GRID_T125_S020_STOP_AFTER_3_PAIR_RESETS_WEEK,grace_window_losing_flip_no_new_fills,AUDNZD,370.791038,-2748.586583,-3119.377621,-3584.907237,0,713.869565,1,C9842240338F2603CA55910EDCE0ED89E60AABBD93A9028E20C205EAF9AECE67
PAIR_TWO_SIDED_GRID_T125_S020_STOP_AFTER_3_PAIR_RESETS_WEEK__FLIP_GRACE_1W,flip_counterfactual,PAIR_TWO_SIDED_GRID_T125_S020_STOP_AFTER_3_PAIR_RESETS_WEEK,grace_window_losing_flip_no_new_fills,AUDJPY,749.249748,-42.072262,-791.32201,-956.721988,0,951.993759,1,A5FD4D1ECB4B300E72A4DDCC3549B19CF73EBDA46D50EF985633E30E541090C4
PAIR_TWO_SIDED_GRID_T125_S020_STOP_AFTER_3_PAIR_RESETS_WEEK__FLIP_GRACE_1W,flip_counterfactual,PAIR_TWO_SIDED_GRID_T125_S020_STOP_AFTER_3_PAIR_RESETS_WEEK,grace_window_losing_flip_no_new_fills,AUDUSD,243.046584,243.046584,0,-366.648124,0,851.210803,0,D0BCC4FC6B88B1461688760782F679C0607E9D3E88CABF0B7622250612F3DED1
PAIR_TWO_SIDED_GRID_T125_S020_STOP_AFTER_3_PAIR_RESETS_WEEK__FLIP_GRACE_1W,flip_counterfactual,PAIR_TWO_SIDED_GRID_T125_S020_STOP_AFTER_3_PAIR_RESETS_WEEK,grace_window_losing_flip_no_new_fills,USDCAD,355.925818,274.396501,-81.529317,-187.582872,0,895.072262,1,03B946C24CB2FB35D4F64B1DE5A22E387C45E0D39BC4DBFD3B95E58153F44E63
PAIR_TWO_SIDED_GRID_T125_S020_STOP_AFTER_3_PAIR_RESETS_WEEK__FLIP_GRACE_1W,flip_counterfactual,PAIR_TWO_SIDED_GRID_T125_S020_STOP_AFTER_3_PAIR_RESETS_WEEK,grace_window_losing_flip_no_new_fills,GBPUSD,285.57919,286.358968,0.779778,-397.152394,0,852.632839,1,9DFAA645B4E082F52E03B467E509DC08C404D592A44065B0DFDD8CF66C5D32AD
PAIR_TWO_SIDED_GRID_T125_S020_STOP_AFTER_3_PAIR_RESETS_WEEK__FLIP_GRACE_1W,flip_counterfactual,PAIR_TWO_SIDED_GRID_T125_S020_STOP_AFTER_3_PAIR_RESETS_WEEK,grace_window_losing_flip_no_new_fills,GBPAUD,661.483044,367.230022,-294.253022,-467.782799,0,882.742545,1,ABFB580BB16DC98D798B299E45C23480F7E1A0A9CE0F34A0583C7530EC4E269E
PAIR_TWO_SIDED_GRID_T125_S020_STOP_AFTER_3_PAIR_RESETS_WEEK__FLIP_GRACE_1W,flip_counterfactual,PAIR_TWO_SIDED_GRID_T125_S020_STOP_AFTER_3_PAIR_RESETS_WEEK,grace_window_losing_flip_no_new_fills,CHFJPY,425.523489,421.458226,-4.065263,-1213.563328,0,822.608499,1,069ADF38494F6EA1FB465BA6E80FD752709CB27DC4563AA782F2CF37005C195D
PAIR_TWO_SIDED_GRID_T125_S020_STOP_AFTER_3_PAIR_RESETS_WEEK__FLIP_GRACE_1W,flip_counterfactual,PAIR_TWO_SIDED_GRID_T125_S020_STOP_AFTER_3_PAIR_RESETS_WEEK,grace_window_losing_flip_no_new_fills,NZDUSD,455.911991,436.407033,-19.504958,-306.724015,0,833.216982,1,870DEF13DD0B1D3367E15E61CF2F3C731ACAAF8281A88BF94ACC46F98A92E6E8
PAIR_TWO_SIDED_GRID_T125_S020_STOP_AFTER_3_PAIR_RESETS_WEEK__FLIP_GRACE_1W,flip_counterfactual,PAIR_TWO_SIDED_GRID_T125_S020_STOP_AFTER_3_PAIR_RESETS_WEEK,grace_window_losing_flip_no_new_fills,GBPJPY,518.868893,513.36846,-5.500433,-838.105417,0,859.902846,1,2295F0DF72CA9D0552FC619D2846ED4D814D266CEA1F1C7FBE7F2BE0651B54A6
PAIR_TWO_SIDED_GRID_T125_S020_STOP_AFTER_3_PAIR_RESETS_WEEK__FLIP_GRACE_1W,flip_counterfactual,PAIR_TWO_SIDED_GRID_T125_S020_STOP_AFTER_3_PAIR_RESETS_WEEK,grace_window_losing_flip_no_new_fills,USDJPY,539.770165,527.765701,-12.004464,-294.136395,0,865.485969,1,8A8571EFB56ACA011E37FFE45861825FB9CDA9B67661F36913EFB90457A94820
PAIR_TWO_SIDED_GRID_T125_S020_STOP_AFTER_3_PAIR_RESETS_WEEK__FLIP_GRACE_1W,flip_counterfactual,PAIR_TWO_SIDED_GRID_T125_S020_STOP_AFTER_3_PAIR_RESETS_WEEK,grace_window_losing_flip_no_new_fills,EURCHF,550.182333,550.182333,0,-972.863432,0,673.845594,0,482BA8810D4E82D737BC524DB6CFD0746A9E83AF4FBFA09501111BFE38BD4F61
PAIR_TWO_SIDED_GRID_T125_S020_STOP_AFTER_3_PAIR_RESETS_WEEK__FLIP_GRACE_1W,flip_counterfactual,PAIR_TWO_SIDED_GRID_T125_S020_STOP_AFTER_3_PAIR_RESETS_WEEK,grace_window_losing_flip_no_new_fills,GBPCAD,569.698314,569.68292,-0.015394,-2305.185396,0,813.128503,1,012F4650E5CE2D2B43C71B19C482A413E4B08E00981AC3BB23FB8165EDE2D329
PAIR_TWO_SIDED_GRID_T125_S020_STOP_AFTER_3_PAIR_RESETS_WEEK__FLIP_GRACE_1W,flip_counterfactual,PAIR_TWO_SIDED_GRID_T125_S020_STOP_AFTER_3_PAIR_RESETS_WEEK,grace_window_losing_flip_no_new_fills,AUDCHF,590.110957,589.929676,-0.181281,-320.024308,0,959.866386,1,D59A88F34A99341424797CC731D97B16226122CC8AA9845FA7A844E85A67B535
PAIR_TWO_SIDED_GRID_T125_S020_STOP_AFTER_3_PAIR_RESETS_WEEK__FLIP_GRACE_1W,flip_counterfactual,PAIR_TWO_SIDED_GRID_T125_S020_STOP_AFTER_3_PAIR_RESETS_WEEK,grace_window_losing_flip_no_new_fills,EURJPY,594.289942,594.289942,0,-738.060299,0,770.093118,0,6A7BA778B11916E59A0CA190A6C4E44234C69788D2AC84C64A9BF55BCAD2AFB6
PAIR_TWO_SIDED_GRID_T125_S020_STOP_AFTER_3_PAIR_RESETS_WEEK__FLIP_GRACE_1W,flip_counterfactual,PAIR_TWO_SIDED_GRID_T125_S020_STOP_AFTER_3_PAIR_RESETS_WEEK,grace_window_losing_flip_no_new_fills,EURAUD,629.82301,605.012581,-24.810429,-275.345544,0,895.845905,1,FE0E0FBA59DCBE9395C4974816A4B7BE9755602D5E85C0F782DD22647EB62657
PAIR_TWO_SIDED_GRID_T125_S020_STOP_AFTER_3_PAIR_RESETS_WEEK__FLIP_GRACE_1W,flip_counterfactual,PAIR_TWO_SIDED_GRID_T125_S020_STOP_AFTER_3_PAIR_RESETS_WEEK,grace_window_losing_flip_no_new_fills,GBPCHF,685.464638,665.188135,-20.276503,-488.174551,0,810.353363,1,CEE1A29833B5F33ADF2A079B6F6381AF98F5614CFFEA623EDF34EE120AA94730
PAIR_TWO_SIDED_GRID_T125_S020_STOP_AFTER_3_PAIR_RESETS_WEEK__FLIP_GRACE_1W,flip_counterfactual,PAIR_TWO_SIDED_GRID_T125_S020_STOP_AFTER_3_PAIR_RESETS_WEEK,grace_window_losing_flip_no_new_fills,EURUSD,745.958738,714.168634,-31.790104,-388.967793,0,821.609363,1,B60BD0940EE8F1AD0789095A9EECA93D4D6D5771080148C01C92EA0069791ACE
PAIR_TWO_SIDED_GRID_T125_S020_STOP_AFTER_3_PAIR_RESETS_WEEK__FLIP_GRACE_1W,flip_counterfactual,PAIR_TWO_SIDED_GRID_T125_S020_STOP_AFTER_3_PAIR_RESETS_WEEK,grace_window_losing_flip_no_new_fills,CADJPY,727.05443,726.639511,-0.414919,-213.879587,0,904.115391,1,BB55007604D5B2EB44C7DDDDD2004763822E8C609D8B39D1A7004D813BF455F2
PAIR_TWO_SIDED_GRID_T125_S020_STOP_AFTER_3_PAIR_RESETS_WEEK__FLIP_GRACE_1W,flip_counterfactual,PAIR_TWO_SIDED_GRID_T125_S020_STOP_AFTER_3_PAIR_RESETS_WEEK,grace_window_losing_flip_no_new_fills,USDCHF,746.456939,730.422159,-16.03478,-281.399253,0,817.705243,1,86021E8FD402012AAB6F9F777FACA5B0130CC5C96C57D098DBE7F1C655FB7774
PAIR_TWO_SIDED_GRID_T125_S020_STOP_AFTER_3_PAIR_RESETS_WEEK__FLIP_GRACE_1W,flip_counterfactual,PAIR_TWO_SIDED_GRID_T125_S020_STOP_AFTER_3_PAIR_RESETS_WEEK,grace_window_losing_flip_no_new_fills,GBPNZD,754.421859,731.76078,-22.661079,-324.585404,0,940.673281,1,B4BDE5DAF1477D5F1147841702E4FE93E4A248CEDC20609C91A01D595F3CC365
PAIR_TWO_SIDED_GRID_T125_S020_STOP_AFTER_3_PAIR_RESETS_WEEK__FLIP_GRACE_1W,flip_counterfactual,PAIR_TWO_SIDED_GRID_T125_S020_STOP_AFTER_3_PAIR_RESETS_WEEK,grace_window_losing_flip_no_new_fills,NZDCAD,767.236602,767.741754,0.505152,-92.951477,0,997.305494,1,DC05F921735C3416EC5AFAFE152C96EAAFDEDA5BB76887860088D81A23798B03
PAIR_TWO_SIDED_GRID_T125_S020_STOP_AFTER_3_PAIR_RESETS_WEEK__FLIP_GRACE_1W,flip_counterfactual,PAIR_TWO_SIDED_GRID_T125_S020_STOP_AFTER_3_PAIR_RESETS_WEEK,grace_window_losing_flip_no_new_fills,EURGBP,781.103303,777.360543,-3.74276,-424.056209,0,833.260629,1,109F8552D1363CE4DC7DCC816FF2C2E1CCDDEEAF8B4F4ED7F9C8BC6BDC519E1E
PAIR_TWO_SIDED_GRID_T125_S020_STOP_AFTER_3_PAIR_RESETS_WEEK__FLIP_GRACE_1W,flip_counterfactual,PAIR_TWO_SIDED_GRID_T125_S020_STOP_AFTER_3_PAIR_RESETS_WEEK,grace_window_losing_flip_no_new_fills,NZDCHF,793.704574,794.108348,0.403774,-102.772783,0,998.632762,1,C5F30C76DC8AE6A1BADCD62153E0C54B6D6E459E40D3BDF1996FD19666D0CD94
PAIR_TWO_SIDED_GRID_T125_S020_STOP_AFTER_3_PAIR_RESETS_WEEK__FLIP_GRACE_1W,flip_counterfactual,PAIR_TWO_SIDED_GRID_T125_S020_STOP_AFTER_3_PAIR_RESETS_WEEK,grace_window_losing_flip_no_new_fills,CADCHF,802.337258,797.883885,-4.453373,-120.19776,0,924.049712,1,A4E54DED9070FF2BB47EB927BFFDD72F39F7672A8C1B97E580573E0A1ABBD3CA
PAIR_TWO_SIDED_GRID_T125_S020_STOP_AFTER_3_PAIR_RESETS_WEEK__FLIP_GRACE_1W,flip_counterfactual,PAIR_TWO_SIDED_GRID_T125_S020_STOP_AFTER_3_PAIR_RESETS_WEEK,grace_window_losing_flip_no_new_fills,AUDCAD,799.129171,799.313144,0.183973,-753.627401,0,989.046255,1,A9AFE47EA1E92C0EEBAE1039635AECC638A54A99332FE876AB66F95E599E76EC
PAIR_TWO_SIDED_GRID_T125_S020_STOP_AFTER_3_PAIR_RESETS_WEEK__FLIP_GRACE_1W,flip_counterfactual,PAIR_TWO_SIDED_GRID_T125_S020_STOP_AFTER_3_PAIR_RESETS_WEEK,grace_window_losing_flip_no_new_fills,NZDJPY,889.290143,872.054941,-17.235202,-111.20408,0,1017.723373,1,0057E3DBAED954D9C65374E0F4C7B52B1C5DCF839CA8EE1273BDCAEF7DEB9CE9
PAIR_TWO_SIDED_GRID_T125_S020_STOP_AFTER_3_PAIR_RESETS_WEEK__FLIP_GRACE_1W,flip_counterfactual,PAIR_TWO_SIDED_GRID_T125_S020_STOP_AFTER_3_PAIR_RESETS_WEEK,grace_window_losing_flip_no_new_fills,EURNZD,885.438552,885.438552,0,-262.281736,0,998.284118,0,B6D59C7E557F3AB8231DF84ADB18D72122F3536B08BE3BFDA056D821394A6FB6
PAIR_TWO_SIDED_GRID_T125_S020_STOP_AFTER_3_PAIR_RESETS_WEEK__FLIP_GRACE_1W,flip_counterfactual,PAIR_TWO_SIDED_GRID_T125_S020_STOP_AFTER_3_PAIR_RESETS_WEEK,grace_window_losing_flip_no_new_fills,EURCAD,887.331859,887.331859,0,-196.671751,0,948.963617,0,F0CEBDE8E5B289D02996FA2BE5E04DD3EF83C316AA6BCC5D438F94940605D8B0
PAIR_TWO_SIDED_GRID_T125_S020_STOP_AFTER_3_PAIR_RESETS_WEEK__FLIP_LOSER_WAREHOUSE,flip_counterfactual,PAIR_TWO_SIDED_GRID_T125_S020_STOP_AFTER_3_PAIR_RESETS_WEEK,warehouse_losing_flip_no_new_fills,AUDNZD,285.750336,-2833.627285,-3119.377621,-3584.907237,0,713.869565,1,51FA36636C6462D7EF7B0DA4577C89C5E5202CA30FF00511756FAE43F5D5781F
PAIR_TWO_SIDED_GRID_T125_S020_STOP_AFTER_3_PAIR_RESETS_WEEK__FLIP_LOSER_WAREHOUSE,flip_counterfactual,PAIR_TWO_SIDED_GRID_T125_S020_STOP_AFTER_3_PAIR_RESETS_WEEK,warehouse_losing_flip_no_new_fills,AUDJPY,814.048419,22.726409,-791.32201,-956.721988,0,951.993759,1,3DBE02A6CC9599E0FFE735E7EAB1ADF43C9FB46978A8710D6A40506E6B70D16B
PAIR_TWO_SIDED_GRID_T125_S020_STOP_AFTER_3_PAIR_RESETS_WEEK__FLIP_LOSER_WAREHOUSE,flip_counterfactual,PAIR_TWO_SIDED_GRID_T125_S020_STOP_AFTER_3_PAIR_RESETS_WEEK,warehouse_losing_flip_no_new_fills,AUDCAD,160.273643,160.457616,0.183973,-753.627401,0,989.046255,1,B72BEBFF2D83C1CCF8DEE2926282EAA307CD138A3659EE91A93DB0AFDB676E91
PAIR_TWO_SIDED_GRID_T125_S020_STOP_AFTER_3_PAIR_RESETS_WEEK__FLIP_LOSER_WAREHOUSE,flip_counterfactual,PAIR_TWO_SIDED_GRID_T125_S020_STOP_AFTER_3_PAIR_RESETS_WEEK,warehouse_losing_flip_no_new_fills,USDCAD,412.668951,331.139634,-81.529317,-187.582872,0,895.072262,1,A19334AC4BE589ED1A7837401ADD4A436E1ED0AF3024FA5C139DB0155B9C1573
PAIR_TWO_SIDED_GRID_T125_S020_STOP_AFTER_3_PAIR_RESETS_WEEK__FLIP_LOSER_WAREHOUSE,flip_counterfactual,PAIR_TWO_SIDED_GRID_T125_S020_STOP_AFTER_3_PAIR_RESETS_WEEK,warehouse_losing_flip_no_new_fills,GBPAUD,626.82515,332.572128,-294.253022,-467.782799,0,882.742545,1,C7B1592EC088CEC28AE45D1A70E964CDAABBB27A7A8EBCD7D9A1EB4EBC4C7E2A
PAIR_TWO_SIDED_GRID_T125_S020_STOP_AFTER_3_PAIR_RESETS_WEEK__FLIP_LOSER_WAREHOUSE,flip_counterfactual,PAIR_TWO_SIDED_GRID_T125_S020_STOP_AFTER_3_PAIR_RESETS_WEEK,warehouse_losing_flip_no_new_fills,AUDUSD,341.500255,341.500255,0,-272.910493,0,851.210803,0,9766BBBAC5D8F7AC1F25367857F5A06C2E41D70EB5E8E17D258299F38A56B767
PAIR_TWO_SIDED_GRID_T125_S020_STOP_AFTER_3_PAIR_RESETS_WEEK__FLIP_LOSER_WAREHOUSE,flip_counterfactual,PAIR_TWO_SIDED_GRID_T125_S020_STOP_AFTER_3_PAIR_RESETS_WEEK,warehouse_losing_flip_no_new_fills,NZDUSD,374.056579,354.551621,-19.504958,-306.724015,0,833.216982,1,73D8E7EFBC85EC579DEB950F067BAD22B113E5CC5E9C4817A6CCEC6AE34E1530
PAIR_TWO_SIDED_GRID_T125_S020_STOP_AFTER_3_PAIR_RESETS_WEEK__FLIP_LOSER_WAREHOUSE,flip_counterfactual,PAIR_TWO_SIDED_GRID_T125_S020_STOP_AFTER_3_PAIR_RESETS_WEEK,warehouse_losing_flip_no_new_fills,CHFJPY,417.106765,413.041502,-4.065263,-1213.563328,0,822.608499,1,0E254C204B0D30903DD42172D32E0EC645C385207C011440BC4BA348C95FD225
PAIR_TWO_SIDED_GRID_T125_S020_STOP_AFTER_3_PAIR_RESETS_WEEK__FLIP_LOSER_WAREHOUSE,flip_counterfactual,PAIR_TWO_SIDED_GRID_T125_S020_STOP_AFTER_3_PAIR_RESETS_WEEK,warehouse_losing_flip_no_new_fills,GBPUSD,466.889812,467.66959,0.779778,-397.152394,0,852.632839,1,DD6594F0049678AF4A3B9F560F91168AB6BE910898D3DDA6A093BBFA6E3E972E
PAIR_TWO_SIDED_GRID_T125_S020_STOP_AFTER_3_PAIR_RESETS_WEEK__FLIP_LOSER_WAREHOUSE,flip_counterfactual,PAIR_TWO_SIDED_GRID_T125_S020_STOP_AFTER_3_PAIR_RESETS_WEEK,warehouse_losing_flip_no_new_fills,GBPJPY,493.240021,487.739588,-5.500433,-838.105417,0,859.902846,1,73FA354E9F6FC45EFE4AF76D23A105E484F1290F8E8EFFB066A2D1299E43F628
PAIR_TWO_SIDED_GRID_T125_S020_STOP_AFTER_3_PAIR_RESETS_WEEK__FLIP_LOSER_WAREHOUSE,flip_counterfactual,PAIR_TWO_SIDED_GRID_T125_S020_STOP_AFTER_3_PAIR_RESETS_WEEK,warehouse_losing_flip_no_new_fills,GBPCAD,560.329725,560.314331,-0.015394,-2305.185396,0,813.128503,1,413BA8461DCA8B7A0C3D3109BE41E0D4CB8963CD9D2525E931C1B4B7E8969862
PAIR_TWO_SIDED_GRID_T125_S020_STOP_AFTER_3_PAIR_RESETS_WEEK__FLIP_LOSER_WAREHOUSE,flip_counterfactual,PAIR_TWO_SIDED_GRID_T125_S020_STOP_AFTER_3_PAIR_RESETS_WEEK,warehouse_losing_flip_no_new_fills,USDJPY,575.134979,563.130515,-12.004464,-294.136395,0,865.485969,1,D85ADD584C465404A0CBE2E68002AA2DB8607BCD8A4D3A9E3A1F86517E1308A2
PAIR_TWO_SIDED_GRID_T125_S020_STOP_AFTER_3_PAIR_RESETS_WEEK__FLIP_LOSER_WAREHOUSE,flip_counterfactual,PAIR_TWO_SIDED_GRID_T125_S020_STOP_AFTER_3_PAIR_RESETS_WEEK,warehouse_losing_flip_no_new_fills,EURCHF,571.357349,571.357349,0,-972.863432,0,673.845594,0,15380241A94A0E3FE12859D0A2C4F4E07096E2B076514137279F534E0EFB447A
PAIR_TWO_SIDED_GRID_T125_S020_STOP_AFTER_3_PAIR_RESETS_WEEK__FLIP_LOSER_WAREHOUSE,flip_counterfactual,PAIR_TWO_SIDED_GRID_T125_S020_STOP_AFTER_3_PAIR_RESETS_WEEK,warehouse_losing_flip_no_new_fills,AUDCHF,596.011241,595.82996,-0.181281,-286.746912,0,959.866386,1,D1297D839A4434B89EA42ACE1B97B133043801E15024A267BDD4CBD32493FAC7
PAIR_TWO_SIDED_GRID_T125_S020_STOP_AFTER_3_PAIR_RESETS_WEEK__FLIP_LOSER_WAREHOUSE,flip_counterfactual,PAIR_TWO_SIDED_GRID_T125_S020_STOP_AFTER_3_PAIR_RESETS_WEEK,warehouse_losing_flip_no_new_fills,EURJPY,631.10299,631.10299,0,-738.060299,0,770.093118,0,F17E91F9ED3DCC55D55FFEB2E6A435194A53D8B7B7FA8B527C39B70C240495EC
PAIR_TWO_SIDED_GRID_T125_S020_STOP_AFTER_3_PAIR_RESETS_WEEK__FLIP_LOSER_WAREHOUSE,flip_counterfactual,PAIR_TWO_SIDED_GRID_T125_S020_STOP_AFTER_3_PAIR_RESETS_WEEK,warehouse_losing_flip_no_new_fills,CADJPY,645.286364,644.871445,-0.414919,-213.879587,0,904.115391,1,A87CA7B878EDE4C26F32E1A65F8FC45C189EFA696D46C8F06680E563BC536D38
PAIR_TWO_SIDED_GRID_T125_S020_STOP_AFTER_3_PAIR_RESETS_WEEK__FLIP_LOSER_WAREHOUSE,flip_counterfactual,PAIR_TWO_SIDED_GRID_T125_S020_STOP_AFTER_3_PAIR_RESETS_WEEK,warehouse_losing_flip_no_new_fills,GBPCHF,701.641141,681.364638,-20.276503,-488.174551,0,810.353363,1,2E61011D3BD8002BA9848B78051E2638C2A0685A0061D3F72D08037619BC3164
PAIR_TWO_SIDED_GRID_T125_S020_STOP_AFTER_3_PAIR_RESETS_WEEK__FLIP_LOSER_WAREHOUSE,flip_counterfactual,PAIR_TWO_SIDED_GRID_T125_S020_STOP_AFTER_3_PAIR_RESETS_WEEK,warehouse_losing_flip_no_new_fills,EURUSD,722.76014,690.970036,-31.790104,-388.967793,0,821.609363,1,7A8D4B4D22B5E5A0D9E77C47FEBB8AB699EDB07FBD60AC39E7C23111103A7851
PAIR_TWO_SIDED_GRID_T125_S020_STOP_AFTER_3_PAIR_RESETS_WEEK__FLIP_LOSER_WAREHOUSE,flip_counterfactual,PAIR_TWO_SIDED_GRID_T125_S020_STOP_AFTER_3_PAIR_RESETS_WEEK,warehouse_losing_flip_no_new_fills,USDCHF,710.957549,694.922769,-16.03478,-281.399253,0,817.705243,1,ECC0C3371719F93D7C9376DC5D33E309EE6010AA6913FB23411AE47223D5C55A
PAIR_TWO_SIDED_GRID_T125_S020_STOP_AFTER_3_PAIR_RESETS_WEEK__FLIP_LOSER_WAREHOUSE,flip_counterfactual,PAIR_TWO_SIDED_GRID_T125_S020_STOP_AFTER_3_PAIR_RESETS_WEEK,warehouse_losing_flip_no_new_fills,EURAUD,734.694781,709.884352,-24.810429,-275.345544,0,895.845905,1,DA8840D95C30297CD416C2FA20DF3DA9596FBCC041FB59BC4D66687E61266F78
PAIR_TWO_SIDED_GRID_T125_S020_STOP_AFTER_3_PAIR_RESETS_WEEK__FLIP_LOSER_WAREHOUSE,flip_counterfactual,PAIR_TWO_SIDED_GRID_T125_S020_STOP_AFTER_3_PAIR_RESETS_WEEK,warehouse_losing_flip_no_new_fills,GBPNZD,752.142005,729.480926,-22.661079,-324.585404,0,940.673281,1,E02C76956958F859A8035D476E4A0DD094678CFDFA649C87E4D02364770A9A11
PAIR_TWO_SIDED_GRID_T125_S020_STOP_AFTER_3_PAIR_RESETS_WEEK__FLIP_LOSER_WAREHOUSE,flip_counterfactual,PAIR_TWO_SIDED_GRID_T125_S020_STOP_AFTER_3_PAIR_RESETS_WEEK,warehouse_losing_flip_no_new_fills,NZDCAD,762.642551,763.147703,0.505152,-92.951477,0,997.305494,1,10F21EB30F3C410643D06D670655AC8022F672C17C89BC37CC34025898A46BEA
PAIR_TWO_SIDED_GRID_T125_S020_STOP_AFTER_3_PAIR_RESETS_WEEK__FLIP_LOSER_WAREHOUSE,flip_counterfactual,PAIR_TWO_SIDED_GRID_T125_S020_STOP_AFTER_3_PAIR_RESETS_WEEK,warehouse_losing_flip_no_new_fills,EURGBP,769.592022,765.849262,-3.74276,-424.056209,0,833.260629,1,38213A073297E23B63AFA69313AFD2C24AC0861F175200DC9087181D912A958D
PAIR_TWO_SIDED_GRID_T125_S020_STOP_AFTER_3_PAIR_RESETS_WEEK__FLIP_LOSER_WAREHOUSE,flip_counterfactual,PAIR_TWO_SIDED_GRID_T125_S020_STOP_AFTER_3_PAIR_RESETS_WEEK,warehouse_losing_flip_no_new_fills,CADCHF,847.988577,843.535204,-4.453373,-120.19776,0,924.049712,1,DC9618C283FAB02B1B82F501E5D2806D6802F3A067BC61690B89604E27EB63BB
PAIR_TWO_SIDED_GRID_T125_S020_STOP_AFTER_3_PAIR_RESETS_WEEK__FLIP_LOSER_WAREHOUSE,flip_counterfactual,PAIR_TWO_SIDED_GRID_T125_S020_STOP_AFTER_3_PAIR_RESETS_WEEK,warehouse_losing_flip_no_new_fills,NZDCHF,860.051202,860.454976,0.403774,-102.772783,0,998.632762,1,61FC6FB161E52DDDA3B3D69DF105CC28F45AC11DA747C70131DA52BDB6D7825A
PAIR_TWO_SIDED_GRID_T125_S020_STOP_AFTER_3_PAIR_RESETS_WEEK__FLIP_LOSER_WAREHOUSE,flip_counterfactual,PAIR_TWO_SIDED_GRID_T125_S020_STOP_AFTER_3_PAIR_RESETS_WEEK,warehouse_losing_flip_no_new_fills,EURCAD,880.871657,880.871657,0,-196.671751,0,948.963617,0,125393152539A8784F6B58BAD3386F59CBF34FF35329FD80E9B9948312629F33
PAIR_TWO_SIDED_GRID_T125_S020_STOP_AFTER_3_PAIR_RESETS_WEEK__FLIP_LOSER_WAREHOUSE,flip_counterfactual,PAIR_TWO_SIDED_GRID_T125_S020_STOP_AFTER_3_PAIR_RESETS_WEEK,warehouse_losing_flip_no_new_fills,EURNZD,884.042141,884.042141,0,-262.281736,0,998.284118,0,BB3FDBAD8C24D8CE000364AE90E1063565E0741BE3C88571667EB73DA4580FDA
PAIR_TWO_SIDED_GRID_T125_S020_STOP_AFTER_3_PAIR_RESETS_WEEK__FLIP_LOSER_WAREHOUSE,flip_counterfactual,PAIR_TWO_SIDED_GRID_T125_S020_STOP_AFTER_3_PAIR_RESETS_WEEK,warehouse_losing_flip_no_new_fills,NZDJPY,926.96646,909.731258,-17.235202,-111.20408,0,1017.723373,1,785A9E847454D45FD458C766EA0AD4AC58B3468B5537C0BBB2D08B005D07D76A
PAIR_TWO_SIDED_GRID_T125_S020_STOP_AFTER_3_PAIR_RESETS_WEEK__NO_FLIP_FORCE_DIAGNOSTIC,flip_counterfactual,PAIR_TWO_SIDED_GRID_T125_S020_STOP_AFTER_3_PAIR_RESETS_WEEK,no_flip_force_no_new_fills,AUDNZD,721.252368,-3693.912563,-4415.164931,-4959.279065,0,713.869565,3,A61B772554331FB4D9F7260E8307F130627D248126149D2B1EC0BBC18C4F7E76
PAIR_TWO_SIDED_GRID_T125_S020_STOP_AFTER_3_PAIR_RESETS_WEEK__NO_FLIP_FORCE_DIAGNOSTIC,flip_counterfactual,PAIR_TWO_SIDED_GRID_T125_S020_STOP_AFTER_3_PAIR_RESETS_WEEK,no_flip_force_no_new_fills,EURJPY,781.500786,-244.622929,-1026.123715,-1182.713871,0,770.093118,1,851E952537BDAE1106C1251951DA3960AF543C23983CA1D16CA6F77C030B97E7
PAIR_TWO_SIDED_GRID_T125_S020_STOP_AFTER_3_PAIR_RESETS_WEEK__NO_FLIP_FORCE_DIAGNOSTIC,flip_counterfactual,PAIR_TWO_SIDED_GRID_T125_S020_STOP_AFTER_3_PAIR_RESETS_WEEK,no_flip_force_no_new_fills,AUDCAD,994.229538,-125.967802,-1120.19734,-1291.316797,0,989.046255,2,E0D0E16F361FEDBC8E73168A860F184DDA54B317DC38724C7310E345423B105C
PAIR_TWO_SIDED_GRID_T125_S020_STOP_AFTER_3_PAIR_RESETS_WEEK__NO_FLIP_FORCE_DIAGNOSTIC,flip_counterfactual,PAIR_TWO_SIDED_GRID_T125_S020_STOP_AFTER_3_PAIR_RESETS_WEEK,no_flip_force_no_new_fills,AUDJPY,955.725358,9.187796,-946.537562,-1121.084083,0,951.993759,2,6579C4B397DF6E70B33E9AC8E3BA5E94AABBBD0A3884B03A45F3FC250C13B79D
PAIR_TWO_SIDED_GRID_T125_S020_STOP_AFTER_3_PAIR_RESETS_WEEK__NO_FLIP_FORCE_DIAGNOSTIC,flip_counterfactual,PAIR_TWO_SIDED_GRID_T125_S020_STOP_AFTER_3_PAIR_RESETS_WEEK,no_flip_force_no_new_fills,NZDCHF,1002.174878,137.85327,-864.321608,-943.800238,0,998.632762,2,EF83377089F0EC3DA77DE997C13E8846FD775FEAE9AF974199FE39E7497BC84B
PAIR_TWO_SIDED_GRID_T125_S020_STOP_AFTER_3_PAIR_RESETS_WEEK__NO_FLIP_FORCE_DIAGNOSTIC,flip_counterfactual,PAIR_TWO_SIDED_GRID_T125_S020_STOP_AFTER_3_PAIR_RESETS_WEEK,no_flip_force_no_new_fills,USDCAD,906.443795,387.510275,-518.93352,-1224.854004,0,895.072262,3,C931F05FD71F501DBEF31E9FAC1FA7C3C23CB858055E57400DAD5ADE493F9080
PAIR_TWO_SIDED_GRID_T125_S020_STOP_AFTER_3_PAIR_RESETS_WEEK__NO_FLIP_FORCE_DIAGNOSTIC,flip_counterfactual,PAIR_TWO_SIDED_GRID_T125_S020_STOP_AFTER_3_PAIR_RESETS_WEEK,no_flip_force_no_new_fills,EURAUD,898.703367,435.592414,-463.110953,-532.805176,0,895.845905,2,C69304A6C059F71C06CDA1C272F3C5F2E2488A88F04E2DC6947E8379D356A225
PAIR_TWO_SIDED_GRID_T125_S020_STOP_AFTER_3_PAIR_RESETS_WEEK__NO_FLIP_FORCE_DIAGNOSTIC,flip_counterfactual,PAIR_TWO_SIDED_GRID_T125_S020_STOP_AFTER_3_PAIR_RESETS_WEEK,no_flip_force_no_new_fills,GBPAUD,889.179829,455.180495,-433.999334,-632.287613,0,882.742545,2,CE6C6960D2658631A32946A8E6AC7442CACF8BE8078B38F1C1A782E19EA9571D
PAIR_TWO_SIDED_GRID_T125_S020_STOP_AFTER_3_PAIR_RESETS_WEEK__NO_FLIP_FORCE_DIAGNOSTIC,flip_counterfactual,PAIR_TWO_SIDED_GRID_T125_S020_STOP_AFTER_3_PAIR_RESETS_WEEK,no_flip_force_no_new_fills,GBPCHF,813.850465,456.740994,-357.109471,-813.405164,0,810.353363,2,94CCBEF1786AA4C7B1C70840F3E8A478D23AAAEE781EBB6F76617A2EB2F9883C
PAIR_TWO_SIDED_GRID_T125_S020_STOP_AFTER_3_PAIR_RESETS_WEEK__NO_FLIP_FORCE_DIAGNOSTIC,flip_counterfactual,PAIR_TWO_SIDED_GRID_T125_S020_STOP_AFTER_3_PAIR_RESETS_WEEK,no_flip_force_no_new_fills,AUDCHF,961.173674,549.740746,-411.432928,-823.830695,0,959.866386,2,ED90FB48A01817F4ADBFD3BE812C2763C5B4CF5E91E3E87F7B1AB986BDE8B6FA
PAIR_TWO_SIDED_GRID_T125_S020_STOP_AFTER_3_PAIR_RESETS_WEEK__NO_FLIP_FORCE_DIAGNOSTIC,flip_counterfactual,PAIR_TWO_SIDED_GRID_T125_S020_STOP_AFTER_3_PAIR_RESETS_WEEK,no_flip_force_no_new_fills,CADJPY,932.555632,621.697556,-310.858076,-533.598889,0,904.115391,2,6B21235FE37C3FC1A4402CAF0CA5DBD41DFCDD68DC95A55565581F7E9E436038
PAIR_TWO_SIDED_GRID_T125_S020_STOP_AFTER_3_PAIR_RESETS_WEEK__NO_FLIP_FORCE_DIAGNOSTIC,flip_counterfactual,PAIR_TWO_SIDED_GRID_T125_S020_STOP_AFTER_3_PAIR_RESETS_WEEK,no_flip_force_no_new_fills,GBPUSD,854.756087,634.708276,-220.047811,-397.152394,0,852.632839,2,6CE62148D885711796734ABC707CD24E26582CDFC7574FA732765C3F1A4E50CD
PAIR_TWO_SIDED_GRID_T125_S020_STOP_AFTER_3_PAIR_RESETS_WEEK__NO_FLIP_FORCE_DIAGNOSTIC,flip_counterfactual,PAIR_TWO_SIDED_GRID_T125_S020_STOP_AFTER_3_PAIR_RESETS_WEEK,no_flip_force_no_new_fills,CHFJPY,825.173368,655.532274,-169.641094,-1306.157787,0,822.608499,2,E32C2871D04231150783D142203959514E114018EA23C1FAEB385E4B121CF58B
PAIR_TWO_SIDED_GRID_T125_S020_STOP_AFTER_3_PAIR_RESETS_WEEK__NO_FLIP_FORCE_DIAGNOSTIC,flip_counterfactual,PAIR_TWO_SIDED_GRID_T125_S020_STOP_AFTER_3_PAIR_RESETS_WEEK,no_flip_force_no_new_fills,GBPCAD,819.831598,674.157513,-145.674085,-2305.185396,0,813.128503,2,7796E22757D32CF91F93DAEB9C50905A2E3DE039CA334637F832C999DEA630EA
PAIR_TWO_SIDED_GRID_T125_S020_STOP_AFTER_3_PAIR_RESETS_WEEK__NO_FLIP_FORCE_DIAGNOSTIC,flip_counterfactual,PAIR_TWO_SIDED_GRID_T125_S020_STOP_AFTER_3_PAIR_RESETS_WEEK,no_flip_force_no_new_fills,EURCHF,677.66571,677.66571,0,-972.863432,0,673.845594,0,55D3D12A7F0BF97728EE8CF6A380F69AB65B606A8FA04A07C3BA9BF576353698
PAIR_TWO_SIDED_GRID_T125_S020_STOP_AFTER_3_PAIR_RESETS_WEEK__NO_FLIP_FORCE_DIAGNOSTIC,flip_counterfactual,PAIR_TWO_SIDED_GRID_T125_S020_STOP_AFTER_3_PAIR_RESETS_WEEK,no_flip_force_no_new_fills,NZDUSD,839.510031,687.42656,-152.083471,-601.540511,0,833.216982,2,B288AD8981AD73D9A91370591D9C65DFD29054BBABBB7765D70DED9C3395E406
PAIR_TWO_SIDED_GRID_T125_S020_STOP_AFTER_3_PAIR_RESETS_WEEK__NO_FLIP_FORCE_DIAGNOSTIC,flip_counterfactual,PAIR_TWO_SIDED_GRID_T125_S020_STOP_AFTER_3_PAIR_RESETS_WEEK,no_flip_force_no_new_fills,EURUSD,825.329398,780.808583,-44.520815,-388.967793,0,821.609363,2,8BC27A29FB725DB1CDCC46507247718E7363EC18F07A2BF3B3E390D454C03A38
PAIR_TWO_SIDED_GRID_T125_S020_STOP_AFTER_3_PAIR_RESETS_WEEK__NO_FLIP_FORCE_DIAGNOSTIC,flip_counterfactual,PAIR_TWO_SIDED_GRID_T125_S020_STOP_AFTER_3_PAIR_RESETS_WEEK,no_flip_force_no_new_fills,USDCHF,822.167786,806.133006,-16.03478,-281.399253,0,817.705243,1,2D12A0B8C946EB1E1FC3E6B4CB5E92E37A2EB63E64E998102381BB45B2A13832
PAIR_TWO_SIDED_GRID_T125_S020_STOP_AFTER_3_PAIR_RESETS_WEEK__NO_FLIP_FORCE_DIAGNOSTIC,flip_counterfactual,PAIR_TWO_SIDED_GRID_T125_S020_STOP_AFTER_3_PAIR_RESETS_WEEK,no_flip_force_no_new_fills,EURGBP,835.401136,816.067553,-19.333583,-424.056209,0,833.260629,2,CD1FE17714CC81B703B50DE2D9935BEDB9E0E9754E0CC65F5CC11950FD86223F
PAIR_TWO_SIDED_GRID_T125_S020_STOP_AFTER_3_PAIR_RESETS_WEEK__NO_FLIP_FORCE_DIAGNOSTIC,flip_counterfactual,PAIR_TWO_SIDED_GRID_T125_S020_STOP_AFTER_3_PAIR_RESETS_WEEK,no_flip_force_no_new_fills,AUDUSD,864.984052,864.984052,0,-1646.764167,0,851.210803,0,1F71CE22E9A1B3E2E744FA7286393771332F38CD494F5083AB6869EE7A61FFD4
PAIR_TWO_SIDED_GRID_T125_S020_STOP_AFTER_3_PAIR_RESETS_WEEK__NO_FLIP_FORCE_DIAGNOSTIC,flip_counterfactual,PAIR_TWO_SIDED_GRID_T125_S020_STOP_AFTER_3_PAIR_RESETS_WEEK,no_flip_force_no_new_fills,USDJPY,880.965685,868.961221,-12.004464,-294.136395,0,865.485969,1,F9A60A67F048D6235B2771B328ED7F33196441422FE93EBC2B9086DE0CF8758D
PAIR_TWO_SIDED_GRID_T125_S020_STOP_AFTER_3_PAIR_RESETS_WEEK__NO_FLIP_FORCE_DIAGNOSTIC,flip_counterfactual,PAIR_TWO_SIDED_GRID_T125_S020_STOP_AFTER_3_PAIR_RESETS_WEEK,no_flip_force_no_new_fills,GBPJPY,876.502003,871.00157,-5.500433,-838.105417,0,859.902846,1,A59AF2F571D9FF0E82B26DFA628D395DEBEE577B23601BD7E92BCB372D69A737
PAIR_TWO_SIDED_GRID_T125_S020_STOP_AFTER_3_PAIR_RESETS_WEEK__NO_FLIP_FORCE_DIAGNOSTIC,flip_counterfactual,PAIR_TWO_SIDED_GRID_T125_S020_STOP_AFTER_3_PAIR_RESETS_WEEK,no_flip_force_no_new_fills,NZDCAD,1001.263151,879.399197,-121.863954,-226.61211,0,997.305494,2,5102414F42905F0946978BC189FECB020526DFE207BEBF6F50F555F15A90F6A0
PAIR_TWO_SIDED_GRID_T125_S020_STOP_AFTER_3_PAIR_RESETS_WEEK__NO_FLIP_FORCE_DIAGNOSTIC,flip_counterfactual,PAIR_TWO_SIDED_GRID_T125_S020_STOP_AFTER_3_PAIR_RESETS_WEEK,no_flip_force_no_new_fills,EURCAD,952.769136,917.873068,-34.896068,-281.438034,0,948.963617,1,2AF46A35BC78D9F20EFEA88EEDCFFC0892B77C5C91E59B06300B893EF979BD58
PAIR_TWO_SIDED_GRID_T125_S020_STOP_AFTER_3_PAIR_RESETS_WEEK__NO_FLIP_FORCE_DIAGNOSTIC,flip_counterfactual,PAIR_TWO_SIDED_GRID_T125_S020_STOP_AFTER_3_PAIR_RESETS_WEEK,no_flip_force_no_new_fills,CADCHF,930.379739,925.926366,-4.453373,-120.19776,0,924.049712,1,842D5CF9CF5F38F8824BEC4CA944CFDD1258643CB45A67D5C8B74452C63E810A
PAIR_TWO_SIDED_GRID_T125_S020_STOP_AFTER_3_PAIR_RESETS_WEEK__NO_FLIP_FORCE_DIAGNOSTIC,flip_counterfactual,PAIR_TWO_SIDED_GRID_T125_S020_STOP_AFTER_3_PAIR_RESETS_WEEK,no_flip_force_no_new_fills,GBPNZD,954.101759,931.44068,-22.661079,-324.585404,0,940.673281,1,C3DD9B65D08E9DC0C7BECDC8A9D20C950BE8FD76BE31FF930E9420B838BFDC1F
PAIR_TWO_SIDED_GRID_T125_S020_STOP_AFTER_3_PAIR_RESETS_WEEK__NO_FLIP_FORCE_DIAGNOSTIC,flip_counterfactual,PAIR_TWO_SIDED_GRID_T125_S020_STOP_AFTER_3_PAIR_RESETS_WEEK,no_flip_force_no_new_fills,EURNZD,1001.385489,1001.385489,0,-311.170421,0,998.284118,0,0ED0EF4256F0DD262CFF8564C0B4B8C931861C9D06AD5BD1A95FD9B47598C9A5
PAIR_TWO_SIDED_GRID_T125_S020_STOP_AFTER_3_PAIR_RESETS_WEEK__NO_FLIP_FORCE_DIAGNOSTIC,flip_counterfactual,PAIR_TWO_SIDED_GRID_T125_S020_STOP_AFTER_3_PAIR_RESETS_WEEK,no_flip_force_no_new_fills,NZDJPY,1026.738227,1009.503025,-17.235202,-111.20408,0,1017.723373,1,9B350FEA2B4BD25F7EA16AE1A28BF1C2529954BF70FC4208DA36299C87167B47
PAIR_TWO_SIDED_GRID_TARGET_150_SPACING_020_RESTART_UNTIL_FLIP,pair_directional_two_sided_grid,,current_forced_flip_close,AUDNZD,362.031101,-2726.850534,-3088.881635,-3551.844802,-495.770336,851.493819,1,B7460F07ED4E46BA673021FC640FE1E5E64051018C019C71D42354442E516CD2
PAIR_TWO_SIDED_GRID_TARGET_150_SPACING_020_RESTART_UNTIL_FLIP,pair_directional_two_sided_grid,,current_forced_flip_close,AUDJPY,1098.747995,-851.548508,-1950.296503,-2199.402789,-188.420031,1277.654102,1,5F430C899DA894B16D8ABCFD5ECF292E665BEA52B9C5CB274EA0A85571A98155
PAIR_TWO_SIDED_GRID_TARGET_150_SPACING_020_RESTART_UNTIL_FLIP,pair_directional_two_sided_grid,,current_forced_flip_close,CHFJPY,-785.870712,-789.278906,-3.408194,-1638.703732,-1815.537521,1022.50791,1,EF52A3388EC569F53EEC1947E241191888E1DE9E22D1703B248D0B8CAF468351
PAIR_TWO_SIDED_GRID_TARGET_150_SPACING_020_RESTART_UNTIL_FLIP,pair_directional_two_sided_grid,,current_forced_flip_close,EURJPY,-407.461793,-413.637027,-6.175234,-1171.213305,-1331.42773,917.113722,1,26D095CD61A15D92A6C188821DAF82A6C8AD3E122B4178AF32CA9D8E61A0E98E
PAIR_TWO_SIDED_GRID_TARGET_150_SPACING_020_RESTART_UNTIL_FLIP,pair_directional_two_sided_grid,,current_forced_flip_close,EURCHF,33.602871,33.478571,-0.1243,-1261.135084,-736.272749,767.600448,1,5C4039D1AF93996B0BF0D2DD9E6CE0D81212091183D486F3EB20B9E9880879E9
PAIR_TWO_SIDED_GRID_TARGET_150_SPACING_020_RESTART_UNTIL_FLIP,pair_directional_two_sided_grid,,current_forced_flip_close,AUDCAD,244.978644,244.902374,-0.07627,-739.562008,-995.892359,1233.698425,1,6F6B4D42BE58C94DE99396477531A91B489309A1D16DA64EEB07D137317EC8A9
PAIR_TWO_SIDED_GRID_TARGET_150_SPACING_020_RESTART_UNTIL_FLIP,pair_directional_two_sided_grid,,current_forced_flip_close,CADJPY,387.70799,387.293071,-0.414919,-511.132567,-659.259842,1021.730397,1,60B149E57BCF9AB7C875A47D6DEC321BB56C672C7098084F584CCA7C006FEB3C
PAIR_TWO_SIDED_GRID_TARGET_150_SPACING_020_RESTART_UNTIL_FLIP,pair_directional_two_sided_grid,,current_forced_flip_close,NZDUSD,419.929191,391.056506,-28.872685,-273.694337,-741.704511,1153.371165,1,2D9A867CB77EE9A45A496DA77FF627AE8306E86E393B0A51ED657B23C637E96F
PAIR_TWO_SIDED_GRID_TARGET_150_SPACING_020_RESTART_UNTIL_FLIP,pair_directional_two_sided_grid,,current_forced_flip_close,GBPJPY,418.347504,412.942857,-5.404647,-1995.98078,-713.560948,1127.143572,1,94677C269F0F877FD523D0F4E303C928138EA621F689A91C219DABF7DAE86AA6
PAIR_TWO_SIDED_GRID_TARGET_150_SPACING_020_RESTART_UNTIL_FLIP,pair_directional_two_sided_grid,,current_forced_flip_close,USDCAD,533.208726,426.796617,-106.412109,-298.255389,-680.105595,1208.4261,1,F7E293A0D07EC1A88DA74CA67427F44947D5093C70DBDADF05956A0D6ECA27CE
PAIR_TWO_SIDED_GRID_TARGET_150_SPACING_020_RESTART_UNTIL_FLIP,pair_directional_two_sided_grid,,current_forced_flip_close,AUDUSD,452.639286,453.084274,0.444988,-393.812504,-685.500206,1128.215829,1,9452E7DADEBCD4E01D7FD3998935AF03F42E86842D7590B496B019BF2B6FED77
PAIR_TWO_SIDED_GRID_TARGET_150_SPACING_020_RESTART_UNTIL_FLIP,pair_directional_two_sided_grid,,current_forced_flip_close,GBPAUD,763.962994,466.796753,-297.166241,-470.657245,-400.171811,1151.564833,1,843BD23DB4BF6F5F76D925FE5E1DEC65BB907F312B9971FEC30BEB31ABE75732
PAIR_TWO_SIDED_GRID_TARGET_150_SPACING_020_RESTART_UNTIL_FLIP,pair_directional_two_sided_grid,,current_forced_flip_close,USDJPY,563.739758,525.380158,-38.3596,-637.332991,-640.20232,1191.50432,1,CED4C6E8D13607EA0D054318E029C8DD32DD9D2D9D327783782931502D30CDA9
PAIR_TWO_SIDED_GRID_TARGET_150_SPACING_020_RESTART_UNTIL_FLIP,pair_directional_two_sided_grid,,current_forced_flip_close,EURAUD,551.785004,527.695391,-24.089613,-315.818098,-741.310952,1285.028808,1,31DB39E795D9CE414F0C0C154D2A62921B2A49B0F21FF1352BEEC159FED88ED0
PAIR_TWO_SIDED_GRID_TARGET_150_SPACING_020_RESTART_UNTIL_FLIP,pair_directional_two_sided_grid,,current_forced_flip_close,GBPCAD,640.62946,638.923405,-1.706055,-2310.389816,-387.033751,1009.605857,1,1C46DB0747DAC680E04F660F19EDE2172083C8101933BC13493111015779D08D
PAIR_TWO_SIDED_GRID_TARGET_150_SPACING_020_RESTART_UNTIL_FLIP,pair_directional_two_sided_grid,,current_forced_flip_close,GBPUSD,689.418554,690.248159,0.829605,-397.152394,-460.137489,1141.801122,1,DD6C6E16014651552CE3EBA258F254B27D10B9C41444CA69EAFC3C2CFC7086D7
PAIR_TWO_SIDED_GRID_TARGET_150_SPACING_020_RESTART_UNTIL_FLIP,pair_directional_two_sided_grid,,current_forced_flip_close,GBPNZD,872.597966,839.38162,-33.216346,-330.137205,-356.895474,1226.493977,1,21490E07130C772168A07B5D345873CF9E1253415B08F05B19E90F1C9D5E8147
PAIR_TWO_SIDED_GRID_TARGET_150_SPACING_020_RESTART_UNTIL_FLIP,pair_directional_two_sided_grid,,current_forced_flip_close,AUDCHF,858.12755,841.531077,-16.596473,-269.798687,-457.134182,1306.273036,1,5D02F20F2A29929329D353777B028B8C8AD51946882ADC5A1E8EB0D9A8760E1A
PAIR_TWO_SIDED_GRID_TARGET_150_SPACING_020_RESTART_UNTIL_FLIP,pair_directional_two_sided_grid,,current_forced_flip_close,NZDJPY,869.135996,846.622355,-22.513641,-446.030622,-462.515919,1318.585229,1,90FBC36031D76E309548B9CA05F4C7EBC560DB8301D1583A1343894046F2E0BE
PAIR_TWO_SIDED_GRID_TARGET_150_SPACING_020_RESTART_UNTIL_FLIP,pair_directional_two_sided_grid,,current_forced_flip_close,NZDCAD,883.544368,883.629729,0.085361,-250.353778,-366.770855,1240.863993,1,4D40221FF33AEAEE86EFCFE9D27BDE52562FCC07950E2FCB8DB0E95675EFD5A6
PAIR_TWO_SIDED_GRID_TARGET_150_SPACING_020_RESTART_UNTIL_FLIP,pair_directional_two_sided_grid,,current_forced_flip_close,USDCHF,919.521462,890.146157,-29.375305,-268.117074,-217.428502,1130.33596,1,26E8A7AF9562DF1ED838FD7E5AC4B7B601E8408CDEFA8C7FD152D29F25DE7715
PAIR_TWO_SIDED_GRID_TARGET_150_SPACING_020_RESTART_UNTIL_FLIP,pair_directional_two_sided_grid,,current_forced_flip_close,GBPCHF,939.8324,922.16716,-17.66524,-632.032302,-177.478431,1111.538884,1,DDE620B9D767923B2CF01E34B530982A1B3D33524A3CD6DFE3DCD195C5826AE0
PAIR_TWO_SIDED_GRID_TARGET_150_SPACING_020_RESTART_UNTIL_FLIP,pair_directional_two_sided_grid,,current_forced_flip_close,EURUSD,955.768224,922.869535,-32.898689,-393.91702,-167.093763,1120.390887,1,53253A7203075C62E234ED64C08429EE2D192BE8823FA5F37B31D3018C31ABDC
PAIR_TWO_SIDED_GRID_TARGET_150_SPACING_020_RESTART_UNTIL_FLIP,pair_directional_two_sided_grid,,current_forced_flip_close,EURGBP,1048.728432,1044.77216,-3.956272,-424.056209,-135.986638,1181.731332,1,59D244DA68ED90DDE0895ED3811A6C01E5B9E3CB807974F7D8B92BF876B6AD68
PAIR_TWO_SIDED_GRID_TARGET_150_SPACING_020_RESTART_UNTIL_FLIP,pair_directional_two_sided_grid,,current_forced_flip_close,EURCAD,1137.907992,1132.120115,-5.787877,-192.366868,-162.258466,1285.864796,1,97C6BA7C23473D02877B1D52E85BCC4685F398933F8BEC1C6290BB9CD3C21BC9
PAIR_TWO_SIDED_GRID_TARGET_150_SPACING_020_RESTART_UNTIL_FLIP,pair_directional_two_sided_grid,,current_forced_flip_close,EURNZD,1165.315217,1165.157605,-0.157612,-387.802312,-188.027757,1350.708896,1,0B18E350AFEAFAF556FB05DB618E818DE2302BB396704784E6DDFE5A3F7AC017
PAIR_TWO_SIDED_GRID_TARGET_150_SPACING_020_RESTART_UNTIL_FLIP,pair_directional_two_sided_grid,,current_forced_flip_close,NZDCHF,1183.122016,1183.381476,0.25946,-171.097899,-155.398468,1334.149061,1,3DAFD00AC36593A9956A31DEBFB2C7030B0CDB37B3CC58996CBFC9FE85829D46
PAIR_TWO_SIDED_GRID_TARGET_150_SPACING_020_RESTART_UNTIL_FLIP,pair_directional_two_sided_grid,,current_forced_flip_close,CADCHF,1211.425518,1206.73274,-4.692778,-102.012794,-149.518652,1339.483133,1,F88E38EEADB5D2D7E6F7F39A23431C8893CE9FD3DDA8E413F3DAD01016B765F4
PAIR_TWO_SIDED_GRID_TARGET_150_SPACING_020_RESTART_UNTIL_FLIP__FLIP_CLOSE_SMALL_LOSS_WAREHOUSE_GT3ADR,flip_counterfactual,PAIR_TWO_SIDED_GRID_TARGET_150_SPACING_020_RESTART_UNTIL_FLIP,close_small_loss_warehouse_large_loss,AUDNZD,358.701515,-2730.18012,-3088.881635,-3551.844802,-9.002136,851.493819,1,48B750DC57E2FF9671FF21AA46339C924A6EBDFFEC8EEFD7B710C580B6801688
PAIR_TWO_SIDED_GRID_TARGET_150_SPACING_020_RESTART_UNTIL_FLIP__FLIP_CLOSE_SMALL_LOSS_WAREHOUSE_GT3ADR,flip_counterfactual,PAIR_TWO_SIDED_GRID_TARGET_150_SPACING_020_RESTART_UNTIL_FLIP,close_small_loss_warehouse_large_loss,AUDJPY,1095.763693,-854.53281,-1950.296503,-2199.402789,-14.26216,1277.654102,1,612898C1FF89865CEF3308434F4E19D3D67CCF703F16392358F2A013FFFFD6EA
PAIR_TWO_SIDED_GRID_TARGET_150_SPACING_020_RESTART_UNTIL_FLIP__FLIP_CLOSE_SMALL_LOSS_WAREHOUSE_GT3ADR,flip_counterfactual,PAIR_TWO_SIDED_GRID_TARGET_150_SPACING_020_RESTART_UNTIL_FLIP,close_small_loss_warehouse_large_loss,CHFJPY,-797.924735,-801.332929,-3.408194,-1638.703732,-13.327292,1022.50791,1,B528ECAF7E01494B215F2430BDE21D56A9EAD3AD0B93C58B040BEF46EEDBE249
PAIR_TWO_SIDED_GRID_TARGET_150_SPACING_020_RESTART_UNTIL_FLIP__FLIP_CLOSE_SMALL_LOSS_WAREHOUSE_GT3ADR,flip_counterfactual,PAIR_TWO_SIDED_GRID_TARGET_150_SPACING_020_RESTART_UNTIL_FLIP,close_small_loss_warehouse_large_loss,EURJPY,-410.469066,-416.6443,-6.175234,-1171.213305,-15.080854,917.113722,1,64E797D7B0B4E74AA83FA11C6F33474DB23E3A3109C188B19A2A5FF655FA5BAF
PAIR_TWO_SIDED_GRID_TARGET_150_SPACING_020_RESTART_UNTIL_FLIP__FLIP_CLOSE_SMALL_LOSS_WAREHOUSE_GT3ADR,flip_counterfactual,PAIR_TWO_SIDED_GRID_TARGET_150_SPACING_020_RESTART_UNTIL_FLIP,close_small_loss_warehouse_large_loss,EURCHF,63.369872,63.245572,-0.1243,-1261.135084,-3.796144,767.600448,1,153943CB445C33730940443D63F084819F33BF663616773BFCAC6E56B6506666
PAIR_TWO_SIDED_GRID_TARGET_150_SPACING_020_RESTART_UNTIL_FLIP__FLIP_CLOSE_SMALL_LOSS_WAREHOUSE_GT3ADR,flip_counterfactual,PAIR_TWO_SIDED_GRID_TARGET_150_SPACING_020_RESTART_UNTIL_FLIP,close_small_loss_warehouse_large_loss,AUDCAD,205.539965,205.463695,-0.07627,-739.562008,-11.993687,1233.698425,1,65AAF2572721D49968491FE285301723B4072461BC774E4D77F711332F3B1F58
PAIR_TWO_SIDED_GRID_TARGET_150_SPACING_020_RESTART_UNTIL_FLIP__FLIP_CLOSE_SMALL_LOSS_WAREHOUSE_GT3ADR,flip_counterfactual,PAIR_TWO_SIDED_GRID_TARGET_150_SPACING_020_RESTART_UNTIL_FLIP,close_small_loss_warehouse_large_loss,NZDUSD,399.836168,370.963483,-28.872685,-273.694337,-11.40098,1153.371165,1,3DA0418E1E996F1CF3078EE55AD5510F2AB9F996DDB65CB1E00200819BE4E114
PAIR_TWO_SIDED_GRID_TARGET_150_SPACING_020_RESTART_UNTIL_FLIP__FLIP_CLOSE_SMALL_LOSS_WAREHOUSE_GT3ADR,flip_counterfactual,PAIR_TWO_SIDED_GRID_TARGET_150_SPACING_020_RESTART_UNTIL_FLIP,close_small_loss_warehouse_large_loss,CADJPY,386.626892,386.211973,-0.414919,-511.132567,-16.340602,1021.730397,1,4DB87ACD3C851B7498D25DE28251D3339F24F327F596FE8C026BEFEF64F5CF50
PAIR_TWO_SIDED_GRID_TARGET_150_SPACING_020_RESTART_UNTIL_FLIP__FLIP_CLOSE_SMALL_LOSS_WAREHOUSE_GT3ADR,flip_counterfactual,PAIR_TWO_SIDED_GRID_TARGET_150_SPACING_020_RESTART_UNTIL_FLIP,close_small_loss_warehouse_large_loss,GBPJPY,412.727372,407.322725,-5.404647,-1995.98078,-11.66604,1127.143572,1,BC65AD603E51D13FA9006687395460D4B701F3C82FEB0DE96125BEEADA9528D5
PAIR_TWO_SIDED_GRID_TARGET_150_SPACING_020_RESTART_UNTIL_FLIP__FLIP_CLOSE_SMALL_LOSS_WAREHOUSE_GT3ADR,flip_counterfactual,PAIR_TWO_SIDED_GRID_TARGET_150_SPACING_020_RESTART_UNTIL_FLIP,close_small_loss_warehouse_large_loss,AUDUSD,428.143843,428.588831,0.444988,-393.812504,-13.769098,1128.215829,1,51A7597C6791CC45F47894034E87932175B99495AC9E6850CC54BDA6B13C0624
PAIR_TWO_SIDED_GRID_TARGET_150_SPACING_020_RESTART_UNTIL_FLIP__FLIP_CLOSE_SMALL_LOSS_WAREHOUSE_GT3ADR,flip_counterfactual,PAIR_TWO_SIDED_GRID_TARGET_150_SPACING_020_RESTART_UNTIL_FLIP,close_small_loss_warehouse_large_loss,USDCAD,545.924566,439.512457,-106.412109,-298.255389,-7.857211,1208.4261,1,F40B5A8C5A31E14941A0B21D4BF152B5B9C70EAE4B9C30420A444EF0F51603FB
PAIR_TWO_SIDED_GRID_TARGET_150_SPACING_020_RESTART_UNTIL_FLIP__FLIP_CLOSE_SMALL_LOSS_WAREHOUSE_GT3ADR,flip_counterfactual,PAIR_TWO_SIDED_GRID_TARGET_150_SPACING_020_RESTART_UNTIL_FLIP,close_small_loss_warehouse_large_loss,GBPAUD,751.71773,454.551489,-297.166241,-470.657245,-12.69556,1151.564833,1,158F51ECC56C3CD2F2DE01EE8264C241CE41B491779D5E699B072EC099750D46
PAIR_TWO_SIDED_GRID_TARGET_150_SPACING_020_RESTART_UNTIL_FLIP__FLIP_CLOSE_SMALL_LOSS_WAREHOUSE_GT3ADR,flip_counterfactual,PAIR_TWO_SIDED_GRID_TARGET_150_SPACING_020_RESTART_UNTIL_FLIP,close_small_loss_warehouse_large_loss,EURAUD,563.294603,539.20499,-24.089613,-315.818098,-5.411271,1285.028808,1,833F19A79358AFB4A02F54A2C376BC1B3A947B190002DCC1DAE357E3290C55CC
PAIR_TWO_SIDED_GRID_TARGET_150_SPACING_020_RESTART_UNTIL_FLIP__FLIP_CLOSE_SMALL_LOSS_WAREHOUSE_GT3ADR,flip_counterfactual,PAIR_TWO_SIDED_GRID_TARGET_150_SPACING_020_RESTART_UNTIL_FLIP,close_small_loss_warehouse_large_loss,USDJPY,583.56448,545.20488,-38.3596,-637.332991,-7.837541,1191.50432,1,8627FE13EF618CCD0A4E15F786BE5FF68D928EE1D6094A47A3915D3FC017F0F3
PAIR_TWO_SIDED_GRID_TARGET_150_SPACING_020_RESTART_UNTIL_FLIP__FLIP_CLOSE_SMALL_LOSS_WAREHOUSE_GT3ADR,flip_counterfactual,PAIR_TWO_SIDED_GRID_TARGET_150_SPACING_020_RESTART_UNTIL_FLIP,close_small_loss_warehouse_large_loss,GBPCAD,631.184373,629.478318,-1.706055,-2310.389816,-16.34945,1009.605857,1,DF38B2ED97D0DF84197B67601459384B1547C7F4E8FF1BD06A0E30A8814F008E
PAIR_TWO_SIDED_GRID_TARGET_150_SPACING_020_RESTART_UNTIL_FLIP__FLIP_CLOSE_SMALL_LOSS_WAREHOUSE_GT3ADR,flip_counterfactual,PAIR_TWO_SIDED_GRID_TARGET_150_SPACING_020_RESTART_UNTIL_FLIP,close_small_loss_warehouse_large_loss,GBPUSD,687.672972,688.502577,0.829605,-397.152394,-19.181051,1141.801122,1,117A9834D3F0036FB60750414202F55437A17B877F9A5F9D51FD247C47F25BD4
PAIR_TWO_SIDED_GRID_TARGET_150_SPACING_020_RESTART_UNTIL_FLIP__FLIP_CLOSE_SMALL_LOSS_WAREHOUSE_GT3ADR,flip_counterfactual,PAIR_TWO_SIDED_GRID_TARGET_150_SPACING_020_RESTART_UNTIL_FLIP,close_small_loss_warehouse_large_loss,AUDCHF,836.405603,819.80913,-16.596473,-269.798687,-10.025052,1306.273036,1,A86B11628DCC6001424CC5D7F0B900F02F7B02CDD307EAA9D883CFE7934AFBEE
PAIR_TWO_SIDED_GRID_TARGET_150_SPACING_020_RESTART_UNTIL_FLIP__FLIP_CLOSE_SMALL_LOSS_WAREHOUSE_GT3ADR,flip_counterfactual,PAIR_TWO_SIDED_GRID_TARGET_150_SPACING_020_RESTART_UNTIL_FLIP,close_small_loss_warehouse_large_loss,NZDJPY,863.447875,840.934234,-22.513641,-446.030622,-15.005944,1318.585229,1,C741648FAE3DEEE50BF3171E3CD0509E589C6CE2F5B563683D93728155BA8131
PAIR_TWO_SIDED_GRID_TARGET_150_SPACING_020_RESTART_UNTIL_FLIP__FLIP_CLOSE_SMALL_LOSS_WAREHOUSE_GT3ADR,flip_counterfactual,PAIR_TWO_SIDED_GRID_TARGET_150_SPACING_020_RESTART_UNTIL_FLIP,close_small_loss_warehouse_large_loss,GBPNZD,878.3544,845.138054,-33.216346,-330.137205,-16.303872,1226.493977,1,743906EA471C960C03FF34F9D142D93B554388FBC430C2DFACB66D92452E38E5
PAIR_TWO_SIDED_GRID_TARGET_150_SPACING_020_RESTART_UNTIL_FLIP__FLIP_CLOSE_SMALL_LOSS_WAREHOUSE_GT3ADR,flip_counterfactual,PAIR_TWO_SIDED_GRID_TARGET_150_SPACING_020_RESTART_UNTIL_FLIP,close_small_loss_warehouse_large_loss,NZDCAD,872.493438,872.578799,0.085361,-250.353778,-9.936917,1240.863993,1,7EE8E768A16BE98495299C3218EE7CEC9933657E99A4197975F0EA9B964C9ED6
PAIR_TWO_SIDED_GRID_TARGET_150_SPACING_020_RESTART_UNTIL_FLIP__FLIP_CLOSE_SMALL_LOSS_WAREHOUSE_GT3ADR,flip_counterfactual,PAIR_TWO_SIDED_GRID_TARGET_150_SPACING_020_RESTART_UNTIL_FLIP,close_small_loss_warehouse_large_loss,USDCHF,933.883705,904.5084,-29.375305,-268.117074,-12.264011,1130.33596,1,0B6F5207FAA634D517A9A1598F557214A68E39CA44DBF2F84C1ADBAF967E8148
PAIR_TWO_SIDED_GRID_TARGET_150_SPACING_020_RESTART_UNTIL_FLIP__FLIP_CLOSE_SMALL_LOSS_WAREHOUSE_GT3ADR,flip_counterfactual,PAIR_TWO_SIDED_GRID_TARGET_150_SPACING_020_RESTART_UNTIL_FLIP,close_small_loss_warehouse_large_loss,EURUSD,956.879999,923.98131,-32.898689,-393.91702,-4.823777,1120.390887,1,AC374728EEB2F528DF96C0D9A78E4215C6F6D441EFAA0A67A656FD60D77DEF73
PAIR_TWO_SIDED_GRID_TARGET_150_SPACING_020_RESTART_UNTIL_FLIP__FLIP_CLOSE_SMALL_LOSS_WAREHOUSE_GT3ADR,flip_counterfactual,PAIR_TWO_SIDED_GRID_TARGET_150_SPACING_020_RESTART_UNTIL_FLIP,close_small_loss_warehouse_large_loss,GBPCHF,941.73985,924.07461,-17.66524,-632.032302,-3.493853,1111.538884,1,6288B895601DBB8F0E01BABFFC2795F76FE526DBF970B968E673769832730111
PAIR_TWO_SIDED_GRID_TARGET_150_SPACING_020_RESTART_UNTIL_FLIP__FLIP_CLOSE_SMALL_LOSS_WAREHOUSE_GT3ADR,flip_counterfactual,PAIR_TWO_SIDED_GRID_TARGET_150_SPACING_020_RESTART_UNTIL_FLIP,close_small_loss_warehouse_large_loss,EURGBP,1056.936369,1052.980097,-3.956272,-424.056209,-11.199984,1181.731332,1,E5BC6BC35A9E46D30F5F78AC6F1456378245A4DD156A169BEB2EC68A089C0285
PAIR_TWO_SIDED_GRID_TARGET_150_SPACING_020_RESTART_UNTIL_FLIP__FLIP_CLOSE_SMALL_LOSS_WAREHOUSE_GT3ADR,flip_counterfactual,PAIR_TWO_SIDED_GRID_TARGET_150_SPACING_020_RESTART_UNTIL_FLIP,close_small_loss_warehouse_large_loss,EURCAD,1105.372469,1099.584592,-5.787877,-192.366868,-14.029228,1285.864796,1,6B34C51186F78D2DC7714EA76C5B7B55CD72C8B55F96DCBE5C4869E410BCE30C
PAIR_TWO_SIDED_GRID_TARGET_150_SPACING_020_RESTART_UNTIL_FLIP__FLIP_CLOSE_SMALL_LOSS_WAREHOUSE_GT3ADR,flip_counterfactual,PAIR_TWO_SIDED_GRID_TARGET_150_SPACING_020_RESTART_UNTIL_FLIP,close_small_loss_warehouse_large_loss,NZDCHF,1151.412573,1151.672033,0.25946,-171.097899,-5.450595,1334.149061,1,3934BC8A5C6DF9B4A689F3E73E7695C231C484567B9CE0CA0130487174C2C818
PAIR_TWO_SIDED_GRID_TARGET_150_SPACING_020_RESTART_UNTIL_FLIP__FLIP_CLOSE_SMALL_LOSS_WAREHOUSE_GT3ADR,flip_counterfactual,PAIR_TWO_SIDED_GRID_TARGET_150_SPACING_020_RESTART_UNTIL_FLIP,close_small_loss_warehouse_large_loss,EURNZD,1192.612134,1192.454522,-0.157612,-387.802312,-6.563199,1350.708896,1,318AA5057B05D532084604513B149EAE03B1EFE155ECF398AB47C1D96AE48C05
PAIR_TWO_SIDED_GRID_TARGET_150_SPACING_020_RESTART_UNTIL_FLIP__FLIP_CLOSE_SMALL_LOSS_WAREHOUSE_GT3ADR,flip_counterfactual,PAIR_TWO_SIDED_GRID_TARGET_150_SPACING_020_RESTART_UNTIL_FLIP,close_small_loss_warehouse_large_loss,CADCHF,1224.21569,1219.522912,-4.692778,-102.012794,-8.409885,1339.483133,1,EB94C31802F00859D10050EF399B062619676A8A5BF471354AAE8014EA04D756
PAIR_TWO_SIDED_GRID_TARGET_150_SPACING_020_RESTART_UNTIL_FLIP__FLIP_GRACE_1W,flip_counterfactual,PAIR_TWO_SIDED_GRID_TARGET_150_SPACING_020_RESTART_UNTIL_FLIP,grace_window_losing_flip_no_new_fills,AUDNZD,475.953338,-2612.928297,-3088.881635,-3551.844802,0,851.493819,1,81702E7FFEBC6CEB12A59EECD41A80AA858E4F6C63A3AD4E44EFE41A9C476623
PAIR_TWO_SIDED_GRID_TARGET_150_SPACING_020_RESTART_UNTIL_FLIP__FLIP_GRACE_1W,flip_counterfactual,PAIR_TWO_SIDED_GRID_TARGET_150_SPACING_020_RESTART_UNTIL_FLIP,grace_window_losing_flip_no_new_fills,AUDJPY,999.56524,-950.731263,-1950.296503,-2199.402789,0,1277.654102,1,570B91FCA9663A2B73AB9C8C5670BC8BDA4CE8F810A595640209F77C9D51D8BC
PAIR_TWO_SIDED_GRID_TARGET_150_SPACING_020_RESTART_UNTIL_FLIP__FLIP_GRACE_1W,flip_counterfactual,PAIR_TWO_SIDED_GRID_TARGET_150_SPACING_020_RESTART_UNTIL_FLIP,grace_window_losing_flip_no_new_fills,CHFJPY,-673.375014,-676.783208,-3.408194,-1638.703732,0,1022.50791,1,28A2B2C40DB6F7C20CB08F75046D5C845196969B38433266A92B4A452E59FDC7
PAIR_TWO_SIDED_GRID_TARGET_150_SPACING_020_RESTART_UNTIL_FLIP__FLIP_GRACE_1W,flip_counterfactual,PAIR_TWO_SIDED_GRID_TARGET_150_SPACING_020_RESTART_UNTIL_FLIP,grace_window_losing_flip_no_new_fills,EURJPY,-413.125321,-419.300555,-6.175234,-1178.753027,0,917.113722,1,FB9F8550B2F46FAE6DF3A89005893C84A83081AB2DA5B61824F7F5A4724C4458
PAIR_TWO_SIDED_GRID_TARGET_150_SPACING_020_RESTART_UNTIL_FLIP__FLIP_GRACE_1W,flip_counterfactual,PAIR_TWO_SIDED_GRID_TARGET_150_SPACING_020_RESTART_UNTIL_FLIP,grace_window_losing_flip_no_new_fills,AUDUSD,244.767995,245.212983,0.444988,-393.812504,0,1128.215829,1,3A35FAA2D492D66997323A40D36D57EC1F5EA7C272C380B76FC8C30B751FF776
PAIR_TWO_SIDED_GRID_TARGET_150_SPACING_020_RESTART_UNTIL_FLIP__FLIP_GRACE_1W,flip_counterfactual,PAIR_TWO_SIDED_GRID_TARGET_150_SPACING_020_RESTART_UNTIL_FLIP,grace_window_losing_flip_no_new_fills,EURCHF,268.558526,268.434226,-0.1243,-1261.135084,0,767.600448,1,8433CD3FCB0FA3892544A0879409B018804A1CCAED06FEE7D753A7E1274C07C0
PAIR_TWO_SIDED_GRID_TARGET_150_SPACING_020_RESTART_UNTIL_FLIP__FLIP_GRACE_1W,flip_counterfactual,PAIR_TWO_SIDED_GRID_TARGET_150_SPACING_020_RESTART_UNTIL_FLIP,grace_window_losing_flip_no_new_fills,NZDUSD,400.481499,371.608814,-28.872685,-273.694337,0,1153.371165,1,00C95380017EC0EDA1B8253FCF8BE91A9E3099C4D60E1224B23F76B0DF616E1A
PAIR_TWO_SIDED_GRID_TARGET_150_SPACING_020_RESTART_UNTIL_FLIP__FLIP_GRACE_1W,flip_counterfactual,PAIR_TWO_SIDED_GRID_TARGET_150_SPACING_020_RESTART_UNTIL_FLIP,grace_window_losing_flip_no_new_fills,USDCAD,558.634121,452.222012,-106.412109,-298.255389,0,1208.4261,1,B3140267C91F8266E620D7B2044C214F49C3AEB20149C529E8585B9236D3F7F3
PAIR_TWO_SIDED_GRID_TARGET_150_SPACING_020_RESTART_UNTIL_FLIP__FLIP_GRACE_1W,flip_counterfactual,PAIR_TWO_SIDED_GRID_TARGET_150_SPACING_020_RESTART_UNTIL_FLIP,grace_window_losing_flip_no_new_fills,GBPUSD,482.061123,482.890728,0.829605,-397.152394,0,1141.801122,1,A24BDD18321B0909C13CC461F43EED67BBBAF3D64F153067CBF03480BE21536D
PAIR_TWO_SIDED_GRID_TARGET_150_SPACING_020_RESTART_UNTIL_FLIP__FLIP_GRACE_1W,flip_counterfactual,PAIR_TWO_SIDED_GRID_TARGET_150_SPACING_020_RESTART_UNTIL_FLIP,grace_window_losing_flip_no_new_fills,USDJPY,535.926523,497.566923,-38.3596,-637.332991,0,1191.50432,1,5E494F24D544A7C5E50EE218654D5BCE1A6E827FE67137581D8A064F4C36321A
PAIR_TWO_SIDED_GRID_TARGET_150_SPACING_020_RESTART_UNTIL_FLIP__FLIP_GRACE_1W,flip_counterfactual,PAIR_TWO_SIDED_GRID_TARGET_150_SPACING_020_RESTART_UNTIL_FLIP,grace_window_losing_flip_no_new_fills,CADJPY,500.878873,500.463954,-0.414919,-511.132567,0,1021.730397,1,9ACD5EA199455E7E5D0CFCCC8A2E2732DDC1FF51D9A2A64A06BBB3E6CA2576B4
PAIR_TWO_SIDED_GRID_TARGET_150_SPACING_020_RESTART_UNTIL_FLIP__FLIP_GRACE_1W,flip_counterfactual,PAIR_TWO_SIDED_GRID_TARGET_150_SPACING_020_RESTART_UNTIL_FLIP,grace_window_losing_flip_no_new_fills,GBPJPY,534.154028,528.749381,-5.404647,-1995.98078,0,1127.143572,1,70839BDE2A795A2012728125E99DB2F6476F74297C23DC82F671786DB2B5B070
PAIR_TWO_SIDED_GRID_TARGET_150_SPACING_020_RESTART_UNTIL_FLIP__FLIP_GRACE_1W,flip_counterfactual,PAIR_TWO_SIDED_GRID_TARGET_150_SPACING_020_RESTART_UNTIL_FLIP,grace_window_losing_flip_no_new_fills,GBPAUD,845.206324,548.040083,-297.166241,-470.657245,0,1151.564833,1,3424DED6732C5A43E8A5E8E6DF336383896C5944C96B098E19BD401A6F224E71
PAIR_TWO_SIDED_GRID_TARGET_150_SPACING_020_RESTART_UNTIL_FLIP__FLIP_GRACE_1W,flip_counterfactual,PAIR_TWO_SIDED_GRID_TARGET_150_SPACING_020_RESTART_UNTIL_FLIP,grace_window_losing_flip_no_new_fills,EURAUD,681.491761,657.402148,-24.089613,-315.818098,0,1285.028808,1,389A55A34D9DEE9F485479BF83AF7B015C3F29B1B9B48C210AE7BC5FA4FEC926
PAIR_TWO_SIDED_GRID_TARGET_150_SPACING_020_RESTART_UNTIL_FLIP__FLIP_GRACE_1W,flip_counterfactual,PAIR_TWO_SIDED_GRID_TARGET_150_SPACING_020_RESTART_UNTIL_FLIP,grace_window_losing_flip_no_new_fills,GBPCAD,662.108011,660.401956,-1.706055,-2310.389816,0,1009.605857,1,3D7A9415C229AA7607B897B69221DB0078BFF4D1DFCA2EA6B707540C734C4EC6
PAIR_TWO_SIDED_GRID_TARGET_150_SPACING_020_RESTART_UNTIL_FLIP__FLIP_GRACE_1W,flip_counterfactual,PAIR_TWO_SIDED_GRID_TARGET_150_SPACING_020_RESTART_UNTIL_FLIP,grace_window_losing_flip_no_new_fills,AUDCAD,832.633557,832.557287,-0.07627,-739.562008,0,1233.698425,1,BF5C34BF5BA02EEEA647FB6A0580A9B79B4DA0FC67E54CEFE2790C3F46DCD19C
PAIR_TWO_SIDED_GRID_TARGET_150_SPACING_020_RESTART_UNTIL_FLIP__FLIP_GRACE_1W,flip_counterfactual,PAIR_TWO_SIDED_GRID_TARGET_150_SPACING_020_RESTART_UNTIL_FLIP,grace_window_losing_flip_no_new_fills,AUDCHF,880.338397,863.741924,-16.596473,-301.931034,0,1306.273036,1,A4D991DE25001B5D25E2FFF64B416471D2904C23BBC0F0813E5A9D472C569013
PAIR_TWO_SIDED_GRID_TARGET_150_SPACING_020_RESTART_UNTIL_FLIP__FLIP_GRACE_1W,flip_counterfactual,PAIR_TWO_SIDED_GRID_TARGET_150_SPACING_020_RESTART_UNTIL_FLIP,grace_window_losing_flip_no_new_fills,NZDJPY,900.604702,878.091061,-22.513641,-446.030622,0,1318.585229,1,E9547ACDDF0B7823A60F9AED606349EDBA7AF2F315E3722F23564EFA8CFFAB0C
PAIR_TWO_SIDED_GRID_TARGET_150_SPACING_020_RESTART_UNTIL_FLIP__FLIP_GRACE_1W,flip_counterfactual,PAIR_TWO_SIDED_GRID_TARGET_150_SPACING_020_RESTART_UNTIL_FLIP,grace_window_losing_flip_no_new_fills,USDCHF,919.387875,890.01257,-29.375305,-268.117074,0,1130.33596,1,A88C3107B5A2D483F921EEBB3B5BE23E811863C6CC82F5B151CC0C1D9B22CA5A
PAIR_TWO_SIDED_GRID_TARGET_150_SPACING_020_RESTART_UNTIL_FLIP__FLIP_GRACE_1W,flip_counterfactual,PAIR_TWO_SIDED_GRID_TARGET_150_SPACING_020_RESTART_UNTIL_FLIP,grace_window_losing_flip_no_new_fills,NZDCAD,891.124698,891.210059,0.085361,-250.353778,0,1240.863993,1,66483D2CA0B0511A9336B1544B6EC08FEA97CEDFEB126011058B26017ADA7309
PAIR_TWO_SIDED_GRID_TARGET_150_SPACING_020_RESTART_UNTIL_FLIP__FLIP_GRACE_1W,flip_counterfactual,PAIR_TWO_SIDED_GRID_TARGET_150_SPACING_020_RESTART_UNTIL_FLIP,grace_window_losing_flip_no_new_fills,GBPCHF,916.179866,898.514626,-17.66524,-632.032302,0,1111.538884,1,EBDC6A4E09FD2DD48EA5C8779E11DD34A3C276B831F31DBB2DB32E2504FD762E
PAIR_TWO_SIDED_GRID_TARGET_150_SPACING_020_RESTART_UNTIL_FLIP__FLIP_GRACE_1W,flip_counterfactual,PAIR_TWO_SIDED_GRID_TARGET_150_SPACING_020_RESTART_UNTIL_FLIP,grace_window_losing_flip_no_new_fills,GBPNZD,956.718011,923.501665,-33.216346,-330.137205,0,1226.493977,1,8CEF1F54E2323D8452CB66C7FBD947FEF8FE131F259460AE977BB3FB272079F6
PAIR_TWO_SIDED_GRID_TARGET_150_SPACING_020_RESTART_UNTIL_FLIP__FLIP_GRACE_1W,flip_counterfactual,PAIR_TWO_SIDED_GRID_TARGET_150_SPACING_020_RESTART_UNTIL_FLIP,grace_window_losing_flip_no_new_fills,EURUSD,973.09097,940.192281,-32.898689,-393.91702,0,1120.390887,1,BC648FD4BD049BB97D596A291E57F19AD346A3724E41E6CFB47564E53B45F48A
PAIR_TWO_SIDED_GRID_TARGET_150_SPACING_020_RESTART_UNTIL_FLIP__FLIP_GRACE_1W,flip_counterfactual,PAIR_TWO_SIDED_GRID_TARGET_150_SPACING_020_RESTART_UNTIL_FLIP,grace_window_losing_flip_no_new_fills,NZDCHF,1066.189223,1066.448683,0.25946,-171.097899,0,1334.149061,1,B1FF9803DB7AC7CAE929EA316BB62B87C246B46828BD4EED8F095A670D8F3603
PAIR_TWO_SIDED_GRID_TARGET_150_SPACING_020_RESTART_UNTIL_FLIP__FLIP_GRACE_1W,flip_counterfactual,PAIR_TWO_SIDED_GRID_TARGET_150_SPACING_020_RESTART_UNTIL_FLIP,grace_window_losing_flip_no_new_fills,EURGBP,1100.911882,1096.95561,-3.956272,-424.056209,0,1181.731332,1,53059403F29E2B62671D8C875A92EDB750B3161737084B5CF2745B104DC901FC
PAIR_TWO_SIDED_GRID_TARGET_150_SPACING_020_RESTART_UNTIL_FLIP__FLIP_GRACE_1W,flip_counterfactual,PAIR_TWO_SIDED_GRID_TARGET_150_SPACING_020_RESTART_UNTIL_FLIP,grace_window_losing_flip_no_new_fills,EURCAD,1111.108185,1105.320308,-5.787877,-192.366868,0,1285.864796,1,0B6C93FF62465D15854E69C51A4DEAFC824E5207405DB8338B170F79464CA6D7
PAIR_TWO_SIDED_GRID_TARGET_150_SPACING_020_RESTART_UNTIL_FLIP__FLIP_GRACE_1W,flip_counterfactual,PAIR_TWO_SIDED_GRID_TARGET_150_SPACING_020_RESTART_UNTIL_FLIP,grace_window_losing_flip_no_new_fills,EURNZD,1146.758468,1146.600856,-0.157612,-387.802312,0,1350.708896,1,553D2445B63E2410645EACA19C35068C18E6DD26DCDFF61384FFDBEE048CE1BC
PAIR_TWO_SIDED_GRID_TARGET_150_SPACING_020_RESTART_UNTIL_FLIP__FLIP_GRACE_1W,flip_counterfactual,PAIR_TWO_SIDED_GRID_TARGET_150_SPACING_020_RESTART_UNTIL_FLIP,grace_window_losing_flip_no_new_fills,CADCHF,1211.737253,1207.044475,-4.692778,-102.012794,0,1339.483133,1,55CFB4F24C90A3DA048439D40468335196D2B2F97F581E899DDBF77F7CAB5B89
PAIR_TWO_SIDED_GRID_TARGET_150_SPACING_020_RESTART_UNTIL_FLIP__FLIP_LOSER_WAREHOUSE,flip_counterfactual,PAIR_TWO_SIDED_GRID_TARGET_150_SPACING_020_RESTART_UNTIL_FLIP,warehouse_losing_flip_no_new_fills,AUDNZD,368.107561,-2720.774074,-3088.881635,-3551.844802,0,851.493819,1,474ACD21666CB5B0FC495DFD6083A44C992B530D7703DBB13D7753D384FD7B81
PAIR_TWO_SIDED_GRID_TARGET_150_SPACING_020_RESTART_UNTIL_FLIP__FLIP_LOSER_WAREHOUSE,flip_counterfactual,PAIR_TWO_SIDED_GRID_TARGET_150_SPACING_020_RESTART_UNTIL_FLIP,warehouse_losing_flip_no_new_fills,AUDJPY,1098.833393,-851.46311,-1950.296503,-2199.402789,0,1277.654102,1,D45A75CEDBCE173628E6F12C99C133F1B9C269470830058FE36248B30EC6FBDD
PAIR_TWO_SIDED_GRID_TARGET_150_SPACING_020_RESTART_UNTIL_FLIP__FLIP_LOSER_WAREHOUSE,flip_counterfactual,PAIR_TWO_SIDED_GRID_TARGET_150_SPACING_020_RESTART_UNTIL_FLIP,warehouse_losing_flip_no_new_fills,CHFJPY,-814.152453,-817.560647,-3.408194,-1638.703732,0,1022.50791,1,63B1C39DDFA2AA7402478FCB2324F35ACE4D4CCDA03559F1AE431DCF44765629
PAIR_TWO_SIDED_GRID_TARGET_150_SPACING_020_RESTART_UNTIL_FLIP__FLIP_LOSER_WAREHOUSE,flip_counterfactual,PAIR_TWO_SIDED_GRID_TARGET_150_SPACING_020_RESTART_UNTIL_FLIP,warehouse_losing_flip_no_new_fills,EURJPY,-394.490623,-400.665857,-6.175234,-1171.213305,0,917.113722,1,D32735CAD3C4E9E0D037370AFBC76A53EFB678C0E048747B9F3A5467C200B51C
PAIR_TWO_SIDED_GRID_TARGET_150_SPACING_020_RESTART_UNTIL_FLIP__FLIP_LOSER_WAREHOUSE,flip_counterfactual,PAIR_TWO_SIDED_GRID_TARGET_150_SPACING_020_RESTART_UNTIL_FLIP,warehouse_losing_flip_no_new_fills,EURCHF,67.636162,67.511862,-0.1243,-1261.135084,0,767.600448,1,B908389FAF526C2CFAF5F532C440DA28CB40D64F258754B4D5E003333D3EF9DD
PAIR_TWO_SIDED_GRID_TARGET_150_SPACING_020_RESTART_UNTIL_FLIP__FLIP_LOSER_WAREHOUSE,flip_counterfactual,PAIR_TWO_SIDED_GRID_TARGET_150_SPACING_020_RESTART_UNTIL_FLIP,warehouse_losing_flip_no_new_fills,AUDCAD,202.711992,202.635722,-0.07627,-739.562008,0,1233.698425,1,1F5AABF154E52379A6925B0FF7500A8CB27E2AA2D9FED41CA8F149655A1B8A7B
PAIR_TWO_SIDED_GRID_TARGET_150_SPACING_020_RESTART_UNTIL_FLIP__FLIP_LOSER_WAREHOUSE,flip_counterfactual,PAIR_TWO_SIDED_GRID_TARGET_150_SPACING_020_RESTART_UNTIL_FLIP,warehouse_losing_flip_no_new_fills,NZDUSD,396.050369,367.177684,-28.872685,-273.694337,0,1153.371165,1,400CE388CF9142DC576F2B117124D86CEE2CF8D9ADB4AE5E5B5269E14E97217F
PAIR_TWO_SIDED_GRID_TARGET_150_SPACING_020_RESTART_UNTIL_FLIP__FLIP_LOSER_WAREHOUSE,flip_counterfactual,PAIR_TWO_SIDED_GRID_TARGET_150_SPACING_020_RESTART_UNTIL_FLIP,warehouse_losing_flip_no_new_fills,GBPJPY,379.772473,374.367826,-5.404647,-1995.98078,0,1127.143572,1,9EC462E49227B56BBA9430F1375A1F61923C37DB2E956C8A1E6D581F4A1BD773
PAIR_TWO_SIDED_GRID_TARGET_150_SPACING_020_RESTART_UNTIL_FLIP__FLIP_LOSER_WAREHOUSE,flip_counterfactual,PAIR_TWO_SIDED_GRID_TARGET_150_SPACING_020_RESTART_UNTIL_FLIP,warehouse_losing_flip_no_new_fills,CADJPY,403.76883,403.353911,-0.414919,-511.132567,0,1021.730397,1,A1C3A521A68C7372F9D1494C5CDE95DA8F5C9024609E6C1D4982232CA307A533
PAIR_TWO_SIDED_GRID_TARGET_150_SPACING_020_RESTART_UNTIL_FLIP__FLIP_LOSER_WAREHOUSE,flip_counterfactual,PAIR_TWO_SIDED_GRID_TARGET_150_SPACING_020_RESTART_UNTIL_FLIP,warehouse_losing_flip_no_new_fills,AUDUSD,427.367606,427.812594,0.444988,-393.812504,0,1128.215829,1,138FDDF0051D5A434CB02E41547AE904B635F5D32760F7B859A70D073194B01B
PAIR_TWO_SIDED_GRID_TARGET_150_SPACING_020_RESTART_UNTIL_FLIP__FLIP_LOSER_WAREHOUSE,flip_counterfactual,PAIR_TWO_SIDED_GRID_TARGET_150_SPACING_020_RESTART_UNTIL_FLIP,warehouse_losing_flip_no_new_fills,GBPAUD,734.568812,437.402571,-297.166241,-470.657245,0,1151.564833,1,EE84F007695ED7D084B9C2A047885BC116F3DADB34A32A3D812C0A1F31B1E65D
PAIR_TWO_SIDED_GRID_TARGET_150_SPACING_020_RESTART_UNTIL_FLIP__FLIP_LOSER_WAREHOUSE,flip_counterfactual,PAIR_TWO_SIDED_GRID_TARGET_150_SPACING_020_RESTART_UNTIL_FLIP,warehouse_losing_flip_no_new_fills,USDCAD,554.14959,447.737481,-106.412109,-298.255389,0,1208.4261,1,653AF3E5841DFB76CF9C8DA8BC74976325D8D316F5770CDD59B65D80CA6175C8
PAIR_TWO_SIDED_GRID_TARGET_150_SPACING_020_RESTART_UNTIL_FLIP__FLIP_LOSER_WAREHOUSE,flip_counterfactual,PAIR_TWO_SIDED_GRID_TARGET_150_SPACING_020_RESTART_UNTIL_FLIP,warehouse_losing_flip_no_new_fills,EURAUD,568.950431,544.860818,-24.089613,-315.818098,0,1285.028808,1,AC8CE0B00117F882B4901EE9257CE09F65F647B2123633E113E0645C496983E9
PAIR_TWO_SIDED_GRID_TARGET_150_SPACING_020_RESTART_UNTIL_FLIP__FLIP_LOSER_WAREHOUSE,flip_counterfactual,PAIR_TWO_SIDED_GRID_TARGET_150_SPACING_020_RESTART_UNTIL_FLIP,warehouse_losing_flip_no_new_fills,USDJPY,592.198359,553.838759,-38.3596,-637.332991,0,1191.50432,1,D0DAE92CEB1646E076AE39C8CCE0ACD00A05AAFA12F17E58B9C19425D34A1A36
PAIR_TWO_SIDED_GRID_TARGET_150_SPACING_020_RESTART_UNTIL_FLIP__FLIP_LOSER_WAREHOUSE,flip_counterfactual,PAIR_TWO_SIDED_GRID_TARGET_150_SPACING_020_RESTART_UNTIL_FLIP,warehouse_losing_flip_no_new_fills,GBPCAD,648.694749,646.988694,-1.706055,-2310.389816,0,1009.605857,1,4AFA852265D8A62A23F8E7CCB70470D4B14814DACC858C2A046BB973427DF921
PAIR_TWO_SIDED_GRID_TARGET_150_SPACING_020_RESTART_UNTIL_FLIP__FLIP_LOSER_WAREHOUSE,flip_counterfactual,PAIR_TWO_SIDED_GRID_TARGET_150_SPACING_020_RESTART_UNTIL_FLIP,warehouse_losing_flip_no_new_fills,GBPUSD,692.286202,693.115807,0.829605,-397.152394,0,1141.801122,1,EA093AF5C30EB9CB9A6CA0EE75980BC79056668481464A6DE3434670379DA213
PAIR_TWO_SIDED_GRID_TARGET_150_SPACING_020_RESTART_UNTIL_FLIP__FLIP_LOSER_WAREHOUSE,flip_counterfactual,PAIR_TWO_SIDED_GRID_TARGET_150_SPACING_020_RESTART_UNTIL_FLIP,warehouse_losing_flip_no_new_fills,AUDCHF,831.647763,815.05129,-16.596473,-269.798687,0,1306.273036,1,1FF9F8CAED7B193AF7B2EBE385F02B1858963DA4BC649A10DDE2A03644E0742F
PAIR_TWO_SIDED_GRID_TARGET_150_SPACING_020_RESTART_UNTIL_FLIP__FLIP_LOSER_WAREHOUSE,flip_counterfactual,PAIR_TWO_SIDED_GRID_TARGET_150_SPACING_020_RESTART_UNTIL_FLIP,warehouse_losing_flip_no_new_fills,NZDJPY,863.972935,841.459294,-22.513641,-446.030622,0,1318.585229,1,94F57A93E64B64C743A08F56201930A4BDDBD45425991643B0F28C3DBF3AFEFA
PAIR_TWO_SIDED_GRID_TARGET_150_SPACING_020_RESTART_UNTIL_FLIP__FLIP_LOSER_WAREHOUSE,flip_counterfactual,PAIR_TWO_SIDED_GRID_TARGET_150_SPACING_020_RESTART_UNTIL_FLIP,warehouse_losing_flip_no_new_fills,GBPNZD,880.320261,847.103915,-33.216346,-330.137205,0,1226.493977,1,D77B84227835DBB7D24B1AA314F956AD6AFEC8393AD5BEF88D53DA922F9C5202
PAIR_TWO_SIDED_GRID_TARGET_150_SPACING_020_RESTART_UNTIL_FLIP__FLIP_LOSER_WAREHOUSE,flip_counterfactual,PAIR_TWO_SIDED_GRID_TARGET_150_SPACING_020_RESTART_UNTIL_FLIP,warehouse_losing_flip_no_new_fills,USDCHF,901.466536,872.091231,-29.375305,-268.117074,0,1130.33596,1,AD55B7B3A0DE127E494805F8ECD9EF4464A62EEB74E21F18103E54EE815E3615
PAIR_TWO_SIDED_GRID_TARGET_150_SPACING_020_RESTART_UNTIL_FLIP__FLIP_LOSER_WAREHOUSE,flip_counterfactual,PAIR_TWO_SIDED_GRID_TARGET_150_SPACING_020_RESTART_UNTIL_FLIP,warehouse_losing_flip_no_new_fills,NZDCAD,882.62915,882.714511,0.085361,-250.353778,0,1240.863993,1,3D3D5DBE2DAA5FB04EC964C8DBEA2FF464DB6E17C1B672688EBC114C95DFBC1D
PAIR_TWO_SIDED_GRID_TARGET_150_SPACING_020_RESTART_UNTIL_FLIP__FLIP_LOSER_WAREHOUSE,flip_counterfactual,PAIR_TWO_SIDED_GRID_TARGET_150_SPACING_020_RESTART_UNTIL_FLIP,warehouse_losing_flip_no_new_fills,GBPCHF,945.371792,927.706552,-17.66524,-632.032302,0,1111.538884,1,3254BC0907514860699F0694DF5C02E3488590154539D8EBA81DFA1250EF8EB2
PAIR_TWO_SIDED_GRID_TARGET_150_SPACING_020_RESTART_UNTIL_FLIP__FLIP_LOSER_WAREHOUSE,flip_counterfactual,PAIR_TWO_SIDED_GRID_TARGET_150_SPACING_020_RESTART_UNTIL_FLIP,warehouse_losing_flip_no_new_fills,EURUSD,961.775992,928.877303,-32.898689,-393.91702,0,1120.390887,1,C551A073176268095E543F4495E2433294DF58D4B10E7B93561F89FAC26805A0
PAIR_TWO_SIDED_GRID_TARGET_150_SPACING_020_RESTART_UNTIL_FLIP__FLIP_LOSER_WAREHOUSE,flip_counterfactual,PAIR_TWO_SIDED_GRID_TARGET_150_SPACING_020_RESTART_UNTIL_FLIP,warehouse_losing_flip_no_new_fills,EURGBP,1054.108122,1050.15185,-3.956272,-424.056209,0,1181.731332,1,EC72BC15BC8E175395AB3B2F17C05FFFFD6D93B428E40ACACA9BA5BFE560168C
PAIR_TWO_SIDED_GRID_TARGET_150_SPACING_020_RESTART_UNTIL_FLIP__FLIP_LOSER_WAREHOUSE,flip_counterfactual,PAIR_TWO_SIDED_GRID_TARGET_150_SPACING_020_RESTART_UNTIL_FLIP,warehouse_losing_flip_no_new_fills,EURCAD,1120.362908,1114.575031,-5.787877,-192.366868,0,1285.864796,1,B2C576700ADF3AB4C947B1805D606BFB47834BCE9661006FD6888268E5A12345
PAIR_TWO_SIDED_GRID_TARGET_150_SPACING_020_RESTART_UNTIL_FLIP__FLIP_LOSER_WAREHOUSE,flip_counterfactual,PAIR_TWO_SIDED_GRID_TARGET_150_SPACING_020_RESTART_UNTIL_FLIP,warehouse_losing_flip_no_new_fills,NZDCHF,1141.99384,1142.2533,0.25946,-171.097899,0,1334.149061,1,C5F44258482A1BC0BA32381F7337B9E2AB814EF81769615771F205089D98CB11
PAIR_TWO_SIDED_GRID_TARGET_150_SPACING_020_RESTART_UNTIL_FLIP__FLIP_LOSER_WAREHOUSE,flip_counterfactual,PAIR_TWO_SIDED_GRID_TARGET_150_SPACING_020_RESTART_UNTIL_FLIP,warehouse_losing_flip_no_new_fills,EURNZD,1194.77522,1194.617608,-0.157612,-387.802312,0,1350.708896,1,3EFD1B2B05800A2DFB61EBBB65DE39D0D25D29BFAC5F8C6C39B4D0C8041D33A4
PAIR_TWO_SIDED_GRID_TARGET_150_SPACING_020_RESTART_UNTIL_FLIP__FLIP_LOSER_WAREHOUSE,flip_counterfactual,PAIR_TWO_SIDED_GRID_TARGET_150_SPACING_020_RESTART_UNTIL_FLIP,warehouse_losing_flip_no_new_fills,CADCHF,1218.02493,1213.332152,-4.692778,-102.012794,0,1339.483133,1,5A8BA0977F10D187AC6C6CEAAC886314A0F5D7CA48F47EAFB2A8C0EBE237720C
PAIR_TWO_SIDED_GRID_TARGET_150_SPACING_020_RESTART_UNTIL_FLIP__NO_FLIP_FORCE_DIAGNOSTIC,flip_counterfactual,PAIR_TWO_SIDED_GRID_TARGET_150_SPACING_020_RESTART_UNTIL_FLIP,no_flip_force_no_new_fills,AUDNZD,864.921282,-3547.542364,-4412.463646,-4955.962596,0,851.493819,3,C7014CF73692B4F3BBDEF5E9E2D2F4E00F019C359B3E5B52E39B5B7E87C9B1F8
PAIR_TWO_SIDED_GRID_TARGET_150_SPACING_020_RESTART_UNTIL_FLIP__NO_FLIP_FORCE_DIAGNOSTIC,flip_counterfactual,PAIR_TWO_SIDED_GRID_TARGET_150_SPACING_020_RESTART_UNTIL_FLIP,no_flip_force_no_new_fills,CHFJPY,1032.263677,-1587.514746,-2619.778423,-2848.352803,0,1022.50791,5,B497D749113D2289A1AB04D1C884C4714C93971E84880D9DC37366F702E484DD
PAIR_TWO_SIDED_GRID_TARGET_150_SPACING_020_RESTART_UNTIL_FLIP__NO_FLIP_FORCE_DIAGNOSTIC,flip_counterfactual,PAIR_TWO_SIDED_GRID_TARGET_150_SPACING_020_RESTART_UNTIL_FLIP,no_flip_force_no_new_fills,EURJPY,934.895862,-1136.775298,-2071.67116,-2227.914349,0,917.113722,3,976A68B5A6942AD5A38F6C0B9783A9499AF08305660A01CE0943ABF80FD8DBED
PAIR_TWO_SIDED_GRID_TARGET_150_SPACING_020_RESTART_UNTIL_FLIP__NO_FLIP_FORCE_DIAGNOSTIC,flip_counterfactual,PAIR_TWO_SIDED_GRID_TARGET_150_SPACING_020_RESTART_UNTIL_FLIP,no_flip_force_no_new_fills,AUDJPY,1289.740114,-1111.384341,-2401.124455,-2675.977146,0,1277.654102,2,6B4AB4DF81D3D4F774761DE93E1809E88C937CB90CC631C14E7AECE2F4977D18
PAIR_TWO_SIDED_GRID_TARGET_150_SPACING_020_RESTART_UNTIL_FLIP__NO_FLIP_FORCE_DIAGNOSTIC,flip_counterfactual,PAIR_TWO_SIDED_GRID_TARGET_150_SPACING_020_RESTART_UNTIL_FLIP,no_flip_force_no_new_fills,AUDCAD,1246.632133,-194.896698,-1441.528831,-1631.104254,0,1233.698425,3,F604A9489714F2D3288448DD4F76FA6C698B8E8B77F5322C1FE5DE0BF86FF93E
PAIR_TWO_SIDED_GRID_TARGET_150_SPACING_020_RESTART_UNTIL_FLIP__NO_FLIP_FORCE_DIAGNOSTIC,flip_counterfactual,PAIR_TWO_SIDED_GRID_TARGET_150_SPACING_020_RESTART_UNTIL_FLIP,no_flip_force_no_new_fills,NZDCHF,1340.827271,476.206406,-864.620865,-927.570634,0,1334.149061,3,1B7F60DB7A947F40BC339AAB28E6A7CD99B8FC1084AB4EE7A5328C11F95B4CC5
PAIR_TWO_SIDED_GRID_TARGET_150_SPACING_020_RESTART_UNTIL_FLIP__NO_FLIP_FORCE_DIAGNOSTIC,flip_counterfactual,PAIR_TWO_SIDED_GRID_TARGET_150_SPACING_020_RESTART_UNTIL_FLIP,no_flip_force_no_new_fills,CADJPY,1052.619592,519.754356,-532.865236,-831.844589,0,1021.730397,3,5D0B80C2D00E1840306ECCB6523AAC8AC5A1B59A08DB2D3B5F2768E57531B897
PAIR_TWO_SIDED_GRID_TARGET_150_SPACING_020_RESTART_UNTIL_FLIP__NO_FLIP_FORCE_DIAGNOSTIC,flip_counterfactual,PAIR_TWO_SIDED_GRID_TARGET_150_SPACING_020_RESTART_UNTIL_FLIP,no_flip_force_no_new_fills,AUDCHF,1317.448749,542.340223,-775.108526,-1313.653618,0,1306.273036,3,7DA105CF56F9091D18EB0866B5C81DCEF52E5E02AC8C110704CB671CB97532CB
PAIR_TWO_SIDED_GRID_TARGET_150_SPACING_020_RESTART_UNTIL_FLIP__NO_FLIP_FORCE_DIAGNOSTIC,flip_counterfactual,PAIR_TWO_SIDED_GRID_TARGET_150_SPACING_020_RESTART_UNTIL_FLIP,no_flip_force_no_new_fills,GBPJPY,1138.445913,626.95007,-511.495843,-1995.98078,0,1127.143572,4,FEC585D8FE62D2C77515A59D4B2CA5E723D1F417FB942B47C9C702CE38597036
PAIR_TWO_SIDED_GRID_TARGET_150_SPACING_020_RESTART_UNTIL_FLIP__NO_FLIP_FORCE_DIAGNOSTIC,flip_counterfactual,PAIR_TWO_SIDED_GRID_TARGET_150_SPACING_020_RESTART_UNTIL_FLIP,no_flip_force_no_new_fills,USDCAD,1218.773909,675.919123,-542.854786,-1449.589919,0,1208.4261,3,CF83624FEDE9049F661066196F60A95F86478DDFCBBD133125069866630328D9
PAIR_TWO_SIDED_GRID_TARGET_150_SPACING_020_RESTART_UNTIL_FLIP__NO_FLIP_FORCE_DIAGNOSTIC,flip_counterfactual,PAIR_TWO_SIDED_GRID_TARGET_150_SPACING_020_RESTART_UNTIL_FLIP,no_flip_force_no_new_fills,GBPAUD,1169.270627,731.86604,-437.404587,-635.647544,0,1151.564833,2,E2A3F8B8C281634B5560879B633FB36CD327920A82BEB1AF64B855CDFD2241FE
PAIR_TWO_SIDED_GRID_TARGET_150_SPACING_020_RESTART_UNTIL_FLIP__NO_FLIP_FORCE_DIAGNOSTIC,flip_counterfactual,PAIR_TWO_SIDED_GRID_TARGET_150_SPACING_020_RESTART_UNTIL_FLIP,no_flip_force_no_new_fills,EURCHF,772.429451,759.256571,-13.17288,-1261.135084,0,767.600448,2,0A17679B17021DE1263C5BECED31A9003AF7DAF6E3C79FD212B838053AC75FC4
PAIR_TWO_SIDED_GRID_TARGET_150_SPACING_020_RESTART_UNTIL_FLIP__NO_FLIP_FORCE_DIAGNOSTIC,flip_counterfactual,PAIR_TWO_SIDED_GRID_TARGET_150_SPACING_020_RESTART_UNTIL_FLIP,no_flip_force_no_new_fills,GBPCHF,1117.906859,762.683225,-355.223634,-957.993001,0,1111.538884,2,C5901D1B7F57D06C336493A7E11FFEFFFD2E48EA42F5CAC3C5AF3710CB015DB2
PAIR_TWO_SIDED_GRID_TARGET_150_SPACING_020_RESTART_UNTIL_FLIP__NO_FLIP_FORCE_DIAGNOSTIC,flip_counterfactual,PAIR_TWO_SIDED_GRID_TARGET_150_SPACING_020_RESTART_UNTIL_FLIP,no_flip_force_no_new_fills,EURAUD,1298.760189,803.895861,-494.864328,-585.047672,0,1285.028808,3,46C77A4416AF8ACF18BC1842DD16E2295C3C79810C177E63ABFBD1BE87EB4BC3
PAIR_TWO_SIDED_GRID_TARGET_150_SPACING_020_RESTART_UNTIL_FLIP__NO_FLIP_FORCE_DIAGNOSTIC,flip_counterfactual,PAIR_TWO_SIDED_GRID_TARGET_150_SPACING_020_RESTART_UNTIL_FLIP,no_flip_force_no_new_fills,GBPUSD,1152.68251,867.238967,-285.443543,-456.772269,0,1141.801122,3,7EC790AE0D13AEC8172D26388C86C3700F73246E9443EF72E8C40BD560E2E9FB
PAIR_TWO_SIDED_GRID_TARGET_150_SPACING_020_RESTART_UNTIL_FLIP__NO_FLIP_FORCE_DIAGNOSTIC,flip_counterfactual,PAIR_TWO_SIDED_GRID_TARGET_150_SPACING_020_RESTART_UNTIL_FLIP,no_flip_force_no_new_fills,GBPCAD,1033.319311,886.481833,-146.837478,-2310.389816,0,1009.605857,2,BCCDE6C810412EF2A1E1BCD8DEABA45899EE2B00F60CBA8676B9C1F2AB2DE10B
PAIR_TWO_SIDED_GRID_TARGET_150_SPACING_020_RESTART_UNTIL_FLIP__NO_FLIP_FORCE_DIAGNOSTIC,flip_counterfactual,PAIR_TWO_SIDED_GRID_TARGET_150_SPACING_020_RESTART_UNTIL_FLIP,no_flip_force_no_new_fills,USDCHF,1142.071941,904.14418,-237.927761,-556.14934,0,1130.33596,2,AB5ABC52563779217CDAD7816DDA84B4679379AFCE29EFB442D7D057911796FA
PAIR_TWO_SIDED_GRID_TARGET_150_SPACING_020_RESTART_UNTIL_FLIP__NO_FLIP_FORCE_DIAGNOSTIC,flip_counterfactual,PAIR_TWO_SIDED_GRID_TARGET_150_SPACING_020_RESTART_UNTIL_FLIP,no_flip_force_no_new_fills,NZDUSD,1167.82727,926.990315,-240.836955,-605.113241,0,1153.371165,2,F7CB6AB542388244870A5E2A73D3157EEE4F83799A0E5F4D3CA649989D081AAA
PAIR_TWO_SIDED_GRID_TARGET_150_SPACING_020_RESTART_UNTIL_FLIP__NO_FLIP_FORCE_DIAGNOSTIC,flip_counterfactual,PAIR_TWO_SIDED_GRID_TARGET_150_SPACING_020_RESTART_UNTIL_FLIP,no_flip_force_no_new_fills,EURUSD,1126.73802,983.031484,-143.706536,-393.91702,0,1120.390887,2,F905AE991272B1FC4A6099BAC9BC0B17897414F5C20AE5E644C9F349C7953523
PAIR_TWO_SIDED_GRID_TARGET_150_SPACING_020_RESTART_UNTIL_FLIP__NO_FLIP_FORCE_DIAGNOSTIC,flip_counterfactual,PAIR_TWO_SIDED_GRID_TARGET_150_SPACING_020_RESTART_UNTIL_FLIP,no_flip_force_no_new_fills,AUDUSD,1150.371297,995.262801,-155.108496,-1680.115719,0,1128.215829,2,A09DF438CFB361F67107D1D6E9F5FC199F77B4BC576944047607DA5A06CC2362
PAIR_TWO_SIDED_GRID_TARGET_150_SPACING_020_RESTART_UNTIL_FLIP__NO_FLIP_FORCE_DIAGNOSTIC,flip_counterfactual,PAIR_TWO_SIDED_GRID_TARGET_150_SPACING_020_RESTART_UNTIL_FLIP,no_flip_force_no_new_fills,NZDCAD,1253.772688,1131.488943,-122.283745,-250.353778,0,1240.863993,2,C68AD706E3D4DEC77DCA295746AAFDD7B4DC832198D50B897CCCBFBD69B65AF8
PAIR_TWO_SIDED_GRID_TARGET_150_SPACING_020_RESTART_UNTIL_FLIP__NO_FLIP_FORCE_DIAGNOSTIC,flip_counterfactual,PAIR_TWO_SIDED_GRID_TARGET_150_SPACING_020_RESTART_UNTIL_FLIP,no_flip_force_no_new_fills,GBPNZD,1241.122481,1140.420078,-100.702403,-330.137205,0,1226.493977,3,11B73D53E804B32EB0A0992CCC9F4265B5D2123BC24036047D0BD1A2D17DE176
PAIR_TWO_SIDED_GRID_TARGET_150_SPACING_020_RESTART_UNTIL_FLIP__NO_FLIP_FORCE_DIAGNOSTIC,flip_counterfactual,PAIR_TWO_SIDED_GRID_TARGET_150_SPACING_020_RESTART_UNTIL_FLIP,no_flip_force_no_new_fills,EURGBP,1189.847439,1170.361778,-19.485661,-424.056209,0,1181.731332,2,3D59833DFB08E48C7DB2499B7D23CB1AC09288BBDB2C4EAFBD0CD7B25ED9420E
PAIR_TWO_SIDED_GRID_TARGET_150_SPACING_020_RESTART_UNTIL_FLIP__NO_FLIP_FORCE_DIAGNOSTIC,flip_counterfactual,PAIR_TWO_SIDED_GRID_TARGET_150_SPACING_020_RESTART_UNTIL_FLIP,no_flip_force_no_new_fills,USDJPY,1218.019776,1179.660176,-38.3596,-1109.973044,0,1191.50432,1,9150ED0152B3AC3FA24EB476200C2D74E7C185804584EAB23AA2AD0C5DC078CD
PAIR_TWO_SIDED_GRID_TARGET_150_SPACING_020_RESTART_UNTIL_FLIP__NO_FLIP_FORCE_DIAGNOSTIC,flip_counterfactual,PAIR_TWO_SIDED_GRID_TARGET_150_SPACING_020_RESTART_UNTIL_FLIP,no_flip_force_no_new_fills,EURCAD,1305.996934,1265.463963,-40.532971,-615.920453,0,1285.864796,2,B5A3EE16A875D0EA544444D0F088EA00E11E5A6F03A8ED91776579D24B3A485F
PAIR_TWO_SIDED_GRID_TARGET_150_SPACING_020_RESTART_UNTIL_FLIP__NO_FLIP_FORCE_DIAGNOSTIC,flip_counterfactual,PAIR_TWO_SIDED_GRID_TARGET_150_SPACING_020_RESTART_UNTIL_FLIP,no_flip_force_no_new_fills,NZDJPY,1337.666763,1315.153122,-22.513641,-446.030622,0,1318.585229,1,34C1242B114C778E06FDEAE5C39DE2541744B6889E9A3F6497375D59CC1A900C
PAIR_TWO_SIDED_GRID_TARGET_150_SPACING_020_RESTART_UNTIL_FLIP__NO_FLIP_FORCE_DIAGNOSTIC,flip_counterfactual,PAIR_TWO_SIDED_GRID_TARGET_150_SPACING_020_RESTART_UNTIL_FLIP,no_flip_force_no_new_fills,EURNZD,1358.373644,1358.216032,-0.157612,-387.802312,0,1350.708896,1,382B380F85961B1EA4DE1641DAD90B3197C42BACE7D07EF6FC001F46B6A88FA6
PAIR_TWO_SIDED_GRID_TARGET_150_SPACING_020_RESTART_UNTIL_FLIP__NO_FLIP_FORCE_DIAGNOSTIC,flip_counterfactual,PAIR_TWO_SIDED_GRID_TARGET_150_SPACING_020_RESTART_UNTIL_FLIP,no_flip_force_no_new_fills,CADCHF,1363.176625,1358.483847,-4.692778,-143.301947,0,1339.483133,1,55295255764235C40A4E47AFB0136EE9C58F96897F9902AB60F89920D15C09D3
WEEKLY_FORCED_CLOSE,control,,current_forced_flip_close,AUDNZD,-37.24991,-37.24991,0,0,0,0,0,C6CCD321AD885409E02092BA918509DD5AEC7F0B8F997E998A6952AEE370C3A9
WEEKLY_FORCED_CLOSE,control,,current_forced_flip_close,EURCHF,-23.087598,-23.087598,0,0,0,0,0,42C4B905FA54EEBAF6D0D79AD9CD0C63ECC73F9FD1C20B0A46D9800A5EC69757
WEEKLY_FORCED_CLOSE,control,,current_forced_flip_close,EURJPY,-13.49005,-13.49005,0,0,0,0,0,94FC176CD74B5D98A0D49B7C0D8F09955CDADE31C68003F32BD9D58586B735F3
WEEKLY_FORCED_CLOSE,control,,current_forced_flip_close,GBPJPY,-12.115218,-12.115218,0,0,0,0,0,BC21D85A0E8BB71BED666150B49140357FC2BDE60899E0A921E0F641B16D6D45
WEEKLY_FORCED_CLOSE,control,,current_forced_flip_close,GBPAUD,-9.970818,-9.970818,0,0,0,0,0,0AAA8290D21E58AFFBA414F8DCD97E5BB56483670BAD294954E45CF682EC32E2
WEEKLY_FORCED_CLOSE,control,,current_forced_flip_close,GBPUSD,1.592997,1.592997,0,0,0,0,0,4BB5280241C2746A611D3B560575A1556DF1D26EED893CB157D93E38AC17CC62
WEEKLY_FORCED_CLOSE,control,,current_forced_flip_close,NZDUSD,2.534655,2.534655,0,0,0,0,0,C7B6685A57B6C1554CF8D418C3C866FCE216B6F1F38E53542F9DD8228FB45693
WEEKLY_FORCED_CLOSE,control,,current_forced_flip_close,GBPCAD,3.29035,3.29035,0,0,0,0,0,50EFA29892A35A56E3C0A8C124B46EEDFB6046958A2C9774A488FCC82FC241EE
WEEKLY_FORCED_CLOSE,control,,current_forced_flip_close,USDCAD,4.015273,4.015273,0,0,0,0,0,01B729E3C0471CDDB4AC79D5867F8C4C3F4D7EAD15804CF49256167C7B617954
WEEKLY_FORCED_CLOSE,control,,current_forced_flip_close,USDJPY,4.286116,4.286116,0,0,0,0,0,B7B202E77606BF834ED0B724BC5A179EED28834ABE1CA6A1F94FADACC6BD8A56
WEEKLY_FORCED_CLOSE,control,,current_forced_flip_close,EURUSD,18.928919,18.928919,0,0,0,0,0,F7593C3A40C82DC2290F6B3C9D24E50BA540E46FE407A157A730F299D2AD50C1
WEEKLY_FORCED_CLOSE,control,,current_forced_flip_close,AUDUSD,19.68335,19.68335,0,0,0,0,0,3A32BB48DD9834E13E6715954A18D525FC1C1FEDE09A0396AD6D3F3F7FBA386B
WEEKLY_FORCED_CLOSE,control,,current_forced_flip_close,USDCHF,21.236744,21.236744,0,0,0,0,0,C606F4D2878A833405BD2F8BA9AAB5B9391E3EADE490D34B41FA8E72014DB016
WEEKLY_FORCED_CLOSE,control,,current_forced_flip_close,GBPNZD,22.726324,22.726324,0,0,0,0,0,7EA747CFA61D78E14FA077925020BFC3887029A371F1D9DDE3DA2F429A665DA7
WEEKLY_FORCED_CLOSE,control,,current_forced_flip_close,CHFJPY,24.397167,24.397167,0,0,0,0,0,DCBA0D113F653E8CC2BF5DAECF16AA64BD375C3E10F4EF136484C0DB951158BA
WEEKLY_FORCED_CLOSE,control,,current_forced_flip_close,AUDCAD,25.796113,25.796113,0,0,0,0,0,8F6FCE1547D78DFBA7551661FD286BD7E4B3830CD60C256A4612D7874BBB873B
WEEKLY_FORCED_CLOSE,control,,current_forced_flip_close,GBPCHF,26.03629,26.03629,0,0,0,0,0,79C77B615478908A1BC42D2EF2D8396808A01F392E36F489302CCA3CFD55F083
WEEKLY_FORCED_CLOSE,control,,current_forced_flip_close,EURAUD,29.596884,29.596884,0,0,0,0,0,089C3374071D7BA44C2B21CEBA0FFF907DCF28D50EB072EA192706D34FAFDAC2
WEEKLY_FORCED_CLOSE,control,,current_forced_flip_close,CADJPY,31.015685,31.015685,0,0,0,0,0,26E0BC0403B9D92A3461F136A473A14092F1E40BF7375D43B44AB6E3B3FEFF27
WEEKLY_FORCED_CLOSE,control,,current_forced_flip_close,EURGBP,38.43098,38.43098,0,0,0,0,0,D5C67BCEFD642B1443AF1007419210C0E22D8AF4F974EA62C53D905522260CBB
WEEKLY_FORCED_CLOSE,control,,current_forced_flip_close,EURCAD,46.566591,46.566591,0,0,0,0,0,336D1E8CB333E29CD286E4972D531E12440476F106D1057A8081CC02076C76C1
WEEKLY_FORCED_CLOSE,control,,current_forced_flip_close,NZDCAD,48.831844,48.831844,0,0,0,0,0,D824BA656DE2C43BABA42DAC0411D5043F6A7190DB7B9A88316EC23D16C5996B
WEEKLY_FORCED_CLOSE,control,,current_forced_flip_close,AUDCHF,58.420027,58.420027,0,0,0,0,0,A5AE2346EE8AB596592329B9BD5EA067A840CC4DDB6003CD8032616F3BB92FD4
WEEKLY_FORCED_CLOSE,control,,current_forced_flip_close,CADCHF,59.558527,59.558527,0,0,0,0,0,49EC1327355586A1564C4D6D443311D5CAF90B239DE8C772E371B17F8D6BCD57
WEEKLY_FORCED_CLOSE,control,,current_forced_flip_close,AUDJPY,60.694743,60.694743,0,0,0,0,0,62CA06AA0B23808235CFA9BE2B9FCD71FCB79520967C36654B878FFE7F5BA212
WEEKLY_FORCED_CLOSE,control,,current_forced_flip_close,EURNZD,60.870819,60.870819,0,0,0,0,0,E49D3D5A00BE03E972CA6BC4DDDBAAC84A4F8592F279A330E266F034CE61534F
WEEKLY_FORCED_CLOSE,control,,current_forced_flip_close,NZDJPY,60.884838,60.884838,0,0,0,0,0,BB6BC45365DB3538C3B6C51C3DFA9BC69A30AF3A27889B42B58AB8601FE55D45
WEEKLY_FORCED_CLOSE,control,,current_forced_flip_close,NZDCHF,64.633763,64.633763,0,0,0,0,0,15F5451D2F490A75883DD62525461CDCF8A80DB495B8AC234263127D8C3B9767
