rule_id,rule_family,base_rule_id,flip_policy,reset_ordinal_bucket,event_count,closed_adr,open_unrealized_adr,win_rate,average_win_adr,average_loss_adr,worst_loss_adr,average_adverse_excursion_adr,flip_loss_adr,final_open_loss_adr,worst_pair,worst_pair_loss_adr,content_hash
CARRY_UNTIL_FLIP,control,,current_forced_flip_close,initial_cycle,930,694.688146,-97.1683,0.556541,3.303038,-2.408592,-21.63951,-2.970863,-963.436728,-116.965791,AUDNZD,-79.896921,1EBBA8A35CC35EAC9130A0EEAFECC9307BA518FCF0F9898E2474DDF6BEC1096C
PAIR_NET_GRID_CYCLE_TARGET_075_SPACING_020_RESTART_UNTIL_FLIP,adverse_only_pair_net_grid,,current_forced_flip_close,initial_cycle,930,469.52593,0,0.978495,0.849049,-15.155417,-57.60135,-3.547611,-303.108341,0,CADJPY,-95.935092,6A625E595F8C4261B22F20588848B2AEE4633B086BAC0FEFB53FF6DAB713AB40
PAIR_NET_GRID_CYCLE_TARGET_075_SPACING_020_RESTART_UNTIL_FLIP,adverse_only_pair_net_grid,,current_forced_flip_close,reset_1,7376,4585.297225,-919.873541,0.988604,0.862841,-20.264567,-289.646736,-4.491545,-1702.223609,-919.873541,AUDJPY,-792.542527,59AC0DD6BDBA946EE7B84F3CD4C2E8BFA3B1A769A1A3727B61E51CB89FC96EB8
PAIR_NET_GRID_CYCLE_TARGET_075_SPACING_020_RESTART_UNTIL_FLIP,adverse_only_pair_net_grid,,current_forced_flip_close,reset_2,6334,4276.384028,-3417.125332,0.978979,0.880961,-8.874333,-318.297146,-5.451883,-1180.286331,-3417.125332,AUDNZD,-3236.773691,A7966490FB1ABA55B0E6FA3E09DBB12FDD0708515CBF45BE5D58B3BFFE75D4F0
PAIR_NET_GRID_CYCLE_TARGET_075_SPACING_020_RESTART_UNTIL_FLIP,adverse_only_pair_net_grid,,current_forced_flip_close,reset_3,4968,2361.919595,-27.379447,0.978239,0.871054,-17.287485,-213.148072,-4.330483,-1867.04834,-27.615781,AUDUSD,-373.038759,990816B313C8C438072DAA6B755F7F6D651EA4179530AA32F1FDE2EEEC5DCFAA
PAIR_NET_GRID_CYCLE_TARGET_075_SPACING_020_RESTART_UNTIL_FLIP,adverse_only_pair_net_grid,,current_forced_flip_close,reset_4,3544,58.371337,-80.324645,0.970605,0.877704,-28.419842,-1317.346336,-4.769072,-2955.663518,-81.067186,CHFJPY,-1328.066866,02DE00C967010E3398B65B3EC0BB06CD7C7ACABAF8387AFB9356A7512066E0FB
PAIR_NET_GRID_CYCLE_TARGET_075_SPACING_020_RESTART_UNTIL_FLIP,adverse_only_pair_net_grid,,current_forced_flip_close,reset_5,2304,-21.301782,-35.453641,0.964767,0.881472,-24.400094,-570.227806,-5.49591,-1976.407635,-35.453641,EURCHF,-575.122526,80D984FD0B010DACAF41C7CA256AF7256A9E59C3C92BAFB92C14C9AEF344098A
PAIR_NET_GRID_CYCLE_TARGET_075_SPACING_020_RESTART_UNTIL_FLIP,adverse_only_pair_net_grid,,current_forced_flip_close,reset_6,1372,1020.261868,0,0.973032,0.919042,-5.585368,-36.740495,-5.436371,-206.658608,0,EURAUD,-36.740495,FACCDF93405AC35BC0C3A975C285B0FC572658A92D26283A75505DAC9FAB0A2A
PAIR_NET_GRID_CYCLE_TARGET_075_SPACING_020_RESTART_UNTIL_FLIP,adverse_only_pair_net_grid,,current_forced_flip_close,reset_7,860,509.638171,0,0.977907,0.904458,-13.211087,-86.908257,-6.917454,-251.010645,0,AUDCAD,-86.908257,D5741DA7DCD58FF7685797CFEA7F13746B778FA04079B7EEE281AD3C8E5DB9EB
PAIR_NET_GRID_CYCLE_TARGET_075_SPACING_020_RESTART_UNTIL_FLIP,adverse_only_pair_net_grid,,current_forced_flip_close,reset_8,527,218.181766,0,0.969639,0.951306,-16.745979,-115.076251,-5.329282,-267.935663,0,GBPCHF,-115.076251,B2255D5B97E616CD9CB0E12B8723C0FE9A1D24B55F3794ECDCFD4FB942785452
PAIR_NET_GRID_CYCLE_TARGET_075_SPACING_020_RESTART_UNTIL_FLIP,adverse_only_pair_net_grid,,current_forced_flip_close,reset_9,320,260.102699,0,0.9875,0.866931,-3.461858,-11.912155,-4.147382,-13.84743,0,CADCHF,-11.912155,2A53A4386710F7FBA5BB662D63EB793A471ED66B7DA686EC70AF71F48CF274C6
PAIR_NET_GRID_CYCLE_TARGET_075_SPACING_020_RESTART_UNTIL_FLIP,adverse_only_pair_net_grid,,current_forced_flip_close,reset_10,229,218.17234,0,0.9869,0.981107,-1.185914,-2.163774,-4.471911,-3.557741,0,USDJPY,-2.163774,E57D905737524FD6B12CC490D53D2E0319F4486349A60C2197F04A21280D6AB9
PAIR_NET_GRID_CYCLE_TARGET_075_SPACING_020_RESTART_UNTIL_FLIP,adverse_only_pair_net_grid,,current_forced_flip_close,reset_11,146,70.582232,0,0.979452,1.030841,-25.609335,-46.779209,-4.108545,-76.828005,0,AUDUSD,-56.935841,59EC948A7227EA41A84B206139960157E9BAAE996D3690D873535CC1BED9A08D
PAIR_NET_GRID_CYCLE_TARGET_075_SPACING_020_RESTART_UNTIL_FLIP,adverse_only_pair_net_grid,,current_forced_flip_close,reset_12,102,83.046002,0,0.980392,0.888424,-2.898191,-5.662592,-3.523366,-5.796382,0,EURAUD,-5.662592,905A3AAD9C9F405E1FACE039B835531D4917DA5567309C3B05598E5322B22A7E
PAIR_NET_GRID_CYCLE_TARGET_075_SPACING_020_RESTART_UNTIL_FLIP,adverse_only_pair_net_grid,,current_forced_flip_close,reset_13,72,76.63136,0,1,1.064324,,0,-6.960608,0,0,AUDCAD,0,DA797119246C7C095C1366D8F3F76C39C828960D44A5B58784903C79D7B92CE5
PAIR_NET_GRID_CYCLE_TARGET_075_SPACING_020_RESTART_UNTIL_FLIP,adverse_only_pair_net_grid,,current_forced_flip_close,reset_14,48,65.280064,0,0.979167,1.477031,-4.140377,-4.140377,-7.856873,-4.140377,0,GBPAUD,-4.140377,EE512A25A83C51071B491C661930919DEC80BB6EEEBAF6768FD3F7B8E0CCC674
PAIR_NET_GRID_CYCLE_TARGET_075_SPACING_020_RESTART_UNTIL_FLIP,adverse_only_pair_net_grid,,current_forced_flip_close,reset_15,32,43.375526,0,1,1.355485,,0,-61.967688,0,0,AUDCAD,0,4F7D3AA4A3ECED86AF9453F6D98B77D8B513DF45824F220C70C5C479CEC963BC
PAIR_NET_GRID_CYCLE_TARGET_075_SPACING_020_RESTART_UNTIL_FLIP,adverse_only_pair_net_grid,,current_forced_flip_close,reset_16,22,23.35892,0,0.954545,1.180823,-1.438361,-1.438361,-4.763626,-1.438361,0,EURJPY,-1.438361,7F86F2F9ABD08DC7BC8FB025E0C18152958C09A2CD08AAAD019EBF741876729C
PAIR_NET_GRID_CYCLE_TARGET_075_SPACING_020_RESTART_UNTIL_FLIP,adverse_only_pair_net_grid,,current_forced_flip_close,reset_17,17,19.730486,0,1,1.160617,,0,-0.888776,0,0,AUDCAD,0,9730BDD049A72AFBA69044DA9D4A31A2B5100ADA3073EA181187D0512545C5CC
PAIR_NET_GRID_CYCLE_TARGET_075_SPACING_020_RESTART_UNTIL_FLIP,adverse_only_pair_net_grid,,current_forced_flip_close,reset_18,11,18.853318,0,1,1.713938,,0,-2.242379,0,0,AUDCAD,0,5B7E6EA48EDB59BD909D24BCC045D8C81016E1C9DDDCE4050C24BD0D7EE7E8FB
PAIR_NET_GRID_CYCLE_TARGET_075_SPACING_020_RESTART_UNTIL_FLIP,adverse_only_pair_net_grid,,current_forced_flip_close,reset_19,7,8.144531,0,1,1.163504,,0,-11.39228,0,0,AUDCHF,0,E4FE9DC6CB863EB25625B9814BCCD1EFF6D2458AD928AE9AE9E7CCB113FA062A
PAIR_NET_GRID_CYCLE_TARGET_075_SPACING_020_RESTART_UNTIL_FLIP,adverse_only_pair_net_grid,,current_forced_flip_close,reset_20,5,5.264587,0,1,1.052917,,0,-4.747405,0,0,AUDCHF,0,1409685615EB7E310197E80EEE57006837B3127367390E834E601B855F243D11
PAIR_NET_GRID_CYCLE_TARGET_075_SPACING_020_RESTART_UNTIL_FLIP,adverse_only_pair_net_grid,,current_forced_flip_close,reset_21,2,1.731011,0,1,0.865506,,0,-4.747921,0,0,AUDCHF,0,979DA6CCC6165B3FA51780277BA6A2AE6AB37251D3B49B441964ED99F407B661
PAIR_NET_GRID_CYCLE_TARGET_075_SPACING_020_RESTART_UNTIL_FLIP,adverse_only_pair_net_grid,,current_forced_flip_close,reset_22,1,0.833008,0,1,0.833008,,0,-0.136215,0,0,AUDCHF,0,3DC89B49D0CA20178C439E36DA9D656D0C68FBCF4E976EE2505F56ED467332C9
PAIR_NET_GRID_CYCLE_TARGET_075_SPACING_020_RESTART_UNTIL_FLIP,adverse_only_pair_net_grid,,current_forced_flip_close,reset_23,1,7.928392,0,1,7.928392,,0,-1.896824,0,0,AUDCHF,0,B36AC0666D1E072B063A55549B649CA31B0CF206CB922243AC9D2F082ACA1177
PAIR_TWO_SIDED_GRID_TARGET_150_SPACING_020_RESTART_UNTIL_FLIP,pair_directional_two_sided_grid,,current_forced_flip_close,initial_cycle,930,841.195257,0,0.954839,1.67058,-15.292371,-82.92663,-6.457426,-642.27958,0,CADJPY,-99.982175,EB512A73D84A903CECED9FAD3C8EEF8E6FA8D43136AD7C2DF124926AD056CF32
PAIR_TWO_SIDED_GRID_TARGET_150_SPACING_020_RESTART_UNTIL_FLIP,pair_directional_two_sided_grid,,current_forced_flip_close,reset_1,6424,6549.755176,-30.706142,0.970079,1.684473,-20.500474,-615.97793,-7.261033,-3936.091048,-31.795207,AUDCAD,-687.941317,D3674FFF7E7781978953BB9D92189ED60CB6D71CE9B1A580D13582F3F24A0088
PAIR_TWO_SIDED_GRID_TARGET_150_SPACING_020_RESTART_UNTIL_FLIP,pair_directional_two_sided_grid,,current_forced_flip_close,reset_2,4844,3735.931514,-3391.491683,0.966928,1.703122,-26.445466,-1335.319119,-8.814718,-4231.274586,-3391.577044,AUDNZD,-3091.531328,0835A80069FE24157CC3C66D962D4FC6074B853E1633CA5B37840C85F019C6EA
PAIR_TWO_SIDED_GRID_TARGET_150_SPACING_020_RESTART_UNTIL_FLIP,pair_directional_two_sided_grid,,current_forced_flip_close,reset_3,3163,1942.073093,-176.080223,0.957831,1.7088,-24.212113,-1187.735375,-7.740683,-3220.211043,-176.525211,EURJPY,-1194.741086,ABA0F9FCE76078A2C63129D5B17CD46F95B8DBD9ECB879486A0E481F4DBDF688
PAIR_TWO_SIDED_GRID_TARGET_150_SPACING_020_RESTART_UNTIL_FLIP,pair_directional_two_sided_grid,,current_forced_flip_close,reset_4,1835,1805.564294,-5.787877,0.961287,1.780461,-18.780127,-296.961047,-8.949724,-1333.388991,-5.787877,USDCAD,-296.961047,534782986C31151907BA21FCC7C093F140F6C135350A4B97F006C69E5D850483
PAIR_TWO_SIDED_GRID_TARGET_150_SPACING_020_RESTART_UNTIL_FLIP,pair_directional_two_sided_grid,,current_forced_flip_close,reset_5,1002,1385.684615,-162.266396,0.963928,1.779542,-9.062084,-73.81559,-7.529203,-326.23501,-162.266396,USDCAD,-131.062144,4B7FC30CF0A6EC06C69EF76C7485D633DC0143B3E6BB31BC2387E8834B67387A
PAIR_TWO_SIDED_GRID_TARGET_150_SPACING_020_RESTART_UNTIL_FLIP,pair_directional_two_sided_grid,,current_forced_flip_close,reset_6,573,481.915918,0,0.965096,1.902805,-28.516755,-264.727488,-8.034654,-570.335105,0,AUDCHF,-264.727488,09A5E393837363F4B7B229250F34EFC49F6B336A6BD78ABAACD9A51FB7823AB9
PAIR_TWO_SIDED_GRID_TARGET_150_SPACING_020_RESTART_UNTIL_FLIP,pair_directional_two_sided_grid,,current_forced_flip_close,reset_7,324,247.349449,0,0.953704,1.817472,-20.949951,-115.714356,-7.798655,-314.249259,0,GBPCHF,-115.714356,11CD95F3E9F0DC06EC3D3EABF7A74BAEE95DA5F85CF54E93346AF768277CC47A
PAIR_TWO_SIDED_GRID_TARGET_150_SPACING_020_RESTART_UNTIL_FLIP,pair_directional_two_sided_grid,,current_forced_flip_close,reset_8,197,322.422482,0,0.964467,2.024709,-8.896045,-47.32317,-7.577693,-62.272313,0,AUDUSD,-47.32317,2CDEAED53EC5A825A9E77A4D1AA97C444DE559E7D503D465C7DC87FA8C419D85
PAIR_TWO_SIDED_GRID_TARGET_150_SPACING_020_RESTART_UNTIL_FLIP,pair_directional_two_sided_grid,,current_forced_flip_close,reset_9,126,190.154638,0,0.984127,1.780328,-15.303042,-30.319186,-8.840771,-30.606084,0,GBPCAD,-30.319186,F5D2B1CEC1F1B6CF4EE73A8C43DDB27087A072C38538F1B994A62313A55203A6
PAIR_TWO_SIDED_GRID_TARGET_150_SPACING_020_RESTART_UNTIL_FLIP,pair_directional_two_sided_grid,,current_forced_flip_close,reset_10,82,200.968565,0,1,2.450836,,0,-6.050362,0,0,AUDCAD,0,C4A2E53C639FB29527F46265DB650078F5F2CCDEE110CB97A02395556727822C
PAIR_TWO_SIDED_GRID_TARGET_150_SPACING_020_RESTART_UNTIL_FLIP,pair_directional_two_sided_grid,,current_forced_flip_close,reset_11,49,99.900101,-1950.296503,0.979167,2.165369,-1.872239,-1.872239,-96.13744,-1.872239,-1950.296503,AUDJPY,-1950.296503,DC3B7A705C5AFAE3DD953BCC12514B2100EADC9C7E311095C118682476D56DD3
PAIR_TWO_SIDED_GRID_TARGET_150_SPACING_020_RESTART_UNTIL_FLIP,pair_directional_two_sided_grid,,current_forced_flip_close,reset_12,31,56.30373,0,1,1.816249,,0,-9.516396,0,0,AUDCAD,0,5CF9371D1069D6B9C0F36DD8CB1464769C15B54FF4A32D40F74E2D5B52F7BE47
PAIR_TWO_SIDED_GRID_TARGET_150_SPACING_020_RESTART_UNTIL_FLIP,pair_directional_two_sided_grid,,current_forced_flip_close,reset_13,19,42.264382,0,1,2.224441,,0,-1.308152,0,0,AUDCAD,0,A4EFD0CD97F72B0DD5E3F638C14060C855F52FA67774EEC508304AC22C1D4CDC
PAIR_TWO_SIDED_GRID_TARGET_150_SPACING_020_RESTART_UNTIL_FLIP,pair_directional_two_sided_grid,,current_forced_flip_close,reset_14,14,30.26718,0,1,2.161941,,0,-3.186258,0,0,AUDCAD,0,E78398D722A343DEC810F486C858D718975397B4D809FDF04BF64047009DE9A3
PAIR_TWO_SIDED_GRID_TARGET_150_SPACING_020_RESTART_UNTIL_FLIP,pair_directional_two_sided_grid,,current_forced_flip_close,reset_15,10,21.570871,0,1,2.157087,,0,-3.746452,0,0,AUDCAD,0,45321C4C8B060C36221DD9F7B77311545E0A02F0A9E77F39E31B1D514FE4A7B6
PAIR_TWO_SIDED_GRID_TARGET_150_SPACING_020_RESTART_UNTIL_FLIP,pair_directional_two_sided_grid,,current_forced_flip_close,reset_16,5,28.598295,0,1,5.719659,,0,-0.43135,0,0,AUDCAD,0,1BDC93A508E8098A691CE5249737E7CBD0FE482E1B9BC27EC999F7D407FE330A
PAIR_TWO_SIDED_GRID_TARGET_150_SPACING_020_RESTART_UNTIL_FLIP,pair_directional_two_sided_grid,,current_forced_flip_close,reset_17,3,14.394407,0,1,4.798136,,0,-23.481376,0,0,AUDCAD,0,6EA5D19BD7CF6F1D931B0E881523D4DE8B616D2C6E5E22CD3F2EB0A874F1D656
PAIR_TWO_SIDED_GRID_TARGET_150_SPACING_020_RESTART_UNTIL_FLIP,pair_directional_two_sided_grid,,current_forced_flip_close,reset_18,1,1.615575,0,1,1.615575,,0,-1.385784,0,0,AUDCHF,0,B13CBE648A01085ECCB3A126A39EB02A35C93311F0F9B4A3C17D0D70CCE12468
PAIR_TWO_SIDED_GRID_TARGET_150_SPACING_020_RESTART_UNTIL_FLIP,pair_directional_two_sided_grid,,current_forced_flip_close,reset_19,1,14.494172,0,1,14.494172,,0,-2.765901,0,0,AUDCHF,0,66681FA50426652765A74DB2BE83DFD058A674775A4275ACEE3C6603BC65BBCE
PAIR_TWO_SIDED_GRID_T075_S020_STOP_AFTER_2_PAIR_RESETS_WEEK,pair_reset_limit,,current_forced_flip_close,initial_cycle,7866,4485.511869,-115.469376,0.991475,0.862553,-33.365693,-357.793296,-4.225528,-2235.501402,-115.469376,AUDCAD,-363.752891,D1233A3799EF171A9D0D47279AEF57BFA19E840CCABAF74C4906DC3BD728F150
PAIR_TWO_SIDED_GRID_T075_S020_STOP_AFTER_2_PAIR_RESETS_WEEK,pair_reset_limit,,current_forced_flip_close,terminal_after_reset_2,7685,6557.212511,0,1,0.853248,,0,-1.554895,0,0,AUDCAD,0,B9370289A8C5438886907393F6F48FC4F1C812FDB2918D59BEA145043CAAAC1D
PAIR_TWO_SIDED_GRID_T075_S020_STOP_AFTER_2_PAIR_RESETS_WEEK,pair_reset_limit,,current_forced_flip_close,reset_1,905,-523.940299,-265.767147,0.902331,1.267082,-17.659979,-265.786521,-29.13304,-1554.078124,-265.767147,AUDNZD,-474.69595,7692E2F3ED370B1BECD48CF15EE48126F70A0E0FE3F9F2D5D6B39200B56F78FF
PAIR_TWO_SIDED_GRID_T075_S020_STOP_AFTER_3_PAIR_RESETS_WEEK,pair_reset_limit,,current_forced_flip_close,initial_cycle,6489,3572.422303,-96.517326,0.991054,0.86416,-34.134613,-357.793296,-4.409335,-1979.807567,-96.517326,AUDCAD,-363.752891,E07EEB862C6FFB4F77FE5A8C30DB5A712125DEBDB85EACCC2A76DBC7DD961052
PAIR_TWO_SIDED_GRID_T075_S020_STOP_AFTER_3_PAIR_RESETS_WEEK,pair_reset_limit,,current_forced_flip_close,reset_1,8201,5606.675393,-119.13396,0.9889,0.889639,-17.644222,-265.786521,-4.542041,-1605.624211,-119.13396,AUDNZD,-328.062763,3A718D25A033A60A2DD320C6E9126C1B0D2FD8EA459011C423AD05E35C96E818
PAIR_TWO_SIDED_GRID_T075_S020_STOP_AFTER_3_PAIR_RESETS_WEEK,pair_reset_limit,,current_forced_flip_close,terminal_after_reset_3,6165,5272.805365,0,1,0.855281,,0,-1.409455,0,0,AUDCAD,0,6B7F02CB78837EE6C4912257EDD6C3DAD3F5DD4247DB93ADEBE2BB62F6CAF672
PAIR_TWO_SIDED_GRID_T075_S020_STOP_AFTER_3_PAIR_RESETS_WEEK,pair_reset_limit,,current_forced_flip_close,reset_2,1127,-429.955528,-2092.568746,0.894034,1.112435,-12.998661,-129.307259,-20.32381,-1546.840617,-2092.632803,AUDNZD,-2092.650827,9686EA9365633CEC6B7815BDB3EAF91929B3B7961C7531D6FBFC336F77EF7D6E
PAIR_TWO_SIDED_GRID_T100_S020_STOP_AFTER_3_PAIR_RESETS_WEEK,pair_reset_limit,,current_forced_flip_close,initial_cycle,5491,4530.536414,-119.230587,0.987603,1.134382,-23.741331,-281.416422,-6.008158,-1614.410539,-119.230587,AUDCHF,-311.649572,B6AECFE1F01D2B73E5A9951F676FF71E3D5E3C51D04CAA29A0699469135919A9
PAIR_TWO_SIDED_GRID_T100_S020_STOP_AFTER_3_PAIR_RESETS_WEEK,pair_reset_limit,,current_forced_flip_close,reset_1,7765,6400.552898,-2170.871112,0.984021,1.155191,-19.520039,-621.509684,-5.457543,-2420.484784,-2171.096516,AUDNZD,-2416.951198,0176DF6436011BC32A74F9381A161B4C874C00950EF907E821C0D67EEA99C9CF
PAIR_TWO_SIDED_GRID_T100_S020_STOP_AFTER_3_PAIR_RESETS_WEEK,pair_reset_limit,,current_forced_flip_close,terminal_after_reset_3,5070,5698.938595,0,1,1.124051,,0,-1.594666,0,0,AUDCAD,0,612CB672F15096B7EB44BF95ECA78D6B6B049947639D09951ACC02F4E16E0110
PAIR_TWO_SIDED_GRID_T100_S020_STOP_AFTER_3_PAIR_RESETS_WEEK,pair_reset_limit,,current_forced_flip_close,reset_2,1462,-505.943632,-60.982812,0.895461,1.349035,-14.884126,-224.20159,-17.896749,-2262.387166,-60.982812,USDCAD,-349.485503,DE010A9EF4EB22EFE036F60B62F5B248E68398E9E6E1141A603C8BA9FB02CE8A
PAIR_TWO_SIDED_GRID_T125_S020_STOP_AFTER_3_PAIR_RESETS_WEEK,pair_reset_limit,,current_forced_flip_close,initial_cycle,4595,4621.33003,-119.230587,0.982567,1.409781,-21.692144,-281.416422,-6.945056,-1735.371516,-119.230587,AUDCHF,-313.173265,328957A9F17DE7AE9DA77CAB9DD7E89A25B01A2B1FC9E88D31ECAF9BA77A5252
PAIR_TWO_SIDED_GRID_T125_S020_STOP_AFTER_3_PAIR_RESETS_WEEK,pair_reset_limit,,current_forced_flip_close,reset_1,7348,7370.565456,-875.410535,0.977257,1.432227,-17.407743,-628.671368,-6.295224,-2907.093022,-876.594087,AUDJPY,-863.140078,BF0B63D6DEDD1B01BF06722708527C426E0B8D2EEFE9A666FE6E1E325D5C9E74
PAIR_TWO_SIDED_GRID_T125_S020_STOP_AFTER_3_PAIR_RESETS_WEEK,pair_reset_limit,,current_forced_flip_close,terminal_after_reset_3,4077,5679.357619,0,1,1.393024,,0,-1.702941,0,0,AUDCAD,0,6A2FFBE74E635EB54CB6BF998E4F8C6A7866D403C3B7E6F2161ACA1A1C3AD52C
PAIR_TWO_SIDED_GRID_T125_S020_STOP_AFTER_3_PAIR_RESETS_WEEK,pair_reset_limit,,current_forced_flip_close,reset_2,1716,-185.789436,-3472.659113,0.902582,1.57199,-15.683791,-341.176551,-19.935418,-2603.509293,-3473.348238,AUDNZD,-3162.218622,0DA38683CD4A97B5521D887A5E2169299AA1705B2DDD5C32AB40846D59E460CB
PAIR_NET_GRID_CYCLE_TARGET_075_SPACING_020_RESTART_UNTIL_FLIP__FLIP_LOSER_WAREHOUSE,flip_counterfactual,PAIR_NET_GRID_CYCLE_TARGET_075_SPACING_020_RESTART_UNTIL_FLIP,warehouse_losing_flip_no_new_fills,initial_cycle,930,482.081734,0,0.988172,0.842199,-26.536326,-59.362056,-3.575678,0,0,CADJPY,-98.389577,6901D6358E056FF0678901B439BFECD6874F19AD3C02F732EAE6CD6DC72A21D2
PAIR_NET_GRID_CYCLE_TARGET_075_SPACING_020_RESTART_UNTIL_FLIP__FLIP_LOSER_WAREHOUSE,flip_counterfactual,PAIR_NET_GRID_CYCLE_TARGET_075_SPACING_020_RESTART_UNTIL_FLIP,warehouse_losing_flip_no_new_fills,reset_1,7376,4542.234127,-919.873541,0.993488,0.858916,-37.18318,-299.316284,-4.509052,0,-919.873541,AUDJPY,-791.32201,1A1A64317353759D78CE9C3A052712E345052B3B2140E9343A959711134009EF
PAIR_NET_GRID_CYCLE_TARGET_075_SPACING_020_RESTART_UNTIL_FLIP__FLIP_LOSER_WAREHOUSE,flip_counterfactual,PAIR_NET_GRID_CYCLE_TARGET_075_SPACING_020_RESTART_UNTIL_FLIP,warehouse_losing_flip_no_new_fills,reset_2,6334,4313.944261,-3417.125332,0.993362,0.870209,-27.507622,-322.819382,-5.492986,0,-3417.125332,AUDNZD,-3219.629264,C32998403C81ABC9DCF87D03355A3ADEAA21BD61ED7BCB356A50D9230C603DF3
PAIR_NET_GRID_CYCLE_TARGET_075_SPACING_020_RESTART_UNTIL_FLIP__FLIP_LOSER_WAREHOUSE,flip_counterfactual,PAIR_NET_GRID_CYCLE_TARGET_075_SPACING_020_RESTART_UNTIL_FLIP,warehouse_losing_flip_no_new_fills,reset_3,4968,2349.089193,-27.379447,0.991134,0.860954,-42.862332,-212.636378,-4.360749,0,-27.615781,AUDUSD,-366.349773,21A3B3A61A99B94733C843040B3F26D511C9087A03E235FA3A82285EC2EF7F13
PAIR_NET_GRID_CYCLE_TARGET_075_SPACING_020_RESTART_UNTIL_FLIP__FLIP_LOSER_WAREHOUSE,flip_counterfactual,PAIR_NET_GRID_CYCLE_TARGET_075_SPACING_020_RESTART_UNTIL_FLIP,warehouse_losing_flip_no_new_fills,reset_4,3544,47.287793,-80.324645,0.989825,0.861935,-82.533597,-1316.089692,-4.821713,0,-81.067186,CHFJPY,-1331.0954,50CB754992D175C23932F3E8E1A92D326C323E7AAFBB3519831DBB7F8EFA285A
PAIR_NET_GRID_CYCLE_TARGET_075_SPACING_020_RESTART_UNTIL_FLIP__FLIP_LOSER_WAREHOUSE,flip_counterfactual,PAIR_NET_GRID_CYCLE_TARGET_075_SPACING_020_RESTART_UNTIL_FLIP,warehouse_losing_flip_no_new_fills,reset_5,2304,-119.183327,-35.453641,0.984341,0.866023,-57.749821,-570.440412,-5.593509,0,-35.453641,EURCHF,-570.564712,8F50AB09A8709FB100027B52DDAB30205F9DA3F8FB4CD8D93F9FB38B06713C37
PAIR_NET_GRID_CYCLE_TARGET_075_SPACING_020_RESTART_UNTIL_FLIP__FLIP_LOSER_WAREHOUSE,flip_counterfactual,PAIR_NET_GRID_CYCLE_TARGET_075_SPACING_020_RESTART_UNTIL_FLIP,warehouse_losing_flip_no_new_fills,reset_6,1372,998.839871,0,0.991254,0.90311,-19.115777,-36.132187,-5.454561,0,0,EURAUD,-36.132187,658FD39C0CE1E042EF2219492F82147703DE363A3AACF29EE58EFD0856907EB3
PAIR_NET_GRID_CYCLE_TARGET_075_SPACING_020_RESTART_UNTIL_FLIP__FLIP_LOSER_WAREHOUSE,flip_counterfactual,PAIR_NET_GRID_CYCLE_TARGET_075_SPACING_020_RESTART_UNTIL_FLIP,warehouse_losing_flip_no_new_fills,reset_7,860,513.934294,0,0.99186,0.892357,-35.320948,-86.149265,-6.92931,0,0,AUDCAD,-86.149265,C988ABA919BA8B49E52A6FE1BA9F0D0E860012D81DD7E2A0186321669FA07994
PAIR_NET_GRID_CYCLE_TARGET_075_SPACING_020_RESTART_UNTIL_FLIP__FLIP_LOSER_WAREHOUSE,flip_counterfactual,PAIR_NET_GRID_CYCLE_TARGET_075_SPACING_020_RESTART_UNTIL_FLIP,warehouse_losing_flip_no_new_fills,reset_8,527,217.927979,0,0.988615,0.934432,-53.782184,-114.99242,-5.358566,0,0,GBPCHF,-114.99242,4EBD41C739D6D1C13B5C8FFD89F6240E1ECE1693EF28260D6CAAEB9145D824AB
PAIR_NET_GRID_CYCLE_TARGET_075_SPACING_020_RESTART_UNTIL_FLIP__FLIP_LOSER_WAREHOUSE,flip_counterfactual,PAIR_NET_GRID_CYCLE_TARGET_075_SPACING_020_RESTART_UNTIL_FLIP,warehouse_losing_flip_no_new_fills,reset_9,320,258.578676,0,0.996875,0.859131,-15.484258,-15.484258,-4.162573,0,0,CADCHF,-15.484258,1A64CA0FE9DBDA04F8B62888D6F563051DFE0614A07936F0325541613D6B2864
PAIR_NET_GRID_CYCLE_TARGET_075_SPACING_020_RESTART_UNTIL_FLIP__FLIP_LOSER_WAREHOUSE,flip_counterfactual,PAIR_NET_GRID_CYCLE_TARGET_075_SPACING_020_RESTART_UNTIL_FLIP,warehouse_losing_flip_no_new_fills,reset_10,229,222.065101,0,1,0.969717,,0,-4.480586,0,0,AUDCAD,0,6A8523DADC1DC592F4462C8AB19A9A76FF1871376D33FB451C6E15478977C5E1
PAIR_NET_GRID_CYCLE_TARGET_075_SPACING_020_RESTART_UNTIL_FLIP__FLIP_LOSER_WAREHOUSE,flip_counterfactual,PAIR_NET_GRID_CYCLE_TARGET_075_SPACING_020_RESTART_UNTIL_FLIP,warehouse_losing_flip_no_new_fills,reset_11,146,64.502669,0,0.979452,1.030841,-27.635856,-47.342612,-4.14761,0,0,AUDUSD,-62.639295,E8FDFCEC0D9E1D7973A6E4CE1598B044CB6A4FE166007664699916BA17A22672
PAIR_NET_GRID_CYCLE_TARGET_075_SPACING_020_RESTART_UNTIL_FLIP__FLIP_LOSER_WAREHOUSE,flip_counterfactual,PAIR_NET_GRID_CYCLE_TARGET_075_SPACING_020_RESTART_UNTIL_FLIP,warehouse_losing_flip_no_new_fills,reset_12,102,73.799733,0,0.990196,0.879946,-15.07483,-15.07483,-3.616364,0,0,EURAUD,-15.07483,B1271744EF25315239C57490BAC8AE1C0042B4918ADA45A89281C8FE7CA1CD0F
PAIR_NET_GRID_CYCLE_TARGET_075_SPACING_020_RESTART_UNTIL_FLIP__FLIP_LOSER_WAREHOUSE,flip_counterfactual,PAIR_NET_GRID_CYCLE_TARGET_075_SPACING_020_RESTART_UNTIL_FLIP,warehouse_losing_flip_no_new_fills,reset_13,72,76.63136,0,1,1.064324,,0,-6.960608,0,0,AUDCAD,0,497104EC00650D418EB07C6C85092D2E385A9E576598DCB2A3E4321E08873A2A
PAIR_NET_GRID_CYCLE_TARGET_075_SPACING_020_RESTART_UNTIL_FLIP__FLIP_LOSER_WAREHOUSE,flip_counterfactual,PAIR_NET_GRID_CYCLE_TARGET_075_SPACING_020_RESTART_UNTIL_FLIP,warehouse_losing_flip_no_new_fills,reset_14,48,69.494445,0,1,1.447801,,0,-7.892527,0,0,AUDCAD,0,54A6D91063429BC3769C0635DB00009064A2531962C045E7B2E314CDA6D02252
PAIR_NET_GRID_CYCLE_TARGET_075_SPACING_020_RESTART_UNTIL_FLIP__FLIP_LOSER_WAREHOUSE,flip_counterfactual,PAIR_NET_GRID_CYCLE_TARGET_075_SPACING_020_RESTART_UNTIL_FLIP,warehouse_losing_flip_no_new_fills,reset_15,32,43.375526,0,1,1.355485,,0,-61.967688,0,0,AUDCAD,0,3EF216BE2734C29190B6790C5FF0003519BBD9C7297749A38E174A0A987D40BE
PAIR_NET_GRID_CYCLE_TARGET_075_SPACING_020_RESTART_UNTIL_FLIP__FLIP_LOSER_WAREHOUSE,flip_counterfactual,PAIR_NET_GRID_CYCLE_TARGET_075_SPACING_020_RESTART_UNTIL_FLIP,warehouse_losing_flip_no_new_fills,reset_16,22,24.86917,0,1,1.130417,,0,-4.794159,0,0,AUDCAD,0,87416D27207218AD6B79B3B318DCFDD60FC8FE7D7973F5A1387E6E3459597843
PAIR_NET_GRID_CYCLE_TARGET_075_SPACING_020_RESTART_UNTIL_FLIP__FLIP_LOSER_WAREHOUSE,flip_counterfactual,PAIR_NET_GRID_CYCLE_TARGET_075_SPACING_020_RESTART_UNTIL_FLIP,warehouse_losing_flip_no_new_fills,reset_17,17,19.730486,0,1,1.160617,,0,-0.888776,0,0,AUDCAD,0,3232EDEFF8655B358516B6CDE50CE93C378E122590E2949B113E7549ADB46D11
PAIR_NET_GRID_CYCLE_TARGET_075_SPACING_020_RESTART_UNTIL_FLIP__FLIP_LOSER_WAREHOUSE,flip_counterfactual,PAIR_NET_GRID_CYCLE_TARGET_075_SPACING_020_RESTART_UNTIL_FLIP,warehouse_losing_flip_no_new_fills,reset_18,11,18.853318,0,1,1.713938,,0,-2.242379,0,0,AUDCAD,0,E6300D26B827FD02A1B36DB6A61605E410DC42B36C6A26D181D0D281DE740292
PAIR_NET_GRID_CYCLE_TARGET_075_SPACING_020_RESTART_UNTIL_FLIP__FLIP_LOSER_WAREHOUSE,flip_counterfactual,PAIR_NET_GRID_CYCLE_TARGET_075_SPACING_020_RESTART_UNTIL_FLIP,warehouse_losing_flip_no_new_fills,reset_19,7,8.144531,0,1,1.163504,,0,-11.39228,0,0,AUDCHF,0,48F70137EC159B81FA1B3EC595EB9302B9EF1808A1190FA8F3935AD56A80DCD2
PAIR_NET_GRID_CYCLE_TARGET_075_SPACING_020_RESTART_UNTIL_FLIP__FLIP_LOSER_WAREHOUSE,flip_counterfactual,PAIR_NET_GRID_CYCLE_TARGET_075_SPACING_020_RESTART_UNTIL_FLIP,warehouse_losing_flip_no_new_fills,reset_20,5,5.264587,0,1,1.052917,,0,-4.747405,0,0,AUDCHF,0,5597C7D87B44E68F126BCBE7EB611DB0183EA353B30A7F892EB98F397CE3E1A0
PAIR_NET_GRID_CYCLE_TARGET_075_SPACING_020_RESTART_UNTIL_FLIP__FLIP_LOSER_WAREHOUSE,flip_counterfactual,PAIR_NET_GRID_CYCLE_TARGET_075_SPACING_020_RESTART_UNTIL_FLIP,warehouse_losing_flip_no_new_fills,reset_21,2,1.731011,0,1,0.865506,,0,-4.747921,0,0,AUDCHF,0,CA4695B1B0D0AE690D46146FFDF2958C0849675E8AE5B9AAFE6ACC03CA02D795
PAIR_NET_GRID_CYCLE_TARGET_075_SPACING_020_RESTART_UNTIL_FLIP__FLIP_LOSER_WAREHOUSE,flip_counterfactual,PAIR_NET_GRID_CYCLE_TARGET_075_SPACING_020_RESTART_UNTIL_FLIP,warehouse_losing_flip_no_new_fills,reset_22,1,0.833008,0,1,0.833008,,0,-0.136215,0,0,AUDCHF,0,8DA71EBA0E4B4264775817577F07AA90C9B01617289D150B38F97CBAE170B0F3
PAIR_NET_GRID_CYCLE_TARGET_075_SPACING_020_RESTART_UNTIL_FLIP__FLIP_LOSER_WAREHOUSE,flip_counterfactual,PAIR_NET_GRID_CYCLE_TARGET_075_SPACING_020_RESTART_UNTIL_FLIP,warehouse_losing_flip_no_new_fills,reset_23,1,7.928392,0,1,7.928392,,0,-1.896824,0,0,AUDCHF,0,49CE1C4B47751377544B24D00674516EA0BB924C7AE75EDB86C36E6704DE8D0F
PAIR_NET_GRID_CYCLE_TARGET_075_SPACING_020_RESTART_UNTIL_FLIP__FLIP_GRACE_1W,flip_counterfactual,PAIR_NET_GRID_CYCLE_TARGET_075_SPACING_020_RESTART_UNTIL_FLIP,grace_window_losing_flip_no_new_fills,initial_cycle,930,500.544941,0,0.989247,0.842828,-27.485701,-47.964065,-3.75114,0,0,EURCHF,-67.244419,42A23F0650A77E665B3CAAC92A2022C8611D447CF92B85FE1E380A3A5B23D46E
PAIR_NET_GRID_CYCLE_TARGET_075_SPACING_020_RESTART_UNTIL_FLIP__FLIP_GRACE_1W,flip_counterfactual,PAIR_NET_GRID_CYCLE_TARGET_075_SPACING_020_RESTART_UNTIL_FLIP,grace_window_losing_flip_no_new_fills,reset_1,7376,4651.513572,-919.873541,0.994438,0.858358,-41.006283,-228.728802,-4.590242,0,-919.873541,AUDJPY,-791.32201,88CDF95F859B6E99BC998DF103AA646EDD733BF50685651D4D35F4A8C4B10F5F
PAIR_NET_GRID_CYCLE_TARGET_075_SPACING_020_RESTART_UNTIL_FLIP__FLIP_GRACE_1W,flip_counterfactual,PAIR_NET_GRID_CYCLE_TARGET_075_SPACING_020_RESTART_UNTIL_FLIP,grace_window_losing_flip_no_new_fills,reset_2,6334,4466.405725,-3417.125332,0.993046,0.870605,-22.809199,-321.896453,-5.521938,0,-3417.125332,AUDNZD,-3148.328051,5ABBB8A63897BF4949F1AF765BF4A7F981D82F7C5E2C16D83609B3AF43F46453
PAIR_NET_GRID_CYCLE_TARGET_075_SPACING_020_RESTART_UNTIL_FLIP__FLIP_GRACE_1W,flip_counterfactual,PAIR_NET_GRID_CYCLE_TARGET_075_SPACING_020_RESTART_UNTIL_FLIP,grace_window_losing_flip_no_new_fills,reset_3,4968,2187.165557,-27.379447,0.992343,0.860472,-53.964653,-397.015224,-4.517572,0,-27.615781,GBPUSD,-497.206439,D7332F77B04E7D3A411E21A4A6465F3C32B36496650A38231E30A33179620F5B
PAIR_NET_GRID_CYCLE_TARGET_075_SPACING_020_RESTART_UNTIL_FLIP__FLIP_GRACE_1W,flip_counterfactual,PAIR_NET_GRID_CYCLE_TARGET_075_SPACING_020_RESTART_UNTIL_FLIP,grace_window_losing_flip_no_new_fills,reset_4,3544,755.151713,-80.324645,0.990673,0.861939,-68.664977,-1212.812518,-4.917236,0,-81.067186,CHFJPY,-1216.245126,3E0A5C8E5E3D5039BBA577C5C670FCF56EE8219C2DC9EFB0D47FD0D21CDFD0D3
PAIR_NET_GRID_CYCLE_TARGET_075_SPACING_020_RESTART_UNTIL_FLIP__FLIP_GRACE_1W,flip_counterfactual,PAIR_NET_GRID_CYCLE_TARGET_075_SPACING_020_RESTART_UNTIL_FLIP,grace_window_losing_flip_no_new_fills,reset_5,2304,199.314987,-35.453641,0.984341,0.868439,-49.05452,-367.016688,-5.678223,0,-35.453641,USDJPY,-369.669556,CF374CB4046EB7A60E20CB47EF9E2F8A90AA35CF1CFAC4ABF08CE5F30D224E9A
PAIR_NET_GRID_CYCLE_TARGET_075_SPACING_020_RESTART_UNTIL_FLIP__FLIP_GRACE_1W,flip_counterfactual,PAIR_NET_GRID_CYCLE_TARGET_075_SPACING_020_RESTART_UNTIL_FLIP,grace_window_losing_flip_no_new_fills,reset_6,1372,997.755416,0,0.995627,0.903361,-39.372556,-60.878313,-5.552945,0,0,USDCHF,-60.878313,502EFB6DCB623A2EF4445D5E21B98A933212DB14B59A97C83FE6FD141FC32B70
PAIR_NET_GRID_CYCLE_TARGET_075_SPACING_020_RESTART_UNTIL_FLIP__FLIP_GRACE_1W,flip_counterfactual,PAIR_NET_GRID_CYCLE_TARGET_075_SPACING_020_RESTART_UNTIL_FLIP,grace_window_losing_flip_no_new_fills,reset_7,860,553.977431,0,0.994186,0.891194,-41.598603,-98.988928,-6.975761,0,0,AUDCAD,-98.988928,1A4AB4EF958C84D471B28F510E9A9259E10F42C9FBCB26E240CFC5C16A9B5CA5
PAIR_NET_GRID_CYCLE_TARGET_075_SPACING_020_RESTART_UNTIL_FLIP__FLIP_GRACE_1W,flip_counterfactual,PAIR_NET_GRID_CYCLE_TARGET_075_SPACING_020_RESTART_UNTIL_FLIP,grace_window_losing_flip_no_new_fills,reset_8,527,240.408691,0,0.99241,0.932755,-82.474069,-122.494124,-5.363745,0,0,GBPCHF,-122.494124,E1F34FBD0D951D2BA5170A572991F95844368F7B217352863669D149BC9AC954
PAIR_NET_GRID_CYCLE_TARGET_075_SPACING_020_RESTART_UNTIL_FLIP__FLIP_GRACE_1W,flip_counterfactual,PAIR_NET_GRID_CYCLE_TARGET_075_SPACING_020_RESTART_UNTIL_FLIP,grace_window_losing_flip_no_new_fills,reset_9,320,274.281426,0,1,0.857129,,0,-4.173566,0,0,AUDCAD,0,28D3859198A854B3A735CD3D7CC2FE4CEC314C1BBD52E9620D0F819046A68146
PAIR_NET_GRID_CYCLE_TARGET_075_SPACING_020_RESTART_UNTIL_FLIP__FLIP_GRACE_1W,flip_counterfactual,PAIR_NET_GRID_CYCLE_TARGET_075_SPACING_020_RESTART_UNTIL_FLIP,grace_window_losing_flip_no_new_fills,reset_10,229,222.065101,0,1,0.969717,,0,-4.480586,0,0,AUDCAD,0,3C3031144E33C573BB12EC336B4071866E4E7D1B884F7852588654EEF35FA500
PAIR_NET_GRID_CYCLE_TARGET_075_SPACING_020_RESTART_UNTIL_FLIP__FLIP_GRACE_1W,flip_counterfactual,PAIR_NET_GRID_CYCLE_TARGET_075_SPACING_020_RESTART_UNTIL_FLIP,grace_window_losing_flip_no_new_fills,reset_11,146,-4.466059,0,0.979452,1.030841,-50.625432,-102.470733,-4.789502,0,0,AUDUSD,-134.530115,111E30EA6210FD0BE5AB388D9FA5D90E06258D96B25A206C9807C80B04F32B90
PAIR_NET_GRID_CYCLE_TARGET_075_SPACING_020_RESTART_UNTIL_FLIP__FLIP_GRACE_1W,flip_counterfactual,PAIR_NET_GRID_CYCLE_TARGET_075_SPACING_020_RESTART_UNTIL_FLIP,grace_window_losing_flip_no_new_fills,reset_12,102,81.408559,0,0.990196,0.879946,-7.466004,-7.466004,-3.584364,0,0,EURAUD,-7.466004,D594E5F43C133406C8A94EA91C73C95A1808EAD6A3D3D0692CB1626C0F62B739
PAIR_NET_GRID_CYCLE_TARGET_075_SPACING_020_RESTART_UNTIL_FLIP__FLIP_GRACE_1W,flip_counterfactual,PAIR_NET_GRID_CYCLE_TARGET_075_SPACING_020_RESTART_UNTIL_FLIP,grace_window_losing_flip_no_new_fills,reset_13,72,76.63136,0,1,1.064324,,0,-6.960608,0,0,AUDCAD,0,6A2749B994D93E1076C7B5EFB47D4A6490E67104E5F36F5E70B721634A82D173
PAIR_NET_GRID_CYCLE_TARGET_075_SPACING_020_RESTART_UNTIL_FLIP__FLIP_GRACE_1W,flip_counterfactual,PAIR_NET_GRID_CYCLE_TARGET_075_SPACING_020_RESTART_UNTIL_FLIP,grace_window_losing_flip_no_new_fills,reset_14,48,69.494445,0,1,1.447801,,0,-7.892527,0,0,AUDCAD,0,8095A03FCA7BF731B59BBFCF2FE6E3F1A9DEEE502539B67BC926A73853B856F0
PAIR_NET_GRID_CYCLE_TARGET_075_SPACING_020_RESTART_UNTIL_FLIP__FLIP_GRACE_1W,flip_counterfactual,PAIR_NET_GRID_CYCLE_TARGET_075_SPACING_020_RESTART_UNTIL_FLIP,grace_window_losing_flip_no_new_fills,reset_15,32,43.375526,0,1,1.355485,,0,-61.967688,0,0,AUDCAD,0,A3193EF03072924E87C4B33A25FE162204442DFE6EC9C0D40A262AB8FBF23F7F
PAIR_NET_GRID_CYCLE_TARGET_075_SPACING_020_RESTART_UNTIL_FLIP__FLIP_GRACE_1W,flip_counterfactual,PAIR_NET_GRID_CYCLE_TARGET_075_SPACING_020_RESTART_UNTIL_FLIP,grace_window_losing_flip_no_new_fills,reset_16,22,24.86917,0,1,1.130417,,0,-4.794159,0,0,AUDCAD,0,A6DBD90AE3ED7E1EB1BC0212877F0CB372E128C0F11D0B9C19284E472C146CC0
PAIR_NET_GRID_CYCLE_TARGET_075_SPACING_020_RESTART_UNTIL_FLIP__FLIP_GRACE_1W,flip_counterfactual,PAIR_NET_GRID_CYCLE_TARGET_075_SPACING_020_RESTART_UNTIL_FLIP,grace_window_losing_flip_no_new_fills,reset_17,17,19.730486,0,1,1.160617,,0,-0.888776,0,0,AUDCAD,0,F57A0AAD120A102D2A55831681CF009366CEEF683A98B443BA5091530BD03F75
PAIR_NET_GRID_CYCLE_TARGET_075_SPACING_020_RESTART_UNTIL_FLIP__FLIP_GRACE_1W,flip_counterfactual,PAIR_NET_GRID_CYCLE_TARGET_075_SPACING_020_RESTART_UNTIL_FLIP,grace_window_losing_flip_no_new_fills,reset_18,11,18.853318,0,1,1.713938,,0,-2.242379,0,0,AUDCAD,0,EDD49AA7EB9FE392AD165BAD6E56F7F5BC2E367ADFD675AF390AE25A595ECCFD
PAIR_NET_GRID_CYCLE_TARGET_075_SPACING_020_RESTART_UNTIL_FLIP__FLIP_GRACE_1W,flip_counterfactual,PAIR_NET_GRID_CYCLE_TARGET_075_SPACING_020_RESTART_UNTIL_FLIP,grace_window_losing_flip_no_new_fills,reset_19,7,8.144531,0,1,1.163504,,0,-11.39228,0,0,AUDCHF,0,D15B6F2DE3091188FCC8D0A24C8415FF7A1A641316ADC1AD7E19B8F8C68F5FF3
PAIR_NET_GRID_CYCLE_TARGET_075_SPACING_020_RESTART_UNTIL_FLIP__FLIP_GRACE_1W,flip_counterfactual,PAIR_NET_GRID_CYCLE_TARGET_075_SPACING_020_RESTART_UNTIL_FLIP,grace_window_losing_flip_no_new_fills,reset_20,5,5.264587,0,1,1.052917,,0,-4.747405,0,0,AUDCHF,0,2C3774BCCF4404D4B0498154950695B22EBEBA390A0BB1264ABFA0AB86884FA5
PAIR_NET_GRID_CYCLE_TARGET_075_SPACING_020_RESTART_UNTIL_FLIP__FLIP_GRACE_1W,flip_counterfactual,PAIR_NET_GRID_CYCLE_TARGET_075_SPACING_020_RESTART_UNTIL_FLIP,grace_window_losing_flip_no_new_fills,reset_21,2,1.731011,0,1,0.865506,,0,-4.747921,0,0,AUDCHF,0,1016CB40F1F8AB5E09FED95B0CD28B236D51904FDECD3ED7CDF6032EAEF04F5B
PAIR_NET_GRID_CYCLE_TARGET_075_SPACING_020_RESTART_UNTIL_FLIP__FLIP_GRACE_1W,flip_counterfactual,PAIR_NET_GRID_CYCLE_TARGET_075_SPACING_020_RESTART_UNTIL_FLIP,grace_window_losing_flip_no_new_fills,reset_22,1,0.833008,0,1,0.833008,,0,-0.136215,0,0,AUDCHF,0,255803E516ABDD315329A880E8B6BBADAA7095959834B89BB0E238E6B7A45285
PAIR_NET_GRID_CYCLE_TARGET_075_SPACING_020_RESTART_UNTIL_FLIP__FLIP_GRACE_1W,flip_counterfactual,PAIR_NET_GRID_CYCLE_TARGET_075_SPACING_020_RESTART_UNTIL_FLIP,grace_window_losing_flip_no_new_fills,reset_23,1,7.928392,0,1,7.928392,,0,-1.896824,0,0,AUDCHF,0,F996E319F640F330E7C3EAB79F1F4BCAD14A607DFA18CAC81D8FBEED264415D4
PAIR_NET_GRID_CYCLE_TARGET_075_SPACING_020_RESTART_UNTIL_FLIP__FLIP_CLOSE_SMALL_LOSS_WAREHOUSE_GT3ADR,flip_counterfactual,PAIR_NET_GRID_CYCLE_TARGET_075_SPACING_020_RESTART_UNTIL_FLIP,close_small_loss_warehouse_large_loss,initial_cycle,930,475.68821,0,0.983871,0.845757,-19.878621,-59.362056,-3.574242,-6.279721,0,CADJPY,-98.389577,F29EBC9E69712260EC0187326C42D8021A97E1AC765B80E4F7AF12673A96C847
PAIR_NET_GRID_CYCLE_TARGET_075_SPACING_020_RESTART_UNTIL_FLIP__FLIP_CLOSE_SMALL_LOSS_WAREHOUSE_GT3ADR,flip_counterfactual,PAIR_NET_GRID_CYCLE_TARGET_075_SPACING_020_RESTART_UNTIL_FLIP,close_small_loss_warehouse_large_loss,reset_1,7376,4532.666237,-919.873541,0.990232,0.861593,-24.390294,-299.316284,-4.502078,-22.092291,-919.873541,AUDJPY,-792.542527,6E81DC9423EA33F72F18498D970A84995E880039F68AFAE25B60FC9A0AB9A8E9
PAIR_NET_GRID_CYCLE_TARGET_075_SPACING_020_RESTART_UNTIL_FLIP__FLIP_CLOSE_SMALL_LOSS_WAREHOUSE_GT3ADR,flip_counterfactual,PAIR_NET_GRID_CYCLE_TARGET_075_SPACING_020_RESTART_UNTIL_FLIP,close_small_loss_warehouse_large_loss,reset_2,6334,4271.453525,-3417.125332,0.982456,0.879258,-10.756909,-322.819382,-5.471942,-76.546784,-3417.125332,AUDNZD,-3222.228157,FA3073B9E46B901AA1DD055255C6CE56CFF0C8319C21B35CD276EBCC4FEDA374
PAIR_NET_GRID_CYCLE_TARGET_075_SPACING_020_RESTART_UNTIL_FLIP__FLIP_CLOSE_SMALL_LOSS_WAREHOUSE_GT3ADR,flip_counterfactual,PAIR_NET_GRID_CYCLE_TARGET_075_SPACING_020_RESTART_UNTIL_FLIP,close_small_loss_warehouse_large_loss,reset_3,4968,2338.316381,-27.379447,0.98106,0.868867,-20.129739,-212.636378,-4.345929,-57.016758,-27.615781,AUDUSD,-367.731951,1735128167D81C51562D3EF976A67EDE7DF13EAF6BC392E35C845889887494A2
PAIR_NET_GRID_CYCLE_TARGET_075_SPACING_020_RESTART_UNTIL_FLIP__FLIP_CLOSE_SMALL_LOSS_WAREHOUSE_GT3ADR,flip_counterfactual,PAIR_NET_GRID_CYCLE_TARGET_075_SPACING_020_RESTART_UNTIL_FLIP,close_small_loss_warehouse_large_loss,reset_4,3544,40.459424,-80.324645,0.974279,0.874977,-32.698756,-1316.089692,-4.792094,-58.795932,-81.067186,CHFJPY,-1319.248048,6BB4373C4143A0A0F1C76C6BA2CF9325EEDE63C7E980AE7E3BF01D5E5EC512F8
PAIR_NET_GRID_CYCLE_TARGET_075_SPACING_020_RESTART_UNTIL_FLIP__FLIP_CLOSE_SMALL_LOSS_WAREHOUSE_GT3ADR,flip_counterfactual,PAIR_NET_GRID_CYCLE_TARGET_075_SPACING_020_RESTART_UNTIL_FLIP,close_small_loss_warehouse_large_loss,reset_5,2304,-49.790851,-35.453641,0.969117,0.878947,-28.282877,-570.440412,-5.534407,-40.52935,-35.453641,EURCHF,-570.564712,6FF3AFF6A82F7E12B7F21C78723854A608EF97E8DB2D1DE6DFC225455ADE666E
PAIR_NET_GRID_CYCLE_TARGET_075_SPACING_020_RESTART_UNTIL_FLIP__FLIP_CLOSE_SMALL_LOSS_WAREHOUSE_GT3ADR,flip_counterfactual,PAIR_NET_GRID_CYCLE_TARGET_075_SPACING_020_RESTART_UNTIL_FLIP,close_small_loss_warehouse_large_loss,reset_6,1372,992.525171,0,0.973761,0.918571,-6.519034,-36.132187,-5.442803,-20.331982,0,EURAUD,-36.132187,01FAAD78846B95A9C4E3ADF494209953DCD3AE31559F8A76432326DD751F4063
PAIR_NET_GRID_CYCLE_TARGET_075_SPACING_020_RESTART_UNTIL_FLIP__FLIP_CLOSE_SMALL_LOSS_WAREHOUSE_GT3ADR,flip_counterfactual,PAIR_NET_GRID_CYCLE_TARGET_075_SPACING_020_RESTART_UNTIL_FLIP,close_small_loss_warehouse_large_loss,reset_7,860,505.045013,0,0.977907,0.904458,-13.452832,-86.149265,-6.918176,-8.357169,0,AUDCAD,-86.149265,ECA2CFAE7901953AC59FE8503156D739A6714BA60DB9E083517846532167A1CB
PAIR_NET_GRID_CYCLE_TARGET_075_SPACING_020_RESTART_UNTIL_FLIP__FLIP_CLOSE_SMALL_LOSS_WAREHOUSE_GT3ADR,flip_counterfactual,PAIR_NET_GRID_CYCLE_TARGET_075_SPACING_020_RESTART_UNTIL_FLIP,close_small_loss_warehouse_large_loss,reset_8,527,218.458152,0,0.969639,0.951306,-16.728705,-114.99242,-5.329282,-13.980064,0,GBPCHF,-114.99242,F644CFEC8CCE141B4D69F683A89512EA280FB687EF6679094159DD8996E0BB8E
PAIR_NET_GRID_CYCLE_TARGET_075_SPACING_020_RESTART_UNTIL_FLIP__FLIP_CLOSE_SMALL_LOSS_WAREHOUSE_GT3ADR,flip_counterfactual,PAIR_NET_GRID_CYCLE_TARGET_075_SPACING_020_RESTART_UNTIL_FLIP,close_small_loss_warehouse_large_loss,reset_9,320,256.530596,0,0.9875,0.866931,-4.354883,-15.484258,-4.158545,-1.935275,0,CADCHF,-15.484258,88524C647B23407C5EC0D34623102297F255C8DE5190E368F6EC9B628A7B22C5
PAIR_NET_GRID_CYCLE_TARGET_075_SPACING_020_RESTART_UNTIL_FLIP__FLIP_CLOSE_SMALL_LOSS_WAREHOUSE_GT3ADR,flip_counterfactual,PAIR_NET_GRID_CYCLE_TARGET_075_SPACING_020_RESTART_UNTIL_FLIP,close_small_loss_warehouse_large_loss,reset_10,229,218.17234,0,0.9869,0.981107,-1.185914,-2.163774,-4.471911,-3.557741,0,USDJPY,-2.163774,60432230C520D865BA11A8EC780EE0984B099A243021FA2EBE38A68EDA6F6F52
PAIR_NET_GRID_CYCLE_TARGET_075_SPACING_020_RESTART_UNTIL_FLIP__FLIP_CLOSE_SMALL_LOSS_WAREHOUSE_GT3ADR,flip_counterfactual,PAIR_NET_GRID_CYCLE_TARGET_075_SPACING_020_RESTART_UNTIL_FLIP,close_small_loss_warehouse_large_loss,reset_11,146,64.502669,0,0.979452,1.030841,-27.635856,-47.342612,-4.14761,0,0,AUDUSD,-62.639295,55F8ABF289DFAF984ACE2420D2B9AA2F21F62835BEA270B53BB10DD653F5747D
PAIR_NET_GRID_CYCLE_TARGET_075_SPACING_020_RESTART_UNTIL_FLIP__FLIP_CLOSE_SMALL_LOSS_WAREHOUSE_GT3ADR,flip_counterfactual,PAIR_NET_GRID_CYCLE_TARGET_075_SPACING_020_RESTART_UNTIL_FLIP,close_small_loss_warehouse_large_loss,reset_12,102,73.633764,0,0.980392,0.888424,-7.60431,-15.07483,-3.615643,-0.13379,0,EURAUD,-15.07483,930777EC6255B73C63FAEAFD5498BCE75EDEBA203D1F8534C80634595A67905C
PAIR_NET_GRID_CYCLE_TARGET_075_SPACING_020_RESTART_UNTIL_FLIP__FLIP_CLOSE_SMALL_LOSS_WAREHOUSE_GT3ADR,flip_counterfactual,PAIR_NET_GRID_CYCLE_TARGET_075_SPACING_020_RESTART_UNTIL_FLIP,close_small_loss_warehouse_large_loss,reset_13,72,76.63136,0,1,1.064324,,0,-6.960608,0,0,AUDCAD,0,39E32158B814E0C74F901499B0779119F18293E4F29F977D11463CA8404F30EB
PAIR_NET_GRID_CYCLE_TARGET_075_SPACING_020_RESTART_UNTIL_FLIP__FLIP_CLOSE_SMALL_LOSS_WAREHOUSE_GT3ADR,flip_counterfactual,PAIR_NET_GRID_CYCLE_TARGET_075_SPACING_020_RESTART_UNTIL_FLIP,close_small_loss_warehouse_large_loss,reset_14,48,69.494445,0,1,1.447801,,0,-7.892527,0,0,AUDCAD,0,7A112867C8C06A0C33E0CC79453F480A66E7BC7AE66622DED2F2957217CCE8E1
PAIR_NET_GRID_CYCLE_TARGET_075_SPACING_020_RESTART_UNTIL_FLIP__FLIP_CLOSE_SMALL_LOSS_WAREHOUSE_GT3ADR,flip_counterfactual,PAIR_NET_GRID_CYCLE_TARGET_075_SPACING_020_RESTART_UNTIL_FLIP,close_small_loss_warehouse_large_loss,reset_15,32,43.375526,0,1,1.355485,,0,-61.967688,0,0,AUDCAD,0,3B09A23A963E9CC1902A98D31DED05AB0B2F2BDACA385EF546D9B43E89D9D576
PAIR_NET_GRID_CYCLE_TARGET_075_SPACING_020_RESTART_UNTIL_FLIP__FLIP_CLOSE_SMALL_LOSS_WAREHOUSE_GT3ADR,flip_counterfactual,PAIR_NET_GRID_CYCLE_TARGET_075_SPACING_020_RESTART_UNTIL_FLIP,close_small_loss_warehouse_large_loss,reset_16,22,23.35892,0,0.954545,1.180823,-1.438361,-1.438361,-4.763626,-1.438361,0,EURJPY,-1.438361,F2385EA721CA3074A44C7C5A5385A9D8C1475F1743D5CCA606415F7A09A8DA40
PAIR_NET_GRID_CYCLE_TARGET_075_SPACING_020_RESTART_UNTIL_FLIP__FLIP_CLOSE_SMALL_LOSS_WAREHOUSE_GT3ADR,flip_counterfactual,PAIR_NET_GRID_CYCLE_TARGET_075_SPACING_020_RESTART_UNTIL_FLIP,close_small_loss_warehouse_large_loss,reset_17,17,19.730486,0,1,1.160617,,0,-0.888776,0,0,AUDCAD,0,DCB8D8BC34B8DF65B00F4F61D2CB2C21CCEB0310C9CC58830D84B3C794BB9518
PAIR_NET_GRID_CYCLE_TARGET_075_SPACING_020_RESTART_UNTIL_FLIP__FLIP_CLOSE_SMALL_LOSS_WAREHOUSE_GT3ADR,flip_counterfactual,PAIR_NET_GRID_CYCLE_TARGET_075_SPACING_020_RESTART_UNTIL_FLIP,close_small_loss_warehouse_large_loss,reset_18,11,18.853318,0,1,1.713938,,0,-2.242379,0,0,AUDCAD,0,5E84D30428417968C799BA0F4B25DFBA7F75C347BC99348842C83188C6534C4C
PAIR_NET_GRID_CYCLE_TARGET_075_SPACING_020_RESTART_UNTIL_FLIP__FLIP_CLOSE_SMALL_LOSS_WAREHOUSE_GT3ADR,flip_counterfactual,PAIR_NET_GRID_CYCLE_TARGET_075_SPACING_020_RESTART_UNTIL_FLIP,close_small_loss_warehouse_large_loss,reset_19,7,8.144531,0,1,1.163504,,0,-11.39228,0,0,AUDCHF,0,0B23993DCC4CDCDAAA8A18228CE9438F535609100BD6209D2F9824F3A410C0E5
PAIR_NET_GRID_CYCLE_TARGET_075_SPACING_020_RESTART_UNTIL_FLIP__FLIP_CLOSE_SMALL_LOSS_WAREHOUSE_GT3ADR,flip_counterfactual,PAIR_NET_GRID_CYCLE_TARGET_075_SPACING_020_RESTART_UNTIL_FLIP,close_small_loss_warehouse_large_loss,reset_20,5,5.264587,0,1,1.052917,,0,-4.747405,0,0,AUDCHF,0,E2C51467AFE1EFA107CA1BC2E1018980DA6D512081FD994FEB0A0E5DA3C9D291
PAIR_NET_GRID_CYCLE_TARGET_075_SPACING_020_RESTART_UNTIL_FLIP__FLIP_CLOSE_SMALL_LOSS_WAREHOUSE_GT3ADR,flip_counterfactual,PAIR_NET_GRID_CYCLE_TARGET_075_SPACING_020_RESTART_UNTIL_FLIP,close_small_loss_warehouse_large_loss,reset_21,2,1.731011,0,1,0.865506,,0,-4.747921,0,0,AUDCHF,0,D3FA6048B4B9D1BF17C42DE7A91A4A5ADF5507AA60AE41FD3A18442CAC3FF095
PAIR_NET_GRID_CYCLE_TARGET_075_SPACING_020_RESTART_UNTIL_FLIP__FLIP_CLOSE_SMALL_LOSS_WAREHOUSE_GT3ADR,flip_counterfactual,PAIR_NET_GRID_CYCLE_TARGET_075_SPACING_020_RESTART_UNTIL_FLIP,close_small_loss_warehouse_large_loss,reset_22,1,0.833008,0,1,0.833008,,0,-0.136215,0,0,AUDCHF,0,7C3501A7C3B886ABDAE1FC2BB90EF61243714C1F8DC5CFEC2AE212772FED6562
PAIR_NET_GRID_CYCLE_TARGET_075_SPACING_020_RESTART_UNTIL_FLIP__FLIP_CLOSE_SMALL_LOSS_WAREHOUSE_GT3ADR,flip_counterfactual,PAIR_NET_GRID_CYCLE_TARGET_075_SPACING_020_RESTART_UNTIL_FLIP,close_small_loss_warehouse_large_loss,reset_23,1,7.928392,0,1,7.928392,,0,-1.896824,0,0,AUDCHF,0,42030CAF2DC460793D8C13219CE7C92BC889804379217A8F58C21ACE2BDDC5E5
PAIR_NET_GRID_CYCLE_TARGET_075_SPACING_020_RESTART_UNTIL_FLIP__NO_FLIP_FORCE_DIAGNOSTIC,flip_counterfactual,PAIR_NET_GRID_CYCLE_TARGET_075_SPACING_020_RESTART_UNTIL_FLIP,no_flip_force_no_new_fills,initial_cycle,930,778.691086,-107.929979,1,0.838204,,0,-4.190635,0,-107.929979,NZDCAD,-107.929979,C6523C0A06301107D62C710EA51B729226731ACAF7D3DC85A2138FE64E3FDAAE
PAIR_NET_GRID_CYCLE_TARGET_075_SPACING_020_RESTART_UNTIL_FLIP__NO_FLIP_FORCE_DIAGNOSTIC,flip_counterfactual,PAIR_NET_GRID_CYCLE_TARGET_075_SPACING_020_RESTART_UNTIL_FLIP,no_flip_force_no_new_fills,reset_1,7376,6299.702352,-2253.317411,0.999864,0.855125,,0,-5.04381,0,-2253.317411,EURJPY,-959.342315,47D4CF6DE016B070D9D72BC232D336C1A122E766A8AC61E2DF71617448E9BD30
PAIR_NET_GRID_CYCLE_TARGET_075_SPACING_020_RESTART_UNTIL_FLIP__NO_FLIP_FORCE_DIAGNOSTIC,flip_counterfactual,PAIR_NET_GRID_CYCLE_TARGET_075_SPACING_020_RESTART_UNTIL_FLIP,no_flip_force_no_new_fills,reset_2,6334,5479.437562,-4951.767618,1,0.866862,,0,-5.875182,0,-4951.767618,AUDNZD,-4067.246432,9609377EBDB673D128A719D9ECEC8E1A937A1E9BD1C76E8969ED366EC18F5083
PAIR_NET_GRID_CYCLE_TARGET_075_SPACING_020_RESTART_UNTIL_FLIP__NO_FLIP_FORCE_DIAGNOSTIC,flip_counterfactual,PAIR_NET_GRID_CYCLE_TARGET_075_SPACING_020_RESTART_UNTIL_FLIP,no_flip_force_no_new_fills,reset_3,4968,4251.787535,-760.225113,1,0.857561,,0,-5.276084,0,-760.461447,AUDCHF,-370.512182,1A769B8577C07700C9511C83BB72174C94B1ABF92B30783BCA4551A03D21F335
PAIR_NET_GRID_CYCLE_TARGET_075_SPACING_020_RESTART_UNTIL_FLIP__NO_FLIP_FORCE_DIAGNOSTIC,flip_counterfactual,PAIR_NET_GRID_CYCLE_TARGET_075_SPACING_020_RESTART_UNTIL_FLIP,no_flip_force_no_new_fills,reset_4,3544,3031.483215,-3143.532467,1,0.858048,,0,-5.443983,0,-3144.275008,CHFJPY,-1554.014054,E43F55A5FF73972A61D35E8D74C36C4B2B10E3A372EC3FF8A50B685796B0B12A
PAIR_NET_GRID_CYCLE_TARGET_075_SPACING_020_RESTART_UNTIL_FLIP__NO_FLIP_FORCE_DIAGNOSTIC,flip_counterfactual,PAIR_NET_GRID_CYCLE_TARGET_075_SPACING_020_RESTART_UNTIL_FLIP,no_flip_force_no_new_fills,reset_5,2304,1972.288112,-1632.382811,1,0.86051,,0,-6.842838,0,-1632.382811,AUDJPY,-418.401719,8147341FFEF40971AE1E26E6955F98E7D40287A36A00A2317C04B59C54200BF8
PAIR_NET_GRID_CYCLE_TARGET_075_SPACING_020_RESTART_UNTIL_FLIP__NO_FLIP_FORCE_DIAGNOSTIC,flip_counterfactual,PAIR_NET_GRID_CYCLE_TARGET_075_SPACING_020_RESTART_UNTIL_FLIP,no_flip_force_no_new_fills,reset_6,1372,1235.675937,-209.399607,1,0.901295,,0,-5.995636,0,-209.399607,USDCHF,-209.399607,3B48A2F5AE18300BAC3D54CF5CD7080CE0594BE459B86A624A4B1B58E2D61B75
PAIR_NET_GRID_CYCLE_TARGET_075_SPACING_020_RESTART_UNTIL_FLIP__NO_FLIP_FORCE_DIAGNOSTIC,flip_counterfactual,PAIR_NET_GRID_CYCLE_TARGET_075_SPACING_020_RESTART_UNTIL_FLIP,no_flip_force_no_new_fills,reset_7,860,762.157176,-435.177184,1,0.888295,,0,-7.440466,0,-435.177184,AUDCAD,-311.950272,037C7E323ECC50BF23B5D9E0EA0ECD9C80D5921A054EBC62D083DEE9FAF03724
PAIR_NET_GRID_CYCLE_TARGET_075_SPACING_020_RESTART_UNTIL_FLIP__NO_FLIP_FORCE_DIAGNOSTIC,flip_counterfactual,PAIR_NET_GRID_CYCLE_TARGET_075_SPACING_020_RESTART_UNTIL_FLIP,no_flip_force_no_new_fills,reset_8,527,489.201035,0,0.998102,0.93004,,0,-6.910025,0,0,AUDCAD,0,D8EE18339BA064CBB52E9F53ED8A82F1BAE1AEA7DF92DCDE5C78BB054E827A82
PAIR_NET_GRID_CYCLE_TARGET_075_SPACING_020_RESTART_UNTIL_FLIP__NO_FLIP_FORCE_DIAGNOSTIC,flip_counterfactual,PAIR_NET_GRID_CYCLE_TARGET_075_SPACING_020_RESTART_UNTIL_FLIP,no_flip_force_no_new_fills,reset_9,320,274.281426,0,1,0.857129,,0,-4.173566,0,0,AUDCAD,0,DD79DB50E43F9D2B4E6A420DB3ED7658BEE411FD79F73F8AEAE8B2692669B358
PAIR_NET_GRID_CYCLE_TARGET_075_SPACING_020_RESTART_UNTIL_FLIP__NO_FLIP_FORCE_DIAGNOSTIC,flip_counterfactual,PAIR_NET_GRID_CYCLE_TARGET_075_SPACING_020_RESTART_UNTIL_FLIP,no_flip_force_no_new_fills,reset_10,229,222.065101,0,1,0.969717,,0,-4.480586,0,0,AUDCAD,0,84D67F97A9E3B7658360F41540A5E96FD8B1D51551C66BA130B55DD4873853AC
PAIR_NET_GRID_CYCLE_TARGET_075_SPACING_020_RESTART_UNTIL_FLIP__NO_FLIP_FORCE_DIAGNOSTIC,flip_counterfactual,PAIR_NET_GRID_CYCLE_TARGET_075_SPACING_020_RESTART_UNTIL_FLIP,no_flip_force_no_new_fills,reset_11,146,148.537982,0,1,1.017383,,0,-5.471287,0,0,AUDCAD,0,A0D6898BDC61FAA00896A02969863B0A1EA988E00630D87B4851E6FD78E98CE2
PAIR_NET_GRID_CYCLE_TARGET_075_SPACING_020_RESTART_UNTIL_FLIP__NO_FLIP_FORCE_DIAGNOSTIC,flip_counterfactual,PAIR_NET_GRID_CYCLE_TARGET_075_SPACING_020_RESTART_UNTIL_FLIP,no_flip_force_no_new_fills,reset_12,102,88.874563,-42.241724,1,0.879946,,0,-3.928277,0,-42.241724,EURAUD,-42.241724,CA5D6252A4372BFCE8B865C06CAB2B06CF4C613A1E146D5C6694BE830B08B992
PAIR_NET_GRID_CYCLE_TARGET_075_SPACING_020_RESTART_UNTIL_FLIP__NO_FLIP_FORCE_DIAGNOSTIC,flip_counterfactual,PAIR_NET_GRID_CYCLE_TARGET_075_SPACING_020_RESTART_UNTIL_FLIP,no_flip_force_no_new_fills,reset_13,72,76.63136,0,1,1.064324,,0,-6.960608,0,0,AUDCAD,0,C944DEEC49B0E43CCCF23E6B70843840BEBE1AC2339A9133F201B8C2753CC684
PAIR_NET_GRID_CYCLE_TARGET_075_SPACING_020_RESTART_UNTIL_FLIP__NO_FLIP_FORCE_DIAGNOSTIC,flip_counterfactual,PAIR_NET_GRID_CYCLE_TARGET_075_SPACING_020_RESTART_UNTIL_FLIP,no_flip_force_no_new_fills,reset_14,48,69.494445,0,1,1.447801,,0,-7.892527,0,0,AUDCAD,0,AFFE5FA293EF171CC73C6CE168A2DCBF411544B041044DB164626F33947544D8
PAIR_NET_GRID_CYCLE_TARGET_075_SPACING_020_RESTART_UNTIL_FLIP__NO_FLIP_FORCE_DIAGNOSTIC,flip_counterfactual,PAIR_NET_GRID_CYCLE_TARGET_075_SPACING_020_RESTART_UNTIL_FLIP,no_flip_force_no_new_fills,reset_15,32,43.375526,0,1,1.355485,,0,-61.967688,0,0,AUDCAD,0,DA9E31D83547DE43EB7B86E027AF09377F710DDD1FFB12C2EE9A7BB6B5349F6F
PAIR_NET_GRID_CYCLE_TARGET_075_SPACING_020_RESTART_UNTIL_FLIP__NO_FLIP_FORCE_DIAGNOSTIC,flip_counterfactual,PAIR_NET_GRID_CYCLE_TARGET_075_SPACING_020_RESTART_UNTIL_FLIP,no_flip_force_no_new_fills,reset_16,22,24.86917,0,1,1.130417,,0,-4.794159,0,0,AUDCAD,0,F284AE1969A35075D990AAFADDCAD4C363955AF915EEB166C597DE3C674FC1C6
PAIR_NET_GRID_CYCLE_TARGET_075_SPACING_020_RESTART_UNTIL_FLIP__NO_FLIP_FORCE_DIAGNOSTIC,flip_counterfactual,PAIR_NET_GRID_CYCLE_TARGET_075_SPACING_020_RESTART_UNTIL_FLIP,no_flip_force_no_new_fills,reset_17,17,19.730486,0,1,1.160617,,0,-0.888776,0,0,AUDCAD,0,73283D7A3911CBEED8B49AC29DBC8244A69FEF1562B96B0041B403B28590C6DF
PAIR_NET_GRID_CYCLE_TARGET_075_SPACING_020_RESTART_UNTIL_FLIP__NO_FLIP_FORCE_DIAGNOSTIC,flip_counterfactual,PAIR_NET_GRID_CYCLE_TARGET_075_SPACING_020_RESTART_UNTIL_FLIP,no_flip_force_no_new_fills,reset_18,11,18.853318,0,1,1.713938,,0,-2.242379,0,0,AUDCAD,0,2CE59DD12AC0290C38B3AE8A499BB9BD87A98406FF7047051B26A94E7469A871
PAIR_NET_GRID_CYCLE_TARGET_075_SPACING_020_RESTART_UNTIL_FLIP__NO_FLIP_FORCE_DIAGNOSTIC,flip_counterfactual,PAIR_NET_GRID_CYCLE_TARGET_075_SPACING_020_RESTART_UNTIL_FLIP,no_flip_force_no_new_fills,reset_19,7,8.144531,0,1,1.163504,,0,-11.39228,0,0,AUDCHF,0,90A8EF9A954BC21834BED77158D0FC330F46164C2B696743CD994334E124461C
PAIR_NET_GRID_CYCLE_TARGET_075_SPACING_020_RESTART_UNTIL_FLIP__NO_FLIP_FORCE_DIAGNOSTIC,flip_counterfactual,PAIR_NET_GRID_CYCLE_TARGET_075_SPACING_020_RESTART_UNTIL_FLIP,no_flip_force_no_new_fills,reset_20,5,5.264587,0,1,1.052917,,0,-4.747405,0,0,AUDCHF,0,209F54A85D1BF92D84D045B3444C7D27510FB93A2C81E208C49B164D59B61782
PAIR_NET_GRID_CYCLE_TARGET_075_SPACING_020_RESTART_UNTIL_FLIP__NO_FLIP_FORCE_DIAGNOSTIC,flip_counterfactual,PAIR_NET_GRID_CYCLE_TARGET_075_SPACING_020_RESTART_UNTIL_FLIP,no_flip_force_no_new_fills,reset_21,2,1.731011,0,1,0.865506,,0,-4.747921,0,0,AUDCHF,0,F85DB10D7AC94896C204875648FF21DB8F95E6CB859A9FB1FC6EAF9D6DE9EB92
PAIR_NET_GRID_CYCLE_TARGET_075_SPACING_020_RESTART_UNTIL_FLIP__NO_FLIP_FORCE_DIAGNOSTIC,flip_counterfactual,PAIR_NET_GRID_CYCLE_TARGET_075_SPACING_020_RESTART_UNTIL_FLIP,no_flip_force_no_new_fills,reset_22,1,0.833008,0,1,0.833008,,0,-0.136215,0,0,AUDCHF,0,C6B87757EE2A9A75F7C8F549D8E32C72EA7DD10F24002172D363D7212C3DB99D
PAIR_NET_GRID_CYCLE_TARGET_075_SPACING_020_RESTART_UNTIL_FLIP__NO_FLIP_FORCE_DIAGNOSTIC,flip_counterfactual,PAIR_NET_GRID_CYCLE_TARGET_075_SPACING_020_RESTART_UNTIL_FLIP,no_flip_force_no_new_fills,reset_23,1,7.928392,0,1,7.928392,,0,-1.896824,0,0,AUDCHF,0,D9716FCCBB2310DD12A603CC2D624DC96971127E4B272135FA195B1D7521D548
PAIR_TWO_SIDED_GRID_TARGET_150_SPACING_020_RESTART_UNTIL_FLIP__FLIP_LOSER_WAREHOUSE,flip_counterfactual,PAIR_TWO_SIDED_GRID_TARGET_150_SPACING_020_RESTART_UNTIL_FLIP,warehouse_losing_flip_no_new_fills,initial_cycle,930,867.080038,0,0.975269,1.64045,-26.991651,-82.530744,-6.519597,0,0,CADJPY,-102.473839,037F6E388E9F5D46E26CD58599737D9BA45B9C8D993ABF91DCB75864E7A682E8
PAIR_TWO_SIDED_GRID_TARGET_150_SPACING_020_RESTART_UNTIL_FLIP__FLIP_LOSER_WAREHOUSE,flip_counterfactual,PAIR_TWO_SIDED_GRID_TARGET_150_SPACING_020_RESTART_UNTIL_FLIP,warehouse_losing_flip_no_new_fills,reset_1,6424,6581.529943,-30.706142,0.985663,1.659452,-42.548955,-625.875349,-7.298475,0,-31.795207,AUDCAD,-697.612408,91B358A7311AC216DF0AE737C59652A3A99E528342A193C3A71EB04E447610F9
PAIR_TWO_SIDED_GRID_TARGET_150_SPACING_020_RESTART_UNTIL_FLIP__FLIP_LOSER_WAREHOUSE,flip_counterfactual,PAIR_TWO_SIDED_GRID_TARGET_150_SPACING_020_RESTART_UNTIL_FLIP,warehouse_losing_flip_no_new_fills,reset_2,4844,3715.884399,-3391.491683,0.986151,1.671244,-63.5466,-1334.052716,-8.877046,0,-3391.577044,AUDNZD,-3088.881635,821E9BCBBA7B7F16C080D5D927C42DE06CB8A842D83CEA9B0184B2757DA33FE5
PAIR_TWO_SIDED_GRID_TARGET_150_SPACING_020_RESTART_UNTIL_FLIP__FLIP_LOSER_WAREHOUSE,flip_counterfactual,PAIR_TWO_SIDED_GRID_TARGET_150_SPACING_020_RESTART_UNTIL_FLIP,warehouse_losing_flip_no_new_fills,reset_3,3163,1934.887728,-176.080223,0.982562,1.667738,-58.789695,-1192.266662,-7.822568,0,-176.525211,EURJPY,-1198.441896,582B4D58D870A16A95C5117217E4AA0432F8CEA205F6BBCEDE2EA4E54F206103
PAIR_TWO_SIDED_GRID_TARGET_150_SPACING_020_RESTART_UNTIL_FLIP__FLIP_LOSER_WAREHOUSE,flip_counterfactual,PAIR_TWO_SIDED_GRID_TARGET_150_SPACING_020_RESTART_UNTIL_FLIP,warehouse_losing_flip_no_new_fills,reset_4,1835,1702.935593,-5.787877,0.979826,1.747501,-38.846584,-298.440282,-9.035123,0,-5.787877,USDCAD,-298.440282,549DC0FB7A1F3B27C80F0B7D6D91376003104B80DBF44D2D9DCB31C3508B416D
PAIR_TWO_SIDED_GRID_TARGET_150_SPACING_020_RESTART_UNTIL_FLIP__FLIP_LOSER_WAREHOUSE,flip_counterfactual,PAIR_TWO_SIDED_GRID_TARGET_150_SPACING_020_RESTART_UNTIL_FLIP,warehouse_losing_flip_no_new_fills,reset_5,1002,1371.255352,-162.266396,0.987976,1.739948,-28.69447,-74.035577,-7.602146,0,-162.266396,USDCAD,-130.753767,C0466F203FA0FD7EB3932C8AE0E9D47D277B2D7AEF647C1A914A46A25824D476
PAIR_TWO_SIDED_GRID_TARGET_150_SPACING_020_RESTART_UNTIL_FLIP__FLIP_LOSER_WAREHOUSE,flip_counterfactual,PAIR_TWO_SIDED_GRID_TARGET_150_SPACING_020_RESTART_UNTIL_FLIP,warehouse_losing_flip_no_new_fills,reset_6,573,460.378783,0,0.980803,1.872716,-53.826154,-264.292826,-8.051403,0,0,AUDCHF,-264.292826,2EE4E87331471B3ECEA560E0F9242C755CEFFC3F9FD65AF8BD421A20D968768D
PAIR_TWO_SIDED_GRID_TARGET_150_SPACING_020_RESTART_UNTIL_FLIP__FLIP_LOSER_WAREHOUSE,flip_counterfactual,PAIR_TWO_SIDED_GRID_TARGET_150_SPACING_020_RESTART_UNTIL_FLIP,warehouse_losing_flip_no_new_fills,reset_7,324,248.715795,0,0.975309,1.779306,-39.193127,-115.630535,-7.835126,0,0,GBPCHF,-115.630535,E372537FEB352B5921149AC3D6B9775F9134ECE75DBED42A3CC07792DA5A1FE3
PAIR_TWO_SIDED_GRID_TARGET_150_SPACING_020_RESTART_UNTIL_FLIP__FLIP_LOSER_WAREHOUSE,flip_counterfactual,PAIR_TWO_SIDED_GRID_TARGET_150_SPACING_020_RESTART_UNTIL_FLIP,warehouse_losing_flip_no_new_fills,reset_8,197,337.435906,0,0.994924,1.965932,-47.886669,-47.886669,-7.594493,0,0,AUDUSD,-47.886669,AAF2DF062C878081D9B436F8D9789EC80CE287880EB232CD54B900BBFE53BEE2
PAIR_TWO_SIDED_GRID_TARGET_150_SPACING_020_RESTART_UNTIL_FLIP__FLIP_LOSER_WAREHOUSE,flip_counterfactual,PAIR_TWO_SIDED_GRID_TARGET_150_SPACING_020_RESTART_UNTIL_FLIP,warehouse_losing_flip_no_new_fills,reset_9,126,190.392959,0,0.992063,1.766412,-30.408581,-30.408581,-8.841466,0,0,GBPCAD,-30.408581,3AAE19F0CB2F0982FAE5FBF9220A2107F9C5A92B0A4FE0FF73A5A652B293A592
PAIR_TWO_SIDED_GRID_TARGET_150_SPACING_020_RESTART_UNTIL_FLIP__FLIP_LOSER_WAREHOUSE,flip_counterfactual,PAIR_TWO_SIDED_GRID_TARGET_150_SPACING_020_RESTART_UNTIL_FLIP,warehouse_losing_flip_no_new_fills,reset_10,82,200.968565,0,1,2.450836,,0,-6.050362,0,0,AUDCAD,0,9DDAAD0C34FBEAF04549ECB6582EF5E2F0104C665AB3245AF1AB1B8C74313667
PAIR_TWO_SIDED_GRID_TARGET_150_SPACING_020_RESTART_UNTIL_FLIP__FLIP_LOSER_WAREHOUSE,flip_counterfactual,PAIR_TWO_SIDED_GRID_TARGET_150_SPACING_020_RESTART_UNTIL_FLIP,warehouse_losing_flip_no_new_fills,reset_11,49,101.929229,-1950.296503,1,2.123526,,0,-96.157984,0,-1950.296503,AUDJPY,-1950.296503,8BC4C83E0FD795A8F447C88E3ACF908A8570E18F0E2F99B918E4F882B9C3B821
PAIR_TWO_SIDED_GRID_TARGET_150_SPACING_020_RESTART_UNTIL_FLIP__FLIP_LOSER_WAREHOUSE,flip_counterfactual,PAIR_TWO_SIDED_GRID_TARGET_150_SPACING_020_RESTART_UNTIL_FLIP,warehouse_losing_flip_no_new_fills,reset_12,31,56.30373,0,1,1.816249,,0,-9.516396,0,0,AUDCAD,0,46E4D82A0FB4E6BEF994FF10DA15EFF6644F640DE9E5B91537346B02B5F08479
PAIR_TWO_SIDED_GRID_TARGET_150_SPACING_020_RESTART_UNTIL_FLIP__FLIP_LOSER_WAREHOUSE,flip_counterfactual,PAIR_TWO_SIDED_GRID_TARGET_150_SPACING_020_RESTART_UNTIL_FLIP,warehouse_losing_flip_no_new_fills,reset_13,19,42.264382,0,1,2.224441,,0,-1.308152,0,0,AUDCAD,0,8F99DF5D412F8E07E9C0A3F7D6EA0C3DC82690E078BE40FE4F81807F5C0DF3E5
PAIR_TWO_SIDED_GRID_TARGET_150_SPACING_020_RESTART_UNTIL_FLIP__FLIP_LOSER_WAREHOUSE,flip_counterfactual,PAIR_TWO_SIDED_GRID_TARGET_150_SPACING_020_RESTART_UNTIL_FLIP,warehouse_losing_flip_no_new_fills,reset_14,14,30.26718,0,1,2.161941,,0,-3.186258,0,0,AUDCAD,0,105101ABFB37228A5D3F741B413045E6D547BCA0D971ED99961F3DEF81D7D5A4
PAIR_TWO_SIDED_GRID_TARGET_150_SPACING_020_RESTART_UNTIL_FLIP__FLIP_LOSER_WAREHOUSE,flip_counterfactual,PAIR_TWO_SIDED_GRID_TARGET_150_SPACING_020_RESTART_UNTIL_FLIP,warehouse_losing_flip_no_new_fills,reset_15,10,21.570871,0,1,2.157087,,0,-3.746452,0,0,AUDCAD,0,312F1A3819855957F0734CACA2B50F177D32BBD0108AE752257EEADD9B3AD093
PAIR_TWO_SIDED_GRID_TARGET_150_SPACING_020_RESTART_UNTIL_FLIP__FLIP_LOSER_WAREHOUSE,flip_counterfactual,PAIR_TWO_SIDED_GRID_TARGET_150_SPACING_020_RESTART_UNTIL_FLIP,warehouse_losing_flip_no_new_fills,reset_16,5,28.598295,0,1,5.719659,,0,-0.43135,0,0,AUDCAD,0,2E32A50301239E9821F918E6D69C1349888AB8FA47D43EC1AAFD060236107490
PAIR_TWO_SIDED_GRID_TARGET_150_SPACING_020_RESTART_UNTIL_FLIP__FLIP_LOSER_WAREHOUSE,flip_counterfactual,PAIR_TWO_SIDED_GRID_TARGET_150_SPACING_020_RESTART_UNTIL_FLIP,warehouse_losing_flip_no_new_fills,reset_17,3,14.394407,0,1,4.798136,,0,-23.481376,0,0,AUDCAD,0,E2B32AC1736208B5D69E4EE64892A4E725F093A8844236CA978B860DECD40DA1
PAIR_TWO_SIDED_GRID_TARGET_150_SPACING_020_RESTART_UNTIL_FLIP__FLIP_LOSER_WAREHOUSE,flip_counterfactual,PAIR_TWO_SIDED_GRID_TARGET_150_SPACING_020_RESTART_UNTIL_FLIP,warehouse_losing_flip_no_new_fills,reset_18,1,1.615575,0,1,1.615575,,0,-1.385784,0,0,AUDCHF,0,B33AED72C31FAD0C9958A3CFEE160EF1AAF3C9240B7268EB6DBED7882788EC0A
PAIR_TWO_SIDED_GRID_TARGET_150_SPACING_020_RESTART_UNTIL_FLIP__FLIP_LOSER_WAREHOUSE,flip_counterfactual,PAIR_TWO_SIDED_GRID_TARGET_150_SPACING_020_RESTART_UNTIL_FLIP,warehouse_losing_flip_no_new_fills,reset_19,1,14.494172,0,1,14.494172,,0,-2.765901,0,0,AUDCHF,0,78131B02288D9F184FE44C9DE70F9841D8EF9F0C0C2855ABF07027E966F182EE
PAIR_TWO_SIDED_GRID_TARGET_150_SPACING_020_RESTART_UNTIL_FLIP__FLIP_GRACE_1W,flip_counterfactual,PAIR_TWO_SIDED_GRID_TARGET_150_SPACING_020_RESTART_UNTIL_FLIP,grace_window_losing_flip_no_new_fills,initial_cycle,930,848.302621,0,0.97957,1.638605,-33.919289,-112.052509,-6.864928,0,0,NZDCHF,-112.052509,63976310B0E70DC199E759622CEB116C1003F16EA1B1B7EA0B7144E5C68DA5CD
PAIR_TWO_SIDED_GRID_TARGET_150_SPACING_020_RESTART_UNTIL_FLIP__FLIP_GRACE_1W,flip_counterfactual,PAIR_TWO_SIDED_GRID_TARGET_150_SPACING_020_RESTART_UNTIL_FLIP,grace_window_losing_flip_no_new_fills,reset_1,6424,7186.230392,-30.706142,0.987845,1.657148,-42.543952,-344.517462,-7.443581,0,-31.795207,CADJPY,-384.095635,8CEA01767176CDF4E9F2057DB673FA06B44E1AD1E543E99B7AEC16CC638A7336
PAIR_TWO_SIDED_GRID_TARGET_150_SPACING_020_RESTART_UNTIL_FLIP__FLIP_GRACE_1W,flip_counterfactual,PAIR_TWO_SIDED_GRID_TARGET_150_SPACING_020_RESTART_UNTIL_FLIP,grace_window_losing_flip_no_new_fills,reset_2,4844,3684.818832,-3391.491683,0.986358,1.671242,-65.005252,-1229.973457,-9.065393,0,-3391.577044,AUDNZD,-3097.082922,7DBC003660AD31028FDDDD08FBC4E4BB42A98F2C05951128CBAE97F6884E72DA
PAIR_TWO_SIDED_GRID_TARGET_150_SPACING_020_RESTART_UNTIL_FLIP__FLIP_GRACE_1W,flip_counterfactual,PAIR_TWO_SIDED_GRID_TARGET_150_SPACING_020_RESTART_UNTIL_FLIP,grace_window_losing_flip_no_new_fills,reset_3,3163,2280.640271,-176.080223,0.985732,1.663724,-64.263919,-1185.658546,-7.98274,0,-176.525211,EURJPY,-1191.83378,D419CE2E0FA67262E88E084D4D277C3D87ACE7197D1F62265F7BE1E87ABD5913
PAIR_TWO_SIDED_GRID_TARGET_150_SPACING_020_RESTART_UNTIL_FLIP__FLIP_GRACE_1W,flip_counterfactual,PAIR_TWO_SIDED_GRID_TARGET_150_SPACING_020_RESTART_UNTIL_FLIP,grace_window_losing_flip_no_new_fills,reset_4,1835,1815.092583,-5.787877,0.981461,1.746491,-39.076232,-267.269112,-9.183005,0,-5.787877,GBPJPY,-271.195028,7AC536192A39D8AC7E1CDD40F91D8AF20A841C0C66CC846131ABDB3858D250A3
PAIR_TWO_SIDED_GRID_TARGET_150_SPACING_020_RESTART_UNTIL_FLIP__FLIP_GRACE_1W,flip_counterfactual,PAIR_TWO_SIDED_GRID_TARGET_150_SPACING_020_RESTART_UNTIL_FLIP,grace_window_losing_flip_no_new_fills,reset_5,1002,1388.881139,-162.266396,0.988978,1.739497,-29.818425,-127.766158,-7.710575,0,-162.266396,USDCAD,-149.620418,D321C1EB2DD844B2340FE788024E9B03C9F75B157E3BD674CBB798A52EF175EF
PAIR_TWO_SIDED_GRID_TARGET_150_SPACING_020_RESTART_UNTIL_FLIP__FLIP_GRACE_1W,flip_counterfactual,PAIR_TWO_SIDED_GRID_TARGET_150_SPACING_020_RESTART_UNTIL_FLIP,grace_window_losing_flip_no_new_fills,reset_6,573,537.418951,0,0.991274,1.855052,-103.250171,-298.269773,-8.227277,0,0,AUDCHF,-298.269773,A3571C4FC349168023FAD08509F14783D799873B1E36C02FE73AB6E423BCB5FE
PAIR_TWO_SIDED_GRID_TARGET_150_SPACING_020_RESTART_UNTIL_FLIP__FLIP_GRACE_1W,flip_counterfactual,PAIR_TWO_SIDED_GRID_TARGET_150_SPACING_020_RESTART_UNTIL_FLIP,grace_window_losing_flip_no_new_fills,reset_7,324,252.898755,0,0.981481,1.785521,-52.482834,-123.13134,-8.136653,0,0,GBPCHF,-123.13134,3AAF9FFA887234E37D14A166202DE6E61842FC403DD50C824A063BDDDF760779
PAIR_TWO_SIDED_GRID_TARGET_150_SPACING_020_RESTART_UNTIL_FLIP__FLIP_GRACE_1W,flip_counterfactual,PAIR_TWO_SIDED_GRID_TARGET_150_SPACING_020_RESTART_UNTIL_FLIP,grace_window_losing_flip_no_new_fills,reset_8,197,282.298326,0,0.994924,1.965932,-103.024249,-103.024249,-7.944791,0,0,AUDUSD,-103.024249,4391A34DFD8E5160DBBE329E791B77212EBF42D3C7A6BFF36029B0C38EE5788D
PAIR_TWO_SIDED_GRID_TARGET_150_SPACING_020_RESTART_UNTIL_FLIP__FLIP_GRACE_1W,flip_counterfactual,PAIR_TWO_SIDED_GRID_TARGET_150_SPACING_020_RESTART_UNTIL_FLIP,grace_window_losing_flip_no_new_fills,reset_9,126,221.081838,0,1,1.754618,,0,-8.876227,0,0,AUDCAD,0,C2A8620D03B3A6F728E09BB0F0E14A99B4731C6FBEE2C9553F3B1E2548D3CED2
PAIR_TWO_SIDED_GRID_TARGET_150_SPACING_020_RESTART_UNTIL_FLIP__FLIP_GRACE_1W,flip_counterfactual,PAIR_TWO_SIDED_GRID_TARGET_150_SPACING_020_RESTART_UNTIL_FLIP,grace_window_losing_flip_no_new_fills,reset_10,82,200.968565,0,1,2.450836,,0,-6.050362,0,0,AUDCAD,0,9649FDC12528DBB015081404F14A38B77D7AC2FB66054B4D5588FC1C9607E1B4
PAIR_TWO_SIDED_GRID_TARGET_150_SPACING_020_RESTART_UNTIL_FLIP__FLIP_GRACE_1W,flip_counterfactual,PAIR_TWO_SIDED_GRID_TARGET_150_SPACING_020_RESTART_UNTIL_FLIP,grace_window_losing_flip_no_new_fills,reset_11,49,101.929229,-1950.296503,1,2.123526,,0,-96.157984,0,-1950.296503,AUDJPY,-1950.296503,B1AAA4A73D2D7A0563F683FE0FF7E0A84879F3CD62797B0443D2085DFB485F8F
PAIR_TWO_SIDED_GRID_TARGET_150_SPACING_020_RESTART_UNTIL_FLIP__FLIP_GRACE_1W,flip_counterfactual,PAIR_TWO_SIDED_GRID_TARGET_150_SPACING_020_RESTART_UNTIL_FLIP,grace_window_losing_flip_no_new_fills,reset_12,31,56.30373,0,1,1.816249,,0,-9.516396,0,0,AUDCAD,0,BD47ACEA0650E435392AE14913F5D54D0530752BC764B26321101618D47C188C
PAIR_TWO_SIDED_GRID_TARGET_150_SPACING_020_RESTART_UNTIL_FLIP__FLIP_GRACE_1W,flip_counterfactual,PAIR_TWO_SIDED_GRID_TARGET_150_SPACING_020_RESTART_UNTIL_FLIP,grace_window_losing_flip_no_new_fills,reset_13,19,42.264382,0,1,2.224441,,0,-1.308152,0,0,AUDCAD,0,9AF4FD05B5C14F90D432FF17163D8F1B617FD45CC4B684849969323ECCA88EFE
PAIR_TWO_SIDED_GRID_TARGET_150_SPACING_020_RESTART_UNTIL_FLIP__FLIP_GRACE_1W,flip_counterfactual,PAIR_TWO_SIDED_GRID_TARGET_150_SPACING_020_RESTART_UNTIL_FLIP,grace_window_losing_flip_no_new_fills,reset_14,14,30.26718,0,1,2.161941,,0,-3.186258,0,0,AUDCAD,0,106EFA23C97DFBA616EC943457516EB61E9F21C14FBB922B54D32557E845F65B
PAIR_TWO_SIDED_GRID_TARGET_150_SPACING_020_RESTART_UNTIL_FLIP__FLIP_GRACE_1W,flip_counterfactual,PAIR_TWO_SIDED_GRID_TARGET_150_SPACING_020_RESTART_UNTIL_FLIP,grace_window_losing_flip_no_new_fills,reset_15,10,21.570871,0,1,2.157087,,0,-3.746452,0,0,AUDCAD,0,D87FBBAEB6B070CFF5D3C17289B4779C4CE688C17554D8EC1549370271241DB7
PAIR_TWO_SIDED_GRID_TARGET_150_SPACING_020_RESTART_UNTIL_FLIP__FLIP_GRACE_1W,flip_counterfactual,PAIR_TWO_SIDED_GRID_TARGET_150_SPACING_020_RESTART_UNTIL_FLIP,grace_window_losing_flip_no_new_fills,reset_16,5,28.598295,0,1,5.719659,,0,-0.43135,0,0,AUDCAD,0,A0C60008E13EF33AC6E870876364076766FF486DCE774E77511D5BFEA893F402
PAIR_TWO_SIDED_GRID_TARGET_150_SPACING_020_RESTART_UNTIL_FLIP__FLIP_GRACE_1W,flip_counterfactual,PAIR_TWO_SIDED_GRID_TARGET_150_SPACING_020_RESTART_UNTIL_FLIP,grace_window_losing_flip_no_new_fills,reset_17,3,14.394407,0,1,4.798136,,0,-23.481376,0,0,AUDCAD,0,093EA7123779546B32228B7AC798CE4DE061C0125A39A73CF18FB8B96DED8199
PAIR_TWO_SIDED_GRID_TARGET_150_SPACING_020_RESTART_UNTIL_FLIP__FLIP_GRACE_1W,flip_counterfactual,PAIR_TWO_SIDED_GRID_TARGET_150_SPACING_020_RESTART_UNTIL_FLIP,grace_window_losing_flip_no_new_fills,reset_18,1,1.615575,0,1,1.615575,,0,-1.385784,0,0,AUDCHF,0,CC2F4EFAF9636672D39835AEE06B107AE79B8FAD6A7CBB07985C43CC852A7928
PAIR_TWO_SIDED_GRID_TARGET_150_SPACING_020_RESTART_UNTIL_FLIP__FLIP_GRACE_1W,flip_counterfactual,PAIR_TWO_SIDED_GRID_TARGET_150_SPACING_020_RESTART_UNTIL_FLIP,grace_window_losing_flip_no_new_fills,reset_19,1,14.494172,0,1,14.494172,,0,-2.765901,0,0,AUDCHF,0,A5A4CBC2D9B1813AA1E6D7197A04DD0E8ED6FFC268C370F4DCF3BF81CE7A4D8D
PAIR_TWO_SIDED_GRID_TARGET_150_SPACING_020_RESTART_UNTIL_FLIP__FLIP_CLOSE_SMALL_LOSS_WAREHOUSE_GT3ADR,flip_counterfactual,PAIR_TWO_SIDED_GRID_TARGET_150_SPACING_020_RESTART_UNTIL_FLIP,close_small_loss_warehouse_large_loss,initial_cycle,930,853.900973,0,0.968817,1.649869,-21.814856,-82.530744,-6.512821,-11.822856,0,CADJPY,-102.473839,A4467FBE3A55DAF8D53B1BD0D8C99723A585953FD22BA7B3B8CDB8B58EB87DDC
PAIR_TWO_SIDED_GRID_TARGET_150_SPACING_020_RESTART_UNTIL_FLIP__FLIP_CLOSE_SMALL_LOSS_WAREHOUSE_GT3ADR,flip_counterfactual,PAIR_TWO_SIDED_GRID_TARGET_150_SPACING_020_RESTART_UNTIL_FLIP,close_small_loss_warehouse_large_loss,reset_1,6424,6505.12271,-30.706142,0.975845,1.675391,-25.717266,-625.875349,-7.28883,-71.672458,-31.795207,AUDCAD,-698.111183,EA1EB401EC9E56E6290727524667670AC8167A2F0A02132BCDEE6D668BF98D09
PAIR_TWO_SIDED_GRID_TARGET_150_SPACING_020_RESTART_UNTIL_FLIP__FLIP_CLOSE_SMALL_LOSS_WAREHOUSE_GT3ADR,flip_counterfactual,PAIR_TWO_SIDED_GRID_TARGET_150_SPACING_020_RESTART_UNTIL_FLIP,close_small_loss_warehouse_large_loss,reset_2,4844,3747.56412,-3391.491683,0.972716,1.693717,-31.992951,-1334.052716,-8.843586,-71.25587,-3391.577044,AUDNZD,-3091.531328,F744F47A541348EAF0BF3749532534767368135E7405AE76B99DCCF913076013
PAIR_TWO_SIDED_GRID_TARGET_150_SPACING_020_RESTART_UNTIL_FLIP__FLIP_CLOSE_SMALL_LOSS_WAREHOUSE_GT3ADR,flip_counterfactual,PAIR_TWO_SIDED_GRID_TARGET_150_SPACING_020_RESTART_UNTIL_FLIP,close_small_loss_warehouse_large_loss,reset_3,3163,1999.571152,-176.080223,0.965758,1.695958,-29.317736,-1192.266662,-7.771757,-68.176108,-176.525211,EURJPY,-1199.272373,BB6003CEF2EB897E4FE80E59A002F3A92E460338D35190862160C453BC93C96D
PAIR_TWO_SIDED_GRID_TARGET_150_SPACING_020_RESTART_UNTIL_FLIP__FLIP_CLOSE_SMALL_LOSS_WAREHOUSE_GT3ADR,flip_counterfactual,PAIR_TWO_SIDED_GRID_TARGET_150_SPACING_020_RESTART_UNTIL_FLIP,close_small_loss_warehouse_large_loss,reset_4,1835,1718.795643,-5.787877,0.964558,1.774614,-21.853802,-298.440282,-8.993569,-28.470486,-5.787877,USDCAD,-298.440282,809DFEBF95FE68BFC847276843DD4A49314E6E2FA951283A28CF3537E99E09C8
PAIR_TWO_SIDED_GRID_TARGET_150_SPACING_020_RESTART_UNTIL_FLIP__FLIP_CLOSE_SMALL_LOSS_WAREHOUSE_GT3ADR,flip_counterfactual,PAIR_TWO_SIDED_GRID_TARGET_150_SPACING_020_RESTART_UNTIL_FLIP,close_small_loss_warehouse_large_loss,reset_5,1002,1371.558055,-162.266396,0.96493,1.780569,-9.803716,-74.035577,-7.547259,-30.946468,-162.266396,USDCAD,-131.186174,9811E613E0D9323C7043C459468BDA2452290AF28B27D45830FCBABDBF3947B6
PAIR_TWO_SIDED_GRID_TARGET_150_SPACING_020_RESTART_UNTIL_FLIP__FLIP_CLOSE_SMALL_LOSS_WAREHOUSE_GT3ADR,flip_counterfactual,PAIR_TWO_SIDED_GRID_TARGET_150_SPACING_020_RESTART_UNTIL_FLIP,close_small_loss_warehouse_large_loss,reset_6,573,453.110983,0,0.965096,1.902805,-29.957002,-264.292826,-8.044169,-7.052341,0,AUDCHF,-264.292826,25B486B5E2193CE6B760726B408DE0C47A710D37243D0CE109811583E7E1A35D
PAIR_TWO_SIDED_GRID_TARGET_150_SPACING_020_RESTART_UNTIL_FLIP__FLIP_CLOSE_SMALL_LOSS_WAREHOUSE_GT3ADR,flip_counterfactual,PAIR_TWO_SIDED_GRID_TARGET_150_SPACING_020_RESTART_UNTIL_FLIP,close_small_loss_warehouse_large_loss,reset_7,324,242.355038,0,0.959877,1.806498,-24.574294,-115.630535,-7.82215,-5.92081,0,GBPCHF,-115.630535,A730D00A6A6B2D654B9DCF23B7884A26EFA303D32730777E579F4CDE0AB24F08
PAIR_TWO_SIDED_GRID_TARGET_150_SPACING_020_RESTART_UNTIL_FLIP__FLIP_CLOSE_SMALL_LOSS_WAREHOUSE_GT3ADR,flip_counterfactual,PAIR_TWO_SIDED_GRID_TARGET_150_SPACING_020_RESTART_UNTIL_FLIP,close_small_loss_warehouse_large_loss,reset_8,197,327.007153,0,0.969543,2.015155,-9.647921,-47.886669,-7.590487,-10.00086,0,AUDUSD,-47.886669,B44745D9BA1C0D347902964DEFC1D1BD114EEF381618E4E53333155502BB1724
PAIR_TWO_SIDED_GRID_TARGET_150_SPACING_020_RESTART_UNTIL_FLIP__FLIP_CLOSE_SMALL_LOSS_WAREHOUSE_GT3ADR,flip_counterfactual,PAIR_TWO_SIDED_GRID_TARGET_150_SPACING_020_RESTART_UNTIL_FLIP,close_small_loss_warehouse_large_loss,reset_9,126,190.065243,0,0.984127,1.780328,-15.34774,-30.408581,-8.840771,-0.286898,0,GBPCAD,-30.408581,EE81792020657671370A6B7289111EFC6EB7F4399DFCAEE523A822206BF4CA0D
PAIR_TWO_SIDED_GRID_TARGET_150_SPACING_020_RESTART_UNTIL_FLIP__FLIP_CLOSE_SMALL_LOSS_WAREHOUSE_GT3ADR,flip_counterfactual,PAIR_TWO_SIDED_GRID_TARGET_150_SPACING_020_RESTART_UNTIL_FLIP,close_small_loss_warehouse_large_loss,reset_10,82,200.968565,0,1,2.450836,,0,-6.050362,0,0,AUDCAD,0,781E5D7BBBE12B1098E58721C39CD3DBDE6BF1F88C8E0C79B80F008540F2653C
PAIR_TWO_SIDED_GRID_TARGET_150_SPACING_020_RESTART_UNTIL_FLIP__FLIP_CLOSE_SMALL_LOSS_WAREHOUSE_GT3ADR,flip_counterfactual,PAIR_TWO_SIDED_GRID_TARGET_150_SPACING_020_RESTART_UNTIL_FLIP,close_small_loss_warehouse_large_loss,reset_11,49,99.900101,-1950.296503,0.979167,2.165369,-1.872239,-1.872239,-96.13744,-1.872239,-1950.296503,AUDJPY,-1950.296503,E61CC646ED2F0FFB935720BC34A24EA42AC6843FB03096A294D78735376E4C34
PAIR_TWO_SIDED_GRID_TARGET_150_SPACING_020_RESTART_UNTIL_FLIP__FLIP_CLOSE_SMALL_LOSS_WAREHOUSE_GT3ADR,flip_counterfactual,PAIR_TWO_SIDED_GRID_TARGET_150_SPACING_020_RESTART_UNTIL_FLIP,close_small_loss_warehouse_large_loss,reset_12,31,56.30373,0,1,1.816249,,0,-9.516396,0,0,AUDCAD,0,23B79A8CA0A56A9429CE3256E789E60873DFEBF86FD2121F045F34136D6D8DBA
PAIR_TWO_SIDED_GRID_TARGET_150_SPACING_020_RESTART_UNTIL_FLIP__FLIP_CLOSE_SMALL_LOSS_WAREHOUSE_GT3ADR,flip_counterfactual,PAIR_TWO_SIDED_GRID_TARGET_150_SPACING_020_RESTART_UNTIL_FLIP,close_small_loss_warehouse_large_loss,reset_13,19,42.264382,0,1,2.224441,,0,-1.308152,0,0,AUDCAD,0,9A91CF7813F917EB79219B20F8EA1F6EEF5C89DC9D85270C59C6D4FB54463F6B
PAIR_TWO_SIDED_GRID_TARGET_150_SPACING_020_RESTART_UNTIL_FLIP__FLIP_CLOSE_SMALL_LOSS_WAREHOUSE_GT3ADR,flip_counterfactual,PAIR_TWO_SIDED_GRID_TARGET_150_SPACING_020_RESTART_UNTIL_FLIP,close_small_loss_warehouse_large_loss,reset_14,14,30.26718,0,1,2.161941,,0,-3.186258,0,0,AUDCAD,0,987CADD08EF440FD657A2EB5D63AD15CB02D462FBE5A7B2D6A58F6CB928D47A6
PAIR_TWO_SIDED_GRID_TARGET_150_SPACING_020_RESTART_UNTIL_FLIP__FLIP_CLOSE_SMALL_LOSS_WAREHOUSE_GT3ADR,flip_counterfactual,PAIR_TWO_SIDED_GRID_TARGET_150_SPACING_020_RESTART_UNTIL_FLIP,close_small_loss_warehouse_large_loss,reset_15,10,21.570871,0,1,2.157087,,0,-3.746452,0,0,AUDCAD,0,98D4F7B4B42AEF0137751E055D4DB342D3374A5FA984BEF1143BE9163451AB42
PAIR_TWO_SIDED_GRID_TARGET_150_SPACING_020_RESTART_UNTIL_FLIP__FLIP_CLOSE_SMALL_LOSS_WAREHOUSE_GT3ADR,flip_counterfactual,PAIR_TWO_SIDED_GRID_TARGET_150_SPACING_020_RESTART_UNTIL_FLIP,close_small_loss_warehouse_large_loss,reset_16,5,28.598295,0,1,5.719659,,0,-0.43135,0,0,AUDCAD,0,421DCC188D1FF570F838665BD21DF1CF7A89CBC4A934D46CF63103447562226C
PAIR_TWO_SIDED_GRID_TARGET_150_SPACING_020_RESTART_UNTIL_FLIP__FLIP_CLOSE_SMALL_LOSS_WAREHOUSE_GT3ADR,flip_counterfactual,PAIR_TWO_SIDED_GRID_TARGET_150_SPACING_020_RESTART_UNTIL_FLIP,close_small_loss_warehouse_large_loss,reset_17,3,14.394407,0,1,4.798136,,0,-23.481376,0,0,AUDCAD,0,0F08B0562EA1504C58BFCAA826C73607DDB3AACDC2216B95A132852711C63C8E
PAIR_TWO_SIDED_GRID_TARGET_150_SPACING_020_RESTART_UNTIL_FLIP__FLIP_CLOSE_SMALL_LOSS_WAREHOUSE_GT3ADR,flip_counterfactual,PAIR_TWO_SIDED_GRID_TARGET_150_SPACING_020_RESTART_UNTIL_FLIP,close_small_loss_warehouse_large_loss,reset_18,1,1.615575,0,1,1.615575,,0,-1.385784,0,0,AUDCHF,0,AE0172BF91D3C06D77498FC1C1D61CF8899C0136DF4EED78A4C25ECF8F68AAA0
PAIR_TWO_SIDED_GRID_TARGET_150_SPACING_020_RESTART_UNTIL_FLIP__FLIP_CLOSE_SMALL_LOSS_WAREHOUSE_GT3ADR,flip_counterfactual,PAIR_TWO_SIDED_GRID_TARGET_150_SPACING_020_RESTART_UNTIL_FLIP,close_small_loss_warehouse_large_loss,reset_19,1,14.494172,0,1,14.494172,,0,-2.765901,0,0,AUDCHF,0,E6CCD8ACC456B10FD9207A69A5DA072E844D6B574B30BC52DB4D8447994DD9B4
PAIR_TWO_SIDED_GRID_TARGET_150_SPACING_020_RESTART_UNTIL_FLIP__NO_FLIP_FORCE_DIAGNOSTIC,flip_counterfactual,PAIR_TWO_SIDED_GRID_TARGET_150_SPACING_020_RESTART_UNTIL_FLIP,no_flip_force_no_new_fills,initial_cycle,930,1504.542862,-943.143474,1,1.621275,,0,-8.474886,0,-943.143474,CHFJPY,-820.774368,ED63B43B73DB7F8602830F47FE8CCDACCE56E0FA4C44A64FC8E7ABD6EB1BD74D
PAIR_TWO_SIDED_GRID_TARGET_150_SPACING_020_RESTART_UNTIL_FLIP__NO_FLIP_FORCE_DIAGNOSTIC,flip_counterfactual,PAIR_TWO_SIDED_GRID_TARGET_150_SPACING_020_RESTART_UNTIL_FLIP,no_flip_force_no_new_fills,reset_1,6424,10537.174091,-5353.086016,1,1.644635,,0,-8.466715,0,-5354.175081,AUDCAD,-1102.365414,B5139010664890865F02886AC9280E8DD70976939C3685EB2868349EB7ABF860
PAIR_TWO_SIDED_GRID_TARGET_150_SPACING_020_RESTART_UNTIL_FLIP__NO_FLIP_FORCE_DIAGNOSTIC,flip_counterfactual,PAIR_TWO_SIDED_GRID_TARGET_150_SPACING_020_RESTART_UNTIL_FLIP,no_flip_force_no_new_fills,reset_2,4844,7988.302356,-6490.236832,1,1.654578,,0,-9.952086,0,-6490.322193,AUDNZD,-3088.881635,8B580FB31E0261A9B5E1B3052306CF95AC9B872BE073F8CA3026615C78310243
PAIR_TWO_SIDED_GRID_TARGET_150_SPACING_020_RESTART_UNTIL_FLIP__NO_FLIP_FORCE_DIAGNOSTIC,flip_counterfactual,PAIR_TWO_SIDED_GRID_TARGET_150_SPACING_020_RESTART_UNTIL_FLIP,no_flip_force_no_new_fills,reset_3,3163,5193.864821,-1911.435126,1,1.650418,,0,-9.322104,0,-1911.880114,EURJPY,-1045.134232,9D5059B243FE240AB1B82E9991B80820CBA4C45835836567A4164CE5A11C948D
PAIR_TWO_SIDED_GRID_TARGET_150_SPACING_020_RESTART_UNTIL_FLIP__NO_FLIP_FORCE_DIAGNOSTIC,flip_counterfactual,PAIR_TWO_SIDED_GRID_TARGET_150_SPACING_020_RESTART_UNTIL_FLIP,no_flip_force_no_new_fills,reset_4,1835,3148.601483,-1253.840434,1,1.721488,,0,-10.265447,0,-1253.840434,AUDJPY,-450.827952,5D6AEBAE7F658AC6DD7A12F7C82BF2E2BD747E6BCC5386F59828341816794DA7
PAIR_TWO_SIDED_GRID_TARGET_150_SPACING_020_RESTART_UNTIL_FLIP__NO_FLIP_FORCE_DIAGNOSTIC,flip_counterfactual,PAIR_TWO_SIDED_GRID_TARGET_150_SPACING_020_RESTART_UNTIL_FLIP,no_flip_force_no_new_fills,reset_5,1002,1719.353596,-631.673022,1,1.727994,,0,-8.556295,0,-631.673022,NZDUSD,-211.96427,75B4F1E2B368E021455AB430A4FA2E03217A381C418030BC6ACC8656973C034F
PAIR_TWO_SIDED_GRID_TARGET_150_SPACING_020_RESTART_UNTIL_FLIP__NO_FLIP_FORCE_DIAGNOSTIC,flip_counterfactual,PAIR_TWO_SIDED_GRID_TARGET_150_SPACING_020_RESTART_UNTIL_FLIP,no_flip_force_no_new_fills,reset_6,573,1055.231997,-388.247126,1,1.844811,,0,-10.070808,0,-388.247126,AUDCHF,-388.247126,19722FF897560271FD999A1B4206DC9E0CC7B6DDEEC151AA7A2EB874EDC9C6C6
PAIR_TWO_SIDED_GRID_TARGET_150_SPACING_020_RESTART_UNTIL_FLIP__NO_FLIP_FORCE_DIAGNOSTIC,flip_counterfactual,PAIR_TWO_SIDED_GRID_TARGET_150_SPACING_020_RESTART_UNTIL_FLIP,no_flip_force_no_new_fills,reset_7,324,569.768292,-110.807847,1,1.763989,,0,-11.382346,0,-110.807847,EURUSD,-110.807847,002F1CD15488D2E302916184DFBF5DCFE6EF6C82C00204D586031D8230056FDB
PAIR_TWO_SIDED_GRID_TARGET_150_SPACING_020_RESTART_UNTIL_FLIP__NO_FLIP_FORCE_DIAGNOSTIC,flip_counterfactual,PAIR_TWO_SIDED_GRID_TARGET_150_SPACING_020_RESTART_UNTIL_FLIP,no_flip_force_no_new_fills,reset_8,197,385.594585,0,1,1.957333,,0,-7.944791,0,0,AUDCAD,0,4EA8E91DC4007460D5B96E61710847253490678455A0E219FEDC166FE950A57F
PAIR_TWO_SIDED_GRID_TARGET_150_SPACING_020_RESTART_UNTIL_FLIP__NO_FLIP_FORCE_DIAGNOSTIC,flip_counterfactual,PAIR_TWO_SIDED_GRID_TARGET_150_SPACING_020_RESTART_UNTIL_FLIP,no_flip_force_no_new_fills,reset_9,126,221.081838,0,1,1.754618,,0,-8.876227,0,0,AUDCAD,0,299C96079EB4A7D882A7E5F97DEB809EE17E59EB609B4588BDD5E99FE6835D4C
PAIR_TWO_SIDED_GRID_TARGET_150_SPACING_020_RESTART_UNTIL_FLIP__NO_FLIP_FORCE_DIAGNOSTIC,flip_counterfactual,PAIR_TWO_SIDED_GRID_TARGET_150_SPACING_020_RESTART_UNTIL_FLIP,no_flip_force_no_new_fills,reset_10,82,200.968565,0,1,2.450836,,0,-6.050362,0,0,AUDCAD,0,8B6D2AD20100AC9E7E4A287B5FCFD1EF0CB44A5DA47A449DA45BE82B7F5D20B8
PAIR_TWO_SIDED_GRID_TARGET_150_SPACING_020_RESTART_UNTIL_FLIP__NO_FLIP_FORCE_DIAGNOSTIC,flip_counterfactual,PAIR_TWO_SIDED_GRID_TARGET_150_SPACING_020_RESTART_UNTIL_FLIP,no_flip_force_no_new_fills,reset_11,49,101.929229,-1950.296503,1,2.123526,,0,-96.157984,0,-1950.296503,AUDJPY,-1950.296503,17F28D39E14FC6FBF4033350C6C270B0953A2EE7F31CAE6915EEA85D2EBACDC0
PAIR_TWO_SIDED_GRID_TARGET_150_SPACING_020_RESTART_UNTIL_FLIP__NO_FLIP_FORCE_DIAGNOSTIC,flip_counterfactual,PAIR_TWO_SIDED_GRID_TARGET_150_SPACING_020_RESTART_UNTIL_FLIP,no_flip_force_no_new_fills,reset_12,31,56.30373,0,1,1.816249,,0,-9.516396,0,0,AUDCAD,0,F82E81A8197CDA5BF729EDFB29492BB42EEED67E49CD6E282D1A8B3E9082DB06
PAIR_TWO_SIDED_GRID_TARGET_150_SPACING_020_RESTART_UNTIL_FLIP__NO_FLIP_FORCE_DIAGNOSTIC,flip_counterfactual,PAIR_TWO_SIDED_GRID_TARGET_150_SPACING_020_RESTART_UNTIL_FLIP,no_flip_force_no_new_fills,reset_13,19,42.264382,0,1,2.224441,,0,-1.308152,0,0,AUDCAD,0,E44225B9D14F6F5B7F702DF3B5AE377533BC9ED30FE27F9335849956633ACA0C
PAIR_TWO_SIDED_GRID_TARGET_150_SPACING_020_RESTART_UNTIL_FLIP__NO_FLIP_FORCE_DIAGNOSTIC,flip_counterfactual,PAIR_TWO_SIDED_GRID_TARGET_150_SPACING_020_RESTART_UNTIL_FLIP,no_flip_force_no_new_fills,reset_14,14,30.26718,0,1,2.161941,,0,-3.186258,0,0,AUDCAD,0,60F97533F622C0EFB460A74FE7133C7DD877898E8023DA3FDA7711AD5E8589C3
PAIR_TWO_SIDED_GRID_TARGET_150_SPACING_020_RESTART_UNTIL_FLIP__NO_FLIP_FORCE_DIAGNOSTIC,flip_counterfactual,PAIR_TWO_SIDED_GRID_TARGET_150_SPACING_020_RESTART_UNTIL_FLIP,no_flip_force_no_new_fills,reset_15,10,21.570871,0,1,2.157087,,0,-3.746452,0,0,AUDCAD,0,660144ADA9CCD192BF7881A223E2C0963557ED2FAA13B87978806257E75CDC06
PAIR_TWO_SIDED_GRID_TARGET_150_SPACING_020_RESTART_UNTIL_FLIP__NO_FLIP_FORCE_DIAGNOSTIC,flip_counterfactual,PAIR_TWO_SIDED_GRID_TARGET_150_SPACING_020_RESTART_UNTIL_FLIP,no_flip_force_no_new_fills,reset_16,5,28.598295,0,1,5.719659,,0,-0.43135,0,0,AUDCAD,0,C032A02518FE2C58531799B542CD1BBEE8A80474F6FF023BFA16FC1753732EC8
PAIR_TWO_SIDED_GRID_TARGET_150_SPACING_020_RESTART_UNTIL_FLIP__NO_FLIP_FORCE_DIAGNOSTIC,flip_counterfactual,PAIR_TWO_SIDED_GRID_TARGET_150_SPACING_020_RESTART_UNTIL_FLIP,no_flip_force_no_new_fills,reset_17,3,14.394407,0,1,4.798136,,0,-23.481376,0,0,AUDCAD,0,6090C8E2D850AB725E2424DEF7E2C64D82C8BB3B348EF6941E7A153796E8456E
PAIR_TWO_SIDED_GRID_TARGET_150_SPACING_020_RESTART_UNTIL_FLIP__NO_FLIP_FORCE_DIAGNOSTIC,flip_counterfactual,PAIR_TWO_SIDED_GRID_TARGET_150_SPACING_020_RESTART_UNTIL_FLIP,no_flip_force_no_new_fills,reset_18,1,1.615575,0,1,1.615575,,0,-1.385784,0,0,AUDCHF,0,4B6E802CE3D133730BFD86FB8C246A080854185254C01B9FC13F7A43B2AC1C22
PAIR_TWO_SIDED_GRID_TARGET_150_SPACING_020_RESTART_UNTIL_FLIP__NO_FLIP_FORCE_DIAGNOSTIC,flip_counterfactual,PAIR_TWO_SIDED_GRID_TARGET_150_SPACING_020_RESTART_UNTIL_FLIP,no_flip_force_no_new_fills,reset_19,1,14.494172,0,1,14.494172,,0,-2.765901,0,0,AUDCHF,0,3AD4C14995BC545B6D288FF295ABD224D13FB5F5ED7EDCE5693FA7F264875D56
PAIR_TWO_SIDED_GRID_T075_S020_STOP_AFTER_2_PAIR_RESETS_WEEK__FLIP_LOSER_WAREHOUSE,flip_counterfactual,PAIR_TWO_SIDED_GRID_T075_S020_STOP_AFTER_2_PAIR_RESETS_WEEK,warehouse_losing_flip_no_new_fills,initial_cycle,7866,4482.309949,-115.469376,0.993765,0.861011,-45.758935,-364.067975,-4.231313,0,-115.469376,AUDCAD,-364.067975,0DCC2089BE2AC0C2A1937CA7AFFEA56922D5A5FB8CEE662B1C40F100F0ACADC4
PAIR_TWO_SIDED_GRID_T075_S020_STOP_AFTER_2_PAIR_RESETS_WEEK__FLIP_LOSER_WAREHOUSE,flip_counterfactual,PAIR_TWO_SIDED_GRID_T075_S020_STOP_AFTER_2_PAIR_RESETS_WEEK,warehouse_losing_flip_no_new_fills,terminal_after_reset_2,7685,6557.212511,0,1,0.853248,,0,-1.554895,0,0,AUDCAD,0,BE275957D0DBFFA4B9B96B0FC374D48AA77407AC645CF7793C17E4CCBE5C8420
PAIR_TWO_SIDED_GRID_T075_S020_STOP_AFTER_2_PAIR_RESETS_WEEK__FLIP_LOSER_WAREHOUSE,flip_counterfactual,PAIR_TWO_SIDED_GRID_T075_S020_STOP_AFTER_2_PAIR_RESETS_WEEK,warehouse_losing_flip_no_new_fills,reset_1,905,-532.084917,-265.767147,0.946726,1.214188,-32.662233,-274.069031,-29.271154,0,-265.767147,AUDNZD,-485.487162,303CF325ED9F6C8F662D0431A61E5AF3B05D57DDEE3799AC01987B5545F025B1
PAIR_TWO_SIDED_GRID_T075_S020_STOP_AFTER_2_PAIR_RESETS_WEEK__FLIP_GRACE_1W,flip_counterfactual,PAIR_TWO_SIDED_GRID_T075_S020_STOP_AFTER_2_PAIR_RESETS_WEEK,grace_window_losing_flip_no_new_fills,initial_cycle,7866,5003.350805,-115.469376,0.99491,0.861071,-43.234144,-316.673731,-4.302427,0,-115.469376,AUDCHF,-340.067944,6455F9EEB90EF1B55A5FE1708C6455F07AD78F61D12C02BDB3808C176586DCF8
PAIR_TWO_SIDED_GRID_T075_S020_STOP_AFTER_2_PAIR_RESETS_WEEK__FLIP_GRACE_1W,flip_counterfactual,PAIR_TWO_SIDED_GRID_T075_S020_STOP_AFTER_2_PAIR_RESETS_WEEK,grace_window_losing_flip_no_new_fills,terminal_after_reset_2,7685,6557.212511,0,1,0.853248,,0,-1.554895,0,0,AUDCAD,0,2553F8248BA5560A2F2D6D42F0DDD3B435CE44BBE9812DC8180EEDEE2EDDE34B
PAIR_TWO_SIDED_GRID_T075_S020_STOP_AFTER_2_PAIR_RESETS_WEEK__FLIP_GRACE_1W,flip_counterfactual,PAIR_TWO_SIDED_GRID_T075_S020_STOP_AFTER_2_PAIR_RESETS_WEEK,grace_window_losing_flip_no_new_fills,reset_1,905,-552.93907,-265.767147,0.952275,1.20849,-36.972645,-221.70239,-29.891038,0,-265.767147,AUDNZD,-414.470491,27F152D49485F6C6BF1ABA8B21DC68EA391CF6814D7FF439AF501C8D50335013
PAIR_TWO_SIDED_GRID_T075_S020_STOP_AFTER_2_PAIR_RESETS_WEEK__FLIP_CLOSE_SMALL_LOSS_WAREHOUSE_GT3ADR,flip_counterfactual,PAIR_TWO_SIDED_GRID_T075_S020_STOP_AFTER_2_PAIR_RESETS_WEEK,close_small_loss_warehouse_large_loss,initial_cycle,7866,4472.584391,-115.469376,0.992874,0.861725,-40.204537,-364.067975,-4.230733,-9.266228,-115.469376,AUDCAD,-364.067975,9B29089CC9AE74C388CDB09EF99A48F5E09C47275DCEEC8DFE689F52D56051A9
PAIR_TWO_SIDED_GRID_T075_S020_STOP_AFTER_2_PAIR_RESETS_WEEK__FLIP_CLOSE_SMALL_LOSS_WAREHOUSE_GT3ADR,flip_counterfactual,PAIR_TWO_SIDED_GRID_T075_S020_STOP_AFTER_2_PAIR_RESETS_WEEK,close_small_loss_warehouse_large_loss,terminal_after_reset_2,7685,6557.212511,0,1,0.853248,,0,-1.554895,0,0,AUDCAD,0,B72D93A2C07E27F19B7BBF96EE209A50F98816B98D387E9C58BBF7AEFBAA1170
PAIR_TWO_SIDED_GRID_T075_S020_STOP_AFTER_2_PAIR_RESETS_WEEK__FLIP_CLOSE_SMALL_LOSS_WAREHOUSE_GT3ADR,flip_counterfactual,PAIR_TWO_SIDED_GRID_T075_S020_STOP_AFTER_2_PAIR_RESETS_WEEK,close_small_loss_warehouse_large_loss,reset_1,905,-537.135286,-265.767147,0.922309,1.242937,-22.428799,-274.069031,-29.22829,-32.760359,-265.767147,AUDNZD,-485.487162,E59920F33E6E769A1D195DC76DFDC0D70ACA281542A12CC374E3064AF08EE934
PAIR_TWO_SIDED_GRID_T075_S020_STOP_AFTER_2_PAIR_RESETS_WEEK__NO_FLIP_FORCE_DIAGNOSTIC,flip_counterfactual,PAIR_TWO_SIDED_GRID_T075_S020_STOP_AFTER_2_PAIR_RESETS_WEEK,no_flip_force_no_new_fills,initial_cycle,7866,6757.384265,-1649.21234,1,0.860265,,0,-4.803603,0,-1649.21234,AUDCAD,-666.100639,CB475E399EE0AC2AC7C8F9C934DB46AAE39EA4F3FD9AF4AFFD9E0F9F2FD07F0D
PAIR_TWO_SIDED_GRID_T075_S020_STOP_AFTER_2_PAIR_RESETS_WEEK__NO_FLIP_FORCE_DIAGNOSTIC,flip_counterfactual,PAIR_TWO_SIDED_GRID_T075_S020_STOP_AFTER_2_PAIR_RESETS_WEEK,no_flip_force_no_new_fills,terminal_after_reset_2,7685,6557.212511,0,1,0.853248,,0,-1.554895,0,0,AUDCAD,0,E40752D51767C8F6F183D2BA7BF4DE598A1D9221A9BF61B36E90B5C418AFC73D
PAIR_TWO_SIDED_GRID_T075_S020_STOP_AFTER_2_PAIR_RESETS_WEEK__NO_FLIP_FORCE_DIAGNOSTIC,flip_counterfactual,PAIR_TWO_SIDED_GRID_T075_S020_STOP_AFTER_2_PAIR_RESETS_WEEK,no_flip_force_no_new_fills,reset_1,905,1057.629661,-2509.928838,1,1.179074,,0,-34.621511,0,-2509.928838,AUDNZD,-1151.91636,669C4FF3ADB17F3BA5108DFB1ECC4A7227A245F614B4B67F44F27564B81823A1
PAIR_TWO_SIDED_GRID_T075_S020_STOP_AFTER_3_PAIR_RESETS_WEEK__FLIP_LOSER_WAREHOUSE,flip_counterfactual,PAIR_TWO_SIDED_GRID_T075_S020_STOP_AFTER_3_PAIR_RESETS_WEEK,warehouse_losing_flip_no_new_fills,initial_cycle,6489,3584.167107,-96.517326,0.993522,0.862537,-46.93883,-364.067975,-4.415492,0,-96.517326,AUDCAD,-364.067975,2A8F8A3789A5C25C21D44E9F6B79A66EC8A1F99B8BEC4E936B1AA68AFC6956BC
PAIR_TWO_SIDED_GRID_T075_S020_STOP_AFTER_3_PAIR_RESETS_WEEK__FLIP_LOSER_WAREHOUSE,flip_counterfactual,PAIR_TWO_SIDED_GRID_T075_S020_STOP_AFTER_3_PAIR_RESETS_WEEK,warehouse_losing_flip_no_new_fills,reset_1,8201,5610.908454,-119.13396,0.993901,0.885867,-32.142659,-274.069031,-4.557557,0,-119.13396,AUDNZD,-338.853975,6AFBAD5E967C8E78C863EE502E222302AE819679E938225DF5803096B5522EC0
PAIR_TWO_SIDED_GRID_T075_S020_STOP_AFTER_3_PAIR_RESETS_WEEK__FLIP_LOSER_WAREHOUSE,flip_counterfactual,PAIR_TWO_SIDED_GRID_T075_S020_STOP_AFTER_3_PAIR_RESETS_WEEK,warehouse_losing_flip_no_new_fills,terminal_after_reset_3,6165,5272.805365,0,1,0.855281,,0,-1.409455,0,0,AUDCAD,0,A1C1AC84F6910445990338A7170A9607447B509EBCCA05F74D9DD6C969491172
PAIR_TWO_SIDED_GRID_T075_S020_STOP_AFTER_3_PAIR_RESETS_WEEK__FLIP_LOSER_WAREHOUSE,flip_counterfactual,PAIR_TWO_SIDED_GRID_T075_S020_STOP_AFTER_3_PAIR_RESETS_WEEK,warehouse_losing_flip_no_new_fills,reset_2,1127,-439.019723,-2092.568746,0.952805,1.055058,-29.583616,-129.787973,-20.510747,0,-2092.632803,AUDNZD,-2073.550175,34101EDA512023763628FC13EC1121780333B01B60FA154DCF8F008448B256C2
PAIR_TWO_SIDED_GRID_T075_S020_STOP_AFTER_3_PAIR_RESETS_WEEK__FLIP_GRACE_1W,flip_counterfactual,PAIR_TWO_SIDED_GRID_T075_S020_STOP_AFTER_3_PAIR_RESETS_WEEK,grace_window_losing_flip_no_new_fills,initial_cycle,6489,4136.266553,-96.517326,0.994756,0.862713,-41.981436,-316.673731,-4.497127,0,-96.517326,AUDCHF,-316.673731,C84222641C8264492240F263A1F8137613D6A047B94AB032B61F8E6D8B28DAB2
PAIR_TWO_SIDED_GRID_T075_S020_STOP_AFTER_3_PAIR_RESETS_WEEK__FLIP_GRACE_1W,flip_counterfactual,PAIR_TWO_SIDED_GRID_T075_S020_STOP_AFTER_3_PAIR_RESETS_WEEK,grace_window_losing_flip_no_new_fills,reset_1,8201,5547.531219,-119.13396,0.994511,0.885415,-37.139117,-221.70239,-4.63427,0,-119.13396,AUDNZD,-267.837304,F3177AC2ABED738266C1012DA2FD69525DA4D263856122F388D1E4E19AF06B0D
PAIR_TWO_SIDED_GRID_T075_S020_STOP_AFTER_3_PAIR_RESETS_WEEK__FLIP_GRACE_1W,flip_counterfactual,PAIR_TWO_SIDED_GRID_T075_S020_STOP_AFTER_3_PAIR_RESETS_WEEK,grace_window_losing_flip_no_new_fills,terminal_after_reset_3,6165,5272.805365,0,1,0.855281,,0,-1.409455,0,0,AUDCAD,0,AF9047DBDA56B5FBA860C4C3B866611B2ABCE035A61544C62BFB83FB6D6B546B
PAIR_TWO_SIDED_GRID_T075_S020_STOP_AFTER_3_PAIR_RESETS_WEEK__FLIP_GRACE_1W,flip_counterfactual,PAIR_TWO_SIDED_GRID_T075_S020_STOP_AFTER_3_PAIR_RESETS_WEEK,grace_window_losing_flip_no_new_fills,reset_2,1127,-732.31559,-2092.568746,0.956367,1.052144,-38.0065,-313.82614,-21.085825,0,-2092.632803,AUDNZD,-2073.550175,43D6C96FC57A7AEAA335AE839BC44090E464BFEF8F8480F0C6DDCD5C498905B4
PAIR_TWO_SIDED_GRID_T075_S020_STOP_AFTER_3_PAIR_RESETS_WEEK__FLIP_CLOSE_SMALL_LOSS_WAREHOUSE_GT3ADR,flip_counterfactual,PAIR_TWO_SIDED_GRID_T075_S020_STOP_AFTER_3_PAIR_RESETS_WEEK,close_small_loss_warehouse_large_loss,initial_cycle,6489,3578.268594,-96.517326,0.99275,0.863153,-42.063542,-364.067975,-4.414885,-5.555592,-96.517326,AUDCAD,-364.067975,5E935E2AE824747EAD6502C6057D88225BFAF068AD4C3565C4054A75C745942A
PAIR_TWO_SIDED_GRID_T075_S020_STOP_AFTER_3_PAIR_RESETS_WEEK__FLIP_CLOSE_SMALL_LOSS_WAREHOUSE_GT3ADR,flip_counterfactual,PAIR_TWO_SIDED_GRID_T075_S020_STOP_AFTER_3_PAIR_RESETS_WEEK,close_small_loss_warehouse_large_loss,reset_1,8201,5592.899417,-119.13396,0.991095,0.888005,-22.221137,-274.069031,-4.55286,-30.104905,-119.13396,AUDNZD,-338.853975,18BC2351698C91A4405632CCFAE0A9A2A6F97922EF6C7A4E794CF2C13C69A380
PAIR_TWO_SIDED_GRID_T075_S020_STOP_AFTER_3_PAIR_RESETS_WEEK__FLIP_CLOSE_SMALL_LOSS_WAREHOUSE_GT3ADR,flip_counterfactual,PAIR_TWO_SIDED_GRID_T075_S020_STOP_AFTER_3_PAIR_RESETS_WEEK,close_small_loss_warehouse_large_loss,terminal_after_reset_3,6165,5272.805365,0,1,0.855281,,0,-1.409455,0,0,AUDCAD,0,6ACA4267EE233CAEAD11089FB16308444588E3F1BC26BB3EBD80DF698FD20699
PAIR_TWO_SIDED_GRID_T075_S020_STOP_AFTER_3_PAIR_RESETS_WEEK__FLIP_CLOSE_SMALL_LOSS_WAREHOUSE_GT3ADR,flip_counterfactual,PAIR_TWO_SIDED_GRID_T075_S020_STOP_AFTER_3_PAIR_RESETS_WEEK,close_small_loss_warehouse_large_loss,reset_2,1127,-422.754435,-2092.568746,0.912734,1.099075,-15.809247,-129.787973,-20.439794,-48.358199,-2092.632803,AUDNZD,-2074.27029,209822847BD1734A0F1B1BBD1C2DF52F59A0AFF159284EE6A380DFB098C9DBE9
PAIR_TWO_SIDED_GRID_T075_S020_STOP_AFTER_3_PAIR_RESETS_WEEK__NO_FLIP_FORCE_DIAGNOSTIC,flip_counterfactual,PAIR_TWO_SIDED_GRID_T075_S020_STOP_AFTER_3_PAIR_RESETS_WEEK,no_flip_force_no_new_fills,initial_cycle,6489,5584.576737,-1630.26029,1,0.86195,,0,-5.068776,0,-1630.26029,AUDCAD,-666.100639,52501C3355C273416A9AEC70BD5A9AACAA3B98B8D12F9E7275FF8CFE3934BA5C
PAIR_TWO_SIDED_GRID_T075_S020_STOP_AFTER_3_PAIR_RESETS_WEEK__NO_FLIP_FORCE_DIAGNOSTIC,flip_counterfactual,PAIR_TWO_SIDED_GRID_T075_S020_STOP_AFTER_3_PAIR_RESETS_WEEK,no_flip_force_no_new_fills,reset_1,8201,7239.496819,-2700.128619,1,0.88362,,0,-5.192335,0,-2700.128619,AUDNZD,-1005.283173,3439E9591039F6D22B3168A87669D799364040CBB921B963793AC597A582072D
PAIR_TWO_SIDED_GRID_T075_S020_STOP_AFTER_3_PAIR_RESETS_WEEK__NO_FLIP_FORCE_DIAGNOSTIC,flip_counterfactual,PAIR_TWO_SIDED_GRID_T075_S020_STOP_AFTER_3_PAIR_RESETS_WEEK,no_flip_force_no_new_fills,terminal_after_reset_3,6165,5272.805365,0,1,0.855281,,0,-1.409455,0,0,AUDCAD,0,728BC8F866E42831736A4ADC1FF58B00D6D6F03996C68D5B7937EAA64E8B6CB1
PAIR_TWO_SIDED_GRID_T075_S020_STOP_AFTER_3_PAIR_RESETS_WEEK__NO_FLIP_FORCE_DIAGNOSTIC,flip_counterfactual,PAIR_TWO_SIDED_GRID_T075_S020_STOP_AFTER_3_PAIR_RESETS_WEEK,no_flip_force_no_new_fills,reset_2,1127,1142.60704,-3014.206184,1,1.02201,,0,-23.099451,0,-3014.270241,AUDNZD,-2073.550175,A3736323D99A302CF5BFF927FD151C527B41723A0CCC6037D5642E6C0A63A902
PAIR_TWO_SIDED_GRID_T100_S020_STOP_AFTER_3_PAIR_RESETS_WEEK__FLIP_LOSER_WAREHOUSE,flip_counterfactual,PAIR_TWO_SIDED_GRID_T100_S020_STOP_AFTER_3_PAIR_RESETS_WEEK,warehouse_losing_flip_no_new_fills,initial_cycle,5491,4566.632715,-119.230587,0.991796,1.130389,-35.170789,-280.959535,-6.01561,0,-119.230587,AUDCHF,-304.445561,8FC8E493772D0CF0874EDFE4E12D43DBF0581931EF72E3AA402062D0C6DEBB8A
PAIR_TWO_SIDED_GRID_T100_S020_STOP_AFTER_3_PAIR_RESETS_WEEK__FLIP_LOSER_WAREHOUSE,flip_counterfactual,PAIR_TWO_SIDED_GRID_T100_S020_STOP_AFTER_3_PAIR_RESETS_WEEK,warehouse_losing_flip_no_new_fills,reset_1,7765,6445.293548,-2170.871112,0.992526,1.146283,-41.092775,-631.409219,-5.484328,0,-2171.096516,AUDNZD,-2421.911059,636E3F1551A28F7A6B79560EBA65F23A8DFA4B71CE601D107382CE062B84AA25
PAIR_TWO_SIDED_GRID_T100_S020_STOP_AFTER_3_PAIR_RESETS_WEEK__FLIP_LOSER_WAREHOUSE,flip_counterfactual,PAIR_TWO_SIDED_GRID_T100_S020_STOP_AFTER_3_PAIR_RESETS_WEEK,warehouse_losing_flip_no_new_fills,terminal_after_reset_3,5070,5698.938595,0,1,1.124051,,0,-1.594666,0,0,AUDCAD,0,D4E60A037568FE64D80E45DA9398CF204389DD00D5850FAEFF6681A85AB2F612
PAIR_TWO_SIDED_GRID_T100_S020_STOP_AFTER_3_PAIR_RESETS_WEEK__FLIP_LOSER_WAREHOUSE,flip_counterfactual,PAIR_TWO_SIDED_GRID_T100_S020_STOP_AFTER_3_PAIR_RESETS_WEEK,warehouse_losing_flip_no_new_fills,reset_2,1462,-517.211165,-60.982812,0.955983,1.269506,-35.653505,-223.680913,-18.056086,0,-60.982812,USDCAD,-346.713015,0CEF9D3BAC8CA408D504E5A939F78FB5FD56B9860D1065C546D8E420F1F4D8E2
PAIR_TWO_SIDED_GRID_T100_S020_STOP_AFTER_3_PAIR_RESETS_WEEK__FLIP_GRACE_1W,flip_counterfactual,PAIR_TWO_SIDED_GRID_T100_S020_STOP_AFTER_3_PAIR_RESETS_WEEK,grace_window_losing_flip_no_new_fills,initial_cycle,5491,4811.416261,-119.230587,0.993801,1.129734,-39.610779,-316.673731,-6.113274,0,-119.230587,AUDCHF,-316.673731,AF6BD537DB4D8663D9A21DB022504CC35096DD447109F4D1701B968CC68846DF
PAIR_TWO_SIDED_GRID_T100_S020_STOP_AFTER_3_PAIR_RESETS_WEEK__FLIP_GRACE_1W,flip_counterfactual,PAIR_TWO_SIDED_GRID_T100_S020_STOP_AFTER_3_PAIR_RESETS_WEEK,grace_window_losing_flip_no_new_fills,reset_1,7765,7056.647432,-2170.871112,0.99317,1.146427,-33.563444,-216.249393,-5.560233,0,-2171.096516,AUDNZD,-2338.408735,0083D3D6C0C0F7FDC6A0B993EA96155316554C785DC9ECF4D17D71AD22015E62
PAIR_TWO_SIDED_GRID_T100_S020_STOP_AFTER_3_PAIR_RESETS_WEEK__FLIP_GRACE_1W,flip_counterfactual,PAIR_TWO_SIDED_GRID_T100_S020_STOP_AFTER_3_PAIR_RESETS_WEEK,grace_window_losing_flip_no_new_fills,terminal_after_reset_3,5070,5698.938595,0,1,1.124051,,0,-1.594666,0,0,AUDCAD,0,094E62D794BA48038EC4C9D94CA02C36657E354960058BE10C9DA1AABC0E79F9
PAIR_TWO_SIDED_GRID_T100_S020_STOP_AFTER_3_PAIR_RESETS_WEEK__FLIP_GRACE_1W,flip_counterfactual,PAIR_TWO_SIDED_GRID_T100_S020_STOP_AFTER_3_PAIR_RESETS_WEEK,grace_window_losing_flip_no_new_fills,reset_2,1462,-1055.394427,-60.982812,0.958047,1.269241,-46.286012,-411.29657,-18.75444,0,-60.982812,AUDUSD,-439.378373,306D70560481CFE08DBE760D8B1B042F683D7734FA453482578EFC2012E70000
PAIR_TWO_SIDED_GRID_T100_S020_STOP_AFTER_3_PAIR_RESETS_WEEK__FLIP_CLOSE_SMALL_LOSS_WAREHOUSE_GT3ADR,flip_counterfactual,PAIR_TWO_SIDED_GRID_T100_S020_STOP_AFTER_3_PAIR_RESETS_WEEK,close_small_loss_warehouse_large_loss,initial_cycle,5491,4552.041273,-119.230587,0.990155,1.132111,-29.563949,-280.959535,-6.01474,-13.767742,-119.230587,AUDCHF,-304.445561,19012FBB23FB8D94AB561C8D6C3B57FD6621883AC6E3E1E5DD21EC7D78E54441
PAIR_TWO_SIDED_GRID_T100_S020_STOP_AFTER_3_PAIR_RESETS_WEEK__FLIP_CLOSE_SMALL_LOSS_WAREHOUSE_GT3ADR,flip_counterfactual,PAIR_TWO_SIDED_GRID_T100_S020_STOP_AFTER_3_PAIR_RESETS_WEEK,close_small_loss_warehouse_large_loss,reset_1,7765,6413.840283,-2170.871112,0.987758,1.151483,-25.392368,-631.409219,-5.473617,-43.921253,-2171.096516,AUDNZD,-2424.265975,B7EE91A1DFDE20A6A37EFA138E211882651DEF9EB9C6AFC7FC0023D2784856ED
PAIR_TWO_SIDED_GRID_T100_S020_STOP_AFTER_3_PAIR_RESETS_WEEK__FLIP_CLOSE_SMALL_LOSS_WAREHOUSE_GT3ADR,flip_counterfactual,PAIR_TWO_SIDED_GRID_T100_S020_STOP_AFTER_3_PAIR_RESETS_WEEK,close_small_loss_warehouse_large_loss,terminal_after_reset_3,5070,5698.938595,0,1,1.124051,,0,-1.594666,0,0,AUDCAD,0,EF38461D790DDD5EC0B2A5F7AB60D502CEF2AF5332818E02D9F232D63F243B1C
PAIR_TWO_SIDED_GRID_T100_S020_STOP_AFTER_3_PAIR_RESETS_WEEK__FLIP_CLOSE_SMALL_LOSS_WAREHOUSE_GT3ADR,flip_counterfactual,PAIR_TWO_SIDED_GRID_T100_S020_STOP_AFTER_3_PAIR_RESETS_WEEK,close_small_loss_warehouse_large_loss,reset_2,1462,-535.862423,-60.982812,0.908528,1.332056,-17.259459,-223.680913,-17.979409,-80.541162,-60.982812,USDCAD,-349.804415,B130AB08EC5CC7DD80C515E3B31F4A088B445CA30DDDAC20DF28FB16013C9F02
PAIR_TWO_SIDED_GRID_T100_S020_STOP_AFTER_3_PAIR_RESETS_WEEK__NO_FLIP_FORCE_DIAGNOSTIC,flip_counterfactual,PAIR_TWO_SIDED_GRID_T100_S020_STOP_AFTER_3_PAIR_RESETS_WEEK,no_flip_force_no_new_fills,initial_cycle,5491,6177.855544,-1109.242018,1,1.12714,,0,-6.603502,0,-1109.242018,AUDCHF,-411.251647,4CCC959E713A3CFD64AD34A1ADC04BCF6338F292E61AAB88EB4694E75E8E53E6
PAIR_TWO_SIDED_GRID_T100_S020_STOP_AFTER_3_PAIR_RESETS_WEEK__NO_FLIP_FORCE_DIAGNOSTIC,flip_counterfactual,PAIR_TWO_SIDED_GRID_T100_S020_STOP_AFTER_3_PAIR_RESETS_WEEK,no_flip_force_no_new_fills,reset_1,7765,8854.438676,-6050.352574,1,1.141919,,0,-6.153749,0,-6050.577978,AUDNZD,-3079.861844,7483CDCDDA112236B5032E3A9D97CC0A050C2AA037AC223FCDBC4D62FF3FD69F
PAIR_TWO_SIDED_GRID_T100_S020_STOP_AFTER_3_PAIR_RESETS_WEEK__NO_FLIP_FORCE_DIAGNOSTIC,flip_counterfactual,PAIR_TWO_SIDED_GRID_T100_S020_STOP_AFTER_3_PAIR_RESETS_WEEK,no_flip_force_no_new_fills,terminal_after_reset_3,5070,5698.938595,0,1,1.124051,,0,-1.594666,0,0,AUDCAD,0,B05D931D445F3CDE476959A77A3590A09ABD80E5AC7EC79BE4DF77EEF18144C5
PAIR_TWO_SIDED_GRID_T100_S020_STOP_AFTER_3_PAIR_RESETS_WEEK__NO_FLIP_FORCE_DIAGNOSTIC,flip_counterfactual,PAIR_TWO_SIDED_GRID_T100_S020_STOP_AFTER_3_PAIR_RESETS_WEEK,no_flip_force_no_new_fills,reset_2,1462,1798.42293,-549.133875,1,1.239437,,0,-22.06814,0,-549.133875,USDCAD,-306.190775,94398E0E23D19C3AAFB8FA454F4734908A48D83C3FF5BC7E90557DBFDB7E7281
PAIR_TWO_SIDED_GRID_T125_S020_STOP_AFTER_3_PAIR_RESETS_WEEK__FLIP_LOSER_WAREHOUSE,flip_counterfactual,PAIR_TWO_SIDED_GRID_T125_S020_STOP_AFTER_3_PAIR_RESETS_WEEK,warehouse_losing_flip_no_new_fills,initial_cycle,4595,4637.795462,-119.230587,0.988669,1.402386,-33.169783,-280.959535,-6.958176,0,-119.230587,AUDCHF,-319.532299,69AF4BE4B685374F307143B63F810F74FAAA6676D2BD9375865D551E5FD9304B
PAIR_TWO_SIDED_GRID_T125_S020_STOP_AFTER_3_PAIR_RESETS_WEEK__FLIP_LOSER_WAREHOUSE,flip_counterfactual,PAIR_TWO_SIDED_GRID_T125_S020_STOP_AFTER_3_PAIR_RESETS_WEEK,warehouse_losing_flip_no_new_fills,reset_1,7348,7397.263862,-875.410535,0.989922,1.415046,-39.036569,-638.678661,-6.332095,0,-876.594087,AUDJPY,-867.642989,29FB8CCF7AADB9D87EF950236D605040BC53EC7BB28DAB4603C44ECDC84B00C5
PAIR_TWO_SIDED_GRID_T125_S020_STOP_AFTER_3_PAIR_RESETS_WEEK__FLIP_LOSER_WAREHOUSE,flip_counterfactual,PAIR_TWO_SIDED_GRID_T125_S020_STOP_AFTER_3_PAIR_RESETS_WEEK,warehouse_losing_flip_no_new_fills,terminal_after_reset_3,4077,5679.357619,0,1,1.393024,,0,-1.702941,0,0,AUDCAD,0,3433B409E381DFE1B3CB0972D89014884736FBBC95C676087F3D77E6E0B0AA66
PAIR_TWO_SIDED_GRID_T125_S020_STOP_AFTER_3_PAIR_RESETS_WEEK__FLIP_LOSER_WAREHOUSE,flip_counterfactual,PAIR_TWO_SIDED_GRID_T125_S020_STOP_AFTER_3_PAIR_RESETS_WEEK,warehouse_losing_flip_no_new_fills,reset_2,1716,-188.484138,-3472.659113,0.958333,1.485413,-36.819195,-345.782434,-20.081645,0,-3473.348238,AUDNZD,-3156.217851,29B1A413EDAC19952BD8463544D5539E7F35B5DCEAB3C6A4CD6EB4B6EF8EC0AB
PAIR_TWO_SIDED_GRID_T125_S020_STOP_AFTER_3_PAIR_RESETS_WEEK__FLIP_GRACE_1W,flip_counterfactual,PAIR_TWO_SIDED_GRID_T125_S020_STOP_AFTER_3_PAIR_RESETS_WEEK,grace_window_losing_flip_no_new_fills,initial_cycle,4595,4882.472239,-119.230587,0.991719,1.400845,-39.283531,-316.673731,-7.084016,0,-119.230587,AUDCHF,-329.478003,01E5AF4ADEB3B73B844A4C8D100C63D039473C415B0C152424E9E896EFC9A057
PAIR_TWO_SIDED_GRID_T125_S020_STOP_AFTER_3_PAIR_RESETS_WEEK__FLIP_GRACE_1W,flip_counterfactual,PAIR_TWO_SIDED_GRID_T125_S020_STOP_AFTER_3_PAIR_RESETS_WEEK,grace_window_losing_flip_no_new_fills,reset_1,7348,7794.814873,-875.410535,0.990876,1.414641,-37.285298,-317.054429,-6.473461,0,-876.594087,AUDJPY,-883.741805,327DDA4AAA611A95CBC20C89DA8234B79C5B247BD833B6F095DC9B2B079E8B21
PAIR_TWO_SIDED_GRID_T125_S020_STOP_AFTER_3_PAIR_RESETS_WEEK__FLIP_GRACE_1W,flip_counterfactual,PAIR_TWO_SIDED_GRID_T125_S020_STOP_AFTER_3_PAIR_RESETS_WEEK,grace_window_losing_flip_no_new_fills,terminal_after_reset_3,4077,5679.357619,0,1,1.393024,,0,-1.702941,0,0,AUDCAD,0,3A6C8CC1D5CCFAFE013908471052D330372F609240E4DE8386298E5519FDAD7C
PAIR_TWO_SIDED_GRID_T125_S020_STOP_AFTER_3_PAIR_RESETS_WEEK__FLIP_GRACE_1W,flip_counterfactual,PAIR_TWO_SIDED_GRID_T125_S020_STOP_AFTER_3_PAIR_RESETS_WEEK,grace_window_losing_flip_no_new_fills,reset_2,1716,-551.462149,-3472.659113,0.960681,1.482737,-44.458259,-405.677088,-20.546831,0,-3473.348238,AUDNZD,-3119.377621,2E1FB3E0D4D49D520BE220EEC17D318C84124E10C52B31423CACE8773769ABBC
PAIR_TWO_SIDED_GRID_T125_S020_STOP_AFTER_3_PAIR_RESETS_WEEK__FLIP_CLOSE_SMALL_LOSS_WAREHOUSE_GT3ADR,flip_counterfactual,PAIR_TWO_SIDED_GRID_T125_S020_STOP_AFTER_3_PAIR_RESETS_WEEK,close_small_loss_warehouse_large_loss,initial_cycle,4595,4614.995138,-119.230587,0.985618,1.406261,-26.447349,-280.959535,-6.955765,-20.696316,-119.230587,AUDCHF,-319.532299,F4BB0A8DA51B9C90FEB84623951729B6F36997D74CBD173D50B19995BC07CCCE
PAIR_TWO_SIDED_GRID_T125_S020_STOP_AFTER_3_PAIR_RESETS_WEEK__FLIP_CLOSE_SMALL_LOSS_WAREHOUSE_GT3ADR,flip_counterfactual,PAIR_TWO_SIDED_GRID_T125_S020_STOP_AFTER_3_PAIR_RESETS_WEEK,close_small_loss_warehouse_large_loss,reset_1,7348,7360.571262,-875.410535,0.982432,1.425386,-22.65241,-638.678661,-6.320318,-63.509128,-876.594087,AUDJPY,-871.510418,260FC767D1330381C3392E6B06408F3952E2A16FDB6D754977023CB69BEDE782
PAIR_TWO_SIDED_GRID_T125_S020_STOP_AFTER_3_PAIR_RESETS_WEEK__FLIP_CLOSE_SMALL_LOSS_WAREHOUSE_GT3ADR,flip_counterfactual,PAIR_TWO_SIDED_GRID_T125_S020_STOP_AFTER_3_PAIR_RESETS_WEEK,close_small_loss_warehouse_large_loss,terminal_after_reset_3,4077,5679.357619,0,1,1.393024,,0,-1.702941,0,0,AUDCAD,0,25765DFD6D4060A8A0F3F22B5FABC6D3B7E7DE9DC2F77C6445951AA0B0049A6C
PAIR_TWO_SIDED_GRID_T125_S020_STOP_AFTER_3_PAIR_RESETS_WEEK__FLIP_CLOSE_SMALL_LOSS_WAREHOUSE_GT3ADR,flip_counterfactual,PAIR_TWO_SIDED_GRID_T125_S020_STOP_AFTER_3_PAIR_RESETS_WEEK,close_small_loss_warehouse_large_loss,reset_2,1716,-169.224819,-3472.659113,0.91784,1.548301,-18.505488,-345.782434,-19.997922,-74.275025,-3473.348238,AUDNZD,-3156.72915,1F5495C018347E25AEE774B6218D4EF622BD0E8D431FA91888A85985D4D9D90A
PAIR_TWO_SIDED_GRID_T125_S020_STOP_AFTER_3_PAIR_RESETS_WEEK__NO_FLIP_FORCE_DIAGNOSTIC,flip_counterfactual,PAIR_TWO_SIDED_GRID_T125_S020_STOP_AFTER_3_PAIR_RESETS_WEEK,no_flip_force_no_new_fills,initial_cycle,4595,6394.178844,-1144.138086,1,1.394891,,0,-7.72044,0,-1144.138086,AUDCHF,-411.251647,262D6291BA9CCB6838C19226787D95C3D026ACB584EC81D3BAFA3A88E88208FC
PAIR_TWO_SIDED_GRID_T125_S020_STOP_AFTER_3_PAIR_RESETS_WEEK__NO_FLIP_FORCE_DIAGNOSTIC,flip_counterfactual,PAIR_TWO_SIDED_GRID_T125_S020_STOP_AFTER_3_PAIR_RESETS_WEEK,no_flip_force_no_new_fills,reset_1,7348,10324.730435,-4796.382385,1,1.407214,,0,-7.163979,0,-4797.565937,AUDCAD,-1120.381313,28E6EA0846B0DAAFA6775A76855989180D674018DFEA0ADF98C5DE6836C9109C
PAIR_TWO_SIDED_GRID_T125_S020_STOP_AFTER_3_PAIR_RESETS_WEEK__NO_FLIP_FORCE_DIAGNOSTIC,flip_counterfactual,PAIR_TWO_SIDED_GRID_T125_S020_STOP_AFTER_3_PAIR_RESETS_WEEK,no_flip_force_no_new_fills,terminal_after_reset_3,4077,5679.357619,0,1,1.393024,,0,-1.702941,0,0,AUDCAD,0,40679172B4DA1E2CB3FF17403E5FC99EAAF4F9005CC40662B860B226F23AA75A
PAIR_TWO_SIDED_GRID_T125_S020_STOP_AFTER_3_PAIR_RESETS_WEEK__NO_FLIP_FORCE_DIAGNOSTIC,flip_counterfactual,PAIR_TWO_SIDED_GRID_T125_S020_STOP_AFTER_3_PAIR_RESETS_WEEK,no_flip_force_no_new_fills,reset_2,1716,2447.447147,-5913.219179,1,1.444774,,0,-24.332612,0,-5913.908304,AUDNZD,-3119.377621,75E6D20F5AB2D9B9CB752BE4A1B43BF6D3C69E0746F1C12467484A245841E863
FULLY_HEDGED_LONG_SHORT_28_PAIR_WEEKLY_T100_S020_L3_REFERENCE,fully_hedged_reference,,current_forced_flip_close,initial_cycle,20888,21061.215861,-21011.006797,1,1.099171,,0,-3.349726,0,-21017.297138,EURUSD,-911.351944,C80EECEAA650ACDAD2AB46C7AEAEFD88AA12C32B6883D2B7F2140E91695EA0FA
FULLY_HEDGED_LONG_SHORT_28_PAIR_WEEKLY_T100_S020_L3_REFERENCE,fully_hedged_reference,,current_forced_flip_close,reset_1,19160,18366.281386,-18144.28662,1,1.11785,,0,-3.030658,0,-18237.066188,NZDJPY,-1079.587667,E86F96F04036254CA82AE2DF39C2EBC3545296F6BA5379A9AC41349AD909665D
FULLY_HEDGED_LONG_SHORT_28_PAIR_WEEKLY_T100_S020_L3_REFERENCE,fully_hedged_reference,,current_forced_flip_close,terminal_after_reset_3,12909,14443.456898,0,1,1.118867,,0,-1.692705,0,0,AUDCAD,0,F1C16837CAD9AF5DB261A6469A64F060FC6D959FDEE2931E1F51D5E6EB57D6A5
FULLY_HEDGED_LONG_SHORT_28_PAIR_WEEKLY_T100_S020_L3_REFERENCE,fully_hedged_reference,,current_forced_flip_close,reset_2,3519,0,-14162.011929,0,,,0,-6.301289,0,-14349.256778,USDCHF,-789.443917,3325F3F1762FE7C66A5694A314775CD06E7A0C77BBE2A37D33E03D96B76FD5BF
