variant_id,week_open_utc,pairs_replayed,closed_price_pnl_usd,realized_commission_usd,realized_swap_usd,realized_net_usd,open_price_pnl_usd,open_swap_usd,equity_usd,balance_usd,equity_delta_usd,open_positions,long_positions,short_positions,fills_opened,target_reset_count,max_open_positions_to_date,max_long_positions_to_date,max_short_positions_to_date,max_add_depth_to_date,position_days_closed_to_date,content_hash
RAW_HEDGED_GRID_T100_S020_CONTINUOUS_TRUTH,2020-01-06T00:00:00.000Z,28,47435.42517,-94.02,-39.534812,47301.870358,-56334.469284,-6.97117,960.429904,57301.870358,-9039.570096,319,111,208,1567,290,320,120,208,22,873.469443,22DB265ACA0D07A6F8774E98ADF49558B13A71D740B21C9F4FD67709091DDEF2
RAW_HEDGED_GRID_T100_S020_CONTINUOUS_TRUTH,2020-01-13T00:00:00.000Z,28,64576.820495,-134.76,-108.189481,64333.871014,-92303.358354,-12.173835,-17981.661175,74333.871014,-18942.091079,376,161,215,2246,417,391,172,226,22,2371.711802,CA26F9777D08F22413B39BFDD5833A076181AA37473E1A13CFCEA61DDC517F2E
RAW_HEDGED_GRID_T100_S020_CONTINUOUS_TRUTH,2020-01-20T00:00:00.000Z,28,89886.458594,-194.82,-165.511145,89526.127449,-44766.451875,-55.788685,54703.886889,99526.127449,72685.548064,375,235,140,3247,613,391,235,226,28,5323.672218,981E3BDD81C40E231BA51423B4ACF9E5B35FCB1C7A392711AB7BB1D2516839F7
RAW_HEDGED_GRID_T100_S020_CONTINUOUS_TRUTH,2020-01-27T00:00:00.000Z,28,121502.611581,-274.38,-250.849353,120977.382228,-144716.264601,-148.301759,-13887.184132,130977.382228,-68591.071021,609,363,246,4573,858,626,363,280,31,7544.288187,323B53D50BA607DAA8615DB53D2DB0A1BF656C0AC2C7EE299EDB25E665BA23AC
RAW_HEDGED_GRID_T100_S020_CONTINUOUS_TRUTH,2020-02-03T00:00:00.000Z,28,141336.583771,-323.46,-453.868346,140559.255425,-62341.726383,-145.008484,88072.520558,150559.255425,101959.70469,470,288,182,5391,995,626,363,280,31,11612.456241,6F2D2FDE1B7FAEDB192ADAACDDF850E2ACC90C4259CAD54EAC2D4C01EC269BDF
RAW_HEDGED_GRID_T100_S020_CONTINUOUS_TRUTH,2020-02-10T00:00:00.000Z,28,164612.937546,-367.62,-511.477796,163733.83975,-100473.731159,-261.30096,72998.807631,173733.83975,-15073.712927,526,332,194,6127,1140,626,363,280,33,13402.615964,7D735B58DBF92A779A8A932B5F0F4EAAB91FCF877F07FABF942D2875C1E8B234
RAW_HEDGED_GRID_T100_S020_CONTINUOUS_TRUTH,2020-02-17T00:00:00.000Z,28,210198.373485,-437.58,-682.644184,209078.149301,-143070.190593,-291.356427,75716.602281,219078.149301,2717.79465,671,330,341,7293,1356,673,369,341,45,16274.864572,7AA2CA78408B66F64EB5C7AB1C4B42751CEF6611E1A00E2BDD7AD12DF753DE8C
RAW_HEDGED_GRID_T100_S020_CONTINUOUS_TRUTH,2020-02-24T00:00:00.000Z,28,285038.467567,-557.28,-824.454273,283656.733294,-434001.555167,-369.251103,-140714.072976,293656.733294,-216430.675257,878,597,281,9288,1741,906,597,365,55,20810.724983,718B4AD7F31511101C2D1C6AA657BC71B7EF490A8BD15E2D5A95602C6E9F087D
RAW_HEDGED_GRID_T100_S020_CONTINUOUS_TRUTH,2020-03-02T00:00:00.000Z,28,334102.682921,-633.84,-920.142056,332548.700865,-493018.328406,-619.022763,-151088.650304,342548.700865,-10374.577328,873,534,339,10564,2004,906,597,365,55,22726.122895,DFF69CC13ED0F108CD71B601995421D82B529221D10D9B52B282D22EBA5C3CD8
RAW_HEDGED_GRID_T100_S020_CONTINUOUS_TRUTH,2020-03-08T23:00:00.000Z,28,544889.58567,-766.08,-1232.691039,542890.814631,-869263.664866,-618.300321,-316991.150556,552890.814631,-165902.500252,876,560,316,12768,2444,906,597,365,55,27762.63539,B60C6DBFA294BF74434D70E1526DE48C891460EE3446170F4EF129FC87467E04
RAW_HEDGED_GRID_T100_S020_CONTINUOUS_TRUTH,2020-03-15T23:00:00.000Z,28,686116.264354,-874.68,-1405.091005,683836.493349,-1104749.477783,-781.799232,-411694.783666,693836.493349,-94703.63311,1044,593,451,14578,2802,1094,658,451,55,30313.740939,16026205B4A40C795BC80472E5504EAF1438D4E806A06993709470383B221E12
RAW_HEDGED_GRID_T100_S020_CONTINUOUS_TRUTH,2020-03-22T23:00:00.000Z,28,727517.164164,-901.02,-1498.654902,725117.489262,-1044679.706173,-1016.846633,-310579.063544,735117.489262,101115.720122,941,519,422,15017,2883,1094,658,457,55,32185.864548,1EBA26214A10ECEEF247A1359DE41284E053DCF04E44BDCFAABF2644510808A3
RAW_HEDGED_GRID_T100_S020_CONTINUOUS_TRUTH,2020-03-29T23:00:00.000Z,28,750251.66024,-921.3,-1661.824353,747668.535887,-1085683.831956,-1125.806396,-329141.102465,757668.535887,-18562.038921,841,467,374,15355,2945,1094,658,457,55,36061.518019,72D5DE4B3303C31198CEC5861A7205C603C73372CFC9E9AFCCD619EC0DE3FE5E
RAW_HEDGED_GRID_T100_S020_CONTINUOUS_TRUTH,2020-04-05T23:00:00.000Z,28,755669.848174,-944.04,-1711.879931,753013.928243,-871030.197323,-1345.81093,-109362.08001,763013.928243,219779.022455,930,466,464,15734,2991,1094,658,501,55,38142.20413,B789C3FFC36F10EA2F39AECBD9816D3081C12EF7CC2B78931FECC61725161CBC
RAW_HEDGED_GRID_T100_S020_CONTINUOUS_TRUTH,2020-04-12T23:00:00.000Z,28,771944.063175,-980.64,-1953.441955,769009.98122,-927043.829881,-1374.789469,-149408.63813,779009.98122,-40046.55812,919,457,462,16344,3084,1094,658,523,55,43216.29788,B7908372FBDD08AEE3D461174B22DEDF7570964AD62109BE3808A981D14F4E3A
RAW_HEDGED_GRID_T100_S020_CONTINUOUS_TRUTH,2020-04-19T23:00:00.000Z,28,808178.657414,-1035,-2016.96012,805126.697294,-1032451.067063,-1606.161202,-218930.530971,815126.697294,-69521.892841,1004,560,444,17250,3231,1094,658,528,62,46142.120103,8D11C0B52FC5298C49328B95AAEE897EED0A09B53F20B440AE6DB8ABCCD4E142
RAW_HEDGED_GRID_T100_S020_CONTINUOUS_TRUTH,2020-04-26T23:00:00.000Z,28,837216.801473,-1089.18,-2119.772271,834007.849202,-946837.002601,-1832.003433,-104661.156832,844007.849202,114269.374139,1067,515,552,18153,3386,1094,658,559,78,51243.149963,98204FFAA74BA6006DDCF7C300980D676F45D916C2232C5C7417460A17F35AD4
RAW_HEDGED_GRID_T100_S020_CONTINUOUS_TRUTH,2020-05-03T23:00:00.000Z,28,863689.280625,-1125.6,-2153.174046,860410.506579,-1002196.342924,-2121.612922,-133907.449267,870410.506579,-29246.292435,1103,592,511,18760,3491,1112,658,579,78,52924.22635,7EBEE079B3FD3384B1A0D34EC06173B7B4BD72EE4E5C6D566C56B84D3C9A9E9A
RAW_HEDGED_GRID_T100_S020_CONTINUOUS_TRUTH,2020-05-10T23:00:00.000Z,28,889094.049496,-1164.96,-2226.025683,885703.063813,-1166520.429278,-2384.577611,-273201.943076,895703.063813,-139294.493809,1061,581,480,19416,3626,1143,658,579,78,54810.495794,33EF5A5A06298A95704E4F1B241012643FA763F0FB87D1DCF7C023404139F029
RAW_HEDGED_GRID_T100_S020_CONTINUOUS_TRUTH,2020-05-17T23:00:00.000Z,28,906639.020597,-1204.92,-2296.683858,903137.416739,-1064810.524717,-2654.93855,-154328.046528,913137.416739,118873.896548,1154,608,546,20082,3741,1160,658,579,79,56231.140932,015027B19AB666B0219603A0AAC297D2078EC523C864CDB87710FAC6C791F37F
RAW_HEDGED_GRID_T100_S020_CONTINUOUS_TRUTH,2020-05-24T23:00:00.000Z,28,928444.436824,-1260.48,-3018.562756,924165.394068,-924217.814452,-2278.518281,7669.061335,934165.394068,161997.107863,1290,564,726,21008,3894,1293,658,729,103,64546.457595,B6A891CA5393CD01AA3759E4CD6A1A786BC3288F40660B23F7C8741482497F16
RAW_HEDGED_GRID_T100_S020_CONTINUOUS_TRUTH,2020-05-31T23:00:00.000Z,28,983333.967015,-1344.66,-4635.635186,977353.671829,-1458274.413981,-942.487078,-471863.22923,987353.671829,-479532.290565,1429,435,994,22411,4159,1429,658,994,113,88042.612451,18A2A2EBE2F44B049E04CC9226BEC84296E4557F896319DFE665231EC485BAED
RAW_HEDGED_GRID_T100_S020_CONTINUOUS_TRUTH,2020-06-07T23:00:00.000Z,28,1001891.693549,-1381.68,-4666.029291,995843.984258,-674681.171189,-1163.103875,329999.709194,1005843.984258,801862.938424,1469,591,878,23028,4253,1483,658,994,113,90272.335365,13464FCA27C2FE5A46AAFB912306A78D84BE78DAE605BC4873A0F5FD8AA4777F
RAW_HEDGED_GRID_T100_S020_CONTINUOUS_TRUTH,2020-06-14T23:00:00.000Z,28,1028846.165634,-1406.16,-4681.523486,1022758.482148,-666710.645531,-1453.639847,364594.19677,1032758.482148,34594.487576,1273,560,713,23436,4344,1483,658,994,113,95722.651335,9D8F3490B25B7EE0DA8F8D4B6FD806E8E890B232DF99EDA5E2240C58EBA03FA9
RAW_HEDGED_GRID_T100_S020_CONTINUOUS_TRUTH,2020-06-21T23:00:00.000Z,28,1049607.013807,-1431.9,-4855.473642,1043319.640165,-656968.528301,-1583.229402,394767.882462,1053319.640165,30173.685692,1234,515,719,23865,4425,1483,658,994,113,98452.420084,C71FCE4179D25CD7DDD1F1C2225EAF5107DE5618D0F09F95F6341F1499F88C4B
RAW_HEDGED_GRID_T100_S020_CONTINUOUS_TRUTH,2020-06-28T23:00:00.000Z,28,1067826.745902,-1467.42,-4983.192274,1061376.133628,-766779.002266,-1738.404705,302858.726657,1071376.133628,-91909.155805,1292,536,756,24457,4529,1483,658,994,113,100403.171472,B8701DDEC514270530F472BE4F549971B69DE01D6B9DF1DC077EF7B251AAAD33
RAW_HEDGED_GRID_T100_S020_CONTINUOUS_TRUTH,2020-07-05T23:00:00.000Z,28,1093193.800253,-1514.58,-5381.25885,1086297.961403,-702787.94858,-1636.641733,391873.37109,1096297.961403,89014.644433,1460,530,930,25243,4648,1483,658,994,161,105481.936053,59866ED6BB475A8BD64EF15A514479EE4E9CB986BA6C19002E1DF2C313859162
RAW_HEDGED_GRID_T100_S020_CONTINUOUS_TRUTH,2020-07-12T23:00:00.000Z,28,1120159.460456,-1576.74,-5590.848666,1112991.87179,-752006.622487,-1687.383714,369297.865589,1122991.87179,-22575.505501,1600,493,1107,26279,4800,1621,658,1129,209,108824.777023,58EE167C7D0F77EBEE8D4E2F00ABEFBA1B7B6ECC8B5A83AB3318DD19916BE71A
RAW_HEDGED_GRID_T100_S020_CONTINUOUS_TRUTH,2020-07-19T23:00:00.000Z,28,1154927.512939,-1648.62,-5636.828985,1147642.063954,-833227.653728,-1885.199469,322529.210757,1157642.063954,-46768.654832,1954,641,1313,27477,5002,1954,658,1320,209,110097.829798,269C8CC43B420BBC3A1C0CF4447526DBC5127EDB4083D02A893039A94F912B59
RAW_HEDGED_GRID_T100_S020_CONTINUOUS_TRUTH,2020-07-26T23:00:00.000Z,28,1188611.769171,-1700.4,-5917.437716,1180993.931455,-1051308.934701,-1901.367429,137783.629325,1190993.931455,-184745.581432,1952,574,1378,28340,5177,2014,658,1435,209,117004.05827,8CB2F7F50C3F5043AF823317FD8303B7AEA3BB8DE48EEC377CC841DB22F34C59
RAW_HEDGED_GRID_T100_S020_CONTINUOUS_TRUTH,2020-08-02T23:00:00.000Z,28,1209982.714611,-1730.76,-5997.026743,1202254.927868,-1034472.889996,-2094.518164,175687.519708,1212254.927868,37903.890383,1982,583,1399,28846,5267,2014,658,1435,209,118102.747853,6FA3D5A36F7ECFB79D518D70CF1978B9942F93D68F0FE71052D39C139F58E43D
RAW_HEDGED_GRID_T100_S020_CONTINUOUS_TRUTH,2020-08-09T23:00:00.000Z,28,1230084.673632,-1757.22,-6004.397795,1222323.055837,-1158572.438327,-2366.277512,71384.339998,1232323.055837,-104303.17971,1986,613,1373,29287,5353,2036,658,1441,209,121806.811048,65269A29AA764FF3464681514F0202F5EF068C245F4E6B743AD0E22A46BB25DA
RAW_HEDGED_GRID_T100_S020_CONTINUOUS_TRUTH,2020-08-16T23:00:00.000Z,28,1255189.430907,-1803.06,-6072.837511,1247313.533396,-925683.428222,-2600.282014,329029.82316,1257313.533396,257645.483162,1992,674,1318,30051,5473,2100,688,1441,209,129802.974243,A34820153DB84FE28D798E6E3FFA13C377290212D6B0CEC16908A1B8158CE4C7
RAW_HEDGED_GRID_T100_S020_CONTINUOUS_TRUTH,2020-08-23T23:00:00.000Z,28,1292361.338141,-1844.52,-6327.700854,1284189.117287,-1291907.069435,-2666.669096,-384.621244,1294189.117287,-329414.444404,1925,593,1332,30742,5617,2100,695,1441,209,134629.504798,B92AFF959CDF485EFB7B408A9F1E757BF5D0A2C319ECFCE3A5FCEC7143A50D20
RAW_HEDGED_GRID_T100_S020_CONTINUOUS_TRUTH,2020-08-30T23:00:00.000Z,28,1316834.943736,-1878.24,-6368.161616,1308588.54212,-1256663.459859,-2919.431664,59005.650597,1318588.54212,59390.271841,2079,699,1380,31304,5713,2100,707,1441,209,135421.374936,5A9B23827E37E4BC5B0352955383B3F6E52810BBC998E029896E2CBAF09D57E0
RAW_HEDGED_GRID_T100_S020_CONTINUOUS_TRUTH,2020-09-06T23:00:00.000Z,28,1348489.516167,-1921.92,-6403.35058,1340164.245587,-1298107.630519,-3245.611669,48811.003399,1350164.245587,-10194.647198,1940,723,1217,32032,5849,2100,741,1441,209,144206.165215,C2DC6322BA189E078A8DD89485FA0A6CAEDE842D1029BEE0955D508DAB20CCCC
RAW_HEDGED_GRID_T100_S020_CONTINUOUS_TRUTH,2020-09-13T23:00:00.000Z,28,1374268.419815,-1956.96,-6369.640744,1365941.819071,-1024576.425324,-3676.426692,347688.967055,1375941.819071,298877.963656,1880,788,1092,32616,5959,2100,788,1441,209,151659.613132,CA6555FEF76A9750F89842EC7B29B7D88FB02839DA169B5BE357CF6B49D6ADD7
RAW_HEDGED_GRID_T100_S020_CONTINUOUS_TRUTH,2020-09-20T23:00:00.000Z,28,1397711.489296,-1995.06,-6816.311513,1388900.117783,-676253.40614,-3668.40564,718978.306003,1398900.117783,371289.338948,1977,815,1162,33251,6054,2100,904,1441,209,157692.345075,53591330AC62DE76F4362E40EB140145A128997AEC14738110CDA5243EA6143D
RAW_HEDGED_GRID_T100_S020_CONTINUOUS_TRUTH,2020-09-27T23:00:00.000Z,28,1409309.582907,-2031.9,-7281.757353,1399995.925554,-826371.242552,-3584.201219,580040.481783,1409995.925554,-138937.82422,1673,614,1059,33865,6163,2100,904,1441,209,165354.574243,230B57E79970FEE6CAA69A2C043A0EEBFFD30BF4C5A10CDCE2D30C2F8014BE49
RAW_HEDGED_GRID_T100_S020_CONTINUOUS_TRUTH,2020-10-04T23:00:00.000Z,28,1431925.977381,-2070.48,-7464.825301,1422390.67208,-977550.902701,-3699.435837,451140.333542,1432390.67208,-128900.148241,1644,554,1090,34508,6291,2100,904,1441,209,168063.985353,60FC8D237DA8C2117858BC72F02F0C08DA98F6F419736A4DD4B78A4B2D09B3DE
RAW_HEDGED_GRID_T100_S020_CONTINUOUS_TRUTH,2020-10-11T23:00:00.000Z,28,1452598.987975,-2117.4,-7498.153854,1442983.434121,-600013.108819,-3979.220599,848991.104703,1452983.434121,397850.771161,1734,680,1054,35290,6425,2100,904,1441,209,169817.133269,13950BE124E659C7556AA8FB17BDBD386DE2067BF90F8317E94545AAE1525D55
RAW_HEDGED_GRID_T100_S020_CONTINUOUS_TRUTH,2020-10-18T23:00:00.000Z,28,1469747.783119,-2166,-7745.157431,1459836.625688,-545481.291798,-4075.048846,920280.285044,1469836.625688,71289.180341,1688,618,1070,36100,6571,2100,904,1441,209,173378.569379,3BC1D1065BD19E8133E3D7974FAA9BC6D2B494C67913E030E18CED8C294EBF45
RAW_HEDGED_GRID_T100_S020_CONTINUOUS_TRUTH,2020-10-25T23:00:00.000Z,28,1500519.266055,-2211.3,-7860.485144,1490447.480911,-470703.217754,-4293.594722,1025450.668435,1500447.480911,105170.383391,1796,683,1113,36855,6713,2100,904,1441,209,175241.622851,00DD7A6EFE74E05E3EB82C95C8519B5A265DFA1DBA70AC51D678615706FC8BA0
RAW_HEDGED_GRID_T100_S020_CONTINUOUS_TRUTH,2020-11-02T00:00:00.000Z,28,1550618.205041,-2296.26,-8061.755401,1540260.18964,-713954.966071,-4430.581806,831874.641763,1550260.18964,-193576.026672,1708,617,1091,38271,7005,2100,904,1441,209,178267.661044,B681FA7751CA7B75426924A33FB0A06E5C37959AC2743385155C85546C0042BE
RAW_HEDGED_GRID_T100_S020_CONTINUOUS_TRUTH,2020-11-09T00:00:00.000Z,28,1588870.767154,-2345.52,-8349.804163,1578175.442991,-822279.724527,-4430.593682,761465.124782,1588175.442991,-70409.516981,1764,572,1192,39092,7165,2100,904,1441,209,182123.358264,028F9D52CE4124F59ED04DA20182EA72705DC05B43A34A18EBBD290DD3821AE9
RAW_HEDGED_GRID_T100_S020_CONTINUOUS_TRUTH,2020-11-16T00:00:00.000Z,28,1601496.789718,-2362.44,-8390.861126,1590743.488592,-855773.404335,-4668.468576,740301.615681,1600743.488592,-21163.509101,1711,555,1156,39374,7233,2100,904,1441,209,183177.467985,B31D618789D9D00C81AC903BEB792818232F86CDAC5A2224EECB5E6FE1E81834
RAW_HEDGED_GRID_T100_S020_CONTINUOUS_TRUTH,2020-11-23T00:00:00.000Z,28,1622011.668187,-2410.8,-8483.155877,1611117.71231,-1071846.04876,-4847.863886,544423.799664,1621117.71231,-195877.816017,1818,561,1257,40180,7371,2100,904,1441,209,185077.065901,81654FFFBE333CE67C7E0281CC78F922D4103C0C0F78C876681481E08D1678E9
RAW_HEDGED_GRID_T100_S020_CONTINUOUS_TRUTH,2020-11-30T00:00:00.000Z,28,1671922.964096,-2492.52,-8547.560899,1660882.883197,-1265389.365511,-5066.986882,400426.530804,1670882.883197,-143997.26886,2114,646,1468,41542,7605,2124,904,1470,209,186536.047843,3FBC247E822DB67EF117A64C886B3A3B5522DAF49C2428948048B1BC2BD18316
RAW_HEDGED_GRID_T100_S020_CONTINUOUS_TRUTH,2020-12-07T00:00:00.000Z,28,1706182.641205,-2549.1,-8660.715531,1694972.825674,-1475380.703858,-5269.356094,224322.765722,1704972.825674,-176103.765082,2163,685,1478,42485,7787,2164,904,1526,226,189211.778397,4C573B679B18F1F1C7F2BD80AF81529753DFC3C5542D674CDBF29AEDF88265A0
RAW_HEDGED_GRID_T100_S020_CONTINUOUS_TRUTH,2020-12-14T00:00:00.000Z,28,1722722.609018,-2583.54,-8775.021813,1711364.047205,-1567188.622024,-5460.84229,148714.582891,1721364.047205,-75608.182831,2136,597,1539,43059,7903,2169,904,1539,226,190872.722146,4CF2980B741FD81B11AE69DCD7AD229C64BDD59C8614CAB5F2C6321298573F46
RAW_HEDGED_GRID_T100_S020_CONTINUOUS_TRUTH,2020-12-21T00:00:00.000Z,28,1760178.000863,-2626.56,-8850.162396,1748701.278467,-1561573.451177,-5631.092935,191496.734355,1758701.278467,42782.151464,2070,574,1496,43776,8039,2169,904,1551,226,193125.881867,545D8A2376859C88D2EA2319C511DFF2691F4462FF213EC52B6860FBAAF89AAE
RAW_HEDGED_GRID_T100_S020_CONTINUOUS_TRUTH,2020-12-28T00:00:00.000Z,28,1775034.539418,-2659.08,-8914.278819,1763461.180599,-1765315.650307,-5834.661216,2310.869076,1773461.180599,-189185.865279,2127,608,1519,44318,8152,2169,904,1551,237,194393.182561,DD3FC6DAC201D08B324B8C62561949EA89E504957F73C6063B9D377C6DBEB8AE
RAW_HEDGED_GRID_T100_S020_CONTINUOUS_TRUTH,2021-01-04T00:00:00.000Z,28,1801278.801049,-2698.62,-8975.874578,1789604.306471,-2205355.521696,-6081.746799,-411832.962024,1799604.306471,-414143.8311,2112,586,1526,44977,8296,2169,904,1551,237,195917.656171,25925E500489980E190EAB54B94F2F81E0B960CFEC2C31E71E6497B002C589A7
RAW_HEDGED_GRID_T100_S020_CONTINUOUS_TRUTH,2021-01-11T00:00:00.000Z,28,1811347.645683,-2729.4,-9028.079677,1799590.166006,-1882576.724303,-6314.727895,-79301.286192,1809590.166006,332531.675832,2280,691,1589,45490,8368,2293,904,1593,237,196779.992976,C3959F1FB6741E5CF68EE2B76611EEB97B602D7B0AF8B67033C9AAD820B0EBBF
RAW_HEDGED_GRID_T100_S020_CONTINUOUS_TRUTH,2021-01-18T00:00:00.000Z,28,1832881.061279,-2761.68,-9310.865737,1820808.515542,-1874007.080201,-6355.952517,-49554.517176,1830808.515542,29746.769016,2141,630,1511,46028,8451,2308,904,1607,237,205313.361726,8DD73CAD4D33235AD74CF1E188D257AF9F3819DAF94F131A65FE5297D815A880
RAW_HEDGED_GRID_T100_S020_CONTINUOUS_TRUTH,2021-01-25T00:00:00.000Z,28,1867072.394257,-2811.3,-9394.49194,1854866.602317,-1995432.844962,-6558.444374,-137124.687019,1864866.602317,-87570.169843,2132,599,1533,46855,8604,2308,904,1607,237,209138.144362,16DEACC0ECFD03D51D0B28F1FB4F706B33A129FB4399BE0620D6EEF335EDC9B1
RAW_HEDGED_GRID_T100_S020_CONTINUOUS_TRUTH,2021-02-01T00:00:00.000Z,28,1889095.541009,-2847.36,-9590.362529,1876657.81848,-2134276.676028,-6641.147628,-254260.005176,1886657.81848,-117135.318157,2168,582,1586,47456,8723,2308,904,1607,237,211838.965193,2595B91B55EEDC6CD825E788B7F981793C92619BC5B210402B234C33E6FD8E1C
RAW_HEDGED_GRID_T100_S020_CONTINUOUS_TRUTH,2021-02-08T00:00:00.000Z,28,1901728.334697,-2871.48,-9720.443781,1889136.410916,-2276331.352138,-6779.399956,-383974.341178,1899136.410916,-129714.336002,2122,569,1553,47858,8795,2308,904,1607,237,214576.577694,47600AC6C62D52383A0EFA55DCFA849299DBEF6D9AA6158825098D245EE079A9
RAW_HEDGED_GRID_T100_S020_CONTINUOUS_TRUTH,2021-02-15T00:00:00.000Z,28,1933786.600065,-2934.78,-9785.899021,1921065.921044,-2928184.611847,-6984.189827,-1004102.88063,1931065.921044,-620128.539452,2431,640,1791,48913,8967,2443,904,1805,249,215872.865191,CD700E5BB9F57901ECF460071C6C5B48EEDEFC09D74346FB96825F4A45369FAE
RAW_HEDGED_GRID_T100_S020_CONTINUOUS_TRUTH,2021-02-22T00:00:00.000Z,28,1978004.328125,-3028.32,-11916.712184,1963059.295941,-2863483.557036,-5125.896282,-895550.157377,1973059.295941,108552.723253,2752,740,2012,50472,9231,2757,904,2012,249,241308.947824,7FB126F982118B161B9D61FA61A2A333A355979B0B5FDE677A9C2CE9BA915E03
RAW_HEDGED_GRID_T100_S020_CONTINUOUS_TRUTH,2021-03-01T00:00:00.000Z,28,2003078.906387,-3059.34,-11690.620199,1988328.946188,-3001438.801234,-5655.621708,-1008765.476754,1998328.946188,-113215.319377,2534,676,1858,50989,9339,2757,904,2024,249,273861.284628,8DED8839BEC73ACF117E42571D636A51283D8AFF9BAA3646F3F3BFD824CA44F2
RAW_HEDGED_GRID_T100_S020_CONTINUOUS_TRUTH,2021-03-08T00:00:00.000Z,28,2026910.129275,-3078.96,-11654.827312,2012176.341963,-3621818.107391,-5988.591907,-1605630.357335,2022176.341963,-596864.880581,2440,665,1775,51316,9416,2757,904,2024,249,282229.174211,669D743A092BD589BE0EC8992B3DAFEB5585A03A80CB5915AAC84A44B623E133
RAW_HEDGED_GRID_T100_S020_CONTINUOUS_TRUTH,2021-03-14T23:00:00.000Z,28,2050499.409701,-3115.92,-11689.9545,2035693.535201,-3521110.973026,-6271.473349,-1481688.911174,2045693.535201,123941.446161,2539,726,1813,51932,9526,2757,904,2024,249,283094.972126,5809429A7007F9E0901730240FF15FFA6B13BE94621C2E09F6B042842C3DAC1F
RAW_HEDGED_GRID_T100_S020_CONTINUOUS_TRUTH,2021-03-21T23:00:00.000Z,28,2066207.532735,-3148.86,-11732.321571,2051326.351164,-3264929.963579,-6596.098228,-1210199.710643,2061326.351164,271489.200531,2711,795,1916,52481,9612,2757,904,2024,249,283759.074903,87C69A665787C80D8882FFFD766EE3F236BA4FFCB0911EF7A606B7AE2642C252
RAW_HEDGED_GRID_T100_S020_CONTINUOUS_TRUTH,2021-03-28T23:00:00.000Z,28,2088013.301536,-3172.8,-11814.235384,2073026.266152,-3612644.56376,-6878.818398,-1536497.116006,2083026.266152,-326297.405363,2654,747,1907,52880,9694,2757,904,2024,249,285491.636014,FC67112E8AC79592EFE3264B437E2432FFAF77DABAFB464C6DD80F288F1D2930
RAW_HEDGED_GRID_T100_S020_CONTINUOUS_TRUTH,2021-04-04T23:00:00.000Z,28,2098245.66996,-3200.7,-11827.861812,2083217.108148,-3258481.397892,-7244.27479,-1172508.564534,2093217.108148,363988.551472,2839,882,1957,53345,9750,2849,904,2024,249,286386.704763,212318B0E1D2A21D30E594D8DF3CBCBBE8F790FE601FECEAAF695FE3C92885D3
RAW_HEDGED_GRID_T100_S020_CONTINUOUS_TRUTH,2021-04-11T23:00:00.000Z,28,2113927.653408,-3227.52,-12072.211619,2098627.921789,-3437811.577157,-7418.830868,-1336602.486236,2108627.921789,-164093.921702,2704,820,1884,53792,9836,2856,904,2024,249,293084.883929,5FCAF28ECD72232F26849FAF7C9E959994474A5EE37A4EB31B68B68304C10974
RAW_HEDGED_GRID_T100_S020_CONTINUOUS_TRUTH,2021-04-18T23:00:00.000Z,28,2136346.363955,-3262.68,-12702.169896,2120381.514059,-3152542.785955,-7141.035925,-1029302.307821,2130381.514059,307300.178415,2514,699,1815,54378,9946,2856,904,2024,249,303190.197124,E07ACAF92D76766D4083FBED401417592B9CC922950E8102AC8B766E93559C25
RAW_HEDGED_GRID_T100_S020_CONTINUOUS_TRUTH,2021-04-25T23:00:00.000Z,28,2162254.072469,-3292.74,-12784.366707,2146176.965762,-3712025.529189,-7379.360074,-1563227.923501,2156176.965762,-533925.61568,2566,745,1821,54879,10045,2856,904,2024,249,305188.873511,3B247A30230CA6E9E6DF137135F8B013F20776D5419512F58CAC74E724F0030E
RAW_HEDGED_GRID_T100_S020_CONTINUOUS_TRUTH,2021-05-02T23:00:00.000Z,28,2178435.711521,-3325.44,-12792.898108,2162317.373413,-4012117.26325,-7728.500896,-1847528.390733,2172317.373413,-284300.467232,2544,774,1770,55424,10150,2856,904,2024,249,310099.58115,54F725C7CF8D7F400BDE6D1EA3DC23F4CE567DC27B865DE567B5FECB7D42512A
RAW_HEDGED_GRID_T100_S020_CONTINUOUS_TRUTH,2021-05-09T23:00:00.000Z,28,2206341.841587,-3360.54,-12451.780434,2190529.521153,-4261384.780608,-8447.727008,-2069302.986463,2200529.521153,-221774.59573,2440,770,1670,56009,10251,2856,904,2024,249,358457.074901,726FD1AA0A4DBBAE7772F02E21628640B90B2A46DC19C90761C6CCB531C55FB2
RAW_HEDGED_GRID_T100_S020_CONTINUOUS_TRUTH,2021-05-16T23:00:00.000Z,28,2217334.094216,-3385.5,-12549.77113,2201398.823086,-3986749.359071,-8723.39108,-1784073.927065,2211398.823086,285229.059398,2445,760,1685,56425,10323,2856,904,2024,249,360004.370734,93E35C811337D9E2364E65BA029256C32430C7F164C7E5181BE88A4EA5353B6B
RAW_HEDGED_GRID_T100_S020_CONTINUOUS_TRUTH,2021-05-23T23:00:00.000Z,28,2240735.92476,-3418.2,-12661.848176,2224655.876584,-4522944.594474,-8978.269016,-2297266.986906,2234655.876584,-513193.059841,2482,739,1743,56970,10428,2856,904,2024,249,361917.696427,0F576420227D34D78049C948AD77460B01C445311A40721BB36FED1AD321EE3F
RAW_HEDGED_GRID_T100_S020_CONTINUOUS_TRUTH,2021-05-30T23:00:00.000Z,28,2247719.703675,-3447.66,-12693.799358,2231578.244317,-4269883.684634,-9302.291188,-2037607.731505,2241578.244317,259659.255401,2535,772,1763,57461,10512,2856,904,2024,249,362979.485315,CFF3FF8F80CBD241948350566695A0CE12B5C3340B45AEAB3EEA91435C51D7D1
RAW_HEDGED_GRID_T100_S020_CONTINUOUS_TRUTH,2021-06-06T23:00:00.000Z,28,2254773.335469,-3469.8,-12885.693474,2238417.841995,-4142323.406191,-9483.392689,-1903388.956885,2248417.841995,134218.77462,2544,767,1777,57830,10577,2856,904,2024,249,365441.240871,FBBB44295B726E7CCD985FE986DE7595B6D2E6DDEB7129D245F4A0B73800FE81
RAW_HEDGED_GRID_T100_S020_CONTINUOUS_TRUTH,2021-06-13T23:00:00.000Z,28,2270488.953719,-3519.18,-14687.03251,2252282.741209,-3008155.619292,-8054.417705,-753927.295788,2262282.741209,1149461.661097,2548,739,1809,58653,10701,2856,904,2024,249,389164.725592,9C09EBCEBA4F923EFCF483DB83E63D3DE4769AFA9FD864138A2206660D2A41DE
RAW_HEDGED_GRID_T100_S020_CONTINUOUS_TRUTH,2021-06-20T23:00:00.000Z,28,2282624.031057,-3544.26,-14803.955927,2264275.81513,-3855906.542259,-8269.146823,-1589899.873952,2274275.81513,-835972.578164,2470,672,1798,59071,10778,2856,904,2024,249,391587.397813,017171AABA319DC29B3B64B003A521C28F66A3277328CDBCBBF4974594DE1DBF
RAW_HEDGED_GRID_T100_S020_CONTINUOUS_TRUTH,2021-06-27T23:00:00.000Z,28,2290566.417714,-3568.2,-14855.578685,2272142.639029,-3484484.248354,-8517.640817,-1210859.250142,2282142.639029,379040.62381,2409,672,1737,59470,10858,2856,904,2024,249,393685.803367,B82F51D9A1F444E664821D590F42DE144D099737DCC18A919981E857B8F868F9
RAW_HEDGED_GRID_T100_S020_CONTINUOUS_TRUTH,2021-07-04T23:00:00.000Z,28,2326723.282669,-3636.48,-14543.705869,2308543.0968,-2806444.413509,-9175.705065,-497077.021774,2318543.0968,713782.228368,2372,811,1561,60608,11035,2856,904,2024,249,432400.219339,36CE6486C395EE3417318B6C50A80A01C8313193E535E6C592162720C2675964
RAW_HEDGED_GRID_T100_S020_CONTINUOUS_TRUTH,2021-07-11T23:00:00.000Z,28,2345138.195886,-3672.06,-19338.070272,2322128.065614,-2558482.723161,-4716.644967,-231071.302514,2332128.065614,266005.71926,2058,574,1484,61201,11161,2856,904,2024,249,486622.445032,967801F2918E909869F2CD39363C3F769FFC9169DE80D1F291F24E34FD8A6780
RAW_HEDGED_GRID_T100_S020_CONTINUOUS_TRUTH,2021-07-18T23:00:00.000Z,28,2386177.930296,-3709.32,-19430.030067,2363038.580229,-2321499.325556,-4900.342013,46638.91266,2373038.580229,277710.215174,1906,564,1342,61822,11272,2856,904,2024,249,512314.495033,DC89F4A07F7BD03E09B6124A2BA56E7CDFB319D8FFEA08201484611AC97CC2F2
RAW_HEDGED_GRID_T100_S020_CONTINUOUS_TRUTH,2021-07-25T23:00:00.000Z,28,2398290.492742,-3735.36,-19593.104544,2374962.028198,-2089938.334733,-5007.770399,290015.923066,2384962.028198,243377.010406,1951,575,1376,62256,11358,2856,904,2024,249,514590.440865,1ADB50C1DE941972E592ED5B8F745B40FDA3D9952AAEFB4E489793F2C12C9DC8
RAW_HEDGED_GRID_T100_S020_CONTINUOUS_TRUTH,2021-08-01T23:00:00.000Z,28,2411156.07819,-3766.62,-19702.010509,2387687.447681,-2264129.571835,-5178.483131,128379.392715,2397687.447681,-161636.530351,1995,565,1430,62777,11447,2856,904,2024,249,516700.557531,D6BEC8DDDDCE77071848E515DFE8D95DA875DAC6EB0DC66104A8BD759B4C4559
RAW_HEDGED_GRID_T100_S020_CONTINUOUS_TRUTH,2021-08-08T23:00:00.000Z,28,2419428.867724,-3793.5,-19809.365783,2395826.001941,-2209854.307894,-5353.082158,190618.611889,2405826.001941,62239.219174,2096,641,1455,63225,11512,2856,904,2024,249,518944.67628,0F4D116B5921FB661C7C51BB32768F78C1717B2B1EB2926B91B59B7F1A34E60F
RAW_HEDGED_GRID_T100_S020_CONTINUOUS_TRUTH,2021-08-15T23:00:00.000Z,28,2467222.886126,-3877.74,-19713.188592,2443631.957534,-1327306.254457,-5790.493876,1120535.209201,2453631.957534,929916.597312,2116,779,1337,64629,11758,2856,904,2024,249,545653.009616,A66989A05772EB2B6A529D54A72B63A303348EF18B854F172E91DA46FE1B2B19
RAW_HEDGED_GRID_T100_S020_CONTINUOUS_TRUTH,2021-08-22T23:00:00.000Z,28,2487891.41908,-3908.04,-19891.818098,2464091.560982,-1772236.781265,-5981.232352,695873.547365,2474091.560982,-424661.661836,1968,631,1337,65134,11848,2856,904,2024,249,548628.883919,E4659D7DA0651DC6F2D042A37A674FC8C04A889EAC21B79DC5CA6DA69BAFA45A
RAW_HEDGED_GRID_T100_S020_CONTINUOUS_TRUTH,2021-08-29T23:00:00.000Z,28,2506611.624398,-3939.66,-20394.835494,2482277.128904,-2190234.83847,-5781.40995,296260.880484,2492277.128904,-399612.666881,1855,552,1303,65661,11958,2856,904,2024,249,559954.84364,F21F63A0DBA5764FFB838A903B81EBEAAD9B721236F975B525F606216B288BD2
RAW_HEDGED_GRID_T100_S020_CONTINUOUS_TRUTH,2021-09-05T23:00:00.000Z,28,2520455.508385,-3980.1,-20506.724542,2495968.683843,-1996119.837651,-5934.402363,503914.443829,2505968.683843,207653.563345,1910,563,1347,66335,12063,2856,904,2024,249,562642.415861,3F65906573D2226C4E754F1A48962473BE734F98B8BD7F6BCB6C242CE7BE62F3
RAW_HEDGED_GRID_T100_S020_CONTINUOUS_TRUTH,2021-09-12T23:00:00.000Z,28,2549774.147423,-4028.82,-20597.889975,2525147.437448,-1677192.135959,-6108.804604,851846.496885,2535147.437448,347932.053056,1886,560,1326,67147,12207,2856,904,2024,249,565595.73461,D42C41611108D47C6F9830CDF4B1F56CC676A285334D92839FE3CEF2B953977F
RAW_HEDGED_GRID_T100_S020_CONTINUOUS_TRUTH,2021-09-19T23:00:00.000Z,28,2588563.626044,-4086.72,-20700.862302,2563776.043742,-1763212.885637,-6293.600364,804269.557741,2573776.043742,-47576.939144,1833,566,1267,68112,12379,2856,904,2024,249,570134.059609,932C874EA3760EA4D439DBE836D39177DF2C0C3BF2FF7CBC42B393D3597F13E8
RAW_HEDGED_GRID_T100_S020_CONTINUOUS_TRUTH,2021-09-26T23:00:00.000Z,28,2612404.041706,-4130.46,-20290.342611,2587983.239095,-1838077.714537,-6998.468054,752907.056504,2597983.239095,-51362.501237,1773,674,1099,68841,12517,2856,904,2024,249,622543.432524,B487EAB0B4D85A258E2BF958F5B9867BBA65D1A3F42A3192AD42F9302B6D225A
RAW_HEDGED_GRID_T100_S020_CONTINUOUS_TRUTH,2021-10-03T23:00:00.000Z,28,2636649.009932,-4159.14,-20641.214433,2611848.655499,-2287229.126678,-6982.207296,327637.321525,2621848.655499,-425269.734979,1743,592,1151,69319,12619,2856,904,2024,249,626727.366549,52C00174663295026BB376FB073D13CFAA8E37081AD0E3A13E3668FACD77EE34
RAW_HEDGED_GRID_T100_S020_CONTINUOUS_TRUTH,2021-10-10T23:00:00.000Z,28,2676408.552047,-4200.6,-20723.088049,2651484.863998,-3348627.961748,-7202.186761,-694345.284511,2661484.863998,-1021982.606036,1905,619,1286,70010,12751,2856,904,2024,249,629907.897104,024477A785B1DFF5014660E7971969A915BCCD91FA2C23123DC2E137C16756FD
RAW_HEDGED_GRID_T100_S020_CONTINUOUS_TRUTH,2021-10-17T23:00:00.000Z,28,2695794.028073,-4241.22,-20838.60111,2670714.206963,-3437470.744003,-7398.276099,-764154.813139,2680714.206963,-69809.528628,2012,676,1336,70687,12868,2856,904,2024,249,632168.75752,89E51A1BBE4DC2542DB33F1763ACD98A6D9302AEB428E18A26A6D3F847E7FDCE
RAW_HEDGED_GRID_T100_S020_CONTINUOUS_TRUTH,2021-10-24T23:00:00.000Z,28,2716536.337967,-4283.22,-20989.442783,2691263.675184,-3614193.542901,-7578.55955,-920508.427267,2701263.675184,-156353.614128,1961,667,1294,71387,13005,2856,904,2024,249,635598.14988,40618964AFD46D16544682ECABCFA803AC4F6EFF0EA9426C600522DC9ADBB67E
RAW_HEDGED_GRID_T100_S020_CONTINUOUS_TRUTH,2021-10-31T23:00:00.000Z,28,2739057.90354,-4326.48,-21079.640092,2713651.783448,-2976451.594143,-7838.13729,-260637.947985,2723651.783448,659870.479282,1938,721,1217,72108,13141,2856,904,2024,249,639804.750571,98B0E7D22B5781E71AF25441D5336D1B9B42F247F1E9BB3A487979EAB385F556
RAW_HEDGED_GRID_T100_S020_CONTINUOUS_TRUTH,2021-11-08T00:00:00.000Z,28,2749210.47308,-4355.58,-21116.138141,2723738.754939,-2764870.143018,-8179.094289,-39310.482368,2733738.754939,221327.465617,1984,728,1256,72593,13233,2856,904,2024,249,640683.166543,D1AE029B001651FE3C4082B56AAC3EDD60A6600A31EAEDCC582F75528FB8C96B
RAW_HEDGED_GRID_T100_S020_CONTINUOUS_TRUTH,2021-11-15T00:00:00.000Z,28,2773136.296275,-4394.22,-21222.599107,2747519.477168,-2476164.382671,-8443.056205,272912.038292,2757519.477168,312222.52066,1988,740,1248,73237,13354,2856,904,2024,249,644168.694319,32D5ED400A24CA01ADEC816B1C5196C05B36A04063F01B074CDE69243B6E10F5
RAW_HEDGED_GRID_T100_S020_CONTINUOUS_TRUTH,2021-11-22T00:00:00.000Z,28,2817305.252738,-4450.44,-21443.764247,2791411.048491,-2022841.481637,-8601.667275,769967.899579,2801411.048491,497055.861287,2030,805,1225,74174,13534,2856,904,2024,249,651755.819317,7B0E9ED0716575132EFE9630BEB0B660C9A6EF8049C04C27CF12FCE340CB0894
RAW_HEDGED_GRID_T100_S020_CONTINUOUS_TRUTH,2021-11-29T00:00:00.000Z,28,2852709.036579,-4487.28,-21458.686449,2826763.07013,-1777726.896958,-9025.446119,1050010.727053,2836763.07013,280042.827474,2039,838,1201,74788,13667,2856,904,2024,249,652471.090148,277C4669B409DCF7DB39A7D0DAB9FACC336C563F8D18E3DE4BB388A053A0D2FE
RAW_HEDGED_GRID_T100_S020_CONTINUOUS_TRUTH,2021-12-06T00:00:00.000Z,28,2867337.737085,-4509.06,-21526.031222,2841302.645863,-2203112.057389,-9406.103011,638784.485463,2851302.645863,-411226.24159,2018,814,1204,75151,13724,2856,904,2024,249,654893.510982,C19630CD727ECF2B39236B0867A9E425897FE96321612EF974DDDF2984CA3D30
RAW_HEDGED_GRID_T100_S020_CONTINUOUS_TRUTH,2021-12-13T00:00:00.000Z,28,2889212.878173,-4540.32,-21630.756997,2863041.801176,-2172656.703557,-9737.373565,690647.724054,2873041.801176,51863.238591,2007,799,1208,75672,13813,2856,904,2024,249,657410.565842,268F56E42A5AE6BC0D9E94C532018047E71294D4C1A95A202D3CB0A4D3E2A394
RAW_HEDGED_GRID_T100_S020_CONTINUOUS_TRUTH,2021-12-20T00:00:00.000Z,28,2912591.457274,-4571.58,-22445.281421,2885574.595853,-2570385.287238,-9306.370675,315882.93794,2895574.595853,-374764.786114,2002,667,1335,76193,13900,2856,904,2024,249,666611.109591,8623857399334A25B6A7C76204EC9490D14F39579FD4BF7EDC1962FCAF2BBF19
RAW_HEDGED_GRID_T100_S020_CONTINUOUS_TRUTH,2021-12-27T00:00:00.000Z,28,2939126.651101,-4601.52,-22772.137623,2911752.993478,-3068882.769699,-9303.007093,-156432.783314,2921752.993478,-472315.721254,2016,645,1371,76692,14003,2856,904,2024,249,671329.188757,F335B30BD6CD91A59198EE4D64D0FAF65845D52DC0C19638BD14EC364348DFD4
RAW_HEDGED_GRID_T100_S020_CONTINUOUS_TRUTH,2022-01-03T00:00:00.000Z,28,2964555.740975,-4653.54,-22846.469431,2937055.731544,-2832076.856535,-9541.106866,105437.768143,2947055.731544,261870.551457,2158,651,1507,77559,14154,2856,904,2024,249,673192.418615,24F6009CB02E958F0BCF79F949D045A47B2358D94AE82058FFCAAF12960B83CE
RAW_HEDGED_GRID_T100_S020_CONTINUOUS_TRUTH,2022-01-10T00:00:00.000Z,28,2979039.788849,-4683.66,-23029.508695,2951326.620154,-2555515.242952,-9684.817718,396126.559484,2961326.620154,290688.791341,2141,717,1424,78061,14231,2856,904,2024,249,682086.772781,AABFE3A4531F1BAE2A1E24FAB216E4020342973D80BF1D435E699140B948CB06
RAW_HEDGED_GRID_T100_S020_CONTINUOUS_TRUTH,2022-01-17T00:00:00.000Z,28,2994207.555528,-4721.22,-23036.221721,2966450.113807,-2395430.949114,-10050.686012,570968.478681,2976450.113807,174841.919197,2105,806,1299,78687,14349,2856,904,2024,249,685921.020004,25577B49EDE2F278D56BAE7B002B9C17C50AB6632856CA6988B00C22E2D91F9B
RAW_HEDGED_GRID_T100_S020_CONTINUOUS_TRUTH,2022-01-24T00:00:00.000Z,28,3026475.237726,-4783.14,-22351.252801,2999340.844925,-2004141.500135,-11161.850245,994037.494545,3009340.844925,423069.015864,1925,768,1157,79719,14554,2856,904,2024,249,770705.074172,479FC0E9ADE7154BF006BE8166C74CF3E185DC3456858B279238D417782E4545
RAW_HEDGED_GRID_T100_S020_CONTINUOUS_TRUTH,2022-01-31T00:00:00.000Z,28,3050967.003052,-4826.94,-23250.135001,3022889.928051,-2231494.265503,-10661.778273,790733.884275,3032889.928051,-203303.61027,1839,590,1249,80449,14682,2856,904,2024,249,781388.965836,8BA1BBF2B0F94D548F0192365825E64B6DE28A34D7CA9B7E811A6F1A18861738
RAW_HEDGED_GRID_T100_S020_CONTINUOUS_TRUTH,2022-02-07T00:00:00.000Z,28,3075418.214898,-4855.8,-23349.398276,3047213.016622,-2746090.866356,-10854.804203,300267.346063,3057213.016622,-490466.538212,1853,579,1274,80930,14769,2856,904,2024,249,782945.995001,BD230B1C84F25E4DD7F31205069E36D59551A617E01670B75999069964DD9566
RAW_HEDGED_GRID_T100_S020_CONTINUOUS_TRUTH,2022-02-14T00:00:00.000Z,28,3123540.523165,-4899.48,-23365.737489,3095275.305676,-2521292.709129,-11136.237799,572846.358748,3105275.305676,272579.012685,1742,616,1126,81658,14915,2856,904,2024,249,785788.031806,3CD797C73B5477B6BA60B2AD1620727C5F866A42BE95B15A03437874A674B17B
RAW_HEDGED_GRID_T100_S020_CONTINUOUS_TRUTH,2022-02-21T00:00:00.000Z,28,3170022.421709,-4972.68,-23531.319973,3141518.421736,-2714274.779609,-11295.359243,425948.282884,3151518.421736,-146898.075864,1793,644,1149,82878,15127,2856,904,2024,249,792759.258194,9F4305160A9279BE8189ACC25D6145B69F04FFC0A2CD376F965AB15B0D74581D
RAW_HEDGED_GRID_T100_S020_CONTINUOUS_TRUTH,2022-02-28T00:00:00.000Z,28,3222560.209843,-5035.32,-23811.022578,3193713.867265,-3041160.20173,-11380.44121,151173.224325,3203713.867265,-274775.058559,1763,762,1001,83922,15351,2856,904,2024,249,802893.608191,A9B2D5DBF516B8E4F7A3FC22E602BEAB19625DB5579D805FE354A0E706766720
RAW_HEDGED_GRID_T100_S020_CONTINUOUS_TRUTH,2022-03-07T00:00:00.000Z,28,3245712.954913,-5067.66,-24341.432215,3216303.862698,-3383444.185959,-11237.794544,-168378.117805,3226303.862698,-319551.34213,1798,669,1129,84461,15443,2856,904,2024,249,809092.449161,D75C5A6708C5CA9596373DB89A54F456FE8C8BB3A1C1D30B1899D47F4CA6AC11
RAW_HEDGED_GRID_T100_S020_CONTINUOUS_TRUTH,2022-03-13T23:00:00.000Z,28,3288038.163635,-5102.16,-24393.96643,3258542.037205,-4372296.658306,-11530.456278,-1115285.077379,3268542.037205,-946906.959574,1888,663,1225,85036,15554,2856,904,2024,249,810125.125547,02099000248DF0949DF831777639B3D8D7F3DD86AFCE73D39188E95AAAEC0710
RAW_HEDGED_GRID_T100_S020_CONTINUOUS_TRUTH,2022-03-20T23:00:00.000Z,28,3343525.14837,-5144.88,-24407.158426,3313973.109944,-6015189.875006,-11868.748688,-2703085.51375,3323973.109944,-1587800.436371,2031,720,1311,85748,15690,2856,904,2024,249,811545.815825,97B78C25D2DA0D6907C95EF98535519CAD087BF6008CD556B8D5CF5723CB60F4
RAW_HEDGED_GRID_T100_S020_CONTINUOUS_TRUTH,2022-03-27T23:00:00.000Z,28,3392035.315261,-5187.66,-24448.779701,3362398.87556,-6286266.304618,-12223.567831,-2926090.996889,3372398.87556,-223005.483139,2113,804,1309,86461,15807,2856,904,2024,249,813322.62902,5F21BE0A12400EC5C05B718AE985BC39CEBF95C0BA656B96159A42B526AEDA84
RAW_HEDGED_GRID_T100_S020_CONTINUOUS_TRUTH,2022-04-03T23:00:00.000Z,28,3400209.859899,-5214.66,-24552.253893,3370442.946006,-6539380.24814,-12536.414262,-3171473.716396,3380442.946006,-245382.719507,2128,781,1347,86911,15896,2856,904,2024,249,815200.729019,AE5911826403C2A7BAB28C180B6B86CD9BBB98831A1037D00F4DF45A294EE711
RAW_HEDGED_GRID_T100_S020_CONTINUOUS_TRUTH,2022-04-10T23:00:00.000Z,28,3435419.96676,-5251.5,-24571.892053,3405596.574707,-7192903.859647,-12934.584576,-3790241.869516,3415596.574707,-618768.15312,2163,808,1355,87525,16007,2856,904,2024,249,818545.942906,A5EBC433507AC3CC0A006C47A2C6B5C8173923C00083C51C3A5BD169B60FA732
RAW_HEDGED_GRID_T100_S020_CONTINUOUS_TRUTH,2022-04-17T23:00:00.000Z,28,3483171.580319,-5309.22,-24602.584558,3453259.775761,-7138823.375661,-13330.890609,-3688894.490509,3463259.775761,101347.379007,2447,895,1552,88487,16159,2856,907,2024,249,822081.210266,89E96243C15C5D1C079EBA98C50B623D90B88EF79778EBBA719B7CE899436D27
RAW_HEDGED_GRID_T100_S020_CONTINUOUS_TRUTH,2022-04-24T23:00:00.000Z,28,3523133.413835,-5354.4,-24624.062774,3493154.951061,-6378695.045458,-13803.412451,-2889343.506848,3503154.951061,799550.983661,2397,954,1443,89240,16302,2856,955,2024,249,826038.390128,539C29697F29AA1B95198A30A7F9AADD1F2EBFFFDA9F3C57A7DC0FD75A621214
RAW_HEDGED_GRID_T100_S020_CONTINUOUS_TRUTH,2022-05-01T23:00:00.000Z,28,3539550.36158,-5388.78,-24686.033793,3509475.547787,-6401689.815759,-14244.876513,-2896459.144485,3519475.547787,-7115.637637,2393,926,1467,89813,16415,2856,959,2024,249,827366.671376,1F2E625D3B0EF4233548DBF180F5367540A900A8C33638640B8114867469BA22
RAW_HEDGED_GRID_T100_S020_CONTINUOUS_TRUTH,2022-05-08T23:00:00.000Z,28,3596616.140876,-5427.42,-23801.063287,3567387.657589,-4779567.731925,-15610.944908,-1217791.019244,3577387.657589,1678668.125241,2005,892,1113,90457,16541,2856,970,2024,249,1000671.443599,AC8C40049EA4137C1F543D0DDBC0BB96E1A6ECB2E5029C3472031826074FA10D
RAW_HEDGED_GRID_T100_S020_CONTINUOUS_TRUTH,2022-05-15T23:00:00.000Z,28,3637715.789391,-5460.36,-23894.517169,3608360.912222,-5000045.797656,-16004.854371,-1397689.739805,3618360.912222,-179898.720561,2032,886,1146,91006,16631,2856,970,2024,249,1002481.393598,B3C39A09ED054C9E2A55FB1BF963E81DB7C39211B458829A1D3503A33FEDD71E
RAW_HEDGED_GRID_T100_S020_CONTINUOUS_TRUTH,2022-05-22T23:00:00.000Z,28,3682574.927378,-5483.88,-23908.180503,3653182.866875,-5400126.493661,-16481.392201,-1753425.018987,3663182.866875,-355735.279182,2046,889,1157,91398,16702,2856,970,2024,249,1004125.711653,06CBFE31C3E690B65134E4A32FDF5B168AD1C8D7A732B2F9928E79879AE87B92
RAW_HEDGED_GRID_T100_S020_CONTINUOUS_TRUTH,2022-05-29T23:00:00.000Z,28,3723406.296165,-5508.66,-23954.971167,3693942.664998,-7127117.623401,-16924.112487,-3440099.07089,3703942.664998,-1686674.051903,2075,884,1191,91811,16792,2856,970,2024,249,1005632.067902,4A2FA6D85318C40926AEAA326C7BF0677D585D286B6F5A4F18A35E55089471AF
RAW_HEDGED_GRID_T100_S020_CONTINUOUS_TRUTH,2022-06-05T23:00:00.000Z,28,3770066.812857,-5559.48,-24113.949226,3740393.383631,-7326251.087599,-17235.240172,-3593092.94414,3750393.383631,-152993.87325,2148,890,1258,92658,16940,2856,970,2024,249,1009865.699151,3072CFAAA6A78BE12D4D6212BC6782F2DEF3065E40C4D4F3C5C9F5584941C180
RAW_HEDGED_GRID_T100_S020_CONTINUOUS_TRUTH,2022-06-12T23:00:00.000Z,28,3882849.016183,-5634.78,-28368.30791,3848845.928273,-7202337.055798,-13459.538415,-3356950.66594,3858845.928273,236142.2782,2059,852,1207,93913,17168,2856,970,2024,249,1058429.242903,CD48B8BD00EAEADC162EF53D0D75FBFCBCDAA5188409FA789CBDF0E9BC3C63A8
RAW_HEDGED_GRID_T100_S020_CONTINUOUS_TRUTH,2022-06-19T23:00:00.000Z,28,3917692.393732,-5652.72,-28376.086523,3883663.587209,-7747230.375998,-13908.796397,-3867475.585186,3893663.587209,-510524.919246,1980,846,1134,94212,17231,2856,970,2024,249,1062933.757485,E9B3975B4C16724A1580B44DD46A07E96E22767006A5C3C4835250A19181F4DF
RAW_HEDGED_GRID_T100_S020_CONTINUOUS_TRUTH,2022-06-26T23:00:00.000Z,28,3956660.700313,-5679.72,-28434.010747,3922546.969566,-6991236.438042,-14309.62495,-3072999.093426,3932546.969566,794476.49176,1958,866,1092,94662,17336,2856,970,2024,249,1064472.266513,1F71234A228C4B4365BF31D5DD816DDA886D8C01DB416F616AFEDDD59DFDC186
RAW_HEDGED_GRID_T100_S020_CONTINUOUS_TRUTH,2022-07-03T23:00:00.000Z,28,4017352.637926,-5733.54,-28427.644864,3983191.453062,-7384450.242744,-14823.959119,-3406082.748801,3993191.453062,-333083.655375,2065,970,1095,95559,17481,2856,975,2024,249,1070393.86443,D29847B1EA8FB50FAF54EDA86904F107C90BC97DACF178D960594017CEC6F167
RAW_HEDGED_GRID_T100_S020_CONTINUOUS_TRUTH,2022-07-10T23:00:00.000Z,28,4063262.902365,-5777.04,-28528.89671,4028956.965655,-7959660.530971,-15262.154216,-3935965.719532,4038956.965655,-529882.970731,2068,943,1125,96284,17639,2856,977,2024,249,1072190.440817,0B88B748D066D9552F3D35541692FE50E4E1CAAC0FE01927E29CA37A01264345
RAW_HEDGED_GRID_T100_S020_CONTINUOUS_TRUTH,2022-07-17T23:00:00.000Z,28,4101925.66161,-5806.5,-28569.630275,4067549.531335,-8092592.223201,-15751.548153,-4030794.240019,4077549.531335,-94828.520487,2102,991,1111,96775,17727,2856,991,2024,249,1073771.392206,E6E825305B9AD976D70B9DF6F7108185C4836D1F92CBDFF64EFAD3402498379F
RAW_HEDGED_GRID_T100_S020_CONTINUOUS_TRUTH,2022-07-24T23:00:00.000Z,28,4146159.082816,-5842.68,-28566.946249,4111749.456567,-7455006.829301,-16318.613748,-3349575.986482,4121749.456567,681218.253537,2150,1072,1078,97378,17831,2856,1072,2024,249,1078027.890123,0E2B55C15F9AD32450DFFA68461031651061E2D2B57DE000C0066A3CFC3AD522
RAW_HEDGED_GRID_T100_S020_CONTINUOUS_TRUTH,2022-07-31T23:00:00.000Z,28,4183083.246551,-5877.72,-28658.938923,4148546.587628,-7547775.181354,-16841.919988,-3406070.513714,4158546.587628,-56494.527232,2130,1011,1119,97962,17922,2856,1079,2024,249,1080021.379012,FD0799DB8C540F10B6F8666019A721503F3C1AFC4A5CBA2BB35BA6EF4DC4302B
RAW_HEDGED_GRID_T100_S020_CONTINUOUS_TRUTH,2022-08-07T23:00:00.000Z,28,4214728.111537,-5907.48,-29246.44218,4179574.189357,-8037811.753096,-16817.87622,-3865055.439959,4189574.189357,-458984.926245,2063,948,1115,98458,18028,2856,1079,2024,249,1087026.862344,0DF4DC8556906B0AA137C852CE5B88E779951064B93B22EBA8B3C8345B4F464B
RAW_HEDGED_GRID_T100_S020_CONTINUOUS_TRUTH,2022-08-14T23:00:00.000Z,28,4244772.125249,-5943.84,-29281.0005,4209547.284749,-8085974.844393,-17325.504876,-3883753.06452,4219547.284749,-18697.624561,2057,978,1079,99064,18142,2856,1079,2024,249,1089843.76651,85F89557D023CD9FEC17F11C95ABB9C7720D127239639F4507F67D5246FC14DA
RAW_HEDGED_GRID_T100_S020_CONTINUOUS_TRUTH,2022-08-21T23:00:00.000Z,28,4274392.922178,-5979.72,-29417.008083,4238996.194095,-8329095.111833,-17744.684401,-4097843.602139,4248996.194095,-214090.537619,2060,948,1112,99662,18262,2856,1079,2024,249,1091973.138036,72979025BBC7DDE9BA5E434114CA3AAAE3C0A2AA13E7FF1D00A4ABA9B04C6A51
RAW_HEDGED_GRID_T100_S020_CONTINUOUS_TRUTH,2022-08-28T23:00:00.000Z,28,4310817.612224,-6028.38,-29596.167424,4275193.0648,-8753083.797311,-18102.098573,-4485992.831084,4285193.0648,-388149.228945,2220,966,1254,100473,18409,2856,1079,2024,249,1094308.160256,7B4F6AAFE79B347A1A6694463DBCA6A7415210704EC430EF35402BD93CBBE861
RAW_HEDGED_GRID_T100_S020_CONTINUOUS_TRUTH,2022-09-04T23:00:00.000Z,28,4384692.060955,-6094.5,-29624.045819,4348973.515136,-10474792.065496,-18627.944225,-6134446.494585,4358973.515136,-1648453.663501,2448,1076,1372,101575,18598,2856,1079,2024,249,1096350.004003,8A73E56163F3F42C25455EFCF6F4AE3C7B6F5C52250D06182A1EB3356B6B1478
RAW_HEDGED_GRID_T100_S020_CONTINUOUS_TRUTH,2022-09-11T23:00:00.000Z,28,4428507.010333,-6134.58,-29643.785551,4392728.644782,-9897841.839294,-19205.958876,-5514319.153388,4402728.644782,620127.341197,2452,1117,1335,102243,18739,2856,1133,2024,249,1098120.582474,554BD29668DD1ECB74177C717A7DA15172F9A7218446AC02EEBF982AB2B1BAEA
RAW_HEDGED_GRID_T100_S020_CONTINUOUS_TRUTH,2022-09-18T23:00:00.000Z,28,4512653.511073,-6201.96,-27691.427984,4478760.123089,-8690128.840989,-21792.15806,-4223160.87596,4488760.123089,1291158.277428,2222,1191,1031,103366,18978,2856,1216,2024,249,1302239.410252,D8621E4057C7C215D342E2A9E2563B51DBFAB194B61BEE02190822C5CC93B6EF
RAW_HEDGED_GRID_T100_S020_CONTINUOUS_TRUTH,2022-09-25T23:00:00.000Z,28,4579637.335246,-6262.14,-27765.157678,4545610.037568,-8607827.427699,-22405.969451,-4074623.359582,4555610.037568,148537.516378,2370,1160,1210,104369,19157,2856,1216,2024,249,1303628.862333,450DBE6EFCB631473E2E33DB6F9590B92293FF2F1EF815CB8C1FB75B66D19143
RAW_HEDGED_GRID_T100_S020_CONTINUOUS_TRUTH,2022-10-02T23:00:00.000Z,28,4610518.161161,-6291.06,-27793.582056,4576433.519105,-8533629.390612,-23029.392942,-3970225.264449,4586433.519105,104398.095133,2312,1149,1163,104851,19255,2856,1216,2024,249,1305624.173443,38035397AE15ED4A97CD50946E8F35A0F4A0BF34C2AF581E94777A9D42CCE8DC
RAW_HEDGED_GRID_T100_S020_CONTINUOUS_TRUTH,2022-10-09T23:00:00.000Z,28,4645085.61712,-6323.58,-29052.802642,4609709.234478,-8968594.303828,-22419.053242,-4371304.122592,4619709.234478,-401078.858143,2361,1059,1302,105393,19348,2856,1216,2024,249,1319697.935246,4ED6AA5B0F8C733B99AB7314F14465E4B303ACB819D13E07C2C2E41EA65B8827
RAW_HEDGED_GRID_T100_S020_CONTINUOUS_TRUTH,2022-10-16T23:00:00.000Z,28,4694001.844195,-6355.8,-29148.637253,4658497.406942,-10198484.586561,-22909.000594,-5552896.180213,4668497.406942,-1181592.057621,2494,1090,1404,105930,19437,2856,1216,2024,249,1321175.238718,EAA0E95E167F5664E68EDE9814C4DB562562CF73E923FF84A0F60204696F852A
RAW_HEDGED_GRID_T100_S020_CONTINUOUS_TRUTH,2022-10-23T23:00:00.000Z,28,4715146.437593,-6375.66,-29975.594592,4678795.183001,-9854155.917768,-22651.558655,-5188012.293422,4688795.183001,364883.886791,2450,986,1464,106261,19487,2856,1216,2024,249,1330474.181772,54C3B36B6B6D8FCC0CFB97989CCB5328FE54DEF1AB83BE0BEA88D118731F4024
RAW_HEDGED_GRID_T100_S020_CONTINUOUS_TRUTH,2022-10-30T23:00:00.000Z,28,4732303.874806,-6406.2,-30205.07901,4695692.595796,-9698743.246826,-22947.879206,-5015998.530236,4705692.595796,172013.763186,2385,983,1402,106770,19564,2856,1216,2024,249,1337699.925523,D25927304D0776AD6AB9C58AE3D5B48D0126665165374F7E177F3F17F2C6DAE0
RAW_HEDGED_GRID_T100_S020_CONTINUOUS_TRUTH,2022-11-07T00:00:00.000Z,28,4785283.810486,-6450.6,-30328.298096,4748504.91239,-8370038.036023,-23363.833843,-3634896.957476,4758504.91239,1381101.57276,2246,1041,1205,107510,19681,2856,1216,2024,249,1348256.01094,552E7A0D9FD0FC8650D7A8769EAE53C6B2E47BBEC6D8910F668EC8C98D48F33C
RAW_HEDGED_GRID_T100_S020_CONTINUOUS_TRUTH,2022-11-14T00:00:00.000Z,28,4816154.339118,-6476.82,-33018.449778,4776659.06934,-8425217.63244,-21209.385828,-3659767.948928,4786659.06934,-24870.991452,2134,854,1280,107947,19755,2856,1216,2024,249,1378060.232466,E679BE5B872DC0D3CE769DC3F2B0C65B6290D9A34FC6F34F8C58395A63E75FDD
RAW_HEDGED_GRID_T100_S020_CONTINUOUS_TRUTH,2022-11-21T00:00:00.000Z,28,4838685.814229,-6496.5,-34677.99965,4797511.314579,-8471467.688043,-19998.354677,-3683954.728141,4807511.314579,-24186.779213,1961,763,1198,108275,19815,2856,1216,2024,249,1424675.809548,7C1E0C584B6CA457F1285BEAF11A23A5603C022FAD28B9A2A37D9B62BAF80741
RAW_HEDGED_GRID_T100_S020_CONTINUOUS_TRUTH,2022-11-28T00:00:00.000Z,28,4953327.157539,-6561.66,-34147.947997,4912617.549542,-6918064.93958,-20953.642857,-2016401.032895,4922617.549542,1667553.695246,1807,895,912,109361,19989,2856,1216,2024,249,1489207.405383,812EC84B1E7E115D3A889F302874E4C95EF40624807C7297B4FBC9404259530C
RAW_HEDGED_GRID_T100_S020_CONTINUOUS_TRUTH,2022-12-05T00:00:00.000Z,28,4992932.875893,-6592.56,-34255.52129,4952084.794603,-7703392.604083,-21316.936252,-2762624.745732,4962084.794603,-746223.712837,1734,787,947,109876,20108,2856,1216,2024,249,1490768.276214,258E9844950F3292BAD94A0D400CA22EBE2567B88DA7B57E23C5AFF88928E411
RAW_HEDGED_GRID_T100_S020_CONTINUOUS_TRUTH,2022-12-12T00:00:00.000Z,28,5046698.999934,-6640.56,-35576.196127,5004482.243807,-7352631.04976,-20424.410319,-2358573.216272,5014482.243807,404051.52946,1786,797,989,110676,20268,2856,1216,2024,249,1506127.676211,52F1404788BABA83AE4713997866E87E355A757E0374C0781A3008E7340D9FC2
RAW_HEDGED_GRID_T100_S020_CONTINUOUS_TRUTH,2022-12-19T00:00:00.000Z,28,5143105.522956,-6686.58,-35606.833945,5100812.109011,-6166162.572646,-20878.764359,-1076229.227994,5110812.109011,1282343.988278,1945,924,1021,111443,20397,2856,1216,2024,249,1508059.610237,7A7D253AFCC2F92419E41877AA044292EDD3CBC8C11636AF5CE30D73A9B51D3F
RAW_HEDGED_GRID_T100_S020_CONTINUOUS_TRUTH,2022-12-26T00:00:00.000Z,28,5163045.987309,-6707.52,-35702.169523,5120636.297786,-6331672.24946,-21283.235132,-1222319.186806,5130636.297786,-146089.958812,1840,850,990,111792,20469,2856,1216,2024,249,1509979.612319,5F93A4458C00F802D2C112B9BA697F2F8E2343ED867DEAB4314524BB76A557C3
RAW_HEDGED_GRID_T100_S020_CONTINUOUS_TRUTH,2023-01-02T00:00:00.000Z,28,5206419.177622,-6765.06,-35845.167844,5163808.949778,-6502676.315989,-21625.502618,-1350492.868829,5173808.949778,-128173.682023,1844,871,973,112751,20629,2856,1216,2024,249,1517962.115791,4E8CA638B68740435EC0AACD4709391C08BE6360564C9A46DD456CBFFD5E2A44
RAW_HEDGED_GRID_T100_S020_CONTINUOUS_TRUTH,2023-01-09T00:00:00.000Z,28,5248646.878499,-6798.66,-37673.81454,5204174.403959,-5436850.515216,-20278.261265,-242954.372522,5214174.403959,1107538.496307,1737,834,903,113311,20742,2856,1216,2024,249,1546072.422734,CE3951BAE9EC5A31BB7C0ECAB585F1CF3FF21F2812232AB0C756BE296B18A5F7
RAW_HEDGED_GRID_T100_S020_CONTINUOUS_TRUTH,2023-01-16T00:00:00.000Z,28,5297602.405087,-6843.06,-38088.32735,5252671.017737,-6212041.871028,-20325.470051,-969696.323342,5262671.017737,-726741.95082,1639,730,909,114051,20869,2856,1216,2024,249,1552688.778289,F1B9FD6C8FFAE25CF1A8060458B3C5FA382BCFB3357229C45989042102D5B1F5
RAW_HEDGED_GRID_T100_S020_CONTINUOUS_TRUTH,2023-01-23T00:00:00.000Z,28,5309839.352091,-6876.6,-38148.065371,5264814.68672,-6592287.782913,-20661.297101,-1338134.393294,5274814.68672,-368438.069952,1729,735,994,114610,20966,2856,1216,2024,249,1553749.37412,BA77D4A81010E935F5B21B8C0648A74D1CC618322C308CB69C188CE7C3AE2264
RAW_HEDGED_GRID_T100_S020_CONTINUOUS_TRUTH,2023-01-30T00:00:00.000Z,28,5343266.566656,-6922.98,-38184.046973,5298159.539683,-6664475.880336,-21029.129097,-1377345.46975,5308159.539683,-39211.076456,1661,771,890,115383,21113,2856,1216,2024,249,1557976.873425,4380301337E2E5F0B6024DE5199703F7F4965404A95DDA3095E3D1D615EB7B08
RAW_HEDGED_GRID_T100_S020_CONTINUOUS_TRUTH,2023-02-06T00:00:00.000Z,28,5385416.147384,-6962.1,-38202.162505,5340251.884879,-6534932.634487,-21467.400305,-1206148.149913,5350251.884879,171197.319837,1693,847,846,116035,21230,2856,1216,2024,249,1559149.042869,4FDC30236B51B447675B5E6C80D3ECBD734D8D2A2F574EA96A1F71EF4555ECA1
RAW_HEDGED_GRID_T100_S020_CONTINUOUS_TRUTH,2023-02-13T00:00:00.000Z,28,5405319.838363,-7000.38,-38214.13183,5360105.326533,-7249712.713103,-21931.520006,-1901538.906576,5370105.326533,-695390.756663,1686,829,857,116673,21365,2856,1216,2024,249,1563973.392866,576A340B22ACFCFC4CAA53F9CAFC80C823C73D33FB5CCB123772229D90889C2A
RAW_HEDGED_GRID_T100_S020_CONTINUOUS_TRUTH,2023-02-20T00:00:00.000Z,28,5417613.671779,-7034.1,-38495.843774,5372083.728005,-7163334.875957,-22114.316936,-1803365.464888,5382083.728005,98173.441688,1657,803,854,117235,21465,2856,1216,2024,249,1572144.31231,D9167886C11AED828387463C822A89D17A27F37C3459897F1D86D02069F18004
RAW_HEDGED_GRID_T100_S020_CONTINUOUS_TRUTH,2023-02-27T00:00:00.000Z,28,5443733.855641,-7077.66,-38655.082501,5398001.11314,-7237055.134992,-22411.998719,-1851466.020571,5408001.11314,-48100.555683,1779,827,952,117961,21581,2856,1216,2024,249,1574593.759532,F8DF39D7072BA2263E6D2E3CB4315F9A56E65A4A348BB853BC3966A90EFD9096
RAW_HEDGED_GRID_T100_S020_CONTINUOUS_TRUTH,2023-03-06T00:00:00.000Z,28,5498633.24136,-7134.24,-38690.031887,5452808.969473,-6813282.387226,-22850.618143,-1373324.035896,5462808.969473,478141.984675,1779,913,866,118904,21780,2856,1216,2024,249,1578024.549113,D6D64C59483FBE8A1657F2940441BF4BE5045C63FF4702594BE34300E735A34F
RAW_HEDGED_GRID_T100_S020_CONTINUOUS_TRUTH,2023-03-12T23:00:00.000Z,28,5612391.47684,-7202.46,-38845.55414,5566343.4627,-6016436.971038,-23214.62147,-463308.129808,5576343.4627,910015.906088,1779,882,897,120041,21989,2856,1216,2024,249,1581265.141472,C3182F40EAFD995D93C1BDDAB374B698E0F0273D01F591B4D89FEDAA8E80148D
RAW_HEDGED_GRID_T100_S020_CONTINUOUS_TRUTH,2023-03-19T23:00:00.000Z,28,5678555.468352,-7238.34,-39068.146259,5632248.982093,-5646439.28335,-23464.714962,-27655.016219,5642248.982093,435653.113589,1707,835,872,120639,22111,2856,1216,2024,249,1584604.285913,DB394FBCEE6E02C8A055CB1E0F5C8B5A17268C88D323A230997F3D0741504BE3
RAW_HEDGED_GRID_T100_S020_CONTINUOUS_TRUTH,2023-03-26T23:00:00.000Z,28,5710662.585717,-7263.36,-39141.833064,5664257.392653,-6742669.34373,-23851.216624,-1092263.167701,5674257.392653,-1064608.151482,1704,789,915,121056,22190,2856,1216,2024,249,1586755.770635,71B28463462EE0513F089F8D23070AA616FCA25385B414DD9228D46AB0B24418
RAW_HEDGED_GRID_T100_S020_CONTINUOUS_TRUTH,2023-04-02T23:00:00.000Z,28,5737583.653631,-7313.34,-41911.888841,5688358.42479,-6530016.99666,-21510.385707,-853168.957577,5698358.42479,239094.210124,1696,764,932,121889,22341,2856,1216,2024,249,1618493.517855,2D5B8539E11CA8B1513EF82D421D7FAE4093DF3E37087DE4BADEA164CCDBBE16
RAW_HEDGED_GRID_T100_S020_CONTINUOUS_TRUTH,2023-04-09T23:00:00.000Z,28,5765257.057637,-7350.54,-42059.815399,5715846.702238,-7546679.525426,-21779.328304,-1842612.151492,5725846.702238,-989443.193915,1696,772,924,122509,22463,2856,1216,2024,249,1621965.058825,E33421DF62BA8368454FAC691451EC54135E2B0923088485A74287EB33B2AAE0
RAW_HEDGED_GRID_T100_S020_CONTINUOUS_TRUTH,2023-04-16T23:00:00.000Z,28,5791563.607198,-7381.8,-42156.519655,5742025.287543,-7863992.55645,-22117.360879,-2134084.629786,5752025.287543,-291472.478294,1764,755,1009,123030,22561,2856,1216,2024,249,1623485.333823,D4DAEE5B933519FD657CC91FB28D9907CF33876CF13A0F17C9F97734AD4D8984
RAW_HEDGED_GRID_T100_S020_CONTINUOUS_TRUTH,2023-04-23T23:00:00.000Z,28,5866275.15519,-7448.04,-63265.851126,5795561.264064,-8524808.043765,-1364.536957,-2720611.316658,5805561.264064,-586526.686872,1787,594,1193,124134,22743,2856,1216,2024,249,1855832.240769,0042A0522A64AFED5CA09B0CB9D9FB769326EAD6B9A5C637DEBB36E655AC226E
RAW_HEDGED_GRID_T100_S020_CONTINUOUS_TRUTH,2023-04-30T23:00:00.000Z,28,5885237.155119,-7511.34,-64283.435315,5813442.379804,-8239866.579959,-628.744102,-2417052.944257,5823442.379804,303558.372401,1770,574,1196,125189,22917,2856,1216,2024,249,1868947.114377,DFEDC61F90CA4EF5CBEAAB11472F884853A6484586DA42FBF08DCCEB970C1EF7
RAW_HEDGED_GRID_T100_S020_CONTINUOUS_TRUTH,2023-05-07T23:00:00.000Z,28,5914159.023093,-7539.84,-64274.304327,5842344.878766,-7870065.278097,-929.48658,-2018649.885911,5852344.878766,398403.058346,1620,614,1006,125664,23003,2856,1216,2024,249,1876847.54007,97748AF5F6741FB91A33B82DEF130444E2652CE1568EF5F2113E8F7758F82C5C
RAW_HEDGED_GRID_T100_S020_CONTINUOUS_TRUTH,2023-05-14T23:00:00.000Z,28,5947401.604177,-7568.22,-64343.997695,5875489.386482,-9269898.665389,-1178.357765,-3385587.636672,5885489.386482,-1366937.750761,1668,612,1056,126137,23095,2856,1216,2024,249,1878091.897708,90BA437DAE8D2E8C0C77F21F187E6E9FF9BB00DE1AD489448B3162F7684E19B7
RAW_HEDGED_GRID_T100_S020_CONTINUOUS_TRUTH,2023-05-21T23:00:00.000Z,28,5978034.109743,-7614.66,-64492.400166,5905927.049577,-9387773.828614,-1356.030417,-3473202.809454,5915927.049577,-87615.172782,1747,635,1112,126911,23238,2856,1216,2024,249,1880618.253264,BEEB27889CE8F4BC66137196156C134A080C5F1B4EB8071A2F0471511692B2EA
RAW_HEDGED_GRID_T100_S020_CONTINUOUS_TRUTH,2023-05-28T23:00:00.000Z,28,6004538.681815,-7661.46,-64626.947447,5932250.274368,-9413983.517973,-1561.909365,-3473295.15297,5942250.274368,-92.343516,1880,667,1213,127691,23361,2856,1216,2024,249,1883831.025485,CDF170C838638B74426386569415ED30D1F87F3BC91B32190BB87E6E81ABCB34
RAW_HEDGED_GRID_T100_S020_CONTINUOUS_TRUTH,2023-06-04T23:00:00.000Z,28,6024195.224238,-7694.04,-64551.640295,5951949.543943,-10041815.041279,-1989.140622,-4081854.637958,5961949.543943,-608559.484988,1779,646,1133,128234,23459,2856,1216,2024,249,1903403.28868,3161D3117FE6CCD36A70AFE0105452D0505DB4E74134FC60E61CB3305B8C6C6C
RAW_HEDGED_GRID_T100_S020_CONTINUOUS_TRUTH,2023-06-11T23:00:00.000Z,28,6083874.382176,-7744.26,-65323.409248,6010806.712928,-12562849.400843,-1523.580953,-6543566.268868,6020806.712928,-2461711.63091,1793,529,1264,129071,23630,2856,1216,2024,249,1912987.292149,AFE815B4144FBF804AD8B45FF4EAD1B934C7A8FCB18279482BD070038DCB18FC
RAW_HEDGED_GRID_T100_S020_CONTINUOUS_TRUTH,2023-06-18T23:00:00.000Z,28,6127835.139336,-7788.6,-67746.151589,6052300.387747,-12979599.113935,661.996561,-6916636.729627,6062300.387747,-373070.460759,1660,488,1172,129810,23773,2856,1216,2024,249,1942157.010897,F9912CC96B9C19CDF4650D74C464E474725BFA6BAF2BFEC68641347D75F1CF9C
RAW_HEDGED_GRID_T100_S020_CONTINUOUS_TRUTH,2023-06-25T23:00:00.000Z,28,6146296.597613,-7821.66,-67778.950406,6070695.987207,-13596931.044861,450.51721,-7515784.540444,6080695.987207,-599147.810817,1705,510,1195,130361,23874,2856,1216,2024,249,1943813.06784,DE84C8B121B9FFDBC3FE9C1762D77F1E41858D40DAAEFDC758836A8EAECCB356
RAW_HEDGED_GRID_T100_S020_CONTINUOUS_TRUTH,2023-07-02T23:00:00.000Z,28,6153459.765225,-7852.56,-67946.939209,6077660.266016,-12538211.451329,375.723054,-6450175.462259,6087660.266016,1065609.078185,1763,511,1252,130876,23961,2856,1216,2024,249,1946353.74909,83AC2CEC69D7E6759C75AB056C72D0F4842DDDF6BDB10F3A34C9D9B975033CA5
RAW_HEDGED_GRID_T100_S020_CONTINUOUS_TRUTH,2023-07-09T23:00:00.000Z,28,6179137.249178,-7916.04,-68251.438982,6102969.770196,-12665808.716966,421.81404,-6552417.13273,6112969.770196,-102241.670471,1741,529,1212,131934,24159,2856,1216,2024,249,1957353.951864,B37D6434B507BC4D3D01367CE1CE0A34EA64E693F1AF8D38B826AFA5630C2C82
RAW_HEDGED_GRID_T100_S020_CONTINUOUS_TRUTH,2023-07-16T23:00:00.000Z,28,6211900.718672,-7963.56,-68617.676021,6135319.482651,-13474768.172616,524.503276,-7328924.186689,6145319.482651,-776507.053959,1678,498,1180,132726,24294,2856,1216,2024,249,1962857.219922,AABFD76133C34872E210EBC1B12B4D7E20F7A16DEC458F33D005B5F2193DBB56
RAW_HEDGED_GRID_T100_S020_CONTINUOUS_TRUTH,2023-07-23T23:00:00.000Z,28,6344043.476211,-8018.34,-68617.064252,6267408.071959,-12122193.449748,269.26451,-5844516.113279,6277408.071959,1484408.07341,1604,536,1068,133639,24472,2856,1216,2024,249,1968198.322004,3E417706C84C5AD711C0F83284A5E7C9018B6E62C0570EF81E6DEAFE3CD09A0C
RAW_HEDGED_GRID_T100_S020_CONTINUOUS_TRUTH,2023-07-30T23:00:00.000Z,28,6363462.674588,-8048.46,-68899.793429,6286514.421159,-12364414.989661,285.432333,-6067615.136169,6296514.421159,-223099.02289,1620,501,1119,134141,24562,2856,1216,2024,249,1971825.269224,9DA46A81C4A7E0E9E59E57D711071CAE25EF0F0E7ADDE3306FBA33272EC481C7
RAW_HEDGED_GRID_T100_S020_CONTINUOUS_TRUTH,2023-08-06T23:00:00.000Z,28,6386620.034267,-8073.72,-69022.657186,6309523.657081,-13647698.326599,172.830505,-7328001.839013,6319523.657081,-1260386.702844,1611,463,1148,134562,24648,2856,1216,2024,249,1973722.265057,50F8AA981E960CCE43E497A67FF67E66E3B27816D3F4F3CE179F2069F0C44605
RAW_HEDGED_GRID_T100_S020_CONTINUOUS_TRUTH,2023-08-13T23:00:00.000Z,28,6403962.70618,-8121.84,-69048.509485,6326792.356695,-13260011.570648,-40.220722,-6923259.434675,6336792.356695,404742.404338,1806,560,1246,135364,24797,2856,1216,2024,249,1974543.067138,BC7C1AEA261EA50E132A30CACFF6299ABC4CB750A88011389096E9CF81236B7E
RAW_HEDGED_GRID_T100_S020_CONTINUOUS_TRUTH,2023-08-20T23:00:00.000Z,28,6419125.651716,-8164.38,-69094.984784,6341866.286932,-13393425.644836,-282.452005,-7041841.809909,6351866.286932,-118582.375234,1915,633,1282,136073,24907,2856,1216,2024,249,1976149.147693,D8C72C889C1070DAD0118125D9861B45E2166CD2B92F2594A2D920BAED362D9B
RAW_HEDGED_GRID_T100_S020_CONTINUOUS_TRUTH,2023-08-27T23:00:00.000Z,28,6442173.88274,-8209.38,-69140.244293,6364824.258447,-13584414.87055,-550.944706,-7210141.556809,6374824.258447,-168299.7469,1894,651,1243,136823,25043,2856,1216,2024,249,1978746.144914,8302CB39B3E26C7415B57DD4F686371CCB352BE0D4D299558559B3BC18511622
RAW_HEDGED_GRID_T100_S020_CONTINUOUS_TRUTH,2023-09-03T23:00:00.000Z,28,6462675.728645,-8245.32,-69122.353505,6385308.05514,-13722324.936292,-891.829112,-7327908.710264,6395308.05514,-117767.153455,1807,635,1172,137422,25161,2856,1216,2024,249,1990103.08172,678E78F5180C552311EF307B5CF21E66133F4CCEFDC3A739F58A47C00E19B5C4
RAW_HEDGED_GRID_T100_S020_CONTINUOUS_TRUTH,2023-09-10T23:00:00.000Z,28,6489563.106057,-8281.92,-68825.216477,6412455.96958,-13567376.992497,-1525.250119,-7146446.273036,6422455.96958,181462.437228,1706,691,1015,138032,25272,2856,1216,2024,249,2023328.196304,31DBD1ADCFC5A8D14316A131103279645DDC272BF0825DA63209803574312E9B
RAW_HEDGED_GRID_T100_S020_CONTINUOUS_TRUTH,2023-09-17T23:00:00.000Z,28,6509834.504,-8334.78,-69555.295465,6431944.428535,-13157802.094712,-1177.172201,-6717034.838378,6441944.428535,429411.434658,1761,671,1090,138913,25424,2856,1216,2024,249,2033648.178943,7208CD5BC24B23DD0F1B7F076DBDC4764A209EAA366868749B09E01D973DD558
RAW_HEDGED_GRID_T100_S020_CONTINUOUS_TRUTH,2023-09-24T23:00:00.000Z,28,6526489.087811,-8380.26,-72235.230337,6445873.597474,-13282388.591629,1163.186073,-6825351.808082,6455873.597474,-108316.969704,1762,552,1210,139671,25559,2856,1216,2024,249,2063495.733805,B310B108E4C574B6574F0983AEBC1C6D789118272FF533CC0738FE63217A5B2A
RAW_HEDGED_GRID_T100_S020_CONTINUOUS_TRUTH,2023-10-01T23:00:00.000Z,28,6638345.388058,-8429.4,-72558.0305,6557357.957558,-12953358.008549,1220.49256,-6384779.558431,6567357.957558,440572.249651,1595,487,1108,140490,25710,2856,1216,2024,249,2069885.679638,5F1E337D5059C58A9D1DE9DD0C6D651DFF61B7030D936C4EF80B3FC9F380E231
RAW_HEDGED_GRID_T100_S020_CONTINUOUS_TRUTH,2023-10-08T23:00:00.000Z,28,6655922.127613,-8463.3,-72667.463959,6574791.363654,-13251267.24735,1086.095534,-6665389.788162,6584791.363654,-280610.229731,1575,547,1028,141055,25816,2856,1216,2024,249,2073369.199082,D859F9E1ACBB126274813A1521DC4EAF189A3778E40087EC321950DD0A787058
RAW_HEDGED_GRID_T100_S020_CONTINUOUS_TRUTH,2023-10-15T23:00:00.000Z,28,6673802.910808,-8501.94,-72934.1125,6592366.858308,-14117209.668778,1087.566865,-7513755.243605,6602366.858308,-848365.455443,1573,495,1078,141699,25948,2856,1216,2024,249,2077030.854636,BD3B92E7E96D09CB37AE0B83C9AB3A374403856E9EFA3DB7AE95B47C8966E2F1
RAW_HEDGED_GRID_T100_S020_CONTINUOUS_TRUTH,2023-10-22T23:00:00.000Z,28,6696288.366071,-8550.84,-72974.576711,6614762.94936,-13545363.379561,872.912451,-6919727.51775,6624762.94936,594027.725855,1610,497,1113,142514,26085,2856,1216,2024,249,2082430.880328,9FBA5C33042EB81F39548BA8E658C15AB09A8DB66DD5B6EEA49CB6A154DC69E9
RAW_HEDGED_GRID_T100_S020_CONTINUOUS_TRUTH,2023-10-29T23:00:00.000Z,28,6733843.26596,-8602.74,-73263.061162,6651977.464798,-14557597.400006,950.813106,-7894669.122102,6661977.464798,-974941.604352,1606,423,1183,143379,26237,2856,1216,2024,249,2087307.589355,8E0E08226BD9D0EC0B4DCF563AC3B1BF1441DCE77144FA713BC4FEA653D52082
RAW_HEDGED_GRID_T100_S020_CONTINUOUS_TRUTH,2023-11-06T00:00:00.000Z,28,6745147.275374,-8627.34,-73511.071574,6663008.8638,-14749275.889936,1030.872721,-8075236.153415,6673008.8638,-180567.031313,1481,363,1118,143789,26314,2856,1216,2024,249,2091865.5088,B4B5CE9F8DF4A22D40984A578A69251AAD52E57AF0781F29E2B22AD5BE3E24DD
RAW_HEDGED_GRID_T100_S020_CONTINUOUS_TRUTH,2023-11-13T00:00:00.000Z,28,6769579.445349,-8684.52,-74046.393479,6686848.53187,-15445182.009182,1430.453084,-8746903.024228,6696848.53187,-671666.870813,1499,325,1174,144742,26482,2856,1216,2024,249,2099409.980325,08D404426833F50866BCBDFC3AED2F7CBBD1E947B1001B3AA87592CEE50CF6B4
RAW_HEDGED_GRID_T100_S020_CONTINUOUS_TRUTH,2023-11-20T00:00:00.000Z,28,6789552.746451,-8722.86,-74632.26993,6706197.616521,-16316504.534982,1904.231829,-9598402.686632,6716197.616521,-851499.662404,1426,244,1182,145381,26610,2856,1216,2024,249,2106631.45185,5A3BACFBEC27C136C87F82A30AFE88726B812AD7B3C34EF82F98B391BEE92065
RAW_HEDGED_GRID_T100_S020_CONTINUOUS_TRUTH,2023-11-27T00:00:00.000Z,28,6809147.492377,-8776.8,-74567.127121,6725803.565256,-15846207.662391,1728.565185,-9108675.53195,6735803.565256,489727.154682,1466,426,1040,146280,26780,2856,1216,2024,249,2117290.100458,398265D10BAB84A5E5026E739B85349AA3996745580288569EBF5BA64776C864
RAW_HEDGED_GRID_T100_S020_CONTINUOUS_TRUTH,2023-12-04T00:00:00.000Z,28,6864001.095502,-8834.94,-74563.990267,6780602.165235,-13328374.231305,1497.653183,-6536274.412887,6790602.165235,2572401.119063,1511,559,952,147249,26940,2856,1216,2024,249,2122903.012261,8FFECE422F2D1F53CEDC858BBAC05004FE3AB407AA0D19DFB67A4222F4813293
RAW_HEDGED_GRID_T100_S020_CONTINUOUS_TRUTH,2023-12-11T00:00:00.000Z,28,6896076.493134,-8899.8,-74683.981545,6812492.711589,-12923515.253949,1361.630579,-6099660.911781,6822492.711589,436613.501106,1424,493,931,148330,27153,2856,1216,2024,249,2125992.301839,1AD0A978D20844E6B160F0B04B65BC883794748BA70227FF5B117C0C03A2BCCD
RAW_HEDGED_GRID_T100_S020_CONTINUOUS_TRUTH,2023-12-18T00:00:00.000Z,28,6922685.261177,-8935.32,-74596.077873,6839153.863304,-14021435.589882,1049.98306,-7171231.743518,6849153.863304,-1071570.831737,1300,434,866,148922,27277,2856,1216,2024,249,2154385.259476,572EEA225D3ABB58B938C38D22FE51FB8806414A87EB9CAC31F604AA4F904610
RAW_HEDGED_GRID_T100_S020_CONTINUOUS_TRUTH,2023-12-25T00:00:00.000Z,28,6940905.556428,-8975.52,-74633.62578,6857296.410648,-13994510.016442,863.80614,-7126349.799654,6867296.410648,44881.943864,1356,491,865,149592,27407,2856,1216,2024,249,2155882.341418,313C82D733C77BA74F6860FB6BBB4012E8220EFBA2AD3D1F22B584F39278FEB5
RAW_HEDGED_GRID_T100_S020_CONTINUOUS_TRUTH,2024-01-01T00:00:00.000Z,28,6972309.022855,-9026.28,-74726.610987,6888556.131868,-15410939.148325,693.913979,-8511689.102478,6898556.131868,-1385339.302824,1416,499,917,150438,27551,2856,1216,2024,249,2158824.687251,4CAA0C28978CF578F1836D4DBAF710BFECAE6A3119E46C482C61EAB85356DE63
RAW_HEDGED_GRID_T100_S020_CONTINUOUS_TRUTH,2024-01-08T00:00:00.000Z,28,6990448.408759,-9059.64,-74811.695604,6906577.073155,-15482184.778688,527.341705,-8565080.363828,6916577.073155,-53391.26135,1373,472,901,150994,27670,2856,1216,2024,249,2160500.039332,C19DB1FFC1DDF439834B7AA0048392E98425B1C3629D640567B794112F463A22
RAW_HEDGED_GRID_T100_S020_CONTINUOUS_TRUTH,2024-01-15T00:00:00.000Z,28,7011047.678297,-9102.3,-75440.271002,6926505.107295,-16183145.151892,947.918063,-9245692.126534,6936505.107295,-680611.762706,1368,367,1001,151705,27799,2856,1216,2024,249,2170770.661555,CA2D659AD70F9F2A64B9444F47BD783FC9D28C4D413497A1731A70AD9411FD55
RAW_HEDGED_GRID_T100_S020_CONTINUOUS_TRUTH,2024-01-22T00:00:00.000Z,28,7036774.831077,-9149.76,-75478.77297,6952146.298107,-16541075.203801,808.646967,-9578120.258727,6962146.298107,-332428.132193,1332,401,931,152496,27946,2856,1216,2024,249,2172997.336555,EEF8B94C3280E2BD76E0DF0F27AF7FA6056980D7096535DB0A3F439D3DF07F38
RAW_HEDGED_GRID_T100_S020_CONTINUOUS_TRUTH,2024-01-29T00:00:00.000Z,28,7069307.777879,-9204.6,-75573.123062,6984530.054817,-16101291.358787,695.491215,-9106065.812755,6994530.054817,472054.445972,1297,392,905,153410,28132,2856,1216,2024,249,2175789.224055,9598EE77979CED29130E619EAE80EE4F6F9E7AACDDECBA5AD99BD3774C6D0FEF
RAW_HEDGED_GRID_T100_S020_CONTINUOUS_TRUTH,2024-02-05T00:00:00.000Z,28,7090177.697849,-9237.06,-75580.165064,7005360.472785,-16283563.134467,511.167145,-9267691.494537,7015360.472785,-161625.681782,1345,415,930,153951,28231,2856,1216,2024,249,2180202.412249,82DE48716DEB9DDC1C4874E9FA09A90A2464F845DEFF6013FE23D884B02AEFF5
RAW_HEDGED_GRID_T100_S020_CONTINUOUS_TRUTH,2024-02-12T00:00:00.000Z,28,7105674.505309,-9277.08,-75930.404469,7020467.02084,-16502831.782375,674.662708,-9471690.098827,7030467.02084,-203998.60429,1393,363,1030,154618,28344,2856,1216,2024,249,2184514.053916,CA4D7AC97019BAB5989E12B3E8F970CB32724B1891BF381E564E64371E05AA87
RAW_HEDGED_GRID_T100_S020_CONTINUOUS_TRUTH,2024-02-19T00:00:00.000Z,28,7124199.565477,-9319.2,-76038.955695,7038841.409782,-17135420.203892,632.295196,-10085946.498914,7048841.409782,-614256.400087,1516,338,1178,155320,28471,2856,1216,2024,249,2186223.394193,F2959B3104F6A5BC7E67B556FC9C03559D54A8FF3FE6358DC480FF7CA96BD439
RAW_HEDGED_GRID_T100_S020_CONTINUOUS_TRUTH,2024-02-26T00:00:00.000Z,28,7141559.226177,-9366.6,-76347.314192,7055845.311985,-16395784.079835,799.046107,-9329139.721743,7065845.311985,756806.777171,1511,338,1173,156110,28600,2856,1216,2024,249,2192764.49836,06EEFF40485DE473828538DAE49A3C64D282928EFE997239AD992544E74473BF
RAW_HEDGED_GRID_T100_S020_CONTINUOUS_TRUTH,2024-03-04T00:00:00.000Z,28,7170313.989692,-9426.96,-76544.608599,7084342.421093,-15735977.752544,867.422006,-8640767.909445,7094342.421093,688371.812298,1444,356,1088,157116,28786,2856,1216,2024,249,2200769.325441,5DD335B82C6C3E82904A9757BEF8FF17A1BB7C5F56F5C0F4AF85DCDBF41A362F
RAW_HEDGED_GRID_T100_S020_CONTINUOUS_TRUTH,2024-03-10T23:00:00.000Z,28,7188805.343019,-9459,-76637.644428,7102708.698591,-16051629.933408,814.211809,-8938107.023008,7112708.698591,-297339.113563,1335,302,1033,157650,28891,2856,1216,2024,249,2203107.503913,8D345C19B44DD32B6438476A7D67C8F3A52994B30EAACB87A2B053B4EB807C0F
RAW_HEDGED_GRID_T100_S020_CONTINUOUS_TRUTH,2024-03-17T23:00:00.000Z,28,7222521.120963,-9532.98,-76896.48872,7136091.652243,-16365815.32247,947.612627,-9218776.0576,7146091.652243,-280669.034592,1584,393,1191,158883,29093,2856,1216,2024,249,2207056.840022,4527294407B0DCC51D5C57D8D6FAFB55217AEB20F0619113AE47AAAD42ABD68A
RAW_HEDGED_GRID_T100_S020_CONTINUOUS_TRUTH,2024-03-24T23:00:00.000Z,28,7225990.396264,-9559.98,-76944.588051,7139485.828213,-16350187.836121,842.507087,-9199859.500821,7149485.828213,18916.556779,1554,397,1157,159333,29182,2856,1216,2024,249,2209168.623354,0FB7BA16C59D4CF51F3F5A8BA5D61FB436F2B1EDE974768E273E368A78A02537
RAW_HEDGED_GRID_T100_S020_CONTINUOUS_TRUTH,2024-03-31T23:00:00.000Z,28,7238869.382422,-9598.98,-77058.38575,7152212.016672,-16602623.627758,800.038472,-9439611.572614,7162212.016672,-239752.071793,1511,347,1164,159983,29295,2856,1216,2024,249,2215481.750436,53731A024EB8664E4F8710BC2662340F4CF120788BB0BFABB9EE280D3500F441
RAW_HEDGED_GRID_T100_S020_CONTINUOUS_TRUTH,2024-04-07T23:00:00.000Z,28,7284173.431004,-9671.4,-77188.209335,7197313.821669,-16196554.448794,807.005589,-8988433.621536,7207313.821669,451177.951078,1529,425,1104,161190,29521,2856,1216,2024,249,2219788.830295,756E6748E1A891490403054669BCE67B117E1DFD809FBBCE0FDE04747E3228B1
RAW_HEDGED_GRID_T100_S020_CONTINUOUS_TRUTH,2024-04-14T23:00:00.000Z,28,7336370.859215,-9730.98,-77272.55681,7249367.322405,-17254232.875512,724.545324,-9994141.007783,7259367.322405,-1005707.386247,1543,376,1167,162183,29716,2856,1216,2024,249,2221455.520573,31EDEDC0225DDEDAA37E9A8120F5871626A3AD092227EFF53D0921483F006EFE
RAW_HEDGED_GRID_T100_S020_CONTINUOUS_TRUTH,2024-04-21T23:00:00.000Z,28,7408525.181745,-9778.26,-77441.111535,7321305.81021,-19573225.692989,747.936004,-12241171.946775,7331305.81021,-2247030.938992,1544,291,1253,162971,29879,2856,1216,2024,249,2223947.187239,1BE08E59EC91F406926F80EAE13511CE46FBE18DE7023A8727A1219A3D3A7E86
RAW_HEDGED_GRID_T100_S020_CONTINUOUS_TRUTH,2024-04-28T23:00:00.000Z,28,7552789.606192,-9855.66,-77553.505231,7465380.440961,-17379008.217907,757.030434,-9902870.746512,7475380.440961,2338301.200263,1614,345,1269,164261,30106,2856,1216,2024,249,2226626.87543,7BF6CF48CF84FEEA2781A56C58AEE23361C2BEE03B009400F25A8B7AB5AB78C8
RAW_HEDGED_GRID_T100_S020_CONTINUOUS_TRUTH,2024-05-05T23:00:00.000Z,28,7573853.827962,-9877.8,-77617.606204,7486358.421758,-19246792.182262,702.955913,-11749730.804591,7496358.421758,-1846860.058079,1583,309,1274,164630,30180,2856,1216,2024,249,2228021.829596,7F57A7DCED528F74ECFCD5E4F51E852EC7CB12B276DA6956484AF5EC26DFCEC4
RAW_HEDGED_GRID_T100_S020_CONTINUOUS_TRUTH,2024-05-12T23:00:00.000Z,28,7596583.172528,-9920.16,-77641.603304,7509021.409224,-19975040.912737,622.752813,-12455396.7507,7519021.409224,-705665.946109,1653,312,1341,165336,30326,2856,1216,2024,249,2231268.708066,3D859E9773C5FA1BB9E1B070F824AD29B5579D3EF9F358FAB7F5C5A38AD4E8F2
RAW_HEDGED_GRID_T100_S020_CONTINUOUS_TRUTH,2024-05-19T23:00:00.000Z,28,7621792.057819,-9970.14,-77729.573717,7534092.344102,-20755906.161708,605.428283,-13211208.389323,7544092.344102,-755811.638623,1773,325,1448,166169,30464,2856,1216,2024,249,2235509.507371,A2A8205702358CA36259C755BD0B122243039EEB73F6075635CA3A51F27FF27C
RAW_HEDGED_GRID_T100_S020_CONTINUOUS_TRUTH,2024-05-26T23:00:00.000Z,28,7638002.962493,-10009.8,-77773.04028,7550220.122213,-21555357.411859,527.12562,-13994610.164026,7560220.122213,-783401.774703,1820,400,1420,166830,30580,2856,1216,2024,249,2237136.723343,F79C28C4E63E66E41E4D90CEF0A7748F2501EC41B037E021B33286C6840F178F
RAW_HEDGED_GRID_T100_S020_CONTINUOUS_TRUTH,2024-06-02T23:00:00.000Z,28,7668049.711278,-10069.2,-77785.167208,7580195.34407,-21250928.994567,364.002967,-13660369.64753,7590195.34407,334240.516496,1874,472,1402,167820,30764,2856,1216,2024,249,2240510.099731,FE6C0990F8392AD040A263F68666A832195878EBABD5C5B8C4810BE14E3D2D19
RAW_HEDGED_GRID_T100_S020_CONTINUOUS_TRUTH,2024-06-09T23:00:00.000Z,28,7698499.504961,-10114.56,-77721.753718,7610663.191243,-21810723.208854,82.544579,-14189977.473032,7620663.191243,-529607.825502,1809,575,1234,168576,30921,2856,1216,2024,249,2251407.305284,7BC6AC271703F4FBA9F37227FB40ED42047450EF03854BDD2E8BDCFC2CD6D6AE
RAW_HEDGED_GRID_T100_S020_CONTINUOUS_TRUTH,2024-06-16T23:00:00.000Z,28,7713084.409971,-10136.88,-77777.473672,7625170.056299,-23351972.013386,-134.323093,-15716936.28018,7635170.056299,-1526958.807148,1858,572,1286,168948,30988,2856,1216,2024,249,2253396.118477,41A0D8BED373A45C4883B9E98C137F98C07864BE0826F7369505A6E4B28E1AD3
RAW_HEDGED_GRID_T100_S020_CONTINUOUS_TRUTH,2024-06-23T23:00:00.000Z,28,7728838.223902,-10165.44,-77926.204707,7640746.579195,-24351603.375084,-259.917977,-16701116.713866,7650746.579195,-984180.433686,1900,534,1366,169424,31069,2856,1216,2024,249,2255480.797644,6BEEDDE520D3A30E5C5A726D0F7D00815B74D9AA483EA8D23B05765EAABE10C0
RAW_HEDGED_GRID_T100_S020_CONTINUOUS_TRUTH,2024-06-30T23:00:00.000Z,28,7742503.137907,-10204.2,-78371.725827,7653927.21208,-25471855.0885,-29.5656,-17807957.44202,7663927.21208,-1106840.728154,1852,398,1454,170070,31177,2856,1216,2024,249,2265460.408756,4E1B77FE0F638C83000A35AE24780C7BDBCF8E26C50D21966E9834BD2C4EC0E5
RAW_HEDGED_GRID_T100_S020_CONTINUOUS_TRUTH,2024-07-07T23:00:00.000Z,28,7975319.603782,-10292.64,-78562.225172,7886464.73861,-23786404.720604,12.509115,-15889927.472879,7896464.73861,1918029.969141,1749,361,1388,171544,31490,2856,1216,2024,249,2273084.371949,FFBDE8AD5D01E90929D4705A2489F3E0DE07D7ABCCF2EC89B32D3135EB6DF485
RAW_HEDGED_GRID_T100_S020_CONTINUOUS_TRUTH,2024-07-14T23:00:00.000Z,28,8009232.327484,-10348.62,-78798.559071,7920085.148413,-23115036.644716,107.525583,-15184843.97072,7930085.148413,705083.502159,1825,432,1393,172477,31663,2856,1216,2024,249,2278119.125417,A462DEFFBC54242EB74059B45D87D39A90FAF76AA98E5816A8D1B2527D982C23
RAW_HEDGED_GRID_T100_S020_CONTINUOUS_TRUTH,2024-07-21T23:00:00.000Z,28,8057189.758412,-10407.66,-78701.769386,7968080.329026,-19802824.157128,-211.239606,-11824955.067708,7978080.329026,3359888.903012,1981,650,1331,173461,31847,2856,1216,2024,249,2290470.635831,F63294E51C88DA6A76E1C3DA4A67569D9A7E1FC722EF45C7608984E475AEC6D2
RAW_HEDGED_GRID_T100_S020_CONTINUOUS_TRUTH,2024-07-28T23:00:00.000Z,28,8150145.168839,-10478.88,-78869.99931,8060796.289529,-15798839.557994,-387.257718,-7728430.526183,8070796.289529,4096524.541525,1894,704,1190,174648,32084,2856,1216,2024,249,2312556.092768,94D500CCB3A05D33F8E166D699CDD7651108B66C92D2757CC45D8E73C5609CEB
RAW_HEDGED_GRID_T100_S020_CONTINUOUS_TRUTH,2024-08-04T23:00:00.000Z,28,8544864.907541,-10543.74,-78119.385329,8456201.782212,-14307932.779748,-1540.782992,-5843271.780528,8466201.782212,1885158.745655,1771,799,972,175729,32274,2856,1216,2024,249,2390442.09554,4F95678ECA49CCCD73865E33C8F027635A455EC130CA50743009633C3AC5B116
RAW_HEDGED_GRID_T100_S020_CONTINUOUS_TRUTH,2024-08-11T23:00:00.000Z,28,8553826.256559,-10557.96,-78460.015051,8464808.281508,-14890381.397655,-1597.786431,-6417170.902578,8474808.281508,-573899.12205,1644,625,1019,175966,32319,2856,1216,2024,249,2394287.007345,DFB3C57C689C7E92F38036520F8B1386EFB97AE00C99B95D32D9F38251CBAEB8
RAW_HEDGED_GRID_T100_S020_CONTINUOUS_TRUTH,2024-08-18T23:00:00.000Z,28,8587126.361956,-10586.34,-78638.783515,8497901.238441,-15039161.904062,-1742.411884,-6533003.077505,8507901.238441,-115832.174927,1690,637,1053,176439,32400,2856,1216,2024,249,2397734.871233,ED19EE308E7E0B239EDDC72F5F8CADEA385A2B711364B3F93D680595E90CFF89
RAW_HEDGED_GRID_T100_S020_CONTINUOUS_TRUTH,2024-08-25T23:00:00.000Z,28,8606411.499342,-10615.08,-78603.306615,8517193.112727,-15315199.803046,-2142.932553,-6790149.622872,8527193.112727,-257146.545367,1781,757,1024,176918,32470,2856,1216,2024,249,2402918.172621,79ADF483AE556BB854D8DDB0BCAE6A3AB0B29EBC4C655151DEC017E5829F2799
RAW_HEDGED_GRID_T100_S020_CONTINUOUS_TRUTH,2024-09-01T23:00:00.000Z,28,8676935.376158,-10659.36,-78781.513453,8587494.502705,-14058237.949944,-2388.221059,-5463131.668298,8597494.502705,1327017.954574,1672,719,953,177656,32602,2856,1216,2024,249,2408216.046232,15CF3916987C3894172F092AD7E4FE9A83F6FBEE60CC527FB3ED1C18FBC5BF26
RAW_HEDGED_GRID_T100_S020_CONTINUOUS_TRUTH,2024-09-08T23:00:00.000Z,28,8723415.747218,-10697.64,-78888.095747,8633830.011471,-13317659.517765,-2681.608788,-4676511.115082,8643830.011471,786620.553216,1553,682,871,178294,32721,2856,1216,2024,249,2412967.146925,9ABE84037B3FB5A2761DABB6B738EDC1910B503EE90DF451FA5AEAF2D4F14EF6
RAW_HEDGED_GRID_T100_S020_CONTINUOUS_TRUTH,2024-09-15T23:00:00.000Z,28,8739014.25858,-10739.52,-78992.291233,8649282.447347,-14785594.42407,-2949.221983,-6129261.198706,8659282.447347,-1452750.083624,1641,654,987,178992,32843,2856,1216,2024,249,2415263.114283,450141F1D131EABB276E627A7583ADF684E5C4813096D2D686745CE52810E9A2
RAW_HEDGED_GRID_T100_S020_CONTINUOUS_TRUTH,2024-09-22T23:00:00.000Z,28,8765119.320802,-10789.56,-79817.596772,8674512.16403,-14914200.880102,-2457.345238,-6232146.06131,8684512.16403,-102884.862604,1586,570,1016,179826,33009,2856,1216,2024,249,2424926.449698,C55D935CEA9991A446A95D951C9F8CB20D848E8FCDEFC02FBEE6F57BF71ADB46
RAW_HEDGED_GRID_T100_S020_CONTINUOUS_TRUTH,2024-09-29T23:00:00.000Z,28,8795779.952959,-10827.66,-80232.620262,8704719.672697,-16010905.876032,-2349.142128,-7298535.345463,8714719.672697,-1066389.284153,1576,578,998,180461,33110,2856,1216,2024,249,2433512.974698,BAE4A4C422DA9388165F80C5AAD07DB11556D42053FCB8882CE216600955D1A0
RAW_HEDGED_GRID_T100_S020_CONTINUOUS_TRUTH,2024-10-06T23:00:00.000Z,28,8802849.210296,-10853.34,-80534.259307,8711461.610989,-16207077.228214,-2342.116662,-7487957.733887,8721461.610989,-189422.388424,1443,506,937,180889,33196,2856,1216,2024,249,2441230.935809,10BB5FE51988B2764663F5ECDE81F06E2B6C28AA2FE60B186EE0743658CECD46
RAW_HEDGED_GRID_T100_S020_CONTINUOUS_TRUTH,2024-10-13T23:00:00.000Z,28,8809408.654086,-10881.3,-80549.303468,8717978.050618,-15834117.863953,-2600.556527,-7108740.369862,8727978.050618,379217.364025,1482,542,940,181355,33277,2856,1216,2024,249,2444616.376086,8B53069349F06B07849FBB22703C83FAD0A2E6071C0E6A65FA22E284AC7C9924
RAW_HEDGED_GRID_T100_S020_CONTINUOUS_TRUTH,2024-10-20T23:00:00.000Z,28,8830615.760943,-10924.08,-80920.904669,8738770.776274,-16776604.27115,-2519.612538,-8030353.107414,8748770.776274,-921612.737552,1625,569,1056,182068,33399,2856,1216,2024,249,2449143.912889,BC54E3696638C1D3B5C4A155C2A83F67FFA2837C1DF34A4DA96FF456B8D4F6BC
RAW_HEDGED_GRID_T100_S020_CONTINUOUS_TRUTH,2024-10-27T23:00:00.000Z,28,8869323.466638,-10982.22,-80955.633561,8777385.613077,-16865301.565349,-2796.475559,-8080712.427831,8787385.613077,-50359.320417,1770,613,1157,183037,33573,2856,1216,2024,249,2450602.336499,56DE079CBC68FC14033E43F139E6C43F77DD196E567F8FA4C72E978812BE0AD8
RAW_HEDGED_GRID_T100_S020_CONTINUOUS_TRUTH,2024-11-04T00:00:00.000Z,28,8893752.358178,-11046.42,-80986.584003,8801719.354175,-16392900.929871,-3093.755375,-7584275.331071,8811719.354175,496437.09676,1682,672,1010,184107,33768,2856,1216,2024,249,2460600.665665,9863A61B7FADB4313FCD0E52BEF8C6BC2DC3AAF69989D6F6923D930F384ECB20
RAW_HEDGED_GRID_T100_S020_CONTINUOUS_TRUTH,2024-11-11T00:00:00.000Z,28,8908534.891932,-11071.74,-80998.778024,8816464.373908,-16164779.679978,-3442.209415,-7341757.515485,8826464.373908,242517.815586,1607,693,914,184529,33867,2856,1216,2024,249,2463654.655246,2740C1E4270C074A265C877FEF3C77219764DCD0EE92EB04C820F609A27537B6
RAW_HEDGED_GRID_T100_S020_CONTINUOUS_TRUTH,2024-11-18T00:00:00.000Z,28,8951420.276289,-11110.62,-81034.607454,8859275.048835,-15880090.884273,-3790.899827,-7014606.735265,8869275.048835,327150.78022,1665,745,920,185177,33982,2856,1216,2024,249,2467463.021216,4B0713437971927F209FEF43C84F37A53869DED0DF03978C11175B9A41EA400B
RAW_HEDGED_GRID_T100_S020_CONTINUOUS_TRUTH,2024-11-25T00:00:00.000Z,28,8996079.430446,-11157.54,-81111.361797,8903810.528649,-14524293.984815,-4134.478598,-5614617.934764,8913810.528649,1399988.800501,1607,763,844,185959,34117,2856,1216,2024,249,2474059.494131,475B69C50C6003B7CD1DBBFB1A29DB82C8FF2A7AD0E0A75C0B73160269B60B2D
RAW_HEDGED_GRID_T100_S020_CONTINUOUS_TRUTH,2024-12-02T00:00:00.000Z,28,9023676.699639,-11201.76,-81191.140707,8931283.798932,-14166415.169593,-4486.712135,-5229618.082796,8941283.798932,384999.851968,1547,750,797,186696,34281,2856,1216,2024,249,2479029.814267,6DA06E44BD904FDA8EEEDEB345A37A7AC78A40DFB655F170F5C6672162782CFD
RAW_HEDGED_GRID_T100_S020_CONTINUOUS_TRUTH,2024-12-09T00:00:00.000Z,28,9039008.962956,-11242.44,-81319.206265,8946447.316691,-14814807.720649,-4781.109435,-5863141.513393,8956447.316691,-633523.430597,1630,720,910,187374,34401,2856,1216,2024,249,2480775.066348,C2BCB89E68F1501DB30FFE18CB10FD612294D925D92FCAC82C0CE8379F01D844
RAW_HEDGED_GRID_T100_S020_CONTINUOUS_TRUTH,2024-12-16T00:00:00.000Z,28,9068966.05664,-11293.32,-81454.037747,8976218.698893,-15631120.759609,-5046.041537,-6649948.102253,8986218.698893,-786806.58886,1758,771,987,188222,34563,2856,1216,2024,249,2483050.969124,34C762959ED1804F7103328871F2A52D8E9E608BAFAB27F41BC480E46FECB79E
RAW_HEDGED_GRID_T100_S020_CONTINUOUS_TRUTH,2024-12-23T00:00:00.000Z,28,9079777.802286,-11304.96,-81504.474051,8986968.368235,-15752222.873873,-5409.300734,-6760663.806372,8996968.368235,-110715.704119,1733,715,1018,188416,34607,2856,1216,2024,249,2483855.420513,0B2DA9BCB4F18101A439DD6E34F94D67E2D093132BE880A6DC065CBC851171E1
RAW_HEDGED_GRID_T100_S020_CONTINUOUS_TRUTH,2024-12-30T00:00:00.000Z,28,9089981.340103,-11334,-81518.393051,8997128.947052,-15000349.397389,-5807.655808,-5999028.106145,9007128.947052,761635.700227,1812,832,980,188900,34673,2856,1216,2024,249,2486675.51079,62D142F2FD7471C314965840EE690DC3CD40BB1466E4200E3575DE67B7E62ECD
RAW_HEDGED_GRID_T100_S020_CONTINUOUS_TRUTH,2025-01-06T00:00:00.000Z,28,9126757.172431,-11381.52,-82253.561471,9033122.09096,-14588747.827432,-5511.655886,-5551137.392358,9043122.09096,447890.713787,1759,794,965,189692,34813,2856,1216,2024,249,2496365.258009,3A29A368F24350D8D3AEB46489EB451AC8C5FD9AB9B925E904F6F42F3AC7269B
RAW_HEDGED_GRID_T100_S020_CONTINUOUS_TRUTH,2025-01-13T00:00:00.000Z,28,9166656.603109,-11423.4,-82264.93779,9072968.265319,-14346508.34323,-5948.00066,-5269488.078571,9082968.265319,281649.313787,1692,802,890,190390,34946,2856,1216,2024,249,2501384.12745,DF1E16B1B50D78B80A5C98B64BAA5179A7C8DC781A4CE5AB5FA0CCE1D9DBEDDE
RAW_HEDGED_GRID_T100_S020_CONTINUOUS_TRUTH,2025-01-20T00:00:00.000Z,28,9209746.219251,-11465.76,-83236.820501,9115043.63875,-14980723.089851,-5414.935038,-5861094.386139,9125043.63875,-591606.307568,1666,659,1007,191096,35075,2856,1216,2024,249,2512406.435782,FA7708CBCE66166AC594732F43BF563E99C4E6BF46BDA5AA6F0669BF4E6EB7E0
RAW_HEDGED_GRID_T100_S020_CONTINUOUS_TRUTH,2025-01-27T00:00:00.000Z,28,9254204.599371,-11504.7,-83314.963902,9159384.935469,-14050294.02977,-5703.012011,-4886612.106312,9169384.935469,974482.279827,1595,686,909,191745,35203,2856,1216,2024,249,2516264.444808,55E309B6BB29E8CF8581EB7D4371924A0581B53420679D6FBC0D5B4EE104F71E
RAW_HEDGED_GRID_T100_S020_CONTINUOUS_TRUTH,2025-02-03T00:00:00.000Z,28,9331959.759659,-11561.4,-83359.37335,9237038.986309,-12794462.641822,-6065.474798,-3553489.130311,9247038.986309,1333122.976001,1648,775,873,192690,35368,2856,1216,2024,249,2518939.265638,8176F76B60541B411D32B62EEADE2CF70F7807A4BEECFEB20DAF1B7CC6CCFEC7
RAW_HEDGED_GRID_T100_S020_CONTINUOUS_TRUTH,2025-02-10T00:00:00.000Z,28,9361685.281334,-11600.58,-83411.061261,9266673.640073,-13869255.265494,-6439.730178,-4599021.355599,9276673.640073,-1045532.225288,1606,734,872,193343,35474,2856,1216,2024,249,2525738.382304,AAEA55C0BA3F336228F40EA60F783B73D5854E7DA13A1901CBFA09816E1122BE
RAW_HEDGED_GRID_T100_S020_CONTINUOUS_TRUTH,2025-02-17T00:00:00.000Z,28,9389372.949775,-11630.04,-83459.943703,9294282.966072,-12749292.423433,-6815.507362,-3451824.964723,9304282.966072,1147196.390876,1603,779,824,193834,35566,2856,1216,2024,249,2527361.148276,EB698DA2700F705E2314EA417212BCC115070D8D5A0C5517B241C7FCDB865775
RAW_HEDGED_GRID_T100_S020_CONTINUOUS_TRUTH,2025-02-24T00:00:00.000Z,28,9429399.95603,-11678.34,-83555.489834,9334166.126196,-12571224.757964,-7162.893928,-3234221.525696,9344166.126196,217603.439027,1666,784,882,194639,35725,2856,1216,2024,249,2530536.119801,68EDF3EEC43CB85043C622687D020AFB524E27DBFDC28E66E77C0AE8DEFF9026
RAW_HEDGED_GRID_T100_S020_CONTINUOUS_TRUTH,2025-03-03T00:00:00.000Z,28,9504940.632922,-11766,-85101.082716,9408073.550206,-12690622.561173,-6024.291467,-3278573.302434,9418073.550206,-44351.776738,1747,668,1079,196100,36001,2856,1216,2024,249,2548064.510769,58D7B170A9649C7652DCD14A68C0143471FE9522904A4AE7C0996271C0724553
RAW_HEDGED_GRID_T100_S020_CONTINUOUS_TRUTH,2025-03-09T23:00:00.000Z,28,9538858.193379,-11797.44,-85810.367116,9441250.386263,-12800305.505417,-5637.703135,-3354692.822289,9451250.386263,-76119.519855,1681,581,1100,196624,36110,2856,1216,2024,249,2556213.58438,430B33645EE74F5F77D8AABD7C078BEFD6F7A932A832E20DE1FA34EBB33A9ADB
RAW_HEDGED_GRID_T100_S020_CONTINUOUS_TRUTH,2025-03-16T23:00:00.000Z,28,9560943.487637,-11819.1,-85934.374312,9463190.013325,-12921667.181437,-5817.665616,-3454294.833728,9473190.013325,-99602.011439,1678,620,1058,196985,36169,2856,1216,2024,249,2558774.735767,6B83A3755C3625C449FB57EEA9349F06D5DD7E82579A74BD74311100CF9662AA
RAW_HEDGED_GRID_T100_S020_CONTINUOUS_TRUTH,2025-03-23T23:00:00.000Z,28,9576853.098358,-11841.9,-86114.612175,9478896.586183,-13539917.839747,-5957.99748,-4056979.251044,9488896.586183,-602684.417316,1676,601,1075,197365,36229,2856,1216,2024,249,2561712.710767,7587A78E3A348832968C612119829A54B2DDF95516569DC5EBE198903E2242A7
RAW_HEDGED_GRID_T100_S020_CONTINUOUS_TRUTH,2025-03-30T23:00:00.000Z,28,9715369.473244,-12014.82,-86255.403003,9617099.250241,-11963346.233223,-6134.666734,-2342381.649716,9627099.250241,1714597.601328,2033,866,1167,200247,36793,2856,1216,2024,249,2566535.118397,06546A2522EDF9565BD5CD3C3852A3BFB20095E4F545EC8A0049161F7FE46F4C
RAW_HEDGED_GRID_T100_S020_CONTINUOUS_TRUTH,2025-04-06T23:00:00.000Z,28,9810609.706688,-12113.34,-86196.113498,9712300.25319,-13817343.901568,-6658.646105,-4101702.294483,9722300.25319,-1759320.644767,1932,840,1092,201889,37114,2856,1216,2024,249,2581626.10172,ABDCE93EE5EFCDA9DFC00CE76010AECB28E2CA07722031F4153DF19C6CE4E494
RAW_HEDGED_GRID_T100_S020_CONTINUOUS_TRUTH,2025-04-13T23:00:00.000Z,28,9819463.135511,-12122.46,-87484.549301,9719856.12621,-13554403.633332,-5777.212104,-3830324.719226,9729856.12621,271377.575257,1806,688,1118,202041,37146,2856,1216,2024,249,2595826.473942,439C7A330EE477397DA4B965DB4CA63BA8749C1A9108030130D9C46026AD829B
RAW_HEDGED_GRID_T100_S020_CONTINUOUS_TRUTH,2025-04-20T23:00:00.000Z,28,9849284.26218,-12141.36,-87630.778307,9749512.123873,-13789291.712875,-5986.306333,-4035765.895335,9759512.123873,-205441.176109,1876,647,1229,202356,37193,2856,1216,2024,249,2597653.823942,0585B6FF13E9A8B8908AD15584C65A59B3B48187484B519B75446C0CC7497834
RAW_HEDGED_GRID_T100_S020_CONTINUOUS_TRUTH,2025-04-27T23:00:00.000Z,28,9879033.834352,-12178.8,-87681.988336,9779173.046016,-14417920.363107,-6286.299789,-4635033.61688,9789173.046016,-599267.721545,1911,709,1202,202980,37272,2856,1216,2024,249,2603762.457274,805D9B84DF20E3B85AC62E3D821A71D9FB85F4E71BBCB2E8EF1038B170890D98
RAW_HEDGED_GRID_T100_S020_CONTINUOUS_TRUTH,2025-05-04T23:00:00.000Z,28,9902279.871909,-12211.8,-88922.32443,9801145.747479,-14349654.019058,-5394.890502,-4543903.162081,9811145.747479,91130.454799,1798,616,1182,203530,37364,2856,1216,2024,249,2621815.584357,F43B7D8F1B340CFE11F8612E4D11A2763F7482B19839A83FDE6C50543E150F78
RAW_HEDGED_GRID_T100_S020_CONTINUOUS_TRUTH,2025-05-11T23:00:00.000Z,28,9934798.284137,-12248.88,-88998.664896,9833550.739241,-14168132.713036,-5638.551778,-4330220.525573,9843550.739241,213682.636508,1701,638,1063,204148,37467,2856,1216,2024,249,2629850.944079,EC8F78081D248DF18CEBB64529DCF58C692556CC4BA1BCF6668B2F97768E76E2
RAW_HEDGED_GRID_T100_S020_CONTINUOUS_TRUTH,2025-05-18T23:00:00.000Z,28,9964561.93335,-12278.64,-89062.962178,9863220.331172,-13864756.312467,-5903.440119,-3997439.421414,9873220.331172,332781.104159,1662,644,1018,204644,37575,2856,1216,2024,249,2632573.128105,44A1A9BAE21355214F88162F57E80D3DF2B49BEA7EDF5A3E8F84170F1B42BFA5
RAW_HEDGED_GRID_T100_S020_CONTINUOUS_TRUTH,2025-05-25T23:00:00.000Z,28,9995002.113772,-12319.02,-89179.225183,9893503.868589,-14405871.307492,-6118.58856,-4508486.027463,9903503.868589,-511046.606049,1678,619,1059,205317,37689,2856,1216,2024,249,2635063.246853,998A6BC6354733A00FEC5E15853194B76A3AD56F5D97F87A3749C6854D51782C
RAW_HEDGED_GRID_T100_S020_CONTINUOUS_TRUTH,2025-06-01T23:00:00.000Z,28,10029362.351987,-12349.8,-89230.932201,9927781.619786,-14815217.375298,-6384.738879,-4883820.494391,9937781.619786,-375334.466928,1723,603,1120,205830,37785,2856,1216,2024,249,2636229.627407,2C6DE195C830B6C99FD5156538A9452BB35FF15520729051126D2F16B935891D
RAW_HEDGED_GRID_T100_S020_CONTINUOUS_TRUTH,2025-06-08T23:00:00.000Z,28,10054672.665418,-12404.94,-89588.741644,9952678.983774,-15137405.805953,-6328.41695,-5181055.239129,9962678.983774,-297234.744738,1669,559,1110,206749,37951,2856,1216,2024,249,2645648.88782,A5D7BE61EEF8ADE9AC091DAF82B50D3AA337DFFDFA6A0C72CE4249ABEC0C39D9
RAW_HEDGED_GRID_T100_S020_CONTINUOUS_TRUTH,2025-06-15T23:00:00.000Z,28,10080129.633112,-12442.02,-89671.89877,9978015.714342,-15582427.160486,-6522.06044,-5600933.506584,9988015.714342,-419878.267455,1643,509,1134,207367,38063,2856,1216,2024,249,2648017.028791,C7927518EA5802C5FADA8C9146D8C84E69C5FA29E583401B279B437CDC44D39E
RAW_HEDGED_GRID_T100_S020_CONTINUOUS_TRUTH,2025-06-22T23:00:00.000Z,28,10105898.621539,-12486,-89690.105855,10003722.515684,-16425894.221384,-6763.728938,-6418935.434638,10013722.515684,-818001.928054,1662,544,1118,208100,38213,2856,1216,2024,249,2651801.903789,981B367C96E5162828A4D233DAAA5E6E706E9DAED55587D56927B97E33AF9C55
RAW_HEDGED_GRID_T100_S020_CONTINUOUS_TRUTH,2025-06-29T23:00:00.000Z,28,10134416.32487,-12525.6,-89733.91975,10032156.80512,-16671648.439573,-7005.033586,-6636496.668039,10042156.80512,-217561.233401,1724,592,1132,208760,38334,2856,1216,2024,249,2653474.715593,DC824304D56B03D48AFECCB5A50B1C98533C97BB7214152DA12B49A6C713A838
RAW_HEDGED_GRID_T100_S020_CONTINUOUS_TRUTH,2025-07-06T23:00:00.000Z,28,10161123.913186,-12568.08,-89814.414795,10058741.418391,-18046324.374751,-7216.673796,-7984799.630156,10068741.418391,-1348302.962117,1778,593,1185,209468,38462,2856,1216,2024,249,2655377.919063,07D1455E6AEB239F0E945ED6C0C9AC3BF7B10C481E3FDCE725B1446B0394CBAF
RAW_HEDGED_GRID_T100_S020_CONTINUOUS_TRUTH,2025-07-13T23:00:00.000Z,28,10187411.567544,-12608.58,-90455.60179,10084347.385754,-18250854.217703,-6868.461314,-8163375.293263,10094347.385754,-178575.663107,1802,548,1254,210143,38576,2856,1216,2024,249,2662867.037118,7AE9C11E24D0CC0C2C9576A9271D1E476685444FDB2413BE492DD932BD4B6FE0
RAW_HEDGED_GRID_T100_S020_CONTINUOUS_TRUTH,2025-07-20T23:00:00.000Z,28,10222745.379199,-12651.84,-90549.840531,10119543.698668,-18207276.032113,-7054.261463,-8084786.594908,10129543.698668,78588.698355,1808,562,1246,210864,38715,2856,1216,2024,249,2665291.205866,AA40E34785F5E8CE19EAF69DAEC7136ECAF6F46B540CE0A4A8B1B76432CFE875
RAW_HEDGED_GRID_T100_S020_CONTINUOUS_TRUTH,2025-07-27T23:00:00.000Z,28,10259925.57421,-12701.7,-90546.817758,10156677.056452,-17337970.546705,-7370.973722,-7178664.463975,10166677.056452,906122.130933,1843,676,1167,211695,38853,2856,1216,2024,249,2672306.969058,2C68E097BDDBB606B9B8B8A1F79420E10469BF101BB394F695C0C90AAF71D639
RAW_HEDGED_GRID_T100_S020_CONTINUOUS_TRUTH,2025-08-03T23:00:00.000Z,28,10276295.653709,-12727.2,-90706.201406,10172862.252303,-17457968.04169,-7547.152473,-7282652.94186,10182862.252303,-103988.477885,1803,561,1242,212120,38937,2856,1216,2024,249,2674554.640584,EB198F7E0293DA86BC6C8AA3085837CDDFAEC401ED2A0BA4003269B1EDA3EDD9
RAW_HEDGED_GRID_T100_S020_CONTINUOUS_TRUTH,2025-08-10T23:00:00.000Z,28,10292420.233704,-12757.02,-90745.503641,10188917.710063,-17121172.307988,-7785.222521,-6930039.820446,10198917.710063,352613.121414,1846,588,1258,212617,39038,2856,1216,2024,249,2675662.853777,87BE8D276D6187FF9DEBD28DB3A869E6350E23A62FA9965B555928FAC339320E
RAW_HEDGED_GRID_T100_S020_CONTINUOUS_TRUTH,2025-08-17T23:00:00.000Z,28,10314911.609513,-12806.94,-90816.211412,10211288.458101,-17229201.406462,-8046.396385,-7015959.344746,10221288.458101,-85919.5243,1988,701,1287,213449,39180,2856,1216,2024,249,2677800.687108,147233CE80D48219E791400552224A904B4E853E24EDD3A7110EB09A073CADAA
RAW_HEDGED_GRID_T100_S020_CONTINUOUS_TRUTH,2025-08-24T23:00:00.000Z,28,10325593.950485,-12831.72,-90846.204431,10221916.026054,-17501890.324183,-8391.694047,-7278365.992176,10231916.026054,-262406.64743,1999,746,1253,213862,39257,2856,1216,2024,249,2679755.142662,65CA55D2B2F0C5E88FDB199282DD8A1EBB0D9C83CCB8EC15B680E7A97ED6C519
RAW_HEDGED_GRID_T100_S020_CONTINUOUS_TRUTH,2025-08-31T23:00:00.000Z,28,10361438.586856,-12883.68,-91038.777227,10257516.129629,-17802105.591478,-8567.53608,-7543156.997929,10267516.129629,-264791.005753,1973,680,1293,214728,39418,2856,1216,2024,249,2683257.440577,10060C2CF4EFA555E80E384F516BA05B57F761460FCC85EC3E71D91A4EE84527
RAW_HEDGED_GRID_T100_S020_CONTINUOUS_TRUTH,2025-09-07T23:00:00.000Z,28,10387758.908505,-12919.38,-91128.284736,10283711.243769,-18519285.808004,-8829.93101,-8234404.495245,10293711.243769,-691247.497316,2088,697,1391,215323,39523,2856,1216,2024,249,2684539.623215,C9FEBB9173B03AB3541EB4D155E10424AC8C17C096ED56322D55D1A41EE5A396
RAW_HEDGED_GRID_T100_S020_CONTINUOUS_TRUTH,2025-09-14T23:00:00.000Z,28,10412843.140833,-12969.9,-91247.513234,10308625.727599,-18613646.872426,-9071.002855,-8304092.147682,10318625.727599,-69687.652437,2153,755,1398,216165,39683,2856,1216,2024,249,2687918.463491,96C711C0D92D89EA497F342FEA74D8D34A364E0E9723AB1E9BCCD531101A4930
RAW_HEDGED_GRID_T100_S020_CONTINUOUS_TRUTH,2025-09-21T23:00:00.000Z,28,10427927.982772,-13005.12,-91283.085372,10323639.7774,-19050189.150592,-9425.493464,-8725974.866656,10333639.7774,-421882.718974,2190,782,1408,216752,39806,2856,1216,2024,249,2689227.870432,9EA4DE6513DB7BE582441DF7D494FCC2BA4511B2C43B4CC042637D8811C44B67
RAW_HEDGED_GRID_T100_S020_CONTINUOUS_TRUTH,2025-09-28T23:00:00.000Z,28,10445258.635109,-13039.32,-91361.387483,10340857.927626,-18336938.587266,-9759.204155,-7995839.863795,10350857.927626,730135.002861,2235,809,1426,217322,39906,2856,1216,2024,249,2690909.116958,D8A7052B5AECA2D7944CFE727F669EDAE385116D401B20859C445C4CADCCE92B
RAW_HEDGED_GRID_T100_S020_CONTINUOUS_TRUTH,2025-10-05T23:00:00.000Z,28,10569052.995308,-13099.02,-91479.087805,10464474.887503,-20339844.665228,-10050.729962,-9875420.507687,10474474.887503,-1879580.643892,2432,842,1590,218317,40061,2856,1216,2024,249,2692802.112094,95F37B055486B9C8539EABE26D41AD538A539BF7D313E88C31962C25BCC036DC
RAW_HEDGED_GRID_T100_S020_CONTINUOUS_TRUTH,2025-10-12T23:00:00.000Z,28,10605075.243664,-13175.04,-91694.490392,10500205.713272,-19751095.250637,-10267.191213,-9251156.728578,10510205.713272,624263.779109,2391,887,1504,219584,40301,2856,1216,2024,249,2697507.282921,6EBC95F31D2A79B7030BCE4BEC9CB1C03695BADA9B7BD74A7DFA62AD77E35AF5
RAW_HEDGED_GRID_T100_S020_CONTINUOUS_TRUTH,2025-10-19T23:00:00.000Z,28,10630878.665852,-13204.38,-91787.714999,10525886.570853,-20959069.875894,-10622.078445,-10433805.383486,10535886.570853,-1182648.654908,2363,845,1518,220073,40388,2856,1216,2024,249,2700019.728757,2BC47E00E670DE959ADB1E82474360408684C08B0850F4DD0DA0AC267852C67B
RAW_HEDGED_GRID_T100_S020_CONTINUOUS_TRUTH,2025-10-26T23:00:00.000Z,28,10664271.368886,-13245.12,-91806.988124,10559219.260762,-21235994.563364,-11057.162454,-10677832.465056,10569219.260762,-244027.08157,2496,933,1563,220752,40508,2856,1216,2024,249,2702027.168339,C9E241A2EEB187D5F542A0533DD33FAE56CAA6D2257DA608B39BF12773790AAD
RAW_HEDGED_GRID_T100_S020_CONTINUOUS_TRUTH,2025-11-03T00:00:00.000Z,28,10691213.924484,-13280.76,-91959.733032,10585973.431452,-20425925.390361,-11400.630592,-9841352.589501,10595973.431452,836479.875555,2464,921,1543,221346,40619,2856,1216,2024,249,2705218.473893,877D072CD4479D6C93CC731DF0506306623D203872D7F9FB53B670E790C28143
RAW_HEDGED_GRID_T100_S020_CONTINUOUS_TRUTH,2025-11-10T00:00:00.000Z,28,10718191.56425,-13318.2,-92053.732441,10612819.631809,-22260396.892073,-11779.998609,-11649357.258873,10622819.631809,-1808004.669372,2387,895,1492,221970,40741,2856,1216,2024,249,2708291.762779,8D1225C18DA8D44FA9FC5D0A4E9721B168949E505B4CEF112A41AEBF7961F1D6
RAW_HEDGED_GRID_T100_S020_CONTINUOUS_TRUTH,2025-11-17T00:00:00.000Z,28,10752708.485598,-13365.18,-92104.671415,10647238.634183,-22028928.329149,-12194.633279,-11383884.328245,10657238.634183,265472.930628,2492,927,1565,222753,40882,2856,1216,2024,249,2709519.382223,841BED6AA57F613A63859ED4EC41FD6B1F017B66DF3B371CE01669D00A11E872
RAW_HEDGED_GRID_T100_S020_CONTINUOUS_TRUTH,2025-11-24T00:00:00.000Z,28,10771705.638778,-13399.68,-92456.990991,10665848.967787,-22827857.657694,-12292.736124,-12164301.426031,10675848.967787,-780417.097786,2454,841,1613,223328,40980,2856,1216,2024,249,2713930.028056,50F2D960D910652ED34A49191343E5AA323718B5A4F6E8BFF4E7249FECBB99C3
RAW_HEDGED_GRID_T100_S020_CONTINUOUS_TRUTH,2025-12-01T00:00:00.000Z,28,10786714.858926,-13425.12,-93095.834819,10680193.904107,-22690351.99294,-12066.591646,-12012224.680479,10690193.904107,152076.745552,2415,744,1671,223752,41068,2856,1216,2024,249,2721009.10861,7594EFA76365F452E93E4520A48B5FD82EFE5F9650EA20B247C167F4E736DC63
RAW_HEDGED_GRID_T100_S020_CONTINUOUS_TRUTH,2025-12-08T00:00:00.000Z,28,10807335.806786,-13454.52,-93117.183713,10700764.103073,-23848299.837968,-12421.5877,-13149957.322595,10710764.103073,-1137732.642116,2483,798,1685,224242,41158,2856,1216,2024,249,2722454.376664,03001646DBCF64AE8C00818C0855F9D63C8CBB9487FEC52D10CF322697F6EB5D
RAW_HEDGED_GRID_T100_S020_CONTINUOUS_TRUTH,2025-12-15T00:00:00.000Z,28,10833722.971295,-13488.06,-93313.617075,10726921.29422,-24775486.265824,-12608.914961,-14051173.886565,10736921.29422,-901216.56397,2394,725,1669,224801,41268,2856,1216,2024,249,2726161.770413,9656835BF7EDD74C388D0D25A762FD3B4BDFB6FD14B9AB1F54F85053ACA3BF4B
RAW_HEDGED_GRID_T100_S020_CONTINUOUS_TRUTH,2025-12-22T00:00:00.000Z,28,10851579.92717,-13507.44,-93343.61449,10744728.87268,-25194072.302559,-12929.703544,-14452273.133423,10754728.87268,-401099.246858,2421,739,1682,225124,41331,2856,1216,2024,249,2727562.277357,C2EF6E91FEFDFDF2D4D23B1F5BCA70CC5C344E67D8535B59581521523D639B38
