variant_id,activation_rule_id,protection_mode,cycle_id,pair,side,close_reason,start_timestamp_utc,close_timestamp_utc,anchor_week_open_utc,fill_count,adverse_fill_count,expansion_fill_count,price_pnl_adr,price_pnl_usd,commission_usd,swap_usd,net_usd,min_pnl_adr,max_pnl_adr,min_pnl_timestamp_utc,max_pnl_timestamp_utc,first_mfe_0_5q_timestamp_utc,first_mfe_1q_timestamp_utc,first_mfe_2q_timestamp_utc,first_mfe_3q_timestamp_utc,first_mae_0_5q_timestamp_utc,first_mae_1q_timestamp_utc,first_mae_2q_timestamp_utc,first_mae_3q_timestamp_utc,reset_ordinal_at_start,completed_reset_ordinal,max_fill_age_days,cycle_spacing_adr,triangle_trigger_key,content_hash
RAW_GRID_T100_S020_GATE90_TRIANGLE_V0_NO_CANDIDATE_B,triangle_v0_no_candidate_b,baseline,RAW_GRID_T100_S020_GATE90_TRIANGLE_V0_NO_CANDIDATE_B|AUDCHF|SHORT|1,AUDCHF,SHORT,target,2019-04-18T01:34:00.000Z,2019-04-18T01:49:00.000Z,2019-04-14T23:00:00.000Z,1,0,0,0.352499,1.8008,-0.06,0.000104,1.740904,0,0.352499,,2019-04-18T01:49:00.000Z,2019-04-18T01:39:00.000Z,2019-04-18T01:49:00.000Z,,,,,,,0,1,0.010417,0.219258,2019-04-14T23:00:00.000Z|AUDCHF|asia_london|2019-04-18|SHORT|2019-04-18T01:33:00.000Z|2019-04-18T01:34:00.000Z,5859719846EE4DE23F180A2B8A251392177CA8133C065F2234F24E1E6E25F1EE
RAW_GRID_T100_S020_GATE90_TRIANGLE_V0_NO_CANDIDATE_B,triangle_v0_no_candidate_b,baseline,RAW_GRID_T100_S020_GATE90_TRIANGLE_V0_NO_CANDIDATE_B|AUDNZD|SHORT|1,AUDNZD,SHORT,session_flatten,2019-04-18T14:05:00.000Z,2019-04-18T20:00:00.000Z,2019-04-14T23:00:00.000Z,1,0,0,0.250439,1.250003,-0.06,0.002465,1.192469,0,0.318559,,2019-04-18T17:01:00.000Z,2019-04-18T16:02:00.000Z,2019-04-18T17:00:00.000Z,,,,,,,0,,0.246528,0.3,2019-04-14T23:00:00.000Z|AUDNZD|ny|2019-04-18|SHORT|2019-04-18T14:04:00.000Z|2019-04-18T14:05:00.000Z,EAC53F1F258EA43C13F3DF899B41E45E80D2D7DA8FE06799204F331B999A028F
RAW_GRID_T100_S020_GATE90_TRIANGLE_V0_NO_CANDIDATE_B,triangle_v0_no_candidate_b,baseline,RAW_GRID_T100_S020_GATE90_TRIANGLE_V0_NO_CANDIDATE_B|EURNZD|SHORT|1,EURNZD,SHORT,session_flatten,2019-04-18T14:05:00.000Z,2019-04-18T20:00:00.000Z,2019-04-14T23:00:00.000Z,1,0,0,0.224717,2.009995,-0.06,0.002465,1.952461,-0.090558,0.247077,2019-04-18T14:41:00.000Z,2019-04-18T19:16:00.000Z,2019-04-18T16:56:00.000Z,2019-04-18T18:42:00.000Z,,,,,,,0,,0.246528,0.21783,2019-04-14T23:00:00.000Z|EURNZD|ny|2019-04-18|SHORT|2019-04-18T14:04:00.000Z|2019-04-18T14:05:00.000Z,2F7E312F6D2F403DCA6EECE4A1C4DD7DA3351F657BE78F2B8EF69C2F813F370B
RAW_GRID_T100_S020_GATE90_TRIANGLE_V0_NO_CANDIDATE_B,triangle_v0_no_candidate_b,baseline,RAW_GRID_T100_S020_GATE90_TRIANGLE_V0_NO_CANDIDATE_B|NZDCAD|SHORT|1,NZDCAD,SHORT,session_flatten,2019-04-15T17:10:00.000Z,2019-04-15T20:00:00.000Z,2019-04-14T23:00:00.000Z,1,0,0,-0.065913,-0.239294,-0.06,0.001181,-0.298113,-0.113288,0.080331,2019-04-15T18:42:00.000Z,2019-04-15T17:59:00.000Z,,,,,,,,,0,,0.118056,0.295801,2019-04-14T23:00:00.000Z|NZDCAD|ny|2019-04-15|SHORT|2019-04-15T14:41:00.000Z|2019-04-15T14:42:00.000Z,CC34EE93AF5D0DA659A8D1A9BC357B4364A9D30F1404B5920DD700AFE8363AEC
RAW_GRID_T100_S020_GATE90_TRIANGLE_V0_NO_CANDIDATE_B,triangle_v0_no_candidate_b,baseline,RAW_GRID_T100_S020_GATE90_TRIANGLE_V0_NO_CANDIDATE_B|NZDJPY|LONG|1,NZDJPY,LONG,session_flatten,2019-04-18T14:05:00.000Z,2019-04-18T20:00:00.000Z,2019-04-14T23:00:00.000Z,1,0,0,0.0324,0.151872,-0.06,-0.022607,0.069266,-0.108634,0.10101,2019-04-18T14:42:00.000Z,2019-04-18T14:06:00.000Z,,,,,,,,,0,,0.246528,0.3,2019-04-14T23:00:00.000Z|NZDJPY|ny|2019-04-18|LONG|2019-04-18T14:04:00.000Z|2019-04-18T14:05:00.000Z,658476005274AE4175343DB05A81C516044D1B6BB46EBD2663674BF077983E60
RAW_GRID_T100_S020_GATE90_TRIANGLE_V0_NO_CANDIDATE_B,triangle_v0_no_candidate_b,baseline,RAW_GRID_T100_S020_GATE90_TRIANGLE_V0_NO_CANDIDATE_B|USDCHF|SHORT|1,USDCHF,SHORT,target,2019-04-18T07:44:00.000Z,2019-04-18T08:26:00.000Z,2019-04-14T23:00:00.000Z,1,0,0,0.249647,0.801784,-0.06,0.000292,0.742076,0,0.249647,,2019-04-18T08:26:00.000Z,2019-04-18T07:48:00.000Z,,,,,,,,0,1,0.029167,0.273528,2019-04-14T23:00:00.000Z|USDCHF|asia_london|2019-04-18|SHORT|2019-04-18T07:43:00.000Z|2019-04-18T07:44:00.000Z,3120D53E6AC38A012C3A460C0B99173EF6351CB76086457FDFC3A68F72389455
RAW_GRID_T100_S020_GATE90_TRIANGLE_V0_NO_CANDIDATE_B,triangle_v0_no_candidate_b,baseline,RAW_GRID_T100_S020_GATE90_TRIANGLE_V0_NO_CANDIDATE_B|USDCHF|SHORT|2,USDCHF,SHORT,session_flatten,2019-04-18T09:43:00.000Z,2019-04-18T20:00:00.000Z,2019-04-14T23:00:00.000Z,6,5,0,-4.010184,-12.828346,-0.36,0.015486,-13.17286,-4.434462,0.117099,2019-04-18T17:06:00.000Z,2019-04-18T10:15:00.000Z,,,,,2019-04-18T12:01:00.000Z,2019-04-18T12:32:00.000Z,2019-04-18T12:57:00.000Z,2019-04-18T13:02:00.000Z,1,,0.428472,0.273528,2019-04-14T23:00:00.000Z|USDCHF|asia_london|2019-04-18|SHORT|2019-04-18T07:43:00.000Z|2019-04-18T07:44:00.000Z,79A28132445D4C32F35F22423297138635EF9B4975C6704AB6E791F2EDAB50D8
RAW_GRID_T100_S020_GATE90_TRIANGLE_V0_NO_CANDIDATE_B,triangle_v0_no_candidate_b,baseline,RAW_GRID_T100_S020_GATE90_TRIANGLE_V0_NO_CANDIDATE_B|AUDJPY|LONG|1,AUDJPY,LONG,target,2019-04-25T08:32:00.000Z,2019-04-25T08:59:00.000Z,2019-04-21T23:00:00.000Z,1,0,0,0.302434,1.278244,-0.06,-0.001719,1.216524,0,0.302434,,2019-04-25T08:59:00.000Z,2019-04-25T08:37:00.000Z,2019-04-25T08:46:00.000Z,,,,,,,0,1,0.01875,0.225139,2019-04-21T23:00:00.000Z|AUDJPY|asia_london|2019-04-25|LONG|2019-04-25T08:31:00.000Z|2019-04-25T08:32:00.000Z,F05331C24CE9711A42A9D0340DB12A393687C9CFB8514CBDE0117A3E06873A7E
RAW_GRID_T100_S020_GATE90_TRIANGLE_V0_NO_CANDIDATE_B,triangle_v0_no_candidate_b,baseline,RAW_GRID_T100_S020_GATE90_TRIANGLE_V0_NO_CANDIDATE_B|AUDJPY|LONG|2,AUDJPY,LONG,target,2019-04-25T09:43:00.000Z,2019-04-25T18:20:00.000Z,2019-04-21T23:00:00.000Z,3,2,0,0.072768,0.304631,-0.18,-0.074124,0.050507,-0.96263,0.072768,2019-04-25T15:21:00.000Z,2019-04-25T18:20:00.000Z,,,,,2019-04-25T10:12:00.000Z,2019-04-25T12:07:00.000Z,2019-04-25T12:31:00.000Z,2019-04-25T13:46:00.000Z,1,2,0.359028,0.225139,2019-04-21T23:00:00.000Z|AUDJPY|asia_london|2019-04-25|LONG|2019-04-25T08:31:00.000Z|2019-04-25T08:32:00.000Z,B0B7B2CEBFC074E25760538742D2DCABAD0B214C6EAC81622EED842ABF07EC00
RAW_GRID_T100_S020_GATE90_TRIANGLE_V0_NO_CANDIDATE_B,triangle_v0_no_candidate_b,baseline,RAW_GRID_T100_S020_GATE90_TRIANGLE_V0_NO_CANDIDATE_B|EURJPY|LONG|1,EURJPY,LONG,target,2019-04-24T08:05:00.000Z,2019-04-24T08:11:00.000Z,2019-04-21T23:00:00.000Z,1,0,0,0.355024,1.788526,-0.06,-0.000382,1.728144,0,0.355024,,2019-04-24T08:11:00.000Z,2019-04-24T08:06:00.000Z,2019-04-24T08:10:00.000Z,,,,,,,0,1,0.004167,0.201347,2019-04-21T23:00:00.000Z|EURJPY|asia_london|2019-04-24|LONG|2019-04-24T08:04:00.000Z|2019-04-24T08:05:00.000Z,9C271781300DF20B6C0B9BE2AE51011FA9CA430164458740C7866CA62E08422F
RAW_GRID_T100_S020_GATE90_TRIANGLE_V0_NO_CANDIDATE_B,triangle_v0_no_candidate_b,baseline,RAW_GRID_T100_S020_GATE90_TRIANGLE_V0_NO_CANDIDATE_B|EURJPY|LONG|2,EURJPY,LONG,target,2019-04-24T12:27:00.000Z,2019-04-24T18:27:00.000Z,2019-04-21T23:00:00.000Z,5,4,0,0.328783,1.641258,-0.3,-0.071322,1.269936,-2.221488,0.328783,2019-04-24T17:16:00.000Z,2019-04-24T18:27:00.000Z,2019-04-24T15:01:00.000Z,2019-04-24T15:02:00.000Z,,,2019-04-24T13:03:00.000Z,2019-04-24T13:08:00.000Z,2019-04-24T13:15:00.000Z,2019-04-24T14:26:00.000Z,1,2,0.25,0.201347,2019-04-21T23:00:00.000Z|EURJPY|asia_london|2019-04-24|LONG|2019-04-24T08:04:00.000Z|2019-04-24T08:05:00.000Z,05968EC5E44363E9BEB69F995811A7A782346594084799503B8837817DA7C8B2
RAW_GRID_T100_S020_GATE90_TRIANGLE_V0_NO_CANDIDATE_B,triangle_v0_no_candidate_b,baseline,RAW_GRID_T100_S020_GATE90_TRIANGLE_V0_NO_CANDIDATE_B|EURJPY|LONG|3,EURJPY,LONG,target,2019-04-26T00:50:00.000Z,2019-04-26T00:53:00.000Z,2019-04-21T23:00:00.000Z,1,0,0,0.275653,1.37921,-0.06,-0.000191,1.319019,0,0.275653,,2019-04-26T00:53:00.000Z,2019-04-26T00:53:00.000Z,2019-04-26T00:53:00.000Z,,,,,,,2,3,0.002083,0.240793,2019-04-21T23:00:00.000Z|EURJPY|asia_london|2019-04-26|LONG|2019-04-26T00:49:00.000Z|2019-04-26T00:50:00.000Z,D71DA97A305911EAB5BAFEC8BDB23DEBB7B1AE7CBB17510C9F2C3C73190D8232
RAW_GRID_T100_S020_GATE90_TRIANGLE_V0_NO_CANDIDATE_B,triangle_v0_no_candidate_b,baseline,RAW_GRID_T100_S020_GATE90_TRIANGLE_V0_NO_CANDIDATE_B|EURUSD|LONG|1,EURUSD,LONG,target,2019-04-24T14:26:00.000Z,2019-04-24T14:29:00.000Z,2019-04-21T23:00:00.000Z,1,0,0,0.256585,1.07,-0.06,-0.000191,1.009809,0,0.256585,,2019-04-24T14:29:00.000Z,2019-04-24T14:27:00.000Z,2019-04-24T14:29:00.000Z,,,,,,,0,1,0.002083,0.235536,2019-04-21T23:00:00.000Z|EURUSD|ny|2019-04-24|LONG|2019-04-24T14:25:00.000Z|2019-04-24T14:26:00.000Z,B507123B9604ED36D45F75EC95C791411C366E154F13AAB0CF2D7CDE3640FB8D
RAW_GRID_T100_S020_GATE90_TRIANGLE_V0_NO_CANDIDATE_B,triangle_v0_no_candidate_b,baseline,RAW_GRID_T100_S020_GATE90_TRIANGLE_V0_NO_CANDIDATE_B|EURUSD|LONG|2,EURUSD,LONG,session_flatten,2019-04-24T15:31:00.000Z,2019-04-24T20:00:00.000Z,2019-04-21T23:00:00.000Z,6,5,0,-1.203625,-5.020003,-0.36,-0.065655,-5.445658,-3.396237,0.074352,2019-04-24T19:01:00.000Z,2019-04-24T15:57:00.000Z,,,,,2019-04-24T16:07:00.000Z,2019-04-24T16:28:00.000Z,2019-04-24T16:30:00.000Z,2019-04-24T16:32:00.000Z,1,,0.186806,0.235536,2019-04-21T23:00:00.000Z|EURUSD|ny|2019-04-24|LONG|2019-04-24T14:25:00.000Z|2019-04-24T14:26:00.000Z,70C2537CC193CAAFF48CC35A61A3CCA9522A8AAEC3A59F129B5C0C5EA8F4CFBF
RAW_GRID_T100_S020_GATE90_TRIANGLE_V0_NO_CANDIDATE_B,triangle_v0_no_candidate_b,baseline,RAW_GRID_T100_S020_GATE90_TRIANGLE_V0_NO_CANDIDATE_B|EURUSD|LONG|3,EURUSD,LONG,target,2019-04-26T00:56:00.000Z,2019-04-26T01:34:00.000Z,2019-04-21T23:00:00.000Z,1,0,0,0.32332,1.339999,-0.06,-0.00242,1.277579,0,0.32332,,2019-04-26T01:34:00.000Z,2019-04-26T00:57:00.000Z,2019-04-26T01:21:00.000Z,,,,,,,1,2,0.026389,0.218826,2019-04-21T23:00:00.000Z|EURUSD|asia_london|2019-04-26|LONG|2019-04-26T00:55:00.000Z|2019-04-26T00:56:00.000Z,EBACE0BF550F6E9607C64A0B010D30E2CCCC9BC395A9132F0457CFB1738A6608
RAW_GRID_T100_S020_GATE90_TRIANGLE_V0_NO_CANDIDATE_B,triangle_v0_no_candidate_b,baseline,RAW_GRID_T100_S020_GATE90_TRIANGLE_V0_NO_CANDIDATE_B|EURUSD|LONG|4,EURUSD,LONG,target,2019-04-26T12:32:00.000Z,2019-04-26T12:35:00.000Z,2019-04-21T23:00:00.000Z,1,0,0,0.337758,1.399998,-0.06,-0.000191,1.339807,0,0.337758,,2019-04-26T12:35:00.000Z,2019-04-26T12:34:00.000Z,2019-04-26T12:35:00.000Z,,,,,,,2,3,0.002083,0.218826,2019-04-21T23:00:00.000Z|EURUSD|asia_london|2019-04-26|LONG|2019-04-26T00:55:00.000Z|2019-04-26T00:56:00.000Z,69BE114543DE7F3A9ADB21BCAC582C6DF344C4735BA179C4AAC36629245627D1
RAW_GRID_T100_S020_GATE90_TRIANGLE_V0_NO_CANDIDATE_B,triangle_v0_no_candidate_b,baseline,RAW_GRID_T100_S020_GATE90_TRIANGLE_V0_NO_CANDIDATE_B|GBPNZD|SHORT|1,GBPNZD,SHORT,target,2019-04-24T01:34:00.000Z,2019-04-24T06:49:00.000Z,2019-04-21T23:00:00.000Z,1,0,0,0.15924,1.265159,-0.06,0.002188,1.207346,-0.275129,0.175915,2019-04-24T04:00:00.000Z,2019-04-24T01:39:00.000Z,2019-04-24T01:35:00.000Z,,,,2019-04-24T03:26:00.000Z,,,,0,1,0.21875,0.279829,2019-04-21T23:00:00.000Z|GBPNZD|asia_london|2019-04-24|SHORT|2019-04-24T01:33:00.000Z|2019-04-24T01:34:00.000Z,1EFE6FBC03375B1345AA7D1F025CF1859808735AE9195F16EB567565B715A401
RAW_GRID_T100_S020_GATE90_TRIANGLE_V0_NO_CANDIDATE_B,triangle_v0_no_candidate_b,baseline,RAW_GRID_T100_S020_GATE90_TRIANGLE_V0_NO_CANDIDATE_B|GBPNZD|SHORT|2,GBPNZD,SHORT,session_flatten,2019-04-24T10:14:00.000Z,2019-04-24T20:00:00.000Z,2019-04-21T23:00:00.000Z,3,2,0,-0.11329,-0.889755,-0.18,0.009556,-1.060199,-1.006418,0.074976,2019-04-24T14:16:00.000Z,2019-04-24T11:10:00.000Z,,,,,2019-04-24T12:27:00.000Z,2019-04-24T12:39:00.000Z,2019-04-24T13:46:00.000Z,2019-04-24T14:11:00.000Z,1,,0.406944,0.279829,2019-04-21T23:00:00.000Z|GBPNZD|asia_london|2019-04-24|SHORT|2019-04-24T01:33:00.000Z|2019-04-24T01:34:00.000Z,7B1AAEFE7C5BE6EB4FD635D48201DCDF454498BCD4453315F3D5085BEE139448
RAW_GRID_T100_S020_GATE90_TRIANGLE_V0_NO_CANDIDATE_B,triangle_v0_no_candidate_b,baseline,RAW_GRID_T100_S020_GATE90_TRIANGLE_V0_NO_CANDIDATE_B|NZDUSD|LONG|1,NZDUSD,LONG,session_flatten,2019-04-24T01:34:00.000Z,2019-04-24T20:00:00.000Z,2019-04-21T23:00:00.000Z,5,4,0,-1.700751,-7.20001,-0.3,-0.175249,-7.675259,-2.718464,0.496119,2019-04-24T19:05:00.000Z,2019-04-24T09:05:00.000Z,2019-04-24T01:35:00.000Z,2019-04-24T05:57:00.000Z,2019-04-24T07:30:00.000Z,,2019-04-24T03:09:00.000Z,2019-04-24T03:47:00.000Z,2019-04-24T13:03:00.000Z,2019-04-24T13:19:00.000Z,0,,0.768056,0.226036,2019-04-21T23:00:00.000Z|NZDUSD|asia_london|2019-04-24|LONG|2019-04-24T01:33:00.000Z|2019-04-24T01:34:00.000Z,58C2B70706B8924998819E95287CAFDECB27C9A53F1508EF52F7C7189599CBA7
RAW_GRID_T100_S020_GATE90_TRIANGLE_V0_NO_CANDIDATE_B,triangle_v0_no_candidate_b,baseline,RAW_GRID_T100_S020_GATE90_TRIANGLE_V0_NO_CANDIDATE_B|CHFJPY|LONG|1,CHFJPY,LONG,target,2019-05-02T07:52:00.000Z,2019-05-02T08:49:00.000Z,2019-04-28T23:00:00.000Z,1,0,0,0.182911,0.797968,-0.06,-0.00363,0.734339,-0.108925,0.182911,2019-05-02T08:05:00.000Z,2019-05-02T08:49:00.000Z,2019-05-02T08:33:00.000Z,,,,2019-05-02T08:05:00.000Z,,,,0,1,0.039583,0.208814,2019-04-28T23:00:00.000Z|CHFJPY|asia_london|2019-05-02|LONG|2019-05-02T07:51:00.000Z|2019-05-02T07:52:00.000Z,FD19BE02562065D3B178520A22221093353AC84D1B93DFEDE5CEF995DD609B59
RAW_GRID_T100_S020_GATE90_TRIANGLE_V0_NO_CANDIDATE_B,triangle_v0_no_candidate_b,baseline,RAW_GRID_T100_S020_GATE90_TRIANGLE_V0_NO_CANDIDATE_B|CHFJPY|LONG|2,CHFJPY,LONG,target,2019-05-02T09:05:00.000Z,2019-05-02T15:03:00.000Z,2019-04-28T23:00:00.000Z,2,1,0,0.285948,1.246214,-0.12,-0.028402,1.097812,-0.289835,0.285948,2019-05-02T13:48:00.000Z,2019-05-02T15:03:00.000Z,2019-05-02T09:18:00.000Z,2019-05-02T14:58:00.000Z,,,2019-05-02T10:10:00.000Z,2019-05-02T13:35:00.000Z,,,1,2,0.248611,0.208814,2019-04-28T23:00:00.000Z|CHFJPY|asia_london|2019-05-02|LONG|2019-05-02T07:51:00.000Z|2019-05-02T07:52:00.000Z,3495F0A8FCA3320DEBC817C472A51E315443DCC609D920BDDC66EF03886958CC
RAW_GRID_T100_S020_GATE90_TRIANGLE_V0_NO_CANDIDATE_B,triangle_v0_no_candidate_b,baseline,RAW_GRID_T100_S020_GATE90_TRIANGLE_V0_NO_CANDIDATE_B|EURGBP|LONG|1,EURGBP,LONG,target,2019-05-01T08:59:00.000Z,2019-05-01T09:03:00.000Z,2019-04-28T23:00:00.000Z,1,0,0,0.330656,1.332046,-0.06,-0.000255,1.271792,0,0.330656,,2019-05-01T09:03:00.000Z,2019-05-01T09:00:00.000Z,2019-05-01T09:03:00.000Z,,,,,,,0,1,0.002778,0.282881,2019-04-28T23:00:00.000Z|EURGBP|asia_london|2019-05-01|LONG|2019-05-01T08:58:00.000Z|2019-05-01T08:59:00.000Z,313FA83385480DE4EEACE42773F10BF8A3C5C823E3CEB465E525F2DFAB0F8A8A
RAW_GRID_T100_S020_GATE90_TRIANGLE_V0_NO_CANDIDATE_B,triangle_v0_no_candidate_b,baseline,RAW_GRID_T100_S020_GATE90_TRIANGLE_V0_NO_CANDIDATE_B|EURUSD|SHORT|5,EURUSD,SHORT,target,2019-04-30T09:03:00.000Z,2019-04-30T14:59:00.000Z,2019-04-28T23:00:00.000Z,2,1,0,0.344323,1.739998,-0.12,0.003701,1.6237,-0.463473,0.344323,2019-04-30T13:53:00.000Z,2019-04-30T14:59:00.000Z,2019-04-30T14:52:00.000Z,2019-04-30T14:59:00.000Z,,,2019-04-30T11:36:00.000Z,2019-04-30T12:02:00.000Z,,,0,1,0.247222,0.251625,2019-04-28T23:00:00.000Z|EURUSD|asia_london|2019-04-30|SHORT|2019-04-30T01:00:00.000Z|2019-04-30T01:01:00.000Z,B1E1CC7A763E8B17862794BF408194EA7784D7FC714057DCAA80A502FCA93122
RAW_GRID_T100_S020_GATE90_TRIANGLE_V0_NO_CANDIDATE_B,triangle_v0_no_candidate_b,baseline,RAW_GRID_T100_S020_GATE90_TRIANGLE_V0_NO_CANDIDATE_B|GBPAUD|SHORT|1,GBPAUD,SHORT,target,2019-05-02T12:51:00.000Z,2019-05-02T14:03:00.000Z,2019-04-28T23:00:00.000Z,2,1,0,0.450643,3.293766,-0.12,0.000847,3.174613,-0.332003,0.450643,2019-05-02T13:28:00.000Z,2019-05-02T14:03:00.000Z,2019-05-02T13:43:00.000Z,2019-05-02T13:44:00.000Z,2019-05-02T14:03:00.000Z,,2019-05-02T13:11:00.000Z,2019-05-02T13:13:00.000Z,,,0,1,0.05,0.212179,2019-04-28T23:00:00.000Z|GBPAUD|asia_london|2019-05-02|SHORT|2019-05-02T11:01:00.000Z|2019-05-02T11:02:00.000Z,044B9BE9E0301F7FC34B9CB662E37E3E4365D66D4E477A47FAE33B1B39F8D845
RAW_GRID_T100_S020_GATE90_TRIANGLE_V0_NO_CANDIDATE_B,triangle_v0_no_candidate_b,baseline,RAW_GRID_T100_S020_GATE90_TRIANGLE_V0_NO_CANDIDATE_B|GBPCAD|SHORT|1,GBPCAD,SHORT,target,2019-05-02T12:56:00.000Z,2019-05-02T13:42:00.000Z,2019-04-28T23:00:00.000Z,1,0,0,0.230592,1.54516,-0.06,0.000319,1.485479,-0.110861,0.230592,2019-05-02T13:12:00.000Z,2019-05-02T13:42:00.000Z,2019-05-02T13:41:00.000Z,,,,,,,,0,1,0.031944,0.255167,2019-04-28T23:00:00.000Z|GBPCAD|asia_london|2019-05-02|SHORT|2019-05-02T11:01:00.000Z|2019-05-02T11:02:00.000Z,84601516B0EFEEFAEAC5A753C17479D1C5EBBBE653A429D26E2020114A1CF79B
RAW_GRID_T100_S020_GATE90_TRIANGLE_V0_NO_CANDIDATE_B,triangle_v0_no_candidate_b,baseline,RAW_GRID_T100_S020_GATE90_TRIANGLE_V0_NO_CANDIDATE_B|GBPCHF|SHORT|1,GBPCHF,SHORT,target,2019-04-30T13:52:00.000Z,2019-04-30T14:23:00.000Z,2019-04-28T23:00:00.000Z,1,0,0,0.099201,0.480732,-0.06,0.000215,0.420947,-0.172083,0.101225,2019-04-30T14:09:00.000Z,2019-04-30T14:06:00.000Z,,,,,2019-04-30T14:09:00.000Z,,,,0,1,0.021528,0.3,2019-04-28T23:00:00.000Z|GBPCHF|ny|2019-04-30|SHORT|2019-04-30T13:51:00.000Z|2019-04-30T13:52:00.000Z,AD73E6B1DAAA22D4A70CF32202BEB6297AF2D8B726380A014D814094D97EFB54
RAW_GRID_T100_S020_GATE90_TRIANGLE_V0_NO_CANDIDATE_B,triangle_v0_no_candidate_b,baseline,RAW_GRID_T100_S020_GATE90_TRIANGLE_V0_NO_CANDIDATE_B|GBPCHF|SHORT|2,GBPCHF,SHORT,target,2019-04-30T14:31:00.000Z,2019-04-30T15:01:00.000Z,2019-04-28T23:00:00.000Z,1,0,0,0.204264,0.991302,-0.06,0.000208,0.93151,-0.218421,0.279094,2019-04-30T14:56:00.000Z,2019-04-30T14:39:00.000Z,2019-04-30T14:33:00.000Z,,,,2019-04-30T14:54:00.000Z,,,,1,2,0.020833,0.3,2019-04-28T23:00:00.000Z|GBPCHF|ny|2019-04-30|SHORT|2019-04-30T14:21:00.000Z|2019-04-30T14:22:00.000Z,776B5A23214D60B5A8828449F04FBB3E56F96DCAE89695F8A6E18A6F1E0ECC1A
RAW_GRID_T100_S020_GATE90_TRIANGLE_V0_NO_CANDIDATE_B,triangle_v0_no_candidate_b,baseline,RAW_GRID_T100_S020_GATE90_TRIANGLE_V0_NO_CANDIDATE_B|GBPCHF|SHORT|3,GBPCHF,SHORT,target,2019-04-30T16:23:00.000Z,2019-04-30T16:52:00.000Z,2019-04-28T23:00:00.000Z,1,0,0,0.228432,1.109052,-0.06,0.000201,1.049253,0,0.228432,,2019-04-30T16:52:00.000Z,2019-04-30T16:41:00.000Z,,,,,,,,2,3,0.020139,0.3,2019-04-28T23:00:00.000Z|GBPCHF|ny|2019-04-30|SHORT|2019-04-30T14:21:00.000Z|2019-04-30T14:22:00.000Z,43C781BF81FD01D08FA9065D86233B7E3C58529F2D21C5C3A2E3B30BB8ABEF1A
RAW_GRID_T100_S020_GATE90_TRIANGLE_V0_NO_CANDIDATE_B,triangle_v0_no_candidate_b,baseline,RAW_GRID_T100_S020_GATE90_TRIANGLE_V0_NO_CANDIDATE_B|GBPUSD|SHORT|1,GBPUSD,SHORT,target,2019-04-30T14:22:00.000Z,2019-04-30T15:08:00.000Z,2019-04-28T23:00:00.000Z,2,1,0,0.45941,2.529998,-0.12,0.000396,2.410393,-0.325411,0.45941,2019-04-30T14:58:00.000Z,2019-04-30T15:08:00.000Z,2019-04-30T15:02:00.000Z,2019-04-30T15:04:00.000Z,,,2019-04-30T14:43:00.000Z,2019-04-30T14:57:00.000Z,,,0,1,0.031944,0.3,2019-04-28T23:00:00.000Z|GBPUSD|ny|2019-04-30|SHORT|2019-04-30T14:21:00.000Z|2019-04-30T14:22:00.000Z,B6790E8BC73E1C3521F44BCE8F83224C73967C427AB8CC19191E69B804BF704C
RAW_GRID_T100_S020_GATE90_TRIANGLE_V0_NO_CANDIDATE_B,triangle_v0_no_candidate_b,baseline,RAW_GRID_T100_S020_GATE90_TRIANGLE_V0_NO_CANDIDATE_B|GBPUSD|SHORT|2,GBPUSD,SHORT,session_flatten,2019-04-30T16:31:00.000Z,2019-04-30T20:00:00.000Z,2019-04-28T23:00:00.000Z,1,0,0,0.058107,0.320002,-0.06,0.001451,0.261453,-0.070818,0.156162,2019-04-30T17:48:00.000Z,2019-04-30T18:19:00.000Z,2019-04-30T18:19:00.000Z,,,,,,,,1,,0.145139,0.3,2019-04-28T23:00:00.000Z|GBPUSD|ny|2019-04-30|SHORT|2019-04-30T14:21:00.000Z|2019-04-30T14:22:00.000Z,5EC88A71BED6E56E76FDD9793FD1EE6FD6B251FB2449FAB074F8EBF3FD2E42BB
RAW_GRID_T100_S020_GATE90_TRIANGLE_V0_NO_CANDIDATE_B,triangle_v0_no_candidate_b,baseline,RAW_GRID_T100_S020_GATE90_TRIANGLE_V0_NO_CANDIDATE_B|GBPUSD|SHORT|3,GBPUSD,SHORT,target,2019-05-01T18:33:00.000Z,2019-05-01T18:34:00.000Z,2019-04-28T23:00:00.000Z,1,0,0,0.300286,1.660001,-0.06,0.000007,1.600008,0,0.300286,,2019-05-01T18:34:00.000Z,2019-05-01T18:34:00.000Z,2019-05-01T18:34:00.000Z,,,,,,,1,2,0.000694,0.267676,2019-04-28T23:00:00.000Z|GBPUSD|ny|2019-05-01|SHORT|2019-05-01T18:32:00.000Z|2019-05-01T18:33:00.000Z,2704FBFBEDF2AF86839BA701D8839ABE3AFA9F189A4505C52DE7D5405C776AE9
RAW_GRID_T100_S020_GATE90_TRIANGLE_V0_NO_CANDIDATE_B,triangle_v0_no_candidate_b,baseline,RAW_GRID_T100_S020_GATE90_TRIANGLE_V0_NO_CANDIDATE_B|NZDUSD|SHORT|2,NZDUSD,SHORT,session_flatten,2019-04-26T12:36:00.000Z,2019-04-29T00:00:00.000Z,2019-04-21T23:00:00.000Z,2,1,0,0.11951,0.590001,-0.12,0.048694,0.518696,-0.583889,0.11951,2019-04-26T14:40:00.000Z,2019-04-29T00:00:00.000Z,2019-04-26T15:00:00.000Z,,,,2019-04-26T12:43:00.000Z,2019-04-26T14:32:00.000Z,2019-04-26T14:37:00.000Z,,0,,2.475,0.227595,2019-04-21T23:00:00.000Z|NZDUSD|asia_london|2019-04-26|SHORT|2019-04-26T00:12:00.000Z|2019-04-26T00:13:00.000Z,86E5AE100F837D5026F53C52F7E733EB8AD6E0043600263A24AE9BDBA9FB2F3E
RAW_GRID_T100_S020_GATE90_TRIANGLE_V0_NO_CANDIDATE_B,triangle_v0_no_candidate_b,baseline,RAW_GRID_T100_S020_GATE90_TRIANGLE_V0_NO_CANDIDATE_B|AUDJPY|LONG|3,AUDJPY,LONG,target,2019-05-08T02:02:00.000Z,2019-05-08T06:03:00.000Z,2019-05-05T23:00:00.000Z,1,0,0,0.272256,1.844116,-0.06,-0.015347,1.768769,-0.002682,0.272256,2019-05-08T02:15:00.000Z,2019-05-08T06:03:00.000Z,2019-05-08T02:03:00.000Z,2019-05-08T03:23:00.000Z,,,,,,,2,3,0.167361,0.209592,2019-05-05T23:00:00.000Z|AUDJPY|asia_london|2019-05-08|LONG|2019-05-08T02:01:00.000Z|2019-05-08T02:02:00.000Z,AA31D5975D886E9D3338DDB739D12EF6DF7BAC8047A2A928964072AF311770C4
RAW_GRID_T100_S020_GATE90_TRIANGLE_V0_NO_CANDIDATE_B,triangle_v0_no_candidate_b,baseline,RAW_GRID_T100_S020_GATE90_TRIANGLE_V0_NO_CANDIDATE_B|AUDJPY|LONG|4,AUDJPY,LONG,target,2019-05-08T08:50:00.000Z,2019-05-08T12:51:00.000Z,2019-05-05T23:00:00.000Z,2,1,0,0.418903,2.83085,-0.12,-0.025154,2.685696,-0.354035,0.418903,2019-05-08T10:27:00.000Z,2019-05-08T12:51:00.000Z,2019-05-08T08:54:00.000Z,2019-05-08T12:51:00.000Z,,,2019-05-08T09:48:00.000Z,2019-05-08T10:17:00.000Z,,,3,4,0.167361,0.209592,2019-05-05T23:00:00.000Z|AUDJPY|asia_london|2019-05-08|LONG|2019-05-08T02:01:00.000Z|2019-05-08T02:02:00.000Z,1866B461506BFA047C26ECB035D8C99D59E03B69E23CE2DDE0EA7DE575207E31
RAW_GRID_T100_S020_GATE90_TRIANGLE_V0_NO_CANDIDATE_B,triangle_v0_no_candidate_b,baseline,RAW_GRID_T100_S020_GATE90_TRIANGLE_V0_NO_CANDIDATE_B|CADJPY|LONG|1,CADJPY,LONG,session_flatten,2019-05-07T13:23:00.000Z,2019-05-07T20:00:00.000Z,2019-05-05T23:00:00.000Z,2,1,0,-0.336201,-1.632527,-0.12,-0.036107,-1.788634,-0.85977,0.138218,2019-05-07T17:46:00.000Z,2019-05-07T13:41:00.000Z,,,,,2019-05-07T14:04:00.000Z,2019-05-07T17:10:00.000Z,2019-05-07T17:32:00.000Z,,0,,0.275694,0.3,2019-05-05T23:00:00.000Z|CADJPY|ny|2019-05-07|LONG|2019-05-07T13:22:00.000Z|2019-05-07T13:23:00.000Z,F3E1043EDD1861FE59CA269526EA76D42F41A65CF5594194B23587773F6C64E7
RAW_GRID_T100_S020_GATE90_TRIANGLE_V0_NO_CANDIDATE_B,triangle_v0_no_candidate_b,baseline,RAW_GRID_T100_S020_GATE90_TRIANGLE_V0_NO_CANDIDATE_B|CADJPY|LONG|2,CADJPY,LONG,target,2019-05-09T00:33:00.000Z,2019-05-09T09:27:00.000Z,2019-05-05T23:00:00.000Z,3,2,0,0.004504,0.018227,-0.18,-0.052919,-0.214692,-1.169324,0.184072,2019-05-09T08:24:00.000Z,2019-05-09T01:16:00.000Z,2019-05-09T00:34:00.000Z,,,,2019-05-09T00:47:00.000Z,2019-05-09T06:31:00.000Z,2019-05-09T07:21:00.000Z,2019-05-09T07:26:00.000Z,0,1,0.370833,0.212635,2019-05-05T23:00:00.000Z|CADJPY|asia_london|2019-05-09|LONG|2019-05-09T00:32:00.000Z|2019-05-09T00:33:00.000Z,A498398946E00C83E46D5C24E61A52DF58EBA4EFB7F72619FA3348BF44B3F546
RAW_GRID_T100_S020_GATE90_TRIANGLE_V0_NO_CANDIDATE_B,triangle_v0_no_candidate_b,baseline,RAW_GRID_T100_S020_GATE90_TRIANGLE_V0_NO_CANDIDATE_B|CADJPY|LONG|3,CADJPY,LONG,target,2019-05-09T12:51:00.000Z,2019-05-09T16:27:00.000Z,2019-05-05T23:00:00.000Z,2,1,0,0.296082,1.431335,-0.12,-0.023625,1.28771,-0.518205,0.30362,2019-05-09T15:43:00.000Z,2019-05-09T14:49:00.000Z,2019-05-09T13:33:00.000Z,2019-05-09T14:48:00.000Z,,,2019-05-09T13:51:00.000Z,2019-05-09T13:52:00.000Z,2019-05-09T15:30:00.000Z,,1,2,0.15,0.212635,2019-05-05T23:00:00.000Z|CADJPY|asia_london|2019-05-09|LONG|2019-05-09T00:32:00.000Z|2019-05-09T00:33:00.000Z,9AF2FDEE9FDCC6E825610F78FD8848B07279598146C3642D825E90A15BBEF42D
RAW_GRID_T100_S020_GATE90_TRIANGLE_V0_NO_CANDIDATE_B,triangle_v0_no_candidate_b,baseline,RAW_GRID_T100_S020_GATE90_TRIANGLE_V0_NO_CANDIDATE_B|GBPAUD|SHORT|2,GBPAUD,SHORT,target,2019-05-09T00:49:00.000Z,2019-05-09T08:43:00.000Z,2019-05-05T23:00:00.000Z,1,0,0,0.127893,1.262335,-0.06,0.003292,1.205626,-0.175941,0.212684,2019-05-09T05:44:00.000Z,2019-05-09T00:50:00.000Z,2019-05-09T00:50:00.000Z,2019-05-09T00:50:00.000Z,,,2019-05-09T02:19:00.000Z,,,,1,2,0.329167,0.204483,2019-05-05T23:00:00.000Z|GBPAUD|asia_london|2019-05-09|SHORT|2019-05-09T00:48:00.000Z|2019-05-09T00:49:00.000Z,86EED08E204AB077913B31F86A054E2206E5B20E597DE2DCA8C91F740D5AD1A8
RAW_GRID_T100_S020_GATE90_TRIANGLE_V0_NO_CANDIDATE_B,triangle_v0_no_candidate_b,baseline,RAW_GRID_T100_S020_GATE90_TRIANGLE_V0_NO_CANDIDATE_B|GBPCHF|SHORT|4,GBPCHF,SHORT,session_flatten,2019-05-03T14:17:00.000Z,2019-05-06T00:00:00.000Z,2019-04-28T23:00:00.000Z,4,3,0,-2.025588,-14.629293,-0.24,0.095576,-14.773717,-2.025588,0.204035,2019-05-06T00:00:00.000Z,2019-05-03T14:19:00.000Z,2019-05-03T14:18:00.000Z,,,,2019-05-03T14:28:00.000Z,2019-05-03T14:32:00.000Z,2019-05-03T14:50:00.000Z,2019-05-03T14:51:00.000Z,3,,2.404861,0.3,2019-04-28T23:00:00.000Z|GBPCHF|ny|2019-05-03|SHORT|2019-05-03T14:16:00.000Z|2019-05-03T14:17:00.000Z,6A91536E0343A40112084004DD43FFADB8AC14FF742BC8CD4A8332FA2358767D
RAW_GRID_T100_S020_GATE90_TRIANGLE_V0_NO_CANDIDATE_B,triangle_v0_no_candidate_b,baseline,RAW_GRID_T100_S020_GATE90_TRIANGLE_V0_NO_CANDIDATE_B|NZDJPY|LONG|2,NZDJPY,LONG,target,2019-05-09T00:33:00.000Z,2019-05-09T10:43:00.000Z,2019-05-05T23:00:00.000Z,3,2,0,0.2207,1.037424,-0.18,-0.081575,0.775849,-0.948924,0.250926,2019-05-09T08:24:00.000Z,2019-05-09T05:20:00.000Z,2019-05-09T00:50:00.000Z,2019-05-09T05:20:00.000Z,,,2019-05-09T00:47:00.000Z,2019-05-09T02:20:00.000Z,2019-05-09T07:27:00.000Z,2019-05-09T08:08:00.000Z,0,1,0.423611,0.212889,2019-05-05T23:00:00.000Z|NZDJPY|asia_london|2019-05-09|LONG|2019-05-09T00:32:00.000Z|2019-05-09T00:33:00.000Z,C79AD5E51865ABAB48EE63EADC717B9CAF726701EB393A07E5DF65A08AFBA04C
RAW_GRID_T100_S020_GATE90_TRIANGLE_V0_NO_CANDIDATE_B,triangle_v0_no_candidate_b,baseline,RAW_GRID_T100_S020_GATE90_TRIANGLE_V0_NO_CANDIDATE_B|USDCAD|LONG|1,USDCAD,LONG,target,2019-05-10T10:55:00.000Z,2019-05-10T11:02:00.000Z,2019-05-05T23:00:00.000Z,1,0,0,0.170058,0.876308,-0.06,-0.000446,0.815863,0,0.170058,,2019-05-10T11:02:00.000Z,2019-05-10T10:58:00.000Z,,,,,,,,0,1,0.004861,0.221164,2019-05-05T23:00:00.000Z|USDCAD|asia_london|2019-05-10|LONG|2019-05-10T10:54:00.000Z|2019-05-10T10:55:00.000Z,BBD8C585B191A9A82F1F9F8084AB64C90C735227757406E45B67CDB94D2E0ED0
RAW_GRID_T100_S020_GATE90_TRIANGLE_V0_NO_CANDIDATE_B,triangle_v0_no_candidate_b,baseline,RAW_GRID_T100_S020_GATE90_TRIANGLE_V0_NO_CANDIDATE_B|USDCAD|LONG|2,USDCAD,LONG,target,2019-05-10T12:32:00.000Z,2019-05-10T14:51:00.000Z,2019-05-05T23:00:00.000Z,3,2,0,0.665888,3.427475,-0.18,-0.024262,3.223212,-1.06539,0.665888,2019-05-10T14:00:00.000Z,2019-05-10T14:51:00.000Z,2019-05-10T14:17:00.000Z,2019-05-10T14:40:00.000Z,2019-05-10T14:46:00.000Z,2019-05-10T14:51:00.000Z,2019-05-10T12:37:00.000Z,2019-05-10T12:39:00.000Z,2019-05-10T12:47:00.000Z,2019-05-10T13:03:00.000Z,1,2,0.096528,0.221164,2019-05-05T23:00:00.000Z|USDCAD|asia_london|2019-05-10|LONG|2019-05-10T10:54:00.000Z|2019-05-10T10:55:00.000Z,31D08E82D8D952199F87A284D0B1658FBA231B8B5D1FAAA7E46E8EE0A79DE80D
RAW_GRID_T100_S020_GATE90_TRIANGLE_V0_NO_CANDIDATE_B,triangle_v0_no_candidate_b,baseline,RAW_GRID_T100_S020_GATE90_TRIANGLE_V0_NO_CANDIDATE_B|USDJPY|LONG|1,USDJPY,LONG,target,2019-05-09T16:26:00.000Z,2019-05-09T16:27:00.000Z,2019-05-05T23:00:00.000Z,1,0,0,0.244078,1.212531,-0.06,-0.000064,1.152467,0,0.244078,,2019-05-09T16:27:00.000Z,2019-05-09T16:27:00.000Z,,,,,,,,0,1,0.000694,0.293776,2019-05-05T23:00:00.000Z|USDJPY|ny|2019-05-09|LONG|2019-05-09T16:25:00.000Z|2019-05-09T16:26:00.000Z,95E5D66E7C4CD27AE4BB9D44E7E87A8A17E517EC51090348EDEE73A5977C8E93
RAW_GRID_T100_S020_GATE90_TRIANGLE_V0_NO_CANDIDATE_B,triangle_v0_no_candidate_b,baseline,RAW_GRID_T100_S020_GATE90_TRIANGLE_V0_NO_CANDIDATE_B|CADCHF|LONG|1,CADCHF,LONG,target,2019-05-17T06:35:00.000Z,2019-05-17T13:43:00.000Z,2019-05-12T23:00:00.000Z,2,1,0,0.252405,1.246386,-0.12,-0.045532,1.080855,-0.388015,0.364478,2019-05-17T13:10:00.000Z,2019-05-17T11:49:00.000Z,2019-05-17T09:38:00.000Z,2019-05-17T09:42:00.000Z,,,2019-05-17T08:30:00.000Z,2019-05-17T08:56:00.000Z,,,0,1,0.297222,0.235162,2019-05-12T23:00:00.000Z|CADCHF|asia_london|2019-05-17|LONG|2019-05-17T06:34:00.000Z|2019-05-17T06:35:00.000Z,0C20F1FBD859AB39E8D5D90AB69CEDCDA52029D47FCF29EAD6F27ED82355049D
RAW_GRID_T100_S020_GATE90_TRIANGLE_V0_NO_CANDIDATE_B,triangle_v0_no_candidate_b,baseline,RAW_GRID_T100_S020_GATE90_TRIANGLE_V0_NO_CANDIDATE_B|EURUSD|SHORT|6,EURUSD,SHORT,target,2019-05-15T14:15:00.000Z,2019-05-15T15:23:00.000Z,2019-05-12T23:00:00.000Z,1,0,0,0.358259,1.900004,-0.06,0.000472,1.840476,-0.030169,0.358259,2019-05-15T14:31:00.000Z,2019-05-15T15:23:00.000Z,2019-05-15T14:17:00.000Z,2019-05-15T14:18:00.000Z,,,,,,,1,2,0.047222,0.244808,2019-05-12T23:00:00.000Z|EURUSD|ny|2019-05-15|SHORT|2019-05-15T14:14:00.000Z|2019-05-15T14:15:00.000Z,6CC9166172D78DF8CC24629DB5DC2F11D1E67FE10B6AA15673144A007241E8E2
RAW_GRID_T100_S020_GATE90_TRIANGLE_V0_NO_CANDIDATE_B,triangle_v0_no_candidate_b,baseline,RAW_GRID_T100_S020_GATE90_TRIANGLE_V0_NO_CANDIDATE_B|GBPCAD|LONG|2,GBPCAD,LONG,target,2019-05-14T10:56:00.000Z,2019-05-14T11:41:00.000Z,2019-05-12T23:00:00.000Z,1,0,0,0.119113,1.040004,-0.06,-0.002866,0.977138,-0.131024,0.119113,2019-05-14T11:22:00.000Z,2019-05-14T11:41:00.000Z,2019-05-14T11:41:00.000Z,,,,2019-05-14T11:22:00.000Z,,,,0,1,0.03125,0.213732,2019-05-12T23:00:00.000Z|GBPCAD|asia_london|2019-05-14|LONG|2019-05-14T10:35:00.000Z|2019-05-14T10:36:00.000Z,B64A4722CB70A270A97C8A53D07C894FBECEDE606C1BE3E7F18460EA9D136E79
RAW_GRID_T100_S020_GATE90_TRIANGLE_V0_NO_CANDIDATE_B,triangle_v0_no_candidate_b,baseline,RAW_GRID_T100_S020_GATE90_TRIANGLE_V0_NO_CANDIDATE_B|GBPCAD|LONG|3,GBPCAD,LONG,target,2019-05-14T12:25:00.000Z,2019-05-14T12:37:00.000Z,2019-05-12T23:00:00.000Z,1,0,0,0.17025,1.483377,-0.06,-0.000764,1.422612,0,0.17025,,2019-05-14T12:37:00.000Z,2019-05-14T12:32:00.000Z,,,,,,,,1,2,0.008333,0.213732,2019-05-12T23:00:00.000Z|GBPCAD|asia_london|2019-05-14|LONG|2019-05-14T10:35:00.000Z|2019-05-14T10:36:00.000Z,2A7EB8F90E5BA8F0E894D3417F998B289ED487664B496D41F93339C7C479F7BC
RAW_GRID_T100_S020_GATE90_TRIANGLE_V0_NO_CANDIDATE_B,triangle_v0_no_candidate_b,baseline,RAW_GRID_T100_S020_GATE90_TRIANGLE_V0_NO_CANDIDATE_B|GBPCAD|LONG|4,GBPCAD,LONG,session_flatten,2019-05-14T12:54:00.000Z,2019-05-14T20:00:00.000Z,2019-05-12T23:00:00.000Z,2,1,0,-0.446238,-3.891344,-0.12,-0.04948,-4.060824,-0.575742,0.104152,2019-05-14T18:45:00.000Z,2019-05-14T14:54:00.000Z,,,,,2019-05-14T13:28:00.000Z,2019-05-14T14:09:00.000Z,2019-05-14T17:44:00.000Z,,2,,0.295833,0.213732,2019-05-12T23:00:00.000Z|GBPCAD|asia_london|2019-05-14|LONG|2019-05-14T10:35:00.000Z|2019-05-14T10:36:00.000Z,AE89CD08CA922DBE144690CF2262AB41C93042609444B76323FD20C2D80C69EE
RAW_GRID_T100_S020_GATE90_TRIANGLE_V0_NO_CANDIDATE_B,triangle_v0_no_candidate_b,baseline,RAW_GRID_T100_S020_GATE90_TRIANGLE_V0_NO_CANDIDATE_B|GBPCHF|LONG|5,GBPCHF,LONG,session_flatten,2019-05-16T12:34:00.000Z,2019-05-16T20:00:00.000Z,2019-05-12T23:00:00.000Z,1,0,0,-0.059431,-0.544565,-0.06,-0.028402,-0.632966,-0.162085,0.103735,2019-05-16T14:59:00.000Z,2019-05-16T12:47:00.000Z,,,,,2019-05-16T14:59:00.000Z,,,,0,,0.309722,0.225657,2019-05-12T23:00:00.000Z|GBPCHF|asia_london|2019-05-16|LONG|2019-05-16T12:33:00.000Z|2019-05-16T12:34:00.000Z,4680AD849CFE67BC6A904E5801D1FE1644056ACC3574CCD3F79EB22BFBB87B53
RAW_GRID_T100_S020_GATE90_TRIANGLE_V0_NO_CANDIDATE_B,triangle_v0_no_candidate_b,baseline,RAW_GRID_T100_S020_GATE90_TRIANGLE_V0_NO_CANDIDATE_B|GBPJPY|LONG|1,GBPJPY,LONG,target,2019-05-15T14:14:00.000Z,2019-05-15T14:27:00.000Z,2019-05-12T23:00:00.000Z,1,0,0,0.448613,4.792721,-0.06,-0.000828,4.731893,0,0.448613,,2019-05-15T14:27:00.000Z,2019-05-15T14:15:00.000Z,2019-05-15T14:15:00.000Z,,,,,,,0,1,0.009028,0.3,2019-05-12T23:00:00.000Z|GBPJPY|ny|2019-05-15|LONG|2019-05-15T14:14:00.000Z|2019-05-15T14:14:00.000Z,D4B045E4DECB814C249A70EAD349ED09A5844BA72D301EDA3CE6D349C655164E
RAW_GRID_T100_S020_GATE90_TRIANGLE_V0_NO_CANDIDATE_B,triangle_v0_no_candidate_b,baseline,RAW_GRID_T100_S020_GATE90_TRIANGLE_V0_NO_CANDIDATE_B|GBPUSD|LONG|4,GBPUSD,LONG,session_flatten,2019-05-15T14:24:00.000Z,2019-05-15T20:00:00.000Z,2019-05-12T23:00:00.000Z,1,0,0,-0.04309,-0.399994,-0.06,-0.021397,-0.48139,-0.086181,0.364117,2019-05-15T19:27:00.000Z,2019-05-15T16:05:00.000Z,2019-05-15T14:31:00.000Z,2019-05-15T15:27:00.000Z,,,,,,,0,,0.233333,0.251776,2019-05-12T23:00:00.000Z|GBPUSD|ny|2019-05-15|LONG|2019-05-15T14:23:00.000Z|2019-05-15T14:24:00.000Z,E65820A4056336BA67647FF388434E38151D2586E36D4ABA930BAA5C3CD13787
RAW_GRID_T100_S020_GATE90_TRIANGLE_V0_NO_CANDIDATE_B,triangle_v0_no_candidate_b,baseline,RAW_GRID_T100_S020_GATE90_TRIANGLE_V0_NO_CANDIDATE_B|USDCHF|LONG|3,USDCHF,LONG,session_flatten,2019-05-10T12:34:00.000Z,2019-05-13T00:00:00.000Z,2019-05-05T23:00:00.000Z,2,1,0,-0.312194,-1.692101,-0.12,-0.453469,-2.26557,-0.510676,0.448073,2019-05-10T14:54:00.000Z,2019-05-10T13:17:00.000Z,2019-05-10T13:10:00.000Z,2019-05-10T13:13:00.000Z,,,2019-05-10T12:43:00.000Z,2019-05-10T12:45:00.000Z,,,0,,2.476389,0.3,2019-05-05T23:00:00.000Z|USDCHF|asia_london|2019-05-10|LONG|2019-05-10T12:33:00.000Z|2019-05-10T12:34:00.000Z,2BA10C011B6348A8280629C2CB53D82D30D765C4EAB38E6CD07DCC7811477F00
RAW_GRID_T100_S020_GATE90_TRIANGLE_V0_NO_CANDIDATE_B,triangle_v0_no_candidate_b,baseline,RAW_GRID_T100_S020_GATE90_TRIANGLE_V0_NO_CANDIDATE_B|USDJPY|LONG|2,USDJPY,LONG,target,2019-05-13T14:08:00.000Z,2019-05-13T17:40:00.000Z,2019-05-12T23:00:00.000Z,1,0,0,0.492006,2.542921,-0.06,-0.0135,2.469421,0,0.492006,,2019-05-13T17:40:00.000Z,2019-05-13T14:41:00.000Z,2019-05-13T15:09:00.000Z,,,,,,,1,2,0.147222,0.3,2019-05-12T23:00:00.000Z|USDJPY|ny|2019-05-13|LONG|2019-05-13T14:07:00.000Z|2019-05-13T14:08:00.000Z,95E19C5015870ACC4FB6364B9494B20E3F547540989906AF2C6DAC76323B11B4
RAW_GRID_T100_S020_GATE90_TRIANGLE_V0_NO_CANDIDATE_B,triangle_v0_no_candidate_b,baseline,RAW_GRID_T100_S020_GATE90_TRIANGLE_V0_NO_CANDIDATE_B|AUDCAD|SHORT|1,AUDCAD,SHORT,target,2019-05-24T01:20:00.000Z,2019-05-24T01:25:00.000Z,2019-05-19T23:00:00.000Z,1,0,0,0.368355,1.431545,-0.06,0.000035,1.37158,0,0.368355,,2019-05-24T01:25:00.000Z,2019-05-24T01:21:00.000Z,2019-05-24T01:21:00.000Z,,,,,,,0,1,0.003472,0.255712,2019-05-19T23:00:00.000Z|AUDCAD|asia_london|2019-05-24|SHORT|2019-05-24T01:19:00.000Z|2019-05-24T01:20:00.000Z,EDF3C0D5D3488EAD511EB77F0EF6F92C84F89F35D8AF2DD439C8F632F6C3D8DC
RAW_GRID_T100_S020_GATE90_TRIANGLE_V0_NO_CANDIDATE_B,triangle_v0_no_candidate_b,baseline,RAW_GRID_T100_S020_GATE90_TRIANGLE_V0_NO_CANDIDATE_B|EURCAD|LONG|1,EURCAD,LONG,session_flatten,2019-05-17T14:37:00.000Z,2019-05-20T00:00:00.000Z,2019-05-12T23:00:00.000Z,2,1,0,-0.432529,-2.36492,-0.12,-0.437103,-2.922023,-0.432529,0.135789,2019-05-20T00:00:00.000Z,2019-05-17T14:42:00.000Z,2019-05-17T14:40:00.000Z,,,,2019-05-17T14:59:00.000Z,2019-05-17T14:59:00.000Z,,,0,,2.390972,0.22977,2019-05-12T23:00:00.000Z|EURCAD|ny|2019-05-17|LONG|2019-05-17T14:36:00.000Z|2019-05-17T14:37:00.000Z,BE9C364D5B6AEF82D14922129A9F666292D7C7A3A687496EA84F56B3331F8902
RAW_GRID_T100_S020_GATE90_TRIANGLE_V0_NO_CANDIDATE_B,triangle_v0_no_candidate_b,baseline,RAW_GRID_T100_S020_GATE90_TRIANGLE_V0_NO_CANDIDATE_B|EURGBP|SHORT|2,EURGBP,SHORT,target,2019-05-24T12:36:00.000Z,2019-05-24T13:29:00.000Z,2019-05-19T23:00:00.000Z,1,0,0,0.297172,1.750381,-0.06,0.000368,1.690749,-0.202421,0.297172,2019-05-24T12:46:00.000Z,2019-05-24T13:29:00.000Z,2019-05-24T13:26:00.000Z,,,,2019-05-24T12:43:00.000Z,,,,0,1,0.036806,0.3,2019-05-19T23:00:00.000Z|EURGBP|asia_london|2019-05-24|SHORT|2019-05-24T12:35:00.000Z|2019-05-24T12:36:00.000Z,83ABF97E4FF240CD66DADE3C9661FBE5D0EC47EFA63CBEC575EC3685B3419EA4
RAW_GRID_T100_S020_GATE90_TRIANGLE_V0_NO_CANDIDATE_B,triangle_v0_no_candidate_b,baseline,RAW_GRID_T100_S020_GATE90_TRIANGLE_V0_NO_CANDIDATE_B|EURNZD|SHORT|2,EURNZD,SHORT,session_flatten,2019-05-21T15:33:00.000Z,2019-05-21T20:00:00.000Z,2019-05-19T23:00:00.000Z,1,0,0,-0.034968,-0.208176,-0.06,0.001854,-0.266322,-0.158448,0.076492,2019-05-21T16:31:00.000Z,2019-05-21T15:34:00.000Z,,,,,2019-05-21T16:31:00.000Z,,,,0,,0.185417,0.289668,2019-05-19T23:00:00.000Z|EURNZD|ny|2019-05-21|SHORT|2019-05-21T15:32:00.000Z|2019-05-21T15:33:00.000Z,F4DC9F39040A187E4F1861E7CBA91EFB1F6D3D81364A471523B59478EABF1374
RAW_GRID_T100_S020_GATE90_TRIANGLE_V0_NO_CANDIDATE_B,triangle_v0_no_candidate_b,baseline,RAW_GRID_T100_S020_GATE90_TRIANGLE_V0_NO_CANDIDATE_B|GBPCHF|LONG|6,GBPCHF,LONG,target,2019-05-24T07:51:00.000Z,2019-05-24T08:38:00.000Z,2019-05-19T23:00:00.000Z,1,0,0,0.32793,2.643656,-0.06,-0.002993,2.580663,0,0.32793,,2019-05-24T08:38:00.000Z,2019-05-24T07:55:00.000Z,2019-05-24T08:38:00.000Z,,,,,,,0,1,0.032639,0.298528,2019-05-19T23:00:00.000Z|GBPCHF|asia_london|2019-05-24|LONG|2019-05-24T07:49:00.000Z|2019-05-24T07:51:00.000Z,E67DDEBD2077132390DCBB8AFCB4CB3C8F2CE327160721CC509A47ED287C6CFC
RAW_GRID_T100_S020_GATE90_TRIANGLE_V0_NO_CANDIDATE_B,triangle_v0_no_candidate_b,baseline,RAW_GRID_T100_S020_GATE90_TRIANGLE_V0_NO_CANDIDATE_B|GBPCHF|LONG|7,GBPCHF,LONG,target,2019-05-24T11:58:00.000Z,2019-05-24T13:29:00.000Z,2019-05-19T23:00:00.000Z,1,0,0,0.207704,1.675643,-0.06,-0.005795,1.609848,-0.194105,0.207704,2019-05-24T12:44:00.000Z,2019-05-24T13:29:00.000Z,2019-05-24T13:29:00.000Z,,,,2019-05-24T12:43:00.000Z,,,,1,2,0.063194,0.298528,2019-05-19T23:00:00.000Z|GBPCHF|asia_london|2019-05-24|LONG|2019-05-24T07:49:00.000Z|2019-05-24T07:51:00.000Z,9A5D7A9E8EDF7683AA72118F4C237E50C4F67C165D0B229E88DB3800A036BEA9
RAW_GRID_T100_S020_GATE90_TRIANGLE_V0_NO_CANDIDATE_B,triangle_v0_no_candidate_b,baseline,RAW_GRID_T100_S020_GATE90_TRIANGLE_V0_NO_CANDIDATE_B|GBPNZD|LONG|3,GBPNZD,LONG,target,2019-05-24T12:42:00.000Z,2019-05-24T14:35:00.000Z,2019-05-19T23:00:00.000Z,1,0,0,0.289283,2.372402,-0.06,-0.007196,2.305206,-0.214165,0.289283,2019-05-24T12:46:00.000Z,2019-05-24T14:35:00.000Z,2019-05-24T13:28:00.000Z,2019-05-24T14:34:00.000Z,,,2019-05-24T12:43:00.000Z,,,,0,1,0.078472,0.223995,2019-05-19T23:00:00.000Z|GBPNZD|asia_london|2019-05-24|LONG|2019-05-24T09:20:00.000Z|2019-05-24T09:21:00.000Z,409C7F6B0651FDE8B099127E1A0F29067363EF29C8081A98D11DFBFBB073C7A2
RAW_GRID_T100_S020_GATE90_TRIANGLE_V0_NO_CANDIDATE_B,triangle_v0_no_candidate_b,baseline,RAW_GRID_T100_S020_GATE90_TRIANGLE_V0_NO_CANDIDATE_B|NZDUSD|LONG|3,NZDUSD,LONG,session_flatten,2019-05-17T12:38:00.000Z,2019-05-20T00:00:00.000Z,2019-05-12T23:00:00.000Z,1,0,0,-0.076519,-0.289999,-0.06,-0.22683,-0.576829,-0.251654,0.070173,2019-05-17T14:11:00.000Z,2019-05-17T12:39:00.000Z,,,,,2019-05-17T13:55:00.000Z,,,,0,,2.473611,0.262991,2019-05-12T23:00:00.000Z|NZDUSD|asia_london|2019-05-17|LONG|2019-05-17T12:37:00.000Z|2019-05-17T12:38:00.000Z,26A66575CFB5BDCC4DD2013ED638853B7D3832E04EC81810AE54C0BA07EF3501
RAW_GRID_T100_S020_GATE90_TRIANGLE_V0_NO_CANDIDATE_B,triangle_v0_no_candidate_b,baseline,RAW_GRID_T100_S020_GATE90_TRIANGLE_V0_NO_CANDIDATE_B|USDCAD|SHORT|3,USDCAD,SHORT,target,2019-05-23T14:54:00.000Z,2019-05-23T14:59:00.000Z,2019-05-19T23:00:00.000Z,1,0,0,0.200087,0.928054,-0.06,0.000035,0.868089,0,0.200087,,2019-05-23T14:59:00.000Z,2019-05-23T14:56:00.000Z,,,,,,,,0,1,0.003472,0.209701,2019-05-19T23:00:00.000Z|USDCAD|ny|2019-05-23|SHORT|2019-05-23T14:53:00.000Z|2019-05-23T14:54:00.000Z,8BD3A8078015712023383E40339389C19442AA356A9BFD52888AFBF0F0486610
RAW_GRID_T100_S020_GATE90_TRIANGLE_V0_NO_CANDIDATE_B,triangle_v0_no_candidate_b,baseline,RAW_GRID_T100_S020_GATE90_TRIANGLE_V0_NO_CANDIDATE_B|AUDCAD|SHORT|2,AUDCAD,SHORT,session_flatten,2019-05-24T12:32:00.000Z,2019-05-27T00:00:00.000Z,2019-05-19T23:00:00.000Z,2,1,0,-0.191856,-0.751642,-0.12,0.048722,-0.822919,-0.322619,0.093553,2019-05-24T14:53:00.000Z,2019-05-24T12:35:00.000Z,,,,,2019-05-24T14:28:00.000Z,2019-05-24T14:32:00.000Z,,,1,,2.477778,0.255712,2019-05-19T23:00:00.000Z|AUDCAD|asia_london|2019-05-24|SHORT|2019-05-24T01:19:00.000Z|2019-05-24T01:20:00.000Z,BF86986C504305D5A42FDA7D072EA724B4850E54F4852E24B0E730D827E41F6F
RAW_GRID_T100_S020_GATE90_TRIANGLE_V0_NO_CANDIDATE_B,triangle_v0_no_candidate_b,baseline,RAW_GRID_T100_S020_GATE90_TRIANGLE_V0_NO_CANDIDATE_B|AUDNZD|SHORT|2,AUDNZD,SHORT,session_flatten,2019-05-29T14:59:00.000Z,2019-05-29T20:00:00.000Z,2019-05-26T23:00:00.000Z,1,0,0,-0.040066,-0.078134,-0.06,0.00209,-0.136044,-0.070117,0.33723,2019-05-29T19:44:00.000Z,2019-05-29T15:46:00.000Z,2019-05-29T15:01:00.000Z,2019-05-29T15:41:00.000Z,,,,,,,0,,0.209028,0.3,2019-05-26T23:00:00.000Z|AUDNZD|ny|2019-05-29|SHORT|2019-05-29T14:58:00.000Z|2019-05-29T14:59:00.000Z,2D09F13C2637E64F337390EE1ACED2F70783F2FEDD99468A6B95C47A6CAFA711
RAW_GRID_T100_S020_GATE90_TRIANGLE_V0_NO_CANDIDATE_B,triangle_v0_no_candidate_b,baseline,RAW_GRID_T100_S020_GATE90_TRIANGLE_V0_NO_CANDIDATE_B|CADJPY|LONG|4,CADJPY,LONG,target,2019-05-29T14:05:00.000Z,2019-05-29T14:16:00.000Z,2019-05-26T23:00:00.000Z,1,0,0,0.353128,1.920507,-0.06,-0.0007,1.859806,0,0.353128,,2019-05-29T14:16:00.000Z,2019-05-29T14:06:00.000Z,2019-05-29T14:10:00.000Z,,,,,,,2,3,0.007639,0.204544,2019-05-26T23:00:00.000Z|CADJPY|ny|2019-05-29|LONG|2019-05-29T14:04:00.000Z|2019-05-29T14:05:00.000Z,7CBE88E5E0A72F485C043EF6C22E012D56720745791796978B9CD7B96789A84B
RAW_GRID_T100_S020_GATE90_TRIANGLE_V0_NO_CANDIDATE_B,triangle_v0_no_candidate_b,baseline,RAW_GRID_T100_S020_GATE90_TRIANGLE_V0_NO_CANDIDATE_B|CADJPY|LONG|5,CADJPY,LONG,target,2019-05-29T14:54:00.000Z,2019-05-29T16:35:00.000Z,2019-05-26T23:00:00.000Z,2,1,0,0.398555,2.167237,-0.12,-0.009043,2.038195,-0.33096,0.398555,2019-05-29T15:56:00.000Z,2019-05-29T16:35:00.000Z,2019-05-29T15:05:00.000Z,2019-05-29T16:28:00.000Z,,,2019-05-29T15:26:00.000Z,2019-05-29T15:54:00.000Z,,,3,4,0.070139,0.204544,2019-05-26T23:00:00.000Z|CADJPY|ny|2019-05-29|LONG|2019-05-29T14:04:00.000Z|2019-05-29T14:05:00.000Z,731AF9FEE75A5F0BC37CF8129A083637DFB203A16E6DEC79D0E7F49DC0C1DB40
RAW_GRID_T100_S020_GATE90_TRIANGLE_V0_NO_CANDIDATE_B,triangle_v0_no_candidate_b,baseline,RAW_GRID_T100_S020_GATE90_TRIANGLE_V0_NO_CANDIDATE_B|EURCHF|LONG|1,EURCHF,LONG,target,2019-05-28T07:22:00.000Z,2019-05-28T08:01:00.000Z,2019-05-26T23:00:00.000Z,1,0,0,0.201052,0.816229,-0.06,-0.002484,0.753745,-0.007356,0.201052,2019-05-28T07:53:00.000Z,2019-05-28T08:01:00.000Z,2019-05-28T07:23:00.000Z,,,,,,,,0,1,0.027083,0.202723,2019-05-26T23:00:00.000Z|EURCHF|asia_london|2019-05-28|LONG|2019-05-28T07:21:00.000Z|2019-05-28T07:22:00.000Z,35F595C03F9FE6BBEB304AE1E456903CFEDCDAB250F80724F89EC4090A98341C
RAW_GRID_T100_S020_GATE90_TRIANGLE_V0_NO_CANDIDATE_B,triangle_v0_no_candidate_b,baseline,RAW_GRID_T100_S020_GATE90_TRIANGLE_V0_NO_CANDIDATE_B|EURCHF|LONG|2,EURCHF,LONG,target,2019-05-28T08:08:00.000Z,2019-05-28T08:53:00.000Z,2019-05-26T23:00:00.000Z,1,0,0,0.144649,0.589999,-0.06,-0.002866,0.527133,-0.061292,0.144649,2019-05-28T08:09:00.000Z,2019-05-28T08:53:00.000Z,2019-05-28T08:32:00.000Z,,,,,,,,1,2,0.03125,0.202723,2019-05-26T23:00:00.000Z|EURCHF|asia_london|2019-05-28|LONG|2019-05-28T07:21:00.000Z|2019-05-28T07:22:00.000Z,599C83CF6344755979B16BAE1B9E17379243E616240797E0C01B8E594D4FCFA3
RAW_GRID_T100_S020_GATE90_TRIANGLE_V0_NO_CANDIDATE_B,triangle_v0_no_candidate_b,baseline,RAW_GRID_T100_S020_GATE90_TRIANGLE_V0_NO_CANDIDATE_B|EURCHF|LONG|3,EURCHF,LONG,target,2019-05-28T10:18:00.000Z,2019-05-28T11:12:00.000Z,2019-05-26T23:00:00.000Z,1,0,0,0.159392,0.647326,-0.06,-0.003439,0.583888,-0.036782,0.159392,2019-05-28T10:20:00.000Z,2019-05-28T11:12:00.000Z,2019-05-28T10:27:00.000Z,,,,,,,,2,3,0.0375,0.202723,2019-05-26T23:00:00.000Z|EURCHF|asia_london|2019-05-28|LONG|2019-05-28T07:21:00.000Z|2019-05-28T07:22:00.000Z,DBEF1D3724DD95AD56FD181B5243380BF231146FB5371AB5AB51540EA8FB9A3D
RAW_GRID_T100_S020_GATE90_TRIANGLE_V0_NO_CANDIDATE_B,triangle_v0_no_candidate_b,baseline,RAW_GRID_T100_S020_GATE90_TRIANGLE_V0_NO_CANDIDATE_B|EURNZD|SHORT|3,EURNZD,SHORT,target,2019-05-29T15:00:00.000Z,2019-05-29T15:14:00.000Z,2019-05-26T23:00:00.000Z,1,0,0,0.322671,1.483618,-0.06,0.000097,1.423716,0,0.322671,,2019-05-29T15:14:00.000Z,2019-05-29T15:03:00.000Z,2019-05-29T15:14:00.000Z,,,,,,,0,1,0.009722,0.3,2019-05-26T23:00:00.000Z|EURNZD|ny|2019-05-29|SHORT|2019-05-29T14:59:00.000Z|2019-05-29T15:00:00.000Z,B88B14E153E9438DB6120B5B901BDEA429CBEEDD17ECE7CE16C546D4BB69D24D
RAW_GRID_T100_S020_GATE90_TRIANGLE_V0_NO_CANDIDATE_B,triangle_v0_no_candidate_b,baseline,RAW_GRID_T100_S020_GATE90_TRIANGLE_V0_NO_CANDIDATE_B|NZDCHF|LONG|1,NZDCHF,LONG,target,2019-05-31T09:32:00.000Z,2019-05-31T12:00:00.000Z,2019-05-26T23:00:00.000Z,2,1,0,0.321095,1.073415,-0.12,-0.014201,0.939214,-0.427818,0.321095,2019-05-31T10:49:00.000Z,2019-05-31T12:00:00.000Z,2019-05-31T10:16:00.000Z,2019-05-31T11:54:00.000Z,,,2019-05-31T09:36:00.000Z,2019-05-31T10:45:00.000Z,2019-05-31T10:49:00.000Z,,0,1,0.102778,0.213076,2019-05-26T23:00:00.000Z|NZDCHF|asia_london|2019-05-31|LONG|2019-05-31T05:06:00.000Z|2019-05-31T05:07:00.000Z,44CF48E3AE6B768F4C89FBC925669B5C1C94C9B7F4E561A29FB36604C1D6426D
RAW_GRID_T100_S020_GATE90_TRIANGLE_V0_NO_CANDIDATE_B,triangle_v0_no_candidate_b,baseline,RAW_GRID_T100_S020_GATE90_TRIANGLE_V0_NO_CANDIDATE_B|USDCAD|SHORT|4,USDCAD,SHORT,target,2019-05-29T14:09:00.000Z,2019-05-29T14:15:00.000Z,2019-05-26T23:00:00.000Z,1,0,0,0.299732,1.228492,-0.06,0.000042,1.168533,0,0.299732,,2019-05-29T14:15:00.000Z,2019-05-29T14:10:00.000Z,2019-05-29T14:14:00.000Z,,,,,,,1,2,0.004167,0.241788,2019-05-26T23:00:00.000Z|USDCAD|ny|2019-05-29|SHORT|2019-05-29T14:08:00.000Z|2019-05-29T14:09:00.000Z,079D52B8A5118351DDD9F9511B36F27A90B998EA446AC2E7B2212ABC9F97BCB4
RAW_GRID_T100_S020_GATE90_TRIANGLE_V0_NO_CANDIDATE_B,triangle_v0_no_candidate_b,baseline,RAW_GRID_T100_S020_GATE90_TRIANGLE_V0_NO_CANDIDATE_B|USDCAD|SHORT|5,USDCAD,SHORT,target,2019-05-29T14:54:00.000Z,2019-05-29T16:35:00.000Z,2019-05-26T23:00:00.000Z,1,0,0,0.137236,0.562104,-0.06,0.000701,0.502805,-0.238358,0.137236,2019-05-29T15:44:00.000Z,2019-05-29T16:35:00.000Z,2019-05-29T16:35:00.000Z,,,,2019-05-29T15:33:00.000Z,,,,2,3,0.070139,0.241788,2019-05-26T23:00:00.000Z|USDCAD|ny|2019-05-29|SHORT|2019-05-29T14:08:00.000Z|2019-05-29T14:09:00.000Z,FC1BCCDDFC9DBC39B1A7BB10D0420520E43875F3BB7089963BA069CF831BCB09
RAW_GRID_T100_S020_GATE90_TRIANGLE_V0_NO_CANDIDATE_B,triangle_v0_no_candidate_b,baseline,RAW_GRID_T100_S020_GATE90_TRIANGLE_V0_NO_CANDIDATE_B|AUDNZD|SHORT|3,AUDNZD,SHORT,session_flatten,2019-05-31T14:56:00.000Z,2019-06-03T00:00:00.000Z,2019-05-26T23:00:00.000Z,1,0,0,0.74561,1.581101,-0.06,0.023778,1.544878,0,0.74561,,2019-06-03T00:00:00.000Z,2019-05-31T14:58:00.000Z,2019-06-03T00:00:00.000Z,2019-06-03T00:00:00.000Z,2019-06-03T00:00:00.000Z,,,,,0,,2.377778,0.222535,2019-05-26T23:00:00.000Z|AUDNZD|ny|2019-05-31|SHORT|2019-05-31T14:55:00.000Z|2019-05-31T14:56:00.000Z,0F881A29CD316DD6E3FD9893813BF0270F4F0877727970D51E159E9FE033BB99
RAW_GRID_T100_S020_GATE90_TRIANGLE_V0_NO_CANDIDATE_B,triangle_v0_no_candidate_b,baseline,RAW_GRID_T100_S020_GATE90_TRIANGLE_V0_NO_CANDIDATE_B|AUDUSD|SHORT|1,AUDUSD,SHORT,target,2019-06-04T04:42:00.000Z,2019-06-04T04:45:00.000Z,2019-06-02T23:00:00.000Z,1,0,0,0.303841,1.180001,-0.06,0.000021,1.120022,0,0.303841,,2019-06-04T04:45:00.000Z,2019-06-04T04:43:00.000Z,2019-06-04T04:45:00.000Z,,,,,,,0,1,0.002083,0.271706,2019-06-02T23:00:00.000Z|AUDUSD|asia_london|2019-06-04|SHORT|2019-06-04T04:41:00.000Z|2019-06-04T04:42:00.000Z,984A98078CF09A794F419CBCD236F095B94B24E5C1FD754A853D400935248FC2
RAW_GRID_T100_S020_GATE90_TRIANGLE_V0_NO_CANDIDATE_B,triangle_v0_no_candidate_b,baseline,RAW_GRID_T100_S020_GATE90_TRIANGLE_V0_NO_CANDIDATE_B|AUDUSD|SHORT|2,AUDUSD,SHORT,target,2019-06-04T07:09:00.000Z,2019-06-04T07:53:00.000Z,2019-06-02T23:00:00.000Z,1,0,0,0.241914,0.939998,-0.06,0.000306,0.880304,-0.02831,0.241914,2019-06-04T07:14:00.000Z,2019-06-04T07:53:00.000Z,2019-06-04T07:30:00.000Z,,,,,,,,1,2,0.030556,0.271706,2019-06-02T23:00:00.000Z|AUDUSD|asia_london|2019-06-04|SHORT|2019-06-04T04:41:00.000Z|2019-06-04T04:42:00.000Z,2D399569B8FCF843C48394188E9C723777C28C4EEABD0136127CBFFCCB37075C
RAW_GRID_T100_S020_GATE90_TRIANGLE_V0_NO_CANDIDATE_B,triangle_v0_no_candidate_b,baseline,RAW_GRID_T100_S020_GATE90_TRIANGLE_V0_NO_CANDIDATE_B|AUDUSD|SHORT|3,AUDUSD,SHORT,target,2019-06-04T10:35:00.000Z,2019-06-04T12:10:00.000Z,2019-06-02T23:00:00.000Z,1,0,0,0.185377,0.720003,-0.06,0.00066,0.660662,-0.139032,0.185377,2019-06-04T11:11:00.000Z,2019-06-04T12:10:00.000Z,2019-06-04T12:07:00.000Z,,,,2019-06-04T11:11:00.000Z,,,,2,3,0.065972,0.271706,2019-06-02T23:00:00.000Z|AUDUSD|asia_london|2019-06-04|SHORT|2019-06-04T07:37:00.000Z|2019-06-04T07:37:00.000Z,6FE3717FC8EECB4D73CE6B5D5FC712859455CDAF182ABCF7DFE286790057CF56
RAW_GRID_T100_S020_GATE90_TRIANGLE_V0_NO_CANDIDATE_B,triangle_v0_no_candidate_b,baseline,RAW_GRID_T100_S020_GATE90_TRIANGLE_V0_NO_CANDIDATE_B|CADJPY|SHORT|6,CADJPY,SHORT,target,2019-06-07T12:36:00.000Z,2019-06-07T12:38:00.000Z,2019-06-02T23:00:00.000Z,1,0,0,0.217225,1.23135,-0.06,0.000014,1.171363,0,0.217225,,2019-06-07T12:38:00.000Z,2019-06-07T12:38:00.000Z,,,,,,,,0,1,0.001389,0.3,2019-06-02T23:00:00.000Z|CADJPY|asia_london|2019-06-07|SHORT|2019-06-07T12:35:00.000Z|2019-06-07T12:36:00.000Z,E1FCDD1E74EC444F041BE3E30DC1DC4FD79E33FE8E5DD0135A67092A2DD9D192
RAW_GRID_T100_S020_GATE90_TRIANGLE_V0_NO_CANDIDATE_B,triangle_v0_no_candidate_b,baseline,RAW_GRID_T100_S020_GATE90_TRIANGLE_V0_NO_CANDIDATE_B|EURAUD|LONG|1,EURAUD,LONG,target,2019-06-06T11:46:00.000Z,2019-06-06T11:48:00.000Z,2019-06-02T23:00:00.000Z,1,0,0,0.407754,1.945688,-0.06,-0.000127,1.885561,0,0.407754,,2019-06-06T11:48:00.000Z,2019-06-06T11:47:00.000Z,2019-06-06T11:48:00.000Z,,,,,,,0,1,0.001389,0.213027,2019-06-02T23:00:00.000Z|EURAUD|asia_london|2019-06-06|LONG|2019-06-06T11:46:00.000Z|2019-06-06T11:46:00.000Z,8FC79D44393B6CFE2F2C772C4B3B0947035417D9133DCA0F6F63C11BD54350EE
RAW_GRID_T100_S020_GATE90_TRIANGLE_V0_NO_CANDIDATE_B,triangle_v0_no_candidate_b,baseline,RAW_GRID_T100_S020_GATE90_TRIANGLE_V0_NO_CANDIDATE_B|EURCAD|SHORT|2,EURCAD,SHORT,target,2019-06-05T12:27:00.000Z,2019-06-05T13:26:00.000Z,2019-06-02T23:00:00.000Z,1,0,0,0.582893,2.947026,-0.06,0.00041,2.887436,0,0.582893,,2019-06-05T13:26:00.000Z,2019-06-05T12:28:00.000Z,2019-06-05T13:11:00.000Z,2019-06-05T13:26:00.000Z,,,,,,0,1,0.040972,0.251758,2019-06-02T23:00:00.000Z|EURCAD|asia_london|2019-06-05|SHORT|2019-06-05T12:26:00.000Z|2019-06-05T12:27:00.000Z,C1075377F78C0C0D38127BD94E4CA283A83E38684142F20C0C5F76A6D17C67E5
RAW_GRID_T100_S020_GATE90_TRIANGLE_V0_NO_CANDIDATE_B,triangle_v0_no_candidate_b,baseline,RAW_GRID_T100_S020_GATE90_TRIANGLE_V0_NO_CANDIDATE_B|EURGBP|SHORT|3,EURGBP,SHORT,target,2019-06-04T09:04:00.000Z,2019-06-04T09:25:00.000Z,2019-06-02T23:00:00.000Z,1,0,0,0.227809,1.430898,-0.06,0.000146,1.371044,0,0.227809,,2019-06-04T09:25:00.000Z,2019-06-04T09:07:00.000Z,2019-06-04T09:25:00.000Z,,,,,,,1,2,0.014583,0.210201,2019-06-02T23:00:00.000Z|EURGBP|asia_london|2019-06-04|SHORT|2019-06-04T09:03:00.000Z|2019-06-04T09:04:00.000Z,E694DB817644F5F4C22A4E07C60AFCCC492F73DD7500048A7CC2AA597ECD4663
RAW_GRID_T100_S020_GATE90_TRIANGLE_V0_NO_CANDIDATE_B,triangle_v0_no_candidate_b,baseline,RAW_GRID_T100_S020_GATE90_TRIANGLE_V0_NO_CANDIDATE_B|EURJPY|SHORT|4,EURJPY,SHORT,target,2019-06-06T12:45:00.000Z,2019-06-06T13:42:00.000Z,2019-06-02T23:00:00.000Z,2,1,0,0.532342,3.389174,-0.12,0.000736,3.26991,-0.367193,0.57877,2019-06-06T12:54:00.000Z,2019-06-06T13:11:00.000Z,2019-06-06T12:56:00.000Z,2019-06-06T12:56:00.000Z,2019-06-06T13:11:00.000Z,,2019-06-06T12:52:00.000Z,2019-06-06T12:53:00.000Z,,,0,1,0.039583,0.201133,2019-06-02T23:00:00.000Z|EURJPY|asia_london|2019-06-06|SHORT|2019-06-06T12:44:00.000Z|2019-06-06T12:45:00.000Z,6061EF1463595EED26F298E246C9045B6D53DC3263232584FFE7326634F831E3
RAW_GRID_T100_S020_GATE90_TRIANGLE_V0_NO_CANDIDATE_B,triangle_v0_no_candidate_b,baseline,RAW_GRID_T100_S020_GATE90_TRIANGLE_V0_NO_CANDIDATE_B|EURUSD|SHORT|7,EURUSD,SHORT,session_flatten,2019-06-03T14:01:00.000Z,2019-06-03T20:00:00.000Z,2019-06-02T23:00:00.000Z,5,4,0,-1.660132,-8.259997,-0.3,0.006368,-8.553629,-3.104112,0.074394,2019-06-03T19:14:00.000Z,2019-06-03T14:02:00.000Z,,,,,2019-06-03T16:10:00.000Z,2019-06-03T16:15:00.000Z,2019-06-03T17:30:00.000Z,2019-06-03T17:35:00.000Z,2,,0.249306,0.268099,2019-06-02T23:00:00.000Z|EURUSD|ny|2019-06-03|SHORT|2019-06-03T14:01:00.000Z|2019-06-03T14:01:00.000Z,B2416F909516F26B4704D19394CE5D42AC3F6DE1CB3BAA8E85C9D6E3317C3EA3
RAW_GRID_T100_S020_GATE90_TRIANGLE_V0_NO_CANDIDATE_B,triangle_v0_no_candidate_b,baseline,RAW_GRID_T100_S020_GATE90_TRIANGLE_V0_NO_CANDIDATE_B|EURUSD|SHORT|8,EURUSD,SHORT,target,2019-06-06T12:54:00.000Z,2019-06-06T13:08:00.000Z,2019-06-02T23:00:00.000Z,1,0,0,0.529824,2.659996,-0.06,0.000097,2.600093,0,0.529824,,2019-06-06T13:08:00.000Z,2019-06-06T12:55:00.000Z,2019-06-06T12:56:00.000Z,,,,,,,2,3,0.009722,0.3,2019-06-02T23:00:00.000Z|EURUSD|asia_london|2019-06-06|SHORT|2019-06-06T12:53:00.000Z|2019-06-06T12:54:00.000Z,F1EC28D37E6CA32BD948B100C59A4A95A25DC3FAE476272E800AF857592C785A
RAW_GRID_T100_S020_GATE90_TRIANGLE_V0_NO_CANDIDATE_B,triangle_v0_no_candidate_b,baseline,RAW_GRID_T100_S020_GATE90_TRIANGLE_V0_NO_CANDIDATE_B|GBPUSD|SHORT|5,GBPUSD,SHORT,session_flatten,2019-05-31T14:45:00.000Z,2019-06-03T00:00:00.000Z,2019-05-26T23:00:00.000Z,1,0,0,-0.114574,-0.9,-0.06,0.023854,-0.936145,-0.114574,0.28874,2019-06-03T00:00:00.000Z,2019-05-31T14:59:00.000Z,2019-05-31T14:48:00.000Z,2019-05-31T14:59:00.000Z,,,,,,,2,,2.385417,0.280533,2019-05-26T23:00:00.000Z|GBPUSD|ny|2019-05-31|SHORT|2019-05-31T14:44:00.000Z|2019-05-31T14:45:00.000Z,BB3CE9D2D0DA5FBBCF8D634BD0902B617E4F42C2BE2B8399F4A1AE416E74CB62
RAW_GRID_T100_S020_GATE90_TRIANGLE_V0_NO_CANDIDATE_B,triangle_v0_no_candidate_b,baseline,RAW_GRID_T100_S020_GATE90_TRIANGLE_V0_NO_CANDIDATE_B|GBPUSD|SHORT|6,GBPUSD,SHORT,session_flatten,2019-06-03T18:01:00.000Z,2019-06-03T20:00:00.000Z,2019-06-02T23:00:00.000Z,1,0,0,-0.046971,-0.37,-0.06,0.000826,-0.429174,-0.104098,0.081247,2019-06-03T19:31:00.000Z,2019-06-03T18:02:00.000Z,,,,,,,,,2,,0.082639,0.213295,2019-06-02T23:00:00.000Z|GBPUSD|ny|2019-06-03|SHORT|2019-06-03T18:00:00.000Z|2019-06-03T18:01:00.000Z,4F7E06685583334A55CA5602CA209FFCE0B16746399668BF891DC9E98838BC9E
RAW_GRID_T100_S020_GATE90_TRIANGLE_V0_NO_CANDIDATE_B,triangle_v0_no_candidate_b,baseline,RAW_GRID_T100_S020_GATE90_TRIANGLE_V0_NO_CANDIDATE_B|GBPUSD|SHORT|7,GBPUSD,SHORT,target,2019-06-04T13:58:00.000Z,2019-06-04T14:06:00.000Z,2019-06-02T23:00:00.000Z,1,0,0,0.430289,3.400001,-0.06,0.000056,3.340057,0,0.430289,,2019-06-04T14:06:00.000Z,2019-06-04T13:59:00.000Z,2019-06-04T14:02:00.000Z,,,,,,,2,3,0.005556,0.220927,2019-06-02T23:00:00.000Z|GBPUSD|ny|2019-06-04|SHORT|2019-06-04T13:57:00.000Z|2019-06-04T13:58:00.000Z,2B470FDD435ED4A6A9AA2BF090B463C9182E6635ECEE3A9E3A711867FD8991F1
RAW_GRID_T100_S020_GATE90_TRIANGLE_V0_NO_CANDIDATE_B,triangle_v0_no_candidate_b,baseline,RAW_GRID_T100_S020_GATE90_TRIANGLE_V0_NO_CANDIDATE_B|GBPUSD|SHORT|8,GBPUSD,SHORT,target,2019-06-04T14:16:00.000Z,2019-06-04T14:59:00.000Z,2019-06-02T23:00:00.000Z,1,0,0,0.186194,1.470001,-0.06,0.000299,1.4103,-0.062064,0.186194,2019-06-04T14:28:00.000Z,2019-06-04T14:59:00.000Z,2019-06-04T14:59:00.000Z,,,,,,,,3,4,0.029861,0.220927,2019-06-02T23:00:00.000Z|GBPUSD|ny|2019-06-04|SHORT|2019-06-04T13:57:00.000Z|2019-06-04T13:58:00.000Z,69B7970BA4D299C377F6040461625C9B0E39AB58DF539353FF856F57B79C61CF
RAW_GRID_T100_S020_GATE90_TRIANGLE_V0_NO_CANDIDATE_B,triangle_v0_no_candidate_b,baseline,RAW_GRID_T100_S020_GATE90_TRIANGLE_V0_NO_CANDIDATE_B|GBPUSD|SHORT|9,GBPUSD,SHORT,session_flatten,2019-06-04T17:47:00.000Z,2019-06-04T20:00:00.000Z,2019-06-02T23:00:00.000Z,2,1,0,-0.103931,-0.820007,-0.12,0.001493,-0.938514,-0.227954,0.090966,2019-06-04T18:40:00.000Z,2019-06-04T19:15:00.000Z,,,,,2019-06-04T18:07:00.000Z,2019-06-04T18:38:00.000Z,,,4,,0.092361,0.220927,2019-06-02T23:00:00.000Z|GBPUSD|ny|2019-06-04|SHORT|2019-06-04T13:57:00.000Z|2019-06-04T13:58:00.000Z,90BB7260442F75101A22B297FF3E0CADCE25612C3074E83C99CF60ECEE69F208
RAW_GRID_T100_S020_GATE90_TRIANGLE_V0_NO_CANDIDATE_B,triangle_v0_no_candidate_b,baseline,RAW_GRID_T100_S020_GATE90_TRIANGLE_V0_NO_CANDIDATE_B|NZDCHF|LONG|2,NZDCHF,LONG,target,2019-06-04T04:31:00.000Z,2019-06-04T07:14:00.000Z,2019-06-02T23:00:00.000Z,1,0,0,0.149508,0.565024,-0.06,-0.01038,0.494645,-0.12281,0.205573,2019-06-04T05:03:00.000Z,2019-06-04T04:32:00.000Z,2019-06-04T04:32:00.000Z,,,,,,,,1,2,0.113194,0.3,2019-06-02T23:00:00.000Z|NZDCHF|asia_london|2019-06-04|LONG|2019-06-04T04:30:00.000Z|2019-06-04T04:31:00.000Z,23A1AE1DF137BF9042447E7D8B4FF44A05B2B85F92EB610905EC12ECE5132714
RAW_GRID_T100_S020_GATE90_TRIANGLE_V0_NO_CANDIDATE_B,triangle_v0_no_candidate_b,baseline,RAW_GRID_T100_S020_GATE90_TRIANGLE_V0_NO_CANDIDATE_B|NZDUSD|SHORT|4,NZDUSD,SHORT,target,2019-06-04T14:05:00.000Z,2019-06-04T14:47:00.000Z,2019-06-02T23:00:00.000Z,1,0,0,0.231041,0.92,-0.06,0.000292,0.860291,-0.155702,0.231041,2019-06-04T14:16:00.000Z,2019-06-04T14:47:00.000Z,2019-06-04T14:06:00.000Z,,,,2019-06-04T14:16:00.000Z,,,,0,1,0.029167,0.247102,2019-06-02T23:00:00.000Z|NZDUSD|ny|2019-06-04|SHORT|2019-06-04T14:03:00.000Z|2019-06-04T14:05:00.000Z,88DA5094E5A4119700E0E94D313614B3EC410400A99202206944CBF38A78271D
RAW_GRID_T100_S020_GATE90_TRIANGLE_V0_NO_CANDIDATE_B,triangle_v0_no_candidate_b,baseline,RAW_GRID_T100_S020_GATE90_TRIANGLE_V0_NO_CANDIDATE_B|NZDUSD|SHORT|5,NZDUSD,SHORT,session_flatten,2019-06-04T17:31:00.000Z,2019-06-04T20:01:00.000Z,2019-06-02T23:00:00.000Z,2,1,0,-0.163328,-0.649997,-0.12,0.001826,-0.768171,-0.399176,0.025111,2019-06-04T18:18:00.000Z,2019-06-04T17:33:00.000Z,,,,,2019-06-04T17:51:00.000Z,2019-06-04T18:08:00.000Z,,,1,,0.104167,0.247102,2019-06-02T23:00:00.000Z|NZDUSD|ny|2019-06-04|SHORT|2019-06-04T14:03:00.000Z|2019-06-04T14:05:00.000Z,AEA820C01383441E309E2BF55C969803B9C1D3A1423E69998D05C856105E8FD0
RAW_GRID_T100_S020_GATE90_TRIANGLE_V0_NO_CANDIDATE_B,triangle_v0_no_candidate_b,baseline,RAW_GRID_T100_S020_GATE90_TRIANGLE_V0_NO_CANDIDATE_B|USDCAD|LONG|6,USDCAD,LONG,session_flatten,2019-06-03T18:06:00.000Z,2019-06-03T20:00:00.000Z,2019-06-02T23:00:00.000Z,1,0,0,-0.023641,-0.104126,-0.06,-0.00726,-0.171386,-0.184066,0.040528,2019-06-03T19:01:00.000Z,2019-06-03T18:51:00.000Z,,,,,2019-06-03T18:10:00.000Z,,,,2,,0.079167,0.219427,2019-06-02T23:00:00.000Z|USDCAD|ny|2019-06-03|LONG|2019-06-03T13:45:00.000Z|2019-06-03T13:46:00.000Z,A7ED9AF7724F4B14F647CFF4FA9B2E186FCD0F581F45655F37E1F9288E52DC2E
RAW_GRID_T100_S020_GATE90_TRIANGLE_V0_NO_CANDIDATE_B,triangle_v0_no_candidate_b,baseline,RAW_GRID_T100_S020_GATE90_TRIANGLE_V0_NO_CANDIDATE_B|USDCAD|LONG|7,USDCAD,LONG,session_flatten,2019-06-06T14:00:00.000Z,2019-06-06T20:00:00.000Z,2019-06-02T23:00:00.000Z,2,1,0,-0.369815,-1.630591,-0.12,-0.041329,-1.79192,-0.63116,0.057666,2019-06-06T18:35:00.000Z,2019-06-06T14:01:00.000Z,,,,,2019-06-06T14:18:00.000Z,2019-06-06T15:11:00.000Z,2019-06-06T15:23:00.000Z,,2,,0.25,0.230622,2019-06-02T23:00:00.000Z|USDCAD|ny|2019-06-06|LONG|2019-06-06T13:59:00.000Z|2019-06-06T14:00:00.000Z,B2000C8179CF6FFDD144CA6E6B0A21A6E13E252906F610DD971D0E3B590597D7
RAW_GRID_T100_S020_GATE90_TRIANGLE_V0_NO_CANDIDATE_B,triangle_v0_no_candidate_b,baseline,RAW_GRID_T100_S020_GATE90_TRIANGLE_V0_NO_CANDIDATE_B|USDJPY|LONG|3,USDJPY,LONG,target,2019-06-05T12:52:00.000Z,2019-06-05T13:29:00.000Z,2019-06-02T23:00:00.000Z,1,0,0,0.236785,1.304481,-0.06,-0.002356,1.242125,-0.031907,0.236785,2019-06-05T13:13:00.000Z,2019-06-05T13:29:00.000Z,2019-06-05T13:26:00.000Z,2019-06-05T13:29:00.000Z,,,,,,,2,3,0.025694,0.210499,2019-06-02T23:00:00.000Z|USDJPY|asia_london|2019-06-05|LONG|2019-06-05T12:51:00.000Z|2019-06-05T12:52:00.000Z,64C9C183B5B8D11720F7A5F7609B6EBB6C6172DD6A53123C78DBECD8CAF963C8
RAW_GRID_T100_S020_GATE90_TRIANGLE_V0_NO_CANDIDATE_B,triangle_v0_no_candidate_b,baseline,RAW_GRID_T100_S020_GATE90_TRIANGLE_V0_NO_CANDIDATE_B|AUDUSD|LONG|4,AUDUSD,LONG,target,2019-06-13T01:43:00.000Z,2019-06-13T17:45:00.000Z,2019-06-09T23:00:00.000Z,3,2,0,0.216686,0.889995,-0.18,-0.147675,0.56232,-0.824956,0.216686,2019-06-13T10:51:00.000Z,2019-06-13T11:59:00.000Z,2019-06-13T11:57:00.000Z,2019-06-13T11:59:00.000Z,,,2019-06-13T02:10:00.000Z,2019-06-13T02:12:00.000Z,2019-06-13T03:36:00.000Z,2019-06-13T10:41:00.000Z,0,1,0.668056,0.213569,2019-06-09T23:00:00.000Z|AUDUSD|asia_london|2019-06-13|LONG|2019-06-13T01:42:00.000Z|2019-06-13T01:43:00.000Z,92C619DC41B33EEAC73E2822B9D6793C72DADFDD3FE601E9CC32D3794764794C
RAW_GRID_T100_S020_GATE90_TRIANGLE_V0_NO_CANDIDATE_B,triangle_v0_no_candidate_b,baseline,RAW_GRID_T100_S020_GATE90_TRIANGLE_V0_NO_CANDIDATE_B|EURCAD|LONG|3,EURCAD,LONG,target,2019-06-12T13:11:00.000Z,2019-06-12T17:30:00.000Z,2019-06-09T23:00:00.000Z,1,0,0,0.051549,0.270295,-0.06,-0.016493,0.193801,-0.187581,0.133168,2019-06-12T14:59:00.000Z,2019-06-12T15:51:00.000Z,2019-06-12T15:50:00.000Z,,,,2019-06-12T13:43:00.000Z,,,,0,1,0.179861,0.201203,2019-06-09T23:00:00.000Z|EURCAD|ny|2019-06-12|LONG|2019-06-12T13:10:00.000Z|2019-06-12T13:11:00.000Z,2F919C5C1D359DB0CBE73C883D3F03DA5E034C6198DBB0DE53E6FCEE8F0DEC7A
RAW_GRID_T100_S020_GATE90_TRIANGLE_V0_NO_CANDIDATE_B,triangle_v0_no_candidate_b,baseline,RAW_GRID_T100_S020_GATE90_TRIANGLE_V0_NO_CANDIDATE_B|GBPAUD|SHORT|3,GBPAUD,SHORT,target,2019-06-13T12:15:00.000Z,2019-06-13T12:39:00.000Z,2019-06-09T23:00:00.000Z,1,0,0,0.2273,1.383102,-0.06,0.000167,1.323269,-0.043187,0.2273,2019-06-13T12:32:00.000Z,2019-06-13T12:39:00.000Z,2019-06-13T12:39:00.000Z,,,,,,,,2,3,0.016667,0.295042,2019-06-09T23:00:00.000Z|GBPAUD|asia_london|2019-06-13|SHORT|2019-06-13T12:06:00.000Z|2019-06-13T12:07:00.000Z,6F811C715B58BD0FF92EEDF2BA52A2710A2CC72FD2B37D37F75358B24D13683C
RAW_GRID_T100_S020_GATE90_TRIANGLE_V0_NO_CANDIDATE_B,triangle_v0_no_candidate_b,baseline,RAW_GRID_T100_S020_GATE90_TRIANGLE_V0_NO_CANDIDATE_B|GBPCAD|LONG|5,GBPCAD,LONG,session_flatten,2019-06-07T12:36:00.000Z,2019-06-10T00:00:00.000Z,2019-06-02T23:00:00.000Z,1,0,0,-0.680168,-4.793026,-0.06,-0.226957,-5.079983,-0.680168,0.213124,2019-06-10T00:00:00.000Z,2019-06-07T12:38:00.000Z,2019-06-07T12:38:00.000Z,,,,2019-06-07T13:24:00.000Z,2019-06-10T00:00:00.000Z,2019-06-10T00:00:00.000Z,,2,,2.475,0.3,2019-06-02T23:00:00.000Z|GBPCAD|asia_london|2019-06-07|LONG|2019-06-07T12:35:00.000Z|2019-06-07T12:36:00.000Z,7333D3B80395797DB0F75B30BD43FF3A5A27AE4D353D6C48DB652443E9C4A94B
RAW_GRID_T100_S020_GATE90_TRIANGLE_V0_NO_CANDIDATE_B,triangle_v0_no_candidate_b,baseline,RAW_GRID_T100_S020_GATE90_TRIANGLE_V0_NO_CANDIDATE_B|NZDCAD|LONG|2,NZDCAD,LONG,session_flatten,2019-06-10T18:02:00.000Z,2019-06-10T20:00:00.000Z,2019-06-09T23:00:00.000Z,1,0,0,-0.011214,-0.04522,-0.06,-0.007514,-0.112735,-0.085976,0.123357,2019-06-10T19:17:00.000Z,2019-06-10T18:05:00.000Z,,,,,,,,,0,,0.081944,0.3,2019-06-09T23:00:00.000Z|NZDCAD|ny|2019-06-10|LONG|2019-06-10T18:01:00.000Z|2019-06-10T18:02:00.000Z,8C648E8A8A5C640662F417CFE9C902727F238DB27EBCBF8737BE775ACCA8C3AD
RAW_GRID_T100_S020_GATE90_TRIANGLE_V0_NO_CANDIDATE_B,triangle_v0_no_candidate_b,baseline,RAW_GRID_T100_S020_GATE90_TRIANGLE_V0_NO_CANDIDATE_B|USDJPY|LONG|4,USDJPY,LONG,session_flatten,2019-06-07T12:51:00.000Z,2019-06-10T00:00:00.000Z,2019-06-02T23:00:00.000Z,1,0,0,0.804971,4.555094,-0.06,-0.226002,4.269092,-0.036942,0.804971,2019-06-07T12:56:00.000Z,2019-06-10T00:00:00.000Z,2019-06-07T12:52:00.000Z,2019-06-07T13:41:00.000Z,2019-06-10T00:00:00.000Z,,,,,,3,,2.464583,0.289226,2019-06-02T23:00:00.000Z|USDJPY|asia_london|2019-06-07|LONG|2019-06-07T12:50:00.000Z|2019-06-07T12:51:00.000Z,0C33FB4E0A37CDED5FC3BF60829D71DF9E24D0FE35AE02955900C291E17A8E1B
RAW_GRID_T100_S020_GATE90_TRIANGLE_V0_NO_CANDIDATE_B,triangle_v0_no_candidate_b,baseline,RAW_GRID_T100_S020_GATE90_TRIANGLE_V0_NO_CANDIDATE_B|AUDCAD|LONG|3,AUDCAD,LONG,session_flatten,2019-06-19T18:42:00.000Z,2019-06-19T20:00:00.000Z,2019-06-16T23:00:00.000Z,2,1,0,-0.732479,-2.431059,-0.12,-0.006814,-2.557873,-0.732479,0.090671,2019-06-19T19:59:00.000Z,2019-06-19T18:44:00.000Z,,,,,2019-06-19T19:08:00.000Z,2019-06-19T19:31:00.000Z,2019-06-19T19:54:00.000Z,,0,,0.054167,0.3,2019-06-16T23:00:00.000Z|AUDCAD|ny|2019-06-19|LONG|2019-06-19T18:41:00.000Z|2019-06-19T18:42:00.000Z,336639649C4490F98B590B7AE6C612DB00DD50278854979E84727D2B2E13E5E1
RAW_GRID_T100_S020_GATE90_TRIANGLE_V0_NO_CANDIDATE_B,triangle_v0_no_candidate_b,baseline,RAW_GRID_T100_S020_GATE90_TRIANGLE_V0_NO_CANDIDATE_B|AUDCAD|LONG|4,AUDCAD,LONG,target,2019-06-20T11:50:00.000Z,2019-06-20T12:43:00.000Z,2019-06-16T23:00:00.000Z,1,0,0,0.195779,0.652101,-0.06,-0.003375,0.588726,-0.152526,0.195779,2019-06-20T12:33:00.000Z,2019-06-20T12:43:00.000Z,2019-06-20T12:42:00.000Z,,,,2019-06-20T12:33:00.000Z,,,,0,1,0.036806,0.3,2019-06-16T23:00:00.000Z|AUDCAD|asia_london|2019-06-20|LONG|2019-06-20T06:12:00.000Z|2019-06-20T06:13:00.000Z,98ECBD92BF01BADCE87C4E2202F2602E0C32B6DCF7740CF231E0B8BF3666A2F3
RAW_GRID_T100_S020_GATE90_TRIANGLE_V0_NO_CANDIDATE_B,triangle_v0_no_candidate_b,baseline,RAW_GRID_T100_S020_GATE90_TRIANGLE_V0_NO_CANDIDATE_B|AUDCHF|LONG|2,AUDCHF,LONG,target,2019-06-19T18:02:00.000Z,2019-06-19T18:07:00.000Z,2019-06-16T23:00:00.000Z,1,0,0,0.326522,1.359505,-0.06,-0.000318,1.299186,0,0.326522,,2019-06-19T18:07:00.000Z,2019-06-19T18:03:00.000Z,2019-06-19T18:07:00.000Z,,,,,,,0,1,0.003472,0.3,2019-06-16T23:00:00.000Z|AUDCHF|ny|2019-06-19|LONG|2019-06-19T18:01:00.000Z|2019-06-19T18:02:00.000Z,895DB3BAE7C674E1173B25A3538D93690CB2FCF43EC24F2D19FED270983577A6
RAW_GRID_T100_S020_GATE90_TRIANGLE_V0_NO_CANDIDATE_B,triangle_v0_no_candidate_b,baseline,RAW_GRID_T100_S020_GATE90_TRIANGLE_V0_NO_CANDIDATE_B|AUDCHF|LONG|3,AUDCHF,LONG,session_flatten,2019-06-19T18:26:00.000Z,2019-06-19T20:00:00.000Z,2019-06-16T23:00:00.000Z,1,0,0,-0.181412,-0.754558,-0.06,-0.005986,-0.820544,-0.297515,0.065308,2019-06-19T19:29:00.000Z,2019-06-19T18:32:00.000Z,,,,,2019-06-19T18:42:00.000Z,,,,1,,0.065278,0.3,2019-06-16T23:00:00.000Z|AUDCHF|ny|2019-06-19|LONG|2019-06-19T18:01:00.000Z|2019-06-19T18:02:00.000Z,9F1805E2C746C7F3AA38A1B911A2FEE7E94F51AD1A5D44C0206E77B8D85EB03D
RAW_GRID_T100_S020_GATE90_TRIANGLE_V0_NO_CANDIDATE_B,triangle_v0_no_candidate_b,baseline,RAW_GRID_T100_S020_GATE90_TRIANGLE_V0_NO_CANDIDATE_B|CADCHF|SHORT|2,CADCHF,SHORT,target,2019-06-19T12:41:00.000Z,2019-06-19T13:13:00.000Z,2019-06-16T23:00:00.000Z,1,0,0,0.311541,1.193184,-0.06,0.000222,1.133407,0,0.311541,,2019-06-19T13:13:00.000Z,2019-06-19T12:51:00.000Z,2019-06-19T13:13:00.000Z,,,,,,,0,1,0.022222,0.3,2019-06-16T23:00:00.000Z|CADCHF|asia_london|2019-06-19|SHORT|2019-06-19T12:40:00.000Z|2019-06-19T12:41:00.000Z,13E02D932AF050BCF26CF9965868A1240D7DDBE3DDCFEF024CA91D0613D2BD18
RAW_GRID_T100_S020_GATE90_TRIANGLE_V0_NO_CANDIDATE_B,triangle_v0_no_candidate_b,baseline,RAW_GRID_T100_S020_GATE90_TRIANGLE_V0_NO_CANDIDATE_B|GBPAUD|LONG|4,GBPAUD,LONG,target,2019-06-20T12:26:00.000Z,2019-06-20T14:40:00.000Z,2019-06-16T23:00:00.000Z,1,0,0,0.472712,2.851575,-0.06,-0.008533,2.783042,-0.050484,0.472712,2019-06-20T13:06:00.000Z,2019-06-20T14:40:00.000Z,2019-06-20T12:46:00.000Z,2019-06-20T14:22:00.000Z,,,,,,,0,1,0.093056,0.274748,2019-06-16T23:00:00.000Z|GBPAUD|asia_london|2019-06-20|LONG|2019-06-20T11:04:00.000Z|2019-06-20T11:05:00.000Z,77923CE228B334045BA3E798C204BFAF7DDA50658D78DC5284A439AEC9D139F1
RAW_GRID_T100_S020_GATE90_TRIANGLE_V0_NO_CANDIDATE_B,triangle_v0_no_candidate_b,baseline,RAW_GRID_T100_S020_GATE90_TRIANGLE_V0_NO_CANDIDATE_B|GBPNZD|SHORT|4,GBPNZD,SHORT,session_flatten,2019-06-14T12:54:00.000Z,2019-06-17T00:00:00.000Z,2019-06-09T23:00:00.000Z,1,0,0,-0.023157,-0.168922,-0.06,0.024625,-0.204297,-0.065311,0.126891,2019-06-14T13:19:00.000Z,2019-06-14T14:11:00.000Z,2019-06-14T13:54:00.000Z,,,,,,,,1,,2.4625,0.201811,2019-06-09T23:00:00.000Z|GBPNZD|asia_london|2019-06-14|SHORT|2019-06-14T07:28:00.000Z|2019-06-14T07:29:00.000Z,AB611DDFE089C48BD0A9EBAA8367C6B80560486B7767580288A8715E743C31F3
RAW_GRID_T100_S020_GATE90_TRIANGLE_V0_NO_CANDIDATE_B,triangle_v0_no_candidate_b,baseline,RAW_GRID_T100_S020_GATE90_TRIANGLE_V0_NO_CANDIDATE_B|GBPNZD|LONG|5,GBPNZD,LONG,target,2019-06-18T10:27:00.000Z,2019-06-18T16:32:00.000Z,2019-06-16T23:00:00.000Z,2,1,0,0.212189,1.539944,-0.12,-0.03235,1.387595,-0.445467,0.273282,2019-06-18T14:29:00.000Z,2019-06-18T15:03:00.000Z,2019-06-18T10:39:00.000Z,2019-06-18T10:57:00.000Z,,,2019-06-18T14:02:00.000Z,2019-06-18T14:09:00.000Z,,,1,2,0.253472,0.229172,2019-06-16T23:00:00.000Z|GBPNZD|asia_london|2019-06-18|LONG|2019-06-18T06:31:00.000Z|2019-06-18T06:32:00.000Z,C22BA10779DC13B2309E05D840821880703DAF376A142A36334ADB80AD3D3C1B
RAW_GRID_T100_S020_GATE90_TRIANGLE_V0_NO_CANDIDATE_B,triangle_v0_no_candidate_b,baseline,RAW_GRID_T100_S020_GATE90_TRIANGLE_V0_NO_CANDIDATE_B|GBPNZD|SHORT|6,GBPNZD,SHORT,session_flatten,2019-06-19T18:40:00.000Z,2019-06-19T20:00:00.000Z,2019-06-16T23:00:00.000Z,1,0,0,-0.112435,-0.823623,-0.06,0.000556,-0.883067,-0.180253,0.041941,2019-06-19T19:01:00.000Z,2019-06-19T19:21:00.000Z,,,,,2019-06-19T19:01:00.000Z,,,,1,,0.055556,0.3,2019-06-16T23:00:00.000Z|GBPNZD|ny|2019-06-19|SHORT|2019-06-19T18:02:00.000Z|2019-06-19T18:03:00.000Z,4CC67386F4442C039BBD606A7AC4991D1BC4D4ECC84C704C3EBC8F619EB96FAA
RAW_GRID_T100_S020_GATE90_TRIANGLE_V0_NO_CANDIDATE_B,triangle_v0_no_candidate_b,baseline,RAW_GRID_T100_S020_GATE90_TRIANGLE_V0_NO_CANDIDATE_B|GBPNZD|SHORT|7,GBPNZD,SHORT,target,2019-06-21T07:38:00.000Z,2019-06-21T08:58:00.000Z,2019-06-16T23:00:00.000Z,1,0,0,0.306357,2.253099,-0.06,0.000556,2.193655,-0.149159,0.306357,2019-06-21T07:57:00.000Z,2019-06-21T08:58:00.000Z,2019-06-21T08:14:00.000Z,2019-06-21T08:26:00.000Z,,,2019-06-21T07:57:00.000Z,,,,1,2,0.055556,0.244015,2019-06-16T23:00:00.000Z|GBPNZD|asia_london|2019-06-21|SHORT|2019-06-21T07:37:00.000Z|2019-06-21T07:38:00.000Z,09D16EDF39DE0D4BCB2CAC123E78978FE93028DA859EC11C43D9BE4326C07A19
RAW_GRID_T100_S020_GATE90_TRIANGLE_V0_NO_CANDIDATE_B,triangle_v0_no_candidate_b,baseline,RAW_GRID_T100_S020_GATE90_TRIANGLE_V0_NO_CANDIDATE_B|GBPNZD|SHORT|8,GBPNZD,SHORT,target,2019-06-21T12:05:00.000Z,2019-06-21T12:27:00.000Z,2019-06-16T23:00:00.000Z,1,0,0,0.202849,1.489299,-0.06,0.000153,1.429452,0,0.202849,,2019-06-21T12:27:00.000Z,2019-06-21T12:15:00.000Z,,,,,,,,2,3,0.015278,0.244015,2019-06-16T23:00:00.000Z|GBPNZD|asia_london|2019-06-21|SHORT|2019-06-21T07:37:00.000Z|2019-06-21T07:38:00.000Z,C0C2A5BCCE806555B7F6F6969FCEEA819371D0AB29C7DA9F8CC63D3202EE5E59
RAW_GRID_T100_S020_GATE90_TRIANGLE_V0_NO_CANDIDATE_B,triangle_v0_no_candidate_b,baseline,RAW_GRID_T100_S020_GATE90_TRIANGLE_V0_NO_CANDIDATE_B|GBPUSD|LONG|10,GBPUSD,LONG,target,2019-06-18T11:29:00.000Z,2019-06-18T13:33:00.000Z,2019-06-16T23:00:00.000Z,1,0,0,0.135678,0.979999,-0.06,-0.007896,0.912102,-0.156445,0.135678,2019-06-18T12:24:00.000Z,2019-06-18T13:33:00.000Z,,,,,2019-06-18T12:24:00.000Z,,,,0,1,0.086111,0.3,2019-06-16T23:00:00.000Z|GBPUSD|asia_london|2019-06-18|LONG|2019-06-18T10:54:00.000Z|2019-06-18T10:56:00.000Z,9D1579BD150B795CF118BB0AACFB2BEDB587E9BD9FA400090BD7C870F8D4937E
RAW_GRID_T100_S020_GATE90_TRIANGLE_V0_NO_CANDIDATE_B,triangle_v0_no_candidate_b,baseline,RAW_GRID_T100_S020_GATE90_TRIANGLE_V0_NO_CANDIDATE_B|NZDJPY|LONG|3,NZDJPY,LONG,target,2019-06-21T06:19:00.000Z,2019-06-21T14:18:00.000Z,2019-06-16T23:00:00.000Z,2,1,0,0.335313,1.448835,-0.12,-0.041329,1.287506,-0.39069,0.335313,2019-06-21T12:49:00.000Z,2019-06-21T14:18:00.000Z,2019-06-21T13:38:00.000Z,2019-06-21T13:42:00.000Z,,,2019-06-21T08:46:00.000Z,2019-06-21T11:28:00.000Z,,,1,2,0.332639,0.255601,2019-06-16T23:00:00.000Z|NZDJPY|asia_london|2019-06-21|LONG|2019-06-21T06:18:00.000Z|2019-06-21T06:19:00.000Z,012AFF4404E96C6939F1D9E7AEEB4DC308A50F20D4FC367A574B37B9DBF47314
RAW_GRID_T100_S020_GATE90_TRIANGLE_V0_NO_CANDIDATE_B,triangle_v0_no_candidate_b,baseline,RAW_GRID_T100_S020_GATE90_TRIANGLE_V0_NO_CANDIDATE_B|USDJPY|LONG|5,USDJPY,LONG,target,2019-06-18T13:40:00.000Z,2019-06-18T13:42:00.000Z,2019-06-16T23:00:00.000Z,1,0,0,0.439932,1.910054,-0.06,-0.000127,1.849926,0,0.439932,,2019-06-18T13:42:00.000Z,2019-06-18T13:41:00.000Z,2019-06-18T13:42:00.000Z,,,,,,,3,4,0.001389,0.258314,2019-06-16T23:00:00.000Z|USDJPY|ny|2019-06-18|LONG|2019-06-18T13:39:00.000Z|2019-06-18T13:40:00.000Z,8BFFA5CCA87807856124CF8BEE3E01D88726FAD46CB854DD5E621F5CCF897EA0
RAW_GRID_T100_S020_GATE90_TRIANGLE_V0_NO_CANDIDATE_B,triangle_v0_no_candidate_b,baseline,RAW_GRID_T100_S020_GATE90_TRIANGLE_V0_NO_CANDIDATE_B|USDJPY|LONG|6,USDJPY,LONG,target,2019-06-18T15:25:00.000Z,2019-06-18T15:34:00.000Z,2019-06-16T23:00:00.000Z,1,0,0,0.248317,1.079016,-0.06,-0.000573,1.018443,-0.125221,0.248317,2019-06-18T15:26:00.000Z,2019-06-18T15:34:00.000Z,2019-06-18T15:31:00.000Z,,,,,,,,4,5,0.00625,0.258314,2019-06-16T23:00:00.000Z|USDJPY|ny|2019-06-18|LONG|2019-06-18T13:39:00.000Z|2019-06-18T13:40:00.000Z,E1849D18F55C47BE5307E858EF6B6751A5CEE9F00FB2F28E67E61539401A58B1
RAW_GRID_T100_S020_GATE90_TRIANGLE_V0_NO_CANDIDATE_B,triangle_v0_no_candidate_b,baseline,RAW_GRID_T100_S020_GATE90_TRIANGLE_V0_NO_CANDIDATE_B|EURCAD|SHORT|4,EURCAD,SHORT,session_flatten,2019-06-21T14:18:00.000Z,2019-06-24T00:00:00.000Z,2019-06-16T23:00:00.000Z,2,1,0,-1.523041,-9.204139,-0.12,0.047826,-9.276312,-1.523041,0.097469,2019-06-24T00:00:00.000Z,2019-06-21T15:00:00.000Z,,,,,2019-06-21T14:33:00.000Z,2019-06-21T14:55:00.000Z,2019-06-24T00:00:00.000Z,2019-06-24T00:00:00.000Z,1,,2.404167,0.3,2019-06-16T23:00:00.000Z|EURCAD|ny|2019-06-21|SHORT|2019-06-21T14:17:00.000Z|2019-06-21T14:18:00.000Z,F8F7E30E5259F246A262E4ADD162CF0DD10552DE90D3E192705DFF1789B6AC7A
RAW_GRID_T100_S020_GATE90_TRIANGLE_V0_NO_CANDIDATE_B,triangle_v0_no_candidate_b,baseline,RAW_GRID_T100_S020_GATE90_TRIANGLE_V0_NO_CANDIDATE_B|EURNZD|LONG|4,EURNZD,LONG,target,2019-06-25T16:39:00.000Z,2019-06-25T18:59:00.000Z,2019-06-23T23:00:00.000Z,1,0,0,0.128694,0.85687,-0.06,-0.008915,0.787955,-0.135678,0.147649,2019-06-25T18:19:00.000Z,2019-06-25T17:06:00.000Z,,,,,,,,,0,1,0.097222,0.3,2019-06-23T23:00:00.000Z|EURNZD|ny|2019-06-25|LONG|2019-06-25T16:38:00.000Z|2019-06-25T16:39:00.000Z,74A86FDCD1EB3357070E0ED4DF749AFF34C0495D3218B0347BEACF148C8D3D9D
RAW_GRID_T100_S020_GATE90_TRIANGLE_V0_NO_CANDIDATE_B,triangle_v0_no_candidate_b,baseline,RAW_GRID_T100_S020_GATE90_TRIANGLE_V0_NO_CANDIDATE_B|GBPAUD|LONG|5,GBPAUD,LONG,target,2019-06-25T14:56:00.000Z,2019-06-25T18:01:00.000Z,2019-06-23T23:00:00.000Z,1,0,0,0.031431,0.236646,-0.06,-0.011781,0.164865,-0.28565,0.087821,2019-06-25T16:26:00.000Z,2019-06-25T14:58:00.000Z,,,,,2019-06-25T16:04:00.000Z,,,,1,2,0.128472,0.3,2019-06-23T23:00:00.000Z|GBPAUD|ny|2019-06-25|LONG|2019-06-25T14:55:00.000Z|2019-06-25T14:56:00.000Z,034EBDF640F1235578940A66C77A776EC3A1A30F08D9CA4E622CA76FD7B6152B
RAW_GRID_T100_S020_GATE90_TRIANGLE_V0_NO_CANDIDATE_B,triangle_v0_no_candidate_b,baseline,RAW_GRID_T100_S020_GATE90_TRIANGLE_V0_NO_CANDIDATE_B|GBPAUD|LONG|6,GBPAUD,LONG,target,2019-06-28T08:32:00.000Z,2019-06-28T09:45:00.000Z,2019-06-23T23:00:00.000Z,1,0,0,0.197869,1.485489,-0.06,-0.004649,1.42084,-0.0168,0.197869,2019-06-28T08:50:00.000Z,2019-06-28T09:45:00.000Z,2019-06-28T09:11:00.000Z,,,,,,,,2,3,0.050694,0.3,2019-06-23T23:00:00.000Z|GBPAUD|asia_london|2019-06-28|LONG|2019-06-28T08:31:00.000Z|2019-06-28T08:32:00.000Z,32D16A49D072E3174449CF76E0861E1875CD27E55527E191B06D6716CA3398DA
RAW_GRID_T100_S020_GATE90_TRIANGLE_V0_NO_CANDIDATE_B,triangle_v0_no_candidate_b,baseline,RAW_GRID_T100_S020_GATE90_TRIANGLE_V0_NO_CANDIDATE_B|NZDCAD|SHORT|3,NZDCAD,SHORT,target,2019-06-26T02:05:00.000Z,2019-06-26T07:19:00.000Z,2019-06-23T23:00:00.000Z,1,0,0,0.210067,0.866058,-0.06,0.002181,0.808238,-0.049753,0.292987,2019-06-26T02:47:00.000Z,2019-06-26T03:23:00.000Z,2019-06-26T02:06:00.000Z,2019-06-26T02:11:00.000Z,,,,,,,0,1,0.218056,0.217268,2019-06-23T23:00:00.000Z|NZDCAD|asia_london|2019-06-26|SHORT|2019-06-26T02:04:00.000Z|2019-06-26T02:05:00.000Z,16ED0C775FF74F4CA9EF09871F6D9CD28620C931886002188D6D6911AA3C2EB8
RAW_GRID_T100_S020_GATE90_TRIANGLE_V0_NO_CANDIDATE_B,triangle_v0_no_candidate_b,baseline,RAW_GRID_T100_S020_GATE90_TRIANGLE_V0_NO_CANDIDATE_B|NZDCAD|SHORT|4,NZDCAD,SHORT,target,2019-06-26T07:26:00.000Z,2019-06-26T14:35:00.000Z,2019-06-23T23:00:00.000Z,2,1,0,0.104817,0.434039,-0.12,0.004368,0.318407,-0.499257,0.123479,2019-06-26T13:20:00.000Z,2019-06-26T09:10:00.000Z,2019-06-26T09:10:00.000Z,,,,2019-06-26T08:25:00.000Z,2019-06-26T11:15:00.000Z,2019-06-26T12:01:00.000Z,,1,2,0.297917,0.217268,2019-06-23T23:00:00.000Z|NZDCAD|asia_london|2019-06-26|SHORT|2019-06-26T02:04:00.000Z|2019-06-26T02:05:00.000Z,3DE83384D56FE36DDDE6E710930A1CD3EF8E67EFDFEDF8AEA8322344B3A313D1
RAW_GRID_T100_S020_GATE90_TRIANGLE_V0_NO_CANDIDATE_B,triangle_v0_no_candidate_b,baseline,RAW_GRID_T100_S020_GATE90_TRIANGLE_V0_NO_CANDIDATE_B|NZDCHF|SHORT|3,NZDCHF,SHORT,target,2019-06-27T14:31:00.000Z,2019-06-27T15:25:00.000Z,2019-06-23T23:00:00.000Z,1,0,0,0.365232,1.76049,-0.06,0.000375,1.700865,0,0.365232,,2019-06-27T15:25:00.000Z,2019-06-27T14:32:00.000Z,2019-06-27T14:36:00.000Z,,,,,,,0,1,0.0375,0.225113,2019-06-23T23:00:00.000Z|NZDCHF|ny|2019-06-27|SHORT|2019-06-27T14:30:00.000Z|2019-06-27T14:31:00.000Z,3C6266D9313B5E3C0A3AB5607706F8B3DE958B00809C5E6816F94A9AF0F4195C
RAW_GRID_T100_S020_GATE90_TRIANGLE_V0_NO_CANDIDATE_B,triangle_v0_no_candidate_b,baseline,RAW_GRID_T100_S020_GATE90_TRIANGLE_V0_NO_CANDIDATE_B|NZDUSD|SHORT|6,NZDUSD,SHORT,target,2019-06-25T16:37:00.000Z,2019-06-25T16:39:00.000Z,2019-06-23T23:00:00.000Z,1,0,0,0.328774,1.520001,-0.06,0.000014,1.460015,0,0.328774,,2019-06-25T16:39:00.000Z,2019-06-25T16:38:00.000Z,2019-06-25T16:38:00.000Z,,,,,,,1,2,0.001389,0.216144,2019-06-23T23:00:00.000Z|NZDUSD|ny|2019-06-25|SHORT|2019-06-25T16:35:00.000Z|2019-06-25T16:37:00.000Z,B4C390CD957A50AC5EBB3DB99979F5F1F61A6D86482E720DDD408B3D463EC9BA
RAW_GRID_T100_S020_GATE90_TRIANGLE_V0_NO_CANDIDATE_B,triangle_v0_no_candidate_b,baseline,RAW_GRID_T100_S020_GATE90_TRIANGLE_V0_NO_CANDIDATE_B|NZDUSD|SHORT|7,NZDUSD,SHORT,target,2019-06-25T17:36:00.000Z,2019-06-25T18:58:00.000Z,2019-06-23T23:00:00.000Z,1,0,0,0.149425,0.69,-0.06,0.000569,0.63057,-0.060637,0.168916,2019-06-25T18:14:00.000Z,2019-06-25T17:46:00.000Z,2019-06-25T17:44:00.000Z,,,,,,,,2,3,0.056944,0.216144,2019-06-23T23:00:00.000Z|NZDUSD|ny|2019-06-25|SHORT|2019-06-25T16:35:00.000Z|2019-06-25T16:37:00.000Z,C0A707B3ECF571512B5C5A6DB526BE00756CCD4E0A287DE0B3350442F806D69C
RAW_GRID_T100_S020_GATE90_TRIANGLE_V0_NO_CANDIDATE_B,triangle_v0_no_candidate_b,baseline,RAW_GRID_T100_S020_GATE90_TRIANGLE_V0_NO_CANDIDATE_B|CADCHF|SHORT|3,CADCHF,SHORT,session_flatten,2019-06-28T14:48:00.000Z,2019-07-01T00:00:00.000Z,2019-06-23T23:00:00.000Z,1,0,0,-0.308962,-1.735334,-0.06,0.023833,-1.7715,-0.308962,0.124335,2019-07-01T00:00:00.000Z,2019-06-28T14:56:00.000Z,2019-06-28T14:55:00.000Z,,,,2019-07-01T00:00:00.000Z,2019-07-01T00:00:00.000Z,,,1,,2.383333,0.205849,2019-06-23T23:00:00.000Z|CADCHF|ny|2019-06-28|SHORT|2019-06-28T14:47:00.000Z|2019-06-28T14:48:00.000Z,5EDBC369370585E682BB6B2B86A28A904502580CE3B8983FD425A7875D01C6CB
RAW_GRID_T100_S020_GATE90_TRIANGLE_V0_NO_CANDIDATE_B,triangle_v0_no_candidate_b,baseline,RAW_GRID_T100_S020_GATE90_TRIANGLE_V0_NO_CANDIDATE_B|EURUSD|LONG|9,EURUSD,LONG,session_flatten,2019-07-01T16:56:00.000Z,2019-07-01T20:00:00.000Z,2019-06-30T23:00:00.000Z,1,0,0,-0.127079,-0.799997,-0.06,-0.011717,-0.871714,-0.198562,0,2019-07-01T18:48:00.000Z,,,,,,2019-07-01T17:37:00.000Z,,,,3,,0.127778,0.249542,2019-06-30T23:00:00.000Z|EURUSD|ny|2019-07-01|LONG|2019-07-01T15:02:00.000Z|2019-07-01T15:03:00.000Z,7D1979CB50DDC5ADE83E8EEF1778E75308B72BD6EBFFA3DF88BAF0F89B4265A5
RAW_GRID_T100_S020_GATE90_TRIANGLE_V0_NO_CANDIDATE_B,triangle_v0_no_candidate_b,baseline,RAW_GRID_T100_S020_GATE90_TRIANGLE_V0_NO_CANDIDATE_B|GBPCAD|LONG|6,GBPCAD,LONG,session_flatten,2019-07-03T14:35:00.000Z,2019-07-03T20:00:00.000Z,2019-06-30T23:00:00.000Z,1,0,0,-0.003559,-0.030611,-0.06,-0.020696,-0.111307,-0.121043,0.092563,2019-07-03T16:11:00.000Z,2019-07-03T14:42:00.000Z,,,,,2019-07-03T16:11:00.000Z,,,,2,,0.225694,0.210654,2019-06-30T23:00:00.000Z|GBPCAD|ny|2019-07-03|LONG|2019-07-03T14:34:00.000Z|2019-07-03T14:35:00.000Z,8BB0AD997F21C8EEC6A1832269069F913A1ED03CCEF36BEC1683A36FCD977FB5
RAW_GRID_T100_S020_GATE90_TRIANGLE_V0_NO_CANDIDATE_B,triangle_v0_no_candidate_b,baseline,RAW_GRID_T100_S020_GATE90_TRIANGLE_V0_NO_CANDIDATE_B|AUDUSD|SHORT|5,AUDUSD,SHORT,session_flatten,2019-07-18T01:36:00.000Z,2019-07-18T20:00:00.000Z,2019-07-14T23:00:00.000Z,6,5,0,-2.652344,-12.110008,-0.36,0.015563,-12.454445,-3.216337,0.239105,2019-07-18T19:44:00.000Z,2019-07-18T02:04:00.000Z,2019-07-18T01:39:00.000Z,2019-07-18T01:58:00.000Z,,,2019-07-18T03:11:00.000Z,2019-07-18T06:13:00.000Z,2019-07-18T12:27:00.000Z,2019-07-18T18:17:00.000Z,3,,0.766667,0.207945,2019-07-14T23:00:00.000Z|AUDUSD|asia_london|2019-07-18|SHORT|2019-07-18T01:35:00.000Z|2019-07-18T01:36:00.000Z,78A72A07A362E546F7E1FBB830D7D63BC4F6288A003C3255AD1FDB289ABAF6E3
RAW_GRID_T100_S020_GATE90_TRIANGLE_V0_NO_CANDIDATE_B,triangle_v0_no_candidate_b,baseline,RAW_GRID_T100_S020_GATE90_TRIANGLE_V0_NO_CANDIDATE_B|CHFJPY|LONG|3,CHFJPY,LONG,target,2019-07-16T12:37:00.000Z,2019-07-16T13:15:00.000Z,2019-07-14T23:00:00.000Z,1,0,0,0.180595,0.618884,-0.06,-0.00242,0.556464,-0.037736,0.180595,2019-07-16T12:43:00.000Z,2019-07-16T13:15:00.000Z,2019-07-16T13:15:00.000Z,,,,,,,,2,3,0.026389,0.296303,2019-07-14T23:00:00.000Z|CHFJPY|asia_london|2019-07-16|LONG|2019-07-16T12:36:00.000Z|2019-07-16T12:37:00.000Z,C61DB4C0B273D53E7D2BA8ADF664882AF2574DF23F1F8BDAC76F0F3466EA2EFB
RAW_GRID_T100_S020_GATE90_TRIANGLE_V0_NO_CANDIDATE_B,triangle_v0_no_candidate_b,baseline,RAW_GRID_T100_S020_GATE90_TRIANGLE_V0_NO_CANDIDATE_B|CHFJPY|LONG|4,CHFJPY,LONG,target,2019-07-18T01:47:00.000Z,2019-07-18T07:03:00.000Z,2019-07-14T23:00:00.000Z,2,1,0,0.472696,1.624664,-0.12,-0.021651,1.483013,-0.218671,0.472696,2019-07-18T06:39:00.000Z,2019-07-18T07:03:00.000Z,2019-07-18T02:50:00.000Z,2019-07-18T07:01:00.000Z,2019-07-18T07:03:00.000Z,,2019-07-18T02:06:00.000Z,2019-07-18T06:39:00.000Z,,,3,4,0.219444,0.201127,2019-07-14T23:00:00.000Z|CHFJPY|asia_london|2019-07-18|LONG|2019-07-18T01:46:00.000Z|2019-07-18T01:47:00.000Z,94B708B13851A888C7681EC40462180B06B835990AC0C0D35E4C747FFC5CAC6C
RAW_GRID_T100_S020_GATE90_TRIANGLE_V0_NO_CANDIDATE_B,triangle_v0_no_candidate_b,baseline,RAW_GRID_T100_S020_GATE90_TRIANGLE_V0_NO_CANDIDATE_B|CHFJPY|LONG|5,CHFJPY,LONG,target,2019-07-18T07:33:00.000Z,2019-07-18T07:50:00.000Z,2019-07-14T23:00:00.000Z,1,0,0,0.189043,0.64967,-0.06,-0.001083,0.588587,0,0.189043,,2019-07-18T07:50:00.000Z,2019-07-18T07:35:00.000Z,,,,,,,,4,5,0.011806,0.201127,2019-07-14T23:00:00.000Z|CHFJPY|asia_london|2019-07-18|LONG|2019-07-18T07:22:00.000Z|2019-07-18T07:23:00.000Z,5EE75139825748B751CD3284263C27279E9DF8150759B7BB97DAAF32ACD55D41
RAW_GRID_T100_S020_GATE90_TRIANGLE_V0_NO_CANDIDATE_B,triangle_v0_no_candidate_b,baseline,RAW_GRID_T100_S020_GATE90_TRIANGLE_V0_NO_CANDIDATE_B|CHFJPY|LONG|6,CHFJPY,LONG,target,2019-07-18T10:33:00.000Z,2019-07-18T11:41:00.000Z,2019-07-14T23:00:00.000Z,2,1,0,0.459561,1.576787,-0.12,-0.008278,1.448508,-0.443187,0.459561,2019-07-18T11:15:00.000Z,2019-07-18T11:41:00.000Z,2019-07-18T10:51:00.000Z,2019-07-18T11:25:00.000Z,2019-07-18T11:41:00.000Z,,2019-07-18T10:35:00.000Z,2019-07-18T10:39:00.000Z,2019-07-18T11:12:00.000Z,,5,6,0.047222,0.201127,2019-07-14T23:00:00.000Z|CHFJPY|asia_london|2019-07-18|LONG|2019-07-18T10:27:00.000Z|2019-07-18T10:29:00.000Z,A63211F68D44259CF03F8E3B386489538505F36854CD84B32AA0DD7892344AEB
RAW_GRID_T100_S020_GATE90_TRIANGLE_V0_NO_CANDIDATE_B,triangle_v0_no_candidate_b,baseline,RAW_GRID_T100_S020_GATE90_TRIANGLE_V0_NO_CANDIDATE_B|EURCAD|LONG|5,EURCAD,LONG,target,2019-07-16T14:58:00.000Z,2019-07-16T16:05:00.000Z,2019-07-14T23:00:00.000Z,1,0,0,0.243283,1.088381,-0.06,-0.004267,1.024115,0,0.243283,,2019-07-16T16:05:00.000Z,2019-07-16T15:01:00.000Z,,,,,,,,1,2,0.046528,0.3,2019-07-14T23:00:00.000Z|EURCAD|ny|2019-07-16|LONG|2019-07-16T14:57:00.000Z|2019-07-16T14:58:00.000Z,6E39F6874CE4CA70E0E353E91C3E921D552FF8756306E0C07BC8F9BCA3061C09
RAW_GRID_T100_S020_GATE90_TRIANGLE_V0_NO_CANDIDATE_B,triangle_v0_no_candidate_b,baseline,RAW_GRID_T100_S020_GATE90_TRIANGLE_V0_NO_CANDIDATE_B|EURGBP|SHORT|4,EURGBP,SHORT,target,2019-07-16T14:54:00.000Z,2019-07-16T16:00:00.000Z,2019-07-14T23:00:00.000Z,1,0,0,0.210005,0.868559,-0.06,0.000458,0.809017,0,0.210005,,2019-07-16T16:00:00.000Z,2019-07-16T14:58:00.000Z,,,,,,,,2,3,0.045833,0.3,2019-07-14T23:00:00.000Z|EURGBP|ny|2019-07-16|SHORT|2019-07-16T14:53:00.000Z|2019-07-16T14:54:00.000Z,B3DEC7944206EDD5A9ABA1F32A18AA1E58FB493B766653BE47810DFD201385B6
RAW_GRID_T100_S020_GATE90_TRIANGLE_V0_NO_CANDIDATE_B,triangle_v0_no_candidate_b,baseline,RAW_GRID_T100_S020_GATE90_TRIANGLE_V0_NO_CANDIDATE_B|EURGBP|LONG|5,EURGBP,LONG,target,2019-07-18T10:32:00.000Z,2019-07-18T12:44:00.000Z,2019-07-14T23:00:00.000Z,2,1,0,0.256818,1.060363,-0.12,-0.016621,0.923743,-0.346992,0.280971,2019-07-18T11:26:00.000Z,2019-07-18T12:27:00.000Z,2019-07-18T10:37:00.000Z,2019-07-18T12:27:00.000Z,,,2019-07-18T10:34:00.000Z,2019-07-18T10:35:00.000Z,,,1,2,0.091667,0.27029,2019-07-14T23:00:00.000Z|EURGBP|asia_london|2019-07-18|LONG|2019-07-18T07:24:00.000Z|2019-07-18T07:24:00.000Z,FB765640F3E08161EC7CE6B991207EA64DB1F2D2D7F5DB2E7A3AE6F8403E0FC6
RAW_GRID_T100_S020_GATE90_TRIANGLE_V0_NO_CANDIDATE_B,triangle_v0_no_candidate_b,baseline,RAW_GRID_T100_S020_GATE90_TRIANGLE_V0_NO_CANDIDATE_B|EURNZD|LONG|5,EURNZD,LONG,session_flatten,2019-07-18T18:33:00.000Z,2019-07-18T20:00:00.000Z,2019-07-14T23:00:00.000Z,1,0,0,0.118416,0.786313,-0.06,-0.00554,0.720773,-0.044917,0.118416,2019-07-18T19:32:00.000Z,2019-07-18T20:00:00.000Z,2019-07-18T20:00:00.000Z,,,,,,,,1,,0.060417,0.232795,2019-07-14T23:00:00.000Z|EURNZD|ny|2019-07-18|LONG|2019-07-18T18:32:00.000Z|2019-07-18T18:33:00.000Z,3F3007287BB2BA19DE52EE894CC25F3815F800584B8D14EF6754F7A6F0CDFAFC
RAW_GRID_T100_S020_GATE90_TRIANGLE_V0_NO_CANDIDATE_B,triangle_v0_no_candidate_b,baseline,RAW_GRID_T100_S020_GATE90_TRIANGLE_V0_NO_CANDIDATE_B|GBPAUD|LONG|7,GBPAUD,LONG,target,2019-07-16T14:57:00.000Z,2019-07-16T16:12:00.000Z,2019-07-14T23:00:00.000Z,1,0,0,0.278852,1.993846,-0.06,-0.004776,1.92907,0,0.278852,,2019-07-16T16:12:00.000Z,2019-07-16T15:53:00.000Z,,,,,,,,3,4,0.052083,0.3,2019-07-14T23:00:00.000Z|GBPAUD|ny|2019-07-16|LONG|2019-07-16T14:56:00.000Z|2019-07-16T14:57:00.000Z,D462B5092810A8F1918D94D90307748018C81EC769900865935879A7AFEB7216
RAW_GRID_T100_S020_GATE90_TRIANGLE_V0_NO_CANDIDATE_B,triangle_v0_no_candidate_b,baseline,RAW_GRID_T100_S020_GATE90_TRIANGLE_V0_NO_CANDIDATE_B|USDCHF|LONG|4,USDCHF,LONG,target,2019-07-18T12:27:00.000Z,2019-07-18T12:32:00.000Z,2019-07-14T23:00:00.000Z,1,0,0,0.241598,1.216003,-0.06,-0.000318,1.155684,0,0.241598,,2019-07-18T12:32:00.000Z,2019-07-18T12:32:00.000Z,2019-07-18T12:32:00.000Z,,,,,,,0,1,0.003472,0.207633,2019-07-14T23:00:00.000Z|USDCHF|asia_london|2019-07-18|LONG|2019-07-18T10:31:00.000Z|2019-07-18T10:32:00.000Z,1B498B26A7C9F01453E885202B0FEE499E29F415B7AA606780D2C4B68130557D
RAW_GRID_T100_S020_GATE90_TRIANGLE_V0_NO_CANDIDATE_B,triangle_v0_no_candidate_b,baseline,RAW_GRID_T100_S020_GATE90_TRIANGLE_V0_NO_CANDIDATE_B|CADCHF|LONG|4,CADCHF,LONG,session_flatten,2019-07-22T13:14:00.000Z,2019-07-22T20:00:00.000Z,2019-07-21T23:00:00.000Z,1,0,0,-0.026885,-0.122212,-0.06,-0.025854,-0.208066,-0.273322,0.188189,2019-07-22T15:06:00.000Z,2019-07-22T13:53:00.000Z,2019-07-22T13:33:00.000Z,,,,2019-07-22T14:54:00.000Z,,,,1,,0.281944,0.293435,2019-07-21T23:00:00.000Z|CADCHF|ny|2019-07-22|LONG|2019-07-22T13:13:00.000Z|2019-07-22T13:14:00.000Z,119314F9CF184182C09AA5781A74F9C567F7E883AB42382CDC5226878119FE2D
RAW_GRID_T100_S020_GATE90_TRIANGLE_V0_NO_CANDIDATE_B,triangle_v0_no_candidate_b,baseline,RAW_GRID_T100_S020_GATE90_TRIANGLE_V0_NO_CANDIDATE_B|EURCHF|SHORT|4,EURCHF,SHORT,session_flatten,2019-07-25T13:25:00.000Z,2019-07-25T20:00:00.000Z,2019-07-21T23:00:00.000Z,3,2,0,-0.404583,-1.765639,-0.18,0.007903,-1.937737,-0.909967,0.523104,2019-07-25T14:02:00.000Z,2019-07-25T17:17:00.000Z,2019-07-25T14:29:00.000Z,2019-07-25T16:55:00.000Z,,,2019-07-25T13:33:00.000Z,2019-07-25T13:39:00.000Z,2019-07-25T13:56:00.000Z,2019-07-25T14:02:00.000Z,0,,0.274306,0.3,2019-07-21T23:00:00.000Z|EURCHF|ny|2019-07-25|SHORT|2019-07-25T13:24:00.000Z|2019-07-25T13:25:00.000Z,160D0FC94106BE50C97956922DB35EB4CD79E343EF0EFC3F92659F937C98171A
RAW_GRID_T100_S020_GATE90_TRIANGLE_V0_NO_CANDIDATE_B,triangle_v0_no_candidate_b,baseline,RAW_GRID_T100_S020_GATE90_TRIANGLE_V0_NO_CANDIDATE_B|GBPNZD|SHORT|9,GBPNZD,SHORT,target,2019-07-24T09:08:00.000Z,2019-07-24T12:45:00.000Z,2019-07-21T23:00:00.000Z,2,1,0,0.610283,4.77123,-0.12,0.002285,4.653515,-0.382259,0.610283,2019-07-24T11:01:00.000Z,2019-07-24T12:45:00.000Z,2019-07-24T12:19:00.000Z,2019-07-24T12:21:00.000Z,2019-07-24T12:38:00.000Z,,2019-07-24T09:13:00.000Z,2019-07-24T10:53:00.000Z,,,3,4,0.150694,0.234935,2019-07-21T23:00:00.000Z|GBPNZD|asia_london|2019-07-24|SHORT|2019-07-24T07:15:00.000Z|2019-07-24T07:16:00.000Z,154BEF7757267E55F0E0084D0C8A23F5645466FFF466DBBBFAD0EF2629E38FB5
RAW_GRID_T100_S020_GATE90_TRIANGLE_V0_NO_CANDIDATE_B,triangle_v0_no_candidate_b,baseline,RAW_GRID_T100_S020_GATE90_TRIANGLE_V0_NO_CANDIDATE_B|GBPNZD|SHORT|10,GBPNZD,SHORT,session_flatten,2019-07-25T13:10:00.000Z,2019-07-25T20:00:00.000Z,2019-07-21T23:00:00.000Z,2,1,0,0.06745,0.526104,-0.12,0.005375,0.411479,-0.370742,0.420057,2019-07-25T13:58:00.000Z,2019-07-25T14:18:00.000Z,2019-07-25T13:26:00.000Z,2019-07-25T14:14:00.000Z,,,2019-07-25T13:51:00.000Z,2019-07-25T13:56:00.000Z,,,4,,0.284722,0.217927,2019-07-21T23:00:00.000Z|GBPNZD|ny|2019-07-25|SHORT|2019-07-25T13:09:00.000Z|2019-07-25T13:10:00.000Z,3E18BA59BE4AA16E169A00F049CB181715C0BF876E1169B3502F5EFF9AC0BAA2
RAW_GRID_T100_S020_GATE90_TRIANGLE_V0_NO_CANDIDATE_B,triangle_v0_no_candidate_b,baseline,RAW_GRID_T100_S020_GATE90_TRIANGLE_V0_NO_CANDIDATE_B|NZDJPY|LONG|4,NZDJPY,LONG,target,2019-07-24T07:46:00.000Z,2019-07-24T12:20:00.000Z,2019-07-21T23:00:00.000Z,1,0,0,0.297876,1.212098,-0.06,-0.017448,1.13465,-0.097776,0.297876,2019-07-24T09:13:00.000Z,2019-07-24T12:20:00.000Z,2019-07-24T10:18:00.000Z,2019-07-24T10:55:00.000Z,,,,,,,2,3,0.190278,0.225742,2019-07-21T23:00:00.000Z|NZDJPY|asia_london|2019-07-24|LONG|2019-07-24T01:00:00.000Z|2019-07-24T01:01:00.000Z,AE45FB1BD67BE7571A0CE8AACB749E7FCA909202B311A8EE6A8C48A25303F45C
RAW_GRID_T100_S020_GATE90_TRIANGLE_V0_NO_CANDIDATE_B,triangle_v0_no_candidate_b,baseline,RAW_GRID_T100_S020_GATE90_TRIANGLE_V0_NO_CANDIDATE_B|AUDCAD|LONG|5,AUDCAD,LONG,target,2019-08-02T12:38:00.000Z,2019-08-02T12:41:00.000Z,2019-07-28T23:00:00.000Z,1,0,0,0.262292,0.980437,-0.06,-0.000191,0.920246,0,0.262292,,2019-08-02T12:41:00.000Z,2019-08-02T12:39:00.000Z,,,,,,,,1,2,0.002083,0.3,2019-07-28T23:00:00.000Z|AUDCAD|asia_london|2019-08-02|LONG|2019-08-02T12:37:00.000Z|2019-08-02T12:38:00.000Z,C7F872F3A6C3DB377019A6641290F7C8AF99CCE61B633CA9E7A96BBFBD18CFAC
RAW_GRID_T100_S020_GATE90_TRIANGLE_V0_NO_CANDIDATE_B,triangle_v0_no_candidate_b,baseline,RAW_GRID_T100_S020_GATE90_TRIANGLE_V0_NO_CANDIDATE_B|AUDCAD|LONG|6,AUDCAD,LONG,target,2019-08-02T12:48:00.000Z,2019-08-02T12:58:00.000Z,2019-07-28T23:00:00.000Z,1,0,0,0.276559,1.033438,-0.06,-0.000637,0.972801,0,0.276559,,2019-08-02T12:58:00.000Z,2019-08-02T12:50:00.000Z,,,,,,,,2,3,0.006944,0.3,2019-07-28T23:00:00.000Z|AUDCAD|asia_london|2019-08-02|LONG|2019-08-02T12:37:00.000Z|2019-08-02T12:38:00.000Z,1B7863BA745667862BE4922E4085D5FFD46AC26F188F918224BD3BEAFCB9A944
RAW_GRID_T100_S020_GATE90_TRIANGLE_V0_NO_CANDIDATE_B,triangle_v0_no_candidate_b,baseline,RAW_GRID_T100_S020_GATE90_TRIANGLE_V0_NO_CANDIDATE_B|AUDCHF|LONG|4,AUDCHF,LONG,session_flatten,2019-07-31T19:03:00.000Z,2019-07-31T20:00:00.000Z,2019-07-28T23:00:00.000Z,1,0,0,0.168375,0.593352,-0.06,-0.00363,0.529723,0,0.322481,,2019-07-31T19:31:00.000Z,2019-07-31T19:05:00.000Z,2019-07-31T19:30:00.000Z,,,,,,,1,,0.039583,0.3,2019-07-28T23:00:00.000Z|AUDCHF|ny|2019-07-31|LONG|2019-07-31T19:02:00.000Z|2019-07-31T19:03:00.000Z,718CB6E32D3EF43AB7BB6F36DC2398A202858CF9CCF7DBC06333D81C133DDDDD
RAW_GRID_T100_S020_GATE90_TRIANGLE_V0_NO_CANDIDATE_B,triangle_v0_no_candidate_b,baseline,RAW_GRID_T100_S020_GATE90_TRIANGLE_V0_NO_CANDIDATE_B|AUDCHF|LONG|5,AUDCHF,LONG,target,2019-08-02T00:54:00.000Z,2019-08-02T01:48:00.000Z,2019-07-28T23:00:00.000Z,1,0,0,0.152795,0.536168,-0.06,-0.003439,0.472729,-0.224868,0.172975,2019-08-02T01:21:00.000Z,2019-08-02T00:57:00.000Z,2019-08-02T00:57:00.000Z,,,,2019-08-02T01:20:00.000Z,,,,1,2,0.0375,0.3,2019-07-28T23:00:00.000Z|AUDCHF|asia_london|2019-08-02|LONG|2019-08-02T00:53:00.000Z|2019-08-02T00:54:00.000Z,1288FF3508EAEDF526C365123D0491D0A99997D324FBCBEE4EAEE2C79B3C6EE8
RAW_GRID_T100_S020_GATE90_TRIANGLE_V0_NO_CANDIDATE_B,triangle_v0_no_candidate_b,baseline,RAW_GRID_T100_S020_GATE90_TRIANGLE_V0_NO_CANDIDATE_B|AUDCHF|LONG|6,AUDCHF,LONG,target,2019-08-02T07:26:00.000Z,2019-08-02T13:03:00.000Z,2019-07-28T23:00:00.000Z,6,5,0,1.341483,4.661522,-0.36,-0.072914,4.228608,-5.036498,1.341483,2019-08-02T12:48:00.000Z,2019-08-02T13:03:00.000Z,2019-08-02T13:03:00.000Z,2019-08-02T13:03:00.000Z,2019-08-02T13:03:00.000Z,2019-08-02T13:03:00.000Z,2019-08-02T07:33:00.000Z,2019-08-02T07:36:00.000Z,2019-08-02T07:56:00.000Z,2019-08-02T08:31:00.000Z,2,3,0.234028,0.3,2019-07-28T23:00:00.000Z|AUDCHF|asia_london|2019-08-02|LONG|2019-08-02T00:53:00.000Z|2019-08-02T00:54:00.000Z,84D7C351B5936B90BD6852D46F75F942DFD4C9D8783BAFE3289D793B7879A99C
RAW_GRID_T100_S020_GATE90_TRIANGLE_V0_NO_CANDIDATE_B,triangle_v0_no_candidate_b,baseline,RAW_GRID_T100_S020_GATE90_TRIANGLE_V0_NO_CANDIDATE_B|AUDJPY|LONG|5,AUDJPY,LONG,session_flatten,2019-08-01T15:28:00.000Z,2019-08-01T20:00:00.000Z,2019-07-28T23:00:00.000Z,11,10,0,-16.563524,-59.005555,-0.66,-0.101825,-59.76738,-17.083384,0.265503,2019-08-01T18:07:00.000Z,2019-08-01T15:44:00.000Z,2019-08-01T15:34:00.000Z,,,,2019-08-01T17:29:00.000Z,2019-08-01T17:29:00.000Z,2019-08-01T17:30:00.000Z,2019-08-01T17:31:00.000Z,4,,0.188889,0.3,2019-07-28T23:00:00.000Z|AUDJPY|ny|2019-08-01|LONG|2019-08-01T15:27:00.000Z|2019-08-01T15:28:00.000Z,4C8D22F742280395BC01A5C062A533010DF32896E2F026BB19D7949FEC816EFC
RAW_GRID_T100_S020_GATE90_TRIANGLE_V0_NO_CANDIDATE_B,triangle_v0_no_candidate_b,baseline,RAW_GRID_T100_S020_GATE90_TRIANGLE_V0_NO_CANDIDATE_B|AUDJPY|LONG|6,AUDJPY,LONG,target,2019-08-02T01:01:00.000Z,2019-08-02T01:48:00.000Z,2019-07-28T23:00:00.000Z,3,2,0,0.791901,2.783541,-0.18,-0.006877,2.596664,-1.038924,0.791901,2019-08-02T01:21:00.000Z,2019-08-02T01:48:00.000Z,2019-08-02T01:33:00.000Z,2019-08-02T01:38:00.000Z,2019-08-02T01:47:00.000Z,,2019-08-02T01:14:00.000Z,2019-08-02T01:14:00.000Z,2019-08-02T01:20:00.000Z,2019-08-02T01:21:00.000Z,4,5,0.032639,0.3,2019-07-28T23:00:00.000Z|AUDJPY|asia_london|2019-08-02|LONG|2019-08-02T01:00:00.000Z|2019-08-02T01:01:00.000Z,445B7F3F7E41D1364BBA5CBF0CFC8EB45F7EB975FA0F72D49B472A7096EFFDDC
RAW_GRID_T100_S020_GATE90_TRIANGLE_V0_NO_CANDIDATE_B,triangle_v0_no_candidate_b,baseline,RAW_GRID_T100_S020_GATE90_TRIANGLE_V0_NO_CANDIDATE_B|AUDJPY|LONG|7,AUDJPY,LONG,target,2019-08-02T07:25:00.000Z,2019-08-02T13:01:00.000Z,2019-07-28T23:00:00.000Z,5,4,0,0.548188,1.90626,-0.3,-0.057886,1.548375,-4.178338,0.548188,2019-08-02T12:48:00.000Z,2019-08-02T13:01:00.000Z,2019-08-02T08:00:00.000Z,2019-08-02T13:01:00.000Z,,,2019-08-02T07:26:00.000Z,2019-08-02T07:36:00.000Z,2019-08-02T08:51:00.000Z,2019-08-02T10:48:00.000Z,5,6,0.233333,0.3,2019-07-28T23:00:00.000Z|AUDJPY|asia_london|2019-08-02|LONG|2019-08-02T01:54:00.000Z|2019-08-02T01:55:00.000Z,ABEB3BA49CC1B5322C1B47DE9CF431FDC0CE50E3777631BFE4CBBC05692DF344
RAW_GRID_T100_S020_GATE90_TRIANGLE_V0_NO_CANDIDATE_B,triangle_v0_no_candidate_b,baseline,RAW_GRID_T100_S020_GATE90_TRIANGLE_V0_NO_CANDIDATE_B|CADCHF|LONG|5,CADCHF,LONG,session_flatten,2019-08-01T17:53:00.000Z,2019-08-01T20:00:00.000Z,2019-07-28T23:00:00.000Z,2,1,0,-0.121307,-0.515446,-0.12,-0.013309,-0.648755,-0.550138,0.207465,2019-08-01T19:17:00.000Z,2019-08-01T18:54:00.000Z,2019-08-01T18:01:00.000Z,,,,2019-08-01T18:06:00.000Z,2019-08-01T18:38:00.000Z,2019-08-01T18:41:00.000Z,,1,,0.088194,0.218363,2019-07-28T23:00:00.000Z|CADCHF|ny|2019-08-01|LONG|2019-08-01T14:32:00.000Z|2019-08-01T14:34:00.000Z,86C95D2BA92E106E71A983E7685D5099FF9B59ED508F891C6FF7ED924091E28C
RAW_GRID_T100_S020_GATE90_TRIANGLE_V0_NO_CANDIDATE_B,triangle_v0_no_candidate_b,baseline,RAW_GRID_T100_S020_GATE90_TRIANGLE_V0_NO_CANDIDATE_B|CADJPY|LONG|7,CADJPY,LONG,target,2019-08-02T14:36:00.000Z,2019-08-02T14:48:00.000Z,2019-07-28T23:00:00.000Z,1,0,0,0.374406,1.33147,-0.06,-0.000764,1.270706,0,0.374406,,2019-08-02T14:48:00.000Z,2019-08-02T14:43:00.000Z,2019-08-02T14:47:00.000Z,,,,,,,4,5,0.008333,0.3,2019-07-28T23:00:00.000Z|CADJPY|ny|2019-08-02|LONG|2019-08-02T14:35:00.000Z|2019-08-02T14:36:00.000Z,A913BD09F92EB388B39884F1D3AD27BEB9201420CB38C1AF9B0A8393872DD32C
RAW_GRID_T100_S020_GATE90_TRIANGLE_V0_NO_CANDIDATE_B,triangle_v0_no_candidate_b,baseline,RAW_GRID_T100_S020_GATE90_TRIANGLE_V0_NO_CANDIDATE_B|CHFJPY|LONG|7,CHFJPY,LONG,session_flatten,2019-07-26T14:20:00.000Z,2019-07-29T00:00:00.000Z,2019-07-21T23:00:00.000Z,1,0,0,-0.099669,-0.441827,-0.06,-0.220335,-0.722161,-0.099669,0.182322,2019-07-29T00:00:00.000Z,2019-07-26T14:34:00.000Z,2019-07-26T14:26:00.000Z,,,,,,,,6,,2.402778,0.253365,2019-07-21T23:00:00.000Z|CHFJPY|ny|2019-07-26|LONG|2019-07-26T14:19:00.000Z|2019-07-26T14:20:00.000Z,AB5B053BFB86617AA8DAB9BCB033EF1BF05D970C574DD569121ABF1C1B1CE189
RAW_GRID_T100_S020_GATE90_TRIANGLE_V0_NO_CANDIDATE_B,triangle_v0_no_candidate_b,baseline,RAW_GRID_T100_S020_GATE90_TRIANGLE_V0_NO_CANDIDATE_B|EURJPY|LONG|5,EURJPY,LONG,target,2019-08-01T13:27:00.000Z,2019-08-01T15:44:00.000Z,2019-07-28T23:00:00.000Z,2,1,0,0.694405,3.536214,-0.12,-0.01229,3.403924,-0.342354,0.694405,2019-08-01T14:55:00.000Z,2019-08-01T15:44:00.000Z,2019-08-01T13:35:00.000Z,2019-08-01T15:30:00.000Z,2019-08-01T15:44:00.000Z,,2019-08-01T14:37:00.000Z,2019-08-01T14:48:00.000Z,,,3,4,0.095139,0.3,2019-07-28T23:00:00.000Z|EURJPY|ny|2019-08-01|LONG|2019-08-01T13:26:00.000Z|2019-08-01T13:27:00.000Z,C5CFB9EFA1AE944424F8F3F0FCA135055870AC3CDE322DA1FDA8042BEE184DB1
RAW_GRID_T100_S020_GATE90_TRIANGLE_V0_NO_CANDIDATE_B,triangle_v0_no_candidate_b,baseline,RAW_GRID_T100_S020_GATE90_TRIANGLE_V0_NO_CANDIDATE_B|EURJPY|LONG|6,EURJPY,LONG,session_flatten,2019-08-01T16:30:00.000Z,2019-08-01T20:00:00.000Z,2019-07-28T23:00:00.000Z,5,4,0,-2.821283,-14.490443,-0.3,-0.047378,-14.837821,-3.502799,0.007248,2019-08-01T18:14:00.000Z,2019-08-01T17:15:00.000Z,,,,,2019-08-01T16:50:00.000Z,2019-08-01T17:30:00.000Z,2019-08-01T17:33:00.000Z,2019-08-01T17:41:00.000Z,4,,0.145833,0.3,2019-07-28T23:00:00.000Z|EURJPY|ny|2019-08-01|LONG|2019-08-01T13:26:00.000Z|2019-08-01T13:27:00.000Z,C6DF0DAFA597E5479A098DD5EF7DEA5C17F9F7234891FF75987C5A9496777ED5
RAW_GRID_T100_S020_GATE90_TRIANGLE_V0_NO_CANDIDATE_B,triangle_v0_no_candidate_b,baseline,RAW_GRID_T100_S020_GATE90_TRIANGLE_V0_NO_CANDIDATE_B|GBPJPY|LONG|2,GBPJPY,LONG,target,2019-08-01T14:48:00.000Z,2019-08-01T14:56:00.000Z,2019-07-28T23:00:00.000Z,1,0,0,0.370307,3.095283,-0.06,-0.000509,3.034774,-0.025424,0.370307,2019-08-01T14:52:00.000Z,2019-08-01T14:56:00.000Z,2019-08-01T14:56:00.000Z,2019-08-01T14:56:00.000Z,,,,,,,1,2,0.005556,0.3,2019-07-28T23:00:00.000Z|GBPJPY|ny|2019-08-01|LONG|2019-08-01T14:47:00.000Z|2019-08-01T14:48:00.000Z,40F06977584B487B7AA72E5A113781018D144745A422BB7BA464A4B305F73880
RAW_GRID_T100_S020_GATE90_TRIANGLE_V0_NO_CANDIDATE_B,triangle_v0_no_candidate_b,baseline,RAW_GRID_T100_S020_GATE90_TRIANGLE_V0_NO_CANDIDATE_B|GBPJPY|LONG|3,GBPJPY,LONG,session_flatten,2019-08-01T17:29:00.000Z,2019-08-01T20:00:00.000Z,2019-07-28T23:00:00.000Z,3,2,0,-1.450825,-12.207392,-0.18,-0.026109,-12.413501,-1.450825,0,2019-08-01T20:00:00.000Z,,,,,,2019-08-01T17:32:00.000Z,2019-08-01T17:42:00.000Z,2019-08-01T17:45:00.000Z,2019-08-01T17:59:00.000Z,2,,0.104861,0.3,2019-07-28T23:00:00.000Z|GBPJPY|ny|2019-08-01|LONG|2019-08-01T14:54:00.000Z|2019-08-01T14:55:00.000Z,2C689040EDC6AA985C3292FC18A3B86AB8C74F98F3F2C0C29EFCF23CC88D4202
RAW_GRID_T100_S020_GATE90_TRIANGLE_V0_NO_CANDIDATE_B,triangle_v0_no_candidate_b,baseline,RAW_GRID_T100_S020_GATE90_TRIANGLE_V0_NO_CANDIDATE_B|NZDCAD|LONG|5,NZDCAD,LONG,target,2019-07-31T19:00:00.000Z,2019-07-31T19:05:00.000Z,2019-07-28T23:00:00.000Z,1,0,0,0.279541,1.07713,-0.06,-0.000318,1.016811,0,0.279541,,2019-07-31T19:05:00.000Z,2019-07-31T19:01:00.000Z,,,,,,,,0,1,0.003472,0.3,2019-07-28T23:00:00.000Z|NZDCAD|ny|2019-07-31|LONG|2019-07-31T18:59:00.000Z|2019-07-31T19:00:00.000Z,20B1F3392C0718EA2CD883931015CBC69403E3A13E81BD65C45A7D935DD41E5E
RAW_GRID_T100_S020_GATE90_TRIANGLE_V0_NO_CANDIDATE_B,triangle_v0_no_candidate_b,baseline,RAW_GRID_T100_S020_GATE90_TRIANGLE_V0_NO_CANDIDATE_B|NZDCHF|LONG|4,NZDCHF,LONG,target,2019-07-31T18:02:00.000Z,2019-07-31T18:15:00.000Z,2019-07-28T23:00:00.000Z,1,0,0,0.208008,0.727257,-0.06,-0.000828,0.666429,-0.219564,0.208008,2019-07-31T18:08:00.000Z,2019-07-31T18:15:00.000Z,2019-07-31T18:15:00.000Z,,,,2019-07-31T18:05:00.000Z,,,,2,3,0.009028,0.269731,2019-07-28T23:00:00.000Z|NZDCHF|ny|2019-07-31|LONG|2019-07-31T18:01:00.000Z|2019-07-31T18:02:00.000Z,ACB3C41A5ABFD477738760BDDAB0C0C0B749349B8A5275972F9E50CBDEDBA4AF
RAW_GRID_T100_S020_GATE90_TRIANGLE_V0_NO_CANDIDATE_B,triangle_v0_no_candidate_b,baseline,RAW_GRID_T100_S020_GATE90_TRIANGLE_V0_NO_CANDIDATE_B|NZDCHF|LONG|5,NZDCHF,LONG,target,2019-07-31T18:41:00.000Z,2019-07-31T19:22:00.000Z,2019-07-28T23:00:00.000Z,2,1,0,0.541352,1.882951,-0.12,-0.004458,1.758494,-0.448317,0.541352,2019-07-31T18:55:00.000Z,2019-07-31T19:22:00.000Z,2019-07-31T19:04:00.000Z,2019-07-31T19:05:00.000Z,2019-07-31T19:22:00.000Z,,2019-07-31T18:52:00.000Z,2019-07-31T18:53:00.000Z,,,3,4,0.028472,0.269731,2019-07-28T23:00:00.000Z|NZDCHF|ny|2019-07-31|LONG|2019-07-31T18:12:00.000Z|2019-07-31T18:13:00.000Z,8A1AD9CE9F20D955D9BB3332D74CF44BB058B18020EF88F4B1E500E08CFFFAA3
RAW_GRID_T100_S020_GATE90_TRIANGLE_V0_NO_CANDIDATE_B,triangle_v0_no_candidate_b,baseline,RAW_GRID_T100_S020_GATE90_TRIANGLE_V0_NO_CANDIDATE_B|NZDUSD|LONG|8,NZDUSD,LONG,target,2019-07-31T18:02:00.000Z,2019-07-31T18:14:00.000Z,2019-07-28T23:00:00.000Z,2,1,0,0.657131,2.730001,-0.12,-0.001337,2.608664,-0.362821,0.657131,2019-07-31T18:05:00.000Z,2019-07-31T18:14:00.000Z,2019-07-31T18:09:00.000Z,2019-07-31T18:13:00.000Z,2019-07-31T18:14:00.000Z,,2019-07-31T18:04:00.000Z,2019-07-31T18:05:00.000Z,,,0,1,0.008333,0.255095,2019-07-28T23:00:00.000Z|NZDUSD|ny|2019-07-31|LONG|2019-07-31T18:01:00.000Z|2019-07-31T18:02:00.000Z,A3ABC12C0EC4DE3483CDC46E6D93D7C9BACAB5638A1F3F570910E10A9BBC6AC5
RAW_GRID_T100_S020_GATE90_TRIANGLE_V0_NO_CANDIDATE_B,triangle_v0_no_candidate_b,baseline,RAW_GRID_T100_S020_GATE90_TRIANGLE_V0_NO_CANDIDATE_B|NZDUSD|LONG|9,NZDUSD,LONG,target,2019-07-31T18:39:00.000Z,2019-07-31T19:05:00.000Z,2019-07-28T23:00:00.000Z,3,2,0,0.548483,2.270001,-0.18,-0.004076,2.085925,-1.295803,0.548483,2019-07-31T18:54:00.000Z,2019-07-31T19:05:00.000Z,2019-07-31T19:05:00.000Z,2019-07-31T19:05:00.000Z,2019-07-31T19:05:00.000Z,,2019-07-31T18:40:00.000Z,2019-07-31T18:41:00.000Z,2019-07-31T18:50:00.000Z,2019-07-31T18:51:00.000Z,1,2,0.018056,0.255095,2019-07-28T23:00:00.000Z|NZDUSD|ny|2019-07-31|LONG|2019-07-31T18:33:00.000Z|2019-07-31T18:34:00.000Z,A8EAFA2FBA5474C5877B116304F946E36FF6B247D113D0FDC4FEF34D541E6D35
RAW_GRID_T100_S020_GATE90_TRIANGLE_V0_NO_CANDIDATE_B,triangle_v0_no_candidate_b,baseline,RAW_GRID_T100_S020_GATE90_TRIANGLE_V0_NO_CANDIDATE_B|NZDUSD|LONG|10,NZDUSD,LONG,target,2019-07-31T19:18:00.000Z,2019-07-31T19:22:00.000Z,2019-07-28T23:00:00.000Z,1,0,0,0.284717,1.179997,-0.06,-0.000255,1.119742,0,0.284717,,2019-07-31T19:22:00.000Z,2019-07-31T19:20:00.000Z,2019-07-31T19:22:00.000Z,,,,,,,2,3,0.002778,0.255095,2019-07-28T23:00:00.000Z|NZDUSD|ny|2019-07-31|LONG|2019-07-31T18:33:00.000Z|2019-07-31T18:34:00.000Z,EF7338157812D581D1AD5755A0CBDC977F5561A593186578AF22C47AB18D0764
RAW_GRID_T100_S020_GATE90_TRIANGLE_V0_NO_CANDIDATE_B,triangle_v0_no_candidate_b,baseline,RAW_GRID_T100_S020_GATE90_TRIANGLE_V0_NO_CANDIDATE_B|USDCAD|SHORT|8,USDCAD,SHORT,target,2019-07-31T18:08:00.000Z,2019-07-31T18:14:00.000Z,2019-07-28T23:00:00.000Z,1,0,0,0.290754,1.132764,-0.06,0.000042,1.072805,0,0.290754,,2019-07-31T18:14:00.000Z,2019-07-31T18:09:00.000Z,2019-07-31T18:09:00.000Z,,,,,,,3,4,0.004167,0.214632,2019-07-28T23:00:00.000Z|USDCAD|ny|2019-07-31|SHORT|2019-07-31T18:07:00.000Z|2019-07-31T18:08:00.000Z,86FC5D728742116F4A04CE810F3C03C89BFD13FECDF9719EFE53609074D92FD7
RAW_GRID_T100_S020_GATE90_TRIANGLE_V0_NO_CANDIDATE_B,triangle_v0_no_candidate_b,baseline,RAW_GRID_T100_S020_GATE90_TRIANGLE_V0_NO_CANDIDATE_B|USDCAD|SHORT|9,USDCAD,SHORT,target,2019-07-31T18:28:00.000Z,2019-07-31T18:32:00.000Z,2019-07-28T23:00:00.000Z,1,0,0,0.175665,0.684076,-0.06,0.000028,0.624104,0,0.175665,,2019-07-31T18:32:00.000Z,2019-07-31T18:32:00.000Z,,,,,,,,4,5,0.002778,0.214632,2019-07-28T23:00:00.000Z|USDCAD|ny|2019-07-31|SHORT|2019-07-31T18:12:00.000Z|2019-07-31T18:13:00.000Z,C090FA89984533267260B66BC6527431EAF6D28EC3E19623DFBE312E211F07B8
RAW_GRID_T100_S020_GATE90_TRIANGLE_V0_NO_CANDIDATE_B,triangle_v0_no_candidate_b,baseline,RAW_GRID_T100_S020_GATE90_TRIANGLE_V0_NO_CANDIDATE_B|USDCAD|SHORT|10,USDCAD,SHORT,target,2019-07-31T18:34:00.000Z,2019-07-31T19:04:00.000Z,2019-07-28T23:00:00.000Z,4,3,0,0.211304,0.826792,-0.24,0.000556,0.587347,-1.940115,0.211304,2019-07-31T18:54:00.000Z,2019-07-31T19:04:00.000Z,2019-07-31T18:35:00.000Z,,,,2019-07-31T18:39:00.000Z,2019-07-31T18:39:00.000Z,2019-07-31T18:50:00.000Z,2019-07-31T18:51:00.000Z,5,6,0.020833,0.214632,2019-07-28T23:00:00.000Z|USDCAD|ny|2019-07-31|SHORT|2019-07-31T18:30:00.000Z|2019-07-31T18:31:00.000Z,7DB0B41D6355D6014A6CEAF8E2A781231BC9CC6CD8E25152AF48318BDA72AD7A
RAW_GRID_T100_S020_GATE90_TRIANGLE_V0_NO_CANDIDATE_B,triangle_v0_no_candidate_b,baseline,RAW_GRID_T100_S020_GATE90_TRIANGLE_V0_NO_CANDIDATE_B|USDCAD|SHORT|11,USDCAD,SHORT,target,2019-07-31T19:18:00.000Z,2019-07-31T19:21:00.000Z,2019-07-28T23:00:00.000Z,1,0,0,0.278325,1.084286,-0.06,0.000021,1.024307,0,0.278325,,2019-07-31T19:21:00.000Z,2019-07-31T19:19:00.000Z,2019-07-31T19:21:00.000Z,,,,,,,6,7,0.002083,0.214632,2019-07-28T23:00:00.000Z|USDCAD|ny|2019-07-31|SHORT|2019-07-31T18:30:00.000Z|2019-07-31T18:31:00.000Z,A41800B3E329B1337B0D47A8C7544184055201F140951F3976B09AE6CBBDCEC6
RAW_GRID_T100_S020_GATE90_TRIANGLE_V0_NO_CANDIDATE_B,triangle_v0_no_candidate_b,baseline,RAW_GRID_T100_S020_GATE90_TRIANGLE_V0_NO_CANDIDATE_B|USDCAD|SHORT|12,USDCAD,SHORT,session_flatten,2019-07-31T19:41:00.000Z,2019-07-31T20:00:00.000Z,2019-07-28T23:00:00.000Z,1,0,0,0.058395,0.227296,-0.06,0.000132,0.167428,-0.019465,0.101218,2019-07-31T19:53:00.000Z,2019-07-31T19:50:00.000Z,,,,,,,,,7,,0.013194,0.214632,2019-07-28T23:00:00.000Z|USDCAD|ny|2019-07-31|SHORT|2019-07-31T18:30:00.000Z|2019-07-31T18:31:00.000Z,8C476A1C04575F2F1ACD80FFC10EF81CBABDB4BD95F8C10E3D1F8C3A30945C49
RAW_GRID_T100_S020_GATE90_TRIANGLE_V0_NO_CANDIDATE_B,triangle_v0_no_candidate_b,baseline,RAW_GRID_T100_S020_GATE90_TRIANGLE_V0_NO_CANDIDATE_B|USDCAD|SHORT|13,USDCAD,SHORT,target,2019-08-01T18:41:00.000Z,2019-08-01T19:41:00.000Z,2019-07-28T23:00:00.000Z,1,0,0,0.498691,1.944449,-0.06,0.000417,1.884866,0,0.498691,,2019-08-01T19:41:00.000Z,2019-08-01T18:43:00.000Z,2019-08-01T18:49:00.000Z,,,,,,,7,8,0.041667,0.274469,2019-07-28T23:00:00.000Z|USDCAD|ny|2019-08-01|SHORT|2019-08-01T18:40:00.000Z|2019-08-01T18:41:00.000Z,F55CD85DB64F410ECE4806E830C7FC35ADF3253338DF2F6445C666980F8411C5
RAW_GRID_T100_S020_GATE90_TRIANGLE_V0_NO_CANDIDATE_B,triangle_v0_no_candidate_b,baseline,RAW_GRID_T100_S020_GATE90_TRIANGLE_V0_NO_CANDIDATE_B|AUDNZD|LONG|4,AUDNZD,LONG,target,2019-08-07T01:18:00.000Z,2019-08-07T02:01:00.000Z,2019-08-04T23:00:00.000Z,1,0,0,0.215199,0.75286,-0.06,-0.002738,0.690122,-0.155317,0.215199,2019-08-07T01:44:00.000Z,2019-08-07T02:01:00.000Z,2019-08-07T01:58:00.000Z,,,,2019-08-07T01:42:00.000Z,,,,0,1,0.029861,0.243612,2019-08-04T23:00:00.000Z|AUDNZD|asia_london|2019-08-07|LONG|2019-08-07T01:17:00.000Z|2019-08-07T01:18:00.000Z,09291981B00DE0817B66A5A1212DC1BCF4151E11A4633E88C7479C1BF4277044
RAW_GRID_T100_S020_GATE90_TRIANGLE_V0_NO_CANDIDATE_B,triangle_v0_no_candidate_b,baseline,RAW_GRID_T100_S020_GATE90_TRIANGLE_V0_NO_CANDIDATE_B|AUDUSD|SHORT|6,AUDUSD,SHORT,session_flatten,2019-08-08T15:06:00.000Z,2019-08-08T20:00:00.000Z,2019-08-04T23:00:00.000Z,2,1,0,0.166285,0.789996,-0.12,0.003437,0.673434,-0.30613,0.263298,2019-08-08T16:39:00.000Z,2019-08-08T18:57:00.000Z,2019-08-08T18:07:00.000Z,,,,2019-08-08T15:37:00.000Z,2019-08-08T16:39:00.000Z,,,3,,0.204167,0.3,2019-08-04T23:00:00.000Z|AUDUSD|ny|2019-08-08|SHORT|2019-08-08T14:58:00.000Z|2019-08-08T14:59:00.000Z,7054014EDD4DF7C51FB111622C5DEE6F1634B741A1A79303AA8816D84C89ADA6
RAW_GRID_T100_S020_GATE90_TRIANGLE_V0_NO_CANDIDATE_B,triangle_v0_no_candidate_b,baseline,RAW_GRID_T100_S020_GATE90_TRIANGLE_V0_NO_CANDIDATE_B|CADCHF|LONG|6,CADCHF,LONG,target,2019-08-07T15:33:00.000Z,2019-08-07T16:58:00.000Z,2019-08-04T23:00:00.000Z,2,1,0,0.191726,0.916072,-0.12,-0.008597,0.787475,-0.814865,0.191726,2019-08-07T16:21:00.000Z,2019-08-07T16:58:00.000Z,2019-08-07T16:58:00.000Z,,,,2019-08-07T15:43:00.000Z,2019-08-07T16:08:00.000Z,2019-08-07T16:21:00.000Z,,1,2,0.059028,0.3,2019-08-04T23:00:00.000Z|CADCHF|ny|2019-08-07|LONG|2019-08-07T14:21:00.000Z|2019-08-07T14:22:00.000Z,639D0A316A8B89B26CAFF609B456C1B751DD0BD466F7B1D9E6641ECEF1600AC7
RAW_GRID_T100_S020_GATE90_TRIANGLE_V0_NO_CANDIDATE_B,triangle_v0_no_candidate_b,baseline,RAW_GRID_T100_S020_GATE90_TRIANGLE_V0_NO_CANDIDATE_B|CADJPY|LONG|8,CADJPY,LONG,session_flatten,2019-08-02T14:58:00.000Z,2019-08-05T00:00:00.000Z,2019-07-28T23:00:00.000Z,1,0,0,0.391179,2.14882,-0.06,-0.217915,1.870905,0,0.391179,,2019-08-05T00:00:00.000Z,2019-08-05T00:00:00.000Z,2019-08-05T00:00:00.000Z,,,,,,,5,,2.376389,0.3,2019-07-28T23:00:00.000Z|CADJPY|ny|2019-08-02|LONG|2019-08-02T14:35:00.000Z|2019-08-02T14:36:00.000Z,50F9E76FF075E7CA5C445A39927693A2B495923E69E88D0F9A6B9D328805C5A3
RAW_GRID_T100_S020_GATE90_TRIANGLE_V0_NO_CANDIDATE_B,triangle_v0_no_candidate_b,baseline,RAW_GRID_T100_S020_GATE90_TRIANGLE_V0_NO_CANDIDATE_B|CADJPY|LONG|9,CADJPY,LONG,target,2019-08-07T01:26:00.000Z,2019-08-07T05:21:00.000Z,2019-08-04T23:00:00.000Z,3,2,0,0.385778,2.100186,-0.18,-0.03426,1.885926,-1.10798,0.385778,2019-08-07T03:21:00.000Z,2019-08-07T05:21:00.000Z,2019-08-07T04:49:00.000Z,2019-08-07T05:16:00.000Z,,,2019-08-07T02:20:00.000Z,2019-08-07T02:23:00.000Z,2019-08-07T03:09:00.000Z,2019-08-07T03:16:00.000Z,5,6,0.163194,0.3,2019-08-04T23:00:00.000Z|CADJPY|asia_london|2019-08-07|LONG|2019-08-07T01:17:00.000Z|2019-08-07T01:18:00.000Z,246DFF97584345E80F8A64625CA433A9375EEBC0E729E5564E069AA1A71FAD8A
RAW_GRID_T100_S020_GATE90_TRIANGLE_V0_NO_CANDIDATE_B,triangle_v0_no_candidate_b,baseline,RAW_GRID_T100_S020_GATE90_TRIANGLE_V0_NO_CANDIDATE_B|CADJPY|LONG|10,CADJPY,LONG,target,2019-08-07T11:47:00.000Z,2019-08-07T14:14:00.000Z,2019-08-04T23:00:00.000Z,3,2,0,0.017031,0.084997,-0.18,-0.022288,-0.117292,-1.699743,0.160979,2019-08-07T13:48:00.000Z,2019-08-07T12:31:00.000Z,2019-08-07T12:31:00.000Z,,,,2019-08-07T12:00:00.000Z,2019-08-07T12:04:00.000Z,2019-08-07T12:15:00.000Z,2019-08-07T13:01:00.000Z,6,7,0.102083,0.3,2019-08-04T23:00:00.000Z|CADJPY|asia_london|2019-08-07|LONG|2019-08-07T01:17:00.000Z|2019-08-07T01:18:00.000Z,DE6E8F8D8A01DD93AC9DA5349208F28DE8E4F44DA786427DB5F898514B56D142
RAW_GRID_T100_S020_GATE90_TRIANGLE_V0_NO_CANDIDATE_B,triangle_v0_no_candidate_b,baseline,RAW_GRID_T100_S020_GATE90_TRIANGLE_V0_NO_CANDIDATE_B|CADJPY|LONG|11,CADJPY,LONG,target,2019-08-07T15:42:00.000Z,2019-08-07T16:52:00.000Z,2019-08-04T23:00:00.000Z,1,0,0,0.163047,0.888503,-0.06,-0.004458,0.824046,-0.270588,0.163047,2019-08-07T16:23:00.000Z,2019-08-07T16:52:00.000Z,2019-08-07T16:52:00.000Z,,,,2019-08-07T16:20:00.000Z,,,,7,8,0.048611,0.3,2019-08-04T23:00:00.000Z|CADJPY|ny|2019-08-07|LONG|2019-08-07T14:07:00.000Z|2019-08-07T14:08:00.000Z,D03C1BF7C6353A074605B4FA5D1015EA7D866C08685DA5CCED2121EF44A3301F
RAW_GRID_T100_S020_GATE90_TRIANGLE_V0_NO_CANDIDATE_B,triangle_v0_no_candidate_b,baseline,RAW_GRID_T100_S020_GATE90_TRIANGLE_V0_NO_CANDIDATE_B|EURAUD|SHORT|2,EURAUD,SHORT,target,2019-08-06T01:16:00.000Z,2019-08-06T01:18:00.000Z,2019-08-04T23:00:00.000Z,1,0,0,0.227579,1.925971,-0.06,0.000014,1.865985,0,0.227579,,2019-08-06T01:18:00.000Z,2019-08-06T01:17:00.000Z,,,,,,,,0,1,0.001389,0.229458,2019-08-04T23:00:00.000Z|EURAUD|asia_london|2019-08-06|SHORT|2019-08-06T01:15:00.000Z|2019-08-06T01:16:00.000Z,57E2EE16FDA845932DFEFE3BED0C20BDA727E6ED75925F467D54F895A077E12F
RAW_GRID_T100_S020_GATE90_TRIANGLE_V0_NO_CANDIDATE_B,triangle_v0_no_candidate_b,baseline,RAW_GRID_T100_S020_GATE90_TRIANGLE_V0_NO_CANDIDATE_B|EURAUD|LONG|3,EURAUD,LONG,session_flatten,2019-08-08T14:59:00.000Z,2019-08-08T20:00:00.000Z,2019-08-04T23:00:00.000Z,1,0,0,-0.201921,-1.70175,-0.06,-0.019168,-1.780918,-0.255229,0.157498,2019-08-08T18:36:00.000Z,2019-08-08T15:02:00.000Z,2019-08-08T15:02:00.000Z,,,,2019-08-08T18:08:00.000Z,,,,1,,0.209028,0.3,2019-08-04T23:00:00.000Z|EURAUD|ny|2019-08-08|LONG|2019-08-08T14:58:00.000Z|2019-08-08T14:59:00.000Z,615312FC3E889C73E87E76AFCE8666749CD2BCCA98F5B6E31C31751C009D5F90
RAW_GRID_T100_S020_GATE90_TRIANGLE_V0_NO_CANDIDATE_B,triangle_v0_no_candidate_b,baseline,RAW_GRID_T100_S020_GATE90_TRIANGLE_V0_NO_CANDIDATE_B|EURCAD|SHORT|6,EURCAD,SHORT,target,2019-08-07T15:43:00.000Z,2019-08-07T17:11:00.000Z,2019-08-04T23:00:00.000Z,2,1,0,0.564967,3.472427,-0.12,0.000951,3.353379,-0.301779,0.564967,2019-08-07T16:22:00.000Z,2019-08-07T17:11:00.000Z,2019-08-07T16:30:00.000Z,2019-08-07T16:44:00.000Z,,,2019-08-07T16:06:00.000Z,2019-08-07T16:22:00.000Z,,,1,2,0.061111,0.3,2019-08-04T23:00:00.000Z|EURCAD|ny|2019-08-07|SHORT|2019-08-07T14:11:00.000Z|2019-08-07T14:12:00.000Z,B8EA368298965BED265B4099726E705B57504DE06E460F2FC4DB3CC6EDC43E0D
RAW_GRID_T100_S020_GATE90_TRIANGLE_V0_NO_CANDIDATE_B,triangle_v0_no_candidate_b,baseline,RAW_GRID_T100_S020_GATE90_TRIANGLE_V0_NO_CANDIDATE_B|EURCAD|LONG|7,EURCAD,LONG,session_flatten,2019-08-08T17:29:00.000Z,2019-08-08T20:00:00.000Z,2019-08-04T23:00:00.000Z,2,1,0,-0.556366,-3.40939,-0.12,-0.016239,-3.545629,-0.561302,0.033295,2019-08-08T18:45:00.000Z,2019-08-08T17:31:00.000Z,,,,,2019-08-08T18:03:00.000Z,2019-08-08T18:16:00.000Z,2019-08-08T18:35:00.000Z,,2,,0.104861,0.213663,2019-08-04T23:00:00.000Z|EURCAD|ny|2019-08-08|LONG|2019-08-08T14:58:00.000Z|2019-08-08T14:59:00.000Z,5AB08C1A2ABAE58CC0E46F51F4272FC6BEFABCAC94A0CE34EAC96C872B83026D
RAW_GRID_T100_S020_GATE90_TRIANGLE_V0_NO_CANDIDATE_B,triangle_v0_no_candidate_b,baseline,RAW_GRID_T100_S020_GATE90_TRIANGLE_V0_NO_CANDIDATE_B|EURCHF|LONG|5,EURCHF,LONG,target,2019-08-07T13:47:00.000Z,2019-08-07T14:20:00.000Z,2019-08-04T23:00:00.000Z,1,0,0,0.376446,1.972572,-0.06,-0.002101,1.910471,0,0.376446,,2019-08-07T14:20:00.000Z,2019-08-07T13:57:00.000Z,2019-08-07T14:17:00.000Z,,,,,,,3,4,0.022917,0.281613,2019-08-04T23:00:00.000Z|EURCHF|ny|2019-08-07|LONG|2019-08-07T13:46:00.000Z|2019-08-07T13:47:00.000Z,03CF3CCB8586DFC8350C438B724826FEB3E7251C895688BF58AC2D7BDA114413
RAW_GRID_T100_S020_GATE90_TRIANGLE_V0_NO_CANDIDATE_B,triangle_v0_no_candidate_b,baseline,RAW_GRID_T100_S020_GATE90_TRIANGLE_V0_NO_CANDIDATE_B|EURCHF|LONG|6,EURCHF,LONG,target,2019-08-07T15:00:00.000Z,2019-08-07T17:42:00.000Z,2019-08-04T23:00:00.000Z,2,1,0,0.306126,1.60245,-0.12,-0.016111,1.466339,-0.611677,0.306126,2019-08-07T16:21:00.000Z,2019-08-07T17:42:00.000Z,2019-08-07T17:11:00.000Z,2019-08-07T17:42:00.000Z,,,2019-08-07T15:34:00.000Z,2019-08-07T16:11:00.000Z,2019-08-07T16:21:00.000Z,,4,5,0.1125,0.281613,2019-08-04T23:00:00.000Z|EURCHF|ny|2019-08-07|LONG|2019-08-07T13:46:00.000Z|2019-08-07T13:47:00.000Z,50CF205342ECDA382C5820356898D06622B566958C09BAA82893792F59514645
RAW_GRID_T100_S020_GATE90_TRIANGLE_V0_NO_CANDIDATE_B,triangle_v0_no_candidate_b,baseline,RAW_GRID_T100_S020_GATE90_TRIANGLE_V0_NO_CANDIDATE_B|EURNZD|LONG|6,EURNZD,LONG,session_flatten,2019-08-08T18:41:00.000Z,2019-08-08T20:00:00.000Z,2019-08-04T23:00:00.000Z,1,0,0,0.059656,0.63,-0.06,-0.005031,0.56497,0,0.175181,,2019-08-08T19:30:00.000Z,2019-08-08T19:16:00.000Z,,,,,,,,1,,0.054861,0.3,2019-08-04T23:00:00.000Z|EURNZD|ny|2019-08-08|LONG|2019-08-08T14:58:00.000Z|2019-08-08T14:59:00.000Z,D85B0850138F57880C1556A801C9F2EC9436B4CEC7D9A5A954C8C753EBE682D2
RAW_GRID_T100_S020_GATE90_TRIANGLE_V0_NO_CANDIDATE_B,triangle_v0_no_candidate_b,baseline,RAW_GRID_T100_S020_GATE90_TRIANGLE_V0_NO_CANDIDATE_B|GBPCAD|SHORT|7,GBPCAD,SHORT,target,2019-08-07T12:51:00.000Z,2019-08-07T14:52:00.000Z,2019-08-04T23:00:00.000Z,2,1,0,0.37802,3.397015,-0.12,0.001375,3.27839,-0.370081,0.37802,2019-08-07T13:36:00.000Z,2019-08-07T14:52:00.000Z,2019-08-07T13:41:00.000Z,2019-08-07T14:09:00.000Z,,,2019-08-07T13:04:00.000Z,2019-08-07T13:35:00.000Z,,,1,2,0.084028,0.208377,2019-08-04T23:00:00.000Z|GBPCAD|asia_london|2019-08-07|SHORT|2019-08-07T12:18:00.000Z|2019-08-07T12:19:00.000Z,4CC7CB8E0D3978FFDFC33D4EE11A97514B6DD4E3C34A4AD0BD5445F0A6E29F17
RAW_GRID_T100_S020_GATE90_TRIANGLE_V0_NO_CANDIDATE_B,triangle_v0_no_candidate_b,baseline,RAW_GRID_T100_S020_GATE90_TRIANGLE_V0_NO_CANDIDATE_B|GBPCAD|LONG|8,GBPCAD,LONG,target,2019-08-09T08:32:00.000Z,2019-08-09T12:32:00.000Z,2019-08-04T23:00:00.000Z,3,2,0,0.846025,7.509492,-0.18,-0.022925,7.306567,-0.870076,0.846025,2019-08-09T12:31:00.000Z,2019-08-09T12:32:00.000Z,2019-08-09T08:34:00.000Z,2019-08-09T08:44:00.000Z,2019-08-09T12:32:00.000Z,2019-08-09T12:32:00.000Z,2019-08-09T10:23:00.000Z,2019-08-09T11:13:00.000Z,2019-08-09T11:28:00.000Z,2019-08-09T11:53:00.000Z,2,3,0.166667,0.21598,2019-08-04T23:00:00.000Z|GBPCAD|asia_london|2019-08-09|LONG|2019-08-09T07:00:00.000Z|2019-08-09T07:01:00.000Z,5B59F1A9E4DF4D1E0B1CA712967B005BCF732DCCC2BA33A0685E71DEBF155D9A
RAW_GRID_T100_S020_GATE90_TRIANGLE_V0_NO_CANDIDATE_B,triangle_v0_no_candidate_b,baseline,RAW_GRID_T100_S020_GATE90_TRIANGLE_V0_NO_CANDIDATE_B|GBPNZD|LONG|11,GBPNZD,LONG,target,2019-08-06T12:01:00.000Z,2019-08-06T12:42:00.000Z,2019-08-04T23:00:00.000Z,1,0,0,0.203515,2.08096,-0.06,-0.002611,2.018349,-0.0064,0.203515,2019-08-06T12:05:00.000Z,2019-08-06T12:42:00.000Z,2019-08-06T12:39:00.000Z,,,,,,,,2,3,0.028472,0.205962,2019-08-04T23:00:00.000Z|GBPNZD|asia_london|2019-08-06|LONG|2019-08-06T04:08:00.000Z|2019-08-06T04:09:00.000Z,EBBA328844133D38B64856A24A0F22F75F95FFFB72B9313881E62B602CDF88B5
RAW_GRID_T100_S020_GATE90_TRIANGLE_V0_NO_CANDIDATE_B,triangle_v0_no_candidate_b,baseline,RAW_GRID_T100_S020_GATE90_TRIANGLE_V0_NO_CANDIDATE_B|GBPNZD|LONG|12,GBPNZD,LONG,session_flatten,2019-08-08T14:58:00.000Z,2019-08-08T20:00:00.000Z,2019-08-04T23:00:00.000Z,1,0,0,0.043829,0.690008,-0.06,-0.019232,0.610777,-0.06479,0.224861,2019-08-08T15:41:00.000Z,2019-08-08T15:00:00.000Z,2019-08-08T15:00:00.000Z,,,,,,,,3,,0.209722,0.29724,2019-08-04T23:00:00.000Z|GBPNZD|ny|2019-08-08|LONG|2019-08-08T14:57:00.000Z|2019-08-08T14:58:00.000Z,01AA7D394ED12A6AA3EC1A16CB51C46BB49E8254E4A09DDAF92276C6CF8E91BB
RAW_GRID_T100_S020_GATE90_TRIANGLE_V0_NO_CANDIDATE_B,triangle_v0_no_candidate_b,baseline,RAW_GRID_T100_S020_GATE90_TRIANGLE_V0_NO_CANDIDATE_B|NZDUSD|SHORT|11,NZDUSD,SHORT,target,2019-08-07T01:16:00.000Z,2019-08-07T02:02:00.000Z,2019-08-04T23:00:00.000Z,1,0,0,1.451783,6.820001,-0.06,0.000319,6.760321,-0.183069,1.451783,2019-08-07T01:42:00.000Z,2019-08-07T02:02:00.000Z,2019-08-07T02:02:00.000Z,2019-08-07T02:02:00.000Z,2019-08-07T02:02:00.000Z,2019-08-07T02:02:00.000Z,2019-08-07T01:35:00.000Z,,,,3,4,0.031944,0.213031,2019-08-04T23:00:00.000Z|NZDUSD|asia_london|2019-08-07|SHORT|2019-08-07T01:16:00.000Z|2019-08-07T01:16:00.000Z,725F7EBCD548B9452A9E894C0EB0695B3E4BC8B8EC91563ED38DEE9A2F0B96F8
RAW_GRID_T100_S020_GATE90_TRIANGLE_V0_NO_CANDIDATE_B,triangle_v0_no_candidate_b,baseline,RAW_GRID_T100_S020_GATE90_TRIANGLE_V0_NO_CANDIDATE_B|USDCAD|SHORT|14,USDCAD,SHORT,session_flatten,2019-08-06T15:50:00.000Z,2019-08-06T20:00:00.000Z,2019-08-04T23:00:00.000Z,2,1,0,0.112077,0.482125,-0.12,0.002965,0.36509,-0.442715,0.253015,2019-08-06T18:02:00.000Z,2019-08-06T16:01:00.000Z,2019-08-06T15:56:00.000Z,,,,2019-08-06T16:52:00.000Z,2019-08-06T17:03:00.000Z,,,8,,0.173611,0.286604,2019-08-04T23:00:00.000Z|USDCAD|ny|2019-08-06|SHORT|2019-08-06T15:24:00.000Z|2019-08-06T15:25:00.000Z,324DAA5871BB3B3BB3D8C5BF9563FAB3AF6F0CB99DBAECFCB36AE090CA771062
RAW_GRID_T100_S020_GATE90_TRIANGLE_V0_NO_CANDIDATE_B,triangle_v0_no_candidate_b,baseline,RAW_GRID_T100_S020_GATE90_TRIANGLE_V0_NO_CANDIDATE_B|USDCAD|SHORT|15,USDCAD,SHORT,target,2019-08-07T12:04:00.000Z,2019-08-07T14:11:00.000Z,2019-08-04T23:00:00.000Z,2,1,0,0.101296,0.435519,-0.12,0.001458,0.316977,-0.749233,0.101296,2019-08-07T13:04:00.000Z,2019-08-07T14:11:00.000Z,,,,,2019-08-07T12:23:00.000Z,2019-08-07T12:48:00.000Z,2019-08-07T13:01:00.000Z,,8,9,0.088194,0.3,2019-08-04T23:00:00.000Z|USDCAD|asia_london|2019-08-07|SHORT|2019-08-07T08:33:00.000Z|2019-08-07T08:34:00.000Z,22B88FB0A6F1BBC43FB404885D4485B60C8B371C33B105CD8A903B60AE2A8131
RAW_GRID_T100_S020_GATE90_TRIANGLE_V0_NO_CANDIDATE_B,triangle_v0_no_candidate_b,baseline,RAW_GRID_T100_S020_GATE90_TRIANGLE_V0_NO_CANDIDATE_B|USDCAD|LONG|16,USDCAD,LONG,target,2019-08-09T12:31:00.000Z,2019-08-09T12:32:00.000Z,2019-08-04T23:00:00.000Z,1,0,0,0.970709,4.146813,-0.06,-0.000064,4.086749,0,0.970709,,2019-08-09T12:32:00.000Z,2019-08-09T12:32:00.000Z,2019-08-09T12:32:00.000Z,2019-08-09T12:32:00.000Z,2019-08-09T12:32:00.000Z,,,,,2,3,0.000694,0.3,2019-08-04T23:00:00.000Z|USDCAD|asia_london|2019-08-09|LONG|2019-08-09T12:30:00.000Z|2019-08-09T12:31:00.000Z,4C7988E921C6FAE42FFCC5543437FA3F96A2EA09147F58081A166461C3F31656
RAW_GRID_T100_S020_GATE90_TRIANGLE_V0_NO_CANDIDATE_B,triangle_v0_no_candidate_b,baseline,RAW_GRID_T100_S020_GATE90_TRIANGLE_V0_NO_CANDIDATE_B|USDCHF|LONG|5,USDCHF,LONG,session_flatten,2019-08-02T14:03:00.000Z,2019-08-05T00:00:00.000Z,2019-07-28T23:00:00.000Z,1,0,0,-0.139493,-0.885352,-0.06,-0.221417,-1.166769,-0.139493,0.102474,2019-08-05T00:00:00.000Z,2019-08-02T14:04:00.000Z,,,,,,,,,1,,2.414583,0.3,2019-07-28T23:00:00.000Z|USDCHF|ny|2019-08-02|LONG|2019-08-02T14:02:00.000Z|2019-08-02T14:03:00.000Z,A367B1ABD16E3F3DA66F6E6BA813BA41EFCCBFC9C408FD89F93EEB8C80DB11BF
RAW_GRID_T100_S020_GATE90_TRIANGLE_V0_NO_CANDIDATE_B,triangle_v0_no_candidate_b,baseline,RAW_GRID_T100_S020_GATE90_TRIANGLE_V0_NO_CANDIDATE_B|USDJPY|LONG|7,USDJPY,LONG,session_flatten,2019-08-02T14:36:00.000Z,2019-08-05T00:00:00.000Z,2019-07-28T23:00:00.000Z,1,0,0,0.009743,0.065665,-0.06,-0.219316,-0.213651,-0.037458,0.169547,2019-08-02T15:00:00.000Z,2019-08-02T14:48:00.000Z,2019-08-02T14:48:00.000Z,,,,,,,,5,,2.391667,0.3,2019-07-28T23:00:00.000Z|USDJPY|ny|2019-08-02|LONG|2019-08-02T14:35:00.000Z|2019-08-02T14:36:00.000Z,AE3ABDD3AA012C9A629712B4A8C06093457697C7D5BF075F106ABB8AD1477202
RAW_GRID_T100_S020_GATE90_TRIANGLE_V0_NO_CANDIDATE_B,triangle_v0_no_candidate_b,baseline,RAW_GRID_T100_S020_GATE90_TRIANGLE_V0_NO_CANDIDATE_B|CADCHF|SHORT|7,CADCHF,SHORT,target,2019-08-13T14:26:00.000Z,2019-08-13T15:04:00.000Z,2019-08-11T23:00:00.000Z,2,1,0,1.015419,6.69693,-0.12,0.000493,6.577423,-0.340074,1.015419,2019-08-13T14:32:00.000Z,2019-08-13T15:04:00.000Z,2019-08-13T14:42:00.000Z,2019-08-13T14:42:00.000Z,2019-08-13T14:54:00.000Z,2019-08-13T15:04:00.000Z,2019-08-13T14:29:00.000Z,2019-08-13T14:31:00.000Z,,,1,2,0.026389,0.3,2019-08-11T23:00:00.000Z|CADCHF|ny|2019-08-13|SHORT|2019-08-13T14:01:00.000Z|2019-08-13T14:02:00.000Z,631393130FDC187D9AAA4DEAC530CBA80B3DA3BC49450D4AB211D575B6168E0E
RAW_GRID_T100_S020_GATE90_TRIANGLE_V0_NO_CANDIDATE_B,triangle_v0_no_candidate_b,baseline,RAW_GRID_T100_S020_GATE90_TRIANGLE_V0_NO_CANDIDATE_B|CADCHF|SHORT|8,CADCHF,SHORT,target,2019-08-13T16:27:00.000Z,2019-08-13T17:19:00.000Z,2019-08-11T23:00:00.000Z,1,0,0,0.208997,1.37536,-0.06,0.000361,1.315721,-0.059268,0.208997,2019-08-13T17:15:00.000Z,2019-08-13T17:19:00.000Z,2019-08-13T17:19:00.000Z,,,,,,,,2,3,0.036111,0.3,2019-08-11T23:00:00.000Z|CADCHF|ny|2019-08-13|SHORT|2019-08-13T14:01:00.000Z|2019-08-13T14:02:00.000Z,144C9EA5379B73AD25FC4DCC505F113845247186C192936585B47E4024761FBC
RAW_GRID_T100_S020_GATE90_TRIANGLE_V0_NO_CANDIDATE_B,triangle_v0_no_candidate_b,baseline,RAW_GRID_T100_S020_GATE90_TRIANGLE_V0_NO_CANDIDATE_B|CADCHF|SHORT|9,CADCHF,SHORT,session_flatten,2019-08-13T18:31:00.000Z,2019-08-13T20:00:00.000Z,2019-08-11T23:00:00.000Z,1,0,0,0.087268,0.573673,-0.06,0.000618,0.514291,-0.001559,0.104411,2019-08-13T18:41:00.000Z,2019-08-13T19:52:00.000Z,,,,,,,,,3,,0.061806,0.3,2019-08-11T23:00:00.000Z|CADCHF|ny|2019-08-13|SHORT|2019-08-13T14:01:00.000Z|2019-08-13T14:02:00.000Z,D8E25844395C9D3BF1628DDAEF7E4BCA6405C98AFD6CDF734E236AB386F6F210
RAW_GRID_T100_S020_GATE90_TRIANGLE_V0_NO_CANDIDATE_B,triangle_v0_no_candidate_b,baseline,RAW_GRID_T100_S020_GATE90_TRIANGLE_V0_NO_CANDIDATE_B|EURCAD|LONG|8,EURCAD,LONG,target,2019-08-13T14:02:00.000Z,2019-08-13T15:04:00.000Z,2019-08-11T23:00:00.000Z,2,1,0,0.60574,4.758735,-0.12,-0.006304,4.632431,-0.658914,0.60574,2019-08-13T14:29:00.000Z,2019-08-13T15:04:00.000Z,2019-08-13T14:08:00.000Z,2019-08-13T14:49:00.000Z,2019-08-13T15:04:00.000Z,,2019-08-13T14:21:00.000Z,2019-08-13T14:27:00.000Z,2019-08-13T14:29:00.000Z,,2,3,0.043056,0.3,2019-08-11T23:00:00.000Z|EURCAD|ny|2019-08-13|LONG|2019-08-13T14:01:00.000Z|2019-08-13T14:02:00.000Z,F85CF4F5B9831352E96AF5747400AAEE8057C4FBDF9AFA91F053924AAC71E576
RAW_GRID_T100_S020_GATE90_TRIANGLE_V0_NO_CANDIDATE_B,triangle_v0_no_candidate_b,baseline,RAW_GRID_T100_S020_GATE90_TRIANGLE_V0_NO_CANDIDATE_B|EURCAD|LONG|9,EURCAD,LONG,session_flatten,2019-08-13T16:26:00.000Z,2019-08-13T20:00:00.000Z,2019-08-11T23:00:00.000Z,1,0,0,0.057689,0.453566,-0.06,-0.013628,0.379938,-0.098071,0.190373,2019-08-13T18:31:00.000Z,2019-08-13T17:19:00.000Z,2019-08-13T17:19:00.000Z,,,,,,,,3,,0.148611,0.3,2019-08-11T23:00:00.000Z|EURCAD|ny|2019-08-13|LONG|2019-08-13T15:02:00.000Z|2019-08-13T15:03:00.000Z,D9D54A97A9799DDF2CC5A93C0346E7D6BD84B00B58D3A6D5567BE430FC58D3B6
RAW_GRID_T100_S020_GATE90_TRIANGLE_V0_NO_CANDIDATE_B,triangle_v0_no_candidate_b,baseline,RAW_GRID_T100_S020_GATE90_TRIANGLE_V0_NO_CANDIDATE_B|EURCAD|LONG|10,EURCAD,LONG,target,2019-08-15T06:47:00.000Z,2019-08-15T09:00:00.000Z,2019-08-11T23:00:00.000Z,1,0,0,0.177408,1.390355,-0.06,-0.00847,1.321886,-0.029727,0.177408,2019-08-15T08:48:00.000Z,2019-08-15T09:00:00.000Z,2019-08-15T07:04:00.000Z,,,,,,,,3,4,0.092361,0.217357,2019-08-11T23:00:00.000Z|EURCAD|asia_london|2019-08-15|LONG|2019-08-15T06:46:00.000Z|2019-08-15T06:47:00.000Z,19A6BD23E85C79182C8523CC8223A9179278928393FD64A70152698FE42DDD85
RAW_GRID_T100_S020_GATE90_TRIANGLE_V0_NO_CANDIDATE_B,triangle_v0_no_candidate_b,baseline,RAW_GRID_T100_S020_GATE90_TRIANGLE_V0_NO_CANDIDATE_B|GBPNZD|LONG|13,GBPNZD,LONG,session_flatten,2019-08-13T14:21:00.000Z,2019-08-13T20:00:00.000Z,2019-08-11T23:00:00.000Z,1,0,0,0.107845,1.497091,-0.06,-0.021588,1.415503,0,0.25288,,2019-08-13T14:58:00.000Z,2019-08-13T14:32:00.000Z,2019-08-13T14:58:00.000Z,,,,,,,3,,0.235417,0.239702,2019-08-11T23:00:00.000Z|GBPNZD|ny|2019-08-13|LONG|2019-08-13T14:20:00.000Z|2019-08-13T14:21:00.000Z,836FDE224F052D3E0510D2EAC3E1839FB7BF4591C784131A1F17C3D713ECA63F
RAW_GRID_T100_S020_GATE90_TRIANGLE_V0_NO_CANDIDATE_B,triangle_v0_no_candidate_b,baseline,RAW_GRID_T100_S020_GATE90_TRIANGLE_V0_NO_CANDIDATE_B|USDCAD|LONG|17,USDCAD,LONG,target,2019-08-13T14:02:00.000Z,2019-08-13T15:01:00.000Z,2019-08-11T23:00:00.000Z,2,1,0,0.518366,2.780694,-0.12,-0.005922,2.654772,-0.667239,0.518366,2019-08-13T14:28:00.000Z,2019-08-13T15:01:00.000Z,2019-08-13T14:03:00.000Z,2019-08-13T14:49:00.000Z,2019-08-13T15:01:00.000Z,,2019-08-13T14:24:00.000Z,2019-08-13T14:27:00.000Z,2019-08-13T14:28:00.000Z,,3,4,0.040972,0.252949,2019-08-11T23:00:00.000Z|USDCAD|ny|2019-08-13|LONG|2019-08-13T14:01:00.000Z|2019-08-13T14:02:00.000Z,2E103640D7ED69C3E0B2DAFFB814E3B380FFFE85D9E77545D24852FC7E217C73
RAW_GRID_T100_S020_GATE90_TRIANGLE_V0_NO_CANDIDATE_B,triangle_v0_no_candidate_b,baseline,RAW_GRID_T100_S020_GATE90_TRIANGLE_V0_NO_CANDIDATE_B|USDCAD|SHORT|18,USDCAD,SHORT,target,2019-08-15T14:51:00.000Z,2019-08-15T19:02:00.000Z,2019-08-11T23:00:00.000Z,1,0,0,0.153536,0.825754,-0.06,0.001743,0.767497,-0.050247,0.16191,2019-08-15T17:50:00.000Z,2019-08-15T16:22:00.000Z,2019-08-15T14:54:00.000Z,,,,,,,,9,10,0.174306,0.207427,2019-08-11T23:00:00.000Z|USDCAD|ny|2019-08-15|SHORT|2019-08-15T14:50:00.000Z|2019-08-15T14:51:00.000Z,99123166A4249FECE69AC3CA75A2336AE56C1ABD5CC74DC27026B36953E423F3
RAW_GRID_T100_S020_GATE90_TRIANGLE_V0_NO_CANDIDATE_B,triangle_v0_no_candidate_b,baseline,RAW_GRID_T100_S020_GATE90_TRIANGLE_V0_NO_CANDIDATE_B|EURGBP|LONG|6,EURGBP,LONG,target,2019-08-20T14:02:00.000Z,2019-08-20T14:46:00.000Z,2019-08-18T23:00:00.000Z,1,0,0,0.148453,1.357153,-0.06,-0.002802,1.294351,-0.074226,0.148453,2019-08-20T14:30:00.000Z,2019-08-20T14:46:00.000Z,2019-08-20T14:06:00.000Z,,,,,,,,2,3,0.030556,0.216688,2019-08-18T23:00:00.000Z|EURGBP|ny|2019-08-20|LONG|2019-08-20T14:01:00.000Z|2019-08-20T14:02:00.000Z,94ABDD527A86D0F40F44A9B284F479C33687DD84BF8C3D596F86A17E7AA342E9
RAW_GRID_T100_S020_GATE90_TRIANGLE_V0_NO_CANDIDATE_B,triangle_v0_no_candidate_b,baseline,RAW_GRID_T100_S020_GATE90_TRIANGLE_V0_NO_CANDIDATE_B|EURGBP|LONG|7,EURGBP,LONG,session_flatten,2019-08-20T15:17:00.000Z,2019-08-20T20:00:00.000Z,2019-08-18T23:00:00.000Z,1,0,0,-0.039784,-0.365027,-0.06,-0.018022,-0.443049,-0.111397,0.071613,2019-08-20T17:19:00.000Z,2019-08-20T16:11:00.000Z,,,,,2019-08-20T16:54:00.000Z,,,,3,,0.196528,0.216688,2019-08-18T23:00:00.000Z|EURGBP|ny|2019-08-20|LONG|2019-08-20T15:05:00.000Z|2019-08-20T15:06:00.000Z,D7BCFB6446EE93D39DE22958C8D7BA6091528E4A88CECBFAA0594BAA6B13B097
RAW_GRID_T100_S020_GATE90_TRIANGLE_V0_NO_CANDIDATE_B,triangle_v0_no_candidate_b,baseline,RAW_GRID_T100_S020_GATE90_TRIANGLE_V0_NO_CANDIDATE_B|EURGBP|LONG|8,EURGBP,LONG,session_flatten,2019-08-22T13:08:00.000Z,2019-08-22T20:00:00.000Z,2019-08-18T23:00:00.000Z,1,0,0,-0.145706,-1.335995,-0.06,-0.026236,-1.422231,-0.295422,0.180462,2019-08-22T14:18:00.000Z,2019-08-22T13:14:00.000Z,2019-08-22T13:14:00.000Z,,,,2019-08-22T14:14:00.000Z,,,,3,,0.286111,0.3,2019-08-18T23:00:00.000Z|EURGBP|ny|2019-08-22|LONG|2019-08-22T13:07:00.000Z|2019-08-22T13:08:00.000Z,36F7D6358CBDB501591E1F01B2F7A7B3F066CEC8EA24F001B6D7E7D09B7AD5A4
RAW_GRID_T100_S020_GATE90_TRIANGLE_V0_NO_CANDIDATE_B,triangle_v0_no_candidate_b,baseline,RAW_GRID_T100_S020_GATE90_TRIANGLE_V0_NO_CANDIDATE_B|GBPCHF|SHORT|8,GBPCHF,SHORT,target,2019-08-20T14:00:00.000Z,2019-08-20T14:45:00.000Z,2019-08-18T23:00:00.000Z,1,0,0,0.339914,3.856835,-0.06,0.000313,3.797147,0,0.339914,,2019-08-20T14:45:00.000Z,2019-08-20T14:01:00.000Z,2019-08-20T14:04:00.000Z,,,,,,,3,4,0.03125,0.269268,2019-08-18T23:00:00.000Z|GBPCHF|ny|2019-08-20|SHORT|2019-08-20T13:59:00.000Z|2019-08-20T14:00:00.000Z,7ACBA222FB3FB50F2B029296F7F96AB8F57FBC2A3A186B6109C886AD04BDA67F
RAW_GRID_T100_S020_GATE90_TRIANGLE_V0_NO_CANDIDATE_B,triangle_v0_no_candidate_b,baseline,RAW_GRID_T100_S020_GATE90_TRIANGLE_V0_NO_CANDIDATE_B|GBPCHF|SHORT|9,GBPCHF,SHORT,session_flatten,2019-08-20T15:17:00.000Z,2019-08-20T20:00:00.000Z,2019-08-18T23:00:00.000Z,1,0,0,0.046797,0.531827,-0.06,0.001965,0.473792,-0.102593,0.089994,2019-08-20T16:54:00.000Z,2019-08-20T16:13:00.000Z,,,,,,,,,4,,0.196528,0.269268,2019-08-18T23:00:00.000Z|GBPCHF|ny|2019-08-20|SHORT|2019-08-20T13:59:00.000Z|2019-08-20T14:00:00.000Z,E1446067A5D4DA82D048BFA1F5877A067E201A54FDAAE2995F40FF133C8695D7
RAW_GRID_T100_S020_GATE90_TRIANGLE_V0_NO_CANDIDATE_B,triangle_v0_no_candidate_b,baseline,RAW_GRID_T100_S020_GATE90_TRIANGLE_V0_NO_CANDIDATE_B|GBPCHF|SHORT|10,GBPCHF,SHORT,session_flatten,2019-08-22T15:12:00.000Z,2019-08-22T20:00:00.000Z,2019-08-18T23:00:00.000Z,1,0,0,-0.012442,-0.142339,-0.06,0.002,-0.200339,-0.059543,0.131529,2019-08-22T16:46:00.000Z,2019-08-22T15:13:00.000Z,,,,,,,,,4,,0.2,0.3,2019-08-18T23:00:00.000Z|GBPCHF|ny|2019-08-22|SHORT|2019-08-22T15:11:00.000Z|2019-08-22T15:12:00.000Z,E167102736EFBA50593A4EAF78ED52D61E99B9ABBB70753C2B767DA67E432772
RAW_GRID_T100_S020_GATE90_TRIANGLE_V0_NO_CANDIDATE_B,triangle_v0_no_candidate_b,baseline,RAW_GRID_T100_S020_GATE90_TRIANGLE_V0_NO_CANDIDATE_B|GBPJPY|SHORT|4,GBPJPY,SHORT,target,2019-08-20T13:59:00.000Z,2019-08-20T14:04:00.000Z,2019-08-18T23:00:00.000Z,1,0,0,0.442474,6.00233,-0.06,0.000035,5.942365,0,0.442474,,2019-08-20T14:04:00.000Z,2019-08-20T14:00:00.000Z,2019-08-20T14:01:00.000Z,,,,,,,0,1,0.003472,0.257711,2019-08-18T23:00:00.000Z|GBPJPY|ny|2019-08-20|SHORT|2019-08-20T13:58:00.000Z|2019-08-20T13:59:00.000Z,8CB65D33A666FDD194F00E791E9004FBC033BD88B6BFA8C19D92905782B81BFD
RAW_GRID_T100_S020_GATE90_TRIANGLE_V0_NO_CANDIDATE_B,triangle_v0_no_candidate_b,baseline,RAW_GRID_T100_S020_GATE90_TRIANGLE_V0_NO_CANDIDATE_B|GBPJPY|SHORT|5,GBPJPY,SHORT,target,2019-08-20T14:21:00.000Z,2019-08-20T14:45:00.000Z,2019-08-18T23:00:00.000Z,1,0,0,0.216165,2.923207,-0.06,0.000167,2.863374,-0.029193,0.216165,2019-08-20T14:23:00.000Z,2019-08-20T14:45:00.000Z,2019-08-20T14:40:00.000Z,,,,,,,,1,2,0.016667,0.257711,2019-08-18T23:00:00.000Z|GBPJPY|ny|2019-08-20|SHORT|2019-08-20T13:58:00.000Z|2019-08-20T13:59:00.000Z,3A7B3004FF174CE1BA8F7C7DA93CB44873540FDF918B4FEB54077F7A31000DEF
RAW_GRID_T100_S020_GATE90_TRIANGLE_V0_NO_CANDIDATE_B,triangle_v0_no_candidate_b,baseline,RAW_GRID_T100_S020_GATE90_TRIANGLE_V0_NO_CANDIDATE_B|GBPJPY|SHORT|6,GBPJPY,SHORT,session_flatten,2019-08-20T15:16:00.000Z,2019-08-20T20:00:00.000Z,2019-08-18T23:00:00.000Z,1,0,0,0,0,-0.06,0.001972,-0.058028,-0.140388,0.029885,2019-08-20T17:43:00.000Z,2019-08-20T15:53:00.000Z,,,,,2019-08-20T16:54:00.000Z,,,,2,,0.197222,0.257711,2019-08-18T23:00:00.000Z|GBPJPY|ny|2019-08-20|SHORT|2019-08-20T13:58:00.000Z|2019-08-20T13:59:00.000Z,26ADB9AB323F692A509E45F3F7EB631F9F5D9F63AF4CE0B47887C0CFCFC1CFF3
RAW_GRID_T100_S020_GATE90_TRIANGLE_V0_NO_CANDIDATE_B,triangle_v0_no_candidate_b,baseline,RAW_GRID_T100_S020_GATE90_TRIANGLE_V0_NO_CANDIDATE_B|GBPNZD|SHORT|14,GBPNZD,SHORT,session_flatten,2019-08-22T15:12:00.000Z,2019-08-22T20:00:00.000Z,2019-08-18T23:00:00.000Z,1,0,0,-0.166245,-2.31144,-0.06,0.002,-2.36944,-0.205173,0.109456,2019-08-22T19:46:00.000Z,2019-08-22T15:37:00.000Z,,,,,2019-08-22T18:42:00.000Z,,,,4,,0.2,0.3,2019-08-18T23:00:00.000Z|GBPNZD|ny|2019-08-22|SHORT|2019-08-22T15:11:00.000Z|2019-08-22T15:12:00.000Z,3ADD25E3071A49BF90E0AC6B2C84374F7CB8C12C61A8EF0B925EE79A6F4DD383
RAW_GRID_T100_S020_GATE90_TRIANGLE_V0_NO_CANDIDATE_B,triangle_v0_no_candidate_b,baseline,RAW_GRID_T100_S020_GATE90_TRIANGLE_V0_NO_CANDIDATE_B|GBPUSD|SHORT|11,GBPUSD,SHORT,target,2019-08-22T15:12:00.000Z,2019-08-22T15:37:00.000Z,2019-08-18T23:00:00.000Z,1,0,0,0.24424,2.039998,-0.06,0.000174,1.980172,0,0.24424,,2019-08-22T15:37:00.000Z,2019-08-22T15:13:00.000Z,,,,,,,,4,5,0.017361,0.3,2019-08-18T23:00:00.000Z|GBPUSD|ny|2019-08-22|SHORT|2019-08-22T15:11:00.000Z|2019-08-22T15:12:00.000Z,46161997ADF656D922D4490197EFAB4909E2315D1112B186A23305FE399E0A97
RAW_GRID_T100_S020_GATE90_TRIANGLE_V0_NO_CANDIDATE_B,triangle_v0_no_candidate_b,baseline,RAW_GRID_T100_S020_GATE90_TRIANGLE_V0_NO_CANDIDATE_B|GBPUSD|SHORT|12,GBPUSD,SHORT,session_flatten,2019-08-22T18:19:00.000Z,2019-08-22T20:00:00.000Z,2019-08-18T23:00:00.000Z,1,0,0,0.078975,0.660001,-0.06,0.000701,0.600702,-0.016752,0.096925,2019-08-22T18:29:00.000Z,2019-08-22T19:55:00.000Z,,,,,,,,,5,,0.070139,0.3,2019-08-18T23:00:00.000Z|GBPUSD|ny|2019-08-22|SHORT|2019-08-22T15:11:00.000Z|2019-08-22T15:12:00.000Z,157A22858DA9C51BB6AE7978E49F8D860FA2409969FA349268AC1F7C814C708F
RAW_GRID_T100_S020_GATE90_TRIANGLE_V0_NO_CANDIDATE_B,triangle_v0_no_candidate_b,baseline,RAW_GRID_T100_S020_GATE90_TRIANGLE_V0_NO_CANDIDATE_B|USDCAD|SHORT|19,USDCAD,SHORT,target,2019-08-23T12:08:00.000Z,2019-08-23T12:54:00.000Z,2019-08-18T23:00:00.000Z,1,0,0,0.14238,0.698411,-0.06,0.000319,0.63873,-0.166877,0.159221,2019-08-23T12:27:00.000Z,2019-08-23T12:09:00.000Z,2019-08-23T12:09:00.000Z,,,,2019-08-23T12:27:00.000Z,,,,10,11,0.031944,0.204498,2019-08-18T23:00:00.000Z|USDCAD|asia_london|2019-08-23|SHORT|2019-08-23T12:07:00.000Z|2019-08-23T12:08:00.000Z,3DAF221C3A06EA036ED2BC3588C4B7F5CD024DDD694BC33C93A2DBB5579F6D56
RAW_GRID_T100_S020_GATE90_TRIANGLE_V0_NO_CANDIDATE_B,triangle_v0_no_candidate_b,baseline,RAW_GRID_T100_S020_GATE90_TRIANGLE_V0_NO_CANDIDATE_B|AUDNZD|SHORT|5,AUDNZD,SHORT,session_flatten,2019-08-29T19:00:00.000Z,2019-08-29T20:00:00.000Z,2019-08-25T23:00:00.000Z,1,0,0,0.100164,0.560004,-0.06,0.000417,0.50042,0,0.200328,,2019-08-29T19:25:00.000Z,2019-08-29T19:04:00.000Z,,,,,,,,0,,0.041667,0.213555,2019-08-25T23:00:00.000Z|AUDNZD|ny|2019-08-29|SHORT|2019-08-29T18:59:00.000Z|2019-08-29T19:00:00.000Z,63728B5871232A1A52D17EB92525FF29B6815D16710469D96C7038FC24F46756
RAW_GRID_T100_S020_GATE90_TRIANGLE_V0_NO_CANDIDATE_B,triangle_v0_no_candidate_b,baseline,RAW_GRID_T100_S020_GATE90_TRIANGLE_V0_NO_CANDIDATE_B|AUDNZD|SHORT|6,AUDNZD,SHORT,target,2019-08-30T01:30:00.000Z,2019-08-30T03:33:00.000Z,2019-08-25T23:00:00.000Z,1,0,0,0.268188,1.500002,-0.06,0.000854,1.440856,0,0.295007,,2019-08-30T01:54:00.000Z,2019-08-30T01:31:00.000Z,2019-08-30T01:33:00.000Z,,,,,,,0,1,0.085417,0.226828,2019-08-25T23:00:00.000Z|AUDNZD|asia_london|2019-08-30|SHORT|2019-08-30T01:29:00.000Z|2019-08-30T01:30:00.000Z,032495DB9B6A5D5698CEBEEB51E56F4F93811FD785F92943145F306F89D08519
RAW_GRID_T100_S020_GATE90_TRIANGLE_V0_NO_CANDIDATE_B,triangle_v0_no_candidate_b,baseline,RAW_GRID_T100_S020_GATE90_TRIANGLE_V0_NO_CANDIDATE_B|AUDNZD|SHORT|7,AUDNZD,SHORT,target,2019-08-30T07:43:00.000Z,2019-08-30T09:15:00.000Z,2019-08-25T23:00:00.000Z,1,0,0,0.178844,0.630539,-0.06,0.000639,0.571178,0,0.178844,,2019-08-30T09:15:00.000Z,2019-08-30T08:20:00.000Z,,,,,,,,1,2,0.063889,0.226828,2019-08-25T23:00:00.000Z|AUDNZD|asia_london|2019-08-30|SHORT|2019-08-30T01:29:00.000Z|2019-08-30T01:30:00.000Z,DF0CD8CB6E76808433907E5068F443991558E5F89CEBA1D22173895C2AD0DB25
RAW_GRID_T100_S020_GATE90_TRIANGLE_V0_NO_CANDIDATE_B,triangle_v0_no_candidate_b,baseline,RAW_GRID_T100_S020_GATE90_TRIANGLE_V0_NO_CANDIDATE_B|AUDNZD|SHORT|8,AUDNZD,SHORT,target,2019-08-30T12:45:00.000Z,2019-08-30T13:48:00.000Z,2019-08-25T23:00:00.000Z,1,0,0,0.214504,0.757032,-0.06,0.000437,0.69747,-0.017875,0.214504,2019-08-30T12:47:00.000Z,2019-08-30T13:48:00.000Z,2019-08-30T12:55:00.000Z,,,,,,,,2,3,0.04375,0.226828,2019-08-25T23:00:00.000Z|AUDNZD|asia_london|2019-08-30|SHORT|2019-08-30T01:29:00.000Z|2019-08-30T01:30:00.000Z,892C9FBFDC1BE753F04F7EF691A5BF6B6E926A6C806DFA90EB2AFEA7D3100B13
RAW_GRID_T100_S020_GATE90_TRIANGLE_V0_NO_CANDIDATE_B,triangle_v0_no_candidate_b,baseline,RAW_GRID_T100_S020_GATE90_TRIANGLE_V0_NO_CANDIDATE_B|CADJPY|LONG|12,CADJPY,LONG,target,2019-08-28T08:52:00.000Z,2019-08-28T14:54:00.000Z,2019-08-25T23:00:00.000Z,1,0,0,0.216918,2.001925,-0.06,-0.023052,1.918873,-0.115621,0.216918,2019-08-28T12:03:00.000Z,2019-08-28T14:54:00.000Z,2019-08-28T08:53:00.000Z,2019-08-28T14:54:00.000Z,,,2019-08-28T12:03:00.000Z,,,,8,9,0.251389,0.207204,2019-08-25T23:00:00.000Z|CADJPY|asia_london|2019-08-28|LONG|2019-08-28T08:51:00.000Z|2019-08-28T08:52:00.000Z,850BD778C3F327C72A3827AFA4D437022E207341BA9CE364D7F05D40B4BBCA05
RAW_GRID_T100_S020_GATE90_TRIANGLE_V0_NO_CANDIDATE_B,triangle_v0_no_candidate_b,baseline,RAW_GRID_T100_S020_GATE90_TRIANGLE_V0_NO_CANDIDATE_B|GBPCAD|SHORT|9,GBPCAD,SHORT,session_flatten,2019-08-27T14:34:00.000Z,2019-08-27T20:00:00.000Z,2019-08-25T23:00:00.000Z,3,2,0,-0.716347,-8.060107,-0.18,0.00559,-8.234517,-0.716347,0.120373,2019-08-27T20:00:00.000Z,2019-08-27T14:46:00.000Z,2019-08-27T14:46:00.000Z,,,,2019-08-27T15:11:00.000Z,2019-08-27T15:19:00.000Z,2019-08-27T15:31:00.000Z,2019-08-27T16:42:00.000Z,2,,0.226389,0.216184,2019-08-25T23:00:00.000Z|GBPCAD|ny|2019-08-27|SHORT|2019-08-27T14:17:00.000Z|2019-08-27T14:19:00.000Z,B533ECA7FCEE1856183FB9062C2AAC7469C3206253CAB27CAD2B2841CA80A400
RAW_GRID_T100_S020_GATE90_TRIANGLE_V0_NO_CANDIDATE_B,triangle_v0_no_candidate_b,baseline,RAW_GRID_T100_S020_GATE90_TRIANGLE_V0_NO_CANDIDATE_B|GBPCHF|SHORT|11,GBPCHF,SHORT,session_flatten,2019-08-27T14:36:00.000Z,2019-08-27T20:00:00.000Z,2019-08-25T23:00:00.000Z,1,0,0,-0.036984,-0.428014,-0.06,0.00225,-0.485764,-0.135607,0.120638,2019-08-27T16:23:00.000Z,2019-08-27T14:37:00.000Z,,,,,,,,,4,,0.225,0.3,2019-08-25T23:00:00.000Z|GBPCHF|ny|2019-08-27|SHORT|2019-08-27T14:35:00.000Z|2019-08-27T14:36:00.000Z,033E132E74E07B78BE15DBF380879CD9AB4DBB31BB22F508E908FA3360CFC917
RAW_GRID_T100_S020_GATE90_TRIANGLE_V0_NO_CANDIDATE_B,triangle_v0_no_candidate_b,baseline,RAW_GRID_T100_S020_GATE90_TRIANGLE_V0_NO_CANDIDATE_B|GBPNZD|SHORT|15,GBPNZD,SHORT,session_flatten,2019-08-27T14:36:00.000Z,2019-08-27T20:00:00.000Z,2019-08-25T23:00:00.000Z,2,1,0,-0.040384,-0.477201,-0.12,0.003785,-0.593416,-0.3118,0.102709,2019-08-27T16:42:00.000Z,2019-08-27T14:39:00.000Z,,,,,2019-08-27T15:25:00.000Z,2019-08-27T16:19:00.000Z,,,4,,0.225,0.2494,2019-08-25T23:00:00.000Z|GBPNZD|ny|2019-08-27|SHORT|2019-08-27T14:35:00.000Z|2019-08-27T14:36:00.000Z,84FEA65F772EE89C3B35EF62B12E702ABBC50D310D1C63382FB92BBB2F2AD3B0
RAW_GRID_T100_S020_GATE90_TRIANGLE_V0_NO_CANDIDATE_B,triangle_v0_no_candidate_b,baseline,RAW_GRID_T100_S020_GATE90_TRIANGLE_V0_NO_CANDIDATE_B|GBPUSD|SHORT|13,GBPUSD,SHORT,target,2019-08-27T13:17:00.000Z,2019-08-27T14:20:00.000Z,2019-08-25T23:00:00.000Z,1,0,0,0.342959,3.120001,-0.06,0.000437,3.060439,-0.140701,0.342959,2019-08-27T13:23:00.000Z,2019-08-27T14:20:00.000Z,2019-08-27T14:15:00.000Z,2019-08-27T14:20:00.000Z,,,,,,,5,6,0.04375,0.291736,2019-08-25T23:00:00.000Z|GBPUSD|ny|2019-08-27|SHORT|2019-08-27T13:16:00.000Z|2019-08-27T13:17:00.000Z,2F85F9CCEE90F57DD10B55C0D6169FDF906B874A10789F72D5FFD0E8E9F5CEF4
RAW_GRID_T100_S020_GATE90_TRIANGLE_V0_NO_CANDIDATE_B,triangle_v0_no_candidate_b,baseline,RAW_GRID_T100_S020_GATE90_TRIANGLE_V0_NO_CANDIDATE_B|GBPUSD|SHORT|14,GBPUSD,SHORT,session_flatten,2019-08-27T15:30:00.000Z,2019-08-27T20:00:00.000Z,2019-08-25T23:00:00.000Z,1,0,0,0.010997,0.099993,-0.06,0.001875,0.041868,-0.156161,0.081379,2019-08-27T16:42:00.000Z,2019-08-27T19:11:00.000Z,,,,,2019-08-27T16:42:00.000Z,,,,6,,0.1875,0.291736,2019-08-25T23:00:00.000Z|GBPUSD|ny|2019-08-27|SHORT|2019-08-27T13:16:00.000Z|2019-08-27T13:17:00.000Z,9F86804AFB14F686ADB2E1199C1F6128250B69D78AA1B98ED5FB630DECDF3F02
RAW_GRID_T100_S020_GATE90_TRIANGLE_V0_NO_CANDIDATE_B,triangle_v0_no_candidate_b,baseline,RAW_GRID_T100_S020_GATE90_TRIANGLE_V0_NO_CANDIDATE_B|NZDCHF|LONG|6,NZDCHF,LONG,target,2019-08-27T06:16:00.000Z,2019-08-27T08:16:00.000Z,2019-08-25T23:00:00.000Z,2,1,0,0.642823,3.224494,-0.12,-0.011845,3.09265,-0.292542,0.642823,2019-08-27T07:21:00.000Z,2019-08-27T08:16:00.000Z,2019-08-27T07:54:00.000Z,2019-08-27T07:56:00.000Z,2019-08-27T08:02:00.000Z,,2019-08-27T06:56:00.000Z,2019-08-27T07:10:00.000Z,,,4,5,0.083333,0.222355,2019-08-25T23:00:00.000Z|NZDCHF|asia_london|2019-08-27|LONG|2019-08-27T06:15:00.000Z|2019-08-27T06:16:00.000Z,FEC22A4548CDEEF9288D639542016AD6557F86282D90751E0C0A26E79601FD8E
RAW_GRID_T100_S020_GATE90_TRIANGLE_V0_NO_CANDIDATE_B,triangle_v0_no_candidate_b,baseline,RAW_GRID_T100_S020_GATE90_TRIANGLE_V0_NO_CANDIDATE_B|AUDCAD|SHORT|7,AUDCAD,SHORT,target,2019-09-04T14:00:00.000Z,2019-09-04T14:02:00.000Z,2019-09-01T23:00:00.000Z,1,0,0,0.709973,2.575126,-0.06,0.000014,2.51514,0,0.709973,,2019-09-04T14:02:00.000Z,2019-09-04T14:01:00.000Z,2019-09-04T14:02:00.000Z,2019-09-04T14:02:00.000Z,,,,,,1,2,0.001389,0.250285,2019-09-01T23:00:00.000Z|AUDCAD|ny|2019-09-04|SHORT|2019-09-04T14:00:00.000Z|2019-09-04T14:00:00.000Z,4E49F0D96A0DBC31780A9CAC291355C46F6E458821039A4E39A4C7CE1AF9A961
RAW_GRID_T100_S020_GATE90_TRIANGLE_V0_NO_CANDIDATE_B,triangle_v0_no_candidate_b,baseline,RAW_GRID_T100_S020_GATE90_TRIANGLE_V0_NO_CANDIDATE_B|AUDUSD|SHORT|7,AUDUSD,SHORT,session_flatten,2019-09-04T14:56:00.000Z,2019-09-04T20:00:00.000Z,2019-09-01T23:00:00.000Z,1,0,0,0,0,-0.06,0.002111,-0.057889,-0.128818,0.156067,2019-09-04T16:12:00.000Z,2019-09-04T15:00:00.000Z,2019-09-04T14:59:00.000Z,,,,,,,,3,,0.211111,0.275298,2019-09-01T23:00:00.000Z|AUDUSD|ny|2019-09-04|SHORT|2019-09-04T14:55:00.000Z|2019-09-04T14:56:00.000Z,13E679101D9ACFC03FBCA748F1B370922B22567EAF46ABA5952C0B5C1D257354
RAW_GRID_T100_S020_GATE90_TRIANGLE_V0_NO_CANDIDATE_B,triangle_v0_no_candidate_b,baseline,RAW_GRID_T100_S020_GATE90_TRIANGLE_V0_NO_CANDIDATE_B|AUDUSD|SHORT|8,AUDUSD,SHORT,target,2019-09-05T14:00:00.000Z,2019-09-05T14:05:00.000Z,2019-09-01T23:00:00.000Z,1,0,0,0.283454,1.150003,-0.06,0.000035,1.090038,0,0.283454,,2019-09-05T14:05:00.000Z,2019-09-05T14:02:00.000Z,2019-09-05T14:05:00.000Z,,,,,,,3,4,0.003472,0.245265,2019-09-01T23:00:00.000Z|AUDUSD|ny|2019-09-05|SHORT|2019-09-05T13:59:00.000Z|2019-09-05T14:00:00.000Z,E09A43C730E0D5AC8A1C0A92569F87D670C7AC911B1B5C705D9AB3431306690C
RAW_GRID_T100_S020_GATE90_TRIANGLE_V0_NO_CANDIDATE_B,triangle_v0_no_candidate_b,baseline,RAW_GRID_T100_S020_GATE90_TRIANGLE_V0_NO_CANDIDATE_B|NZDCAD|SHORT|6,NZDCAD,SHORT,target,2019-09-05T15:13:00.000Z,2019-09-05T19:35:00.000Z,2019-09-01T23:00:00.000Z,1,0,0,0.181029,0.740752,-0.06,0.001819,0.682572,-0.048028,0.181029,2019-09-05T17:42:00.000Z,2019-09-05T19:35:00.000Z,2019-09-05T15:24:00.000Z,,,,,,,,2,3,0.181944,0.225541,2019-09-01T23:00:00.000Z|NZDCAD|ny|2019-09-05|SHORT|2019-09-05T15:12:00.000Z|2019-09-05T15:13:00.000Z,6F926842A72EF033F1FEAAED92134DBAACA36A2C4F06D6A5BFAA1FC41053AD50
RAW_GRID_T100_S020_GATE90_TRIANGLE_V0_NO_CANDIDATE_B,triangle_v0_no_candidate_b,baseline,RAW_GRID_T100_S020_GATE90_TRIANGLE_V0_NO_CANDIDATE_B|NZDJPY|SHORT|5,NZDJPY,SHORT,target,2019-09-05T14:04:00.000Z,2019-09-05T16:06:00.000Z,2019-09-01T23:00:00.000Z,1,0,0,0.263306,1.514503,-0.06,0.000847,1.45535,-0.087768,0.263306,2019-09-05T14:19:00.000Z,2019-09-05T16:06:00.000Z,2019-09-05T14:29:00.000Z,,,,,,,,0,1,0.084722,0.3,2019-09-01T23:00:00.000Z|NZDJPY|ny|2019-09-05|SHORT|2019-09-05T14:03:00.000Z|2019-09-05T14:04:00.000Z,32F7222B7ED1032CD056DA0F3E5761A5400FDFDC59CBBE4FF9FCA950F4BE7DA1
RAW_GRID_T100_S020_GATE90_TRIANGLE_V0_NO_CANDIDATE_B,triangle_v0_no_candidate_b,baseline,RAW_GRID_T100_S020_GATE90_TRIANGLE_V0_NO_CANDIDATE_B|AUDJPY|SHORT|8,AUDJPY,SHORT,target,2019-09-11T00:31:00.000Z,2019-09-11T09:12:00.000Z,2019-09-08T23:00:00.000Z,3,2,0,0.276813,1.550147,-0.18,0.007875,1.378022,-0.94022,0.293168,2019-09-11T05:31:00.000Z,2019-09-11T01:26:00.000Z,2019-09-11T00:32:00.000Z,2019-09-11T01:03:00.000Z,,,2019-09-11T03:47:00.000Z,2019-09-11T04:05:00.000Z,2019-09-11T04:06:00.000Z,2019-09-11T04:06:00.000Z,0,1,0.361806,0.223466,2019-09-08T23:00:00.000Z|AUDJPY|asia_london|2019-09-11|SHORT|2019-09-11T00:30:00.000Z|2019-09-11T00:31:00.000Z,5585225D917F989F5AC28B0757B0E3A60A995496D6C7DCC75A862D413514CDBC
RAW_GRID_T100_S020_GATE90_TRIANGLE_V0_NO_CANDIDATE_B,triangle_v0_no_candidate_b,baseline,RAW_GRID_T100_S020_GATE90_TRIANGLE_V0_NO_CANDIDATE_B|CHFJPY|SHORT|8,CHFJPY,SHORT,target,2019-09-12T14:29:00.000Z,2019-09-12T14:54:00.000Z,2019-09-08T23:00:00.000Z,1,0,0,0.325742,1.949064,-0.06,0.000174,1.889238,-0.018615,0.325742,2019-09-12T14:41:00.000Z,2019-09-12T14:54:00.000Z,2019-09-12T14:52:00.000Z,2019-09-12T14:54:00.000Z,,,,,,,0,1,0.017361,0.3,2019-09-08T23:00:00.000Z|CHFJPY|ny|2019-09-12|SHORT|2019-09-12T14:28:00.000Z|2019-09-12T14:29:00.000Z,7130F0B73FBAC203D6A1F5D7AC6A656C3516ED59C386835B9B72A3D7A1CF3443
RAW_GRID_T100_S020_GATE90_TRIANGLE_V0_NO_CANDIDATE_B,triangle_v0_no_candidate_b,baseline,RAW_GRID_T100_S020_GATE90_TRIANGLE_V0_NO_CANDIDATE_B|CHFJPY|SHORT|9,CHFJPY,SHORT,session_flatten,2019-09-12T15:41:00.000Z,2019-09-12T20:00:00.000Z,2019-09-08T23:00:00.000Z,2,1,0,-0.054529,-0.323691,-0.12,0.003319,-0.440372,-0.761204,0.024818,2019-09-12T17:13:00.000Z,2019-09-12T15:43:00.000Z,,,,,2019-09-12T15:52:00.000Z,2019-09-12T16:21:00.000Z,2019-09-12T17:06:00.000Z,,1,,0.179861,0.3,2019-09-08T23:00:00.000Z|CHFJPY|ny|2019-09-12|SHORT|2019-09-12T14:28:00.000Z|2019-09-12T14:29:00.000Z,5F95F5477F174EC66CA8EA3346959976E6A43EB73FB273AC6309CF156355F73D
RAW_GRID_T100_S020_GATE90_TRIANGLE_V0_NO_CANDIDATE_B,triangle_v0_no_candidate_b,baseline,RAW_GRID_T100_S020_GATE90_TRIANGLE_V0_NO_CANDIDATE_B|EURJPY|SHORT|7,EURJPY,SHORT,target,2019-09-12T14:12:00.000Z,2019-09-12T14:53:00.000Z,2019-09-08T23:00:00.000Z,1,0,0,0.507512,3.898421,-0.06,0.000285,3.838705,0,0.507512,,2019-09-12T14:53:00.000Z,2019-09-12T14:13:00.000Z,2019-09-12T14:15:00.000Z,,,,,,,1,2,0.028472,0.3,2019-09-08T23:00:00.000Z|EURJPY|ny|2019-09-12|SHORT|2019-09-12T14:11:00.000Z|2019-09-12T14:12:00.000Z,61FFA7EFFC684D7EEA61AA3EDEF7806424E4D618135DB3A5CBD79D4DDFF51BB9
RAW_GRID_T100_S020_GATE90_TRIANGLE_V0_NO_CANDIDATE_B,triangle_v0_no_candidate_b,baseline,RAW_GRID_T100_S020_GATE90_TRIANGLE_V0_NO_CANDIDATE_B|EURJPY|SHORT|8,EURJPY,SHORT,session_flatten,2019-09-12T15:44:00.000Z,2019-09-12T20:00:00.000Z,2019-09-08T23:00:00.000Z,2,1,0,-0.256541,-1.960573,-0.12,0.003479,-2.077094,-0.609284,0.274986,2019-09-12T17:16:00.000Z,2019-09-12T16:10:00.000Z,2019-09-12T16:03:00.000Z,,,,2019-09-12T15:50:00.000Z,2019-09-12T15:55:00.000Z,2019-09-12T17:16:00.000Z,,2,,0.177778,0.3,2019-09-08T23:00:00.000Z|EURJPY|ny|2019-09-12|SHORT|2019-09-12T14:11:00.000Z|2019-09-12T14:12:00.000Z,72067489D6AAA34265A8AD55B5911AA271DB8DE1463CE1ED770459B0CE952A8D
RAW_GRID_T100_S020_GATE90_TRIANGLE_V0_NO_CANDIDATE_B,triangle_v0_no_candidate_b,baseline,RAW_GRID_T100_S020_GATE90_TRIANGLE_V0_NO_CANDIDATE_B|EURUSD|SHORT|10,EURUSD,SHORT,target,2019-09-12T15:58:00.000Z,2019-09-12T18:39:00.000Z,2019-09-08T23:00:00.000Z,1,0,0,0.2688,1.410001,-0.06,0.001118,1.351119,-0.120103,0.303114,2019-09-12T17:15:00.000Z,2019-09-12T16:48:00.000Z,2019-09-12T15:59:00.000Z,2019-09-12T16:48:00.000Z,,,,,,,3,4,0.111806,0.3,2019-09-08T23:00:00.000Z|EURUSD|ny|2019-09-12|SHORT|2019-09-12T15:57:00.000Z|2019-09-12T15:58:00.000Z,C8135BCAF3FCABC87FF1220D30DA90D0E85ABEBBEA5524CB1FE9C4211B53B3BB
RAW_GRID_T100_S020_GATE90_TRIANGLE_V0_NO_CANDIDATE_B,triangle_v0_no_candidate_b,baseline,RAW_GRID_T100_S020_GATE90_TRIANGLE_V0_NO_CANDIDATE_B|GBPJPY|SHORT|7,GBPJPY,SHORT,target,2019-09-12T14:12:00.000Z,2019-09-12T14:54:00.000Z,2019-09-08T23:00:00.000Z,1,0,0,0.46162,6.079215,-0.06,0.000292,6.019506,0,0.46162,,2019-09-12T14:54:00.000Z,2019-09-12T14:15:00.000Z,2019-09-12T14:38:00.000Z,,,,,,,2,3,0.029167,0.288025,2019-09-08T23:00:00.000Z|GBPJPY|ny|2019-09-12|SHORT|2019-09-12T14:11:00.000Z|2019-09-12T14:12:00.000Z,3DD798B14EDF900F2EB59E3C84B0DE10E73EEDD1ECB7267C63752EA49718C886
RAW_GRID_T100_S020_GATE90_TRIANGLE_V0_NO_CANDIDATE_B,triangle_v0_no_candidate_b,baseline,RAW_GRID_T100_S020_GATE90_TRIANGLE_V0_NO_CANDIDATE_B|GBPJPY|SHORT|8,GBPJPY,SHORT,session_flatten,2019-09-12T15:42:00.000Z,2019-09-12T20:00:00.000Z,2019-09-08T23:00:00.000Z,1,0,0,-0.085447,-1.119011,-0.06,0.001792,-1.177219,-0.2401,0.004943,2019-09-12T17:20:00.000Z,2019-09-12T15:43:00.000Z,,,,,2019-09-12T15:55:00.000Z,,,,3,,0.179167,0.288025,2019-09-08T23:00:00.000Z|GBPJPY|ny|2019-09-12|SHORT|2019-09-12T14:11:00.000Z|2019-09-12T14:12:00.000Z,29FB7C05D9A1996E13C93444312B7A22624F9FDA1DB053BF53D7F0E8FE3FA779
RAW_GRID_T100_S020_GATE90_TRIANGLE_V0_NO_CANDIDATE_B,triangle_v0_no_candidate_b,baseline,RAW_GRID_T100_S020_GATE90_TRIANGLE_V0_NO_CANDIDATE_B|USDJPY|SHORT|8,USDJPY,SHORT,target,2019-09-10T10:25:00.000Z,2019-09-10T12:42:00.000Z,2019-09-08T23:00:00.000Z,1,0,0,0.122641,0.568395,-0.06,0.000951,0.509346,-0.207081,0.122641,2019-09-10T11:11:00.000Z,2019-09-10T12:42:00.000Z,2019-09-10T12:42:00.000Z,,,,2019-09-10T11:10:00.000Z,,,,0,1,0.095139,0.236865,2019-09-08T23:00:00.000Z|USDJPY|asia_london|2019-09-10|SHORT|2019-09-10T07:37:00.000Z|2019-09-10T07:38:00.000Z,C61FD729AC6A300E55B89F111A8289894041301DED0D411777749AE3F45CCA71
RAW_GRID_T100_S020_GATE90_TRIANGLE_V0_NO_CANDIDATE_B,triangle_v0_no_candidate_b,baseline,RAW_GRID_T100_S020_GATE90_TRIANGLE_V0_NO_CANDIDATE_B|USDJPY|SHORT|9,USDJPY,SHORT,target,2019-09-11T01:02:00.000Z,2019-09-11T14:27:00.000Z,2019-09-08T23:00:00.000Z,2,1,0,0.250371,1.161275,-0.12,0.009896,1.051171,-0.535393,0.250371,2019-09-11T05:33:00.000Z,2019-09-11T14:27:00.000Z,2019-09-11T11:00:00.000Z,,,,2019-09-11T03:05:00.000Z,2019-09-11T04:07:00.000Z,,,1,2,0.559028,0.267819,2019-09-08T23:00:00.000Z|USDJPY|asia_london|2019-09-11|SHORT|2019-09-11T01:01:00.000Z|2019-09-11T01:02:00.000Z,730BA9CC08652AA0DC2318177670C010F9D9E3F769D733CAC2DFE8C56C75DC15
RAW_GRID_T100_S020_GATE90_TRIANGLE_V0_NO_CANDIDATE_B,triangle_v0_no_candidate_b,baseline,RAW_GRID_T100_S020_GATE90_TRIANGLE_V0_NO_CANDIDATE_B|CADCHF|LONG|10,CADCHF,LONG,target,2019-09-20T12:32:00.000Z,2019-09-20T14:21:00.000Z,2019-09-15T23:00:00.000Z,1,0,0,0.125037,0.644309,-0.06,-0.006941,0.577368,-0.062519,0.125037,2019-09-20T12:41:00.000Z,2019-09-20T14:21:00.000Z,2019-09-20T14:20:00.000Z,,,,,,,,2,3,0.075694,0.206392,2019-09-15T23:00:00.000Z|CADCHF|asia_london|2019-09-20|LONG|2019-09-20T12:31:00.000Z|2019-09-20T12:32:00.000Z,16D1B16F96DF092DCBEF003878FEBFFEDBF3129B0E2B1212A9EF465D8B1B850E
RAW_GRID_T100_S020_GATE90_TRIANGLE_V0_NO_CANDIDATE_B,triangle_v0_no_candidate_b,baseline,RAW_GRID_T100_S020_GATE90_TRIANGLE_V0_NO_CANDIDATE_B|NZDCAD|LONG|7,NZDCAD,LONG,session_flatten,2019-09-18T18:54:00.000Z,2019-09-18T20:00:00.000Z,2019-09-15T23:00:00.000Z,1,0,0,0.108252,0.391401,-0.06,-0.004203,0.327198,-0.049961,0.193604,2019-09-18T19:25:00.000Z,2019-09-18T19:58:00.000Z,2019-09-18T19:01:00.000Z,,,,,,,,1,,0.045833,0.208392,2019-09-15T23:00:00.000Z|NZDCAD|ny|2019-09-18|LONG|2019-09-18T18:53:00.000Z|2019-09-18T18:54:00.000Z,BE2F3DD3BA87A95C97D16844805F3D23A5AAD74766B5F4007C528519D3228E37
RAW_GRID_T100_S020_GATE90_TRIANGLE_V0_NO_CANDIDATE_B,triangle_v0_no_candidate_b,baseline,RAW_GRID_T100_S020_GATE90_TRIANGLE_V0_NO_CANDIDATE_B|NZDUSD|LONG|12,NZDUSD,LONG,target,2019-09-18T18:05:00.000Z,2019-09-18T18:09:00.000Z,2019-09-15T23:00:00.000Z,1,0,0,0.310501,1.209997,-0.06,-0.000255,1.149743,0,0.310501,,2019-09-18T18:09:00.000Z,2019-09-18T18:09:00.000Z,2019-09-18T18:09:00.000Z,,,,,,,3,4,0.002778,0.271169,2019-09-15T23:00:00.000Z|NZDUSD|ny|2019-09-18|LONG|2019-09-18T18:04:00.000Z|2019-09-18T18:05:00.000Z,9C739CC5985F8957CF0F9E470A92F78B5D7E74350556E03E0C6BA8C21BAE2EB1
RAW_GRID_T100_S020_GATE90_TRIANGLE_V0_NO_CANDIDATE_B,triangle_v0_no_candidate_b,baseline,RAW_GRID_T100_S020_GATE90_TRIANGLE_V0_NO_CANDIDATE_B|NZDUSD|LONG|13,NZDUSD,LONG,target,2019-09-18T18:12:00.000Z,2019-09-18T19:42:00.000Z,2019-09-15T23:00:00.000Z,3,2,0,0.504758,1.960002,-0.18,-0.013246,1.766756,-0.983535,0.504758,2019-09-18T18:48:00.000Z,2019-09-18T19:42:00.000Z,2019-09-18T18:55:00.000Z,2019-09-18T19:40:00.000Z,,,2019-09-18T18:15:00.000Z,2019-09-18T18:40:00.000Z,2019-09-18T18:45:00.000Z,2019-09-18T18:48:00.000Z,4,5,0.0625,0.271169,2019-09-15T23:00:00.000Z|NZDUSD|ny|2019-09-18|LONG|2019-09-18T18:04:00.000Z|2019-09-18T18:05:00.000Z,00C99851B62BA8E19275074887FF1CC45F64352CE813BF65927620ED38E4B20E
RAW_GRID_T100_S020_GATE90_TRIANGLE_V0_NO_CANDIDATE_B,triangle_v0_no_candidate_b,baseline,RAW_GRID_T100_S020_GATE90_TRIANGLE_V0_NO_CANDIDATE_B|USDCAD|SHORT|20,USDCAD,SHORT,target,2019-09-16T14:56:00.000Z,2019-09-16T15:01:00.000Z,2019-09-15T23:00:00.000Z,1,0,0,0.320826,1.222292,-0.06,0.000035,1.162327,0,0.320826,,2019-09-16T15:01:00.000Z,2019-09-16T14:59:00.000Z,2019-09-16T15:00:00.000Z,,,,,,,11,12,0.003472,0.3,2019-09-15T23:00:00.000Z|USDCAD|ny|2019-09-16|SHORT|2019-09-16T14:55:00.000Z|2019-09-16T14:56:00.000Z,7429C75921E9F2C7E6FC80AE654CA35666976C9AD1D0ABF2A21F9CE450ED5654
RAW_GRID_T100_S020_GATE90_TRIANGLE_V0_NO_CANDIDATE_B,triangle_v0_no_candidate_b,baseline,RAW_GRID_T100_S020_GATE90_TRIANGLE_V0_NO_CANDIDATE_B|USDCAD|SHORT|21,USDCAD,SHORT,target,2019-09-18T18:01:00.000Z,2019-09-18T18:56:00.000Z,2019-09-15T23:00:00.000Z,4,3,0,0.41632,1.5879,-0.24,0.001076,1.348976,-1.212676,0.41632,2019-09-18T18:49:00.000Z,2019-09-18T18:56:00.000Z,2019-09-18T18:09:00.000Z,2019-09-18T18:09:00.000Z,,,2019-09-18T18:03:00.000Z,2019-09-18T18:04:00.000Z,2019-09-18T18:15:00.000Z,2019-09-18T18:22:00.000Z,12,13,0.038194,0.208811,2019-09-15T23:00:00.000Z|USDCAD|ny|2019-09-18|SHORT|2019-09-18T18:00:00.000Z|2019-09-18T18:01:00.000Z,D9B5B53A9A539AB11DBAA43010D6FB1F22442E6E7502B20A1CD8FCE8A15F1914
RAW_GRID_T100_S020_GATE90_TRIANGLE_V0_NO_CANDIDATE_B,triangle_v0_no_candidate_b,baseline,RAW_GRID_T100_S020_GATE90_TRIANGLE_V0_NO_CANDIDATE_B|USDCAD|SHORT|22,USDCAD,SHORT,target,2019-09-18T19:04:00.000Z,2019-09-18T19:36:00.000Z,2019-09-15T23:00:00.000Z,1,0,0,0.193656,0.73744,-0.06,0.000222,0.677662,-0.029641,0.193656,2019-09-18T19:24:00.000Z,2019-09-18T19:36:00.000Z,2019-09-18T19:15:00.000Z,,,,,,,,13,14,0.022222,0.208811,2019-09-15T23:00:00.000Z|USDCAD|ny|2019-09-18|SHORT|2019-09-18T18:00:00.000Z|2019-09-18T18:01:00.000Z,4AB8AAC42B12FD34554BAC0DB13303AA7141013BB49626876D94F3F463DCA25A
RAW_GRID_T100_S020_GATE90_TRIANGLE_V0_NO_CANDIDATE_B,triangle_v0_no_candidate_b,baseline,RAW_GRID_T100_S020_GATE90_TRIANGLE_V0_NO_CANDIDATE_B|AUDCHF|LONG|7,AUDCHF,LONG,session_flatten,2019-09-24T18:13:00.000Z,2019-09-24T20:00:00.000Z,2019-09-22T23:00:00.000Z,1,0,0,0.013022,0.060896,-0.06,-0.006814,-0.005918,-0.06077,0.253933,2019-09-24T19:28:00.000Z,2019-09-24T18:14:00.000Z,2019-09-24T18:14:00.000Z,2019-09-24T18:14:00.000Z,,,,,,,3,,0.074306,0.246966,2019-09-22T23:00:00.000Z|AUDCHF|ny|2019-09-24|LONG|2019-09-24T18:12:00.000Z|2019-09-24T18:13:00.000Z,AF9E5A57F9C4B10E821564128973AB624A2AD568637E925A04171586013EE866
RAW_GRID_T100_S020_GATE90_TRIANGLE_V0_NO_CANDIDATE_B,triangle_v0_no_candidate_b,baseline,RAW_GRID_T100_S020_GATE90_TRIANGLE_V0_NO_CANDIDATE_B|AUDCHF|LONG|8,AUDCHF,LONG,target,2019-09-25T14:54:00.000Z,2019-09-25T14:58:00.000Z,2019-09-22T23:00:00.000Z,1,0,0,0.246235,1.141879,-0.06,-0.000255,1.081624,0,0.246235,,2019-09-25T14:58:00.000Z,2019-09-25T14:56:00.000Z,,,,,,,,3,4,0.002778,0.3,2019-09-22T23:00:00.000Z|AUDCHF|ny|2019-09-25|LONG|2019-09-25T14:53:00.000Z|2019-09-25T14:54:00.000Z,758DB6FEFAC7910C8BDBCA9ED471468C859E8C3F82FAABACA5FF539005700202
RAW_GRID_T100_S020_GATE90_TRIANGLE_V0_NO_CANDIDATE_B,triangle_v0_no_candidate_b,baseline,RAW_GRID_T100_S020_GATE90_TRIANGLE_V0_NO_CANDIDATE_B|CHFJPY|SHORT|10,CHFJPY,SHORT,target,2019-09-25T14:01:00.000Z,2019-09-25T15:28:00.000Z,2019-09-22T23:00:00.000Z,1,0,0,0.288183,1.597059,-0.06,0.000604,1.537664,0,0.288183,,2019-09-25T15:28:00.000Z,2019-09-25T14:04:00.000Z,2019-09-25T15:20:00.000Z,,,,,,,1,2,0.060417,0.216898,2019-09-22T23:00:00.000Z|CHFJPY|ny|2019-09-25|SHORT|2019-09-25T14:00:00.000Z|2019-09-25T14:01:00.000Z,E3E9B586B6FEF285C74348CBC278C9AA8C872F3EBB58C7AEAE4B386618B9410A
RAW_GRID_T100_S020_GATE90_TRIANGLE_V0_NO_CANDIDATE_B,triangle_v0_no_candidate_b,baseline,RAW_GRID_T100_S020_GATE90_TRIANGLE_V0_NO_CANDIDATE_B|EURAUD|SHORT|4,EURAUD,SHORT,target,2019-09-25T14:53:00.000Z,2019-09-25T14:57:00.000Z,2019-09-22T23:00:00.000Z,1,0,0,0.187237,1.397415,-0.06,0.000028,1.337443,0,0.187237,,2019-09-25T14:57:00.000Z,2019-09-25T14:56:00.000Z,,,,,,,,1,2,0.002778,0.230532,2019-09-22T23:00:00.000Z|EURAUD|ny|2019-09-25|SHORT|2019-09-25T14:52:00.000Z|2019-09-25T14:53:00.000Z,3AA4BCE1A9A8133816F1C17131E83495540DDF34B4820C2EE23E60787A3C7605
RAW_GRID_T100_S020_GATE90_TRIANGLE_V0_NO_CANDIDATE_B,triangle_v0_no_candidate_b,baseline,RAW_GRID_T100_S020_GATE90_TRIANGLE_V0_NO_CANDIDATE_B|NZDCAD|LONG|8,NZDCAD,LONG,target,2019-09-27T03:46:00.000Z,2019-09-27T04:09:00.000Z,2019-09-22T23:00:00.000Z,1,0,0,0.205294,0.738597,-0.06,-0.001465,0.677133,0,0.205294,,2019-09-27T04:09:00.000Z,2019-09-27T03:53:00.000Z,,,,,,,,1,2,0.015972,0.235496,2019-09-22T23:00:00.000Z|NZDCAD|asia_london|2019-09-27|LONG|2019-09-27T03:45:00.000Z|2019-09-27T03:46:00.000Z,D1194D001E30733896D7C471BC200CFED797989600681A3FE38197CE4492A0CF
RAW_GRID_T100_S020_GATE90_TRIANGLE_V0_NO_CANDIDATE_B,triangle_v0_no_candidate_b,baseline,RAW_GRID_T100_S020_GATE90_TRIANGLE_V0_NO_CANDIDATE_B|NZDCAD|LONG|9,NZDCAD,LONG,target,2019-09-27T04:58:00.000Z,2019-09-27T05:47:00.000Z,2019-09-22T23:00:00.000Z,1,0,0,0.201113,0.723538,-0.06,-0.00312,0.660417,0,0.201113,,2019-09-27T05:47:00.000Z,2019-09-27T05:10:00.000Z,,,,,,,,2,3,0.034028,0.235496,2019-09-22T23:00:00.000Z|NZDCAD|asia_london|2019-09-27|LONG|2019-09-27T03:45:00.000Z|2019-09-27T03:46:00.000Z,D426238325A7EB4B8DB0BB32EE87C244D5FFEDC350B75EAB83016BB3E2A73254
RAW_GRID_T100_S020_GATE90_TRIANGLE_V0_NO_CANDIDATE_B,triangle_v0_no_candidate_b,baseline,RAW_GRID_T100_S020_GATE90_TRIANGLE_V0_NO_CANDIDATE_B|NZDCAD|LONG|10,NZDCAD,LONG,target,2019-09-27T07:41:00.000Z,2019-09-27T12:28:00.000Z,2019-09-22T23:00:00.000Z,2,1,0,0.327276,1.176222,-0.12,-0.027128,1.029094,-0.53243,0.327276,2019-09-27T10:31:00.000Z,2019-09-27T11:45:00.000Z,2019-09-27T07:51:00.000Z,2019-09-27T11:31:00.000Z,,,2019-09-27T09:50:00.000Z,2019-09-27T10:09:00.000Z,2019-09-27T10:29:00.000Z,,3,4,0.199306,0.235496,2019-09-22T23:00:00.000Z|NZDCAD|asia_london|2019-09-27|LONG|2019-09-27T03:45:00.000Z|2019-09-27T03:46:00.000Z,3B98FF31EF1D5C020B98F65A362F8956DA1A4BBB6FE4AF057D2F47C5FDC76AC8
RAW_GRID_T100_S020_GATE90_TRIANGLE_V0_NO_CANDIDATE_B,triangle_v0_no_candidate_b,baseline,RAW_GRID_T100_S020_GATE90_TRIANGLE_V0_NO_CANDIDATE_B|NZDCHF|LONG|7,NZDCHF,LONG,target,2019-09-25T05:09:00.000Z,2019-09-25T16:57:00.000Z,2019-09-22T23:00:00.000Z,5,4,0,0.222641,0.938029,-0.3,-0.124559,0.51347,-2.412037,0.222641,2019-09-25T14:03:00.000Z,2019-09-25T16:57:00.000Z,2019-09-25T16:57:00.000Z,,,,2019-09-25T07:20:00.000Z,2019-09-25T08:51:00.000Z,2019-09-25T09:07:00.000Z,2019-09-25T11:09:00.000Z,5,6,0.491667,0.224604,2019-09-22T23:00:00.000Z|NZDCHF|asia_london|2019-09-25|LONG|2019-09-25T02:00:00.000Z|2019-09-25T02:02:00.000Z,4455F8E23356326DE0478A39DD706E3B7FEB47A1D0A88566C91FA3AED52322E2
RAW_GRID_T100_S020_GATE90_TRIANGLE_V0_NO_CANDIDATE_B,triangle_v0_no_candidate_b,baseline,RAW_GRID_T100_S020_GATE90_TRIANGLE_V0_NO_CANDIDATE_B|NZDJPY|LONG|6,NZDJPY,LONG,target,2019-09-25T07:18:00.000Z,2019-09-25T08:23:00.000Z,2019-09-22T23:00:00.000Z,1,0,0,0.224271,0.996831,-0.06,-0.004139,0.932692,-0.100607,0.224271,2019-09-25T07:43:00.000Z,2019-09-25T08:23:00.000Z,2019-09-25T08:20:00.000Z,,,,,,,,3,4,0.045139,0.292316,2019-09-22T23:00:00.000Z|NZDJPY|asia_london|2019-09-25|LONG|2019-09-25T02:00:00.000Z|2019-09-25T02:02:00.000Z,FD6C004A038CFFD990F7A40F1569709F5F4594BFE157FDE2D2F83BB117440FB9
RAW_GRID_T100_S020_GATE90_TRIANGLE_V0_NO_CANDIDATE_B,triangle_v0_no_candidate_b,baseline,RAW_GRID_T100_S020_GATE90_TRIANGLE_V0_NO_CANDIDATE_B|NZDJPY|LONG|7,NZDJPY,LONG,session_flatten,2019-09-25T09:00:00.000Z,2019-09-25T20:00:00.000Z,2019-09-22T23:00:00.000Z,3,2,0,-0.475519,-2.106038,-0.18,-0.097813,-2.383851,-1.055361,0.029347,2019-09-25T14:20:00.000Z,2019-09-25T09:24:00.000Z,,,,,2019-09-25T11:02:00.000Z,2019-09-25T11:22:00.000Z,2019-09-25T13:05:00.000Z,2019-09-25T14:02:00.000Z,4,,0.458333,0.292316,2019-09-22T23:00:00.000Z|NZDJPY|asia_london|2019-09-25|LONG|2019-09-25T02:00:00.000Z|2019-09-25T02:02:00.000Z,3F354AB8D2286E3888B99D3F7A4C1595AEF0819EBAE87339D005CC0E27095C17
RAW_GRID_T100_S020_GATE90_TRIANGLE_V0_NO_CANDIDATE_B,triangle_v0_no_candidate_b,baseline,RAW_GRID_T100_S020_GATE90_TRIANGLE_V0_NO_CANDIDATE_B|USDJPY|SHORT|10,USDJPY,SHORT,session_flatten,2019-09-25T14:55:00.000Z,2019-09-25T20:00:00.000Z,2019-09-22T23:00:00.000Z,2,1,0,0.076894,0.296889,-0.12,0.003708,0.180597,-0.308488,0.25995,2019-09-25T16:11:00.000Z,2019-09-25T17:36:00.000Z,2019-09-25T16:49:00.000Z,,,,2019-09-25T16:07:00.000Z,2019-09-25T16:11:00.000Z,,,2,,0.211806,0.3,2019-09-22T23:00:00.000Z|USDJPY|ny|2019-09-25|SHORT|2019-09-25T14:18:00.000Z|2019-09-25T14:19:00.000Z,71FA8306DCAADF7AB566BC50C0CDB61D7845AFE077354DEFA9336F25D7C37B7F
RAW_GRID_T100_S020_GATE90_TRIANGLE_V0_NO_CANDIDATE_B,triangle_v0_no_candidate_b,baseline,RAW_GRID_T100_S020_GATE90_TRIANGLE_V0_NO_CANDIDATE_B|AUDNZD|SHORT|9,AUDNZD,SHORT,target,2019-10-01T12:36:00.000Z,2019-10-01T13:06:00.000Z,2019-09-29T23:00:00.000Z,1,0,0,0.172372,0.58992,-0.06,0.000208,0.530129,-0.001814,0.172372,2019-10-01T12:39:00.000Z,2019-10-01T13:06:00.000Z,2019-10-01T12:57:00.000Z,,,,,,,,3,4,0.020833,0.202401,2019-09-29T23:00:00.000Z|AUDNZD|asia_london|2019-10-01|SHORT|2019-10-01T04:42:00.000Z|2019-10-01T04:43:00.000Z,6EEA404E093DFAAD0B59B45A878CAE6F2CB75FFF63DED9AD87E65EF51A04E59F
RAW_GRID_T100_S020_GATE90_TRIANGLE_V0_NO_CANDIDATE_B,triangle_v0_no_candidate_b,baseline,RAW_GRID_T100_S020_GATE90_TRIANGLE_V0_NO_CANDIDATE_B|AUDUSD|LONG|9,AUDUSD,LONG,target,2019-10-01T14:09:00.000Z,2019-10-01T14:41:00.000Z,2019-09-29T23:00:00.000Z,1,0,0,0.151467,0.62,-0.06,-0.002038,0.557962,-0.16124,0.151467,2019-10-01T14:22:00.000Z,2019-10-01T14:41:00.000Z,2019-10-01T14:41:00.000Z,,,,2019-10-01T14:22:00.000Z,,,,1,2,0.022222,0.3,2019-09-29T23:00:00.000Z|AUDUSD|ny|2019-10-01|LONG|2019-10-01T14:03:00.000Z|2019-10-01T14:04:00.000Z,BC3264B99B2CFB5CB37144E916B6714E409A4D5A6BFF1D0415FB0F1F295BE22E
RAW_GRID_T100_S020_GATE90_TRIANGLE_V0_NO_CANDIDATE_B,triangle_v0_no_candidate_b,baseline,RAW_GRID_T100_S020_GATE90_TRIANGLE_V0_NO_CANDIDATE_B|CADCHF|LONG|11,CADCHF,LONG,target,2019-10-03T14:37:00.000Z,2019-10-03T15:04:00.000Z,2019-09-29T23:00:00.000Z,1,0,0,0.250636,1.11288,-0.06,-0.001719,1.051161,-0.176123,0.250636,2019-10-03T14:55:00.000Z,2019-10-03T15:04:00.000Z,2019-10-03T14:41:00.000Z,,,,2019-10-03T14:55:00.000Z,,,,3,4,0.01875,0.3,2019-09-29T23:00:00.000Z|CADCHF|ny|2019-10-03|LONG|2019-10-03T14:35:00.000Z|2019-10-03T14:37:00.000Z,DBDC8BB52169CFBBCF5083BE8840909D49D56FF56E5B07F04A9F72C8156B2617
RAW_GRID_T100_S020_GATE90_TRIANGLE_V0_NO_CANDIDATE_B,triangle_v0_no_candidate_b,baseline,RAW_GRID_T100_S020_GATE90_TRIANGLE_V0_NO_CANDIDATE_B|CHFJPY|LONG|11,CHFJPY,LONG,target,2019-10-03T14:19:00.000Z,2019-10-03T14:27:00.000Z,2019-09-29T23:00:00.000Z,1,0,0,0.230862,1.256399,-0.06,-0.000509,1.19589,0,0.230862,,2019-10-03T14:27:00.000Z,2019-10-03T14:23:00.000Z,,,,,,,,6,7,0.005556,0.3,2019-09-29T23:00:00.000Z|CHFJPY|ny|2019-10-03|LONG|2019-10-03T14:18:00.000Z|2019-10-03T14:19:00.000Z,4BA9A7DB49101A1EFE6C9448935D2257ACAB183003E818644D4F8644D90C9913
RAW_GRID_T100_S020_GATE90_TRIANGLE_V0_NO_CANDIDATE_B,triangle_v0_no_candidate_b,baseline,RAW_GRID_T100_S020_GATE90_TRIANGLE_V0_NO_CANDIDATE_B|EURAUD|SHORT|5,EURAUD,SHORT,target,2019-10-02T13:48:00.000Z,2019-10-02T18:52:00.000Z,2019-09-29T23:00:00.000Z,1,0,0,0.262173,1.730303,-0.06,0.002111,1.672414,0,0.306885,,2019-10-02T14:13:00.000Z,2019-10-02T14:05:00.000Z,2019-10-02T14:09:00.000Z,,,,,,,2,3,0.211111,0.282595,2019-09-29T23:00:00.000Z|EURAUD|ny|2019-10-02|SHORT|2019-10-02T13:47:00.000Z|2019-10-02T13:48:00.000Z,3F19612AD256A5874700452F1020B73B385FE102DCC9F7958D7DB9BD7300870D
RAW_GRID_T100_S020_GATE90_TRIANGLE_V0_NO_CANDIDATE_B,triangle_v0_no_candidate_b,baseline,RAW_GRID_T100_S020_GATE90_TRIANGLE_V0_NO_CANDIDATE_B|EURGBP|SHORT|9,EURGBP,SHORT,target,2019-10-01T16:19:00.000Z,2019-10-01T16:20:00.000Z,2019-09-29T23:00:00.000Z,1,0,0,1.04517,7.673866,-0.06,0.000007,7.613872,0,1.04517,,2019-10-01T16:20:00.000Z,2019-10-01T16:20:00.000Z,2019-10-01T16:20:00.000Z,2019-10-01T16:20:00.000Z,2019-10-01T16:20:00.000Z,,,,,3,4,0.000694,0.3,2019-09-29T23:00:00.000Z|EURGBP|ny|2019-10-01|SHORT|2019-10-01T16:18:00.000Z|2019-10-01T16:19:00.000Z,B5DF1C4C4B33663E54E4E5E1CA5A71DC3C9A5248CDE12F222216F0C955DD336D
RAW_GRID_T100_S020_GATE90_TRIANGLE_V0_NO_CANDIDATE_B,triangle_v0_no_candidate_b,baseline,RAW_GRID_T100_S020_GATE90_TRIANGLE_V0_NO_CANDIDATE_B|EURGBP|SHORT|10,EURGBP,SHORT,target,2019-10-01T17:35:00.000Z,2019-10-01T18:48:00.000Z,2019-09-29T23:00:00.000Z,1,0,0,0.261075,1.906036,-0.06,0.000507,1.846543,-0.001685,0.261075,2019-10-01T17:36:00.000Z,2019-10-01T18:48:00.000Z,2019-10-01T17:52:00.000Z,,,,,,,,4,5,0.050694,0.3,2019-09-29T23:00:00.000Z|EURGBP|ny|2019-10-01|SHORT|2019-10-01T16:18:00.000Z|2019-10-01T16:19:00.000Z,483FA6E8431D2A82AE692B2FECECC6506604A37923065DAED1D1B401B72194C9
RAW_GRID_T100_S020_GATE90_TRIANGLE_V0_NO_CANDIDATE_B,triangle_v0_no_candidate_b,baseline,RAW_GRID_T100_S020_GATE90_TRIANGLE_V0_NO_CANDIDATE_B|EURGBP|LONG|11,EURGBP,LONG,target,2019-10-03T13:09:00.000Z,2019-10-03T16:42:00.000Z,2019-09-29T23:00:00.000Z,1,0,0,0.388119,2.833993,-0.06,-0.013564,2.760429,0,0.388119,,2019-10-03T16:42:00.000Z,2019-10-03T13:11:00.000Z,2019-10-03T15:58:00.000Z,,,,,,,3,4,0.147917,0.3,2019-09-29T23:00:00.000Z|EURGBP|ny|2019-10-03|LONG|2019-10-03T13:08:00.000Z|2019-10-03T13:09:00.000Z,3DDCDB0AF8E59D55B4C0237A950596834DBC577AB38DC5394DB14E54B6725402
RAW_GRID_T100_S020_GATE90_TRIANGLE_V0_NO_CANDIDATE_B,triangle_v0_no_candidate_b,baseline,RAW_GRID_T100_S020_GATE90_TRIANGLE_V0_NO_CANDIDATE_B|GBPAUD|SHORT|8,GBPAUD,SHORT,target,2019-10-01T16:20:00.000Z,2019-10-01T17:18:00.000Z,2019-09-29T23:00:00.000Z,1,0,0,0.593535,5.481094,-0.06,0.000403,5.421497,0,0.593535,,2019-10-01T17:18:00.000Z,2019-10-01T16:21:00.000Z,2019-10-01T16:25:00.000Z,,,,,,,3,4,0.040278,0.3,2019-09-29T23:00:00.000Z|GBPAUD|ny|2019-10-01|SHORT|2019-10-01T16:19:00.000Z|2019-10-01T16:20:00.000Z,0FCA808DBE6DC13A653FB8C3262C2B735E037F4A441CB8E02E2D33071571B1D0
RAW_GRID_T100_S020_GATE90_TRIANGLE_V0_NO_CANDIDATE_B,triangle_v0_no_candidate_b,baseline,RAW_GRID_T100_S020_GATE90_TRIANGLE_V0_NO_CANDIDATE_B|GBPCAD|LONG|10,GBPCAD,LONG,target,2019-10-01T16:19:00.000Z,2019-10-01T16:20:00.000Z,2019-09-29T23:00:00.000Z,1,0,0,0.89588,8.527625,-0.06,-0.000064,8.467562,0,0.89588,,2019-10-01T16:20:00.000Z,2019-10-01T16:20:00.000Z,2019-10-01T16:20:00.000Z,2019-10-01T16:20:00.000Z,2019-10-01T16:20:00.000Z,,,,,3,4,0.000694,0.264994,2019-09-29T23:00:00.000Z|GBPCAD|ny|2019-10-01|LONG|2019-10-01T16:18:00.000Z|2019-10-01T16:19:00.000Z,265070FEE59C71881AB2BEF0F959BEBB6D6458F801DDE4578CCB242ED5ACAC21
RAW_GRID_T100_S020_GATE90_TRIANGLE_V0_NO_CANDIDATE_B,triangle_v0_no_candidate_b,baseline,RAW_GRID_T100_S020_GATE90_TRIANGLE_V0_NO_CANDIDATE_B|GBPCAD|LONG|11,GBPCAD,LONG,target,2019-10-01T17:18:00.000Z,2019-10-01T19:16:00.000Z,2019-09-29T23:00:00.000Z,1,0,0,0.210097,2.005264,-0.06,-0.007514,1.93775,-0.050741,0.210097,2019-10-01T17:35:00.000Z,2019-10-01T19:16:00.000Z,2019-10-01T19:00:00.000Z,,,,,,,,4,5,0.081944,0.264994,2019-09-29T23:00:00.000Z|GBPCAD|ny|2019-10-01|LONG|2019-10-01T16:18:00.000Z|2019-10-01T16:19:00.000Z,8DA59C0E871F084E13C297703116C7C6D50D7BF4B0AC307B19EC857C9110C364
RAW_GRID_T100_S020_GATE90_TRIANGLE_V0_NO_CANDIDATE_B,triangle_v0_no_candidate_b,baseline,RAW_GRID_T100_S020_GATE90_TRIANGLE_V0_NO_CANDIDATE_B|GBPCHF|LONG|12,GBPCHF,LONG,target,2019-10-01T16:19:00.000Z,2019-10-01T16:20:00.000Z,2019-09-29T23:00:00.000Z,1,0,0,0.868815,9.043483,-0.06,-0.000064,8.98342,0,0.868815,,2019-10-01T16:20:00.000Z,2019-10-01T16:20:00.000Z,2019-10-01T16:20:00.000Z,2019-10-01T16:20:00.000Z,,,,,,2,3,0.000694,0.289704,2019-09-29T23:00:00.000Z|GBPCHF|ny|2019-10-01|LONG|2019-10-01T16:18:00.000Z|2019-10-01T16:19:00.000Z,1F9D491B3654E2C484046B6ECB1D71E8C958EEF7A98DD520F0030F26980DFEA4
RAW_GRID_T100_S020_GATE90_TRIANGLE_V0_NO_CANDIDATE_B,triangle_v0_no_candidate_b,baseline,RAW_GRID_T100_S020_GATE90_TRIANGLE_V0_NO_CANDIDATE_B|GBPCHF|SHORT|13,GBPCHF,SHORT,target,2019-10-03T13:09:00.000Z,2019-10-03T14:55:00.000Z,2019-09-29T23:00:00.000Z,1,0,0,0.350438,3.706499,-0.06,0.000736,3.647235,-0.12441,0.350438,2019-10-03T13:48:00.000Z,2019-10-03T14:55:00.000Z,2019-10-03T13:11:00.000Z,2019-10-03T14:09:00.000Z,,,,,,,4,5,0.073611,0.3,2019-09-29T23:00:00.000Z|GBPCHF|ny|2019-10-03|SHORT|2019-10-03T13:08:00.000Z|2019-10-03T13:09:00.000Z,A5D8962CE9BCA7F622A8748C18FEC8E4CCAE7B40CEEC83B588964E2AA4162342
RAW_GRID_T100_S020_GATE90_TRIANGLE_V0_NO_CANDIDATE_B,triangle_v0_no_candidate_b,baseline,RAW_GRID_T100_S020_GATE90_TRIANGLE_V0_NO_CANDIDATE_B|GBPJPY|LONG|9,GBPJPY,LONG,target,2019-10-01T16:19:00.000Z,2019-10-01T16:20:00.000Z,2019-09-29T23:00:00.000Z,1,0,0,0.932205,9.851174,-0.06,-0.000064,9.79111,0,0.932205,,2019-10-01T16:20:00.000Z,2019-10-01T16:20:00.000Z,2019-10-01T16:20:00.000Z,2019-10-01T16:20:00.000Z,2019-10-01T16:20:00.000Z,,,,,2,3,0.000694,0.249034,2019-09-29T23:00:00.000Z|GBPJPY|ny|2019-10-01|LONG|2019-10-01T16:18:00.000Z|2019-10-01T16:19:00.000Z,918850C31AD1D3B873106DE346A0DF778B4C4A7393A8EBAE75094301DECC5652
RAW_GRID_T100_S020_GATE90_TRIANGLE_V0_NO_CANDIDATE_B,triangle_v0_no_candidate_b,baseline,RAW_GRID_T100_S020_GATE90_TRIANGLE_V0_NO_CANDIDATE_B|GBPJPY|LONG|10,GBPJPY,LONG,target,2019-10-01T17:35:00.000Z,2019-10-01T18:29:00.000Z,2019-09-29T23:00:00.000Z,1,0,0,0.213852,2.265112,-0.06,-0.003439,2.201673,0,0.213852,,2019-10-01T18:29:00.000Z,2019-10-01T17:48:00.000Z,,,,,,,,3,4,0.0375,0.249034,2019-09-29T23:00:00.000Z|GBPJPY|ny|2019-10-01|LONG|2019-10-01T16:18:00.000Z|2019-10-01T16:19:00.000Z,216DE8589A93CF2F8EF8AD6690A0AD4F09175E11F126A4C0A68954F1B1B81034
RAW_GRID_T100_S020_GATE90_TRIANGLE_V0_NO_CANDIDATE_B,triangle_v0_no_candidate_b,baseline,RAW_GRID_T100_S020_GATE90_TRIANGLE_V0_NO_CANDIDATE_B|GBPUSD|LONG|15,GBPUSD,LONG,target,2019-10-01T14:01:00.000Z,2019-10-01T15:35:00.000Z,2019-09-29T23:00:00.000Z,1,0,0,0.484909,4.679997,-0.06,-0.005986,4.614011,0,0.484909,,2019-10-01T15:35:00.000Z,2019-10-01T14:02:00.000Z,2019-10-01T14:38:00.000Z,,,,,,,1,2,0.065278,0.3,2019-09-29T23:00:00.000Z|GBPUSD|ny|2019-10-01|LONG|2019-10-01T14:00:00.000Z|2019-10-01T14:01:00.000Z,CB382C7EDCFF8DCD66AF7EC1C0CA912D8465224281F2DE03BEFF2A709123D270
RAW_GRID_T100_S020_GATE90_TRIANGLE_V0_NO_CANDIDATE_B,triangle_v0_no_candidate_b,baseline,RAW_GRID_T100_S020_GATE90_TRIANGLE_V0_NO_CANDIDATE_B|GBPUSD|LONG|16,GBPUSD,LONG,target,2019-10-01T17:35:00.000Z,2019-10-01T18:47:00.000Z,2019-09-29T23:00:00.000Z,1,0,0,0.250541,2.430002,-0.06,-0.004585,2.365417,-0.001031,0.250541,2019-10-01T17:36:00.000Z,2019-10-01T18:47:00.000Z,2019-10-01T17:52:00.000Z,,,,,,,,2,3,0.05,0.3,2019-09-29T23:00:00.000Z|GBPUSD|ny|2019-10-01|LONG|2019-10-01T14:00:00.000Z|2019-10-01T14:01:00.000Z,FB959E6393B2065B9A6B069139D1A2F34B758E0B5D9F56BE7402D50228A55DD3
RAW_GRID_T100_S020_GATE90_TRIANGLE_V0_NO_CANDIDATE_B,triangle_v0_no_candidate_b,baseline,RAW_GRID_T100_S020_GATE90_TRIANGLE_V0_NO_CANDIDATE_B|NZDCAD|LONG|11,NZDCAD,LONG,target,2019-10-01T14:01:00.000Z,2019-10-01T14:04:00.000Z,2019-09-29T23:00:00.000Z,1,0,0,0.346401,1.311287,-0.06,-0.000191,1.251096,0,0.346401,,2019-10-01T14:04:00.000Z,2019-10-01T14:02:00.000Z,2019-10-01T14:04:00.000Z,,,,,,,4,5,0.002083,0.3,2019-09-29T23:00:00.000Z|NZDCAD|ny|2019-10-01|LONG|2019-10-01T14:00:00.000Z|2019-10-01T14:01:00.000Z,74D1A6864AE3AC1E97383DC425D4D7FA1A7B2437921F50E88F58EAF1268E5B17
RAW_GRID_T100_S020_GATE90_TRIANGLE_V0_NO_CANDIDATE_B,triangle_v0_no_candidate_b,baseline,RAW_GRID_T100_S020_GATE90_TRIANGLE_V0_NO_CANDIDATE_B|NZDJPY|LONG|8,NZDJPY,LONG,target,2019-10-02T12:23:00.000Z,2019-10-02T13:09:00.000Z,2019-09-29T23:00:00.000Z,1,0,0,0.183402,0.819147,-0.06,-0.002929,0.756217,0,0.183402,,2019-10-02T13:09:00.000Z,2019-10-02T12:25:00.000Z,,,,,,,,4,5,0.031944,0.203895,2019-09-29T23:00:00.000Z|NZDJPY|asia_london|2019-10-02|LONG|2019-10-02T12:22:00.000Z|2019-10-02T12:23:00.000Z,99069045FFDDBF62D51EA57BA67E77498BE12F826D8660177D1142798F067687
RAW_GRID_T100_S020_GATE90_TRIANGLE_V0_NO_CANDIDATE_B,triangle_v0_no_candidate_b,baseline,RAW_GRID_T100_S020_GATE90_TRIANGLE_V0_NO_CANDIDATE_B|USDCAD|SHORT|23,USDCAD,SHORT,target,2019-10-03T13:16:00.000Z,2019-10-03T13:59:00.000Z,2019-09-29T23:00:00.000Z,1,0,0,0.281782,0.862478,-0.06,0.000299,0.802776,-0.049005,0.281782,2019-10-03T13:40:00.000Z,2019-10-03T13:59:00.000Z,2019-10-03T13:18:00.000Z,2019-10-03T13:59:00.000Z,,,,,,,14,15,0.029861,0.242909,2019-09-29T23:00:00.000Z|USDCAD|ny|2019-10-03|SHORT|2019-10-03T13:15:00.000Z|2019-10-03T13:16:00.000Z,9B0449D1B9DF77E8FE81BD2A28362D410D4F5FE548BFDED085ECE8999FFE9807
RAW_GRID_T100_S020_GATE90_TRIANGLE_V0_NO_CANDIDATE_B,triangle_v0_no_candidate_b,baseline,RAW_GRID_T100_S020_GATE90_TRIANGLE_V0_NO_CANDIDATE_B|USDCAD|SHORT|24,USDCAD,SHORT,target,2019-10-03T14:10:00.000Z,2019-10-03T14:21:00.000Z,2019-09-29T23:00:00.000Z,1,0,0,0.193608,0.592435,-0.06,0.000076,0.532511,0,0.193608,,2019-10-03T14:21:00.000Z,2019-10-03T14:20:00.000Z,,,,,,,,15,16,0.007639,0.242909,2019-09-29T23:00:00.000Z|USDCAD|ny|2019-10-03|SHORT|2019-10-03T13:15:00.000Z|2019-10-03T13:16:00.000Z,12A42EFAA3C0843742D0F28110C661BDB3EC3E64E2759EF03009273CBE2B2D58
RAW_GRID_T100_S020_GATE90_TRIANGLE_V0_NO_CANDIDATE_B,triangle_v0_no_candidate_b,baseline,RAW_GRID_T100_S020_GATE90_TRIANGLE_V0_NO_CANDIDATE_B|USDCAD|SHORT|25,USDCAD,SHORT,session_flatten,2019-10-03T19:20:00.000Z,2019-10-03T20:00:00.000Z,2019-09-29T23:00:00.000Z,1,0,0,0.002453,0.007501,-0.06,0.000278,-0.052221,-0.115244,0.019617,2019-10-03T19:39:00.000Z,2019-10-03T19:23:00.000Z,,,,,,,,,16,,0.027778,0.242909,2019-09-29T23:00:00.000Z|USDCAD|ny|2019-10-03|SHORT|2019-10-03T14:11:00.000Z|2019-10-03T14:12:00.000Z,E25562110EE151FFAE9486A521901983A105A6C460ED25063663991714CF431C
RAW_GRID_T100_S020_GATE90_TRIANGLE_V0_NO_CANDIDATE_B,triangle_v0_no_candidate_b,baseline,RAW_GRID_T100_S020_GATE90_TRIANGLE_V0_NO_CANDIDATE_B|USDCHF|SHORT|6,USDCHF,SHORT,target,2019-10-02T12:16:00.000Z,2019-10-02T13:24:00.000Z,2019-09-29T23:00:00.000Z,1,0,0,0.353333,1.94115,-0.06,0.000472,1.881623,-0.122027,0.353333,2019-10-02T12:23:00.000Z,2019-10-02T13:24:00.000Z,2019-10-02T12:58:00.000Z,2019-10-02T13:11:00.000Z,,,,,,,1,2,0.047222,0.3,2019-09-29T23:00:00.000Z|USDCHF|asia_london|2019-10-02|SHORT|2019-10-02T12:15:00.000Z|2019-10-02T12:16:00.000Z,3ED0B024EBB0B31BA3F06859403734205BA1B52BA1C7F6C4333A231221EEFA99
RAW_GRID_T100_S020_GATE90_TRIANGLE_V0_NO_CANDIDATE_B,triangle_v0_no_candidate_b,baseline,RAW_GRID_T100_S020_GATE90_TRIANGLE_V0_NO_CANDIDATE_B|USDCHF|SHORT|7,USDCHF,SHORT,target,2019-10-03T06:16:00.000Z,2019-10-03T08:40:00.000Z,2019-09-29T23:00:00.000Z,2,1,0,0.862835,4.743608,-0.12,0.001729,4.625337,-0.426312,0.862835,2019-10-03T07:00:00.000Z,2019-10-03T08:40:00.000Z,2019-10-03T06:31:00.000Z,2019-10-03T07:29:00.000Z,2019-10-03T07:33:00.000Z,2019-10-03T08:40:00.000Z,2019-10-03T06:53:00.000Z,2019-10-03T06:55:00.000Z,,,2,3,0.1,0.249635,2019-09-29T23:00:00.000Z|USDCHF|asia_london|2019-10-03|SHORT|2019-10-03T06:15:00.000Z|2019-10-03T06:16:00.000Z,0590C1EBCB012331EFF53CE94932550FD5448B4A17955520115D1AF4B5810C2C
RAW_GRID_T100_S020_GATE90_TRIANGLE_V0_NO_CANDIDATE_B,triangle_v0_no_candidate_b,baseline,RAW_GRID_T100_S020_GATE90_TRIANGLE_V0_NO_CANDIDATE_B|USDCHF|SHORT|8,USDCHF,SHORT,target,2019-10-03T09:51:00.000Z,2019-10-03T11:14:00.000Z,2019-09-29T23:00:00.000Z,1,0,0,0.193125,1.06006,-0.06,0.000576,1.000637,-0.105673,0.193125,2019-10-03T10:19:00.000Z,2019-10-03T11:14:00.000Z,2019-10-03T11:12:00.000Z,,,,,,,,3,4,0.057639,0.249635,2019-09-29T23:00:00.000Z|USDCHF|asia_london|2019-10-03|SHORT|2019-10-03T07:30:00.000Z|2019-10-03T07:31:00.000Z,7B6A4629E831E32BE2733E8E8CE573F94E54D4006BB6B6334F6558B7A5B9FF38
RAW_GRID_T100_S020_GATE90_TRIANGLE_V0_NO_CANDIDATE_B,triangle_v0_no_candidate_b,baseline,RAW_GRID_T100_S020_GATE90_TRIANGLE_V0_NO_CANDIDATE_B|USDCHF|LONG|9,USDCHF,LONG,target,2019-10-04T12:32:00.000Z,2019-10-04T12:34:00.000Z,2019-09-29T23:00:00.000Z,1,0,0,0.342887,1.876583,-0.06,-0.000127,1.816456,0,0.342887,,2019-10-04T12:34:00.000Z,2019-10-04T12:34:00.000Z,2019-10-04T12:34:00.000Z,,,,,,,1,2,0.001389,0.3,2019-09-29T23:00:00.000Z|USDCHF|asia_london|2019-10-04|LONG|2019-10-04T12:31:00.000Z|2019-10-04T12:32:00.000Z,C8A78E81E538525E68C35BAFE435D5D85F6B1BDCA2A47F79C0D4E35FAB45B9E5
RAW_GRID_T100_S020_GATE90_TRIANGLE_V0_NO_CANDIDATE_B,triangle_v0_no_candidate_b,baseline,RAW_GRID_T100_S020_GATE90_TRIANGLE_V0_NO_CANDIDATE_B|EURGBP|LONG|12,EURGBP,LONG,session_flatten,2019-10-10T15:31:00.000Z,2019-10-10T20:00:00.000Z,2019-10-06T23:00:00.000Z,9,8,0,-7.069248,-46.647431,-0.54,-0.104882,-47.292313,-8.499846,0,2019-10-10T19:34:00.000Z,,,,,,2019-10-10T15:34:00.000Z,2019-10-10T15:35:00.000Z,2019-10-10T15:42:00.000Z,2019-10-10T15:44:00.000Z,4,,0.186806,0.230883,2019-10-06T23:00:00.000Z|EURGBP|ny|2019-10-10|LONG|2019-10-10T14:21:00.000Z|2019-10-10T14:22:00.000Z,CD0174F70E9AABFE470DD8C1517D0D2343D2564590925A6994261E66A7F67502
RAW_GRID_T100_S020_GATE90_TRIANGLE_V0_NO_CANDIDATE_B,triangle_v0_no_candidate_b,baseline,RAW_GRID_T100_S020_GATE90_TRIANGLE_V0_NO_CANDIDATE_B|EURJPY|LONG|9,EURJPY,LONG,target,2019-10-08T14:56:00.000Z,2019-10-08T16:22:00.000Z,2019-10-06T23:00:00.000Z,1,0,0,0.127049,0.662734,-0.06,-0.005477,0.597257,-0.175363,0.166416,2019-10-08T15:43:00.000Z,2019-10-08T14:57:00.000Z,2019-10-08T14:57:00.000Z,,,,2019-10-08T15:35:00.000Z,,,,4,5,0.059722,0.3,2019-10-06T23:00:00.000Z|EURJPY|ny|2019-10-08|LONG|2019-10-08T14:55:00.000Z|2019-10-08T14:56:00.000Z,262618A3BA8BFC032AF681BD72D44BA696917997337DCA77980AF7EAC6F84014
RAW_GRID_T100_S020_GATE90_TRIANGLE_V0_NO_CANDIDATE_B,triangle_v0_no_candidate_b,baseline,RAW_GRID_T100_S020_GATE90_TRIANGLE_V0_NO_CANDIDATE_B|GBPAUD|SHORT|9,GBPAUD,SHORT,target,2019-10-11T09:11:00.000Z,2019-10-11T12:29:00.000Z,2019-10-06T23:00:00.000Z,5,4,0,0.082268,0.896789,-0.3,0.003542,0.600331,-2.754392,0.327379,2019-10-11T11:27:00.000Z,2019-10-11T09:37:00.000Z,2019-10-11T09:22:00.000Z,2019-10-11T09:37:00.000Z,,,2019-10-11T10:34:00.000Z,2019-10-11T10:36:00.000Z,2019-10-11T10:40:00.000Z,2019-10-11T11:20:00.000Z,4,5,0.1375,0.3,2019-10-06T23:00:00.000Z|GBPAUD|asia_london|2019-10-11|SHORT|2019-10-11T09:10:00.000Z|2019-10-11T09:11:00.000Z,7EFBA0F68097155AE263BCB322152F2C31CB5FB5CEE65AFA5C01C48F8B4542AE
RAW_GRID_T100_S020_GATE90_TRIANGLE_V0_NO_CANDIDATE_B,triangle_v0_no_candidate_b,baseline,RAW_GRID_T100_S020_GATE90_TRIANGLE_V0_NO_CANDIDATE_B|GBPJPY|SHORT|11,GBPJPY,SHORT,session_flatten,2019-10-10T14:16:00.000Z,2019-10-10T20:00:00.000Z,2019-10-06T23:00:00.000Z,9,8,0,-9.727663,-83.458373,-0.54,0.014833,-83.983539,-11.102352,0.086786,2019-10-10T18:03:00.000Z,2019-10-10T14:17:00.000Z,,,,,2019-10-10T14:20:00.000Z,2019-10-10T14:30:00.000Z,2019-10-10T15:17:00.000Z,2019-10-10T15:17:00.000Z,3,,0.238889,0.3,2019-10-06T23:00:00.000Z|GBPJPY|ny|2019-10-10|SHORT|2019-10-10T14:03:00.000Z|2019-10-10T14:04:00.000Z,44785462948F04244EDCE56DAF6083075C148255DF4CBC45846BB82E72819273
RAW_GRID_T100_S020_GATE90_TRIANGLE_V0_NO_CANDIDATE_B,triangle_v0_no_candidate_b,baseline,RAW_GRID_T100_S020_GATE90_TRIANGLE_V0_NO_CANDIDATE_B|GBPNZD|SHORT|16,GBPNZD,SHORT,session_flatten,2019-10-10T15:32:00.000Z,2019-10-10T20:00:00.000Z,2019-10-06T23:00:00.000Z,6,5,0,-4.274215,-38.315033,-0.36,0.007368,-38.667665,-4.831018,0.021909,2019-10-10T19:34:00.000Z,2019-10-10T15:33:00.000Z,,,,,2019-10-10T15:36:00.000Z,2019-10-10T15:43:00.000Z,2019-10-10T15:52:00.000Z,2019-10-10T16:27:00.000Z,4,,0.186111,0.284277,2019-10-06T23:00:00.000Z|GBPNZD|ny|2019-10-10|SHORT|2019-10-10T15:03:00.000Z|2019-10-10T15:04:00.000Z,DA6ED6DB003EA189E29C23E21ABC834C99C91E311D2D42E0F9A3FE28A0D05F09
RAW_GRID_T100_S020_GATE90_TRIANGLE_V0_NO_CANDIDATE_B,triangle_v0_no_candidate_b,baseline,RAW_GRID_T100_S020_GATE90_TRIANGLE_V0_NO_CANDIDATE_B|GBPUSD|SHORT|17,GBPUSD,SHORT,session_flatten,2019-10-10T15:31:00.000Z,2019-10-10T20:00:00.000Z,2019-10-06T23:00:00.000Z,8,7,0,-5.442426,-47.590005,-0.48,0.011125,-48.05888,-6.866177,0.067986,2019-10-10T18:03:00.000Z,2019-10-10T15:54:00.000Z,,,,,2019-10-10T15:35:00.000Z,2019-10-10T15:36:00.000Z,2019-10-10T15:42:00.000Z,2019-10-10T15:44:00.000Z,6,,0.186806,0.2174,2019-10-06T23:00:00.000Z|GBPUSD|ny|2019-10-10|SHORT|2019-10-10T14:15:00.000Z|2019-10-10T14:16:00.000Z,35D04909133D3DF379204F983AF13E43AE71ABD4DA6D3739ED4DCA6693AD2DEF
RAW_GRID_T100_S020_GATE90_TRIANGLE_V0_NO_CANDIDATE_B,triangle_v0_no_candidate_b,baseline,RAW_GRID_T100_S020_GATE90_TRIANGLE_V0_NO_CANDIDATE_B|GBPUSD|SHORT|18,GBPUSD,SHORT,target,2019-10-11T14:03:00.000Z,2019-10-11T14:37:00.000Z,2019-10-06T23:00:00.000Z,1,0,0,0.496796,4.459999,-0.06,0.000236,4.400235,0,0.496796,,2019-10-11T14:37:00.000Z,2019-10-11T14:05:00.000Z,2019-10-11T14:15:00.000Z,,,,,,,6,7,0.023611,0.3,2019-10-06T23:00:00.000Z|GBPUSD|ny|2019-10-11|SHORT|2019-10-11T14:02:00.000Z|2019-10-11T14:03:00.000Z,5A53C695EB0EB69C3BC9E6DD5D38587C3DAD90A77614B900BFA5C324302CE8FD
RAW_GRID_T100_S020_GATE90_TRIANGLE_V0_NO_CANDIDATE_B,triangle_v0_no_candidate_b,baseline,RAW_GRID_T100_S020_GATE90_TRIANGLE_V0_NO_CANDIDATE_B|NZDCAD|SHORT|12,NZDCAD,SHORT,target,2019-10-10T12:34:00.000Z,2019-10-10T13:32:00.000Z,2019-10-06T23:00:00.000Z,1,0,0,0.290548,1.261889,-0.06,0.000403,1.202291,0,0.290548,,2019-10-10T13:32:00.000Z,2019-10-10T12:38:00.000Z,2019-10-10T13:19:00.000Z,,,,,,,3,4,0.040278,0.205692,2019-10-06T23:00:00.000Z|NZDCAD|asia_london|2019-10-10|SHORT|2019-10-10T12:33:00.000Z|2019-10-10T12:34:00.000Z,4A007593813266CAF885941432B26B18018822F75C76461EC62DFB9D01A6233E
RAW_GRID_T100_S020_GATE90_TRIANGLE_V0_NO_CANDIDATE_B,triangle_v0_no_candidate_b,baseline,RAW_GRID_T100_S020_GATE90_TRIANGLE_V0_NO_CANDIDATE_B|NZDJPY|SHORT|9,NZDJPY,SHORT,session_flatten,2019-10-10T01:49:00.000Z,2019-10-10T20:00:00.000Z,2019-10-06T23:00:00.000Z,4,3,0,-1.146366,-4.928932,-0.24,0.016278,-5.152654,-2.058609,0.228594,2019-10-10T18:05:00.000Z,2019-10-10T01:57:00.000Z,2019-10-10T01:57:00.000Z,2019-10-10T01:57:00.000Z,,,2019-10-10T07:09:00.000Z,2019-10-10T09:57:00.000Z,2019-10-10T12:38:00.000Z,2019-10-10T13:53:00.000Z,1,,0.757639,0.222909,2019-10-06T23:00:00.000Z|NZDJPY|asia_london|2019-10-10|SHORT|2019-10-10T01:48:00.000Z|2019-10-10T01:49:00.000Z,EC85EDA7AE6A88860C105479A278EF2BB3CAA3F8C2209E8DF537EB21A0DC05D7
RAW_GRID_T100_S020_GATE90_TRIANGLE_V0_NO_CANDIDATE_B,triangle_v0_no_candidate_b,baseline,RAW_GRID_T100_S020_GATE90_TRIANGLE_V0_NO_CANDIDATE_B|USDCAD|SHORT|26,USDCAD,SHORT,target,2019-10-08T14:56:00.000Z,2019-10-08T18:33:00.000Z,2019-10-06T23:00:00.000Z,1,0,0,0.125143,0.442887,-0.06,0.001507,0.384394,-0.169686,0.21635,2019-10-08T15:52:00.000Z,2019-10-08T15:08:00.000Z,2019-10-08T15:05:00.000Z,,,,2019-10-08T15:37:00.000Z,,,,16,17,0.150694,0.271214,2019-10-06T23:00:00.000Z|USDCAD|ny|2019-10-08|SHORT|2019-10-08T14:55:00.000Z|2019-10-08T14:56:00.000Z,F25AE558936BE47110FE73B04351857B94F8C217867915C6DD55DF6808920C7C
RAW_GRID_T100_S020_GATE90_TRIANGLE_V0_NO_CANDIDATE_B,triangle_v0_no_candidate_b,baseline,RAW_GRID_T100_S020_GATE90_TRIANGLE_V0_NO_CANDIDATE_B|USDCAD|SHORT|27,USDCAD,SHORT,session_flatten,2019-10-09T15:19:00.000Z,2019-10-09T20:00:00.000Z,2019-10-06T23:00:00.000Z,1,0,0,-0.125143,-0.442495,-0.06,0.001951,-0.500544,-0.135749,0.129386,2019-10-09T19:59:00.000Z,2019-10-09T15:27:00.000Z,2019-10-09T15:27:00.000Z,,,,2019-10-09T17:54:00.000Z,,,,17,,0.195139,0.213147,2019-10-06T23:00:00.000Z|USDCAD|ny|2019-10-09|SHORT|2019-10-09T15:18:00.000Z|2019-10-09T15:19:00.000Z,D9FA6F33F1E80C272D7E17DB3FDE12346EB0E24E6D53D09655F3091BBD60D670
RAW_GRID_T100_S020_GATE90_TRIANGLE_V0_NO_CANDIDATE_B,triangle_v0_no_candidate_b,baseline,RAW_GRID_T100_S020_GATE90_TRIANGLE_V0_NO_CANDIDATE_B|CHFJPY|SHORT|12,CHFJPY,SHORT,target,2019-10-16T07:27:00.000Z,2019-10-16T09:14:00.000Z,2019-10-13T23:00:00.000Z,1,0,0,0.326654,1.987686,-0.06,0.000743,1.928429,0,0.326654,,2019-10-16T09:14:00.000Z,2019-10-16T07:29:00.000Z,2019-10-16T08:04:00.000Z,,,,,,,2,3,0.074306,0.25706,2019-10-13T23:00:00.000Z|CHFJPY|asia_london|2019-10-16|SHORT|2019-10-16T07:27:00.000Z|2019-10-16T07:27:00.000Z,79F56BBE93E16E280E90855D5E783092E71576FE524C555D3549AE190FCD0B2A
RAW_GRID_T100_S020_GATE90_TRIANGLE_V0_NO_CANDIDATE_B,triangle_v0_no_candidate_b,baseline,RAW_GRID_T100_S020_GATE90_TRIANGLE_V0_NO_CANDIDATE_B|CHFJPY|SHORT|13,CHFJPY,SHORT,session_flatten,2019-10-16T12:23:00.000Z,2019-10-16T20:00:00.000Z,2019-10-13T23:00:00.000Z,2,1,0,-0.384023,-2.335338,-0.12,0.004167,-2.451171,-0.462599,0.137618,2019-10-16T18:52:00.000Z,2019-10-16T13:34:00.000Z,2019-10-16T13:34:00.000Z,,,,2019-10-16T15:18:00.000Z,2019-10-16T17:37:00.000Z,,,3,,0.317361,0.25706,2019-10-13T23:00:00.000Z|CHFJPY|asia_london|2019-10-16|SHORT|2019-10-16T07:27:00.000Z|2019-10-16T07:27:00.000Z,B114E71387B645E74E9EE7A02671EEEEE60B1635A2AD29513F7573D0C8A609F7
RAW_GRID_T100_S020_GATE90_TRIANGLE_V0_NO_CANDIDATE_B,triangle_v0_no_candidate_b,baseline,RAW_GRID_T100_S020_GATE90_TRIANGLE_V0_NO_CANDIDATE_B|EURAUD|SHORT|6,EURAUD,SHORT,session_flatten,2019-10-15T14:39:00.000Z,2019-10-15T20:00:00.000Z,2019-10-13T23:00:00.000Z,2,1,0,-0.301316,-2.167328,-0.12,0.003854,-2.283474,-0.305068,0.344155,2019-10-15T16:14:00.000Z,2019-10-15T16:58:00.000Z,2019-10-15T16:25:00.000Z,2019-10-15T16:51:00.000Z,,,2019-10-15T14:46:00.000Z,2019-10-15T16:06:00.000Z,,,3,,0.222917,0.211189,2019-10-13T23:00:00.000Z|EURAUD|ny|2019-10-15|SHORT|2019-10-15T14:38:00.000Z|2019-10-15T14:39:00.000Z,94F279CEB2B3AB1EB498880748F8C9560FFC803AFC66394422C5497F1BF5716D
RAW_GRID_T100_S020_GATE90_TRIANGLE_V0_NO_CANDIDATE_B,triangle_v0_no_candidate_b,baseline,RAW_GRID_T100_S020_GATE90_TRIANGLE_V0_NO_CANDIDATE_B|EURCAD|LONG|11,EURCAD,LONG,target,2019-10-15T14:28:00.000Z,2019-10-15T14:31:00.000Z,2019-10-13T23:00:00.000Z,1,0,0,0.49112,2.179407,-0.06,-0.000191,2.119216,0,0.49112,,2019-10-15T14:31:00.000Z,2019-10-15T14:29:00.000Z,2019-10-15T14:31:00.000Z,,,,,,,4,5,0.002083,0.3,2019-10-13T23:00:00.000Z|EURCAD|ny|2019-10-15|LONG|2019-10-15T14:27:00.000Z|2019-10-15T14:28:00.000Z,AAB32EDCEDD6A77DB06CB8BA42558103C6F1CA72C46F1ECDE85E674B6D02A4DC
RAW_GRID_T100_S020_GATE90_TRIANGLE_V0_NO_CANDIDATE_B,triangle_v0_no_candidate_b,baseline,RAW_GRID_T100_S020_GATE90_TRIANGLE_V0_NO_CANDIDATE_B|EURCAD|LONG|12,EURCAD,LONG,target,2019-10-15T16:25:00.000Z,2019-10-15T18:34:00.000Z,2019-10-13T23:00:00.000Z,1,0,0,0.223198,0.992334,-0.06,-0.008215,0.924119,-0.15675,0.223198,2019-10-15T16:57:00.000Z,2019-10-15T18:34:00.000Z,2019-10-15T18:13:00.000Z,,,,2019-10-15T16:57:00.000Z,,,,5,6,0.089583,0.3,2019-10-13T23:00:00.000Z|EURCAD|ny|2019-10-15|LONG|2019-10-15T14:27:00.000Z|2019-10-15T14:28:00.000Z,E56E43433D8FBE04C5F025999D44FE657414B5148F353444ACCEA71C0E3EA76F
RAW_GRID_T100_S020_GATE90_TRIANGLE_V0_NO_CANDIDATE_B,triangle_v0_no_candidate_b,baseline,RAW_GRID_T100_S020_GATE90_TRIANGLE_V0_NO_CANDIDATE_B|EURGBP|LONG|13,EURGBP,LONG,target,2019-10-15T06:39:00.000Z,2019-10-15T09:11:00.000Z,2019-10-13T23:00:00.000Z,1,0,0,0.398468,3.90941,-0.06,-0.009679,3.83973,-0.055271,0.398468,2019-10-15T07:44:00.000Z,2019-10-15T09:11:00.000Z,2019-10-15T06:42:00.000Z,2019-10-15T09:11:00.000Z,,,,,,,4,5,0.105556,0.3,2019-10-13T23:00:00.000Z|EURGBP|asia_london|2019-10-15|LONG|2019-10-15T06:38:00.000Z|2019-10-15T06:39:00.000Z,8DAF1B10FBDD09A24E27373A51557CDEBBDDC0F5730D319B3F44B410B7380E38
RAW_GRID_T100_S020_GATE90_TRIANGLE_V0_NO_CANDIDATE_B,triangle_v0_no_candidate_b,baseline,RAW_GRID_T100_S020_GATE90_TRIANGLE_V0_NO_CANDIDATE_B|EURGBP|LONG|14,EURGBP,LONG,target,2019-10-15T10:30:00.000Z,2019-10-15T11:12:00.000Z,2019-10-13T23:00:00.000Z,1,0,0,0.18385,1.806374,-0.06,-0.002675,1.7437,-0.142709,0.18385,2019-10-15T10:52:00.000Z,2019-10-15T11:12:00.000Z,2019-10-15T11:12:00.000Z,,,,,,,,5,6,0.029167,0.3,2019-10-13T23:00:00.000Z|EURGBP|asia_london|2019-10-15|LONG|2019-10-15T08:57:00.000Z|2019-10-15T08:58:00.000Z,1809369A920F282CBDB54B38FA4EC0B0ED53A1A7B92C30018254807587827869
RAW_GRID_T100_S020_GATE90_TRIANGLE_V0_NO_CANDIDATE_B,triangle_v0_no_candidate_b,baseline,RAW_GRID_T100_S020_GATE90_TRIANGLE_V0_NO_CANDIDATE_B|EURGBP|LONG|15,EURGBP,LONG,target,2019-10-15T11:28:00.000Z,2019-10-15T11:57:00.000Z,2019-10-13T23:00:00.000Z,1,0,0,0.277931,2.728519,-0.06,-0.001847,2.666672,-0.010293,0.277931,2019-10-15T11:29:00.000Z,2019-10-15T11:57:00.000Z,2019-10-15T11:44:00.000Z,,,,,,,,6,7,0.020139,0.3,2019-10-13T23:00:00.000Z|EURGBP|asia_london|2019-10-15|LONG|2019-10-15T11:10:00.000Z|2019-10-15T11:11:00.000Z,484CFFD39C14DB5EA533238762355670D21A329864AB64E9159A3BC171D6EDBA
RAW_GRID_T100_S020_GATE90_TRIANGLE_V0_NO_CANDIDATE_B,triangle_v0_no_candidate_b,baseline,RAW_GRID_T100_S020_GATE90_TRIANGLE_V0_NO_CANDIDATE_B|EURGBP|LONG|16,EURGBP,LONG,target,2019-10-16T12:35:00.000Z,2019-10-16T12:37:00.000Z,2019-10-13T23:00:00.000Z,1,0,0,0.279073,2.746687,-0.06,-0.000127,2.686559,0,0.279073,,2019-10-16T12:37:00.000Z,2019-10-16T12:37:00.000Z,,,,,,,,7,8,0.001389,0.3,2019-10-13T23:00:00.000Z|EURGBP|asia_london|2019-10-16|LONG|2019-10-16T12:34:00.000Z|2019-10-16T12:35:00.000Z,4373781DBDD4519A0B519C458C92237A48224AEC4928FF723306B01789591715
RAW_GRID_T100_S020_GATE90_TRIANGLE_V0_NO_CANDIDATE_B,triangle_v0_no_candidate_b,baseline,RAW_GRID_T100_S020_GATE90_TRIANGLE_V0_NO_CANDIDATE_B|EURGBP|LONG|17,EURGBP,LONG,target,2019-10-17T09:40:00.000Z,2019-10-17T10:29:00.000Z,2019-10-13T23:00:00.000Z,1,0,0,0.437763,4.334604,-0.06,-0.00312,4.271483,0,0.437763,,2019-10-17T10:29:00.000Z,2019-10-17T09:41:00.000Z,2019-10-17T09:41:00.000Z,2019-10-17T10:25:00.000Z,,,,,,8,9,0.034028,0.200111,2019-10-13T23:00:00.000Z|EURGBP|asia_london|2019-10-17|LONG|2019-10-17T09:39:00.000Z|2019-10-17T09:40:00.000Z,2D2ED5C10A7807AC44BCDD0B7E4D09447B02A9D894F58D3C5A7D8DE8817858B6
RAW_GRID_T100_S020_GATE90_TRIANGLE_V0_NO_CANDIDATE_B,triangle_v0_no_candidate_b,baseline,RAW_GRID_T100_S020_GATE90_TRIANGLE_V0_NO_CANDIDATE_B|EURNZD|SHORT|7,EURNZD,SHORT,target,2019-10-15T14:38:00.000Z,2019-10-15T14:53:00.000Z,2019-10-13T23:00:00.000Z,1,0,0,0.223164,1.206797,-0.06,0.000104,1.146901,0,0.223164,,2019-10-15T14:53:00.000Z,2019-10-15T14:40:00.000Z,,,,,,,,1,2,0.010417,0.3,2019-10-13T23:00:00.000Z|EURNZD|ny|2019-10-15|SHORT|2019-10-15T14:37:00.000Z|2019-10-15T14:38:00.000Z,27EBB51C5505B8781585B3FD691157591D2BE4C6420198F14333152A7DE1D74E
RAW_GRID_T100_S020_GATE90_TRIANGLE_V0_NO_CANDIDATE_B,triangle_v0_no_candidate_b,baseline,RAW_GRID_T100_S020_GATE90_TRIANGLE_V0_NO_CANDIDATE_B|EURNZD|SHORT|8,EURNZD,SHORT,target,2019-10-16T09:54:00.000Z,2019-10-16T14:34:00.000Z,2019-10-13T23:00:00.000Z,4,3,0,0.271251,1.476712,-0.24,0.004785,1.241497,-1.782981,0.271251,2019-10-16T13:50:00.000Z,2019-10-16T14:34:00.000Z,2019-10-16T10:59:00.000Z,2019-10-16T11:03:00.000Z,,,2019-10-16T10:05:00.000Z,2019-10-16T10:45:00.000Z,2019-10-16T11:24:00.000Z,2019-10-16T12:25:00.000Z,2,3,0.194444,0.236003,2019-10-13T23:00:00.000Z|EURNZD|asia_london|2019-10-16|SHORT|2019-10-16T09:02:00.000Z|2019-10-16T09:03:00.000Z,A4F622004AEBFA8295982E99B45D77B6AD5755C7EE7C3769965B05499DF3F282
RAW_GRID_T100_S020_GATE90_TRIANGLE_V0_NO_CANDIDATE_B,triangle_v0_no_candidate_b,baseline,RAW_GRID_T100_S020_GATE90_TRIANGLE_V0_NO_CANDIDATE_B|EURNZD|LONG|9,EURNZD,LONG,target,2019-10-17T08:09:00.000Z,2019-10-17T09:37:00.000Z,2019-10-13T23:00:00.000Z,1,0,0,0.512561,2.783704,-0.06,-0.005604,2.718101,-0.093193,0.512561,2019-10-17T08:36:00.000Z,2019-10-17T09:37:00.000Z,2019-10-17T08:20:00.000Z,2019-10-17T09:17:00.000Z,,,,,,,1,2,0.061111,0.3,2019-10-13T23:00:00.000Z|EURNZD|asia_london|2019-10-17|LONG|2019-10-17T04:41:00.000Z|2019-10-17T04:42:00.000Z,DF6DBCDFB3E8C0B41B205DB1004A60D7B0764164AC84B44285590FB5246B5E6C
RAW_GRID_T100_S020_GATE90_TRIANGLE_V0_NO_CANDIDATE_B,triangle_v0_no_candidate_b,baseline,RAW_GRID_T100_S020_GATE90_TRIANGLE_V0_NO_CANDIDATE_B|EURNZD|LONG|10,EURNZD,LONG,target,2019-10-17T11:07:00.000Z,2019-10-17T11:26:00.000Z,2019-10-13T23:00:00.000Z,1,0,0,0.239843,1.304188,-0.06,-0.00121,1.242978,0,0.239843,,2019-10-17T11:26:00.000Z,2019-10-17T11:10:00.000Z,,,,,,,,2,3,0.013194,0.3,2019-10-13T23:00:00.000Z|EURNZD|asia_london|2019-10-17|LONG|2019-10-17T04:41:00.000Z|2019-10-17T04:42:00.000Z,780B51DFC50BCB9254B882B4B07BCE299D4CAA774BECB06858E9D1B3F9DDBFF2
RAW_GRID_T100_S020_GATE90_TRIANGLE_V0_NO_CANDIDATE_B,triangle_v0_no_candidate_b,baseline,RAW_GRID_T100_S020_GATE90_TRIANGLE_V0_NO_CANDIDATE_B|EURNZD|LONG|11,EURNZD,LONG,target,2019-10-17T12:33:00.000Z,2019-10-17T12:54:00.000Z,2019-10-13T23:00:00.000Z,1,0,0,0.214254,1.164116,-0.06,-0.001337,1.102779,-0.013973,0.214254,2019-10-17T12:40:00.000Z,2019-10-17T12:54:00.000Z,2019-10-17T12:45:00.000Z,,,,,,,,3,4,0.014583,0.3,2019-10-13T23:00:00.000Z|EURNZD|asia_london|2019-10-17|LONG|2019-10-17T04:41:00.000Z|2019-10-17T04:42:00.000Z,1D048EFD2081ECD550877C555E40232E0E7CA2E17A41B23FC543BBC6AD252D30
RAW_GRID_T100_S020_GATE90_TRIANGLE_V0_NO_CANDIDATE_B,triangle_v0_no_candidate_b,baseline,RAW_GRID_T100_S020_GATE90_TRIANGLE_V0_NO_CANDIDATE_B|EURUSD|SHORT|11,EURUSD,SHORT,session_flatten,2019-10-16T12:32:00.000Z,2019-10-16T20:00:00.000Z,2019-10-13T23:00:00.000Z,3,2,0,-1.177864,-5.279993,-0.18,0.006764,-5.453229,-1.786497,0.127234,2019-10-16T16:47:00.000Z,2019-10-16T12:55:00.000Z,,,,,2019-10-16T14:00:00.000Z,2019-10-16T15:21:00.000Z,2019-10-16T15:33:00.000Z,2019-10-16T15:54:00.000Z,4,,0.311111,0.3,2019-10-13T23:00:00.000Z|EURUSD|asia_london|2019-10-16|SHORT|2019-10-16T07:27:00.000Z|2019-10-16T07:28:00.000Z,3094636B7B7A72987C9564DD4B098CD38D0340E55AEEDD0CA6D1A33354692537
RAW_GRID_T100_S020_GATE90_TRIANGLE_V0_NO_CANDIDATE_B,triangle_v0_no_candidate_b,baseline,RAW_GRID_T100_S020_GATE90_TRIANGLE_V0_NO_CANDIDATE_B|GBPAUD|SHORT|10,GBPAUD,SHORT,session_flatten,2019-10-11T14:04:00.000Z,2019-10-14T00:00:00.000Z,2019-10-06T23:00:00.000Z,1,0,0,0.445075,6.38312,-0.06,0.024139,6.347259,-0.101123,0.445075,2019-10-11T15:00:00.000Z,2019-10-14T00:00:00.000Z,2019-10-11T14:11:00.000Z,2019-10-11T14:38:00.000Z,,,,,,,5,,2.413889,0.3,2019-10-06T23:00:00.000Z|GBPAUD|ny|2019-10-11|SHORT|2019-10-11T14:03:00.000Z|2019-10-11T14:04:00.000Z,B291EFF5A4FEDE98D6A091F1019E9F60300E02FA2DDEDA82E0DE0BE8FC8F0294
RAW_GRID_T100_S020_GATE90_TRIANGLE_V0_NO_CANDIDATE_B,triangle_v0_no_candidate_b,baseline,RAW_GRID_T100_S020_GATE90_TRIANGLE_V0_NO_CANDIDATE_B|GBPAUD|SHORT|11,GBPAUD,SHORT,target,2019-10-15T06:39:00.000Z,2019-10-15T09:11:00.000Z,2019-10-13T23:00:00.000Z,1,0,0,0.403263,5.778163,-0.06,0.001056,5.719218,-0.03211,0.403263,2019-10-15T08:56:00.000Z,2019-10-15T09:11:00.000Z,2019-10-15T06:55:00.000Z,2019-10-15T09:11:00.000Z,,,,,,,5,6,0.105556,0.3,2019-10-13T23:00:00.000Z|GBPAUD|asia_london|2019-10-15|SHORT|2019-10-15T06:38:00.000Z|2019-10-15T06:39:00.000Z,450CD9378F4E76AAE98C9119DFF8132B05447391ECC230C635A7075D39A06FE5
RAW_GRID_T100_S020_GATE90_TRIANGLE_V0_NO_CANDIDATE_B,triangle_v0_no_candidate_b,baseline,RAW_GRID_T100_S020_GATE90_TRIANGLE_V0_NO_CANDIDATE_B|GBPAUD|SHORT|12,GBPAUD,SHORT,target,2019-10-15T10:29:00.000Z,2019-10-15T12:00:00.000Z,2019-10-13T23:00:00.000Z,1,0,0,0.142633,2.040069,-0.06,0.000632,1.980701,-0.160581,0.142633,2019-10-15T10:52:00.000Z,2019-10-15T12:00:00.000Z,,,,,2019-10-15T10:52:00.000Z,,,,6,7,0.063194,0.3,2019-10-13T23:00:00.000Z|GBPAUD|asia_london|2019-10-15|SHORT|2019-10-15T06:38:00.000Z|2019-10-15T06:39:00.000Z,D4729D3DB4F7F59E85E470287436F485B0EEF45CA69DAB417F91BD5FF455DD7F
RAW_GRID_T100_S020_GATE90_TRIANGLE_V0_NO_CANDIDATE_B,triangle_v0_no_candidate_b,baseline,RAW_GRID_T100_S020_GATE90_TRIANGLE_V0_NO_CANDIDATE_B|GBPCAD|SHORT|12,GBPCAD,SHORT,target,2019-10-14T14:46:00.000Z,2019-10-14T15:00:00.000Z,2019-10-13T23:00:00.000Z,1,0,0,0.227173,3.039329,-0.06,0.000097,2.979426,0,0.227173,,2019-10-14T15:00:00.000Z,2019-10-14T14:48:00.000Z,,,,,,,,2,3,0.009722,0.237983,2019-10-13T23:00:00.000Z|GBPCAD|ny|2019-10-14|SHORT|2019-10-14T14:45:00.000Z|2019-10-14T14:46:00.000Z,BFC3A5058DA3FD75603A1F4ED427E5A34792D64ED53C6F8EF8D4F9D1E5BE5125
RAW_GRID_T100_S020_GATE90_TRIANGLE_V0_NO_CANDIDATE_B,triangle_v0_no_candidate_b,baseline,RAW_GRID_T100_S020_GATE90_TRIANGLE_V0_NO_CANDIDATE_B|GBPCAD|SHORT|13,GBPCAD,SHORT,target,2019-10-16T12:30:00.000Z,2019-10-16T14:48:00.000Z,2019-10-13T23:00:00.000Z,1,0,0,0.240857,3.276683,-0.06,0.000958,3.217641,-0.295926,0.328745,2019-10-16T14:03:00.000Z,2019-10-16T12:31:00.000Z,2019-10-16T12:31:00.000Z,2019-10-16T12:31:00.000Z,,,2019-10-16T14:00:00.000Z,,,,3,4,0.095833,0.3,2019-10-13T23:00:00.000Z|GBPCAD|asia_london|2019-10-16|SHORT|2019-10-16T12:29:00.000Z|2019-10-16T12:30:00.000Z,E3D809EC7B9D481058310B5A79ED2A6B7DE189998C33410E993E9F792CF2B5FA
RAW_GRID_T100_S020_GATE90_TRIANGLE_V0_NO_CANDIDATE_B,triangle_v0_no_candidate_b,baseline,RAW_GRID_T100_S020_GATE90_TRIANGLE_V0_NO_CANDIDATE_B|GBPCAD|SHORT|14,GBPCAD,SHORT,target,2019-10-18T11:00:00.000Z,2019-10-18T13:03:00.000Z,2019-10-13T23:00:00.000Z,1,0,0,0.168505,2.306306,-0.06,0.000854,2.24716,-0.018352,0.1863,2019-10-18T12:08:00.000Z,2019-10-18T11:31:00.000Z,2019-10-18T11:05:00.000Z,,,,,,,,4,5,0.085417,0.20008,2019-10-13T23:00:00.000Z|GBPCAD|asia_london|2019-10-18|SHORT|2019-10-18T10:59:00.000Z|2019-10-18T11:00:00.000Z,97A92D2313289544C17B0D89C3EFB9262E76ACEFBB75E06B648D61CE6DD8F676
RAW_GRID_T100_S020_GATE90_TRIANGLE_V0_NO_CANDIDATE_B,triangle_v0_no_candidate_b,baseline,RAW_GRID_T100_S020_GATE90_TRIANGLE_V0_NO_CANDIDATE_B|GBPCHF|SHORT|14,GBPCHF,SHORT,target,2019-10-16T15:51:00.000Z,2019-10-16T17:46:00.000Z,2019-10-13T23:00:00.000Z,1,0,0,0.348713,5.375368,-0.06,0.000799,5.316166,0,0.348713,,2019-10-16T17:46:00.000Z,2019-10-16T16:05:00.000Z,2019-10-16T17:45:00.000Z,,,,,,,5,6,0.079861,0.3,2019-10-13T23:00:00.000Z|GBPCHF|ny|2019-10-16|SHORT|2019-10-16T15:50:00.000Z|2019-10-16T15:51:00.000Z,76DF84DA853CA7F0F9FA3F0D5DEBBD148D3E4C8468165010C43F0029C27EB238
RAW_GRID_T100_S020_GATE90_TRIANGLE_V0_NO_CANDIDATE_B,triangle_v0_no_candidate_b,baseline,RAW_GRID_T100_S020_GATE90_TRIANGLE_V0_NO_CANDIDATE_B|GBPCHF|SHORT|15,GBPCHF,SHORT,target,2019-10-17T09:40:00.000Z,2019-10-17T10:30:00.000Z,2019-10-13T23:00:00.000Z,1,0,0,0.599528,9.318276,-0.06,0.000347,9.258623,0,0.599528,,2019-10-17T10:30:00.000Z,2019-10-17T09:41:00.000Z,2019-10-17T09:41:00.000Z,2019-10-17T10:05:00.000Z,,,,,,6,7,0.034722,0.220724,2019-10-13T23:00:00.000Z|GBPCHF|asia_london|2019-10-17|SHORT|2019-10-17T09:39:00.000Z|2019-10-17T09:40:00.000Z,0B97583D98F43FFEC7DF81F83C1DE3329E25D13BE04C034F4B00C24F438520D2
RAW_GRID_T100_S020_GATE90_TRIANGLE_V0_NO_CANDIDATE_B,triangle_v0_no_candidate_b,baseline,RAW_GRID_T100_S020_GATE90_TRIANGLE_V0_NO_CANDIDATE_B|GBPJPY|SHORT|12,GBPJPY,SHORT,target,2019-10-15T07:10:00.000Z,2019-10-15T09:07:00.000Z,2019-10-13T23:00:00.000Z,1,0,0,0.080064,1.144666,-0.06,0.000813,1.085478,-0.133011,0.11235,2019-10-15T08:44:00.000Z,2019-10-15T08:02:00.000Z,,,,,2019-10-15T08:43:00.000Z,,,,3,4,0.08125,0.249944,2019-10-13T23:00:00.000Z|GBPJPY|asia_london|2019-10-15|SHORT|2019-10-15T07:09:00.000Z|2019-10-15T07:10:00.000Z,BCCFA0151C8D78E45415D956320FB3FC05DF7E2F85701715846ABF1A92415408
RAW_GRID_T100_S020_GATE90_TRIANGLE_V0_NO_CANDIDATE_B,triangle_v0_no_candidate_b,baseline,RAW_GRID_T100_S020_GATE90_TRIANGLE_V0_NO_CANDIDATE_B|GBPJPY|SHORT|13,GBPJPY,SHORT,target,2019-10-16T12:30:00.000Z,2019-10-16T12:37:00.000Z,2019-10-13T23:00:00.000Z,1,0,0,0.425216,6.164658,-0.06,0.000049,6.104707,0,0.425216,,2019-10-16T12:37:00.000Z,2019-10-16T12:31:00.000Z,2019-10-16T12:31:00.000Z,,,,,,,4,5,0.004861,0.3,2019-10-13T23:00:00.000Z|GBPJPY|asia_london|2019-10-16|SHORT|2019-10-16T12:29:00.000Z|2019-10-16T12:30:00.000Z,0DC737CE7A3787A74D297F098DB5368850E27D9EA41C5B8443D7273F54A74F8D
RAW_GRID_T100_S020_GATE90_TRIANGLE_V0_NO_CANDIDATE_B,triangle_v0_no_candidate_b,baseline,RAW_GRID_T100_S020_GATE90_TRIANGLE_V0_NO_CANDIDATE_B|GBPNZD|SHORT|17,GBPNZD,SHORT,session_flatten,2019-10-11T14:04:00.000Z,2019-10-14T00:00:00.000Z,2019-10-06T23:00:00.000Z,1,0,0,0.353927,4.575447,-0.06,0.024139,4.539586,-0.110254,0.373485,2019-10-11T15:00:00.000Z,2019-10-11T14:42:00.000Z,2019-10-11T14:05:00.000Z,2019-10-11T14:36:00.000Z,,,,,,,4,,2.413889,0.3,2019-10-06T23:00:00.000Z|GBPNZD|ny|2019-10-11|SHORT|2019-10-11T14:03:00.000Z|2019-10-11T14:04:00.000Z,505B788CB358D6C071ECD61D4B553FFC78552468B479EFA4DA06AFCA2F5ABA04
RAW_GRID_T100_S020_GATE90_TRIANGLE_V0_NO_CANDIDATE_B,triangle_v0_no_candidate_b,baseline,RAW_GRID_T100_S020_GATE90_TRIANGLE_V0_NO_CANDIDATE_B|GBPNZD|SHORT|18,GBPNZD,SHORT,target,2019-10-15T06:39:00.000Z,2019-10-15T09:11:00.000Z,2019-10-13T23:00:00.000Z,1,0,0,0.307822,3.976242,-0.06,0.001056,3.917297,-0.158531,0.307822,2019-10-15T08:56:00.000Z,2019-10-15T09:11:00.000Z,2019-10-15T06:57:00.000Z,2019-10-15T09:11:00.000Z,,,2019-10-15T08:56:00.000Z,,,,4,5,0.105556,0.3,2019-10-13T23:00:00.000Z|GBPNZD|asia_london|2019-10-15|SHORT|2019-10-15T06:38:00.000Z|2019-10-15T06:39:00.000Z,4A280063562A2CA650AEF797E438515C6214B1B67978B96B88710BB935A94590
RAW_GRID_T100_S020_GATE90_TRIANGLE_V0_NO_CANDIDATE_B,triangle_v0_no_candidate_b,baseline,RAW_GRID_T100_S020_GATE90_TRIANGLE_V0_NO_CANDIDATE_B|GBPNZD|SHORT|19,GBPNZD,SHORT,session_flatten,2019-10-15T10:30:00.000Z,2019-10-15T20:00:00.000Z,2019-10-13T23:00:00.000Z,3,2,0,-1.410919,-18.291655,-0.18,0.008632,-18.463023,-1.6694,0.143766,2019-10-15T18:37:00.000Z,2019-10-15T11:57:00.000Z,,,,,2019-10-15T14:06:00.000Z,2019-10-15T14:18:00.000Z,2019-10-15T14:29:00.000Z,2019-10-15T14:29:00.000Z,5,,0.395833,0.3,2019-10-13T23:00:00.000Z|GBPNZD|asia_london|2019-10-15|SHORT|2019-10-15T06:38:00.000Z|2019-10-15T06:39:00.000Z,747BCD7AFCD137AE811A3F3EFA3BC6509D000F56DA0B38EDF04EC867E32C7911
RAW_GRID_T100_S020_GATE90_TRIANGLE_V0_NO_CANDIDATE_B,triangle_v0_no_candidate_b,baseline,RAW_GRID_T100_S020_GATE90_TRIANGLE_V0_NO_CANDIDATE_B|GBPNZD|LONG|20,GBPNZD,LONG,target,2019-10-17T12:19:00.000Z,2019-10-17T14:23:00.000Z,2019-10-13T23:00:00.000Z,1,0,0,0.336188,4.399443,-0.06,-0.007896,4.331547,-0.020859,0.336188,2019-10-17T12:36:00.000Z,2019-10-17T14:23:00.000Z,2019-10-17T12:31:00.000Z,2019-10-17T13:02:00.000Z,,,,,,,3,4,0.086111,0.2974,2019-10-13T23:00:00.000Z|GBPNZD|asia_london|2019-10-17|LONG|2019-10-17T09:31:00.000Z|2019-10-17T09:32:00.000Z,3FB1A12AA00AA2CDA3B147440A2A2E1D02936E59C0187D95B381B361BEA68FF1
RAW_GRID_T100_S020_GATE90_TRIANGLE_V0_NO_CANDIDATE_B,triangle_v0_no_candidate_b,baseline,RAW_GRID_T100_S020_GATE90_TRIANGLE_V0_NO_CANDIDATE_B|GBPNZD|LONG|21,GBPNZD,LONG,target,2019-10-18T06:01:00.000Z,2019-10-18T07:03:00.000Z,2019-10-13T23:00:00.000Z,1,0,0,0.360384,4.720165,-0.06,-0.003948,4.656216,0,0.360384,,2019-10-18T07:03:00.000Z,2019-10-18T06:02:00.000Z,2019-10-18T06:31:00.000Z,,,,,,,4,5,0.043056,0.210931,2019-10-13T23:00:00.000Z|GBPNZD|asia_london|2019-10-18|LONG|2019-10-18T06:00:00.000Z|2019-10-18T06:01:00.000Z,989E76C0A0D2C4D1B4F2FF17D9F6F44D5B3D337F0C188B6E5A85A81B53011E09
RAW_GRID_T100_S020_GATE90_TRIANGLE_V0_NO_CANDIDATE_B,triangle_v0_no_candidate_b,baseline,RAW_GRID_T100_S020_GATE90_TRIANGLE_V0_NO_CANDIDATE_B|GBPNZD|LONG|22,GBPNZD,LONG,target,2019-10-18T07:56:00.000Z,2019-10-18T08:24:00.000Z,2019-10-13T23:00:00.000Z,1,0,0,0.207593,2.726954,-0.06,-0.001783,2.665171,-0.032983,0.207593,2019-10-18T07:58:00.000Z,2019-10-18T08:24:00.000Z,2019-10-18T08:15:00.000Z,,,,,,,,5,6,0.019444,0.210931,2019-10-13T23:00:00.000Z|GBPNZD|asia_london|2019-10-18|LONG|2019-10-18T06:00:00.000Z|2019-10-18T06:01:00.000Z,D01A3ABBDC5FCF55C76816CD831FE0F96AAB94EB069B95FCE84AECF9F54B7E15
RAW_GRID_T100_S020_GATE90_TRIANGLE_V0_NO_CANDIDATE_B,triangle_v0_no_candidate_b,baseline,RAW_GRID_T100_S020_GATE90_TRIANGLE_V0_NO_CANDIDATE_B|GBPUSD|SHORT|19,GBPUSD,SHORT,session_flatten,2019-10-11T14:58:00.000Z,2019-10-14T00:00:00.000Z,2019-10-06T23:00:00.000Z,1,0,0,0.426282,5.569998,-0.06,0.023764,5.533762,-0.105986,0.426282,2019-10-11T15:00:00.000Z,2019-10-14T00:00:00.000Z,2019-10-14T00:00:00.000Z,2019-10-14T00:00:00.000Z,,,,,,,7,,2.376389,0.3,2019-10-06T23:00:00.000Z|GBPUSD|ny|2019-10-11|SHORT|2019-10-11T14:02:00.000Z|2019-10-11T14:03:00.000Z,7D511E31D6C2990D43DF472EABC34449BF7995599DF2EA03AE7FDEFC8082A3B9
RAW_GRID_T100_S020_GATE90_TRIANGLE_V0_NO_CANDIDATE_B,triangle_v0_no_candidate_b,baseline,RAW_GRID_T100_S020_GATE90_TRIANGLE_V0_NO_CANDIDATE_B|GBPUSD|SHORT|20,GBPUSD,SHORT,target,2019-10-16T12:30:00.000Z,2019-10-16T13:07:00.000Z,2019-10-13T23:00:00.000Z,1,0,0,0.359926,4.760001,-0.06,0.000257,4.700258,0,0.386391,,2019-10-16T12:37:00.000Z,2019-10-16T12:31:00.000Z,2019-10-16T12:31:00.000Z,,,,,,,7,8,0.025694,0.3,2019-10-13T23:00:00.000Z|GBPUSD|asia_london|2019-10-16|SHORT|2019-10-16T12:29:00.000Z|2019-10-16T12:30:00.000Z,1BA90D94A82F1A0EC1F5A8C477F638D33CF0D487E0F85CD16B86EEDAA3736961
RAW_GRID_T100_S020_GATE90_TRIANGLE_V0_NO_CANDIDATE_B,triangle_v0_no_candidate_b,baseline,RAW_GRID_T100_S020_GATE90_TRIANGLE_V0_NO_CANDIDATE_B|GBPUSD|SHORT|21,GBPUSD,SHORT,target,2019-10-16T15:47:00.000Z,2019-10-16T17:46:00.000Z,2019-10-13T23:00:00.000Z,1,0,0,0.162295,2.150001,-0.06,0.000826,2.090828,-0.157765,0.162295,2019-10-16T17:44:00.000Z,2019-10-16T17:46:00.000Z,2019-10-16T17:46:00.000Z,,,,2019-10-16T17:44:00.000Z,,,,8,9,0.082639,0.3,2019-10-13T23:00:00.000Z|GBPUSD|ny|2019-10-16|SHORT|2019-10-16T15:47:00.000Z|2019-10-16T15:47:00.000Z,71BA3E91B88B97E5558CF4A0FFECFEB14F8B7A242546A98049ABE53C1390E318
RAW_GRID_T100_S020_GATE90_TRIANGLE_V0_NO_CANDIDATE_B,triangle_v0_no_candidate_b,baseline,RAW_GRID_T100_S020_GATE90_TRIANGLE_V0_NO_CANDIDATE_B|NZDCAD|LONG|13,NZDCAD,LONG,target,2019-10-15T14:20:00.000Z,2019-10-15T14:49:00.000Z,2019-10-13T23:00:00.000Z,1,0,0,0.380772,1.430625,-0.06,-0.001847,1.368779,0,0.380772,,2019-10-15T14:49:00.000Z,2019-10-15T14:25:00.000Z,2019-10-15T14:47:00.000Z,,,,,,,5,6,0.020139,0.3,2019-10-13T23:00:00.000Z|NZDCAD|ny|2019-10-15|LONG|2019-10-15T14:19:00.000Z|2019-10-15T14:20:00.000Z,F907A9CEC239D08CE9E0BD24D3AE631819AF39613F31E7610243C616F6615661
RAW_GRID_T100_S020_GATE90_TRIANGLE_V0_NO_CANDIDATE_B,triangle_v0_no_candidate_b,baseline,RAW_GRID_T100_S020_GATE90_TRIANGLE_V0_NO_CANDIDATE_B|NZDCAD|LONG|14,NZDCAD,LONG,target,2019-10-15T16:36:00.000Z,2019-10-15T18:14:00.000Z,2019-10-13T23:00:00.000Z,1,0,0,0.225501,0.848357,-0.06,-0.006241,0.782116,-0.010067,0.225501,2019-10-15T16:37:00.000Z,2019-10-15T18:14:00.000Z,2019-10-15T17:50:00.000Z,,,,,,,,6,7,0.068056,0.3,2019-10-13T23:00:00.000Z|NZDCAD|ny|2019-10-15|LONG|2019-10-15T14:19:00.000Z|2019-10-15T14:20:00.000Z,10BD624318EDB4451E5841A7203DDB5823E8BB3D3BB9E9172C8C1FFBB0B05AA7
RAW_GRID_T100_S020_GATE90_TRIANGLE_V0_NO_CANDIDATE_B,triangle_v0_no_candidate_b,baseline,RAW_GRID_T100_S020_GATE90_TRIANGLE_V0_NO_CANDIDATE_B|NZDCHF|LONG|8,NZDCHF,LONG,target,2019-10-15T11:18:00.000Z,2019-10-15T14:39:00.000Z,2019-10-13T23:00:00.000Z,1,0,0,0.226423,0.951958,-0.06,-0.0128,0.879159,-0.145388,0.226423,2019-10-15T12:43:00.000Z,2019-10-15T14:39:00.000Z,2019-10-15T11:22:00.000Z,2019-10-15T14:30:00.000Z,,,2019-10-15T12:41:00.000Z,,,,6,7,0.139583,0.212398,2019-10-13T23:00:00.000Z|NZDCHF|asia_london|2019-10-15|LONG|2019-10-15T11:17:00.000Z|2019-10-15T11:18:00.000Z,802FDDE08692C199639FAC5CF66112BDB2484F45B31535CDFD676112E3AAB8E0
RAW_GRID_T100_S020_GATE90_TRIANGLE_V0_NO_CANDIDATE_B,triangle_v0_no_candidate_b,baseline,RAW_GRID_T100_S020_GATE90_TRIANGLE_V0_NO_CANDIDATE_B|NZDJPY|SHORT|10,NZDJPY,SHORT,session_flatten,2019-10-11T14:06:00.000Z,2019-10-14T00:00:00.000Z,2019-10-06T23:00:00.000Z,1,0,0,0.367269,1.816039,-0.06,0.024125,1.780164,0,0.367269,,2019-10-14T00:00:00.000Z,2019-10-11T14:07:00.000Z,2019-10-14T00:00:00.000Z,,,,,,,1,,2.4125,0.3,2019-10-06T23:00:00.000Z|NZDJPY|ny|2019-10-11|SHORT|2019-10-11T14:05:00.000Z|2019-10-11T14:06:00.000Z,9A1DC0BC9C4BF334E0DB02E3DC66E1CA2E97FC40A299E1C8D5BAB1273AC18E8F
RAW_GRID_T100_S020_GATE90_TRIANGLE_V0_NO_CANDIDATE_B,triangle_v0_no_candidate_b,baseline,RAW_GRID_T100_S020_GATE90_TRIANGLE_V0_NO_CANDIDATE_B|EURCHF|SHORT|7,EURCHF,SHORT,target,2019-10-22T18:22:00.000Z,2019-10-22T18:33:00.000Z,2019-10-20T23:00:00.000Z,1,0,0,0.345284,1.505931,-0.06,0.000076,1.446007,0,0.345284,,2019-10-22T18:33:00.000Z,2019-10-22T18:24:00.000Z,2019-10-22T18:29:00.000Z,,,,,,,0,1,0.007639,0.222362,2019-10-20T23:00:00.000Z|EURCHF|ny|2019-10-22|SHORT|2019-10-22T18:21:00.000Z|2019-10-22T18:22:00.000Z,3D637E37CF1BB6EF0CF118F623B74671C12101C70A694D1BE869C3493AE63FDD
RAW_GRID_T100_S020_GATE90_TRIANGLE_V0_NO_CANDIDATE_B,triangle_v0_no_candidate_b,baseline,RAW_GRID_T100_S020_GATE90_TRIANGLE_V0_NO_CANDIDATE_B|AUDCHF|SHORT|9,AUDCHF,SHORT,target,2019-10-31T01:01:00.000Z,2019-10-31T08:55:00.000Z,2019-10-27T23:00:00.000Z,1,0,0,0.133586,0.526612,-0.06,0.003292,0.469904,-0.164415,0.166983,2019-10-31T05:49:00.000Z,2019-10-31T01:04:00.000Z,2019-10-31T01:02:00.000Z,,,,2019-10-31T02:03:00.000Z,,,,1,2,0.329167,0.244112,2019-10-27T23:00:00.000Z|AUDCHF|asia_london|2019-10-31|SHORT|2019-10-31T01:00:00.000Z|2019-10-31T01:01:00.000Z,0002B7DD67E61A1AA37252A6F193EF179D5650A54D5AC420C849534A1D154289
RAW_GRID_T100_S020_GATE90_TRIANGLE_V0_NO_CANDIDATE_B,triangle_v0_no_candidate_b,baseline,RAW_GRID_T100_S020_GATE90_TRIANGLE_V0_NO_CANDIDATE_B|AUDUSD|SHORT|10,AUDUSD,SHORT,target,2019-10-31T00:30:00.000Z,2019-10-31T09:07:00.000Z,2019-10-27T23:00:00.000Z,2,1,0,0.180784,0.760006,-0.12,0.006778,0.646784,-0.843714,0.180784,2019-10-31T04:14:00.000Z,2019-10-31T09:07:00.000Z,2019-10-31T09:07:00.000Z,,,,2019-10-31T00:46:00.000Z,2019-10-31T01:28:00.000Z,2019-10-31T02:01:00.000Z,,4,5,0.359028,0.3,2019-10-27T23:00:00.000Z|AUDUSD|asia_london|2019-10-31|SHORT|2019-10-31T00:29:00.000Z|2019-10-31T00:30:00.000Z,41BF56725196EDC028BDF7462D562BEFED7D5EF1951ADF8D384736459C650506
RAW_GRID_T100_S020_GATE90_TRIANGLE_V0_NO_CANDIDATE_B,triangle_v0_no_candidate_b,baseline,RAW_GRID_T100_S020_GATE90_TRIANGLE_V0_NO_CANDIDATE_B|CADJPY|LONG|13,CADJPY,LONG,target,2019-11-01T12:31:00.000Z,2019-11-01T12:33:00.000Z,2019-10-27T23:00:00.000Z,1,0,0,0.413691,1.718403,-0.06,-0.000127,1.658276,0,0.413691,,2019-11-01T12:33:00.000Z,2019-11-01T12:32:00.000Z,2019-11-01T12:33:00.000Z,,,,,,,9,10,0.001389,0.272999,2019-10-27T23:00:00.000Z|CADJPY|asia_london|2019-11-01|LONG|2019-11-01T12:30:00.000Z|2019-11-01T12:31:00.000Z,EA5B14A0B9AC5BC34213C7AB5A1847C65686EDE416A75093C372B14D12D4E308
RAW_GRID_T100_S020_GATE90_TRIANGLE_V0_NO_CANDIDATE_B,triangle_v0_no_candidate_b,baseline,RAW_GRID_T100_S020_GATE90_TRIANGLE_V0_NO_CANDIDATE_B|EURAUD|LONG|7,EURAUD,LONG,target,2019-10-31T12:54:00.000Z,2019-10-31T14:04:00.000Z,2019-10-27T23:00:00.000Z,2,1,0,0.539061,2.911765,-0.12,-0.006177,2.785588,-0.265442,0.539061,2019-10-31T13:37:00.000Z,2019-10-31T14:04:00.000Z,2019-10-31T13:50:00.000Z,2019-10-31T13:55:00.000Z,2019-10-31T14:03:00.000Z,,2019-10-31T13:00:00.000Z,2019-10-31T13:37:00.000Z,,,1,2,0.048611,0.246907,2019-10-27T23:00:00.000Z|EURAUD|asia_london|2019-10-31|LONG|2019-10-31T09:05:00.000Z|2019-10-31T09:06:00.000Z,7C904D476E574737631299E733A5BD6FA7EBA89DE301E9AF7E1449ABF600BCC7
RAW_GRID_T100_S020_GATE90_TRIANGLE_V0_NO_CANDIDATE_B,triangle_v0_no_candidate_b,baseline,RAW_GRID_T100_S020_GATE90_TRIANGLE_V0_NO_CANDIDATE_B|EURCAD|SHORT|13,EURCAD,SHORT,target,2019-11-01T12:31:00.000Z,2019-11-01T12:33:00.000Z,2019-10-27T23:00:00.000Z,1,0,0,0.402043,1.661861,-0.06,0.000014,1.601875,0,0.402043,,2019-11-01T12:33:00.000Z,2019-11-01T12:32:00.000Z,2019-11-01T12:33:00.000Z,,,,,,,2,3,0.001389,0.3,2019-10-27T23:00:00.000Z|EURCAD|asia_london|2019-11-01|SHORT|2019-11-01T12:30:00.000Z|2019-11-01T12:31:00.000Z,3E365B8A8CE3C6D21A6965A371177E4E1F3B1AAA8EF0A50F722C014FF26D8CA7
RAW_GRID_T100_S020_GATE90_TRIANGLE_V0_NO_CANDIDATE_B,triangle_v0_no_candidate_b,baseline,RAW_GRID_T100_S020_GATE90_TRIANGLE_V0_NO_CANDIDATE_B|EURCAD|SHORT|14,EURCAD,SHORT,target,2019-11-01T13:36:00.000Z,2019-11-01T14:08:00.000Z,2019-10-27T23:00:00.000Z,1,0,0,0.249538,1.033085,-0.06,0.000222,0.973307,-0.110091,0.264217,2019-11-01T14:02:00.000Z,2019-11-01T13:57:00.000Z,2019-11-01T13:40:00.000Z,2019-11-01T13:51:00.000Z,,,2019-11-01T14:02:00.000Z,,,,3,4,0.022222,0.204266,2019-10-27T23:00:00.000Z|EURCAD|ny|2019-11-01|SHORT|2019-11-01T13:35:00.000Z|2019-11-01T13:36:00.000Z,B540CDFF2A25AF9410BCBA1CA82C7383B59C31A0FFE6ACF2E47AEA9E746AA9AD
RAW_GRID_T100_S020_GATE90_TRIANGLE_V0_NO_CANDIDATE_B,triangle_v0_no_candidate_b,baseline,RAW_GRID_T100_S020_GATE90_TRIANGLE_V0_NO_CANDIDATE_B|EURCAD|SHORT|15,EURCAD,SHORT,target,2019-11-01T14:30:00.000Z,2019-11-01T14:44:00.000Z,2019-10-27T23:00:00.000Z,1,0,0,0.176166,0.729281,-0.06,0.000097,0.669378,-0.025691,0.176166,2019-11-01T14:36:00.000Z,2019-11-01T14:44:00.000Z,2019-11-01T14:43:00.000Z,,,,,,,,4,5,0.009722,0.204266,2019-10-27T23:00:00.000Z|EURCAD|ny|2019-11-01|SHORT|2019-11-01T14:03:00.000Z|2019-11-01T14:04:00.000Z,7198A00FAE04A3BF250D3C315C28A372985B05525C13C430EA992148A45D2427
RAW_GRID_T100_S020_GATE90_TRIANGLE_V0_NO_CANDIDATE_B,triangle_v0_no_candidate_b,baseline,RAW_GRID_T100_S020_GATE90_TRIANGLE_V0_NO_CANDIDATE_B|EURCHF|SHORT|8,EURCHF,SHORT,target,2019-10-29T14:32:00.000Z,2019-10-29T18:00:00.000Z,2019-10-27T23:00:00.000Z,1,0,0,0.285141,1.026446,-0.06,0.001444,0.967891,-0.005591,0.285141,2019-10-29T15:44:00.000Z,2019-10-29T18:00:00.000Z,2019-10-29T14:41:00.000Z,2019-10-29T15:14:00.000Z,,,,,,,1,2,0.144444,0.230706,2019-10-27T23:00:00.000Z|EURCHF|ny|2019-10-29|SHORT|2019-10-29T14:31:00.000Z|2019-10-29T14:32:00.000Z,062466975D7F7F25F5301B50B3101C5CDDE74D241A672D0A73FEEC30C6AD8B0A
RAW_GRID_T100_S020_GATE90_TRIANGLE_V0_NO_CANDIDATE_B,triangle_v0_no_candidate_b,baseline,RAW_GRID_T100_S020_GATE90_TRIANGLE_V0_NO_CANDIDATE_B|EURCHF|SHORT|9,EURCHF,SHORT,session_flatten,2019-10-29T19:24:00.000Z,2019-10-29T20:00:00.000Z,2019-10-27T23:00:00.000Z,1,0,0,0.083882,0.301857,-0.06,0.00025,0.242107,-0.019572,0.083882,2019-10-29T19:38:00.000Z,2019-10-29T20:00:00.000Z,,,,,,,,,2,,0.025,0.230706,2019-10-27T23:00:00.000Z|EURCHF|ny|2019-10-29|SHORT|2019-10-29T14:31:00.000Z|2019-10-29T14:32:00.000Z,62B34B6DB4EDCBE46E18223862C28258A1CC0EC98C50F3EC26A976FC4200DF45
RAW_GRID_T100_S020_GATE90_TRIANGLE_V0_NO_CANDIDATE_B,triangle_v0_no_candidate_b,baseline,RAW_GRID_T100_S020_GATE90_TRIANGLE_V0_NO_CANDIDATE_B|EURJPY|SHORT|10,EURJPY,SHORT,target,2019-10-31T03:33:00.000Z,2019-10-31T07:38:00.000Z,2019-10-27T23:00:00.000Z,1,0,0,0.29017,1.67554,-0.06,0.001701,1.617241,0,0.29017,,2019-10-31T07:38:00.000Z,2019-10-31T03:34:00.000Z,2019-10-31T07:37:00.000Z,,,,,,,2,3,0.170139,0.272559,2019-10-27T23:00:00.000Z|EURJPY|asia_london|2019-10-31|SHORT|2019-10-31T03:32:00.000Z|2019-10-31T03:33:00.000Z,195096632D469CDB542172097EAE56A1501A10489B10457F0C7F551159D449AF
RAW_GRID_T100_S020_GATE90_TRIANGLE_V0_NO_CANDIDATE_B,triangle_v0_no_candidate_b,baseline,RAW_GRID_T100_S020_GATE90_TRIANGLE_V0_NO_CANDIDATE_B|EURNZD|SHORT|12,EURNZD,SHORT,session_flatten,2019-10-29T14:44:00.000Z,2019-10-29T20:00:00.000Z,2019-10-27T23:00:00.000Z,1,0,0,0.077887,0.514804,-0.06,0.002194,0.456999,-0.080772,0.230777,2019-10-29T17:15:00.000Z,2019-10-29T15:36:00.000Z,2019-10-29T14:47:00.000Z,,,,,,,,3,,0.219444,0.231532,2019-10-27T23:00:00.000Z|EURNZD|ny|2019-10-29|SHORT|2019-10-29T14:43:00.000Z|2019-10-29T14:44:00.000Z,08ABA6CFE5232F56F7146EA0C6677BBD45764C9CB465A60BE44C0F61BA955A10
RAW_GRID_T100_S020_GATE90_TRIANGLE_V0_NO_CANDIDATE_B,triangle_v0_no_candidate_b,baseline,RAW_GRID_T100_S020_GATE90_TRIANGLE_V0_NO_CANDIDATE_B|NZDUSD|LONG|14,NZDUSD,LONG,target,2019-10-30T18:02:00.000Z,2019-10-30T18:04:00.000Z,2019-10-27T23:00:00.000Z,1,0,0,0.30179,1.320003,-0.06,-0.000127,1.259876,0,0.30179,,2019-10-30T18:04:00.000Z,2019-10-30T18:03:00.000Z,2019-10-30T18:04:00.000Z,,,,,,,5,6,0.001389,0.20158,2019-10-27T23:00:00.000Z|NZDUSD|ny|2019-10-30|LONG|2019-10-30T18:01:00.000Z|2019-10-30T18:02:00.000Z,A7DDAE471391FCD02D00CB22CEEB5326B1BE36DAC935575BB42CB3B2E514AA13
RAW_GRID_T100_S020_GATE90_TRIANGLE_V0_NO_CANDIDATE_B,triangle_v0_no_candidate_b,baseline,RAW_GRID_T100_S020_GATE90_TRIANGLE_V0_NO_CANDIDATE_B|NZDUSD|LONG|15,NZDUSD,LONG,target,2019-10-30T18:08:00.000Z,2019-10-30T18:56:00.000Z,2019-10-27T23:00:00.000Z,2,1,0,0.425622,1.860002,-0.12,-0.004139,1.735863,-0.36572,0.425622,2019-10-30T18:42:00.000Z,2019-10-30T18:56:00.000Z,2019-10-30T18:10:00.000Z,2019-10-30T18:52:00.000Z,2019-10-30T18:56:00.000Z,,2019-10-30T18:36:00.000Z,2019-10-30T18:39:00.000Z,,,6,7,0.033333,0.20158,2019-10-27T23:00:00.000Z|NZDUSD|ny|2019-10-30|LONG|2019-10-30T18:01:00.000Z|2019-10-30T18:02:00.000Z,1E128D2969B3A168FAA1A5B5713E253CB647C9CB980B5DAB903D5638C503DE00
RAW_GRID_T100_S020_GATE90_TRIANGLE_V0_NO_CANDIDATE_B,triangle_v0_no_candidate_b,baseline,RAW_GRID_T100_S020_GATE90_TRIANGLE_V0_NO_CANDIDATE_B|NZDUSD|SHORT|16,NZDUSD,SHORT,target,2019-11-01T12:31:00.000Z,2019-11-01T12:32:00.000Z,2019-10-27T23:00:00.000Z,1,0,0,0.383233,1.700001,-0.06,0.000007,1.640008,0,0.383233,,2019-11-01T12:32:00.000Z,2019-11-01T12:32:00.000Z,2019-11-01T12:32:00.000Z,,,,,,,4,5,0.000694,0.258631,2019-10-27T23:00:00.000Z|NZDUSD|asia_london|2019-11-01|SHORT|2019-11-01T12:30:00.000Z|2019-11-01T12:31:00.000Z,F1BF5D34166D88FA7F25C74DB59B378F4D170642E82A669EA669319C53ECB7A1
RAW_GRID_T100_S020_GATE90_TRIANGLE_V0_NO_CANDIDATE_B,triangle_v0_no_candidate_b,baseline,RAW_GRID_T100_S020_GATE90_TRIANGLE_V0_NO_CANDIDATE_B|USDCHF|LONG|10,USDCHF,LONG,session_flatten,2019-10-30T19:25:00.000Z,2019-10-30T20:00:00.000Z,2019-10-27T23:00:00.000Z,1,0,0,0.144815,0.636495,-0.06,-0.002229,0.574267,-0.043675,0.144815,2019-10-30T19:27:00.000Z,2019-10-30T20:00:00.000Z,2019-10-30T19:45:00.000Z,,,,,,,,2,,0.024306,0.230175,2019-10-27T23:00:00.000Z|USDCHF|ny|2019-10-30|LONG|2019-10-30T18:00:00.000Z|2019-10-30T18:01:00.000Z,FE411CD1BD6C47C76C46B2487565FE85E4807B98638F70FBE70958930232AB35
RAW_GRID_T100_S020_GATE90_TRIANGLE_V0_NO_CANDIDATE_B,triangle_v0_no_candidate_b,baseline,RAW_GRID_T100_S020_GATE90_TRIANGLE_V0_NO_CANDIDATE_B|USDJPY|SHORT|11,USDJPY,SHORT,session_flatten,2019-10-28T14:40:00.000Z,2019-10-28T20:00:00.000Z,2019-10-27T23:00:00.000Z,2,1,0,0.072895,0.211152,-0.12,0.003903,0.095055,-0.625409,0.142726,2019-10-28T16:02:00.000Z,2019-10-28T19:43:00.000Z,2019-10-28T19:43:00.000Z,,,,2019-10-28T15:53:00.000Z,2019-10-28T15:58:00.000Z,2019-10-28T16:01:00.000Z,,2,,0.222222,0.235319,2019-10-27T23:00:00.000Z|USDJPY|ny|2019-10-28|SHORT|2019-10-28T14:39:00.000Z|2019-10-28T14:40:00.000Z,BF9E37CCF006F0E0A5098E47CEBAF95913267AA864F6D1B87B4686B01AC45DDD
RAW_GRID_T100_S020_GATE90_TRIANGLE_V0_NO_CANDIDATE_B,triangle_v0_no_candidate_b,baseline,RAW_GRID_T100_S020_GATE90_TRIANGLE_V0_NO_CANDIDATE_B|USDJPY|LONG|12,USDJPY,LONG,target,2019-10-31T14:26:00.000Z,2019-10-31T14:59:00.000Z,2019-10-27T23:00:00.000Z,1,0,0,0.323104,0.933533,-0.06,-0.002101,0.871431,-0.079977,0.323104,2019-10-31T14:38:00.000Z,2019-10-31T14:59:00.000Z,2019-10-31T14:48:00.000Z,2019-10-31T14:59:00.000Z,,,,,,,5,6,0.022917,0.3,2019-10-27T23:00:00.000Z|USDJPY|ny|2019-10-31|LONG|2019-10-31T14:25:00.000Z|2019-10-31T14:26:00.000Z,FE2B55F4D8FD9A67E5842DBA61ED2E85B9E3CFD5E1708D8BFAC223A124C8AF0B
RAW_GRID_T100_S020_GATE90_TRIANGLE_V0_NO_CANDIDATE_B,triangle_v0_no_candidate_b,baseline,RAW_GRID_T100_S020_GATE90_TRIANGLE_V0_NO_CANDIDATE_B|USDJPY|LONG|13,USDJPY,LONG,session_flatten,2019-10-31T16:03:00.000Z,2019-10-31T20:00:00.000Z,2019-10-27T23:00:00.000Z,2,1,0,-0.20789,-0.601939,-0.12,-0.024899,-0.746838,-0.425575,0.137581,2019-10-31T17:33:00.000Z,2019-10-31T16:15:00.000Z,,,,,2019-10-31T16:48:00.000Z,2019-10-31T17:26:00.000Z,,,6,,0.164583,0.3,2019-10-27T23:00:00.000Z|USDJPY|ny|2019-10-31|LONG|2019-10-31T14:41:00.000Z|2019-10-31T14:42:00.000Z,36977495B46019D67A3B35E127C0FCAE25268A5E4A5C541B00164CC51E45FC92
RAW_GRID_T100_S020_GATE90_TRIANGLE_V0_NO_CANDIDATE_B,triangle_v0_no_candidate_b,baseline,RAW_GRID_T100_S020_GATE90_TRIANGLE_V0_NO_CANDIDATE_B|USDJPY|LONG|14,USDJPY,LONG,target,2019-11-01T01:02:00.000Z,2019-11-01T01:50:00.000Z,2019-10-27T23:00:00.000Z,1,0,0,0.282018,0.814919,-0.06,-0.003057,0.751862,0,0.282018,,2019-11-01T01:50:00.000Z,2019-11-01T01:06:00.000Z,,,,,,,,6,7,0.033333,0.3,2019-10-27T23:00:00.000Z|USDJPY|asia_london|2019-11-01|LONG|2019-11-01T01:01:00.000Z|2019-11-01T01:02:00.000Z,645CA45AE35D6A6361608F749E1B5E747BBEF6BA8F72F1BB36006858C76B1245
RAW_GRID_T100_S020_GATE90_TRIANGLE_V0_NO_CANDIDATE_B,triangle_v0_no_candidate_b,baseline,RAW_GRID_T100_S020_GATE90_TRIANGLE_V0_NO_CANDIDATE_B|AUDCAD|SHORT|8,AUDCAD,SHORT,session_flatten,2019-11-01T14:06:00.000Z,2019-11-04T01:00:00.000Z,2019-10-27T23:00:00.000Z,1,0,0,0.386211,1.567162,-0.06,0.024542,1.531703,-0.198021,0.386211,2019-11-01T14:32:00.000Z,2019-11-04T01:00:00.000Z,2019-11-01T14:07:00.000Z,2019-11-04T01:00:00.000Z,,,2019-11-01T14:26:00.000Z,,,,2,,2.454167,0.212445,2019-10-27T23:00:00.000Z|AUDCAD|ny|2019-11-01|SHORT|2019-11-01T14:05:00.000Z|2019-11-01T14:06:00.000Z,1F8FA3533458A4F98A6BA74583FD3AFAD537806C1E28090E726AC7138CC2678D
RAW_GRID_T100_S020_GATE90_TRIANGLE_V0_NO_CANDIDATE_B,triangle_v0_no_candidate_b,baseline,RAW_GRID_T100_S020_GATE90_TRIANGLE_V0_NO_CANDIDATE_B|AUDNZD|SHORT|10,AUDNZD,SHORT,target,2019-11-08T13:30:00.000Z,2019-11-08T15:02:00.000Z,2019-11-04T00:00:00.000Z,1,0,0,0.440948,1.468564,-0.06,0.000639,1.409203,0,0.440948,,2019-11-08T15:02:00.000Z,2019-11-08T13:43:00.000Z,2019-11-08T14:40:00.000Z,,,,,,,4,5,0.063889,0.261441,2019-11-04T00:00:00.000Z|AUDNZD|ny|2019-11-08|SHORT|2019-11-08T13:29:00.000Z|2019-11-08T13:30:00.000Z,4EB1B496CB9E4CCB95E6627390F76639DA60F783CC2271E103264FD0E8FD9F0E
RAW_GRID_T100_S020_GATE90_TRIANGLE_V0_NO_CANDIDATE_B,triangle_v0_no_candidate_b,baseline,RAW_GRID_T100_S020_GATE90_TRIANGLE_V0_NO_CANDIDATE_B|CADJPY|SHORT|14,CADJPY,SHORT,target,2019-11-07T19:44:00.000Z,2019-11-07T19:50:00.000Z,2019-11-04T00:00:00.000Z,1,0,0,0.305263,1.326758,-0.06,0.000042,1.2668,0,0.305263,,2019-11-07T19:50:00.000Z,2019-11-07T19:45:00.000Z,2019-11-07T19:50:00.000Z,,,,,,,1,2,0.004167,0.3,2019-11-04T00:00:00.000Z|CADJPY|ny|2019-11-07|SHORT|2019-11-07T19:43:00.000Z|2019-11-07T19:44:00.000Z,471D75724D2B6B396A77736D06B842921C59E8BF5937DF5AB222E973BA96DA53
RAW_GRID_T100_S020_GATE90_TRIANGLE_V0_NO_CANDIDATE_B,triangle_v0_no_candidate_b,baseline,RAW_GRID_T100_S020_GATE90_TRIANGLE_V0_NO_CANDIDATE_B|EURAUD|LONG|8,EURAUD,LONG,target,2019-11-07T17:01:00.000Z,2019-11-07T20:18:00.000Z,2019-11-04T00:00:00.000Z,3,2,0,0.569333,2.580379,-0.18,-0.034515,2.365864,-1.044993,0.569333,2019-11-07T17:40:00.000Z,2019-11-07T19:59:00.000Z,2019-11-07T19:45:00.000Z,2019-11-07T19:47:00.000Z,,,2019-11-07T17:11:00.000Z,2019-11-07T17:15:00.000Z,2019-11-07T17:22:00.000Z,2019-11-07T17:36:00.000Z,2,3,0.136806,0.3,2019-11-04T00:00:00.000Z|EURAUD|ny|2019-11-07|LONG|2019-11-07T15:57:00.000Z|2019-11-07T15:58:00.000Z,0FA8434D4E939A786D6EE834FC5BFB7053749248ED31A86D5F9ED025CF986488
RAW_GRID_T100_S020_GATE90_TRIANGLE_V0_NO_CANDIDATE_B,triangle_v0_no_candidate_b,baseline,RAW_GRID_T100_S020_GATE90_TRIANGLE_V0_NO_CANDIDATE_B|EURNZD|SHORT|13,EURNZD,SHORT,session_flatten,2019-11-04T15:33:00.000Z,2019-11-04T21:00:00.000Z,2019-11-04T00:00:00.000Z,2,1,0,-0.037325,-0.24306,-0.12,0.002785,-0.360276,-0.327949,0.171795,2019-11-04T19:47:00.000Z,2019-11-04T17:58:00.000Z,2019-11-04T15:40:00.000Z,,,,2019-11-04T19:09:00.000Z,2019-11-04T19:46:00.000Z,,,3,,0.227083,0.297628,2019-11-04T00:00:00.000Z|EURNZD|ny|2019-11-04|SHORT|2019-11-04T15:32:00.000Z|2019-11-04T15:33:00.000Z,1D6AE87C106BD1A1C035FE46AEC715DD4B33FEAD816B34A34C56C4BCD1F9B9E8
RAW_GRID_T100_S020_GATE90_TRIANGLE_V0_NO_CANDIDATE_B,triangle_v0_no_candidate_b,baseline,RAW_GRID_T100_S020_GATE90_TRIANGLE_V0_NO_CANDIDATE_B|EURNZD|SHORT|14,EURNZD,SHORT,target,2019-11-06T01:33:00.000Z,2019-11-06T08:46:00.000Z,2019-11-04T00:00:00.000Z,2,1,0,0.337373,2.207382,-0.12,0.003736,2.091118,-0.400079,0.337373,2019-11-06T07:14:00.000Z,2019-11-06T08:46:00.000Z,2019-11-06T01:41:00.000Z,2019-11-06T08:42:00.000Z,,,2019-11-06T06:42:00.000Z,2019-11-06T07:01:00.000Z,,,3,4,0.300694,0.207882,2019-11-04T00:00:00.000Z|EURNZD|asia_london|2019-11-06|SHORT|2019-11-06T01:32:00.000Z|2019-11-06T01:33:00.000Z,2BECA6F3D452627EC4C45B1D205FF7CDE7CE3A3747A855862314551BAE8921C7
RAW_GRID_T100_S020_GATE90_TRIANGLE_V0_NO_CANDIDATE_B,triangle_v0_no_candidate_b,baseline,RAW_GRID_T100_S020_GATE90_TRIANGLE_V0_NO_CANDIDATE_B|NZDUSD|LONG|17,NZDUSD,LONG,target,2019-11-07T07:22:00.000Z,2019-11-07T07:34:00.000Z,2019-11-04T00:00:00.000Z,1,0,0,0.281212,1.279998,-0.06,-0.000764,1.219233,0,0.281212,,2019-11-07T07:34:00.000Z,2019-11-07T07:26:00.000Z,2019-11-07T07:31:00.000Z,,,,,,,7,8,0.008333,0.20964,2019-11-04T00:00:00.000Z|NZDUSD|asia_london|2019-11-07|LONG|2019-11-07T07:21:00.000Z|2019-11-07T07:22:00.000Z,DDDA46679C5609F9EACA16BDB1B22905436358C6DE741CE8C18F21A7BC88EDF5
RAW_GRID_T100_S020_GATE90_TRIANGLE_V0_NO_CANDIDATE_B,triangle_v0_no_candidate_b,baseline,RAW_GRID_T100_S020_GATE90_TRIANGLE_V0_NO_CANDIDATE_B|NZDUSD|LONG|18,NZDUSD,LONG,target,2019-11-07T15:59:00.000Z,2019-11-07T17:22:00.000Z,2019-11-04T00:00:00.000Z,1,0,0,0.367744,1.669998,-0.06,-0.005285,1.604712,-0.006606,0.367744,2019-11-07T16:36:00.000Z,2019-11-07T17:22:00.000Z,2019-11-07T16:00:00.000Z,2019-11-07T17:15:00.000Z,,,,,,,8,9,0.057639,0.28193,2019-11-04T00:00:00.000Z|NZDUSD|ny|2019-11-07|LONG|2019-11-07T15:58:00.000Z|2019-11-07T15:59:00.000Z,E94FD095001A460B84DDB9405614CFAEA191B20B7685F23240900B7A500C3DB8
RAW_GRID_T100_S020_GATE90_TRIANGLE_V0_NO_CANDIDATE_B,triangle_v0_no_candidate_b,baseline,RAW_GRID_T100_S020_GATE90_TRIANGLE_V0_NO_CANDIDATE_B|USDJPY|SHORT|15,USDJPY,SHORT,target,2019-11-07T10:40:00.000Z,2019-11-07T19:47:00.000Z,2019-11-04T00:00:00.000Z,4,3,0,0.303409,1.235288,-0.24,0.007917,1.003204,-1.483514,0.303409,2019-11-07T17:47:00.000Z,2019-11-07T19:47:00.000Z,2019-11-07T11:40:00.000Z,2019-11-07T19:47:00.000Z,,,2019-11-07T14:08:00.000Z,2019-11-07T15:49:00.000Z,2019-11-07T15:53:00.000Z,2019-11-07T15:59:00.000Z,2,3,0.379861,0.238551,2019-11-04T00:00:00.000Z|USDJPY|asia_london|2019-11-07|SHORT|2019-11-07T10:39:00.000Z|2019-11-07T10:40:00.000Z,206940942A909BD631DB48541BCCF38BB31FFB62F04B0138974ED1BAE87B36B8
RAW_GRID_T100_S020_GATE90_TRIANGLE_V0_NO_CANDIDATE_B,triangle_v0_no_candidate_b,baseline,RAW_GRID_T100_S020_GATE90_TRIANGLE_V0_NO_CANDIDATE_B|AUDCAD|SHORT|9,AUDCAD,SHORT,target,2019-11-13T01:02:00.000Z,2019-11-13T01:58:00.000Z,2019-11-11T00:00:00.000Z,1,0,0,0.286035,1.20074,-0.06,0.000389,1.141129,0,0.286035,,2019-11-13T01:58:00.000Z,2019-11-13T01:03:00.000Z,2019-11-13T01:03:00.000Z,,,,,,,2,3,0.038889,0.21541,2019-11-11T00:00:00.000Z|AUDCAD|asia_london|2019-11-13|SHORT|2019-11-13T01:01:00.000Z|2019-11-13T01:02:00.000Z,787B8B753419ADEA15DA27F0D080B206A6B91E879CAEFD12AE55A7DB96D0F5AF
RAW_GRID_T100_S020_GATE90_TRIANGLE_V0_NO_CANDIDATE_B,triangle_v0_no_candidate_b,baseline,RAW_GRID_T100_S020_GATE90_TRIANGLE_V0_NO_CANDIDATE_B|AUDCAD|SHORT|10,AUDCAD,SHORT,target,2019-11-13T06:11:00.000Z,2019-11-13T09:58:00.000Z,2019-11-11T00:00:00.000Z,1,0,0,0.203407,0.851705,-0.06,0.001576,0.793281,-0.052201,0.203407,2019-11-13T06:46:00.000Z,2019-11-13T09:58:00.000Z,2019-11-13T09:41:00.000Z,,,,,,,,3,4,0.157639,0.21541,2019-11-11T00:00:00.000Z|AUDCAD|asia_london|2019-11-13|SHORT|2019-11-13T01:01:00.000Z|2019-11-13T01:02:00.000Z,EDDED6E9E5DBAFC5ED92D3B7578FCC8433B80C1ACCB14DD2BFAE28EC0B8487C1
RAW_GRID_T100_S020_GATE90_TRIANGLE_V0_NO_CANDIDATE_B,triangle_v0_no_candidate_b,baseline,RAW_GRID_T100_S020_GATE90_TRIANGLE_V0_NO_CANDIDATE_B|EURCHF|LONG|10,EURCHF,LONG,target,2019-11-14T11:11:00.000Z,2019-11-14T14:16:00.000Z,2019-11-11T00:00:00.000Z,1,0,0,0.141682,0.525962,-0.06,-0.011781,0.454181,-0.155305,0.141682,2019-11-14T12:24:00.000Z,2019-11-14T14:16:00.000Z,2019-11-14T14:16:00.000Z,,,,2019-11-14T11:39:00.000Z,,,,5,6,0.128472,0.254262,2019-11-11T00:00:00.000Z|EURCHF|asia_london|2019-11-14|LONG|2019-11-14T11:01:00.000Z|2019-11-14T11:02:00.000Z,60535FBFEED053D1417D27BBAD315F0016307F8713A1F0A7CFDC8CD1C960D789
RAW_GRID_T100_S020_GATE90_TRIANGLE_V0_NO_CANDIDATE_B,triangle_v0_no_candidate_b,baseline,RAW_GRID_T100_S020_GATE90_TRIANGLE_V0_NO_CANDIDATE_B|NZDCHF|SHORT|9,NZDCHF,SHORT,target,2019-11-14T00:17:00.000Z,2019-11-14T00:35:00.000Z,2019-11-11T00:00:00.000Z,1,0,0,0.258326,1.172049,-0.06,0.000125,1.112174,0,0.258326,,2019-11-14T00:35:00.000Z,2019-11-14T00:31:00.000Z,2019-11-14T00:32:00.000Z,,,,,,,1,2,0.0125,0.219153,2019-11-11T00:00:00.000Z|NZDCHF|asia_london|2019-11-14|SHORT|2019-11-14T00:16:00.000Z|2019-11-14T00:17:00.000Z,5C3D0E58A289C62C06F62FED390A108E4F59EF5D71EFF06E45A033453B1B4D0C
RAW_GRID_T100_S020_GATE90_TRIANGLE_V0_NO_CANDIDATE_B,triangle_v0_no_candidate_b,baseline,RAW_GRID_T100_S020_GATE90_TRIANGLE_V0_NO_CANDIDATE_B|NZDCHF|SHORT|10,NZDCHF,SHORT,target,2019-11-15T10:01:00.000Z,2019-11-15T10:08:00.000Z,2019-11-11T00:00:00.000Z,1,0,0,0.203509,0.918572,-0.06,0.000049,0.85862,0,0.203509,,2019-11-15T10:08:00.000Z,2019-11-15T10:05:00.000Z,,,,,,,,2,3,0.004861,0.26835,2019-11-11T00:00:00.000Z|NZDCHF|asia_london|2019-11-15|SHORT|2019-11-15T10:00:00.000Z|2019-11-15T10:01:00.000Z,99508BA4F2169AF6D06550431BE8C3460B8B32953530DC77AB108122CB172146
RAW_GRID_T100_S020_GATE90_TRIANGLE_V0_NO_CANDIDATE_B,triangle_v0_no_candidate_b,baseline,RAW_GRID_T100_S020_GATE90_TRIANGLE_V0_NO_CANDIDATE_B|USDCHF|LONG|11,USDCHF,LONG,target,2019-11-14T10:20:00.000Z,2019-11-14T10:30:00.000Z,2019-11-11T00:00:00.000Z,1,0,0,0.196685,0.869441,-0.06,-0.000637,0.808804,0,0.196685,,2019-11-14T10:30:00.000Z,2019-11-14T10:27:00.000Z,,,,,,,,2,3,0.006944,0.213732,2019-11-11T00:00:00.000Z|USDCHF|asia_london|2019-11-14|LONG|2019-11-14T10:19:00.000Z|2019-11-14T10:20:00.000Z,8780FE7CC17E6D1A8CB0755AA640DB0C24535F6492DC9FE93EB4311BBB2A7DBA
RAW_GRID_T100_S020_GATE90_TRIANGLE_V0_NO_CANDIDATE_B,triangle_v0_no_candidate_b,baseline,RAW_GRID_T100_S020_GATE90_TRIANGLE_V0_NO_CANDIDATE_B|AUDCHF|LONG|10,AUDCHF,LONG,target,2019-11-21T02:22:00.000Z,2019-11-21T02:34:00.000Z,2019-11-18T00:00:00.000Z,1,0,0,0.388386,2.048661,-0.06,-0.000764,1.987897,0,0.388386,,2019-11-21T02:34:00.000Z,2019-11-21T02:23:00.000Z,2019-11-21T02:30:00.000Z,,,,,,,4,5,0.008333,0.3,2019-11-18T00:00:00.000Z|AUDCHF|asia_london|2019-11-21|LONG|2019-11-21T02:21:00.000Z|2019-11-21T02:22:00.000Z,B4F92D8871A4CAF826A73135994C08E1799CACB3C3472A588C154418291C6A1E
RAW_GRID_T100_S020_GATE90_TRIANGLE_V0_NO_CANDIDATE_B,triangle_v0_no_candidate_b,baseline,RAW_GRID_T100_S020_GATE90_TRIANGLE_V0_NO_CANDIDATE_B|AUDJPY|LONG|9,AUDJPY,LONG,session_flatten,2019-11-20T18:00:00.000Z,2019-11-20T21:00:00.000Z,2019-11-18T00:00:00.000Z,1,0,0,0.157722,0.948677,-0.06,-0.011462,0.877215,-0.093408,0.237349,2019-11-20T18:34:00.000Z,2019-11-20T19:52:00.000Z,2019-11-20T18:04:00.000Z,2019-11-20T19:39:00.000Z,,,,,,,6,,0.125,0.220081,2019-11-18T00:00:00.000Z|AUDJPY|ny|2019-11-20|LONG|2019-11-20T17:59:00.000Z|2019-11-20T18:00:00.000Z,35D28BA75E02769A1E0290FD150CF50A7B347F7ADD202C59C43DF87EF5417869
RAW_GRID_T100_S020_GATE90_TRIANGLE_V0_NO_CANDIDATE_B,triangle_v0_no_candidate_b,baseline,RAW_GRID_T100_S020_GATE90_TRIANGLE_V0_NO_CANDIDATE_B|AUDJPY|LONG|10,AUDJPY,LONG,target,2019-11-21T02:22:00.000Z,2019-11-21T02:23:00.000Z,2019-11-18T00:00:00.000Z,1,0,0,0.331392,1.991392,-0.06,-0.000064,1.931328,0,0.331392,,2019-11-21T02:23:00.000Z,2019-11-21T02:23:00.000Z,2019-11-21T02:23:00.000Z,,,,,,,6,7,0.000694,0.248478,2019-11-18T00:00:00.000Z|AUDJPY|asia_london|2019-11-21|LONG|2019-11-21T02:21:00.000Z|2019-11-21T02:22:00.000Z,9C6D6D6B79941471F35FBB97D20F93728380CAD67C6474248CFA36D16B7459D2
RAW_GRID_T100_S020_GATE90_TRIANGLE_V0_NO_CANDIDATE_B,triangle_v0_no_candidate_b,baseline,RAW_GRID_T100_S020_GATE90_TRIANGLE_V0_NO_CANDIDATE_B|CADJPY|LONG|15,CADJPY,LONG,target,2019-11-20T00:14:00.000Z,2019-11-20T13:23:00.000Z,2019-11-18T00:00:00.000Z,3,2,0,0.027707,0.119792,-0.18,-0.106474,-0.166681,-0.977664,0.345298,2019-11-20T10:40:00.000Z,2019-11-20T02:38:00.000Z,2019-11-20T02:24:00.000Z,2019-11-20T02:34:00.000Z,,,2019-11-20T01:23:00.000Z,2019-11-20T01:31:00.000Z,2019-11-20T08:29:00.000Z,2019-11-20T10:32:00.000Z,10,11,0.547917,0.3,2019-11-18T00:00:00.000Z|CADJPY|asia_london|2019-11-20|LONG|2019-11-20T00:13:00.000Z|2019-11-20T00:14:00.000Z,79DD3F72AFD83DED05E36E80D1A06020FCAB14E28F34811A323F1A99D8B2EDFF
RAW_GRID_T100_S020_GATE90_TRIANGLE_V0_NO_CANDIDATE_B,triangle_v0_no_candidate_b,baseline,RAW_GRID_T100_S020_GATE90_TRIANGLE_V0_NO_CANDIDATE_B|CADJPY|LONG|16,CADJPY,LONG,target,2019-11-20T18:00:00.000Z,2019-11-20T18:54:00.000Z,2019-11-18T00:00:00.000Z,1,0,0,0.339992,1.528798,-0.06,-0.003439,1.465359,0,0.339992,,2019-11-20T18:54:00.000Z,2019-11-20T18:01:00.000Z,2019-11-20T18:54:00.000Z,,,,,,,11,12,0.0375,0.255988,2019-11-18T00:00:00.000Z|CADJPY|ny|2019-11-20|LONG|2019-11-20T17:59:00.000Z|2019-11-20T18:00:00.000Z,7B393F271CC37965833BE11A26D1311F0D12758DC83ACD6E4EE86EE0F1AB3322
RAW_GRID_T100_S020_GATE90_TRIANGLE_V0_NO_CANDIDATE_B,triangle_v0_no_candidate_b,baseline,RAW_GRID_T100_S020_GATE90_TRIANGLE_V0_NO_CANDIDATE_B|EURAUD|SHORT|9,EURAUD,SHORT,target,2019-11-21T02:22:00.000Z,2019-11-21T03:39:00.000Z,2019-11-18T00:00:00.000Z,1,0,0,0.271239,1.740951,-0.06,0.000535,1.681486,0,0.29455,,2019-11-21T02:23:00.000Z,2019-11-21T02:23:00.000Z,2019-11-21T02:23:00.000Z,,,,,,,3,4,0.053472,0.292825,2019-11-18T00:00:00.000Z|EURAUD|asia_london|2019-11-21|SHORT|2019-11-21T02:21:00.000Z|2019-11-21T02:22:00.000Z,87AB2E7E05C1344F73A130872D7D5AA78DA55525B467E3312A10B6B462B2A0FA
RAW_GRID_T100_S020_GATE90_TRIANGLE_V0_NO_CANDIDATE_B,triangle_v0_no_candidate_b,baseline,RAW_GRID_T100_S020_GATE90_TRIANGLE_V0_NO_CANDIDATE_B|EURCHF|SHORT|11,EURCHF,SHORT,target,2019-11-22T08:23:00.000Z,2019-11-22T09:05:00.000Z,2019-11-18T00:00:00.000Z,1,0,0,0.33047,1.448127,-0.06,0.000292,1.388419,-0.055078,0.33047,2019-11-22T08:32:00.000Z,2019-11-22T09:05:00.000Z,2019-11-22T09:02:00.000Z,2019-11-22T09:05:00.000Z,,,,,,,2,3,0.029167,0.210899,2019-11-18T00:00:00.000Z|EURCHF|asia_london|2019-11-22|SHORT|2019-11-22T08:22:00.000Z|2019-11-22T08:23:00.000Z,1A7E42AA09B48DA48A36A159CED8878E794A7EB2DB4BBD0D8AB9B9E68BF1141C
RAW_GRID_T100_S020_GATE90_TRIANGLE_V0_NO_CANDIDATE_B,triangle_v0_no_candidate_b,baseline,RAW_GRID_T100_S020_GATE90_TRIANGLE_V0_NO_CANDIDATE_B|EURCHF|SHORT|12,EURCHF,SHORT,target,2019-11-22T12:28:00.000Z,2019-11-22T13:06:00.000Z,2019-11-18T00:00:00.000Z,1,0,0,0.174517,0.764376,-0.06,0.000264,0.70464,0,0.174517,,2019-11-22T13:06:00.000Z,2019-11-22T12:43:00.000Z,,,,,,,,3,4,0.026389,0.210899,2019-11-18T00:00:00.000Z|EURCHF|asia_london|2019-11-22|SHORT|2019-11-22T08:22:00.000Z|2019-11-22T08:23:00.000Z,39955FD2CC137195A04E2ADB24FEC4C0AB09B5B051683DEC1D29801377E0AE7E
RAW_GRID_T100_S020_GATE90_TRIANGLE_V0_NO_CANDIDATE_B,triangle_v0_no_candidate_b,baseline,RAW_GRID_T100_S020_GATE90_TRIANGLE_V0_NO_CANDIDATE_B|GBPAUD|SHORT|13,GBPAUD,SHORT,target,2019-11-21T02:22:00.000Z,2019-11-21T09:51:00.000Z,2019-11-18T00:00:00.000Z,1,0,0,0.255652,2.31356,-0.06,0.003118,2.256678,0,0.287985,,2019-11-21T07:10:00.000Z,2019-11-21T02:23:00.000Z,2019-11-21T07:10:00.000Z,,,,,,,7,8,0.311806,0.266255,2019-11-18T00:00:00.000Z|GBPAUD|asia_london|2019-11-21|SHORT|2019-11-21T02:21:00.000Z|2019-11-21T02:22:00.000Z,4F9A2EEDF3C45B29EB1EA8FDE492DCCBF64F56E8BE5D1A10638A16D646AF8E83
RAW_GRID_T100_S020_GATE90_TRIANGLE_V0_NO_CANDIDATE_B,triangle_v0_no_candidate_b,baseline,RAW_GRID_T100_S020_GATE90_TRIANGLE_V0_NO_CANDIDATE_B|GBPCAD|SHORT|15,GBPCAD,SHORT,target,2019-11-19T15:14:00.000Z,2019-11-19T16:40:00.000Z,2019-11-18T00:00:00.000Z,1,0,0,0.34355,2.230964,-0.06,0.000597,2.171561,0,0.34355,,2019-11-19T16:40:00.000Z,2019-11-19T15:21:00.000Z,2019-11-19T15:39:00.000Z,,,,,,,5,6,0.059722,0.225002,2019-11-18T00:00:00.000Z|GBPCAD|ny|2019-11-19|SHORT|2019-11-19T15:13:00.000Z|2019-11-19T15:14:00.000Z,8A4CECA850711B5E249F172D79CA4EAFA2A460B004B21332CB447F3B413E001F
RAW_GRID_T100_S020_GATE90_TRIANGLE_V0_NO_CANDIDATE_B,triangle_v0_no_candidate_b,baseline,RAW_GRID_T100_S020_GATE90_TRIANGLE_V0_NO_CANDIDATE_B|GBPCAD|SHORT|16,GBPCAD,SHORT,session_flatten,2019-11-19T18:02:00.000Z,2019-11-19T21:00:00.000Z,2019-11-18T00:00:00.000Z,2,1,0,-0.687275,-4.446118,-0.12,0.002396,-4.563723,-0.687275,0,2019-11-19T21:00:00.000Z,,,,,,2019-11-19T18:03:00.000Z,2019-11-19T18:13:00.000Z,2019-11-19T18:54:00.000Z,2019-11-19T21:00:00.000Z,6,,0.123611,0.225002,2019-11-18T00:00:00.000Z|GBPCAD|ny|2019-11-19|SHORT|2019-11-19T15:13:00.000Z|2019-11-19T15:14:00.000Z,D39E0C53B2685AFF386F1E8C9E3EFE80956C626EB0201B274CE0455179600E87
RAW_GRID_T100_S020_GATE90_TRIANGLE_V0_NO_CANDIDATE_B,triangle_v0_no_candidate_b,baseline,RAW_GRID_T100_S020_GATE90_TRIANGLE_V0_NO_CANDIDATE_B|GBPCAD|SHORT|17,GBPCAD,SHORT,target,2019-11-21T13:08:00.000Z,2019-11-21T14:16:00.000Z,2019-11-18T00:00:00.000Z,1,0,0,0.510782,3.32616,-0.06,0.000472,3.266632,-0.091294,0.510782,2019-11-21T13:37:00.000Z,2019-11-21T14:16:00.000Z,2019-11-21T13:10:00.000Z,2019-11-21T14:16:00.000Z,2019-11-21T14:16:00.000Z,,,,,,6,7,0.047222,0.225392,2019-11-18T00:00:00.000Z|GBPCAD|ny|2019-11-21|SHORT|2019-11-21T13:07:00.000Z|2019-11-21T13:08:00.000Z,0B798088CE5101A76E69A1E76E4E7128AAA584E4CEE1D62F7ECB75BFBDC7EF16
RAW_GRID_T100_S020_GATE90_TRIANGLE_V0_NO_CANDIDATE_B,triangle_v0_no_candidate_b,baseline,RAW_GRID_T100_S020_GATE90_TRIANGLE_V0_NO_CANDIDATE_B|GBPCHF|SHORT|16,GBPCHF,SHORT,session_flatten,2019-11-15T14:22:00.000Z,2019-11-18T01:00:00.000Z,2019-11-11T00:00:00.000Z,1,0,0,-0.125399,-0.879339,-0.06,0.024431,-0.914909,-0.185179,0.164271,2019-11-15T15:17:00.000Z,2019-11-15T15:56:00.000Z,2019-11-15T15:51:00.000Z,,,,2019-11-15T14:42:00.000Z,,,,7,,2.443056,0.217126,2019-11-11T00:00:00.000Z|GBPCHF|ny|2019-11-15|SHORT|2019-11-15T14:21:00.000Z|2019-11-15T14:22:00.000Z,6E86FE31A261BDB8781044F0CB7D140710F0B8D2B3C4472EE70FAF9BC1B71923
RAW_GRID_T100_S020_GATE90_TRIANGLE_V0_NO_CANDIDATE_B,triangle_v0_no_candidate_b,baseline,RAW_GRID_T100_S020_GATE90_TRIANGLE_V0_NO_CANDIDATE_B|GBPJPY|SHORT|14,GBPJPY,SHORT,target,2019-11-20T15:45:00.000Z,2019-11-20T18:16:00.000Z,2019-11-18T00:00:00.000Z,1,0,0,0.23848,1.908216,-0.06,0.001049,1.849264,-0.118665,0.23848,2019-11-20T17:48:00.000Z,2019-11-20T18:16:00.000Z,2019-11-20T15:57:00.000Z,,,,,,,,5,6,0.104861,0.251644,2019-11-18T00:00:00.000Z|GBPJPY|ny|2019-11-20|SHORT|2019-11-20T15:44:00.000Z|2019-11-20T15:45:00.000Z,2ACA490485F479C58868A77FEDBDD4FB3E4D7A633864262E1594B1C61D88D255
RAW_GRID_T100_S020_GATE90_TRIANGLE_V0_NO_CANDIDATE_B,triangle_v0_no_candidate_b,baseline,RAW_GRID_T100_S020_GATE90_TRIANGLE_V0_NO_CANDIDATE_B|GBPJPY|SHORT|15,GBPJPY,SHORT,target,2019-11-20T19:48:00.000Z,2019-11-20T20:41:00.000Z,2019-11-18T00:00:00.000Z,1,0,0,0.193556,1.547787,-0.06,0.000368,1.488155,0,0.193556,,2019-11-20T20:41:00.000Z,2019-11-20T20:21:00.000Z,,,,,,,,6,7,0.036806,0.251644,2019-11-18T00:00:00.000Z|GBPJPY|ny|2019-11-20|SHORT|2019-11-20T17:55:00.000Z|2019-11-20T17:56:00.000Z,50CDB8101FCAC0ED144F890A30FE92994B18AA429ADEFE160B8BC597BB7E7E4E
RAW_GRID_T100_S020_GATE90_TRIANGLE_V0_NO_CANDIDATE_B,triangle_v0_no_candidate_b,baseline,RAW_GRID_T100_S020_GATE90_TRIANGLE_V0_NO_CANDIDATE_B|NZDCHF|SHORT|11,NZDCHF,SHORT,session_flatten,2019-11-15T12:06:00.000Z,2019-11-18T01:00:00.000Z,2019-11-11T00:00:00.000Z,2,1,0,0.037475,0.192041,-0.12,0.049382,0.121423,-0.422322,0.049172,2019-11-15T15:41:00.000Z,2019-11-15T12:38:00.000Z,,,,,2019-11-15T12:55:00.000Z,2019-11-15T15:23:00.000Z,,,3,,2.5375,0.26835,2019-11-11T00:00:00.000Z|NZDCHF|asia_london|2019-11-15|SHORT|2019-11-15T10:00:00.000Z|2019-11-15T10:01:00.000Z,8326FE154416B4BA022F44D82DBDBC32EA2363A58208617B85E917E231E5CD34
RAW_GRID_T100_S020_GATE90_TRIANGLE_V0_NO_CANDIDATE_B,triangle_v0_no_candidate_b,baseline,RAW_GRID_T100_S020_GATE90_TRIANGLE_V0_NO_CANDIDATE_B|NZDJPY|LONG|11,NZDJPY,LONG,target,2019-11-21T02:22:00.000Z,2019-11-21T02:35:00.000Z,2019-11-18T00:00:00.000Z,1,0,0,0.292652,1.769142,-0.06,-0.000828,1.708314,0,0.292652,,2019-11-21T02:35:00.000Z,2019-11-21T02:23:00.000Z,2019-11-21T02:23:00.000Z,,,,,,,5,6,0.009028,0.223241,2019-11-18T00:00:00.000Z|NZDJPY|asia_london|2019-11-21|LONG|2019-11-21T02:21:00.000Z|2019-11-21T02:22:00.000Z,EAF1C152E0CC789AA8B4B880E60DF70D557BA3DF8DD04628F02694F40DAAEA37
RAW_GRID_T100_S020_GATE90_TRIANGLE_V0_NO_CANDIDATE_B,triangle_v0_no_candidate_b,baseline,RAW_GRID_T100_S020_GATE90_TRIANGLE_V0_NO_CANDIDATE_B|NZDJPY|LONG|12,NZDJPY,LONG,target,2019-11-21T02:50:00.000Z,2019-11-21T03:37:00.000Z,2019-11-18T00:00:00.000Z,1,0,0,0.167485,1.013736,-0.06,-0.002993,0.950743,0,0.167485,,2019-11-21T03:37:00.000Z,2019-11-21T03:01:00.000Z,,,,,,,,6,7,0.032639,0.223241,2019-11-18T00:00:00.000Z|NZDJPY|asia_london|2019-11-21|LONG|2019-11-21T02:21:00.000Z|2019-11-21T02:22:00.000Z,D9231F6487D4666C1A30D0C0A15270676CA0CD0AE3B86C1AF03E79A89520A65E
RAW_GRID_T100_S020_GATE90_TRIANGLE_V0_NO_CANDIDATE_B,triangle_v0_no_candidate_b,baseline,RAW_GRID_T100_S020_GATE90_TRIANGLE_V0_NO_CANDIDATE_B|USDCAD|SHORT|28,USDCAD,SHORT,target,2019-11-20T17:01:00.000Z,2019-11-20T20:00:00.000Z,2019-11-18T00:00:00.000Z,1,0,0,0.268427,0.834146,-0.06,0.001243,0.775389,-0.19588,0.268427,2019-11-20T18:00:00.000Z,2019-11-20T20:00:00.000Z,2019-11-20T17:07:00.000Z,,,,2019-11-20T17:59:00.000Z,,,,17,18,0.124306,0.3,2019-11-18T00:00:00.000Z|USDCAD|ny|2019-11-20|SHORT|2019-11-20T17:00:00.000Z|2019-11-20T17:01:00.000Z,F640E9F2E0CEFB219F35271A45FB7F96DB917610E47412902C020FE24485B824
RAW_GRID_T100_S020_GATE90_TRIANGLE_V0_NO_CANDIDATE_B,triangle_v0_no_candidate_b,baseline,RAW_GRID_T100_S020_GATE90_TRIANGLE_V0_NO_CANDIDATE_B|USDCAD|SHORT|29,USDCAD,SHORT,target,2019-11-21T14:15:00.000Z,2019-11-21T14:16:00.000Z,2019-11-18T00:00:00.000Z,1,0,0,0.848455,2.641361,-0.06,0.000007,2.581368,0,0.848455,,2019-11-21T14:16:00.000Z,2019-11-21T14:16:00.000Z,2019-11-21T14:16:00.000Z,2019-11-21T14:16:00.000Z,2019-11-21T14:16:00.000Z,,,,,18,19,0.000694,0.215967,2019-11-18T00:00:00.000Z|USDCAD|ny|2019-11-21|SHORT|2019-11-21T14:14:00.000Z|2019-11-21T14:15:00.000Z,6E00DD0BA6C3A89E469E9DAEFB81094A9F9793BD01DE9E5DA5145DBFB273B5E4
RAW_GRID_T100_S020_GATE90_TRIANGLE_V0_NO_CANDIDATE_B,triangle_v0_no_candidate_b,baseline,RAW_GRID_T100_S020_GATE90_TRIANGLE_V0_NO_CANDIDATE_B|USDJPY|LONG|16,USDJPY,LONG,target,2019-11-20T01:36:00.000Z,2019-11-20T07:05:00.000Z,2019-11-18T00:00:00.000Z,1,0,0,0.217867,1.031874,-0.06,-0.020951,0.950923,-0.019453,0.217867,2019-11-20T01:54:00.000Z,2019-11-20T07:05:00.000Z,2019-11-20T01:44:00.000Z,2019-11-20T07:05:00.000Z,,,,,,,7,8,0.228472,0.205506,2019-11-18T00:00:00.000Z|USDJPY|asia_london|2019-11-20|LONG|2019-11-20T01:35:00.000Z|2019-11-20T01:36:00.000Z,A38471407D282CFF6C554F85CCBA04FFD7AC8DE0B850091B89D7DB3CE721CFC3
RAW_GRID_T100_S020_GATE90_TRIANGLE_V0_NO_CANDIDATE_B,triangle_v0_no_candidate_b,baseline,RAW_GRID_T100_S020_GATE90_TRIANGLE_V0_NO_CANDIDATE_B|USDJPY|LONG|17,USDJPY,LONG,target,2019-11-20T07:44:00.000Z,2019-11-20T12:03:00.000Z,2019-11-18T00:00:00.000Z,1,0,0,0.136189,0.645276,-0.06,-0.016493,0.568782,-0.110896,0.136189,2019-11-20T09:06:00.000Z,2019-11-20T12:03:00.000Z,2019-11-20T09:35:00.000Z,,,,2019-11-20T09:06:00.000Z,,,,8,9,0.179861,0.205506,2019-11-18T00:00:00.000Z|USDJPY|asia_london|2019-11-20|LONG|2019-11-20T01:35:00.000Z|2019-11-20T01:36:00.000Z,D020B5844E4C2061F53C5A422462B8D1BF48C33AF4F1DAC14D47DADB8C396885
RAW_GRID_T100_S020_GATE90_TRIANGLE_V0_NO_CANDIDATE_B,triangle_v0_no_candidate_b,baseline,RAW_GRID_T100_S020_GATE90_TRIANGLE_V0_NO_CANDIDATE_B|USDJPY|LONG|18,USDJPY,LONG,target,2019-11-21T02:22:00.000Z,2019-11-21T02:24:00.000Z,2019-11-18T00:00:00.000Z,1,0,0,0.331001,1.566865,-0.06,-0.000127,1.506738,0,0.331001,,2019-11-21T02:24:00.000Z,2019-11-21T02:23:00.000Z,2019-11-21T02:23:00.000Z,,,,,,,9,10,0.001389,0.211969,2019-11-18T00:00:00.000Z|USDJPY|asia_london|2019-11-21|LONG|2019-11-21T02:21:00.000Z|2019-11-21T02:22:00.000Z,3B55DCFDF9CFCBAD4ACBE5316968CFA9332D077CC03F3F97895193C0AAEF055C
RAW_GRID_T100_S020_GATE90_TRIANGLE_V0_NO_CANDIDATE_B,triangle_v0_no_candidate_b,baseline,RAW_GRID_T100_S020_GATE90_TRIANGLE_V0_NO_CANDIDATE_B|EURCAD|LONG|16,EURCAD,LONG,session_flatten,2019-11-22T13:49:00.000Z,2019-11-25T01:00:00.000Z,2019-11-18T00:00:00.000Z,1,0,0,-0.257045,-1.21865,-0.06,-0.22613,-1.50478,-0.257045,0.135813,2019-11-25T01:00:00.000Z,2019-11-22T14:45:00.000Z,2019-11-22T14:42:00.000Z,,,,2019-11-22T15:19:00.000Z,2019-11-25T01:00:00.000Z,,,6,,2.465972,0.227152,2019-11-18T00:00:00.000Z|EURCAD|ny|2019-11-22|LONG|2019-11-22T13:48:00.000Z|2019-11-22T13:49:00.000Z,2D9893B3A834089116E04B7C18DB1D3FE04A2D296290A95A1B54D70CD86B6369
RAW_GRID_T100_S020_GATE90_TRIANGLE_V0_NO_CANDIDATE_B,triangle_v0_no_candidate_b,baseline,RAW_GRID_T100_S020_GATE90_TRIANGLE_V0_NO_CANDIDATE_B|EURCHF|SHORT|13,EURCHF,SHORT,target,2019-11-26T08:50:00.000Z,2019-11-26T11:11:00.000Z,2019-11-25T00:00:00.000Z,1,0,0,0.343197,1.524389,-0.06,0.000979,1.465368,0,0.343197,,2019-11-26T11:11:00.000Z,2019-11-26T08:53:00.000Z,2019-11-26T09:42:00.000Z,,,,,,,4,5,0.097917,0.21911,2019-11-25T00:00:00.000Z|EURCHF|asia_london|2019-11-26|SHORT|2019-11-26T08:49:00.000Z|2019-11-26T08:50:00.000Z,16DC0A6C7583B07B7ADDEB913857CE2F89E15B58CB3EA05CBCF1643A4A327CF9
RAW_GRID_T100_S020_GATE90_TRIANGLE_V0_NO_CANDIDATE_B,triangle_v0_no_candidate_b,baseline,RAW_GRID_T100_S020_GATE90_TRIANGLE_V0_NO_CANDIDATE_B|EURCHF|SHORT|14,EURCHF,SHORT,target,2019-11-26T12:58:00.000Z,2019-11-26T14:02:00.000Z,2019-11-25T00:00:00.000Z,1,0,0,0.176226,0.782455,-0.06,0.000444,0.7229,-0.027111,0.176226,2019-11-26T13:13:00.000Z,2019-11-26T14:02:00.000Z,2019-11-26T13:29:00.000Z,,,,,,,,5,6,0.044444,0.21911,2019-11-25T00:00:00.000Z|EURCHF|asia_london|2019-11-26|SHORT|2019-11-26T08:49:00.000Z|2019-11-26T08:50:00.000Z,4662F0D3B02CAFCC0C85676D5A6FF1BA427FADE0D73D21437B2913882D86BFC2
RAW_GRID_T100_S020_GATE90_TRIANGLE_V0_NO_CANDIDATE_B,triangle_v0_no_candidate_b,baseline,RAW_GRID_T100_S020_GATE90_TRIANGLE_V0_NO_CANDIDATE_B|GBPNZD|LONG|23,GBPNZD,LONG,session_flatten,2019-11-26T13:32:00.000Z,2019-11-26T21:00:00.000Z,2019-11-25T00:00:00.000Z,1,0,0,0.022318,0.360002,-0.06,-0.028529,0.271474,-0.076874,0.353991,2019-11-26T16:02:00.000Z,2019-11-26T15:27:00.000Z,2019-11-26T14:33:00.000Z,2019-11-26T14:48:00.000Z,,,,,,,6,,0.311111,0.227543,2019-11-25T00:00:00.000Z|GBPNZD|ny|2019-11-26|LONG|2019-11-26T13:31:00.000Z|2019-11-26T13:32:00.000Z,FE25A5B362BD154F66BEB9522732962024FEF5FD0335239F01289210910A67F5
RAW_GRID_T100_S020_GATE90_TRIANGLE_V0_NO_CANDIDATE_B,triangle_v0_no_candidate_b,baseline,RAW_GRID_T100_S020_GATE90_TRIANGLE_V0_NO_CANDIDATE_B|GBPUSD|LONG|22,GBPUSD,LONG,target,2019-11-26T09:35:00.000Z,2019-11-26T15:27:00.000Z,2019-11-25T00:00:00.000Z,2,1,0,0.354703,2.279996,-0.12,-0.040692,2.119305,-0.534738,0.5724,2019-11-26T14:43:00.000Z,2019-11-26T11:51:00.000Z,2019-11-26T11:17:00.000Z,2019-11-26T11:43:00.000Z,2019-11-26T11:49:00.000Z,,2019-11-26T10:18:00.000Z,2019-11-26T10:40:00.000Z,2019-11-26T14:43:00.000Z,,3,4,0.244444,0.226131,2019-11-25T00:00:00.000Z|GBPUSD|asia_london|2019-11-26|LONG|2019-11-26T09:34:00.000Z|2019-11-26T09:35:00.000Z,A53CB2B6C41CC1FA6F3E94FF44D09B67A802B191B7E3092B5E1C33C3CD545990
RAW_GRID_T100_S020_GATE90_TRIANGLE_V0_NO_CANDIDATE_B,triangle_v0_no_candidate_b,baseline,RAW_GRID_T100_S020_GATE90_TRIANGLE_V0_NO_CANDIDATE_B|NZDCHF|SHORT|12,NZDCHF,SHORT,session_flatten,2019-11-22T09:03:00.000Z,2019-11-25T01:00:00.000Z,2019-11-18T00:00:00.000Z,1,0,0,-0.174591,-0.892363,-0.06,0.026646,-0.925717,-0.174591,0.268275,2019-11-25T01:00:00.000Z,2019-11-22T09:29:00.000Z,2019-11-22T09:15:00.000Z,2019-11-22T09:26:00.000Z,,,2019-11-25T01:00:00.000Z,,,,3,,2.664583,0.20824,2019-11-18T00:00:00.000Z|NZDCHF|asia_london|2019-11-22|SHORT|2019-11-22T09:02:00.000Z|2019-11-22T09:03:00.000Z,B68BF0F4848E28C0B0110E9574E3F580C9504A62656C4C0BCB51E920BD950642
RAW_GRID_T100_S020_GATE90_TRIANGLE_V0_NO_CANDIDATE_B,triangle_v0_no_candidate_b,baseline,RAW_GRID_T100_S020_GATE90_TRIANGLE_V0_NO_CANDIDATE_B|CADCHF|LONG|12,CADCHF,LONG,target,2019-12-03T16:33:00.000Z,2019-12-03T18:41:00.000Z,2019-12-02T00:00:00.000Z,1,0,0,0.208929,0.831142,-0.06,-0.008151,0.762991,-0.015288,0.208929,2019-12-03T16:35:00.000Z,2019-12-03T18:41:00.000Z,2019-12-03T17:39:00.000Z,,,,,,,,4,5,0.088889,0.3,2019-12-02T00:00:00.000Z|CADCHF|ny|2019-12-03|LONG|2019-12-03T15:17:00.000Z|2019-12-03T15:18:00.000Z,7394D38F816A9E2FE6F149AFB23F0FB182B95D3FE8CEC1DD723564D0134B66FD
RAW_GRID_T100_S020_GATE90_TRIANGLE_V0_NO_CANDIDATE_B,triangle_v0_no_candidate_b,baseline,RAW_GRID_T100_S020_GATE90_TRIANGLE_V0_NO_CANDIDATE_B|CADJPY|LONG|17,CADJPY,LONG,target,2019-12-03T14:57:00.000Z,2019-12-03T15:19:00.000Z,2019-12-02T00:00:00.000Z,1,0,0,0.303541,1.196051,-0.06,-0.001401,1.13465,0,0.303541,,2019-12-03T15:19:00.000Z,2019-12-03T14:58:00.000Z,2019-12-03T15:19:00.000Z,,,,,,,12,13,0.015278,0.3,2019-12-02T00:00:00.000Z|CADJPY|ny|2019-12-03|LONG|2019-12-03T14:56:00.000Z|2019-12-03T14:57:00.000Z,81E8CA31D579567F9684B211374E12DD80074554F134F8DBEBBCADFD3856B624
RAW_GRID_T100_S020_GATE90_TRIANGLE_V0_NO_CANDIDATE_B,triangle_v0_no_candidate_b,baseline,RAW_GRID_T100_S020_GATE90_TRIANGLE_V0_NO_CANDIDATE_B|CADJPY|LONG|18,CADJPY,LONG,target,2019-12-03T15:29:00.000Z,2019-12-03T18:42:00.000Z,2019-12-02T00:00:00.000Z,1,0,0,0.119057,0.469675,-0.06,-0.01229,0.397384,-0.107384,0.172749,2019-12-03T16:33:00.000Z,2019-12-03T15:41:00.000Z,2019-12-03T15:36:00.000Z,,,,,,,,13,14,0.134028,0.3,2019-12-02T00:00:00.000Z|CADJPY|ny|2019-12-03|LONG|2019-12-03T14:56:00.000Z|2019-12-03T14:57:00.000Z,724E9DBA3CF63210BB11EE35C1C8A8192EBC1986684B61D29CA3DD4C4B0DA26B
RAW_GRID_T100_S020_GATE90_TRIANGLE_V0_NO_CANDIDATE_B,triangle_v0_no_candidate_b,baseline,RAW_GRID_T100_S020_GATE90_TRIANGLE_V0_NO_CANDIDATE_B|GBPAUD|LONG|14,GBPAUD,LONG,target,2019-12-03T08:46:00.000Z,2019-12-03T10:15:00.000Z,2019-12-02T00:00:00.000Z,1,0,0,0.168844,1.521494,-0.06,-0.005668,1.455827,-0.130817,0.168844,2019-12-03T09:31:00.000Z,2019-12-03T10:15:00.000Z,2019-12-03T10:15:00.000Z,,,,,,,,4,5,0.061806,0.283783,2019-12-02T00:00:00.000Z|GBPAUD|asia_london|2019-12-03|LONG|2019-12-03T07:47:00.000Z|2019-12-03T07:48:00.000Z,7663442DE72999CBA04FAAB7B2A9D453F5EBE4C44306D0F2B11188196A716F86
RAW_GRID_T100_S020_GATE90_TRIANGLE_V0_NO_CANDIDATE_B,triangle_v0_no_candidate_b,baseline,RAW_GRID_T100_S020_GATE90_TRIANGLE_V0_NO_CANDIDATE_B|NZDJPY|SHORT|13,NZDJPY,SHORT,target,2019-12-02T15:01:00.000Z,2019-12-02T15:38:00.000Z,2019-12-02T00:00:00.000Z,1,0,0,0.24057,1.03518,-0.06,0.000257,0.975437,-0.076641,0.24057,2019-12-02T15:27:00.000Z,2019-12-02T15:38:00.000Z,2019-12-02T15:02:00.000Z,,,,,,,,1,2,0.025694,0.285578,2019-12-02T00:00:00.000Z|NZDJPY|ny|2019-12-02|SHORT|2019-12-02T15:00:00.000Z|2019-12-02T15:01:00.000Z,27808C472598B185D2CF774CD922CFB406000C7A90A30EDB92493F312A2B0AC2
RAW_GRID_T100_S020_GATE90_TRIANGLE_V0_NO_CANDIDATE_B,triangle_v0_no_candidate_b,baseline,RAW_GRID_T100_S020_GATE90_TRIANGLE_V0_NO_CANDIDATE_B|USDCAD|SHORT|30,USDCAD,SHORT,target,2019-12-02T16:02:00.000Z,2019-12-02T16:23:00.000Z,2019-12-02T00:00:00.000Z,1,0,0,0.213219,0.737187,-0.06,0.000146,0.677333,0,0.213219,,2019-12-02T16:23:00.000Z,2019-12-02T16:09:00.000Z,2019-12-02T16:23:00.000Z,,,,,,,19,20,0.014583,0.20636,2019-12-02T00:00:00.000Z|USDCAD|ny|2019-12-02|SHORT|2019-12-02T16:00:00.000Z|2019-12-02T16:02:00.000Z,1A557F5B592F82ED584C7C9C305375FC757AB93460DA97DA7109E53BD9B7F45A
RAW_GRID_T100_S020_GATE90_TRIANGLE_V0_NO_CANDIDATE_B,triangle_v0_no_candidate_b,baseline,RAW_GRID_T100_S020_GATE90_TRIANGLE_V0_NO_CANDIDATE_B|USDCAD|SHORT|31,USDCAD,SHORT,target,2019-12-02T18:24:00.000Z,2019-12-02T18:54:00.000Z,2019-12-02T00:00:00.000Z,1,0,0,0.161016,0.556597,-0.06,0.000208,0.496806,-0.008704,0.161016,2019-12-02T18:26:00.000Z,2019-12-02T18:54:00.000Z,2019-12-02T18:35:00.000Z,,,,,,,,20,21,0.020833,0.20636,2019-12-02T00:00:00.000Z|USDCAD|ny|2019-12-02|SHORT|2019-12-02T16:00:00.000Z|2019-12-02T16:02:00.000Z,7A04376E10AF8CB110B3C2FB0FF0333273873CE959DCCB2AC819CBA9CDA98018
RAW_GRID_T100_S020_GATE90_TRIANGLE_V0_NO_CANDIDATE_B,triangle_v0_no_candidate_b,baseline,RAW_GRID_T100_S020_GATE90_TRIANGLE_V0_NO_CANDIDATE_B|AUDCHF|LONG|11,AUDCHF,LONG,target,2019-12-11T00:05:00.000Z,2019-12-11T03:26:00.000Z,2019-12-09T00:00:00.000Z,1,0,0,0.226814,0.832927,-0.06,-0.0128,0.760127,-0.013831,0.226814,2019-12-11T00:41:00.000Z,2019-12-11T03:26:00.000Z,2019-12-11T00:14:00.000Z,2019-12-11T00:30:00.000Z,,,,,,,5,6,0.139583,0.217366,2019-12-09T00:00:00.000Z|AUDCHF|asia_london|2019-12-11|LONG|2019-12-11T00:04:00.000Z|2019-12-11T00:05:00.000Z,8AB277FEFC41771BBE8C1CE54167EBCD6308D61215F926C0FB1C4869C4352402
RAW_GRID_T100_S020_GATE90_TRIANGLE_V0_NO_CANDIDATE_B,triangle_v0_no_candidate_b,baseline,RAW_GRID_T100_S020_GATE90_TRIANGLE_V0_NO_CANDIDATE_B|AUDUSD|SHORT|11,AUDUSD,SHORT,target,2019-12-12T15:03:00.000Z,2019-12-12T16:57:00.000Z,2019-12-09T00:00:00.000Z,2,1,0,0.441216,1.47,-0.12,0.001444,1.351444,-0.345476,0.441216,2019-12-12T15:24:00.000Z,2019-12-12T16:57:00.000Z,2019-12-12T15:59:00.000Z,2019-12-12T16:19:00.000Z,,,2019-12-12T15:18:00.000Z,2019-12-12T15:23:00.000Z,,,5,6,0.079167,0.224467,2019-12-09T00:00:00.000Z|AUDUSD|ny|2019-12-12|SHORT|2019-12-12T14:56:00.000Z|2019-12-12T14:58:00.000Z,25858836CFA17EC23EC6E8C89D4182877E0E663E8369CD7C3B74587A36AA8B87
RAW_GRID_T100_S020_GATE90_TRIANGLE_V0_NO_CANDIDATE_B,triangle_v0_no_candidate_b,baseline,RAW_GRID_T100_S020_GATE90_TRIANGLE_V0_NO_CANDIDATE_B|AUDUSD|SHORT|12,AUDUSD,SHORT,session_flatten,2019-12-12T20:06:00.000Z,2019-12-12T21:00:00.000Z,2019-12-09T00:00:00.000Z,1,0,0,-0.258222,-0.860001,-0.06,0.000375,-0.919626,-0.282242,0.015013,2019-12-12T20:56:00.000Z,2019-12-12T20:25:00.000Z,,,,,2019-12-12T20:39:00.000Z,2019-12-12T20:55:00.000Z,,,6,,0.0375,0.224467,2019-12-09T00:00:00.000Z|AUDUSD|ny|2019-12-12|SHORT|2019-12-12T14:56:00.000Z|2019-12-12T14:58:00.000Z,F4B764924F4A7A52C98F9246309DDF071DA5A9EC6EC95C8A95F81F9B307FB000
RAW_GRID_T100_S020_GATE90_TRIANGLE_V0_NO_CANDIDATE_B,triangle_v0_no_candidate_b,baseline,RAW_GRID_T100_S020_GATE90_TRIANGLE_V0_NO_CANDIDATE_B|CHFJPY|SHORT|14,CHFJPY,SHORT,session_flatten,2019-12-10T16:10:00.000Z,2019-12-10T21:00:00.000Z,2019-12-09T00:00:00.000Z,3,2,0,-0.642603,-2.335506,-0.18,0.003632,-2.511874,-0.999081,0.015183,2019-12-10T19:58:00.000Z,2019-12-10T16:12:00.000Z,,,,,2019-12-10T16:47:00.000Z,2019-12-10T18:39:00.000Z,2019-12-10T19:16:00.000Z,2019-12-10T19:28:00.000Z,3,,0.201389,0.246915,2019-12-09T00:00:00.000Z|CHFJPY|ny|2019-12-10|SHORT|2019-12-10T13:33:00.000Z|2019-12-10T13:34:00.000Z,CC32682312AF9B9E3738E86084BAEC9BF9A5BE20E997C0C1465E067FE4D740B5
RAW_GRID_T100_S020_GATE90_TRIANGLE_V0_NO_CANDIDATE_B,triangle_v0_no_candidate_b,baseline,RAW_GRID_T100_S020_GATE90_TRIANGLE_V0_NO_CANDIDATE_B|CHFJPY|SHORT|15,CHFJPY,SHORT,session_flatten,2019-12-12T15:25:00.000Z,2019-12-12T21:00:00.000Z,2019-12-09T00:00:00.000Z,3,2,0,-1.262168,-4.583219,-0.18,0.00325,-4.759969,-1.262168,0.211745,2019-12-12T21:00:00.000Z,2019-12-12T15:59:00.000Z,2019-12-12T15:58:00.000Z,,,,2019-12-12T15:55:00.000Z,2019-12-12T19:32:00.000Z,2019-12-12T20:07:00.000Z,2019-12-12T20:39:00.000Z,3,,0.232639,0.257946,2019-12-09T00:00:00.000Z|CHFJPY|ny|2019-12-12|SHORT|2019-12-12T15:24:00.000Z|2019-12-12T15:25:00.000Z,74D1E886E33EEBC7075D2393FC9C26EF3B9486F875DEF6A521EEEF9C8E6BF084
RAW_GRID_T100_S020_GATE90_TRIANGLE_V0_NO_CANDIDATE_B,triangle_v0_no_candidate_b,baseline,RAW_GRID_T100_S020_GATE90_TRIANGLE_V0_NO_CANDIDATE_B|EURAUD|LONG|10,EURAUD,LONG,session_flatten,2019-12-12T14:59:00.000Z,2019-12-12T21:00:00.000Z,2019-12-09T00:00:00.000Z,3,2,0,-0.671695,-3.732151,-0.18,-0.067119,-3.979271,-1.086244,0.083309,2019-12-12T19:33:00.000Z,2019-12-12T15:00:00.000Z,,,,,2019-12-12T15:03:00.000Z,2019-12-12T15:03:00.000Z,2019-12-12T15:12:00.000Z,2019-12-12T15:53:00.000Z,3,,0.250694,0.229943,2019-12-09T00:00:00.000Z|EURAUD|ny|2019-12-12|LONG|2019-12-12T14:58:00.000Z|2019-12-12T14:59:00.000Z,3127F3DFFC0740567A9E05B354ACCAEA16E8884148D08B9A20B551439EEE4079
RAW_GRID_T100_S020_GATE90_TRIANGLE_V0_NO_CANDIDATE_B,triangle_v0_no_candidate_b,baseline,RAW_GRID_T100_S020_GATE90_TRIANGLE_V0_NO_CANDIDATE_B|EURGBP|SHORT|18,EURGBP,SHORT,target,2019-12-12T18:10:00.000Z,2019-12-12T19:39:00.000Z,2019-12-09T00:00:00.000Z,2,1,0,0.801938,5.099714,-0.12,0.001042,4.980755,-0.311676,0.801938,2019-12-12T18:38:00.000Z,2019-12-12T19:39:00.000Z,2019-12-12T18:45:00.000Z,2019-12-12T19:17:00.000Z,2019-12-12T19:38:00.000Z,,2019-12-12T18:38:00.000Z,2019-12-12T18:38:00.000Z,,,5,6,0.061806,0.295758,2019-12-09T00:00:00.000Z|EURGBP|ny|2019-12-12|SHORT|2019-12-12T14:16:00.000Z|2019-12-12T14:17:00.000Z,9E89FF7681C5E28841A77D31D37EFD515FB8509246D05C86DEB10DDAE30027A2
RAW_GRID_T100_S020_GATE90_TRIANGLE_V0_NO_CANDIDATE_B,triangle_v0_no_candidate_b,baseline,RAW_GRID_T100_S020_GATE90_TRIANGLE_V0_NO_CANDIDATE_B|GBPAUD|LONG|15,GBPAUD,LONG,target,2019-12-12T14:04:00.000Z,2019-12-12T19:49:00.000Z,2019-12-09T00:00:00.000Z,4,3,0,0.180115,1.628241,-0.24,-0.050753,1.337487,-1.964788,0.200189,2019-12-12T19:33:00.000Z,2019-12-12T14:31:00.000Z,2019-12-12T14:19:00.000Z,,,,2019-12-12T15:03:00.000Z,2019-12-12T15:07:00.000Z,2019-12-12T15:39:00.000Z,2019-12-12T18:10:00.000Z,5,6,0.239583,0.3,2019-12-09T00:00:00.000Z|GBPAUD|ny|2019-12-12|LONG|2019-12-12T14:03:00.000Z|2019-12-12T14:04:00.000Z,C7B9EA433B2B9366FA64DEF02AD487F476C9732FA092602ED94653314C6C8B11
RAW_GRID_T100_S020_GATE90_TRIANGLE_V0_NO_CANDIDATE_B,triangle_v0_no_candidate_b,baseline,RAW_GRID_T100_S020_GATE90_TRIANGLE_V0_NO_CANDIDATE_B|GBPCAD|LONG|18,GBPCAD,LONG,target,2019-12-12T18:10:00.000Z,2019-12-12T19:49:00.000Z,2019-12-09T00:00:00.000Z,1,0,0,0.50203,4.104014,-0.06,-0.006304,4.03771,-0.2422,0.50203,2019-12-12T18:38:00.000Z,2019-12-12T19:49:00.000Z,2019-12-12T18:18:00.000Z,2019-12-12T19:49:00.000Z,,,2019-12-12T18:38:00.000Z,,,,5,6,0.06875,0.294532,2019-12-09T00:00:00.000Z|GBPCAD|ny|2019-12-12|LONG|2019-12-12T13:53:00.000Z|2019-12-12T13:54:00.000Z,B97F8F451C66598E744D2FCC3F1D3CFF470FAFF2F274D8CF3917C4A4120A2142
RAW_GRID_T100_S020_GATE90_TRIANGLE_V0_NO_CANDIDATE_B,triangle_v0_no_candidate_b,baseline,RAW_GRID_T100_S020_GATE90_TRIANGLE_V0_NO_CANDIDATE_B|GBPCHF|LONG|17,GBPCHF,LONG,target,2019-12-12T18:10:00.000Z,2019-12-12T19:37:00.000Z,2019-12-09T00:00:00.000Z,1,0,0,0.176762,1.530288,-0.06,-0.00554,1.464748,-0.272752,0.176762,2019-12-12T18:38:00.000Z,2019-12-12T19:37:00.000Z,2019-12-12T18:21:00.000Z,,,,2019-12-12T18:38:00.000Z,,,,3,4,0.060417,0.278321,2019-12-09T00:00:00.000Z|GBPCHF|ny|2019-12-12|LONG|2019-12-12T14:16:00.000Z|2019-12-12T14:17:00.000Z,116E46A60002EC9FDB6B57DC51ACE072D654BB89A997C4525A3551F2A34F2262
RAW_GRID_T100_S020_GATE90_TRIANGLE_V0_NO_CANDIDATE_B,triangle_v0_no_candidate_b,baseline,RAW_GRID_T100_S020_GATE90_TRIANGLE_V0_NO_CANDIDATE_B|GBPCHF|LONG|18,GBPCHF,LONG,target,2019-12-13T15:39:00.000Z,2019-12-13T15:54:00.000Z,2019-12-09T00:00:00.000Z,1,0,0,0.199719,1.759564,-0.06,-0.000955,1.698609,-0.066957,0.199719,2019-12-13T15:40:00.000Z,2019-12-13T15:54:00.000Z,2019-12-13T15:43:00.000Z,,,,,,,,4,5,0.010417,0.3,2019-12-09T00:00:00.000Z|GBPCHF|ny|2019-12-13|LONG|2019-12-13T15:23:00.000Z|2019-12-13T15:24:00.000Z,9E97AC7A101E911F3B402C55F9444DD9A1C07296DBBBAE66DB41283DCE520361
RAW_GRID_T100_S020_GATE90_TRIANGLE_V0_NO_CANDIDATE_B,triangle_v0_no_candidate_b,baseline,RAW_GRID_T100_S020_GATE90_TRIANGLE_V0_NO_CANDIDATE_B|GBPJPY|SHORT|16,GBPJPY,SHORT,session_flatten,2019-12-10T13:34:00.000Z,2019-12-10T21:00:00.000Z,2019-12-09T00:00:00.000Z,2,1,0,-0.18706,-1.609104,-0.12,0.004111,-1.724993,-0.498944,0.281101,2019-12-10T19:55:00.000Z,2019-12-10T14:41:00.000Z,2019-12-10T13:37:00.000Z,2019-12-10T13:59:00.000Z,,,2019-12-10T17:20:00.000Z,2019-12-10T18:34:00.000Z,2019-12-10T19:55:00.000Z,,7,,0.309722,0.205984,2019-12-09T00:00:00.000Z|GBPJPY|ny|2019-12-10|SHORT|2019-12-10T13:33:00.000Z|2019-12-10T13:34:00.000Z,C8EC86A661FF6F638C55059910F5882B00DF4155F178A230FDE05FAAF4C837C6
RAW_GRID_T100_S020_GATE90_TRIANGLE_V0_NO_CANDIDATE_B,triangle_v0_no_candidate_b,baseline,RAW_GRID_T100_S020_GATE90_TRIANGLE_V0_NO_CANDIDATE_B|GBPNZD|LONG|24,GBPNZD,LONG,session_flatten,2019-12-11T20:17:00.000Z,2019-12-11T21:00:00.000Z,2019-12-09T00:00:00.000Z,1,0,0,0.130725,1.330639,-0.06,-0.002738,1.267901,0,0.181202,,2019-12-11T20:26:00.000Z,2019-12-11T20:22:00.000Z,,,,,,,,6,,0.029861,0.240083,2019-12-09T00:00:00.000Z|GBPNZD|ny|2019-12-11|LONG|2019-12-11T20:15:00.000Z|2019-12-11T20:17:00.000Z,CD609261324623A8F541C53D95509C190C8F3CAC7C86D5A892E6425946416A0B
RAW_GRID_T100_S020_GATE90_TRIANGLE_V0_NO_CANDIDATE_B,triangle_v0_no_candidate_b,baseline,RAW_GRID_T100_S020_GATE90_TRIANGLE_V0_NO_CANDIDATE_B|GBPNZD|LONG|25,GBPNZD,LONG,target,2019-12-12T11:47:00.000Z,2019-12-12T14:19:00.000Z,2019-12-09T00:00:00.000Z,2,1,0,0.327591,3.321065,-0.12,-0.012036,3.189029,-0.613916,0.327591,2019-12-12T13:48:00.000Z,2019-12-12T14:19:00.000Z,2019-12-12T11:52:00.000Z,2019-12-12T14:19:00.000Z,,,2019-12-12T13:34:00.000Z,2019-12-12T13:42:00.000Z,2019-12-12T13:44:00.000Z,,6,7,0.105556,0.265513,2019-12-09T00:00:00.000Z|GBPNZD|asia_london|2019-12-12|LONG|2019-12-12T11:46:00.000Z|2019-12-12T11:47:00.000Z,778FC621084E68BA286333541E755C31AB1223861A26A69C5BB0FE15BF96332F
RAW_GRID_T100_S020_GATE90_TRIANGLE_V0_NO_CANDIDATE_B,triangle_v0_no_candidate_b,baseline,RAW_GRID_T100_S020_GATE90_TRIANGLE_V0_NO_CANDIDATE_B|GBPNZD|LONG|26,GBPNZD,LONG,target,2019-12-12T15:07:00.000Z,2019-12-12T17:06:00.000Z,2019-12-09T00:00:00.000Z,2,1,0,0.271475,2.744901,-0.12,-0.013055,2.611847,-0.502525,0.271475,2019-12-12T16:00:00.000Z,2019-12-12T17:06:00.000Z,2019-12-12T16:36:00.000Z,2019-12-12T17:06:00.000Z,,,2019-12-12T15:25:00.000Z,2019-12-12T15:40:00.000Z,,,7,8,0.082639,0.251936,2019-12-09T00:00:00.000Z|GBPNZD|ny|2019-12-12|LONG|2019-12-12T14:16:00.000Z|2019-12-12T14:17:00.000Z,CD90587A7BC53E74341CABB3A936768B64AB7A65262B53C32ED0305AAC861C3C
RAW_GRID_T100_S020_GATE90_TRIANGLE_V0_NO_CANDIDATE_B,triangle_v0_no_candidate_b,baseline,RAW_GRID_T100_S020_GATE90_TRIANGLE_V0_NO_CANDIDATE_B|GBPNZD|LONG|27,GBPNZD,LONG,target,2019-12-12T17:39:00.000Z,2019-12-12T19:46:00.000Z,2019-12-09T00:00:00.000Z,2,1,0,0.386476,3.895349,-0.12,-0.012418,3.762932,-0.377551,0.386476,2019-12-12T18:38:00.000Z,2019-12-12T19:46:00.000Z,2019-12-12T19:38:00.000Z,2019-12-12T19:39:00.000Z,,,2019-12-12T18:10:00.000Z,2019-12-12T18:38:00.000Z,,,8,9,0.088194,0.251936,2019-12-09T00:00:00.000Z|GBPNZD|ny|2019-12-12|LONG|2019-12-12T14:16:00.000Z|2019-12-12T14:17:00.000Z,B2B63045D461CCF5EBA8E5460D5517EAFC96907C45F1FBA9327C76B75B12A78B
RAW_GRID_T100_S020_GATE90_TRIANGLE_V0_NO_CANDIDATE_B,triangle_v0_no_candidate_b,baseline,RAW_GRID_T100_S020_GATE90_TRIANGLE_V0_NO_CANDIDATE_B|GBPUSD|SHORT|23,GBPUSD,SHORT,target,2019-12-10T20:21:00.000Z,2019-12-10T20:44:00.000Z,2019-12-09T00:00:00.000Z,1,0,0,0.241362,1.780005,-0.06,0.00016,1.720165,-0.012204,0.241362,2019-12-10T20:34:00.000Z,2019-12-10T20:44:00.000Z,2019-12-10T20:42:00.000Z,,,,,,,,9,10,0.015972,0.258632,2019-12-09T00:00:00.000Z|GBPUSD|ny|2019-12-10|SHORT|2019-12-10T20:20:00.000Z|2019-12-10T20:21:00.000Z,55A0749A7B4AD530708476FA453619ACD9E83BC1BBED60382554DA248B0DC498
RAW_GRID_T100_S020_GATE90_TRIANGLE_V0_NO_CANDIDATE_B,triangle_v0_no_candidate_b,baseline,RAW_GRID_T100_S020_GATE90_TRIANGLE_V0_NO_CANDIDATE_B|NZDCHF|SHORT|13,NZDCHF,SHORT,target,2019-12-13T06:37:00.000Z,2019-12-13T07:24:00.000Z,2019-12-09T00:00:00.000Z,1,0,0,0.200796,0.801542,-0.06,0.000326,0.741869,-0.05846,0.200796,2019-12-13T06:51:00.000Z,2019-12-13T07:24:00.000Z,2019-12-13T07:19:00.000Z,,,,,,,,3,4,0.032639,0.3,2019-12-09T00:00:00.000Z|NZDCHF|asia_london|2019-12-13|SHORT|2019-12-13T02:13:00.000Z|2019-12-13T02:14:00.000Z,13872EED6C8AE375A4539B01FFB64343042681045E49983F720B24601C6E9D67
RAW_GRID_T100_S020_GATE90_TRIANGLE_V0_NO_CANDIDATE_B,triangle_v0_no_candidate_b,baseline,RAW_GRID_T100_S020_GATE90_TRIANGLE_V0_NO_CANDIDATE_B|AUDCHF|LONG|12,AUDCHF,LONG,session_flatten,2019-12-13T15:35:00.000Z,2019-12-16T01:00:00.000Z,2019-12-09T00:00:00.000Z,2,1,0,0.042223,0.233711,-0.12,-0.438441,-0.324729,-0.73646,0.123545,2019-12-13T15:59:00.000Z,2019-12-13T15:45:00.000Z,,,,,2019-12-13T15:39:00.000Z,2019-12-13T15:40:00.000Z,2019-12-13T15:56:00.000Z,,6,,2.392361,0.3,2019-12-09T00:00:00.000Z|AUDCHF|ny|2019-12-13|LONG|2019-12-13T15:02:00.000Z|2019-12-13T15:03:00.000Z,4C04512C2DAF7B4A85362CDC22EA51381271C093887200FEE4CDB02E377502A7
RAW_GRID_T100_S020_GATE90_TRIANGLE_V0_NO_CANDIDATE_B,triangle_v0_no_candidate_b,baseline,RAW_GRID_T100_S020_GATE90_TRIANGLE_V0_NO_CANDIDATE_B|AUDJPY|LONG|11,AUDJPY,LONG,session_flatten,2019-12-13T15:30:00.000Z,2019-12-16T01:00:00.000Z,2019-12-09T00:00:00.000Z,3,2,0,-0.131381,-0.777142,-0.18,-0.656865,-1.614007,-0.897188,0.08331,2019-12-13T15:56:00.000Z,2019-12-13T15:31:00.000Z,,,,,2019-12-13T15:38:00.000Z,2019-12-13T15:39:00.000Z,2019-12-13T15:40:00.000Z,2019-12-13T15:56:00.000Z,7,,2.395833,0.227211,2019-12-09T00:00:00.000Z|AUDJPY|ny|2019-12-13|LONG|2019-12-13T15:02:00.000Z|2019-12-13T15:03:00.000Z,285B94450DA451B6482B4E290BE12C89ACEBC1A303459CED3564C7039C7A92A2
RAW_GRID_T100_S020_GATE90_TRIANGLE_V0_NO_CANDIDATE_B,triangle_v0_no_candidate_b,baseline,RAW_GRID_T100_S020_GATE90_TRIANGLE_V0_NO_CANDIDATE_B|AUDNZD|LONG|11,AUDNZD,LONG,session_flatten,2019-12-13T15:32:00.000Z,2019-12-16T01:00:00.000Z,2019-12-09T00:00:00.000Z,1,0,0,-0.181957,-0.560576,-0.06,-0.219571,-0.840147,-0.236807,0.050384,2019-12-13T16:00:00.000Z,2019-12-13T15:33:00.000Z,,,,,2019-12-13T15:59:00.000Z,,,,1,,2.394444,0.294299,2019-12-09T00:00:00.000Z|AUDNZD|ny|2019-12-13|LONG|2019-12-13T15:02:00.000Z|2019-12-13T15:04:00.000Z,61DA3F94D6AD8C2C4CF8BEF1298FC560C4967BC65DE5D267206D55AC2A37EC88
RAW_GRID_T100_S020_GATE90_TRIANGLE_V0_NO_CANDIDATE_B,triangle_v0_no_candidate_b,baseline,RAW_GRID_T100_S020_GATE90_TRIANGLE_V0_NO_CANDIDATE_B|CADCHF|LONG|13,CADCHF,LONG,target,2019-12-17T08:38:00.000Z,2019-12-17T15:18:00.000Z,2019-12-16T00:00:00.000Z,2,1,0,0.035998,0.163016,-0.12,-0.040947,0.002069,-0.63603,0.145506,2019-12-17T12:24:00.000Z,2019-12-17T09:05:00.000Z,2019-12-17T08:56:00.000Z,,,,2019-12-17T10:31:00.000Z,2019-12-17T11:15:00.000Z,2019-12-17T12:15:00.000Z,,5,6,0.277778,0.217674,2019-12-16T00:00:00.000Z|CADCHF|asia_london|2019-12-17|LONG|2019-12-17T08:37:00.000Z|2019-12-17T08:38:00.000Z,927C34EF677659C47C6F3B5EA19963F1E2C80DF714789F68362C99818B7BADC7
RAW_GRID_T100_S020_GATE90_TRIANGLE_V0_NO_CANDIDATE_B,triangle_v0_no_candidate_b,baseline,RAW_GRID_T100_S020_GATE90_TRIANGLE_V0_NO_CANDIDATE_B|EURAUD|SHORT|11,EURAUD,SHORT,session_flatten,2019-12-13T15:55:00.000Z,2019-12-16T01:00:00.000Z,2019-12-09T00:00:00.000Z,1,0,0,0.124008,0.89419,-0.06,0.023785,0.857975,-0.158735,0.124008,2019-12-13T15:59:00.000Z,2019-12-16T01:00:00.000Z,2019-12-16T01:00:00.000Z,,,,2019-12-13T15:56:00.000Z,,,,4,,2.378472,0.232838,2019-12-09T00:00:00.000Z|EURAUD|ny|2019-12-13|SHORT|2019-12-13T15:40:00.000Z|2019-12-13T15:41:00.000Z,2A676304F0B8E4338777DBD7B0F05FA70F8BED524472FA0309ADB7496406FD04
RAW_GRID_T100_S020_GATE90_TRIANGLE_V0_NO_CANDIDATE_B,triangle_v0_no_candidate_b,baseline,RAW_GRID_T100_S020_GATE90_TRIANGLE_V0_NO_CANDIDATE_B|EURCHF|LONG|15,EURCHF,LONG,session_flatten,2019-12-13T15:42:00.000Z,2019-12-16T01:00:00.000Z,2019-12-09T00:00:00.000Z,1,0,0,0.07372,0.355646,-0.06,-0.218934,0.076713,-0.149544,0.184259,2019-12-13T15:56:00.000Z,2019-12-13T15:46:00.000Z,2019-12-13T15:43:00.000Z,,,,,,,,6,,2.3875,0.3,2019-12-09T00:00:00.000Z|EURCHF|ny|2019-12-13|LONG|2019-12-13T15:41:00.000Z|2019-12-13T15:42:00.000Z,282DA6D95CEAEDB16B83F784CA823CA4E78D36BF47989563FEE07EDD14574BFE
RAW_GRID_T100_S020_GATE90_TRIANGLE_V0_NO_CANDIDATE_B,triangle_v0_no_candidate_b,baseline,RAW_GRID_T100_S020_GATE90_TRIANGLE_V0_NO_CANDIDATE_B|EURJPY|LONG|11,EURJPY,LONG,session_flatten,2019-12-13T15:39:00.000Z,2019-12-16T01:00:00.000Z,2019-12-09T00:00:00.000Z,1,0,0,-0.061642,-0.402292,-0.06,-0.219125,-0.681417,-0.136866,0.149308,2019-12-13T15:52:00.000Z,2019-12-13T15:43:00.000Z,,,,,,,,,5,,2.389583,0.3,2019-12-09T00:00:00.000Z|EURJPY|ny|2019-12-13|LONG|2019-12-13T15:01:00.000Z|2019-12-13T15:02:00.000Z,040D30540CC9532AB5CCDC0D3DDA8D64AF72B3747C7C7B4CAA5730B0C252B667
RAW_GRID_T100_S020_GATE90_TRIANGLE_V0_NO_CANDIDATE_B,triangle_v0_no_candidate_b,baseline,RAW_GRID_T100_S020_GATE90_TRIANGLE_V0_NO_CANDIDATE_B|EURUSD|LONG|12,EURUSD,LONG,target,2019-12-19T15:42:00.000Z,2019-12-19T16:30:00.000Z,2019-12-16T00:00:00.000Z,1,0,0,0.254976,1.239998,-0.06,-0.003057,1.176941,-0.008225,0.254976,2019-12-19T15:52:00.000Z,2019-12-19T16:30:00.000Z,2019-12-19T15:46:00.000Z,2019-12-19T16:29:00.000Z,,,,,,,3,4,0.033333,0.208768,2019-12-16T00:00:00.000Z|EURUSD|ny|2019-12-19|LONG|2019-12-19T15:41:00.000Z|2019-12-19T15:42:00.000Z,D8CA5F98DEC66ACA6F7383DF5B716820AF7C4CD7CD1DCFA98AF8D184A6BC1061
RAW_GRID_T100_S020_GATE90_TRIANGLE_V0_NO_CANDIDATE_B,triangle_v0_no_candidate_b,baseline,RAW_GRID_T100_S020_GATE90_TRIANGLE_V0_NO_CANDIDATE_B|GBPAUD|LONG|16,GBPAUD,LONG,target,2019-12-18T08:04:00.000Z,2019-12-18T08:30:00.000Z,2019-12-16T00:00:00.000Z,1,0,0,0.176695,2.163461,-0.06,-0.001656,2.101805,0,0.176695,,2019-12-18T08:30:00.000Z,2019-12-18T08:09:00.000Z,,,,,,,,6,7,0.018056,0.206611,2019-12-16T00:00:00.000Z|GBPAUD|asia_london|2019-12-18|LONG|2019-12-18T08:03:00.000Z|2019-12-18T08:04:00.000Z,02A6A3325CE6C43F92736599E094133F2D9572E6178C4C9DCCF11B5930E61B05
RAW_GRID_T100_S020_GATE90_TRIANGLE_V0_NO_CANDIDATE_B,triangle_v0_no_candidate_b,baseline,RAW_GRID_T100_S020_GATE90_TRIANGLE_V0_NO_CANDIDATE_B|GBPAUD|LONG|17,GBPAUD,LONG,session_flatten,2019-12-18T10:30:00.000Z,2019-12-18T21:00:00.000Z,2019-12-16T00:00:00.000Z,3,2,0,0.265953,3.242033,-0.18,-0.091827,2.970206,-0.640319,0.39206,2019-12-18T15:20:00.000Z,2019-12-18T19:58:00.000Z,2019-12-18T11:16:00.000Z,2019-12-18T18:08:00.000Z,,,2019-12-18T12:22:00.000Z,2019-12-18T13:08:00.000Z,2019-12-18T15:02:00.000Z,2019-12-18T15:20:00.000Z,7,,0.4375,0.206611,2019-12-16T00:00:00.000Z|GBPAUD|asia_london|2019-12-18|LONG|2019-12-18T08:03:00.000Z|2019-12-18T08:04:00.000Z,96B639F34D65654A08A17B87CD94E3F2539C12D51CC6EA4DDD0BFA4235D041D2
RAW_GRID_T100_S020_GATE90_TRIANGLE_V0_NO_CANDIDATE_B,triangle_v0_no_candidate_b,baseline,RAW_GRID_T100_S020_GATE90_TRIANGLE_V0_NO_CANDIDATE_B|GBPCHF|LONG|19,GBPCHF,LONG,session_flatten,2019-12-16T15:05:00.000Z,2019-12-16T21:00:00.000Z,2019-12-16T00:00:00.000Z,1,0,0,0.058336,0.692116,-0.06,-0.022607,0.60951,-0.052332,0.183588,2019-12-16T18:25:00.000Z,2019-12-16T15:10:00.000Z,2019-12-16T15:10:00.000Z,,,,,,,,5,,0.246528,0.260848,2019-12-16T00:00:00.000Z|GBPCHF|ny|2019-12-16|LONG|2019-12-16T15:04:00.000Z|2019-12-16T15:05:00.000Z,2F0A507DF970161C871F3DE16D8EB522A05EDBD202F33D3193B5F6757F7164FB
RAW_GRID_T100_S020_GATE90_TRIANGLE_V0_NO_CANDIDATE_B,triangle_v0_no_candidate_b,baseline,RAW_GRID_T100_S020_GATE90_TRIANGLE_V0_NO_CANDIDATE_B|GBPUSD|LONG|24,GBPUSD,LONG,session_flatten,2019-12-18T12:23:00.000Z,2019-12-18T21:00:00.000Z,2019-12-16T00:00:00.000Z,1,0,0,0.041334,0.500006,-0.06,-0.032923,0.407083,-0.16368,0.129787,2019-12-18T13:13:00.000Z,2019-12-18T12:35:00.000Z,2019-12-18T12:33:00.000Z,,,,2019-12-18T13:12:00.000Z,,,,4,,0.359028,0.228276,2019-12-16T00:00:00.000Z|GBPUSD|asia_london|2019-12-18|LONG|2019-12-18T08:07:00.000Z|2019-12-18T08:08:00.000Z,66CAF1161229634E565F0EFAC3D6A3D5C14FB5818052FDBBED77ED42C6E07571
RAW_GRID_T100_S020_GATE90_TRIANGLE_V0_NO_CANDIDATE_B,triangle_v0_no_candidate_b,baseline,RAW_GRID_T100_S020_GATE90_TRIANGLE_V0_NO_CANDIDATE_B|EURGBP|SHORT|19,EURGBP,SHORT,session_flatten,2019-12-23T15:08:00.000Z,2019-12-23T21:00:00.000Z,2019-12-23T00:00:00.000Z,1,0,0,0.033757,0.38828,-0.06,0.002444,0.330725,-0.184532,0.150777,2019-12-23T16:55:00.000Z,2019-12-23T15:21:00.000Z,2019-12-23T15:11:00.000Z,,,,2019-12-23T16:28:00.000Z,,,,6,,0.244444,0.232954,2019-12-23T00:00:00.000Z|EURGBP|ny|2019-12-23|SHORT|2019-12-23T15:07:00.000Z|2019-12-23T15:08:00.000Z,C5620EB81890BE2E2AA9A7A2B69BE4754ECAA67854FCCF959371003A639CBC2D
RAW_GRID_T100_S020_GATE90_TRIANGLE_V0_NO_CANDIDATE_B,triangle_v0_no_candidate_b,baseline,RAW_GRID_T100_S020_GATE90_TRIANGLE_V0_NO_CANDIDATE_B|EURUSD|LONG|13,EURUSD,LONG,session_flatten,2019-12-20T13:36:00.000Z,2019-12-23T01:00:00.000Z,2019-12-16T00:00:00.000Z,1,0,0,-0.254953,-1.260003,-0.06,-0.226957,-1.54696,-0.254953,0.098893,2019-12-23T01:00:00.000Z,2019-12-20T13:59:00.000Z,,,,,2019-12-20T14:25:00.000Z,2019-12-23T01:00:00.000Z,,,4,,2.475,0.23204,2019-12-16T00:00:00.000Z|EURUSD|ny|2019-12-20|LONG|2019-12-20T13:35:00.000Z|2019-12-20T13:36:00.000Z,75732FAE07635F62963E9EC89607427D6C059FA0BBF4CAFFC963BF39D3C71BCA
RAW_GRID_T100_S020_GATE90_TRIANGLE_V0_NO_CANDIDATE_B,triangle_v0_no_candidate_b,baseline,RAW_GRID_T100_S020_GATE90_TRIANGLE_V0_NO_CANDIDATE_B|AUDNZD|LONG|12,AUDNZD,LONG,target,2020-01-03T12:32:00.000Z,2020-01-03T14:50:00.000Z,2019-12-30T00:00:00.000Z,1,0,0,0.211472,0.573061,-0.06,-0.008788,0.504273,0,0.211472,,2020-01-03T14:50:00.000Z,2020-01-03T12:34:00.000Z,2020-01-03T13:17:00.000Z,,,,,,,1,2,0.095833,0.201818,2019-12-30T00:00:00.000Z|AUDNZD|asia_london|2020-01-03|LONG|2020-01-03T12:31:00.000Z|2020-01-03T12:32:00.000Z,319764871FECE5DDA39724C83A61AC485544FC1BD13153B53441B4C41599ABE5
RAW_GRID_T100_S020_GATE90_TRIANGLE_V0_NO_CANDIDATE_B,triangle_v0_no_candidate_b,baseline,RAW_GRID_T100_S020_GATE90_TRIANGLE_V0_NO_CANDIDATE_B|CADCHF|SHORT|14,CADCHF,SHORT,target,2020-01-03T09:27:00.000Z,2020-01-03T11:34:00.000Z,2019-12-30T00:00:00.000Z,2,1,0,0.404508,1.633145,-0.12,0.001354,1.514499,-0.297924,0.404508,2020-01-03T10:27:00.000Z,2020-01-03T11:34:00.000Z,2020-01-03T09:33:00.000Z,2020-01-03T11:28:00.000Z,,,2020-01-03T10:02:00.000Z,2020-01-03T10:26:00.000Z,,,3,4,0.088194,0.241696,2019-12-30T00:00:00.000Z|CADCHF|asia_london|2020-01-03|SHORT|2020-01-03T09:26:00.000Z|2020-01-03T09:27:00.000Z,8C6A105C21F192E1612DE49AE1D3C7EE12FB78F1B1289BF40AD650CD8C297B34
RAW_GRID_T100_S020_GATE90_TRIANGLE_V0_NO_CANDIDATE_B,triangle_v0_no_candidate_b,baseline,RAW_GRID_T100_S020_GATE90_TRIANGLE_V0_NO_CANDIDATE_B|CHFJPY|SHORT|16,CHFJPY,SHORT,session_flatten,2019-12-27T15:56:00.000Z,2019-12-30T01:00:00.000Z,2019-12-23T00:00:00.000Z,1,0,0,-0.046215,-0.191903,-0.06,0.023778,-0.228125,-0.046215,0.07607,2019-12-30T01:00:00.000Z,2019-12-27T15:57:00.000Z,,,,,,,,,3,,2.377778,0.3,2019-12-23T00:00:00.000Z|CHFJPY|ny|2019-12-27|SHORT|2019-12-27T15:55:00.000Z|2019-12-27T15:56:00.000Z,B223A6F7484AD827E89461E5E0A7A72DACCE36833F81680B99F3EADF60192EF6
RAW_GRID_T100_S020_GATE90_TRIANGLE_V0_NO_CANDIDATE_B,triangle_v0_no_candidate_b,baseline,RAW_GRID_T100_S020_GATE90_TRIANGLE_V0_NO_CANDIDATE_B|EURCHF|LONG|16,EURCHF,LONG,session_flatten,2019-12-30T14:01:00.000Z,2019-12-30T21:00:00.000Z,2019-12-30T00:00:00.000Z,2,1,0,-0.470965,-1.980996,-0.12,-0.051135,-2.152131,-0.603466,0.156954,2019-12-30T19:05:00.000Z,2019-12-30T14:08:00.000Z,2019-12-30T14:07:00.000Z,,,,2019-12-30T14:30:00.000Z,2019-12-30T14:36:00.000Z,2019-12-30T15:34:00.000Z,,6,,0.290972,0.271484,2019-12-30T00:00:00.000Z|EURCHF|ny|2019-12-30|LONG|2019-12-30T14:00:00.000Z|2019-12-30T14:01:00.000Z,10466C3F32B65364F979BCF9BFE77D66CFDCB8E41F8CC8E2CA18FDCD558B8297
RAW_GRID_T100_S020_GATE90_TRIANGLE_V0_NO_CANDIDATE_B,triangle_v0_no_candidate_b,baseline,RAW_GRID_T100_S020_GATE90_TRIANGLE_V0_NO_CANDIDATE_B|EURCHF|LONG|17,EURCHF,LONG,target,2020-01-02T15:57:00.000Z,2020-01-02T16:03:00.000Z,2019-12-30T00:00:00.000Z,1,0,0,0.206368,0.866751,-0.06,-0.000382,0.806369,0,0.206368,,2020-01-02T16:03:00.000Z,2020-01-02T16:00:00.000Z,,,,,,,,6,7,0.004167,0.229906,2019-12-30T00:00:00.000Z|EURCHF|ny|2020-01-02|LONG|2020-01-02T15:56:00.000Z|2020-01-02T15:57:00.000Z,BD2E9524F00DDD5E925EFB168E4F751679FE0642CA25F3FF251B7EE379435756
RAW_GRID_T100_S020_GATE90_TRIANGLE_V0_NO_CANDIDATE_B,triangle_v0_no_candidate_b,baseline,RAW_GRID_T100_S020_GATE90_TRIANGLE_V0_NO_CANDIDATE_B|EURCHF|LONG|18,EURCHF,LONG,session_flatten,2020-01-02T20:44:00.000Z,2020-01-02T21:00:00.000Z,2019-12-30T00:00:00.000Z,1,0,0,0.054049,0.226449,-0.06,-0.001019,0.16543,-0.039309,0.054049,2020-01-02T20:52:00.000Z,2020-01-02T21:00:00.000Z,,,,,,,,,7,,0.011111,0.229906,2019-12-30T00:00:00.000Z|EURCHF|ny|2020-01-02|LONG|2020-01-02T15:56:00.000Z|2020-01-02T15:57:00.000Z,383A8DA04B04913BBE6A0E1F8B75C4DAABCD1021A9892B2C72EAF55577F43F40
RAW_GRID_T100_S020_GATE90_TRIANGLE_V0_NO_CANDIDATE_B,triangle_v0_no_candidate_b,baseline,RAW_GRID_T100_S020_GATE90_TRIANGLE_V0_NO_CANDIDATE_B|EURUSD|SHORT|14,EURUSD,SHORT,session_flatten,2019-12-27T13:42:00.000Z,2019-12-30T01:00:00.000Z,2019-12-23T00:00:00.000Z,2,1,0,-0.952036,-4.200006,-0.12,0.048674,-4.271333,-0.952036,0.14044,2019-12-30T01:00:00.000Z,2019-12-27T15:59:00.000Z,,,,,2019-12-27T15:16:00.000Z,2019-12-27T15:29:00.000Z,2019-12-30T01:00:00.000Z,2019-12-30T01:00:00.000Z,4,,2.470833,0.3,2019-12-23T00:00:00.000Z|EURUSD|ny|2019-12-27|SHORT|2019-12-27T13:41:00.000Z|2019-12-27T13:42:00.000Z,A9CFCEE4DC67E323FAE1C4CDE4C12295A296098C98A6031083C9B714C87AB9AA
RAW_GRID_T100_S020_GATE90_TRIANGLE_V0_NO_CANDIDATE_B,triangle_v0_no_candidate_b,baseline,RAW_GRID_T100_S020_GATE90_TRIANGLE_V0_NO_CANDIDATE_B|GBPNZD|LONG|28,GBPNZD,LONG,target,2020-01-02T15:20:00.000Z,2020-01-02T15:39:00.000Z,2019-12-30T00:00:00.000Z,1,0,0,0.251849,3.036875,-0.06,-0.00121,2.975665,0,0.251849,,2020-01-02T15:39:00.000Z,2020-01-02T15:31:00.000Z,2020-01-02T15:37:00.000Z,,,,,,,9,10,0.013194,0.215675,2019-12-30T00:00:00.000Z|GBPNZD|ny|2020-01-02|LONG|2020-01-02T15:19:00.000Z|2020-01-02T15:20:00.000Z,80F6EBC9517A96EF062FA12A6F511CF7E3F5105B40C0D432CD65EFFA0B495969
RAW_GRID_T100_S020_GATE90_TRIANGLE_V0_NO_CANDIDATE_B,triangle_v0_no_candidate_b,baseline,RAW_GRID_T100_S020_GATE90_TRIANGLE_V0_NO_CANDIDATE_B|GBPNZD|LONG|29,GBPNZD,LONG,session_flatten,2020-01-02T16:00:00.000Z,2020-01-02T21:00:00.000Z,2019-12-30T00:00:00.000Z,2,1,0,-0.056504,-0.682963,-0.12,-0.035152,-0.838114,-0.25448,0.277163,2020-01-02T16:49:00.000Z,2020-01-02T18:37:00.000Z,2020-01-02T17:33:00.000Z,2020-01-02T18:34:00.000Z,,,2020-01-02T16:18:00.000Z,2020-01-02T16:48:00.000Z,,,10,,0.208333,0.215675,2019-12-30T00:00:00.000Z|GBPNZD|ny|2020-01-02|LONG|2020-01-02T15:19:00.000Z|2020-01-02T15:20:00.000Z,5A67F60F90F2E044017E7DBE9BF9DF030AE4854B3BF9CC30DFF2FD4B30E53CEF
RAW_GRID_T100_S020_GATE90_TRIANGLE_V0_NO_CANDIDATE_B,triangle_v0_no_candidate_b,baseline,RAW_GRID_T100_S020_GATE90_TRIANGLE_V0_NO_CANDIDATE_B|NZDUSD|SHORT|19,NZDUSD,SHORT,target,2019-12-31T15:46:00.000Z,2019-12-31T16:11:00.000Z,2019-12-30T00:00:00.000Z,1,0,0,0.122061,0.479998,-0.06,0.000174,0.420171,-0.116976,0.122061,2019-12-31T15:58:00.000Z,2019-12-31T16:11:00.000Z,2019-12-31T15:50:00.000Z,,,,2019-12-31T15:58:00.000Z,,,,5,6,0.017361,0.21135,2019-12-30T00:00:00.000Z|NZDUSD|ny|2019-12-31|SHORT|2019-12-31T15:45:00.000Z|2019-12-31T15:46:00.000Z,D93CC5B247A1B5DD65DEC7FAD64F17A202199839D13B883D03A7C4B28B6D5619
RAW_GRID_T100_S020_GATE90_TRIANGLE_V0_NO_CANDIDATE_B,triangle_v0_no_candidate_b,baseline,RAW_GRID_T100_S020_GATE90_TRIANGLE_V0_NO_CANDIDATE_B|USDCAD|LONG|32,USDCAD,LONG,target,2020-01-03T09:26:00.000Z,2020-01-03T09:33:00.000Z,2019-12-30T00:00:00.000Z,1,0,0,0.166111,0.616265,-0.06,-0.000446,0.555819,0,0.166111,,2020-01-03T09:33:00.000Z,2020-01-03T09:28:00.000Z,,,,,,,,4,5,0.004861,0.211506,2019-12-30T00:00:00.000Z|USDCAD|asia_london|2020-01-03|LONG|2020-01-03T09:25:00.000Z|2020-01-03T09:26:00.000Z,9B5EA37BF24AE183C07666F482DFC4986851B5BCFC14A1FC153FF0AB68E13059
RAW_GRID_T100_S020_GATE90_TRIANGLE_V0_NO_CANDIDATE_B,triangle_v0_no_candidate_b,baseline,RAW_GRID_T100_S020_GATE90_TRIANGLE_V0_NO_CANDIDATE_B|USDCHF|LONG|12,USDCHF,LONG,session_flatten,2019-12-27T15:56:00.000Z,2019-12-30T01:00:00.000Z,2019-12-23T00:00:00.000Z,1,0,0,-0.309032,-1.437486,-0.06,-0.218042,-1.715528,-0.309032,0.129134,2019-12-30T01:00:00.000Z,2019-12-27T16:00:00.000Z,,,,,2019-12-30T01:00:00.000Z,2019-12-30T01:00:00.000Z,,,3,,2.377778,0.3,2019-12-23T00:00:00.000Z|USDCHF|ny|2019-12-27|LONG|2019-12-27T15:55:00.000Z|2019-12-27T15:56:00.000Z,CDEFAE88EFDE5AD8D4FC53F9079A40FB8DFD30980D3E2B9D3B48A37DF8298EC3
RAW_GRID_T100_S020_GATE90_TRIANGLE_V0_NO_CANDIDATE_B,triangle_v0_no_candidate_b,baseline,RAW_GRID_T100_S020_GATE90_TRIANGLE_V0_NO_CANDIDATE_B|USDCHF|LONG|13,USDCHF,LONG,target,2019-12-31T14:36:00.000Z,2019-12-31T15:19:00.000Z,2019-12-30T00:00:00.000Z,1,0,0,0.329966,1.530315,-0.06,-0.002738,1.467577,0,0.329966,,2019-12-31T15:19:00.000Z,2019-12-31T14:47:00.000Z,2019-12-31T14:59:00.000Z,,,,,,,3,4,0.029861,0.281477,2019-12-30T00:00:00.000Z|USDCHF|ny|2019-12-31|LONG|2019-12-31T14:35:00.000Z|2019-12-31T14:36:00.000Z,E756BC1436122BC247B0CCB66D705221C7FDDC00CC74DACAAA4BE6B374C9EE6B
RAW_GRID_T100_S020_GATE90_TRIANGLE_V0_NO_CANDIDATE_B,triangle_v0_no_candidate_b,baseline,RAW_GRID_T100_S020_GATE90_TRIANGLE_V0_NO_CANDIDATE_B|USDJPY|LONG|19,USDJPY,LONG,target,2019-12-31T14:33:00.000Z,2019-12-31T14:37:00.000Z,2019-12-30T00:00:00.000Z,1,0,0,0.522951,1.509491,-0.06,-0.000255,1.449237,0,0.522951,,2019-12-31T14:37:00.000Z,2019-12-31T14:34:00.000Z,2019-12-31T14:37:00.000Z,,,,,,,10,11,0.002778,0.3,2019-12-30T00:00:00.000Z|USDJPY|ny|2019-12-31|LONG|2019-12-31T14:32:00.000Z|2019-12-31T14:33:00.000Z,19317983E4B34851393860DA054BB6A6404F8AD3FF8F6F95254191D30C98529D
