variant_id,activation_rule_id,cycle_id,pair,side,close_reason,start_timestamp_utc,close_timestamp_utc,anchor_week_open_utc,fill_count,adverse_fill_count,expansion_fill_count,price_pnl_adr,price_pnl_usd,commission_usd,swap_usd,net_usd,min_pnl_adr,max_pnl_adr,reset_ordinal_at_start,completed_reset_ordinal,max_fill_age_days,cycle_spacing_adr,triangle_trigger_key,content_hash
RAW_GRID_T100_S020_GATE90_TRIANGLE_V0,triangle_v0,RAW_GRID_T100_S020_GATE90_TRIANGLE_V0|AUDCHF|LONG|1,AUDCHF,LONG,target,2022-01-11T14:56:00.000Z,2022-01-11T15:01:00.000Z,2022-01-10T00:00:00.000Z,1,0,0,0.278881,1.284017,-0.06,-0.000318,1.223699,0,0.278881,0,1,0.003472,0.212007,2022-01-10T00:00:00.000Z|AUDCHF|ny|2022-01-11|LONG|2022-01-11T14:51:00.000Z|2022-01-11T14:52:00.000Z,333B8F169BA3D7CEB25F6D09412552A5B2CE6CD0FF1B4A420929B01DEE5362C0
RAW_GRID_T100_S020_GATE90_TRIANGLE_V0,triangle_v0,RAW_GRID_T100_S020_GATE90_TRIANGLE_V0|AUDCHF|LONG|2,AUDCHF,LONG,target,2022-01-13T15:03:00.000Z,2022-01-13T16:55:00.000Z,2022-01-10T00:00:00.000Z,2,1,0,0.133589,0.62618,-0.12,-0.0128,0.49338,-0.362652,0.152316,1,2,0.077778,0.223,2022-01-10T00:00:00.000Z|AUDCHF|ny|2022-01-13|LONG|2022-01-13T15:02:00.000Z|2022-01-13T15:03:00.000Z,F00B701DDBCEECDAE27A90AFE316C95D238F41B109B4D0689D8AA3036BA9A301
RAW_GRID_T100_S020_GATE90_TRIANGLE_V0,triangle_v0,RAW_GRID_T100_S020_GATE90_TRIANGLE_V0|AUDCHF|LONG|3,AUDCHF,LONG,target,2022-01-13T17:16:00.000Z,2022-01-13T18:30:00.000Z,2022-01-10T00:00:00.000Z,1,0,0,0.152369,0.713787,-0.06,-0.004712,0.649075,-0.093765,0.152369,2,3,0.051389,0.223,2022-01-10T00:00:00.000Z|AUDCHF|ny|2022-01-13|LONG|2022-01-13T15:02:00.000Z|2022-01-13T15:03:00.000Z,0AEDACC8E3318D22DEEB9E3643D860E49CA5A552F0E6FE2F9869D1C17861F58C
RAW_GRID_T100_S020_GATE90_TRIANGLE_V0,triangle_v0,RAW_GRID_T100_S020_GATE90_TRIANGLE_V0|AUDUSD|LONG|1,AUDUSD,LONG,target,2022-01-14T13:41:00.000Z,2022-01-14T14:58:00.000Z,2022-01-10T00:00:00.000Z,1,0,0,0.141185,0.809998,-0.06,-0.004903,0.745094,-0.191734,0.141185,0,1,0.053472,0.273538,2022-01-10T00:00:00.000Z|AUDUSD|ny|2022-01-14|LONG|2022-01-14T13:40:00.000Z|2022-01-14T13:41:00.000Z,8F20BB54C5F32A4E71194A930CD7FC8CFD03CA7B8FDCE54443B5BC49281995FB
RAW_GRID_T100_S020_GATE90_TRIANGLE_V0,triangle_v0,RAW_GRID_T100_S020_GATE90_TRIANGLE_V0|AUDUSD|LONG|2,AUDUSD,LONG,target,2022-01-14T15:04:00.000Z,2022-01-14T15:11:00.000Z,2022-01-10T00:00:00.000Z,1,0,0,0.209402,1.200004,-0.06,-0.000446,1.139558,0,0.209402,1,2,0.004861,0.273538,2022-01-10T00:00:00.000Z|AUDUSD|ny|2022-01-14|LONG|2022-01-14T13:40:00.000Z|2022-01-14T13:41:00.000Z,D8A0C3027A7A6B629D3090B6F35BA3783324FECC38C026BCF225293C6D44ACC7
RAW_GRID_T100_S020_GATE90_TRIANGLE_V0,triangle_v0,RAW_GRID_T100_S020_GATE90_TRIANGLE_V0|CADCHF|SHORT|1,CADCHF,SHORT,target,2022-01-11T10:11:00.000Z,2022-01-11T13:17:00.000Z,2022-01-10T00:00:00.000Z,1,0,0,0.132077,0.64785,-0.06,0.001292,0.589142,-0.041824,0.173901,0,1,0.129167,0.219792,2022-01-10T00:00:00.000Z|CADCHF|asia_london|2022-01-11|SHORT|2022-01-11T09:13:00.000Z|2022-01-11T09:14:00.000Z,744F7D4F54B94C0E1D555B336A1C555E0728231649D515396DF295470CDAABE4
RAW_GRID_T100_S020_GATE90_TRIANGLE_V0,triangle_v0,RAW_GRID_T100_S020_GATE90_TRIANGLE_V0|CADJPY|LONG|1,CADJPY,LONG,target,2022-01-14T14:53:00.000Z,2022-01-14T14:59:00.000Z,2022-01-10T00:00:00.000Z,1,0,0,0.205507,1.407432,-0.06,-0.000382,1.34705,0,0.205507,0,1,0.004167,0.220876,2022-01-10T00:00:00.000Z|CADJPY|ny|2022-01-14|LONG|2022-01-14T14:36:00.000Z|2022-01-14T14:37:00.000Z,17C0A998A6A66374B60AB39C68FB5E5F205EF56B3BB0F0098947A5EED2A9D750
RAW_GRID_T100_S020_GATE90_TRIANGLE_V0,triangle_v0,RAW_GRID_T100_S020_GATE90_TRIANGLE_V0|EURAUD|SHORT|1,EURAUD,SHORT,target,2022-01-10T16:06:00.000Z,2022-01-10T16:30:00.000Z,2022-01-10T00:00:00.000Z,1,0,0,0.202852,1.620968,-0.06,0.000167,1.561135,0,0.202852,0,1,0.016667,0.228721,2022-01-10T00:00:00.000Z|EURAUD|ny|2022-01-10|SHORT|2022-01-10T16:05:00.000Z|2022-01-10T16:06:00.000Z,30270D6160C79166095B7568F31EF1D1E794CD47577BF8AAC5119F665AAA802D
RAW_GRID_T100_S020_GATE90_TRIANGLE_V0,triangle_v0,RAW_GRID_T100_S020_GATE90_TRIANGLE_V0|GBPJPY|LONG|1,GBPJPY,LONG,target,2022-01-14T14:50:00.000Z,2022-01-14T15:09:00.000Z,2022-01-10T00:00:00.000Z,1,0,0,0.103711,1.002213,-0.06,-0.00121,0.941003,-0.121906,0.103711,0,1,0.013194,0.21511,2022-01-10T00:00:00.000Z|GBPJPY|ny|2022-01-14|LONG|2022-01-14T14:38:00.000Z|2022-01-14T14:39:00.000Z,26B8A0C7FD4BBC1FCF0402A85D679C71795FA55BC50A4818959DE8F2338E57C0
RAW_GRID_T100_S020_GATE90_TRIANGLE_V0,triangle_v0,RAW_GRID_T100_S020_GATE90_TRIANGLE_V0|GBPJPY|LONG|2,GBPJPY,LONG,target,2022-01-14T15:27:00.000Z,2022-01-14T15:35:00.000Z,2022-01-10T00:00:00.000Z,1,0,0,0.167515,1.616581,-0.06,-0.000509,1.556071,0,0.167515,1,2,0.005556,0.21511,2022-01-10T00:00:00.000Z|GBPJPY|ny|2022-01-14|LONG|2022-01-14T15:19:00.000Z|2022-01-14T15:20:00.000Z,D0717F48E9EEEF222B5BF9B39B07B319AD8D8DE04339A85EDD72BA5C8130EF06
RAW_GRID_T100_S020_GATE90_TRIANGLE_V0,triangle_v0,RAW_GRID_T100_S020_GATE90_TRIANGLE_V0|GBPNZD|LONG|1,GBPNZD,LONG,target,2022-01-13T13:33:00.000Z,2022-01-13T15:10:00.000Z,2022-01-10T00:00:00.000Z,1,0,0,0.171029,1.239584,-0.06,-0.006177,1.173407,-0.049409,0.171029,0,1,0.067361,0.251288,2022-01-10T00:00:00.000Z|GBPNZD|ny|2022-01-13|LONG|2022-01-13T13:32:00.000Z|2022-01-13T13:33:00.000Z,2A3B4256ECCC822119ACB0B863F4D1190E3B362319A4879D55F92CE4CC39A06A
RAW_GRID_T100_S020_GATE90_TRIANGLE_V0,triangle_v0,RAW_GRID_T100_S020_GATE90_TRIANGLE_V0|NZDCHF|SHORT|1,NZDCHF,SHORT,session_flatten,2022-01-10T18:04:00.000Z,2022-01-10T21:00:00.000Z,2022-01-10T00:00:00.000Z,2,1,0,-0.642072,-2.523941,-0.12,0.002125,-2.641816,-0.724363,0.114996,0,,0.122222,0.238064,2022-01-10T00:00:00.000Z|NZDCHF|ny|2022-01-10|SHORT|2022-01-10T16:43:00.000Z|2022-01-10T16:44:00.000Z,5D42BDDBBF03E131BC0711F7C02E389FC6B4940DBE2864C07FA1685AF07FE238
RAW_GRID_T100_S020_GATE90_TRIANGLE_V0,triangle_v0,RAW_GRID_T100_S020_GATE90_TRIANGLE_V0|NZDCHF|LONG|2,NZDCHF,LONG,target,2022-01-14T14:51:00.000Z,2022-01-14T15:12:00.000Z,2022-01-10T00:00:00.000Z,1,0,0,0.212436,0.844649,-0.06,-0.001337,0.783312,-0.008276,0.212436,0,1,0.014583,0.246336,2022-01-10T00:00:00.000Z|NZDCHF|ny|2022-01-14|LONG|2022-01-14T14:37:00.000Z|2022-01-14T14:38:00.000Z,F3698BF55A8688961F11FE55DFCB583DC2A35562B321A61E5759E3FEF8110316
RAW_GRID_T100_S020_GATE90_TRIANGLE_V0,triangle_v0,RAW_GRID_T100_S020_GATE90_TRIANGLE_V0|USDJPY|LONG|1,USDJPY,LONG,target,2022-01-14T01:36:00.000Z,2022-01-14T04:14:00.000Z,2022-01-10T00:00:00.000Z,2,1,0,0.062402,0.272321,-0.12,-0.017576,0.134745,-0.736577,0.066206,0,1,0.109722,0.254997,2022-01-10T00:00:00.000Z|USDJPY|asia_london|2022-01-14|LONG|2022-01-14T01:19:00.000Z|2022-01-14T01:20:00.000Z,4FADF2AAD5F3712A714DFE4ED63DB378703EFE3967596957BDCF751F2C510921
RAW_GRID_T100_S020_GATE90_TRIANGLE_V0,triangle_v0,RAW_GRID_T100_S020_GATE90_TRIANGLE_V0|USDJPY|LONG|2,USDJPY,LONG,target,2022-01-14T05:24:00.000Z,2022-01-14T06:02:00.000Z,2022-01-10T00:00:00.000Z,1,0,0,0.231197,1.010814,-0.06,-0.00242,0.948394,0,0.231197,1,2,0.026389,0.254997,2022-01-10T00:00:00.000Z|USDJPY|asia_london|2022-01-14|LONG|2022-01-14T01:19:00.000Z|2022-01-14T01:20:00.000Z,D771274BB2810B2345CF6F87B6547B157B1605D57D9E962C01438808A106F0F6
RAW_GRID_T100_S020_GATE90_TRIANGLE_V0,triangle_v0,RAW_GRID_T100_S020_GATE90_TRIANGLE_V0|USDJPY|LONG|3,USDJPY,LONG,target,2022-01-14T12:40:00.000Z,2022-01-14T14:26:00.000Z,2022-01-10T00:00:00.000Z,2,1,0,0.201274,0.879664,-0.12,-0.010253,0.749411,-0.595022,0.257578,2,3,0.073611,0.254997,2022-01-10T00:00:00.000Z|USDJPY|asia_london|2022-01-14|LONG|2022-01-14T01:19:00.000Z|2022-01-14T01:20:00.000Z,2978FCEE8BB7CD6E7A9F7EB9E35F82BBF217CE44A48FB98DACB02889A423DF14
RAW_GRID_T100_S020_GATE90_TRIANGLE_V0,triangle_v0,RAW_GRID_T100_S020_GATE90_TRIANGLE_V0|AUDUSD|LONG|3,AUDUSD,LONG,session_flatten,2022-01-14T15:59:00.000Z,2022-01-14T16:00:00.000Z,2022-01-10T00:00:00.000Z,1,0,0,0.034923,0.2,-0.06,-0.000064,0.139936,-0.012224,0.047146,2,,0.000694,0.273538,2022-01-10T00:00:00.000Z|AUDUSD|ny|2022-01-14|LONG|2022-01-14T13:40:00.000Z|2022-01-14T13:41:00.000Z,257BC03B748783995C4DE04BC90F8F11E4E154AD75AABA183D30765C63127584
RAW_GRID_T100_S020_GATE90_TRIANGLE_V0,triangle_v0,RAW_GRID_T100_S020_GATE90_TRIANGLE_V0|CADJPY|LONG|2,CADJPY,LONG,session_flatten,2022-01-14T15:53:00.000Z,2022-01-14T16:00:00.000Z,2022-01-10T00:00:00.000Z,1,0,0,0.046261,0.316365,-0.06,-0.000446,0.255919,-0.028271,0.069392,1,,0.004861,0.220876,2022-01-10T00:00:00.000Z|CADJPY|ny|2022-01-14|LONG|2022-01-14T14:55:00.000Z|2022-01-14T14:56:00.000Z,AD399E405E5031C998288611BCA2EE38D33263A3FE9F9083C34DCD2C14AE4A69
RAW_GRID_T100_S020_GATE90_TRIANGLE_V0,triangle_v0,RAW_GRID_T100_S020_GATE90_TRIANGLE_V0|NZDCHF|LONG|3,NZDCHF,LONG,session_flatten,2022-01-14T15:46:00.000Z,2022-01-14T16:00:00.000Z,2022-01-10T00:00:00.000Z,1,0,0,0.011041,0.043864,-0.06,-0.000892,-0.017028,-0.052446,0.077289,1,,0.009722,0.246336,2022-01-10T00:00:00.000Z|NZDCHF|ny|2022-01-14|LONG|2022-01-14T14:37:00.000Z|2022-01-14T14:38:00.000Z,79D5F0AB644B94CE8CAA4885DC5D752677C619ABF5EF7ED657D2709606F4A8F8
RAW_GRID_T100_S020_GATE90_RAW_BOTH,raw_both,RAW_GRID_T100_S020_GATE90_RAW_BOTH|AUDCAD|LONG|1,AUDCAD,LONG,target,2022-01-10T14:33:00.000Z,2022-01-10T15:20:00.000Z,2022-01-10T00:00:00.000Z,1,0,0,0.076019,0.346626,-0.06,-0.002993,0.283633,-0.110572,0.076019,0,1,0.032639,0.2,,FFBA4ED49C43B676143CB6E5FCA4B675150DB01988CB2BC76ED4920636CB9576
RAW_GRID_T100_S020_GATE90_RAW_BOTH,raw_both,RAW_GRID_T100_S020_GATE90_RAW_BOTH|AUDCAD|LONG|2,AUDCAD,LONG,target,2022-01-10T15:43:00.000Z,2022-01-10T16:02:00.000Z,2022-01-10T00:00:00.000Z,1,0,0,0.186669,0.851668,-0.06,-0.00121,0.790458,-0.051853,0.186669,1,2,0.013194,0.2,,7FEF3927E37BBA54A4BE7BA070A895EA0221F17D3EF9BBBFB0C0CF3FCC66DEF9
RAW_GRID_T100_S020_GATE90_RAW_BOTH,raw_both,RAW_GRID_T100_S020_GATE90_RAW_BOTH|AUDCAD|SHORT|3,AUDCAD,SHORT,session_flatten,2022-01-10T16:10:00.000Z,2022-01-10T21:00:00.000Z,2022-01-10T00:00:00.000Z,2,1,0,-0.086394,-0.394482,-0.12,0.003306,-0.511177,-0.251967,0.224053,0,,0.201389,0.2,,BEFEC371D895C884EF44537F1AB08497987FD59FF6341747AED4E08E27BA6128
RAW_GRID_T100_S020_GATE90_RAW_BOTH,raw_both,RAW_GRID_T100_S020_GATE90_RAW_BOTH|AUDCAD|SHORT|4,AUDCAD,SHORT,target,2022-01-10T23:05:00.000Z,2022-01-11T01:17:00.000Z,2022-01-10T00:00:00.000Z,1,0,0,0.062065,0.284312,-0.06,0.000917,0.225228,-0.09827,0.062065,0,1,0.091667,0.2,,03403C199873A0930025B2C3D82365501485DD336EE51D49A646C12F16F892E3
RAW_GRID_T100_S020_GATE90_RAW_BOTH,raw_both,RAW_GRID_T100_S020_GATE90_RAW_BOTH|AUDCAD|LONG|5,AUDCAD,LONG,target,2022-01-11T02:02:00.000Z,2022-01-11T02:20:00.000Z,2022-01-10T00:00:00.000Z,1,0,0,0.110448,0.505697,-0.06,-0.001146,0.444551,0,0.110448,2,3,0.0125,0.2,,2FBAD7BA7B67A06775001B782731F0F376B1D11CED41C48A5C842741E11DD0C3
RAW_GRID_T100_S020_GATE90_RAW_BOTH,raw_both,RAW_GRID_T100_S020_GATE90_RAW_BOTH|AUDCAD|SHORT|6,AUDCAD,SHORT,target,2022-01-11T03:16:00.000Z,2022-01-11T04:08:00.000Z,2022-01-10T00:00:00.000Z,1,0,0,0.1034,0.474274,-0.06,0.000361,0.414635,-0.017234,0.1034,1,2,0.036111,0.2,,6BEA2AF1E87BBBBC0414F93605391769490C090A34FD232C3266EACF6CAEA9E6
RAW_GRID_T100_S020_GATE90_RAW_BOTH,raw_both,RAW_GRID_T100_S020_GATE90_RAW_BOTH|AUDCAD|LONG|7,AUDCAD,LONG,target,2022-01-11T06:31:00.000Z,2022-01-11T08:00:00.000Z,2022-01-10T00:00:00.000Z,1,0,0,0.072483,0.33211,-0.06,-0.005668,0.266443,-0.179482,0.072483,3,4,0.061806,0.2,,0F7408C787C4FE857F09FB8C000E86255E31F58D4C712DCD749EE2F8EFF37060
RAW_GRID_T100_S020_GATE90_RAW_BOTH,raw_both,RAW_GRID_T100_S020_GATE90_RAW_BOTH|AUDCAD|SHORT|9,AUDCAD,SHORT,target,2022-01-11T16:17:00.000Z,2022-01-11T16:21:00.000Z,2022-01-10T00:00:00.000Z,1,0,0,0.115834,0.531608,-0.06,0.000028,0.471635,0,0.115834,2,3,0.002778,0.2,,4EE85120BA2234F843F07CE43A3D69EA0623CAD7173402EF6E61889ECBD98CBD
RAW_GRID_T100_S020_GATE90_RAW_BOTH,raw_both,RAW_GRID_T100_S020_GATE90_RAW_BOTH|AUDCAD|LONG|8,AUDCAD,LONG,target,2022-01-11T08:24:00.000Z,2022-01-11T16:33:00.000Z,2022-01-10T00:00:00.000Z,3,2,0,0.014365,0.063459,-0.18,-0.061388,-0.177929,-0.87237,0.063871,4,5,0.339583,0.2,,7D78837169CD40036CA119ACF9E62F28F35A9B7B07BFAFC6BE578CB93A221DF4
RAW_GRID_T100_S020_GATE90_RAW_BOTH,raw_both,RAW_GRID_T100_S020_GATE90_RAW_BOTH|AUDCAD|SHORT|10,AUDCAD,SHORT,target,2022-01-11T16:27:00.000Z,2022-01-11T17:19:00.000Z,2022-01-10T00:00:00.000Z,1,0,0,0.131404,0.603503,-0.06,0.000361,0.543864,-0.046683,0.131404,3,4,0.036111,0.2,,58E68F892EDC0BB6CEAC0DCF8C38F96C663F1F63B83927B764FFDA5CDBE2DFD0
RAW_GRID_T100_S020_GATE90_RAW_BOTH,raw_both,RAW_GRID_T100_S020_GATE90_RAW_BOTH|AUDCAD|LONG|11,AUDCAD,LONG,target,2022-01-11T18:02:00.000Z,2022-01-11T18:22:00.000Z,2022-01-10T00:00:00.000Z,1,0,0,0.093488,0.429013,-0.06,-0.001274,0.36774,-0.020774,0.093488,5,6,0.013889,0.2,,C809AD4B8FA55CE8A0071BDBEA223F36E73C7E14C83B96D333B2D466C71F8E2F
RAW_GRID_T100_S020_GATE90_RAW_BOTH,raw_both,RAW_GRID_T100_S020_GATE90_RAW_BOTH|AUDCAD|SHORT|12,AUDCAD,SHORT,session_flatten,2022-01-11T19:20:00.000Z,2022-01-11T21:00:00.000Z,2022-01-10T00:00:00.000Z,1,0,0,0.036311,0.16697,-0.06,0.000694,0.107665,-0.070892,0.084725,4,,0.069444,0.2,,90EE92D56E956DEBBCAC336B1B8872A1BA35C5BE13860AC48FF4A69FC3E2151D
RAW_GRID_T100_S020_GATE90_RAW_BOTH,raw_both,RAW_GRID_T100_S020_GATE90_RAW_BOTH|AUDCAD|LONG|13,AUDCAD,LONG,target,2022-01-12T01:18:00.000Z,2022-01-12T06:31:00.000Z,2022-01-10T00:00:00.000Z,1,0,0,0.090028,0.414162,-0.06,-0.019932,0.33423,-0.10388,0.090028,6,7,0.217361,0.2,,84873CAE552A2EF875DB3C753DD7DEFEA9A8B88F69509C28DFB206347D547272
RAW_GRID_T100_S020_GATE90_RAW_BOTH,raw_both,RAW_GRID_T100_S020_GATE90_RAW_BOTH|AUDCAD|LONG|14,AUDCAD,LONG,target,2022-01-12T07:49:00.000Z,2022-01-12T12:19:00.000Z,2022-01-10T00:00:00.000Z,2,1,0,0.074654,0.342531,-0.12,-0.029548,0.192984,-0.472901,0.074654,7,8,0.1875,0.2,,DD73DAB9BEADEA83DD659597CC4D25F73EEC0F2FB5BE0C622D17ED523286754E
RAW_GRID_T100_S020_GATE90_RAW_BOTH,raw_both,RAW_GRID_T100_S020_GATE90_RAW_BOTH|AUDCAD|SHORT|15,AUDCAD,SHORT,target,2022-01-12T12:25:00.000Z,2022-01-12T12:37:00.000Z,2022-01-10T00:00:00.000Z,1,0,0,0.109077,0.502184,-0.06,0.000083,0.442267,0,0.109077,4,5,0.008333,0.2,,62A728518C40D9A1CCFE223D202F9C81810B64EBA199305995903D0028994AF6
RAW_GRID_T100_S020_GATE90_RAW_BOTH,raw_both,RAW_GRID_T100_S020_GATE90_RAW_BOTH|AUDCAD|LONG|16,AUDCAD,LONG,target,2022-01-12T13:31:00.000Z,2022-01-12T13:33:00.000Z,2022-01-10T00:00:00.000Z,1,0,0,0.166509,0.765944,-0.06,-0.000127,0.705816,0,0.166509,8,9,0.001389,0.2,,060A27605AF700AB427E81123E5128ED394B2D4B12FA27D6D5F318275C8E02FA
RAW_GRID_T100_S020_GATE90_RAW_BOTH,raw_both,RAW_GRID_T100_S020_GATE90_RAW_BOTH|AUDCAD|SHORT|17,AUDCAD,SHORT,session_flatten,2022-01-12T13:36:00.000Z,2022-01-12T21:00:00.000Z,2022-01-10T00:00:00.000Z,5,4,0,-2.373767,-10.987095,-0.3,0.012083,-11.275012,-2.563607,0.186883,5,,0.308333,0.2,,D00CE4FEF6E60E9FE4E9AB37C7BEEFD425F7D4E04D1225157E1942488F233E6D
RAW_GRID_T100_S020_GATE90_RAW_BOTH,raw_both,RAW_GRID_T100_S020_GATE90_RAW_BOTH|AUDCAD|SHORT|18,AUDCAD,SHORT,target,2022-01-12T23:12:00.000Z,2022-01-12T23:58:00.000Z,2022-01-10T00:00:00.000Z,1,0,0,0.096404,0.447888,-0.06,0.000319,0.388208,-0.020657,0.096404,5,6,0.031944,0.2,,7BBB2017683CD996FD9CAF90BE0C68DB5CC3179726A5387A620E5D9BF383551A
RAW_GRID_T100_S020_GATE90_RAW_BOTH,raw_both,RAW_GRID_T100_S020_GATE90_RAW_BOTH|AUDCAD|SHORT|19,AUDCAD,SHORT,target,2022-01-13T00:07:00.000Z,2022-01-13T00:20:00.000Z,2022-01-10T00:00:00.000Z,1,0,0,0.098115,0.455736,-0.06,0.00009,0.395826,0,0.098115,6,7,0.009028,0.2,,7F9B133FCD2C348131E6B6109A698816B8E6B0985717CA9A96912F84C6D7B217
RAW_GRID_T100_S020_GATE90_RAW_BOTH,raw_both,RAW_GRID_T100_S020_GATE90_RAW_BOTH|AUDCAD|LONG|20,AUDCAD,LONG,target,2022-01-13T02:06:00.000Z,2022-01-13T02:19:00.000Z,2022-01-10T00:00:00.000Z,1,0,0,0.110305,0.511804,-0.06,-0.000828,0.450976,-0.008618,0.110305,9,10,0.009028,0.2,,E3202AB11E209D13069F77FD2869636D9B055A52BEF39D61892D93701188A9C6
RAW_GRID_T100_S020_GATE90_RAW_BOTH,raw_both,RAW_GRID_T100_S020_GATE90_RAW_BOTH|AUDCAD|SHORT|21,AUDCAD,SHORT,target,2022-01-13T07:35:00.000Z,2022-01-13T11:30:00.000Z,2022-01-10T00:00:00.000Z,2,1,0,0.219959,1.025707,-0.12,0.002215,0.907922,-0.264927,0.219959,7,8,0.163194,0.2,,E1823EA55E69DDFD3CD36F82179B1BA6F42E96D065B9FBB63FA0A72D29E2AB98
RAW_GRID_T100_S020_GATE90_RAW_BOTH,raw_both,RAW_GRID_T100_S020_GATE90_RAW_BOTH|AUDCAD|LONG|22,AUDCAD,LONG,target,2022-01-13T12:02:00.000Z,2022-01-13T14:19:00.000Z,2022-01-10T00:00:00.000Z,1,0,0,0.055097,0.256791,-0.06,-0.008724,0.188067,-0.137742,0.087811,10,11,0.095139,0.2,,21A3CFA75FFCB62F7479A3892F468CD4A0B9C2DA6E334EF3F95EFDC7C5C8644C
RAW_GRID_T100_S020_GATE90_RAW_BOTH,raw_both,RAW_GRID_T100_S020_GATE90_RAW_BOTH|AUDCAD|LONG|23,AUDCAD,LONG,target,2022-01-13T14:31:00.000Z,2022-01-13T15:09:00.000Z,2022-01-10T00:00:00.000Z,1,0,0,0.118851,0.553143,-0.06,-0.00242,0.490723,-0.029282,0.118851,11,12,0.026389,0.2,,A21308D1B6EEE87BCB75F8B29098977DF2706A3D696EEF4AAE70BBBE9783DC57
RAW_GRID_T100_S020_GATE90_RAW_BOTH,raw_both,RAW_GRID_T100_S020_GATE90_RAW_BOTH|AUDCAD|LONG|24,AUDCAD,LONG,target,2022-01-13T15:17:00.000Z,2022-01-13T15:37:00.000Z,2022-01-10T00:00:00.000Z,1,0,0,0.08957,0.416109,-0.06,-0.001274,0.354835,-0.06201,0.08957,12,13,0.013889,0.2,,2A26147CAED35F1A3BC818178F6B132DE5A53EDC34CFFB48DBEC9DEF32D40187
RAW_GRID_T100_S020_GATE90_RAW_BOTH,raw_both,RAW_GRID_T100_S020_GATE90_RAW_BOTH|AUDCAD|LONG|25,AUDCAD,LONG,target,2022-01-13T15:38:00.000Z,2022-01-13T15:54:00.000Z,2022-01-10T00:00:00.000Z,1,0,0,0.113705,0.528263,-0.06,-0.001019,0.467244,-0.024119,0.113705,13,14,0.011111,0.2,,F10A44FC8B9F6C467739AB21AD51AF09B80B8C657551E250B426974F7D3D083A
RAW_GRID_T100_S020_GATE90_RAW_BOTH,raw_both,RAW_GRID_T100_S020_GATE90_RAW_BOTH|AUDCAD|SHORT|26,AUDCAD,SHORT,target,2022-01-13T16:01:00.000Z,2022-01-13T16:51:00.000Z,2022-01-10T00:00:00.000Z,1,0,0,0.115268,0.536933,-0.06,0.000347,0.47728,-0.061935,0.115268,8,9,0.034722,0.2,,AAEB5586736148B8E3E6B1400DC9FBC71C468BB35F2FC038B795EBC43DD98A2B
RAW_GRID_T100_S020_GATE90_RAW_BOTH,raw_both,RAW_GRID_T100_S020_GATE90_RAW_BOTH|AUDCAD|LONG|27,AUDCAD,LONG,target,2022-01-13T17:24:00.000Z,2022-01-13T20:28:00.000Z,2022-01-10T00:00:00.000Z,1,0,0,0.09992,0.463687,-0.06,-0.011717,0.39197,-0.03101,0.09992,14,15,0.127778,0.2,,564CA2525B6B6908707F32B83807593AE499DF917B762198A272FFC36A8FE9BE
RAW_GRID_T100_S020_GATE90_RAW_BOTH,raw_both,RAW_GRID_T100_S020_GATE90_RAW_BOTH|AUDCAD|LONG|28,AUDCAD,LONG,target,2022-01-14T01:16:00.000Z,2022-01-14T05:42:00.000Z,2022-01-10T00:00:00.000Z,1,0,0,0.044797,0.208064,-0.06,-0.016939,0.131125,-0.13439,0.082702,15,16,0.184722,0.2,,BD4713B8AEF0D535ED554C7F6B989441453B0E8503D0222469D822F41B1228D9
RAW_GRID_T100_S020_GATE90_RAW_BOTH,raw_both,RAW_GRID_T100_S020_GATE90_RAW_BOTH|AUDCAD|LONG|29,AUDCAD,LONG,target,2022-01-14T06:38:00.000Z,2022-01-14T08:08:00.000Z,2022-01-10T00:00:00.000Z,1,0,0,0.093082,0.432113,-0.06,-0.005731,0.366382,-0.049987,0.093082,16,17,0.0625,0.2,,036FF00F9BEB1E1D50A6EA0DFBAC0D28B4613D78144F2D0076FDCD55049F7146
RAW_GRID_T100_S020_GATE90_RAW_BOTH,raw_both,RAW_GRID_T100_S020_GATE90_RAW_BOTH|AUDCHF|SHORT|1,AUDCHF,SHORT,target,2022-01-10T09:34:00.000Z,2022-01-10T12:16:00.000Z,2022-01-10T00:00:00.000Z,2,1,0,0.203984,0.94341,-0.12,0.001944,0.825354,-0.443665,0.203984,0,1,0.1125,0.2,,F822C072E79463F0497EBFCAF9D4222DD2D754706921330DA7BF948E310BD900
RAW_GRID_T100_S020_GATE90_RAW_BOTH,raw_both,RAW_GRID_T100_S020_GATE90_RAW_BOTH|AUDCHF|LONG|2,AUDCHF,LONG,target,2022-01-10T13:02:00.000Z,2022-01-10T13:23:00.000Z,2022-01-10T00:00:00.000Z,1,0,0,0.098653,0.455103,-0.06,-0.001337,0.393766,-0.002349,0.098653,0,1,0.014583,0.2,,386B8A7644AF8EAC0CEF14D4074948A10497905C5C6DAEAC714C7D6E8FDEDC23
RAW_GRID_T100_S020_GATE90_RAW_BOTH,raw_both,RAW_GRID_T100_S020_GATE90_RAW_BOTH|AUDCHF|SHORT|3,AUDCHF,SHORT,target,2022-01-10T13:34:00.000Z,2022-01-10T14:44:00.000Z,2022-01-10T00:00:00.000Z,2,1,0,0.18036,0.831498,-0.12,0.000715,0.712213,-0.443166,0.18036,1,2,0.048611,0.2,,32833BFF3FD9E1937489A5F63C067DB3F2EE9F24A9AF1CAB02068B2466E43CB0
RAW_GRID_T100_S020_GATE90_RAW_BOTH,raw_both,RAW_GRID_T100_S020_GATE90_RAW_BOTH|AUDCHF|LONG|4,AUDCHF,LONG,target,2022-01-10T15:03:00.000Z,2022-01-10T15:08:00.000Z,2022-01-10T00:00:00.000Z,1,0,0,0.201873,0.928587,-0.06,-0.000318,0.868268,0,0.201873,1,2,0.003472,0.2,,3B510FF953F1EFF13C6106F5011DCA0C5511B2DEA9186435359A8D137D635C0B
RAW_GRID_T100_S020_GATE90_RAW_BOTH,raw_both,RAW_GRID_T100_S020_GATE90_RAW_BOTH|AUDCHF|LONG|5,AUDCHF,LONG,target,2022-01-10T15:13:00.000Z,2022-01-10T15:59:00.000Z,2022-01-10T00:00:00.000Z,2,1,0,0.373676,1.717985,-0.12,-0.003885,1.594101,-0.35448,0.373676,2,3,0.031944,0.2,,A8A8D551A2DBE17B51603B6B16B72E41D05FCCF8B3B0AC35D0B9D36AE76F3C0B
RAW_GRID_T100_S020_GATE90_RAW_BOTH,raw_both,RAW_GRID_T100_S020_GATE90_RAW_BOTH|AUDCHF|SHORT|6,AUDCHF,SHORT,target,2022-01-10T16:02:00.000Z,2022-01-10T16:03:00.000Z,2022-01-10T00:00:00.000Z,1,0,0,0.152394,0.702064,-0.06,0.000007,0.642071,0,0.152394,2,3,0.000694,0.2,,2FB85B5AC5A081C09A82604F9A3D910184D4418094C599E8A29F162FCF4D0D7E
RAW_GRID_T100_S020_GATE90_RAW_BOTH,raw_both,RAW_GRID_T100_S020_GATE90_RAW_BOTH|AUDCHF|SHORT|7,AUDCHF,SHORT,session_flatten,2022-01-10T16:07:00.000Z,2022-01-10T21:00:00.000Z,2022-01-10T00:00:00.000Z,3,2,0,-0.745068,-3.429981,-0.18,0.003986,-3.605995,-0.801254,0.217127,3,,0.203472,0.2,,5C87330F897BF112D555A06A8AAC1F00AF317B4EA366E5D62F4060BCFCFBD34D
RAW_GRID_T100_S020_GATE90_RAW_BOTH,raw_both,RAW_GRID_T100_S020_GATE90_RAW_BOTH|AUDCHF|SHORT|8,AUDCHF,SHORT,target,2022-01-10T23:05:00.000Z,2022-01-11T01:51:00.000Z,2022-01-10T00:00:00.000Z,1,0,0,0.046735,0.200001,-0.06,0.001153,0.141154,-0.168245,0.065429,3,4,0.115278,0.2,,2A0652A5C6BF3430F0607AE7C42F7028EE229FB891524870DFC6D6CF99ABB53D
RAW_GRID_T100_S020_GATE90_RAW_BOTH,raw_both,RAW_GRID_T100_S020_GATE90_RAW_BOTH|AUDCHF|SHORT|9,AUDCHF,SHORT,target,2022-01-11T02:24:00.000Z,2022-01-11T04:47:00.000Z,2022-01-10T00:00:00.000Z,1,0,0,0.042042,0.180002,-0.06,0.000993,0.120995,-0.19152,0.070069,4,5,0.099306,0.2,,1DF6F33594CF8268FD4BE37EC2CA4B1DB86C9F9F527AED9D3792BD6FEAC286A1
RAW_GRID_T100_S020_GATE90_RAW_BOTH,raw_both,RAW_GRID_T100_S020_GATE90_RAW_BOTH|AUDCHF|SHORT|10,AUDCHF,SHORT,target,2022-01-11T05:57:00.000Z,2022-01-11T06:09:00.000Z,2022-01-10T00:00:00.000Z,1,0,0,0.116728,0.539894,-0.06,0.000083,0.479977,-0.004669,0.116728,5,6,0.008333,0.2,,1177038F0FC6FBC74EA5821B5FAB69851571F7529BFB142FD8EC144DE0726919
RAW_GRID_T100_S020_GATE90_RAW_BOTH,raw_both,RAW_GRID_T100_S020_GATE90_RAW_BOTH|AUDCHF|LONG|11,AUDCHF,LONG,target,2022-01-11T06:28:00.000Z,2022-01-11T07:28:00.000Z,2022-01-10T00:00:00.000Z,2,1,0,0.24812,1.145036,-0.12,-0.006304,1.018732,-0.388169,0.24812,3,4,0.041667,0.2,,9151CEAE17483EA10D0E81FFF532C7D6D424488441E0453EF4125F52E42A4B46
RAW_GRID_T100_S020_GATE90_RAW_BOTH,raw_both,RAW_GRID_T100_S020_GATE90_RAW_BOTH|AUDCHF|LONG|12,AUDCHF,LONG,target,2022-01-11T07:42:00.000Z,2022-01-11T07:54:00.000Z,2022-01-10T00:00:00.000Z,1,0,0,0.1076,0.496888,-0.06,-0.000764,0.436124,0,0.1076,4,5,0.008333,0.2,,FB8CF4FE930940BAFD32F72390F82391BA7E5F8C1198BA93B729B4C9F41177AC
RAW_GRID_T100_S020_GATE90_RAW_BOTH,raw_both,RAW_GRID_T100_S020_GATE90_RAW_BOTH|AUDCHF|LONG|13,AUDCHF,LONG,target,2022-01-11T08:12:00.000Z,2022-01-11T08:16:00.000Z,2022-01-10T00:00:00.000Z,1,0,0,0.140386,0.648316,-0.06,-0.000255,0.588061,-0.004679,0.140386,5,6,0.002778,0.2,,6414D645873EC4392FFDB5F82303DDD425893C13371FC11E83B66A124E885DC0
RAW_GRID_T100_S020_GATE90_RAW_BOTH,raw_both,RAW_GRID_T100_S020_GATE90_RAW_BOTH|AUDCHF|LONG|14,AUDCHF,LONG,target,2022-01-11T08:35:00.000Z,2022-01-11T09:04:00.000Z,2022-01-10T00:00:00.000Z,1,0,0,0.093591,0.432379,-0.06,-0.001847,0.370532,-0.131026,0.093591,6,7,0.020139,0.2,,5AF06ABD81A9C0EF68E656340475B3E4E1AF7E304354B34821F5991DA4555286
RAW_GRID_T100_S020_GATE90_RAW_BOTH,raw_both,RAW_GRID_T100_S020_GATE90_RAW_BOTH|AUDCHF|LONG|15,AUDCHF,LONG,target,2022-01-11T09:14:00.000Z,2022-01-11T09:29:00.000Z,2022-01-10T00:00:00.000Z,1,0,0,0.1826,0.8433,-0.06,-0.000955,0.782345,-0.021069,0.1826,7,8,0.010417,0.2,,7C79D20A6337149A7FEBE8C0739B58C248789365F73C70CC216971B1F3F804FF
RAW_GRID_T100_S020_GATE90_RAW_BOTH,raw_both,RAW_GRID_T100_S020_GATE90_RAW_BOTH|AUDCHF|SHORT|16,AUDCHF,SHORT,target,2022-01-11T09:35:00.000Z,2022-01-11T10:36:00.000Z,2022-01-10T00:00:00.000Z,1,0,0,0.098176,0.453428,-0.06,0.000424,0.393852,-0.100513,0.098176,6,7,0.042361,0.2,,7EAB6890BD5D5599C7331739A153F743CBC1DF4FD3E5B5FD9CC9BECE4A9FC686
RAW_GRID_T100_S020_GATE90_RAW_BOTH,raw_both,RAW_GRID_T100_S020_GATE90_RAW_BOTH|AUDCHF|SHORT|17,AUDCHF,SHORT,target,2022-01-11T10:49:00.000Z,2022-01-11T11:30:00.000Z,2022-01-10T00:00:00.000Z,1,0,0,0.126203,0.582779,-0.06,0.000285,0.523064,-0.018697,0.126203,7,8,0.028472,0.2,,9CBDBD322FA3EA1F77B12F9C2E450A5EF68E8E4946C4CF8E046D69958DB3FDCA
RAW_GRID_T100_S020_GATE90_RAW_BOTH,raw_both,RAW_GRID_T100_S020_GATE90_RAW_BOTH|AUDCHF|LONG|18,AUDCHF,LONG,target,2022-01-11T11:39:00.000Z,2022-01-11T11:52:00.000Z,2022-01-10T00:00:00.000Z,1,0,0,0.107647,0.496732,-0.06,-0.000828,0.435904,-0.007021,0.107647,8,9,0.009028,0.2,,E1F7C39F5B534DBE8AF9957293CA926D9475C408954721DE0DFC2F5DF6D9FF85
RAW_GRID_T100_S020_GATE90_RAW_BOTH,raw_both,RAW_GRID_T100_S020_GATE90_RAW_BOTH|AUDCHF|LONG|19,AUDCHF,LONG,target,2022-01-11T12:17:00.000Z,2022-01-11T15:01:00.000Z,2022-01-10T00:00:00.000Z,2,1,0,0.313918,1.445866,-0.12,-0.011654,1.314212,-0.304291,0.313918,9,10,0.113889,0.2,,281C29C496C737D45E97EAC2FAFC5C54B0BBBA971226E5560C2B04100F6A9F41
RAW_GRID_T100_S020_GATE90_RAW_BOTH,raw_both,RAW_GRID_T100_S020_GATE90_RAW_BOTH|AUDCHF|LONG|20,AUDCHF,LONG,target,2022-01-11T15:01:00.000Z,2022-01-11T15:01:00.000Z,2022-01-10T00:00:00.000Z,1,0,0,0.161597,0.744434,-0.06,0,0.684434,0,0.161597,10,11,0,0.2,,59C95C485354EAF915765FD3CF7F7D1C1303A74AF1132753DF5996C68B9DB485
RAW_GRID_T100_S020_GATE90_RAW_BOTH,raw_both,RAW_GRID_T100_S020_GATE90_RAW_BOTH|AUDCHF|LONG|21,AUDCHF,LONG,target,2022-01-11T15:50:00.000Z,2022-01-11T15:59:00.000Z,2022-01-10T00:00:00.000Z,1,0,0,0.140563,0.648508,-0.06,-0.000573,0.587935,0,0.140563,11,12,0.00625,0.2,,B9DBBFB4A8AD8CB2F23E6D2C00491E77B712D80277761BFCC3DC1D0D4C0F7E72
RAW_GRID_T100_S020_GATE90_RAW_BOTH,raw_both,RAW_GRID_T100_S020_GATE90_RAW_BOTH|AUDCHF|SHORT|22,AUDCHF,SHORT,session_flatten,2022-01-11T16:40:00.000Z,2022-01-11T21:00:00.000Z,2022-01-10T00:00:00.000Z,2,1,0,-0.336756,-1.558907,-0.12,0.00316,-1.675747,-0.542469,0.08889,8,,0.180556,0.2,,FCA2AB03AAE78224F92C8915DCE9C756A98CBEAD01BCF449F39CD8A6056C842D
RAW_GRID_T100_S020_GATE90_RAW_BOTH,raw_both,RAW_GRID_T100_S020_GATE90_RAW_BOTH|AUDCHF|SHORT|23,AUDCHF,SHORT,target,2022-01-11T23:06:00.000Z,2022-01-12T01:19:00.000Z,2022-01-10T00:00:00.000Z,1,0,0,0.126089,0.539999,-0.06,0.000924,0.480922,-0.058375,0.126089,8,9,0.092361,0.2,,33E4CAA3B89C3334F583BED04C901406ED85008CFC13F90E067032846E5CC224
RAW_GRID_T100_S020_GATE90_RAW_BOTH,raw_both,RAW_GRID_T100_S020_GATE90_RAW_BOTH|AUDCHF|SHORT|24,AUDCHF,SHORT,target,2022-01-12T01:38:00.000Z,2022-01-12T01:49:00.000Z,2022-01-10T00:00:00.000Z,1,0,0,0.10273,0.476433,-0.06,0.000076,0.416509,-0.030352,0.10273,9,10,0.007639,0.2,,6B8A8ACA48F28C4931EA3B7FA1B904983403E0DA4BBFCD75FC208FA5B98D59E5
RAW_GRID_T100_S020_GATE90_RAW_BOTH,raw_both,RAW_GRID_T100_S020_GATE90_RAW_BOTH|AUDCHF|SHORT|25,AUDCHF,SHORT,target,2022-01-12T03:09:00.000Z,2022-01-12T07:37:00.000Z,2022-01-10T00:00:00.000Z,2,1,0,0.214489,0.919998,-0.12,0.002264,0.802262,-0.219426,0.214489,10,11,0.186111,0.2,,E8894528FBE3CD4C13259F3780EF3C8C7DCC1483C3C35AC49B5C19CDEF71A695
RAW_GRID_T100_S020_GATE90_RAW_BOTH,raw_both,RAW_GRID_T100_S020_GATE90_RAW_BOTH|AUDCHF|LONG|26,AUDCHF,LONG,target,2022-01-12T07:54:00.000Z,2022-01-12T08:06:00.000Z,2022-01-10T00:00:00.000Z,1,0,0,0.105123,0.486915,-0.06,-0.000764,0.426151,-0.053729,0.105123,12,13,0.008333,0.2,,93FCEBD5D921EF5B25BFCDF124215DCCF5D206DE8014222DCB94078CF37B8F11
RAW_GRID_T100_S020_GATE90_RAW_BOTH,raw_both,RAW_GRID_T100_S020_GATE90_RAW_BOTH|AUDCHF|LONG|27,AUDCHF,LONG,target,2022-01-12T08:09:00.000Z,2022-01-12T08:16:00.000Z,2022-01-10T00:00:00.000Z,1,0,0,0.133176,0.617042,-0.06,-0.000446,0.556597,0,0.133176,13,14,0.004861,0.2,,38FB6AD40F295C3BAE885258662B14C01ED6402F781A69735F804EAFABF1CAFE
RAW_GRID_T100_S020_GATE90_RAW_BOTH,raw_both,RAW_GRID_T100_S020_GATE90_RAW_BOTH|AUDCHF|LONG|28,AUDCHF,LONG,target,2022-01-12T08:30:00.000Z,2022-01-12T09:50:00.000Z,2022-01-10T00:00:00.000Z,1,0,0,0.105153,0.487173,-0.06,-0.005094,0.422079,-0.112163,0.105153,14,15,0.055556,0.2,,20DBFD5DF018B574E5F3A1FC6676A99143A25989FDA6AC33B28220B9099C2F8D
RAW_GRID_T100_S020_GATE90_RAW_BOTH,raw_both,RAW_GRID_T100_S020_GATE90_RAW_BOTH|AUDCHF|LONG|29,AUDCHF,LONG,target,2022-01-12T10:13:00.000Z,2022-01-12T10:52:00.000Z,2022-01-10T00:00:00.000Z,1,0,0,0.114516,0.530669,-0.06,-0.002484,0.468185,-0.058426,0.114516,15,16,0.027083,0.2,,35E87EAB734F9E11EDA76E12F06FDDAAC2949BDD264F0D8EFD42BF898B916184
RAW_GRID_T100_S020_GATE90_RAW_BOTH,raw_both,RAW_GRID_T100_S020_GATE90_RAW_BOTH|AUDCHF|LONG|30,AUDCHF,LONG,target,2022-01-12T13:07:00.000Z,2022-01-12T13:31:00.000Z,2022-01-10T00:00:00.000Z,1,0,0,0.116869,0.542147,-0.06,-0.001528,0.480619,-0.074796,0.116869,16,17,0.016667,0.2,,A76C5BF3DAE1794FD679A19D9D9EA181684AE0FFE81AB968360C9333DD629814
RAW_GRID_T100_S020_GATE90_RAW_BOTH,raw_both,RAW_GRID_T100_S020_GATE90_RAW_BOTH|AUDCHF|SHORT|31,AUDCHF,SHORT,target,2022-01-12T13:33:00.000Z,2022-01-12T15:31:00.000Z,2022-01-10T00:00:00.000Z,2,1,0,0.013855,0.065459,-0.12,0.001361,-0.05318,-0.53668,0.065361,11,12,0.081944,0.2,,FA51EB569F157712439168381887F786C814E077BDBE0055F02A4FF8CBC71F20
RAW_GRID_T100_S020_GATE90_RAW_BOTH,raw_both,RAW_GRID_T100_S020_GATE90_RAW_BOTH|AUDCHF|LONG|32,AUDCHF,LONG,target,2022-01-12T15:36:00.000Z,2022-01-12T19:15:00.000Z,2022-01-10T00:00:00.000Z,3,2,0,0.468026,2.188614,-0.18,-0.036107,1.972507,-0.668015,0.468026,17,18,0.152083,0.2,,1D50DF098E64E1C29310F41666AAD83B5BFFCAB273E1A061CF56434C75C0891F
RAW_GRID_T100_S020_GATE90_RAW_BOTH,raw_both,RAW_GRID_T100_S020_GATE90_RAW_BOTH|AUDCHF|SHORT|33,AUDCHF,SHORT,session_flatten,2022-01-12T19:59:00.000Z,2022-01-12T21:00:00.000Z,2022-01-10T00:00:00.000Z,1,0,0,0.016342,0.076601,-0.06,0.000424,0.017024,-0.04669,0.098049,12,,0.042361,0.2,,F0A37C772D2B5DF2DC6549A41C0776DABCF71974EB1F91E4EEDB7161BAB70073
RAW_GRID_T100_S020_GATE90_RAW_BOTH,raw_both,RAW_GRID_T100_S020_GATE90_RAW_BOTH|AUDCHF|SHORT|34,AUDCHF,SHORT,target,2022-01-12T23:14:00.000Z,2022-01-12T23:56:00.000Z,2022-01-10T00:00:00.000Z,1,0,0,0.109728,0.514139,-0.06,0.000292,0.454431,-0.011674,0.109728,12,13,0.029167,0.2,,D7DA977C0340F840BBD7E07193487CDF9B37CFC1CDCD6E311084B53729E8A878
RAW_GRID_T100_S020_GATE90_RAW_BOTH,raw_both,RAW_GRID_T100_S020_GATE90_RAW_BOTH|AUDCHF|SHORT|35,AUDCHF,SHORT,target,2022-01-13T01:06:00.000Z,2022-01-13T01:35:00.000Z,2022-01-10T00:00:00.000Z,1,0,0,0.112065,0.524875,-0.06,0.000201,0.465076,-0.03969,0.112065,13,14,0.020139,0.2,,37CBCC9AC917E2721C5D5C1CBDB8E3AA034C6E7F59BC59BE72C9CAE9523EEDD1
RAW_GRID_T100_S020_GATE90_RAW_BOTH,raw_both,RAW_GRID_T100_S020_GATE90_RAW_BOTH|AUDCHF|SHORT|36,AUDCHF,SHORT,target,2022-01-13T02:49:00.000Z,2022-01-13T06:36:00.000Z,2022-01-10T00:00:00.000Z,1,0,0,0.018677,0.087483,-0.06,0.001576,0.029059,-0.186771,0.0607,14,15,0.157639,0.2,,DEEB76317B0C4392AFE9B83CF7D32F9B4D1A9D2F160DCD4A5559A7E8003B89E2
RAW_GRID_T100_S020_GATE90_RAW_BOTH,raw_both,RAW_GRID_T100_S020_GATE90_RAW_BOTH|AUDCHF|SHORT|37,AUDCHF,SHORT,target,2022-01-13T08:11:00.000Z,2022-01-13T09:28:00.000Z,2022-01-10T00:00:00.000Z,2,1,0,0.149083,0.700676,-0.12,0.000778,0.581453,-0.410488,0.149083,15,16,0.053472,0.2,,425EA24693AB48F36516BF86D71E082E8A5025FE9129C61814271F4FC6DC1746
RAW_GRID_T100_S020_GATE90_RAW_BOTH,raw_both,RAW_GRID_T100_S020_GATE90_RAW_BOTH|AUDCHF|SHORT|38,AUDCHF,SHORT,target,2022-01-13T10:06:00.000Z,2022-01-13T10:21:00.000Z,2022-01-10T00:00:00.000Z,1,0,0,0.107206,0.504335,-0.06,0.000104,0.444439,0,0.107206,16,17,0.010417,0.2,,7EB94F3E6E9B60C6577E7389680A71776775A617EC2826C011A8F28BDD046D40
RAW_GRID_T100_S020_GATE90_RAW_BOTH,raw_both,RAW_GRID_T100_S020_GATE90_RAW_BOTH|AUDCHF|SHORT|39,AUDCHF,SHORT,target,2022-01-13T10:26:00.000Z,2022-01-13T10:51:00.000Z,2022-01-10T00:00:00.000Z,1,0,0,0.097878,0.460028,-0.06,0.000174,0.400202,-0.032626,0.107201,17,18,0.017361,0.2,,69D5984233503BE41260BF341902E540CF284414266B3C0B123DC0B399AAE214
RAW_GRID_T100_S020_GATE90_RAW_BOTH,raw_both,RAW_GRID_T100_S020_GATE90_RAW_BOTH|AUDCHF|LONG|40,AUDCHF,LONG,session_flatten,2022-01-13T11:16:00.000Z,2022-01-13T21:00:00.000Z,2022-01-10T00:00:00.000Z,5,4,0,-2.025677,-9.512638,-0.3,-0.129908,-9.942546,-2.177741,0.034999,18,,0.405556,0.2,,F8860F5954ED57EBA6038CFCE6610637F708930D28C505C9FBBFBE0615CD44D5
RAW_GRID_T100_S020_GATE90_RAW_BOTH,raw_both,RAW_GRID_T100_S020_GATE90_RAW_BOTH|AUDCHF|LONG|41,AUDCHF,LONG,target,2022-01-13T23:22:00.000Z,2022-01-14T00:37:00.000Z,2022-01-10T00:00:00.000Z,1,0,0,0.098491,0.420001,-0.06,-0.004776,0.355225,-0.154771,0.098491,18,19,0.052083,0.2,,FFB10C6B369C4D3F220A6ABAEB47B6640058CD887917E314B51830940FDE961E
RAW_GRID_T100_S020_GATE90_RAW_BOTH,raw_both,RAW_GRID_T100_S020_GATE90_RAW_BOTH|AUDCHF|LONG|42,AUDCHF,LONG,target,2022-01-14T00:50:00.000Z,2022-01-14T04:07:00.000Z,2022-01-10T00:00:00.000Z,2,1,0,0.056477,0.263635,-0.12,-0.023243,0.120392,-0.436542,0.117517,19,20,0.136806,0.2,,2B61C23C745A4D7EEAE1EA1E14072F3396FA98FF26FD358894D724B7FC3AADCA
RAW_GRID_T100_S020_GATE90_RAW_BOTH,raw_both,RAW_GRID_T100_S020_GATE90_RAW_BOTH|AUDCHF|SHORT|43,AUDCHF,SHORT,target,2022-01-14T04:14:00.000Z,2022-01-14T05:07:00.000Z,2022-01-10T00:00:00.000Z,1,0,0,0.117292,0.549289,-0.06,0.000368,0.489657,-0.039879,0.117292,18,19,0.036806,0.2,,5E47A25CBAC98BAE636C6449A9D82E913A3415BBF6F635D6F51BF276532B3A83
RAW_GRID_T100_S020_GATE90_RAW_BOTH,raw_both,RAW_GRID_T100_S020_GATE90_RAW_BOTH|AUDCHF|SHORT|44,AUDCHF,SHORT,target,2022-01-14T05:40:00.000Z,2022-01-14T07:33:00.000Z,2022-01-10T00:00:00.000Z,1,0,0,0.091488,0.428356,-0.06,0.000785,0.369141,-0.103216,0.091488,19,20,0.078472,0.2,,01910E96A2CA5E3C356B7436F000213BBA8ACF7BEAFFEE36B855F3DB8954AC40
RAW_GRID_T100_S020_GATE90_RAW_BOTH,raw_both,RAW_GRID_T100_S020_GATE90_RAW_BOTH|AUDCHF|SHORT|45,AUDCHF,SHORT,target,2022-01-14T08:13:00.000Z,2022-01-14T08:51:00.000Z,2022-01-10T00:00:00.000Z,1,0,0,0.039867,0.186765,-0.06,0.000264,0.127029,-0.173539,0.056284,20,21,0.026389,0.2,,7CCDDCAF631BB3C25DB7E5B7B3B717E7D7000987DDA7737F09CC5733B611411E
RAW_GRID_T100_S020_GATE90_RAW_BOTH,raw_both,RAW_GRID_T100_S020_GATE90_RAW_BOTH|AUDCHF|LONG|46,AUDCHF,LONG,target,2022-01-14T08:53:00.000Z,2022-01-14T11:20:00.000Z,2022-01-10T00:00:00.000Z,1,0,0,0.063373,0.296257,-0.06,-0.009361,0.226895,-0.173688,0.077456,20,21,0.102083,0.2,,33243EDACC0A59260E90D07C4277906F4C05C3507CE03ACC8674D4A8868923AE
RAW_GRID_T100_S020_GATE90_RAW_BOTH,raw_both,RAW_GRID_T100_S020_GATE90_RAW_BOTH|AUDCHF|SHORT|48,AUDCHF,SHORT,target,2022-01-14T14:39:00.000Z,2022-01-14T14:42:00.000Z,2022-01-10T00:00:00.000Z,1,0,0,0.124702,0.581473,-0.06,0.000021,0.521494,0,0.124702,21,22,0.002083,0.2,,04C73B3074E5FB945C49E14972E1F10902F9766FB549CE6EC386D2505DDE55F7
RAW_GRID_T100_S020_GATE90_RAW_BOTH,raw_both,RAW_GRID_T100_S020_GATE90_RAW_BOTH|AUDCHF|SHORT|49,AUDCHF,SHORT,target,2022-01-14T14:59:00.000Z,2022-01-14T15:02:00.000Z,2022-01-10T00:00:00.000Z,1,0,0,0.174148,0.811475,-0.06,0.000021,0.751495,-0.00706,0.174148,22,23,0.002083,0.2,,C8EAA3E5A5B52CCEA1608BCEBCD187A9DB6C64091EB7C51A487822C54D9BC90A
RAW_GRID_T100_S020_GATE90_RAW_BOTH,raw_both,RAW_GRID_T100_S020_GATE90_RAW_BOTH|AUDCHF|LONG|47,AUDCHF,LONG,target,2022-01-14T11:32:00.000Z,2022-01-14T15:12:00.000Z,2022-01-10T00:00:00.000Z,4,3,0,0.048443,0.219391,-0.24,-0.04152,-0.062129,-1.861849,0.048443,21,22,0.152778,0.2,,E4FCC58F22B8CF99A3129516884BD93A2C9B84B7E5A5BD294D20049832C50E68
RAW_GRID_T100_S020_GATE90_RAW_BOTH,raw_both,RAW_GRID_T100_S020_GATE90_RAW_BOTH|AUDCHF|SHORT|50,AUDCHF,SHORT,target,2022-01-14T15:11:00.000Z,2022-01-14T15:25:00.000Z,2022-01-10T00:00:00.000Z,1,0,0,0.115324,0.537314,-0.06,0.000097,0.477411,-0.075313,0.115324,23,24,0.009722,0.2,,EF3B846754C9FA7DBFA822B98D2BD300430724BBADC03FF0B3E4EB6A8246AE26
RAW_GRID_T100_S020_GATE90_RAW_BOTH,raw_both,RAW_GRID_T100_S020_GATE90_RAW_BOTH|AUDCHF|LONG|51,AUDCHF,LONG,target,2022-01-14T15:33:00.000Z,2022-01-14T15:35:00.000Z,2022-01-10T00:00:00.000Z,1,0,0,0.127273,0.592013,-0.06,-0.000127,0.531886,0,0.127273,22,23,0.001389,0.2,,C531B475FD25A9BAB3030026FDD1F31DEEE0B3928C0C22672A836C282EFF7EF0
RAW_GRID_T100_S020_GATE90_RAW_BOTH,raw_both,RAW_GRID_T100_S020_GATE90_RAW_BOTH|AUDJPY|LONG|1,AUDJPY,LONG,target,2022-01-10T13:35:00.000Z,2022-01-10T18:52:00.000Z,2022-01-10T00:00:00.000Z,3,2,0,0.075565,0.503464,-0.18,-0.049416,0.274047,-1.135368,0.075936,0,1,0.220139,0.2,,2403EB39382A26E1888373EFE08B459080C93EA8EE254445384540A6CEE969E3
RAW_GRID_T100_S020_GATE90_RAW_BOTH,raw_both,RAW_GRID_T100_S020_GATE90_RAW_BOTH|AUDJPY|SHORT|2,AUDJPY,SHORT,target,2022-01-10T18:51:00.000Z,2022-01-10T19:47:00.000Z,2022-01-10T00:00:00.000Z,1,0,0,0.105747,0.711892,-0.06,0.000389,0.65228,-0.042557,0.105747,0,1,0.038889,0.2,,54FA8E2B264C83C09406C9AADF230E7FEF3C658E70FE61CAC47E4593EEFDFA8F
RAW_GRID_T100_S020_GATE90_RAW_BOTH,raw_both,RAW_GRID_T100_S020_GATE90_RAW_BOTH|AUDJPY|SHORT|3,AUDJPY,SHORT,session_flatten,2022-01-10T20:00:00.000Z,2022-01-10T21:00:00.000Z,2022-01-10T00:00:00.000Z,1,0,0,-0.104468,-0.702917,-0.06,0.000417,-0.7625,-0.125104,0.074804,1,,0.041667,0.2,,6E5EEC797BF4B1DC380868DBF55CB8B107C6FA49BE8610961F698BAB78B29263
RAW_GRID_T100_S020_GATE90_RAW_BOTH,raw_both,RAW_GRID_T100_S020_GATE90_RAW_BOTH|AUDJPY|SHORT|4,AUDJPY,SHORT,target,2022-01-10T23:05:00.000Z,2022-01-11T06:11:00.000Z,2022-01-10T00:00:00.000Z,3,2,0,0.179268,1.215068,-0.18,0.00625,1.041318,-0.646273,0.240991,1,2,0.295833,0.2,,9B77AAC925EB600F9887C19AE770AED817B407DABC61AD48CF5B822D5B58C4A1
RAW_GRID_T100_S020_GATE90_RAW_BOTH,raw_both,RAW_GRID_T100_S020_GATE90_RAW_BOTH|AUDJPY|LONG|5,AUDJPY,LONG,target,2022-01-11T06:38:00.000Z,2022-01-11T07:27:00.000Z,2022-01-10T00:00:00.000Z,2,1,0,0.397235,2.673283,-0.12,-0.005349,2.547933,-0.211193,0.397235,1,2,0.034028,0.2,,B7D1D2BF4F2E7CEE37ED2B762C182715EB017B99AC7A325AA7F1F2FE8DE160EF
RAW_GRID_T100_S020_GATE90_RAW_BOTH,raw_both,RAW_GRID_T100_S020_GATE90_RAW_BOTH|AUDJPY|LONG|6,AUDJPY,LONG,target,2022-01-11T07:42:00.000Z,2022-01-11T07:49:00.000Z,2022-01-10T00:00:00.000Z,1,0,0,0.104338,0.703301,-0.06,-0.000446,0.642856,-0.003864,0.104338,2,3,0.004861,0.2,,C5FA72AEA4182E9BE42BBD308ED51B2DC3A0F1BA73BC40D4225B5CBC01D464B2
RAW_GRID_T100_S020_GATE90_RAW_BOTH,raw_both,RAW_GRID_T100_S020_GATE90_RAW_BOTH|AUDJPY|SHORT|7,AUDJPY,SHORT,target,2022-01-11T08:01:00.000Z,2022-01-11T08:13:00.000Z,2022-01-10T00:00:00.000Z,1,0,0,0.097705,0.659275,-0.06,0.000083,0.599358,-0.051424,0.097705,2,3,0.008333,0.2,,B18C7BA582468DE9743F56D83D1B9C6EA7994A975D264622E3661768129112F1
RAW_GRID_T100_S020_GATE90_RAW_BOTH,raw_both,RAW_GRID_T100_S020_GATE90_RAW_BOTH|AUDJPY|SHORT|8,AUDJPY,SHORT,target,2022-01-11T08:21:00.000Z,2022-01-11T08:35:00.000Z,2022-01-10T00:00:00.000Z,1,0,0,0.136255,0.919629,-0.06,0.000097,0.859727,-0.008998,0.136255,3,4,0.009722,0.2,,09A14B37CEDBC653E77903F0846E1AA61C2DAA8255AF4F2604D807F8DA99E8AE
RAW_GRID_T100_S020_GATE90_RAW_BOTH,raw_both,RAW_GRID_T100_S020_GATE90_RAW_BOTH|AUDJPY|SHORT|9,AUDJPY,SHORT,target,2022-01-11T09:03:00.000Z,2022-01-11T10:22:00.000Z,2022-01-10T00:00:00.000Z,1,0,0,0.110518,0.745266,-0.06,0.000549,0.685815,-0.059114,0.110518,4,5,0.054861,0.2,,34F74D8FC9C7B5E742CF5CDCCBAB1403D218064D46C2124E343E0B179AC6CC54
RAW_GRID_T100_S020_GATE90_RAW_BOTH,raw_both,RAW_GRID_T100_S020_GATE90_RAW_BOTH|AUDJPY|SHORT|10,AUDJPY,SHORT,target,2022-01-11T10:43:00.000Z,2022-01-11T11:30:00.000Z,2022-01-10T00:00:00.000Z,1,0,0,0.110518,0.744982,-0.06,0.000326,0.685308,-0.01542,0.110518,5,6,0.032639,0.2,,A0CF50591D6F9749C3374E4C54FAB57FFABADE6E086455E9E4AAB17D26B79578
RAW_GRID_T100_S020_GATE90_RAW_BOTH,raw_both,RAW_GRID_T100_S020_GATE90_RAW_BOTH|AUDJPY|SHORT|11,AUDJPY,SHORT,target,2022-01-11T13:08:00.000Z,2022-01-11T13:18:00.000Z,2022-01-10T00:00:00.000Z,1,0,0,0.116926,0.787845,-0.06,0.000069,0.727914,0,0.116926,6,7,0.006944,0.2,,572B80D4D8D0373EE730533B54C9C8AD40A794036476EE25109E584508632DC0
RAW_GRID_T100_S020_GATE90_RAW_BOTH,raw_both,RAW_GRID_T100_S020_GATE90_RAW_BOTH|AUDJPY|SHORT|12,AUDJPY,SHORT,target,2022-01-11T13:35:00.000Z,2022-01-11T13:45:00.000Z,2022-01-10T00:00:00.000Z,1,0,0,0.132348,0.890659,-0.06,0.000069,0.830728,-0.00514,0.132348,7,8,0.006944,0.2,,6F7A5310140BA012F474677F5C9D20FF1960DD59AD30D24B505212703481FE1C
RAW_GRID_T100_S020_GATE90_RAW_BOTH,raw_both,RAW_GRID_T100_S020_GATE90_RAW_BOTH|AUDJPY|LONG|13,AUDJPY,LONG,target,2022-01-11T14:42:00.000Z,2022-01-11T15:01:00.000Z,2022-01-10T00:00:00.000Z,1,0,0,0.213795,1.436582,-0.06,-0.00121,1.375372,-0.045078,0.213795,3,4,0.013194,0.2,,94A1695ACF6C3FDAE8ABA6C009F74111FE54CCCFD24391506F5EF2DB5C3A0678
RAW_GRID_T100_S020_GATE90_RAW_BOTH,raw_both,RAW_GRID_T100_S020_GATE90_RAW_BOTH|AUDJPY|SHORT|14,AUDJPY,SHORT,target,2022-01-11T15:06:00.000Z,2022-01-11T15:46:00.000Z,2022-01-10T00:00:00.000Z,1,0,0,0.10151,0.684136,-0.06,0.000278,0.624414,-0.043688,0.105365,8,9,0.027778,0.2,,48F3ADB65836E38C853CB09374D8A1D0C4554746B4E5C33F6E87F7652A2E1703
RAW_GRID_T100_S020_GATE90_RAW_BOTH,raw_both,RAW_GRID_T100_S020_GATE90_RAW_BOTH|AUDJPY|SHORT|15,AUDJPY,SHORT,session_flatten,2022-01-11T16:01:00.000Z,2022-01-11T21:00:00.000Z,2022-01-10T00:00:00.000Z,2,1,0,-0.299279,-2.02097,-0.12,0.003674,-2.137297,-0.543163,0.03983,9,,0.207639,0.2,,3816FA3404EB931DAD43E0FCF16643BFBFD89C238510C8E8C887980DA441B8A9
RAW_GRID_T100_S020_GATE90_RAW_BOTH,raw_both,RAW_GRID_T100_S020_GATE90_RAW_BOTH|AUDJPY|SHORT|16,AUDJPY,SHORT,target,2022-01-11T23:05:00.000Z,2022-01-12T07:55:00.000Z,2022-01-10T00:00:00.000Z,2,1,0,0.276325,1.871429,-0.12,0.004208,1.755637,-0.202458,0.276325,9,10,0.368056,0.2,,09A364BD3E41DA9D2D2D9BB1405C932C552C3CF3E937242C58AF6781C41AF22E
RAW_GRID_T100_S020_GATE90_RAW_BOTH,raw_both,RAW_GRID_T100_S020_GATE90_RAW_BOTH|AUDJPY|LONG|17,AUDJPY,LONG,target,2022-01-12T08:37:00.000Z,2022-01-12T09:45:00.000Z,2022-01-10T00:00:00.000Z,1,0,0,0.110297,0.745628,-0.06,-0.00433,0.681298,0,0.110297,4,5,0.047222,0.2,,91667F5D58A2F1850CE74A86C5777044694152AD5CB72746335CF2098D7940C7
RAW_GRID_T100_S020_GATE90_RAW_BOTH,raw_both,RAW_GRID_T100_S020_GATE90_RAW_BOTH|AUDJPY|SHORT|18,AUDJPY,SHORT,target,2022-01-12T10:52:00.000Z,2022-01-12T16:08:00.000Z,2022-01-10T00:00:00.000Z,3,2,0,0.084786,0.583781,-0.18,0.004056,0.407837,-0.980453,0.103664,10,11,0.219444,0.2,,55B921875E0B53A5566BE387F0AFF5F97115F353110B1AA91FC514BEB709606C
RAW_GRID_T100_S020_GATE90_RAW_BOTH,raw_both,RAW_GRID_T100_S020_GATE90_RAW_BOTH|AUDJPY|LONG|19,AUDJPY,LONG,target,2022-01-12T16:08:00.000Z,2022-01-12T16:51:00.000Z,2022-01-10T00:00:00.000Z,1,0,0,0.125205,0.854158,-0.06,-0.002738,0.791419,-0.020442,0.125205,5,6,0.029861,0.2,,17FA2162E77DF9AFE4EE84EA48D49083A4E3063C694D0A2EB2A176ED116D2534
RAW_GRID_T100_S020_GATE90_RAW_BOTH,raw_both,RAW_GRID_T100_S020_GATE90_RAW_BOTH|AUDJPY|LONG|20,AUDJPY,LONG,target,2022-01-12T17:07:00.000Z,2022-01-12T19:24:00.000Z,2022-01-10T00:00:00.000Z,1,0,0,0.12777,0.872845,-0.06,-0.008724,0.804121,-0.04472,0.12777,6,7,0.095139,0.2,,6FC373B1B6CBE8FC971163F8261F597902F1F5493127CE175439999BFECEC196
RAW_GRID_T100_S020_GATE90_RAW_BOTH,raw_both,RAW_GRID_T100_S020_GATE90_RAW_BOTH|AUDJPY|LONG|21,AUDJPY,LONG,session_flatten,2022-01-12T19:40:00.000Z,2022-01-12T21:00:00.000Z,2022-01-10T00:00:00.000Z,1,0,0,0.138028,0.943019,-0.06,-0.005094,0.877924,-0.01278,0.14314,7,,0.055556,0.2,,FCF6EA1BFFDC71A04BEE723134AC06E03CEF1DA49541A43254E8A70A641D8D3D
RAW_GRID_T100_S020_GATE90_RAW_BOTH,raw_both,RAW_GRID_T100_S020_GATE90_RAW_BOTH|AUDJPY|LONG|22,AUDJPY,LONG,target,2022-01-13T01:26:00.000Z,2022-01-13T02:18:00.000Z,2022-01-10T00:00:00.000Z,1,0,0,0.076653,0.523576,-0.06,-0.003311,0.460265,-0.071543,0.076653,7,8,0.036111,0.2,,6BFD793D8D6809429B09E456BFC6B6E0BCDE1D2C6CBA263382203F0210247145
RAW_GRID_T100_S020_GATE90_RAW_BOTH,raw_both,RAW_GRID_T100_S020_GATE90_RAW_BOTH|AUDJPY|SHORT|23,AUDJPY,SHORT,target,2022-01-13T02:50:00.000Z,2022-01-13T03:08:00.000Z,2022-01-10T00:00:00.000Z,1,0,0,0.104588,0.715582,-0.06,0.000125,0.655707,-0.012755,0.104588,11,12,0.0125,0.2,,1D489C5444027C890ABBF6609B7FA4EC9B4011A350E7727E930EF65CBC0B9401
RAW_GRID_T100_S020_GATE90_RAW_BOTH,raw_both,RAW_GRID_T100_S020_GATE90_RAW_BOTH|AUDJPY|SHORT|24,AUDJPY,SHORT,target,2022-01-13T04:51:00.000Z,2022-01-13T05:19:00.000Z,2022-01-10T00:00:00.000Z,1,0,0,0.102047,0.698518,-0.06,0.000194,0.638713,-0.028063,0.102047,12,13,0.019444,0.2,,FF54DF9D7CE6686A1B4915F20940B7546EE414F8DDABD13D236C0BC90F58A5A8
RAW_GRID_T100_S020_GATE90_RAW_BOTH,raw_both,RAW_GRID_T100_S020_GATE90_RAW_BOTH|AUDJPY|SHORT|25,AUDJPY,SHORT,target,2022-01-13T07:02:00.000Z,2022-01-13T12:06:00.000Z,2022-01-10T00:00:00.000Z,2,1,0,0.196028,1.344671,-0.12,0.003153,1.227824,-0.323864,0.196028,13,14,0.211111,0.2,,6FA248015B3F630184F57E66134406C5009C900BE043A859B102B07CCC162EFE
RAW_GRID_T100_S020_GATE90_RAW_BOTH,raw_both,RAW_GRID_T100_S020_GATE90_RAW_BOTH|AUDJPY|LONG|26,AUDJPY,LONG,target,2022-01-13T12:36:00.000Z,2022-01-13T13:58:00.000Z,2022-01-10T00:00:00.000Z,1,0,0,0.074033,0.507461,-0.06,-0.005222,0.442239,-0.182531,0.074033,8,9,0.056944,0.2,,84FAA259AFBE83D289BA563C62A06E01A0647FFCBF54CEDB48A7F83D9C2D266A
RAW_GRID_T100_S020_GATE90_RAW_BOTH,raw_both,RAW_GRID_T100_S020_GATE90_RAW_BOTH|AUDJPY|LONG|27,AUDJPY,LONG,session_flatten,2022-01-13T15:07:00.000Z,2022-01-13T21:00:00.000Z,2022-01-10T00:00:00.000Z,3,2,0,-0.921767,-6.316749,-0.18,-0.057567,-6.554317,-1.025412,0.056185,9,,0.245139,0.2,,C8C9661994E1A567E1A139E82773F52B9BC79B791772F612B9CA920EE026B631
RAW_GRID_T100_S020_GATE90_RAW_BOTH,raw_both,RAW_GRID_T100_S020_GATE90_RAW_BOTH|AUDJPY|LONG|28,AUDJPY,LONG,target,2022-01-13T23:05:00.000Z,2022-01-14T04:26:00.000Z,2022-01-10T00:00:00.000Z,4,3,0,0.012412,0.070301,-0.24,-0.057376,-0.227076,-1.324478,0.11822,9,10,0.222917,0.2,,4BC0A1481564993F9A96802EEC93CC0511F77A810BBC8521750AED6F7F4D991C
RAW_GRID_T100_S020_GATE90_RAW_BOTH,raw_both,RAW_GRID_T100_S020_GATE90_RAW_BOTH|AUDJPY|LONG|29,AUDJPY,LONG,target,2022-01-14T05:07:00.000Z,2022-01-14T05:38:00.000Z,2022-01-10T00:00:00.000Z,1,0,0,0.146801,1.002404,-0.06,-0.001974,0.94043,-0.015453,0.146801,10,11,0.021528,0.2,,C5DF3A553456CE912CAF42199347365DB62E18AF3C555AAD189F5F350BEE87BA
RAW_GRID_T100_S020_GATE90_RAW_BOTH,raw_both,RAW_GRID_T100_S020_GATE90_RAW_BOTH|AUDJPY|SHORT|30,AUDJPY,SHORT,target,2022-01-14T06:02:00.000Z,2022-01-14T07:31:00.000Z,2022-01-10T00:00:00.000Z,1,0,0,0.217113,1.485322,-0.06,0.000618,1.42594,0,0.217113,14,15,0.061806,0.2,,414F94566968A96A8CFD1FC0404D69F0724F341DE1382CEDC9D8FAC88331524F
RAW_GRID_T100_S020_GATE90_RAW_BOTH,raw_both,RAW_GRID_T100_S020_GATE90_RAW_BOTH|AUDJPY|SHORT|31,AUDJPY,SHORT,target,2022-01-14T08:09:00.000Z,2022-01-14T08:53:00.000Z,2022-01-10T00:00:00.000Z,1,0,0,0.100237,0.68575,-0.06,0.000306,0.626055,-0.105378,0.100237,15,16,0.030556,0.2,,6A1F8557C5456B05432E61F8DEE7256E8CAB3A0A7E4F9534E56B4DA98F066FA7
RAW_GRID_T100_S020_GATE90_RAW_BOTH,raw_both,RAW_GRID_T100_S020_GATE90_RAW_BOTH|AUDJPY|LONG|32,AUDJPY,LONG,target,2022-01-14T11:57:00.000Z,2022-01-14T14:39:00.000Z,2022-01-10T00:00:00.000Z,5,4,0,0.506823,3.42106,-0.3,-0.033751,3.087309,-2.052989,0.506823,11,12,0.1125,0.2,,47988C9145F26F430F548D2A98B1964FEEDA82B9C43A095C031053E4939810CD
RAW_GRID_T100_S020_GATE90_RAW_BOTH,raw_both,RAW_GRID_T100_S020_GATE90_RAW_BOTH|AUDJPY|LONG|33,AUDJPY,LONG,target,2022-01-14T15:04:00.000Z,2022-01-14T15:06:00.000Z,2022-01-10T00:00:00.000Z,1,0,0,0.110021,0.747082,-0.06,-0.000127,0.686954,0,0.110021,12,13,0.001389,0.2,,6F3E57CB1740F6EB5D231FA395D5DB2CBB8349938ED81199793772434271FF34
RAW_GRID_T100_S020_GATE90_RAW_BOTH,raw_both,RAW_GRID_T100_S020_GATE90_RAW_BOTH|AUDJPY|SHORT|34,AUDJPY,SHORT,target,2022-01-14T15:12:00.000Z,2022-01-14T15:25:00.000Z,2022-01-10T00:00:00.000Z,1,0,0,0.175611,1.195338,-0.06,0.00009,1.135429,0,0.175611,16,17,0.009028,0.2,,2E9E66DFE6997FEF71EC5DD757052DFE10125AB3D6C899F8E73DEDA8EAC6D996
RAW_GRID_T100_S020_GATE90_RAW_BOTH,raw_both,RAW_GRID_T100_S020_GATE90_RAW_BOTH|AUDNZD|LONG|1,AUDNZD,LONG,target,2022-01-10T15:01:00.000Z,2022-01-10T16:46:00.000Z,2022-01-10T00:00:00.000Z,2,1,0,0.202024,0.607554,-0.12,-0.010953,0.476601,-0.318527,0.219974,0,1,0.072917,0.2,,C19BAB5CCC10CE5DEFEF3B767D96CFEC63743DF197784EC9073CE2330BEA2B42
RAW_GRID_T100_S020_GATE90_RAW_BOTH,raw_both,RAW_GRID_T100_S020_GATE90_RAW_BOTH|AUDNZD|LONG|2,AUDNZD,LONG,target,2022-01-10T18:13:00.000Z,2022-01-10T18:46:00.000Z,2022-01-10T00:00:00.000Z,1,0,0,0.098736,0.297111,-0.06,-0.002101,0.23501,-0.02244,0.098736,1,2,0.022917,0.2,,4105A4C29F9D72435DA0838BE7FB351754687568B026FD515FBFD56A4DA6E8B8
RAW_GRID_T100_S020_GATE90_RAW_BOTH,raw_both,RAW_GRID_T100_S020_GATE90_RAW_BOTH|AUDNZD|LONG|3,AUDNZD,LONG,target,2022-01-10T19:23:00.000Z,2022-01-10T20:04:00.000Z,2022-01-10T00:00:00.000Z,1,0,0,0.098742,0.2972,-0.06,-0.002611,0.23459,-0.058349,0.098742,2,3,0.028472,0.2,,BF443C198401584F85CD4D748ECFEC6ED68016356A40AB729F62D83A60276146
RAW_GRID_T100_S020_GATE90_RAW_BOTH,raw_both,RAW_GRID_T100_S020_GATE90_RAW_BOTH|AUDNZD|LONG|4,AUDNZD,LONG,session_flatten,2022-01-10T20:42:00.000Z,2022-01-10T21:00:00.000Z,2022-01-10T00:00:00.000Z,1,0,0,0.033664,0.101444,-0.06,-0.001146,0.040298,-0.047132,0.053864,3,,0.0125,0.2,,9EC1C0C96A9983B98072F27568804566E667D9D696FD40637E0DB5504040920F
RAW_GRID_T100_S020_GATE90_RAW_BOTH,raw_both,RAW_GRID_T100_S020_GATE90_RAW_BOTH|AUDNZD|SHORT|5,AUDNZD,SHORT,target,2022-01-10T23:05:00.000Z,2022-01-10T23:07:00.000Z,2022-01-10T00:00:00.000Z,1,0,0,0.11663,0.351676,-0.06,0.000014,0.29169,0,0.11663,0,1,0.001389,0.2,,88F1C2C35AD27DF12ACAD6AEB412B0B0DA9895C3B5DE219314BCF7C606D3883E
RAW_GRID_T100_S020_GATE90_RAW_BOTH,raw_both,RAW_GRID_T100_S020_GATE90_RAW_BOTH|AUDNZD|LONG|6,AUDNZD,LONG,target,2022-01-10T23:27:00.000Z,2022-01-10T23:40:00.000Z,2022-01-10T00:00:00.000Z,1,0,0,0.107751,0.324684,-0.06,-0.000828,0.263856,-0.022448,0.107751,3,4,0.009028,0.2,,ABA51157BFC73D0EACBCBFFBB196876E80159439B9C32A27BC8C55B46E260348
RAW_GRID_T100_S020_GATE90_RAW_BOTH,raw_both,RAW_GRID_T100_S020_GATE90_RAW_BOTH|AUDNZD|SHORT|7,AUDNZD,SHORT,target,2022-01-11T00:04:00.000Z,2022-01-11T00:15:00.000Z,2022-01-10T00:00:00.000Z,1,0,0,0.143551,0.433301,-0.06,0.000076,0.373377,-0.02243,0.143551,1,2,0.007639,0.2,,E1720BF5F143D067015FA5F04F6825C0386BC1374DFF1F44146815C89FF1D5E3
RAW_GRID_T100_S020_GATE90_RAW_BOTH,raw_both,RAW_GRID_T100_S020_GATE90_RAW_BOTH|AUDNZD|SHORT|8,AUDNZD,SHORT,target,2022-01-11T00:55:00.000Z,2022-01-11T01:20:00.000Z,2022-01-10T00:00:00.000Z,1,0,0,0.139033,0.419691,-0.06,0.000174,0.359865,0,0.139033,2,3,0.017361,0.2,,FE5DBEC72F394D3106084E39FF1A802DDE091240E5F628EE67A20BC45D1486FA
RAW_GRID_T100_S020_GATE90_RAW_BOTH,raw_both,RAW_GRID_T100_S020_GATE90_RAW_BOTH|AUDNZD|SHORT|9,AUDNZD,SHORT,target,2022-01-11T01:39:00.000Z,2022-01-11T02:01:00.000Z,2022-01-10T00:00:00.000Z,1,0,0,0.118858,0.358313,-0.06,0.000153,0.298465,-0.091947,0.118858,3,4,0.015278,0.2,,AD73DB49478D0296EF3FA294A3A25ACCEEF9CBEAB20BEBC62FD8D98DF49DCA6B
RAW_GRID_T100_S020_GATE90_RAW_BOTH,raw_both,RAW_GRID_T100_S020_GATE90_RAW_BOTH|AUDNZD|SHORT|10,AUDNZD,SHORT,target,2022-01-11T02:12:00.000Z,2022-01-11T04:47:00.000Z,2022-01-10T00:00:00.000Z,1,0,0,0.05382,0.162456,-0.06,0.001076,0.103533,-0.145764,0.0897,4,5,0.107639,0.2,,971E17F04859D1C70CCD016BA1C70E715E93EDFD7E2C5E3E703A8326EC0827ED
RAW_GRID_T100_S020_GATE90_RAW_BOTH,raw_both,RAW_GRID_T100_S020_GATE90_RAW_BOTH|AUDNZD|SHORT|11,AUDNZD,SHORT,target,2022-01-11T05:43:00.000Z,2022-01-11T06:09:00.000Z,2022-01-10T00:00:00.000Z,1,0,0,0.100886,0.30468,-0.06,0.000181,0.244861,-0.008969,0.100886,5,6,0.018056,0.2,,35C0759407555658C5BAA34B1B67AA6101D2A66C6594BE9B357843EA77D9E5A1
RAW_GRID_T100_S020_GATE90_RAW_BOTH,raw_both,RAW_GRID_T100_S020_GATE90_RAW_BOTH|AUDNZD|LONG|12,AUDNZD,LONG,target,2022-01-11T06:37:00.000Z,2022-01-11T07:27:00.000Z,2022-01-10T00:00:00.000Z,1,0,0,0.127898,0.385799,-0.06,-0.003184,0.322615,-0.118922,0.127898,4,5,0.034722,0.2,,A64BFEFA21A1073240082371BA314405886B489AF8B3ED0B22A4B3ED7387C3AB
RAW_GRID_T100_S020_GATE90_RAW_BOTH,raw_both,RAW_GRID_T100_S020_GATE90_RAW_BOTH|AUDNZD|SHORT|13,AUDNZD,SHORT,target,2022-01-11T08:02:00.000Z,2022-01-11T08:05:00.000Z,2022-01-10T00:00:00.000Z,1,0,0,0.103131,0.31147,-0.06,0.000021,0.251491,0,0.103131,6,7,0.002083,0.2,,DC42DBFCF68F3087868A6FDAF3133C7CBEE1FBD1692F2C9E42839754D6F89886
RAW_GRID_T100_S020_GATE90_RAW_BOTH,raw_both,RAW_GRID_T100_S020_GATE90_RAW_BOTH|AUDNZD|LONG|14,AUDNZD,LONG,target,2022-01-11T08:13:00.000Z,2022-01-11T10:28:00.000Z,2022-01-10T00:00:00.000Z,2,1,0,0.314391,0.947379,-0.12,-0.01471,0.812669,-0.210935,0.314391,5,6,0.09375,0.2,,F91A50843D67A703E6F57017202F59B199F454DED21C0E69E1D6F3838A8CCC5D
RAW_GRID_T100_S020_GATE90_RAW_BOTH,raw_both,RAW_GRID_T100_S020_GATE90_RAW_BOTH|AUDNZD|SHORT|15,AUDNZD,SHORT,target,2022-01-11T10:46:00.000Z,2022-01-11T11:41:00.000Z,2022-01-10T00:00:00.000Z,1,0,0,0.112154,0.338062,-0.06,0.000382,0.278444,-0.049347,0.112154,7,8,0.038194,0.2,,8875B32A8EC3156FCA8CF1CCF2D05EE544C1A34CC224E7F20D626DB875E661E8
RAW_GRID_T100_S020_GATE90_RAW_BOTH,raw_both,RAW_GRID_T100_S020_GATE90_RAW_BOTH|AUDNZD|SHORT|16,AUDNZD,SHORT,target,2022-01-11T11:58:00.000Z,2022-01-11T12:16:00.000Z,2022-01-10T00:00:00.000Z,1,0,0,0.114396,0.344754,-0.06,0.000125,0.284879,-0.020187,0.114396,8,9,0.0125,0.2,,594D6AD8FBD7EAD143DA70AD45B7535863CFFC4959F1114B14C40E19F01EBF71
RAW_GRID_T100_S020_GATE90_RAW_BOTH,raw_both,RAW_GRID_T100_S020_GATE90_RAW_BOTH|AUDNZD|SHORT|17,AUDNZD,SHORT,target,2022-01-11T14:08:00.000Z,2022-01-11T14:47:00.000Z,2022-01-10T00:00:00.000Z,1,0,0,0.107665,0.323674,-0.06,0.000271,0.263945,-0.067291,0.107665,9,10,0.027083,0.2,,27C60D667DE8895E840619CB4F7A1658B18B2CC1CDDD6DB3F07B128EE6BCB6D0
RAW_GRID_T100_S020_GATE90_RAW_BOTH,raw_both,RAW_GRID_T100_S020_GATE90_RAW_BOTH|AUDNZD|SHORT|18,AUDNZD,SHORT,target,2022-01-11T14:52:00.000Z,2022-01-11T19:17:00.000Z,2022-01-10T00:00:00.000Z,2,1,0,0.015585,0.047535,-0.12,0.003493,-0.068971,-0.40589,0.082989,10,11,0.184028,0.2,,A1C305E78EF864B38EED3FB548425CC411DAECCBA8D15AF8672476BAECA0E509
RAW_GRID_T100_S020_GATE90_RAW_BOTH,raw_both,RAW_GRID_T100_S020_GATE90_RAW_BOTH|AUDNZD|LONG|19,AUDNZD,LONG,target,2022-01-11T19:25:00.000Z,2022-01-11T19:48:00.000Z,2022-01-10T00:00:00.000Z,1,0,0,0.13007,0.393589,-0.06,-0.001465,0.332124,0,0.13007,6,7,0.015972,0.2,,31D3D51565945CF296C83951B11E532C7C7C5AFE4850153DDFDA8D0A94036DB0
RAW_GRID_T100_S020_GATE90_RAW_BOTH,raw_both,RAW_GRID_T100_S020_GATE90_RAW_BOTH|AUDNZD|SHORT|20,AUDNZD,SHORT,session_flatten,2022-01-11T19:52:00.000Z,2022-01-11T21:00:00.000Z,2022-01-10T00:00:00.000Z,1,0,0,-0.004482,-0.01357,-0.06,0.000472,-0.073097,-0.058256,0.071699,11,,0.047222,0.2,,8452C09A9F5B7EE5F719718A11D1B80F8E9CF2015310715AF5A803B112F3CCCD
RAW_GRID_T100_S020_GATE90_RAW_BOTH,raw_both,RAW_GRID_T100_S020_GATE90_RAW_BOTH|AUDNZD|SHORT|21,AUDNZD,SHORT,target,2022-01-11T23:56:00.000Z,2022-01-12T00:02:00.000Z,2022-01-10T00:00:00.000Z,1,0,0,0.150053,0.454663,-0.06,0.000042,0.394704,-0.013438,0.150053,11,12,0.004167,0.2,,27ECC79810F88A3860D1B36D6EB499E2012976F671A2E080A161EBC4D8D9B855
RAW_GRID_T100_S020_GATE90_RAW_BOTH,raw_both,RAW_GRID_T100_S020_GATE90_RAW_BOTH|AUDNZD|SHORT|22,AUDNZD,SHORT,target,2022-01-12T00:15:00.000Z,2022-01-12T00:26:00.000Z,2022-01-10T00:00:00.000Z,1,0,0,0.120949,0.539998,-0.06,0.000076,0.480074,0,0.120949,12,13,0.007639,0.2,,F3B966D4C629FB970CD0C98AF35CF6C4551BFDC418C23E31F14A9D6C2049E5E8
RAW_GRID_T100_S020_GATE90_RAW_BOTH,raw_both,RAW_GRID_T100_S020_GATE90_RAW_BOTH|AUDNZD|SHORT|23,AUDNZD,SHORT,target,2022-01-12T01:03:00.000Z,2022-01-12T01:12:00.000Z,2022-01-10T00:00:00.000Z,1,0,0,0.132151,0.400505,-0.06,0.000062,0.340568,0,0.132151,13,14,0.00625,0.2,,A6503B74D17C52872A5E526B6B9B6232787358E222FE87BB6174E30C3F55E109
RAW_GRID_T100_S020_GATE90_RAW_BOTH,raw_both,RAW_GRID_T100_S020_GATE90_RAW_BOTH|AUDNZD|LONG|24,AUDNZD,LONG,target,2022-01-12T01:25:00.000Z,2022-01-12T01:37:00.000Z,2022-01-10T00:00:00.000Z,1,0,0,0.100878,0.305342,-0.06,-0.000764,0.244578,0,0.100878,7,8,0.008333,0.2,,E1E4BA9A4814D804A676A26489D9C725266F113A8E040FDCEB3D647B48F8869D
RAW_GRID_T100_S020_GATE90_RAW_BOTH,raw_both,RAW_GRID_T100_S020_GATE90_RAW_BOTH|AUDNZD|LONG|25,AUDNZD,LONG,target,2022-01-12T02:33:00.000Z,2022-01-12T02:35:00.000Z,2022-01-10T00:00:00.000Z,1,0,0,0.125548,0.380008,-0.06,-0.000127,0.31988,0,0.125548,8,9,0.001389,0.2,,7D3364E79971F0C475C55BFF3C2452CD27A3CFCEAA009F76125CB9670623D799
RAW_GRID_T100_S020_GATE90_RAW_BOTH,raw_both,RAW_GRID_T100_S020_GATE90_RAW_BOTH|AUDNZD|SHORT|26,AUDNZD,SHORT,target,2022-01-12T04:41:00.000Z,2022-01-12T05:17:00.000Z,2022-01-10T00:00:00.000Z,1,0,0,0.098551,0.298802,-0.06,0.00025,0.239052,-0.029118,0.098551,14,15,0.025,0.2,,8B65AB2258861CB8E58534F39748E9848214C1C86C7178DE38BE203208B730B5
RAW_GRID_T100_S020_GATE90_RAW_BOTH,raw_both,RAW_GRID_T100_S020_GATE90_RAW_BOTH|AUDNZD|LONG|27,AUDNZD,LONG,target,2022-01-12T05:35:00.000Z,2022-01-12T06:35:00.000Z,2022-01-10T00:00:00.000Z,1,0,0,0.109842,0.332961,-0.06,-0.003821,0.26914,-0.031383,0.109842,9,10,0.041667,0.2,,E0E840BBDFFC6AFC7426E3FAA95405390FA066D8345EB5A44CD110819AFD4266
RAW_GRID_T100_S020_GATE90_RAW_BOTH,raw_both,RAW_GRID_T100_S020_GATE90_RAW_BOTH|AUDNZD|LONG|28,AUDNZD,LONG,target,2022-01-12T09:01:00.000Z,2022-01-12T09:23:00.000Z,2022-01-10T00:00:00.000Z,1,0,0,0.098632,0.298444,-0.06,-0.001401,0.237043,-0.017933,0.098632,10,11,0.015278,0.2,,DC0CD292E5EF12259371235376EEECF5690FE60BFC2B71E51C89F15B959BC6A0
RAW_GRID_T100_S020_GATE90_RAW_BOTH,raw_both,RAW_GRID_T100_S020_GATE90_RAW_BOTH|AUDNZD|SHORT|29,AUDNZD,SHORT,target,2022-01-12T09:57:00.000Z,2022-01-12T14:13:00.000Z,2022-01-10T00:00:00.000Z,2,1,0,0.006625,0.020443,-0.12,0.002549,-0.097008,-0.579926,0.07615,15,16,0.177778,0.2,,05B75B231D53D5219F144FAC485DCC7179C2B1BC2D6E5CAFFA134DD8288547D6
RAW_GRID_T100_S020_GATE90_RAW_BOTH,raw_both,RAW_GRID_T100_S020_GATE90_RAW_BOTH|AUDNZD|LONG|30,AUDNZD,LONG,target,2022-01-12T14:21:00.000Z,2022-01-12T14:26:00.000Z,2022-01-10T00:00:00.000Z,1,0,0,0.109726,0.334044,-0.06,-0.000318,0.273726,0,0.109726,11,12,0.003472,0.2,,C400D1231656DDB87304B7646170C0ED66A8829B16A4926072DE860630209EEF
RAW_GRID_T100_S020_GATE90_RAW_BOTH,raw_both,RAW_GRID_T100_S020_GATE90_RAW_BOTH|AUDNZD|SHORT|31,AUDNZD,SHORT,target,2022-01-12T14:36:00.000Z,2022-01-12T14:37:00.000Z,2022-01-10T00:00:00.000Z,1,0,0,0.10739,0.327322,-0.06,0.000007,0.267329,0,0.10739,16,17,0.000694,0.2,,41C3D1908F90DDFC7AC2587CA8286AC963A5DAA63F50BEBD01093D96612BDE8F
RAW_GRID_T100_S020_GATE90_RAW_BOTH,raw_both,RAW_GRID_T100_S020_GATE90_RAW_BOTH|AUDNZD|LONG|32,AUDNZD,LONG,target,2022-01-12T14:46:00.000Z,2022-01-12T14:49:00.000Z,2022-01-10T00:00:00.000Z,1,0,0,0.118683,0.361752,-0.06,-0.000191,0.301561,-0.006718,0.118683,12,13,0.002083,0.2,,946A29294AB129E92718C3BD3DDE4C972FD2C6B04CEF21A2A54805DF967983CC
RAW_GRID_T100_S020_GATE90_RAW_BOTH,raw_both,RAW_GRID_T100_S020_GATE90_RAW_BOTH|AUDNZD|LONG|33,AUDNZD,LONG,target,2022-01-12T14:56:00.000Z,2022-01-12T15:26:00.000Z,2022-01-10T00:00:00.000Z,1,0,0,0.125415,0.383057,-0.06,-0.00191,0.321146,-0.082863,0.125415,13,14,0.020833,0.2,,3E1CC0412EB1618E289294F29AD55C39E01D4FA055FDCACE196B8A2149C9D5E2
RAW_GRID_T100_S020_GATE90_RAW_BOTH,raw_both,RAW_GRID_T100_S020_GATE90_RAW_BOTH|AUDNZD|LONG|34,AUDNZD,LONG,target,2022-01-12T15:31:00.000Z,2022-01-12T15:49:00.000Z,2022-01-10T00:00:00.000Z,1,0,0,0.116457,0.355576,-0.06,-0.001146,0.29443,-0.085103,0.116457,14,15,0.0125,0.2,,CA15AABF3B485CCC567FDDE68F3EEF01760A56898DD92844E95BEB136F27F94E
RAW_GRID_T100_S020_GATE90_RAW_BOTH,raw_both,RAW_GRID_T100_S020_GATE90_RAW_BOTH|AUDNZD|LONG|35,AUDNZD,LONG,target,2022-01-12T15:54:00.000Z,2022-01-12T17:45:00.000Z,2022-01-10T00:00:00.000Z,1,0,0,0.049275,0.150686,-0.06,-0.007069,0.083617,-0.170224,0.087352,15,16,0.077083,0.2,,C7B8D155C71158FF57079244713E30D54CDF7425567CA99ED4EB8897937140E3
RAW_GRID_T100_S020_GATE90_RAW_BOTH,raw_both,RAW_GRID_T100_S020_GATE90_RAW_BOTH|AUDNZD|SHORT|36,AUDNZD,SHORT,target,2022-01-12T18:07:00.000Z,2022-01-12T20:34:00.000Z,2022-01-10T00:00:00.000Z,1,0,0,0.080588,0.246688,-0.06,0.001021,0.187709,-0.120881,0.080588,17,18,0.102083,0.2,,9A14EA5099D85712BC79E3C425C11E70A77B9CF08A0F2D03F27521FF81EF1779
RAW_GRID_T100_S020_GATE90_RAW_BOTH,raw_both,RAW_GRID_T100_S020_GATE90_RAW_BOTH|AUDNZD|LONG|37,AUDNZD,LONG,target,2022-01-13T00:09:00.000Z,2022-01-13T01:59:00.000Z,2022-01-10T00:00:00.000Z,2,1,0,0.280222,0.855324,-0.12,-0.011463,0.723861,-0.33379,0.280222,16,17,0.076389,0.2,,512B4D1A57D72746B19D5F9A887E099A582B8CF7E157F5E3089E6C44D7FCF2BD
RAW_GRID_T100_S020_GATE90_RAW_BOTH,raw_both,RAW_GRID_T100_S020_GATE90_RAW_BOTH|AUDNZD|LONG|38,AUDNZD,LONG,target,2022-01-13T02:02:00.000Z,2022-01-13T07:47:00.000Z,2022-01-10T00:00:00.000Z,1,0,0,0.03585,0.109899,-0.06,-0.02197,0.027929,-0.138918,0.0717,17,18,0.239583,0.2,,8788BB2734F890A8F0A723CE321AB9AEE652EFB1B9672159F605C8F301F59E5D
RAW_GRID_T100_S020_GATE90_RAW_BOTH,raw_both,RAW_GRID_T100_S020_GATE90_RAW_BOTH|AUDNZD|SHORT|39,AUDNZD,SHORT,target,2022-01-13T08:16:00.000Z,2022-01-13T08:20:00.000Z,2022-01-10T00:00:00.000Z,1,0,0,0.134374,0.412838,-0.06,0.000028,0.352866,0,0.134374,18,19,0.002778,0.2,,968BD1140DE205B0AC743CFEDF036BAEF3A1BA0FE7AD2F4D1403F845D86F7EEE
RAW_GRID_T100_S020_GATE90_RAW_BOTH,raw_both,RAW_GRID_T100_S020_GATE90_RAW_BOTH|AUDNZD|LONG|40,AUDNZD,LONG,target,2022-01-13T08:37:00.000Z,2022-01-13T08:43:00.000Z,2022-01-10T00:00:00.000Z,1,0,0,0.105364,0.32304,-0.06,-0.000382,0.262658,0,0.105364,18,19,0.004167,0.2,,E19E0018BA981C7E9CEE1E8F0405E104CF739051CADE94153344E7877C28F90A
RAW_GRID_T100_S020_GATE90_RAW_BOTH,raw_both,RAW_GRID_T100_S020_GATE90_RAW_BOTH|AUDNZD|LONG|41,AUDNZD,LONG,target,2022-01-13T09:53:00.000Z,2022-01-13T16:38:00.000Z,2022-01-10T00:00:00.000Z,3,2,0,0.043003,0.130761,-0.18,-0.042602,-0.091841,-0.731105,0.136903,19,20,0.28125,0.2,,76D86B9DEEECBD5EB01C8E263A873660C870B413359604F7FB8043853FDEEA6E
RAW_GRID_T100_S020_GATE90_RAW_BOTH,raw_both,RAW_GRID_T100_S020_GATE90_RAW_BOTH|AUDNZD|LONG|42,AUDNZD,LONG,target,2022-01-13T16:46:00.000Z,2022-01-13T19:57:00.000Z,2022-01-10T00:00:00.000Z,1,0,0,0.031428,0.096205,-0.06,-0.012163,0.024042,-0.18857,0.067347,20,21,0.132639,0.2,,0EA8E58B5DBDA065C19B0989B8C642AD5F5D86AF2BDE195F42C75A96ABA31672
RAW_GRID_T100_S020_GATE90_RAW_BOTH,raw_both,RAW_GRID_T100_S020_GATE90_RAW_BOTH|AUDNZD|LONG|43,AUDNZD,LONG,target,2022-01-13T20:11:00.000Z,2022-01-13T20:47:00.000Z,2022-01-10T00:00:00.000Z,1,0,0,0.134741,0.411767,-0.06,-0.002293,0.349475,-0.03144,0.134741,21,22,0.025,0.2,,9458518B436A46AEAD9637E7EDF652762CC7F582D1606AFAD1CC1F79C168B16D
RAW_GRID_T100_S020_GATE90_RAW_BOTH,raw_both,RAW_GRID_T100_S020_GATE90_RAW_BOTH|AUDNZD|SHORT|44,AUDNZD,SHORT,target,2022-01-14T00:00:00.000Z,2022-01-14T00:06:00.000Z,2022-01-10T00:00:00.000Z,1,0,0,0.116679,0.356627,-0.06,0.000042,0.296668,-0.026926,0.116679,19,20,0.004167,0.2,,019C3CB6AB5B27BF230B68C493E3D0CAA7B327C3AD8F5F72937F431A798FC4EB
RAW_GRID_T100_S020_GATE90_RAW_BOTH,raw_both,RAW_GRID_T100_S020_GATE90_RAW_BOTH|AUDNZD|LONG|45,AUDNZD,LONG,target,2022-01-14T01:19:00.000Z,2022-01-14T02:11:00.000Z,2022-01-10T00:00:00.000Z,1,0,0,0.096568,0.294679,-0.06,-0.003311,0.231368,-0.053898,0.096568,22,23,0.036111,0.2,,810B29A23284BD944539C59AF97FCCCFA0C2FD44A6FBC86C4BC74588E9853161
RAW_GRID_T100_S020_GATE90_RAW_BOTH,raw_both,RAW_GRID_T100_S020_GATE90_RAW_BOTH|AUDNZD|SHORT|46,AUDNZD,SHORT,target,2022-01-14T03:36:00.000Z,2022-01-14T05:54:00.000Z,2022-01-10T00:00:00.000Z,1,0,0,0.105453,0.322824,-0.06,0.000958,0.263783,-0.065067,0.105453,20,21,0.095833,0.2,,3A7E5838340ADA0D2825801F234B73514B5DE68B981E26BC27382FB718A63E8D
RAW_GRID_T100_S020_GATE90_RAW_BOTH,raw_both,RAW_GRID_T100_S020_GATE90_RAW_BOTH|AUDNZD|SHORT|47,AUDNZD,SHORT,target,2022-01-14T06:30:00.000Z,2022-01-14T07:25:00.000Z,2022-01-10T00:00:00.000Z,1,0,0,0.123391,0.377404,-0.06,0.000382,0.317786,-0.053844,0.123391,21,22,0.038194,0.2,,BB61B304718CA7CC95E28A8304DE16C83365D9ABC6D4E2A5663414012E96DED5
RAW_GRID_T100_S020_GATE90_RAW_BOTH,raw_both,RAW_GRID_T100_S020_GATE90_RAW_BOTH|AUDNZD|LONG|48,AUDNZD,LONG,target,2022-01-14T11:58:00.000Z,2022-01-14T14:32:00.000Z,2022-01-10T00:00:00.000Z,2,1,0,0.215764,0.655102,-0.12,-0.014264,0.520838,-0.336903,0.215764,23,24,0.106944,0.2,,8C6F05123A7E2F36561A04371CE5FA4371310C782E0F71A48A4568FDF9E0E3A4
RAW_GRID_T100_S020_GATE90_RAW_BOTH,raw_both,RAW_GRID_T100_S020_GATE90_RAW_BOTH|AUDNZD|SHORT|49,AUDNZD,SHORT,target,2022-01-14T14:48:00.000Z,2022-01-14T15:46:00.000Z,2022-01-10T00:00:00.000Z,1,0,0,0.101011,0.306953,-0.06,0.000403,0.247355,-0.103257,0.101011,22,23,0.040278,0.2,,FCCF01C696EB1615EC5F7FD9B5B6A7F2AF598D2636910519949A6A4F2D28BDC3
RAW_GRID_T100_S020_GATE90_RAW_BOTH,raw_both,RAW_GRID_T100_S020_GATE90_RAW_BOTH|AUDUSD|LONG|1,AUDUSD,LONG,target,2022-01-10T13:19:00.000Z,2022-01-10T16:18:00.000Z,2022-01-10T00:00:00.000Z,3,2,0,0.289692,1.640005,-0.18,-0.021015,1.43899,-0.809998,0.289692,0,1,0.124306,0.2,,CC260F5F2BEFE6E1776362DCB058DBAF47627806C4F5F311DDF561C047CAFEB0
RAW_GRID_T100_S020_GATE90_RAW_BOTH,raw_both,RAW_GRID_T100_S020_GATE90_RAW_BOTH|AUDUSD|SHORT|2,AUDUSD,SHORT,target,2022-01-10T16:30:00.000Z,2022-01-10T16:43:00.000Z,2022-01-10T00:00:00.000Z,1,0,0,0.112652,0.64,-0.06,0.00009,0.580091,-0.021123,0.112652,0,1,0.009028,0.2,,6D99C72FD873581A87DADAF359CD330C8BD41920E6920169CA37F1840B862345
RAW_GRID_T100_S020_GATE90_RAW_BOTH,raw_both,RAW_GRID_T100_S020_GATE90_RAW_BOTH|AUDUSD|SHORT|3,AUDUSD,SHORT,target,2022-01-10T17:09:00.000Z,2022-01-10T17:30:00.000Z,2022-01-10T00:00:00.000Z,1,0,0,0.123221,0.700005,-0.06,0.000146,0.640151,-0.010562,0.123221,1,2,0.014583,0.2,,CC95CD3362ECFC8C656124DE5A0427B8819961B72656CA7ADB257BEA2DB86FD1
RAW_GRID_T100_S020_GATE90_RAW_BOTH,raw_both,RAW_GRID_T100_S020_GATE90_RAW_BOTH|AUDUSD|SHORT|4,AUDUSD,SHORT,target,2022-01-10T17:54:00.000Z,2022-01-10T18:01:00.000Z,2022-01-10T00:00:00.000Z,1,0,0,0.109156,0.619997,-0.06,0.000049,0.560046,0,0.109156,2,3,0.004861,0.2,,332A7A2338D3F91FB11B75A01307FDA3A58308387F6E50A826062B92EE14D2C2
RAW_GRID_T100_S020_GATE90_RAW_BOTH,raw_both,RAW_GRID_T100_S020_GATE90_RAW_BOTH|AUDUSD|SHORT|5,AUDUSD,SHORT,target,2022-01-10T18:51:00.000Z,2022-01-10T19:51:00.000Z,2022-01-10T00:00:00.000Z,1,0,0,0.133793,0.759998,-0.06,0.000417,0.700415,-0.028168,0.133793,3,4,0.041667,0.2,,75473F7EDD468828125CFCBD133A98F78AF7C5873DFE3AFF47965E2A5EDA148A
RAW_GRID_T100_S020_GATE90_RAW_BOTH,raw_both,RAW_GRID_T100_S020_GATE90_RAW_BOTH|AUDUSD|SHORT|6,AUDUSD,SHORT,session_flatten,2022-01-10T20:04:00.000Z,2022-01-10T21:00:00.000Z,2022-01-10T00:00:00.000Z,1,0,0,-0.084497,-0.480002,-0.06,0.000389,-0.539613,-0.098579,0.098579,4,,0.038889,0.2,,F4C780DDCDD1721C05CF75A819D30C73D9D71D4F795ADED269B07BF6AE4F3D7F
RAW_GRID_T100_S020_GATE90_RAW_BOTH,raw_both,RAW_GRID_T100_S020_GATE90_RAW_BOTH|AUDUSD|SHORT|7,AUDUSD,SHORT,target,2022-01-10T23:05:00.000Z,2022-01-11T06:31:00.000Z,2022-01-10T00:00:00.000Z,2,1,0,0.050807,0.289995,-0.12,0.005424,0.175419,-0.451862,0.324991,4,5,0.309722,0.2,,6573A4A9E6BA4E22D7E0A40032A19A080A3708B70A72DD69C2698F2C3BCE8189
RAW_GRID_T100_S020_GATE90_RAW_BOTH,raw_both,RAW_GRID_T100_S020_GATE90_RAW_BOTH|AUDUSD|LONG|8,AUDUSD,LONG,target,2022-01-11T06:42:00.000Z,2022-01-11T07:16:00.000Z,2022-01-10T00:00:00.000Z,1,0,0,0.091483,0.519997,-0.06,-0.002165,0.457832,-0.15306,0.091483,1,2,0.023611,0.2,,4CFA3B18CDF7BDB30FAF8606911FB16FD791E7CE8D4E2198FB0BE28EB7A25CD7
RAW_GRID_T100_S020_GATE90_RAW_BOTH,raw_both,RAW_GRID_T100_S020_GATE90_RAW_BOTH|AUDUSD|SHORT|9,AUDUSD,SHORT,target,2022-01-11T07:28:00.000Z,2022-01-11T08:35:00.000Z,2022-01-10T00:00:00.000Z,1,0,0,0.073775,0.419997,-0.06,0.000465,0.360462,-0.100125,0.089585,5,6,0.046528,0.2,,8BD82A9CCDAC48AA072E23FFAD32BE75F8C118E6EFCB32F8BFD5EB884199DCB4
RAW_GRID_T100_S020_GATE90_RAW_BOTH,raw_both,RAW_GRID_T100_S020_GATE90_RAW_BOTH|AUDUSD|LONG|10,AUDUSD,LONG,target,2022-01-11T11:01:00.000Z,2022-01-11T15:06:00.000Z,2022-01-10T00:00:00.000Z,3,2,0,0.663075,3.759994,-0.18,-0.022097,3.557897,-0.605419,0.663075,2,3,0.170139,0.2,,3092FB27FD09EC522FBC2DE1058A2B33C355B448F11625DA3016D6AE378D4E55
RAW_GRID_T100_S020_GATE90_RAW_BOTH,raw_both,RAW_GRID_T100_S020_GATE90_RAW_BOTH|AUDUSD|SHORT|11,AUDUSD,SHORT,target,2022-01-11T15:07:00.000Z,2022-01-11T15:16:00.000Z,2022-01-10T00:00:00.000Z,1,0,0,0.114299,0.649999,-0.06,0.000063,0.590062,-0.01055,0.114299,6,7,0.00625,0.2,,A1D57CCABD8C0C43869AEB5C4FD55422A64FD88E2ED1CD91F0CCFB9E170E1F10
RAW_GRID_T100_S020_GATE90_RAW_BOTH,raw_both,RAW_GRID_T100_S020_GATE90_RAW_BOTH|AUDUSD|SHORT|12,AUDUSD,SHORT,target,2022-01-11T15:29:00.000Z,2022-01-11T15:51:00.000Z,2022-01-10T00:00:00.000Z,1,0,0,0.128364,0.730001,-0.06,0.000153,0.670154,-0.061544,0.128364,7,8,0.015278,0.2,,EDD4D5D58ACDAE55F819E16996848C5112A4794B1F6C11166A30D43C0C4CA052
RAW_GRID_T100_S020_GATE90_RAW_BOTH,raw_both,RAW_GRID_T100_S020_GATE90_RAW_BOTH|AUDUSD|SHORT|13,AUDUSD,SHORT,session_flatten,2022-01-11T15:59:00.000Z,2022-01-11T21:00:00.000Z,2022-01-10T00:00:00.000Z,3,2,0,-0.902821,-5.139995,-0.18,0.005083,-5.314912,-1.055523,0.054499,8,,0.209028,0.2,,5AC9F0374058A8733AE555E63B05A7D8746B837A9C9E9BA87E1F945CF6F10DAE
RAW_GRID_T100_S020_GATE90_RAW_BOTH,raw_both,RAW_GRID_T100_S020_GATE90_RAW_BOTH|AUDUSD|SHORT|14,AUDUSD,SHORT,target,2022-01-11T23:06:00.000Z,2022-01-12T07:30:00.000Z,2022-01-10T00:00:00.000Z,2,1,0,0.265733,1.520002,-0.12,0.003826,1.403828,-0.203083,0.265733,8,9,0.35,0.2,,5CC5F05713E850C2DA46D6231E96970FA89928FAC2ACD8E3A02F173171B30851
RAW_GRID_T100_S020_GATE90_RAW_BOTH,raw_both,RAW_GRID_T100_S020_GATE90_RAW_BOTH|AUDUSD|LONG|15,AUDUSD,LONG,target,2022-01-12T07:54:00.000Z,2022-01-12T08:16:00.000Z,2022-01-10T00:00:00.000Z,1,0,0,0.119164,0.679996,-0.06,-0.001401,0.618595,-0.059582,0.119164,3,4,0.015278,0.2,,D4D809AA384DC4A759FEEE109E4B1CE0529E099E899CB39972000A1762DFF132
RAW_GRID_T100_S020_GATE90_RAW_BOTH,raw_both,RAW_GRID_T100_S020_GATE90_RAW_BOTH|AUDUSD|LONG|16,AUDUSD,LONG,target,2022-01-12T08:27:00.000Z,2022-01-12T09:54:00.000Z,2022-01-10T00:00:00.000Z,1,0,0,0.098131,0.560004,-0.06,-0.00554,0.494464,-0.077101,0.098131,4,5,0.060417,0.2,,78BA60A5D23C8CD2B8EAD53FBA26C5B56EB97206A6A8E233EE7E3CD811305B29
RAW_GRID_T100_S020_GATE90_RAW_BOTH,raw_both,RAW_GRID_T100_S020_GATE90_RAW_BOTH|AUDUSD|SHORT|17,AUDUSD,SHORT,target,2022-01-12T13:20:00.000Z,2022-01-12T13:31:00.000Z,2022-01-10T00:00:00.000Z,1,0,0,0.122445,0.699999,-0.06,0.000076,0.640076,-0.024489,0.122445,9,10,0.007639,0.2,,421FFA7A961632BA97ED328B0FA301D5426D4451A53A619A3F11F360E09D5D74
RAW_GRID_T100_S020_GATE90_RAW_BOTH,raw_both,RAW_GRID_T100_S020_GATE90_RAW_BOTH|AUDUSD|SHORT|18,AUDUSD,SHORT,session_flatten,2022-01-12T13:32:00.000Z,2022-01-12T21:00:00.000Z,2022-01-10T00:00:00.000Z,7,6,0,-4.146885,-23.779967,-0.42,0.017604,-24.182363,-4.597634,0.085703,10,,0.311111,0.2,,05BBF796A861954F329092A15CF5623C2F144DC21CD3715A0777D68382CBDCBA
RAW_GRID_T100_S020_GATE90_RAW_BOTH,raw_both,RAW_GRID_T100_S020_GATE90_RAW_BOTH|AUDUSD|SHORT|19,AUDUSD,SHORT,target,2022-01-12T23:05:00.000Z,2022-01-13T00:25:00.000Z,2022-01-10T00:00:00.000Z,1,0,0,0.081468,0.470003,-0.06,0.000556,0.410558,-0.065866,0.081468,10,11,0.055556,0.2,,53D18AD77B9404C72BCB6F88284318272A8B9059CC8BC4446529C6C0619C99F4
RAW_GRID_T100_S020_GATE90_RAW_BOTH,raw_both,RAW_GRID_T100_S020_GATE90_RAW_BOTH|AUDUSD|LONG|20,AUDUSD,LONG,target,2022-01-13T02:06:00.000Z,2022-01-13T02:17:00.000Z,2022-01-10T00:00:00.000Z,1,0,0,0.126698,0.730001,-0.06,-0.0007,0.669301,-0.01215,0.126698,5,6,0.007639,0.2,,A35D7FD4D6B0941AB076836B7F86E001C84479B9D299A45A81F520AB19DE7063
RAW_GRID_T100_S020_GATE90_RAW_BOTH,raw_both,RAW_GRID_T100_S020_GATE90_RAW_BOTH|AUDUSD|SHORT|21,AUDUSD,SHORT,target,2022-01-13T02:50:00.000Z,2022-01-13T03:13:00.000Z,2022-01-10T00:00:00.000Z,1,0,0,0.103958,0.599999,-0.06,0.00016,0.540159,-0.019059,0.103958,11,12,0.015972,0.2,,39C83206FE0524AF29A10072A5664CD987317CE1CB0CBF1F2C73E0CCE69EC1B7
RAW_GRID_T100_S020_GATE90_RAW_BOTH,raw_both,RAW_GRID_T100_S020_GATE90_RAW_BOTH|AUDUSD|SHORT|22,AUDUSD,SHORT,target,2022-01-13T03:54:00.000Z,2022-01-13T05:58:00.000Z,2022-01-10T00:00:00.000Z,1,0,0,0.097016,0.560004,-0.06,0.000861,0.500865,-0.083155,0.097016,12,13,0.086111,0.2,,8B767AFE1C0FFC784ABDD409CC04822871E8D81850CBD40538C6146FA11DBF23
RAW_GRID_T100_S020_GATE90_RAW_BOTH,raw_both,RAW_GRID_T100_S020_GATE90_RAW_BOTH|AUDUSD|SHORT|23,AUDUSD,SHORT,target,2022-01-13T07:10:00.000Z,2022-01-13T12:00:00.000Z,2022-01-10T00:00:00.000Z,3,2,0,0.033926,0.200005,-0.18,0.005354,0.02536,-0.676805,0.085804,13,14,0.201389,0.2,,1D33A846EE2517AAAB85C763C8077D784AB4129588AFF8B93592DE2EAB3233CE
RAW_GRID_T100_S020_GATE90_RAW_BOTH,raw_both,RAW_GRID_T100_S020_GATE90_RAW_BOTH|AUDUSD|LONG|24,AUDUSD,LONG,target,2022-01-13T12:08:00.000Z,2022-01-13T12:21:00.000Z,2022-01-10T00:00:00.000Z,1,0,0,0.105576,0.609998,-0.06,-0.000828,0.54917,-0.010384,0.105576,6,7,0.009028,0.2,,2A32B81C020A290B1D15532C2C909B8F28CC594C4E4693D871457AC85D2C3646
RAW_GRID_T100_S020_GATE90_RAW_BOTH,raw_both,RAW_GRID_T100_S020_GATE90_RAW_BOTH|AUDUSD|LONG|25,AUDUSD,LONG,target,2022-01-13T12:57:00.000Z,2022-01-13T13:29:00.000Z,2022-01-10T00:00:00.000Z,1,0,0,0.119414,0.69,-0.06,-0.002038,0.627963,-0.053649,0.119414,7,8,0.022222,0.2,,8BE9CF104EDA5735F2E30847CDB99C6B03620542EC4DDA9E41A2A81B5E938A7B
RAW_GRID_T100_S020_GATE90_RAW_BOTH,raw_both,RAW_GRID_T100_S020_GATE90_RAW_BOTH|AUDUSD|LONG|26,AUDUSD,LONG,target,2022-01-13T13:34:00.000Z,2022-01-13T13:36:00.000Z,2022-01-10T00:00:00.000Z,1,0,0,0.122873,0.709998,-0.06,-0.000127,0.649871,0,0.122873,8,9,0.001389,0.2,,38E328FB50C9A2BC12F292E5E3D1D065948F4392B3F4DE66E09DCBAD2C4C1C9E
RAW_GRID_T100_S020_GATE90_RAW_BOTH,raw_both,RAW_GRID_T100_S020_GATE90_RAW_BOTH|AUDUSD|SHORT|27,AUDUSD,SHORT,target,2022-01-13T13:49:00.000Z,2022-01-13T15:02:00.000Z,2022-01-10T00:00:00.000Z,1,0,0,0.093294,0.54,-0.06,0.000507,0.480507,-0.086384,0.093294,14,15,0.050694,0.2,,4BFB00EEBF3852047D0C9319A624B5704D1EA97BE3D653813D7FA98404391D0B
RAW_GRID_T100_S020_GATE90_RAW_BOTH,raw_both,RAW_GRID_T100_S020_GATE90_RAW_BOTH|AUDUSD|LONG|28,AUDUSD,LONG,target,2022-01-13T15:20:00.000Z,2022-01-13T16:01:00.000Z,2022-01-10T00:00:00.000Z,1,0,0,0.076132,0.440001,-0.06,-0.002611,0.37739,-0.157456,0.076132,9,10,0.028472,0.2,,C6841A444B8119CB7472EE51B71A855470F431F47D6D33E2C3E71D308DADF224
RAW_GRID_T100_S020_GATE90_RAW_BOTH,raw_both,RAW_GRID_T100_S020_GATE90_RAW_BOTH|AUDUSD|LONG|29,AUDUSD,LONG,target,2022-01-13T16:05:00.000Z,2022-01-13T16:07:00.000Z,2022-01-10T00:00:00.000Z,1,0,0,0.115969,0.669997,-0.06,-0.000127,0.60987,0,0.115969,10,11,0.001389,0.2,,8C23D63A52E83365B38F54B507CF67E21EAA926B4CDB7A0C20EC8742EA4B898C
RAW_GRID_T100_S020_GATE90_RAW_BOTH,raw_both,RAW_GRID_T100_S020_GATE90_RAW_BOTH|AUDUSD|LONG|30,AUDUSD,LONG,session_flatten,2022-01-13T17:05:00.000Z,2022-01-13T21:00:00.000Z,2022-01-10T00:00:00.000Z,1,0,0,-0.337548,-1.950003,-0.06,-0.014965,-2.024968,-0.337548,0.025965,11,,0.163194,0.2,,68A48E408B0239F77D1D1538E0859E6B1FB5D64BA4E66545DFAA98A81BBA616F
RAW_GRID_T100_S020_GATE90_RAW_BOTH,raw_both,RAW_GRID_T100_S020_GATE90_RAW_BOTH|AUDUSD|LONG|31,AUDUSD,LONG,target,2022-01-13T23:05:00.000Z,2022-01-14T04:06:00.000Z,2022-01-10T00:00:00.000Z,2,1,0,0.173874,0.999993,-0.12,-0.029803,0.850191,-0.263595,0.173874,11,12,0.209028,0.2,,C766D35B8E3792CA05AB283A46114B6251B8A640644763D98F5E915689B32367
RAW_GRID_T100_S020_GATE90_RAW_BOTH,raw_both,RAW_GRID_T100_S020_GATE90_RAW_BOTH|AUDUSD|SHORT|32,AUDUSD,SHORT,target,2022-01-14T04:24:00.000Z,2022-01-14T07:22:00.000Z,2022-01-10T00:00:00.000Z,1,0,0,0.072807,0.420003,-0.06,0.001236,0.361239,-0.164681,0.102276,15,16,0.123611,0.2,,7FD01BE6DECA2449FF25AFA17CCB788B7A606E72DB703E2B344E374F35F52F31
RAW_GRID_T100_S020_GATE90_RAW_BOTH,raw_both,RAW_GRID_T100_S020_GATE90_RAW_BOTH|AUDUSD|SHORT|33,AUDUSD,SHORT,target,2022-01-14T07:52:00.000Z,2022-01-14T08:55:00.000Z,2022-01-10T00:00:00.000Z,1,0,0,0.07452,0.429996,-0.06,0.000438,0.370434,-0.147309,0.086652,16,17,0.04375,0.2,,32D5886DC7E9FD1D81766F17C1054168E8E52EC3C41BEFCFAAA4A0C9E42A22B8
RAW_GRID_T100_S020_GATE90_RAW_BOTH,raw_both,RAW_GRID_T100_S020_GATE90_RAW_BOTH|CADCHF|SHORT|1,CADCHF,SHORT,target,2022-01-10T10:43:00.000Z,2022-01-10T11:42:00.000Z,2022-01-10T00:00:00.000Z,1,0,0,0.212146,1.042077,-0.06,0.00041,0.982487,-0.026518,0.212146,0,1,0.040972,0.2,,9DB023F0255A2382D3858492205DB286DA846CE08DD66BDE84480C98EB0055C3
RAW_GRID_T100_S020_GATE90_RAW_BOTH,raw_both,RAW_GRID_T100_S020_GATE90_RAW_BOTH|CADCHF|SHORT|2,CADCHF,SHORT,target,2022-01-10T11:49:00.000Z,2022-01-10T12:12:00.000Z,2022-01-10T00:00:00.000Z,1,0,0,0.079604,0.390437,-0.06,0.00016,0.330597,-0.061915,0.079604,1,2,0.015972,0.2,,C0225DCC79A529F79C21898B625595AD145C183FC9D313E6F9C3F32D61E19F10
RAW_GRID_T100_S020_GATE90_RAW_BOTH,raw_both,RAW_GRID_T100_S020_GATE90_RAW_BOTH|CADCHF|LONG|3,CADCHF,LONG,target,2022-01-10T12:18:00.000Z,2022-01-10T12:33:00.000Z,2022-01-10T00:00:00.000Z,1,0,0,0.132838,0.650554,-0.06,-0.000955,0.589599,0,0.132838,0,1,0.010417,0.2,,BF39FE9AF632DBDBFC50A91FA511591350A5AA66E921B855F9E4802444FC6946
RAW_GRID_T100_S020_GATE90_RAW_BOTH,raw_both,RAW_GRID_T100_S020_GATE90_RAW_BOTH|CADCHF|LONG|4,CADCHF,LONG,target,2022-01-10T12:40:00.000Z,2022-01-10T13:29:00.000Z,2022-01-10T00:00:00.000Z,1,0,0,0.135059,0.66073,-0.06,-0.00312,0.59761,-0.046495,0.135059,1,2,0.034028,0.2,,3B1E6B3B33F7073F3DD6CA943A575D845099C860F5755AF60885A716F8C946BA
RAW_GRID_T100_S020_GATE90_RAW_BOTH,raw_both,RAW_GRID_T100_S020_GATE90_RAW_BOTH|CADCHF|SHORT|5,CADCHF,SHORT,target,2022-01-10T13:35:00.000Z,2022-01-10T15:03:00.000Z,2022-01-10T00:00:00.000Z,2,1,0,0.249528,1.21991,-0.12,0.001028,1.100938,-0.430989,0.249528,2,3,0.061111,0.2,,A1E19F5F06CA972469784C40A96F5125B69A322019CBE6E4B8B3F9484FB3EAC3
RAW_GRID_T100_S020_GATE90_RAW_BOTH,raw_both,RAW_GRID_T100_S020_GATE90_RAW_BOTH|CADCHF|SHORT|6,CADCHF,SHORT,target,2022-01-10T15:08:00.000Z,2022-01-10T15:11:00.000Z,2022-01-10T00:00:00.000Z,1,0,0,0.141352,0.690978,-0.06,0.000021,0.630999,-0.017669,0.141352,3,4,0.002083,0.2,,81250319990DC41BB21E6F3444ECF1FBB895303CA1FF0D19033F20CDDFCA3690
RAW_GRID_T100_S020_GATE90_RAW_BOTH,raw_both,RAW_GRID_T100_S020_GATE90_RAW_BOTH|CADCHF|LONG|7,CADCHF,LONG,target,2022-01-10T15:26:00.000Z,2022-01-10T15:58:00.000Z,2022-01-10T00:00:00.000Z,1,0,0,0.101754,0.497236,-0.06,-0.002038,0.435198,-0.141569,0.101754,2,3,0.022222,0.2,,82452DDB96806CCF0D91648CBAA318128B9D9F2228B557401362540C7F5F662D
RAW_GRID_T100_S020_GATE90_RAW_BOTH,raw_both,RAW_GRID_T100_S020_GATE90_RAW_BOTH|CADCHF|LONG|8,CADCHF,LONG,target,2022-01-10T15:58:00.000Z,2022-01-10T15:58:00.000Z,2022-01-10T00:00:00.000Z,1,0,0,0.108407,0.529456,-0.06,0,0.469456,0,0.108407,3,4,0,0.2,,2BF43BACF97E3BB9F8D3766C10EE248AD126A3E2FF5E56A0E1A51F01F6AB2D1D
RAW_GRID_T100_S020_GATE90_RAW_BOTH,raw_both,RAW_GRID_T100_S020_GATE90_RAW_BOTH|CADCHF|LONG|9,CADCHF,LONG,target,2022-01-10T16:04:00.000Z,2022-01-10T16:06:00.000Z,2022-01-10T00:00:00.000Z,1,0,0,0.139389,0.680488,-0.06,-0.000127,0.620361,0,0.139389,4,5,0.001389,0.2,,1CB648FCE886977757F8D9D74D50EF54509FF3999FC9341EF99BC119957B7DBC
RAW_GRID_T100_S020_GATE90_RAW_BOTH,raw_both,RAW_GRID_T100_S020_GATE90_RAW_BOTH|CADCHF|LONG|10,CADCHF,LONG,target,2022-01-10T16:26:00.000Z,2022-01-10T16:58:00.000Z,2022-01-10T00:00:00.000Z,1,0,0,0.110622,0.540466,-0.06,-0.002038,0.478428,-0.053099,0.110622,5,6,0.022222,0.2,,8D99256C1D53CCBBE32384C909A61167318E1A812932DB3C13F6995FD2D5753E
RAW_GRID_T100_S020_GATE90_RAW_BOTH,raw_both,RAW_GRID_T100_S020_GATE90_RAW_BOTH|CADCHF|LONG|11,CADCHF,LONG,target,2022-01-10T17:27:00.000Z,2022-01-10T17:54:00.000Z,2022-01-10T00:00:00.000Z,1,0,0,0.092933,0.453672,-0.06,-0.001719,0.391952,-0.092933,0.092933,6,7,0.01875,0.2,,20C1B06A98C56C979FBBD910A3EA5BD493272CBB0B493CE2F6A612898692467E
RAW_GRID_T100_S020_GATE90_RAW_BOTH,raw_both,RAW_GRID_T100_S020_GATE90_RAW_BOTH|CADCHF|LONG|12,CADCHF,LONG,target,2022-01-10T17:57:00.000Z,2022-01-10T18:02:00.000Z,2022-01-10T00:00:00.000Z,1,0,0,0.108434,0.52912,-0.06,-0.000318,0.468801,0,0.108434,7,8,0.003472,0.2,,2E44DC7053C1ED627F743494AEEA3DD7D7B45DAC3F9283A540ED0414AB487238
RAW_GRID_T100_S020_GATE90_RAW_BOTH,raw_both,RAW_GRID_T100_S020_GATE90_RAW_BOTH|CADCHF|SHORT|13,CADCHF,SHORT,session_flatten,2022-01-10T18:19:00.000Z,2022-01-10T21:00:00.000Z,2022-01-10T00:00:00.000Z,2,1,0,-0.311563,-1.520841,-0.12,0.002007,-1.638834,-0.382231,0.059439,4,,0.111806,0.2,,32F4369C1EE9D3D89A71FD76EA8FF0D1D5E53D9A06D71BB1E9715AD08B7B76C3
RAW_GRID_T100_S020_GATE90_RAW_BOTH,raw_both,RAW_GRID_T100_S020_GATE90_RAW_BOTH|CADCHF|SHORT|14,CADCHF,SHORT,target,2022-01-10T23:05:00.000Z,2022-01-11T06:52:00.000Z,2022-01-10T00:00:00.000Z,2,1,0,0.286446,1.403113,-0.12,0.004639,1.287752,-0.202933,0.286446,4,5,0.324306,0.2,,EB609051E4206788BABDA8878844CAD99E8EA4C2DE2977D1D0886B8108252074
RAW_GRID_T100_S020_GATE90_RAW_BOTH,raw_both,RAW_GRID_T100_S020_GATE90_RAW_BOTH|CADCHF|SHORT|15,CADCHF,SHORT,target,2022-01-11T07:29:00.000Z,2022-01-11T07:48:00.000Z,2022-01-10T00:00:00.000Z,1,0,0,0.096991,0.475336,-0.06,0.000132,0.415468,-0.022043,0.096991,5,6,0.013194,0.2,,D5EFC335565C6FA88F0EF42759679F838C772B82154495BDF1B278A2AB746793
RAW_GRID_T100_S020_GATE90_RAW_BOTH,raw_both,RAW_GRID_T100_S020_GATE90_RAW_BOTH|CADCHF|SHORT|16,CADCHF,SHORT,target,2022-01-11T08:05:00.000Z,2022-01-11T08:07:00.000Z,2022-01-10T00:00:00.000Z,1,0,0,0.092579,0.453976,-0.06,0.000014,0.39399,0,0.092579,6,7,0.001389,0.2,,5F28BA82970E60DD9EE4976114C5CF0DF44DE2AD7D7AE8DB41B3D9E9BC52747C
RAW_GRID_T100_S020_GATE90_RAW_BOTH,raw_both,RAW_GRID_T100_S020_GATE90_RAW_BOTH|CADCHF|SHORT|17,CADCHF,SHORT,target,2022-01-11T08:18:00.000Z,2022-01-11T08:35:00.000Z,2022-01-10T00:00:00.000Z,1,0,0,0.167503,0.821249,-0.06,0.000118,0.761367,-0.101384,0.167503,7,8,0.011806,0.2,,BD14877BB2531D7B783E8CA63667BB4BEE20E5E05B1B0965414E8155147E2954
RAW_GRID_T100_S020_GATE90_RAW_BOTH,raw_both,RAW_GRID_T100_S020_GATE90_RAW_BOTH|CADCHF|LONG|18,CADCHF,LONG,target,2022-01-11T08:36:00.000Z,2022-01-11T08:38:00.000Z,2022-01-10T00:00:00.000Z,1,0,0,0.108117,0.529428,-0.06,-0.000127,0.469301,0,0.108117,8,9,0.001389,0.2,,8C971EC1291289EFEEF5E12AE89F0194F367D9BA272D2441343EC21B8074B6DC
RAW_GRID_T100_S020_GATE90_RAW_BOTH,raw_both,RAW_GRID_T100_S020_GATE90_RAW_BOTH|CADCHF|LONG|19,CADCHF,LONG,target,2022-01-11T08:44:00.000Z,2022-01-11T09:04:00.000Z,2022-01-10T00:00:00.000Z,1,0,0,0.172108,0.843133,-0.06,-0.001274,0.781859,-0.05737,0.172108,9,10,0.013889,0.2,,B88E1EAC9520A5A28C1E5D51CDF79F2BA1A17CDBD1C33FCA38F34364BD1BFBF2
RAW_GRID_T100_S020_GATE90_RAW_BOTH,raw_both,RAW_GRID_T100_S020_GATE90_RAW_BOTH|CADCHF|SHORT|20,CADCHF,SHORT,target,2022-01-11T09:34:00.000Z,2022-01-11T13:17:00.000Z,2022-01-10T00:00:00.000Z,2,1,0,0.114393,0.56147,-0.12,0.001931,0.4434,-0.233571,0.114393,8,9,0.154861,0.2,,3B72FD56D96D9E0E752F99D9DCC86DB34D904E87CC3EC0FF218B3E9B5A2EFE1A
RAW_GRID_T100_S020_GATE90_RAW_BOTH,raw_both,RAW_GRID_T100_S020_GATE90_RAW_BOTH|CADCHF|SHORT|21,CADCHF,SHORT,target,2022-01-11T13:25:00.000Z,2022-01-11T13:52:00.000Z,2022-01-10T00:00:00.000Z,1,0,0,0.118882,0.582497,-0.06,0.000188,0.522685,-0.103472,0.118882,9,10,0.01875,0.2,,AF50F05AB88D2A654EE468FC9393192D26480D87A958DA5D54CED830A481F2BC
RAW_GRID_T100_S020_GATE90_RAW_BOTH,raw_both,RAW_GRID_T100_S020_GATE90_RAW_BOTH|CADCHF|LONG|22,CADCHF,LONG,target,2022-01-11T13:53:00.000Z,2022-01-11T13:57:00.000Z,2022-01-10T00:00:00.000Z,1,0,0,0.134436,0.658036,-0.06,-0.000255,0.597781,0,0.134436,10,11,0.002778,0.2,,2412A85CCA3CC14D04212929F809239710EE60FA31A3593B61C681126197AB47
RAW_GRID_T100_S020_GATE90_RAW_BOTH,raw_both,RAW_GRID_T100_S020_GATE90_RAW_BOTH|CADCHF|SHORT|23,CADCHF,SHORT,target,2022-01-11T14:03:00.000Z,2022-01-11T14:24:00.000Z,2022-01-10T00:00:00.000Z,1,0,0,0.121033,0.593212,-0.06,0.000146,0.533358,0,0.121033,10,11,0.014583,0.2,,78FBFDEFF8AAFA9BAD9E09CD47B36B6E2AC82CA0E63DDEFBE6B31AE6E2106DB3
RAW_GRID_T100_S020_GATE90_RAW_BOTH,raw_both,RAW_GRID_T100_S020_GATE90_RAW_BOTH|CADCHF|LONG|24,CADCHF,LONG,target,2022-01-11T14:42:00.000Z,2022-01-11T14:47:00.000Z,2022-01-10T00:00:00.000Z,1,0,0,0.112385,0.54983,-0.06,-0.000318,0.489511,-0.044073,0.112385,11,12,0.003472,0.2,,9F67129F31DABCAFAA1AD37A303C8DC360F4BF9E2DDA63B3CBF222DF5D76EC8C
RAW_GRID_T100_S020_GATE90_RAW_BOTH,raw_both,RAW_GRID_T100_S020_GATE90_RAW_BOTH|CADCHF|LONG|25,CADCHF,LONG,target,2022-01-11T14:50:00.000Z,2022-01-11T14:52:00.000Z,2022-01-10T00:00:00.000Z,1,0,0,0.130014,0.636455,-0.06,-0.000127,0.576328,-0.019833,0.130014,12,13,0.001389,0.2,,D1B98D5EB6EC6C449DAAD3DFE15F909501FF9F107D01E6CE9DB7F2B8292C1F0E
RAW_GRID_T100_S020_GATE90_RAW_BOTH,raw_both,RAW_GRID_T100_S020_GATE90_RAW_BOTH|CADCHF|SHORT|26,CADCHF,SHORT,target,2022-01-11T15:01:00.000Z,2022-01-11T15:32:00.000Z,2022-01-10T00:00:00.000Z,1,0,0,0.105627,0.518528,-0.06,0.000215,0.458743,-0.03961,0.105627,11,12,0.021528,0.2,,CE5FFF6DEEB03E96EBF9AC89F51DFE81DE90FB9D40B2FF635B2BCB7E764F2F7C
RAW_GRID_T100_S020_GATE90_RAW_BOTH,raw_both,RAW_GRID_T100_S020_GATE90_RAW_BOTH|CADCHF|SHORT|27,CADCHF,SHORT,target,2022-01-11T15:34:00.000Z,2022-01-11T15:47:00.000Z,2022-01-10T00:00:00.000Z,1,0,0,0.14739,0.723949,-0.06,0.00009,0.664039,0,0.14739,12,13,0.009028,0.2,,03107C4EFD7B3AD642FCF7948970279D9D912DB842AAB9160D181A2BB4F38E3D
RAW_GRID_T100_S020_GATE90_RAW_BOTH,raw_both,RAW_GRID_T100_S020_GATE90_RAW_BOTH|CADCHF|LONG|28,CADCHF,LONG,target,2022-01-11T15:50:00.000Z,2022-01-11T15:51:00.000Z,2022-01-10T00:00:00.000Z,1,0,0,0.125588,0.616004,-0.06,-0.000064,0.555941,0,0.125588,13,14,0.000694,0.2,,EB7BCC4D3F0E514C875E842014AC87D6DEDFD93C9907DEE9CFAF12590F3A67E2
RAW_GRID_T100_S020_GATE90_RAW_BOTH,raw_both,RAW_GRID_T100_S020_GATE90_RAW_BOTH|CADCHF|LONG|29,CADCHF,LONG,target,2022-01-11T15:57:00.000Z,2022-01-11T16:02:00.000Z,2022-01-10T00:00:00.000Z,1,0,0,0.118969,0.583757,-0.06,-0.000318,0.523438,0,0.118969,14,15,0.003472,0.2,,F02F2B10A4150BB8600603D8AE810C5CEAE3761B890DD43B5FF729A9DF806C44
RAW_GRID_T100_S020_GATE90_RAW_BOTH,raw_both,RAW_GRID_T100_S020_GATE90_RAW_BOTH|CADCHF|LONG|30,CADCHF,LONG,target,2022-01-11T16:17:00.000Z,2022-01-11T16:19:00.000Z,2022-01-10T00:00:00.000Z,1,0,0,0.12779,0.627978,-0.06,-0.000127,0.567851,0,0.12779,15,16,0.001389,0.2,,36D4412237958259AB6EB7900314BBA86D8CF120866E6515EDB39BFEC7845C9F
RAW_GRID_T100_S020_GATE90_RAW_BOTH,raw_both,RAW_GRID_T100_S020_GATE90_RAW_BOTH|CADCHF|LONG|31,CADCHF,LONG,target,2022-01-11T16:32:00.000Z,2022-01-11T16:41:00.000Z,2022-01-10T00:00:00.000Z,1,0,0,0.149826,0.736281,-0.06,-0.000573,0.675708,0,0.149826,16,17,0.00625,0.2,,9CB02295F34AD057E98581EA12D9EA64DCF2DC17C586836689DFDD4911B08AE5
RAW_GRID_T100_S020_GATE90_RAW_BOTH,raw_both,RAW_GRID_T100_S020_GATE90_RAW_BOTH|CADCHF|SHORT|32,CADCHF,SHORT,session_flatten,2022-01-11T17:06:00.000Z,2022-01-11T21:00:00.000Z,2022-01-10T00:00:00.000Z,2,1,0,-0.215617,-1.060925,-0.12,0.003146,-1.177779,-0.536655,0.048406,13,,0.1625,0.2,,79B588312EB2112623C4D7294E2FEAA351BE95B6B23454BA43841DB12C92773E
RAW_GRID_T100_S020_GATE90_RAW_BOTH,raw_both,RAW_GRID_T100_S020_GATE90_RAW_BOTH|CADCHF|SHORT|33,CADCHF,SHORT,target,2022-01-11T23:05:00.000Z,2022-01-12T00:03:00.000Z,2022-01-10T00:00:00.000Z,1,0,0,0.112038,0.552295,-0.06,0.000403,0.492697,-0.004394,0.112038,13,14,0.040278,0.2,,2BFB0D40B8C7F90F069A422E9858EB5AA65D10AF958098F987CF3E4B6B8A6E5B
RAW_GRID_T100_S020_GATE90_RAW_BOTH,raw_both,RAW_GRID_T100_S020_GATE90_RAW_BOTH|CADCHF|SHORT|34,CADCHF,SHORT,target,2022-01-12T00:38:00.000Z,2022-01-12T07:56:00.000Z,2022-01-10T00:00:00.000Z,2,1,0,0.135982,0.670863,-0.12,0.005326,0.55619,-0.360154,0.135982,14,15,0.304167,0.2,,FB31517B3DAEE5E3E3D485883D7E69229F0974A58270B6CF397AC87BB5AA9330
RAW_GRID_T100_S020_GATE90_RAW_BOTH,raw_both,RAW_GRID_T100_S020_GATE90_RAW_BOTH|CADCHF|SHORT|35,CADCHF,SHORT,target,2022-01-12T08:04:00.000Z,2022-01-12T08:38:00.000Z,2022-01-10T00:00:00.000Z,1,0,0,0.085576,0.422112,-0.06,0.000236,0.362348,-0.105326,0.085576,15,16,0.023611,0.2,,45041F93C039E9B85D98F520D19FA0B52ED9DFDC0BCB6134CBF9AFDA98DCD26B
RAW_GRID_T100_S020_GATE90_RAW_BOTH,raw_both,RAW_GRID_T100_S020_GATE90_RAW_BOTH|CADCHF|SHORT|36,CADCHF,SHORT,target,2022-01-12T09:04:00.000Z,2022-01-12T09:19:00.000Z,2022-01-10T00:00:00.000Z,1,0,0,0.11186,0.552175,-0.06,0.000104,0.492279,-0.061413,0.11186,16,17,0.010417,0.2,,10D8562A7DC1723B9E22437308480E602937EECBEDD152F954C0B7B9A0523A0F
RAW_GRID_T100_S020_GATE90_RAW_BOTH,raw_both,RAW_GRID_T100_S020_GATE90_RAW_BOTH|CADCHF|SHORT|37,CADCHF,SHORT,target,2022-01-12T09:22:00.000Z,2022-01-12T10:12:00.000Z,2022-01-10T00:00:00.000Z,1,0,0,0.10746,0.530925,-0.06,0.000347,0.471272,-0.041668,0.10746,17,18,0.034722,0.2,,A89734CD1A1197FD34CC15FC809D02D976B30F7B634A279E9062E7521486BD06
RAW_GRID_T100_S020_GATE90_RAW_BOTH,raw_both,RAW_GRID_T100_S020_GATE90_RAW_BOTH|CADCHF|SHORT|38,CADCHF,SHORT,target,2022-01-12T10:25:00.000Z,2022-01-12T12:08:00.000Z,2022-01-10T00:00:00.000Z,2,1,0,0.29353,1.451353,-0.12,0.001167,1.33252,-0.228056,0.29353,18,19,0.071528,0.2,,3A170E18299FB3A19987D29CB9BB4FB0F085E797CA04638A4D7A7D1415477BE3
RAW_GRID_T100_S020_GATE90_RAW_BOTH,raw_both,RAW_GRID_T100_S020_GATE90_RAW_BOTH|CADCHF|LONG|39,CADCHF,LONG,target,2022-01-12T12:22:00.000Z,2022-01-12T13:05:00.000Z,2022-01-10T00:00:00.000Z,1,0,0,0.118539,0.585364,-0.06,-0.002738,0.522626,-0.070246,0.118539,17,18,0.029861,0.2,,CDD65DDB5D30DB36F76E4B8BE90074DBC50FB6139A8A854D3B488ACA1566CA43
RAW_GRID_T100_S020_GATE90_RAW_BOTH,raw_both,RAW_GRID_T100_S020_GATE90_RAW_BOTH|CADCHF|LONG|40,CADCHF,LONG,target,2022-01-12T13:09:00.000Z,2022-01-12T13:23:00.000Z,2022-01-10T00:00:00.000Z,1,0,0,0.107566,0.531415,-0.06,-0.000892,0.470523,-0.065857,0.107566,18,19,0.009722,0.2,,F0FE43BAAE4985638134CA523E3DF30AE41E47B73287523502560E7EEB177886
RAW_GRID_T100_S020_GATE90_RAW_BOTH,raw_both,RAW_GRID_T100_S020_GATE90_RAW_BOTH|CADCHF|SHORT|41,CADCHF,SHORT,target,2022-01-12T13:31:00.000Z,2022-01-12T13:31:00.000Z,2022-01-10T00:00:00.000Z,1,0,0,0.109619,0.541712,-0.06,0,0.481712,0,0.109619,19,20,0,0.2,,CC7E920EE3D655E7E504571AE4EB4B8CC0D083F7577DED304DA4893BA51E0CFD
RAW_GRID_T100_S020_GATE90_RAW_BOTH,raw_both,RAW_GRID_T100_S020_GATE90_RAW_BOTH|CADCHF|SHORT|42,CADCHF,SHORT,target,2022-01-12T13:32:00.000Z,2022-01-12T13:35:00.000Z,2022-01-10T00:00:00.000Z,1,0,0,0.170975,0.846004,-0.06,0.000021,0.786025,-0.006577,0.170975,20,21,0.002083,0.2,,6BDFEADAAC192FD4768D0946755D14F6879AE5288EE48173CD03973AC4BE4960
RAW_GRID_T100_S020_GATE90_RAW_BOTH,raw_both,RAW_GRID_T100_S020_GATE90_RAW_BOTH|CADCHF|LONG|43,CADCHF,LONG,session_flatten,2022-01-12T13:40:00.000Z,2022-01-12T21:00:00.000Z,2022-01-10T00:00:00.000Z,6,5,0,-2.372471,-11.807054,-0.36,-0.13201,-12.299064,-3.377085,0.178117,19,,0.305556,0.2,,FE9307FA2032BB04B3C4CA0465D3814D8D760F62946CEF536608D60CBA52A8B6
RAW_GRID_T100_S020_GATE90_RAW_BOTH,raw_both,RAW_GRID_T100_S020_GATE90_RAW_BOTH|CADCHF|SHORT|44,CADCHF,SHORT,target,2022-01-13T00:36:00.000Z,2022-01-13T07:15:00.000Z,2022-01-10T00:00:00.000Z,1,0,0,0.066196,0.328187,-0.06,0.002771,0.270958,-0.123564,0.099294,21,22,0.277083,0.2,,AACF5369919A274E8F06039FA4EE18949B965D5958CB80824C51832B30E59E3F
RAW_GRID_T100_S020_GATE90_RAW_BOTH,raw_both,RAW_GRID_T100_S020_GATE90_RAW_BOTH|CADCHF|LONG|45,CADCHF,LONG,target,2022-01-13T07:43:00.000Z,2022-01-13T08:15:00.000Z,2022-01-10T00:00:00.000Z,1,0,0,0.121484,0.602949,-0.06,-0.002038,0.540911,-0.061847,0.121484,19,20,0.022222,0.2,,B6C0BC6988C4B095B61E9DE7453E1F2785648F034CA49B9F33FE417C546B2604
RAW_GRID_T100_S020_GATE90_RAW_BOTH,raw_both,RAW_GRID_T100_S020_GATE90_RAW_BOTH|CADCHF|SHORT|46,CADCHF,SHORT,target,2022-01-13T08:18:00.000Z,2022-01-13T08:38:00.000Z,2022-01-10T00:00:00.000Z,1,0,0,0.123537,0.613606,-0.06,0.000139,0.553745,-0.063974,0.123537,22,23,0.013889,0.2,,1E8262650CA24FD3A091A80FC7005B1F0E3D892D1FDA009978001C3EDCF86F22
RAW_GRID_T100_S020_GATE90_RAW_BOTH,raw_both,RAW_GRID_T100_S020_GATE90_RAW_BOTH|CADCHF|SHORT|47,CADCHF,SHORT,target,2022-01-13T08:45:00.000Z,2022-01-13T09:26:00.000Z,2022-01-10T00:00:00.000Z,1,0,0,0.048527,0.240739,-0.06,0.000285,0.181024,-0.172053,0.048527,23,24,0.028472,0.2,,DE77A093B79DF3EECEC957581F25DECEB7F762F8964BDCEB14823BB18202E8A4
RAW_GRID_T100_S020_GATE90_RAW_BOTH,raw_both,RAW_GRID_T100_S020_GATE90_RAW_BOTH|CADCHF|LONG|48,CADCHF,LONG,target,2022-01-13T09:29:00.000Z,2022-01-13T09:32:00.000Z,2022-01-10T00:00:00.000Z,1,0,0,0.110395,0.547418,-0.06,-0.000191,0.487227,-0.026494,0.110395,20,21,0.002083,0.2,,ACEE00BEC7C8714F4B518CCD780B2060836675A0CA819EEB36B69937D278EF4F
RAW_GRID_T100_S020_GATE90_RAW_BOTH,raw_both,RAW_GRID_T100_S020_GATE90_RAW_BOTH|CADCHF|LONG|49,CADCHF,LONG,target,2022-01-13T09:38:00.000Z,2022-01-13T10:39:00.000Z,2022-01-10T00:00:00.000Z,1,0,0,0.108201,0.53677,-0.06,-0.003885,0.472885,-0.055205,0.108201,21,22,0.042361,0.2,,F69D7C4292C4E627AFC2D999993C4433C032E4B7624795A96726538DD359097E
RAW_GRID_T100_S020_GATE90_RAW_BOTH,raw_both,RAW_GRID_T100_S020_GATE90_RAW_BOTH|CADCHF|SHORT|50,CADCHF,SHORT,target,2022-01-13T10:43:00.000Z,2022-01-13T10:51:00.000Z,2022-01-10T00:00:00.000Z,1,0,0,0.141136,0.700991,-0.06,0.000056,0.641046,-0.008822,0.141136,24,25,0.005556,0.2,,A5A182A1105CE2ED62DAB253BCD7605BEB8B5D6FAB02B72FB92DF1F246C90044
RAW_GRID_T100_S020_GATE90_RAW_BOTH,raw_both,RAW_GRID_T100_S020_GATE90_RAW_BOTH|CADCHF|LONG|51,CADCHF,LONG,target,2022-01-13T11:17:00.000Z,2022-01-13T11:45:00.000Z,2022-01-10T00:00:00.000Z,1,0,0,0.108207,0.5371,-0.06,-0.001783,0.475317,-0.039751,0.108207,22,23,0.019444,0.2,,7F34894EB26BAA3DB416AB711CACE8F79C127B22808E7240FFD48A8B71601146
RAW_GRID_T100_S020_GATE90_RAW_BOTH,raw_both,RAW_GRID_T100_S020_GATE90_RAW_BOTH|CADCHF|LONG|52,CADCHF,LONG,target,2022-01-13T12:03:00.000Z,2022-01-13T13:17:00.000Z,2022-01-10T00:00:00.000Z,1,0,0,0.081719,0.405749,-0.06,-0.004712,0.341037,-0.130307,0.081719,23,24,0.051389,0.2,,3FA9F2BAB410C33D48CD8A0EC0C1EBF5731A040A120282F41F5A464C5EED1224
RAW_GRID_T100_S020_GATE90_RAW_BOTH,raw_both,RAW_GRID_T100_S020_GATE90_RAW_BOTH|CADCHF|SHORT|53,CADCHF,SHORT,target,2022-01-13T13:26:00.000Z,2022-01-13T13:28:00.000Z,2022-01-10T00:00:00.000Z,1,0,0,0.105899,0.526439,-0.06,0.000014,0.466453,-0.008824,0.105899,25,26,0.001389,0.2,,49852957D63D4EF0121CFEDE6755897D23F794E26DBC7D06343660975F08A3ED
RAW_GRID_T100_S020_GATE90_RAW_BOTH,raw_both,RAW_GRID_T100_S020_GATE90_RAW_BOTH|CADCHF|SHORT|54,CADCHF,SHORT,target,2022-01-13T13:35:00.000Z,2022-01-13T13:39:00.000Z,2022-01-10T00:00:00.000Z,1,0,0,0.143387,0.713018,-0.06,0.000028,0.653046,-0.002206,0.143387,26,27,0.002778,0.2,,2F10A7EA06A915BAEE1949FCC62759041F7818E68E6B021223A8227F2B7343A0
RAW_GRID_T100_S020_GATE90_RAW_BOTH,raw_both,RAW_GRID_T100_S020_GATE90_RAW_BOTH|CADCHF|LONG|55,CADCHF,LONG,target,2022-01-13T14:01:00.000Z,2022-01-13T14:07:00.000Z,2022-01-10T00:00:00.000Z,1,0,0,0.114883,0.571001,-0.06,-0.000382,0.510619,-0.004418,0.114883,24,25,0.004167,0.2,,F3D86110A1E2CAD2530D95D8C4DB164225E34A97B7EE4D6EADE77DEA46660B80
RAW_GRID_T100_S020_GATE90_RAW_BOTH,raw_both,RAW_GRID_T100_S020_GATE90_RAW_BOTH|CADCHF|LONG|56,CADCHF,LONG,target,2022-01-13T14:10:00.000Z,2022-01-13T16:52:00.000Z,2022-01-10T00:00:00.000Z,3,2,0,0.038122,0.186782,-0.18,-0.019868,-0.013086,-0.652177,0.081757,25,26,0.1125,0.2,,AA336DDE40B5315148B1A74B05E8FCFC9BC89526DEABABD94266B078A6C15812
RAW_GRID_T100_S020_GATE90_RAW_BOTH,raw_both,RAW_GRID_T100_S020_GATE90_RAW_BOTH|CADCHF|LONG|57,CADCHF,LONG,target,2022-01-13T17:14:00.000Z,2022-01-13T17:40:00.000Z,2022-01-10T00:00:00.000Z,1,0,0,0.090789,0.450253,-0.06,-0.001656,0.388598,-0.121789,0.090789,26,27,0.018056,0.2,,F76E4079B8365B1A67865A2E58C28BB3C6D95D04827362DA47A4BD430AEE32F5
RAW_GRID_T100_S020_GATE90_RAW_BOTH,raw_both,RAW_GRID_T100_S020_GATE90_RAW_BOTH|CADCHF|LONG|58,CADCHF,LONG,target,2022-01-13T17:54:00.000Z,2022-01-13T18:39:00.000Z,2022-01-10T00:00:00.000Z,1,0,0,0.117388,0.581871,-0.06,-0.002866,0.519006,-0.011074,0.117388,27,28,0.03125,0.2,,3BCDB5D460698E7B529E0C4276E6232E6E0D08CB272D5653F76723DB4EE30AC2
RAW_GRID_T100_S020_GATE90_RAW_BOTH,raw_both,RAW_GRID_T100_S020_GATE90_RAW_BOTH|CADCHF|SHORT|59,CADCHF,SHORT,target,2022-01-13T18:59:00.000Z,2022-01-13T19:30:00.000Z,2022-01-10T00:00:00.000Z,1,0,0,0.123877,0.614941,-0.06,0.000215,0.555156,-0.008848,0.123877,27,28,0.021528,0.2,,704A369FF7F222C415B7F5D483977F806138A4B677B73EA9F31325516436B9D7
RAW_GRID_T100_S020_GATE90_RAW_BOTH,raw_both,RAW_GRID_T100_S020_GATE90_RAW_BOTH|CADCHF|LONG|60,CADCHF,LONG,session_flatten,2022-01-13T20:21:00.000Z,2022-01-13T21:00:00.000Z,2022-01-10T00:00:00.000Z,1,0,0,-0.108547,-0.537624,-0.06,-0.002484,-0.600107,-0.128484,0.013291,28,,0.027083,0.2,,81028186CEF5EA4FB483E22E2865134661B9E8D15A295D318F6A2F501BA62CDC
RAW_GRID_T100_S020_GATE90_RAW_BOTH,raw_both,RAW_GRID_T100_S020_GATE90_RAW_BOTH|CADCHF|LONG|61,CADCHF,LONG,target,2022-01-13T23:23:00.000Z,2022-01-14T04:02:00.000Z,2022-01-10T00:00:00.000Z,2,1,0,0.119892,0.540003,-0.12,-0.026427,0.393575,-0.203912,0.128763,28,29,0.19375,0.2,,D4F5B83F48BE27C4E76E64BD3D37C7B91CF71CAA17D79B6ADAFAC7ED67E78F3F
RAW_GRID_T100_S020_GATE90_RAW_BOTH,raw_both,RAW_GRID_T100_S020_GATE90_RAW_BOTH|CADCHF|SHORT|62,CADCHF,SHORT,target,2022-01-14T04:13:00.000Z,2022-01-14T05:21:00.000Z,2022-01-10T00:00:00.000Z,1,0,0,0.106352,0.527457,-0.06,0.000472,0.467929,-0.044313,0.106352,28,29,0.047222,0.2,,3ADD4A1ECCC22FF74049FDCA9719F902F7F24E9EC8FE0727B308743F08FA6741
RAW_GRID_T100_S020_GATE90_RAW_BOTH,raw_both,RAW_GRID_T100_S020_GATE90_RAW_BOTH|CADCHF|SHORT|63,CADCHF,SHORT,target,2022-01-14T06:02:00.000Z,2022-01-14T07:34:00.000Z,2022-01-10T00:00:00.000Z,1,0,0,0.12406,0.615111,-0.06,0.000639,0.55575,-0.143999,0.12406,29,30,0.063889,0.2,,AE136B3BA3D23C48AD9324B02104F47EB94974F859F2AE31E5494D0515015162
RAW_GRID_T100_S020_GATE90_RAW_BOTH,raw_both,RAW_GRID_T100_S020_GATE90_RAW_BOTH|CADCHF|SHORT|64,CADCHF,SHORT,target,2022-01-14T07:59:00.000Z,2022-01-14T08:05:00.000Z,2022-01-10T00:00:00.000Z,1,0,0,0.177181,0.879037,-0.06,0.000042,0.819078,-0.004429,0.177181,30,31,0.004167,0.2,,FEE474349CAE4C58A94AF28BA1423891CD1EBFB9D52303C3EF54C15915986A09
RAW_GRID_T100_S020_GATE90_RAW_BOTH,raw_both,RAW_GRID_T100_S020_GATE90_RAW_BOTH|CADCHF|SHORT|65,CADCHF,SHORT,target,2022-01-14T08:18:00.000Z,2022-01-14T12:05:00.000Z,2022-01-10T00:00:00.000Z,3,2,0,0.063632,0.318157,-0.18,0.003333,0.14149,-0.746016,0.079548,31,32,0.157639,0.2,,48BFE9A9DB46A98A9762AECE3A3867E042FBC67DAE0099546B1B79FF8D9B6A6C
RAW_GRID_T100_S020_GATE90_RAW_BOTH,raw_both,RAW_GRID_T100_S020_GATE90_RAW_BOTH|CADCHF|LONG|66,CADCHF,LONG,target,2022-01-14T12:09:00.000Z,2022-01-14T14:37:00.000Z,2022-01-10T00:00:00.000Z,3,2,0,0.166732,0.822915,-0.18,-0.019996,0.622919,-0.817335,0.166732,29,30,0.102778,0.2,,0114721E10F68F3F26014C5667C757B6A56D8E26DE3E8C5C0412D1A4B633711A
RAW_GRID_T100_S020_GATE90_RAW_BOTH,raw_both,RAW_GRID_T100_S020_GATE90_RAW_BOTH|CADCHF|SHORT|67,CADCHF,SHORT,target,2022-01-14T14:39:00.000Z,2022-01-14T14:42:00.000Z,2022-01-10T00:00:00.000Z,1,0,0,0.157209,0.778956,-0.06,0.000021,0.718977,0,0.157209,32,33,0.002083,0.2,,6AD294C4A3BA88D6BD99DC7138C2061F0FD9F61F043EE56E37900D76503C2D97
RAW_GRID_T100_S020_GATE90_RAW_BOTH,raw_both,RAW_GRID_T100_S020_GATE90_RAW_BOTH|CADCHF|LONG|68,CADCHF,LONG,target,2022-01-14T14:51:00.000Z,2022-01-14T14:59:00.000Z,2022-01-10T00:00:00.000Z,1,0,0,0.206329,1.020789,-0.06,-0.000509,0.96028,-0.035498,0.206329,30,31,0.005556,0.2,,C5AB14E40EF5D564E2D5CB648DCDC79B8D5C7BF5E24E440999026570A8E7D3B5
RAW_GRID_T100_S020_GATE90_RAW_BOTH,raw_both,RAW_GRID_T100_S020_GATE90_RAW_BOTH|CADCHF|SHORT|69,CADCHF,SHORT,target,2022-01-14T15:02:00.000Z,2022-01-14T15:02:00.000Z,2022-01-10T00:00:00.000Z,1,0,0,0.121846,0.603121,-0.06,0,0.543121,0,0.121846,33,34,0,0.2,,671F87F18F7C958C446FF615C72037E6A9BB8564B3F9B4748FF4AE2680453EDF
RAW_GRID_T100_S020_GATE90_RAW_BOTH,raw_both,RAW_GRID_T100_S020_GATE90_RAW_BOTH|CADCHF|SHORT|70,CADCHF,SHORT,target,2022-01-14T15:11:00.000Z,2022-01-14T15:24:00.000Z,2022-01-10T00:00:00.000Z,1,0,0,0.09748,0.482286,-0.06,0.00009,0.422376,-0.104126,0.09748,34,35,0.009028,0.2,,783E1141E5FE33F38C8E85BC6AA99721DC294480934E2BE15E0372F1C87396BB
RAW_GRID_T100_S020_GATE90_RAW_BOTH,raw_both,RAW_GRID_T100_S020_GATE90_RAW_BOTH|CADCHF|SHORT|71,CADCHF,SHORT,target,2022-01-14T15:35:00.000Z,2022-01-14T15:37:00.000Z,2022-01-10T00:00:00.000Z,1,0,0,0.130708,0.647001,-0.06,0.000014,0.587015,0,0.130708,35,36,0.001389,0.2,,898EE8DBF1695A90E6B17867A418C58972E5505A33F2440F1E036370D4F75249
RAW_GRID_T100_S020_GATE90_RAW_BOTH,raw_both,RAW_GRID_T100_S020_GATE90_RAW_BOTH|CADJPY|LONG|1,CADJPY,LONG,target,2022-01-10T15:01:00.000Z,2022-01-10T18:52:00.000Z,2022-01-10T00:00:00.000Z,3,2,0,0.214997,1.449612,-0.18,-0.031713,1.237899,-0.685855,0.214997,0,1,0.160417,0.2,,8584FD6698D1A1893654B3173690671888FA4C1ECC3B249DDD9DEA599DA322CD
RAW_GRID_T100_S020_GATE90_RAW_BOTH,raw_both,RAW_GRID_T100_S020_GATE90_RAW_BOTH|CADJPY|SHORT|2,CADJPY,SHORT,target,2022-01-10T19:16:00.000Z,2022-01-10T19:35:00.000Z,2022-01-10T00:00:00.000Z,1,0,0,0.110227,0.746544,-0.06,0.000132,0.686676,0,0.110227,0,1,0.013194,0.2,,376AEA0AA2AF205786D951D7698496891CEEDEB6CD98FA02280128F5A2270BDC
RAW_GRID_T100_S020_GATE90_RAW_BOTH,raw_both,RAW_GRID_T100_S020_GATE90_RAW_BOTH|CADJPY|SHORT|3,CADJPY,SHORT,target,2022-01-10T23:05:00.000Z,2022-01-11T06:51:00.000Z,2022-01-10T00:00:00.000Z,2,1,0,0.045899,0.312363,-0.12,0.005715,0.198078,-0.568741,0.045899,1,2,0.323611,0.2,,6926759A3EEB5068442C53522F499F706923F61562DB9D677D477CC9F1CFCAF8
RAW_GRID_T100_S020_GATE90_RAW_BOTH,raw_both,RAW_GRID_T100_S020_GATE90_RAW_BOTH|CADJPY|SHORT|4,CADJPY,SHORT,target,2022-01-11T07:31:00.000Z,2022-01-11T07:42:00.000Z,2022-01-10T00:00:00.000Z,1,0,0,0.108701,0.738071,-0.06,0.000076,0.678147,-0.016624,0.108701,2,3,0.007639,0.2,,741DAEF5F570B902A13410C79DC5C8E888D00735CE4A1C9F5E74FF2B51B64BF9
RAW_GRID_T100_S020_GATE90_RAW_BOTH,raw_both,RAW_GRID_T100_S020_GATE90_RAW_BOTH|CADJPY|SHORT|5,CADJPY,SHORT,target,2022-01-11T07:54:00.000Z,2022-01-11T14:42:00.000Z,2022-01-10T00:00:00.000Z,3,2,0,0.065645,0.449945,-0.18,0.005833,0.275779,-0.761366,0.065645,3,4,0.283333,0.2,,36CB76625779562C2DDCFD64E109BE66A091350168A9266D3223A6F07E804D9F
RAW_GRID_T100_S020_GATE90_RAW_BOTH,raw_both,RAW_GRID_T100_S020_GATE90_RAW_BOTH|CADJPY|LONG|6,CADJPY,LONG,target,2022-01-11T14:44:00.000Z,2022-01-11T14:46:00.000Z,2022-01-10T00:00:00.000Z,1,0,0,0.113659,0.770048,-0.06,-0.000127,0.70992,0,0.113659,1,2,0.001389,0.2,,C8A791DE60DC7119F0F199288F17D3A0AD6D86DF780B48B064A8F019978026AA
RAW_GRID_T100_S020_GATE90_RAW_BOTH,raw_both,RAW_GRID_T100_S020_GATE90_RAW_BOTH|CADJPY|SHORT|7,CADJPY,SHORT,target,2022-01-11T15:01:00.000Z,2022-01-11T15:49:00.000Z,2022-01-10T00:00:00.000Z,1,0,0,0.076457,0.519867,-0.06,0.000333,0.460201,-0.140171,0.103217,4,5,0.033333,0.2,,1E2E341776630BB485F4AA211EFE8A3ECEF7F5DFA015D156DC37632F7D44CB5D
RAW_GRID_T100_S020_GATE90_RAW_BOTH,raw_both,RAW_GRID_T100_S020_GATE90_RAW_BOTH|CADJPY|SHORT|8,CADJPY,SHORT,session_flatten,2022-01-11T16:02:00.000Z,2022-01-11T21:00:00.000Z,2022-01-10T00:00:00.000Z,2,1,0,-0.19612,-1.335752,-0.12,0.003625,-1.452127,-0.544737,0.080227,5,,0.206944,0.2,,977EE9CF71DB56B5F3E265D5238EB560A64EE495B3308F082C0BADFFEEF0CB4B
RAW_GRID_T100_S020_GATE90_RAW_BOTH,raw_both,RAW_GRID_T100_S020_GATE90_RAW_BOTH|CADJPY|SHORT|9,CADJPY,SHORT,target,2022-01-11T23:05:00.000Z,2022-01-12T07:13:00.000Z,2022-01-10T00:00:00.000Z,2,1,0,0.188837,1.292174,-0.12,0.005396,1.177569,-0.303571,0.188837,5,6,0.338889,0.2,,FFBF8A25FCC5C0B78D9E12D73F02A5F943A9C4B23CE91C662C82DDBFAA71C684
RAW_GRID_T100_S020_GATE90_RAW_BOTH,raw_both,RAW_GRID_T100_S020_GATE90_RAW_BOTH|CADJPY|SHORT|10,CADJPY,SHORT,target,2022-01-12T08:06:00.000Z,2022-01-12T13:52:00.000Z,2022-01-10T00:00:00.000Z,3,2,0,0.304477,2.092338,-0.18,0.003806,1.916143,-0.595875,0.304477,6,7,0.240278,0.2,,26F26EBED5589593DE6679641410FC7B9F9C6FFAFC396F225EA5169E3F5D200E
RAW_GRID_T100_S020_GATE90_RAW_BOTH,raw_both,RAW_GRID_T100_S020_GATE90_RAW_BOTH|CADJPY|SHORT|11,CADJPY,SHORT,target,2022-01-12T13:56:00.000Z,2022-01-12T14:19:00.000Z,2022-01-10T00:00:00.000Z,1,0,0,0.102563,0.702771,-0.06,0.00016,0.642931,-0.043052,0.102563,7,8,0.015972,0.2,,ACE2D09B0F968A5927B4DF907CDF1B42FE201B06FC4141906D9F04651329E5BF
RAW_GRID_T100_S020_GATE90_RAW_BOTH,raw_both,RAW_GRID_T100_S020_GATE90_RAW_BOTH|CADJPY|LONG|12,CADJPY,LONG,target,2022-01-12T14:26:00.000Z,2022-01-12T14:34:00.000Z,2022-01-10T00:00:00.000Z,1,0,0,0.11922,0.816875,-0.06,-0.000509,0.756365,-0.005073,0.11922,2,3,0.005556,0.2,,BAA7AC15DE15E85E82D8FD8C376ED365E279004EBB5D055A06D089F8FB06E306
RAW_GRID_T100_S020_GATE90_RAW_BOTH,raw_both,RAW_GRID_T100_S020_GATE90_RAW_BOTH|CADJPY|LONG|13,CADJPY,LONG,target,2022-01-12T15:06:00.000Z,2022-01-12T15:09:00.000Z,2022-01-10T00:00:00.000Z,1,0,0,0.10653,0.729903,-0.06,-0.000191,0.669712,-0.002537,0.10653,3,4,0.002083,0.2,,0B9FD1AD2E211D5DEB7FCBA777F3DF86925D43DBE37F764F8CEEAE1F9A732029
RAW_GRID_T100_S020_GATE90_RAW_BOTH,raw_both,RAW_GRID_T100_S020_GATE90_RAW_BOTH|CADJPY|LONG|14,CADJPY,LONG,session_flatten,2022-01-12T15:17:00.000Z,2022-01-12T21:00:00.000Z,2022-01-10T00:00:00.000Z,3,2,0,-0.38539,-2.65443,-0.18,-0.045532,-2.879962,-0.827704,0.073567,4,,0.238194,0.2,,BC04D3959F4BF7C9E4E86714856CA253CB85F7D6E67CA8F2C4D4ADAB0580F9A1
RAW_GRID_T100_S020_GATE90_RAW_BOTH,raw_both,RAW_GRID_T100_S020_GATE90_RAW_BOTH|CADJPY|LONG|15,CADJPY,LONG,target,2022-01-13T01:36:00.000Z,2022-01-13T02:13:00.000Z,2022-01-10T00:00:00.000Z,1,0,0,0.113262,0.776545,-0.06,-0.002356,0.714188,-0.015271,0.113262,4,5,0.025694,0.2,,51E2ABB41FA3E0622B371F93D8AFF82C13A5DF32ADBD1F119FD87C6B8C7146F4
RAW_GRID_T100_S020_GATE90_RAW_BOTH,raw_both,RAW_GRID_T100_S020_GATE90_RAW_BOTH|CADJPY|SHORT|16,CADJPY,SHORT,target,2022-01-13T02:51:00.000Z,2022-01-13T03:11:00.000Z,2022-01-10T00:00:00.000Z,1,0,0,0.114327,0.785501,-0.06,0.000139,0.72564,-0.002541,0.114327,8,9,0.013889,0.2,,6E407820D3386CC467AF8C10C7C206FC097A5AFBA055B71BB7DB20F76E300229
RAW_GRID_T100_S020_GATE90_RAW_BOTH,raw_both,RAW_GRID_T100_S020_GATE90_RAW_BOTH|CADJPY|SHORT|17,CADJPY,SHORT,target,2022-01-13T06:34:00.000Z,2022-01-13T07:13:00.000Z,2022-01-10T00:00:00.000Z,1,0,0,0.0991,0.680639,-0.06,0.000271,0.62091,-0.008894,0.0991,9,10,0.027083,0.2,,6C49B6DAD048A4586E3824C4DF7112EC9FCF44E35BA664FA74E477F30162FB3B
RAW_GRID_T100_S020_GATE90_RAW_BOTH,raw_both,RAW_GRID_T100_S020_GATE90_RAW_BOTH|CADJPY|SHORT|18,CADJPY,SHORT,target,2022-01-13T08:17:00.000Z,2022-01-13T08:38:00.000Z,2022-01-10T00:00:00.000Z,1,0,0,0.13717,0.943943,-0.06,0.000146,0.884088,-0.050803,0.13717,10,11,0.014583,0.2,,0D312F12C5FA40738606B0404E4E74434CF0DC61601A8738B2112C90612D2607
RAW_GRID_T100_S020_GATE90_RAW_BOTH,raw_both,RAW_GRID_T100_S020_GATE90_RAW_BOTH|CADJPY|SHORT|19,CADJPY,SHORT,target,2022-01-13T08:48:00.000Z,2022-01-13T12:17:00.000Z,2022-01-10T00:00:00.000Z,1,0,0,0.101605,0.698881,-0.06,0.001451,0.640332,-0.043181,0.101605,11,12,0.145139,0.2,,698593D1AE9EBDC8B2FFA630AA29CFD5C079AD662ADF385D7DB6F0902DEB6A4D
RAW_GRID_T100_S020_GATE90_RAW_BOTH,raw_both,RAW_GRID_T100_S020_GATE90_RAW_BOTH|CADJPY|LONG|20,CADJPY,LONG,target,2022-01-13T12:44:00.000Z,2022-01-13T13:34:00.000Z,2022-01-10T00:00:00.000Z,1,0,0,0.086504,0.594753,-0.06,-0.003184,0.531569,-0.063605,0.086504,5,6,0.034722,0.2,,BA893F413D89F4C8D40D28DCDD099CA6F3F963F2649F006859F057CEC267BA84
RAW_GRID_T100_S020_GATE90_RAW_BOTH,raw_both,RAW_GRID_T100_S020_GATE90_RAW_BOTH|CADJPY|SHORT|21,CADJPY,SHORT,target,2022-01-13T14:58:00.000Z,2022-01-13T15:05:00.000Z,2022-01-10T00:00:00.000Z,1,0,0,0.121894,0.839827,-0.06,0.000049,0.779876,-0.005079,0.121894,12,13,0.004861,0.2,,F75F058396F18F41D27288C6FE752D0CCB1580E09953A0A8676B832BFD828B6E
RAW_GRID_T100_S020_GATE90_RAW_BOTH,raw_both,RAW_GRID_T100_S020_GATE90_RAW_BOTH|CADJPY|LONG|22,CADJPY,LONG,session_flatten,2022-01-13T15:09:00.000Z,2022-01-13T21:00:00.000Z,2022-01-10T00:00:00.000Z,3,2,0,-1.00484,-6.912509,-0.18,-0.057312,-7.149822,-1.123364,0.082692,6,,0.24375,0.2,,8A5E5F62E27503B42AF695048B4461EFDEA5BC37E06AA23587F2E179F98E9009
RAW_GRID_T100_S020_GATE90_RAW_BOTH,raw_both,RAW_GRID_T100_S020_GATE90_RAW_BOTH|CADJPY|LONG|23,CADJPY,LONG,target,2022-01-13T23:36:00.000Z,2022-01-14T06:02:00.000Z,2022-01-10T00:00:00.000Z,3,2,0,0.138917,0.949737,-0.18,-0.060497,0.70924,-0.951306,0.138917,6,7,0.268056,0.2,,3065E928B6196DA23E1B5DAB0BBB9BF9133350E8BF38A069760273CCF12BF819
RAW_GRID_T100_S020_GATE90_RAW_BOTH,raw_both,RAW_GRID_T100_S020_GATE90_RAW_BOTH|CADJPY|SHORT|24,CADJPY,SHORT,target,2022-01-14T06:02:00.000Z,2022-01-14T07:31:00.000Z,2022-01-10T00:00:00.000Z,1,0,0,0.172678,1.186498,-0.06,0.000618,1.127116,-0.046047,0.172678,13,14,0.061806,0.2,,A2CAD40734FA3F49CC62476580785316490A108C88944FD1B0EA75F054176BDE
RAW_GRID_T100_S020_GATE90_RAW_BOTH,raw_both,RAW_GRID_T100_S020_GATE90_RAW_BOTH|CADJPY|SHORT|25,CADJPY,SHORT,target,2022-01-14T08:10:00.000Z,2022-01-14T12:04:00.000Z,2022-01-10T00:00:00.000Z,2,1,0,0.035605,0.245839,-0.12,0.002924,0.128762,-0.437322,0.035605,14,15,0.1625,0.2,,B0FE4A3D156177CA2297122891425E1A09F4913DABE184809AF4B61A62686F8A
RAW_GRID_T100_S020_GATE90_RAW_BOTH,raw_both,RAW_GRID_T100_S020_GATE90_RAW_BOTH|CADJPY|LONG|26,CADJPY,LONG,target,2022-01-14T12:09:00.000Z,2022-01-14T14:39:00.000Z,2022-01-10T00:00:00.000Z,4,3,0,0.788432,5.390987,-0.24,-0.024708,5.126279,-1.403229,0.788432,7,8,0.104167,0.2,,7C7BBE65DC2881D58C05120C2CA8FEEDFD57E0DFAF73D1BF13C7C53A1E7341E4
RAW_GRID_T100_S020_GATE90_RAW_BOTH,raw_both,RAW_GRID_T100_S020_GATE90_RAW_BOTH|CADJPY|LONG|27,CADJPY,LONG,target,2022-01-14T14:50:00.000Z,2022-01-14T14:59:00.000Z,2022-01-10T00:00:00.000Z,1,0,0,0.139924,0.958815,-0.06,-0.000573,0.898242,-0.065468,0.139924,8,9,0.00625,0.2,,7526E5FAF43B87BB39F399C44B2DE1008965AD52A3C93F825C522450E2F99A9C
RAW_GRID_T100_S020_GATE90_RAW_BOTH,raw_both,RAW_GRID_T100_S020_GATE90_RAW_BOTH|CADJPY|SHORT|28,CADJPY,SHORT,target,2022-01-14T15:12:00.000Z,2022-01-14T15:22:00.000Z,2022-01-10T00:00:00.000Z,1,0,0,0.174216,1.194634,-0.06,0.000069,1.134703,-0.028183,0.174216,15,16,0.006944,0.2,,E210C88A15E21AEECAAF9B8E4F9F9FAAAECA72ED0BDB0CBE4857B1F8C4CEA000
RAW_GRID_T100_S020_GATE90_RAW_BOTH,raw_both,RAW_GRID_T100_S020_GATE90_RAW_BOTH|CADJPY|LONG|29,CADJPY,LONG,target,2022-01-14T15:27:00.000Z,2022-01-14T15:30:00.000Z,2022-01-10T00:00:00.000Z,1,0,0,0.142523,0.975347,-0.06,-0.000191,0.915156,0,0.142523,9,10,0.002083,0.2,,95109BC2C97D91D065E0A14B17CAFEF4B661535ECD2D784D2DBD5AEA75028E82
RAW_GRID_T100_S020_GATE90_RAW_BOTH,raw_both,RAW_GRID_T100_S020_GATE90_RAW_BOTH|CHFJPY|LONG|1,CHFJPY,LONG,session_flatten,2022-01-10T15:53:00.000Z,2022-01-10T21:00:00.000Z,2022-01-10T00:00:00.000Z,2,1,0,-0.177519,-1.5013,-0.12,-0.038527,-1.659827,-0.315143,0.260002,0,,0.213194,0.2,,0FE5066287E4C3A88BC1CA065A30D896051BDB5DB31FCA871CCE805B4F0B4A9C
RAW_GRID_T100_S020_GATE90_RAW_BOTH,raw_both,RAW_GRID_T100_S020_GATE90_RAW_BOTH|CHFJPY|LONG|2,CHFJPY,LONG,target,2022-01-10T23:05:00.000Z,2022-01-11T00:54:00.000Z,2022-01-10T00:00:00.000Z,1,0,0,0.168573,1.422503,-0.06,-0.006941,1.355561,-0.013362,0.168573,0,1,0.075694,0.2,,00E195BD7F8D31887FCC37E2D3569DFF54D11F6D2BE6288C97088E4A05BC6ECB
RAW_GRID_T100_S020_GATE90_RAW_BOTH,raw_both,RAW_GRID_T100_S020_GATE90_RAW_BOTH|CHFJPY|SHORT|3,CHFJPY,SHORT,target,2022-01-11T02:14:00.000Z,2022-01-11T04:57:00.000Z,2022-01-10T00:00:00.000Z,1,0,0,0.111825,0.945661,-0.06,0.001132,0.886793,-0.044115,0.111825,0,1,0.113194,0.2,,3E9DA755A8BDC5D7A9C2787808841EB7B599FC960D8F039C0022E5270035447E
RAW_GRID_T100_S020_GATE90_RAW_BOTH,raw_both,RAW_GRID_T100_S020_GATE90_RAW_BOTH|CHFJPY|SHORT|4,CHFJPY,SHORT,target,2022-01-11T07:54:00.000Z,2022-01-11T10:11:00.000Z,2022-01-10T00:00:00.000Z,2,1,0,0.157712,1.334606,-0.12,0.001424,1.21603,-0.408171,0.157712,1,2,0.095139,0.2,,344C7FAE95C789707046EE6F890FA81E8E6ACFA125658F5367B1E25EFAB0D2D0
RAW_GRID_T100_S020_GATE90_RAW_BOTH,raw_both,RAW_GRID_T100_S020_GATE90_RAW_BOTH|CHFJPY|SHORT|5,CHFJPY,SHORT,target,2022-01-11T10:36:00.000Z,2022-01-11T11:31:00.000Z,2022-01-10T00:00:00.000Z,1,0,0,0.132178,1.117521,-0.06,0.000382,1.057903,-0.008198,0.132178,2,3,0.038194,0.2,,4BD82809BFF65B68FC90127AC9344A68CA4BD980B054A93A1C71D5C71F211692
RAW_GRID_T100_S020_GATE90_RAW_BOTH,raw_both,RAW_GRID_T100_S020_GATE90_RAW_BOTH|CHFJPY|SHORT|6,CHFJPY,SHORT,target,2022-01-11T12:59:00.000Z,2022-01-11T14:50:00.000Z,2022-01-10T00:00:00.000Z,1,0,0,0.067627,0.570928,-0.06,0.000771,0.511698,-0.119883,0.067627,3,4,0.077083,0.2,,6ABB132EED8FC2998EF40242A1EBB1ECE74A6306538A0FFA1CBC45CAA0F645C5
RAW_GRID_T100_S020_GATE90_RAW_BOTH,raw_both,RAW_GRID_T100_S020_GATE90_RAW_BOTH|CHFJPY|SHORT|7,CHFJPY,SHORT,session_flatten,2022-01-11T15:01:00.000Z,2022-01-11T21:00:00.000Z,2022-01-10T00:00:00.000Z,2,1,0,-0.014526,-0.121428,-0.12,0.004458,-0.23697,-0.307234,0.06351,4,,0.249306,0.2,,C6C0A90A938B599D0F8D6EC69B6F29C710F7DF7C1474FE088404C5E5CF736571
RAW_GRID_T100_S020_GATE90_RAW_BOTH,raw_both,RAW_GRID_T100_S020_GATE90_RAW_BOTH|CHFJPY|SHORT|8,CHFJPY,SHORT,target,2022-01-11T23:05:00.000Z,2022-01-12T01:28:00.000Z,2022-01-10T00:00:00.000Z,1,0,0,0.090031,0.763618,-0.06,0.000993,0.704611,-0.084914,0.090031,4,5,0.099306,0.2,,E67B4E76BBD619A7DE50360677535D02D416D75B03F96481E367B5189424D86B
RAW_GRID_T100_S020_GATE90_RAW_BOTH,raw_both,RAW_GRID_T100_S020_GATE90_RAW_BOTH|CHFJPY|SHORT|9,CHFJPY,SHORT,target,2022-01-12T02:14:00.000Z,2022-01-12T06:57:00.000Z,2022-01-10T00:00:00.000Z,1,0,0,0.074672,0.632884,-0.06,0.001965,0.574849,-0.10638,0.074672,5,6,0.196528,0.2,,337ED4879957B54D6CEF531AC5A4C81B40C5C4B53A26EEB3A82B87A3BE20EFC0
RAW_GRID_T100_S020_GATE90_RAW_BOTH,raw_both,RAW_GRID_T100_S020_GATE90_RAW_BOTH|CHFJPY|SHORT|10,CHFJPY,SHORT,target,2022-01-12T07:54:00.000Z,2022-01-12T09:08:00.000Z,2022-01-10T00:00:00.000Z,1,0,0,0.092031,0.780248,-0.06,0.000514,0.720762,-0.028632,0.092031,6,7,0.051389,0.2,,D8C5DFA2A8456DD7DAB6F34A58ADD3860D00C8709A1BA3E3015046EA197A3A60
RAW_GRID_T100_S020_GATE90_RAW_BOTH,raw_both,RAW_GRID_T100_S020_GATE90_RAW_BOTH|CHFJPY|SHORT|11,CHFJPY,SHORT,target,2022-01-12T09:55:00.000Z,2022-01-12T19:40:00.000Z,2022-01-10T00:00:00.000Z,4,3,0,0.24629,2.12198,-0.24,0.010785,1.892765,-1.57327,0.24629,7,8,0.40625,0.2,,2B0E8938A93DED5E21CB41399EBC60099DA4DF5DAEEADD4BCE507B6A303CCAA4
RAW_GRID_T100_S020_GATE90_RAW_BOTH,raw_both,RAW_GRID_T100_S020_GATE90_RAW_BOTH|CHFJPY|LONG|12,CHFJPY,LONG,session_flatten,2022-01-12T19:40:00.000Z,2022-01-12T21:00:00.000Z,2022-01-10T00:00:00.000Z,1,0,0,0.151022,1.292279,-0.06,-0.005094,1.227185,0,0.152044,1,,0.055556,0.2,,4B50F4C66B8C17C7FB4433FB251D9240532DA03371BA8D1EBF8A062FF772D910
RAW_GRID_T100_S020_GATE90_RAW_BOTH,raw_both,RAW_GRID_T100_S020_GATE90_RAW_BOTH|CHFJPY|LONG|13,CHFJPY,LONG,target,2022-01-13T01:20:00.000Z,2022-01-13T02:47:00.000Z,2022-01-10T00:00:00.000Z,1,0,0,0.101955,0.872419,-0.06,-0.00554,0.806879,-0.071368,0.101955,1,2,0.060417,0.2,,B1C5019E600DF92308ADD7F668A43EF4085E5978FD33E03384747736F6612C38
RAW_GRID_T100_S020_GATE90_RAW_BOTH,raw_both,RAW_GRID_T100_S020_GATE90_RAW_BOTH|CHFJPY|LONG|14,CHFJPY,LONG,target,2022-01-13T03:10:00.000Z,2022-01-13T06:35:00.000Z,2022-01-10T00:00:00.000Z,1,0,0,0.08361,0.715334,-0.06,-0.013055,0.642279,-0.089727,0.08361,2,3,0.142361,0.2,,765E86500285870C0D4A06F0292AD4A845425A6AE82E647F9D167B5943DD7D3D
RAW_GRID_T100_S020_GATE90_RAW_BOTH,raw_both,RAW_GRID_T100_S020_GATE90_RAW_BOTH|CHFJPY|SHORT|15,CHFJPY,SHORT,target,2022-01-13T07:41:00.000Z,2022-01-13T07:55:00.000Z,2022-01-10T00:00:00.000Z,1,0,0,0.12827,1.101072,-0.06,0.000097,1.041169,-0.026468,0.12827,8,9,0.009722,0.2,,1220A4E9120E0EC5D4F5E3E5B1D7B2C1400B4C7363660D600BA71CF7C7B8D015
RAW_GRID_T100_S020_GATE90_RAW_BOTH,raw_both,RAW_GRID_T100_S020_GATE90_RAW_BOTH|CHFJPY|SHORT|16,CHFJPY,SHORT,target,2022-01-13T08:04:00.000Z,2022-01-13T08:27:00.000Z,2022-01-10T00:00:00.000Z,1,0,0,0.178118,1.52952,-0.06,0.00016,1.46968,0,0.178118,9,10,0.015972,0.2,,DADDD91004DC14A7449A0B4B02580CFCCB6501359DD00691E6906F23679459A7
RAW_GRID_T100_S020_GATE90_RAW_BOTH,raw_both,RAW_GRID_T100_S020_GATE90_RAW_BOTH|CHFJPY|LONG|17,CHFJPY,LONG,target,2022-01-13T08:59:00.000Z,2022-01-13T09:17:00.000Z,2022-01-10T00:00:00.000Z,1,0,0,0.098916,0.846631,-0.06,-0.001146,0.785485,-0.014277,0.098916,3,4,0.0125,0.2,,61AD5FA846DC6274EF4FBB0FBF0C86DDE2BF366CB06D8D2CEE7EB0C0936EE5D0
RAW_GRID_T100_S020_GATE90_RAW_BOTH,raw_both,RAW_GRID_T100_S020_GATE90_RAW_BOTH|CHFJPY|SHORT|18,CHFJPY,SHORT,target,2022-01-13T09:28:00.000Z,2022-01-13T10:44:00.000Z,2022-01-10T00:00:00.000Z,1,0,0,0.094669,0.811716,-0.06,0.000528,0.752244,-0.074311,0.094669,10,11,0.052778,0.2,,DF43FDFEF34303C9A43140E541F0CCB87E2CA5D9059A4C4DBD3CC8682004B5A2
RAW_GRID_T100_S020_GATE90_RAW_BOTH,raw_both,RAW_GRID_T100_S020_GATE90_RAW_BOTH|CHFJPY|SHORT|19,CHFJPY,SHORT,target,2022-01-13T11:05:00.000Z,2022-01-13T12:36:00.000Z,2022-01-10T00:00:00.000Z,1,0,0,0.081425,0.699716,-0.06,0.000632,0.640348,-0.093639,0.081425,11,12,0.063194,0.2,,FDA089D5DFC29574C2EC5E1D56BA27E99EA1AE77518B66E92E776364A1DB1338
RAW_GRID_T100_S020_GATE90_RAW_BOTH,raw_both,RAW_GRID_T100_S020_GATE90_RAW_BOTH|CHFJPY|LONG|20,CHFJPY,LONG,target,2022-01-13T12:58:00.000Z,2022-01-13T13:46:00.000Z,2022-01-10T00:00:00.000Z,1,0,0,0.095808,0.82253,-0.06,-0.003057,0.759473,-0.106001,0.095808,4,5,0.033333,0.2,,24C9DD733B6DA6B0CF55ED13F918A74A7E556EDC86A62ED6181DDC56EA357270
RAW_GRID_T100_S020_GATE90_RAW_BOTH,raw_both,RAW_GRID_T100_S020_GATE90_RAW_BOTH|CHFJPY|SHORT|21,CHFJPY,SHORT,target,2022-01-13T14:01:00.000Z,2022-01-13T15:31:00.000Z,2022-01-10T00:00:00.000Z,1,0,0,0.079367,0.6824,-0.06,0.000625,0.623025,-0.123121,0.089543,12,13,0.0625,0.2,,503AE67658F7236BDBFC815C033B653DDB8A419E26BB781161D9697E406A4CFA
RAW_GRID_T100_S020_GATE90_RAW_BOTH,raw_both,RAW_GRID_T100_S020_GATE90_RAW_BOTH|CHFJPY|LONG|22,CHFJPY,LONG,session_flatten,2022-01-13T15:36:00.000Z,2022-01-13T21:00:00.000Z,2022-01-10T00:00:00.000Z,1,0,0,-0.114136,-0.981238,-0.06,-0.020632,-1.061871,-0.155918,0.061145,5,,0.225,0.2,,82DF711C0E17E0149682B7DBE240DEFD747349CED94C2E5895A1B63649266C33
RAW_GRID_T100_S020_GATE90_RAW_BOTH,raw_both,RAW_GRID_T100_S020_GATE90_RAW_BOTH|CHFJPY|LONG|23,CHFJPY,LONG,target,2022-01-13T23:38:00.000Z,2022-01-14T08:11:00.000Z,2022-01-10T00:00:00.000Z,3,2,0,0.141575,1.212747,-0.18,-0.077754,0.954993,-0.667274,0.141575,5,6,0.35625,0.2,,93AF6887DF6632FE3C8239F89E032A57819A25EA71678C31AD92F4D49D86F56C
RAW_GRID_T100_S020_GATE90_RAW_BOTH,raw_both,RAW_GRID_T100_S020_GATE90_RAW_BOTH|CHFJPY|LONG|24,CHFJPY,LONG,target,2022-01-14T08:25:00.000Z,2022-01-14T08:58:00.000Z,2022-01-10T00:00:00.000Z,1,0,0,0.089937,0.77319,-0.06,-0.002101,0.711089,-0.100157,0.089937,6,7,0.022917,0.2,,A16BB5439658E7ED897D2F5B6E107F3E89301119DA6BC3A57A87B7AEF86E1257
RAW_GRID_T100_S020_GATE90_RAW_BOTH,raw_both,RAW_GRID_T100_S020_GATE90_RAW_BOTH|CHFJPY|LONG|25,CHFJPY,LONG,target,2022-01-14T12:00:00.000Z,2022-01-14T15:12:00.000Z,2022-01-10T00:00:00.000Z,3,2,0,0.321209,2.750903,-0.18,-0.023817,2.547086,-0.637374,0.321209,7,8,0.133333,0.2,,5B6A8E86E36A6061AB869F3F8998E060002BCDBD60C68A62BE9894655A51F78C
RAW_GRID_T100_S020_GATE90_RAW_BOTH,raw_both,RAW_GRID_T100_S020_GATE90_RAW_BOTH|CHFJPY|LONG|26,CHFJPY,LONG,target,2022-01-14T15:27:00.000Z,2022-01-14T15:32:00.000Z,2022-01-10T00:00:00.000Z,1,0,0,0.129049,1.107052,-0.06,-0.000318,1.046733,0,0.129049,8,9,0.003472,0.2,,F466CB09F0392B219080F80D95FCAD6642728B8862CC5B68CE1C6113D7D3F2C8
RAW_GRID_T100_S020_GATE90_RAW_BOTH,raw_both,RAW_GRID_T100_S020_GATE90_RAW_BOTH|EURAUD|SHORT|1,EURAUD,SHORT,target,2022-01-10T13:20:00.000Z,2022-01-10T13:42:00.000Z,2022-01-10T00:00:00.000Z,1,0,0,0.271712,2.167511,-0.06,0.000153,2.107664,-0.012596,0.271712,0,1,0.015278,0.2,,FA6F2EEBA118A35A7AE6C1BCD436A157FF9B5EA73AAB5339F49FA650533943FF
RAW_GRID_T100_S020_GATE90_RAW_BOTH,raw_both,RAW_GRID_T100_S020_GATE90_RAW_BOTH|EURAUD|LONG|2,EURAUD,LONG,target,2022-01-10T14:14:00.000Z,2022-01-10T14:34:00.000Z,2022-01-10T00:00:00.000Z,1,0,0,0.140647,1.118116,-0.06,-0.001274,1.056842,-0.032457,0.140647,0,1,0.013889,0.2,,CC0AB3A387C7834D33AF899A06562D26F346213EA8DA6E019F7BA405AE85D25C
RAW_GRID_T100_S020_GATE90_RAW_BOTH,raw_both,RAW_GRID_T100_S020_GATE90_RAW_BOTH|EURAUD|SHORT|3,EURAUD,SHORT,target,2022-01-10T14:36:00.000Z,2022-01-10T16:30:00.000Z,2022-01-10T00:00:00.000Z,4,3,0,0.337179,2.704007,-0.24,0.002076,2.466084,-1.265426,0.337179,1,2,0.079167,0.2,,4CCFD64F10D501974E58813E6F9762FDBD36910CC6126CBC2E616AE2D3782322
RAW_GRID_T100_S020_GATE90_RAW_BOTH,raw_both,RAW_GRID_T100_S020_GATE90_RAW_BOTH|EURAUD|SHORT|4,EURAUD,SHORT,target,2022-01-10T17:06:00.000Z,2022-01-10T18:27:00.000Z,2022-01-10T00:00:00.000Z,1,0,0,0.066455,0.530359,-0.06,0.000563,0.470921,-0.095192,0.07813,2,3,0.05625,0.2,,B6D7D2164CDBA35A90095772818D9E6D8EEE95D50D6BB2E0D841BEEADC7F92E4
RAW_GRID_T100_S020_GATE90_RAW_BOTH,raw_both,RAW_GRID_T100_S020_GATE90_RAW_BOTH|EURAUD|LONG|5,EURAUD,LONG,target,2022-01-10T18:52:00.000Z,2022-01-10T19:39:00.000Z,2022-01-10T00:00:00.000Z,1,0,0,0.115983,0.924714,-0.06,-0.002993,0.861721,-0.017981,0.115983,1,2,0.032639,0.2,,A90A27419C87E6A1CC7B2BCB136AB45BFF4E5C50CCE6DCD57060DD1EC98C4676
RAW_GRID_T100_S020_GATE90_RAW_BOTH,raw_both,RAW_GRID_T100_S020_GATE90_RAW_BOTH|EURAUD|LONG|6,EURAUD,LONG,session_flatten,2022-01-10T20:20:00.000Z,2022-01-10T21:00:00.000Z,2022-01-10T00:00:00.000Z,1,0,0,-0.048546,-0.387554,-0.06,-0.002547,-0.450101,-0.066526,0.061133,2,,0.027778,0.2,,4C8A0ED7040022772D4728B7BEAE66D1BE1EF087B29B29FCC2C8C2AEE96A96E7
RAW_GRID_T100_S020_GATE90_RAW_BOTH,raw_both,RAW_GRID_T100_S020_GATE90_RAW_BOTH|EURAUD|LONG|7,EURAUD,LONG,target,2022-01-10T23:05:00.000Z,2022-01-11T01:33:00.000Z,2022-01-10T00:00:00.000Z,1,0,0,0.055757,0.445379,-0.06,-0.009425,0.375955,-0.176267,0.070147,2,3,0.102778,0.2,,B5E713FF584013D54D4E10CB1D6A0FBF46BD1C8BB966DF9BAF78A9E38A6E9116
RAW_GRID_T100_S020_GATE90_RAW_BOTH,raw_both,RAW_GRID_T100_S020_GATE90_RAW_BOTH|EURAUD|SHORT|8,EURAUD,SHORT,target,2022-01-11T01:55:00.000Z,2022-01-11T02:11:00.000Z,2022-01-10T00:00:00.000Z,1,0,0,0.103312,0.825598,-0.06,0.000111,0.765709,-0.014374,0.103312,3,4,0.011111,0.2,,233D802CBB7851832FAE3586D32E3B8E60D7CAB2124FD9AC9BCF74A0BF866EED
RAW_GRID_T100_S020_GATE90_RAW_BOTH,raw_both,RAW_GRID_T100_S020_GATE90_RAW_BOTH|EURAUD|LONG|9,EURAUD,LONG,target,2022-01-11T02:57:00.000Z,2022-01-11T05:03:00.000Z,2022-01-10T00:00:00.000Z,1,0,0,0.088183,0.70419,-0.06,-0.008024,0.636167,-0.127775,0.088183,3,4,0.0875,0.2,,A36EBDC7331142EED3AD5D51DC03B9B06015F007135B372A65657803D4F798E6
RAW_GRID_T100_S020_GATE90_RAW_BOTH,raw_both,RAW_GRID_T100_S020_GATE90_RAW_BOTH|EURAUD|LONG|10,EURAUD,LONG,target,2022-01-11T05:45:00.000Z,2022-01-11T06:22:00.000Z,2022-01-10T00:00:00.000Z,1,0,0,0.092695,0.740204,-0.06,-0.002356,0.677848,-0.047697,0.092695,4,5,0.025694,0.2,,36209E4D8817357A333DEC0EF4C46679B87D65CD48E23B61A84C216B98162DE9
RAW_GRID_T100_S020_GATE90_RAW_BOTH,raw_both,RAW_GRID_T100_S020_GATE90_RAW_BOTH|EURAUD|SHORT|11,EURAUD,SHORT,target,2022-01-11T06:33:00.000Z,2022-01-11T07:20:00.000Z,2022-01-10T00:00:00.000Z,1,0,0,0.0701,0.56031,-0.06,0.000326,0.500636,-0.158176,0.0701,4,5,0.032639,0.2,,4B73F52F06217A8EBB9412ACBBC0497EE3E9A0E241C6A17155BEFFA3B8B54B6E
RAW_GRID_T100_S020_GATE90_RAW_BOTH,raw_both,RAW_GRID_T100_S020_GATE90_RAW_BOTH|EURAUD|LONG|12,EURAUD,LONG,target,2022-01-11T07:54:00.000Z,2022-01-11T08:11:00.000Z,2022-01-10T00:00:00.000Z,1,0,0,0.093586,0.747639,-0.06,-0.001083,0.686556,-0.039593,0.093586,5,6,0.011806,0.2,,0FD2110C26F8B09A6C820C9E9A905E4B3FFB51BA0997F8F4C4033A4F6C87B8AA
RAW_GRID_T100_S020_GATE90_RAW_BOTH,raw_both,RAW_GRID_T100_S020_GATE90_RAW_BOTH|EURAUD|SHORT|13,EURAUD,SHORT,target,2022-01-11T08:50:00.000Z,2022-01-11T09:18:00.000Z,2022-01-10T00:00:00.000Z,1,0,0,0.092544,0.740361,-0.06,0.000194,0.680555,-0.088951,0.097037,5,6,0.019444,0.2,,0D40EE67D8ACCDCFFC946591D2AE0E33290DD013B86F891CA93418FBBFF00B95
RAW_GRID_T100_S020_GATE90_RAW_BOTH,raw_both,RAW_GRID_T100_S020_GATE90_RAW_BOTH|EURAUD|LONG|14,EURAUD,LONG,target,2022-01-11T09:41:00.000Z,2022-01-11T10:22:00.000Z,2022-01-10T00:00:00.000Z,1,0,0,0.105266,0.840091,-0.06,-0.002611,0.77748,-0.073775,0.105266,6,7,0.028472,0.2,,6FE42E4C9FDB696C030493F7BE25751B2BE4CFAB3C8F52E0EF18EE9633F21307
RAW_GRID_T100_S020_GATE90_RAW_BOTH,raw_both,RAW_GRID_T100_S020_GATE90_RAW_BOTH|EURAUD|LONG|15,EURAUD,LONG,target,2022-01-11T10:28:00.000Z,2022-01-11T10:37:00.000Z,2022-01-10T00:00:00.000Z,1,0,0,0.126903,1.012549,-0.06,-0.000573,0.951976,-0.017101,0.126903,7,8,0.00625,0.2,,B9850E2061907B3A749F198644B2FB9F98C076065CD89D67A6A91C039B3CD4BB
RAW_GRID_T100_S020_GATE90_RAW_BOTH,raw_both,RAW_GRID_T100_S020_GATE90_RAW_BOTH|EURAUD|SHORT|16,EURAUD,SHORT,target,2022-01-11T11:36:00.000Z,2022-01-11T15:01:00.000Z,2022-01-10T00:00:00.000Z,2,1,0,0.337467,2.693361,-0.12,0.001556,2.574916,-0.282088,0.337467,6,7,0.142361,0.2,,9EE3EF7DE3509F72F76741D062B4504A4CC56FABC88B99CFF933E17633CFC9BB
RAW_GRID_T100_S020_GATE90_RAW_BOTH,raw_both,RAW_GRID_T100_S020_GATE90_RAW_BOTH|EURAUD|LONG|17,EURAUD,LONG,target,2022-01-11T15:06:00.000Z,2022-01-11T15:17:00.000Z,2022-01-10T00:00:00.000Z,1,0,0,0.143884,1.147902,-0.06,-0.0007,1.087201,0,0.143884,8,9,0.007639,0.2,,36074FB14C0B443D9FB780168305513FD88C1CC9B1E40CFCAB1EBEEE76BD1B7E
RAW_GRID_T100_S020_GATE90_RAW_BOTH,raw_both,RAW_GRID_T100_S020_GATE90_RAW_BOTH|EURAUD|LONG|18,EURAUD,LONG,target,2022-01-11T15:31:00.000Z,2022-01-11T15:44:00.000Z,2022-01-10T00:00:00.000Z,1,0,0,0.167279,1.334964,-0.06,-0.000828,1.274136,0,0.167279,9,10,0.009028,0.2,,3A5C1377FBE30E8CDBC373D30CD5B807747EBB591D5DF1F020618D476BADEB08
RAW_GRID_T100_S020_GATE90_RAW_BOTH,raw_both,RAW_GRID_T100_S020_GATE90_RAW_BOTH|EURAUD|LONG|19,EURAUD,LONG,target,2022-01-11T16:05:00.000Z,2022-01-11T16:07:00.000Z,2022-01-10T00:00:00.000Z,1,0,0,0.126787,1.013311,-0.06,-0.000127,0.953183,0,0.126787,10,11,0.001389,0.2,,D8EE9535AC8DF2DDFDD03E7BDC490160A458480C30632E7ADCD9F01849039F47
RAW_GRID_T100_S020_GATE90_RAW_BOTH,raw_both,RAW_GRID_T100_S020_GATE90_RAW_BOTH|EURAUD|LONG|20,EURAUD,LONG,session_flatten,2022-01-11T17:01:00.000Z,2022-01-11T21:00:00.000Z,2022-01-10T00:00:00.000Z,2,1,0,-0.208574,-1.672821,-0.12,-0.024581,-1.817402,-0.312946,0.035963,11,,0.165972,0.2,,ABD9BEAAB1B0EA9517FB99DF111BB14F0F5D143E4D83BCE25CAC05A561297C7B
RAW_GRID_T100_S020_GATE90_RAW_BOTH,raw_both,RAW_GRID_T100_S020_GATE90_RAW_BOTH|EURAUD|LONG|21,EURAUD,LONG,target,2022-01-11T23:05:00.000Z,2022-01-12T07:55:00.000Z,2022-01-10T00:00:00.000Z,1,0,0,0.02521,0.201729,-0.06,-0.033751,0.107978,-0.179172,0.098139,11,12,0.368056,0.2,,ABA47E5A3C3C33465D5D7820DC5651F0A799DFADAC4C05E87A1D55A344329AED
RAW_GRID_T100_S020_GATE90_RAW_BOTH,raw_both,RAW_GRID_T100_S020_GATE90_RAW_BOTH|EURAUD|SHORT|22,EURAUD,SHORT,target,2022-01-12T08:31:00.000Z,2022-01-12T09:27:00.000Z,2022-01-10T00:00:00.000Z,1,0,0,0.086377,0.692098,-0.06,0.000389,0.632487,-0.07918,0.086377,7,8,0.038889,0.2,,7898A4CE97440B90ABB6A2E375A26EDC621BC4C34489FF5F0D26397689777369
RAW_GRID_T100_S020_GATE90_RAW_BOTH,raw_both,RAW_GRID_T100_S020_GATE90_RAW_BOTH|EURAUD|LONG|23,EURAUD,LONG,target,2022-01-12T10:47:00.000Z,2022-01-12T12:10:00.000Z,2022-01-10T00:00:00.000Z,1,0,0,0.10632,0.850731,-0.06,-0.005285,0.785445,-0.036041,0.10632,12,13,0.057639,0.2,,04E379590E744A09A73E8E2B76902EBE51E4DD61CEC527E798C4602866ED833C
RAW_GRID_T100_S020_GATE90_RAW_BOTH,raw_both,RAW_GRID_T100_S020_GATE90_RAW_BOTH|EURAUD|LONG|24,EURAUD,LONG,target,2022-01-12T12:25:00.000Z,2022-01-12T13:13:00.000Z,2022-01-10T00:00:00.000Z,1,0,0,0.109939,0.879976,-0.06,-0.003057,0.816919,-0.043255,0.109939,13,14,0.033333,0.2,,85027951494861D8FDB6D2C90F277F84077E97ED0FCD666613757283AE03E813
RAW_GRID_T100_S020_GATE90_RAW_BOTH,raw_both,RAW_GRID_T100_S020_GATE90_RAW_BOTH|EURAUD|LONG|25,EURAUD,LONG,target,2022-01-12T13:25:00.000Z,2022-01-12T13:31:00.000Z,2022-01-10T00:00:00.000Z,1,0,0,0.108138,0.8663,-0.06,-0.000382,0.805918,0,0.108138,14,15,0.004167,0.2,,4371BD4871B6A1373F9FA2634A45E635ACDED71A5E1670BC50615DB1C7B09926
RAW_GRID_T100_S020_GATE90_RAW_BOTH,raw_both,RAW_GRID_T100_S020_GATE90_RAW_BOTH|EURAUD|LONG|26,EURAUD,LONG,session_flatten,2022-01-12T13:31:00.000Z,2022-01-12T21:00:00.000Z,2022-01-10T00:00:00.000Z,3,2,0,-0.503018,-4.067092,-0.18,-0.078964,-4.326056,-1.020161,0.172469,15,,0.311806,0.2,,6DB2ECD3AF49D07B9CE3E0E9B172F20E9617F3D1813088A3119D9C3E78BCC04F
RAW_GRID_T100_S020_GATE90_RAW_BOTH,raw_both,RAW_GRID_T100_S020_GATE90_RAW_BOTH|EURAUD|LONG|27,EURAUD,LONG,target,2022-01-12T23:13:00.000Z,2022-01-13T00:03:00.000Z,2022-01-10T00:00:00.000Z,1,0,0,0.103041,0.830196,-0.06,-0.003184,0.767012,-0.012654,0.103041,15,16,0.034722,0.2,,1C51BA22848892155C82A556C988B6AE9539BB753690C57F0A5769F1698B7CBE
RAW_GRID_T100_S020_GATE90_RAW_BOTH,raw_both,RAW_GRID_T100_S020_GATE90_RAW_BOTH|EURAUD|SHORT|28,EURAUD,SHORT,target,2022-01-13T01:48:00.000Z,2022-01-13T02:25:00.000Z,2022-01-10T00:00:00.000Z,1,0,0,0.12908,1.041295,-0.06,0.000257,0.981552,-0.021664,0.12908,8,9,0.025694,0.2,,8F813A824C532D5FF3DEAD1ED181959C88A7D1DF26D623DD3C8FA660BAFBFF71
RAW_GRID_T100_S020_GATE90_RAW_BOTH,raw_both,RAW_GRID_T100_S020_GATE90_RAW_BOTH|EURAUD|LONG|29,EURAUD,LONG,target,2022-01-13T03:35:00.000Z,2022-01-13T05:38:00.000Z,2022-01-10T00:00:00.000Z,1,0,0,0.082278,0.663044,-0.06,-0.007833,0.595212,-0.064195,0.085894,16,17,0.085417,0.2,,0EC84E20CBB54851A03BC84CFEA09FD7A2B6FBF71D38BCE165D50DA95E4FBC75
RAW_GRID_T100_S020_GATE90_RAW_BOTH,raw_both,RAW_GRID_T100_S020_GATE90_RAW_BOTH|EURAUD|LONG|30,EURAUD,LONG,target,2022-01-13T07:11:00.000Z,2022-01-13T07:35:00.000Z,2022-01-10T00:00:00.000Z,1,0,0,0.111233,0.897828,-0.06,-0.001528,0.836299,-0.009947,0.111233,17,18,0.016667,0.2,,D97EC83A16A5A8BFED0F521F9707852C3AF91BF7040DCEC1BFE62E03E9E07801
RAW_GRID_T100_S020_GATE90_RAW_BOTH,raw_both,RAW_GRID_T100_S020_GATE90_RAW_BOTH|EURAUD|LONG|31,EURAUD,LONG,target,2022-01-13T08:04:00.000Z,2022-01-13T08:37:00.000Z,2022-01-10T00:00:00.000Z,1,0,0,0.115778,0.935301,-0.06,-0.002101,0.873199,-0.023517,0.115778,18,19,0.022917,0.2,,A57AA70AA8AA491392E1D668BE4DBBB50CFE196C448868BA96ACD5B65781FCD4
RAW_GRID_T100_S020_GATE90_RAW_BOTH,raw_both,RAW_GRID_T100_S020_GATE90_RAW_BOTH|EURAUD|LONG|32,EURAUD,LONG,target,2022-01-13T08:48:00.000Z,2022-01-13T09:12:00.000Z,2022-01-10T00:00:00.000Z,1,0,0,0.100396,0.810372,-0.06,-0.001528,0.748843,-0.017184,0.100396,19,20,0.016667,0.2,,77C91F2DDD6BDD26AB3E0F810F5DFD8500BCC29998E2C64E1D91CA3B0E871586
RAW_GRID_T100_S020_GATE90_RAW_BOTH,raw_both,RAW_GRID_T100_S020_GATE90_RAW_BOTH|EURAUD|LONG|33,EURAUD,LONG,target,2022-01-13T09:55:00.000Z,2022-01-13T12:00:00.000Z,2022-01-10T00:00:00.000Z,1,0,0,0.094081,0.759329,-0.06,-0.00796,0.691368,-0.076893,0.094081,20,21,0.086806,0.2,,D3DFED025D74B37A04C3A8597CC441FE9077D121BB4508AD7DE608CEFADD2B60
RAW_GRID_T100_S020_GATE90_RAW_BOTH,raw_both,RAW_GRID_T100_S020_GATE90_RAW_BOTH|EURAUD|SHORT|34,EURAUD,SHORT,target,2022-01-13T13:01:00.000Z,2022-01-13T13:25:00.000Z,2022-01-10T00:00:00.000Z,1,0,0,0.104797,0.846661,-0.06,0.000167,0.786828,-0.036137,0.104797,9,10,0.016667,0.2,,DC6ACD4A8C64843F7460C7BE7E261A8216374B7E860F4FCBFAFE3320A7412838
RAW_GRID_T100_S020_GATE90_RAW_BOTH,raw_both,RAW_GRID_T100_S020_GATE90_RAW_BOTH|EURAUD|LONG|35,EURAUD,LONG,target,2022-01-13T13:49:00.000Z,2022-01-13T14:00:00.000Z,2022-01-10T00:00:00.000Z,1,0,0,0.101328,0.818354,-0.06,-0.0007,0.757654,-0.005428,0.101328,21,22,0.007639,0.2,,D037CF951DDF3F8360169CBE801D6C30FBC495540333ADC078547C0C57620600
RAW_GRID_T100_S020_GATE90_RAW_BOTH,raw_both,RAW_GRID_T100_S020_GATE90_RAW_BOTH|EURAUD|SHORT|36,EURAUD,SHORT,target,2022-01-13T15:19:00.000Z,2022-01-13T15:46:00.000Z,2022-01-10T00:00:00.000Z,1,0,0,0.121038,0.977261,-0.06,0.000188,0.917448,-0.004517,0.121038,10,11,0.01875,0.2,,D13253E1CCA01C8A3DF2183469CBA77975DEC39CC52837DEA0BDD170012827AC
RAW_GRID_T100_S020_GATE90_RAW_BOTH,raw_both,RAW_GRID_T100_S020_GATE90_RAW_BOTH|EURAUD|SHORT|37,EURAUD,SHORT,target,2022-01-13T15:51:00.000Z,2022-01-13T15:53:00.000Z,2022-01-10T00:00:00.000Z,1,0,0,0.111111,0.896598,-0.06,0.000014,0.836611,0,0.111111,11,12,0.001389,0.2,,918C3273BF4BDD08C9007A24C6A38BDC77A8505DB934B79941E58F7CE854E5AA
RAW_GRID_T100_S020_GATE90_RAW_BOTH,raw_both,RAW_GRID_T100_S020_GATE90_RAW_BOTH|EURAUD|SHORT|38,EURAUD,SHORT,target,2022-01-13T16:09:00.000Z,2022-01-13T16:37:00.000Z,2022-01-10T00:00:00.000Z,1,0,0,0.113814,0.920202,-0.06,0.000194,0.860396,-0.009936,0.113814,12,13,0.019444,0.2,,F009FE72A9968E8B69728489C3D1C5A102723D49CEF1E9447758421F6B6C4FA3
RAW_GRID_T100_S020_GATE90_RAW_BOTH,raw_both,RAW_GRID_T100_S020_GATE90_RAW_BOTH|EURAUD|SHORT|39,EURAUD,SHORT,session_flatten,2022-01-13T17:05:00.000Z,2022-01-13T21:00:00.000Z,2022-01-10T00:00:00.000Z,1,0,0,-0.245683,-1.978584,-0.06,0.001632,-2.036952,-0.261942,0.034324,13,,0.163194,0.2,,C5A949FE9120A9D62A4AC038DB4B6575D334DE00B1D9D7AA51B37EC6A1A241CF
RAW_GRID_T100_S020_GATE90_RAW_BOTH,raw_both,RAW_GRID_T100_S020_GATE90_RAW_BOTH|EURAUD|SHORT|40,EURAUD,SHORT,target,2022-01-13T23:05:00.000Z,2022-01-14T04:14:00.000Z,2022-01-10T00:00:00.000Z,3,2,0,0.052534,0.429515,-0.18,0.004319,0.253835,-0.704126,0.052534,13,14,0.214583,0.2,,704F7B5EFD628362BD2A2474532691035F71AC62582F1104B83EABDA1796FB51
RAW_GRID_T100_S020_GATE90_RAW_BOTH,raw_both,RAW_GRID_T100_S020_GATE90_RAW_BOTH|EURAUD|LONG|41,EURAUD,LONG,target,2022-01-14T06:02:00.000Z,2022-01-14T08:54:00.000Z,2022-01-10T00:00:00.000Z,1,0,0,0.077527,0.626343,-0.06,-0.010953,0.55539,-0.180294,0.084739,22,23,0.119444,0.2,,3A0A8192264AD2AA428E8D7A180D36A53D9068CE299380A0AF00C30C6E7AA485
RAW_GRID_T100_S020_GATE90_RAW_BOTH,raw_both,RAW_GRID_T100_S020_GATE90_RAW_BOTH|EURAUD|SHORT|42,EURAUD,SHORT,target,2022-01-14T10:32:00.000Z,2022-01-14T11:05:00.000Z,2022-01-10T00:00:00.000Z,1,0,0,0.117933,0.952503,-0.06,0.000229,0.892732,0,0.117933,14,15,0.022917,0.2,,F64D5B3ED06BF4DDA68F6F3105C7C9E4DE6C75BD6BE7B23BFFE90689B07758B0
RAW_GRID_T100_S020_GATE90_RAW_BOTH,raw_both,RAW_GRID_T100_S020_GATE90_RAW_BOTH|EURAUD|SHORT|43,EURAUD,SHORT,target,2022-01-14T11:57:00.000Z,2022-01-14T14:39:00.000Z,2022-01-10T00:00:00.000Z,3,2,0,0.269035,2.174047,-0.18,0.002396,1.996443,-0.691053,0.269035,15,16,0.1125,0.2,,192557593FDA6386C16117DF015819984A9A6B8800553BE07D4386B709E0A6EF
RAW_GRID_T100_S020_GATE90_RAW_BOTH,raw_both,RAW_GRID_T100_S020_GATE90_RAW_BOTH|EURAUD|LONG|44,EURAUD,LONG,target,2022-01-14T14:59:00.000Z,2022-01-14T15:02:00.000Z,2022-01-10T00:00:00.000Z,1,0,0,0.123285,0.993054,-0.06,-0.000191,0.932863,0,0.123285,23,24,0.002083,0.2,,2C60A698D8B3C4D375092AAAE33E817A640A63DB7C1785AB98FDAE6C6D0A0EBB
RAW_GRID_T100_S020_GATE90_RAW_BOTH,raw_both,RAW_GRID_T100_S020_GATE90_RAW_BOTH|EURAUD|LONG|45,EURAUD,LONG,target,2022-01-14T15:12:00.000Z,2022-01-14T15:27:00.000Z,2022-01-10T00:00:00.000Z,1,0,0,0.162007,1.30331,-0.06,-0.000955,1.242355,0,0.162007,24,25,0.010417,0.2,,01B71EA4F6E097BDEA10DC9B515F414B5598BD09B0D7B6C040E908ECB719F746
RAW_GRID_T100_S020_GATE90_RAW_BOTH,raw_both,RAW_GRID_T100_S020_GATE90_RAW_BOTH|EURCAD|LONG|1,EURCAD,LONG,target,2022-01-10T13:52:00.000Z,2022-01-10T14:36:00.000Z,2022-01-10T00:00:00.000Z,1,0,0,0.13009,0.946772,-0.06,-0.002802,0.88397,-0.043364,0.13009,0,1,0.030556,0.2,,92A615B8852BEA5597A2493B5A1E906B5EF16598148432C370553F41550284BF
RAW_GRID_T100_S020_GATE90_RAW_BOTH,raw_both,RAW_GRID_T100_S020_GATE90_RAW_BOTH|EURCAD|SHORT|2,EURCAD,SHORT,target,2022-01-10T14:50:00.000Z,2022-01-10T19:03:00.000Z,2022-01-10T00:00:00.000Z,4,3,0,0.024589,0.189309,-0.24,0.005361,-0.04533,-1.427338,0.073613,0,1,0.175694,0.2,,39DF80395FE63CD785B62198AD3BE00BB05F43C341036E37384769116CCA9FC8
RAW_GRID_T100_S020_GATE90_RAW_BOTH,raw_both,RAW_GRID_T100_S020_GATE90_RAW_BOTH|EURCAD|SHORT|3,EURCAD,SHORT,target,2022-01-10T20:23:00.000Z,2022-01-10T20:47:00.000Z,2022-01-10T00:00:00.000Z,1,0,0,0.08634,0.631149,-0.06,0.000167,0.571315,-0.015109,0.08634,1,2,0.016667,0.2,,8BF85D22EC9E030597E7CC94BAA257829227AED21C518C84A57ED4AC9EE5D949
RAW_GRID_T100_S020_GATE90_RAW_BOTH,raw_both,RAW_GRID_T100_S020_GATE90_RAW_BOTH|EURCAD|LONG|4,EURCAD,LONG,target,2022-01-10T23:57:00.000Z,2022-01-11T01:35:00.000Z,2022-01-10T00:00:00.000Z,1,0,0,0.1048,0.765963,-0.06,-0.006241,0.699722,-0.0551,0.1048,1,2,0.068056,0.2,,D850235F7EBA85BA91B65B948F990A203FF5DCA7B6D03F3EFAA77F069E59B478
RAW_GRID_T100_S020_GATE90_RAW_BOTH,raw_both,RAW_GRID_T100_S020_GATE90_RAW_BOTH|EURCAD|LONG|5,EURCAD,LONG,target,2022-01-11T02:18:00.000Z,2022-01-11T08:35:00.000Z,2022-01-10T00:00:00.000Z,1,0,0,0.022691,0.166007,-0.06,-0.024008,0.082,-0.171803,0.074557,2,3,0.261806,0.2,,31F3F9A57F289CAE01B2BEDEBD7AEEE7AC3F032D74B426C74F2BC89850BC1F98
RAW_GRID_T100_S020_GATE90_RAW_BOTH,raw_both,RAW_GRID_T100_S020_GATE90_RAW_BOTH|EURCAD|LONG|6,EURCAD,LONG,target,2022-01-11T09:04:00.000Z,2022-01-11T09:10:00.000Z,2022-01-10T00:00:00.000Z,1,0,0,0.107045,0.78302,-0.06,-0.000382,0.722638,0,0.107045,3,4,0.004167,0.2,,C9098FBBBE1BAF703BEFD417778F73B98D4CE483660F5B7898E37884AFB2E7F8
RAW_GRID_T100_S020_GATE90_RAW_BOTH,raw_both,RAW_GRID_T100_S020_GATE90_RAW_BOTH|EURCAD|LONG|7,EURCAD,LONG,target,2022-01-11T09:18:00.000Z,2022-01-11T11:35:00.000Z,2022-01-10T00:00:00.000Z,2,1,0,0.134347,0.980269,-0.12,-0.015665,0.844604,-0.233575,0.134347,4,5,0.095139,0.2,,520972CE402A72CA31D3171191C978103A5545B0B99ACB62F6B3BBB78E5B26CF
RAW_GRID_T100_S020_GATE90_RAW_BOTH,raw_both,RAW_GRID_T100_S020_GATE90_RAW_BOTH|EURCAD|LONG|8,EURCAD,LONG,target,2022-01-11T12:15:00.000Z,2022-01-11T12:48:00.000Z,2022-01-10T00:00:00.000Z,1,0,0,0.097419,0.711701,-0.06,-0.002101,0.6496,-0.034637,0.097419,5,6,0.022917,0.2,,C8179CEFE8A3153139AFD60A3359CF9B525A154D6B940B4C5051C49F0C5FB41E
RAW_GRID_T100_S020_GATE90_RAW_BOTH,raw_both,RAW_GRID_T100_S020_GATE90_RAW_BOTH|EURCAD|LONG|9,EURCAD,LONG,target,2022-01-11T12:58:00.000Z,2022-01-11T13:14:00.000Z,2022-01-10T00:00:00.000Z,1,0,0,0.0866,0.632769,-0.06,-0.001019,0.57175,-0.072528,0.0866,6,7,0.011111,0.2,,FDA31CB2EABF047AFDC971D7098D3D1D7C862CC8614CAD8AF7600E456FB4D4B1
RAW_GRID_T100_S020_GATE90_RAW_BOTH,raw_both,RAW_GRID_T100_S020_GATE90_RAW_BOTH|EURCAD|LONG|10,EURCAD,LONG,target,2022-01-11T13:28:00.000Z,2022-01-11T13:52:00.000Z,2022-01-10T00:00:00.000Z,1,0,0,0.140763,1.027263,-0.06,-0.001528,0.965735,-0.050891,0.140763,7,8,0.016667,0.2,,CC6F419A4086C8ADADF43400ED950F24D4B287FF4EAF54A2584049A6EB6A3973
RAW_GRID_T100_S020_GATE90_RAW_BOTH,raw_both,RAW_GRID_T100_S020_GATE90_RAW_BOTH|EURCAD|LONG|11,EURCAD,LONG,target,2022-01-11T14:03:00.000Z,2022-01-11T14:31:00.000Z,2022-01-10T00:00:00.000Z,1,0,0,0.111536,0.814127,-0.06,-0.001783,0.752344,-0.003249,0.111536,8,9,0.019444,0.2,,0BC2FE1C48CE14B5E4CFE419B2CA66EDAF7731CFD212A3EE36303BAD0F7D3594
RAW_GRID_T100_S020_GATE90_RAW_BOTH,raw_both,RAW_GRID_T100_S020_GATE90_RAW_BOTH|EURCAD|SHORT|12,EURCAD,SHORT,target,2022-01-11T14:44:00.000Z,2022-01-11T14:46:00.000Z,2022-01-10T00:00:00.000Z,1,0,0,0.176261,1.287847,-0.06,0.000014,1.227861,0,0.176261,2,3,0.001389,0.2,,F219355C4F33B8F672C5667403B1B070866B36A316D4DAB9636B3A535B4D0EC7
RAW_GRID_T100_S020_GATE90_RAW_BOTH,raw_both,RAW_GRID_T100_S020_GATE90_RAW_BOTH|EURCAD|LONG|13,EURCAD,LONG,target,2022-01-11T15:01:00.000Z,2022-01-11T15:49:00.000Z,2022-01-10T00:00:00.000Z,1,0,0,0.143006,1.045243,-0.06,-0.003057,0.982186,-0.117005,0.143006,9,10,0.033333,0.2,,EF95378B6C203D5F46DD5B6D1E8EACAB1F8636CB98683755302CE87802A53BB8
RAW_GRID_T100_S020_GATE90_RAW_BOTH,raw_both,RAW_GRID_T100_S020_GATE90_RAW_BOTH|EURCAD|LONG|14,EURCAD,LONG,session_flatten,2022-01-11T17:06:00.000Z,2022-01-11T21:00:00.000Z,2022-01-10T00:00:00.000Z,2,1,0,-0.133224,-0.977964,-0.12,-0.027319,-1.125283,-0.367412,0.066269,10,,0.1625,0.2,,93FA1F8E1FA1946C45A9285682E0507D204555384A1D8D3057AB1048DEF03821
RAW_GRID_T100_S020_GATE90_RAW_BOTH,raw_both,RAW_GRID_T100_S020_GATE90_RAW_BOTH|EURCAD|LONG|15,EURCAD,LONG,target,2022-01-11T23:05:00.000Z,2022-01-12T00:03:00.000Z,2022-01-10T00:00:00.000Z,1,0,0,0.106323,0.77915,-0.06,-0.003693,0.715456,-0.035803,0.106323,10,11,0.040278,0.2,,C978F0D2C66009E7E9E44C0B46A6F01433450743063B0542085A1BEB254B4162
RAW_GRID_T100_S020_GATE90_RAW_BOTH,raw_both,RAW_GRID_T100_S020_GATE90_RAW_BOTH|EURCAD|LONG|16,EURCAD,LONG,target,2022-01-12T00:34:00.000Z,2022-01-12T08:40:00.000Z,2022-01-10T00:00:00.000Z,2,1,0,0.007732,0.055696,-0.12,-0.054893,-0.119197,-0.357031,0.055498,11,12,0.3375,0.2,,98559F16E478A94FBD02A4D35E068BAF7500437A9EA9E2C014AB6A4C399B640E
RAW_GRID_T100_S020_GATE90_RAW_BOTH,raw_both,RAW_GRID_T100_S020_GATE90_RAW_BOTH|EURCAD|LONG|17,EURCAD,LONG,target,2022-01-12T09:04:00.000Z,2022-01-12T12:21:00.000Z,2022-01-10T00:00:00.000Z,2,1,0,0.198084,1.449668,-0.12,-0.019168,1.3105,-0.517505,0.198084,12,13,0.136806,0.2,,9AFF2B0CB776481E93FBFFC70F49568E218F8A4203BBFA0C2F31F19500DB0AD0
RAW_GRID_T100_S020_GATE90_RAW_BOTH,raw_both,RAW_GRID_T100_S020_GATE90_RAW_BOTH|EURCAD|LONG|18,EURCAD,LONG,target,2022-01-12T12:38:00.000Z,2022-01-12T12:43:00.000Z,2022-01-10T00:00:00.000Z,1,0,0,0.117477,0.86032,-0.06,-0.000318,0.800002,0,0.117477,13,14,0.003472,0.2,,97B97E08271625AEEFF35F0642006B44D7EE3E53C360BC97758F513728DBA2DF
RAW_GRID_T100_S020_GATE90_RAW_BOTH,raw_both,RAW_GRID_T100_S020_GATE90_RAW_BOTH|EURCAD|LONG|19,EURCAD,LONG,target,2022-01-12T12:50:00.000Z,2022-01-12T13:17:00.000Z,2022-01-10T00:00:00.000Z,1,0,0,0.102245,0.749321,-0.06,-0.001719,0.687601,-0.048947,0.102245,14,15,0.01875,0.2,,A47BADA6B5ADDBB9CEDF978343F8B647E55CBCF8DB3177E6CD989CBF4DB80A9A
RAW_GRID_T100_S020_GATE90_RAW_BOTH,raw_both,RAW_GRID_T100_S020_GATE90_RAW_BOTH|EURCAD|LONG|20,EURCAD,LONG,target,2022-01-12T13:22:00.000Z,2022-01-12T13:38:00.000Z,2022-01-10T00:00:00.000Z,1,0,0,0.10334,0.758626,-0.06,-0.001019,0.697607,-0.101165,0.10334,15,16,0.011111,0.2,,4B4B149FAF4AA108A75B2FC3E7AD9BC8A6851A559634BE6D45F1BEE00A9F9551
RAW_GRID_T100_S020_GATE90_RAW_BOTH,raw_both,RAW_GRID_T100_S020_GATE90_RAW_BOTH|EURCAD|SHORT|21,EURCAD,SHORT,target,2022-01-12T13:41:00.000Z,2022-01-12T15:54:00.000Z,2022-01-10T00:00:00.000Z,2,1,0,0.200517,1.478746,-0.12,0.001292,1.360038,-0.250831,0.239575,3,4,0.092361,0.2,,3429BFF268C2A93413ECC9DD7F5ABAFA321215F05DCFC2F027A2A7573227F196
RAW_GRID_T100_S020_GATE90_RAW_BOTH,raw_both,RAW_GRID_T100_S020_GATE90_RAW_BOTH|EURCAD|SHORT|22,EURCAD,SHORT,target,2022-01-12T16:08:00.000Z,2022-01-12T16:13:00.000Z,2022-01-10T00:00:00.000Z,1,0,0,0.133406,0.983626,-0.06,0.000035,0.923661,-0.018438,0.133406,4,5,0.003472,0.2,,B3ABAA6F6BC1D1E491EDB06A94342DE926F5F861A6A14C773F3CFC5E3D75E54E
RAW_GRID_T100_S020_GATE90_RAW_BOTH,raw_both,RAW_GRID_T100_S020_GATE90_RAW_BOTH|EURCAD|SHORT|23,EURCAD,SHORT,target,2022-01-12T16:18:00.000Z,2022-01-12T16:37:00.000Z,2022-01-10T00:00:00.000Z,1,0,0,0.108473,0.79977,-0.06,0.000132,0.739902,0,0.108473,5,6,0.013194,0.2,,E4E0648EAE3C4F21BFE4A3396D561EC3350D1891F400119E930866BAF7E07461
RAW_GRID_T100_S020_GATE90_RAW_BOTH,raw_both,RAW_GRID_T100_S020_GATE90_RAW_BOTH|EURCAD|SHORT|24,EURCAD,SHORT,session_flatten,2022-01-12T17:06:00.000Z,2022-01-12T21:00:00.000Z,2022-01-10T00:00:00.000Z,2,1,0,-0.27547,-2.031085,-0.12,0.002167,-2.148918,-0.310153,0.068334,6,,0.1625,0.2,,D4DF529C900B494CCC849508D4540613501BF1B6E891CD3501F0C68A1E8F93FC
RAW_GRID_T100_S020_GATE90_RAW_BOTH,raw_both,RAW_GRID_T100_S020_GATE90_RAW_BOTH|EURCAD|SHORT|25,EURCAD,SHORT,target,2022-01-12T23:08:00.000Z,2022-01-13T02:51:00.000Z,2022-01-10T00:00:00.000Z,1,0,0,0.071522,0.528121,-0.06,0.001549,0.46967,-0.058519,0.071522,6,7,0.154861,0.2,,099E045022A4C52E395BAF86BE744094C222BDD7365A979385D3C8AA5B2FD424
RAW_GRID_T100_S020_GATE90_RAW_BOTH,raw_both,RAW_GRID_T100_S020_GATE90_RAW_BOTH|EURCAD|SHORT|26,EURCAD,SHORT,target,2022-01-13T07:35:00.000Z,2022-01-13T08:23:00.000Z,2022-01-10T00:00:00.000Z,1,0,0,0.08991,0.665688,-0.06,0.000333,0.606021,-0.108324,0.08991,7,8,0.033333,0.2,,87C5A62468CA14699AC3CCDC9AC5C72974B82EC7FC5432F250E957B3A83F2C60
RAW_GRID_T100_S020_GATE90_RAW_BOTH,raw_both,RAW_GRID_T100_S020_GATE90_RAW_BOTH|EURCAD|SHORT|27,EURCAD,SHORT,target,2022-01-13T08:37:00.000Z,2022-01-13T10:29:00.000Z,2022-01-10T00:00:00.000Z,1,0,0,0.106122,0.78494,-0.06,0.000778,0.725718,-0.076885,0.106122,8,9,0.077778,0.2,,30BFF3C5B6A0DFAD5D0946EEF2F0736E914C0FF7376AC344E95D28C37D777C14
RAW_GRID_T100_S020_GATE90_RAW_BOTH,raw_both,RAW_GRID_T100_S020_GATE90_RAW_BOTH|EURCAD|LONG|28,EURCAD,LONG,target,2022-01-13T11:31:00.000Z,2022-01-13T12:34:00.000Z,2022-01-10T00:00:00.000Z,1,0,0,0.093241,0.859997,-0.06,-0.004012,0.795985,-0.057462,0.093241,16,17,0.04375,0.2,,B250033EFAFF4FEB0BE2CE7A6544EC2068A41BE5DFCE5B4569CE448398E67DDF
RAW_GRID_T100_S020_GATE90_RAW_BOTH,raw_both,RAW_GRID_T100_S020_GATE90_RAW_BOTH|EURCAD|LONG|29,EURCAD,LONG,target,2022-01-13T13:16:00.000Z,2022-01-13T15:07:00.000Z,2022-01-10T00:00:00.000Z,1,0,0,0.06615,0.489134,-0.06,-0.007069,0.422065,-0.109526,0.06615,17,18,0.077083,0.2,,F7E783EFE9A2B316880EB5D158BE1AFD946DBDDC5DA528161539A94759AB8CA8
RAW_GRID_T100_S020_GATE90_RAW_BOTH,raw_both,RAW_GRID_T100_S020_GATE90_RAW_BOTH|EURCAD|SHORT|30,EURCAD,SHORT,target,2022-01-13T16:02:00.000Z,2022-01-13T16:51:00.000Z,2022-01-10T00:00:00.000Z,1,0,0,0.101835,0.753308,-0.06,0.00034,0.693648,-0.169002,0.101835,9,10,0.034028,0.2,,5352881B986F173B6B279E6C696C0575F11E9D5C4642DFD2A302B14B3A083228
RAW_GRID_T100_S020_GATE90_RAW_BOTH,raw_both,RAW_GRID_T100_S020_GATE90_RAW_BOTH|EURCAD|SHORT|31,EURCAD,SHORT,target,2022-01-13T17:09:00.000Z,2022-01-13T18:59:00.000Z,2022-01-10T00:00:00.000Z,1,0,0,0.067154,0.496438,-0.06,0.000764,0.437202,-0.123478,0.067154,10,11,0.076389,0.2,,5C5BF0D8A56971AB47D4CD6E47DEDF625C2C037BD809CCC0E28A5DB0181025B5
RAW_GRID_T100_S020_GATE90_RAW_BOTH,raw_both,RAW_GRID_T100_S020_GATE90_RAW_BOTH|EURCAD|SHORT|32,EURCAD,SHORT,target,2022-01-13T19:34:00.000Z,2022-01-13T20:00:00.000Z,2022-01-10T00:00:00.000Z,1,0,0,0.099606,0.736712,-0.06,0.000181,0.676893,-0.034645,0.099606,11,12,0.018056,0.2,,F9C6035A99DD8A57530512809D9A56906D207B7406089E2A68008547AD3C94ED
RAW_GRID_T100_S020_GATE90_RAW_BOTH,raw_both,RAW_GRID_T100_S020_GATE90_RAW_BOTH|EURCAD|SHORT|33,EURCAD,SHORT,session_flatten,2022-01-13T20:23:00.000Z,2022-01-13T21:00:00.000Z,2022-01-10T00:00:00.000Z,1,0,0,-0.14507,-1.070371,-0.06,0.000257,-1.130114,-0.151566,0.019487,12,,0.025694,0.2,,5C163FB2F2B0482693E3B6D7255BECABD2D09FC2F96A24A2BAF1512F2FBF167C
RAW_GRID_T100_S020_GATE90_RAW_BOTH,raw_both,RAW_GRID_T100_S020_GATE90_RAW_BOTH|EURCAD|SHORT|34,EURCAD,SHORT,target,2022-01-13T23:05:00.000Z,2022-01-14T06:01:00.000Z,2022-01-10T00:00:00.000Z,2,1,0,0.132826,0.9848,-0.12,0.004833,0.869634,-0.338526,0.132826,12,13,0.288889,0.2,,411866AE4FB65F319D36814C37DB245A8B41D32B12E577A56F69DBF2F3A16C91
RAW_GRID_T100_S020_GATE90_RAW_BOTH,raw_both,RAW_GRID_T100_S020_GATE90_RAW_BOTH|EURCAD|LONG|35,EURCAD,LONG,target,2022-01-14T06:49:00.000Z,2022-01-14T07:34:00.000Z,2022-01-10T00:00:00.000Z,1,0,0,0.123381,0.911639,-0.06,-0.002866,0.848773,-0.067102,0.123381,18,19,0.03125,0.2,,8CC0D48F528DEA0629557F13680BE70874DAAEDDBDB9B3E2696887FCA8F6C74A
RAW_GRID_T100_S020_GATE90_RAW_BOTH,raw_both,RAW_GRID_T100_S020_GATE90_RAW_BOTH|EURCAD|LONG|36,EURCAD,LONG,target,2022-01-14T07:49:00.000Z,2022-01-14T12:28:00.000Z,2022-01-10T00:00:00.000Z,2,1,0,0.010982,0.079935,-0.12,-0.031777,-0.071842,-0.543531,0.097405,19,20,0.19375,0.2,,43C6FB4CE9AA6902161ED216AA9521042F2592D6566F6ED22509ABBADAB38D38
RAW_GRID_T100_S020_GATE90_RAW_BOTH,raw_both,RAW_GRID_T100_S020_GATE90_RAW_BOTH|EURCAD|SHORT|37,EURCAD,SHORT,target,2022-01-14T12:40:00.000Z,2022-01-14T14:23:00.000Z,2022-01-10T00:00:00.000Z,1,0,0,0.07468,0.550979,-0.06,0.000715,0.491695,-0.159101,0.108232,13,14,0.071528,0.2,,F10CE364D963045579D599DA538E51083281875149E50C673C8D9065700FBCCC
RAW_GRID_T100_S020_GATE90_RAW_BOTH,raw_both,RAW_GRID_T100_S020_GATE90_RAW_BOTH|EURCAD|LONG|38,EURCAD,LONG,target,2022-01-14T14:39:00.000Z,2022-01-14T14:42:00.000Z,2022-01-10T00:00:00.000Z,1,0,0,0.110516,0.814934,-0.06,-0.000191,0.754743,0,0.110516,20,21,0.002083,0.2,,2D9BCAFE7D94DCAF07B6F2EAD5EAE674E9A365848CF8AA4908E7587B8DCEDC5F
RAW_GRID_T100_S020_GATE90_RAW_BOTH,raw_both,RAW_GRID_T100_S020_GATE90_RAW_BOTH|EURCAD|SHORT|39,EURCAD,SHORT,target,2022-01-14T14:53:00.000Z,2022-01-14T14:56:00.000Z,2022-01-10T00:00:00.000Z,1,0,0,0.112522,0.830769,-0.06,0.000021,0.770789,0,0.112522,14,15,0.002083,0.2,,7A3307C44C23D6255B3B9469DFE573DE50ADDDB3796F03CC7640290A18B8E000
RAW_GRID_T100_S020_GATE90_RAW_BOTH,raw_both,RAW_GRID_T100_S020_GATE90_RAW_BOTH|EURCAD|LONG|40,EURCAD,LONG,target,2022-01-14T14:59:00.000Z,2022-01-14T15:07:00.000Z,2022-01-10T00:00:00.000Z,1,0,0,0.1181,0.869982,-0.06,-0.000509,0.809473,-0.024921,0.1181,21,22,0.005556,0.2,,790573AD75DEB703C1C690EC112BCB04EF7316399CD0A19AEEA58F89AF454241
RAW_GRID_T100_S020_GATE90_RAW_BOTH,raw_both,RAW_GRID_T100_S020_GATE90_RAW_BOTH|EURCAD|LONG|41,EURCAD,LONG,target,2022-01-14T15:12:00.000Z,2022-01-14T15:27:00.000Z,2022-01-10T00:00:00.000Z,1,0,0,0.195103,1.43592,-0.06,-0.000955,1.374965,-0.017343,0.195103,22,23,0.010417,0.2,,85549F5013B85C2C3980AB59AFD9F9DDB97A1F2AEB4D117768D4CFA4B838EBCD
RAW_GRID_T100_S020_GATE90_RAW_BOTH,raw_both,RAW_GRID_T100_S020_GATE90_RAW_BOTH|EURCAD|LONG|42,EURCAD,LONG,target,2022-01-14T15:35:00.000Z,2022-01-14T15:38:00.000Z,2022-01-10T00:00:00.000Z,1,0,0,0.132215,0.973825,-0.06,-0.000191,0.913634,0,0.132215,23,24,0.002083,0.2,,1401FD2ACFA3EE07B9A1B21CB046494392BE5A6246AAA2219E49D912331EBFAF
RAW_GRID_T100_S020_GATE90_RAW_BOTH,raw_both,RAW_GRID_T100_S020_GATE90_RAW_BOTH|EURCHF|SHORT|1,EURCHF,SHORT,session_flatten,2022-01-10T13:13:00.000Z,2022-01-10T21:00:00.000Z,2022-01-10T00:00:00.000Z,7,6,0,-4.503073,-22.219363,-0.42,0.015326,-22.624037,-4.579495,0.052427,0,,0.324306,0.2,,87DD8F94AAFA7078650162B46D0E86456DF62B979456EB82ABA1DF98E55ED547
RAW_GRID_T100_S020_GATE90_RAW_BOTH,raw_both,RAW_GRID_T100_S020_GATE90_RAW_BOTH|EURCHF|SHORT|2,EURCHF,SHORT,target,2022-01-10T23:05:00.000Z,2022-01-11T06:52:00.000Z,2022-01-10T00:00:00.000Z,1,0,0,0.108848,0.539657,-0.06,0.003243,0.4829,-0.15892,0.108848,0,1,0.324306,0.2,,01FE8AF8EA3B81387F2D3A7F1A7F8DB02CDA6D7B3A3AD27C3B48F05C8F3BE23D
RAW_GRID_T100_S020_GATE90_RAW_BOTH,raw_both,RAW_GRID_T100_S020_GATE90_RAW_BOTH|EURCHF|LONG|3,EURCHF,LONG,target,2022-01-11T07:39:00.000Z,2022-01-11T08:06:00.000Z,2022-01-10T00:00:00.000Z,1,0,0,0.117663,0.583707,-0.06,-0.001719,0.521987,-0.047937,0.117663,0,1,0.01875,0.2,,AD31EC25E1A825F2F9567206BC5FECFED178E5CB89E0776715515B0D653A2902
RAW_GRID_T100_S020_GATE90_RAW_BOTH,raw_both,RAW_GRID_T100_S020_GATE90_RAW_BOTH|EURCHF|LONG|4,EURCHF,LONG,target,2022-01-11T08:07:00.000Z,2022-01-11T08:18:00.000Z,2022-01-10T00:00:00.000Z,1,0,0,0.178675,0.885892,-0.06,-0.0007,0.825191,-0.017432,0.178675,1,2,0.007639,0.2,,D9A78F4CAF418D254B653BFE9297797645397C447416506795A6C9361C16AC55
RAW_GRID_T100_S020_GATE90_RAW_BOTH,raw_both,RAW_GRID_T100_S020_GATE90_RAW_BOTH|EURCHF|SHORT|5,EURCHF,SHORT,target,2022-01-11T08:26:00.000Z,2022-01-11T08:34:00.000Z,2022-01-10T00:00:00.000Z,1,0,0,0.097953,0.486161,-0.06,0.000056,0.426217,-0.037004,0.097953,1,2,0.005556,0.2,,BEEDEB16A8EE4351538B847D783C8604024B0B0D01B071DFDE05767C9F411327
RAW_GRID_T100_S020_GATE90_RAW_BOTH,raw_both,RAW_GRID_T100_S020_GATE90_RAW_BOTH|EURCHF|LONG|6,EURCHF,LONG,target,2022-01-11T08:43:00.000Z,2022-01-11T09:07:00.000Z,2022-01-10T00:00:00.000Z,1,0,0,0.15906,0.788977,-0.06,-0.001528,0.727449,-0.037041,0.15906,2,3,0.016667,0.2,,59E05EA839C290DC36F6E4281966CDF26DBC6145DA542A58A2CE278E00F596FF
RAW_GRID_T100_S020_GATE90_RAW_BOTH,raw_both,RAW_GRID_T100_S020_GATE90_RAW_BOTH|EURCHF|LONG|7,EURCHF,LONG,target,2022-01-11T09:16:00.000Z,2022-01-11T09:38:00.000Z,2022-01-10T00:00:00.000Z,1,0,0,0.128566,0.63748,-0.06,-0.001401,0.576079,-0.080625,0.128566,3,4,0.015278,0.2,,CFA4C0005EAA992BE1ED4155F7FCAD7844C90A438A2624C97D8538452F810641
RAW_GRID_T100_S020_GATE90_RAW_BOTH,raw_both,RAW_GRID_T100_S020_GATE90_RAW_BOTH|EURCHF|LONG|8,EURCHF,LONG,target,2022-01-11T09:43:00.000Z,2022-01-11T10:00:00.000Z,2022-01-10T00:00:00.000Z,1,0,0,0.095884,0.475038,-0.06,-0.001083,0.413955,-0.08063,0.095884,4,5,0.011806,0.2,,0A2DE53D3C6FEB6B5DC538023C2B82A2000FA7ADA0C669BFB787BFA37C33EE4B
RAW_GRID_T100_S020_GATE90_RAW_BOTH,raw_both,RAW_GRID_T100_S020_GATE90_RAW_BOTH|EURCHF|SHORT|9,EURCHF,SHORT,target,2022-01-11T10:11:00.000Z,2022-01-11T10:17:00.000Z,2022-01-10T00:00:00.000Z,1,0,0,0.145877,0.723391,-0.06,0.000042,0.663433,0,0.145877,2,3,0.004167,0.2,,451EB6FC868F4D1BDE4639802DA896AF7B376A71F06D6CAFB3215C420E5B079E
RAW_GRID_T100_S020_GATE90_RAW_BOTH,raw_both,RAW_GRID_T100_S020_GATE90_RAW_BOTH|EURCHF|SHORT|10,EURCHF,SHORT,target,2022-01-11T10:23:00.000Z,2022-01-11T10:27:00.000Z,2022-01-10T00:00:00.000Z,1,0,0,0.104517,0.518062,-0.06,0.000028,0.45809,0,0.104517,3,4,0.002778,0.2,,865F28C9C910B957C3C457E5B72C56A35302A217D02C560B0E9BE8C2BBB32C63
RAW_GRID_T100_S020_GATE90_RAW_BOTH,raw_both,RAW_GRID_T100_S020_GATE90_RAW_BOTH|EURCHF|SHORT|11,EURCHF,SHORT,target,2022-01-11T11:36:00.000Z,2022-01-11T14:10:00.000Z,2022-01-10T00:00:00.000Z,1,0,0,0.082744,0.409889,-0.06,0.001069,0.350959,-0.126293,0.082744,4,5,0.106944,0.2,,685EEDA96F422473EBC88EE5BD3D93F12A09440EAE1593671D3ECB8692DC6EF6
RAW_GRID_T100_S020_GATE90_RAW_BOTH,raw_both,RAW_GRID_T100_S020_GATE90_RAW_BOTH|EURCHF|LONG|12,EURCHF,LONG,target,2022-01-11T15:02:00.000Z,2022-01-11T15:44:00.000Z,2022-01-10T00:00:00.000Z,1,0,0,0.122057,0.604846,-0.06,-0.002675,0.542171,-0.039233,0.122057,5,6,0.029167,0.2,,73049A3BBA4C27CBC18D1E3566C554F800D32E366EC15C05128E33D1111ED7A5
RAW_GRID_T100_S020_GATE90_RAW_BOTH,raw_both,RAW_GRID_T100_S020_GATE90_RAW_BOTH|EURCHF|LONG|13,EURCHF,LONG,target,2022-01-11T15:58:00.000Z,2022-01-11T16:12:00.000Z,2022-01-10T00:00:00.000Z,1,0,0,0.111157,0.551708,-0.06,-0.000892,0.490817,-0.013077,0.111157,6,7,0.009722,0.2,,241A3C76CA44EA98F171B5E679F3F80976906A6B2BD1D7938451418DF5E350B4
RAW_GRID_T100_S020_GATE90_RAW_BOTH,raw_both,RAW_GRID_T100_S020_GATE90_RAW_BOTH|EURCHF|SHORT|14,EURCHF,SHORT,target,2022-01-11T17:33:00.000Z,2022-01-11T20:49:00.000Z,2022-01-10T00:00:00.000Z,1,0,0,0.095811,0.476385,-0.06,0.001361,0.417746,-0.043551,0.095811,5,6,0.136111,0.2,,3AB240C08650D08238F6F74083074509350716C289D0F02B5D73DAE2D661DF26
RAW_GRID_T100_S020_GATE90_RAW_BOTH,raw_both,RAW_GRID_T100_S020_GATE90_RAW_BOTH|EURCHF|SHORT|15,EURCHF,SHORT,target,2022-01-12T04:33:00.000Z,2022-01-12T07:22:00.000Z,2022-01-10T00:00:00.000Z,1,0,0,0.093622,0.465386,-0.06,0.001174,0.406559,-0.069673,0.093622,6,7,0.117361,0.2,,AF8A0DEAAFF426704806BED9DD87470726C8DCC351EED37C724408C364EAA33E
RAW_GRID_T100_S020_GATE90_RAW_BOTH,raw_both,RAW_GRID_T100_S020_GATE90_RAW_BOTH|EURCHF|LONG|16,EURCHF,LONG,target,2022-01-12T09:55:00.000Z,2022-01-12T13:33:00.000Z,2022-01-10T00:00:00.000Z,2,1,0,0.235577,1.171157,-0.12,-0.026555,1.024603,-0.244072,0.244297,7,8,0.151389,0.2,,EE962543A72299400BBD2EBD4F543141867BC64C0ED31B5713E5B1FDACB41925
RAW_GRID_T100_S020_GATE90_RAW_BOTH,raw_both,RAW_GRID_T100_S020_GATE90_RAW_BOTH|EURCHF|LONG|17,EURCHF,LONG,target,2022-01-12T13:35:00.000Z,2022-01-12T13:39:00.000Z,2022-01-10T00:00:00.000Z,1,0,0,0.056686,0.282397,-0.06,-0.000255,0.222142,-0.143894,0.056686,8,9,0.002778,0.2,,A1BC1E01ED9527FA34562A4E8E60B48CB7D566071B3DD15BA587C2C489209B17
RAW_GRID_T100_S020_GATE90_RAW_BOTH,raw_both,RAW_GRID_T100_S020_GATE90_RAW_BOTH|EURCHF|LONG|18,EURCHF,LONG,target,2022-01-12T13:42:00.000Z,2022-01-12T14:10:00.000Z,2022-01-10T00:00:00.000Z,1,0,0,0.11122,0.554347,-0.06,-0.001783,0.492564,-0.045796,0.11122,9,10,0.019444,0.2,,968261211FA57EE737ECB64AF14B9A62FD5823224F3403C7592BB9703A6FC67B
RAW_GRID_T100_S020_GATE90_RAW_BOTH,raw_both,RAW_GRID_T100_S020_GATE90_RAW_BOTH|EURCHF|LONG|19,EURCHF,LONG,target,2022-01-12T14:40:00.000Z,2022-01-12T14:49:00.000Z,2022-01-10T00:00:00.000Z,1,0,0,0.113417,0.565901,-0.06,-0.000573,0.505328,0,0.113417,10,11,0.00625,0.2,,6ECC2581D9584FB8B4F4C04CAF7692643680C87818B6CCF61972A1CF91FC7172
RAW_GRID_T100_S020_GATE90_RAW_BOTH,raw_both,RAW_GRID_T100_S020_GATE90_RAW_BOTH|EURCHF|LONG|20,EURCHF,LONG,target,2022-01-12T15:08:00.000Z,2022-01-12T19:29:00.000Z,2022-01-10T00:00:00.000Z,6,5,0,0.002974,-0.00001,-0.36,-0.083804,-0.443814,-2.935199,0.047987,11,12,0.18125,0.2,,F27CAAD13F83B958311F96104815774E3478B77472BEC3115AE8AAAF3FCD8893
RAW_GRID_T100_S020_GATE90_RAW_BOTH,raw_both,RAW_GRID_T100_S020_GATE90_RAW_BOTH|EURCHF|SHORT|21,EURCHF,SHORT,session_flatten,2022-01-12T19:23:00.000Z,2022-01-12T21:00:00.000Z,2022-01-10T00:00:00.000Z,1,0,0,-0.085267,-0.426763,-0.06,0.000674,-0.486089,-0.111502,0.054658,7,,0.067361,0.2,,58C057F3A9012920C9A60535AE7DEAB8FCB809D757CD4F3012F95AE392033CE6
RAW_GRID_T100_S020_GATE90_RAW_BOTH,raw_both,RAW_GRID_T100_S020_GATE90_RAW_BOTH|EURCHF|SHORT|22,EURCHF,SHORT,target,2022-01-12T23:05:00.000Z,2022-01-13T07:15:00.000Z,2022-01-10T00:00:00.000Z,1,0,0,0.030608,0.153153,-0.06,0.003403,0.096556,-0.188018,0.039353,7,8,0.340278,0.2,,7D431CE6D5FA6D443CF56F5147C76DFA400EBF559022E9ADC99C839E51775B54
RAW_GRID_T100_S020_GATE90_RAW_BOTH,raw_both,RAW_GRID_T100_S020_GATE90_RAW_BOTH|EURCHF|SHORT|23,EURCHF,SHORT,target,2022-01-13T07:35:00.000Z,2022-01-13T07:45:00.000Z,2022-01-10T00:00:00.000Z,1,0,0,0.148587,0.745261,-0.06,0.000069,0.685331,0,0.148587,8,9,0.006944,0.2,,025D2931B48EC6412D4576FA8F695787499B16BDF4742993C23F85985C2A9DB7
RAW_GRID_T100_S020_GATE90_RAW_BOTH,raw_both,RAW_GRID_T100_S020_GATE90_RAW_BOTH|EURCHF|SHORT|24,EURCHF,SHORT,target,2022-01-13T08:13:00.000Z,2022-01-13T09:29:00.000Z,2022-01-10T00:00:00.000Z,3,2,0,0.438404,2.201096,-0.18,0.000889,2.021985,-0.786206,0.438404,9,10,0.052778,0.2,,215217D7875DB3E088E8084DA48EA1FF527CA59F69EE4BF39E788F338738CFEE
RAW_GRID_T100_S020_GATE90_RAW_BOTH,raw_both,RAW_GRID_T100_S020_GATE90_RAW_BOTH|EURCHF|SHORT|26,EURCHF,SHORT,target,2022-01-13T19:08:00.000Z,2022-01-13T19:29:00.000Z,2022-01-10T00:00:00.000Z,1,0,0,0.111691,0.560037,-0.06,0.000146,0.500183,0,0.111691,10,11,0.014583,0.2,,58E0D68F42D44E2184061F25A8E7FA150D4DAC09B5B2835396A99734924FABFD
RAW_GRID_T100_S020_GATE90_RAW_BOTH,raw_both,RAW_GRID_T100_S020_GATE90_RAW_BOTH|EURCHF|LONG|25,EURCHF,LONG,session_flatten,2022-01-13T09:46:00.000Z,2022-01-13T21:00:00.000Z,2022-01-10T00:00:00.000Z,5,4,0,-1.136373,-5.705378,-0.3,-0.160921,-6.166299,-2.471528,0.078655,12,,0.468056,0.2,,791B9531C8C1AC53BA8DE93FE7F8661555AAB8CDB75F1E23A86215CDB21C721A
RAW_GRID_T100_S020_GATE90_RAW_BOTH,raw_both,RAW_GRID_T100_S020_GATE90_RAW_BOTH|EURCHF|SHORT|27,EURCHF,SHORT,target,2022-01-14T01:07:00.000Z,2022-01-14T02:37:00.000Z,2022-01-10T00:00:00.000Z,1,0,0,0.074464,0.373462,-0.06,0.000625,0.314087,-0.100746,0.074464,11,12,0.0625,0.2,,6C1EC6692F894311184076FAC21EA33EC828E2C2D76B9B112CAF92AEAF585757
RAW_GRID_T100_S020_GATE90_RAW_BOTH,raw_both,RAW_GRID_T100_S020_GATE90_RAW_BOTH|EURCHF|SHORT|28,EURCHF,SHORT,target,2022-01-14T03:17:00.000Z,2022-01-14T06:34:00.000Z,2022-01-10T00:00:00.000Z,1,0,0,0.098525,0.494707,-0.06,0.001368,0.436075,-0.074441,0.098525,12,13,0.136806,0.2,,3F2B08C75A756C1E51C6FE661FCF798ACD26D2920BC2E91543B870F7AC373252
RAW_GRID_T100_S020_GATE90_RAW_BOTH,raw_both,RAW_GRID_T100_S020_GATE90_RAW_BOTH|EURCHF|SHORT|29,EURCHF,SHORT,target,2022-01-14T06:49:00.000Z,2022-01-14T07:01:00.000Z,2022-01-10T00:00:00.000Z,1,0,0,0.111654,0.560192,-0.06,0.000083,0.500276,-0.015325,0.111654,13,14,0.008333,0.2,,4DC8A4A0E3F8F1F8C636E3D8544886B56793D296BE904F08A7E8A348F54DF791
RAW_GRID_T100_S020_GATE90_RAW_BOTH,raw_both,RAW_GRID_T100_S020_GATE90_RAW_BOTH|EURCHF|LONG|30,EURCHF,LONG,target,2022-01-14T07:35:00.000Z,2022-01-14T08:25:00.000Z,2022-01-10T00:00:00.000Z,1,0,0,0.116138,0.582464,-0.06,-0.003184,0.51928,-0.076695,0.116138,12,13,0.034722,0.2,,50AC1E15CD304C890E797E11E0C55DB676AA7EC30A2F51A6DDD794B97A12C277
RAW_GRID_T100_S020_GATE90_RAW_BOTH,raw_both,RAW_GRID_T100_S020_GATE90_RAW_BOTH|EURCHF|SHORT|31,EURCHF,SHORT,target,2022-01-14T08:43:00.000Z,2022-01-14T08:51:00.000Z,2022-01-10T00:00:00.000Z,1,0,0,0.087578,0.439448,-0.06,0.000056,0.379503,-0.078819,0.087578,14,15,0.005556,0.2,,F13717E5BAF36E756E0AB175C60D8E8B51D925CB8AB0CFAA1F4A71ADAAB38CC4
RAW_GRID_T100_S020_GATE90_RAW_BOTH,raw_both,RAW_GRID_T100_S020_GATE90_RAW_BOTH|EURCHF|LONG|32,EURCHF,LONG,target,2022-01-14T08:57:00.000Z,2022-01-14T10:17:00.000Z,2022-01-10T00:00:00.000Z,1,0,0,0.096421,0.483069,-0.06,-0.005094,0.417975,-0.098613,0.102995,13,14,0.055556,0.2,,41BCB041F094B2A6E5204585A0D64DE7765A24252744411455C1A79378E07A98
RAW_GRID_T100_S020_GATE90_RAW_BOTH,raw_both,RAW_GRID_T100_S020_GATE90_RAW_BOTH|EURCHF|SHORT|33,EURCHF,SHORT,target,2022-01-14T10:26:00.000Z,2022-01-14T11:05:00.000Z,2022-01-10T00:00:00.000Z,1,0,0,0.10291,0.515841,-0.06,0.000271,0.456111,-0.072255,0.10291,15,16,0.027083,0.2,,4B8B0EE7392626261729B772BFD0F9C40D172E661B74B202DCD30CA6A523CBD6
RAW_GRID_T100_S020_GATE90_RAW_BOTH,raw_both,RAW_GRID_T100_S020_GATE90_RAW_BOTH|EURCHF|LONG|34,EURCHF,LONG,target,2022-01-14T11:50:00.000Z,2022-01-14T11:59:00.000Z,2022-01-10T00:00:00.000Z,1,0,0,0.103001,0.515716,-0.06,-0.000573,0.455143,-0.006574,0.103001,14,15,0.00625,0.2,,DF63AFA2FB070C924613E93B916EC981636D59189AFE4330D80420613B0C5612
RAW_GRID_T100_S020_GATE90_RAW_BOTH,raw_both,RAW_GRID_T100_S020_GATE90_RAW_BOTH|EURGBP|LONG|1,EURGBP,LONG,target,2022-01-10T13:42:00.000Z,2022-01-10T13:43:00.000Z,2022-01-10T00:00:00.000Z,1,0,0,0.113429,0.569461,-0.06,-0.000064,0.509398,0,0.113429,0,1,0.000694,0.2,,D77FB9218AB8504ADB7884105B198450088B1625C726D6A5219DD66113CB7008
RAW_GRID_T100_S020_GATE90_RAW_BOTH,raw_both,RAW_GRID_T100_S020_GATE90_RAW_BOTH|EURGBP|LONG|2,EURGBP,LONG,target,2022-01-10T13:44:00.000Z,2022-01-10T14:22:00.000Z,2022-01-10T00:00:00.000Z,1,0,0,0.091826,0.460308,-0.06,-0.00242,0.397888,-0.083722,0.091826,1,2,0.026389,0.2,,338FE29DE985528F973FBAB2BE96121DD42F9E0CCC1B4B6ACAE50B8A28EA4550
RAW_GRID_T100_S020_GATE90_RAW_BOTH,raw_both,RAW_GRID_T100_S020_GATE90_RAW_BOTH|EURGBP|SHORT|3,EURGBP,SHORT,target,2022-01-10T14:49:00.000Z,2022-01-10T18:21:00.000Z,2022-01-10T00:00:00.000Z,2,1,0,0.018789,0.094983,-0.12,0.002688,-0.022329,-0.596186,0.094313,0,1,0.147222,0.2,,E9AE864178BA3C794AE4F70969324C490B3C8EC7DD86AA424E78CB96DC7D433B
RAW_GRID_T100_S020_GATE90_RAW_BOTH,raw_both,RAW_GRID_T100_S020_GATE90_RAW_BOTH|EURGBP|LONG|4,EURGBP,LONG,target,2022-01-10T18:51:00.000Z,2022-01-10T19:52:00.000Z,2022-01-10T00:00:00.000Z,1,0,0,0.134919,0.678188,-0.06,-0.003885,0.614304,-0.024285,0.134919,2,3,0.042361,0.2,,045C58BFB9D6897CF0133C68BFE22170B0B9E4BC6D0DC76B32761120EF21A9ED
RAW_GRID_T100_S020_GATE90_RAW_BOTH,raw_both,RAW_GRID_T100_S020_GATE90_RAW_BOTH|EURGBP|LONG|5,EURGBP,LONG,session_flatten,2022-01-10T20:00:00.000Z,2022-01-10T21:00:00.000Z,2022-01-10T00:00:00.000Z,1,0,0,-0.048564,-0.244436,-0.06,-0.003821,-0.308257,-0.05396,0.053959,3,,0.041667,0.2,,97F6987E09A7BFDCA9771D31C06512FD6C7CAFE52DBB8F8DFF18ED224B4B8D0F
RAW_GRID_T100_S020_GATE90_RAW_BOTH,raw_both,RAW_GRID_T100_S020_GATE90_RAW_BOTH|EURGBP|LONG|6,EURGBP,LONG,target,2022-01-10T23:05:00.000Z,2022-01-11T01:27:00.000Z,2022-01-10T00:00:00.000Z,1,0,0,0.116032,0.5841,-0.06,-0.009043,0.515057,-0.021587,0.116032,3,4,0.098611,0.2,,73C728D78BF86B01CD8B327DCB758CDD1E5772FF21E5A29EC7C29962CDB70F8D
RAW_GRID_T100_S020_GATE90_RAW_BOTH,raw_both,RAW_GRID_T100_S020_GATE90_RAW_BOTH|EURGBP|LONG|7,EURGBP,LONG,target,2022-01-11T03:16:00.000Z,2022-01-11T06:33:00.000Z,2022-01-10T00:00:00.000Z,1,0,0,0.075557,0.380571,-0.06,-0.012545,0.308026,-0.072859,0.075557,4,5,0.136806,0.2,,862D7F67A119AB31DA6985378174702DBF6EA2D5428C5A418178EB3B446E4E58
RAW_GRID_T100_S020_GATE90_RAW_BOTH,raw_both,RAW_GRID_T100_S020_GATE90_RAW_BOTH|EURGBP|LONG|8,EURGBP,LONG,target,2022-01-11T07:44:00.000Z,2022-01-11T11:06:00.000Z,2022-01-10T00:00:00.000Z,3,2,0,0.167935,0.842912,-0.18,-0.029229,0.633683,-0.666912,0.213432,5,6,0.140278,0.2,,72492DE293CAF4FB453663750C331419A2837B2BEA1FF1B811D714168D59A343
RAW_GRID_T100_S020_GATE90_RAW_BOTH,raw_both,RAW_GRID_T100_S020_GATE90_RAW_BOTH|EURGBP|SHORT|9,EURGBP,SHORT,target,2022-01-11T11:31:00.000Z,2022-01-11T14:21:00.000Z,2022-01-10T00:00:00.000Z,2,1,0,0.124033,0.624626,-0.12,0.002188,0.506814,-0.399479,0.145621,1,2,0.118056,0.2,,D96B836C549869C825688BA32DD0823276C0A84A2B44F4F1449118C4F7E3DB75
RAW_GRID_T100_S020_GATE90_RAW_BOTH,raw_both,RAW_GRID_T100_S020_GATE90_RAW_BOTH|EURGBP|SHORT|10,EURGBP,SHORT,target,2022-01-11T14:36:00.000Z,2022-01-11T14:47:00.000Z,2022-01-10T00:00:00.000Z,1,0,0,0.094424,0.474767,-0.06,0.000076,0.414844,-0.032373,0.094424,2,3,0.007639,0.2,,33D212516A2980434F6D0FD9F840152303EDE01D54FF55CFB8C190B2113A9126
RAW_GRID_T100_S020_GATE90_RAW_BOTH,raw_both,RAW_GRID_T100_S020_GATE90_RAW_BOTH|EURGBP|SHORT|11,EURGBP,SHORT,target,2022-01-11T14:51:00.000Z,2022-01-11T15:01:00.000Z,2022-01-10T00:00:00.000Z,1,0,0,0.134871,0.678973,-0.06,0.000069,0.619043,-0.013486,0.134871,3,4,0.006944,0.2,,040EEB07E7A80B9E2ECAEC25F46AF7A8E9F404B366285BD007E8A7606F1D4910
RAW_GRID_T100_S020_GATE90_RAW_BOTH,raw_both,RAW_GRID_T100_S020_GATE90_RAW_BOTH|EURGBP|LONG|12,EURGBP,LONG,target,2022-01-11T15:06:00.000Z,2022-01-11T15:10:00.000Z,2022-01-10T00:00:00.000Z,1,0,0,0.124201,0.625118,-0.06,-0.000255,0.564864,0,0.124201,6,7,0.002778,0.2,,75718C3A93DDE813448708D10FD32EDC12EDC64F438AE2FCB02EDAD1BCD44B49
RAW_GRID_T100_S020_GATE90_RAW_BOTH,raw_both,RAW_GRID_T100_S020_GATE90_RAW_BOTH|EURGBP|LONG|13,EURGBP,LONG,target,2022-01-11T15:29:00.000Z,2022-01-11T15:46:00.000Z,2022-01-10T00:00:00.000Z,1,0,0,0.129601,0.652437,-0.06,-0.001083,0.591355,-0.021601,0.129601,7,8,0.011806,0.2,,971DECAA8CA12053823230DCA5CDD9EFC83E6944DED202754BBBF4E43886E88F
RAW_GRID_T100_S020_GATE90_RAW_BOTH,raw_both,RAW_GRID_T100_S020_GATE90_RAW_BOTH|EURGBP|LONG|14,EURGBP,LONG,target,2022-01-11T15:56:00.000Z,2022-01-11T16:15:00.000Z,2022-01-10T00:00:00.000Z,1,0,0,0.097197,0.490269,-0.06,-0.00121,0.429059,-0.107996,0.097197,8,9,0.013194,0.2,,0651887EAFCA80D6C111418B0C69DBB65E4F2592E0336B9824BA82A2031EE1F9
RAW_GRID_T100_S020_GATE90_RAW_BOTH,raw_both,RAW_GRID_T100_S020_GATE90_RAW_BOTH|EURGBP|SHORT|15,EURGBP,SHORT,target,2022-01-11T16:35:00.000Z,2022-01-11T16:57:00.000Z,2022-01-10T00:00:00.000Z,1,0,0,0.110597,0.558584,-0.06,0.000153,0.498737,-0.013487,0.110597,4,5,0.015278,0.2,,ACFBC7CCE3E176C5278F4579FC20CC4AC29899EC07E097A16A259A211BFC7F14
RAW_GRID_T100_S020_GATE90_RAW_BOTH,raw_both,RAW_GRID_T100_S020_GATE90_RAW_BOTH|EURGBP|LONG|16,EURGBP,LONG,target,2022-01-11T17:17:00.000Z,2022-01-11T17:30:00.000Z,2022-01-10T00:00:00.000Z,1,0,0,0.107999,0.544636,-0.06,-0.000828,0.483808,-0.0216,0.107999,9,10,0.009028,0.2,,C606C66A8F40456B29CD474AA77243BB51C0786D4772B1ACDABD11FAC9619E5F
RAW_GRID_T100_S020_GATE90_RAW_BOTH,raw_both,RAW_GRID_T100_S020_GATE90_RAW_BOTH|EURGBP|LONG|17,EURGBP,LONG,target,2022-01-11T17:50:00.000Z,2022-01-11T18:14:00.000Z,2022-01-10T00:00:00.000Z,1,0,0,0.102604,0.517319,-0.06,-0.001528,0.455791,-0.010801,0.102604,10,11,0.016667,0.2,,E7CA2D9E6636534CC2CBA39228A11F77AF7AEE044A3975B454222A4DCDD8218B
RAW_GRID_T100_S020_GATE90_RAW_BOTH,raw_both,RAW_GRID_T100_S020_GATE90_RAW_BOTH|EURGBP|SHORT|18,EURGBP,SHORT,target,2022-01-11T19:02:00.000Z,2022-01-11T19:38:00.000Z,2022-01-10T00:00:00.000Z,1,0,0,0.097115,0.490502,-0.06,0.00025,0.430752,-0.072836,0.097115,5,6,0.025,0.2,,3DA9927779145256766AB861DBCBF9CA142D7B409CF1A78DF47204E2BE8D0940
RAW_GRID_T100_S020_GATE90_RAW_BOTH,raw_both,RAW_GRID_T100_S020_GATE90_RAW_BOTH|EURGBP|LONG|19,EURGBP,LONG,target,2022-01-11T23:31:00.000Z,2022-01-12T01:57:00.000Z,2022-01-10T00:00:00.000Z,1,0,0,0.105305,0.531608,-0.06,-0.009297,0.462311,-0.018901,0.105305,11,12,0.101389,0.2,,A0F968185BB46EEF2BF8F2A5E98886AAD8299969437B6D904A4EDB76976CC7CF
RAW_GRID_T100_S020_GATE90_RAW_BOTH,raw_both,RAW_GRID_T100_S020_GATE90_RAW_BOTH|EURGBP|LONG|20,EURGBP,LONG,target,2022-01-12T02:22:00.000Z,2022-01-12T05:03:00.000Z,2022-01-10T00:00:00.000Z,1,0,0,0.086406,0.436398,-0.06,-0.010253,0.366146,-0.064804,0.086406,12,13,0.111806,0.2,,3E61958CB50D3054B7C079FA9DCE4E4B7B98C73B4EFA4EA622ECA557F81F8109
RAW_GRID_T100_S020_GATE90_RAW_BOTH,raw_both,RAW_GRID_T100_S020_GATE90_RAW_BOTH|EURGBP|LONG|21,EURGBP,LONG,target,2022-01-12T06:02:00.000Z,2022-01-12T08:32:00.000Z,2022-01-10T00:00:00.000Z,1,0,0,0.043208,0.218084,-0.06,-0.009552,0.148532,-0.151227,0.064811,13,14,0.104167,0.2,,9D8087C0F1FC7EC61E83A92A4BC43B6B19B54618BBC81D49618083F327CD0FB7
RAW_GRID_T100_S020_GATE90_RAW_BOTH,raw_both,RAW_GRID_T100_S020_GATE90_RAW_BOTH|EURGBP|SHORT|22,EURGBP,SHORT,target,2022-01-12T08:40:00.000Z,2022-01-12T08:48:00.000Z,2022-01-10T00:00:00.000Z,1,0,0,0.13224,0.667873,-0.06,0.000056,0.607928,-0.008097,0.13224,6,7,0.005556,0.2,,327FB16B1B942024818DAA10A0053612B655980C5F8B011EF163C81ACA5F005B
RAW_GRID_T100_S020_GATE90_RAW_BOTH,raw_both,RAW_GRID_T100_S020_GATE90_RAW_BOTH|EURGBP|SHORT|23,EURGBP,SHORT,target,2022-01-12T09:19:00.000Z,2022-01-12T09:51:00.000Z,2022-01-10T00:00:00.000Z,1,0,0,0.124125,0.626848,-0.06,0.000222,0.567071,0,0.124125,7,8,0.022222,0.2,,FA180C3476D4DB6E4B9AC269A6E798CBCC93FEDD8131C81725877B19186E59F9
RAW_GRID_T100_S020_GATE90_RAW_BOTH,raw_both,RAW_GRID_T100_S020_GATE90_RAW_BOTH|EURGBP|SHORT|24,EURGBP,SHORT,target,2022-01-12T10:00:00.000Z,2022-01-12T10:02:00.000Z,2022-01-10T00:00:00.000Z,1,0,0,0.118735,0.599796,-0.06,0.000014,0.53981,0,0.118735,8,9,0.001389,0.2,,E83BCF7102BFEC1C3C7931F8B9A2C0DE345DB26139AC8DAE3A7C1B22E3F24C5E
RAW_GRID_T100_S020_GATE90_RAW_BOTH,raw_both,RAW_GRID_T100_S020_GATE90_RAW_BOTH|EURGBP|SHORT|25,EURGBP,SHORT,target,2022-01-12T10:13:00.000Z,2022-01-12T10:16:00.000Z,2022-01-10T00:00:00.000Z,1,0,0,0.107942,0.545196,-0.06,0.000021,0.485216,0,0.107942,9,10,0.002083,0.2,,496C2D310CF197A208513B4F0788F7182E8D5CD1C4573864F50580A9AF7F1F57
RAW_GRID_T100_S020_GATE90_RAW_BOTH,raw_both,RAW_GRID_T100_S020_GATE90_RAW_BOTH|EURGBP|LONG|26,EURGBP,LONG,target,2022-01-12T10:52:00.000Z,2022-01-12T13:38:00.000Z,2022-01-10T00:00:00.000Z,1,0,0,0.054022,0.273306,-0.06,-0.010571,0.202735,-0.164765,0.070228,14,15,0.115278,0.2,,AD495EECFEE7D64EB828311ED1729EA305CC00692AD963444D5026CC1AF151C9
RAW_GRID_T100_S020_GATE90_RAW_BOTH,raw_both,RAW_GRID_T100_S020_GATE90_RAW_BOTH|EURGBP|SHORT|27,EURGBP,SHORT,target,2022-01-12T13:42:00.000Z,2022-01-12T14:13:00.000Z,2022-01-10T00:00:00.000Z,1,0,0,0.167294,0.847964,-0.06,0.000215,0.788179,-0.026983,0.172691,10,11,0.021528,0.2,,9B1A8A2608F82632D5642DB0A91985F01D880B40EA456D1AA48635ECB0C57083
RAW_GRID_T100_S020_GATE90_RAW_BOTH,raw_both,RAW_GRID_T100_S020_GATE90_RAW_BOTH|EURGBP|SHORT|28,EURGBP,SHORT,target,2022-01-12T14:54:00.000Z,2022-01-12T15:14:00.000Z,2022-01-10T00:00:00.000Z,1,0,0,0.113343,0.575182,-0.06,0.000139,0.515321,-0.043177,0.113343,11,12,0.013889,0.2,,D2C36BFD88EB6DC1336BACE8F72417C190DA05FA67FDA6A4FA6E17DE98FD6833
RAW_GRID_T100_S020_GATE90_RAW_BOTH,raw_both,RAW_GRID_T100_S020_GATE90_RAW_BOTH|EURGBP|SHORT|29,EURGBP,SHORT,session_flatten,2022-01-12T15:23:00.000Z,2022-01-12T21:00:00.000Z,2022-01-10T00:00:00.000Z,2,1,0,-0.267096,-1.357296,-0.12,0.003847,-1.473449,-0.461277,0.080947,12,,0.234028,0.2,,2B7C35F2CB68C742989C0114C03122C24BE892BD9F11040ED373A26045173D62
RAW_GRID_T100_S020_GATE90_RAW_BOTH,raw_both,RAW_GRID_T100_S020_GATE90_RAW_BOTH|EURGBP|LONG|30,EURGBP,LONG,target,2022-01-13T02:17:00.000Z,2022-01-13T06:10:00.000Z,2022-01-10T00:00:00.000Z,1,0,0,0.153834,0.781414,-0.06,-0.014838,0.706576,-0.013495,0.153834,15,16,0.161806,0.2,,3FCA9D9DEA6DA20CAB3F238D1A124A4AAFDA8293E268E8A491F35E15626C8837
RAW_GRID_T100_S020_GATE90_RAW_BOTH,raw_both,RAW_GRID_T100_S020_GATE90_RAW_BOTH|EURGBP|LONG|31,EURGBP,LONG,target,2022-01-13T06:59:00.000Z,2022-01-13T07:33:00.000Z,2022-01-10T00:00:00.000Z,1,0,0,0.124124,0.631351,-0.06,-0.002165,0.569186,-0.056666,0.124124,16,17,0.023611,0.2,,95919A8D96D8E03539A46C1D7A50D853914B636B6C34BC953A62757FE155D35B
RAW_GRID_T100_S020_GATE90_RAW_BOTH,raw_both,RAW_GRID_T100_S020_GATE90_RAW_BOTH|EURGBP|SHORT|32,EURGBP,SHORT,target,2022-01-13T07:35:00.000Z,2022-01-13T08:01:00.000Z,2022-01-10T00:00:00.000Z,1,0,0,0.123996,0.631935,-0.06,0.000181,0.572116,-0.021565,0.123996,12,13,0.018056,0.2,,67BE8E95D339A243B8E7708E3C3F25C89AADF3589E67BB3A261F913C7E33908A
RAW_GRID_T100_S020_GATE90_RAW_BOTH,raw_both,RAW_GRID_T100_S020_GATE90_RAW_BOTH|EURGBP|SHORT|33,EURGBP,SHORT,target,2022-01-13T08:05:00.000Z,2022-01-13T08:25:00.000Z,2022-01-10T00:00:00.000Z,1,0,0,0.094347,0.481057,-0.06,0.000139,0.421196,-0.078172,0.094347,13,14,0.013889,0.2,,E790F11A8144789B8921C195F8C4E1598618C5D855208F3FE6A6A830095BE6E1
RAW_GRID_T100_S020_GATE90_RAW_BOTH,raw_both,RAW_GRID_T100_S020_GATE90_RAW_BOTH|EURGBP|SHORT|34,EURGBP,SHORT,target,2022-01-13T08:38:00.000Z,2022-01-13T08:41:00.000Z,2022-01-10T00:00:00.000Z,1,0,0,0.110507,0.563311,-0.06,0.000021,0.503332,0,0.110507,14,15,0.002083,0.2,,30857BA7E065374484F123FA52766C8C521E15EBFC839E7DBF9E69C5EBC01A64
RAW_GRID_T100_S020_GATE90_RAW_BOTH,raw_both,RAW_GRID_T100_S020_GATE90_RAW_BOTH|EURGBP|LONG|35,EURGBP,LONG,target,2022-01-13T08:45:00.000Z,2022-01-13T08:50:00.000Z,2022-01-10T00:00:00.000Z,1,0,0,0.124103,0.632087,-0.06,-0.000318,0.571769,-0.002698,0.124103,17,18,0.003472,0.2,,C9CA6CBD6E5B1B7A0596166BBE7B8D04773B9615F55C3E2C3C39241A7E486F0F
RAW_GRID_T100_S020_GATE90_RAW_BOTH,raw_both,RAW_GRID_T100_S020_GATE90_RAW_BOTH|EURGBP|SHORT|36,EURGBP,SHORT,target,2022-01-13T09:13:00.000Z,2022-01-13T09:22:00.000Z,2022-01-10T00:00:00.000Z,1,0,0,0.123985,0.631931,-0.06,0.000063,0.571994,0,0.123985,15,16,0.00625,0.2,,70B4D1E635288A150BEE501D2F36331BE49F646A054036701B68CDFA24292DEC
RAW_GRID_T100_S020_GATE90_RAW_BOTH,raw_both,RAW_GRID_T100_S020_GATE90_RAW_BOTH|EURGBP|SHORT|37,EURGBP,SHORT,target,2022-01-13T09:44:00.000Z,2022-01-13T10:03:00.000Z,2022-01-10T00:00:00.000Z,1,0,0,0.129359,0.659354,-0.06,0.000132,0.599486,-0.04851,0.129359,16,17,0.013194,0.2,,E5F823C8058A9E2E95E612396B296A0329D1ED5E6826053A868C9B9DC920177A
RAW_GRID_T100_S020_GATE90_RAW_BOTH,raw_both,RAW_GRID_T100_S020_GATE90_RAW_BOTH|EURGBP|LONG|38,EURGBP,LONG,target,2022-01-13T10:22:00.000Z,2022-01-13T11:57:00.000Z,2022-01-10T00:00:00.000Z,2,1,0,0.323982,1.648283,-0.12,-0.009361,1.518922,-0.210427,0.323982,18,19,0.065972,0.2,,B5BFBDB5DEE01181C36C8B83F3B23AA02EB23981C31E582DD876DA5D15455940
RAW_GRID_T100_S020_GATE90_RAW_BOTH,raw_both,RAW_GRID_T100_S020_GATE90_RAW_BOTH|EURGBP|SHORT|39,EURGBP,SHORT,target,2022-01-13T12:00:00.000Z,2022-01-13T12:09:00.000Z,2022-01-10T00:00:00.000Z,1,0,0,0.113225,0.576471,-0.06,0.000063,0.516534,-0.059308,0.113225,17,18,0.00625,0.2,,934A40D888294B88BF85480EDCC267F5ED5C329A5260D77E4E7B1C54A5A844E7
RAW_GRID_T100_S020_GATE90_RAW_BOTH,raw_both,RAW_GRID_T100_S020_GATE90_RAW_BOTH|EURGBP|SHORT|40,EURGBP,SHORT,target,2022-01-13T12:10:00.000Z,2022-01-13T12:13:00.000Z,2022-01-10T00:00:00.000Z,1,0,0,0.124,0.63126,-0.06,0.000021,0.571281,0,0.124,18,19,0.002083,0.2,,C1E8BE07F2D3E279834069FB8B0740D2E610D626F38E2172CAEC6316BFCFFB89
RAW_GRID_T100_S020_GATE90_RAW_BOTH,raw_both,RAW_GRID_T100_S020_GATE90_RAW_BOTH|EURGBP|SHORT|41,EURGBP,SHORT,target,2022-01-13T12:24:00.000Z,2022-01-13T13:43:00.000Z,2022-01-10T00:00:00.000Z,2,1,0,0.363656,1.853536,-0.12,0.000826,1.734362,-0.234514,0.363656,19,20,0.054861,0.2,,D834F21587AD777A77C02745A5E809F514E28269A8EFF74B4AD2A956919A65F5
RAW_GRID_T100_S020_GATE90_RAW_BOTH,raw_both,RAW_GRID_T100_S020_GATE90_RAW_BOTH|EURGBP|SHORT|42,EURGBP,SHORT,target,2022-01-13T14:16:00.000Z,2022-01-13T14:23:00.000Z,2022-01-10T00:00:00.000Z,1,0,0,0.113173,0.577021,-0.06,0.000049,0.51707,0,0.113173,20,21,0.004861,0.2,,868E6416FE69BC4D9CA8C1DBC16BEDFF3E39C02FFE948DFEBB4663BCAB4055BA
RAW_GRID_T100_S020_GATE90_RAW_BOTH,raw_both,RAW_GRID_T100_S020_GATE90_RAW_BOTH|EURGBP|LONG|43,EURGBP,LONG,target,2022-01-13T15:00:00.000Z,2022-01-13T16:09:00.000Z,2022-01-10T00:00:00.000Z,2,1,0,0.313093,1.59302,-0.12,-0.006814,1.466206,-0.258943,0.313093,19,20,0.047917,0.2,,5F468A4ED9E593ED2B32E600790489CD18BCA3215045B6A71AC2C7BA4EB3514A
RAW_GRID_T100_S020_GATE90_RAW_BOTH,raw_both,RAW_GRID_T100_S020_GATE90_RAW_BOTH|EURGBP|SHORT|44,EURGBP,SHORT,session_flatten,2022-01-13T16:58:00.000Z,2022-01-13T21:00:00.000Z,2022-01-10T00:00:00.000Z,2,1,0,-0.107858,-0.548053,-0.12,0.002917,-0.665136,-0.24795,0.139999,21,,0.168056,0.2,,2E63F103B4529EC0FC088C59CD1B90A8283D7F9A400F022253EC974187E54E97
RAW_GRID_T100_S020_GATE90_RAW_BOTH,raw_both,RAW_GRID_T100_S020_GATE90_RAW_BOTH|EURGBP|SHORT|45,EURGBP,SHORT,target,2022-01-13T23:50:00.000Z,2022-01-14T06:34:00.000Z,2022-01-10T00:00:00.000Z,1,0,0,0.024244,0.12362,-0.06,0.002806,0.066425,-0.153547,0.078119,21,22,0.280556,0.2,,3593C43DA1E002F1FF1D058A4E33284A430982B22B20766545ABE3959C3F0D86
RAW_GRID_T100_S020_GATE90_RAW_BOTH,raw_both,RAW_GRID_T100_S020_GATE90_RAW_BOTH|EURGBP|LONG|46,EURGBP,LONG,target,2022-01-14T08:01:00.000Z,2022-01-14T12:05:00.000Z,2022-01-10T00:00:00.000Z,2,1,0,0.067521,0.342979,-0.12,-0.025345,0.197634,-0.33158,0.078308,20,21,0.169444,0.2,,302B055375E243003AB5F0B7717A228B3187C6549D9F1C552A5621E4278B7C26
RAW_GRID_T100_S020_GATE90_RAW_BOTH,raw_both,RAW_GRID_T100_S020_GATE90_RAW_BOTH|EURGBP|LONG|47,EURGBP,LONG,target,2022-01-14T12:13:00.000Z,2022-01-14T12:30:00.000Z,2022-01-10T00:00:00.000Z,1,0,0,0.134905,0.685353,-0.06,-0.001083,0.624271,0,0.134905,21,22,0.011806,0.2,,907EF47EA762C1371938B926B30F9D1BFAC0341A9DC2D0523F41FE6B2ED62251
RAW_GRID_T100_S020_GATE90_RAW_BOTH,raw_both,RAW_GRID_T100_S020_GATE90_RAW_BOTH|EURGBP|SHORT|48,EURGBP,SHORT,target,2022-01-14T12:42:00.000Z,2022-01-14T12:57:00.000Z,2022-01-10T00:00:00.000Z,1,0,0,0.137443,0.699321,-0.06,0.000104,0.639425,-0.029644,0.137443,22,23,0.010417,0.2,,3F058E66D22266714531317A4F98961F86E9F4BD95C6F25C108BBE91CB59A395
RAW_GRID_T100_S020_GATE90_RAW_BOTH,raw_both,RAW_GRID_T100_S020_GATE90_RAW_BOTH|EURGBP|SHORT|49,EURGBP,SHORT,target,2022-01-14T13:04:00.000Z,2022-01-14T13:20:00.000Z,2022-01-10T00:00:00.000Z,1,0,0,0.105121,0.53465,-0.06,0.000111,0.474761,-0.029649,0.105121,23,24,0.011111,0.2,,614502535D4CA099ECC499B3E290C50E7747DACC06B649AE58D93E1591429DE3
RAW_GRID_T100_S020_GATE90_RAW_BOTH,raw_both,RAW_GRID_T100_S020_GATE90_RAW_BOTH|EURGBP|SHORT|50,EURGBP,SHORT,target,2022-01-14T14:03:00.000Z,2022-01-14T15:12:00.000Z,2022-01-10T00:00:00.000Z,1,0,0,0.048517,0.246519,-0.06,0.000479,0.186998,-0.167113,0.053907,24,25,0.047917,0.2,,51874E1605564B7EE1ED9F97DEA264E1010516B2B0636574FEE7D64265DE395F
RAW_GRID_T100_S020_GATE90_RAW_BOTH,raw_both,RAW_GRID_T100_S020_GATE90_RAW_BOTH|EURGBP|SHORT|51,EURGBP,SHORT,target,2022-01-14T15:14:00.000Z,2022-01-14T15:43:00.000Z,2022-01-10T00:00:00.000Z,1,0,0,0.115857,0.588456,-0.06,0.000201,0.528657,-0.035026,0.115857,25,26,0.020139,0.2,,2422A32259C9B42B1FBCEB838903A00A9EC6E01A235C52504AEEB3A54A16EC91
RAW_GRID_T100_S020_GATE90_RAW_BOTH,raw_both,RAW_GRID_T100_S020_GATE90_RAW_BOTH|EURJPY|LONG|1,EURJPY,LONG,target,2022-01-10T13:55:00.000Z,2022-01-10T15:37:00.000Z,2022-01-10T00:00:00.000Z,2,1,0,0.41237,2.983831,-0.12,-0.009807,2.854024,-0.282686,0.41237,0,1,0.070833,0.2,,E29BAFBE5E9550E72B1AE8DCC21ED12A6F811F04591B9D39E50A3F972A3B9B1A
RAW_GRID_T100_S020_GATE90_RAW_BOTH,raw_both,RAW_GRID_T100_S020_GATE90_RAW_BOTH|EURJPY|LONG|2,EURJPY,LONG,target,2022-01-10T15:55:00.000Z,2022-01-10T16:18:00.000Z,2022-01-10T00:00:00.000Z,1,0,0,0.101825,0.738391,-0.06,-0.001465,0.676927,-0.118596,0.101825,1,2,0.015972,0.2,,69C0B84FB676DB893D616820369930B8FBE4A7AEC6AE04A0436F50E86C46C89B
RAW_GRID_T100_S020_GATE90_RAW_BOTH,raw_both,RAW_GRID_T100_S020_GATE90_RAW_BOTH|EURJPY|SHORT|3,EURJPY,SHORT,target,2022-01-10T17:02:00.000Z,2022-01-10T18:22:00.000Z,2022-01-10T00:00:00.000Z,1,0,0,0.108901,0.790269,-0.06,0.000556,0.730825,-0.034705,0.108901,0,1,0.055556,0.2,,16908CB71EB18D1B0D6D0318D11C2E2BCE7B50972C9DEA83A3283FAADAE91256
RAW_GRID_T100_S020_GATE90_RAW_BOTH,raw_both,RAW_GRID_T100_S020_GATE90_RAW_BOTH|EURJPY|SHORT|4,EURJPY,SHORT,session_flatten,2022-01-10T18:48:00.000Z,2022-01-10T21:00:00.000Z,2022-01-10T00:00:00.000Z,1,0,0,-0.083763,-0.607462,-0.06,0.000917,-0.666545,-0.102908,0.087352,1,,0.091667,0.2,,F517A0A234C4E76F5B37F6A9939C49717B7B12712E4DDB3E76A41E35CBE8C1B8
RAW_GRID_T100_S020_GATE90_RAW_BOTH,raw_both,RAW_GRID_T100_S020_GATE90_RAW_BOTH|EURJPY|SHORT|5,EURJPY,SHORT,target,2022-01-10T23:05:00.000Z,2022-01-11T06:44:00.000Z,2022-01-10T00:00:00.000Z,3,2,0,0.269418,1.960877,-0.18,0.006875,1.787752,-0.615688,0.269418,1,2,0.31875,0.2,,C6BD89EC16721FD35614CFE83B6C88F8B829AF5749EB0734B3714D4BF3557584
RAW_GRID_T100_S020_GATE90_RAW_BOTH,raw_both,RAW_GRID_T100_S020_GATE90_RAW_BOTH|EURJPY|LONG|6,EURJPY,LONG,target,2022-01-11T07:42:00.000Z,2022-01-11T07:55:00.000Z,2022-01-10T00:00:00.000Z,1,0,0,0.133919,0.971729,-0.06,-0.000828,0.910901,-0.029893,0.133919,2,3,0.009028,0.2,,7ECEA1258FC75C06DA33514476D2AE2EBE152451BF6FB889DB5DF47FA32052BE
RAW_GRID_T100_S020_GATE90_RAW_BOTH,raw_both,RAW_GRID_T100_S020_GATE90_RAW_BOTH|EURJPY|SHORT|7,EURJPY,SHORT,target,2022-01-11T08:06:00.000Z,2022-01-11T09:44:00.000Z,2022-01-10T00:00:00.000Z,2,1,0,0.381486,2.775129,-0.12,0.000903,2.656031,-0.214816,0.381486,2,3,0.068056,0.2,,1B3FE200A8FFD162495EB721EAC27022E8DA93AC6F113F31C10D28FF25132DEE
RAW_GRID_T100_S020_GATE90_RAW_BOTH,raw_both,RAW_GRID_T100_S020_GATE90_RAW_BOTH|EURJPY|SHORT|8,EURJPY,SHORT,target,2022-01-11T10:38:00.000Z,2022-01-11T11:35:00.000Z,2022-01-10T00:00:00.000Z,1,0,0,0.093069,0.675798,-0.06,0.000396,0.616194,-0.003579,0.093069,3,4,0.039583,0.2,,E0B7E65350EE4F23457DC5DC18AD9FFBF518E3B86D2DDFCC4CFEFB30C4EA5165
RAW_GRID_T100_S020_GATE90_RAW_BOTH,raw_both,RAW_GRID_T100_S020_GATE90_RAW_BOTH|EURJPY|SHORT|9,EURJPY,SHORT,target,2022-01-11T11:52:00.000Z,2022-01-11T14:45:00.000Z,2022-01-10T00:00:00.000Z,2,1,0,0.227603,1.652363,-0.12,0.001681,1.534043,-0.201631,0.227603,4,5,0.120139,0.2,,C8C28D5F0A51701B0B20332A99FF849D775B844CC2F72B0E250CB939F188491A
RAW_GRID_T100_S020_GATE90_RAW_BOTH,raw_both,RAW_GRID_T100_S020_GATE90_RAW_BOTH|EURJPY|SHORT|10,EURJPY,SHORT,target,2022-01-11T15:08:00.000Z,2022-01-11T15:27:00.000Z,2022-01-10T00:00:00.000Z,1,0,0,0.104913,0.762126,-0.06,0.000132,0.702258,-0.034574,0.104913,5,6,0.013194,0.2,,26C12F590A812B6CDE34D0288B5E1AFA480C719C69AF679D03F72E6E91EBF803
RAW_GRID_T100_S020_GATE90_RAW_BOTH,raw_both,RAW_GRID_T100_S020_GATE90_RAW_BOTH|EURJPY|SHORT|11,EURJPY,SHORT,target,2022-01-11T15:41:00.000Z,2022-01-11T15:50:00.000Z,2022-01-10T00:00:00.000Z,1,0,0,0.095366,0.693157,-0.06,0.000063,0.63322,-0.025034,0.095366,6,7,0.00625,0.2,,3DD7CCCB76BAB5C2986E334F49228175024FCE9E944D3C5532A49D4906FA6C57
RAW_GRID_T100_S020_GATE90_RAW_BOTH,raw_both,RAW_GRID_T100_S020_GATE90_RAW_BOTH|EURJPY|SHORT|12,EURJPY,SHORT,target,2022-01-11T15:57:00.000Z,2022-01-11T20:59:00.000Z,2022-01-10T00:00:00.000Z,2,1,0,0.104683,0.763224,-0.12,0.004014,0.647238,-0.295539,0.111829,7,8,0.209722,0.2,,35C059A2524BD22B45B5CC2C3E13932DCECFC6AE495AC5E081F37AB12AF2A8D1
RAW_GRID_T100_S020_GATE90_RAW_BOTH,raw_both,RAW_GRID_T100_S020_GATE90_RAW_BOTH|EURJPY|SHORT|13,EURJPY,SHORT,target,2022-01-11T23:14:00.000Z,2022-01-12T01:00:00.000Z,2022-01-10T00:00:00.000Z,1,0,0,0.085728,0.6246,-0.06,0.000736,0.565336,-0.064297,0.085728,8,9,0.073611,0.2,,5D6BD04BC085D1DD366E7927AC9F7B6FA30424C7B2614D8A2E071C9FFA4B7809
RAW_GRID_T100_S020_GATE90_RAW_BOTH,raw_both,RAW_GRID_T100_S020_GATE90_RAW_BOTH|EURJPY|SHORT|14,EURJPY,SHORT,target,2022-01-12T02:22:00.000Z,2022-01-12T06:59:00.000Z,2022-01-10T00:00:00.000Z,1,0,0,0.078559,0.572176,-0.06,0.001924,0.5141,-0.109507,0.078559,9,10,0.192361,0.2,,0393B68A6F05F86AF7A6A94160012AAD5B18671EBC7C916DB97FB086C1A27C8E
RAW_GRID_T100_S020_GATE90_RAW_BOTH,raw_both,RAW_GRID_T100_S020_GATE90_RAW_BOTH|EURJPY|SHORT|15,EURJPY,SHORT,target,2022-01-12T08:11:00.000Z,2022-01-12T08:27:00.000Z,2022-01-10T00:00:00.000Z,1,0,0,0.122564,0.892418,-0.06,0.000111,0.832529,0,0.122564,10,11,0.011111,0.2,,9A7A0A70A5B7B08FE61BE74E560F05F5B2D6F89068E705C7043F5A35C69A6788
RAW_GRID_T100_S020_GATE90_RAW_BOTH,raw_both,RAW_GRID_T100_S020_GATE90_RAW_BOTH|EURJPY|SHORT|16,EURJPY,SHORT,target,2022-01-12T13:16:00.000Z,2022-01-12T15:17:00.000Z,2022-01-10T00:00:00.000Z,2,1,0,0.025995,0.191249,-0.12,0.001542,0.07279,-0.413947,0.066424,11,12,0.084028,0.2,,8187EE3828B0577DB6F997BC5B9214D3A82B7954CDFC0087FFFA636BF85E9AE7
RAW_GRID_T100_S020_GATE90_RAW_BOTH,raw_both,RAW_GRID_T100_S020_GATE90_RAW_BOTH|EURJPY|LONG|17,EURJPY,LONG,target,2022-01-12T15:23:00.000Z,2022-01-12T15:41:00.000Z,2022-01-10T00:00:00.000Z,1,0,0,0.126133,0.922268,-0.06,-0.001146,0.861122,0,0.126133,3,4,0.0125,0.2,,0B9C781C2C9D6F2B96B88838BF3C06E0199EF809ED34251EA8485035C9EEADA7
RAW_GRID_T100_S020_GATE90_RAW_BOTH,raw_both,RAW_GRID_T100_S020_GATE90_RAW_BOTH|EURJPY|LONG|18,EURJPY,LONG,target,2022-01-12T15:52:00.000Z,2022-01-12T21:00:00.000Z,2022-01-10T00:00:00.000Z,2,1,0,0.039449,0.288151,-0.12,-0.034387,0.133764,-0.410627,0.084694,4,5,0.213889,0.2,,16BCACFC595667FF24B7E37BD7D2D60C24A418230BDB04DB425AE8537A5D27C6
RAW_GRID_T100_S020_GATE90_RAW_BOTH,raw_both,RAW_GRID_T100_S020_GATE90_RAW_BOTH|EURJPY|SHORT|19,EURJPY,SHORT,target,2022-01-12T23:13:00.000Z,2022-01-13T00:02:00.000Z,2022-01-10T00:00:00.000Z,1,0,0,0.107081,0.785065,-0.06,0.00034,0.725405,-0.028555,0.107081,12,13,0.034028,0.2,,8B489A96F085A01237CA2825906A7DBEAFD39179EA77B32DCBB5ED95F0AE587D
RAW_GRID_T100_S020_GATE90_RAW_BOTH,raw_both,RAW_GRID_T100_S020_GATE90_RAW_BOTH|EURJPY|SHORT|20,EURJPY,SHORT,target,2022-01-13T00:08:00.000Z,2022-01-13T01:17:00.000Z,2022-01-10T00:00:00.000Z,1,0,0,0.111835,0.820166,-0.06,0.000479,0.760645,-0.014277,0.111835,13,14,0.047917,0.2,,FE6047DAF09B168FB4CAB22F12F6214FE01F1DDF50E5D6A74E66181EABFFA988
RAW_GRID_T100_S020_GATE90_RAW_BOTH,raw_both,RAW_GRID_T100_S020_GATE90_RAW_BOTH|EURJPY|LONG|21,EURJPY,LONG,target,2022-01-13T01:36:00.000Z,2022-01-13T02:09:00.000Z,2022-01-10T00:00:00.000Z,1,0,0,0.096506,0.706816,-0.06,-0.002101,0.644714,-0.007149,0.096506,5,6,0.022917,0.2,,7066DFBACF91EFE7DA317F223398CC11DC655F0C3E1682B8146D7ABA0A103890
RAW_GRID_T100_S020_GATE90_RAW_BOTH,raw_both,RAW_GRID_T100_S020_GATE90_RAW_BOTH|EURJPY|SHORT|22,EURJPY,SHORT,target,2022-01-13T02:47:00.000Z,2022-01-13T03:03:00.000Z,2022-01-10T00:00:00.000Z,1,0,0,0.110665,0.811395,-0.06,0.000111,0.751506,-0.00595,0.110665,14,15,0.011111,0.2,,5972E5ABCBBF916A3F7F4314D86A621F879FFE0BA08358429A3C6580C0A41CBE
RAW_GRID_T100_S020_GATE90_RAW_BOTH,raw_both,RAW_GRID_T100_S020_GATE90_RAW_BOTH|EURJPY|LONG|23,EURJPY,LONG,target,2022-01-13T03:13:00.000Z,2022-01-13T04:03:00.000Z,2022-01-10T00:00:00.000Z,1,0,0,0.119166,0.872955,-0.06,-0.003184,0.809771,0,0.119166,6,7,0.034722,0.2,,DAAED1A9A906D7694D9F01AE7A1C714EDAF1DFCCFE9C4A219635AE989D110534
RAW_GRID_T100_S020_GATE90_RAW_BOTH,raw_both,RAW_GRID_T100_S020_GATE90_RAW_BOTH|EURJPY|SHORT|24,EURJPY,SHORT,target,2022-01-13T07:33:00.000Z,2022-01-13T11:01:00.000Z,2022-01-10T00:00:00.000Z,2,1,0,0.104521,0.768382,-0.12,0.002188,0.650569,-0.383062,0.104521,15,16,0.144444,0.2,,32F5D019B093FB96B08F502E16C948FC50A00B7CC44213454C0A36F4C23C425E
RAW_GRID_T100_S020_GATE90_RAW_BOTH,raw_both,RAW_GRID_T100_S020_GATE90_RAW_BOTH|EURJPY|LONG|25,EURJPY,LONG,target,2022-01-13T12:10:00.000Z,2022-01-13T14:41:00.000Z,2022-01-10T00:00:00.000Z,2,1,0,0.121625,0.893058,-0.12,-0.01522,0.757838,-0.438202,0.121625,7,8,0.104861,0.2,,377B85F5DD79C01C1F9B823C7EFAFB92A31CC610233B807062D1F4C1878D421A
RAW_GRID_T100_S020_GATE90_RAW_BOTH,raw_both,RAW_GRID_T100_S020_GATE90_RAW_BOTH|EURJPY|LONG|26,EURJPY,LONG,target,2022-01-13T15:20:00.000Z,2022-01-13T18:09:00.000Z,2022-01-10T00:00:00.000Z,3,2,0,0.251204,1.84011,-0.18,-0.023689,1.636421,-0.622539,0.251204,8,9,0.117361,0.2,,B900BF3758FEE6D16AA7381F51858F9F7E5DABA49F067CB2260BEB0DCEB94103
RAW_GRID_T100_S020_GATE90_RAW_BOTH,raw_both,RAW_GRID_T100_S020_GATE90_RAW_BOTH|EURJPY|LONG|27,EURJPY,LONG,session_flatten,2022-01-13T20:00:00.000Z,2022-01-13T21:00:00.000Z,2022-01-10T00:00:00.000Z,1,0,0,-0.038213,-0.280358,-0.06,-0.003821,-0.344179,-0.097921,0.017912,9,,0.041667,0.2,,1DC1131CA57D46420EC7D160345CA15E4AF903F3B179C1DC5305F6314AE469C9
RAW_GRID_T100_S020_GATE90_RAW_BOTH,raw_both,RAW_GRID_T100_S020_GATE90_RAW_BOTH|EURJPY|LONG|28,EURJPY,LONG,target,2022-01-14T00:03:00.000Z,2022-01-14T00:11:00.000Z,2022-01-10T00:00:00.000Z,1,0,0,0.149371,1.095259,-0.06,-0.000509,1.034749,-0.004779,0.149371,9,10,0.005556,0.2,,0041319926BF7566DD33BEEE9DD40786DEDB262E989671E01F825F12F382CB92
RAW_GRID_T100_S020_GATE90_RAW_BOTH,raw_both,RAW_GRID_T100_S020_GATE90_RAW_BOTH|EURJPY|LONG|29,EURJPY,LONG,target,2022-01-14T00:33:00.000Z,2022-01-14T00:37:00.000Z,2022-01-10T00:00:00.000Z,1,0,0,0.102747,0.75357,-0.06,-0.000255,0.693315,0,0.102747,10,11,0.002778,0.2,,1E2564496F1D3FCBF66A58271B35D45D9F28E1B9985F81378D241C996BE2B02E
RAW_GRID_T100_S020_GATE90_RAW_BOTH,raw_both,RAW_GRID_T100_S020_GATE90_RAW_BOTH|EURJPY|LONG|30,EURJPY,LONG,target,2022-01-14T00:49:00.000Z,2022-01-14T04:25:00.000Z,2022-01-10T00:00:00.000Z,2,1,0,0.024048,0.175774,-0.12,-0.02681,0.028965,-0.430295,0.234481,11,12,0.15,0.2,,9D24396D2A163B4ACAAEBA22934D889D1756724D29A3CE3D19F5165A728D2A7C
RAW_GRID_T100_S020_GATE90_RAW_BOTH,raw_both,RAW_GRID_T100_S020_GATE90_RAW_BOTH|EURJPY|LONG|31,EURJPY,LONG,target,2022-01-14T04:58:00.000Z,2022-01-14T05:38:00.000Z,2022-01-10T00:00:00.000Z,1,0,0,0.090928,0.668278,-0.06,-0.002547,0.605731,-0.052641,0.090928,12,13,0.027778,0.2,,5D5236345FF640DCADA5FBCDBD4DC844BFE50EB10315D46AF84D41FE3B7297A9
RAW_GRID_T100_S020_GATE90_RAW_BOTH,raw_both,RAW_GRID_T100_S020_GATE90_RAW_BOTH|EURJPY|LONG|32,EURJPY,LONG,target,2022-01-14T07:26:00.000Z,2022-01-14T08:11:00.000Z,2022-01-10T00:00:00.000Z,1,0,0,0.149632,1.098522,-0.06,-0.002866,1.035656,-0.061049,0.149632,13,14,0.03125,0.2,,BF5C526ADFA574152F3A7876CF5596F9E18114635EF1C2E2538020B5A26A4E44
RAW_GRID_T100_S020_GATE90_RAW_BOTH,raw_both,RAW_GRID_T100_S020_GATE90_RAW_BOTH|EURJPY|SHORT|33,EURJPY,SHORT,target,2022-01-14T10:18:00.000Z,2022-01-14T10:42:00.000Z,2022-01-10T00:00:00.000Z,1,0,0,0.107595,0.790138,-0.06,0.000167,0.730305,-0.009564,0.107595,16,17,0.016667,0.2,,F5FABD24BA64D959D5D10591600A33A6E62F57EE01EF015D27504E2B0E9E650B
RAW_GRID_T100_S020_GATE90_RAW_BOTH,raw_both,RAW_GRID_T100_S020_GATE90_RAW_BOTH|EURJPY|LONG|34,EURJPY,LONG,target,2022-01-14T11:49:00.000Z,2022-01-14T14:39:00.000Z,2022-01-10T00:00:00.000Z,4,3,0,0.244941,1.785273,-0.24,-0.027192,1.518081,-1.73204,0.244941,14,15,0.118056,0.2,,BD5767B208F6269AF3774DF6F1412CFC49A73FE89382C5B06F393433B3956CBC
RAW_GRID_T100_S020_GATE90_RAW_BOTH,raw_both,RAW_GRID_T100_S020_GATE90_RAW_BOTH|EURJPY|LONG|35,EURJPY,LONG,target,2022-01-14T15:01:00.000Z,2022-01-14T15:05:00.000Z,2022-01-10T00:00:00.000Z,1,0,0,0.111691,0.817213,-0.06,-0.000255,0.756958,-0.002402,0.111691,15,16,0.002778,0.2,,F2CA20972DC5554A78551B6FF686F91ECFCBBA6B31CB36D9347667F859A42A44
RAW_GRID_T100_S020_GATE90_RAW_BOTH,raw_both,RAW_GRID_T100_S020_GATE90_RAW_BOTH|EURJPY|SHORT|36,EURJPY,SHORT,target,2022-01-14T15:16:00.000Z,2022-01-14T15:22:00.000Z,2022-01-10T00:00:00.000Z,1,0,0,0.141525,1.036524,-0.06,0.000042,0.976565,0,0.141525,17,18,0.004167,0.2,,56E37917FE606C685B402A0AB48D02311569812D25736C36A78087EE7D94D145
RAW_GRID_T100_S020_GATE90_RAW_BOTH,raw_both,RAW_GRID_T100_S020_GATE90_RAW_BOTH|EURNZD|SHORT|1,EURNZD,SHORT,target,2022-01-10T12:53:00.000Z,2022-01-10T13:42:00.000Z,2022-01-10T00:00:00.000Z,1,0,0,0.124614,0.851082,-0.06,0.00034,0.791423,-0.151317,0.124614,0,1,0.034028,0.2,,1034FA0A71C330F5081FB903899B265D83CD3DDE1E8E4FF83E58C6ED79199696
RAW_GRID_T100_S020_GATE90_RAW_BOTH,raw_both,RAW_GRID_T100_S020_GATE90_RAW_BOTH|EURNZD|SHORT|2,EURNZD,SHORT,target,2022-01-10T14:07:00.000Z,2022-01-10T14:13:00.000Z,2022-01-10T00:00:00.000Z,1,0,0,0.110738,0.755683,-0.06,0.000042,0.695724,0,0.110738,1,2,0.004167,0.2,,A6B67C9A4781BB66E291C1684FF2136C6ADF3459209C5909FB4370755F6F0D66
RAW_GRID_T100_S020_GATE90_RAW_BOTH,raw_both,RAW_GRID_T100_S020_GATE90_RAW_BOTH|EURNZD|SHORT|3,EURNZD,SHORT,target,2022-01-10T14:34:00.000Z,2022-01-10T16:31:00.000Z,2022-01-10T00:00:00.000Z,3,2,0,0.275901,1.891572,-0.18,0.00175,1.713322,-0.888193,0.275901,2,3,0.08125,0.2,,900DA6CEBAF11526B815814BC8E907F5155390D391341A47B0B08B18A894E315
RAW_GRID_T100_S020_GATE90_RAW_BOTH,raw_both,RAW_GRID_T100_S020_GATE90_RAW_BOTH|EURNZD|SHORT|4,EURNZD,SHORT,target,2022-01-10T16:48:00.000Z,2022-01-10T18:17:00.000Z,2022-01-10T00:00:00.000Z,1,0,0,0.053309,0.364668,-0.06,0.000618,0.305286,-0.161898,0.053309,3,4,0.061806,0.2,,82E538DED04371DF07E21A0E214F392A00B9196C0CAE5154A93053C04DC016A6
RAW_GRID_T100_S020_GATE90_RAW_BOTH,raw_both,RAW_GRID_T100_S020_GATE90_RAW_BOTH|EURNZD|LONG|5,EURNZD,LONG,target,2022-01-10T18:52:00.000Z,2022-01-10T19:47:00.000Z,2022-01-10T00:00:00.000Z,1,0,0,0.110657,0.756512,-0.06,-0.003502,0.693009,-0.011856,0.110657,0,1,0.038194,0.2,,4165A31C262DA47271BA65CBFAC8682C7EACB6976588BA0CAD74A0D9482DE3FD
RAW_GRID_T100_S020_GATE90_RAW_BOTH,raw_both,RAW_GRID_T100_S020_GATE90_RAW_BOTH|EURNZD|LONG|6,EURNZD,LONG,target,2022-01-10T20:00:00.000Z,2022-01-10T20:07:00.000Z,2022-01-10T00:00:00.000Z,1,0,0,0.111642,0.763114,-0.06,-0.000446,0.702668,-0.014819,0.111642,1,2,0.004861,0.2,,DE5BEBA6FAB8BBEB70D15CCBE6DB217F64ECF37DC84CF6E9E49B5425901FE1B7
RAW_GRID_T100_S020_GATE90_RAW_BOTH,raw_both,RAW_GRID_T100_S020_GATE90_RAW_BOTH|EURNZD|LONG|7,EURNZD,LONG,session_flatten,2022-01-10T20:33:00.000Z,2022-01-10T21:00:00.000Z,2022-01-10T00:00:00.000Z,1,0,0,-0.112626,-0.770995,-0.06,-0.001719,-0.832715,-0.160048,0.027662,2,,0.01875,0.2,,CCF2832389DA70E05F426BC8BC150F53D8950CA4ED8261B6039D36C300862CF6
RAW_GRID_T100_S020_GATE90_RAW_BOTH,raw_both,RAW_GRID_T100_S020_GATE90_RAW_BOTH|EURNZD|LONG|8,EURNZD,LONG,target,2022-01-10T23:05:00.000Z,2022-01-11T01:27:00.000Z,2022-01-10T00:00:00.000Z,2,1,0,0.27608,1.888152,-0.12,-0.011208,1.756944,-0.200666,0.27608,2,3,0.098611,0.2,,449259929202C6F81FFA0DDD2E6B13B9954030BE6C26CF8DF843BD2D214E3775
RAW_GRID_T100_S020_GATE90_RAW_BOTH,raw_both,RAW_GRID_T100_S020_GATE90_RAW_BOTH|EURNZD|SHORT|9,EURNZD,SHORT,target,2022-01-11T01:41:00.000Z,2022-01-11T02:25:00.000Z,2022-01-10T00:00:00.000Z,1,0,0,0.088897,0.60913,-0.06,0.000306,0.549435,-0.174832,0.088897,4,5,0.030556,0.2,,4EF0B7B7F28C7A96A6F59D24EED0EA8150D18DDCBA5BF90C839A339CBACDEDA8
RAW_GRID_T100_S020_GATE90_RAW_BOTH,raw_both,RAW_GRID_T100_S020_GATE90_RAW_BOTH|EURNZD|LONG|10,EURNZD,LONG,target,2022-01-11T03:09:00.000Z,2022-01-11T04:01:00.000Z,2022-01-10T00:00:00.000Z,1,0,0,0.107786,0.73795,-0.06,-0.003311,0.674638,-0.033622,0.107786,3,4,0.036111,0.2,,883FC1B28F12BA6B3F3194DFF1E5958F3B0C88F58FB5C2A5BBB95B3CE52B4E3B
RAW_GRID_T100_S020_GATE90_RAW_BOTH,raw_both,RAW_GRID_T100_S020_GATE90_RAW_BOTH|EURNZD|SHORT|11,EURNZD,SHORT,target,2022-01-11T06:40:00.000Z,2022-01-11T07:20:00.000Z,2022-01-10T00:00:00.000Z,1,0,0,0.088888,0.609042,-0.06,0.000278,0.54932,-0.084939,0.088888,5,6,0.027778,0.2,,93B1F49E10EB89A1DDD61814B4397F788A54A09FA5B87186B2D10C90B6B5990F
RAW_GRID_T100_S020_GATE90_RAW_BOTH,raw_both,RAW_GRID_T100_S020_GATE90_RAW_BOTH|EURNZD|LONG|12,EURNZD,LONG,target,2022-01-11T07:55:00.000Z,2022-01-11T08:11:00.000Z,2022-01-10T00:00:00.000Z,1,0,0,0.139443,0.954847,-0.06,-0.001019,0.893828,0,0.139443,4,5,0.011111,0.2,,9A028BD42F6F87B3498565D08C01CBC2B01F31322BD876361DB12D1A31E184A1
RAW_GRID_T100_S020_GATE90_RAW_BOTH,raw_both,RAW_GRID_T100_S020_GATE90_RAW_BOTH|EURNZD|LONG|13,EURNZD,LONG,target,2022-01-11T08:16:00.000Z,2022-01-11T08:51:00.000Z,2022-01-10T00:00:00.000Z,1,0,0,0.105804,0.724731,-0.06,-0.002229,0.662502,-0.040542,0.105804,5,6,0.024306,0.2,,9A048EB1F5FFCB1222CC86359151470A71695EAC0E45AFB81CE44C0F5EF585AA
RAW_GRID_T100_S020_GATE90_RAW_BOTH,raw_both,RAW_GRID_T100_S020_GATE90_RAW_BOTH|EURNZD|LONG|14,EURNZD,LONG,target,2022-01-11T09:04:00.000Z,2022-01-11T09:11:00.000Z,2022-01-10T00:00:00.000Z,1,0,0,0.102841,0.704548,-0.06,-0.000446,0.644103,0,0.102841,6,7,0.004861,0.2,,004908D657EC47219E9B171F6A49358ED149676C5ED7A51584F48A42FB72AE81
RAW_GRID_T100_S020_GATE90_RAW_BOTH,raw_both,RAW_GRID_T100_S020_GATE90_RAW_BOTH|EURNZD|LONG|15,EURNZD,LONG,target,2022-01-11T09:18:00.000Z,2022-01-11T10:22:00.000Z,2022-01-10T00:00:00.000Z,2,1,0,0.306917,2.09833,-0.12,-0.006177,1.972153,-0.225466,0.306917,7,8,0.044444,0.2,,BFB8D0DC5A40F50B6960A8703D867CFA4E8598AB6DFE8AC65D500FAC9A8D5B0C
RAW_GRID_T100_S020_GATE90_RAW_BOTH,raw_both,RAW_GRID_T100_S020_GATE90_RAW_BOTH|EURNZD|LONG|16,EURNZD,LONG,target,2022-01-11T10:28:00.000Z,2022-01-11T10:34:00.000Z,2022-01-10T00:00:00.000Z,1,0,0,0.113773,0.778,-0.06,-0.000382,0.717617,0,0.113773,8,9,0.004167,0.2,,ED1522C498110F5F7EFF5F007BF20AE2863DCA2AAD493B9DB96CE00D3D0B0989
RAW_GRID_T100_S020_GATE90_RAW_BOTH,raw_both,RAW_GRID_T100_S020_GATE90_RAW_BOTH|EURNZD|SHORT|17,EURNZD,SHORT,target,2022-01-11T11:02:00.000Z,2022-01-11T17:10:00.000Z,2022-01-10T00:00:00.000Z,2,1,0,0.018623,0.128679,-0.12,0.003833,0.012513,-0.494848,0.085964,6,7,0.255556,0.2,,644630084D5985CF52172BBDF6293143F99AC52416C71A66DF2B383F533E7FC5
RAW_GRID_T100_S020_GATE90_RAW_BOTH,raw_both,RAW_GRID_T100_S020_GATE90_RAW_BOTH|EURNZD|LONG|18,EURNZD,LONG,session_flatten,2022-01-11T17:15:00.000Z,2022-01-11T21:00:00.000Z,2022-01-10T00:00:00.000Z,2,1,0,0.007051,0.047493,-0.12,-0.020187,-0.092694,-0.23808,0.190898,9,,0.15625,0.2,,DF8EA918EEA5C752437E75A4F019FA81E77CC881A3D5A8B0A7EABBF966133329
RAW_GRID_T100_S020_GATE90_RAW_BOTH,raw_both,RAW_GRID_T100_S020_GATE90_RAW_BOTH|EURNZD|LONG|19,EURNZD,LONG,target,2022-01-11T23:05:00.000Z,2022-01-12T00:04:00.000Z,2022-01-10T00:00:00.000Z,1,0,0,0.13049,0.89554,-0.06,-0.003757,0.831783,-0.062279,0.13049,9,10,0.040972,0.2,,E44D2053FEDE8DEF537DFC461B7A552759D77B9621CE85057F07E1686A6869D0
RAW_GRID_T100_S020_GATE90_RAW_BOTH,raw_both,RAW_GRID_T100_S020_GATE90_RAW_BOTH|EURNZD|LONG|20,EURNZD,LONG,target,2022-01-12T00:32:00.000Z,2022-01-12T01:19:00.000Z,2022-01-10T00:00:00.000Z,1,0,0,0.105786,0.725759,-0.06,-0.002993,0.662766,-0.061297,0.105786,10,11,0.032639,0.2,,A616AC14533CEEBEAD38B39BFF3B93223C287AD74C7AAA7278D4400259A16494
RAW_GRID_T100_S020_GATE90_RAW_BOTH,raw_both,RAW_GRID_T100_S020_GATE90_RAW_BOTH|EURNZD|LONG|21,EURNZD,LONG,target,2022-01-12T01:42:00.000Z,2022-01-12T01:48:00.000Z,2022-01-10T00:00:00.000Z,1,0,0,0.111731,0.766787,-0.06,-0.000382,0.706405,0,0.111731,11,12,0.004167,0.2,,9644077C4DA4F3DA50415ED0DE2B403FC736A820992274CAFD3612E08A89924A
RAW_GRID_T100_S020_GATE90_RAW_BOTH,raw_both,RAW_GRID_T100_S020_GATE90_RAW_BOTH|EURNZD|SHORT|22,EURNZD,SHORT,target,2022-01-12T01:55:00.000Z,2022-01-12T02:03:00.000Z,2022-01-10T00:00:00.000Z,1,0,0,0.121469,0.834436,-0.06,0.000056,0.774492,0,0.121469,7,8,0.005556,0.2,,7BB160357DCC8F40A70EDBCDBB6A39956471EDD9B678EA1AE63F1AFF31BA7493
RAW_GRID_T100_S020_GATE90_RAW_BOTH,raw_both,RAW_GRID_T100_S020_GATE90_RAW_BOTH|EURNZD|LONG|23,EURNZD,LONG,target,2022-01-12T03:58:00.000Z,2022-01-12T07:55:00.000Z,2022-01-10T00:00:00.000Z,1,0,0,0.067242,0.46112,-0.06,-0.015092,0.386028,-0.123608,0.067242,12,13,0.164583,0.2,,53876E762883CA1DF8AEBA3327B1619ADD1FC4F4ED45E1C8E4076BB97789B935
RAW_GRID_T100_S020_GATE90_RAW_BOTH,raw_both,RAW_GRID_T100_S020_GATE90_RAW_BOTH|EURNZD|SHORT|24,EURNZD,SHORT,target,2022-01-12T08:10:00.000Z,2022-01-12T09:26:00.000Z,2022-01-10T00:00:00.000Z,1,0,0,0.072115,0.49522,-0.06,0.000528,0.435748,-0.155096,0.083969,8,9,0.052778,0.2,,0B38215FEE71CD8A4D64B3132866AE58515DBEEC46BF7A85278379A6E5E4663F
RAW_GRID_T100_S020_GATE90_RAW_BOTH,raw_both,RAW_GRID_T100_S020_GATE90_RAW_BOTH|EURNZD|LONG|25,EURNZD,LONG,target,2022-01-12T11:03:00.000Z,2022-01-12T11:32:00.000Z,2022-01-10T00:00:00.000Z,1,0,0,0.128557,0.881713,-0.06,-0.001847,0.819866,-0.015822,0.128557,13,14,0.020139,0.2,,26351B8359415E25DC16489173708503C93302475B07CC2128CEE810DDB57A1D
RAW_GRID_T100_S020_GATE90_RAW_BOTH,raw_both,RAW_GRID_T100_S020_GATE90_RAW_BOTH|EURNZD|SHORT|26,EURNZD,SHORT,target,2022-01-12T12:01:00.000Z,2022-01-12T13:34:00.000Z,2022-01-10T00:00:00.000Z,1,0,0,0.098762,0.678723,-0.06,0.000646,0.619368,-0.118514,0.098762,9,10,0.064583,0.2,,C706357FEAED978B34CC2DF8CAEFBA1EECEA1C72C18BEC297BA4A07A8C1A709C
RAW_GRID_T100_S020_GATE90_RAW_BOTH,raw_both,RAW_GRID_T100_S020_GATE90_RAW_BOTH|EURNZD|LONG|27,EURNZD,LONG,target,2022-01-12T13:36:00.000Z,2022-01-12T13:42:00.000Z,2022-01-10T00:00:00.000Z,1,0,0,0.149326,1.028555,-0.06,-0.000382,0.968173,0,0.149326,14,15,0.004167,0.2,,200F7EAA527878B170A6D7E0D31127B33F43BECC6C0238B94845B19D0B5A1E3C
RAW_GRID_T100_S020_GATE90_RAW_BOTH,raw_both,RAW_GRID_T100_S020_GATE90_RAW_BOTH|EURNZD|LONG|28,EURNZD,LONG,target,2022-01-12T13:44:00.000Z,2022-01-12T13:54:00.000Z,2022-01-10T00:00:00.000Z,1,0,0,0.127545,0.8782,-0.06,-0.000637,0.817564,0,0.127545,15,16,0.006944,0.2,,C8E697EC77C41B763A72415E18AFA9EC0791269DA730C2EFD595C2405B2E6587
RAW_GRID_T100_S020_GATE90_RAW_BOTH,raw_both,RAW_GRID_T100_S020_GATE90_RAW_BOTH|EURNZD|LONG|29,EURNZD,LONG,target,2022-01-12T14:04:00.000Z,2022-01-12T18:16:00.000Z,2022-01-10T00:00:00.000Z,4,3,0,0.047776,0.32168,-0.24,-0.055338,0.026342,-1.259667,0.047776,16,17,0.175,0.2,,8F9E275C97EDC7AF7F45075AB52C18CAB7A8FC433A83347F14AA7F4AA686A6E3
RAW_GRID_T100_S020_GATE90_RAW_BOTH,raw_both,RAW_GRID_T100_S020_GATE90_RAW_BOTH|EURNZD|LONG|30,EURNZD,LONG,target,2022-01-13T00:41:00.000Z,2022-01-13T01:34:00.000Z,2022-01-10T00:00:00.000Z,1,0,0,0.088269,0.609687,-0.06,-0.003375,0.546312,-0.103145,0.08926,17,18,0.036806,0.2,,47D5DF55D264DDF1BBEADE2A40C6E6A26207A5005C8D967B9C9E51A6E900B4F6
RAW_GRID_T100_S020_GATE90_RAW_BOTH,raw_both,RAW_GRID_T100_S020_GATE90_RAW_BOTH|EURNZD|SHORT|31,EURNZD,SHORT,target,2022-01-13T02:06:00.000Z,2022-01-13T02:15:00.000Z,2022-01-10T00:00:00.000Z,1,0,0,0.103024,0.712328,-0.06,0.000062,0.65239,-0.01585,0.103024,10,11,0.00625,0.2,,7116D475B2E7BF30E2A544CCD0E8E90BD5D6698D2EA0EC87942A519D17690164
RAW_GRID_T100_S020_GATE90_RAW_BOTH,raw_both,RAW_GRID_T100_S020_GATE90_RAW_BOTH|EURNZD|SHORT|33,EURNZD,SHORT,target,2022-01-13T13:06:00.000Z,2022-01-13T13:12:00.000Z,2022-01-10T00:00:00.000Z,1,0,0,0.113147,0.78357,-0.06,0.000042,0.723611,0,0.113147,11,12,0.004167,0.2,,86F2CDEAA1AC147E4E1FD638C008457F2FEDE0CAF26C66AD15446F9D64DE2195
RAW_GRID_T100_S020_GATE90_RAW_BOTH,raw_both,RAW_GRID_T100_S020_GATE90_RAW_BOTH|EURNZD|LONG|32,EURNZD,LONG,target,2022-01-13T02:50:00.000Z,2022-01-13T16:20:00.000Z,2022-01-10T00:00:00.000Z,3,2,0,0.031284,0.213262,-0.18,-0.08495,-0.051688,-0.799943,0.031284,18,19,0.5625,0.2,,8C113EB1831E86A7EBE486D4949162893B515BFFAEAD8ECE0599351D0C17B176
RAW_GRID_T100_S020_GATE90_RAW_BOTH,raw_both,RAW_GRID_T100_S020_GATE90_RAW_BOTH|EURNZD|LONG|34,EURNZD,LONG,target,2022-01-13T16:54:00.000Z,2022-01-13T17:02:00.000Z,2022-01-10T00:00:00.000Z,1,0,0,0.110365,0.763451,-0.06,-0.000509,0.702941,-0.005965,0.110365,19,20,0.005556,0.2,,63006677DAA74A3FDE4348F940CD3C72EC20E521E6B106350CB8E86F1AA8CC5F
RAW_GRID_T100_S020_GATE90_RAW_BOTH,raw_both,RAW_GRID_T100_S020_GATE90_RAW_BOTH|EURNZD|SHORT|35,EURNZD,SHORT,target,2022-01-13T17:16:00.000Z,2022-01-13T17:58:00.000Z,2022-01-10T00:00:00.000Z,1,0,0,0.121123,0.838565,-0.06,0.000292,0.778857,-0.07744,0.121123,12,13,0.029167,0.2,,67048CB3B905E368417FE3791AD523BF71DC0D827AC84A54C827A6675FFBD1F6
RAW_GRID_T100_S020_GATE90_RAW_BOTH,raw_both,RAW_GRID_T100_S020_GATE90_RAW_BOTH|EURNZD|SHORT|36,EURNZD,SHORT,target,2022-01-13T18:36:00.000Z,2022-01-13T19:03:00.000Z,2022-01-10T00:00:00.000Z,1,0,0,0.107229,0.742423,-0.06,0.000188,0.68261,-0.0139,0.107229,13,14,0.01875,0.2,,0895BB427CBC7AC66C0A8384575F688F6212B01E264C72C0F7B7E62256EB8A5F
RAW_GRID_T100_S020_GATE90_RAW_BOTH,raw_both,RAW_GRID_T100_S020_GATE90_RAW_BOTH|EURNZD|SHORT|37,EURNZD,SHORT,session_flatten,2022-01-13T19:23:00.000Z,2022-01-13T21:00:00.000Z,2022-01-10T00:00:00.000Z,1,0,0,-0.17473,-1.207118,-0.06,0.000674,-1.266444,-0.211463,0.067509,14,,0.067361,0.2,,251AB137F68AE91E93B4BAFD23C10DBF56CC13B07BF9BBCF4A1BA4721A7C7968
RAW_GRID_T100_S020_GATE90_RAW_BOTH,raw_both,RAW_GRID_T100_S020_GATE90_RAW_BOTH|EURNZD|SHORT|38,EURNZD,SHORT,target,2022-01-13T23:05:00.000Z,2022-01-14T06:02:00.000Z,2022-01-10T00:00:00.000Z,3,2,0,0.039153,0.27472,-0.18,0.006688,0.101407,-1.102426,0.039153,14,15,0.289583,0.2,,A8C7A92E9F77DF5463C5277F001CF213B2C7E3F3943F9B70F29F05807414B129
RAW_GRID_T100_S020_GATE90_RAW_BOTH,raw_both,RAW_GRID_T100_S020_GATE90_RAW_BOTH|EURNZD|LONG|39,EURNZD,LONG,target,2022-01-14T06:05:00.000Z,2022-01-14T07:45:00.000Z,2022-01-10T00:00:00.000Z,1,0,0,0.096132,0.665437,-0.06,-0.006368,0.599069,-0.083249,0.096132,20,21,0.069444,0.2,,886CB83AEBFF37B15035A8FB3F27E5034930E933BB0963E4BB136050D53F655F
RAW_GRID_T100_S020_GATE90_RAW_BOTH,raw_both,RAW_GRID_T100_S020_GATE90_RAW_BOTH|EURNZD|LONG|40,EURNZD,LONG,target,2022-01-14T07:47:00.000Z,2022-01-14T08:52:00.000Z,2022-01-10T00:00:00.000Z,2,1,0,0.307541,2.128394,-0.12,-0.006241,2.002153,-0.239866,0.307541,21,22,0.045139,0.2,,AF36A18DD05E822B2E315DC694E3B23E7010335E171A2A5CA966D350B87F1F01
RAW_GRID_T100_S020_GATE90_RAW_BOTH,raw_both,RAW_GRID_T100_S020_GATE90_RAW_BOTH|EURNZD|SHORT|41,EURNZD,SHORT,target,2022-01-14T09:34:00.000Z,2022-01-14T11:21:00.000Z,2022-01-10T00:00:00.000Z,1,0,0,0.105955,0.733527,-0.06,0.000743,0.67427,-0.052482,0.105955,15,16,0.074306,0.2,,471B3BDC17E52218BE9AF0C0B61A1C33E2AB3E8D37A71DFC294D914FE06C5F2B
RAW_GRID_T100_S020_GATE90_RAW_BOTH,raw_both,RAW_GRID_T100_S020_GATE90_RAW_BOTH|EURNZD|SHORT|42,EURNZD,SHORT,target,2022-01-14T11:59:00.000Z,2022-01-14T14:39:00.000Z,2022-01-10T00:00:00.000Z,2,1,0,0.030513,0.211864,-0.12,0.001792,0.093656,-0.539424,0.046537,16,17,0.111111,0.2,,C9FDFE0F829494A2F321256192A0B22CBFCECBD3CAC98011717747C0F005182F
RAW_GRID_T100_S020_GATE90_RAW_BOTH,raw_both,RAW_GRID_T100_S020_GATE90_RAW_BOTH|EURNZD|SHORT|43,EURNZD,SHORT,target,2022-01-14T14:43:00.000Z,2022-01-14T14:47:00.000Z,2022-01-10T00:00:00.000Z,1,0,0,0.1048,0.724138,-0.06,0.000028,0.664166,-0.005933,0.1048,17,18,0.002778,0.2,,12195D806FC786CE1EC58C20C989563B749321BCE263C3DFE5424163C73AB436
RAW_GRID_T100_S020_GATE90_RAW_BOTH,raw_both,RAW_GRID_T100_S020_GATE90_RAW_BOTH|EURNZD|SHORT|44,EURNZD,SHORT,target,2022-01-14T14:49:00.000Z,2022-01-14T14:59:00.000Z,2022-01-10T00:00:00.000Z,1,0,0,0.087994,0.608156,-0.06,0.000069,0.548226,-0.038559,0.087994,18,19,0.006944,0.2,,E56752069B8D2E951390041728E78B29FFAA4AC6A26A1F3D04169952A7C34BFD
RAW_GRID_T100_S020_GATE90_RAW_BOTH,raw_both,RAW_GRID_T100_S020_GATE90_RAW_BOTH|EURNZD|SHORT|45,EURNZD,SHORT,target,2022-01-14T15:03:00.000Z,2022-01-14T15:12:00.000Z,2022-01-10T00:00:00.000Z,1,0,0,0.138403,0.956223,-0.06,0.000063,0.896286,-0.023726,0.138403,19,20,0.00625,0.2,,3B31E7C3AE78AFC147E41A54FF859E29970AF1FBCD50701679AD82F24E60453E
RAW_GRID_T100_S020_GATE90_RAW_BOTH,raw_both,RAW_GRID_T100_S020_GATE90_RAW_BOTH|EURUSD|LONG|1,EURUSD,LONG,target,2022-01-10T14:03:00.000Z,2022-01-10T15:35:00.000Z,2022-01-10T00:00:00.000Z,1,0,0,0.264819,1.849995,-0.06,-0.005859,1.784137,-0.148872,0.264819,0,1,0.063889,0.2,,99B744CAF7F239E36EAF66F875DEDE06426A1CBE58719A4DDDA5E7396008A8AA
RAW_GRID_T100_S020_GATE90_RAW_BOTH,raw_both,RAW_GRID_T100_S020_GATE90_RAW_BOTH|EURUSD|SHORT|2,EURUSD,SHORT,session_flatten,2022-01-10T15:44:00.000Z,2022-01-10T21:00:00.000Z,2022-01-10T00:00:00.000Z,1,0,0,-0.071398,-0.500002,-0.06,0.002194,-0.557808,-0.165642,0.101384,0,,0.219444,0.2,,B17D154EA226AE51BD7CA00715639A6FD0E2EE98FD55250426904233DBA3F050
RAW_GRID_T100_S020_GATE90_RAW_BOTH,raw_both,RAW_GRID_T100_S020_GATE90_RAW_BOTH|EURUSD|SHORT|3,EURUSD,SHORT,target,2022-01-10T23:05:00.000Z,2022-01-11T09:46:00.000Z,2022-01-10T00:00:00.000Z,2,1,0,0.165316,1.160012,-0.12,0.007493,1.047505,-0.45085,0.165316,0,1,0.445139,0.2,,77B01B4EE9A9B1DC1E5CC04ED506192ABFD22366E0AA7189C7A6A2D3E7765827
RAW_GRID_T100_S020_GATE90_RAW_BOTH,raw_both,RAW_GRID_T100_S020_GATE90_RAW_BOTH|EURUSD|LONG|4,EURUSD,LONG,target,2022-01-11T10:28:00.000Z,2022-01-11T10:39:00.000Z,2022-01-10T00:00:00.000Z,1,0,0,0.119899,0.840004,-0.06,-0.0007,0.779304,-0.02141,0.119899,1,2,0.007639,0.2,,158E5C14F01D6ED0A35BE8E2C700C37CF4240B58947882CC4D0216D22DC709E9
RAW_GRID_T100_S020_GATE90_RAW_BOTH,raw_both,RAW_GRID_T100_S020_GATE90_RAW_BOTH|EURUSD|LONG|5,EURUSD,LONG,target,2022-01-11T10:55:00.000Z,2022-01-11T11:36:00.000Z,2022-01-10T00:00:00.000Z,1,0,0,0.114184,0.800002,-0.06,-0.002611,0.737391,-0.034256,0.114184,2,3,0.028472,0.2,,6384B29B1A81B7AF240C959882DE0E3B3A7D8D3A10B7BF172A6AEFAA932BA295
RAW_GRID_T100_S020_GATE90_RAW_BOTH,raw_both,RAW_GRID_T100_S020_GATE90_RAW_BOTH|EURUSD|SHORT|6,EURUSD,SHORT,target,2022-01-11T11:53:00.000Z,2022-01-11T12:10:00.000Z,2022-01-10T00:00:00.000Z,1,0,0,0.122581,0.860005,-0.06,0.000118,0.800123,0,0.122581,1,2,0.011806,0.2,,9D65085B646F23C58796B3911E7809FFB7A2958957D9477A23DDB882DAFBAB36
RAW_GRID_T100_S020_GATE90_RAW_BOTH,raw_both,RAW_GRID_T100_S020_GATE90_RAW_BOTH|EURUSD|LONG|7,EURUSD,LONG,target,2022-01-11T13:02:00.000Z,2022-01-11T13:08:00.000Z,2022-01-10T00:00:00.000Z,1,0,0,0.105616,0.739999,-0.06,-0.000382,0.679617,0,0.105616,3,4,0.004167,0.2,,FF61BF6E553515532B20AFCDB328482583643DF4DE3D75A1D9AC9E56360651CD
RAW_GRID_T100_S020_GATE90_RAW_BOTH,raw_both,RAW_GRID_T100_S020_GATE90_RAW_BOTH|EURUSD|LONG|8,EURUSD,LONG,target,2022-01-11T13:39:00.000Z,2022-01-11T15:06:00.000Z,2022-01-10T00:00:00.000Z,2,1,0,0.355749,2.489997,-0.12,-0.006814,2.363183,-0.238373,0.355749,4,5,0.060417,0.2,,F25D0CCF4CF1402A3AAD5817CD187389B5102C4FDE34E6DC0AC02E6E51846747
RAW_GRID_T100_S020_GATE90_RAW_BOTH,raw_both,RAW_GRID_T100_S020_GATE90_RAW_BOTH|EURUSD|SHORT|9,EURUSD,SHORT,session_flatten,2022-01-11T15:10:00.000Z,2022-01-11T21:00:00.000Z,2022-01-10T00:00:00.000Z,3,2,0,-0.564483,-3.959995,-0.18,0.006278,-4.133718,-0.953282,0.092693,2,,0.243056,0.2,,670EA426A80AFBC912ADC0780A42B68D47A073C2C2AB614A0A2432770652D1B0
RAW_GRID_T100_S020_GATE90_RAW_BOTH,raw_both,RAW_GRID_T100_S020_GATE90_RAW_BOTH|EURUSD|SHORT|10,EURUSD,SHORT,target,2022-01-11T23:05:00.000Z,2022-01-12T07:23:00.000Z,2022-01-10T00:00:00.000Z,1,0,0,0.115196,0.810003,-0.06,0.003458,0.753461,-0.127995,0.115196,2,3,0.345833,0.2,,0CDA76E77329AD12C064AC03ADA47258C3071A0C7D4B93405DE3147C4FD1EF28
RAW_GRID_T100_S020_GATE90_RAW_BOTH,raw_both,RAW_GRID_T100_S020_GATE90_RAW_BOTH|EURUSD|SHORT|11,EURUSD,SHORT,target,2022-01-12T09:20:00.000Z,2022-01-12T09:40:00.000Z,2022-01-10T00:00:00.000Z,1,0,0,0.125107,0.879999,-0.06,0.000139,0.820138,-0.005687,0.125107,3,4,0.013889,0.2,,9D75CAAB8652046FE2AFF5D8D190FA8AAEA5674BFE74D9DFA387CA5EF367DF92
RAW_GRID_T100_S020_GATE90_RAW_BOTH,raw_both,RAW_GRID_T100_S020_GATE90_RAW_BOTH|EURUSD|LONG|12,EURUSD,LONG,target,2022-01-12T10:46:00.000Z,2022-01-12T12:08:00.000Z,2022-01-10T00:00:00.000Z,1,0,0,0.125289,0.879999,-0.06,-0.005222,0.814777,-0.025628,0.125289,5,6,0.056944,0.2,,9BDE0E23D4C39DF9F79165C268F586AD057EB8835A8F54CFA7B37B96B071B03D
RAW_GRID_T100_S020_GATE90_RAW_BOTH,raw_both,RAW_GRID_T100_S020_GATE90_RAW_BOTH|EURUSD|SHORT|13,EURUSD,SHORT,target,2022-01-12T13:20:00.000Z,2022-01-12T13:31:00.000Z,2022-01-10T00:00:00.000Z,1,0,0,0.172013,1.21,-0.06,0.000076,1.150077,-0.012794,0.172013,4,5,0.007639,0.2,,5D24FA155BA6B78E4B6F94A02C0EA0BFA8A159C05B2CF7DBDF765DDCEEC9AB32
RAW_GRID_T100_S020_GATE90_RAW_BOTH,raw_both,RAW_GRID_T100_S020_GATE90_RAW_BOTH|EURUSD|SHORT|14,EURUSD,SHORT,target,2022-01-12T13:31:00.000Z,2022-01-12T13:31:00.000Z,2022-01-10T00:00:00.000Z,1,0,0,0.177644,1.249995,-0.06,0,1.189995,0,0.177644,5,6,0,0.2,,FBF815D6318FFB414CED95922F4C59331AEB749613C2AA58E84F448D35238C19
RAW_GRID_T100_S020_GATE90_RAW_BOTH,raw_both,RAW_GRID_T100_S020_GATE90_RAW_BOTH|EURUSD|SHORT|15,EURUSD,SHORT,session_flatten,2022-01-12T13:33:00.000Z,2022-01-12T21:00:00.000Z,2022-01-10T00:00:00.000Z,6,5,0,-2.890685,-20.380011,-0.36,0.013792,-20.72622,-3.094628,0.092355,6,,0.310417,0.2,,74CDC89472ABC705C21B2445126E56EDDD65D9F70E6EA1C97068CA1C1F870C27
RAW_GRID_T100_S020_GATE90_RAW_BOTH,raw_both,RAW_GRID_T100_S020_GATE90_RAW_BOTH|EURUSD|SHORT|16,EURUSD,SHORT,target,2022-01-12T23:05:00.000Z,2022-01-13T10:44:00.000Z,2022-01-10T00:00:00.000Z,3,2,0,0.013542,0.099998,-0.18,0.007292,-0.072711,-0.87126,0.096088,6,7,0.485417,0.2,,5C12C7AFA1D45005619CFD6131A8CC9013AC8DDB849846E06C771FEBB703FE0D
RAW_GRID_T100_S020_GATE90_RAW_BOTH,raw_both,RAW_GRID_T100_S020_GATE90_RAW_BOTH|EURUSD|SHORT|17,EURUSD,SHORT,target,2022-01-13T11:22:00.000Z,2022-01-13T11:30:00.000Z,2022-01-10T00:00:00.000Z,1,0,0,0.10432,0.739999,-0.06,0.000056,0.680055,-0.004229,0.10432,7,8,0.005556,0.2,,1D680072D9F5952673C827DF054160085DFC9DC1A626EEA8A45A206625F5E23E
RAW_GRID_T100_S020_GATE90_RAW_BOTH,raw_both,RAW_GRID_T100_S020_GATE90_RAW_BOTH|EURUSD|LONG|18,EURUSD,LONG,target,2022-01-13T12:09:00.000Z,2022-01-13T12:23:00.000Z,2022-01-10T00:00:00.000Z,1,0,0,0.125621,0.889999,-0.06,-0.000892,0.829108,-0.02964,0.125621,6,7,0.009722,0.2,,A9F7DB20B60E9BEF84478EB213AE7B4DC0FE2AA0A04F0C0B2B9A5F79F6DBF32C
RAW_GRID_T100_S020_GATE90_RAW_BOTH,raw_both,RAW_GRID_T100_S020_GATE90_RAW_BOTH|EURUSD|LONG|19,EURUSD,LONG,target,2022-01-13T12:59:00.000Z,2022-01-13T13:03:00.000Z,2022-01-10T00:00:00.000Z,1,0,0,0.11573,0.819996,-0.06,-0.000255,0.759741,0,0.11573,7,8,0.002778,0.2,,6F5CC2CA404248680135067AF3C850EC9DCBA2889ED2C202F9861A4A8B29C86B
RAW_GRID_T100_S020_GATE90_RAW_BOTH,raw_both,RAW_GRID_T100_S020_GATE90_RAW_BOTH|EURUSD|SHORT|20,EURUSD,SHORT,target,2022-01-13T14:00:00.000Z,2022-01-13T15:21:00.000Z,2022-01-10T00:00:00.000Z,1,0,0,0.098659,0.699998,-0.06,0.000562,0.64056,-0.138124,0.098659,8,9,0.05625,0.2,,7401BF86DC0769B65531E810A69A02873D1E19144A948B70BBD7AE607597559C
RAW_GRID_T100_S020_GATE90_RAW_BOTH,raw_both,RAW_GRID_T100_S020_GATE90_RAW_BOTH|EURUSD|LONG|21,EURUSD,LONG,target,2022-01-13T15:29:00.000Z,2022-01-13T16:06:00.000Z,2022-01-10T00:00:00.000Z,1,0,0,0.090302,0.639995,-0.06,-0.002356,0.577639,-0.172139,0.090302,8,9,0.025694,0.2,,F8E3D79EE042194238C8AD8C279F064EC75B5BBB5BB5E089AE459F91C996F74E
RAW_GRID_T100_S020_GATE90_RAW_BOTH,raw_both,RAW_GRID_T100_S020_GATE90_RAW_BOTH|EURUSD|SHORT|22,EURUSD,SHORT,target,2022-01-13T16:26:00.000Z,2022-01-13T16:47:00.000Z,2022-01-10T00:00:00.000Z,1,0,0,0.101491,0.719999,-0.06,0.000146,0.660144,-0.019734,0.101491,9,10,0.014583,0.2,,04C1B5F27E15470D6D67B936DDC8C9FADAA0E321ED3842E3ED5D556F48E11EF1
RAW_GRID_T100_S020_GATE90_RAW_BOTH,raw_both,RAW_GRID_T100_S020_GATE90_RAW_BOTH|EURUSD|LONG|23,EURUSD,LONG,target,2022-01-13T17:23:00.000Z,2022-01-13T17:30:00.000Z,2022-01-10T00:00:00.000Z,1,0,0,0.098794,0.699998,-0.06,-0.000446,0.639552,-0.018348,0.098794,9,10,0.004861,0.2,,1B47418850C525B08DB90D63CE63303D33526B203D1119349C1C72DDD5BBEFE4
RAW_GRID_T100_S020_GATE90_RAW_BOTH,raw_both,RAW_GRID_T100_S020_GATE90_RAW_BOTH|EURUSD|LONG|24,EURUSD,LONG,session_flatten,2022-01-13T20:16:00.000Z,2022-01-13T21:00:00.000Z,2022-01-10T00:00:00.000Z,1,0,0,-0.053634,-0.380004,-0.06,-0.002802,-0.442806,-0.062102,0.045165,10,,0.030556,0.2,,6455A9B74CAFAC5790307428261DD2BDF81189D3AB4255CF344D1986C28F95FD
RAW_GRID_T100_S020_GATE90_RAW_BOTH,raw_both,RAW_GRID_T100_S020_GATE90_RAW_BOTH|EURUSD|LONG|25,EURUSD,LONG,target,2022-01-13T23:30:00.000Z,2022-01-14T01:12:00.000Z,2022-01-10T00:00:00.000Z,1,0,0,0.090336,0.640002,-0.06,-0.006495,0.573506,-0.053636,0.090336,10,11,0.070833,0.2,,AE758384B1834BE27F14A25CA7F2509E0ECE67763A94E00D076B859C4A83FF34
RAW_GRID_T100_S020_GATE90_RAW_BOTH,raw_both,RAW_GRID_T100_S020_GATE90_RAW_BOTH|EURUSD|SHORT|26,EURUSD,SHORT,target,2022-01-14T02:56:00.000Z,2022-01-14T07:12:00.000Z,2022-01-10T00:00:00.000Z,1,0,0,0.069076,0.490002,-0.06,0.001778,0.43178,-0.183261,0.069076,10,11,0.177778,0.2,,5D0388E214AE11BE7BCE0287DE8617F93E1935C9E6CE854E4F2A279E911FD54A
RAW_GRID_T100_S020_GATE90_RAW_BOTH,raw_both,RAW_GRID_T100_S020_GATE90_RAW_BOTH|EURUSD|SHORT|27,EURUSD,SHORT,target,2022-01-14T08:43:00.000Z,2022-01-14T08:56:00.000Z,2022-01-10T00:00:00.000Z,1,0,0,0.116954,0.829997,-0.06,0.00009,0.770087,0,0.116954,11,12,0.009028,0.2,,B1E2E89BAF29555D26CE7530B4EB91DD45B0E65E368157315BC0D516F637DE9B
RAW_GRID_T100_S020_GATE90_RAW_BOTH,raw_both,RAW_GRID_T100_S020_GATE90_RAW_BOTH|EURUSD|LONG|28,EURUSD,LONG,target,2022-01-14T09:29:00.000Z,2022-01-14T09:36:00.000Z,2022-01-10T00:00:00.000Z,1,0,0,0.122759,0.869999,-0.06,-0.000446,0.809553,-0.008467,0.122759,11,12,0.004861,0.2,,2AEAF8B3C210742AFEE99596F52A93F0B8EFC18587CF047948CCEC913CA6175E
RAW_GRID_T100_S020_GATE90_RAW_BOTH,raw_both,RAW_GRID_T100_S020_GATE90_RAW_BOTH|GBPAUD|SHORT|1,GBPAUD,SHORT,target,2022-01-10T12:16:00.000Z,2022-01-10T13:35:00.000Z,2022-01-10T00:00:00.000Z,1,0,0,0.074638,0.588518,-0.06,0.000549,0.529067,-0.134712,0.100124,0,1,0.054861,0.2,,1FFDFC148DBEA0483EB3E5283A4B4071F0AC747AB8C092337977539D70479C4D
RAW_GRID_T100_S020_GATE90_RAW_BOTH,raw_both,RAW_GRID_T100_S020_GATE90_RAW_BOTH|GBPAUD|LONG|2,GBPAUD,LONG,target,2022-01-10T14:22:00.000Z,2022-01-10T14:34:00.000Z,2022-01-10T00:00:00.000Z,1,0,0,0.11845,0.93176,-0.06,-0.000764,0.870996,-0.035535,0.11845,0,1,0.008333,0.2,,6FC968E27F9C67667E04E05F78BBA3654C3D90D79347B226F397B3E71BBB19A9
RAW_GRID_T100_S020_GATE90_RAW_BOTH,raw_both,RAW_GRID_T100_S020_GATE90_RAW_BOTH|GBPAUD|SHORT|3,GBPAUD,SHORT,target,2022-01-10T14:39:00.000Z,2022-01-10T16:29:00.000Z,2022-01-10T00:00:00.000Z,3,2,0,0.416656,3.291302,-0.18,0.001583,3.112886,-0.81586,0.416656,1,2,0.076389,0.2,,04B09F0284F2167CF0770A13B48CDC6E081BC664CECBF606AB5850AB466C9842
RAW_GRID_T100_S020_GATE90_RAW_BOTH,raw_both,RAW_GRID_T100_S020_GATE90_RAW_BOTH|GBPAUD|SHORT|4,GBPAUD,SHORT,target,2022-01-10T16:53:00.000Z,2022-01-10T16:59:00.000Z,2022-01-10T00:00:00.000Z,1,0,0,0.107245,0.846038,-0.06,0.000042,0.78608,-0.019086,0.107245,2,3,0.004167,0.2,,483F7BF032841A7574A1BD6A392180B26D989E68BA57F11C9A2ED15E6BF84A46
RAW_GRID_T100_S020_GATE90_RAW_BOTH,raw_both,RAW_GRID_T100_S020_GATE90_RAW_BOTH|GBPAUD|SHORT|5,GBPAUD,SHORT,target,2022-01-10T18:12:00.000Z,2022-01-10T18:53:00.000Z,2022-01-10T00:00:00.000Z,1,0,0,0.110866,0.875055,-0.06,0.000285,0.81534,-0.009996,0.110866,3,4,0.028472,0.2,,3196BEF4066B5521D8A80DDA41CA205FFB22C612A8F4C07B949E18632C1F864A
RAW_GRID_T100_S020_GATE90_RAW_BOTH,raw_both,RAW_GRID_T100_S020_GATE90_RAW_BOTH|GBPAUD|SHORT|6,GBPAUD,SHORT,target,2022-01-10T19:49:00.000Z,2022-01-10T20:00:00.000Z,2022-01-10T00:00:00.000Z,1,0,0,0.094501,0.745332,-0.06,0.000076,0.685408,-0.038165,0.094501,4,5,0.007639,0.2,,AFC91A4F07AF83D7D08CB88F1F4B84E68EAA4A97A8EDB83D794B4BB14555A080
RAW_GRID_T100_S020_GATE90_RAW_BOTH,raw_both,RAW_GRID_T100_S020_GATE90_RAW_BOTH|GBPAUD|LONG|7,GBPAUD,LONG,target,2022-01-10T23:37:00.000Z,2022-01-11T01:50:00.000Z,2022-01-10T00:00:00.000Z,1,0,0,0.030019,0.236945,-0.06,-0.00847,0.168475,-0.19285,0.033658,1,2,0.092361,0.2,,D52C411933D406624CE311967D9458659CC68DA1A88D5F641BDDC94DE1CFB30C
RAW_GRID_T100_S020_GATE90_RAW_BOTH,raw_both,RAW_GRID_T100_S020_GATE90_RAW_BOTH|GBPAUD|LONG|8,GBPAUD,LONG,target,2022-01-11T02:23:00.000Z,2022-01-11T04:29:00.000Z,2022-01-10T00:00:00.000Z,1,0,0,0.072809,0.574986,-0.06,-0.008024,0.506963,-0.126506,0.08191,2,3,0.0875,0.2,,0C207A35E745F99F657D185535CE5225CACF7DCB42FAECB1481956FC757C6C61
RAW_GRID_T100_S020_GATE90_RAW_BOTH,raw_both,RAW_GRID_T100_S020_GATE90_RAW_BOTH|GBPAUD|SHORT|9,GBPAUD,SHORT,target,2022-01-11T06:31:00.000Z,2022-01-11T07:20:00.000Z,2022-01-10T00:00:00.000Z,2,1,0,0.34881,2.758468,-0.12,0.000535,2.639002,-0.203659,0.34881,5,6,0.034028,0.2,,615CD6D352994B6C60EBD3D2E0818D46E4CCBC3A090C5388827A06D181A04C85
RAW_GRID_T100_S020_GATE90_RAW_BOTH,raw_both,RAW_GRID_T100_S020_GATE90_RAW_BOTH|GBPAUD|SHORT|10,GBPAUD,SHORT,target,2022-01-11T08:06:00.000Z,2022-01-11T08:06:00.000Z,2022-01-10T00:00:00.000Z,1,0,0,0.177208,1.401793,-0.06,0,1.341793,0,0.177208,6,7,0,0.2,,EF340DBEC7D479DF3D72E5F19FEA6FCBB8477F1A78D2AE7216491B2C19BAF2F2
RAW_GRID_T100_S020_GATE90_RAW_BOTH,raw_both,RAW_GRID_T100_S020_GATE90_RAW_BOTH|GBPAUD|SHORT|11,GBPAUD,SHORT,target,2022-01-11T08:06:00.000Z,2022-01-11T09:35:00.000Z,2022-01-10T00:00:00.000Z,2,1,0,0.236072,1.86872,-0.12,0.001035,1.749755,-0.269026,0.236072,7,8,0.061806,0.2,,9A4D3AD61D1BD4E329163221A5C0443C8DF5CABEF962D66168B04039FCD9B6CD
RAW_GRID_T100_S020_GATE90_RAW_BOTH,raw_both,RAW_GRID_T100_S020_GATE90_RAW_BOTH|GBPAUD|SHORT|12,GBPAUD,SHORT,target,2022-01-11T09:46:00.000Z,2022-01-11T11:26:00.000Z,2022-01-10T00:00:00.000Z,1,0,0,0.039973,0.315838,-0.06,0.000694,0.256533,-0.145359,0.076313,8,9,0.069444,0.2,,0AE37BCF142931D79F404D7430F3BEC1EC61B52EA3673EE316889638918CB3D6
RAW_GRID_T100_S020_GATE90_RAW_BOTH,raw_both,RAW_GRID_T100_S020_GATE90_RAW_BOTH|GBPAUD|SHORT|13,GBPAUD,SHORT,target,2022-01-11T11:39:00.000Z,2022-01-11T11:52:00.000Z,2022-01-10T00:00:00.000Z,1,0,0,0.120762,0.954839,-0.06,0.00009,0.894929,-0.018159,0.120762,9,10,0.009028,0.2,,61082AF1545A6051D03B5D0FA390CD7555302E5663885EFD5CFCC63B2F3375F9
RAW_GRID_T100_S020_GATE90_RAW_BOTH,raw_both,RAW_GRID_T100_S020_GATE90_RAW_BOTH|GBPAUD|LONG|14,GBPAUD,LONG,target,2022-01-11T11:56:00.000Z,2022-01-11T12:12:00.000Z,2022-01-10T00:00:00.000Z,1,0,0,0.149133,1.17716,-0.06,-0.001019,1.116141,-0.064563,0.149133,3,4,0.011111,0.2,,D7A0007E48A8C29E8C032CD7D4E5BBCC7E6C5D424A9CD2F8CB871567CF8B0FB5
RAW_GRID_T100_S020_GATE90_RAW_BOTH,raw_both,RAW_GRID_T100_S020_GATE90_RAW_BOTH|GBPAUD|LONG|15,GBPAUD,LONG,target,2022-01-11T13:05:00.000Z,2022-01-11T13:17:00.000Z,2022-01-10T00:00:00.000Z,1,0,0,0.105458,0.832091,-0.06,-0.000764,0.771327,-0.047274,0.105458,4,5,0.008333,0.2,,0A3FC0BB57E89699AFFEA8208BF3C7D3EA30D43E1BA9BAD908365A44D752ED56
RAW_GRID_T100_S020_GATE90_RAW_BOTH,raw_both,RAW_GRID_T100_S020_GATE90_RAW_BOTH|GBPAUD|LONG|16,GBPAUD,LONG,target,2022-01-11T13:35:00.000Z,2022-01-11T13:44:00.000Z,2022-01-10T00:00:00.000Z,1,0,0,0.124564,0.981688,-0.06,-0.000573,0.921115,-0.000909,0.124564,5,6,0.00625,0.2,,02D249F624391EE5D96931AC6EF16A5BF460A8AEE69BC26268D3455AF83A82F0
RAW_GRID_T100_S020_GATE90_RAW_BOTH,raw_both,RAW_GRID_T100_S020_GATE90_RAW_BOTH|GBPAUD|SHORT|17,GBPAUD,SHORT,target,2022-01-11T14:06:00.000Z,2022-01-11T14:52:00.000Z,2022-01-10T00:00:00.000Z,1,0,0,0.076278,0.60132,-0.06,0.000319,0.54164,-0.123495,0.08899,10,11,0.031944,0.2,,6E16A52B492F1A23518CC1CDE39EA41DB9B40968537A2B7D7678A761A525DE85
RAW_GRID_T100_S020_GATE90_RAW_BOTH,raw_both,RAW_GRID_T100_S020_GATE90_RAW_BOTH|GBPAUD|SHORT|18,GBPAUD,SHORT,target,2022-01-11T14:55:00.000Z,2022-01-11T15:01:00.000Z,2022-01-10T00:00:00.000Z,1,0,0,0.195198,1.54009,-0.06,0.000042,1.480131,-0.053566,0.195198,11,12,0.004167,0.2,,6148EC8581A4CA98B14FEC42D3ED7EC16FE0D46594752A28159AFAD5BF0E7F7C
RAW_GRID_T100_S020_GATE90_RAW_BOTH,raw_both,RAW_GRID_T100_S020_GATE90_RAW_BOTH|GBPAUD|LONG|19,GBPAUD,LONG,target,2022-01-11T15:10:00.000Z,2022-01-11T15:19:00.000Z,2022-01-10T00:00:00.000Z,1,0,0,0.116354,0.918506,-0.06,-0.000573,0.857933,-0.007272,0.116354,6,7,0.00625,0.2,,82B993046971A81C4E0984A09203230666853303EB1230FD5E9FAD12CD8863D3
RAW_GRID_T100_S020_GATE90_RAW_BOTH,raw_both,RAW_GRID_T100_S020_GATE90_RAW_BOTH|GBPAUD|LONG|20,GBPAUD,LONG,target,2022-01-11T15:28:00.000Z,2022-01-11T15:42:00.000Z,2022-01-10T00:00:00.000Z,1,0,0,0.139987,1.106119,-0.06,-0.000892,1.045228,-0.005454,0.139987,7,8,0.009722,0.2,,1EDFBD5844A580937AAC39795D8A107AA8F3E3408E53E78E3D0F01215B5A734F
RAW_GRID_T100_S020_GATE90_RAW_BOTH,raw_both,RAW_GRID_T100_S020_GATE90_RAW_BOTH|GBPAUD|SHORT|21,GBPAUD,SHORT,target,2022-01-11T15:51:00.000Z,2022-01-11T16:04:00.000Z,2022-01-10T00:00:00.000Z,1,0,0,0.121652,0.962604,-0.06,0.00009,0.902695,-0.014525,0.121652,12,13,0.009028,0.2,,785BBD94B6EF539B5688C304719FFCE120D05C689737B0D2994639B0491A2FB1
RAW_GRID_T100_S020_GATE90_RAW_BOTH,raw_both,RAW_GRID_T100_S020_GATE90_RAW_BOTH|GBPAUD|SHORT|22,GBPAUD,SHORT,target,2022-01-11T16:07:00.000Z,2022-01-11T16:16:00.000Z,2022-01-10T00:00:00.000Z,1,0,0,0.152524,1.207648,-0.06,0.000063,1.147711,-0.000908,0.152524,13,14,0.00625,0.2,,1530B06FFA91099C73D2A3FE62785D45EBCB078663ABB961558661F53F2BA6D7
RAW_GRID_T100_S020_GATE90_RAW_BOTH,raw_both,RAW_GRID_T100_S020_GATE90_RAW_BOTH|GBPAUD|LONG|23,GBPAUD,LONG,session_flatten,2022-01-11T16:20:00.000Z,2022-01-11T21:00:00.000Z,2022-01-10T00:00:00.000Z,2,1,0,-0.267272,-2.119849,-0.12,-0.028274,-2.268123,-0.587421,0.065446,8,,0.194444,0.2,,09C181EE3BC741F7F8E77FDFBBDD776D08FE66F35A5DC4C0B7CB98CD53B3DF68
RAW_GRID_T100_S020_GATE90_RAW_BOTH,raw_both,RAW_GRID_T100_S020_GATE90_RAW_BOTH|GBPAUD|LONG|24,GBPAUD,LONG,target,2022-01-11T23:05:00.000Z,2022-01-12T01:18:00.000Z,2022-01-10T00:00:00.000Z,1,0,0,0.074617,0.591118,-0.06,-0.00847,0.522649,-0.072798,0.080077,8,9,0.092361,0.2,,31D27EBA5506EBD012DA37F4BF71881BB188094D728E462D564550DDCA37215B
RAW_GRID_T100_S020_GATE90_RAW_BOTH,raw_both,RAW_GRID_T100_S020_GATE90_RAW_BOTH|GBPAUD|LONG|25,GBPAUD,LONG,target,2022-01-12T01:36:00.000Z,2022-01-12T01:55:00.000Z,2022-01-10T00:00:00.000Z,1,0,0,0.099209,0.785734,-0.06,-0.00121,0.724524,-0.052791,0.099209,9,10,0.013194,0.2,,23476F8062B5DAE2B37E100988B53DE6DC0D9D99C585F0A549BB639514D324A0
RAW_GRID_T100_S020_GATE90_RAW_BOTH,raw_both,RAW_GRID_T100_S020_GATE90_RAW_BOTH|GBPAUD|LONG|26,GBPAUD,LONG,target,2022-01-12T03:56:00.000Z,2022-01-12T07:37:00.000Z,2022-01-10T00:00:00.000Z,1,0,0,0.050068,0.396541,-0.06,-0.014073,0.322468,-0.111062,0.070097,10,11,0.153472,0.2,,8CC8397F303859ACD7F98DEB07CBEE3F9F17829CCDDC8D57185F4821EA598FC0
RAW_GRID_T100_S020_GATE90_RAW_BOTH,raw_both,RAW_GRID_T100_S020_GATE90_RAW_BOTH|GBPAUD|SHORT|27,GBPAUD,SHORT,target,2022-01-12T07:54:00.000Z,2022-01-12T08:23:00.000Z,2022-01-10T00:00:00.000Z,1,0,0,0.109148,0.865052,-0.06,0.000201,0.805253,-0.070038,0.109148,14,15,0.020139,0.2,,DC904F9AAC786D7106FD8E46BDE467CFF8878ED6A77E7CBCB1FE314BA9457A09
RAW_GRID_T100_S020_GATE90_RAW_BOTH,raw_both,RAW_GRID_T100_S020_GATE90_RAW_BOTH|GBPAUD|SHORT|28,GBPAUD,SHORT,target,2022-01-12T08:28:00.000Z,2022-01-12T09:23:00.000Z,2022-01-10T00:00:00.000Z,1,0,0,0.094581,0.749594,-0.06,0.000382,0.689975,-0.087305,0.094581,15,16,0.038194,0.2,,4315A7EF68700DF0524E64365D35C7C74E3AA85F04430458C349EBDE56B191CF
RAW_GRID_T100_S020_GATE90_RAW_BOTH,raw_both,RAW_GRID_T100_S020_GATE90_RAW_BOTH|GBPAUD|LONG|29,GBPAUD,LONG,target,2022-01-12T09:40:00.000Z,2022-01-12T11:25:00.000Z,2022-01-10T00:00:00.000Z,1,0,0,0.087404,0.692355,-0.06,-0.006686,0.625668,-0.062821,0.087404,11,12,0.072917,0.2,,485F7260C0C6BB2F9727389488DAD239CA9BEBB6F1DBD183DE118BAE1D0AEBF1
RAW_GRID_T100_S020_GATE90_RAW_BOTH,raw_both,RAW_GRID_T100_S020_GATE90_RAW_BOTH|GBPAUD|SHORT|30,GBPAUD,SHORT,target,2022-01-12T13:31:00.000Z,2022-01-12T13:31:00.000Z,2022-01-10T00:00:00.000Z,1,0,0,0.147319,1.168149,-0.06,0,1.108149,0,0.147319,16,17,0,0.2,,E46C5CF71A4B005C2F3C8085E6C0BA644E6BD18C4FBF1E476DDB14004085D774
RAW_GRID_T100_S020_GATE90_RAW_BOTH,raw_both,RAW_GRID_T100_S020_GATE90_RAW_BOTH|GBPAUD|LONG|31,GBPAUD,LONG,session_flatten,2022-01-12T13:34:00.000Z,2022-01-12T21:00:00.000Z,2022-01-10T00:00:00.000Z,5,4,0,-1.777048,-14.205648,-0.3,-0.10813,-14.613778,-2.19243,0.047357,12,,0.309722,0.2,,27045007942FABAC8E133CEB1B6705AB2601C60D1E3DDFEE9D8384D9C59EAF7D
RAW_GRID_T100_S020_GATE90_RAW_BOTH,raw_both,RAW_GRID_T100_S020_GATE90_RAW_BOTH|GBPAUD|LONG|32,GBPAUD,LONG,target,2022-01-12T23:19:00.000Z,2022-01-12T23:39:00.000Z,2022-01-10T00:00:00.000Z,1,0,0,0.089639,0.713927,-0.06,-0.001274,0.652653,-0.014635,0.089639,12,13,0.013889,0.2,,5E0ED0D76ECCADA5DA38146AD93DB469166D2493BC4D580C514C49C01AA5A3E3
RAW_GRID_T100_S020_GATE90_RAW_BOTH,raw_both,RAW_GRID_T100_S020_GATE90_RAW_BOTH|GBPAUD|SHORT|33,GBPAUD,SHORT,target,2022-01-13T00:28:00.000Z,2022-01-13T00:44:00.000Z,2022-01-10T00:00:00.000Z,1,0,0,0.107817,0.859372,-0.06,0.000111,0.799483,-0.012792,0.107817,17,18,0.011111,0.2,,40E53458C93D93A350788A5A07E12AA97062253C3DD466AD54B0B179797C898E
RAW_GRID_T100_S020_GATE90_RAW_BOTH,raw_both,RAW_GRID_T100_S020_GATE90_RAW_BOTH|GBPAUD|SHORT|34,GBPAUD,SHORT,target,2022-01-13T01:27:00.000Z,2022-01-13T02:50:00.000Z,2022-01-10T00:00:00.000Z,1,0,0,0.076745,0.612073,-0.06,0.000576,0.552649,-0.117858,0.076745,18,19,0.057639,0.2,,30200EAE68A1ACE78D0A151A4F2327A0ECC5CC33FDB61B5BBD79C9E227082094
RAW_GRID_T100_S020_GATE90_RAW_BOTH,raw_both,RAW_GRID_T100_S020_GATE90_RAW_BOTH|GBPAUD|LONG|35,GBPAUD,LONG,target,2022-01-13T03:54:00.000Z,2022-01-13T05:40:00.000Z,2022-01-10T00:00:00.000Z,1,0,0,0.100604,1.099991,-0.06,-0.00675,1.033241,-0.064021,0.100604,13,14,0.073611,0.2,,F15851BF244D5CB022AA112D63B04E7B4AE922BFE5DA083EE4A3DC1CAB07E407
RAW_GRID_T100_S020_GATE90_RAW_BOTH,raw_both,RAW_GRID_T100_S020_GATE90_RAW_BOTH|GBPAUD|LONG|36,GBPAUD,LONG,target,2022-01-13T06:12:00.000Z,2022-01-13T07:04:00.000Z,2022-01-10T00:00:00.000Z,1,0,0,0.101522,0.808789,-0.06,-0.003311,0.745477,0,0.101522,14,15,0.036111,0.2,,297F9CEF385C601AF23AD278FDE2D154AAFD7DAF53896631843923276166F1D7
RAW_GRID_T100_S020_GATE90_RAW_BOTH,raw_both,RAW_GRID_T100_S020_GATE90_RAW_BOTH|GBPAUD|LONG|37,GBPAUD,LONG,target,2022-01-13T07:32:00.000Z,2022-01-13T09:19:00.000Z,2022-01-10T00:00:00.000Z,2,1,0,0.292174,2.329215,-0.12,-0.010826,2.198389,-0.242402,0.294004,15,16,0.074306,0.2,,5BEDF56991B391EAA2B4A02A33C4E8C059D4C86D0014AE394BC6EB854A7A286A
RAW_GRID_T100_S020_GATE90_RAW_BOTH,raw_both,RAW_GRID_T100_S020_GATE90_RAW_BOTH|GBPAUD|LONG|38,GBPAUD,LONG,target,2022-01-13T09:42:00.000Z,2022-01-13T11:01:00.000Z,2022-01-10T00:00:00.000Z,1,0,0,0.100675,0.803815,-0.06,-0.005031,0.738785,-0.104335,0.100675,16,17,0.054861,0.2,,DF820276BD16BD472CE24409EC92E04BBF59078375C1FF6FC61F177A1FCD6BA4
RAW_GRID_T100_S020_GATE90_RAW_BOTH,raw_both,RAW_GRID_T100_S020_GATE90_RAW_BOTH|GBPAUD|LONG|39,GBPAUD,LONG,target,2022-01-13T12:01:00.000Z,2022-01-13T12:04:00.000Z,2022-01-10T00:00:00.000Z,1,0,0,0.123572,0.985364,-0.06,-0.000191,0.925173,-0.021052,0.123572,17,18,0.002083,0.2,,19649D0A20D9582258E7CDBAEEA6E165D2F2980F41DAEE6115C006DE50D9E555
RAW_GRID_T100_S020_GATE90_RAW_BOTH,raw_both,RAW_GRID_T100_S020_GATE90_RAW_BOTH|GBPAUD|LONG|40,GBPAUD,LONG,target,2022-01-13T12:42:00.000Z,2022-01-13T13:59:00.000Z,2022-01-10T00:00:00.000Z,1,0,0,0.068656,0.547966,-0.06,-0.004903,0.483062,-0.115343,0.098865,18,19,0.053472,0.2,,B35179BE8BA0070AD34BF6E6CBC3BB99F9868C8321BDE333FF01472709289A97
RAW_GRID_T100_S020_GATE90_RAW_BOTH,raw_both,RAW_GRID_T100_S020_GATE90_RAW_BOTH|GBPAUD|LONG|41,GBPAUD,LONG,target,2022-01-13T14:13:00.000Z,2022-01-13T14:43:00.000Z,2022-01-10T00:00:00.000Z,1,0,0,0.104389,0.833451,-0.06,-0.00191,0.771541,-0.043953,0.104389,19,20,0.020833,0.2,,55682AD99292D2519794F9327C7FA1B8B4B3FB1FAAD4CB20B843D5005435B7DA
RAW_GRID_T100_S020_GATE90_RAW_BOTH,raw_both,RAW_GRID_T100_S020_GATE90_RAW_BOTH|GBPAUD|SHORT|42,GBPAUD,SHORT,target,2022-01-13T15:01:00.000Z,2022-01-13T16:31:00.000Z,2022-01-10T00:00:00.000Z,2,1,0,0.285983,2.285149,-0.12,0.001028,2.166177,-0.249657,0.285983,19,20,0.0625,0.2,,D4B5017077F7F021EA5C105A2813C702B644BB6F021DC49591497BF5C5EFB144
RAW_GRID_T100_S020_GATE90_RAW_BOTH,raw_both,RAW_GRID_T100_S020_GATE90_RAW_BOTH|GBPAUD|SHORT|43,GBPAUD,SHORT,target,2022-01-13T17:18:00.000Z,2022-01-13T17:58:00.000Z,2022-01-10T00:00:00.000Z,1,0,0,0.126132,1.005728,-0.06,0.000278,0.946006,-0.03656,0.126132,20,21,0.027778,0.2,,9DE242666249D099488E4F744077BDB982556613AE270E6B29F9EC05F7E2D0A6
RAW_GRID_T100_S020_GATE90_RAW_BOTH,raw_both,RAW_GRID_T100_S020_GATE90_RAW_BOTH|GBPAUD|SHORT|44,GBPAUD,SHORT,session_flatten,2022-01-13T19:38:00.000Z,2022-01-13T21:00:00.000Z,2022-01-10T00:00:00.000Z,1,0,0,-0.095061,-0.75652,-0.06,0.000569,-0.815951,-0.113341,0.064897,21,,0.056944,0.2,,6B55A9FBA0CEC37329854979507D9BA9966F87F1B1C350969F36649814F6C1E6
RAW_GRID_T100_S020_GATE90_RAW_BOTH,raw_both,RAW_GRID_T100_S020_GATE90_RAW_BOTH|GBPAUD|SHORT|45,GBPAUD,SHORT,target,2022-01-13T23:05:00.000Z,2022-01-14T04:14:00.000Z,2022-01-10T00:00:00.000Z,3,2,0,0.075262,0.604209,-0.18,0.004208,0.428417,-0.740622,0.075262,21,22,0.214583,0.2,,06199AD049703D309AA098C12F560CCF9C22607ACF1FEFEC0C54C8D05CC1FA55
RAW_GRID_T100_S020_GATE90_RAW_BOTH,raw_both,RAW_GRID_T100_S020_GATE90_RAW_BOTH|GBPAUD|LONG|46,GBPAUD,LONG,target,2022-01-14T06:00:00.000Z,2022-01-14T07:34:00.000Z,2022-01-10T00:00:00.000Z,1,0,0,0.088567,0.706111,-0.06,-0.005986,0.640125,-0.108654,0.088567,20,21,0.065278,0.2,,AC0CA660363D1CA0BFAA2CC74ECBB5AB10E6EF3450F9F5A947432D7406D17582
RAW_GRID_T100_S020_GATE90_RAW_BOTH,raw_both,RAW_GRID_T100_S020_GATE90_RAW_BOTH|GBPAUD|LONG|47,GBPAUD,LONG,target,2022-01-14T07:47:00.000Z,2022-01-14T08:05:00.000Z,2022-01-10T00:00:00.000Z,1,0,0,0.126022,1.005025,-0.06,-0.001146,0.943878,-0.034702,0.126022,21,22,0.0125,0.2,,64C2437D7DEEB01A927006006AF2ED25D7CA74A6BC35A2F37FFB721AFC191891
RAW_GRID_T100_S020_GATE90_RAW_BOTH,raw_both,RAW_GRID_T100_S020_GATE90_RAW_BOTH|GBPAUD|LONG|48,GBPAUD,LONG,target,2022-01-14T08:11:00.000Z,2022-01-14T08:41:00.000Z,2022-01-10T00:00:00.000Z,1,0,0,0.126039,1.00577,-0.06,-0.00191,0.943859,-0.084026,0.126039,22,23,0.020833,0.2,,7C998EBA0BF3E33F9C3031EEF0CD30E55FEEE6B072901E22947E2D369EE80A80
RAW_GRID_T100_S020_GATE90_RAW_BOTH,raw_both,RAW_GRID_T100_S020_GATE90_RAW_BOTH|GBPAUD|SHORT|49,GBPAUD,SHORT,target,2022-01-14T08:50:00.000Z,2022-01-14T14:39:00.000Z,2022-01-10T00:00:00.000Z,4,3,0,0.064387,0.52178,-0.24,0.005951,0.287731,-1.829731,0.064387,22,23,0.242361,0.2,,1F3C43D4DB34FC9DE71F86E76C6F8236266B5B8B2F66E8A3F8CA3FA5A229DB7C
RAW_GRID_T100_S020_GATE90_RAW_BOTH,raw_both,RAW_GRID_T100_S020_GATE90_RAW_BOTH|GBPAUD|LONG|50,GBPAUD,LONG,target,2022-01-14T14:39:00.000Z,2022-01-14T15:37:00.000Z,2022-01-10T00:00:00.000Z,1,0,0,0.116573,0.926724,-0.06,-0.003693,0.86303,-0.149358,0.120215,23,24,0.040278,0.2,,6DFB01C83ADA535DB21AF1F0E301523CE86225001A918BCF532165982506864E
RAW_GRID_T100_S020_GATE90_RAW_BOTH,raw_both,RAW_GRID_T100_S020_GATE90_RAW_BOTH|GBPCAD|LONG|1,GBPCAD,LONG,target,2022-01-10T14:45:00.000Z,2022-01-10T14:49:00.000Z,2022-01-10T00:00:00.000Z,1,0,0,0.138758,1.0646,-0.06,-0.000255,1.004346,0,0.138758,0,1,0.002778,0.2,,0DB4E4B56C86A8A792D02221DAEF6EC3139336AB66BF2DB7A4EF3892A4DBF210
RAW_GRID_T100_S020_GATE90_RAW_BOTH,raw_both,RAW_GRID_T100_S020_GATE90_RAW_BOTH|GBPCAD|SHORT|2,GBPCAD,SHORT,session_flatten,2022-01-10T14:55:00.000Z,2022-01-10T21:00:00.000Z,2022-01-10T00:00:00.000Z,3,2,0,-0.534665,-4.110583,-0.18,0.006194,-4.284389,-0.885332,0.096493,0,,0.253472,0.2,,4EE6E55A35A8DEDC375B99764872380255BA491925FAAC8211689FBBB832DD6B
RAW_GRID_T100_S020_GATE90_RAW_BOTH,raw_both,RAW_GRID_T100_S020_GATE90_RAW_BOTH|GBPCAD|LONG|3,GBPCAD,LONG,target,2022-01-11T00:53:00.000Z,2022-01-11T06:11:00.000Z,2022-01-10T00:00:00.000Z,1,0,0,0.090213,0.695442,-0.06,-0.02025,0.615192,-0.082011,0.090213,1,2,0.220833,0.2,,7452A003A480C99531B57EF28BD34F61C9A10FFF1F7AE55B8DCC7010F1F6D865
RAW_GRID_T100_S020_GATE90_RAW_BOTH,raw_both,RAW_GRID_T100_S020_GATE90_RAW_BOTH|GBPCAD|LONG|4,GBPCAD,LONG,target,2022-01-11T06:29:00.000Z,2022-01-11T08:06:00.000Z,2022-01-10T00:00:00.000Z,1,0,0,0.198907,1.534293,-0.06,-0.006177,1.468116,-0.094327,0.198907,2,3,0.067361,0.2,,BCAC5E8BD4B263A59BDB5DEEEB46E18E36944493BA186B3B121B53047424350B
RAW_GRID_T100_S020_GATE90_RAW_BOTH,raw_both,RAW_GRID_T100_S020_GATE90_RAW_BOTH|GBPCAD|SHORT|5,GBPCAD,SHORT,target,2022-01-11T08:06:00.000Z,2022-01-11T08:06:00.000Z,2022-01-10T00:00:00.000Z,1,0,0,0.226335,1.748498,-0.06,0,1.688498,0,0.226335,0,1,0,0.2,,BC26623BA84F8C0DD9C056B1F25993AA3D3721410B9E42D9F3B037BC30F7114F
RAW_GRID_T100_S020_GATE90_RAW_BOTH,raw_both,RAW_GRID_T100_S020_GATE90_RAW_BOTH|GBPCAD|LONG|6,GBPCAD,LONG,target,2022-01-11T08:06:00.000Z,2022-01-11T08:06:00.000Z,2022-01-10T00:00:00.000Z,1,0,0,0.147666,1.139205,-0.06,0,1.079205,0,0.147666,3,4,0,0.2,,5FFC972F8551AF8E6F43ACB824EC9B08DA65FB4F54450C8D283958CF7EC27CEE
RAW_GRID_T100_S020_GATE90_RAW_BOTH,raw_both,RAW_GRID_T100_S020_GATE90_RAW_BOTH|GBPCAD|SHORT|7,GBPCAD,SHORT,target,2022-01-11T08:07:00.000Z,2022-01-11T09:04:00.000Z,2022-01-10T00:00:00.000Z,1,0,0,0.122891,0.949574,-0.06,0.000396,0.88997,-0.069639,0.122891,1,2,0.039583,0.2,,3A3F856AFD5CCD41C6B1646CEA119D0C07E1B3B7267B0961DB47633D75DBCAF9
RAW_GRID_T100_S020_GATE90_RAW_BOTH,raw_both,RAW_GRID_T100_S020_GATE90_RAW_BOTH|GBPCAD|LONG|8,GBPCAD,LONG,target,2022-01-11T09:38:00.000Z,2022-01-11T09:49:00.000Z,2022-01-10T00:00:00.000Z,1,0,0,0.101515,0.783321,-0.06,-0.0007,0.722621,-0.068702,0.101515,4,5,0.007639,0.2,,33E24B0B541AE5CA75F4C78EA174F98A2BD018FD92D6DFFD2E178899E3EEE028
RAW_GRID_T100_S020_GATE90_RAW_BOTH,raw_both,RAW_GRID_T100_S020_GATE90_RAW_BOTH|GBPCAD|LONG|9,GBPCAD,LONG,target,2022-01-11T11:02:00.000Z,2022-01-11T13:53:00.000Z,2022-01-10T00:00:00.000Z,2,1,0,0.099748,0.766248,-0.12,-0.018022,0.628226,-0.509984,0.198291,5,6,0.11875,0.2,,5988BF8A92EA7778620DB90FFD24606EA0B0D097A77AA7FF8FC847670194E403
RAW_GRID_T100_S020_GATE90_RAW_BOTH,raw_both,RAW_GRID_T100_S020_GATE90_RAW_BOTH|GBPCAD|LONG|10,GBPCAD,LONG,target,2022-01-11T14:02:00.000Z,2022-01-11T14:18:00.000Z,2022-01-10T00:00:00.000Z,1,0,0,0.111966,0.861683,-0.06,-0.001019,0.800664,-0.027734,0.111966,6,7,0.011111,0.2,,467F513CF228AEA5D20A7675C45E303DE2BE367295A68DB2B3F4ADF2162AD88C
RAW_GRID_T100_S020_GATE90_RAW_BOTH,raw_both,RAW_GRID_T100_S020_GATE90_RAW_BOTH|GBPCAD|SHORT|11,GBPCAD,SHORT,target,2022-01-11T14:44:00.000Z,2022-01-11T14:45:00.000Z,2022-01-10T00:00:00.000Z,1,0,0,0.124141,0.956027,-0.06,0.000007,0.896034,0,0.124141,2,3,0.000694,0.2,,06AE876C7DC276D569B1389D11653ED86C624C322AC0FCE98E6CF550AB3695A1
RAW_GRID_T100_S020_GATE90_RAW_BOTH,raw_both,RAW_GRID_T100_S020_GATE90_RAW_BOTH|GBPCAD|LONG|12,GBPCAD,LONG,target,2022-01-11T15:01:00.000Z,2022-01-11T15:31:00.000Z,2022-01-10T00:00:00.000Z,1,0,0,0.074997,0.578086,-0.06,-0.00191,0.516176,-0.092463,0.074997,7,8,0.020833,0.2,,EE6763DF03349BF2551167ADDA0EC4461190D1B4DEC6B6A1BB54CC97976ACF2A
RAW_GRID_T100_S020_GATE90_RAW_BOTH,raw_both,RAW_GRID_T100_S020_GATE90_RAW_BOTH|GBPCAD|LONG|13,GBPCAD,LONG,target,2022-01-11T15:34:00.000Z,2022-01-11T15:46:00.000Z,2022-01-10T00:00:00.000Z,1,0,0,0.102762,0.792105,-0.06,-0.000764,0.731341,-0.050354,0.102762,8,9,0.008333,0.2,,5851DF0D3A093535E48A1E810DA6A2DB30912AA7B8B16AF0918F9EE0C42C4A8A
RAW_GRID_T100_S020_GATE90_RAW_BOTH,raw_both,RAW_GRID_T100_S020_GATE90_RAW_BOTH|GBPCAD|SHORT|14,GBPCAD,SHORT,target,2022-01-11T15:50:00.000Z,2022-01-11T16:19:00.000Z,2022-01-10T00:00:00.000Z,1,0,0,0.10983,0.84906,-0.06,0.000201,0.789261,-0.086221,0.10983,3,4,0.020139,0.2,,5551728E2B99742BEB2905FBFA44E56931CD2D4411A32CAC39EA7468C0BA2234
RAW_GRID_T100_S020_GATE90_RAW_BOTH,raw_both,RAW_GRID_T100_S020_GATE90_RAW_BOTH|GBPCAD|LONG|15,GBPCAD,LONG,session_flatten,2022-01-11T17:11:00.000Z,2022-01-11T21:00:00.000Z,2022-01-10T00:00:00.000Z,2,1,0,-0.05952,-0.461157,-0.12,-0.025727,-0.606884,-0.477001,0.061817,9,,0.159028,0.2,,B7DD157A79F52789126241D7D0CA2A42BF4E57ECFD2EBE872559FA716ADD25E4
RAW_GRID_T100_S020_GATE90_RAW_BOTH,raw_both,RAW_GRID_T100_S020_GATE90_RAW_BOTH|GBPCAD|LONG|16,GBPCAD,LONG,target,2022-01-12T01:05:00.000Z,2022-01-12T07:13:00.000Z,2022-01-10T00:00:00.000Z,2,1,0,0.21114,1.631225,-0.12,-0.028529,1.482696,-0.250013,0.21114,9,10,0.255556,0.2,,3992189A0794B1B80C05A6512552AE7231E15EABB0E802880BF0E339CB0BA0C7
RAW_GRID_T100_S020_GATE90_RAW_BOTH,raw_both,RAW_GRID_T100_S020_GATE90_RAW_BOTH|GBPCAD|LONG|17,GBPCAD,LONG,target,2022-01-12T07:22:00.000Z,2022-01-12T07:42:00.000Z,2022-01-10T00:00:00.000Z,1,0,0,0.09059,0.699989,-0.06,-0.001274,0.638716,-0.024707,0.09059,10,11,0.013889,0.2,,42CEF00326D47A7DE1178C42567610E0BA5772CB0F66FDB95F71082447ED2557
RAW_GRID_T100_S020_GATE90_RAW_BOTH,raw_both,RAW_GRID_T100_S020_GATE90_RAW_BOTH|GBPCAD|LONG|18,GBPCAD,LONG,target,2022-01-12T08:22:00.000Z,2022-01-12T12:08:00.000Z,2022-01-10T00:00:00.000Z,3,2,0,0.291162,2.247444,-0.18,-0.029866,2.037577,-0.686038,0.291162,11,12,0.156944,0.2,,713E3739104544C76ADC0367784D21667D9F6364188D9CE1234331BCF89FCB3E
RAW_GRID_T100_S020_GATE90_RAW_BOTH,raw_both,RAW_GRID_T100_S020_GATE90_RAW_BOTH|GBPCAD|SHORT|19,GBPCAD,SHORT,target,2022-01-12T12:21:00.000Z,2022-01-12T12:38:00.000Z,2022-01-10T00:00:00.000Z,1,0,0,0.135911,1.052227,-0.06,0.000118,0.992345,-0.03089,0.135911,4,5,0.011806,0.2,,F41475C44EFA07418A0D6526FDAB82F85A0362124859346914545FA52227AC61
RAW_GRID_T100_S020_GATE90_RAW_BOTH,raw_both,RAW_GRID_T100_S020_GATE90_RAW_BOTH|GBPCAD|SHORT|20,GBPCAD,SHORT,target,2022-01-12T12:44:00.000Z,2022-01-12T12:55:00.000Z,2022-01-10T00:00:00.000Z,1,0,0,0.107092,0.828858,-0.06,0.000076,0.768935,0,0.107092,5,6,0.007639,0.2,,E8C17728A2FEF418D7CE17AC3F384DFEC4139B1CA081AEBCFD5CEA4DCA75B902
RAW_GRID_T100_S020_GATE90_RAW_BOTH,raw_both,RAW_GRID_T100_S020_GATE90_RAW_BOTH|GBPCAD|SHORT|21,GBPCAD,SHORT,target,2022-01-12T13:40:00.000Z,2022-01-12T15:29:00.000Z,2022-01-10T00:00:00.000Z,2,1,0,0.225183,1.7508,-0.12,0.000951,1.631752,-0.244035,0.225183,6,7,0.075694,0.2,,94D74F5B4036BDC60A43E5D1790C0F88CD69E9AEE9F722224747507B096CDB41
RAW_GRID_T100_S020_GATE90_RAW_BOTH,raw_both,RAW_GRID_T100_S020_GATE90_RAW_BOTH|GBPCAD|SHORT|22,GBPCAD,SHORT,target,2022-01-12T15:41:00.000Z,2022-01-12T15:46:00.000Z,2022-01-10T00:00:00.000Z,1,0,0,0.129639,1.00695,-0.06,0.000035,0.946985,-0.05453,0.129639,7,8,0.003472,0.2,,F890294553575B68D0E0E5BAC9E6281C794DF4C6C65C4FE4F7EDD20A0779E44F
RAW_GRID_T100_S020_GATE90_RAW_BOTH,raw_both,RAW_GRID_T100_S020_GATE90_RAW_BOTH|GBPCAD|LONG|23,GBPCAD,LONG,target,2022-01-12T15:58:00.000Z,2022-01-12T16:08:00.000Z,2022-01-10T00:00:00.000Z,1,0,0,0.150374,1.1665,-0.06,-0.000637,1.105863,-0.01339,0.150374,12,13,0.006944,0.2,,7C559AF2B73E7DA1EA26B9126E5030A5132C26C30F8EBF8A0065BD73A6891C49
RAW_GRID_T100_S020_GATE90_RAW_BOTH,raw_both,RAW_GRID_T100_S020_GATE90_RAW_BOTH|GBPCAD|SHORT|24,GBPCAD,SHORT,target,2022-01-12T17:09:00.000Z,2022-01-12T17:26:00.000Z,2022-01-10T00:00:00.000Z,1,0,0,0.114184,0.887875,-0.06,0.000118,0.827993,-0.011316,0.114184,8,9,0.011806,0.2,,2D1796B8C4EEBE03BFDAE633A7ED376CEE6F2DDDC2F9760C7070C3EF0AAF79CC
RAW_GRID_T100_S020_GATE90_RAW_BOTH,raw_both,RAW_GRID_T100_S020_GATE90_RAW_BOTH|GBPCAD|SHORT|25,GBPCAD,SHORT,target,2022-01-12T18:15:00.000Z,2022-01-12T19:30:00.000Z,2022-01-10T00:00:00.000Z,1,0,0,0.098746,0.768062,-0.06,0.000521,0.708582,-0.045258,0.098746,9,10,0.052083,0.2,,784EB7E30A0F692F38F5A44719597792EF7A80E3977A17357CD43BA39A4F5D5B
RAW_GRID_T100_S020_GATE90_RAW_BOTH,raw_both,RAW_GRID_T100_S020_GATE90_RAW_BOTH|GBPCAD|SHORT|26,GBPCAD,SHORT,session_flatten,2022-01-12T19:43:00.000Z,2022-01-12T21:00:00.000Z,2022-01-10T00:00:00.000Z,1,0,0,-0.041143,-0.319863,-0.06,0.000535,-0.379329,-0.096684,0.046285,10,,0.053472,0.2,,D4C6160D9B64E193F7A9578D79BC86FDCC7774DA078BCB793C4A52E80CEC3924
RAW_GRID_T100_S020_GATE90_RAW_BOTH,raw_both,RAW_GRID_T100_S020_GATE90_RAW_BOTH|GBPCAD|SHORT|27,GBPCAD,SHORT,target,2022-01-12T23:29:00.000Z,2022-01-13T03:52:00.000Z,2022-01-10T00:00:00.000Z,1,0,0,0.050393,0.391963,-0.06,0.001826,0.333789,-0.133694,0.063762,10,11,0.182639,0.2,,D67B12213167130CE985851C24A9BD6F343772E120128B17019127CF720F79F1
RAW_GRID_T100_S020_GATE90_RAW_BOTH,raw_both,RAW_GRID_T100_S020_GATE90_RAW_BOTH|GBPCAD|SHORT|28,GBPCAD,SHORT,target,2022-01-13T05:58:00.000Z,2022-01-13T06:09:00.000Z,2022-01-10T00:00:00.000Z,1,0,0,0.102804,0.799886,-0.06,0.000076,0.739962,-0.018504,0.102804,11,12,0.007639,0.2,,E00AC52167287BDB93B7D2DB09EF98E32FC9322AD2D92B55603C20B07BA1458A
RAW_GRID_T100_S020_GATE90_RAW_BOTH,raw_both,RAW_GRID_T100_S020_GATE90_RAW_BOTH|GBPCAD|SHORT|29,GBPCAD,SHORT,target,2022-01-13T07:25:00.000Z,2022-01-13T07:32:00.000Z,2022-01-10T00:00:00.000Z,1,0,0,0.102799,0.800698,-0.06,0.000049,0.740746,-0.016448,0.102799,12,13,0.004861,0.2,,2C10509EB51BDAC4FDB56113E239DEC6D73E540392DFFB753C7F8EA9DA44817A
RAW_GRID_T100_S020_GATE90_RAW_BOTH,raw_both,RAW_GRID_T100_S020_GATE90_RAW_BOTH|GBPCAD|SHORT|30,GBPCAD,SHORT,target,2022-01-13T08:01:00.000Z,2022-01-13T08:14:00.000Z,2022-01-10T00:00:00.000Z,1,0,0,0.123348,0.961635,-0.06,0.00009,0.901725,-0.014391,0.123348,13,14,0.009028,0.2,,AEC800FC83145D88300F2F2E5131FBBCA21CB8411994BE4D6FD9920902002FD5
RAW_GRID_T100_S020_GATE90_RAW_BOTH,raw_both,RAW_GRID_T100_S020_GATE90_RAW_BOTH|GBPCAD|LONG|31,GBPCAD,LONG,target,2022-01-13T08:17:00.000Z,2022-01-13T08:27:00.000Z,2022-01-10T00:00:00.000Z,1,0,0,0.126584,0.986079,-0.06,-0.000637,0.925443,-0.018525,0.126584,13,14,0.006944,0.2,,95716737F392802F33666F344C6DDA84702AD9783C57B0DAD361A236774EF023
RAW_GRID_T100_S020_GATE90_RAW_BOTH,raw_both,RAW_GRID_T100_S020_GATE90_RAW_BOTH|GBPCAD|SHORT|32,GBPCAD,SHORT,target,2022-01-13T08:44:00.000Z,2022-01-13T09:07:00.000Z,2022-01-10T00:00:00.000Z,1,0,0,0.122315,0.953117,-0.06,0.00016,0.893277,-0.025696,0.122315,14,15,0.015972,0.2,,808B4D5FB9D1F0C7297ED138895190D1DEC43C54D35694D684A349578E544D7A
RAW_GRID_T100_S020_GATE90_RAW_BOTH,raw_both,RAW_GRID_T100_S020_GATE90_RAW_BOTH|GBPCAD|SHORT|33,GBPCAD,SHORT,target,2022-01-13T09:18:00.000Z,2022-01-13T09:44:00.000Z,2022-01-10T00:00:00.000Z,1,0,0,0.105857,0.82503,-0.06,0.000181,0.76521,-0.070915,0.105857,15,16,0.018056,0.2,,5C12A938B27D39ED766C596BE219B8CFE607054776CD799133DF9B4FA496EDAF
RAW_GRID_T100_S020_GATE90_RAW_BOTH,raw_both,RAW_GRID_T100_S020_GATE90_RAW_BOTH|GBPCAD|SHORT|34,GBPCAD,SHORT,target,2022-01-13T10:12:00.000Z,2022-01-13T11:26:00.000Z,2022-01-10T00:00:00.000Z,1,0,0,0.096581,0.75341,-0.06,0.000514,0.693924,-0.075005,0.10069,16,17,0.051389,0.2,,BF3A1BA82FFDE54BB2EF6E32C9C434C29C90FC944BDD1F1A8CA6CF4AB1975959
RAW_GRID_T100_S020_GATE90_RAW_BOTH,raw_both,RAW_GRID_T100_S020_GATE90_RAW_BOTH|GBPCAD|LONG|35,GBPCAD,LONG,target,2022-01-13T11:57:00.000Z,2022-01-13T15:07:00.000Z,2022-01-10T00:00:00.000Z,2,1,0,0.168932,1.315026,-0.12,-0.020123,1.174903,-0.419817,0.168932,14,15,0.131944,0.2,,377B2918A110D1B7511564D01D0269DDA087F80FAAF5992D342054A0968F955C
RAW_GRID_T100_S020_GATE90_RAW_BOTH,raw_both,RAW_GRID_T100_S020_GATE90_RAW_BOTH|GBPCAD|SHORT|36,GBPCAD,SHORT,target,2022-01-13T15:09:00.000Z,2022-01-13T15:14:00.000Z,2022-01-10T00:00:00.000Z,1,0,0,0.12854,1.002789,-0.06,0.000035,0.942823,0,0.12854,17,18,0.003472,0.2,,369135965FD38C89015AA1382512213B69D7436134849E8086B7F98A9AC93398
RAW_GRID_T100_S020_GATE90_RAW_BOTH,raw_both,RAW_GRID_T100_S020_GATE90_RAW_BOTH|GBPCAD|SHORT|37,GBPCAD,SHORT,target,2022-01-13T15:31:00.000Z,2022-01-13T15:55:00.000Z,2022-01-10T00:00:00.000Z,1,0,0,0.088441,0.688693,-0.06,0.000167,0.628859,-0.154258,0.088441,18,19,0.016667,0.2,,DA379C903739E9C3F8ADA5ADC66DD9CE4BF454974ED0B0338E68429A63E4BC65
RAW_GRID_T100_S020_GATE90_RAW_BOTH,raw_both,RAW_GRID_T100_S020_GATE90_RAW_BOTH|GBPCAD|SHORT|38,GBPCAD,SHORT,target,2022-01-13T15:57:00.000Z,2022-01-13T16:37:00.000Z,2022-01-10T00:00:00.000Z,1,0,0,0.053462,0.416621,-0.06,0.000278,0.356898,-0.17478,0.063744,19,20,0.027778,0.2,,A96CB7FCF1341371EEC7C8509BD43C27B266CFDFEC1D002C8CFAE7AA884CD442
RAW_GRID_T100_S020_GATE90_RAW_BOTH,raw_both,RAW_GRID_T100_S020_GATE90_RAW_BOTH|GBPCAD|LONG|39,GBPCAD,LONG,target,2022-01-13T16:51:00.000Z,2022-01-13T17:20:00.000Z,2022-01-10T00:00:00.000Z,1,0,0,0.098785,0.768111,-0.06,-0.001847,0.706264,-0.06277,0.098785,15,16,0.020139,0.2,,A320950CAD6841E82EAAC2B452F33FA9592DD3F3BFA5E931AFF42EF6B4994F1A
RAW_GRID_T100_S020_GATE90_RAW_BOTH,raw_both,RAW_GRID_T100_S020_GATE90_RAW_BOTH|GBPCAD|LONG|40,GBPCAD,LONG,target,2022-01-13T17:37:00.000Z,2022-01-13T18:21:00.000Z,2022-01-10T00:00:00.000Z,1,0,0,0.105996,0.824423,-0.06,-0.002802,0.761621,-0.042192,0.105996,16,17,0.030556,0.2,,617AE16571333B73B7F9623B149184F6CB8003591062BA0A66F1D4CBD7C2FCDB
RAW_GRID_T100_S020_GATE90_RAW_BOTH,raw_both,RAW_GRID_T100_S020_GATE90_RAW_BOTH|GBPCAD|LONG|41,GBPCAD,LONG,target,2022-01-13T18:46:00.000Z,2022-01-13T19:38:00.000Z,2022-01-10T00:00:00.000Z,1,0,0,0.113203,0.880256,-0.06,-0.003311,0.816945,-0.043223,0.113203,17,18,0.036111,0.2,,AF5C50D8AC93D26B0F4355AF927E899421C582D29B440454A0AF8D36C4AAA697
RAW_GRID_T100_S020_GATE90_RAW_BOTH,raw_both,RAW_GRID_T100_S020_GATE90_RAW_BOTH|GBPCAD|LONG|42,GBPCAD,LONG,target,2022-01-13T20:05:00.000Z,2022-01-13T20:25:00.000Z,2022-01-10T00:00:00.000Z,1,0,0,0.114231,0.88764,-0.06,-0.001274,0.826367,-0.020582,0.114231,18,19,0.013889,0.2,,A143852B90FA0FB133448EB2736167E1D97D3F9EBCE51503FB941E713798E4B1
RAW_GRID_T100_S020_GATE90_RAW_BOTH,raw_both,RAW_GRID_T100_S020_GATE90_RAW_BOTH|GBPCAD|SHORT|43,GBPCAD,SHORT,target,2022-01-14T00:02:00.000Z,2022-01-14T04:14:00.000Z,2022-01-10T00:00:00.000Z,2,1,0,0.249408,1.943915,-0.12,0.001951,1.825867,-0.200348,0.249408,20,21,0.175,0.2,,5558A9FD490F564544EF8CFC7AA7FFD42CA64CB155F39C3D5EF257BE5A4A9AB1
RAW_GRID_T100_S020_GATE90_RAW_BOTH,raw_both,RAW_GRID_T100_S020_GATE90_RAW_BOTH|GBPCAD|LONG|44,GBPCAD,LONG,target,2022-01-14T06:03:00.000Z,2022-01-14T07:34:00.000Z,2022-01-10T00:00:00.000Z,1,0,0,0.107946,0.839658,-0.06,-0.005795,0.773863,-0.110003,0.107946,19,20,0.063194,0.2,,363FDBEAFB47229077F00B2C1ABCBFC3256379521209728B5BF49D195862B86A
RAW_GRID_T100_S020_GATE90_RAW_BOTH,raw_both,RAW_GRID_T100_S020_GATE90_RAW_BOTH|GBPCAD|LONG|45,GBPCAD,LONG,target,2022-01-14T07:47:00.000Z,2022-01-14T08:05:00.000Z,2022-01-10T00:00:00.000Z,1,0,0,0.164504,1.279811,-0.06,-0.001146,1.218665,-0.040098,0.164504,20,21,0.0125,0.2,,54AC8C1398346096F58572F8ADA1D75E39A233B87E9EED58D1C0E7C34C01F164
RAW_GRID_T100_S020_GATE90_RAW_BOTH,raw_both,RAW_GRID_T100_S020_GATE90_RAW_BOTH|GBPCAD|LONG|46,GBPCAD,LONG,target,2022-01-14T08:16:00.000Z,2022-01-14T10:32:00.000Z,2022-01-10T00:00:00.000Z,2,1,0,0.238777,1.857418,-0.12,-0.014647,1.722771,-0.217964,0.238777,21,22,0.094444,0.2,,082D24861345F2F8DE18BA2034488BC01B35E25A776A28AB8A0AF44BA34C0791
RAW_GRID_T100_S020_GATE90_RAW_BOTH,raw_both,RAW_GRID_T100_S020_GATE90_RAW_BOTH|GBPCAD|LONG|47,GBPCAD,LONG,target,2022-01-14T11:05:00.000Z,2022-01-14T12:06:00.000Z,2022-01-10T00:00:00.000Z,1,0,0,0.102864,0.800244,-0.06,-0.003885,0.73636,-0.122408,0.102864,22,23,0.042361,0.2,,F20BC4AC238ECF41FA335E0643D06F08A046A9A267D77A2989D04186FE0DD9B4
RAW_GRID_T100_S020_GATE90_RAW_BOTH,raw_both,RAW_GRID_T100_S020_GATE90_RAW_BOTH|GBPCAD|SHORT|48,GBPCAD,SHORT,target,2022-01-14T12:13:00.000Z,2022-01-14T14:14:00.000Z,2022-01-10T00:00:00.000Z,2,1,0,0.285388,2.220428,-0.12,0.001014,2.101442,-0.24046,0.285388,21,22,0.084028,0.2,,FDEE5ADB25E0CCC1E3A02DABC27D19B1EA8B480429583BB68965018CE026743B
RAW_GRID_T100_S020_GATE90_RAW_BOTH,raw_both,RAW_GRID_T100_S020_GATE90_RAW_BOTH|GBPCAD|LONG|49,GBPCAD,LONG,target,2022-01-14T14:30:00.000Z,2022-01-14T15:09:00.000Z,2022-01-10T00:00:00.000Z,1,0,0,0.090496,0.702369,-0.06,-0.002484,0.639886,-0.189218,0.090496,23,24,0.027083,0.2,,D995CF8A01DE53E7353CE3B9689DAEEEF20A18973F9A16619DDADE7FADB2E534
RAW_GRID_T100_S020_GATE90_RAW_BOTH,raw_both,RAW_GRID_T100_S020_GATE90_RAW_BOTH|GBPCAD|LONG|50,GBPCAD,LONG,target,2022-01-14T15:11:00.000Z,2022-01-14T15:41:00.000Z,2022-01-10T00:00:00.000Z,1,0,0,0.090526,0.702145,-0.06,-0.00191,0.640235,-0.146077,0.090526,24,25,0.020833,0.2,,55C409F0981A932C98D3D1A00D89E27F5936844747DB688F1B3F09A1AB7B2BA3
RAW_GRID_T100_S020_GATE90_RAW_BOTH,raw_both,RAW_GRID_T100_S020_GATE90_RAW_BOTH|GBPCHF|SHORT|1,GBPCHF,SHORT,target,2022-01-10T13:38:00.000Z,2022-01-10T15:39:00.000Z,2022-01-10T00:00:00.000Z,2,1,0,0.197188,1.350589,-0.12,0.001403,1.231991,-0.244792,0.197188,0,1,0.084028,0.2,,D459A1FAB2D635164B9ADFF5C51B7D835A908EDBCE7DD0F65C6590B5876F3DC5
RAW_GRID_T100_S020_GATE90_RAW_BOTH,raw_both,RAW_GRID_T100_S020_GATE90_RAW_BOTH|GBPCHF|SHORT|2,GBPCHF,SHORT,session_flatten,2022-01-10T15:41:00.000Z,2022-01-10T21:00:00.000Z,2022-01-10T00:00:00.000Z,4,3,0,-1.901555,-13.008002,-0.24,0.006465,-13.241536,-1.901555,0.091543,1,,0.221528,0.2,,554A68D5A8B262AA091D4508552C3E23A0A75C76F31CCD0E215DFA5BCC7F1244
RAW_GRID_T100_S020_GATE90_RAW_BOTH,raw_both,RAW_GRID_T100_S020_GATE90_RAW_BOTH|GBPCHF|SHORT|3,GBPCHF,SHORT,target,2022-01-10T23:05:00.000Z,2022-01-11T06:54:00.000Z,2022-01-10T00:00:00.000Z,1,0,0,0.168219,1.155157,-0.06,0.003257,1.098414,-0.100617,0.168219,1,2,0.325694,0.2,,A15FAA400BB97B80D045526D9096ACF3EECC0B58BA40456FBA09F7CB848ED044
RAW_GRID_T100_S020_GATE90_RAW_BOTH,raw_both,RAW_GRID_T100_S020_GATE90_RAW_BOTH|GBPCHF|SHORT|4,GBPCHF,SHORT,target,2022-01-11T08:05:00.000Z,2022-01-11T08:41:00.000Z,2022-01-10T00:00:00.000Z,2,1,0,0.166416,1.145404,-0.12,0.00041,1.025814,-0.399272,0.166416,2,3,0.025,0.2,,D893C2539452C64040F952664E84B3928159449CAE4323412DFCD1A5320329D1
RAW_GRID_T100_S020_GATE90_RAW_BOTH,raw_both,RAW_GRID_T100_S020_GATE90_RAW_BOTH|GBPCHF|SHORT|5,GBPCHF,SHORT,target,2022-01-11T09:07:00.000Z,2022-01-11T09:10:00.000Z,2022-01-10T00:00:00.000Z,1,0,0,0.116259,0.799807,-0.06,0.000021,0.739827,0,0.116259,3,4,0.002083,0.2,,297EAF84BAC49D15BFFCC73B5F9CC95060A663ABAFF9483682EFBD43803420DD
RAW_GRID_T100_S020_GATE90_RAW_BOTH,raw_both,RAW_GRID_T100_S020_GATE90_RAW_BOTH|GBPCHF|LONG|6,GBPCHF,LONG,target,2022-01-11T09:16:00.000Z,2022-01-11T09:34:00.000Z,2022-01-10T00:00:00.000Z,1,0,0,0.099075,0.680834,-0.06,-0.001146,0.619688,-0.070768,0.099075,0,1,0.0125,0.2,,A9110D465238DD5D7B4305AA9D586144CCF28D4063D75FF7B4EF0CAD0E364104
RAW_GRID_T100_S020_GATE90_RAW_BOTH,raw_both,RAW_GRID_T100_S020_GATE90_RAW_BOTH|GBPCHF|SHORT|7,GBPCHF,SHORT,target,2022-01-11T09:49:00.000Z,2022-01-11T10:35:00.000Z,2022-01-10T00:00:00.000Z,1,0,0,0.113063,0.719999,-0.06,0.000319,0.660318,-0.069094,0.14761,4,5,0.031944,0.2,,49F81D49A5C0EADD11E628E749F93D12D8CA6581C7A9A05A2F2E8DAE0EABB318
RAW_GRID_T100_S020_GATE90_RAW_BOTH,raw_both,RAW_GRID_T100_S020_GATE90_RAW_BOTH|GBPCHF|SHORT|8,GBPCHF,SHORT,target,2022-01-11T10:54:00.000Z,2022-01-11T11:02:00.000Z,2022-01-10T00:00:00.000Z,1,0,0,0.11933,0.819939,-0.06,0.000056,0.759995,-0.00314,0.11933,5,6,0.005556,0.2,,E838DC57475B161958DA0D649B5B30F4CBDC314B5C775C106E12C3ED4385B3A3
RAW_GRID_T100_S020_GATE90_RAW_BOTH,raw_both,RAW_GRID_T100_S020_GATE90_RAW_BOTH|GBPCHF|LONG|9,GBPCHF,LONG,target,2022-01-11T11:34:00.000Z,2022-01-11T16:01:00.000Z,2022-01-10T00:00:00.000Z,2,1,0,0.169986,1.167449,-0.12,-0.028593,1.018857,-0.267272,0.251775,1,2,0.185417,0.2,,1F75FB0DF9B4A70DB7503E96CAF59D5159308F5E35B6B983A7ADDBE45E5151BA
RAW_GRID_T100_S020_GATE90_RAW_BOTH,raw_both,RAW_GRID_T100_S020_GATE90_RAW_BOTH|GBPCHF|LONG|10,GBPCHF,LONG,target,2022-01-11T16:17:00.000Z,2022-01-11T17:12:00.000Z,2022-01-10T00:00:00.000Z,1,0,0,0.100694,0.692624,-0.06,-0.003502,0.629122,-0.0472,0.100694,2,3,0.038194,0.2,,AD032102AF5D042F9F0FF69044E37B2B06EB167385248ED424E1B333E03BCB7C
RAW_GRID_T100_S020_GATE90_RAW_BOTH,raw_both,RAW_GRID_T100_S020_GATE90_RAW_BOTH|GBPCHF|SHORT|11,GBPCHF,SHORT,target,2022-01-11T17:45:00.000Z,2022-01-11T18:14:00.000Z,2022-01-10T00:00:00.000Z,1,0,0,0.108448,0.746202,-0.06,0.000201,0.686403,-0.059725,0.108448,6,7,0.020139,0.2,,BBE2C7E4B2178713D82EC9B3D26C5A50B8CF155DF01053EF58CE900402B17A04
RAW_GRID_T100_S020_GATE90_RAW_BOTH,raw_both,RAW_GRID_T100_S020_GATE90_RAW_BOTH|GBPCHF|SHORT|12,GBPCHF,SHORT,target,2022-01-12T00:13:00.000Z,2022-01-12T01:20:00.000Z,2022-01-10T00:00:00.000Z,1,0,0,0.102158,0.70383,-0.06,0.000465,0.644295,-0.018859,0.102158,7,8,0.046528,0.2,,5684332FF9DAFB5E86A7F0D3DEF71E691C01A91A0191A62D7AC422A7EB7CD227
RAW_GRID_T100_S020_GATE90_RAW_BOTH,raw_both,RAW_GRID_T100_S020_GATE90_RAW_BOTH|GBPCHF|SHORT|13,GBPCHF,SHORT,target,2022-01-12T02:24:00.000Z,2022-01-12T08:37:00.000Z,2022-01-10T00:00:00.000Z,1,0,0,0.08485,0.584404,-0.06,0.00259,0.526994,-0.081707,0.091136,8,9,0.259028,0.2,,B547829FA0685610F0E337B34369AB937AF464267EE958954445E18245DCF7EF
RAW_GRID_T100_S020_GATE90_RAW_BOTH,raw_both,RAW_GRID_T100_S020_GATE90_RAW_BOTH|GBPCHF|LONG|14,GBPCHF,LONG,target,2022-01-12T08:40:00.000Z,2022-01-12T08:48:00.000Z,2022-01-10T00:00:00.000Z,1,0,0,0.122672,0.844284,-0.06,-0.000509,0.783774,-0.012582,0.122672,3,4,0.005556,0.2,,8A29395D09F87765747212B723973E95B6E315812361078E860B09AAABCA02FE
RAW_GRID_T100_S020_GATE90_RAW_BOTH,raw_both,RAW_GRID_T100_S020_GATE90_RAW_BOTH|GBPCHF|LONG|15,GBPCHF,LONG,target,2022-01-12T08:59:00.000Z,2022-01-12T09:06:00.000Z,2022-01-10T00:00:00.000Z,1,0,0,0.103794,0.714453,-0.06,-0.000446,0.654007,-0.003145,0.103794,4,5,0.004861,0.2,,C6D889D1D39D0466A8E274B408AC47E0ECBDE5D12813302FB172C98070B5B403
RAW_GRID_T100_S020_GATE90_RAW_BOTH,raw_both,RAW_GRID_T100_S020_GATE90_RAW_BOTH|GBPCHF|LONG|16,GBPCHF,LONG,target,2022-01-12T09:19:00.000Z,2022-01-12T11:02:00.000Z,2022-01-10T00:00:00.000Z,2,1,0,0.369994,2.544608,-0.12,-0.009616,2.414992,-0.228082,0.369994,5,6,0.071528,0.2,,599EDF8E2024BB1DF2F7C6929EB76E19ACD5EFC5AA2C3606D4C136CD5D1D1A6F
RAW_GRID_T100_S020_GATE90_RAW_BOTH,raw_both,RAW_GRID_T100_S020_GATE90_RAW_BOTH|GBPCHF|SHORT|17,GBPCHF,SHORT,target,2022-01-12T11:32:00.000Z,2022-01-12T12:24:00.000Z,2022-01-10T00:00:00.000Z,1,0,0,0.127304,0.877555,-0.06,0.000361,0.817916,-0.023574,0.127304,9,10,0.036111,0.2,,A3CE218D07411D9C5353C75C7CE67E3FCE2F5BD242ED72B1F4FB9280AACC4891
RAW_GRID_T100_S020_GATE90_RAW_BOTH,raw_both,RAW_GRID_T100_S020_GATE90_RAW_BOTH|GBPCHF|LONG|18,GBPCHF,LONG,target,2022-01-12T13:16:00.000Z,2022-01-12T13:24:00.000Z,2022-01-10T00:00:00.000Z,1,0,0,0.105423,0.726555,-0.06,-0.000509,0.666045,-0.023602,0.105423,6,7,0.005556,0.2,,1E68C0751C63B8697A2D396A26370EBEB8D21091A8662D242144D666DE10A2A0
RAW_GRID_T100_S020_GATE90_RAW_BOTH,raw_both,RAW_GRID_T100_S020_GATE90_RAW_BOTH|GBPCHF|SHORT|19,GBPCHF,SHORT,target,2022-01-12T13:31:00.000Z,2022-01-12T13:35:00.000Z,2022-01-10T00:00:00.000Z,1,0,0,0.149322,1.030387,-0.06,0.000028,0.970414,-0.047155,0.149322,10,11,0.002778,0.2,,4B62A4CBA6AA7317BF1474C7F25FE3FFF1656613E15E494673014014C36AED1C
RAW_GRID_T100_S020_GATE90_RAW_BOTH,raw_both,RAW_GRID_T100_S020_GATE90_RAW_BOTH|GBPCHF|SHORT|20,GBPCHF,SHORT,target,2022-01-12T13:36:00.000Z,2022-01-12T13:36:00.000Z,2022-01-10T00:00:00.000Z,1,0,0,0.154038,1.06288,-0.06,0,1.00288,0,0.154038,11,12,0,0.2,,BEBE96B0D783D5EF2FD533278E70A1D0BDD77E8A4ADBD608F02A682C30A743D9
RAW_GRID_T100_S020_GATE90_RAW_BOTH,raw_both,RAW_GRID_T100_S020_GATE90_RAW_BOTH|GBPCHF|LONG|21,GBPCHF,LONG,target,2022-01-12T13:42:00.000Z,2022-01-12T14:13:00.000Z,2022-01-10T00:00:00.000Z,1,0,0,0.258238,1.782609,-0.06,-0.001974,1.720635,-0.025194,0.258238,7,8,0.021528,0.2,,15338E4691517EE7294F06F059A008E9CC06AF6DF626D9F007B0A81ECB587BEF
RAW_GRID_T100_S020_GATE90_RAW_BOTH,raw_both,RAW_GRID_T100_S020_GATE90_RAW_BOTH|GBPCHF|LONG|22,GBPCHF,LONG,target,2022-01-12T14:24:00.000Z,2022-01-12T14:28:00.000Z,2022-01-10T00:00:00.000Z,1,0,0,0.125905,0.870216,-0.06,-0.000255,0.809961,0,0.125905,8,9,0.002778,0.2,,6AA8DC972600DF55CDCDB714D7BB839B84194D2AB56E31EC6EEA0B7C7B46CC67
RAW_GRID_T100_S020_GATE90_RAW_BOTH,raw_both,RAW_GRID_T100_S020_GATE90_RAW_BOTH|GBPCHF|LONG|23,GBPCHF,LONG,session_flatten,2022-01-12T14:39:00.000Z,2022-01-12T21:00:00.000Z,2022-01-10T00:00:00.000Z,6,5,0,-1.421163,-9.881142,-0.36,-0.123922,-10.365064,-3.258008,0.070823,9,,0.264583,0.2,,E335E49FEB2115DA532CEB72400288AFDFEF3A0595DB55728F2547BDC0A38648
RAW_GRID_T100_S020_GATE90_RAW_BOTH,raw_both,RAW_GRID_T100_S020_GATE90_RAW_BOTH|GBPCHF|SHORT|24,GBPCHF,SHORT,session_flatten,2022-01-12T20:31:00.000Z,2022-01-12T21:00:00.000Z,2022-01-10T00:00:00.000Z,1,0,0,0.056861,0.393929,-0.06,0.000201,0.334131,-0.036329,0.064758,12,,0.020139,0.2,,40C4A0C940A5CA91E9F2B2CE32BC4D4D47532906F3F33F5E372F73BD81B5F42F
RAW_GRID_T100_S020_GATE90_RAW_BOTH,raw_both,RAW_GRID_T100_S020_GATE90_RAW_BOTH|GBPCHF|SHORT|25,GBPCHF,SHORT,target,2022-01-12T23:13:00.000Z,2022-01-13T07:35:00.000Z,2022-01-10T00:00:00.000Z,2,1,0,0.258774,1.795915,-0.12,0.005424,1.681339,-0.214795,0.258774,12,13,0.348611,0.2,,E0C46F33A430D53C6487A9B27AB1A4A669448010974020F864354D317B84F800
RAW_GRID_T100_S020_GATE90_RAW_BOTH,raw_both,RAW_GRID_T100_S020_GATE90_RAW_BOTH|GBPCHF|LONG|26,GBPCHF,LONG,target,2022-01-13T07:45:00.000Z,2022-01-13T07:59:00.000Z,2022-01-10T00:00:00.000Z,1,0,0,0.1043,0.723085,-0.06,-0.000892,0.662194,0,0.1043,9,10,0.009722,0.2,,9D4DEB1F600118EC5DA13BF1120A2359C3336EBE96BEF2F9A252EBB22AD2CA41
RAW_GRID_T100_S020_GATE90_RAW_BOTH,raw_both,RAW_GRID_T100_S020_GATE90_RAW_BOTH|GBPCHF|LONG|27,GBPCHF,LONG,target,2022-01-13T08:06:00.000Z,2022-01-13T08:15:00.000Z,2022-01-10T00:00:00.000Z,1,0,0,0.137489,0.953755,-0.06,-0.000573,0.893182,-0.007903,0.137489,10,11,0.00625,0.2,,2A19B7A4981FFD204A44A145329DF581EEA52DA32D82B2FA4AAC09C843176BAB
RAW_GRID_T100_S020_GATE90_RAW_BOTH,raw_both,RAW_GRID_T100_S020_GATE90_RAW_BOTH|GBPCHF|SHORT|28,GBPCHF,SHORT,target,2022-01-13T08:23:00.000Z,2022-01-13T09:29:00.000Z,2022-01-10T00:00:00.000Z,2,1,0,0.264928,1.839721,-0.12,0.000708,1.72043,-0.441838,0.264928,13,14,0.045833,0.2,,5212850B47D78A91A76BAB3D1B16F83670E987BDEA2CAF7C26EF91DBC5B87EBF
RAW_GRID_T100_S020_GATE90_RAW_BOTH,raw_both,RAW_GRID_T100_S020_GATE90_RAW_BOTH|GBPCHF|LONG|29,GBPCHF,LONG,target,2022-01-13T09:41:00.000Z,2022-01-13T10:22:00.000Z,2022-01-10T00:00:00.000Z,1,0,0,0.102627,0.712549,-0.06,-0.002611,0.649938,-0.127888,0.102627,11,12,0.028472,0.2,,5B53261A63CA427936A669395BB59DF799A2E687AB51B653A6A90FB614002A1B
RAW_GRID_T100_S020_GATE90_RAW_BOTH,raw_both,RAW_GRID_T100_S020_GATE90_RAW_BOTH|GBPCHF|SHORT|30,GBPCHF,SHORT,target,2022-01-13T10:42:00.000Z,2022-01-13T10:51:00.000Z,2022-01-10T00:00:00.000Z,1,0,0,0.135631,0.94196,-0.06,0.000063,0.882022,-0.03785,0.135631,14,15,0.00625,0.2,,65DCBF1013EF440191B8D5A042990657C44B4BD9CE1CE449F6B56D33B8915364
RAW_GRID_T100_S020_GATE90_RAW_BOTH,raw_both,RAW_GRID_T100_S020_GATE90_RAW_BOTH|GBPCHF|SHORT|32,GBPCHF,SHORT,target,2022-01-13T15:03:00.000Z,2022-01-13T15:05:00.000Z,2022-01-10T00:00:00.000Z,1,0,0,0.124953,0.867803,-0.06,0.000014,0.807817,-0.003164,0.124953,15,16,0.001389,0.2,,55813EE02E811688039DA42361FC799A80F49DBF85FBCEC22CBBC37B867A734B
RAW_GRID_T100_S020_GATE90_RAW_BOTH,raw_both,RAW_GRID_T100_S020_GATE90_RAW_BOTH|GBPCHF|LONG|31,GBPCHF,LONG,session_flatten,2022-01-13T11:22:00.000Z,2022-01-13T21:00:00.000Z,2022-01-10T00:00:00.000Z,5,4,0,-1.800102,-12.49698,-0.3,-0.144045,-12.941026,-2.227304,0.061578,12,,0.401389,0.2,,E153DC30E9280097FF8B7EED5D615A779C24C841CB664A4ED59234B9C8315B69
RAW_GRID_T100_S020_GATE90_RAW_BOTH,raw_both,RAW_GRID_T100_S020_GATE90_RAW_BOTH|GBPCHF|SHORT|33,GBPCHF,SHORT,target,2022-01-14T04:22:00.000Z,2022-01-14T05:23:00.000Z,2022-01-10T00:00:00.000Z,1,0,0,0.106104,0.736296,-0.06,0.000424,0.676719,-0.019003,0.106104,16,17,0.042361,0.2,,A461CAD3BA6569A155B661589DB52AA8A97700B818E1D2573D15E1BA1CDA6468
RAW_GRID_T100_S020_GATE90_RAW_BOTH,raw_both,RAW_GRID_T100_S020_GATE90_RAW_BOTH|GBPCHF|SHORT|34,GBPCHF,SHORT,target,2022-01-14T06:50:00.000Z,2022-01-14T07:07:00.000Z,2022-01-10T00:00:00.000Z,1,0,0,0.139349,0.966606,-0.06,0.000118,0.906724,0,0.139349,17,18,0.011806,0.2,,D9CD352DB9E9DC8EE0537A4B205578CCB47AB6DD1CC0968D7474C26C13F6EEA5
RAW_GRID_T100_S020_GATE90_RAW_BOTH,raw_both,RAW_GRID_T100_S020_GATE90_RAW_BOTH|GBPCHF|LONG|35,GBPCHF,LONG,target,2022-01-14T07:42:00.000Z,2022-01-14T07:57:00.000Z,2022-01-10T00:00:00.000Z,1,0,0,0.095118,0.659328,-0.06,-0.000955,0.598373,-0.050729,0.095118,12,13,0.010417,0.2,,92C5753F7EE2E8110459111291EF11F3CB2B46259DA53A1DD9DD80F651CA76D6
RAW_GRID_T100_S020_GATE90_RAW_BOTH,raw_both,RAW_GRID_T100_S020_GATE90_RAW_BOTH|GBPCHF|SHORT|36,GBPCHF,SHORT,target,2022-01-14T08:03:00.000Z,2022-01-14T08:05:00.000Z,2022-01-10T00:00:00.000Z,1,0,0,0.102941,0.714216,-0.06,0.000014,0.65423,0,0.102941,18,19,0.001389,0.2,,D8B7C7EF6B584416F855521DE50968C6B615C689FBF4EA89533DD370895988E6
RAW_GRID_T100_S020_GATE90_RAW_BOTH,raw_both,RAW_GRID_T100_S020_GATE90_RAW_BOTH|GBPCHF|SHORT|37,GBPCHF,SHORT,target,2022-01-14T08:22:00.000Z,2022-01-14T08:53:00.000Z,2022-01-10T00:00:00.000Z,2,1,0,0.311683,2.165068,-0.12,0.00025,2.045318,-0.210613,0.311683,19,20,0.021528,0.2,,690C0D3CEF45859168C878BDDDFDFCC218B5E2170E7A9C5B45BD8BB0383D0EDA
RAW_GRID_T100_S020_GATE90_RAW_BOTH,raw_both,RAW_GRID_T100_S020_GATE90_RAW_BOTH|GBPCHF|SHORT|38,GBPCHF,SHORT,target,2022-01-14T09:05:00.000Z,2022-01-14T09:26:00.000Z,2022-01-10T00:00:00.000Z,1,0,0,0.085488,0.593309,-0.06,0.000146,0.533455,-0.107652,0.085488,20,21,0.014583,0.2,,1A236119D995A9E858772B18EBF22571B38BF116F2FE10EBC87379DA2603175D
RAW_GRID_T100_S020_GATE90_RAW_BOTH,raw_both,RAW_GRID_T100_S020_GATE90_RAW_BOTH|GBPCHF|SHORT|39,GBPCHF,SHORT,target,2022-01-14T09:30:00.000Z,2022-01-14T09:35:00.000Z,2022-01-10T00:00:00.000Z,1,0,0,0.123469,0.857143,-0.06,0.000035,0.797178,-0.031659,0.123469,21,22,0.003472,0.2,,14605C7C95AF5E47ABAF9D1CFD93717A590335E554E22C8E1627CEF9E3F3D635
RAW_GRID_T100_S020_GATE90_RAW_BOTH,raw_both,RAW_GRID_T100_S020_GATE90_RAW_BOTH|GBPCHF|SHORT|40,GBPCHF,SHORT,target,2022-01-14T09:54:00.000Z,2022-01-14T11:50:00.000Z,2022-01-10T00:00:00.000Z,1,0,0,0.009497,0.065826,-0.06,0.000806,0.006632,-0.196263,0.055397,22,23,0.080556,0.2,,92030E0931465F0A67E7216F26CAE9A5A3414EC9E6B7E99A25264DE977BB5E95
RAW_GRID_T100_S020_GATE90_RAW_BOTH,raw_both,RAW_GRID_T100_S020_GATE90_RAW_BOTH|GBPJPY|LONG|1,GBPJPY,LONG,target,2022-01-10T14:13:00.000Z,2022-01-10T18:30:00.000Z,2022-01-10T00:00:00.000Z,2,1,0,0.133458,1.276461,-0.12,-0.030439,1.126022,-0.425137,0.147966,0,1,0.178472,0.2,,77BFDB47CAC43C37C1B34B006960D0DD53DEAA35AAB38226CC647DCD6C59EE20
RAW_GRID_T100_S020_GATE90_RAW_BOTH,raw_both,RAW_GRID_T100_S020_GATE90_RAW_BOTH|GBPJPY|SHORT|2,GBPJPY,SHORT,target,2022-01-10T18:51:00.000Z,2022-01-10T19:53:00.000Z,2022-01-10T00:00:00.000Z,1,0,0,0.151242,1.449677,-0.06,0.000431,1.390107,-0.025359,0.151242,0,1,0.043056,0.2,,4527129358E827EAC01674D45AB40DE24C14942AFB93245D2917CB7E5FD683F9
RAW_GRID_T100_S020_GATE90_RAW_BOTH,raw_both,RAW_GRID_T100_S020_GATE90_RAW_BOTH|GBPJPY|SHORT|3,GBPJPY,SHORT,session_flatten,2022-01-10T20:00:00.000Z,2022-01-10T21:00:00.000Z,2022-01-10T00:00:00.000Z,1,0,0,-0.114133,-1.093429,-0.06,0.000417,-1.153012,-0.124097,0.054349,1,,0.041667,0.2,,1D4F742B783972C7185B45D00702019F8B77431E78A61D23135384F96388F787
RAW_GRID_T100_S020_GATE90_RAW_BOTH,raw_both,RAW_GRID_T100_S020_GATE90_RAW_BOTH|GBPJPY|SHORT|4,GBPJPY,SHORT,target,2022-01-10T23:05:00.000Z,2022-01-11T06:44:00.000Z,2022-01-10T00:00:00.000Z,2,1,0,0.000762,0.008683,-0.12,0.00559,-0.105727,-0.570936,0.044181,1,2,0.31875,0.2,,9CF53EED84E3FF7FA300035A7373FC48E7EEC7D6A64AFB9635017E335445DB0B
RAW_GRID_T100_S020_GATE90_RAW_BOTH,raw_both,RAW_GRID_T100_S020_GATE90_RAW_BOTH|GBPJPY|LONG|5,GBPJPY,LONG,target,2022-01-11T06:52:00.000Z,2022-01-11T07:03:00.000Z,2022-01-10T00:00:00.000Z,1,0,0,0.119492,1.145628,-0.06,-0.0007,1.084928,0,0.119492,1,2,0.007639,0.2,,5DB6E300189352E8885D132B732EFB8CBDD9C2D4BEA7F421AC7C7052F5DF1F32
RAW_GRID_T100_S020_GATE90_RAW_BOTH,raw_both,RAW_GRID_T100_S020_GATE90_RAW_BOTH|GBPJPY|LONG|6,GBPJPY,LONG,target,2022-01-11T07:07:00.000Z,2022-01-11T07:25:00.000Z,2022-01-10T00:00:00.000Z,1,0,0,0.13941,1.336732,-0.06,-0.001146,1.275585,-0.01901,0.13941,2,3,0.0125,0.2,,B79E497DA770F4D1E873165842C6FA554FC5D419BB75A36FE114F41C940147BA
RAW_GRID_T100_S020_GATE90_RAW_BOTH,raw_both,RAW_GRID_T100_S020_GATE90_RAW_BOTH|GBPJPY|SHORT|7,GBPJPY,SHORT,target,2022-01-11T07:55:00.000Z,2022-01-11T11:35:00.000Z,2022-01-10T00:00:00.000Z,2,1,0,0.10452,1.005026,-0.12,0.002979,0.888005,-0.494993,0.252594,2,3,0.152778,0.2,,EFD853387CE37B0E2DA6F22847AADCEAC9559A38A0F34684521810B7776D86EC
RAW_GRID_T100_S020_GATE90_RAW_BOTH,raw_both,RAW_GRID_T100_S020_GATE90_RAW_BOTH|GBPJPY|SHORT|8,GBPJPY,SHORT,target,2022-01-11T13:28:00.000Z,2022-01-11T14:41:00.000Z,2022-01-10T00:00:00.000Z,1,0,0,0.075795,0.726657,-0.06,0.000507,0.667164,-0.095646,0.095646,3,4,0.050694,0.2,,C3273F109247CA7BB00E3F7AEC1DE0A790489BA8ED322EE5DDA1AD6A8297639C
RAW_GRID_T100_S020_GATE90_RAW_BOTH,raw_both,RAW_GRID_T100_S020_GATE90_RAW_BOTH|GBPJPY|LONG|9,GBPJPY,LONG,target,2022-01-11T14:50:00.000Z,2022-01-11T15:01:00.000Z,2022-01-10T00:00:00.000Z,1,0,0,0.147253,1.410621,-0.06,-0.0007,1.34992,-0.018972,0.147253,3,4,0.007639,0.2,,BD8086BD88B183E2C622ABBBC41AEF0D25E9D348B018DDAAEFD0F345F0362A53
RAW_GRID_T100_S020_GATE90_RAW_BOTH,raw_both,RAW_GRID_T100_S020_GATE90_RAW_BOTH|GBPJPY|SHORT|10,GBPJPY,SHORT,target,2022-01-11T15:08:00.000Z,2022-01-11T15:16:00.000Z,2022-01-10T00:00:00.000Z,1,0,0,0.124465,1.194614,-0.06,0.000056,1.13467,0,0.124465,4,5,0.005556,0.2,,C96F901B76FE9C8918C031E49EDD78607316456BCBA5FC433C5B8C51EDAF2B68
RAW_GRID_T100_S020_GATE90_RAW_BOTH,raw_both,RAW_GRID_T100_S020_GATE90_RAW_BOTH|GBPJPY|SHORT|11,GBPJPY,SHORT,target,2022-01-11T15:40:00.000Z,2022-01-11T15:49:00.000Z,2022-01-10T00:00:00.000Z,1,0,0,0.117232,1.126379,-0.06,0.000063,1.066442,-0.048697,0.117232,5,6,0.00625,0.2,,F9CA63DCA112DE3EE0AB722804ABA429ED85F4CD4FF0B3B775F79D910C64D776
RAW_GRID_T100_S020_GATE90_RAW_BOTH,raw_both,RAW_GRID_T100_S020_GATE90_RAW_BOTH|GBPJPY|SHORT|12,GBPJPY,SHORT,session_flatten,2022-01-11T15:56:00.000Z,2022-01-11T21:00:00.000Z,2022-01-10T00:00:00.000Z,2,1,0,0.084516,0.815326,-0.12,0.003618,0.698944,-0.225434,0.181825,6,,0.211111,0.2,,201793C4F5678BD1210FB22FEC4F602D983DA78D5BB53EA926A2BEAE4BC7EE10
RAW_GRID_T100_S020_GATE90_RAW_BOTH,raw_both,RAW_GRID_T100_S020_GATE90_RAW_BOTH|GBPJPY|SHORT|13,GBPJPY,SHORT,target,2022-01-11T23:05:00.000Z,2022-01-12T01:20:00.000Z,2022-01-10T00:00:00.000Z,1,0,0,0.120699,1.162586,-0.06,0.000938,1.103524,-0.070257,0.120699,6,7,0.09375,0.2,,A290155668DDE1A96B3BB983A9562F1716D0D9FC0F20D8AFAED0E1A3171AFFD3
RAW_GRID_T100_S020_GATE90_RAW_BOTH,raw_both,RAW_GRID_T100_S020_GATE90_RAW_BOTH|GBPJPY|SHORT|14,GBPJPY,SHORT,target,2022-01-12T02:14:00.000Z,2022-01-12T07:15:00.000Z,2022-01-10T00:00:00.000Z,1,0,0,0.060346,0.581061,-0.06,0.00209,0.523152,-0.163025,0.060346,7,8,0.209028,0.2,,7FF072F29C9A0E50E7D5187BBC41931FB2D583ECDBAB2EA2E65C0D32C06E14DF
RAW_GRID_T100_S020_GATE90_RAW_BOTH,raw_both,RAW_GRID_T100_S020_GATE90_RAW_BOTH|GBPJPY|SHORT|15,GBPJPY,SHORT,target,2022-01-12T07:54:00.000Z,2022-01-12T08:40:00.000Z,2022-01-10T00:00:00.000Z,1,0,0,0.082824,0.797258,-0.06,0.000319,0.737578,-0.104429,0.082824,8,9,0.031944,0.2,,1583B64F37B0DEBD094608D448830755A224EF7DAF24D31DE4415A45AE6B7065
RAW_GRID_T100_S020_GATE90_RAW_BOTH,raw_both,RAW_GRID_T100_S020_GATE90_RAW_BOTH|GBPJPY|LONG|16,GBPJPY,LONG,target,2022-01-12T09:28:00.000Z,2022-01-12T10:02:00.000Z,2022-01-10T00:00:00.000Z,1,0,0,0.118078,1.135572,-0.06,-0.002165,1.073407,-0.011718,0.118078,4,5,0.023611,0.2,,4E6C0549BAE50AEB9E605E2B6CCF45BAB01ABD470E868FB4F2AA902369447681
RAW_GRID_T100_S020_GATE90_RAW_BOTH,raw_both,RAW_GRID_T100_S020_GATE90_RAW_BOTH|GBPJPY|SHORT|17,GBPJPY,SHORT,target,2022-01-12T11:02:00.000Z,2022-01-12T15:17:00.000Z,2022-01-10T00:00:00.000Z,2,1,0,0.137462,1.330056,-0.12,0.002493,1.212549,-0.423752,0.137462,9,10,0.177083,0.2,,E51BF8093D82B120367857202C144DD15C1440DA4688E27C05426D2E14DC4C70
RAW_GRID_T100_S020_GATE90_RAW_BOTH,raw_both,RAW_GRID_T100_S020_GATE90_RAW_BOTH|GBPJPY|LONG|18,GBPJPY,LONG,session_flatten,2022-01-12T15:23:00.000Z,2022-01-12T21:00:00.000Z,2022-01-10T00:00:00.000Z,3,2,0,-0.048039,-0.471507,-0.18,-0.043876,-0.695382,-0.727192,0.104467,5,,0.234028,0.2,,E1E568043919B1A89BC9DE2E59C3787EF59DBCCA6B650E6AD18C939B3FBF1639
RAW_GRID_T100_S020_GATE90_RAW_BOTH,raw_both,RAW_GRID_T100_S020_GATE90_RAW_BOTH|GBPJPY|LONG|19,GBPJPY,LONG,target,2022-01-13T01:44:00.000Z,2022-01-13T01:51:00.000Z,2022-01-10T00:00:00.000Z,1,0,0,0.101039,0.977597,-0.06,-0.000446,0.917152,0,0.101039,5,6,0.004861,0.2,,C6289CF21C7A04D4D85441EDE7153D60D752ABEB6FBA20E8BF7E98729F9E82E6
RAW_GRID_T100_S020_GATE90_RAW_BOTH,raw_both,RAW_GRID_T100_S020_GATE90_RAW_BOTH|GBPJPY|SHORT|20,GBPJPY,SHORT,target,2022-01-13T02:17:00.000Z,2022-01-13T03:13:00.000Z,2022-01-10T00:00:00.000Z,1,0,0,0.133317,1.291702,-0.06,0.000389,1.232091,-0.037833,0.133317,10,11,0.038889,0.2,,D5CF17F2D680DFE05A17E18061A13323D00DC5A9E2EF9E33D2FFC5A163A2A2E9
RAW_GRID_T100_S020_GATE90_RAW_BOTH,raw_both,RAW_GRID_T100_S020_GATE90_RAW_BOTH|GBPJPY|SHORT|21,GBPJPY,SHORT,target,2022-01-13T07:01:00.000Z,2022-01-13T07:54:00.000Z,2022-01-10T00:00:00.000Z,1,0,0,0.118914,1.153507,-0.06,0.000368,1.093875,-0.025225,0.118914,11,12,0.036806,0.2,,8C469C151A6004B377A0329CA9C03CC8B2C1674DCD57ACADB6EA916AFD65812D
RAW_GRID_T100_S020_GATE90_RAW_BOTH,raw_both,RAW_GRID_T100_S020_GATE90_RAW_BOTH|GBPJPY|SHORT|22,GBPJPY,SHORT,target,2022-01-13T08:04:00.000Z,2022-01-13T11:57:00.000Z,2022-01-10T00:00:00.000Z,2,1,0,0.142969,1.388688,-0.12,0.002639,1.271327,-0.20988,0.142969,12,13,0.161806,0.2,,041F9ADFF602D2C0EC3F26E5CC75AAE587FE42914FEC5F2B2C93C90D53D8E716
RAW_GRID_T100_S020_GATE90_RAW_BOTH,raw_both,RAW_GRID_T100_S020_GATE90_RAW_BOTH|GBPJPY|LONG|23,GBPJPY,LONG,target,2022-01-13T12:02:00.000Z,2022-01-13T13:59:00.000Z,2022-01-10T00:00:00.000Z,2,1,0,0.066924,0.647415,-0.12,-0.012227,0.515189,-0.575367,0.07752,6,7,0.08125,0.2,,8A2295008E4289A90AB48AD67592140B12FA5340AA370FC26389C66ED43EDAF6
RAW_GRID_T100_S020_GATE90_RAW_BOTH,raw_both,RAW_GRID_T100_S020_GATE90_RAW_BOTH|GBPJPY|LONG|24,GBPJPY,LONG,target,2022-01-13T14:03:00.000Z,2022-01-13T14:50:00.000Z,2022-01-10T00:00:00.000Z,1,0,0,0.114625,1.111226,-0.06,-0.002993,1.048234,-0.060472,0.114625,7,8,0.032639,0.2,,8547D8CB0144922886BFFCFD32F12483AED2C423667AB2B42D7CE394520E3BCF
RAW_GRID_T100_S020_GATE90_RAW_BOTH,raw_both,RAW_GRID_T100_S020_GATE90_RAW_BOTH|GBPJPY|SHORT|25,GBPJPY,SHORT,target,2022-01-13T14:58:00.000Z,2022-01-13T15:07:00.000Z,2022-01-10T00:00:00.000Z,1,0,0,0.10996,1.067454,-0.06,0.000063,1.007517,-0.005408,0.10996,13,14,0.00625,0.2,,F53ABEB4A23EF272E83AB5984711565485A27A228142FF144D63457A88DD3583
RAW_GRID_T100_S020_GATE90_RAW_BOTH,raw_both,RAW_GRID_T100_S020_GATE90_RAW_BOTH|GBPJPY|LONG|26,GBPJPY,LONG,session_flatten,2022-01-13T15:26:00.000Z,2022-01-13T21:00:00.000Z,2022-01-10T00:00:00.000Z,3,2,0,-0.687475,-6.667188,-0.18,-0.055211,-6.902399,-0.893622,0.096601,8,,0.231944,0.2,,3C5A612534FC03A4B826FB6CAB7598E98F07F56BB48F682E9FC2AFD53C4F372A
RAW_GRID_T100_S020_GATE90_RAW_BOTH,raw_both,RAW_GRID_T100_S020_GATE90_RAW_BOTH|GBPJPY|LONG|27,GBPJPY,LONG,target,2022-01-13T23:38:00.000Z,2022-01-14T06:02:00.000Z,2022-01-10T00:00:00.000Z,3,2,0,0.012359,0.114331,-0.18,-0.058331,-0.124001,-0.675599,0.057926,8,9,0.266667,0.2,,95D7BD20FDB13D4B27CE422B6B98B26603802F8C70AB56B1EDA133C6A3ED6FC2
RAW_GRID_T100_S020_GATE90_RAW_BOTH,raw_both,RAW_GRID_T100_S020_GATE90_RAW_BOTH|GBPJPY|LONG|28,GBPJPY,LONG,target,2022-01-14T07:28:00.000Z,2022-01-14T07:56:00.000Z,2022-01-10T00:00:00.000Z,1,0,0,0.121614,1.177895,-0.06,-0.001783,1.116112,-0.050824,0.121614,9,10,0.019444,0.2,,3456D554F63932BF31FDD586AAA9BDB474F66C3D033DC5540FF8E376359C59DA
RAW_GRID_T100_S020_GATE90_RAW_BOTH,raw_both,RAW_GRID_T100_S020_GATE90_RAW_BOTH|GBPJPY|SHORT|29,GBPJPY,SHORT,target,2022-01-14T08:19:00.000Z,2022-01-14T12:00:00.000Z,2022-01-10T00:00:00.000Z,2,1,0,0.308625,2.993851,-0.12,0.002208,2.876059,-0.200251,0.308625,14,15,0.153472,0.2,,520D07563F6E8727C3D94A75FB3AB6593BBA79DC468C5D1F4F3BD49498F3EEE5
RAW_GRID_T100_S020_GATE90_RAW_BOTH,raw_both,RAW_GRID_T100_S020_GATE90_RAW_BOTH|GBPNZD|SHORT|1,GBPNZD,SHORT,target,2022-01-10T13:36:00.000Z,2022-01-10T16:09:00.000Z,2022-01-10T00:00:00.000Z,2,1,0,0.137498,0.985055,-0.12,0.001229,0.866284,-0.477513,0.137498,0,1,0.10625,0.2,,7B7A87864DE5DAD7B00A06B29FBD3819BB3E5996CE2F39BDB306D6C98DED95F7
RAW_GRID_T100_S020_GATE90_RAW_BOTH,raw_both,RAW_GRID_T100_S020_GATE90_RAW_BOTH|GBPNZD|LONG|2,GBPNZD,LONG,session_flatten,2022-01-10T20:40:00.000Z,2022-01-10T21:00:00.000Z,2022-01-10T00:00:00.000Z,1,0,0,0.001888,0.013523,-0.06,-0.001274,-0.04775,-0.067967,0.065135,0,,0.013889,0.2,,C04270454CCF4FFFFD06C83D895656CA5BF8262F442170C7E630E8F4A6F4BB0A
RAW_GRID_T100_S020_GATE90_RAW_BOTH,raw_both,RAW_GRID_T100_S020_GATE90_RAW_BOTH|GBPNZD|LONG|3,GBPNZD,LONG,target,2022-01-10T23:14:00.000Z,2022-01-11T01:31:00.000Z,2022-01-10T00:00:00.000Z,1,0,0,0.069873,0.500786,-0.06,-0.008724,0.432062,-0.181292,0.075538,0,1,0.095139,0.2,,9F5325AE482B90A4EA9455FFBA686C91CD762FC420C260BFC384E09FE73680DC
RAW_GRID_T100_S020_GATE90_RAW_BOTH,raw_both,RAW_GRID_T100_S020_GATE90_RAW_BOTH|GBPNZD|SHORT|4,GBPNZD,SHORT,target,2022-01-11T01:49:00.000Z,2022-01-11T02:22:00.000Z,2022-01-10T00:00:00.000Z,1,0,0,0.087746,0.629208,-0.06,0.000229,0.569437,-0.14247,0.087746,1,2,0.022917,0.2,,EDE30D3C3017E4B462C528221D25424DC149C967D9D9643289D287DC68D239C7
RAW_GRID_T100_S020_GATE90_RAW_BOTH,raw_both,RAW_GRID_T100_S020_GATE90_RAW_BOTH|GBPNZD|LONG|5,GBPNZD,LONG,target,2022-01-11T03:31:00.000Z,2022-01-11T03:49:00.000Z,2022-01-10T00:00:00.000Z,1,0,0,0.139793,1.002179,-0.06,-0.001146,0.941033,0,0.139793,1,2,0.0125,0.2,,41FE2ED6BFC05A465A3BAB55F18EAEC51BC8378D051DC3593381548D93AC7D12
RAW_GRID_T100_S020_GATE90_RAW_BOTH,raw_both,RAW_GRID_T100_S020_GATE90_RAW_BOTH|GBPNZD|SHORT|6,GBPNZD,SHORT,target,2022-01-11T06:40:00.000Z,2022-01-11T07:18:00.000Z,2022-01-10T00:00:00.000Z,1,0,0,0.08208,0.588789,-0.06,0.000264,0.529053,-0.116045,0.08208,2,3,0.026389,0.2,,BA7F32D337950BD5E65BE28166ACA30EA32C2CC3701C059E4D42E3524EA46CC5
RAW_GRID_T100_S020_GATE90_RAW_BOTH,raw_both,RAW_GRID_T100_S020_GATE90_RAW_BOTH|GBPNZD|SHORT|7,GBPNZD,SHORT,target,2022-01-11T08:06:00.000Z,2022-01-11T09:04:00.000Z,2022-01-10T00:00:00.000Z,1,0,0,0.149912,1.077312,-0.06,0.000403,1.017715,-0.072598,0.184796,3,4,0.040278,0.2,,92259C87B4DD90715EB9225E60D3797799CD0F41FCAAC6BD56A0926D21325FF4
RAW_GRID_T100_S020_GATE90_RAW_BOTH,raw_both,RAW_GRID_T100_S020_GATE90_RAW_BOTH|GBPNZD|LONG|8,GBPNZD,LONG,target,2022-01-11T09:30:00.000Z,2022-01-11T09:49:00.000Z,2022-01-10T00:00:00.000Z,1,0,0,0.135953,0.975776,-0.06,-0.00121,0.914566,-0.044373,0.135953,2,3,0.013194,0.2,,ABCDEACD7F9ECDB1D4FD97335B57D2AE632A5653D572C5384E5D5A93C3446E44
RAW_GRID_T100_S020_GATE90_RAW_BOTH,raw_both,RAW_GRID_T100_S020_GATE90_RAW_BOTH|GBPNZD|LONG|9,GBPNZD,LONG,target,2022-01-11T10:06:00.000Z,2022-01-11T10:16:00.000Z,2022-01-10T00:00:00.000Z,1,0,0,0.118954,0.853379,-0.06,-0.000637,0.792742,-0.007552,0.118954,3,4,0.006944,0.2,,F79DE1BF36F8E125AC57DD8BA00AB6324883D07989B467BB216C1EABC7623C74
RAW_GRID_T100_S020_GATE90_RAW_BOTH,raw_both,RAW_GRID_T100_S020_GATE90_RAW_BOTH|GBPNZD|SHORT|10,GBPNZD,SHORT,target,2022-01-11T10:20:00.000Z,2022-01-11T11:56:00.000Z,2022-01-10T00:00:00.000Z,1,0,0,0.066011,0.473687,-0.06,0.000667,0.414354,-0.165972,0.066011,4,5,0.066667,0.2,,7005D5A506CEC267020300781CFDBA11F12748D7B14D8E04401D904B984FD5EC
RAW_GRID_T100_S020_GATE90_RAW_BOTH,raw_both,RAW_GRID_T100_S020_GATE90_RAW_BOTH|GBPNZD|LONG|11,GBPNZD,LONG,target,2022-01-11T12:02:00.000Z,2022-01-11T12:09:00.000Z,2022-01-10T00:00:00.000Z,1,0,0,0.144429,1.034985,-0.06,-0.000446,0.974539,0,0.144429,4,5,0.004861,0.2,,F711006AD17662D273042C2A1FC2CB47DB2D6E85E760A9C48F2A3DC877B9B3EF
RAW_GRID_T100_S020_GATE90_RAW_BOTH,raw_both,RAW_GRID_T100_S020_GATE90_RAW_BOTH|GBPNZD|SHORT|12,GBPNZD,SHORT,target,2022-01-11T12:20:00.000Z,2022-01-11T12:41:00.000Z,2022-01-10T00:00:00.000Z,1,0,0,0.109363,0.784066,-0.06,0.000146,0.724211,0,0.109363,5,6,0.014583,0.2,,74A3045793D4073B4C6647B916BD5D7E8E543A32139CB331E77CA80144A6048A
RAW_GRID_T100_S020_GATE90_RAW_BOTH,raw_both,RAW_GRID_T100_S020_GATE90_RAW_BOTH|GBPNZD|SHORT|13,GBPNZD,SHORT,target,2022-01-11T13:57:00.000Z,2022-01-11T16:31:00.000Z,2022-01-10T00:00:00.000Z,2,1,0,0.097878,0.70406,-0.12,0.001938,0.585997,-0.463711,0.161953,6,7,0.106944,0.2,,3A747A5BA57469E11941E7A546A33E5A2C02909F83AFEE83CE98FDF75A25BE52
RAW_GRID_T100_S020_GATE90_RAW_BOTH,raw_both,RAW_GRID_T100_S020_GATE90_RAW_BOTH|GBPNZD|LONG|14,GBPNZD,LONG,session_flatten,2022-01-11T17:15:00.000Z,2022-01-11T21:00:00.000Z,2022-01-10T00:00:00.000Z,2,1,0,-0.007438,-0.054277,-0.12,-0.023689,-0.197966,-0.475377,0.105773,5,,0.15625,0.2,,E557541D600BA4B93A4ED48DD244031A0BDBDC709CAA72804E0829051B0300B4
RAW_GRID_T100_S020_GATE90_RAW_BOTH,raw_both,RAW_GRID_T100_S020_GATE90_RAW_BOTH|GBPNZD|LONG|15,GBPNZD,LONG,target,2022-01-11T23:07:00.000Z,2022-01-11T23:53:00.000Z,2022-01-10T00:00:00.000Z,1,0,0,0.083039,0.597151,-0.06,-0.002929,0.534222,-0.026421,0.083039,5,6,0.031944,0.2,,5A9E496688F2DBEA0ADA073A1892A2CBEA8319C090A56B98B47C131DA7BA873C
RAW_GRID_T100_S020_GATE90_RAW_BOTH,raw_both,RAW_GRID_T100_S020_GATE90_RAW_BOTH|GBPNZD|SHORT|16,GBPNZD,SHORT,target,2022-01-11T23:57:00.000Z,2022-01-12T00:02:00.000Z,2022-01-10T00:00:00.000Z,1,0,0,0.118779,0.854758,-0.06,0.000035,0.794793,-0.009427,0.118779,7,8,0.003472,0.2,,6EABCDD4EC4A092FD011A9D286501055E810CE9A8155ADCE6CAC1F6134998076
RAW_GRID_T100_S020_GATE90_RAW_BOTH,raw_both,RAW_GRID_T100_S020_GATE90_RAW_BOTH|GBPNZD|SHORT|17,GBPNZD,SHORT,target,2022-01-12T00:15:00.000Z,2022-01-12T00:32:00.000Z,2022-01-10T00:00:00.000Z,1,0,0,0.169676,1.22134,-0.06,0.000118,1.161458,0,0.169676,8,9,0.011806,0.2,,6FE41A2482815EEAAB1D8EF89D7F295AF50F3946917187952133F001B4A90448
RAW_GRID_T100_S020_GATE90_RAW_BOTH,raw_both,RAW_GRID_T100_S020_GATE90_RAW_BOTH|GBPNZD|LONG|18,GBPNZD,LONG,target,2022-01-12T00:41:00.000Z,2022-01-12T01:00:00.000Z,2022-01-10T00:00:00.000Z,1,0,0,0.116093,0.834874,-0.06,-0.00121,0.773664,0,0.116093,6,7,0.013194,0.2,,F0385A94F31CF4CBD4F1E4F761F6B9BDDEE41C1FFC1F32285923812DD04804F7
RAW_GRID_T100_S020_GATE90_RAW_BOTH,raw_both,RAW_GRID_T100_S020_GATE90_RAW_BOTH|GBPNZD|SHORT|19,GBPNZD,SHORT,target,2022-01-12T01:20:00.000Z,2022-01-12T01:26:00.000Z,2022-01-10T00:00:00.000Z,1,0,0,0.131041,0.943142,-0.06,0.000042,0.883184,0,0.131041,9,10,0.004167,0.2,,2CD993404BF1B9C45DD97C265B9C0B49C4CD3878A05604E33F4DA79FA5D6F310
RAW_GRID_T100_S020_GATE90_RAW_BOTH,raw_both,RAW_GRID_T100_S020_GATE90_RAW_BOTH|GBPNZD|SHORT|20,GBPNZD,SHORT,target,2022-01-12T01:55:00.000Z,2022-01-12T02:03:00.000Z,2022-01-10T00:00:00.000Z,1,0,0,0.120677,0.868355,-0.06,0.000056,0.808411,0,0.120677,10,11,0.005556,0.2,,F16B5077633F0E43D1771D5070A082AC9311EBF49BD11743AAC9C904C4CFF4C5
RAW_GRID_T100_S020_GATE90_RAW_BOTH,raw_both,RAW_GRID_T100_S020_GATE90_RAW_BOTH|GBPNZD|SHORT|21,GBPNZD,SHORT,target,2022-01-12T02:40:00.000Z,2022-01-12T03:09:00.000Z,2022-01-10T00:00:00.000Z,1,0,0,0.099933,0.71978,-0.06,0.000201,0.659982,-0.038654,0.099933,11,12,0.020139,0.2,,CB9619CF6639BBCAC9F65202BD69591D0EEE47F63EF121482286E309B81B98D9
RAW_GRID_T100_S020_GATE90_RAW_BOTH,raw_both,RAW_GRID_T100_S020_GATE90_RAW_BOTH|GBPNZD|LONG|22,GBPNZD,LONG,target,2022-01-12T04:21:00.000Z,2022-01-12T07:37:00.000Z,2022-01-10T00:00:00.000Z,1,0,0,0.100038,0.718961,-0.06,-0.012481,0.646479,-0.115137,0.100038,7,8,0.136111,0.2,,A9E4EEA4046CCF92C0FE9F48F813AC68383B5C4CEDB5DB0721BC97DC2D33AE69
RAW_GRID_T100_S020_GATE90_RAW_BOTH,raw_both,RAW_GRID_T100_S020_GATE90_RAW_BOTH|GBPNZD|SHORT|23,GBPNZD,SHORT,target,2022-01-12T07:55:00.000Z,2022-01-12T08:59:00.000Z,2022-01-10T00:00:00.000Z,1,0,0,0.065053,0.467891,-0.06,0.000444,0.408335,-0.165932,0.078252,12,13,0.044444,0.2,,F07BE04E97BC7DCC406E463EC805610A077FA2122363D4B8B2EED9D61F0D87E5
RAW_GRID_T100_S020_GATE90_RAW_BOTH,raw_both,RAW_GRID_T100_S020_GATE90_RAW_BOTH|GBPNZD|LONG|24,GBPNZD,LONG,target,2022-01-12T09:28:00.000Z,2022-01-12T10:08:00.000Z,2022-01-10T00:00:00.000Z,1,0,0,0.11607,0.834333,-0.06,-0.002547,0.771786,-0.005662,0.11607,8,9,0.027778,0.2,,6138D8DF2D22878C86E4F86011A26F0BE35E7A45917995175475DEF91524059C
RAW_GRID_T100_S020_GATE90_RAW_BOTH,raw_both,RAW_GRID_T100_S020_GATE90_RAW_BOTH|GBPNZD|SHORT|25,GBPNZD,SHORT,target,2022-01-12T11:32:00.000Z,2022-01-12T13:34:00.000Z,2022-01-10T00:00:00.000Z,2,1,0,0.257039,1.852907,-0.12,0.001021,1.733928,-0.338291,0.257039,13,14,0.084722,0.2,,3620F367A3639A70F3AAEE2E684B75E7C28F5F16AEABC68D0603CC647824C205
RAW_GRID_T100_S020_GATE90_RAW_BOTH,raw_both,RAW_GRID_T100_S020_GATE90_RAW_BOTH|GBPNZD|SHORT|27,GBPNZD,SHORT,target,2022-01-12T18:53:00.000Z,2022-01-12T19:14:00.000Z,2022-01-10T00:00:00.000Z,1,0,0,0.124902,0.903704,-0.06,0.000146,0.843849,0,0.124902,14,15,0.014583,0.2,,FC953B986DBC0BE2DF289B243FAB07AB212208D1BB0084CF06E99B3F898C541B
RAW_GRID_T100_S020_GATE90_RAW_BOTH,raw_both,RAW_GRID_T100_S020_GATE90_RAW_BOTH|GBPNZD|LONG|26,GBPNZD,LONG,session_flatten,2022-01-12T13:38:00.000Z,2022-01-12T21:00:00.000Z,2022-01-10T00:00:00.000Z,5,4,0,-2.839671,-20.616912,-0.3,-0.123731,-21.040643,-2.839671,0.037721,9,,0.306944,0.2,,4EA11D684E7F7E7F618F7F1885A363D119F7A8382A6678AB4898AAA7A459F4EE
RAW_GRID_T100_S020_GATE90_RAW_BOTH,raw_both,RAW_GRID_T100_S020_GATE90_RAW_BOTH|GBPNZD|LONG|28,GBPNZD,LONG,target,2022-01-13T00:41:00.000Z,2022-01-13T01:18:00.000Z,2022-01-10T00:00:00.000Z,1,0,0,0.085283,0.616631,-0.06,-0.002356,0.554275,-0.108025,0.085283,9,10,0.025694,0.2,,BAE9398E07B691B5CAF55B2C0B013217C91BB050D8529472252083A9F5C0EBA0
RAW_GRID_T100_S020_GATE90_RAW_BOTH,raw_both,RAW_GRID_T100_S020_GATE90_RAW_BOTH|GBPNZD|SHORT|29,GBPNZD,SHORT,target,2022-01-13T01:54:00.000Z,2022-01-13T02:27:00.000Z,2022-01-10T00:00:00.000Z,1,0,0,0.085198,0.616703,-0.06,0.000229,0.556933,-0.100343,0.085198,15,16,0.022917,0.2,,C47A89BAE6E05F5B6AC05E7355D886023BCE06A0F22B95E1BEF5A5A9F6FD935C
RAW_GRID_T100_S020_GATE90_RAW_BOTH,raw_both,RAW_GRID_T100_S020_GATE90_RAW_BOTH|GBPNZD|SHORT|30,GBPNZD,SHORT,target,2022-01-13T02:34:00.000Z,2022-01-13T02:47:00.000Z,2022-01-10T00:00:00.000Z,1,0,0,0.109792,0.79497,-0.06,0.00009,0.73506,-0.007571,0.109792,16,17,0.009028,0.2,,C3FE9C41886AD3E4B1942DBBC8F9B3599BAE177E16A8D500A7172C5774E5A51F
RAW_GRID_T100_S020_GATE90_RAW_BOTH,raw_both,RAW_GRID_T100_S020_GATE90_RAW_BOTH|GBPNZD|SHORT|32,GBPNZD,SHORT,target,2022-01-13T16:05:00.000Z,2022-01-13T16:25:00.000Z,2022-01-10T00:00:00.000Z,1,0,0,0.111016,0.804727,-0.06,0.000139,0.744866,0,0.111016,17,18,0.013889,0.2,,4D2D670B622685BFC69FB6BE0C7ABD52AA9E068AFFA1274949FA01D737299B76
RAW_GRID_T100_S020_GATE90_RAW_BOTH,raw_both,RAW_GRID_T100_S020_GATE90_RAW_BOTH|GBPNZD|SHORT|33,GBPNZD,SHORT,target,2022-01-13T20:03:00.000Z,2022-01-13T20:08:00.000Z,2022-01-10T00:00:00.000Z,1,0,0,0.136657,0.989168,-0.06,0.000035,0.929203,-0.030368,0.136657,18,19,0.003472,0.2,,395309054C73329971313BA1452D14ABD7D09C18D547C713116778A41A669995
RAW_GRID_T100_S020_GATE90_RAW_BOTH,raw_both,RAW_GRID_T100_S020_GATE90_RAW_BOTH|GBPNZD|LONG|31,GBPNZD,LONG,target,2022-01-13T02:51:00.000Z,2022-01-13T20:56:00.000Z,2022-01-10T00:00:00.000Z,3,2,0,0.040299,0.288121,-0.18,-0.153597,-0.045477,-1.103813,0.102345,10,11,0.753472,0.2,,8E76313316C0F0AEF46AD272C5A682CC580D1555ACA4E243173DA0CF5296506D
RAW_GRID_T100_S020_GATE90_RAW_BOTH,raw_both,RAW_GRID_T100_S020_GATE90_RAW_BOTH|GBPNZD|SHORT|34,GBPNZD,SHORT,target,2022-01-13T23:21:00.000Z,2022-01-14T04:24:00.000Z,2022-01-10T00:00:00.000Z,3,2,0,0.018523,0.137246,-0.18,0.00425,-0.038504,-0.967887,0.067352,19,20,0.210417,0.2,,14D60CE1234C7D3F2D4CCF39B39C4288BC987D9411DDFF7A6C74FDFA38E98AA7
RAW_GRID_T100_S020_GATE90_RAW_BOTH,raw_both,RAW_GRID_T100_S020_GATE90_RAW_BOTH|GBPNZD|SHORT|35,GBPNZD,SHORT,target,2022-01-14T04:51:00.000Z,2022-01-14T05:30:00.000Z,2022-01-10T00:00:00.000Z,1,0,0,0.094697,0.686256,-0.06,0.000271,0.626527,-0.00947,0.094697,20,21,0.027083,0.2,,5404E6E39FF2B55CDA84F23E6D2F679F37388D1C463CC419F951EA6C1530BA62
RAW_GRID_T100_S020_GATE90_RAW_BOTH,raw_both,RAW_GRID_T100_S020_GATE90_RAW_BOTH|GBPNZD|LONG|36,GBPNZD,LONG,target,2022-01-14T06:01:00.000Z,2022-01-14T08:05:00.000Z,2022-01-10T00:00:00.000Z,1,0,0,0.09669,0.700193,-0.06,-0.007896,0.632296,-0.094793,0.09669,11,12,0.086111,0.2,,C13D2C29001E03BA4D7D2C194597E7A96193BB00CF86B336DEEC250CEE9FE37A
RAW_GRID_T100_S020_GATE90_RAW_BOTH,raw_both,RAW_GRID_T100_S020_GATE90_RAW_BOTH|GBPNZD|LONG|37,GBPNZD,LONG,target,2022-01-14T08:10:00.000Z,2022-01-14T08:41:00.000Z,2022-01-10T00:00:00.000Z,1,0,0,0.086268,0.625098,-0.06,-0.001974,0.563124,-0.112813,0.086268,12,13,0.021528,0.2,,7E0F419547C88BC8B98D5D93CBA2F826001298D5E2FC7B22046CECA3E0613217
RAW_GRID_T100_S020_GATE90_RAW_BOTH,raw_both,RAW_GRID_T100_S020_GATE90_RAW_BOTH|GBPNZD|SHORT|38,GBPNZD,SHORT,target,2022-01-14T08:50:00.000Z,2022-01-14T14:36:00.000Z,2022-01-10T00:00:00.000Z,4,3,0,0.093402,0.682953,-0.24,0.005479,0.448432,-1.268188,0.093402,21,22,0.240278,0.2,,6C506F3DE01F79363165DD235949F48856F1FA4D1526316248BD1AC297BAE1D1
RAW_GRID_T100_S020_GATE90_RAW_BOTH,raw_both,RAW_GRID_T100_S020_GATE90_RAW_BOTH|GBPNZD|LONG|39,GBPNZD,LONG,target,2022-01-14T14:39:00.000Z,2022-01-14T14:44:00.000Z,2022-01-10T00:00:00.000Z,1,0,0,0.132447,0.956859,-0.06,-0.000318,0.896541,0,0.132447,13,14,0.003472,0.2,,93D1083C5C86E25C8177C2644A7B0245741D10C9A4B7F55328FF5A18622DFD6A
RAW_GRID_T100_S020_GATE90_RAW_BOTH,raw_both,RAW_GRID_T100_S020_GATE90_RAW_BOTH|GBPNZD|LONG|40,GBPNZD,LONG,target,2022-01-14T14:58:00.000Z,2022-01-14T15:03:00.000Z,2022-01-10T00:00:00.000Z,1,0,0,0.132429,0.955613,-0.06,-0.000318,0.895295,-0.075673,0.132429,14,15,0.003472,0.2,,8AA86EE1BAE92D273F7394F5C1AE68AA274B3792EBE914ABCFBDE50EBE29E7DB
RAW_GRID_T100_S020_GATE90_RAW_BOTH,raw_both,RAW_GRID_T100_S020_GATE90_RAW_BOTH|GBPNZD|LONG|41,GBPNZD,LONG,target,2022-01-14T15:17:00.000Z,2022-01-14T15:30:00.000Z,2022-01-10T00:00:00.000Z,1,0,0,0.110672,0.798526,-0.06,-0.000828,0.737698,-0.014189,0.110672,15,16,0.009028,0.2,,125BB4B46279BBF01EF59E064D13617791CE7C0E6694D7898FFD6361C524CF26
RAW_GRID_T100_S020_GATE90_RAW_BOTH,raw_both,RAW_GRID_T100_S020_GATE90_RAW_BOTH|GBPUSD|LONG|1,GBPUSD,LONG,target,2022-01-10T13:20:00.000Z,2022-01-10T15:51:00.000Z,2022-01-10T00:00:00.000Z,3,2,0,0.102828,0.800004,-0.18,-0.02388,0.596124,-1.025554,0.102828,0,1,0.104861,0.2,,B7B9593737550CAB93D826D41988C7A3DFF2F6E4C34F83E601C5212B8A404FC1
RAW_GRID_T100_S020_GATE90_RAW_BOTH,raw_both,RAW_GRID_T100_S020_GATE90_RAW_BOTH|GBPUSD|SHORT|2,GBPUSD,SHORT,session_flatten,2022-01-10T16:18:00.000Z,2022-01-10T21:00:00.000Z,2022-01-10T00:00:00.000Z,1,0,0,-0.154703,-1.210006,-0.06,0.001958,-1.268048,-0.16621,0.102282,0,,0.195833,0.2,,E03268BCA030543A5E7CB183317B12C9115612F2242B0E4197C5842E48FCD3AA
RAW_GRID_T100_S020_GATE90_RAW_BOTH,raw_both,RAW_GRID_T100_S020_GATE90_RAW_BOTH|GBPUSD|SHORT|3,GBPUSD,SHORT,target,2022-01-10T23:05:00.000Z,2022-01-11T11:01:00.000Z,2022-01-10T00:00:00.000Z,3,2,0,0.010706,0.09,-0.18,0.009354,-0.080645,-0.815903,0.201564,0,1,0.497222,0.2,,8CD895C8912C434DEE19829E27A93716B3E4ECC0FDBE37F4F5A94DB67199C949
RAW_GRID_T100_S020_GATE90_RAW_BOTH,raw_both,RAW_GRID_T100_S020_GATE90_RAW_BOTH|GBPUSD|LONG|4,GBPUSD,LONG,target,2022-01-11T11:31:00.000Z,2022-01-11T11:52:00.000Z,2022-01-10T00:00:00.000Z,1,0,0,0.130191,1.020005,-0.06,-0.001337,0.958668,-0.039568,0.130191,1,2,0.014583,0.2,,A827A14D09F03E6F914A5E207E7066DFD947A5B6CDBDBD52C47B46B0F3A1C1CD
RAW_GRID_T100_S020_GATE90_RAW_BOTH,raw_both,RAW_GRID_T100_S020_GATE90_RAW_BOTH|GBPUSD|LONG|5,GBPUSD,LONG,target,2022-01-11T11:56:00.000Z,2022-01-11T15:04:00.000Z,2022-01-10T00:00:00.000Z,2,1,0,0.042274,0.330009,-0.12,-0.019932,0.190077,-0.534988,0.071476,2,3,0.130556,0.2,,1561FF4F65B81CBB3012FC36913F5FFB5FD72E62720F137D94456D2CCFF44B9B
RAW_GRID_T100_S020_GATE90_RAW_BOTH,raw_both,RAW_GRID_T100_S020_GATE90_RAW_BOTH|GBPUSD|SHORT|6,GBPUSD,SHORT,session_flatten,2022-01-11T15:06:00.000Z,2022-01-11T21:00:00.000Z,2022-01-10T00:00:00.000Z,3,2,0,-0.836671,-6.560008,-0.18,0.006264,-6.733744,-0.932275,0.132724,1,,0.245833,0.2,,5A0C13D41A87D806AA166CB84394145D74128912C47E509773DB8C64171F5279
RAW_GRID_T100_S020_GATE90_RAW_BOTH,raw_both,RAW_GRID_T100_S020_GATE90_RAW_BOTH|GBPUSD|SHORT|7,GBPUSD,SHORT,target,2022-01-11T23:08:00.000Z,2022-01-12T07:28:00.000Z,2022-01-10T00:00:00.000Z,1,0,0,0.085233,0.670003,-0.06,0.003472,0.613475,-0.128485,0.094138,1,2,0.347222,0.2,,F63133B6352E4BDB6FCD19556B7F3234C200965D8EE841399A67D278DD00718E
RAW_GRID_T100_S020_GATE90_RAW_BOTH,raw_both,RAW_GRID_T100_S020_GATE90_RAW_BOTH|GBPUSD|SHORT|8,GBPUSD,SHORT,target,2022-01-12T08:16:00.000Z,2022-01-12T08:23:00.000Z,2022-01-10T00:00:00.000Z,1,0,0,0.148788,1.169998,-0.06,0.000049,1.110046,0,0.148788,2,3,0.004861,0.2,,352067D6249CC9C90066B02B5C706525E6877376C8488B50E8686DD78201F1F6
RAW_GRID_T100_S020_GATE90_RAW_BOTH,raw_both,RAW_GRID_T100_S020_GATE90_RAW_BOTH|GBPUSD|LONG|9,GBPUSD,LONG,target,2022-01-12T09:40:00.000Z,2022-01-12T10:05:00.000Z,2022-01-10T00:00:00.000Z,1,0,0,0.122235,0.960005,-0.06,-0.001592,0.898413,-0.010186,0.122235,3,4,0.017361,0.2,,A6851D9C575BD4DD1735D4FDB4ED05AE5F0E28F318BBEA3E2FDCB9184BEE8BA3
RAW_GRID_T100_S020_GATE90_RAW_BOTH,raw_both,RAW_GRID_T100_S020_GATE90_RAW_BOTH|GBPUSD|LONG|10,GBPUSD,LONG,target,2022-01-12T10:19:00.000Z,2022-01-12T11:14:00.000Z,2022-01-10T00:00:00.000Z,1,0,0,0.127336,1.000005,-0.06,-0.003502,0.936502,-0.025466,0.127336,4,5,0.038194,0.2,,E224AD1A3D5B3A1C672A6356AB1F51EE71C81053B1D40AB8D9119236AB4453A1
RAW_GRID_T100_S020_GATE90_RAW_BOTH,raw_both,RAW_GRID_T100_S020_GATE90_RAW_BOTH|GBPUSD|SHORT|11,GBPUSD,SHORT,session_flatten,2022-01-12T12:36:00.000Z,2022-01-12T21:00:00.000Z,2022-01-10T00:00:00.000Z,5,4,0,-2.335384,-18.390019,-0.3,0.01366,-18.676359,-2.620827,0.076299,3,,0.35,0.2,,C43AC9FCC4AB29840E2C6AA00ACE3CE829E3A9256026F58BAE3E693A426B6308
RAW_GRID_T100_S020_GATE90_RAW_BOTH,raw_both,RAW_GRID_T100_S020_GATE90_RAW_BOTH|GBPUSD|SHORT|12,GBPUSD,SHORT,target,2022-01-12T23:06:00.000Z,2022-01-13T12:01:00.000Z,2022-01-10T00:00:00.000Z,3,2,0,0.060163,0.480002,-0.18,0.008951,0.308954,-0.921893,0.060163,3,4,0.538194,0.2,,46246E42C95698CA17DFB2487BB75FE05392631BBB5AA064992BB1028A3268CC
RAW_GRID_T100_S020_GATE90_RAW_BOTH,raw_both,RAW_GRID_T100_S020_GATE90_RAW_BOTH|GBPUSD|LONG|13,GBPUSD,LONG,target,2022-01-13T11:59:00.000Z,2022-01-13T12:36:00.000Z,2022-01-10T00:00:00.000Z,1,0,0,0.104887,0.829996,-0.06,-0.002356,0.76764,-0.142799,0.104887,5,6,0.025694,0.2,,7897EFD0DC6CF1960DA24071E3036FFED1FC1354FA4FBF8AFDCC43EADCD2E772
RAW_GRID_T100_S020_GATE90_RAW_BOTH,raw_both,RAW_GRID_T100_S020_GATE90_RAW_BOTH|GBPUSD|LONG|14,GBPUSD,LONG,target,2022-01-13T12:43:00.000Z,2022-01-13T13:46:00.000Z,2022-01-10T00:00:00.000Z,1,0,0,0.096044,0.759996,-0.06,-0.004012,0.695984,-0.163023,0.096044,6,7,0.04375,0.2,,6B82D48D323E9ED43C975706D542D4BFBE808F907950A43A64F0BF22B2561ADA
RAW_GRID_T100_S020_GATE90_RAW_BOTH,raw_both,RAW_GRID_T100_S020_GATE90_RAW_BOTH|GBPUSD|SHORT|15,GBPUSD,SHORT,target,2022-01-13T14:01:00.000Z,2022-01-13T14:48:00.000Z,2022-01-10T00:00:00.000Z,1,0,0,0.113619,0.900004,-0.06,0.000326,0.840331,-0.061859,0.113619,4,5,0.032639,0.2,,57FA8B05584AC919067B6AC9D43D68F964286138C6316C79D4D7693530D20180
RAW_GRID_T100_S020_GATE90_RAW_BOTH,raw_both,RAW_GRID_T100_S020_GATE90_RAW_BOTH|GBPUSD|SHORT|16,GBPUSD,SHORT,target,2022-01-13T14:51:00.000Z,2022-01-13T15:26:00.000Z,2022-01-10T00:00:00.000Z,1,0,0,0.113607,0.900004,-0.06,0.000243,0.840247,-0.082048,0.113607,5,6,0.024306,0.2,,9337E360512C94285483FE40989B6644CAE3E38E637074FD91F87D7363D5A1EE
RAW_GRID_T100_S020_GATE90_RAW_BOTH,raw_both,RAW_GRID_T100_S020_GATE90_RAW_BOTH|GBPUSD|LONG|17,GBPUSD,LONG,target,2022-01-13T15:35:00.000Z,2022-01-13T15:37:00.000Z,2022-01-10T00:00:00.000Z,1,0,0,0.107418,0.849996,-0.06,-0.000127,0.789869,0,0.107418,7,8,0.001389,0.2,,4D6CDCAD88288AC69DEA6B05F6F4E47C8A241D4D7AEE786247023D6530045581
RAW_GRID_T100_S020_GATE90_RAW_BOTH,raw_both,RAW_GRID_T100_S020_GATE90_RAW_BOTH|GBPUSD|LONG|18,GBPUSD,LONG,target,2022-01-13T15:51:00.000Z,2022-01-13T15:59:00.000Z,2022-01-10T00:00:00.000Z,1,0,0,0.125135,0.989997,-0.06,-0.000509,0.929488,-0.049296,0.125135,8,9,0.005556,0.2,,DD4D01B762E11097361ECD095F2958425F6A543861B0184F314DCBE308EA3E93
RAW_GRID_T100_S020_GATE90_RAW_BOTH,raw_both,RAW_GRID_T100_S020_GATE90_RAW_BOTH|GBPUSD|LONG|19,GBPUSD,LONG,session_flatten,2022-01-13T16:57:00.000Z,2022-01-13T21:00:00.000Z,2022-01-10T00:00:00.000Z,2,1,0,-0.381811,-3.020007,-0.12,-0.017958,-3.157965,-0.389399,0.030334,9,,0.16875,0.2,,984D6F0BCF79071D8721F858DCE6BF887CF4E84B051AB8E4C38E81EC9A6301B2
RAW_GRID_T100_S020_GATE90_RAW_BOTH,raw_both,RAW_GRID_T100_S020_GATE90_RAW_BOTH|GBPUSD|LONG|20,GBPUSD,LONG,target,2022-01-13T23:06:00.000Z,2022-01-14T02:16:00.000Z,2022-01-10T00:00:00.000Z,1,0,0,0.094886,0.749996,-0.06,-0.012099,0.677896,-0.074644,0.097416,9,10,0.131944,0.2,,31F8416DF358671C3529B588D272F9E604B1442F0C1968F8C10C9A7D53252FC1
RAW_GRID_T100_S020_GATE90_RAW_BOTH,raw_both,RAW_GRID_T100_S020_GATE90_RAW_BOTH|GBPUSD|SHORT|21,GBPUSD,SHORT,target,2022-01-14T03:11:00.000Z,2022-01-14T07:17:00.000Z,2022-01-10T00:00:00.000Z,1,0,0,0.096041,0.760004,-0.06,0.001708,0.701712,-0.13395,0.096041,6,7,0.170833,0.2,,C7B1D468F8F3E1E6ACEDFD8A44F8E60FAF1996FCF0A2C403E814275F6E4F80D2
RAW_GRID_T100_S020_GATE90_RAW_BOTH,raw_both,RAW_GRID_T100_S020_GATE90_RAW_BOTH|GBPUSD|SHORT|22,GBPUSD,SHORT,target,2022-01-14T08:02:00.000Z,2022-01-14T10:12:00.000Z,2022-01-10T00:00:00.000Z,1,0,0,0.041695,0.330002,-0.06,0.000903,0.270904,-0.176889,0.053067,7,8,0.090278,0.2,,F541DD22F7748D4B7B50D8A09A84C546EDF3E222AF98588B5758131CA1D2D979
RAW_GRID_T100_S020_GATE90_RAW_BOTH,raw_both,RAW_GRID_T100_S020_GATE90_RAW_BOTH|NZDCAD|SHORT|1,NZDCAD,SHORT,session_flatten,2022-01-10T16:03:00.000Z,2022-01-10T21:00:00.000Z,2022-01-10T00:00:00.000Z,2,1,0,-0.371377,-1.530621,-0.12,0.003889,-1.646732,-0.512989,0.087903,0,,0.20625,0.2,,08740837C4542A69B39D24060E824385FE092E2D197D2275D200927F7FAD0D51
RAW_GRID_T100_S020_GATE90_RAW_BOTH,raw_both,RAW_GRID_T100_S020_GATE90_RAW_BOTH|NZDCAD|SHORT|2,NZDCAD,SHORT,target,2022-01-10T23:06:00.000Z,2022-01-11T00:09:00.000Z,2022-01-10T00:00:00.000Z,1,0,0,0.074557,0.307856,-0.06,0.000437,0.248293,-0.101322,0.074557,0,1,0.04375,0.2,,19170746003AE7F6CCEA1F44B983A50D6A2592A63C00B052765FE7843F2AF2B6
RAW_GRID_T100_S020_GATE90_RAW_BOTH,raw_both,RAW_GRID_T100_S020_GATE90_RAW_BOTH|NZDCAD|SHORT|3,NZDCAD,SHORT,target,2022-01-11T00:14:00.000Z,2022-01-11T01:08:00.000Z,2022-01-10T00:00:00.000Z,1,0,0,0.089831,0.371173,-0.06,0.000375,0.311548,-0.066895,0.089831,1,2,0.0375,0.2,,3AA48B9477C226E33B8476C0A42DB0AD9898DF9B99EC67D2BB9E42A1E903624B
RAW_GRID_T100_S020_GATE90_RAW_BOTH,raw_both,RAW_GRID_T100_S020_GATE90_RAW_BOTH|NZDCAD|LONG|4,NZDCAD,LONG,target,2022-01-11T01:49:00.000Z,2022-01-11T02:41:00.000Z,2022-01-10T00:00:00.000Z,1,0,0,0.099506,0.4109,-0.06,-0.003311,0.347589,-0.126295,0.099506,0,1,0.036111,0.2,,C0599E00F958A0111D62711FC684C3166435D92DFC1FA9C263340E099FB8C1BC
RAW_GRID_T100_S020_GATE90_RAW_BOTH,raw_both,RAW_GRID_T100_S020_GATE90_RAW_BOTH|NZDCAD|LONG|5,NZDCAD,LONG,target,2022-01-11T03:49:00.000Z,2022-01-11T06:05:00.000Z,2022-01-10T00:00:00.000Z,1,0,0,0.09568,0.395279,-0.06,-0.008661,0.326618,-0.057408,0.09568,1,2,0.094444,0.2,,FFFB94BB218AB029BD5EBB3FE3D8A0A9A6B84A7550786C7976A8C3B46074770A
RAW_GRID_T100_S020_GATE90_RAW_BOTH,raw_both,RAW_GRID_T100_S020_GATE90_RAW_BOTH|NZDCAD|LONG|6,NZDCAD,LONG,target,2022-01-11T06:32:00.000Z,2022-01-11T08:09:00.000Z,2022-01-10T00:00:00.000Z,1,0,0,0.078469,0.324362,-0.06,-0.006177,0.258185,-0.116745,0.078469,2,3,0.067361,0.2,,7460B9459337FA10F33580A356433DC69F98C63A95BBAC1B3809FA3E58B47415
RAW_GRID_T100_S020_GATE90_RAW_BOTH,raw_both,RAW_GRID_T100_S020_GATE90_RAW_BOTH|NZDCAD|SHORT|8,NZDCAD,SHORT,target,2022-01-11T16:33:00.000Z,2022-01-11T16:42:00.000Z,2022-01-10T00:00:00.000Z,1,0,0,0.118964,0.492126,-0.06,0.000062,0.432189,0,0.118964,2,3,0.00625,0.2,,4A7EC2664E3F633A092951F54FE084C3F77DEA3BC06AF903696A3BE8971A9F1A
RAW_GRID_T100_S020_GATE90_RAW_BOTH,raw_both,RAW_GRID_T100_S020_GATE90_RAW_BOTH|NZDCAD|LONG|7,NZDCAD,LONG,target,2022-01-11T10:20:00.000Z,2022-01-11T19:46:00.000Z,2022-01-10T00:00:00.000Z,4,3,0,0.074133,0.301993,-0.24,-0.109976,-0.047983,-1.445104,0.074133,3,4,0.393056,0.2,,BF3CE213EC5E2E31786D926B83EE8CE662803381D5F745BDEE78A0EC99041A9A
RAW_GRID_T100_S020_GATE90_RAW_BOTH,raw_both,RAW_GRID_T100_S020_GATE90_RAW_BOTH|NZDCAD|SHORT|9,NZDCAD,SHORT,target,2022-01-11T19:16:00.000Z,2022-01-11T20:20:00.000Z,2022-01-10T00:00:00.000Z,1,0,0,0.088288,0.365659,-0.06,0.000444,0.306104,-0.115158,0.088288,3,4,0.044444,0.2,,F41A61652E5E6AA4AC119F711380F3BA42555649301D5915256BEE700E4EA34A
RAW_GRID_T100_S020_GATE90_RAW_BOTH,raw_both,RAW_GRID_T100_S020_GATE90_RAW_BOTH|NZDCAD|LONG|10,NZDCAD,LONG,target,2022-01-12T01:03:00.000Z,2022-01-12T06:02:00.000Z,2022-01-10T00:00:00.000Z,1,0,0,0.040354,0.167336,-0.06,-0.01904,0.088295,-0.174869,0.051885,4,5,0.207639,0.2,,74449B37F691B934F1473451C85D3BC216D1BB01ACC10A5DA928DD4BF04A038A
RAW_GRID_T100_S020_GATE90_RAW_BOTH,raw_both,RAW_GRID_T100_S020_GATE90_RAW_BOTH|NZDCAD|LONG|11,NZDCAD,LONG,target,2022-01-12T07:54:00.000Z,2022-01-12T13:36:00.000Z,2022-01-10T00:00:00.000Z,3,2,0,0.01212,0.047918,-0.18,-0.052409,-0.184491,-0.85419,0.086519,5,6,0.2375,0.2,,34A17856171319FE22F2BC237C926E51E3AD56D0D1A18A7A0A59D6F37A505924
RAW_GRID_T100_S020_GATE90_RAW_BOTH,raw_both,RAW_GRID_T100_S020_GATE90_RAW_BOTH|NZDCAD|SHORT|12,NZDCAD,SHORT,session_flatten,2022-01-12T13:39:00.000Z,2022-01-12T21:00:00.000Z,2022-01-10T00:00:00.000Z,6,5,0,-3.677655,-15.313123,-0.36,0.014333,-15.65879,-3.781238,0.024849,4,,0.30625,0.2,,17D323AB57A9DD7592F6BD88C2F4A1E8DAAEDED8864B2EE1C634B772EF26F334
RAW_GRID_T100_S020_GATE90_RAW_BOTH,raw_both,RAW_GRID_T100_S020_GATE90_RAW_BOTH|NZDCAD|SHORT|13,NZDCAD,SHORT,target,2022-01-12T23:36:00.000Z,2022-01-12T23:39:00.000Z,2022-01-10T00:00:00.000Z,1,0,0,0.107097,0.447829,-0.06,0.000021,0.38785,0,0.107097,4,5,0.002083,0.2,,C584E5E5B1BC22B0ADAB0B986C1E441C102F20D52748DD0AC0C5E6CB31A45B69
RAW_GRID_T100_S020_GATE90_RAW_BOTH,raw_both,RAW_GRID_T100_S020_GATE90_RAW_BOTH|NZDCAD|SHORT|14,NZDCAD,SHORT,target,2022-01-13T00:09:00.000Z,2022-01-13T00:33:00.000Z,2022-01-10T00:00:00.000Z,1,0,0,0.128124,0.535755,-0.06,0.000167,0.475922,-0.009561,0.128124,5,6,0.016667,0.2,,21CEF2DF5FDD6A7F6E066AF8549B58CF3152CE34BAA09F0A5411EB02F98E9042
RAW_GRID_T100_S020_GATE90_RAW_BOTH,raw_both,RAW_GRID_T100_S020_GATE90_RAW_BOTH|NZDCAD|SHORT|15,NZDCAD,SHORT,target,2022-01-13T00:41:00.000Z,2022-01-13T01:49:00.000Z,2022-01-10T00:00:00.000Z,1,0,0,0.091788,0.383775,-0.06,0.000472,0.324247,-0.11091,0.091788,6,7,0.047222,0.2,,D8EAF36C81C3AE659BF1E0621E99B8D3D1C5AE113181AE102751D4921BC975EB
RAW_GRID_T100_S020_GATE90_RAW_BOTH,raw_both,RAW_GRID_T100_S020_GATE90_RAW_BOTH|NZDCAD|SHORT|16,NZDCAD,SHORT,target,2022-01-13T02:20:00.000Z,2022-01-13T02:37:00.000Z,2022-01-10T00:00:00.000Z,1,0,0,0.103244,0.431838,-0.06,0.000118,0.371956,-0.007648,0.103244,7,8,0.011806,0.2,,4362F4EF241407CC70E960BEF01487976385403AB4F6F1B32A2AED4DB750924B
RAW_GRID_T100_S020_GATE90_RAW_BOTH,raw_both,RAW_GRID_T100_S020_GATE90_RAW_BOTH|NZDCAD|SHORT|17,NZDCAD,SHORT,target,2022-01-13T02:51:00.000Z,2022-01-13T12:15:00.000Z,2022-01-10T00:00:00.000Z,3,2,0,0.228613,0.961319,-0.18,0.006507,0.787826,-0.676351,0.228613,8,9,0.391667,0.2,,E6A98C3E9388EB27357B006F357CAA0A0EBC682B11A85A1248933C105B67C35F
RAW_GRID_T100_S020_GATE90_RAW_BOTH,raw_both,RAW_GRID_T100_S020_GATE90_RAW_BOTH|NZDCAD|SHORT|18,NZDCAD,SHORT,target,2022-01-13T12:42:00.000Z,2022-01-13T12:55:00.000Z,2022-01-10T00:00:00.000Z,1,0,0,0.118343,0.496799,-0.06,0.00009,0.436889,0,0.118343,9,10,0.009028,0.2,,100FA2359E8D4D6BA36BAC6EE63653E6CF95DCA6B55A0A5D012E3C1270059EE2
RAW_GRID_T100_S020_GATE90_RAW_BOTH,raw_both,RAW_GRID_T100_S020_GATE90_RAW_BOTH|NZDCAD|LONG|19,NZDCAD,LONG,target,2022-01-13T13:34:00.000Z,2022-01-13T13:40:00.000Z,2022-01-10T00:00:00.000Z,1,0,0,0.110848,0.465232,-0.06,-0.000382,0.40485,-0.026756,0.110848,6,7,0.004167,0.2,,B1517FA4DF29F9FFC28DCC6EF9F0204C984430C5353B39A46D8F78D75A3BDB09
RAW_GRID_T100_S020_GATE90_RAW_BOTH,raw_both,RAW_GRID_T100_S020_GATE90_RAW_BOTH|NZDCAD|SHORT|20,NZDCAD,SHORT,target,2022-01-13T15:08:00.000Z,2022-01-13T15:23:00.000Z,2022-01-10T00:00:00.000Z,1,0,0,0.125931,0.529016,-0.06,0.000104,0.46912,-0.013357,0.125931,10,11,0.010417,0.2,,92409746E218A5A99F1ADE37D62BB91FB9E4FA14BAEB97254A7BF16083A4D62D
RAW_GRID_T100_S020_GATE90_RAW_BOTH,raw_both,RAW_GRID_T100_S020_GATE90_RAW_BOTH|NZDCAD|SHORT|21,NZDCAD,SHORT,target,2022-01-13T15:34:00.000Z,2022-01-13T17:24:00.000Z,2022-01-10T00:00:00.000Z,1,0,0,0.043884,0.183974,-0.06,0.000764,0.124738,-0.127838,0.093494,11,12,0.076389,0.2,,E9530E65BA5229C25E0CBDEAD2B3E18FAA2099532F4280CD8A0F91309FC610C6
RAW_GRID_T100_S020_GATE90_RAW_BOTH,raw_both,RAW_GRID_T100_S020_GATE90_RAW_BOTH|NZDCAD|SHORT|22,NZDCAD,SHORT,target,2022-01-13T18:07:00.000Z,2022-01-13T18:44:00.000Z,2022-01-10T00:00:00.000Z,1,0,0,0.11443,0.480233,-0.06,0.000257,0.42049,-0.022885,0.11443,12,13,0.025694,0.2,,7F2B79824D6843092E86CA32E91DF2EE767237F44781802FCC9B51300CC42BC0
RAW_GRID_T100_S020_GATE90_RAW_BOTH,raw_both,RAW_GRID_T100_S020_GATE90_RAW_BOTH|NZDCAD|LONG|23,NZDCAD,LONG,target,2022-01-13T20:03:00.000Z,2022-01-13T20:19:00.000Z,2022-01-10T00:00:00.000Z,1,0,0,0.124142,0.520093,-0.06,-0.001019,0.459074,-0.049656,0.124142,7,8,0.011111,0.2,,4545FE671B260FCE423050DCDD7D65893076685D26798FC732BA62EBD7EC85EE
RAW_GRID_T100_S020_GATE90_RAW_BOTH,raw_both,RAW_GRID_T100_S020_GATE90_RAW_BOTH|NZDCAD|LONG|24,NZDCAD,LONG,target,2022-01-14T00:00:00.000Z,2022-01-14T00:15:00.000Z,2022-01-10T00:00:00.000Z,1,0,0,0.114563,0.479384,-0.06,-0.000955,0.418429,-0.009548,0.114563,8,9,0.010417,0.2,,911296101CC806B22AD476AB16817CA5DC164B694F85F82DE0B92D0C337A21EB
RAW_GRID_T100_S020_GATE90_RAW_BOTH,raw_both,RAW_GRID_T100_S020_GATE90_RAW_BOTH|NZDCAD|LONG|25,NZDCAD,LONG,target,2022-01-14T01:14:00.000Z,2022-01-14T01:31:00.000Z,2022-01-10T00:00:00.000Z,1,0,0,0.110757,0.463274,-0.06,-0.001083,0.402191,-0.003819,0.110757,9,10,0.011806,0.2,,A4324983C39511DB692517A34807CAC39D497BEF880A24C5C3FFF1B930D49A73
RAW_GRID_T100_S020_GATE90_RAW_BOTH,raw_both,RAW_GRID_T100_S020_GATE90_RAW_BOTH|NZDCAD|LONG|26,NZDCAD,LONG,target,2022-01-14T01:54:00.000Z,2022-01-14T08:08:00.000Z,2022-01-10T00:00:00.000Z,1,0,0,0.007638,0.032014,-0.06,-0.023817,-0.051803,-0.196685,0.022914,10,11,0.259722,0.2,,B35F8663443C07853176ABA8A4AAAA8C2CB367449140BDE71A97B2AE01DE1EA9
RAW_GRID_T100_S020_GATE90_RAW_BOTH,raw_both,RAW_GRID_T100_S020_GATE90_RAW_BOTH|NZDCHF|SHORT|1,NZDCHF,SHORT,target,2022-01-10T10:12:00.000Z,2022-01-10T11:44:00.000Z,2022-01-10T00:00:00.000Z,2,1,0,0.324381,1.281176,-0.12,0.001097,1.162273,-0.258646,0.324381,0,1,0.063889,0.2,,5F45E0AB2F4473B05D911C4CB8F58152D54E6913EC78594E269209116371C781
RAW_GRID_T100_S020_GATE90_RAW_BOTH,raw_both,RAW_GRID_T100_S020_GATE90_RAW_BOTH|NZDCHF|SHORT|2,NZDCHF,SHORT,target,2022-01-10T11:49:00.000Z,2022-01-10T12:16:00.000Z,2022-01-10T00:00:00.000Z,1,0,0,0.115533,0.455512,-0.06,0.000187,0.3957,-0.038511,0.115533,1,2,0.01875,0.2,,69B2225BFDCF863C8C33BA10E1D89330AFAB7DCE7E785FA972C452E14C98293D
RAW_GRID_T100_S020_GATE90_RAW_BOTH,raw_both,RAW_GRID_T100_S020_GATE90_RAW_BOTH|NZDCHF|SHORT|3,NZDCHF,SHORT,target,2022-01-10T13:35:00.000Z,2022-01-10T14:49:00.000Z,2022-01-10T00:00:00.000Z,2,1,0,0.335233,1.317226,-0.12,0.000667,1.197893,-0.220024,0.335233,2,3,0.051389,0.2,,4D19BFCEFF9C3BF4B9FF90C15C5E2BC9989D8B206407D6B97E10B6113FA004C1
RAW_GRID_T100_S020_GATE90_RAW_BOTH,raw_both,RAW_GRID_T100_S020_GATE90_RAW_BOTH|NZDCHF|SHORT|4,NZDCHF,SHORT,target,2022-01-10T15:07:00.000Z,2022-01-10T15:14:00.000Z,2022-01-10T00:00:00.000Z,1,0,0,0.115455,0.453525,-0.06,0.000049,0.393574,-0.065974,0.115455,3,4,0.004861,0.2,,98C938EF02E6AA9019662BBFB7281078C44D66244EEB9BF160DB89C3669DD90D
RAW_GRID_T100_S020_GATE90_RAW_BOTH,raw_both,RAW_GRID_T100_S020_GATE90_RAW_BOTH|NZDCHF|SHORT|5,NZDCHF,SHORT,target,2022-01-10T15:21:00.000Z,2022-01-10T15:28:00.000Z,2022-01-10T00:00:00.000Z,1,0,0,0.115434,0.453766,-0.06,0.000049,0.393815,-0.024737,0.115434,4,5,0.004861,0.2,,AE5792D84E3307F29164F42528923CE2838070DCF4C915D8A991C15C1C3791B8
RAW_GRID_T100_S020_GATE90_RAW_BOTH,raw_both,RAW_GRID_T100_S020_GATE90_RAW_BOTH|NZDCHF|SHORT|6,NZDCHF,SHORT,target,2022-01-10T15:31:00.000Z,2022-01-10T15:35:00.000Z,2022-01-10T00:00:00.000Z,1,0,0,0.131907,0.518583,-0.06,0.000028,0.458611,-0.005496,0.131907,5,6,0.002778,0.2,,665A1B2EF3FFE31D8C329E6B4A7E4983CB94EBFC8FBA95E53A167F78A87EE8E8
RAW_GRID_T100_S020_GATE90_RAW_BOTH,raw_both,RAW_GRID_T100_S020_GATE90_RAW_BOTH|NZDCHF|LONG|7,NZDCHF,LONG,target,2022-01-10T15:44:00.000Z,2022-01-10T15:58:00.000Z,2022-01-10T00:00:00.000Z,1,0,0,0.156885,0.616135,-0.06,-0.000892,0.555244,-0.101837,0.156885,0,1,0.009722,0.2,,2B974B7AA9026D7773C72596A93169A39353AF4D34B9C9D2E9D4333732E05CFA
RAW_GRID_T100_S020_GATE90_RAW_BOTH,raw_both,RAW_GRID_T100_S020_GATE90_RAW_BOTH|NZDCHF|SHORT|8,NZDCHF,SHORT,target,2022-01-10T16:00:00.000Z,2022-01-10T16:04:00.000Z,2022-01-10T00:00:00.000Z,1,0,0,0.134693,0.529374,-0.06,0.000028,0.469402,-0.065972,0.134693,6,7,0.002778,0.2,,184276A54CFF9F78F7B39C2FE7C96589B852E732AC3CDD42E94BF87AB8B20659
RAW_GRID_T100_S020_GATE90_RAW_BOTH,raw_both,RAW_GRID_T100_S020_GATE90_RAW_BOTH|NZDCHF|SHORT|9,NZDCHF,SHORT,session_flatten,2022-01-10T16:06:00.000Z,2022-01-10T21:00:00.000Z,2022-01-10T00:00:00.000Z,3,2,0,-1.241079,-4.875304,-0.18,0.004153,-5.051152,-1.364583,0.115415,7,,0.204167,0.2,,CF023F303CF90948C2DB289BDDC9D897F9C0134E295576C0870CD16B1D1B6F84
RAW_GRID_T100_S020_GATE90_RAW_BOTH,raw_both,RAW_GRID_T100_S020_GATE90_RAW_BOTH|NZDCHF|SHORT|10,NZDCHF,SHORT,target,2022-01-10T23:05:00.000Z,2022-01-11T01:31:00.000Z,2022-01-10T00:00:00.000Z,2,1,0,0.155885,0.615142,-0.12,0.001542,0.496683,-0.347738,0.155885,7,8,0.101389,0.2,,63184A4F4FA8ECC2F0D3A62C8E56CB408B6273CA7A92798F809C3473818F039B
RAW_GRID_T100_S020_GATE90_RAW_BOTH,raw_both,RAW_GRID_T100_S020_GATE90_RAW_BOTH|NZDCHF|LONG|11,NZDCHF,LONG,target,2022-01-11T01:51:00.000Z,2022-01-11T02:23:00.000Z,2022-01-10T00:00:00.000Z,1,0,0,0.131539,0.479997,-0.06,-0.002038,0.417959,-0.087693,0.131539,1,2,0.022222,0.2,,8D3F6A4DCC0E7B9129E00EC09170C3512796CAA9837ED0B9484B9CAAE83B33F0
RAW_GRID_T100_S020_GATE90_RAW_BOTH,raw_both,RAW_GRID_T100_S020_GATE90_RAW_BOTH|NZDCHF|SHORT|12,NZDCHF,SHORT,target,2022-01-11T03:20:00.000Z,2022-01-11T04:08:00.000Z,2022-01-10T00:00:00.000Z,1,0,0,0.084836,0.309999,-0.06,0.000333,0.250332,-0.0821,0.084836,8,9,0.033333,0.2,,2E24CB422A0FAFD0E3033ABF00633C8DFE9A66E1457A353F0EE65659A2CAF17A
RAW_GRID_T100_S020_GATE90_RAW_BOTH,raw_both,RAW_GRID_T100_S020_GATE90_RAW_BOTH|NZDCHF|LONG|13,NZDCHF,LONG,target,2022-01-11T06:31:00.000Z,2022-01-11T07:28:00.000Z,2022-01-10T00:00:00.000Z,2,1,0,0.318158,1.253063,-0.12,-0.005731,1.127332,-0.213712,0.318158,2,3,0.039583,0.2,,1C511145B73DBF14A9F03D55AA23F9DF249E0EA9EBBA392E385626F4CA1675BC
RAW_GRID_T100_S020_GATE90_RAW_BOTH,raw_both,RAW_GRID_T100_S020_GATE90_RAW_BOTH|NZDCHF|LONG|14,NZDCHF,LONG,target,2022-01-11T07:38:00.000Z,2022-01-11T08:04:00.000Z,2022-01-10T00:00:00.000Z,1,0,0,0.093183,0.367338,-0.06,-0.001656,0.305682,-0.019185,0.093183,3,4,0.018056,0.2,,AA9519672713C74FA71238BC4638B9373678A824863936CFBEE3F7B07DB05F98
RAW_GRID_T100_S020_GATE90_RAW_BOTH,raw_both,RAW_GRID_T100_S020_GATE90_RAW_BOTH|NZDCHF|LONG|15,NZDCHF,LONG,target,2022-01-11T08:12:00.000Z,2022-01-11T08:15:00.000Z,2022-01-10T00:00:00.000Z,1,0,0,0.191914,0.756509,-0.06,-0.000191,0.696318,0,0.191914,4,5,0.002083,0.2,,F3372B5666C12AD69C8F839D41D612D157F2CD8CA545A05558A77569A64646FC
RAW_GRID_T100_S020_GATE90_RAW_BOTH,raw_both,RAW_GRID_T100_S020_GATE90_RAW_BOTH|NZDCHF|SHORT|16,NZDCHF,SHORT,target,2022-01-11T08:18:00.000Z,2022-01-11T08:37:00.000Z,2022-01-10T00:00:00.000Z,1,0,0,0.095822,0.378177,-0.06,0.000132,0.318309,-0.104036,0.095822,9,10,0.013194,0.2,,078CF0C6D22D807DED525F7C16090A9C3F667DBA55174B8A6315D3432A69D6B6
RAW_GRID_T100_S020_GATE90_RAW_BOTH,raw_both,RAW_GRID_T100_S020_GATE90_RAW_BOTH|NZDCHF|LONG|17,NZDCHF,LONG,target,2022-01-11T08:54:00.000Z,2022-01-11T09:03:00.000Z,2022-01-10T00:00:00.000Z,1,0,0,0.142528,0.562086,-0.06,-0.000573,0.501513,-0.027409,0.142528,5,6,0.00625,0.2,,C7BAB6503EB1F8F2A351977DFC91C74DF8B3CE6A8FADA900435D2AFEB1FEC60C
RAW_GRID_T100_S020_GATE90_RAW_BOTH,raw_both,RAW_GRID_T100_S020_GATE90_RAW_BOTH|NZDCHF|SHORT|18,NZDCHF,SHORT,target,2022-01-11T09:32:00.000Z,2022-01-11T10:29:00.000Z,2022-01-10T00:00:00.000Z,2,1,0,0.347325,1.370691,-0.12,0.000521,1.251212,-0.205308,0.347325,10,11,0.039583,0.2,,8EA6E68C69AFC1D274B1E8E6557F3F583BEB3251FE0C8F799A051F1B6CE66F70
RAW_GRID_T100_S020_GATE90_RAW_BOTH,raw_both,RAW_GRID_T100_S020_GATE90_RAW_BOTH|NZDCHF|LONG|19,NZDCHF,LONG,target,2022-01-11T10:36:00.000Z,2022-01-11T10:49:00.000Z,2022-01-10T00:00:00.000Z,1,0,0,0.104125,0.410187,-0.06,-0.000828,0.349359,0,0.104125,6,7,0.009028,0.2,,3C5FB2DB3BAD71FDA1885C37594637393F09A2311A545E8013BA57FA420FF61B
RAW_GRID_T100_S020_GATE90_RAW_BOTH,raw_both,RAW_GRID_T100_S020_GATE90_RAW_BOTH|NZDCHF|LONG|20,NZDCHF,LONG,target,2022-01-11T10:57:00.000Z,2022-01-11T11:57:00.000Z,2022-01-10T00:00:00.000Z,1,0,0,0.109609,0.431841,-0.06,-0.003821,0.36802,-0.082207,0.109609,7,8,0.041667,0.2,,7195437ABCE91833E18C0770DB91F06209D64EC126CEAA52A09D562B13D3687C
RAW_GRID_T100_S020_GATE90_RAW_BOTH,raw_both,RAW_GRID_T100_S020_GATE90_RAW_BOTH|NZDCHF|LONG|21,NZDCHF,LONG,target,2022-01-11T12:15:00.000Z,2022-01-11T16:34:00.000Z,2022-01-10T00:00:00.000Z,3,2,0,0.047174,0.184053,-0.18,-0.030439,-0.026387,-0.619649,0.047174,8,9,0.179861,0.2,,1B923B8078BD96D7147BDEED4C1E49A4A1052B9C4450C83C634A4D531CA593C3
RAW_GRID_T100_S020_GATE90_RAW_BOTH,raw_both,RAW_GRID_T100_S020_GATE90_RAW_BOTH|NZDCHF|SHORT|22,NZDCHF,SHORT,session_flatten,2022-01-11T17:10:00.000Z,2022-01-11T21:00:00.000Z,2022-01-10T00:00:00.000Z,2,1,0,-0.15086,-0.595417,-0.12,0.00266,-0.712758,-0.551015,0.041135,11,,0.159722,0.2,,69D6EE570C83817CCA03F0C9787CB7E4541A3F1DA191D48623389D1CD0A61004
RAW_GRID_T100_S020_GATE90_RAW_BOTH,raw_both,RAW_GRID_T100_S020_GATE90_RAW_BOTH|NZDCHF|SHORT|23,NZDCHF,SHORT,target,2022-01-11T23:05:00.000Z,2022-01-11T23:22:00.000Z,2022-01-10T00:00:00.000Z,1,0,0,0.087637,0.319997,-0.06,0.000118,0.260115,-0.027387,0.087637,11,12,0.011806,0.2,,02F1868D66D5815424CA177148830B2041A14B9CA7FCD80E5C5F5901AA06AAB1
RAW_GRID_T100_S020_GATE90_RAW_BOTH,raw_both,RAW_GRID_T100_S020_GATE90_RAW_BOTH|NZDCHF|LONG|24,NZDCHF,LONG,target,2022-01-11T23:58:00.000Z,2022-01-12T00:02:00.000Z,2022-01-10T00:00:00.000Z,1,0,0,0.126112,0.498127,-0.06,-0.000255,0.437873,0,0.126112,9,10,0.002778,0.2,,DD5E0CC824067A045382963C3D7DE19ECF17851390364FA574076825727778FB
RAW_GRID_T100_S020_GATE90_RAW_BOTH,raw_both,RAW_GRID_T100_S020_GATE90_RAW_BOTH|NZDCHF|LONG|25,NZDCHF,LONG,target,2022-01-12T00:15:00.000Z,2022-01-12T00:32:00.000Z,2022-01-10T00:00:00.000Z,1,0,0,0.142561,0.563247,-0.06,-0.001083,0.502164,0,0.142561,10,11,0.011806,0.2,,0684110785174E4D8A6F4722F15584830219C7C66D8C41063548CBBED915D495
RAW_GRID_T100_S020_GATE90_RAW_BOTH,raw_both,RAW_GRID_T100_S020_GATE90_RAW_BOTH|NZDCHF|SHORT|26,NZDCHF,SHORT,target,2022-01-12T00:41:00.000Z,2022-01-12T01:00:00.000Z,2022-01-10T00:00:00.000Z,1,0,0,0.125934,0.498204,-0.06,0.000132,0.438336,0,0.125934,12,13,0.013194,0.2,,A2314FF0D7B23FA302A513CB50AFC2255EBA76D164DFF4A1ACA83601572C595A
RAW_GRID_T100_S020_GATE90_RAW_BOTH,raw_both,RAW_GRID_T100_S020_GATE90_RAW_BOTH|NZDCHF|LONG|27,NZDCHF,LONG,target,2022-01-12T01:19:00.000Z,2022-01-12T01:33:00.000Z,2022-01-10T00:00:00.000Z,1,0,0,0.095939,0.349999,-0.06,-0.000892,0.289107,-0.04934,0.095939,11,12,0.009722,0.2,,268E94E9069E1B462994E8B3E58B6E89A9F8440EC7D20645870DCA8A605A80E1
RAW_GRID_T100_S020_GATE90_RAW_BOTH,raw_both,RAW_GRID_T100_S020_GATE90_RAW_BOTH|NZDCHF|LONG|28,NZDCHF,LONG,target,2022-01-12T01:55:00.000Z,2022-01-12T02:03:00.000Z,2022-01-10T00:00:00.000Z,1,0,0,0.134339,0.490003,-0.06,-0.000509,0.429493,0,0.134339,12,13,0.005556,0.2,,BD0C047D12D497A03B16548BCFDBCF4D9E55421275415FA7D7F0F905FF870188
RAW_GRID_T100_S020_GATE90_RAW_BOTH,raw_both,RAW_GRID_T100_S020_GATE90_RAW_BOTH|NZDCHF|SHORT|29,NZDCHF,SHORT,target,2022-01-12T03:09:00.000Z,2022-01-12T07:36:00.000Z,2022-01-10T00:00:00.000Z,2,1,0,0.300883,1.190156,-0.12,0.002222,1.072378,-0.224515,0.300883,13,14,0.185417,0.2,,25FC725255B42A5052003B131C666FE100F34B23EA6790AB67A72150605754EF
RAW_GRID_T100_S020_GATE90_RAW_BOTH,raw_both,RAW_GRID_T100_S020_GATE90_RAW_BOTH|NZDCHF|LONG|30,NZDCHF,LONG,target,2022-01-12T07:55:00.000Z,2022-01-12T11:04:00.000Z,2022-01-10T00:00:00.000Z,2,1,0,0.233195,0.920361,-0.12,-0.021142,0.779219,-0.282321,0.309974,13,14,0.13125,0.2,,2A69E2105AD35A3D0CFEABE09EB141C416FC15450B02AB0E815B4C3E3E5B094C
RAW_GRID_T100_S020_GATE90_RAW_BOTH,raw_both,RAW_GRID_T100_S020_GATE90_RAW_BOTH|NZDCHF|LONG|31,NZDCHF,LONG,target,2022-01-12T11:36:00.000Z,2022-01-12T13:32:00.000Z,2022-01-10T00:00:00.000Z,2,1,0,0.137328,0.541924,-0.12,-0.011526,0.410398,-0.466325,0.137328,14,15,0.080556,0.2,,AC8DF9B4272CA0D16AFE7B4D5B24A4B82B245244D193BCEB54D7788E95C63CDB
RAW_GRID_T100_S020_GATE90_RAW_BOTH,raw_both,RAW_GRID_T100_S020_GATE90_RAW_BOTH|NZDCHF|LONG|32,NZDCHF,LONG,target,2022-01-12T13:32:00.000Z,2022-01-12T13:32:00.000Z,2022-01-10T00:00:00.000Z,1,0,0,0.120767,0.476893,-0.06,0,0.416893,0,0.120767,15,16,0,0.2,,0372DBF42308C4ED6CFC513ABFFA9F5606B366B1A060A910FB93AE79AD8F09A0
RAW_GRID_T100_S020_GATE90_RAW_BOTH,raw_both,RAW_GRID_T100_S020_GATE90_RAW_BOTH|NZDCHF|SHORT|33,NZDCHF,SHORT,target,2022-01-12T13:36:00.000Z,2022-01-12T13:36:00.000Z,2022-01-10T00:00:00.000Z,1,0,0,0.18639,0.737512,-0.06,0,0.677512,0,0.18639,14,15,0,0.2,,141896DF718804DC561E84556EED263AB3A1CAE6291C6EB94863D1BA2BFA5E32
RAW_GRID_T100_S020_GATE90_RAW_BOTH,raw_both,RAW_GRID_T100_S020_GATE90_RAW_BOTH|NZDCHF|SHORT|34,NZDCHF,SHORT,target,2022-01-12T13:36:00.000Z,2022-01-12T13:42:00.000Z,2022-01-10T00:00:00.000Z,1,0,0,0.126108,0.50012,-0.06,0.000042,0.440162,-0.027415,0.126108,15,16,0.004167,0.2,,E5F7338A73F96414EB3BB2620F50D04F0F39F345080AFACAEC3010CF14E140DD
RAW_GRID_T100_S020_GATE90_RAW_BOTH,raw_both,RAW_GRID_T100_S020_GATE90_RAW_BOTH|NZDCHF|SHORT|35,NZDCHF,SHORT,target,2022-01-12T13:44:00.000Z,2022-01-12T13:47:00.000Z,2022-01-10T00:00:00.000Z,1,0,0,0.131582,0.52174,-0.06,0.000021,0.461761,0,0.131582,16,17,0.002083,0.2,,3D1FC9F0A6F2F1BD0DC3351CD0E969859D39C5E75952A5B790A8F9B0430A4053
RAW_GRID_T100_S020_GATE90_RAW_BOTH,raw_both,RAW_GRID_T100_S020_GATE90_RAW_BOTH|NZDCHF|SHORT|36,NZDCHF,SHORT,target,2022-01-12T14:05:00.000Z,2022-01-12T15:33:00.000Z,2022-01-10T00:00:00.000Z,3,2,0,0.429317,1.712647,-0.18,0.001438,1.534084,-0.671183,0.429317,17,18,0.061111,0.2,,026E4BF2B7A24747DE2507E1FCCB062A738D44A1C765249790CE0615446D10EF
RAW_GRID_T100_S020_GATE90_RAW_BOTH,raw_both,RAW_GRID_T100_S020_GATE90_RAW_BOTH|NZDCHF|LONG|37,NZDCHF,LONG,target,2022-01-12T15:39:00.000Z,2022-01-12T19:27:00.000Z,2022-01-10T00:00:00.000Z,2,1,0,0.068766,0.273545,-0.12,-0.024835,0.12871,-0.468874,0.068766,16,17,0.158333,0.2,,9831D6B668CF2CBB66E3276592C57D27178EAC1F42F197E1BCC333BFAA210201
RAW_GRID_T100_S020_GATE90_RAW_BOTH,raw_both,RAW_GRID_T100_S020_GATE90_RAW_BOTH|NZDCHF|SHORT|38,NZDCHF,SHORT,session_flatten,2022-01-12T20:31:00.000Z,2022-01-12T21:00:00.000Z,2022-01-10T00:00:00.000Z,1,0,0,-0.052078,-0.207912,-0.06,0.000201,-0.26771,-0.084968,0.043854,18,,0.020139,0.2,,524D77DE1041799FE7C3CAE19ADB3385AC51315BA35E12D0438161B694617C40
RAW_GRID_T100_S020_GATE90_RAW_BOTH,raw_both,RAW_GRID_T100_S020_GATE90_RAW_BOTH|NZDCHF|SHORT|39,NZDCHF,SHORT,target,2022-01-12T23:13:00.000Z,2022-01-12T23:39:00.000Z,2022-01-10T00:00:00.000Z,1,0,0,0.120613,0.481385,-0.06,0.000181,0.421566,-0.005482,0.120613,18,19,0.018056,0.2,,633E90E997F351860ABEC8B89DCFB0E1BCF44140E9554DB6AA36F5457D4B4BC1
RAW_GRID_T100_S020_GATE90_RAW_BOTH,raw_both,RAW_GRID_T100_S020_GATE90_RAW_BOTH|NZDCHF|SHORT|40,NZDCHF,SHORT,target,2022-01-13T00:34:00.000Z,2022-01-13T01:54:00.000Z,2022-01-10T00:00:00.000Z,1,0,0,0.076744,0.306169,-0.06,0.000556,0.246724,-0.178155,0.076744,19,20,0.055556,0.2,,F48273B2D7021157084EE7163A76A06893EBEB59C440252BD04E70CB19AD1787
RAW_GRID_T100_S020_GATE90_RAW_BOTH,raw_both,RAW_GRID_T100_S020_GATE90_RAW_BOTH|NZDCHF|SHORT|41,NZDCHF,SHORT,target,2022-01-13T02:17:00.000Z,2022-01-13T07:46:00.000Z,2022-01-10T00:00:00.000Z,2,1,0,0.183244,0.73421,-0.12,0.00384,0.61805,-0.28766,0.183244,20,21,0.228472,0.2,,8CF4DC29BA1CE06069EFD23675334C3C1CB127E0DA17203079DEF3C5777102B8
RAW_GRID_T100_S020_GATE90_RAW_BOTH,raw_both,RAW_GRID_T100_S020_GATE90_RAW_BOTH|NZDCHF|SHORT|42,NZDCHF,SHORT,target,2022-01-13T08:11:00.000Z,2022-01-13T09:29:00.000Z,2022-01-10T00:00:00.000Z,2,1,0,0.15851,0.635144,-0.12,0.000917,0.516061,-0.530853,0.15851,21,22,0.054167,0.2,,781F743C202734ADA6509C65160A772042130661C665D54DD4AD9D6E98D95064
RAW_GRID_T100_S020_GATE90_RAW_BOTH,raw_both,RAW_GRID_T100_S020_GATE90_RAW_BOTH|NZDCHF|SHORT|43,NZDCHF,SHORT,target,2022-01-13T09:54:00.000Z,2022-01-13T11:08:00.000Z,2022-01-10T00:00:00.000Z,1,0,0,0.024611,0.098599,-0.06,0.000514,0.039113,-0.185944,0.05469,22,23,0.051389,0.2,,41D6B3818937F8D5DF9A266202A02DCE8757C2C16AE72129522043DCDE968C04
RAW_GRID_T100_S020_GATE90_RAW_BOTH,raw_both,RAW_GRID_T100_S020_GATE90_RAW_BOTH|NZDCHF|LONG|44,NZDCHF,LONG,target,2022-01-13T11:29:00.000Z,2022-01-13T15:03:00.000Z,2022-01-10T00:00:00.000Z,2,1,0,0.120615,0.483322,-0.12,-0.024199,0.339123,-0.290145,0.197291,17,18,0.148611,0.2,,ED0CBAEA54A0B9791DA95129C3E43660FB29C4353EABA5CE0F3CCA4852E994B4
RAW_GRID_T100_S020_GATE90_RAW_BOTH,raw_both,RAW_GRID_T100_S020_GATE90_RAW_BOTH|NZDCHF|LONG|45,NZDCHF,LONG,target,2022-01-13T15:03:00.000Z,2022-01-13T15:03:00.000Z,2022-01-10T00:00:00.000Z,1,0,0,0.117791,0.472199,-0.06,0,0.412199,0,0.117791,18,19,0,0.2,,025E5F661637E6DF05A1C08B510C094F4AA2F782102EEEC1C373147A286BF83D
RAW_GRID_T100_S020_GATE90_RAW_BOTH,raw_both,RAW_GRID_T100_S020_GATE90_RAW_BOTH|NZDCHF|LONG|46,NZDCHF,LONG,target,2022-01-13T15:05:00.000Z,2022-01-13T16:54:00.000Z,2022-01-10T00:00:00.000Z,2,1,0,0.148175,0.593147,-0.12,-0.011908,0.461238,-0.235601,0.170105,19,20,0.075694,0.2,,0ED6F94025EDAE10EC9B4CD4DB9259E989D0EFA10667D14490DDBF9DEC9269DF
RAW_GRID_T100_S020_GATE90_RAW_BOTH,raw_both,RAW_GRID_T100_S020_GATE90_RAW_BOTH|NZDCHF|LONG|47,NZDCHF,LONG,target,2022-01-13T17:02:00.000Z,2022-01-13T18:07:00.000Z,2022-01-10T00:00:00.000Z,2,1,0,0.296453,1.186081,-0.12,-0.007069,1.059013,-0.235825,0.296453,20,21,0.045139,0.2,,499CC38F572E78C855F6DE77F7B27D5B4EFCF8B61836A7D5CAB829CD41B13A38
RAW_GRID_T100_S020_GATE90_RAW_BOTH,raw_both,RAW_GRID_T100_S020_GATE90_RAW_BOTH|NZDCHF|LONG|48,NZDCHF,LONG,session_flatten,2022-01-13T19:29:00.000Z,2022-01-13T21:00:00.000Z,2022-01-10T00:00:00.000Z,1,0,0,-0.183816,-0.735116,-0.06,-0.005795,-0.800911,-0.230457,0.106997,21,,0.063194,0.2,,3145E8B5E872B35904E960914984219A8FD2142F5DDEB39ED2F0513E4D0B1B86
RAW_GRID_T100_S020_GATE90_RAW_BOTH,raw_both,RAW_GRID_T100_S020_GATE90_RAW_BOTH|NZDCHF|LONG|49,NZDCHF,LONG,target,2022-01-13T23:22:00.000Z,2022-01-14T00:37:00.000Z,2022-01-10T00:00:00.000Z,1,0,0,0.085128,0.309999,-0.06,-0.004776,0.245223,-0.183987,0.085128,21,22,0.052083,0.2,,A4FD408610013613F3323F612364A6CEFBC3838FA6E8FC85050BF3C2B438BEBF
RAW_GRID_T100_S020_GATE90_RAW_BOTH,raw_both,RAW_GRID_T100_S020_GATE90_RAW_BOTH|NZDCHF|LONG|50,NZDCHF,LONG,target,2022-01-14T00:49:00.000Z,2022-01-14T04:07:00.000Z,2022-01-10T00:00:00.000Z,3,2,0,0.228744,0.911723,-0.18,-0.023562,0.708161,-0.579838,0.228744,22,23,0.1375,0.2,,B17CCF9F656614B49C199E7329D4D8C5440D830A141BDE6F7F5C33A4919F5593
RAW_GRID_T100_S020_GATE90_RAW_BOTH,raw_both,RAW_GRID_T100_S020_GATE90_RAW_BOTH|NZDCHF|SHORT|51,NZDCHF,SHORT,target,2022-01-14T04:24:00.000Z,2022-01-14T04:39:00.000Z,2022-01-10T00:00:00.000Z,1,0,0,0.112645,0.450324,-0.06,0.000104,0.390429,-0.02198,0.112645,23,24,0.010417,0.2,,36318396DF3B1FD7C830DDCC68CC658FF7AF58E583EA40B608EEBC97BFB4C955
RAW_GRID_T100_S020_GATE90_RAW_BOTH,raw_both,RAW_GRID_T100_S020_GATE90_RAW_BOTH|NZDCHF|SHORT|52,NZDCHF,SHORT,target,2022-01-14T05:49:00.000Z,2022-01-14T07:33:00.000Z,2022-01-10T00:00:00.000Z,1,0,0,0.082431,0.329504,-0.06,0.000722,0.270226,-0.087925,0.082431,24,25,0.072222,0.2,,E65D6DB15F7FF05F25B98519D5092F3511CDE38E39938328053DF1F295576408
RAW_GRID_T100_S020_GATE90_RAW_BOTH,raw_both,RAW_GRID_T100_S020_GATE90_RAW_BOTH|NZDCHF|SHORT|53,NZDCHF,SHORT,target,2022-01-14T08:00:00.000Z,2022-01-14T08:05:00.000Z,2022-01-10T00:00:00.000Z,1,0,0,0.137346,0.549397,-0.06,0.000035,0.489432,0,0.137346,25,26,0.003472,0.2,,AF2690BE70D8DE250518AC82EEF313DD52488EDFC3DA060A25B3E097F3D7FD5E
RAW_GRID_T100_S020_GATE90_RAW_BOTH,raw_both,RAW_GRID_T100_S020_GATE90_RAW_BOTH|NZDCHF|SHORT|54,NZDCHF,SHORT,target,2022-01-14T08:13:00.000Z,2022-01-14T08:51:00.000Z,2022-01-10T00:00:00.000Z,2,1,0,0.307349,1.230443,-0.12,0.000444,1.110887,-0.214263,0.307349,26,27,0.026389,0.2,,B35B5A08B2FF319CD2DFC9BFA3B5524A2F7321AA88AEE1B0EC599079F35DAC80
RAW_GRID_T100_S020_GATE90_RAW_BOTH,raw_both,RAW_GRID_T100_S020_GATE90_RAW_BOTH|NZDCHF|LONG|55,NZDCHF,LONG,target,2022-01-14T08:53:00.000Z,2022-01-14T10:29:00.000Z,2022-01-10T00:00:00.000Z,1,0,0,0.060484,0.241324,-0.06,-0.006113,0.17521,-0.181453,0.093476,23,24,0.066667,0.2,,85790A9E36DBF8B3353A7D5A24DB50A287E33DBEDF842F73C1FCDCE59C4464DC
RAW_GRID_T100_S020_GATE90_RAW_BOTH,raw_both,RAW_GRID_T100_S020_GATE90_RAW_BOTH|NZDCHF|LONG|56,NZDCHF,LONG,target,2022-01-14T10:37:00.000Z,2022-01-14T11:17:00.000Z,2022-01-10T00:00:00.000Z,1,0,0,0.107249,0.427987,-0.06,-0.002547,0.36544,-0.008249,0.107249,24,25,0.027778,0.2,,E73FD845831B79E53380EF9FC4223739134781DA7927F3A011A5E1A4CFCC5794
RAW_GRID_T100_S020_GATE90_RAW_BOTH,raw_both,RAW_GRID_T100_S020_GATE90_RAW_BOTH|NZDCHF|LONG|57,NZDCHF,LONG,target,2022-01-14T11:42:00.000Z,2022-01-14T14:38:00.000Z,2022-01-10T00:00:00.000Z,4,3,0,0.042515,0.164551,-0.24,-0.027828,-0.103277,-1.445263,0.060506,25,26,0.122222,0.2,,61017886ECAA7268EDA454899326F578F2A7137E0E9A51377DC80013E236A9D7
RAW_GRID_T100_S020_GATE90_RAW_BOTH,raw_both,RAW_GRID_T100_S020_GATE90_RAW_BOTH|NZDCHF|LONG|58,NZDCHF,LONG,target,2022-01-14T14:38:00.000Z,2022-01-14T14:39:00.000Z,2022-01-10T00:00:00.000Z,1,0,0,0.099241,0.394911,-0.06,-0.000064,0.334847,0,0.099241,26,27,0.000694,0.2,,774A9632FD9AD889D6D43CA57A1D8C0FA0AA73AD304A26290523D81272BFCD71
RAW_GRID_T100_S020_GATE90_RAW_BOTH,raw_both,RAW_GRID_T100_S020_GATE90_RAW_BOTH|NZDCHF|LONG|59,NZDCHF,LONG,target,2022-01-14T14:43:00.000Z,2022-01-14T15:12:00.000Z,2022-01-10T00:00:00.000Z,1,0,0,0.124087,0.493625,-0.06,-0.001847,0.431779,-0.096512,0.124087,27,28,0.020139,0.2,,A8519E2FAE12A3A56DFFFA9BE8D792FD2C067984FF15BE0C34B833CA6D9FBEB6
RAW_GRID_T100_S020_GATE90_RAW_BOTH,raw_both,RAW_GRID_T100_S020_GATE90_RAW_BOTH|NZDJPY|LONG|1,NZDJPY,LONG,target,2022-01-10T12:43:00.000Z,2022-01-10T16:31:00.000Z,2022-01-10T00:00:00.000Z,3,2,0,0.000746,0.000006,-0.18,-0.028465,-0.208459,-0.995369,0.085238,0,1,0.158333,0.2,,91C86F7F85E5F425D69E3E57BF8217239D3EEF4C4F538B97FF9B81C75FA7E9EA
RAW_GRID_T100_S020_GATE90_RAW_BOTH,raw_both,RAW_GRID_T100_S020_GATE90_RAW_BOTH|NZDJPY|LONG|2,NZDJPY,LONG,target,2022-01-10T16:48:00.000Z,2022-01-10T16:59:00.000Z,2022-01-10T00:00:00.000Z,1,0,0,0.094994,0.555899,-0.06,-0.0007,0.495199,-0.001484,0.094994,1,2,0.007639,0.2,,C61FCAF5CD661D7D78326C3E88C45FCD6813D7E25AAA37AF244B601277B8FC56
RAW_GRID_T100_S020_GATE90_RAW_BOTH,raw_both,RAW_GRID_T100_S020_GATE90_RAW_BOTH|NZDJPY|LONG|3,NZDJPY,LONG,target,2022-01-10T17:32:00.000Z,2022-01-10T18:08:00.000Z,2022-01-10T00:00:00.000Z,1,0,0,0.096505,0.564656,-0.06,-0.002292,0.502363,-0.019301,0.096505,2,3,0.025,0.2,,7315ECBFFFDC65EA624B0BE2794B39A648086145E8BEB23E5B59A8F6C45C3BCE
RAW_GRID_T100_S020_GATE90_RAW_BOTH,raw_both,RAW_GRID_T100_S020_GATE90_RAW_BOTH|NZDJPY|SHORT|4,NZDJPY,SHORT,target,2022-01-10T18:50:00.000Z,2022-01-10T19:53:00.000Z,2022-01-10T00:00:00.000Z,1,0,0,0.100792,0.590289,-0.06,0.000438,0.530726,-0.08597,0.100792,0,1,0.04375,0.2,,AA07D6970C282F96C7FC920419F642D45EA3A657FD022E5AAB4F7994FB37ABAC
RAW_GRID_T100_S020_GATE90_RAW_BOTH,raw_both,RAW_GRID_T100_S020_GATE90_RAW_BOTH|NZDJPY|SHORT|5,NZDJPY,SHORT,session_flatten,2022-01-10T19:58:00.000Z,2022-01-10T21:00:00.000Z,2022-01-10T00:00:00.000Z,1,0,0,-0.1645,-0.963254,-0.06,0.000431,-1.022823,-0.211924,0.06669,1,,0.043056,0.2,,B500B952A598B75FC77FC11BF7403DB99CCF4FD068901A7A0A956B7D69173812
RAW_GRID_T100_S020_GATE90_RAW_BOTH,raw_both,RAW_GRID_T100_S020_GATE90_RAW_BOTH|NZDJPY|SHORT|6,NZDJPY,SHORT,target,2022-01-10T23:05:00.000Z,2022-01-11T01:54:00.000Z,2022-01-10T00:00:00.000Z,2,1,0,0.153672,0.901614,-0.12,0.001861,0.783475,-0.426217,0.153672,1,2,0.117361,0.2,,83A056084141940B362FE4F016B771759D2EA5A6A3C6FF93956DC86681DDF4F8
RAW_GRID_T100_S020_GATE90_RAW_BOTH,raw_both,RAW_GRID_T100_S020_GATE90_RAW_BOTH|NZDJPY|SHORT|7,NZDJPY,SHORT,target,2022-01-11T02:02:00.000Z,2022-01-11T04:58:00.000Z,2022-01-10T00:00:00.000Z,2,1,0,0.188934,1.110525,-0.12,0.001861,0.992387,-0.301568,0.188934,2,3,0.122222,0.2,,A0AD50A701E015CCCD83FDBC83F9ED986B26FF8B8F281946F9D6F1EE902D6C72
RAW_GRID_T100_S020_GATE90_RAW_BOTH,raw_both,RAW_GRID_T100_S020_GATE90_RAW_BOTH|NZDJPY|SHORT|8,NZDJPY,SHORT,target,2022-01-11T06:03:00.000Z,2022-01-11T06:10:00.000Z,2022-01-10T00:00:00.000Z,1,0,0,0.103406,0.607465,-0.06,0.000049,0.547514,0,0.103406,3,4,0.004861,0.2,,0759A69DA108E1F4E73C8DD5412CE2A66AB7472A08A8314E6AC888A3A4507AB7
RAW_GRID_T100_S020_GATE90_RAW_BOTH,raw_both,RAW_GRID_T100_S020_GATE90_RAW_BOTH|NZDJPY|LONG|9,NZDJPY,LONG,target,2022-01-11T06:40:00.000Z,2022-01-11T07:26:00.000Z,2022-01-10T00:00:00.000Z,1,0,0,0.079907,0.468723,-0.06,-0.002929,0.405793,-0.147977,0.079907,3,4,0.031944,0.2,,AFD33C3648A0FA931185EF451874BACA818031DE0FA9878D60DD07FD35EC5A2A
RAW_GRID_T100_S020_GATE90_RAW_BOTH,raw_both,RAW_GRID_T100_S020_GATE90_RAW_BOTH|NZDJPY|SHORT|10,NZDJPY,SHORT,target,2022-01-11T08:06:00.000Z,2022-01-11T11:01:00.000Z,2022-01-10T00:00:00.000Z,1,0,0,0.063501,0.372386,-0.06,0.001215,0.313602,-0.172779,0.116664,4,5,0.121528,0.2,,AC72673622D1A27B73BF99FF608E9E992B56DE1265A5A9EF70B3F9C9B3129154
RAW_GRID_T100_S020_GATE90_RAW_BOTH,raw_both,RAW_GRID_T100_S020_GATE90_RAW_BOTH|NZDJPY|SHORT|11,NZDJPY,SHORT,target,2022-01-11T13:36:00.000Z,2022-01-11T13:45:00.000Z,2022-01-10T00:00:00.000Z,1,0,0,0.106278,0.6226,-0.06,0.000063,0.562663,0,0.106278,5,6,0.00625,0.2,,F32DDCA57E031E66D779361DF1BFCF778CB29B9C52B4A7048F797FF4A2DD8C4A
RAW_GRID_T100_S020_GATE90_RAW_BOTH,raw_both,RAW_GRID_T100_S020_GATE90_RAW_BOTH|NZDJPY|LONG|12,NZDJPY,LONG,target,2022-01-11T14:32:00.000Z,2022-01-11T15:06:00.000Z,2022-01-10T00:00:00.000Z,1,0,0,0.109438,0.640703,-0.06,-0.002165,0.578538,-0.112396,0.109438,4,5,0.023611,0.2,,318FC9D86DED76F0011CA36F52CE500DD9B3242BF464FA26C221524D5818F8E2
RAW_GRID_T100_S020_GATE90_RAW_BOTH,raw_both,RAW_GRID_T100_S020_GATE90_RAW_BOTH|NZDJPY|LONG|13,NZDJPY,LONG,target,2022-01-11T15:19:00.000Z,2022-01-11T15:40:00.000Z,2022-01-10T00:00:00.000Z,1,0,0,0.124252,0.727573,-0.06,-0.001337,0.666236,-0.053252,0.124252,5,6,0.014583,0.2,,017AC07E48CA7DE4E884691FF8C5D8B8717DDC71CD01CACB437F3F5CE20023AE
RAW_GRID_T100_S020_GATE90_RAW_BOTH,raw_both,RAW_GRID_T100_S020_GATE90_RAW_BOTH|NZDJPY|LONG|14,NZDJPY,LONG,target,2022-01-11T15:50:00.000Z,2022-01-11T16:01:00.000Z,2022-01-10T00:00:00.000Z,1,0,0,0.162753,0.952719,-0.06,-0.0007,0.892018,-0.007398,0.162753,6,7,0.007639,0.2,,418E23BD6C790C9ADD8077B619206208F230B84499C59A7CFADA45608FAEE317
RAW_GRID_T100_S020_GATE90_RAW_BOTH,raw_both,RAW_GRID_T100_S020_GATE90_RAW_BOTH|NZDJPY|SHORT|15,NZDJPY,SHORT,session_flatten,2022-01-11T16:15:00.000Z,2022-01-11T21:00:00.000Z,2022-01-10T00:00:00.000Z,2,1,0,-0.094579,-0.555118,-0.12,0.003007,-0.672111,-0.483997,0.029528,6,,0.197917,0.2,,A123C66FD04CEB9708B4EF176755262A9A7EDF0666FF4E4C1740C71497A25D80
RAW_GRID_T100_S020_GATE90_RAW_BOTH,raw_both,RAW_GRID_T100_S020_GATE90_RAW_BOTH|NZDJPY|SHORT|16,NZDJPY,SHORT,target,2022-01-11T23:05:00.000Z,2022-01-12T01:16:00.000Z,2022-01-10T00:00:00.000Z,1,0,0,0.116407,0.685349,-0.06,0.00091,0.626259,-0.086937,0.116407,6,7,0.090972,0.2,,7F065C570888EA4C324496C3638188D7F02DF3C210B93C6F67757859A9F55459
RAW_GRID_T100_S020_GATE90_RAW_BOTH,raw_both,RAW_GRID_T100_S020_GATE90_RAW_BOTH|NZDJPY|SHORT|17,NZDJPY,SHORT,target,2022-01-12T01:41:00.000Z,2022-01-12T01:55:00.000Z,2022-01-10T00:00:00.000Z,1,0,0,0.125253,0.737093,-0.06,0.000097,0.67719,-0.014735,0.125253,7,8,0.009722,0.2,,3FC02B91884F5FC1B27882A5D3A33ACB1C6CE8880AA48DCEEAD27615214D82DA
RAW_GRID_T100_S020_GATE90_RAW_BOTH,raw_both,RAW_GRID_T100_S020_GATE90_RAW_BOTH|NZDJPY|SHORT|18,NZDJPY,SHORT,target,2022-01-12T02:23:00.000Z,2022-01-12T07:12:00.000Z,2022-01-10T00:00:00.000Z,1,0,0,0.045664,0.26884,-0.06,0.002007,0.210846,-0.145827,0.082488,8,9,0.200694,0.2,,B107F2D3A0056D0C3FDC7B1F47B1B7DD88DDE994B6E0B67E74B1F6FE1C5AB4BC
RAW_GRID_T100_S020_GATE90_RAW_BOTH,raw_both,RAW_GRID_T100_S020_GATE90_RAW_BOTH|NZDJPY|LONG|19,NZDJPY,LONG,target,2022-01-12T08:30:00.000Z,2022-01-12T10:51:00.000Z,2022-01-10T00:00:00.000Z,1,0,0,0.131266,0.77107,-0.06,-0.008979,0.702091,-0.06047,0.131266,7,8,0.097917,0.2,,8AA09F048CF59C3656B37998F0C9FF807EB08928D75D084226570AD344D4B8EB
RAW_GRID_T100_S020_GATE90_RAW_BOTH,raw_both,RAW_GRID_T100_S020_GATE90_RAW_BOTH|NZDJPY|LONG|20,NZDJPY,LONG,target,2022-01-12T12:02:00.000Z,2022-01-12T13:23:00.000Z,2022-01-10T00:00:00.000Z,1,0,0,0.129806,0.762641,-0.06,-0.005158,0.697483,-0.0059,0.129806,8,9,0.05625,0.2,,714C6B308101F7712C3CFE19E8B94B51734135BBE5CDA09516AC0B60A6E0D3A0
RAW_GRID_T100_S020_GATE90_RAW_BOTH,raw_both,RAW_GRID_T100_S020_GATE90_RAW_BOTH|NZDJPY|SHORT|21,NZDJPY,SHORT,target,2022-01-12T13:34:00.000Z,2022-01-12T16:08:00.000Z,2022-01-10T00:00:00.000Z,3,2,0,0.172623,1.028141,-0.18,0.002424,0.850565,-0.832145,0.172623,9,10,0.106944,0.2,,077830606B6AB14D5F5EB116E73032900D7FFF3E016CD1D9F931D87535C34045
RAW_GRID_T100_S020_GATE90_RAW_BOTH,raw_both,RAW_GRID_T100_S020_GATE90_RAW_BOTH|NZDJPY|LONG|22,NZDJPY,LONG,target,2022-01-12T17:13:00.000Z,2022-01-12T20:34:00.000Z,2022-01-10T00:00:00.000Z,1,0,0,0.09411,0.558732,-0.06,-0.0128,0.485933,-0.117639,0.099993,9,10,0.139583,0.2,,1628683E5159663F3C8ECEA3759723C5347E33D5C23260E5DF3B29A481DA7841
RAW_GRID_T100_S020_GATE90_RAW_BOTH,raw_both,RAW_GRID_T100_S020_GATE90_RAW_BOTH|NZDJPY|SHORT|23,NZDJPY,SHORT,target,2022-01-13T00:40:00.000Z,2022-01-13T01:19:00.000Z,2022-01-10T00:00:00.000Z,1,0,0,0.114499,0.680496,-0.06,0.000271,0.620767,-0.093948,0.114499,10,11,0.027083,0.2,,8DFD4C9CBC45EF22DFFA39A5D1549044593D01699B0BEFAD8AECA64472348EFE
RAW_GRID_T100_S020_GATE90_RAW_BOTH,raw_both,RAW_GRID_T100_S020_GATE90_RAW_BOTH|NZDJPY|LONG|24,NZDJPY,LONG,target,2022-01-13T01:41:00.000Z,2022-01-13T02:13:00.000Z,2022-01-10T00:00:00.000Z,1,0,0,0.108818,0.645667,-0.06,-0.002038,0.58363,-0.041175,0.108818,10,11,0.022222,0.2,,BE39F5E653C1E6DE6249A061C32CFCF0317D6755D79AF930DFCC1B4929455E73
RAW_GRID_T100_S020_GATE90_RAW_BOTH,raw_both,RAW_GRID_T100_S020_GATE90_RAW_BOTH|NZDJPY|SHORT|25,NZDJPY,SHORT,target,2022-01-13T02:40:00.000Z,2022-01-13T03:13:00.000Z,2022-01-10T00:00:00.000Z,1,0,0,0.096891,0.576028,-0.06,0.000229,0.516257,-0.099827,0.096891,11,12,0.022917,0.2,,81A553F5A4A822D97F41601239B5DFD05EB391855BB89408C9F23CFFC6160237
RAW_GRID_T100_S020_GATE90_RAW_BOTH,raw_both,RAW_GRID_T100_S020_GATE90_RAW_BOTH|NZDJPY|SHORT|26,NZDJPY,SHORT,target,2022-01-13T04:02:00.000Z,2022-01-13T12:17:00.000Z,2022-01-10T00:00:00.000Z,2,1,0,0.093631,0.55911,-0.12,0.005076,0.444187,-0.478071,0.140854,12,13,0.34375,0.2,,12222836604027901366FF0763A7B7DF3FC1B5A5957BBA147448B165DF13FC6A
RAW_GRID_T100_S020_GATE90_RAW_BOTH,raw_both,RAW_GRID_T100_S020_GATE90_RAW_BOTH|NZDJPY|LONG|27,NZDJPY,LONG,target,2022-01-13T12:46:00.000Z,2022-01-13T13:51:00.000Z,2022-01-10T00:00:00.000Z,1,0,0,0.099792,0.594977,-0.06,-0.004139,0.530838,-0.113001,0.099792,11,12,0.045139,0.2,,3139AF1FD34DEA047E7ABDA4E2E921918D1670988B284A493B90C9F1819B9833
RAW_GRID_T100_S020_GATE90_RAW_BOTH,raw_both,RAW_GRID_T100_S020_GATE90_RAW_BOTH|NZDJPY|SHORT|28,NZDJPY,SHORT,target,2022-01-13T14:56:00.000Z,2022-01-13T15:07:00.000Z,2022-01-10T00:00:00.000Z,1,0,0,0.108393,0.64747,-0.06,0.000076,0.587546,-0.023437,0.108393,13,14,0.007639,0.2,,4D141222AC1992357931B94B908FA26573278BD73E03C83381736A6AEC14232F
RAW_GRID_T100_S020_GATE90_RAW_BOTH,raw_both,RAW_GRID_T100_S020_GATE90_RAW_BOTH|NZDJPY|LONG|29,NZDJPY,LONG,session_flatten,2022-01-13T15:20:00.000Z,2022-01-13T21:00:00.000Z,2022-01-10T00:00:00.000Z,3,2,0,-0.732882,-4.371794,-0.18,-0.056103,-4.607897,-0.891658,0.237413,12,,0.236111,0.2,,26F08E3BE537A8A7640C1423D368B44460B08F3E3C6FC9F1BABCE16E8C606C11
RAW_GRID_T100_S020_GATE90_RAW_BOTH,raw_both,RAW_GRID_T100_S020_GATE90_RAW_BOTH|NZDJPY|LONG|30,NZDJPY,LONG,target,2022-01-13T23:37:00.000Z,2022-01-14T06:02:00.000Z,2022-01-10T00:00:00.000Z,4,3,0,0.184979,1.090439,-0.24,-0.073296,0.777143,-1.550932,0.2153,12,13,0.267361,0.2,,1650CB6DA48380EA5CBE42B8C7961ED42A7C79E7F0861618025F0AE59BC6809B
RAW_GRID_T100_S020_GATE90_RAW_BOTH,raw_both,RAW_GRID_T100_S020_GATE90_RAW_BOTH|NZDJPY|SHORT|31,NZDJPY,SHORT,target,2022-01-14T06:02:00.000Z,2022-01-14T07:31:00.000Z,2022-01-10T00:00:00.000Z,1,0,0,0.19772,1.177713,-0.06,0.000618,1.118331,0,0.19772,14,15,0.061806,0.2,,A912D65E2CF4FD3894A7B3E39ABACB6A547655604B97B0287CA5E61AD91751F7
RAW_GRID_T100_S020_GATE90_RAW_BOTH,raw_both,RAW_GRID_T100_S020_GATE90_RAW_BOTH|NZDJPY|SHORT|32,NZDJPY,SHORT,target,2022-01-14T08:08:00.000Z,2022-01-14T08:52:00.000Z,2022-01-10T00:00:00.000Z,1,0,0,0.087098,0.518762,-0.06,0.000306,0.459068,-0.13729,0.087098,15,16,0.030556,0.2,,B0C933F834B50FECD3DA34691810797E52613084DE117F49424A6A484212FABD
RAW_GRID_T100_S020_GATE90_RAW_BOTH,raw_both,RAW_GRID_T100_S020_GATE90_RAW_BOTH|NZDJPY|SHORT|34,NZDJPY,SHORT,target,2022-01-14T15:12:00.000Z,2022-01-14T15:15:00.000Z,2022-01-10T00:00:00.000Z,1,0,0,0.11864,0.702813,-0.06,0.000021,0.642834,0,0.11864,16,17,0.002083,0.2,,82B020A08D34FAB305F5A3C24E2E14BD88601566C4481537619A9723047C12EC
RAW_GRID_T100_S020_GATE90_RAW_BOTH,raw_both,RAW_GRID_T100_S020_GATE90_RAW_BOTH|NZDJPY|SHORT|35,NZDJPY,SHORT,target,2022-01-14T15:20:00.000Z,2022-01-14T15:22:00.000Z,2022-01-10T00:00:00.000Z,1,0,0,0.139406,0.825708,-0.06,0.000014,0.765722,-0.002966,0.139406,17,18,0.001389,0.2,,96F7145AE65387A7F7C0A2C8385903DA48EB8F07965AA298B7E3BB0B30B9BB78
RAW_GRID_T100_S020_GATE90_RAW_BOTH,raw_both,RAW_GRID_T100_S020_GATE90_RAW_BOTH|NZDUSD|LONG|1,NZDUSD,LONG,target,2022-01-10T14:01:00.000Z,2022-01-10T16:13:00.000Z,2022-01-10T00:00:00.000Z,2,1,0,0.370587,1.909997,-0.12,-0.013309,1.776687,-0.211238,0.370587,0,1,0.091667,0.2,,1C57A5B6540799BD7859D50623D9E1E458165B66C840E994BAA3073C7B724566
RAW_GRID_T100_S020_GATE90_RAW_BOTH,raw_both,RAW_GRID_T100_S020_GATE90_RAW_BOTH|NZDUSD|SHORT|2,NZDUSD,SHORT,target,2022-01-10T16:30:00.000Z,2022-01-10T16:47:00.000Z,2022-01-10T00:00:00.000Z,1,0,0,0.119981,0.619996,-0.06,0.000118,0.560114,-0.027093,0.119981,0,1,0.011806,0.2,,FDA2C0798AB76559E0BF50E4EF8EDD494FBE4AD1692D79FE27A7BF84FC666A15
RAW_GRID_T100_S020_GATE90_RAW_BOTH,raw_both,RAW_GRID_T100_S020_GATE90_RAW_BOTH|NZDUSD|SHORT|3,NZDUSD,SHORT,target,2022-01-10T18:51:00.000Z,2022-01-10T19:52:00.000Z,2022-01-10T00:00:00.000Z,1,0,0,0.119992,0.620001,-0.06,0.000424,0.560425,-0.030965,0.119992,1,2,0.042361,0.2,,A0E3537774B4571D4B0D9F5A676E808B8A1396CCAE639175F71639D233059BE1
RAW_GRID_T100_S020_GATE90_RAW_BOTH,raw_both,RAW_GRID_T100_S020_GATE90_RAW_BOTH|NZDUSD|SHORT|4,NZDUSD,SHORT,session_flatten,2022-01-10T19:59:00.000Z,2022-01-10T21:00:00.000Z,2022-01-10T00:00:00.000Z,1,0,0,-0.154844,-0.799998,-0.06,0.000424,-0.859574,-0.199362,0.083228,2,,0.042361,0.2,,DBC47E44F2FF04977E016B43A1B4B759EC4422003B11895DC7D0F8DFFC5B2D88
RAW_GRID_T100_S020_GATE90_RAW_BOTH,raw_both,RAW_GRID_T100_S020_GATE90_RAW_BOTH|NZDUSD|SHORT|5,NZDUSD,SHORT,target,2022-01-10T23:05:00.000Z,2022-01-11T01:53:00.000Z,2022-01-10T00:00:00.000Z,2,1,0,0.285863,1.48,-0.12,0.001667,1.361666,-0.301633,0.285863,2,3,0.116667,0.2,,53F1B6BC4BE0B93DA1B8BB43C2621B6F2E66774E7F7A0867B223EFE04423EC21
RAW_GRID_T100_S020_GATE90_RAW_BOTH,raw_both,RAW_GRID_T100_S020_GATE90_RAW_BOTH|NZDUSD|SHORT|6,NZDUSD,SHORT,target,2022-01-11T02:16:00.000Z,2022-01-11T06:39:00.000Z,2022-01-10T00:00:00.000Z,1,0,0,0.013529,0.069997,-0.06,0.001826,0.011824,-0.185544,0.02126,3,4,0.182639,0.2,,58A93EBF91B4952419D439F8F5D737338B9D6F385D540D4600938D969B2398B0
RAW_GRID_T100_S020_GATE90_RAW_BOTH,raw_both,RAW_GRID_T100_S020_GATE90_RAW_BOTH|NZDUSD|LONG|7,NZDUSD,LONG,target,2022-01-11T06:48:00.000Z,2022-01-11T07:14:00.000Z,2022-01-10T00:00:00.000Z,1,0,0,0.110258,0.570002,-0.06,-0.001656,0.508346,-0.065768,0.110258,1,2,0.018056,0.2,,6B2977E8B6FAA2964563FEF833C3DCCC5338EFE095DB74986FC4220B99818BAE
RAW_GRID_T100_S020_GATE90_RAW_BOTH,raw_both,RAW_GRID_T100_S020_GATE90_RAW_BOTH|NZDUSD|SHORT|8,NZDUSD,SHORT,target,2022-01-11T07:28:00.000Z,2022-01-11T10:21:00.000Z,2022-01-10T00:00:00.000Z,1,0,0,0.040554,0.209997,-0.06,0.001201,0.151199,-0.166082,0.08111,4,5,0.120139,0.2,,B7E33F43DA400E2099C5D6FF9C0610E0D0003DCBBD0B0DEA45EF9BC4C2BA87DD
RAW_GRID_T100_S020_GATE90_RAW_BOTH,raw_both,RAW_GRID_T100_S020_GATE90_RAW_BOTH|NZDUSD|LONG|9,NZDUSD,LONG,target,2022-01-11T10:56:00.000Z,2022-01-11T15:07:00.000Z,2022-01-10T00:00:00.000Z,3,2,0,0.362705,1.870005,-0.18,-0.022925,1.66708,-0.740928,0.362705,2,3,0.174306,0.2,,F14634EF4636E0A779D40BEAD18FFD496207F056864BEDA5E54FD437C8014283
RAW_GRID_T100_S020_GATE90_RAW_BOTH,raw_both,RAW_GRID_T100_S020_GATE90_RAW_BOTH|NZDUSD|LONG|10,NZDUSD,LONG,target,2022-01-11T15:16:00.000Z,2022-01-11T15:31:00.000Z,2022-01-10T00:00:00.000Z,1,0,0,0.102635,0.53,-0.06,-0.000955,0.469045,-0.052285,0.102635,3,4,0.010417,0.2,,0A0EFE7CDC1C4BCAB0A0133208BB1A4E01A2B3AFD822EAF95EE0029EE7F112BE
RAW_GRID_T100_S020_GATE90_RAW_BOTH,raw_both,RAW_GRID_T100_S020_GATE90_RAW_BOTH|NZDUSD|SHORT|11,NZDUSD,SHORT,session_flatten,2022-01-11T16:02:00.000Z,2022-01-11T21:00:00.000Z,2022-01-10T00:00:00.000Z,3,2,0,-0.701547,-3.629999,-0.18,0.004958,-3.805041,-1.095411,0.052213,5,,0.206944,0.2,,3041710AE8283A15A759BF5C675C6FA06053B81A8B79CD4964FE9A0708D0E519
RAW_GRID_T100_S020_GATE90_RAW_BOTH,raw_both,RAW_GRID_T100_S020_GATE90_RAW_BOTH|NZDUSD|SHORT|12,NZDUSD,SHORT,target,2022-01-11T23:05:00.000Z,2022-01-12T01:55:00.000Z,2022-01-10T00:00:00.000Z,1,0,0,0.146398,0.760001,-0.06,0.001181,0.701182,-0.084756,0.146398,5,6,0.118056,0.2,,3F0F59499DB9DA8CB90DDE376F2527CA5A49FFF00A7E1F05197F6306F831820C
RAW_GRID_T100_S020_GATE90_RAW_BOTH,raw_both,RAW_GRID_T100_S020_GATE90_RAW_BOTH|NZDUSD|SHORT|13,NZDUSD,SHORT,target,2022-01-12T02:03:00.000Z,2022-01-12T07:27:00.000Z,2022-01-10T00:00:00.000Z,1,0,0,0.040457,0.210003,-0.06,0.00225,0.152253,-0.196504,0.092473,6,7,0.225,0.2,,5832E5E80E8FE8908F5BED4D4FB8D2B3C9B4573FC0F54C782EED420B399E20EB
RAW_GRID_T100_S020_GATE90_RAW_BOTH,raw_both,RAW_GRID_T100_S020_GATE90_RAW_BOTH|NZDUSD|LONG|14,NZDUSD,LONG,target,2022-01-12T07:47:00.000Z,2022-01-12T09:26:00.000Z,2022-01-10T00:00:00.000Z,1,0,0,0.0887,0.459997,-0.06,-0.006304,0.393693,-0.134979,0.0887,4,5,0.06875,0.2,,FD1BA11462953A36DAD74C23C7354A96E08A0E36F37F2C9EEDC1F5EF9A3E3BF4
RAW_GRID_T100_S020_GATE90_RAW_BOTH,raw_both,RAW_GRID_T100_S020_GATE90_RAW_BOTH|NZDUSD|LONG|15,NZDUSD,LONG,target,2022-01-12T10:19:00.000Z,2022-01-12T11:19:00.000Z,2022-01-10T00:00:00.000Z,1,0,0,0.109937,0.569997,-0.06,-0.003821,0.506176,-0.036647,0.109937,5,6,0.041667,0.2,,FC19A65D543DE6EBB6DFC42940CD46DA9DE7D2DBE900E1D1F9E7EE1F8F12FAC1
RAW_GRID_T100_S020_GATE90_RAW_BOTH,raw_both,RAW_GRID_T100_S020_GATE90_RAW_BOTH|NZDUSD|LONG|16,NZDUSD,LONG,target,2022-01-12T11:37:00.000Z,2022-01-12T13:25:00.000Z,2022-01-10T00:00:00.000Z,1,0,0,0.075218,0.39,-0.06,-0.006878,0.323122,-0.077147,0.075218,6,7,0.075,0.2,,78D0880989ADFF9B36AFF6B47BE13D6B024596C385720FD5362A606659E93FCF
RAW_GRID_T100_S020_GATE90_RAW_BOTH,raw_both,RAW_GRID_T100_S020_GATE90_RAW_BOTH|NZDUSD|LONG|17,NZDUSD,LONG,target,2022-01-12T13:30:00.000Z,2022-01-12T13:31:00.000Z,2022-01-10T00:00:00.000Z,1,0,0,0.123475,0.639999,-0.06,-0.000064,0.579936,0,0.123475,7,8,0.000694,0.2,,6B8BADCC0DC85439E3AA3114770DA31DB739A78F8398BBA5323D7AECF0C60829
RAW_GRID_T100_S020_GATE90_RAW_BOTH,raw_both,RAW_GRID_T100_S020_GATE90_RAW_BOTH|NZDUSD|LONG|18,NZDUSD,LONG,target,2022-01-12T13:31:00.000Z,2022-01-12T13:32:00.000Z,2022-01-10T00:00:00.000Z,1,0,0,0.169824,0.880003,-0.06,-0.000064,0.819939,0,0.169824,8,9,0.000694,0.2,,A5C58EC92C7F2E2B07C5ADA47CAECC276BB67E753EB11A48D304D8A8DF64AB15
RAW_GRID_T100_S020_GATE90_RAW_BOTH,raw_both,RAW_GRID_T100_S020_GATE90_RAW_BOTH|NZDUSD|SHORT|19,NZDUSD,SHORT,session_flatten,2022-01-12T13:33:00.000Z,2022-01-12T21:00:00.000Z,2022-01-10T00:00:00.000Z,7,6,0,-4.878005,-25.4,-0.42,0.018264,-25.801736,-4.878005,0.090532,7,,0.310417,0.2,,D902FD6DE6DC886392E8B399FEED59A17D2E4E09DB6312F1AEB5699CF1F40535
RAW_GRID_T100_S020_GATE90_RAW_BOTH,raw_both,RAW_GRID_T100_S020_GATE90_RAW_BOTH|NZDUSD|SHORT|20,NZDUSD,SHORT,target,2022-01-12T23:16:00.000Z,2022-01-12T23:51:00.000Z,2022-01-10T00:00:00.000Z,1,0,0,0.099243,0.519998,-0.06,0.000243,0.460241,-0.019086,0.099243,7,8,0.024306,0.2,,A124DD4A083B595BB0CB9DD050F581334C7624B0A8569F47B32EDA4EC8BCA69C
RAW_GRID_T100_S020_GATE90_RAW_BOTH,raw_both,RAW_GRID_T100_S020_GATE90_RAW_BOTH|NZDUSD|SHORT|21,NZDUSD,SHORT,target,2022-01-13T00:05:00.000Z,2022-01-13T00:16:00.000Z,2022-01-10T00:00:00.000Z,1,0,0,0.104941,0.549998,-0.06,0.000076,0.490075,-0.007632,0.104941,8,9,0.007639,0.2,,77EF1D563CFADA58177E112143C1095D915F46904890DAE68AF3F14A80B209F6
RAW_GRID_T100_S020_GATE90_RAW_BOTH,raw_both,RAW_GRID_T100_S020_GATE90_RAW_BOTH|NZDUSD|SHORT|22,NZDUSD,SHORT,target,2022-01-13T00:41:00.000Z,2022-01-13T01:19:00.000Z,2022-01-10T00:00:00.000Z,1,0,0,0.095385,0.499999,-0.06,0.000264,0.440263,-0.070585,0.095385,9,10,0.026389,0.2,,42B220A4D82446FDB1417E291D2A9445CA70B540361BD498755E422995879128
RAW_GRID_T100_S020_GATE90_RAW_BOTH,raw_both,RAW_GRID_T100_S020_GATE90_RAW_BOTH|NZDUSD|LONG|23,NZDUSD,LONG,target,2022-01-13T01:59:00.000Z,2022-01-13T02:14:00.000Z,2022-01-10T00:00:00.000Z,1,0,0,0.122291,0.639999,-0.06,-0.000955,0.579044,0,0.122291,9,10,0.010417,0.2,,0559C872B109F9E81748EBB9B4F943CE8C6AF172B2E21C783837E1BEA662CB0C
RAW_GRID_T100_S020_GATE90_RAW_BOTH,raw_both,RAW_GRID_T100_S020_GATE90_RAW_BOTH|NZDUSD|LONG|25,NZDUSD,LONG,target,2022-01-13T15:33:00.000Z,2022-01-13T15:46:00.000Z,2022-01-10T00:00:00.000Z,1,0,0,0.117936,0.620001,-0.06,-0.000828,0.559173,-0.022827,0.117936,10,11,0.009028,0.2,,7C39265BE2D8951A57F1C30705E708B3E50988F7B515534A7BEE534D69C9C0E9
RAW_GRID_T100_S020_GATE90_RAW_BOTH,raw_both,RAW_GRID_T100_S020_GATE90_RAW_BOTH|NZDUSD|LONG|26,NZDUSD,LONG,target,2022-01-13T15:51:00.000Z,2022-01-13T15:58:00.000Z,2022-01-10T00:00:00.000Z,1,0,0,0.129368,0.680002,-0.06,-0.000446,0.619556,0,0.129368,11,12,0.004861,0.2,,9621933632BE062DAC5333CE2A972D5155426552C1D5B9750B9BD9BF9A4D7ACF
RAW_GRID_T100_S020_GATE90_RAW_BOTH,raw_both,RAW_GRID_T100_S020_GATE90_RAW_BOTH|NZDUSD|SHORT|24,NZDUSD,SHORT,target,2022-01-13T02:49:00.000Z,2022-01-13T17:19:00.000Z,2022-01-10T00:00:00.000Z,4,3,0,0.019386,0.110005,-0.24,0.015326,-0.114669,-1.510583,0.064849,10,11,0.604167,0.2,,8E6A7059D38BC2B089F434840FADEC3CC95B557C7212DE24011CE14715F568C7
RAW_GRID_T100_S020_GATE90_RAW_BOTH,raw_both,RAW_GRID_T100_S020_GATE90_RAW_BOTH|NZDUSD|LONG|27,NZDUSD,LONG,target,2022-01-13T17:16:00.000Z,2022-01-13T18:16:00.000Z,2022-01-10T00:00:00.000Z,1,0,0,0.097016,0.510001,-0.06,-0.003821,0.44618,-0.104625,0.097016,12,13,0.041667,0.2,,F49428DF0AF38B37E075D727AD3605E1B760EB002C4211DB2B4A8B26009869CA
RAW_GRID_T100_S020_GATE90_RAW_BOTH,raw_both,RAW_GRID_T100_S020_GATE90_RAW_BOTH|NZDUSD|LONG|28,NZDUSD,LONG,session_flatten,2022-01-13T18:36:00.000Z,2022-01-13T21:00:00.000Z,2022-01-10T00:00:00.000Z,1,0,0,-0.272041,-1.430001,-0.06,-0.00917,-1.499171,-0.292967,0.074193,13,,0.1,0.2,,2F27629B147D8DC09771B9EAC95F569BE4D80964C563EC5A28D8137BE5AA76EA
RAW_GRID_T100_S020_GATE90_RAW_BOTH,raw_both,RAW_GRID_T100_S020_GATE90_RAW_BOTH|NZDUSD|LONG|29,NZDUSD,LONG,target,2022-01-13T23:05:00.000Z,2022-01-14T04:09:00.000Z,2022-01-10T00:00:00.000Z,2,1,0,0.087929,0.460002,-0.12,-0.030185,0.309818,-0.304818,0.11462,13,14,0.211111,0.2,,71B0D1A82355A79CD1D9F557FA3D2DB228EF127D3476D7BE5259467E1E5DACC9
RAW_GRID_T100_S020_GATE90_RAW_BOTH,raw_both,RAW_GRID_T100_S020_GATE90_RAW_BOTH|NZDUSD|SHORT|30,NZDUSD,SHORT,target,2022-01-14T05:38:00.000Z,2022-01-14T07:15:00.000Z,2022-01-10T00:00:00.000Z,1,0,0,0.097135,0.510001,-0.06,0.000674,0.450675,-0.127608,0.097135,11,12,0.067361,0.2,,4B85E8A585F90E69F98B7AE6704E1931749C2370B7B3A967E7E65C2FB8D1C76B
RAW_GRID_T100_S020_GATE90_RAW_BOTH,raw_both,RAW_GRID_T100_S020_GATE90_RAW_BOTH|NZDUSD|SHORT|31,NZDUSD,SHORT,target,2022-01-14T08:07:00.000Z,2022-01-14T08:59:00.000Z,2022-01-10T00:00:00.000Z,1,0,0,0.100929,0.53,-0.06,0.000361,0.470361,-0.150442,0.100929,12,13,0.036111,0.2,,8ACCAD148565C5780A4358A22A5793DF24FC274D677D4BC47F535B7A9194CDB1
RAW_GRID_T100_S020_GATE90_RAW_BOTH,raw_both,RAW_GRID_T100_S020_GATE90_RAW_BOTH|USDCAD|SHORT|1,USDCAD,SHORT,target,2022-01-10T15:05:00.000Z,2022-01-10T17:14:00.000Z,2022-01-10T00:00:00.000Z,1,0,0,0.195669,1.420299,-0.06,0.000896,1.361195,-0.034785,0.195669,0,1,0.089583,0.2,,3906F9DFE468FE431A3D6C2450347F43C7C963E324457D12F42D1D8399179FF7
RAW_GRID_T100_S020_GATE90_RAW_BOTH,raw_both,RAW_GRID_T100_S020_GATE90_RAW_BOTH|USDCAD|SHORT|2,USDCAD,SHORT,target,2022-01-10T17:24:00.000Z,2022-01-10T18:54:00.000Z,2022-01-10T00:00:00.000Z,1,0,0,0.060911,0.441701,-0.06,0.000625,0.382326,-0.1501,0.060911,1,2,0.0625,0.2,,4193B8921D8A5ECD3DA0AA596C04576333F5C6C5213C4D03AF7229694344B31B
RAW_GRID_T100_S020_GATE90_RAW_BOTH,raw_both,RAW_GRID_T100_S020_GATE90_RAW_BOTH|USDCAD|LONG|3,USDCAD,LONG,target,2022-01-10T23:22:00.000Z,2022-01-11T13:52:00.000Z,2022-01-10T00:00:00.000Z,3,2,0,0.055154,0.395091,-0.18,-0.120229,0.094862,-0.749504,0.063335,0,1,0.604167,0.2,,4B85B0FDA7499725E25E85AE15BE08D30B6B2F1D923BE6EBE073113A2B0703D3
RAW_GRID_T100_S020_GATE90_RAW_BOTH,raw_both,RAW_GRID_T100_S020_GATE90_RAW_BOTH|USDCAD|SHORT|4,USDCAD,SHORT,target,2022-01-11T13:52:00.000Z,2022-01-11T14:02:00.000Z,2022-01-10T00:00:00.000Z,1,0,0,0.12646,0.917471,-0.06,0.000069,0.85754,-0.044697,0.12646,2,3,0.006944,0.2,,EAD56CD4E547E7E61C6D2D657507A6D8B58CD9788B40D58CF16FE2C0E6B292C9
RAW_GRID_T100_S020_GATE90_RAW_BOTH,raw_both,RAW_GRID_T100_S020_GATE90_RAW_BOTH|USDCAD|SHORT|5,USDCAD,SHORT,target,2022-01-11T14:42:00.000Z,2022-01-11T15:00:00.000Z,2022-01-10T00:00:00.000Z,1,0,0,0.100296,0.727515,-0.06,0.000125,0.66764,-0.095936,0.100296,3,4,0.0125,0.2,,4E12A5D47C745627A2484B6AD11EB7281CFDF577C11A2A9901837691E222358D
RAW_GRID_T100_S020_GATE90_RAW_BOTH,raw_both,RAW_GRID_T100_S020_GATE90_RAW_BOTH|USDCAD|LONG|6,USDCAD,LONG,session_flatten,2022-01-11T15:02:00.000Z,2022-01-11T21:00:00.000Z,2022-01-10T00:00:00.000Z,4,3,0,-1.343403,-9.771725,-0.24,-0.070303,-10.082029,-1.763599,0.239503,1,,0.248611,0.2,,6804E50B9EE8EDD2B6B5B62C9B2565925A4C1CA0DA8239C1081CFD42F7C00F11
RAW_GRID_T100_S020_GATE90_RAW_BOTH,raw_both,RAW_GRID_T100_S020_GATE90_RAW_BOTH|USDCAD|LONG|7,USDCAD,LONG,target,2022-01-11T23:05:00.000Z,2022-01-12T07:30:00.000Z,2022-01-10T00:00:00.000Z,2,1,0,0.173676,1.256981,-0.12,-0.051645,1.085336,-0.344701,0.173676,1,2,0.350694,0.2,,FD9A03F4213D07126B60B699AE1BD954E45CFFEEF0B89C051406DDA9DE940A13
RAW_GRID_T100_S020_GATE90_RAW_BOTH,raw_both,RAW_GRID_T100_S020_GATE90_RAW_BOTH|USDCAD|LONG|8,USDCAD,LONG,target,2022-01-12T08:24:00.000Z,2022-01-12T08:41:00.000Z,2022-01-10T00:00:00.000Z,1,0,0,0.106565,0.771831,-0.06,-0.001083,0.710748,0,0.107664,2,3,0.011806,0.2,,BB191BA9E610E679F2E556C1FBBA4F0EE6DB8F4C1CDC737C5738A6FF780F9EDB
RAW_GRID_T100_S020_GATE90_RAW_BOTH,raw_both,RAW_GRID_T100_S020_GATE90_RAW_BOTH|USDCAD|LONG|9,USDCAD,LONG,session_flatten,2022-01-12T09:03:00.000Z,2022-01-12T21:00:00.000Z,2022-01-10T00:00:00.000Z,4,3,0,-0.918121,-6.677014,-0.24,-0.128953,-7.045968,-1.358668,0.267378,3,,0.497917,0.2,,F510EC6E8401F766D21EBEB3F85D4A680AF1FAFA397B44BA4FB4F4326346570B
RAW_GRID_T100_S020_GATE90_RAW_BOTH,raw_both,RAW_GRID_T100_S020_GATE90_RAW_BOTH|USDCAD|LONG|10,USDCAD,LONG,target,2022-01-13T02:50:00.000Z,2022-01-13T05:59:00.000Z,2022-01-10T00:00:00.000Z,1,0,0,0.094922,0.68756,-0.06,-0.012036,0.615525,-0.048565,0.094922,3,4,0.13125,0.2,,D078EB78C341C023348E013A5E260DD0E44940764102109BAA2B0CC1BC539C1E
RAW_GRID_T100_S020_GATE90_RAW_BOTH,raw_both,RAW_GRID_T100_S020_GATE90_RAW_BOTH|USDCAD|LONG|11,USDCAD,LONG,target,2022-01-13T07:17:00.000Z,2022-01-13T15:29:00.000Z,2022-01-10T00:00:00.000Z,3,2,0,0.035968,0.256447,-0.18,-0.064381,0.012066,-0.803241,0.112866,4,5,0.341667,0.2,,DEE2C130E7BEFE3AC28499ADBA1DA2E6EB1A2EA95CBAB37DF454E715852AFFB1
RAW_GRID_T100_S020_GATE90_RAW_BOTH,raw_both,RAW_GRID_T100_S020_GATE90_RAW_BOTH|USDCAD|SHORT|12,USDCAD,SHORT,target,2022-01-13T15:33:00.000Z,2022-01-13T16:31:00.000Z,2022-01-10T00:00:00.000Z,1,0,0,0.112676,0.817388,-0.06,0.000403,0.757791,-0.09942,0.112676,4,5,0.040278,0.2,,D835DADA711C71BCDABAA59EA8C9723D1716D292B1D33B6ADE5F5D1AA8351A3E
RAW_GRID_T100_S020_GATE90_RAW_BOTH,raw_both,RAW_GRID_T100_S020_GATE90_RAW_BOTH|USDCAD|SHORT|13,USDCAD,SHORT,session_flatten,2022-01-13T17:16:00.000Z,2022-01-13T21:00:00.000Z,2022-01-10T00:00:00.000Z,1,0,0,-0.292652,-2.116764,-0.06,0.001556,-2.175208,-0.292652,0.098288,5,,0.155556,0.2,,8708F13BE1C4F2CD19AF34DD0F1792D0B5F5D5A31C4E589FABAA6E529331170E
RAW_GRID_T100_S020_GATE90_RAW_BOTH,raw_both,RAW_GRID_T100_S020_GATE90_RAW_BOTH|USDCAD|SHORT|14,USDCAD,SHORT,target,2022-01-13T23:05:00.000Z,2022-01-14T03:22:00.000Z,2022-01-10T00:00:00.000Z,1,0,0,0.07057,0.511777,-0.06,0.001785,0.453562,-0.152167,0.07057,5,6,0.178472,0.2,,85581D86B4E8C73F349884D2F9F41C6E3109B39943018C672AF3DFC8F00C11F3
RAW_GRID_T100_S020_GATE90_RAW_BOTH,raw_both,RAW_GRID_T100_S020_GATE90_RAW_BOTH|USDCAD|LONG|15,USDCAD,LONG,target,2022-01-14T04:27:00.000Z,2022-01-14T12:05:00.000Z,2022-01-10T00:00:00.000Z,2,1,0,0.158129,1.144452,-0.12,-0.042475,0.981977,-0.37216,0.158129,5,6,0.318056,0.2,,F3F17A9A595DED24C66921DBBAE5E68AE4FDD8764CEF494A377FCB759A022483
RAW_GRID_T100_S020_GATE90_RAW_BOTH,raw_both,RAW_GRID_T100_S020_GATE90_RAW_BOTH|USDCAD|SHORT|16,USDCAD,SHORT,target,2022-01-14T12:20:00.000Z,2022-01-14T14:59:00.000Z,2022-01-10T00:00:00.000Z,2,1,0,0.092429,0.67149,-0.12,0.001694,0.553184,-0.474249,0.180627,6,7,0.110417,0.2,,680BE6E5B4AA7C38D7C45570BD1343B8BC1B5521A7959ABB2EB96684E452919F
RAW_GRID_T100_S020_GATE90_RAW_BOTH,raw_both,RAW_GRID_T100_S020_GATE90_RAW_BOTH|USDCAD|SHORT|17,USDCAD,SHORT,target,2022-01-14T15:02:00.000Z,2022-01-14T15:12:00.000Z,2022-01-10T00:00:00.000Z,1,0,0,0.114584,0.831237,-0.06,0.000069,0.771307,-0.103565,0.114584,7,8,0.006944,0.2,,4CC31F9F8DB70AA5B63CBA6446E3BB55CE8133BDCF9A41CBB6C51F475DD62BD2
RAW_GRID_T100_S020_GATE90_RAW_BOTH,raw_both,RAW_GRID_T100_S020_GATE90_RAW_BOTH|USDCHF|SHORT|1,USDCHF,SHORT,target,2022-01-10T13:43:00.000Z,2022-01-10T16:25:00.000Z,2022-01-10T00:00:00.000Z,2,1,0,0.078197,0.497349,-0.12,0.002035,0.379384,-0.545003,0.115657,0,1,0.1125,0.2,,B916653730B3D532FF5F203230A79C5FF880BB52792F449DDA3CA673A4ACFA96
RAW_GRID_T100_S020_GATE90_RAW_BOTH,raw_both,RAW_GRID_T100_S020_GATE90_RAW_BOTH|USDCHF|SHORT|2,USDCHF,SHORT,session_flatten,2022-01-10T17:51:00.000Z,2022-01-10T21:00:00.000Z,2022-01-10T00:00:00.000Z,2,1,0,-0.14975,-0.949177,-0.12,0.002215,-1.066962,-0.285742,0.06294,1,,0.13125,0.2,,5E54018A62AC6AA1841A02B474B4934F34B12EC26F3B78E1998D100EA341AD85
RAW_GRID_T100_S020_GATE90_RAW_BOTH,raw_both,RAW_GRID_T100_S020_GATE90_RAW_BOTH|USDCHF|SHORT|3,USDCHF,SHORT,target,2022-01-10T23:12:00.000Z,2022-01-11T02:26:00.000Z,2022-01-10T00:00:00.000Z,1,0,0,0.144412,0.917597,-0.06,0.001347,0.858944,-0.025485,0.144412,1,2,0.134722,0.2,,FE57361279BD2FB27B6254F76574A2191ABF93EB59DE0908170E368A34043477
RAW_GRID_T100_S020_GATE90_RAW_BOTH,raw_both,RAW_GRID_T100_S020_GATE90_RAW_BOTH|USDCHF|LONG|4,USDCHF,LONG,target,2022-01-11T07:12:00.000Z,2022-01-11T09:38:00.000Z,2022-01-10T00:00:00.000Z,2,1,0,0.25556,1.620188,-0.12,-0.010698,1.489489,-0.285945,0.25556,0,1,0.101389,0.2,,7F9D96F2CFD13DDBE2A824091697CB29E95F8685A0414F48EC953876C4FE1078
RAW_GRID_T100_S020_GATE90_RAW_BOTH,raw_both,RAW_GRID_T100_S020_GATE90_RAW_BOTH|USDCHF|SHORT|5,USDCHF,SHORT,target,2022-01-11T09:57:00.000Z,2022-01-11T15:02:00.000Z,2022-01-10T00:00:00.000Z,2,1,0,0.246219,1.565332,-0.12,0.002229,1.447561,-0.266944,0.246219,2,3,0.211806,0.2,,A1AB676A1BE4A37BEA49BE2AD8A677CDCB1CC17052F0A45E01952428DC4D7608
RAW_GRID_T100_S020_GATE90_RAW_BOTH,raw_both,RAW_GRID_T100_S020_GATE90_RAW_BOTH|USDCHF|LONG|6,USDCHF,LONG,session_flatten,2022-01-11T15:07:00.000Z,2022-01-11T21:00:00.000Z,2022-01-10T00:00:00.000Z,2,1,0,-0.410287,-2.609017,-0.12,-0.041074,-2.770091,-0.553348,0.110622,1,,0.245139,0.2,,310CA86D9D3C431D57DB7438329150843918811107CBE480906579F4DA755874
RAW_GRID_T100_S020_GATE90_RAW_BOTH,raw_both,RAW_GRID_T100_S020_GATE90_RAW_BOTH|USDCHF|LONG|7,USDCHF,LONG,target,2022-01-11T23:10:00.000Z,2022-01-12T08:02:00.000Z,2022-01-10T00:00:00.000Z,1,0,0,0.158635,1.006035,-0.06,-0.033878,0.912157,-0.056291,0.160341,1,2,0.369444,0.2,,CBD87B682145295AF1762A7574E7E9ECAED41090115857DF7741E2C6BC58FA24
RAW_GRID_T100_S020_GATE90_RAW_BOTH,raw_both,RAW_GRID_T100_S020_GATE90_RAW_BOTH|USDCHF|LONG|8,USDCHF,LONG,target,2022-01-12T08:13:00.000Z,2022-01-12T08:27:00.000Z,2022-01-10T00:00:00.000Z,1,0,0,0.098909,0.627502,-0.06,-0.000892,0.566611,0,0.098909,2,3,0.009722,0.2,,D003AB621C7FC76422FC48931EB81FD5CFE1F9FBFB3D54344A0B8CA915763E9F
RAW_GRID_T100_S020_GATE90_RAW_BOTH,raw_both,RAW_GRID_T100_S020_GATE90_RAW_BOTH|USDCHF|LONG|9,USDCHF,LONG,session_flatten,2022-01-12T08:38:00.000Z,2022-01-12T21:00:00.000Z,2022-01-10T00:00:00.000Z,10,9,0,-7.396399,-47.304816,-0.6,-0.266885,-48.171701,-8.854697,0.274933,3,,0.515278,0.2,,56C703346E0525D29372477429C31AAABA295941DAAE415F7283DF2B4BE216AD
RAW_GRID_T100_S020_GATE90_RAW_BOTH,raw_both,RAW_GRID_T100_S020_GATE90_RAW_BOTH|USDCHF|LONG|10,USDCHF,LONG,target,2022-01-12T23:30:00.000Z,2022-01-13T00:32:00.000Z,2022-01-10T00:00:00.000Z,1,0,0,0.070663,0.448381,-0.06,-0.003948,0.384433,-0.043088,0.070663,3,4,0.043056,0.2,,3135C782CC41CC6089D1E6B334A8D1D004280DE2B0E7A50B150DDA2BF67CECA3
RAW_GRID_T100_S020_GATE90_RAW_BOTH,raw_both,RAW_GRID_T100_S020_GATE90_RAW_BOTH|USDCHF|SHORT|11,USDCHF,SHORT,target,2022-01-13T06:00:00.000Z,2022-01-13T07:04:00.000Z,2022-01-10T00:00:00.000Z,1,0,0,0.111926,0.711034,-0.06,0.000444,0.651479,-0.006888,0.111926,3,4,0.044444,0.2,,ED0DA838EEA1C8DD6D288281C149E367B257D1B8D99E3D85CA30FA605D40A339
RAW_GRID_T100_S020_GATE90_RAW_BOTH,raw_both,RAW_GRID_T100_S020_GATE90_RAW_BOTH|USDCHF|LONG|12,USDCHF,LONG,target,2022-01-13T07:26:00.000Z,2022-01-13T08:52:00.000Z,2022-01-10T00:00:00.000Z,2,1,0,0.155426,0.985385,-0.12,-0.00987,0.855514,-0.410552,0.155426,4,5,0.059722,0.2,,85779E2991DAFF1A2386B566642A8B24D0268536332F3260EA0C20A2D0D224E2
RAW_GRID_T100_S020_GATE90_RAW_BOTH,raw_both,RAW_GRID_T100_S020_GATE90_RAW_BOTH|USDCHF|SHORT|13,USDCHF,SHORT,target,2022-01-13T08:59:00.000Z,2022-01-13T09:27:00.000Z,2022-01-10T00:00:00.000Z,1,0,0,0.120635,0.766404,-0.06,0.000194,0.706599,-0.117189,0.120635,4,5,0.019444,0.2,,2B4ECB82E787ADB84AD10572CC9E548301C4858AE27CFCCFCB17326C4B4CFF37
RAW_GRID_T100_S020_GATE90_RAW_BOTH,raw_both,RAW_GRID_T100_S020_GATE90_RAW_BOTH|USDCHF|LONG|14,USDCHF,LONG,target,2022-01-13T09:30:00.000Z,2022-01-13T09:31:00.000Z,2022-01-10T00:00:00.000Z,1,0,0,0.138084,0.875819,-0.06,-0.000064,0.815755,0,0.138084,5,6,0.000694,0.2,,B6AFE0DD83801218DFDF3C16A0047BE0B0E71AFC30A2C824F29EBE6029E0D6C3
RAW_GRID_T100_S020_GATE90_RAW_BOTH,raw_both,RAW_GRID_T100_S020_GATE90_RAW_BOTH|USDCHF|LONG|15,USDCHF,LONG,target,2022-01-13T09:38:00.000Z,2022-01-13T10:29:00.000Z,2022-01-10T00:00:00.000Z,1,0,0,0.075937,0.48183,-0.06,-0.003248,0.418582,-0.12081,0.075937,6,7,0.035417,0.2,,9BE1512F158D3C27D8EF61DB244046B540852FEE87D0719B8DD60737C0F3F1CB
RAW_GRID_T100_S020_GATE90_RAW_BOTH,raw_both,RAW_GRID_T100_S020_GATE90_RAW_BOTH|USDCHF|LONG|16,USDCHF,LONG,target,2022-01-13T10:31:00.000Z,2022-01-13T10:41:00.000Z,2022-01-10T00:00:00.000Z,1,0,0,0.122566,0.777469,-0.06,-0.000637,0.716832,0,0.122566,7,8,0.006944,0.2,,F4D228FFB7B4DCD1A862F450D9D3786D5218285CF107BBA113BCF61F795CBBBC
RAW_GRID_T100_S020_GATE90_RAW_BOTH,raw_both,RAW_GRID_T100_S020_GATE90_RAW_BOTH|USDCHF|LONG|17,USDCHF,LONG,target,2022-01-13T11:01:00.000Z,2022-01-13T13:34:00.000Z,2022-01-10T00:00:00.000Z,2,1,0,0.171153,1.085098,-0.12,-0.014264,0.950834,-0.305638,0.178063,8,9,0.10625,0.2,,A91FAA7281FE0CAB7EE66E3F79A6ABB8CD8092638DC3B6FA4D808E2254AC8E62
RAW_GRID_T100_S020_GATE90_RAW_BOTH,raw_both,RAW_GRID_T100_S020_GATE90_RAW_BOTH|USDCHF|LONG|18,USDCHF,LONG,target,2022-01-13T13:37:00.000Z,2022-01-13T15:31:00.000Z,2022-01-10T00:00:00.000Z,3,2,0,0.228931,1.44929,-0.18,-0.01522,1.25407,-0.60165,0.228931,9,10,0.079167,0.2,,5EA449AD823BADCFB327D9024FFF918951B33CE6120E44E3EBCE8AA8A7124CAB
RAW_GRID_T100_S020_GATE90_RAW_BOTH,raw_both,RAW_GRID_T100_S020_GATE90_RAW_BOTH|USDCHF|LONG|19,USDCHF,LONG,target,2022-01-13T16:09:00.000Z,2022-01-13T16:11:00.000Z,2022-01-10T00:00:00.000Z,1,0,0,0.119456,0.757759,-0.06,-0.000127,0.697631,-0.010387,0.119456,10,11,0.001389,0.2,,06B4AF326431959DF9B82050E6F736CD2C09059244A7037F70CD14D4EBAD9ACC
RAW_GRID_T100_S020_GATE90_RAW_BOTH,raw_both,RAW_GRID_T100_S020_GATE90_RAW_BOTH|USDCHF|LONG|20,USDCHF,LONG,target,2022-01-13T16:27:00.000Z,2022-01-13T16:54:00.000Z,2022-01-10T00:00:00.000Z,1,0,0,0.110816,0.70299,-0.06,-0.001719,0.64127,-0.022509,0.110816,11,12,0.01875,0.2,,C7B472CAE5C05997B23B5D92A2999A2C04579E00AC69959D277C9C70A4E1EDF0
RAW_GRID_T100_S020_GATE90_RAW_BOTH,raw_both,RAW_GRID_T100_S020_GATE90_RAW_BOTH|USDCHF|SHORT|21,USDCHF,SHORT,session_flatten,2022-01-13T18:39:00.000Z,2022-01-13T21:00:00.000Z,2022-01-10T00:00:00.000Z,1,0,0,-0.076084,-0.48276,-0.06,0.000979,-0.541781,-0.076084,0.083,5,,0.097917,0.2,,92F5FDD0DE16522ACF598B83085F7338A40DA40E00D68F9F34C18AAF444E4449
RAW_GRID_T100_S020_GATE90_RAW_BOTH,raw_both,RAW_GRID_T100_S020_GATE90_RAW_BOTH|USDCHF|SHORT|22,USDCHF,SHORT,target,2022-01-13T23:05:00.000Z,2022-01-14T01:46:00.000Z,2022-01-10T00:00:00.000Z,1,0,0,0.098549,0.625999,-0.06,0.001118,0.567117,-0.09682,0.098549,5,6,0.111806,0.2,,7952356D7FF71C2AFF36A3A66A52FC836809BAB6CCEDBDFF23941208261E57AC
RAW_GRID_T100_S020_GATE90_RAW_BOTH,raw_both,RAW_GRID_T100_S020_GATE90_RAW_BOTH|USDCHF|LONG|23,USDCHF,LONG,target,2022-01-14T05:21:00.000Z,2022-01-14T07:11:00.000Z,2022-01-10T00:00:00.000Z,1,0,0,0.107334,0.680916,-0.06,-0.007005,0.613911,-0.079636,0.107334,12,13,0.076389,0.2,,8E528C8B02E72EED0D7425602926B2000BFDB6010C8DA30F4D8778857205A8AC
RAW_GRID_T100_S020_GATE90_RAW_BOTH,raw_both,RAW_GRID_T100_S020_GATE90_RAW_BOTH|USDCHF|LONG|24,USDCHF,LONG,target,2022-01-14T07:38:00.000Z,2022-01-14T07:59:00.000Z,2022-01-10T00:00:00.000Z,1,0,0,0.103874,0.65898,-0.06,-0.001337,0.597642,-0.065787,0.103874,13,14,0.014583,0.2,,092B95592C663A604B652BE377D4B1EEA595A13AC846F95215874DC4C5CCC58C
RAW_GRID_T100_S020_GATE90_RAW_BOTH,raw_both,RAW_GRID_T100_S020_GATE90_RAW_BOTH|USDCHF|LONG|25,USDCHF,LONG,target,2022-01-14T08:06:00.000Z,2022-01-14T08:33:00.000Z,2022-01-10T00:00:00.000Z,1,0,0,0.1212,0.768812,-0.06,-0.001719,0.707092,-0.041554,0.1212,14,15,0.01875,0.2,,E6D5C553CE4A01539F7A9C406B11BBD28937512AC5F5DC504BBD433A39E5F76C
RAW_GRID_T100_S020_GATE90_RAW_BOTH,raw_both,RAW_GRID_T100_S020_GATE90_RAW_BOTH|USDCHF|LONG|26,USDCHF,LONG,target,2022-01-14T08:53:00.000Z,2022-01-14T09:12:00.000Z,2022-01-10T00:00:00.000Z,1,0,0,0.129868,0.823752,-0.06,-0.00121,0.762542,0,0.129868,15,16,0.013194,0.2,,7947BAE15F1D27CB3EC2FFBA918C087581148CB9A7A3CC8304E73FB4B3E237E4
RAW_GRID_T100_S020_GATE90_RAW_BOTH,raw_both,RAW_GRID_T100_S020_GATE90_RAW_BOTH|USDCHF|LONG|27,USDCHF,LONG,target,2022-01-14T09:35:00.000Z,2022-01-14T09:42:00.000Z,2022-01-10T00:00:00.000Z,1,0,0,0.110821,0.70302,-0.06,-0.000446,0.642575,-0.006925,0.110821,16,17,0.004861,0.2,,DB89F9ABFD7EBB1DE653DB608A55253BB62FA0C60349BFDDBBE79BDCB4CEFD89
RAW_GRID_T100_S020_GATE90_RAW_BOTH,raw_both,RAW_GRID_T100_S020_GATE90_RAW_BOTH|USDCHF|SHORT|28,USDCHF,SHORT,target,2022-01-14T10:00:00.000Z,2022-01-14T13:31:00.000Z,2022-01-10T00:00:00.000Z,1,0,0,0.046692,0.296498,-0.06,0.001465,0.237963,-0.169472,0.046692,6,7,0.146528,0.2,,3DD7B2CD840ED3B9F97D996A4DDBCCFCBE2B441067DE7CBC40535170EDF303CA
RAW_GRID_T100_S020_GATE90_RAW_BOTH,raw_both,RAW_GRID_T100_S020_GATE90_RAW_BOTH|USDCHF|SHORT|29,USDCHF,SHORT,target,2022-01-14T13:33:00.000Z,2022-01-14T13:38:00.000Z,2022-01-10T00:00:00.000Z,1,0,0,0.105432,0.669754,-0.06,0.000035,0.609788,-0.081235,0.105432,7,8,0.003472,0.2,,ED90FE2519085DB7636C7D1CE16EB2303E23F235174CB53E0BE3AAF8563951D6
RAW_GRID_T100_S020_GATE90_RAW_BOTH,raw_both,RAW_GRID_T100_S020_GATE90_RAW_BOTH|USDCHF|LONG|30,USDCHF,LONG,target,2022-01-14T13:42:00.000Z,2022-01-14T13:45:00.000Z,2022-01-10T00:00:00.000Z,1,0,0,0.134997,0.856257,-0.06,-0.000191,0.796066,0,0.134997,17,18,0.002083,0.2,,CC6E83771D99AC669A23902F79D42671DC7B6E32072D8285ABE0BDBE6BBF24EB
RAW_GRID_T100_S020_GATE90_RAW_BOTH,raw_both,RAW_GRID_T100_S020_GATE90_RAW_BOTH|USDCHF|SHORT|31,USDCHF,SHORT,target,2022-01-14T13:50:00.000Z,2022-01-14T14:05:00.000Z,2022-01-10T00:00:00.000Z,1,0,0,0.114061,0.724608,-0.06,0.000104,0.664712,-0.020739,0.114061,8,9,0.010417,0.2,,380389B6138CBDF4CAC6E874F48DFAB0D38247C5DB56C8502352DEDBA78D0B56
RAW_GRID_T100_S020_GATE90_RAW_BOTH,raw_both,RAW_GRID_T100_S020_GATE90_RAW_BOTH|USDCHF|LONG|32,USDCHF,LONG,target,2022-01-14T14:15:00.000Z,2022-01-14T14:22:00.000Z,2022-01-10T00:00:00.000Z,1,0,0,0.119404,0.757426,-0.06,-0.000446,0.69698,-0.010383,0.119404,18,19,0.004861,0.2,,CA9AA007D69FD27E704AAC952E7D7EF4A7EE05EC7238DDE1775A423BF4F9456B
RAW_GRID_T100_S020_GATE90_RAW_BOTH,raw_both,RAW_GRID_T100_S020_GATE90_RAW_BOTH|USDCHF|SHORT|33,USDCHF,SHORT,target,2022-01-14T14:28:00.000Z,2022-01-14T14:43:00.000Z,2022-01-10T00:00:00.000Z,1,0,0,0.107132,0.680557,-0.06,0.000104,0.620661,-0.095036,0.107132,9,10,0.010417,0.2,,93E214F7983266B227B9454DA87BFBEE96C87BD9F9231E8D4BB705E709553E20
RAW_GRID_T100_S020_GATE90_RAW_BOTH,raw_both,RAW_GRID_T100_S020_GATE90_RAW_BOTH|USDCHF|SHORT|34,USDCHF,SHORT,target,2022-01-14T14:49:00.000Z,2022-01-14T14:51:00.000Z,2022-01-10T00:00:00.000Z,1,0,0,0.107124,0.680506,-0.06,0.000014,0.62052,0,0.107124,10,11,0.001389,0.2,,01659F93EDB090702E72BD2C727A42F8C111670C45EA1184DF75DDD1EA0FECAD
RAW_GRID_T100_S020_GATE90_RAW_BOTH,raw_both,RAW_GRID_T100_S020_GATE90_RAW_BOTH|USDJPY|LONG|1,USDJPY,LONG,target,2022-01-10T12:46:00.000Z,2022-01-10T13:34:00.000Z,2022-01-10T00:00:00.000Z,2,1,0,0.388632,1.698998,-0.12,-0.004776,1.574222,-0.20607,0.388632,0,1,0.033333,0.2,,8D356E59554CA6DB33037F24BDBBBB2B53230794194F6DDDF184126241D41AEF
RAW_GRID_T100_S020_GATE90_RAW_BOTH,raw_both,RAW_GRID_T100_S020_GATE90_RAW_BOTH|USDJPY|SHORT|2,USDJPY,SHORT,target,2022-01-10T13:52:00.000Z,2022-01-10T14:35:00.000Z,2022-01-10T00:00:00.000Z,1,0,0,0.174216,0.763041,-0.06,0.000299,0.70334,-0.087108,0.174216,0,1,0.029861,0.2,,750940DF830FDCC4D01BEC196D0A9505E352D69CD66E27C9A8D7B85C4A8358B3
RAW_GRID_T100_S020_GATE90_RAW_BOTH,raw_both,RAW_GRID_T100_S020_GATE90_RAW_BOTH|USDJPY|LONG|3,USDJPY,LONG,target,2022-01-10T14:37:00.000Z,2022-01-10T14:56:00.000Z,2022-01-10T00:00:00.000Z,1,0,0,0.095137,0.416195,-0.06,-0.00121,0.354985,-0.079282,0.095137,1,2,0.013194,0.2,,C92F9FAC21D8F9BD523BADAB359894416BEB99F413A431D9771F08227638B3BB
RAW_GRID_T100_S020_GATE90_RAW_BOTH,raw_both,RAW_GRID_T100_S020_GATE90_RAW_BOTH|USDJPY|SHORT|4,USDJPY,SHORT,target,2022-01-10T15:17:00.000Z,2022-01-10T15:27:00.000Z,2022-01-10T00:00:00.000Z,1,0,0,0.106946,0.468267,-0.06,0.000069,0.408337,-0.023766,0.106946,1,2,0.006944,0.2,,E1F289EEA34BF71DF04E4D558B8AF9D3668F45C42919548F73D79A337C305BAC
RAW_GRID_T100_S020_GATE90_RAW_BOTH,raw_both,RAW_GRID_T100_S020_GATE90_RAW_BOTH|USDJPY|LONG|5,USDJPY,LONG,target,2022-01-10T15:40:00.000Z,2022-01-10T18:45:00.000Z,2022-01-10T00:00:00.000Z,3,2,0,0.186888,0.816028,-0.18,-0.033241,0.602786,-0.705966,0.186888,2,3,0.128472,0.2,,F49A019159501CEA9C2E8C3EFE664ABC8856AA6FFE65DFB6A9064995E45E26F2
RAW_GRID_T100_S020_GATE90_RAW_BOTH,raw_both,RAW_GRID_T100_S020_GATE90_RAW_BOTH|USDJPY|SHORT|6,USDJPY,SHORT,target,2022-01-10T18:55:00.000Z,2022-01-10T19:37:00.000Z,2022-01-10T00:00:00.000Z,1,0,0,0.107071,0.468816,-0.06,0.000292,0.409108,-0.025777,0.107071,2,3,0.029167,0.2,,33BD8B29E27215FC30EF5B97CFCD3C6586F387F1803AB55432A97814F6E25B4E
RAW_GRID_T100_S020_GATE90_RAW_BOTH,raw_both,RAW_GRID_T100_S020_GATE90_RAW_BOTH|USDJPY|SHORT|7,USDJPY,SHORT,session_flatten,2022-01-10T20:03:00.000Z,2022-01-10T21:00:00.000Z,2022-01-10T00:00:00.000Z,1,0,0,0,0,-0.06,0.000396,-0.059604,-0.033708,0.077332,3,,0.039583,0.2,,C96C353C547CBE8D9DDA5375B00A6344C112F547BF43A2C222A88DB1EBB08E92
RAW_GRID_T100_S020_GATE90_RAW_BOTH,raw_both,RAW_GRID_T100_S020_GATE90_RAW_BOTH|USDJPY|SHORT|8,USDJPY,SHORT,target,2022-01-10T23:09:00.000Z,2022-01-11T00:23:00.000Z,2022-01-10T00:00:00.000Z,1,0,0,0.124917,0.546998,-0.06,0.000514,0.487512,-0.132848,0.124917,3,4,0.051389,0.2,,38801FE287DE29B1EE93E8AD8E817A61AFA3522D86658F1CFF12ADCDEFA05142
RAW_GRID_T100_S020_GATE90_RAW_BOTH,raw_both,RAW_GRID_T100_S020_GATE90_RAW_BOTH|USDJPY|SHORT|9,USDJPY,SHORT,target,2022-01-11T00:45:00.000Z,2022-01-11T04:56:00.000Z,2022-01-10T00:00:00.000Z,2,1,0,0.138636,0.607316,-0.12,0.003104,0.49042,-0.360773,0.138636,4,5,0.174306,0.2,,79DDDF3E2D3501870EA83A492610B6981D1E960E93A5434965EC63A303AB9631
RAW_GRID_T100_S020_GATE90_RAW_BOTH,raw_both,RAW_GRID_T100_S020_GATE90_RAW_BOTH|USDJPY|LONG|10,USDJPY,LONG,target,2022-01-11T06:10:00.000Z,2022-01-11T07:54:00.000Z,2022-01-10T00:00:00.000Z,1,0,0,0.097178,0.425118,-0.06,-0.006623,0.358495,-0.17254,0.097178,3,4,0.072222,0.2,,E8E1F240D07CA9086D0B333CB33FBE1F7A4D363826056845F06C7ACB7C8DC77A
RAW_GRID_T100_S020_GATE90_RAW_BOTH,raw_both,RAW_GRID_T100_S020_GATE90_RAW_BOTH|USDJPY|SHORT|11,USDJPY,SHORT,target,2022-01-11T08:14:00.000Z,2022-01-11T08:19:00.000Z,2022-01-10T00:00:00.000Z,1,0,0,0.107013,0.468564,-0.06,0.000035,0.408599,0,0.107013,5,6,0.003472,0.2,,A06D8C6A602DACAC8243060CD1361EFA7852D396557300A7B7DD14E59C4CC2FB
RAW_GRID_T100_S020_GATE90_RAW_BOTH,raw_both,RAW_GRID_T100_S020_GATE90_RAW_BOTH|USDJPY|LONG|13,USDJPY,LONG,target,2022-01-11T15:07:00.000Z,2022-01-11T15:12:00.000Z,2022-01-10T00:00:00.000Z,1,0,0,0.116739,0.510649,-0.06,-0.000318,0.450331,0,0.116739,4,5,0.003472,0.2,,C000C97E4E23BBBEDE4EAD777786136576E31B29987DB11C1EE8AEBBE002FB78
RAW_GRID_T100_S020_GATE90_RAW_BOTH,raw_both,RAW_GRID_T100_S020_GATE90_RAW_BOTH|USDJPY|SHORT|12,USDJPY,SHORT,target,2022-01-11T08:52:00.000Z,2022-01-11T15:26:00.000Z,2022-01-10T00:00:00.000Z,4,3,0,0.068276,0.303132,-0.24,0.007153,0.070284,-1.665137,0.231628,6,7,0.273611,0.2,,B245D66197C6A5CE69F0115911D72087BCE447E02B8C97ADF6607845336CA458
RAW_GRID_T100_S020_GATE90_RAW_BOTH,raw_both,RAW_GRID_T100_S020_GATE90_RAW_BOTH|USDJPY|LONG|14,USDJPY,LONG,target,2022-01-11T15:25:00.000Z,2022-01-11T17:21:00.000Z,2022-01-10T00:00:00.000Z,2,1,0,0.205977,0.900599,-0.12,-0.011654,0.768945,-0.28495,0.205977,5,6,0.080556,0.2,,E5D2CA7FDFBEAD6E11207B269BF6F7F048E4F0E4FBDD4727F7C763CE620ACB64
RAW_GRID_T100_S020_GATE90_RAW_BOTH,raw_both,RAW_GRID_T100_S020_GATE90_RAW_BOTH|USDJPY|LONG|15,USDJPY,LONG,session_flatten,2022-01-11T18:06:00.000Z,2022-01-11T21:00:00.000Z,2022-01-10T00:00:00.000Z,2,1,0,-0.271262,-1.188301,-0.12,-0.012927,-1.321229,-0.338606,0.077212,6,,0.120833,0.2,,FE50930BE2B6994D374037DF22AB4155CE1C4453F2E66CF5A3A5FC42BFBE67E5
RAW_GRID_T100_S020_GATE90_RAW_BOTH,raw_both,RAW_GRID_T100_S020_GATE90_RAW_BOTH|USDJPY|LONG|16,USDJPY,LONG,target,2022-01-11T23:05:00.000Z,2022-01-12T02:22:00.000Z,2022-01-10T00:00:00.000Z,1,0,0,0.049537,0.216753,-0.06,-0.012545,0.144208,-0.162482,0.083222,6,7,0.136806,0.2,,A0968A42BD6065D925B8436C9216497506310833048185E80A125F2CFFB218FD
RAW_GRID_T100_S020_GATE90_RAW_BOTH,raw_both,RAW_GRID_T100_S020_GATE90_RAW_BOTH|USDJPY|SHORT|17,USDJPY,SHORT,target,2022-01-12T02:24:00.000Z,2022-01-12T03:02:00.000Z,2022-01-10T00:00:00.000Z,1,0,0,0.110896,0.485571,-0.06,0.000264,0.425835,-0.031684,0.110896,7,8,0.026389,0.2,,0BF439D2BF48D55C698AEEE77E31C564A105C6E0919942D01DAACBDC185960D4
RAW_GRID_T100_S020_GATE90_RAW_BOTH,raw_both,RAW_GRID_T100_S020_GATE90_RAW_BOTH|USDJPY|SHORT|18,USDJPY,SHORT,target,2022-01-12T04:01:00.000Z,2022-01-12T05:32:00.000Z,2022-01-10T00:00:00.000Z,1,0,0,0.097035,0.424856,-0.06,0.000632,0.365488,-0.043567,0.097035,8,9,0.063194,0.2,,F2FE2B6EAF2FAD152A687CE4B03DBEFB1B8B6923A4BFC36F03D9A0DE0E944F9C
RAW_GRID_T100_S020_GATE90_RAW_BOTH,raw_both,RAW_GRID_T100_S020_GATE90_RAW_BOTH|USDJPY|SHORT|19,USDJPY,SHORT,target,2022-01-12T07:26:00.000Z,2022-01-12T09:02:00.000Z,2022-01-10T00:00:00.000Z,1,0,0,0.100992,0.442188,-0.06,0.000667,0.382855,-0.122776,0.100992,9,10,0.066667,0.2,,CD3B6FAF468BF0808010934689A8CA3F40D6B9B9B2F4163E7D45EC704A130FED
RAW_GRID_T100_S020_GATE90_RAW_BOTH,raw_both,RAW_GRID_T100_S020_GATE90_RAW_BOTH|USDJPY|LONG|20,USDJPY,LONG,target,2022-01-12T09:20:00.000Z,2022-01-12T09:45:00.000Z,2022-01-10T00:00:00.000Z,1,0,0,0.126839,0.554805,-0.06,-0.001592,0.493213,0,0.126839,7,8,0.017361,0.2,,0D2EF7207E2CC687D95C28268AFEC9F242D701CDEFC7B552BA9014405086D967
RAW_GRID_T100_S020_GATE90_RAW_BOTH,raw_both,RAW_GRID_T100_S020_GATE90_RAW_BOTH|USDJPY|SHORT|21,USDJPY,SHORT,target,2022-01-12T10:44:00.000Z,2022-01-12T12:02:00.000Z,2022-01-10T00:00:00.000Z,1,0,0,0.093059,0.407439,-0.06,0.000542,0.347981,-0.126718,0.093059,10,11,0.054167,0.2,,60B54A727651FAC69A2AF140D6F4555FDBB389DF5C7CF17B91D015AFBE7152C1
RAW_GRID_T100_S020_GATE90_RAW_BOTH,raw_both,RAW_GRID_T100_S020_GATE90_RAW_BOTH|USDJPY|SHORT|22,USDJPY,SHORT,target,2022-01-12T12:45:00.000Z,2022-01-12T13:31:00.000Z,2022-01-10T00:00:00.000Z,1,0,0,0.142531,0.624178,-0.06,0.000319,0.564498,-0.04355,0.142531,11,12,0.031944,0.2,,2EBA1B6076D6596C875C62CA016E823FF267DEFDF8BCFCF46B8A732EACFAF5E1
RAW_GRID_T100_S020_GATE90_RAW_BOTH,raw_both,RAW_GRID_T100_S020_GATE90_RAW_BOTH|USDJPY|SHORT|23,USDJPY,SHORT,target,2022-01-12T13:31:00.000Z,2022-01-12T13:37:00.000Z,2022-01-10T00:00:00.000Z,1,0,0,0.304692,1.335267,-0.06,0.000042,1.275309,0,0.304692,12,13,0.004167,0.2,,9E6BC319493896847A9AC0A7B399BB8C5BD1E3EF658ACA5E772804978A2F064C
RAW_GRID_T100_S020_GATE90_RAW_BOTH,raw_both,RAW_GRID_T100_S020_GATE90_RAW_BOTH|USDJPY|LONG|24,USDJPY,LONG,target,2022-01-12T13:39:00.000Z,2022-01-12T14:13:00.000Z,2022-01-10T00:00:00.000Z,2,1,0,0.343277,1.500278,-0.12,-0.004203,1.376075,-0.441993,0.343277,8,9,0.023611,0.2,,2BBAEEBA5490238112EA16DD2FF223CA158B2C786936EEACE9B8B200B2900797
RAW_GRID_T100_S020_GATE90_RAW_BOTH,raw_both,RAW_GRID_T100_S020_GATE90_RAW_BOTH|USDJPY|LONG|25,USDJPY,LONG,session_flatten,2022-01-12T14:19:00.000Z,2022-01-12T21:00:00.000Z,2022-01-10T00:00:00.000Z,9,8,0,-5.252671,-23.095188,-0.54,-0.163404,-23.798592,-7.831743,0.049572,9,,0.278472,0.2,,C2A8527336651EF7228C9BDE4672EF4428A6CF8CAC434D42118F699FE23B18AD
RAW_GRID_T100_S020_GATE90_RAW_BOTH,raw_both,RAW_GRID_T100_S020_GATE90_RAW_BOTH|USDJPY|SHORT|26,USDJPY,SHORT,target,2022-01-12T23:05:00.000Z,2022-01-13T01:20:00.000Z,2022-01-10T00:00:00.000Z,1,0,0,0.143481,0.62834,-0.06,0.000938,0.569277,-0.091668,0.17138,13,14,0.09375,0.2,,EFFB646C58071CA5451AC7BFA3BE63C0F14BD2DC2431F42BC61D85B744761F71
RAW_GRID_T100_S020_GATE90_RAW_BOTH,raw_both,RAW_GRID_T100_S020_GATE90_RAW_BOTH|USDJPY|LONG|27,USDJPY,LONG,target,2022-01-13T01:35:00.000Z,2022-01-13T01:56:00.000Z,2022-01-10T00:00:00.000Z,1,0,0,0.109712,0.479924,-0.06,-0.001337,0.418587,-0.095748,0.109712,9,10,0.014583,0.2,,A31C0E3BF45CE940BBD1B9EFF9BFCEDD7D7A4DC333E281C228F037B6AEE5A762
RAW_GRID_T100_S020_GATE90_RAW_BOTH,raw_both,RAW_GRID_T100_S020_GATE90_RAW_BOTH|USDJPY|SHORT|28,USDJPY,SHORT,target,2022-01-13T02:39:00.000Z,2022-01-13T03:03:00.000Z,2022-01-10T00:00:00.000Z,1,0,0,0.131526,0.575955,-0.06,0.000167,0.516122,0,0.131526,14,15,0.016667,0.2,,89EA285EE2B702AE02BF009B45769C8C01ADC9C086A4B2ACBF6356FBBC3F438B
RAW_GRID_T100_S020_GATE90_RAW_BOTH,raw_both,RAW_GRID_T100_S020_GATE90_RAW_BOTH|USDJPY|LONG|29,USDJPY,LONG,target,2022-01-13T03:16:00.000Z,2022-01-13T04:16:00.000Z,2022-01-10T00:00:00.000Z,1,0,0,0.113705,0.497383,-0.06,-0.003821,0.433562,-0.037902,0.113705,10,11,0.041667,0.2,,475670307DE236D931CCF9E24A2A45125AD6995B46560B7FB048954D337A7E54
RAW_GRID_T100_S020_GATE90_RAW_BOTH,raw_both,RAW_GRID_T100_S020_GATE90_RAW_BOTH|USDJPY|LONG|30,USDJPY,LONG,target,2022-01-13T05:15:00.000Z,2022-01-13T06:02:00.000Z,2022-01-10T00:00:00.000Z,1,0,0,0.087773,0.383993,-0.06,-0.002993,0.321,-0.091763,0.087773,11,12,0.032639,0.2,,1BFEFC472127CC9C75A1F542A76E4B068C87EA7EE0EFABDBC413F9A8FC05EB78
RAW_GRID_T100_S020_GATE90_RAW_BOTH,raw_both,RAW_GRID_T100_S020_GATE90_RAW_BOTH|USDJPY|SHORT|31,USDJPY,SHORT,target,2022-01-13T06:16:00.000Z,2022-01-13T07:08:00.000Z,2022-01-10T00:00:00.000Z,1,0,0,0.105639,0.462543,-0.06,0.000361,0.402904,-0.025912,0.105639,15,16,0.036111,0.2,,7A32AF53DBA038AACB9BF893FC9F1A70EE795C753CB6231C252F1284322597EC
RAW_GRID_T100_S020_GATE90_RAW_BOTH,raw_both,RAW_GRID_T100_S020_GATE90_RAW_BOTH|USDJPY|LONG|32,USDJPY,LONG,target,2022-01-13T07:24:00.000Z,2022-01-13T08:58:00.000Z,2022-01-10T00:00:00.000Z,2,1,0,0.109869,0.480322,-0.12,-0.010316,0.350006,-0.464962,0.109869,12,13,0.065278,0.2,,78F3DA9AF63E470520484DF4556C84FA9A9F7DA7EC0CE80D9616F1E9A48FC2EE
RAW_GRID_T100_S020_GATE90_RAW_BOTH,raw_both,RAW_GRID_T100_S020_GATE90_RAW_BOTH|USDJPY|SHORT|33,USDJPY,SHORT,target,2022-01-13T09:10:00.000Z,2022-01-13T09:52:00.000Z,2022-01-10T00:00:00.000Z,1,0,0,0.113695,0.497835,-0.06,0.000292,0.438126,-0.08577,0.113695,16,17,0.029167,0.2,,66ABD97AF82B691238A3AEF70E47203979568650D818B9D70C371150D1A199EF
RAW_GRID_T100_S020_GATE90_RAW_BOTH,raw_both,RAW_GRID_T100_S020_GATE90_RAW_BOTH|USDJPY|SHORT|34,USDJPY,SHORT,target,2022-01-13T10:41:00.000Z,2022-01-13T11:01:00.000Z,2022-01-10T00:00:00.000Z,1,0,0,0.139603,0.611347,-0.06,0.000139,0.551486,-0.003988,0.139603,17,18,0.013889,0.2,,0215BFB7A80A952798FDB77F59B9A3FDE4D375297887AF7ACA7B4663AAD4D152
RAW_GRID_T100_S020_GATE90_RAW_BOTH,raw_both,RAW_GRID_T100_S020_GATE90_RAW_BOTH|USDJPY|LONG|35,USDJPY,LONG,target,2022-01-13T11:17:00.000Z,2022-01-13T11:31:00.000Z,2022-01-10T00:00:00.000Z,1,0,0,0.119799,0.524027,-0.06,-0.000892,0.463135,0,0.119799,13,14,0.009722,0.2,,0F493770EE9E297A072568532804E90F07F22552C286C587210141ACFC727462
RAW_GRID_T100_S020_GATE90_RAW_BOTH,raw_both,RAW_GRID_T100_S020_GATE90_RAW_BOTH|USDJPY|LONG|36,USDJPY,LONG,target,2022-01-13T12:17:00.000Z,2022-01-13T13:34:00.000Z,2022-01-10T00:00:00.000Z,3,2,0,0.204299,0.891929,-0.18,-0.009743,0.702186,-0.683086,0.276247,14,15,0.053472,0.2,,2968D1936C8C973A7213CC3CA251A4137B87358E0A223773228C7CC6BEF41FDC
RAW_GRID_T100_S020_GATE90_RAW_BOTH,raw_both,RAW_GRID_T100_S020_GATE90_RAW_BOTH|USDJPY|LONG|37,USDJPY,LONG,target,2022-01-13T13:37:00.000Z,2022-01-13T14:47:00.000Z,2022-01-10T00:00:00.000Z,2,1,0,0.266125,1.163583,-0.12,-0.006814,1.036769,-0.289928,0.266125,15,16,0.048611,0.2,,4E9E3B447201DA3A981E45C51AB5F96E883CC396F9165C1D7B493991C2BB119D
RAW_GRID_T100_S020_GATE90_RAW_BOTH,raw_both,RAW_GRID_T100_S020_GATE90_RAW_BOTH|USDJPY|SHORT|38,USDJPY,SHORT,target,2022-01-13T14:49:00.000Z,2022-01-13T14:51:00.000Z,2022-01-10T00:00:00.000Z,1,0,0,0.131903,0.577609,-0.06,0.000014,0.517622,0,0.131903,18,19,0.001389,0.2,,AE821C064A441C6C4A8154EE7AD6D859D5A9AAC4ACE33E46FBC8BBE7635C9D57
RAW_GRID_T100_S020_GATE90_RAW_BOTH,raw_both,RAW_GRID_T100_S020_GATE90_RAW_BOTH|USDJPY|SHORT|39,USDJPY,SHORT,target,2022-01-13T15:01:00.000Z,2022-01-13T15:07:00.000Z,2022-01-10T00:00:00.000Z,1,0,0,0.129905,0.568855,-0.06,0.000042,0.508897,-0.083938,0.129905,19,20,0.004167,0.2,,9B47B316EB7B25862E64EF1FF485828F5925CCB3E9D8BCC1AEC91649ECF9DEE9
RAW_GRID_T100_S020_GATE90_RAW_BOTH,raw_both,RAW_GRID_T100_S020_GATE90_RAW_BOTH|USDJPY|LONG|40,USDJPY,LONG,target,2022-01-13T15:13:00.000Z,2022-01-13T15:18:00.000Z,2022-01-10T00:00:00.000Z,1,0,0,0.112021,0.49002,-0.06,-0.000318,0.429702,-0.028005,0.112021,16,17,0.003472,0.2,,F156F6892ED1CB63804189E37A73110F5F3E7CE99F021164A81D86A191C9A360
RAW_GRID_T100_S020_GATE90_RAW_BOTH,raw_both,RAW_GRID_T100_S020_GATE90_RAW_BOTH|USDJPY|LONG|41,USDJPY,LONG,target,2022-01-13T15:26:00.000Z,2022-01-13T15:30:00.000Z,2022-01-10T00:00:00.000Z,1,0,0,0.124026,0.542506,-0.06,-0.000255,0.482252,-0.030007,0.124026,17,18,0.002778,0.2,,235A69D6D10ABAB762ED73A26112BD6E933BAF5F5272B850D48A13ECB359F306
RAW_GRID_T100_S020_GATE90_RAW_BOTH,raw_both,RAW_GRID_T100_S020_GATE90_RAW_BOTH|USDJPY|LONG|42,USDJPY,LONG,target,2022-01-13T15:33:00.000Z,2022-01-13T18:44:00.000Z,2022-01-10T00:00:00.000Z,3,2,0,0.236666,1.033721,-0.18,-0.031713,0.822008,-0.682419,0.236666,18,19,0.132639,0.2,,793468D1C99D180EF8EB0DCA56735E615BD7455B9F8363F94F5C35474C3AB876
RAW_GRID_T100_S020_GATE90_RAW_BOTH,raw_both,RAW_GRID_T100_S020_GATE90_RAW_BOTH|USDJPY|LONG|43,USDJPY,LONG,target,2022-01-13T19:33:00.000Z,2022-01-13T20:59:00.000Z,2022-01-10T00:00:00.000Z,1,0,0,0.090119,0.394252,-0.06,-0.005477,0.328775,-0.088117,0.090119,19,20,0.059722,0.2,,6927FADC0191AB9EC1DEE16C62F0737869B71DEB17644A67993AD13AB7DAEA19
RAW_GRID_T100_S020_GATE90_RAW_BOTH,raw_both,RAW_GRID_T100_S020_GATE90_RAW_BOTH|USDJPY|SHORT|44,USDJPY,SHORT,target,2022-01-13T23:05:00.000Z,2022-01-13T23:38:00.000Z,2022-01-10T00:00:00.000Z,1,0,0,0.148074,0.648469,-0.06,0.000229,0.588698,-0.078039,0.148074,20,21,0.022917,0.2,,FA9F19DD202DB98D0BA6D649B02ADB4FBED80D7BC15D023B9C6F0173A5457DDE
RAW_GRID_T100_S020_GATE90_RAW_BOTH,raw_both,RAW_GRID_T100_S020_GATE90_RAW_BOTH|USDJPY|LONG|45,USDJPY,LONG,target,2022-01-14T00:03:00.000Z,2022-01-14T00:10:00.000Z,2022-01-10T00:00:00.000Z,1,0,0,0.148237,0.648338,-0.06,-0.000446,0.587892,-0.022035,0.148237,20,21,0.004861,0.2,,5031B82299C558A55BE9AB7B25F008DE770132D3C5BFE12095D107949F757EFF
RAW_GRID_T100_S020_GATE90_RAW_BOTH,raw_both,RAW_GRID_T100_S020_GATE90_RAW_BOTH|USDJPY|LONG|46,USDJPY,LONG,target,2022-01-14T00:51:00.000Z,2022-01-14T00:56:00.000Z,2022-01-10T00:00:00.000Z,2,1,0,0.430993,1.884027,-0.12,-0.000318,1.763709,-0.214344,0.430993,21,22,0.003472,0.2,,EE93F4EA69B84B7B9058805A8AA28196B30757D723CF7BC9298B20AD54BAF29F
RAW_GRID_T100_S020_GATE90_RAW_BOTH,raw_both,RAW_GRID_T100_S020_GATE90_RAW_BOTH|USDJPY|LONG|47,USDJPY,LONG,target,2022-01-14T00:56:00.000Z,2022-01-14T04:14:00.000Z,2022-01-10T00:00:00.000Z,4,3,0,0.157516,0.685201,-0.24,-0.035215,0.409986,-1.440499,0.441423,22,23,0.1375,0.2,,D6504C1672C9F89CECCACB9254C56DA61D3EF659C56C231233FFBCC9338B33A6
RAW_GRID_T100_S020_GATE90_RAW_BOTH,raw_both,RAW_GRID_T100_S020_GATE90_RAW_BOTH|USDJPY|LONG|48,USDJPY,LONG,target,2022-01-14T04:19:00.000Z,2022-01-14T04:26:00.000Z,2022-01-10T00:00:00.000Z,1,0,0,0.120515,0.527158,-0.06,-0.000446,0.466712,0,0.120515,23,24,0.004861,0.2,,4CF846584816E36E6DC572ABE4552D62A4618BD2B999C7D8C55043B33AA6784E
RAW_GRID_T100_S020_GATE90_RAW_BOTH,raw_both,RAW_GRID_T100_S020_GATE90_RAW_BOTH|USDJPY|LONG|49,USDJPY,LONG,target,2022-01-14T04:40:00.000Z,2022-01-14T06:02:00.000Z,2022-01-10T00:00:00.000Z,2,1,0,0.239231,1.045973,-0.12,-0.007642,0.918332,-0.222938,0.239231,24,25,0.056944,0.2,,477A0313F0C779769133685EFA2A81A390A498EA27234EC07BE158F5C4F77058
RAW_GRID_T100_S020_GATE90_RAW_BOTH,raw_both,RAW_GRID_T100_S020_GATE90_RAW_BOTH|USDJPY|LONG|50,USDJPY,LONG,target,2022-01-14T06:08:00.000Z,2022-01-14T06:16:00.000Z,2022-01-10T00:00:00.000Z,1,0,0,0.114544,0.501051,-0.06,-0.000509,0.440542,0,0.114544,25,26,0.005556,0.2,,6CA5DF40B52861082929A6F186477ED2029A5A0722594A78FFCA399A9750F920
RAW_GRID_T100_S020_GATE90_RAW_BOTH,raw_both,RAW_GRID_T100_S020_GATE90_RAW_BOTH|USDJPY|LONG|51,USDJPY,LONG,target,2022-01-14T06:28:00.000Z,2022-01-14T06:49:00.000Z,2022-01-10T00:00:00.000Z,1,0,0,0.136656,0.597719,-0.06,-0.001337,0.536382,-0.016077,0.136656,26,27,0.014583,0.2,,3D4BE1D980D580852937775EC251B068A59CE5A559CF7D9E4E1745F8A8B036DC
RAW_GRID_T100_S020_GATE90_RAW_BOTH,raw_both,RAW_GRID_T100_S020_GATE90_RAW_BOTH|USDJPY|SHORT|52,USDJPY,SHORT,target,2022-01-14T07:03:00.000Z,2022-01-14T07:29:00.000Z,2022-01-10T00:00:00.000Z,1,0,0,0.132494,0.580198,-0.06,0.000181,0.520379,-0.094352,0.132494,21,22,0.018056,0.2,,D1838D889DF2A0CCE1BDC0EC354320D14FC79382F67C01CF1C6487D524C68373
RAW_GRID_T100_S020_GATE90_RAW_BOTH,raw_both,RAW_GRID_T100_S020_GATE90_RAW_BOTH|USDJPY|SHORT|53,USDJPY,SHORT,target,2022-01-14T08:11:00.000Z,2022-01-14T08:22:00.000Z,2022-01-10T00:00:00.000Z,1,0,0,0.112423,0.492264,-0.06,0.000076,0.43234,0,0.112423,22,23,0.007639,0.2,,4213FCC4C8E9FD0C4ED62852A68C0C3FE6DF6F700F94DDAD4610F2B4DB902AB5
RAW_GRID_T100_S020_GATE90_RAW_BOTH,raw_both,RAW_GRID_T100_S020_GATE90_RAW_BOTH|USDJPY|LONG|54,USDJPY,LONG,target,2022-01-14T08:50:00.000Z,2022-01-14T08:55:00.000Z,2022-01-10T00:00:00.000Z,1,0,0,0.150718,0.659186,-0.06,-0.000318,0.598867,-0.008038,0.150718,27,28,0.003472,0.2,,8910AB9E5C86D78715F2B7E93E9E636B82FEF74681607F0C85E490C3634F2331
RAW_GRID_T100_S020_GATE90_RAW_BOTH,raw_both,RAW_GRID_T100_S020_GATE90_RAW_BOTH|USDJPY|SHORT|55,USDJPY,SHORT,target,2022-01-14T08:57:00.000Z,2022-01-14T12:05:00.000Z,2022-01-10T00:00:00.000Z,2,1,0,0.001914,0.008788,-0.12,0.002389,-0.108823,-0.50778,0.122314,23,24,0.130556,0.2,,FDA91064FA96C7B79B4D3BC9EB413AA62A746731ACA9E1224B5C515278EA712F
RAW_GRID_T100_S020_GATE90_RAW_BOTH,raw_both,RAW_GRID_T100_S020_GATE90_RAW_BOTH|USDJPY|LONG|56,USDJPY,LONG,target,2022-01-14T12:09:00.000Z,2022-01-14T14:26:00.000Z,2022-01-10T00:00:00.000Z,4,3,0,0.278461,1.213935,-0.24,-0.021397,0.952538,-1.313915,0.278461,28,29,0.095139,0.2,,47E320C61A9D4863078B3EFCC733A7C5065A0DE30178227C1A50B8BD64A58EC2
RAW_GRID_T100_S020_GATE90_RAW_BOTH,raw_both,RAW_GRID_T100_S020_GATE90_RAW_BOTH|USDJPY|SHORT|57,USDJPY,SHORT,target,2022-01-14T14:29:00.000Z,2022-01-14T14:36:00.000Z,2022-01-10T00:00:00.000Z,1,0,0,0.148672,0.651088,-0.06,0.000049,0.591136,-0.050227,0.148672,24,25,0.004861,0.2,,CEFE9B91794308018F47CECEAB6F0DE8353473927EBBE64D9DFFE9B7C35CC199
RAW_GRID_T100_S020_GATE90_RAW_BOTH,raw_both,RAW_GRID_T100_S020_GATE90_RAW_BOTH|USDJPY|SHORT|58,USDJPY,SHORT,target,2022-01-14T14:37:00.000Z,2022-01-14T14:51:00.000Z,2022-01-10T00:00:00.000Z,1,0,0,0.11854,0.519059,-0.06,0.000097,0.459156,-0.146666,0.11854,25,26,0.009722,0.2,,47D64B3EEAE0C199BE229C4FB892A7A8B1EADFE295058EA5048F7BA6BE59192B
RAW_GRID_T100_S020_GATE90_RAW_BOTH,raw_both,RAW_GRID_T100_S020_GATE90_RAW_BOTH|USDJPY|SHORT|59,USDJPY,SHORT,target,2022-01-14T14:56:00.000Z,2022-01-14T15:01:00.000Z,2022-01-10T00:00:00.000Z,1,0,0,0.172787,0.756778,-0.06,0.000035,0.696812,0,0.172787,26,27,0.003472,0.2,,F60F40F19C8229AB7115C712B5B244114D98470FFC4EFDE4B938069D7FB6C10B
RAW_GRID_T100_S020_GATE90_RAW_BOTH,raw_both,RAW_GRID_T100_S020_GATE90_RAW_BOTH|USDJPY|SHORT|60,USDJPY,SHORT,target,2022-01-14T15:02:00.000Z,2022-01-14T15:54:00.000Z,2022-01-10T00:00:00.000Z,2,1,0,0.256862,1.125276,-0.12,0.000625,1.005901,-0.265113,0.256862,27,28,0.036111,0.2,,23DC67FC2FABB5CE0078D2F919C3E2A28327BC29A3BC7D78E2EE81D61855D14A
RAW_GRID_T100_S020_GATE90_RAW_BOTH,raw_both,RAW_GRID_T100_S020_GATE90_RAW_BOTH|AUDCAD|LONG|30,AUDCAD,LONG,session_flatten,2022-01-14T08:31:00.000Z,2022-01-14T16:00:00.000Z,2022-01-10T00:00:00.000Z,4,3,0,-0.494264,-2.288122,-0.24,-0.088452,-2.616574,-1.420213,0.031031,17,,0.311806,0.2,,DFF912A66FFBE261E9B69F4895642E2F2F7AD0383B3DF40FC4974CF36E9E58A5
RAW_GRID_T100_S020_GATE90_RAW_BOTH,raw_both,RAW_GRID_T100_S020_GATE90_RAW_BOTH|AUDCHF|LONG|52,AUDCHF,LONG,session_flatten,2022-01-14T15:38:00.000Z,2022-01-14T16:00:00.000Z,2022-01-10T00:00:00.000Z,1,0,0,-0.040076,-0.186421,-0.06,-0.001401,-0.247822,-0.096654,0.099012,23,,0.015278,0.2,,F53DBD7AFFE524A6709C046857BEE5FA3DB14F53D3BAD6DC3D76C1625994D306
RAW_GRID_T100_S020_GATE90_RAW_BOTH,raw_both,RAW_GRID_T100_S020_GATE90_RAW_BOTH|AUDJPY|LONG|35,AUDJPY,LONG,session_flatten,2022-01-14T15:46:00.000Z,2022-01-14T16:00:00.000Z,2022-01-10T00:00:00.000Z,1,0,0,0.02072,0.140609,-0.06,-0.000892,0.079717,-0.042734,0.090647,13,,0.009722,0.2,,878BADF6DF7DF8F792071A86311E61D2AD76BE3A00E7F9E9206F18816E512234
RAW_GRID_T100_S020_GATE90_RAW_BOTH,raw_both,RAW_GRID_T100_S020_GATE90_RAW_BOTH|AUDUSD|LONG|34,AUDUSD,LONG,session_flatten,2022-01-14T09:28:00.000Z,2022-01-14T16:00:00.000Z,2022-01-10T00:00:00.000Z,4,3,0,-1.659775,-9.549994,-0.24,-0.062916,-9.85291,-1.847691,0.065951,12,,0.272222,0.2,,7672EACA4DDCEBC636B4F0EE7D17ABDD3955AA8396330819CD2F9E736CB06383
RAW_GRID_T100_S020_GATE90_RAW_BOTH,raw_both,RAW_GRID_T100_S020_GATE90_RAW_BOTH|CADCHF|LONG|72,CADCHF,LONG,session_flatten,2022-01-14T15:45:00.000Z,2022-01-14T16:00:00.000Z,2022-01-10T00:00:00.000Z,1,0,0,-0.088738,-0.438631,-0.06,-0.000955,-0.499587,-0.150856,0.022186,31,,0.010417,0.2,,1AC1CB9FF3BC73CB45CDDED9ABEA002C1C14888970BBF71BB39ABD0749FD6082
RAW_GRID_T100_S020_GATE90_RAW_BOTH,raw_both,RAW_GRID_T100_S020_GATE90_RAW_BOTH|CADJPY|LONG|30,CADJPY,LONG,session_flatten,2022-01-14T15:45:00.000Z,2022-01-14T16:00:00.000Z,2022-01-10T00:00:00.000Z,1,0,0,-0.042375,-0.290007,-0.06,-0.000955,-0.350962,-0.116851,0.046226,10,,0.010417,0.2,,D40C2EC1091E3DB66139D63BBE0EE367EA863C89BB4BA1473D69D79D4952D663
RAW_GRID_T100_S020_GATE90_RAW_BOTH,raw_both,RAW_GRID_T100_S020_GATE90_RAW_BOTH|EURAUD|SHORT|46,EURAUD,SHORT,session_flatten,2022-01-14T15:46:00.000Z,2022-01-14T16:00:00.000Z,2022-01-10T00:00:00.000Z,1,0,0,-0.068274,-0.549661,-0.06,0.000097,-0.609564,-0.110496,0.093427,16,,0.009722,0.2,,2371985466452F7C256A79DFFD7278DE780DBF2DD32DAF7B9893450367C125A1
RAW_GRID_T100_S020_GATE90_RAW_BOTH,raw_both,RAW_GRID_T100_S020_GATE90_RAW_BOTH|EURCAD|SHORT|43,EURCAD,SHORT,session_flatten,2022-01-14T15:47:00.000Z,2022-01-14T16:00:00.000Z,2022-01-10T00:00:00.000Z,1,0,0,-0.114697,-0.845093,-0.06,0.00009,-0.905003,-0.159061,0.080072,15,,0.009028,0.2,,3F6035896DB322D99EC1401F67C4F4D807249CEBA28F3F2D670DB1A71032F14C
RAW_GRID_T100_S020_GATE90_RAW_BOTH,raw_both,RAW_GRID_T100_S020_GATE90_RAW_BOTH|EURCHF|LONG|35,EURCHF,LONG,session_flatten,2022-01-14T12:13:00.000Z,2022-01-14T16:00:00.000Z,2022-01-10T00:00:00.000Z,2,1,0,-0.159965,-0.80051,-0.12,-0.022798,-0.943308,-0.480076,0.050519,15,,0.157639,0.2,,364813209A184E96B57300ACFEA0933860957FCCB52E5DDEA28D2436AB0B60ED
RAW_GRID_T100_S020_GATE90_RAW_BOTH,raw_both,RAW_GRID_T100_S020_GATE90_RAW_BOTH|EURGBP|SHORT|52,EURGBP,SHORT,session_flatten,2022-01-14T15:59:00.000Z,2022-01-14T16:00:00.000Z,2022-01-10T00:00:00.000Z,1,0,0,0.005388,0.027367,-0.06,0.000007,-0.032626,-0.005388,0.053881,26,,0.000694,0.2,,1D820AC1D000F83FEEA11844179EF8FCE6DB8369EB773F30C583FB3E1033BEF6
RAW_GRID_T100_S020_GATE90_RAW_BOTH,raw_both,RAW_GRID_T100_S020_GATE90_RAW_BOTH|EURNZD|SHORT|46,EURNZD,SHORT,session_flatten,2022-01-14T15:46:00.000Z,2022-01-14T16:00:00.000Z,2022-01-10T00:00:00.000Z,1,0,0,-0.065223,-0.450159,-0.06,0.000097,-0.510062,-0.112658,0.070164,20,,0.009722,0.2,,971C14224F21A790A281C0A786943DF3A6666BE0BEE5C4970987769AA2CCA639
RAW_GRID_T100_S020_GATE90_RAW_BOTH,raw_both,RAW_GRID_T100_S020_GATE90_RAW_BOTH|EURUSD|LONG|29,EURUSD,LONG,session_flatten,2022-01-14T09:48:00.000Z,2022-01-14T16:00:00.000Z,2022-01-10T00:00:00.000Z,3,2,0,-0.378038,-2.679992,-0.18,-0.040819,-2.900811,-0.776531,0.128641,12,,0.258333,0.2,,112D24D1BF07AB5DC447764F8FBE5237E7BCCE2EE3D0FE0038C67C7BBB760919
RAW_GRID_T100_S020_GATE90_RAW_BOTH,raw_both,RAW_GRID_T100_S020_GATE90_RAW_BOTH|GBPAUD|SHORT|51,GBPAUD,SHORT,session_flatten,2022-01-14T15:46:00.000Z,2022-01-14T16:00:00.000Z,2022-01-10T00:00:00.000Z,1,0,0,0.010004,0.079556,-0.06,0.000097,0.019653,-0.055476,0.1155,23,,0.009722,0.2,,BCE2BCBAE82C75E542EF9CFEB215E616390FD8F05A8DF6F7F1C735D7AC6FF574
RAW_GRID_T100_S020_GATE90_RAW_BOTH,raw_both,RAW_GRID_T100_S020_GATE90_RAW_BOTH|GBPCAD|SHORT|51,GBPCAD,SHORT,session_flatten,2022-01-14T15:47:00.000Z,2022-01-14T16:00:00.000Z,2022-01-10T00:00:00.000Z,1,0,0,-0.0596,-0.462411,-0.06,0.00009,-0.522321,-0.160302,0.071931,22,,0.009028,0.2,,33E118FAF574E3C8881AD6109D26A745800CC64D37DB0CB81FF352B7F09F47F1
RAW_GRID_T100_S020_GATE90_RAW_BOTH,raw_both,RAW_GRID_T100_S020_GATE90_RAW_BOTH|GBPCHF|LONG|41,GBPCHF,LONG,session_flatten,2022-01-14T12:26:00.000Z,2022-01-14T16:00:00.000Z,2022-01-10T00:00:00.000Z,3,2,0,-0.405352,-2.807258,-0.18,-0.032859,-3.020118,-0.795331,0.212902,13,,0.148611,0.2,,93006741453F33FB5C03DE46DF77E265057E57BF03E9B601A96D47A7BE1C20CB
RAW_GRID_T100_S020_GATE90_RAW_BOTH,raw_both,RAW_GRID_T100_S020_GATE90_RAW_BOTH|GBPJPY|LONG|30,GBPJPY,LONG,session_flatten,2022-01-14T12:10:00.000Z,2022-01-14T16:00:00.000Z,2022-01-10T00:00:00.000Z,3,2,0,-0.522736,-5.061868,-0.18,-0.035852,-5.27772,-1.171411,0.095258,10,,0.159722,0.2,,F098B6F940BD05758C9DA2D7FED4E1AB14BD6A34CA9E94B209FEE4E1B356EF44
RAW_GRID_T100_S020_GATE90_RAW_BOTH,raw_both,RAW_GRID_T100_S020_GATE90_RAW_BOTH|GBPNZD|SHORT|42,GBPNZD,SHORT,session_flatten,2022-01-14T15:46:00.000Z,2022-01-14T16:00:00.000Z,2022-01-10T00:00:00.000Z,1,0,0,0.016061,0.115952,-0.06,0.000097,0.056049,-0.083137,0.094473,22,,0.009722,0.2,,F554401C5CBB28B2BB0F1975D6FAD24DAC859C5F81B9E85B5C0AA502094C7FF9
RAW_GRID_T100_S020_GATE90_RAW_BOTH,raw_both,RAW_GRID_T100_S020_GATE90_RAW_BOTH|GBPUSD|LONG|23,GBPUSD,LONG,session_flatten,2022-01-14T12:00:00.000Z,2022-01-14T16:00:00.000Z,2022-01-10T00:00:00.000Z,3,2,0,-0.713484,-5.640004,-0.18,-0.030185,-5.850188,-1.059104,0.326575,10,,0.166667,0.2,,0D9532DFCDB7A55B5F9C138BA7D7BA1EB9714952D966A333B481914AA7AD08B5
RAW_GRID_T100_S020_GATE90_RAW_BOTH,raw_both,RAW_GRID_T100_S020_GATE90_RAW_BOTH|NZDCAD|LONG|27,NZDCAD,LONG,session_flatten,2022-01-14T08:31:00.000Z,2022-01-14T16:00:00.000Z,2022-01-10T00:00:00.000Z,3,2,0,-0.495068,-2.064891,-0.18,-0.079219,-2.324109,-1.132229,0.036309,11,,0.311806,0.2,,B272A88FEBD36789519A5451CFE531D245D0F69E668A195DA42CA2986EBBBD16
RAW_GRID_T100_S020_GATE90_RAW_BOTH,raw_both,RAW_GRID_T100_S020_GATE90_RAW_BOTH|NZDCHF|LONG|60,NZDCHF,LONG,session_flatten,2022-01-14T15:25:00.000Z,2022-01-14T16:00:00.000Z,2022-01-10T00:00:00.000Z,1,0,0,-0.099308,-0.394772,-0.06,-0.002229,-0.457001,-0.162755,0.066206,28,,0.024306,0.2,,37A7D63776B87612E683E405353F7B813F6B2CBBAFE4746C8EB4535246789602
RAW_GRID_T100_S020_GATE90_RAW_BOTH,raw_both,RAW_GRID_T100_S020_GATE90_RAW_BOTH|NZDJPY|LONG|33,NZDJPY,LONG,session_flatten,2022-01-14T11:59:00.000Z,2022-01-14T16:00:00.000Z,2022-01-10T00:00:00.000Z,4,3,0,-1.118952,-6.643711,-0.24,-0.04948,-6.933191,-1.901663,0.002957,13,,0.167361,0.2,,6346FF5CB6F3F72E36B8514F4BC97593BB6238E9BD75EBDEA3873B4BE6E1FA42
RAW_GRID_T100_S020_GATE90_RAW_BOTH,raw_both,RAW_GRID_T100_S020_GATE90_RAW_BOTH|NZDUSD|LONG|32,NZDUSD,LONG,session_flatten,2022-01-14T09:26:00.000Z,2022-01-14T16:00:00.000Z,2022-01-10T00:00:00.000Z,4,3,0,-1.508375,-7.899993,-0.24,-0.057312,-8.197306,-1.676585,0.041952,14,,0.273611,0.2,,EBECF675DA97A06A5795BF0F288BAC8903F92B60B5395F14383C7507838F4C00
RAW_GRID_T100_S020_GATE90_RAW_BOTH,raw_both,RAW_GRID_T100_S020_GATE90_RAW_BOTH|USDCAD|SHORT|18,USDCAD,SHORT,session_flatten,2022-01-14T15:22:00.000Z,2022-01-14T16:00:00.000Z,2022-01-10T00:00:00.000Z,1,0,0,-0.15416,-1.116166,-0.06,0.000264,-1.175902,-0.189396,0.085889,8,,0.026389,0.2,,40F9AF2BCCEC6A0783B4D3734A1C8C71388B9EF06F8889C87F327502B9AA4DFD
RAW_GRID_T100_S020_GATE90_RAW_BOTH,raw_both,RAW_GRID_T100_S020_GATE90_RAW_BOTH|USDCHF|SHORT|35,USDCHF,SHORT,session_flatten,2022-01-14T15:02:00.000Z,2022-01-14T16:00:00.000Z,2022-01-10T00:00:00.000Z,1,0,0,0,0,-0.06,0.000403,-0.059597,-0.103643,0.070823,11,,0.040278,0.2,,2F65292DEBA9BEE9BD13BEFE3430CEC342FF3315792F0F265636F2A9199F15AC
RAW_GRID_T100_S020_GATE90_CANDIDATE_B,candidate_b,RAW_GRID_T100_S020_GATE90_CANDIDATE_B|AUDCAD|LONG|1,AUDCAD,LONG,target,2022-01-10T14:33:00.000Z,2022-01-10T15:20:00.000Z,2022-01-10T00:00:00.000Z,1,0,0,0.076019,0.346626,-0.06,-0.002993,0.283633,-0.110572,0.076019,0,1,0.032639,0.2,,553337C136A846850EB1DFB5E9A9EAED44F32F783C39735551A0F00E84FFA1F3
RAW_GRID_T100_S020_GATE90_CANDIDATE_B,candidate_b,RAW_GRID_T100_S020_GATE90_CANDIDATE_B|AUDCAD|LONG|2,AUDCAD,LONG,target,2022-01-10T15:43:00.000Z,2022-01-10T16:02:00.000Z,2022-01-10T00:00:00.000Z,1,0,0,0.186669,0.851668,-0.06,-0.00121,0.790458,-0.051853,0.186669,1,2,0.013194,0.2,,04D2A0454855D12E0224A758AB7DF0A01384E5D387CF035FB9A858B2D0722E62
RAW_GRID_T100_S020_GATE90_CANDIDATE_B,candidate_b,RAW_GRID_T100_S020_GATE90_CANDIDATE_B|AUDCAD|LONG|3,AUDCAD,LONG,target,2022-01-11T02:02:00.000Z,2022-01-11T02:20:00.000Z,2022-01-10T00:00:00.000Z,1,0,0,0.110448,0.505697,-0.06,-0.001146,0.444551,0,0.110448,2,3,0.0125,0.2,,7740DE5F4E4C5A0E7E00F3331C11EBAF2A3A6D120A032A98FDE44739C54A31B8
RAW_GRID_T100_S020_GATE90_CANDIDATE_B,candidate_b,RAW_GRID_T100_S020_GATE90_CANDIDATE_B|AUDCAD|LONG|4,AUDCAD,LONG,target,2022-01-11T06:31:00.000Z,2022-01-11T08:00:00.000Z,2022-01-10T00:00:00.000Z,1,0,0,0.072483,0.33211,-0.06,-0.005668,0.266443,-0.179482,0.072483,3,4,0.061806,0.2,,208E79C37AF571BD7B8B54C40523039D77598D7D76CBD070891D05AA77D15205
RAW_GRID_T100_S020_GATE90_CANDIDATE_B,candidate_b,RAW_GRID_T100_S020_GATE90_CANDIDATE_B|AUDCAD|LONG|5,AUDCAD,LONG,target,2022-01-11T08:24:00.000Z,2022-01-11T16:33:00.000Z,2022-01-10T00:00:00.000Z,3,2,0,0.014365,0.063459,-0.18,-0.061388,-0.177929,-0.87237,0.063871,4,5,0.339583,0.2,,27AC2965317F77AC62222B78CA9DF7D9B966675E39489295CAA364C0D60807AF
RAW_GRID_T100_S020_GATE90_CANDIDATE_B,candidate_b,RAW_GRID_T100_S020_GATE90_CANDIDATE_B|AUDCAD|LONG|6,AUDCAD,LONG,target,2022-01-11T18:02:00.000Z,2022-01-11T18:22:00.000Z,2022-01-10T00:00:00.000Z,1,0,0,0.093488,0.429013,-0.06,-0.001274,0.36774,-0.020774,0.093488,5,6,0.013889,0.2,,0D902DB2BB9B46BEA6BC5B7F014F687E4630CC73BB047F5046824D3ADA5E66F0
RAW_GRID_T100_S020_GATE90_CANDIDATE_B,candidate_b,RAW_GRID_T100_S020_GATE90_CANDIDATE_B|AUDCAD|LONG|7,AUDCAD,LONG,target,2022-01-12T01:18:00.000Z,2022-01-12T06:31:00.000Z,2022-01-10T00:00:00.000Z,1,0,0,0.090028,0.414162,-0.06,-0.019932,0.33423,-0.10388,0.090028,6,7,0.217361,0.2,,FE1D947B89F689D32B8F56D24E571F625EEBABB9F0D73D841D78985BA97FFED9
RAW_GRID_T100_S020_GATE90_CANDIDATE_B,candidate_b,RAW_GRID_T100_S020_GATE90_CANDIDATE_B|AUDCAD|LONG|8,AUDCAD,LONG,target,2022-01-12T07:49:00.000Z,2022-01-12T12:19:00.000Z,2022-01-10T00:00:00.000Z,2,1,0,0.074654,0.342531,-0.12,-0.029548,0.192984,-0.472901,0.074654,7,8,0.1875,0.2,,F170685962E1C9DD0407C56727520360023349C9ED3284AF66D95116EA267B99
RAW_GRID_T100_S020_GATE90_CANDIDATE_B,candidate_b,RAW_GRID_T100_S020_GATE90_CANDIDATE_B|AUDCAD|LONG|9,AUDCAD,LONG,target,2022-01-12T13:31:00.000Z,2022-01-12T13:33:00.000Z,2022-01-10T00:00:00.000Z,1,0,0,0.166509,0.765944,-0.06,-0.000127,0.705816,0,0.166509,8,9,0.001389,0.2,,905171BD25C384E1474E06970D6E7BF00F82707EDECE59B84CD7FA48CA9B386E
RAW_GRID_T100_S020_GATE90_CANDIDATE_B,candidate_b,RAW_GRID_T100_S020_GATE90_CANDIDATE_B|AUDCAD|LONG|10,AUDCAD,LONG,target,2022-01-13T02:06:00.000Z,2022-01-13T02:19:00.000Z,2022-01-10T00:00:00.000Z,1,0,0,0.110305,0.511804,-0.06,-0.000828,0.450976,-0.008618,0.110305,9,10,0.009028,0.2,,F32BCE01BBF28931D927A5CD14F4C40D921FD5D3073FE5C9489BC19B27218F5B
RAW_GRID_T100_S020_GATE90_CANDIDATE_B,candidate_b,RAW_GRID_T100_S020_GATE90_CANDIDATE_B|AUDCAD|LONG|11,AUDCAD,LONG,target,2022-01-13T12:02:00.000Z,2022-01-13T14:19:00.000Z,2022-01-10T00:00:00.000Z,1,0,0,0.055097,0.256791,-0.06,-0.008724,0.188067,-0.137742,0.087811,10,11,0.095139,0.2,,F93133F32D7EA9078B20867611E356CC17F90DF8CB6146938599BC08FBB5B226
RAW_GRID_T100_S020_GATE90_CANDIDATE_B,candidate_b,RAW_GRID_T100_S020_GATE90_CANDIDATE_B|AUDCAD|LONG|12,AUDCAD,LONG,target,2022-01-13T14:31:00.000Z,2022-01-13T15:09:00.000Z,2022-01-10T00:00:00.000Z,1,0,0,0.118851,0.553143,-0.06,-0.00242,0.490723,-0.029282,0.118851,11,12,0.026389,0.2,,5151AF11C5001836BE3C84EF4A41E253503F258CE1035D6F44A7B26FF03E4805
RAW_GRID_T100_S020_GATE90_CANDIDATE_B,candidate_b,RAW_GRID_T100_S020_GATE90_CANDIDATE_B|AUDCAD|LONG|13,AUDCAD,LONG,target,2022-01-13T15:17:00.000Z,2022-01-13T15:37:00.000Z,2022-01-10T00:00:00.000Z,1,0,0,0.08957,0.416109,-0.06,-0.001274,0.354835,-0.06201,0.08957,12,13,0.013889,0.2,,C6218EB05224F5456ADB41B40536D8ECCC070A42F65424685D70ECA29285B343
RAW_GRID_T100_S020_GATE90_CANDIDATE_B,candidate_b,RAW_GRID_T100_S020_GATE90_CANDIDATE_B|AUDCAD|LONG|14,AUDCAD,LONG,target,2022-01-13T15:38:00.000Z,2022-01-13T15:54:00.000Z,2022-01-10T00:00:00.000Z,1,0,0,0.113705,0.528263,-0.06,-0.001019,0.467244,-0.024119,0.113705,13,14,0.011111,0.2,,A938B965859D37EA9B216E8E303322201163FD38D25BB739D2B5CCCA70417B38
RAW_GRID_T100_S020_GATE90_CANDIDATE_B,candidate_b,RAW_GRID_T100_S020_GATE90_CANDIDATE_B|AUDCAD|LONG|15,AUDCAD,LONG,target,2022-01-13T17:24:00.000Z,2022-01-13T20:28:00.000Z,2022-01-10T00:00:00.000Z,1,0,0,0.09992,0.463687,-0.06,-0.011717,0.39197,-0.03101,0.09992,14,15,0.127778,0.2,,BAF11E52A86CC0CB646FD3DB544A40C375442ED9EE7A4C0E811AB1C11CF62F64
RAW_GRID_T100_S020_GATE90_CANDIDATE_B,candidate_b,RAW_GRID_T100_S020_GATE90_CANDIDATE_B|AUDCAD|LONG|16,AUDCAD,LONG,target,2022-01-14T01:16:00.000Z,2022-01-14T05:42:00.000Z,2022-01-10T00:00:00.000Z,1,0,0,0.044797,0.208064,-0.06,-0.016939,0.131125,-0.13439,0.082702,15,16,0.184722,0.2,,C5A46CFCA2C41FAF82D8E06C6A716F8945297C5BF9073B0444369553146D1F11
RAW_GRID_T100_S020_GATE90_CANDIDATE_B,candidate_b,RAW_GRID_T100_S020_GATE90_CANDIDATE_B|AUDCAD|LONG|17,AUDCAD,LONG,target,2022-01-14T06:38:00.000Z,2022-01-14T08:08:00.000Z,2022-01-10T00:00:00.000Z,1,0,0,0.093082,0.432113,-0.06,-0.005731,0.366382,-0.049987,0.093082,16,17,0.0625,0.2,,3494D2CA5F7D52697834A55A7DFE9F14150791876C0E3CDBA76B8326E5B56429
RAW_GRID_T100_S020_GATE90_CANDIDATE_B,candidate_b,RAW_GRID_T100_S020_GATE90_CANDIDATE_B|AUDCHF|LONG|1,AUDCHF,LONG,target,2022-01-10T13:02:00.000Z,2022-01-10T13:23:00.000Z,2022-01-10T00:00:00.000Z,1,0,0,0.098653,0.455103,-0.06,-0.001337,0.393766,-0.002349,0.098653,0,1,0.014583,0.2,,8C83DB6DA4C229246D9C60A1B78CF1685A257E5133B4C570B478FCDCB938359E
RAW_GRID_T100_S020_GATE90_CANDIDATE_B,candidate_b,RAW_GRID_T100_S020_GATE90_CANDIDATE_B|AUDCHF|LONG|2,AUDCHF,LONG,target,2022-01-10T15:03:00.000Z,2022-01-10T15:08:00.000Z,2022-01-10T00:00:00.000Z,1,0,0,0.201873,0.928587,-0.06,-0.000318,0.868268,0,0.201873,1,2,0.003472,0.2,,9294A6971C559721CFB356122B67B81ADD584B14703173BCA4A18C1C461CCB56
RAW_GRID_T100_S020_GATE90_CANDIDATE_B,candidate_b,RAW_GRID_T100_S020_GATE90_CANDIDATE_B|AUDCHF|LONG|3,AUDCHF,LONG,target,2022-01-10T15:13:00.000Z,2022-01-10T15:59:00.000Z,2022-01-10T00:00:00.000Z,2,1,0,0.373676,1.717985,-0.12,-0.003885,1.594101,-0.35448,0.373676,2,3,0.031944,0.2,,389D33ABB1220DA3430A1282AB3152B1AC2C454FDBE55468EB6391D7C8DD3980
RAW_GRID_T100_S020_GATE90_CANDIDATE_B,candidate_b,RAW_GRID_T100_S020_GATE90_CANDIDATE_B|AUDCHF|LONG|4,AUDCHF,LONG,target,2022-01-11T06:28:00.000Z,2022-01-11T07:28:00.000Z,2022-01-10T00:00:00.000Z,2,1,0,0.24812,1.145036,-0.12,-0.006304,1.018732,-0.388169,0.24812,3,4,0.041667,0.2,,25A7CE722C71B1B9E0B53D3CCB73504DD1B18649228FF041AC4B3DD8E4D2F290
RAW_GRID_T100_S020_GATE90_CANDIDATE_B,candidate_b,RAW_GRID_T100_S020_GATE90_CANDIDATE_B|AUDCHF|LONG|5,AUDCHF,LONG,target,2022-01-11T07:42:00.000Z,2022-01-11T07:54:00.000Z,2022-01-10T00:00:00.000Z,1,0,0,0.1076,0.496888,-0.06,-0.000764,0.436124,0,0.1076,4,5,0.008333,0.2,,F33E5E06A6AF67B81FEACC9B4D60E534EF2AF5C355E49AD205D1A2AE37D41190
RAW_GRID_T100_S020_GATE90_CANDIDATE_B,candidate_b,RAW_GRID_T100_S020_GATE90_CANDIDATE_B|AUDCHF|LONG|6,AUDCHF,LONG,target,2022-01-11T08:12:00.000Z,2022-01-11T08:16:00.000Z,2022-01-10T00:00:00.000Z,1,0,0,0.140386,0.648316,-0.06,-0.000255,0.588061,-0.004679,0.140386,5,6,0.002778,0.2,,C8C979ECE0F04847E931501E1522B8456F3CC331FD34BCCFF609EB4FDA1970AF
RAW_GRID_T100_S020_GATE90_CANDIDATE_B,candidate_b,RAW_GRID_T100_S020_GATE90_CANDIDATE_B|AUDCHF|LONG|7,AUDCHF,LONG,target,2022-01-11T08:35:00.000Z,2022-01-11T09:04:00.000Z,2022-01-10T00:00:00.000Z,1,0,0,0.093591,0.432379,-0.06,-0.001847,0.370532,-0.131026,0.093591,6,7,0.020139,0.2,,8B21A1B0A9FB15B790BB9C0D804276CD101CFFF7BF5C9AB9268085A497693A7E
RAW_GRID_T100_S020_GATE90_CANDIDATE_B,candidate_b,RAW_GRID_T100_S020_GATE90_CANDIDATE_B|AUDCHF|LONG|8,AUDCHF,LONG,target,2022-01-11T09:14:00.000Z,2022-01-11T09:29:00.000Z,2022-01-10T00:00:00.000Z,1,0,0,0.1826,0.8433,-0.06,-0.000955,0.782345,-0.021069,0.1826,7,8,0.010417,0.2,,A7CFC63B5C22C0E3F69CF5E5194B1C40438D1A3E28D0773F3476785EA2F3FC97
RAW_GRID_T100_S020_GATE90_CANDIDATE_B,candidate_b,RAW_GRID_T100_S020_GATE90_CANDIDATE_B|AUDCHF|LONG|9,AUDCHF,LONG,target,2022-01-11T11:39:00.000Z,2022-01-11T11:52:00.000Z,2022-01-10T00:00:00.000Z,1,0,0,0.107647,0.496732,-0.06,-0.000828,0.435904,-0.007021,0.107647,8,9,0.009028,0.2,,A350359713D15C847A79194486C960DC5683F212E15B87072D6A113B61E3C20A
RAW_GRID_T100_S020_GATE90_CANDIDATE_B,candidate_b,RAW_GRID_T100_S020_GATE90_CANDIDATE_B|AUDCHF|LONG|10,AUDCHF,LONG,target,2022-01-11T12:17:00.000Z,2022-01-11T15:01:00.000Z,2022-01-10T00:00:00.000Z,2,1,0,0.313918,1.445866,-0.12,-0.011654,1.314212,-0.304291,0.313918,9,10,0.113889,0.2,,CFB971D29281E94B4F32BB0D47F838BD6B8D05564A26C159EF7541D3D52788B1
RAW_GRID_T100_S020_GATE90_CANDIDATE_B,candidate_b,RAW_GRID_T100_S020_GATE90_CANDIDATE_B|AUDCHF|LONG|11,AUDCHF,LONG,target,2022-01-11T15:01:00.000Z,2022-01-11T15:01:00.000Z,2022-01-10T00:00:00.000Z,1,0,0,0.161597,0.744434,-0.06,0,0.684434,0,0.161597,10,11,0,0.2,,17035480A6461DDE491CA84A4C45EC376307B6CEED0A12E809843F46B0B4FFF0
RAW_GRID_T100_S020_GATE90_CANDIDATE_B,candidate_b,RAW_GRID_T100_S020_GATE90_CANDIDATE_B|AUDCHF|LONG|12,AUDCHF,LONG,target,2022-01-11T15:50:00.000Z,2022-01-11T15:59:00.000Z,2022-01-10T00:00:00.000Z,1,0,0,0.140563,0.648508,-0.06,-0.000573,0.587935,0,0.140563,11,12,0.00625,0.2,,ABA862B9AC0C470316CA01D39A1CE82FA5308CDCA67404D11C34A4B4F8B8FDE6
RAW_GRID_T100_S020_GATE90_CANDIDATE_B,candidate_b,RAW_GRID_T100_S020_GATE90_CANDIDATE_B|AUDCHF|LONG|13,AUDCHF,LONG,target,2022-01-12T07:54:00.000Z,2022-01-12T08:06:00.000Z,2022-01-10T00:00:00.000Z,1,0,0,0.105123,0.486915,-0.06,-0.000764,0.426151,-0.053729,0.105123,12,13,0.008333,0.2,,E31B642B32AA158FEADE8312203E33ACECB91784D4BA871C0486500719AC33A6
RAW_GRID_T100_S020_GATE90_CANDIDATE_B,candidate_b,RAW_GRID_T100_S020_GATE90_CANDIDATE_B|AUDCHF|LONG|14,AUDCHF,LONG,target,2022-01-12T08:09:00.000Z,2022-01-12T08:16:00.000Z,2022-01-10T00:00:00.000Z,1,0,0,0.133176,0.617042,-0.06,-0.000446,0.556597,0,0.133176,13,14,0.004861,0.2,,1DEBFA09D8297DF0185287A88068CDA81D063F7F48E7F9BBC2216E08C845D951
RAW_GRID_T100_S020_GATE90_CANDIDATE_B,candidate_b,RAW_GRID_T100_S020_GATE90_CANDIDATE_B|AUDCHF|LONG|15,AUDCHF,LONG,target,2022-01-12T08:30:00.000Z,2022-01-12T09:50:00.000Z,2022-01-10T00:00:00.000Z,1,0,0,0.105153,0.487173,-0.06,-0.005094,0.422079,-0.112163,0.105153,14,15,0.055556,0.2,,3003B176FFF59FB0190A2C7711371E02B7B52BA5A1D30777DFC91877BF069764
RAW_GRID_T100_S020_GATE90_CANDIDATE_B,candidate_b,RAW_GRID_T100_S020_GATE90_CANDIDATE_B|AUDCHF|LONG|16,AUDCHF,LONG,target,2022-01-12T10:13:00.000Z,2022-01-12T10:52:00.000Z,2022-01-10T00:00:00.000Z,1,0,0,0.114516,0.530669,-0.06,-0.002484,0.468185,-0.058426,0.114516,15,16,0.027083,0.2,,068EFB5E1C79C25727A647FE7C44FED0620EB4B7A58E01E21473B5BEE4460C7F
RAW_GRID_T100_S020_GATE90_CANDIDATE_B,candidate_b,RAW_GRID_T100_S020_GATE90_CANDIDATE_B|AUDCHF|LONG|17,AUDCHF,LONG,target,2022-01-12T13:07:00.000Z,2022-01-12T13:31:00.000Z,2022-01-10T00:00:00.000Z,1,0,0,0.116869,0.542147,-0.06,-0.001528,0.480619,-0.074796,0.116869,16,17,0.016667,0.2,,8880EF9DCFB38670FA07EE938B603513DCC3C0F52BF830422E3278F708FBF315
RAW_GRID_T100_S020_GATE90_CANDIDATE_B,candidate_b,RAW_GRID_T100_S020_GATE90_CANDIDATE_B|AUDCHF|LONG|18,AUDCHF,LONG,target,2022-01-12T15:36:00.000Z,2022-01-12T19:15:00.000Z,2022-01-10T00:00:00.000Z,3,2,0,0.468026,2.188614,-0.18,-0.036107,1.972507,-0.668015,0.468026,17,18,0.152083,0.2,,7216449E524E11E5EB3AD44D69B2DB417BAA67F1CD091E1C55579CBA118DFEDB
RAW_GRID_T100_S020_GATE90_CANDIDATE_B,candidate_b,RAW_GRID_T100_S020_GATE90_CANDIDATE_B|AUDCHF|LONG|19,AUDCHF,LONG,session_flatten,2022-01-13T11:16:00.000Z,2022-01-13T21:00:00.000Z,2022-01-10T00:00:00.000Z,5,4,0,-2.025677,-9.512638,-0.3,-0.129908,-9.942546,-2.177741,0.034999,18,,0.405556,0.2,,0DED7847B7C4775F9E072269346785701F87C4BC95494D2881C68DF65D9409CD
RAW_GRID_T100_S020_GATE90_CANDIDATE_B,candidate_b,RAW_GRID_T100_S020_GATE90_CANDIDATE_B|AUDCHF|LONG|20,AUDCHF,LONG,target,2022-01-13T23:22:00.000Z,2022-01-14T00:37:00.000Z,2022-01-10T00:00:00.000Z,1,0,0,0.098491,0.420001,-0.06,-0.004776,0.355225,-0.154771,0.098491,18,19,0.052083,0.2,,DF8491DBB17052DDF4B3315786CF9A7923907CAA30FE8355D6B52E9EC8A653D2
RAW_GRID_T100_S020_GATE90_CANDIDATE_B,candidate_b,RAW_GRID_T100_S020_GATE90_CANDIDATE_B|AUDCHF|LONG|21,AUDCHF,LONG,target,2022-01-14T00:50:00.000Z,2022-01-14T04:07:00.000Z,2022-01-10T00:00:00.000Z,2,1,0,0.056477,0.263635,-0.12,-0.023243,0.120392,-0.436542,0.117517,19,20,0.136806,0.2,,EFCD9DCE28F9E7A5EE5AFD014AC3E05780DCC4E712902F363843323CDF14B7AA
RAW_GRID_T100_S020_GATE90_CANDIDATE_B,candidate_b,RAW_GRID_T100_S020_GATE90_CANDIDATE_B|AUDCHF|LONG|22,AUDCHF,LONG,target,2022-01-14T08:53:00.000Z,2022-01-14T11:20:00.000Z,2022-01-10T00:00:00.000Z,1,0,0,0.063373,0.296257,-0.06,-0.009361,0.226895,-0.173688,0.077456,20,21,0.102083,0.2,,624D9E29A4751B0D1523FB73B0B3A09832683CDCC99461FBD22704C5D69EA469
RAW_GRID_T100_S020_GATE90_CANDIDATE_B,candidate_b,RAW_GRID_T100_S020_GATE90_CANDIDATE_B|AUDCHF|LONG|23,AUDCHF,LONG,target,2022-01-14T11:32:00.000Z,2022-01-14T15:12:00.000Z,2022-01-10T00:00:00.000Z,4,3,0,0.048443,0.219391,-0.24,-0.04152,-0.062129,-1.861849,0.048443,21,22,0.152778,0.2,,7AA7B6668C0FB0E85FA3063E30237D12B16F0E9BA82A2AA34C8C793AE47939E2
RAW_GRID_T100_S020_GATE90_CANDIDATE_B,candidate_b,RAW_GRID_T100_S020_GATE90_CANDIDATE_B|AUDCHF|LONG|24,AUDCHF,LONG,target,2022-01-14T15:33:00.000Z,2022-01-14T15:35:00.000Z,2022-01-10T00:00:00.000Z,1,0,0,0.127273,0.592013,-0.06,-0.000127,0.531886,0,0.127273,22,23,0.001389,0.2,,244FF94501119C45E218C8FB9453D5CB4877F97D45A7E74C863092F23BBAD7C4
RAW_GRID_T100_S020_GATE90_CANDIDATE_B,candidate_b,RAW_GRID_T100_S020_GATE90_CANDIDATE_B|AUDJPY|LONG|1,AUDJPY,LONG,target,2022-01-10T13:35:00.000Z,2022-01-10T18:52:00.000Z,2022-01-10T00:00:00.000Z,3,2,0,0.075565,0.503464,-0.18,-0.049416,0.274047,-1.135368,0.075936,0,1,0.220139,0.2,,1611421589B2E2D68EE447413420ADB3334E5C3E785AD83434058E61B7E9CF8C
RAW_GRID_T100_S020_GATE90_CANDIDATE_B,candidate_b,RAW_GRID_T100_S020_GATE90_CANDIDATE_B|AUDJPY|LONG|2,AUDJPY,LONG,target,2022-01-11T06:38:00.000Z,2022-01-11T07:27:00.000Z,2022-01-10T00:00:00.000Z,2,1,0,0.397235,2.673283,-0.12,-0.005349,2.547933,-0.211193,0.397235,1,2,0.034028,0.2,,889E5D0312AE949FCF0E5C3539942F90F94763222B6FDCDE2EAD3E61AD3AB59B
RAW_GRID_T100_S020_GATE90_CANDIDATE_B,candidate_b,RAW_GRID_T100_S020_GATE90_CANDIDATE_B|AUDJPY|LONG|3,AUDJPY,LONG,target,2022-01-11T07:42:00.000Z,2022-01-11T07:49:00.000Z,2022-01-10T00:00:00.000Z,1,0,0,0.104338,0.703301,-0.06,-0.000446,0.642856,-0.003864,0.104338,2,3,0.004861,0.2,,FB57D69A241014E7A9827FB38B29B4C178ED9B794557EAE16119A9E5430E5074
RAW_GRID_T100_S020_GATE90_CANDIDATE_B,candidate_b,RAW_GRID_T100_S020_GATE90_CANDIDATE_B|AUDJPY|LONG|4,AUDJPY,LONG,target,2022-01-11T14:42:00.000Z,2022-01-11T15:01:00.000Z,2022-01-10T00:00:00.000Z,1,0,0,0.213795,1.436582,-0.06,-0.00121,1.375372,-0.045078,0.213795,3,4,0.013194,0.2,,C7B8D55633BB962CF39EB27489C91807CF77FC78B52EEEF04F113318FBA738B3
RAW_GRID_T100_S020_GATE90_CANDIDATE_B,candidate_b,RAW_GRID_T100_S020_GATE90_CANDIDATE_B|AUDJPY|LONG|5,AUDJPY,LONG,target,2022-01-12T08:37:00.000Z,2022-01-12T09:45:00.000Z,2022-01-10T00:00:00.000Z,1,0,0,0.110297,0.745628,-0.06,-0.00433,0.681298,0,0.110297,4,5,0.047222,0.2,,83E8CC61E6AAFA4219C04DBF37740E264DE7C1D2D9C1C6E2492CA0FC6579BA3B
RAW_GRID_T100_S020_GATE90_CANDIDATE_B,candidate_b,RAW_GRID_T100_S020_GATE90_CANDIDATE_B|AUDJPY|LONG|6,AUDJPY,LONG,target,2022-01-12T16:08:00.000Z,2022-01-12T16:51:00.000Z,2022-01-10T00:00:00.000Z,1,0,0,0.125205,0.854158,-0.06,-0.002738,0.791419,-0.020442,0.125205,5,6,0.029861,0.2,,56A63B29C8CA860F43208C24FFD04F3548B7464CB6B73C77568FE3FAA2222EF3
RAW_GRID_T100_S020_GATE90_CANDIDATE_B,candidate_b,RAW_GRID_T100_S020_GATE90_CANDIDATE_B|AUDJPY|LONG|7,AUDJPY,LONG,target,2022-01-12T17:07:00.000Z,2022-01-12T19:24:00.000Z,2022-01-10T00:00:00.000Z,1,0,0,0.12777,0.872845,-0.06,-0.008724,0.804121,-0.04472,0.12777,6,7,0.095139,0.2,,6E61407908339990A3BAE6C7C659417DDADEABD659B72D1B76E2F0CD55F3F47B
RAW_GRID_T100_S020_GATE90_CANDIDATE_B,candidate_b,RAW_GRID_T100_S020_GATE90_CANDIDATE_B|AUDJPY|LONG|8,AUDJPY,LONG,session_flatten,2022-01-12T19:40:00.000Z,2022-01-12T21:00:00.000Z,2022-01-10T00:00:00.000Z,1,0,0,0.138028,0.943019,-0.06,-0.005094,0.877924,-0.01278,0.14314,7,,0.055556,0.2,,F6787E583C1D40FF513C290E5C0AE422F52364070C93350A18EBA1245FBB44CA
RAW_GRID_T100_S020_GATE90_CANDIDATE_B,candidate_b,RAW_GRID_T100_S020_GATE90_CANDIDATE_B|AUDJPY|LONG|9,AUDJPY,LONG,target,2022-01-13T01:26:00.000Z,2022-01-13T02:18:00.000Z,2022-01-10T00:00:00.000Z,1,0,0,0.076653,0.523576,-0.06,-0.003311,0.460265,-0.071543,0.076653,7,8,0.036111,0.2,,2E3A5A0FC83006B3ED8554447BF8FB0F9307390C532E446386CDB2BC02546952
RAW_GRID_T100_S020_GATE90_CANDIDATE_B,candidate_b,RAW_GRID_T100_S020_GATE90_CANDIDATE_B|AUDJPY|LONG|10,AUDJPY,LONG,target,2022-01-13T12:36:00.000Z,2022-01-13T13:58:00.000Z,2022-01-10T00:00:00.000Z,1,0,0,0.074033,0.507461,-0.06,-0.005222,0.442239,-0.182531,0.074033,8,9,0.056944,0.2,,6D7F07D1A1CD80FE8CD6B5E53AF42A0908E511EB28456EEE084C92A455C097E8
RAW_GRID_T100_S020_GATE90_CANDIDATE_B,candidate_b,RAW_GRID_T100_S020_GATE90_CANDIDATE_B|AUDJPY|LONG|11,AUDJPY,LONG,session_flatten,2022-01-13T15:07:00.000Z,2022-01-13T21:00:00.000Z,2022-01-10T00:00:00.000Z,3,2,0,-0.921767,-6.316749,-0.18,-0.057567,-6.554317,-1.025412,0.056185,9,,0.245139,0.2,,41A7DAAA4AB3D9F6083AEBD36896A566173F5FB4E38F4AED0A81EB535D48BBB3
RAW_GRID_T100_S020_GATE90_CANDIDATE_B,candidate_b,RAW_GRID_T100_S020_GATE90_CANDIDATE_B|AUDJPY|LONG|12,AUDJPY,LONG,target,2022-01-13T23:05:00.000Z,2022-01-14T04:26:00.000Z,2022-01-10T00:00:00.000Z,4,3,0,0.012412,0.070301,-0.24,-0.057376,-0.227076,-1.324478,0.11822,9,10,0.222917,0.2,,59B852564F3DA3FB9335A5BE8DBDF36C73ABED60D78F6BC0962C0906ECA782F1
RAW_GRID_T100_S020_GATE90_CANDIDATE_B,candidate_b,RAW_GRID_T100_S020_GATE90_CANDIDATE_B|AUDJPY|LONG|13,AUDJPY,LONG,target,2022-01-14T05:07:00.000Z,2022-01-14T05:38:00.000Z,2022-01-10T00:00:00.000Z,1,0,0,0.146801,1.002404,-0.06,-0.001974,0.94043,-0.015453,0.146801,10,11,0.021528,0.2,,3F16EF698CA427F519A8D2E09BA3AB4D8B0FB04E91BE666D3E52E73AF5B2750D
RAW_GRID_T100_S020_GATE90_CANDIDATE_B,candidate_b,RAW_GRID_T100_S020_GATE90_CANDIDATE_B|AUDJPY|LONG|14,AUDJPY,LONG,target,2022-01-14T11:57:00.000Z,2022-01-14T14:39:00.000Z,2022-01-10T00:00:00.000Z,5,4,0,0.506823,3.42106,-0.3,-0.033751,3.087309,-2.052989,0.506823,11,12,0.1125,0.2,,0F5ADEF0B722709BA7F7071AFB10BAF1236EDF8AB3B8E0B080AC8F11A9A6E535
RAW_GRID_T100_S020_GATE90_CANDIDATE_B,candidate_b,RAW_GRID_T100_S020_GATE90_CANDIDATE_B|AUDJPY|LONG|15,AUDJPY,LONG,target,2022-01-14T15:04:00.000Z,2022-01-14T15:06:00.000Z,2022-01-10T00:00:00.000Z,1,0,0,0.110021,0.747082,-0.06,-0.000127,0.686954,0,0.110021,12,13,0.001389,0.2,,2E2EBF1072B27D1DFB354E0B426C968A804B4418B366BDE8F0568A8378F4BC47
RAW_GRID_T100_S020_GATE90_CANDIDATE_B,candidate_b,RAW_GRID_T100_S020_GATE90_CANDIDATE_B|AUDNZD|SHORT|1,AUDNZD,SHORT,target,2022-01-10T23:05:00.000Z,2022-01-10T23:07:00.000Z,2022-01-10T00:00:00.000Z,1,0,0,0.11663,0.351676,-0.06,0.000014,0.29169,0,0.11663,0,1,0.001389,0.2,,BDBC994490BE80C93424DC231226A11459EEB1B44D4C87022747F3C8C3E1AD9D
RAW_GRID_T100_S020_GATE90_CANDIDATE_B,candidate_b,RAW_GRID_T100_S020_GATE90_CANDIDATE_B|AUDNZD|SHORT|2,AUDNZD,SHORT,target,2022-01-11T00:04:00.000Z,2022-01-11T00:15:00.000Z,2022-01-10T00:00:00.000Z,1,0,0,0.143551,0.433301,-0.06,0.000076,0.373377,-0.02243,0.143551,1,2,0.007639,0.2,,735ECE407505F68126634F42DFF6BD146AE708D2B0D71AC9C2710BEE2A654CF9
RAW_GRID_T100_S020_GATE90_CANDIDATE_B,candidate_b,RAW_GRID_T100_S020_GATE90_CANDIDATE_B|AUDNZD|SHORT|3,AUDNZD,SHORT,target,2022-01-11T00:55:00.000Z,2022-01-11T01:20:00.000Z,2022-01-10T00:00:00.000Z,1,0,0,0.139033,0.419691,-0.06,0.000174,0.359865,0,0.139033,2,3,0.017361,0.2,,369F00E7AAF019F4DA0FC7B0B0AAEA799F12DDFBA739684DDB71488D60B40349
RAW_GRID_T100_S020_GATE90_CANDIDATE_B,candidate_b,RAW_GRID_T100_S020_GATE90_CANDIDATE_B|AUDNZD|SHORT|4,AUDNZD,SHORT,target,2022-01-11T01:39:00.000Z,2022-01-11T02:01:00.000Z,2022-01-10T00:00:00.000Z,1,0,0,0.118858,0.358313,-0.06,0.000153,0.298465,-0.091947,0.118858,3,4,0.015278,0.2,,B67AC923543B034718A9E94E8F2424CCBC64E24AACA12A6470375E0E11630453
RAW_GRID_T100_S020_GATE90_CANDIDATE_B,candidate_b,RAW_GRID_T100_S020_GATE90_CANDIDATE_B|AUDNZD|SHORT|5,AUDNZD,SHORT,target,2022-01-11T02:12:00.000Z,2022-01-11T04:47:00.000Z,2022-01-10T00:00:00.000Z,1,0,0,0.05382,0.162456,-0.06,0.001076,0.103533,-0.145764,0.0897,4,5,0.107639,0.2,,80670689638A27578E6278D323E72FB57873EE4F3334B265DE18F496518968AC
RAW_GRID_T100_S020_GATE90_CANDIDATE_B,candidate_b,RAW_GRID_T100_S020_GATE90_CANDIDATE_B|AUDNZD|SHORT|6,AUDNZD,SHORT,target,2022-01-11T05:43:00.000Z,2022-01-11T06:09:00.000Z,2022-01-10T00:00:00.000Z,1,0,0,0.100886,0.30468,-0.06,0.000181,0.244861,-0.008969,0.100886,5,6,0.018056,0.2,,E9EF292C046F4B188E49A6E1B9E64CED7D9B911062C4FC5D8FFEAD445E983022
RAW_GRID_T100_S020_GATE90_CANDIDATE_B,candidate_b,RAW_GRID_T100_S020_GATE90_CANDIDATE_B|AUDNZD|SHORT|7,AUDNZD,SHORT,target,2022-01-11T08:02:00.000Z,2022-01-11T08:05:00.000Z,2022-01-10T00:00:00.000Z,1,0,0,0.103131,0.31147,-0.06,0.000021,0.251491,0,0.103131,6,7,0.002083,0.2,,5E9543C5C20A950A0F89AAB40D421C26BEDB2FBA9B8339D1E90694351D0A71BF
RAW_GRID_T100_S020_GATE90_CANDIDATE_B,candidate_b,RAW_GRID_T100_S020_GATE90_CANDIDATE_B|AUDNZD|SHORT|8,AUDNZD,SHORT,target,2022-01-11T10:46:00.000Z,2022-01-11T11:41:00.000Z,2022-01-10T00:00:00.000Z,1,0,0,0.112154,0.338062,-0.06,0.000382,0.278444,-0.049347,0.112154,7,8,0.038194,0.2,,C88AB68DE7AE8F8617E673619288A46BDAA9AD4EE33B95ACD115F19E982DC031
RAW_GRID_T100_S020_GATE90_CANDIDATE_B,candidate_b,RAW_GRID_T100_S020_GATE90_CANDIDATE_B|AUDNZD|SHORT|9,AUDNZD,SHORT,target,2022-01-11T11:58:00.000Z,2022-01-11T12:16:00.000Z,2022-01-10T00:00:00.000Z,1,0,0,0.114396,0.344754,-0.06,0.000125,0.284879,-0.020187,0.114396,8,9,0.0125,0.2,,8757108E6F86EC527151E115341386A8CA9BFFBA2675BDD945323C3FE2ACFC8F
RAW_GRID_T100_S020_GATE90_CANDIDATE_B,candidate_b,RAW_GRID_T100_S020_GATE90_CANDIDATE_B|AUDNZD|SHORT|10,AUDNZD,SHORT,target,2022-01-11T14:08:00.000Z,2022-01-11T14:47:00.000Z,2022-01-10T00:00:00.000Z,1,0,0,0.107665,0.323674,-0.06,0.000271,0.263945,-0.067291,0.107665,9,10,0.027083,0.2,,DDD0D95F0B085842C1171F4BB479777F5DEA01E4ACDD9BE40A185004C8374ACE
RAW_GRID_T100_S020_GATE90_CANDIDATE_B,candidate_b,RAW_GRID_T100_S020_GATE90_CANDIDATE_B|AUDNZD|SHORT|11,AUDNZD,SHORT,target,2022-01-11T14:52:00.000Z,2022-01-11T19:17:00.000Z,2022-01-10T00:00:00.000Z,2,1,0,0.015585,0.047535,-0.12,0.003493,-0.068971,-0.40589,0.082989,10,11,0.184028,0.2,,59539EC3B8A73465A98FF9EF54A62434D35B4B9E13D51EE616E2BC8DB218A00C
RAW_GRID_T100_S020_GATE90_CANDIDATE_B,candidate_b,RAW_GRID_T100_S020_GATE90_CANDIDATE_B|AUDNZD|SHORT|12,AUDNZD,SHORT,session_flatten,2022-01-11T19:52:00.000Z,2022-01-11T21:00:00.000Z,2022-01-10T00:00:00.000Z,1,0,0,-0.004482,-0.01357,-0.06,0.000472,-0.073097,-0.058256,0.071699,11,,0.047222,0.2,,EA3FBA396FC198FCEB51062162F4911C50619103675419C64A7DD8262BB27E82
RAW_GRID_T100_S020_GATE90_CANDIDATE_B,candidate_b,RAW_GRID_T100_S020_GATE90_CANDIDATE_B|AUDNZD|SHORT|13,AUDNZD,SHORT,target,2022-01-11T23:56:00.000Z,2022-01-12T00:02:00.000Z,2022-01-10T00:00:00.000Z,1,0,0,0.150053,0.454663,-0.06,0.000042,0.394704,-0.013438,0.150053,11,12,0.004167,0.2,,BBBC6B5DF843E8FAF31E188154971DE5280AD30F0102BBAE1EB46B3D5B3B52BF
RAW_GRID_T100_S020_GATE90_CANDIDATE_B,candidate_b,RAW_GRID_T100_S020_GATE90_CANDIDATE_B|AUDNZD|SHORT|14,AUDNZD,SHORT,target,2022-01-12T00:15:00.000Z,2022-01-12T00:26:00.000Z,2022-01-10T00:00:00.000Z,1,0,0,0.120949,0.539998,-0.06,0.000076,0.480074,0,0.120949,12,13,0.007639,0.2,,53DD29C21DD77D6D4806F71634DADA6BF026EC70C2ED7CB4FBA77127C1CBE6F0
RAW_GRID_T100_S020_GATE90_CANDIDATE_B,candidate_b,RAW_GRID_T100_S020_GATE90_CANDIDATE_B|AUDNZD|SHORT|15,AUDNZD,SHORT,target,2022-01-12T01:03:00.000Z,2022-01-12T01:12:00.000Z,2022-01-10T00:00:00.000Z,1,0,0,0.132151,0.400505,-0.06,0.000062,0.340568,0,0.132151,13,14,0.00625,0.2,,EDA5E079026C27732D3A7FA70E5221E6592635E8DE348C6015F084A93F2F7138
RAW_GRID_T100_S020_GATE90_CANDIDATE_B,candidate_b,RAW_GRID_T100_S020_GATE90_CANDIDATE_B|AUDNZD|SHORT|16,AUDNZD,SHORT,target,2022-01-12T04:41:00.000Z,2022-01-12T05:17:00.000Z,2022-01-10T00:00:00.000Z,1,0,0,0.098551,0.298802,-0.06,0.00025,0.239052,-0.029118,0.098551,14,15,0.025,0.2,,BF9C84A4AC5EC0DCB63FB4E47D9358EA5E84D4D11613ED98955BFF139BDBE7DD
RAW_GRID_T100_S020_GATE90_CANDIDATE_B,candidate_b,RAW_GRID_T100_S020_GATE90_CANDIDATE_B|AUDNZD|SHORT|17,AUDNZD,SHORT,target,2022-01-12T09:57:00.000Z,2022-01-12T14:13:00.000Z,2022-01-10T00:00:00.000Z,2,1,0,0.006625,0.020443,-0.12,0.002549,-0.097008,-0.579926,0.07615,15,16,0.177778,0.2,,BA7EA41231EE773D62257FF70B6CAF2DA7D3C4F202CDF999F79FAB7544BFF40C
RAW_GRID_T100_S020_GATE90_CANDIDATE_B,candidate_b,RAW_GRID_T100_S020_GATE90_CANDIDATE_B|AUDNZD|SHORT|18,AUDNZD,SHORT,target,2022-01-12T14:36:00.000Z,2022-01-12T14:37:00.000Z,2022-01-10T00:00:00.000Z,1,0,0,0.10739,0.327322,-0.06,0.000007,0.267329,0,0.10739,16,17,0.000694,0.2,,5E2C38B23167D25A8489920A1190D28363E08CF0E2507B5E4FC3E52157B0307A
RAW_GRID_T100_S020_GATE90_CANDIDATE_B,candidate_b,RAW_GRID_T100_S020_GATE90_CANDIDATE_B|AUDNZD|SHORT|19,AUDNZD,SHORT,target,2022-01-12T18:07:00.000Z,2022-01-12T20:34:00.000Z,2022-01-10T00:00:00.000Z,1,0,0,0.080588,0.246688,-0.06,0.001021,0.187709,-0.120881,0.080588,17,18,0.102083,0.2,,6C196AF12EFB2260CED6F0B5B13F52192D96356CA0857B31A3D22C3E8C3C9A41
RAW_GRID_T100_S020_GATE90_CANDIDATE_B,candidate_b,RAW_GRID_T100_S020_GATE90_CANDIDATE_B|AUDNZD|SHORT|20,AUDNZD,SHORT,target,2022-01-13T08:16:00.000Z,2022-01-13T08:20:00.000Z,2022-01-10T00:00:00.000Z,1,0,0,0.134374,0.412838,-0.06,0.000028,0.352866,0,0.134374,18,19,0.002778,0.2,,3618BBD666ABDCAD7B131EDEB52D354E7F37CEAE6AA3359F37912791F77CB091
RAW_GRID_T100_S020_GATE90_CANDIDATE_B,candidate_b,RAW_GRID_T100_S020_GATE90_CANDIDATE_B|AUDNZD|SHORT|21,AUDNZD,SHORT,target,2022-01-14T00:00:00.000Z,2022-01-14T00:06:00.000Z,2022-01-10T00:00:00.000Z,1,0,0,0.116679,0.356627,-0.06,0.000042,0.296668,-0.026926,0.116679,19,20,0.004167,0.2,,5FEA0429432989D60D7BFA726BADB30F6E05B5A9A1A418F00C3950D7B4264F95
RAW_GRID_T100_S020_GATE90_CANDIDATE_B,candidate_b,RAW_GRID_T100_S020_GATE90_CANDIDATE_B|AUDNZD|SHORT|22,AUDNZD,SHORT,target,2022-01-14T03:36:00.000Z,2022-01-14T05:54:00.000Z,2022-01-10T00:00:00.000Z,1,0,0,0.105453,0.322824,-0.06,0.000958,0.263783,-0.065067,0.105453,20,21,0.095833,0.2,,3034FDD8CF7D1EA7C82A89C79405D0F540C4595EE51F4D22C756189ED237507A
RAW_GRID_T100_S020_GATE90_CANDIDATE_B,candidate_b,RAW_GRID_T100_S020_GATE90_CANDIDATE_B|AUDNZD|SHORT|23,AUDNZD,SHORT,target,2022-01-14T06:30:00.000Z,2022-01-14T07:25:00.000Z,2022-01-10T00:00:00.000Z,1,0,0,0.123391,0.377404,-0.06,0.000382,0.317786,-0.053844,0.123391,21,22,0.038194,0.2,,25804D3A7D04B2F7D0CF43209A9C74DA3F126969C863AA80074ABE4620A97EB6
RAW_GRID_T100_S020_GATE90_CANDIDATE_B,candidate_b,RAW_GRID_T100_S020_GATE90_CANDIDATE_B|AUDNZD|SHORT|24,AUDNZD,SHORT,target,2022-01-14T14:48:00.000Z,2022-01-14T15:46:00.000Z,2022-01-10T00:00:00.000Z,1,0,0,0.101011,0.306953,-0.06,0.000403,0.247355,-0.103257,0.101011,22,23,0.040278,0.2,,99204F1C1B35CA7C865B0AE4D36F8FF2E565FB88DC41E8A4A2CD7F030D0E3434
RAW_GRID_T100_S020_GATE90_CANDIDATE_B,candidate_b,RAW_GRID_T100_S020_GATE90_CANDIDATE_B|AUDUSD|LONG|1,AUDUSD,LONG,target,2022-01-10T13:19:00.000Z,2022-01-10T16:18:00.000Z,2022-01-10T00:00:00.000Z,3,2,0,0.289692,1.640005,-0.18,-0.021015,1.43899,-0.809998,0.289692,0,1,0.124306,0.2,,7F4E49C0441C1AD72F24D3613D1083DBB5F2CED0043F25C46F3581940D6899AD
RAW_GRID_T100_S020_GATE90_CANDIDATE_B,candidate_b,RAW_GRID_T100_S020_GATE90_CANDIDATE_B|AUDUSD|LONG|2,AUDUSD,LONG,target,2022-01-11T06:42:00.000Z,2022-01-11T07:16:00.000Z,2022-01-10T00:00:00.000Z,1,0,0,0.091483,0.519997,-0.06,-0.002165,0.457832,-0.15306,0.091483,1,2,0.023611,0.2,,613BCD74679E7E3C5E47613308225E507CC96834E79B5A7882084861BEC29488
RAW_GRID_T100_S020_GATE90_CANDIDATE_B,candidate_b,RAW_GRID_T100_S020_GATE90_CANDIDATE_B|AUDUSD|LONG|3,AUDUSD,LONG,target,2022-01-11T11:01:00.000Z,2022-01-11T15:06:00.000Z,2022-01-10T00:00:00.000Z,3,2,0,0.663075,3.759994,-0.18,-0.022097,3.557897,-0.605419,0.663075,2,3,0.170139,0.2,,7B0F296805BFD86D32E76DA01259EE72432329683E00EAF8577D28A55CB67BD4
RAW_GRID_T100_S020_GATE90_CANDIDATE_B,candidate_b,RAW_GRID_T100_S020_GATE90_CANDIDATE_B|AUDUSD|LONG|4,AUDUSD,LONG,target,2022-01-12T07:54:00.000Z,2022-01-12T08:16:00.000Z,2022-01-10T00:00:00.000Z,1,0,0,0.119164,0.679996,-0.06,-0.001401,0.618595,-0.059582,0.119164,3,4,0.015278,0.2,,F02A0BB3AC90BAA4C75E7819FDC2ABC2A143E25DCEAFDFBD297CC2143FB87EAA
RAW_GRID_T100_S020_GATE90_CANDIDATE_B,candidate_b,RAW_GRID_T100_S020_GATE90_CANDIDATE_B|AUDUSD|LONG|5,AUDUSD,LONG,target,2022-01-12T08:27:00.000Z,2022-01-12T09:54:00.000Z,2022-01-10T00:00:00.000Z,1,0,0,0.098131,0.560004,-0.06,-0.00554,0.494464,-0.077101,0.098131,4,5,0.060417,0.2,,FEA9C9E1705AAB312EA04A6B790E55DFC281A44377E82F71250468F9EB1FA935
RAW_GRID_T100_S020_GATE90_CANDIDATE_B,candidate_b,RAW_GRID_T100_S020_GATE90_CANDIDATE_B|AUDUSD|LONG|6,AUDUSD,LONG,target,2022-01-13T02:06:00.000Z,2022-01-13T02:17:00.000Z,2022-01-10T00:00:00.000Z,1,0,0,0.126698,0.730001,-0.06,-0.0007,0.669301,-0.01215,0.126698,5,6,0.007639,0.2,,B2A084EBF7398E9DD6AC83F42AA8F57A23749934970CBDCAEDB06C0ACDF5DC5B
RAW_GRID_T100_S020_GATE90_CANDIDATE_B,candidate_b,RAW_GRID_T100_S020_GATE90_CANDIDATE_B|AUDUSD|LONG|7,AUDUSD,LONG,target,2022-01-13T12:08:00.000Z,2022-01-13T12:21:00.000Z,2022-01-10T00:00:00.000Z,1,0,0,0.105576,0.609998,-0.06,-0.000828,0.54917,-0.010384,0.105576,6,7,0.009028,0.2,,70CF0A99973E7C60B8A6F3E79216BE869F1F792B226756EE9543668FD28B4EFF
RAW_GRID_T100_S020_GATE90_CANDIDATE_B,candidate_b,RAW_GRID_T100_S020_GATE90_CANDIDATE_B|AUDUSD|LONG|8,AUDUSD,LONG,target,2022-01-13T12:57:00.000Z,2022-01-13T13:29:00.000Z,2022-01-10T00:00:00.000Z,1,0,0,0.119414,0.69,-0.06,-0.002038,0.627963,-0.053649,0.119414,7,8,0.022222,0.2,,98EDA67A82A36035B28753A0848B45D457A4F85493DA42AB05841947DAE36FE2
RAW_GRID_T100_S020_GATE90_CANDIDATE_B,candidate_b,RAW_GRID_T100_S020_GATE90_CANDIDATE_B|AUDUSD|LONG|9,AUDUSD,LONG,target,2022-01-13T13:34:00.000Z,2022-01-13T13:36:00.000Z,2022-01-10T00:00:00.000Z,1,0,0,0.122873,0.709998,-0.06,-0.000127,0.649871,0,0.122873,8,9,0.001389,0.2,,41C15AE30018E6EF9A61149969F662CD309C6DE43F599E1553BB73BD94C904D1
RAW_GRID_T100_S020_GATE90_CANDIDATE_B,candidate_b,RAW_GRID_T100_S020_GATE90_CANDIDATE_B|AUDUSD|LONG|10,AUDUSD,LONG,target,2022-01-13T15:20:00.000Z,2022-01-13T16:01:00.000Z,2022-01-10T00:00:00.000Z,1,0,0,0.076132,0.440001,-0.06,-0.002611,0.37739,-0.157456,0.076132,9,10,0.028472,0.2,,E58EEC24939BE997194A53D158BDAE4C1ACDBB2ED23EBCF32EA57C8E079364D8
RAW_GRID_T100_S020_GATE90_CANDIDATE_B,candidate_b,RAW_GRID_T100_S020_GATE90_CANDIDATE_B|AUDUSD|LONG|11,AUDUSD,LONG,target,2022-01-13T16:05:00.000Z,2022-01-13T16:07:00.000Z,2022-01-10T00:00:00.000Z,1,0,0,0.115969,0.669997,-0.06,-0.000127,0.60987,0,0.115969,10,11,0.001389,0.2,,906B7F298AD0896BEC1BD69204F93E440A439ED128969756381C9C069648A74B
RAW_GRID_T100_S020_GATE90_CANDIDATE_B,candidate_b,RAW_GRID_T100_S020_GATE90_CANDIDATE_B|AUDUSD|LONG|12,AUDUSD,LONG,session_flatten,2022-01-13T17:05:00.000Z,2022-01-13T21:00:00.000Z,2022-01-10T00:00:00.000Z,1,0,0,-0.337548,-1.950003,-0.06,-0.014965,-2.024968,-0.337548,0.025965,11,,0.163194,0.2,,3FD78D06805367DB67D707DA539359DE6FDC501354BB81F583480D6B6FFDAB1B
RAW_GRID_T100_S020_GATE90_CANDIDATE_B,candidate_b,RAW_GRID_T100_S020_GATE90_CANDIDATE_B|AUDUSD|LONG|13,AUDUSD,LONG,target,2022-01-13T23:05:00.000Z,2022-01-14T04:06:00.000Z,2022-01-10T00:00:00.000Z,2,1,0,0.173874,0.999993,-0.12,-0.029803,0.850191,-0.263595,0.173874,11,12,0.209028,0.2,,CC7C5125197C2DB807B0EC7A532D87096382D47049106BF222FAC19D6AD82834
RAW_GRID_T100_S020_GATE90_CANDIDATE_B,candidate_b,RAW_GRID_T100_S020_GATE90_CANDIDATE_B|CADCHF|LONG|1,CADCHF,LONG,target,2022-01-10T12:18:00.000Z,2022-01-10T12:33:00.000Z,2022-01-10T00:00:00.000Z,1,0,0,0.132838,0.650554,-0.06,-0.000955,0.589599,0,0.132838,0,1,0.010417,0.2,,5F1D70FAE1DAE16D4B662F3C6A8D371BBC8F1C13D3FBFE0BAED8691A26249A04
RAW_GRID_T100_S020_GATE90_CANDIDATE_B,candidate_b,RAW_GRID_T100_S020_GATE90_CANDIDATE_B|CADCHF|LONG|2,CADCHF,LONG,target,2022-01-10T12:40:00.000Z,2022-01-10T13:29:00.000Z,2022-01-10T00:00:00.000Z,1,0,0,0.135059,0.66073,-0.06,-0.00312,0.59761,-0.046495,0.135059,1,2,0.034028,0.2,,6F79FF2E934FD0542EB90568FAB848150A6A571852DA73003DB5BE9CE4861ABA
RAW_GRID_T100_S020_GATE90_CANDIDATE_B,candidate_b,RAW_GRID_T100_S020_GATE90_CANDIDATE_B|CADCHF|LONG|3,CADCHF,LONG,target,2022-01-10T15:26:00.000Z,2022-01-10T15:58:00.000Z,2022-01-10T00:00:00.000Z,1,0,0,0.101754,0.497236,-0.06,-0.002038,0.435198,-0.141569,0.101754,2,3,0.022222,0.2,,34562C983DED546A6DB41E204FF72E25ACBBCE3DAD59384271F0CD1554A9E59A
RAW_GRID_T100_S020_GATE90_CANDIDATE_B,candidate_b,RAW_GRID_T100_S020_GATE90_CANDIDATE_B|CADCHF|LONG|4,CADCHF,LONG,target,2022-01-10T15:58:00.000Z,2022-01-10T15:58:00.000Z,2022-01-10T00:00:00.000Z,1,0,0,0.108407,0.529456,-0.06,0,0.469456,0,0.108407,3,4,0,0.2,,4C81B29E88D72A90E028E65EAF66EA5752F355B336DDF71B4D2C76192BE5C89B
RAW_GRID_T100_S020_GATE90_CANDIDATE_B,candidate_b,RAW_GRID_T100_S020_GATE90_CANDIDATE_B|CADCHF|LONG|5,CADCHF,LONG,target,2022-01-10T16:04:00.000Z,2022-01-10T16:06:00.000Z,2022-01-10T00:00:00.000Z,1,0,0,0.139389,0.680488,-0.06,-0.000127,0.620361,0,0.139389,4,5,0.001389,0.2,,A1A8A088CCC052446607C49CDBD1E6A3F4488DEB80520D547205B9BE53815F2A
RAW_GRID_T100_S020_GATE90_CANDIDATE_B,candidate_b,RAW_GRID_T100_S020_GATE90_CANDIDATE_B|CADCHF|LONG|6,CADCHF,LONG,target,2022-01-10T16:26:00.000Z,2022-01-10T16:58:00.000Z,2022-01-10T00:00:00.000Z,1,0,0,0.110622,0.540466,-0.06,-0.002038,0.478428,-0.053099,0.110622,5,6,0.022222,0.2,,F62E28E79E063502F80CC08A6AB113F96F818376FA6F704AFF6A31467B44CE26
RAW_GRID_T100_S020_GATE90_CANDIDATE_B,candidate_b,RAW_GRID_T100_S020_GATE90_CANDIDATE_B|CADCHF|LONG|7,CADCHF,LONG,target,2022-01-10T17:27:00.000Z,2022-01-10T17:54:00.000Z,2022-01-10T00:00:00.000Z,1,0,0,0.092933,0.453672,-0.06,-0.001719,0.391952,-0.092933,0.092933,6,7,0.01875,0.2,,C7A798F712237B7D9C6461B4DDD2118383C459A1741FA3011046036C99FF1E93
RAW_GRID_T100_S020_GATE90_CANDIDATE_B,candidate_b,RAW_GRID_T100_S020_GATE90_CANDIDATE_B|CADCHF|LONG|8,CADCHF,LONG,target,2022-01-10T17:57:00.000Z,2022-01-10T18:02:00.000Z,2022-01-10T00:00:00.000Z,1,0,0,0.108434,0.52912,-0.06,-0.000318,0.468801,0,0.108434,7,8,0.003472,0.2,,865DA88C8B10449B293224B5760E8B27EC12211334B343A144FDE1E8EFEE332D
RAW_GRID_T100_S020_GATE90_CANDIDATE_B,candidate_b,RAW_GRID_T100_S020_GATE90_CANDIDATE_B|CADCHF|LONG|9,CADCHF,LONG,target,2022-01-11T08:36:00.000Z,2022-01-11T08:38:00.000Z,2022-01-10T00:00:00.000Z,1,0,0,0.108117,0.529428,-0.06,-0.000127,0.469301,0,0.108117,8,9,0.001389,0.2,,647EF73589075B1DBBD8EDA816828CBA7141FA13644721C7E22834BFF86D8B6D
RAW_GRID_T100_S020_GATE90_CANDIDATE_B,candidate_b,RAW_GRID_T100_S020_GATE90_CANDIDATE_B|CADCHF|LONG|10,CADCHF,LONG,target,2022-01-11T08:44:00.000Z,2022-01-11T09:04:00.000Z,2022-01-10T00:00:00.000Z,1,0,0,0.172108,0.843133,-0.06,-0.001274,0.781859,-0.05737,0.172108,9,10,0.013889,0.2,,7C42964D8A984F0F1ADF28642B68F55A6A84F4B2C3FCECC5E4A0A772E005FD95
RAW_GRID_T100_S020_GATE90_CANDIDATE_B,candidate_b,RAW_GRID_T100_S020_GATE90_CANDIDATE_B|CADCHF|LONG|11,CADCHF,LONG,target,2022-01-11T13:53:00.000Z,2022-01-11T13:57:00.000Z,2022-01-10T00:00:00.000Z,1,0,0,0.134436,0.658036,-0.06,-0.000255,0.597781,0,0.134436,10,11,0.002778,0.2,,EA49B82BF951C22891714B9E8512236F1A0892D72FBFC9B79A648F6D7ADD5431
RAW_GRID_T100_S020_GATE90_CANDIDATE_B,candidate_b,RAW_GRID_T100_S020_GATE90_CANDIDATE_B|CADCHF|LONG|12,CADCHF,LONG,target,2022-01-11T14:42:00.000Z,2022-01-11T14:47:00.000Z,2022-01-10T00:00:00.000Z,1,0,0,0.112385,0.54983,-0.06,-0.000318,0.489511,-0.044073,0.112385,11,12,0.003472,0.2,,DBE513525C30D39303FDF028DDC36C5394BE4B8F4D8EEC88A11244F2B6C300C8
RAW_GRID_T100_S020_GATE90_CANDIDATE_B,candidate_b,RAW_GRID_T100_S020_GATE90_CANDIDATE_B|CADCHF|LONG|13,CADCHF,LONG,target,2022-01-11T14:50:00.000Z,2022-01-11T14:52:00.000Z,2022-01-10T00:00:00.000Z,1,0,0,0.130014,0.636455,-0.06,-0.000127,0.576328,-0.019833,0.130014,12,13,0.001389,0.2,,BA13B024E78AD174CE88E9612F4294F7A5AE294B01FF1D897274CC006CD02B18
RAW_GRID_T100_S020_GATE90_CANDIDATE_B,candidate_b,RAW_GRID_T100_S020_GATE90_CANDIDATE_B|CADCHF|LONG|14,CADCHF,LONG,target,2022-01-11T15:50:00.000Z,2022-01-11T15:51:00.000Z,2022-01-10T00:00:00.000Z,1,0,0,0.125588,0.616004,-0.06,-0.000064,0.555941,0,0.125588,13,14,0.000694,0.2,,4CE9A5246C0EDB9E4D11C68266661C15C821FA6BC98BE681341D69898FB1F954
RAW_GRID_T100_S020_GATE90_CANDIDATE_B,candidate_b,RAW_GRID_T100_S020_GATE90_CANDIDATE_B|CADCHF|LONG|15,CADCHF,LONG,target,2022-01-11T15:57:00.000Z,2022-01-11T16:02:00.000Z,2022-01-10T00:00:00.000Z,1,0,0,0.118969,0.583757,-0.06,-0.000318,0.523438,0,0.118969,14,15,0.003472,0.2,,AA877D0257371670F148A371448A362CC6E83E41515569E181AFA87F9BF23DDA
RAW_GRID_T100_S020_GATE90_CANDIDATE_B,candidate_b,RAW_GRID_T100_S020_GATE90_CANDIDATE_B|CADCHF|LONG|16,CADCHF,LONG,target,2022-01-11T16:17:00.000Z,2022-01-11T16:19:00.000Z,2022-01-10T00:00:00.000Z,1,0,0,0.12779,0.627978,-0.06,-0.000127,0.567851,0,0.12779,15,16,0.001389,0.2,,8867E9493709EBBEAC9D987C36723EB95FCDB55FB28A3C70BA836746546A73F7
RAW_GRID_T100_S020_GATE90_CANDIDATE_B,candidate_b,RAW_GRID_T100_S020_GATE90_CANDIDATE_B|CADCHF|LONG|17,CADCHF,LONG,target,2022-01-11T16:32:00.000Z,2022-01-11T16:41:00.000Z,2022-01-10T00:00:00.000Z,1,0,0,0.149826,0.736281,-0.06,-0.000573,0.675708,0,0.149826,16,17,0.00625,0.2,,FE4B6BB5A92F2CDFA5A85BCABE5E3466C364516913CA87291942CA8AA3A91C8B
RAW_GRID_T100_S020_GATE90_CANDIDATE_B,candidate_b,RAW_GRID_T100_S020_GATE90_CANDIDATE_B|CADCHF|LONG|18,CADCHF,LONG,target,2022-01-12T12:22:00.000Z,2022-01-12T13:05:00.000Z,2022-01-10T00:00:00.000Z,1,0,0,0.118539,0.585364,-0.06,-0.002738,0.522626,-0.070246,0.118539,17,18,0.029861,0.2,,8C00FD511667234044DA6CD2B0C1C1B22DD0893B1D0CAF14D5CAF9CAAB56850B
RAW_GRID_T100_S020_GATE90_CANDIDATE_B,candidate_b,RAW_GRID_T100_S020_GATE90_CANDIDATE_B|CADCHF|LONG|19,CADCHF,LONG,target,2022-01-12T13:09:00.000Z,2022-01-12T13:23:00.000Z,2022-01-10T00:00:00.000Z,1,0,0,0.107566,0.531415,-0.06,-0.000892,0.470523,-0.065857,0.107566,18,19,0.009722,0.2,,8B1E11297BE0B2E4A6C606DECCA1EB3FDE06E3ACFEE1CE57EF70C3B99E214EE7
RAW_GRID_T100_S020_GATE90_CANDIDATE_B,candidate_b,RAW_GRID_T100_S020_GATE90_CANDIDATE_B|CADCHF|LONG|20,CADCHF,LONG,session_flatten,2022-01-12T13:40:00.000Z,2022-01-12T21:00:00.000Z,2022-01-10T00:00:00.000Z,6,5,0,-2.372471,-11.807054,-0.36,-0.13201,-12.299064,-3.377085,0.178117,19,,0.305556,0.2,,7BB791DACAA5021C36AF930F92F2E9648DFFBF11BD3EA020F3ED6F3FB938C69A
RAW_GRID_T100_S020_GATE90_CANDIDATE_B,candidate_b,RAW_GRID_T100_S020_GATE90_CANDIDATE_B|CADCHF|LONG|21,CADCHF,LONG,target,2022-01-13T07:43:00.000Z,2022-01-13T08:15:00.000Z,2022-01-10T00:00:00.000Z,1,0,0,0.121484,0.602949,-0.06,-0.002038,0.540911,-0.061847,0.121484,19,20,0.022222,0.2,,FBC4AE480EBE476E22A90EBFC1F342E3A219D84FD820A8085D8DE3C374A41712
RAW_GRID_T100_S020_GATE90_CANDIDATE_B,candidate_b,RAW_GRID_T100_S020_GATE90_CANDIDATE_B|CADCHF|LONG|22,CADCHF,LONG,target,2022-01-13T09:29:00.000Z,2022-01-13T09:32:00.000Z,2022-01-10T00:00:00.000Z,1,0,0,0.110395,0.547418,-0.06,-0.000191,0.487227,-0.026494,0.110395,20,21,0.002083,0.2,,CE66A2315B9E9F5692F79C3B072943D68B51BB21500EEBA13F7CDCE6D205121C
RAW_GRID_T100_S020_GATE90_CANDIDATE_B,candidate_b,RAW_GRID_T100_S020_GATE90_CANDIDATE_B|CADCHF|LONG|23,CADCHF,LONG,target,2022-01-13T09:38:00.000Z,2022-01-13T10:39:00.000Z,2022-01-10T00:00:00.000Z,1,0,0,0.108201,0.53677,-0.06,-0.003885,0.472885,-0.055205,0.108201,21,22,0.042361,0.2,,FEE0435AED9FB3C5AF3822CEA3EA70181477969E9953E11831C6BB4D63360A63
RAW_GRID_T100_S020_GATE90_CANDIDATE_B,candidate_b,RAW_GRID_T100_S020_GATE90_CANDIDATE_B|CADCHF|LONG|24,CADCHF,LONG,target,2022-01-13T11:17:00.000Z,2022-01-13T11:45:00.000Z,2022-01-10T00:00:00.000Z,1,0,0,0.108207,0.5371,-0.06,-0.001783,0.475317,-0.039751,0.108207,22,23,0.019444,0.2,,28A406906F7AE575FFCA3F0C12B5A37EAE71E2E593ACD345ADB3FD0D4999E63E
RAW_GRID_T100_S020_GATE90_CANDIDATE_B,candidate_b,RAW_GRID_T100_S020_GATE90_CANDIDATE_B|CADCHF|LONG|25,CADCHF,LONG,target,2022-01-13T12:03:00.000Z,2022-01-13T13:17:00.000Z,2022-01-10T00:00:00.000Z,1,0,0,0.081719,0.405749,-0.06,-0.004712,0.341037,-0.130307,0.081719,23,24,0.051389,0.2,,6F5EA24E30B55D0557F472B5D840E543CA9938669EC60016D940E68D2F8B797C
RAW_GRID_T100_S020_GATE90_CANDIDATE_B,candidate_b,RAW_GRID_T100_S020_GATE90_CANDIDATE_B|CADCHF|LONG|26,CADCHF,LONG,target,2022-01-13T14:01:00.000Z,2022-01-13T14:07:00.000Z,2022-01-10T00:00:00.000Z,1,0,0,0.114883,0.571001,-0.06,-0.000382,0.510619,-0.004418,0.114883,24,25,0.004167,0.2,,310C1351614E1B474631D9AA7ED5D66659684E9CCED3344534A26BC23A0DF6F3
RAW_GRID_T100_S020_GATE90_CANDIDATE_B,candidate_b,RAW_GRID_T100_S020_GATE90_CANDIDATE_B|CADCHF|LONG|27,CADCHF,LONG,target,2022-01-13T14:10:00.000Z,2022-01-13T16:52:00.000Z,2022-01-10T00:00:00.000Z,3,2,0,0.038122,0.186782,-0.18,-0.019868,-0.013086,-0.652177,0.081757,25,26,0.1125,0.2,,B5B47EFB2514B59F4699CDDCA09989111FDC72B052D3676331F77990415367F6
RAW_GRID_T100_S020_GATE90_CANDIDATE_B,candidate_b,RAW_GRID_T100_S020_GATE90_CANDIDATE_B|CADCHF|LONG|28,CADCHF,LONG,target,2022-01-13T17:14:00.000Z,2022-01-13T17:40:00.000Z,2022-01-10T00:00:00.000Z,1,0,0,0.090789,0.450253,-0.06,-0.001656,0.388598,-0.121789,0.090789,26,27,0.018056,0.2,,767BE09DA45922C6027D0356E672A49C37E48627C56D3C82A24670F6BC65B77A
RAW_GRID_T100_S020_GATE90_CANDIDATE_B,candidate_b,RAW_GRID_T100_S020_GATE90_CANDIDATE_B|CADCHF|LONG|29,CADCHF,LONG,target,2022-01-13T17:54:00.000Z,2022-01-13T18:39:00.000Z,2022-01-10T00:00:00.000Z,1,0,0,0.117388,0.581871,-0.06,-0.002866,0.519006,-0.011074,0.117388,27,28,0.03125,0.2,,B2BA28978D459DE0E1B7D3884E12D7B8AE253BDC48CA924E9DB9E4F9590CF52B
RAW_GRID_T100_S020_GATE90_CANDIDATE_B,candidate_b,RAW_GRID_T100_S020_GATE90_CANDIDATE_B|CADCHF|LONG|30,CADCHF,LONG,session_flatten,2022-01-13T20:21:00.000Z,2022-01-13T21:00:00.000Z,2022-01-10T00:00:00.000Z,1,0,0,-0.108547,-0.537624,-0.06,-0.002484,-0.600107,-0.128484,0.013291,28,,0.027083,0.2,,3F42D51277C29F6B435C10801CEA6BAC175A9A4075894DB1ECEF3DFE2F92023A
RAW_GRID_T100_S020_GATE90_CANDIDATE_B,candidate_b,RAW_GRID_T100_S020_GATE90_CANDIDATE_B|CADCHF|LONG|31,CADCHF,LONG,target,2022-01-13T23:23:00.000Z,2022-01-14T04:02:00.000Z,2022-01-10T00:00:00.000Z,2,1,0,0.119892,0.540003,-0.12,-0.026427,0.393575,-0.203912,0.128763,28,29,0.19375,0.2,,97E008704A79660CD108C90C5F476F9C366843F3C05CDDC6D1A8DD079CC6E349
RAW_GRID_T100_S020_GATE90_CANDIDATE_B,candidate_b,RAW_GRID_T100_S020_GATE90_CANDIDATE_B|CADCHF|LONG|32,CADCHF,LONG,target,2022-01-14T12:09:00.000Z,2022-01-14T14:37:00.000Z,2022-01-10T00:00:00.000Z,3,2,0,0.166732,0.822915,-0.18,-0.019996,0.622919,-0.817335,0.166732,29,30,0.102778,0.2,,4FB3CC775744F86A0729915F5F5C0B0946D41072BDBFDAB3219A22D01E642AF9
RAW_GRID_T100_S020_GATE90_CANDIDATE_B,candidate_b,RAW_GRID_T100_S020_GATE90_CANDIDATE_B|CADCHF|LONG|33,CADCHF,LONG,target,2022-01-14T14:51:00.000Z,2022-01-14T14:59:00.000Z,2022-01-10T00:00:00.000Z,1,0,0,0.206329,1.020789,-0.06,-0.000509,0.96028,-0.035498,0.206329,30,31,0.005556,0.2,,9CB1B1D114B8CBA9AAAD582E7030AF7A3C0408652B6014B4D88377B0227227CB
RAW_GRID_T100_S020_GATE90_CANDIDATE_B,candidate_b,RAW_GRID_T100_S020_GATE90_CANDIDATE_B|CADJPY|LONG|1,CADJPY,LONG,target,2022-01-10T15:01:00.000Z,2022-01-10T18:52:00.000Z,2022-01-10T00:00:00.000Z,3,2,0,0.214997,1.449612,-0.18,-0.031713,1.237899,-0.685855,0.214997,0,1,0.160417,0.2,,AEBDEDE47C787A3DBEE5210C66F5816BA8AED1529304B120232FB2DC89B5ABF1
RAW_GRID_T100_S020_GATE90_CANDIDATE_B,candidate_b,RAW_GRID_T100_S020_GATE90_CANDIDATE_B|CADJPY|LONG|2,CADJPY,LONG,target,2022-01-11T14:44:00.000Z,2022-01-11T14:46:00.000Z,2022-01-10T00:00:00.000Z,1,0,0,0.113659,0.770048,-0.06,-0.000127,0.70992,0,0.113659,1,2,0.001389,0.2,,E1BB14FD1BFBA47728BD4CF43813CC90486449B87C56D5BC25018F2A71F4A278
RAW_GRID_T100_S020_GATE90_CANDIDATE_B,candidate_b,RAW_GRID_T100_S020_GATE90_CANDIDATE_B|CADJPY|LONG|3,CADJPY,LONG,target,2022-01-12T14:26:00.000Z,2022-01-12T14:34:00.000Z,2022-01-10T00:00:00.000Z,1,0,0,0.11922,0.816875,-0.06,-0.000509,0.756365,-0.005073,0.11922,2,3,0.005556,0.2,,4029BC5FBDEF1247BCC9F8C82AAB8FF86BAB1CF3AD9D68DD70BEF8D62AE9A944
RAW_GRID_T100_S020_GATE90_CANDIDATE_B,candidate_b,RAW_GRID_T100_S020_GATE90_CANDIDATE_B|CADJPY|LONG|4,CADJPY,LONG,target,2022-01-12T15:06:00.000Z,2022-01-12T15:09:00.000Z,2022-01-10T00:00:00.000Z,1,0,0,0.10653,0.729903,-0.06,-0.000191,0.669712,-0.002537,0.10653,3,4,0.002083,0.2,,B12822F12381D62CEDCD80E22681D34D8FFB9BE1B9970BB33363D8FE8A765688
RAW_GRID_T100_S020_GATE90_CANDIDATE_B,candidate_b,RAW_GRID_T100_S020_GATE90_CANDIDATE_B|CADJPY|LONG|5,CADJPY,LONG,session_flatten,2022-01-12T15:17:00.000Z,2022-01-12T21:00:00.000Z,2022-01-10T00:00:00.000Z,3,2,0,-0.38539,-2.65443,-0.18,-0.045532,-2.879962,-0.827704,0.073567,4,,0.238194,0.2,,319B5167D3E8CAD85E907D971C9CF62FC4603971DBA468CE9B8E677D3FA733ED
RAW_GRID_T100_S020_GATE90_CANDIDATE_B,candidate_b,RAW_GRID_T100_S020_GATE90_CANDIDATE_B|CADJPY|LONG|6,CADJPY,LONG,target,2022-01-13T01:36:00.000Z,2022-01-13T02:13:00.000Z,2022-01-10T00:00:00.000Z,1,0,0,0.113262,0.776545,-0.06,-0.002356,0.714188,-0.015271,0.113262,4,5,0.025694,0.2,,4061E2BC2BC30E7F6BE12D3216CCB3DB89A91EA94E2A4512052789E26328B52D
RAW_GRID_T100_S020_GATE90_CANDIDATE_B,candidate_b,RAW_GRID_T100_S020_GATE90_CANDIDATE_B|CADJPY|LONG|7,CADJPY,LONG,target,2022-01-13T12:44:00.000Z,2022-01-13T13:34:00.000Z,2022-01-10T00:00:00.000Z,1,0,0,0.086504,0.594753,-0.06,-0.003184,0.531569,-0.063605,0.086504,5,6,0.034722,0.2,,F633825E5F6B200014CE88450B8264C5FFAEC9E56DD61646D5AA9F7ADF8BB413
RAW_GRID_T100_S020_GATE90_CANDIDATE_B,candidate_b,RAW_GRID_T100_S020_GATE90_CANDIDATE_B|CADJPY|LONG|8,CADJPY,LONG,session_flatten,2022-01-13T15:09:00.000Z,2022-01-13T21:00:00.000Z,2022-01-10T00:00:00.000Z,3,2,0,-1.00484,-6.912509,-0.18,-0.057312,-7.149822,-1.123364,0.082692,6,,0.24375,0.2,,B513C2325EA38240C0BBA45E08E9E8EA8EEFBB91008FD7AA4FFA9597E4BFF529
RAW_GRID_T100_S020_GATE90_CANDIDATE_B,candidate_b,RAW_GRID_T100_S020_GATE90_CANDIDATE_B|CADJPY|LONG|9,CADJPY,LONG,target,2022-01-13T23:36:00.000Z,2022-01-14T06:02:00.000Z,2022-01-10T00:00:00.000Z,3,2,0,0.138917,0.949737,-0.18,-0.060497,0.70924,-0.951306,0.138917,6,7,0.268056,0.2,,FCFEE5C284D987D8D1A2F1528E9158E2A4F791D72742549CBF49FD1F7EBFB26F
RAW_GRID_T100_S020_GATE90_CANDIDATE_B,candidate_b,RAW_GRID_T100_S020_GATE90_CANDIDATE_B|CADJPY|LONG|10,CADJPY,LONG,target,2022-01-14T12:09:00.000Z,2022-01-14T14:39:00.000Z,2022-01-10T00:00:00.000Z,4,3,0,0.788432,5.390987,-0.24,-0.024708,5.126279,-1.403229,0.788432,7,8,0.104167,0.2,,23DA00F9D5CC5A83A601EFC956DEDF84AAD8B9FC8FEB48748650D8018D0C6DE4
RAW_GRID_T100_S020_GATE90_CANDIDATE_B,candidate_b,RAW_GRID_T100_S020_GATE90_CANDIDATE_B|CADJPY|LONG|11,CADJPY,LONG,target,2022-01-14T14:50:00.000Z,2022-01-14T14:59:00.000Z,2022-01-10T00:00:00.000Z,1,0,0,0.139924,0.958815,-0.06,-0.000573,0.898242,-0.065468,0.139924,8,9,0.00625,0.2,,C52E240341D82C02C7CD9223FE56628DB523BB3BD7DB964860B9B41C440257F2
RAW_GRID_T100_S020_GATE90_CANDIDATE_B,candidate_b,RAW_GRID_T100_S020_GATE90_CANDIDATE_B|CADJPY|LONG|12,CADJPY,LONG,target,2022-01-14T15:27:00.000Z,2022-01-14T15:30:00.000Z,2022-01-10T00:00:00.000Z,1,0,0,0.142523,0.975347,-0.06,-0.000191,0.915156,0,0.142523,9,10,0.002083,0.2,,3C932C4D051414702A70405BF482B8142A8F4C8CF93CDF22AE41C0462D41E4CB
RAW_GRID_T100_S020_GATE90_CANDIDATE_B,candidate_b,RAW_GRID_T100_S020_GATE90_CANDIDATE_B|CHFJPY|LONG|1,CHFJPY,LONG,session_flatten,2022-01-10T15:53:00.000Z,2022-01-10T21:00:00.000Z,2022-01-10T00:00:00.000Z,2,1,0,-0.177519,-1.5013,-0.12,-0.038527,-1.659827,-0.315143,0.260002,0,,0.213194,0.2,,A5A34B1BB44073226233AE71E45D020071A8A83BD4B0C6CD61C96977756ED73B
RAW_GRID_T100_S020_GATE90_CANDIDATE_B,candidate_b,RAW_GRID_T100_S020_GATE90_CANDIDATE_B|CHFJPY|LONG|2,CHFJPY,LONG,target,2022-01-10T23:05:00.000Z,2022-01-11T00:54:00.000Z,2022-01-10T00:00:00.000Z,1,0,0,0.168573,1.422503,-0.06,-0.006941,1.355561,-0.013362,0.168573,0,1,0.075694,0.2,,D34BFA1C037240D2DE7994CBAEB56B5747211243BB2A7E8428EB6349AB346EC3
RAW_GRID_T100_S020_GATE90_CANDIDATE_B,candidate_b,RAW_GRID_T100_S020_GATE90_CANDIDATE_B|CHFJPY|LONG|3,CHFJPY,LONG,session_flatten,2022-01-12T19:40:00.000Z,2022-01-12T21:00:00.000Z,2022-01-10T00:00:00.000Z,1,0,0,0.151022,1.292279,-0.06,-0.005094,1.227185,0,0.152044,1,,0.055556,0.2,,412B01CEEE29CF95DA3184BD926C567385256953677C9746F5706135F4247782
RAW_GRID_T100_S020_GATE90_CANDIDATE_B,candidate_b,RAW_GRID_T100_S020_GATE90_CANDIDATE_B|CHFJPY|LONG|4,CHFJPY,LONG,target,2022-01-13T01:20:00.000Z,2022-01-13T02:47:00.000Z,2022-01-10T00:00:00.000Z,1,0,0,0.101955,0.872419,-0.06,-0.00554,0.806879,-0.071368,0.101955,1,2,0.060417,0.2,,CBABEBC97E864D99721F43CBBAB090581CD4C983E9DCEC75870A36AF3489752B
RAW_GRID_T100_S020_GATE90_CANDIDATE_B,candidate_b,RAW_GRID_T100_S020_GATE90_CANDIDATE_B|CHFJPY|LONG|5,CHFJPY,LONG,target,2022-01-13T03:10:00.000Z,2022-01-13T06:35:00.000Z,2022-01-10T00:00:00.000Z,1,0,0,0.08361,0.715334,-0.06,-0.013055,0.642279,-0.089727,0.08361,2,3,0.142361,0.2,,88A75212D7ACA589C887778ED4C559EAEF9B504485BDA52C8095759DD7D8A499
RAW_GRID_T100_S020_GATE90_CANDIDATE_B,candidate_b,RAW_GRID_T100_S020_GATE90_CANDIDATE_B|CHFJPY|LONG|6,CHFJPY,LONG,target,2022-01-13T08:59:00.000Z,2022-01-13T09:17:00.000Z,2022-01-10T00:00:00.000Z,1,0,0,0.098916,0.846631,-0.06,-0.001146,0.785485,-0.014277,0.098916,3,4,0.0125,0.2,,2BE703FDEF9FA20091C67C013D73AFCE1AD595858597B997B573B6053FB45D7A
RAW_GRID_T100_S020_GATE90_CANDIDATE_B,candidate_b,RAW_GRID_T100_S020_GATE90_CANDIDATE_B|CHFJPY|LONG|7,CHFJPY,LONG,target,2022-01-13T12:58:00.000Z,2022-01-13T13:46:00.000Z,2022-01-10T00:00:00.000Z,1,0,0,0.095808,0.82253,-0.06,-0.003057,0.759473,-0.106001,0.095808,4,5,0.033333,0.2,,28724727EAD8BB6ED46BA9FE7DEC4766BB8772E8DD8CEC2858997DC7B152E7C8
RAW_GRID_T100_S020_GATE90_CANDIDATE_B,candidate_b,RAW_GRID_T100_S020_GATE90_CANDIDATE_B|CHFJPY|LONG|8,CHFJPY,LONG,session_flatten,2022-01-13T15:36:00.000Z,2022-01-13T21:00:00.000Z,2022-01-10T00:00:00.000Z,1,0,0,-0.114136,-0.981238,-0.06,-0.020632,-1.061871,-0.155918,0.061145,5,,0.225,0.2,,86E503CB5424595B2B3E910DE0979FE37AAEE8B4B1E838AAAFF564CC6E4C00D7
RAW_GRID_T100_S020_GATE90_CANDIDATE_B,candidate_b,RAW_GRID_T100_S020_GATE90_CANDIDATE_B|CHFJPY|LONG|9,CHFJPY,LONG,target,2022-01-13T23:38:00.000Z,2022-01-14T08:11:00.000Z,2022-01-10T00:00:00.000Z,3,2,0,0.141575,1.212747,-0.18,-0.077754,0.954993,-0.667274,0.141575,5,6,0.35625,0.2,,E52E2DEBB7C944672E7B623285CA5D9B9E871C17F23F67E9A9635967484D6901
RAW_GRID_T100_S020_GATE90_CANDIDATE_B,candidate_b,RAW_GRID_T100_S020_GATE90_CANDIDATE_B|CHFJPY|LONG|10,CHFJPY,LONG,target,2022-01-14T08:25:00.000Z,2022-01-14T08:58:00.000Z,2022-01-10T00:00:00.000Z,1,0,0,0.089937,0.77319,-0.06,-0.002101,0.711089,-0.100157,0.089937,6,7,0.022917,0.2,,696400D7DA4C7184FF5E6570CC83B0845D0E4098E57D35296BA5C4F82D7D0780
RAW_GRID_T100_S020_GATE90_CANDIDATE_B,candidate_b,RAW_GRID_T100_S020_GATE90_CANDIDATE_B|CHFJPY|LONG|11,CHFJPY,LONG,target,2022-01-14T12:00:00.000Z,2022-01-14T15:12:00.000Z,2022-01-10T00:00:00.000Z,3,2,0,0.321209,2.750903,-0.18,-0.023817,2.547086,-0.637374,0.321209,7,8,0.133333,0.2,,11E653C046BDD8E149372CA9D770C4F359B21E69EB1948F06DC5265260652E49
RAW_GRID_T100_S020_GATE90_CANDIDATE_B,candidate_b,RAW_GRID_T100_S020_GATE90_CANDIDATE_B|CHFJPY|LONG|12,CHFJPY,LONG,target,2022-01-14T15:27:00.000Z,2022-01-14T15:32:00.000Z,2022-01-10T00:00:00.000Z,1,0,0,0.129049,1.107052,-0.06,-0.000318,1.046733,0,0.129049,8,9,0.003472,0.2,,4D2C51DB65EA619B586BD02797EBA12902B74674CF7D42C08DA6FC8B49548192
RAW_GRID_T100_S020_GATE90_CANDIDATE_B,candidate_b,RAW_GRID_T100_S020_GATE90_CANDIDATE_B|EURAUD|LONG|1,EURAUD,LONG,target,2022-01-10T14:14:00.000Z,2022-01-10T14:34:00.000Z,2022-01-10T00:00:00.000Z,1,0,0,0.140647,1.118116,-0.06,-0.001274,1.056842,-0.032457,0.140647,0,1,0.013889,0.2,,25FBEC1E9AF5125D411D4F1CA188ECE7A7DB4D512FACC5133192102D6B89BB73
RAW_GRID_T100_S020_GATE90_CANDIDATE_B,candidate_b,RAW_GRID_T100_S020_GATE90_CANDIDATE_B|EURAUD|LONG|2,EURAUD,LONG,target,2022-01-10T18:52:00.000Z,2022-01-10T19:39:00.000Z,2022-01-10T00:00:00.000Z,1,0,0,0.115983,0.924714,-0.06,-0.002993,0.861721,-0.017981,0.115983,1,2,0.032639,0.2,,A67BFE53AA0437112DD35A21B0265762B0C0EA75F1B639AAA8D9096750EBFAB9
RAW_GRID_T100_S020_GATE90_CANDIDATE_B,candidate_b,RAW_GRID_T100_S020_GATE90_CANDIDATE_B|EURAUD|LONG|3,EURAUD,LONG,session_flatten,2022-01-10T20:20:00.000Z,2022-01-10T21:00:00.000Z,2022-01-10T00:00:00.000Z,1,0,0,-0.048546,-0.387554,-0.06,-0.002547,-0.450101,-0.066526,0.061133,2,,0.027778,0.2,,E15E25750B92CD126899765D15F8080B4084F78F1D747700835F670627F39B9C
RAW_GRID_T100_S020_GATE90_CANDIDATE_B,candidate_b,RAW_GRID_T100_S020_GATE90_CANDIDATE_B|EURAUD|LONG|4,EURAUD,LONG,target,2022-01-10T23:05:00.000Z,2022-01-11T01:33:00.000Z,2022-01-10T00:00:00.000Z,1,0,0,0.055757,0.445379,-0.06,-0.009425,0.375955,-0.176267,0.070147,2,3,0.102778,0.2,,648BE96690923544CD7820C40F2251E6CC82D2B019BD4B3ED0D1E6FBC9B96D7A
RAW_GRID_T100_S020_GATE90_CANDIDATE_B,candidate_b,RAW_GRID_T100_S020_GATE90_CANDIDATE_B|EURAUD|LONG|5,EURAUD,LONG,target,2022-01-11T02:57:00.000Z,2022-01-11T05:03:00.000Z,2022-01-10T00:00:00.000Z,1,0,0,0.088183,0.70419,-0.06,-0.008024,0.636167,-0.127775,0.088183,3,4,0.0875,0.2,,7FFDDF6ADFD7FD5D108655677D286A18FF8B7EC4BBEDB5242DA2C90F04FCACFF
RAW_GRID_T100_S020_GATE90_CANDIDATE_B,candidate_b,RAW_GRID_T100_S020_GATE90_CANDIDATE_B|EURAUD|LONG|6,EURAUD,LONG,target,2022-01-11T05:45:00.000Z,2022-01-11T06:22:00.000Z,2022-01-10T00:00:00.000Z,1,0,0,0.092695,0.740204,-0.06,-0.002356,0.677848,-0.047697,0.092695,4,5,0.025694,0.2,,FB0E97BFB305D28C1522744F426FE95D805CAFED85D898DFF800C600CBB49372
RAW_GRID_T100_S020_GATE90_CANDIDATE_B,candidate_b,RAW_GRID_T100_S020_GATE90_CANDIDATE_B|EURAUD|LONG|7,EURAUD,LONG,target,2022-01-11T07:54:00.000Z,2022-01-11T08:11:00.000Z,2022-01-10T00:00:00.000Z,1,0,0,0.093586,0.747639,-0.06,-0.001083,0.686556,-0.039593,0.093586,5,6,0.011806,0.2,,4C80BDB0D76CFDE0A64CC904C067DE358292404FA4C59FFE19D057698A2AC752
RAW_GRID_T100_S020_GATE90_CANDIDATE_B,candidate_b,RAW_GRID_T100_S020_GATE90_CANDIDATE_B|EURAUD|LONG|8,EURAUD,LONG,target,2022-01-11T09:41:00.000Z,2022-01-11T10:22:00.000Z,2022-01-10T00:00:00.000Z,1,0,0,0.105266,0.840091,-0.06,-0.002611,0.77748,-0.073775,0.105266,6,7,0.028472,0.2,,674F07BE7F17E12089B1F3E66043D33E687C8DCAF5429AB67D1D7938645A6B7C
RAW_GRID_T100_S020_GATE90_CANDIDATE_B,candidate_b,RAW_GRID_T100_S020_GATE90_CANDIDATE_B|EURAUD|LONG|9,EURAUD,LONG,target,2022-01-11T10:28:00.000Z,2022-01-11T10:37:00.000Z,2022-01-10T00:00:00.000Z,1,0,0,0.126903,1.012549,-0.06,-0.000573,0.951976,-0.017101,0.126903,7,8,0.00625,0.2,,DB695CEE0FE7EB56D142BA0FB650F563743246F60198541ED3F71F85E1EDE266
RAW_GRID_T100_S020_GATE90_CANDIDATE_B,candidate_b,RAW_GRID_T100_S020_GATE90_CANDIDATE_B|EURAUD|LONG|10,EURAUD,LONG,target,2022-01-11T15:06:00.000Z,2022-01-11T15:17:00.000Z,2022-01-10T00:00:00.000Z,1,0,0,0.143884,1.147902,-0.06,-0.0007,1.087201,0,0.143884,8,9,0.007639,0.2,,22011EB00CA1569C1CE3865EB27ACB38C48ABFEF795FA52A5FF7D4053700ED61
RAW_GRID_T100_S020_GATE90_CANDIDATE_B,candidate_b,RAW_GRID_T100_S020_GATE90_CANDIDATE_B|EURAUD|LONG|11,EURAUD,LONG,target,2022-01-11T15:31:00.000Z,2022-01-11T15:44:00.000Z,2022-01-10T00:00:00.000Z,1,0,0,0.167279,1.334964,-0.06,-0.000828,1.274136,0,0.167279,9,10,0.009028,0.2,,17DC9AFA0C3CA42F962F3877FFCDD1B145DDFA5DA4FC047DDE3D62336592F7EC
RAW_GRID_T100_S020_GATE90_CANDIDATE_B,candidate_b,RAW_GRID_T100_S020_GATE90_CANDIDATE_B|EURAUD|LONG|12,EURAUD,LONG,target,2022-01-11T16:05:00.000Z,2022-01-11T16:07:00.000Z,2022-01-10T00:00:00.000Z,1,0,0,0.126787,1.013311,-0.06,-0.000127,0.953183,0,0.126787,10,11,0.001389,0.2,,5F0281FE6D79EF9A937EC015FAA75B2728634EA7E98968BC7DC7A6D904A258DB
RAW_GRID_T100_S020_GATE90_CANDIDATE_B,candidate_b,RAW_GRID_T100_S020_GATE90_CANDIDATE_B|EURAUD|LONG|13,EURAUD,LONG,session_flatten,2022-01-11T17:01:00.000Z,2022-01-11T21:00:00.000Z,2022-01-10T00:00:00.000Z,2,1,0,-0.208574,-1.672821,-0.12,-0.024581,-1.817402,-0.312946,0.035963,11,,0.165972,0.2,,F8434F44E3932CDEF069574661435E5AB39DDA799B0D65260468BD61811FB6AF
RAW_GRID_T100_S020_GATE90_CANDIDATE_B,candidate_b,RAW_GRID_T100_S020_GATE90_CANDIDATE_B|EURAUD|LONG|14,EURAUD,LONG,target,2022-01-11T23:05:00.000Z,2022-01-12T07:55:00.000Z,2022-01-10T00:00:00.000Z,1,0,0,0.02521,0.201729,-0.06,-0.033751,0.107978,-0.179172,0.098139,11,12,0.368056,0.2,,64FD7AE57CA33AC1039CF9DC6CD9C75A9F771FC2563F8CBEA51B34F86535DAE9
RAW_GRID_T100_S020_GATE90_CANDIDATE_B,candidate_b,RAW_GRID_T100_S020_GATE90_CANDIDATE_B|EURAUD|LONG|15,EURAUD,LONG,target,2022-01-12T10:47:00.000Z,2022-01-12T12:10:00.000Z,2022-01-10T00:00:00.000Z,1,0,0,0.10632,0.850731,-0.06,-0.005285,0.785445,-0.036041,0.10632,12,13,0.057639,0.2,,72B41C23136F6B12FD7CA0B6571E17B9C97842C7ADE375E57B3060F20B5A9993
RAW_GRID_T100_S020_GATE90_CANDIDATE_B,candidate_b,RAW_GRID_T100_S020_GATE90_CANDIDATE_B|EURAUD|LONG|16,EURAUD,LONG,target,2022-01-12T12:25:00.000Z,2022-01-12T13:13:00.000Z,2022-01-10T00:00:00.000Z,1,0,0,0.109939,0.879976,-0.06,-0.003057,0.816919,-0.043255,0.109939,13,14,0.033333,0.2,,434C7E8EA094C24CBCBBD810E1D50F510533B6384FF74E7ED22C3E0C7CA3EF36
RAW_GRID_T100_S020_GATE90_CANDIDATE_B,candidate_b,RAW_GRID_T100_S020_GATE90_CANDIDATE_B|EURAUD|LONG|17,EURAUD,LONG,target,2022-01-12T13:25:00.000Z,2022-01-12T13:31:00.000Z,2022-01-10T00:00:00.000Z,1,0,0,0.108138,0.8663,-0.06,-0.000382,0.805918,0,0.108138,14,15,0.004167,0.2,,D40A390C5CBF72845C6F80A71C24EE271A62D474A2908701CF31BE5AF5146C87
RAW_GRID_T100_S020_GATE90_CANDIDATE_B,candidate_b,RAW_GRID_T100_S020_GATE90_CANDIDATE_B|EURAUD|LONG|18,EURAUD,LONG,session_flatten,2022-01-12T13:31:00.000Z,2022-01-12T21:00:00.000Z,2022-01-10T00:00:00.000Z,3,2,0,-0.503018,-4.067092,-0.18,-0.078964,-4.326056,-1.020161,0.172469,15,,0.311806,0.2,,A295BB9BC4E121FDA86CA1281ADF9226F756654524749E39C73AA0E23174F49F
RAW_GRID_T100_S020_GATE90_CANDIDATE_B,candidate_b,RAW_GRID_T100_S020_GATE90_CANDIDATE_B|EURAUD|LONG|19,EURAUD,LONG,target,2022-01-12T23:13:00.000Z,2022-01-13T00:03:00.000Z,2022-01-10T00:00:00.000Z,1,0,0,0.103041,0.830196,-0.06,-0.003184,0.767012,-0.012654,0.103041,15,16,0.034722,0.2,,DF6184C383591567F52E0EB1997E0A8BDD3CDDDFB891D5332D24A57F313329EA
RAW_GRID_T100_S020_GATE90_CANDIDATE_B,candidate_b,RAW_GRID_T100_S020_GATE90_CANDIDATE_B|EURAUD|LONG|20,EURAUD,LONG,target,2022-01-13T03:35:00.000Z,2022-01-13T05:38:00.000Z,2022-01-10T00:00:00.000Z,1,0,0,0.082278,0.663044,-0.06,-0.007833,0.595212,-0.064195,0.085894,16,17,0.085417,0.2,,05DAF9EEF4EAD36C1769679C585F842CFB19E877D38BC661E1B25A9B1F6B46BE
RAW_GRID_T100_S020_GATE90_CANDIDATE_B,candidate_b,RAW_GRID_T100_S020_GATE90_CANDIDATE_B|EURAUD|LONG|21,EURAUD,LONG,target,2022-01-13T07:11:00.000Z,2022-01-13T07:35:00.000Z,2022-01-10T00:00:00.000Z,1,0,0,0.111233,0.897828,-0.06,-0.001528,0.836299,-0.009947,0.111233,17,18,0.016667,0.2,,0F8B0E96E40B5AB633DC78B18326AE53F154BB03167B2DC07621D94737664E3B
RAW_GRID_T100_S020_GATE90_CANDIDATE_B,candidate_b,RAW_GRID_T100_S020_GATE90_CANDIDATE_B|EURAUD|LONG|22,EURAUD,LONG,target,2022-01-13T08:04:00.000Z,2022-01-13T08:37:00.000Z,2022-01-10T00:00:00.000Z,1,0,0,0.115778,0.935301,-0.06,-0.002101,0.873199,-0.023517,0.115778,18,19,0.022917,0.2,,6D753A9CE61DA95CA531543B4C2B9FD6C9BEBCF5D65FCCD80A196326AEB3D862
RAW_GRID_T100_S020_GATE90_CANDIDATE_B,candidate_b,RAW_GRID_T100_S020_GATE90_CANDIDATE_B|EURAUD|LONG|23,EURAUD,LONG,target,2022-01-13T08:48:00.000Z,2022-01-13T09:12:00.000Z,2022-01-10T00:00:00.000Z,1,0,0,0.100396,0.810372,-0.06,-0.001528,0.748843,-0.017184,0.100396,19,20,0.016667,0.2,,EB86AEB821212596635B7F5CF60BAF7ECEF0C16EEA3144F9FAFC46D554CD9CE4
RAW_GRID_T100_S020_GATE90_CANDIDATE_B,candidate_b,RAW_GRID_T100_S020_GATE90_CANDIDATE_B|EURAUD|LONG|24,EURAUD,LONG,target,2022-01-13T09:55:00.000Z,2022-01-13T12:00:00.000Z,2022-01-10T00:00:00.000Z,1,0,0,0.094081,0.759329,-0.06,-0.00796,0.691368,-0.076893,0.094081,20,21,0.086806,0.2,,423763BEB543EC8969EC548C8A83FBA277484DC5044E0B0B6CA8FC57D386852D
RAW_GRID_T100_S020_GATE90_CANDIDATE_B,candidate_b,RAW_GRID_T100_S020_GATE90_CANDIDATE_B|EURAUD|LONG|25,EURAUD,LONG,target,2022-01-13T13:49:00.000Z,2022-01-13T14:00:00.000Z,2022-01-10T00:00:00.000Z,1,0,0,0.101328,0.818354,-0.06,-0.0007,0.757654,-0.005428,0.101328,21,22,0.007639,0.2,,AD3BB5DEFBA0DD6C6940B87D25ABCE2EB6ADE017229CE7B2FAA040F67C099482
RAW_GRID_T100_S020_GATE90_CANDIDATE_B,candidate_b,RAW_GRID_T100_S020_GATE90_CANDIDATE_B|EURAUD|LONG|26,EURAUD,LONG,target,2022-01-14T06:02:00.000Z,2022-01-14T08:54:00.000Z,2022-01-10T00:00:00.000Z,1,0,0,0.077527,0.626343,-0.06,-0.010953,0.55539,-0.180294,0.084739,22,23,0.119444,0.2,,CFF83BFBAE8AF0481C8CDAA99E692D3C666A7D520C29A90F691BDF10EE830D9F
RAW_GRID_T100_S020_GATE90_CANDIDATE_B,candidate_b,RAW_GRID_T100_S020_GATE90_CANDIDATE_B|EURAUD|LONG|27,EURAUD,LONG,target,2022-01-14T14:59:00.000Z,2022-01-14T15:02:00.000Z,2022-01-10T00:00:00.000Z,1,0,0,0.123285,0.993054,-0.06,-0.000191,0.932863,0,0.123285,23,24,0.002083,0.2,,775881D8A4FFADB743ADDBE86DA0F20659330BEE0B44D672FBBE36E369F4BFC7
RAW_GRID_T100_S020_GATE90_CANDIDATE_B,candidate_b,RAW_GRID_T100_S020_GATE90_CANDIDATE_B|EURAUD|LONG|28,EURAUD,LONG,target,2022-01-14T15:12:00.000Z,2022-01-14T15:27:00.000Z,2022-01-10T00:00:00.000Z,1,0,0,0.162007,1.30331,-0.06,-0.000955,1.242355,0,0.162007,24,25,0.010417,0.2,,0A417AC33DAFE87A37207026DE434E03D383A957EA2FE8652719407674D1E723
RAW_GRID_T100_S020_GATE90_CANDIDATE_B,candidate_b,RAW_GRID_T100_S020_GATE90_CANDIDATE_B|EURCAD|LONG|1,EURCAD,LONG,target,2022-01-10T13:52:00.000Z,2022-01-10T14:36:00.000Z,2022-01-10T00:00:00.000Z,1,0,0,0.13009,0.946772,-0.06,-0.002802,0.88397,-0.043364,0.13009,0,1,0.030556,0.2,,E245370F59FFA1D0FBBF45DB3C0588A99A9617E92721327FB8BBD610211475A3
RAW_GRID_T100_S020_GATE90_CANDIDATE_B,candidate_b,RAW_GRID_T100_S020_GATE90_CANDIDATE_B|EURCAD|LONG|2,EURCAD,LONG,target,2022-01-10T23:57:00.000Z,2022-01-11T01:35:00.000Z,2022-01-10T00:00:00.000Z,1,0,0,0.1048,0.765963,-0.06,-0.006241,0.699722,-0.0551,0.1048,1,2,0.068056,0.2,,D7F46CCA4CB9AD3242CF045E98FDF630B121572F33E5B18B550C3548E9EE8203
RAW_GRID_T100_S020_GATE90_CANDIDATE_B,candidate_b,RAW_GRID_T100_S020_GATE90_CANDIDATE_B|EURCAD|LONG|3,EURCAD,LONG,target,2022-01-11T02:18:00.000Z,2022-01-11T08:35:00.000Z,2022-01-10T00:00:00.000Z,1,0,0,0.022691,0.166007,-0.06,-0.024008,0.082,-0.171803,0.074557,2,3,0.261806,0.2,,EBB26503C6D04707ABD25FAADC5598B6F24A30000BF727EFA78C9E34ED756857
RAW_GRID_T100_S020_GATE90_CANDIDATE_B,candidate_b,RAW_GRID_T100_S020_GATE90_CANDIDATE_B|EURCAD|LONG|4,EURCAD,LONG,target,2022-01-11T09:04:00.000Z,2022-01-11T09:10:00.000Z,2022-01-10T00:00:00.000Z,1,0,0,0.107045,0.78302,-0.06,-0.000382,0.722638,0,0.107045,3,4,0.004167,0.2,,05D5215BD59FBCD0466CD258264A309360F573EDACB380475B3BE42787067729
RAW_GRID_T100_S020_GATE90_CANDIDATE_B,candidate_b,RAW_GRID_T100_S020_GATE90_CANDIDATE_B|EURCAD|LONG|5,EURCAD,LONG,target,2022-01-11T09:18:00.000Z,2022-01-11T11:35:00.000Z,2022-01-10T00:00:00.000Z,2,1,0,0.134347,0.980269,-0.12,-0.015665,0.844604,-0.233575,0.134347,4,5,0.095139,0.2,,1A9325A7D1AC8F84034D4004CA30292FED5915BBD6F31B5C3EEB611D7B42A09E
RAW_GRID_T100_S020_GATE90_CANDIDATE_B,candidate_b,RAW_GRID_T100_S020_GATE90_CANDIDATE_B|EURCAD|LONG|6,EURCAD,LONG,target,2022-01-11T12:15:00.000Z,2022-01-11T12:48:00.000Z,2022-01-10T00:00:00.000Z,1,0,0,0.097419,0.711701,-0.06,-0.002101,0.6496,-0.034637,0.097419,5,6,0.022917,0.2,,0984CC6D320E293F95133BCE2F6C4F89FD0F9A7C9BB1D7D7261327B4797E9386
RAW_GRID_T100_S020_GATE90_CANDIDATE_B,candidate_b,RAW_GRID_T100_S020_GATE90_CANDIDATE_B|EURCAD|LONG|7,EURCAD,LONG,target,2022-01-11T12:58:00.000Z,2022-01-11T13:14:00.000Z,2022-01-10T00:00:00.000Z,1,0,0,0.0866,0.632769,-0.06,-0.001019,0.57175,-0.072528,0.0866,6,7,0.011111,0.2,,BC9573B50AD6CF0858CA47404FAE4FF9EA3CF16BBBF86D990124D7F4187FAA5C
RAW_GRID_T100_S020_GATE90_CANDIDATE_B,candidate_b,RAW_GRID_T100_S020_GATE90_CANDIDATE_B|EURCAD|LONG|8,EURCAD,LONG,target,2022-01-11T13:28:00.000Z,2022-01-11T13:52:00.000Z,2022-01-10T00:00:00.000Z,1,0,0,0.140763,1.027263,-0.06,-0.001528,0.965735,-0.050891,0.140763,7,8,0.016667,0.2,,0E82D2BDF684132F5F52E7DBC805CC3E16416C743DC85E2950A3C134CF1A73E1
RAW_GRID_T100_S020_GATE90_CANDIDATE_B,candidate_b,RAW_GRID_T100_S020_GATE90_CANDIDATE_B|EURCAD|LONG|9,EURCAD,LONG,target,2022-01-11T14:03:00.000Z,2022-01-11T14:31:00.000Z,2022-01-10T00:00:00.000Z,1,0,0,0.111536,0.814127,-0.06,-0.001783,0.752344,-0.003249,0.111536,8,9,0.019444,0.2,,3168E9D299A18C4DE96A4176078F1D3C9F0C21D63A2738E049BE6A9400560B6D
RAW_GRID_T100_S020_GATE90_CANDIDATE_B,candidate_b,RAW_GRID_T100_S020_GATE90_CANDIDATE_B|EURCAD|LONG|10,EURCAD,LONG,target,2022-01-11T15:01:00.000Z,2022-01-11T15:49:00.000Z,2022-01-10T00:00:00.000Z,1,0,0,0.143006,1.045243,-0.06,-0.003057,0.982186,-0.117005,0.143006,9,10,0.033333,0.2,,4F620590913261E35301FBABE99872F7CE3C7A94B0F9CE92DB9C580DF135E6FF
RAW_GRID_T100_S020_GATE90_CANDIDATE_B,candidate_b,RAW_GRID_T100_S020_GATE90_CANDIDATE_B|EURCAD|LONG|11,EURCAD,LONG,session_flatten,2022-01-11T17:06:00.000Z,2022-01-11T21:00:00.000Z,2022-01-10T00:00:00.000Z,2,1,0,-0.133224,-0.977964,-0.12,-0.027319,-1.125283,-0.367412,0.066269,10,,0.1625,0.2,,532A02C1F1C12294AAE9EF5C14157A9BCD99004F4B5B8D38199C6400C95B66AB
RAW_GRID_T100_S020_GATE90_CANDIDATE_B,candidate_b,RAW_GRID_T100_S020_GATE90_CANDIDATE_B|EURCAD|LONG|12,EURCAD,LONG,target,2022-01-11T23:05:00.000Z,2022-01-12T00:03:00.000Z,2022-01-10T00:00:00.000Z,1,0,0,0.106323,0.77915,-0.06,-0.003693,0.715456,-0.035803,0.106323,10,11,0.040278,0.2,,FF72B78F10516C3DFD86911A13A3EB911AF8C8F4ACED6E2B906FD0A51418AD1C
RAW_GRID_T100_S020_GATE90_CANDIDATE_B,candidate_b,RAW_GRID_T100_S020_GATE90_CANDIDATE_B|EURCAD|LONG|13,EURCAD,LONG,target,2022-01-12T00:34:00.000Z,2022-01-12T08:40:00.000Z,2022-01-10T00:00:00.000Z,2,1,0,0.007732,0.055696,-0.12,-0.054893,-0.119197,-0.357031,0.055498,11,12,0.3375,0.2,,6043B695A9B7767A38994E5B36A603065AE7E256F4502B9045672AFEC51B9ED1
RAW_GRID_T100_S020_GATE90_CANDIDATE_B,candidate_b,RAW_GRID_T100_S020_GATE90_CANDIDATE_B|EURCAD|LONG|14,EURCAD,LONG,target,2022-01-12T09:04:00.000Z,2022-01-12T12:21:00.000Z,2022-01-10T00:00:00.000Z,2,1,0,0.198084,1.449668,-0.12,-0.019168,1.3105,-0.517505,0.198084,12,13,0.136806,0.2,,5E4AE43A826829653F30E6B147135F904403524889C6AE2BE9A0E1671F67BD32
RAW_GRID_T100_S020_GATE90_CANDIDATE_B,candidate_b,RAW_GRID_T100_S020_GATE90_CANDIDATE_B|EURCAD|LONG|15,EURCAD,LONG,target,2022-01-12T12:38:00.000Z,2022-01-12T12:43:00.000Z,2022-01-10T00:00:00.000Z,1,0,0,0.117477,0.86032,-0.06,-0.000318,0.800002,0,0.117477,13,14,0.003472,0.2,,D81E811D40399A0D1549B89E5490B8EB3B2A12560ED216FF023B9AA55151BC67
RAW_GRID_T100_S020_GATE90_CANDIDATE_B,candidate_b,RAW_GRID_T100_S020_GATE90_CANDIDATE_B|EURCAD|LONG|16,EURCAD,LONG,target,2022-01-12T12:50:00.000Z,2022-01-12T13:17:00.000Z,2022-01-10T00:00:00.000Z,1,0,0,0.102245,0.749321,-0.06,-0.001719,0.687601,-0.048947,0.102245,14,15,0.01875,0.2,,FB3CF899406AD5FE98DFA36B540470ACB7A486D51952A298DAE36788A6F262D1
RAW_GRID_T100_S020_GATE90_CANDIDATE_B,candidate_b,RAW_GRID_T100_S020_GATE90_CANDIDATE_B|EURCAD|LONG|17,EURCAD,LONG,target,2022-01-12T13:22:00.000Z,2022-01-12T13:38:00.000Z,2022-01-10T00:00:00.000Z,1,0,0,0.10334,0.758626,-0.06,-0.001019,0.697607,-0.101165,0.10334,15,16,0.011111,0.2,,BC56713D4C0FF6A07AC753E72F787BC726892CB5DA076755334924EAAD6734EE
RAW_GRID_T100_S020_GATE90_CANDIDATE_B,candidate_b,RAW_GRID_T100_S020_GATE90_CANDIDATE_B|EURCAD|LONG|18,EURCAD,LONG,target,2022-01-13T11:31:00.000Z,2022-01-13T12:34:00.000Z,2022-01-10T00:00:00.000Z,1,0,0,0.093241,0.859997,-0.06,-0.004012,0.795985,-0.057462,0.093241,16,17,0.04375,0.2,,4FEC87C6AAD6AB56871DDD46A7498996B65C92906FB75A2529354F69BBF592C5
RAW_GRID_T100_S020_GATE90_CANDIDATE_B,candidate_b,RAW_GRID_T100_S020_GATE90_CANDIDATE_B|EURCAD|LONG|19,EURCAD,LONG,target,2022-01-13T13:16:00.000Z,2022-01-13T15:07:00.000Z,2022-01-10T00:00:00.000Z,1,0,0,0.06615,0.489134,-0.06,-0.007069,0.422065,-0.109526,0.06615,17,18,0.077083,0.2,,AE9C1526F815E96EFBD7ABD1D4C5375128ED419A561D06958FB318442D91F0C3
RAW_GRID_T100_S020_GATE90_CANDIDATE_B,candidate_b,RAW_GRID_T100_S020_GATE90_CANDIDATE_B|EURCAD|LONG|20,EURCAD,LONG,target,2022-01-14T06:49:00.000Z,2022-01-14T07:34:00.000Z,2022-01-10T00:00:00.000Z,1,0,0,0.123381,0.911639,-0.06,-0.002866,0.848773,-0.067102,0.123381,18,19,0.03125,0.2,,534AC81DB51715B65F99EC54DDEB3A07C48EF65B7CF9F29F65B5517EFF03464A
RAW_GRID_T100_S020_GATE90_CANDIDATE_B,candidate_b,RAW_GRID_T100_S020_GATE90_CANDIDATE_B|EURCAD|LONG|21,EURCAD,LONG,target,2022-01-14T07:49:00.000Z,2022-01-14T12:28:00.000Z,2022-01-10T00:00:00.000Z,2,1,0,0.010982,0.079935,-0.12,-0.031777,-0.071842,-0.543531,0.097405,19,20,0.19375,0.2,,44900B20A9FA14E96B6035AC937EAD94A9CA49A611CD1458FC514F38990F1782
RAW_GRID_T100_S020_GATE90_CANDIDATE_B,candidate_b,RAW_GRID_T100_S020_GATE90_CANDIDATE_B|EURCAD|LONG|22,EURCAD,LONG,target,2022-01-14T14:39:00.000Z,2022-01-14T14:42:00.000Z,2022-01-10T00:00:00.000Z,1,0,0,0.110516,0.814934,-0.06,-0.000191,0.754743,0,0.110516,20,21,0.002083,0.2,,620EBE75F5946BC11DFFC65BD4E9363334BAA66C836FFECB901101378A3247B9
RAW_GRID_T100_S020_GATE90_CANDIDATE_B,candidate_b,RAW_GRID_T100_S020_GATE90_CANDIDATE_B|EURCAD|LONG|23,EURCAD,LONG,target,2022-01-14T14:59:00.000Z,2022-01-14T15:07:00.000Z,2022-01-10T00:00:00.000Z,1,0,0,0.1181,0.869982,-0.06,-0.000509,0.809473,-0.024921,0.1181,21,22,0.005556,0.2,,22E4FA5D78DA47EB36D9FD9C207606F953521BF9D3CD2AA461EAC694F7194F4D
RAW_GRID_T100_S020_GATE90_CANDIDATE_B,candidate_b,RAW_GRID_T100_S020_GATE90_CANDIDATE_B|EURCAD|LONG|24,EURCAD,LONG,target,2022-01-14T15:12:00.000Z,2022-01-14T15:27:00.000Z,2022-01-10T00:00:00.000Z,1,0,0,0.195103,1.43592,-0.06,-0.000955,1.374965,-0.017343,0.195103,22,23,0.010417,0.2,,0F85CA4B1282F9E36D365ED11B8D56E37A1AD82E108B517E811AB10224B1D1D2
RAW_GRID_T100_S020_GATE90_CANDIDATE_B,candidate_b,RAW_GRID_T100_S020_GATE90_CANDIDATE_B|EURCAD|LONG|25,EURCAD,LONG,target,2022-01-14T15:35:00.000Z,2022-01-14T15:38:00.000Z,2022-01-10T00:00:00.000Z,1,0,0,0.132215,0.973825,-0.06,-0.000191,0.913634,0,0.132215,23,24,0.002083,0.2,,80CCED60632739FAC450671092C01C9299BAA965B2469406884EAC03A6CC6662
RAW_GRID_T100_S020_GATE90_CANDIDATE_B,candidate_b,RAW_GRID_T100_S020_GATE90_CANDIDATE_B|EURCHF|LONG|1,EURCHF,LONG,target,2022-01-11T07:39:00.000Z,2022-01-11T08:06:00.000Z,2022-01-10T00:00:00.000Z,1,0,0,0.117663,0.583707,-0.06,-0.001719,0.521987,-0.047937,0.117663,0,1,0.01875,0.2,,E9831EE64370F1AB64E1E7C3CC71CF46226BA39107DCAFA5F55A49B3E2C26900
RAW_GRID_T100_S020_GATE90_CANDIDATE_B,candidate_b,RAW_GRID_T100_S020_GATE90_CANDIDATE_B|EURCHF|LONG|2,EURCHF,LONG,target,2022-01-11T08:07:00.000Z,2022-01-11T08:18:00.000Z,2022-01-10T00:00:00.000Z,1,0,0,0.178675,0.885892,-0.06,-0.0007,0.825191,-0.017432,0.178675,1,2,0.007639,0.2,,0CE712444152A8E0F72B64BFC0CC2BE89D412FFDAD3089B5D0026F97AE522700
RAW_GRID_T100_S020_GATE90_CANDIDATE_B,candidate_b,RAW_GRID_T100_S020_GATE90_CANDIDATE_B|EURCHF|LONG|3,EURCHF,LONG,target,2022-01-11T08:43:00.000Z,2022-01-11T09:07:00.000Z,2022-01-10T00:00:00.000Z,1,0,0,0.15906,0.788977,-0.06,-0.001528,0.727449,-0.037041,0.15906,2,3,0.016667,0.2,,C6BA72056DD2E4EAD648994B1C8330BC635BC3B415B3672891B32487756DC97B
RAW_GRID_T100_S020_GATE90_CANDIDATE_B,candidate_b,RAW_GRID_T100_S020_GATE90_CANDIDATE_B|EURCHF|LONG|4,EURCHF,LONG,target,2022-01-11T09:16:00.000Z,2022-01-11T09:38:00.000Z,2022-01-10T00:00:00.000Z,1,0,0,0.128566,0.63748,-0.06,-0.001401,0.576079,-0.080625,0.128566,3,4,0.015278,0.2,,AA39D17ADBCDB6060C8B06DDB4DCE3FB8D2305D3DCCC38F2DC3539694E876E84
RAW_GRID_T100_S020_GATE90_CANDIDATE_B,candidate_b,RAW_GRID_T100_S020_GATE90_CANDIDATE_B|EURCHF|LONG|5,EURCHF,LONG,target,2022-01-11T09:43:00.000Z,2022-01-11T10:00:00.000Z,2022-01-10T00:00:00.000Z,1,0,0,0.095884,0.475038,-0.06,-0.001083,0.413955,-0.08063,0.095884,4,5,0.011806,0.2,,426B2D50BA9CFA99A8A5D493A385885CA0253A5FF20D37EEF6CDB56FB6F26441
RAW_GRID_T100_S020_GATE90_CANDIDATE_B,candidate_b,RAW_GRID_T100_S020_GATE90_CANDIDATE_B|EURCHF|LONG|6,EURCHF,LONG,target,2022-01-11T15:02:00.000Z,2022-01-11T15:44:00.000Z,2022-01-10T00:00:00.000Z,1,0,0,0.122057,0.604846,-0.06,-0.002675,0.542171,-0.039233,0.122057,5,6,0.029167,0.2,,C182C4AE402564E308C3423F157F5F6B42EE18C7773A217A6097D419D5AF1042
RAW_GRID_T100_S020_GATE90_CANDIDATE_B,candidate_b,RAW_GRID_T100_S020_GATE90_CANDIDATE_B|EURCHF|LONG|7,EURCHF,LONG,target,2022-01-11T15:58:00.000Z,2022-01-11T16:12:00.000Z,2022-01-10T00:00:00.000Z,1,0,0,0.111157,0.551708,-0.06,-0.000892,0.490817,-0.013077,0.111157,6,7,0.009722,0.2,,CB2ABACC132AC7FCDC7A3F2F404868C67FC2414221CBAFEE583D3AEA4367C3D7
RAW_GRID_T100_S020_GATE90_CANDIDATE_B,candidate_b,RAW_GRID_T100_S020_GATE90_CANDIDATE_B|EURCHF|LONG|8,EURCHF,LONG,target,2022-01-12T09:55:00.000Z,2022-01-12T13:33:00.000Z,2022-01-10T00:00:00.000Z,2,1,0,0.235577,1.171157,-0.12,-0.026555,1.024603,-0.244072,0.244297,7,8,0.151389,0.2,,EA79D794F5C0C1C1F598D92CC26FFC3BBCCF660E55E211CCDF1E78F091B57838
RAW_GRID_T100_S020_GATE90_CANDIDATE_B,candidate_b,RAW_GRID_T100_S020_GATE90_CANDIDATE_B|EURCHF|LONG|9,EURCHF,LONG,target,2022-01-12T13:35:00.000Z,2022-01-12T13:39:00.000Z,2022-01-10T00:00:00.000Z,1,0,0,0.056686,0.282397,-0.06,-0.000255,0.222142,-0.143894,0.056686,8,9,0.002778,0.2,,30F1EBC03C5EC2FED61043F893A63777B5FEC9E3D71BA5471FCFE472AF27298A
RAW_GRID_T100_S020_GATE90_CANDIDATE_B,candidate_b,RAW_GRID_T100_S020_GATE90_CANDIDATE_B|EURCHF|LONG|10,EURCHF,LONG,target,2022-01-12T13:42:00.000Z,2022-01-12T14:10:00.000Z,2022-01-10T00:00:00.000Z,1,0,0,0.11122,0.554347,-0.06,-0.001783,0.492564,-0.045796,0.11122,9,10,0.019444,0.2,,0883CBE03446E6B4E3102C815C63A07DCC84AEE01B1C913831BC1B71C1A82C66
RAW_GRID_T100_S020_GATE90_CANDIDATE_B,candidate_b,RAW_GRID_T100_S020_GATE90_CANDIDATE_B|EURCHF|LONG|11,EURCHF,LONG,target,2022-01-12T14:40:00.000Z,2022-01-12T14:49:00.000Z,2022-01-10T00:00:00.000Z,1,0,0,0.113417,0.565901,-0.06,-0.000573,0.505328,0,0.113417,10,11,0.00625,0.2,,2B9E1E305EBC65A4D762B26C9BFFFD72A68E54E381E83B8017909438F06C422E
RAW_GRID_T100_S020_GATE90_CANDIDATE_B,candidate_b,RAW_GRID_T100_S020_GATE90_CANDIDATE_B|EURCHF|LONG|12,EURCHF,LONG,target,2022-01-12T15:08:00.000Z,2022-01-12T19:29:00.000Z,2022-01-10T00:00:00.000Z,6,5,0,0.002974,-0.00001,-0.36,-0.083804,-0.443814,-2.935199,0.047987,11,12,0.18125,0.2,,B17B6DDACDE7F611F2FFB21C0A4A6549924A20AFFDEAC65F558B61B273B6AE34
RAW_GRID_T100_S020_GATE90_CANDIDATE_B,candidate_b,RAW_GRID_T100_S020_GATE90_CANDIDATE_B|EURCHF|LONG|13,EURCHF,LONG,session_flatten,2022-01-13T09:46:00.000Z,2022-01-13T21:00:00.000Z,2022-01-10T00:00:00.000Z,5,4,0,-1.136373,-5.705378,-0.3,-0.160921,-6.166299,-2.471528,0.078655,12,,0.468056,0.2,,9E2AEE0ECE3AEF150F06A75483F3C75A64992C5ED3B337F9D6C2673A8F77788E
RAW_GRID_T100_S020_GATE90_CANDIDATE_B,candidate_b,RAW_GRID_T100_S020_GATE90_CANDIDATE_B|EURCHF|LONG|14,EURCHF,LONG,target,2022-01-14T07:35:00.000Z,2022-01-14T08:25:00.000Z,2022-01-10T00:00:00.000Z,1,0,0,0.116138,0.582464,-0.06,-0.003184,0.51928,-0.076695,0.116138,12,13,0.034722,0.2,,8D617AF77A9953A6A996F25636035EB547E6F8DAF27010BBCA5448C1DE98B8C3
RAW_GRID_T100_S020_GATE90_CANDIDATE_B,candidate_b,RAW_GRID_T100_S020_GATE90_CANDIDATE_B|EURCHF|LONG|15,EURCHF,LONG,target,2022-01-14T08:57:00.000Z,2022-01-14T10:17:00.000Z,2022-01-10T00:00:00.000Z,1,0,0,0.096421,0.483069,-0.06,-0.005094,0.417975,-0.098613,0.102995,13,14,0.055556,0.2,,411E1440C66E12937D00C0CA07D834E5ED7CD5B379558F90AE9F794612F645FF
RAW_GRID_T100_S020_GATE90_CANDIDATE_B,candidate_b,RAW_GRID_T100_S020_GATE90_CANDIDATE_B|EURCHF|LONG|16,EURCHF,LONG,target,2022-01-14T11:50:00.000Z,2022-01-14T11:59:00.000Z,2022-01-10T00:00:00.000Z,1,0,0,0.103001,0.515716,-0.06,-0.000573,0.455143,-0.006574,0.103001,14,15,0.00625,0.2,,57BB373456E458BF18BF6224A56D37F64DCE48DEA9572231CA4984C1377347D7
RAW_GRID_T100_S020_GATE90_CANDIDATE_B,candidate_b,RAW_GRID_T100_S020_GATE90_CANDIDATE_B|EURGBP|LONG|1,EURGBP,LONG,target,2022-01-10T13:42:00.000Z,2022-01-10T13:43:00.000Z,2022-01-10T00:00:00.000Z,1,0,0,0.113429,0.569461,-0.06,-0.000064,0.509398,0,0.113429,0,1,0.000694,0.2,,0C0C2C3A3621E5FF51CFABF9ADAAE7E111CE52FE7F4CDFF9D43E45C64CC82BF2
RAW_GRID_T100_S020_GATE90_CANDIDATE_B,candidate_b,RAW_GRID_T100_S020_GATE90_CANDIDATE_B|EURGBP|LONG|2,EURGBP,LONG,target,2022-01-10T13:44:00.000Z,2022-01-10T14:22:00.000Z,2022-01-10T00:00:00.000Z,1,0,0,0.091826,0.460308,-0.06,-0.00242,0.397888,-0.083722,0.091826,1,2,0.026389,0.2,,95627024AABAED83486F3FF9735DF6CFAA32FE206D777C12147A375AD3D08F19
RAW_GRID_T100_S020_GATE90_CANDIDATE_B,candidate_b,RAW_GRID_T100_S020_GATE90_CANDIDATE_B|EURGBP|LONG|3,EURGBP,LONG,target,2022-01-10T18:51:00.000Z,2022-01-10T19:52:00.000Z,2022-01-10T00:00:00.000Z,1,0,0,0.134919,0.678188,-0.06,-0.003885,0.614304,-0.024285,0.134919,2,3,0.042361,0.2,,39E290F4F56DE5F7A93C69268BF96CFEE6552DCA33BDA1F0DC2748125A0E2365
RAW_GRID_T100_S020_GATE90_CANDIDATE_B,candidate_b,RAW_GRID_T100_S020_GATE90_CANDIDATE_B|EURGBP|LONG|4,EURGBP,LONG,session_flatten,2022-01-10T20:00:00.000Z,2022-01-10T21:00:00.000Z,2022-01-10T00:00:00.000Z,1,0,0,-0.048564,-0.244436,-0.06,-0.003821,-0.308257,-0.05396,0.053959,3,,0.041667,0.2,,D4ABAE2616C4502A661EEBDD18CC6CF5BFA27F0E1FE439DE1069080EC00EB5D4
RAW_GRID_T100_S020_GATE90_CANDIDATE_B,candidate_b,RAW_GRID_T100_S020_GATE90_CANDIDATE_B|EURGBP|LONG|5,EURGBP,LONG,target,2022-01-10T23:05:00.000Z,2022-01-11T01:27:00.000Z,2022-01-10T00:00:00.000Z,1,0,0,0.116032,0.5841,-0.06,-0.009043,0.515057,-0.021587,0.116032,3,4,0.098611,0.2,,3B43CFE6D466A96DD7CB9458742319EC4FD83BCDEE817AD8CF4A9480D71DBB89
RAW_GRID_T100_S020_GATE90_CANDIDATE_B,candidate_b,RAW_GRID_T100_S020_GATE90_CANDIDATE_B|EURGBP|LONG|6,EURGBP,LONG,target,2022-01-11T03:16:00.000Z,2022-01-11T06:33:00.000Z,2022-01-10T00:00:00.000Z,1,0,0,0.075557,0.380571,-0.06,-0.012545,0.308026,-0.072859,0.075557,4,5,0.136806,0.2,,DFB5C8B3FB0F71D8D9AD8A29E59490221B62B3631121C65D5B17BE6282FE8A24
RAW_GRID_T100_S020_GATE90_CANDIDATE_B,candidate_b,RAW_GRID_T100_S020_GATE90_CANDIDATE_B|EURGBP|LONG|7,EURGBP,LONG,target,2022-01-11T07:44:00.000Z,2022-01-11T11:06:00.000Z,2022-01-10T00:00:00.000Z,3,2,0,0.167935,0.842912,-0.18,-0.029229,0.633683,-0.666912,0.213432,5,6,0.140278,0.2,,F893CF9F784B102BB3ACEB389C55B95D5D3E1950E8113C350C223BC7D39D3EB0
RAW_GRID_T100_S020_GATE90_CANDIDATE_B,candidate_b,RAW_GRID_T100_S020_GATE90_CANDIDATE_B|EURGBP|LONG|8,EURGBP,LONG,target,2022-01-11T15:06:00.000Z,2022-01-11T15:10:00.000Z,2022-01-10T00:00:00.000Z,1,0,0,0.124201,0.625118,-0.06,-0.000255,0.564864,0,0.124201,6,7,0.002778,0.2,,2F0CA83673EDA32CC36E15DB03C444C93A17FD83FD0B8F7621E03960ED6D05C0
RAW_GRID_T100_S020_GATE90_CANDIDATE_B,candidate_b,RAW_GRID_T100_S020_GATE90_CANDIDATE_B|EURGBP|LONG|9,EURGBP,LONG,target,2022-01-11T15:29:00.000Z,2022-01-11T15:46:00.000Z,2022-01-10T00:00:00.000Z,1,0,0,0.129601,0.652437,-0.06,-0.001083,0.591355,-0.021601,0.129601,7,8,0.011806,0.2,,A68550367987AAB34B7878A355399D3E45DC9749EE9DE4082D33E7864B1CC3BB
RAW_GRID_T100_S020_GATE90_CANDIDATE_B,candidate_b,RAW_GRID_T100_S020_GATE90_CANDIDATE_B|EURGBP|LONG|10,EURGBP,LONG,target,2022-01-11T15:56:00.000Z,2022-01-11T16:15:00.000Z,2022-01-10T00:00:00.000Z,1,0,0,0.097197,0.490269,-0.06,-0.00121,0.429059,-0.107996,0.097197,8,9,0.013194,0.2,,63EBDD3852DCDBDD7DF1456075EDC3742D194D5A561D46075D3B2A1CF6844BC9
RAW_GRID_T100_S020_GATE90_CANDIDATE_B,candidate_b,RAW_GRID_T100_S020_GATE90_CANDIDATE_B|EURGBP|LONG|11,EURGBP,LONG,target,2022-01-11T17:17:00.000Z,2022-01-11T17:30:00.000Z,2022-01-10T00:00:00.000Z,1,0,0,0.107999,0.544636,-0.06,-0.000828,0.483808,-0.0216,0.107999,9,10,0.009028,0.2,,26724646BF173A3968C3FB107CF4888BC54F4D4E69BC5059E0D61EF8602C0144
RAW_GRID_T100_S020_GATE90_CANDIDATE_B,candidate_b,RAW_GRID_T100_S020_GATE90_CANDIDATE_B|EURGBP|LONG|12,EURGBP,LONG,target,2022-01-11T17:50:00.000Z,2022-01-11T18:14:00.000Z,2022-01-10T00:00:00.000Z,1,0,0,0.102604,0.517319,-0.06,-0.001528,0.455791,-0.010801,0.102604,10,11,0.016667,0.2,,BE40AE50A792F507495A8B265535751D849C6613E4E3C47BD42203994BA81AD7
RAW_GRID_T100_S020_GATE90_CANDIDATE_B,candidate_b,RAW_GRID_T100_S020_GATE90_CANDIDATE_B|EURGBP|LONG|13,EURGBP,LONG,target,2022-01-11T23:31:00.000Z,2022-01-12T01:57:00.000Z,2022-01-10T00:00:00.000Z,1,0,0,0.105305,0.531608,-0.06,-0.009297,0.462311,-0.018901,0.105305,11,12,0.101389,0.2,,BAB4D4B1D64A72A9817CD32F466C165ECDF577D6A46E2236253701F7A5FB0B3B
RAW_GRID_T100_S020_GATE90_CANDIDATE_B,candidate_b,RAW_GRID_T100_S020_GATE90_CANDIDATE_B|EURGBP|LONG|14,EURGBP,LONG,target,2022-01-12T02:22:00.000Z,2022-01-12T05:03:00.000Z,2022-01-10T00:00:00.000Z,1,0,0,0.086406,0.436398,-0.06,-0.010253,0.366146,-0.064804,0.086406,12,13,0.111806,0.2,,EE5892CF64AE47DBACD89B476FE7232C13E59B20AA216ECFCA06C18CB15ABF6A
RAW_GRID_T100_S020_GATE90_CANDIDATE_B,candidate_b,RAW_GRID_T100_S020_GATE90_CANDIDATE_B|EURGBP|LONG|15,EURGBP,LONG,target,2022-01-12T06:02:00.000Z,2022-01-12T08:32:00.000Z,2022-01-10T00:00:00.000Z,1,0,0,0.043208,0.218084,-0.06,-0.009552,0.148532,-0.151227,0.064811,13,14,0.104167,0.2,,47B04D45343BD89460C2C7D0EF95D3B4935112465F4643AC01B8052BDE2A4556
RAW_GRID_T100_S020_GATE90_CANDIDATE_B,candidate_b,RAW_GRID_T100_S020_GATE90_CANDIDATE_B|EURGBP|LONG|16,EURGBP,LONG,target,2022-01-12T10:52:00.000Z,2022-01-12T13:38:00.000Z,2022-01-10T00:00:00.000Z,1,0,0,0.054022,0.273306,-0.06,-0.010571,0.202735,-0.164765,0.070228,14,15,0.115278,0.2,,F653DDE267B3E9A4EC94CB925FE449A8400F37F25748A1CAD3516B25CCB48561
RAW_GRID_T100_S020_GATE90_CANDIDATE_B,candidate_b,RAW_GRID_T100_S020_GATE90_CANDIDATE_B|EURGBP|LONG|17,EURGBP,LONG,target,2022-01-13T02:17:00.000Z,2022-01-13T06:10:00.000Z,2022-01-10T00:00:00.000Z,1,0,0,0.153834,0.781414,-0.06,-0.014838,0.706576,-0.013495,0.153834,15,16,0.161806,0.2,,E09F4726E821CDB7B6B42BDA0AC5FEE40EDF37FD79D41E0D4E0B1516DEB1C9DA
RAW_GRID_T100_S020_GATE90_CANDIDATE_B,candidate_b,RAW_GRID_T100_S020_GATE90_CANDIDATE_B|EURGBP|LONG|18,EURGBP,LONG,target,2022-01-13T06:59:00.000Z,2022-01-13T07:33:00.000Z,2022-01-10T00:00:00.000Z,1,0,0,0.124124,0.631351,-0.06,-0.002165,0.569186,-0.056666,0.124124,16,17,0.023611,0.2,,70F51D02764281400777923225902190D1BA666D56E1C54716A076DFD4248F38
RAW_GRID_T100_S020_GATE90_CANDIDATE_B,candidate_b,RAW_GRID_T100_S020_GATE90_CANDIDATE_B|EURGBP|LONG|19,EURGBP,LONG,target,2022-01-13T08:45:00.000Z,2022-01-13T08:50:00.000Z,2022-01-10T00:00:00.000Z,1,0,0,0.124103,0.632087,-0.06,-0.000318,0.571769,-0.002698,0.124103,17,18,0.003472,0.2,,9CD9BA27885D92BA53418572230AE2424694EB27072BA7EFF2D4D89804914060
RAW_GRID_T100_S020_GATE90_CANDIDATE_B,candidate_b,RAW_GRID_T100_S020_GATE90_CANDIDATE_B|EURGBP|LONG|20,EURGBP,LONG,target,2022-01-13T10:22:00.000Z,2022-01-13T11:57:00.000Z,2022-01-10T00:00:00.000Z,2,1,0,0.323982,1.648283,-0.12,-0.009361,1.518922,-0.210427,0.323982,18,19,0.065972,0.2,,18AE0A736BD65C1FDEFBD9A2ABA319369AC7AB0ACC46313F3C2CFD5E7298AEA6
RAW_GRID_T100_S020_GATE90_CANDIDATE_B,candidate_b,RAW_GRID_T100_S020_GATE90_CANDIDATE_B|EURGBP|LONG|21,EURGBP,LONG,target,2022-01-13T15:00:00.000Z,2022-01-13T16:09:00.000Z,2022-01-10T00:00:00.000Z,2,1,0,0.313093,1.59302,-0.12,-0.006814,1.466206,-0.258943,0.313093,19,20,0.047917,0.2,,935EDA665B884C3AAA71BB6B4F14396E1CEE0FE46A5517852ACF594DDC475564
RAW_GRID_T100_S020_GATE90_CANDIDATE_B,candidate_b,RAW_GRID_T100_S020_GATE90_CANDIDATE_B|EURGBP|LONG|22,EURGBP,LONG,target,2022-01-14T08:01:00.000Z,2022-01-14T12:05:00.000Z,2022-01-10T00:00:00.000Z,2,1,0,0.067521,0.342979,-0.12,-0.025345,0.197634,-0.33158,0.078308,20,21,0.169444,0.2,,5FC43C6143C00AA1F21DF7A468858E6F4C318FE2FB87D372BEFFECFF8756016E
RAW_GRID_T100_S020_GATE90_CANDIDATE_B,candidate_b,RAW_GRID_T100_S020_GATE90_CANDIDATE_B|EURGBP|LONG|23,EURGBP,LONG,target,2022-01-14T12:13:00.000Z,2022-01-14T12:30:00.000Z,2022-01-10T00:00:00.000Z,1,0,0,0.134905,0.685353,-0.06,-0.001083,0.624271,0,0.134905,21,22,0.011806,0.2,,C1937FB20E1D19672072569E72E116F6AF5472F9495C5F7DA91CEF1A91A4DD10
RAW_GRID_T100_S020_GATE90_CANDIDATE_B,candidate_b,RAW_GRID_T100_S020_GATE90_CANDIDATE_B|EURJPY|LONG|1,EURJPY,LONG,target,2022-01-10T13:55:00.000Z,2022-01-10T15:37:00.000Z,2022-01-10T00:00:00.000Z,2,1,0,0.41237,2.983831,-0.12,-0.009807,2.854024,-0.282686,0.41237,0,1,0.070833,0.2,,281681214E0B9E1C2EB708F0A393941BD9DEEB55CB8D587A30106983424E63F7
RAW_GRID_T100_S020_GATE90_CANDIDATE_B,candidate_b,RAW_GRID_T100_S020_GATE90_CANDIDATE_B|EURJPY|LONG|2,EURJPY,LONG,target,2022-01-10T15:55:00.000Z,2022-01-10T16:18:00.000Z,2022-01-10T00:00:00.000Z,1,0,0,0.101825,0.738391,-0.06,-0.001465,0.676927,-0.118596,0.101825,1,2,0.015972,0.2,,3E706ECB3C7B6213B4D6D2C7FA7E5BD3FFA3CED3CB20E462D69478DA01BEC302
RAW_GRID_T100_S020_GATE90_CANDIDATE_B,candidate_b,RAW_GRID_T100_S020_GATE90_CANDIDATE_B|EURJPY|LONG|3,EURJPY,LONG,target,2022-01-11T07:42:00.000Z,2022-01-11T07:55:00.000Z,2022-01-10T00:00:00.000Z,1,0,0,0.133919,0.971729,-0.06,-0.000828,0.910901,-0.029893,0.133919,2,3,0.009028,0.2,,A98A6CB634CAFD4C6E50BE8A9A6316C813EC4C4FA0EA43BA230C562C7527E47E
RAW_GRID_T100_S020_GATE90_CANDIDATE_B,candidate_b,RAW_GRID_T100_S020_GATE90_CANDIDATE_B|EURJPY|LONG|4,EURJPY,LONG,target,2022-01-12T15:23:00.000Z,2022-01-12T15:41:00.000Z,2022-01-10T00:00:00.000Z,1,0,0,0.126133,0.922268,-0.06,-0.001146,0.861122,0,0.126133,3,4,0.0125,0.2,,1104E12FCA0E3D74C1CB77990039AE10F8A8E022469D0534BA70112C0BE417FB
RAW_GRID_T100_S020_GATE90_CANDIDATE_B,candidate_b,RAW_GRID_T100_S020_GATE90_CANDIDATE_B|EURJPY|LONG|5,EURJPY,LONG,target,2022-01-12T15:52:00.000Z,2022-01-12T21:00:00.000Z,2022-01-10T00:00:00.000Z,2,1,0,0.039449,0.288151,-0.12,-0.034387,0.133764,-0.410627,0.084694,4,5,0.213889,0.2,,EB7B85758A1BB02FB5F4D00ED17EC474064DFAE7F778D94BF340FF928251E729
RAW_GRID_T100_S020_GATE90_CANDIDATE_B,candidate_b,RAW_GRID_T100_S020_GATE90_CANDIDATE_B|EURJPY|LONG|6,EURJPY,LONG,target,2022-01-13T01:36:00.000Z,2022-01-13T02:09:00.000Z,2022-01-10T00:00:00.000Z,1,0,0,0.096506,0.706816,-0.06,-0.002101,0.644714,-0.007149,0.096506,5,6,0.022917,0.2,,E5E5CFBD588D59CDF38E7CCA947A205FDB5628D521D3707A4C8F79452ED0E8AC
RAW_GRID_T100_S020_GATE90_CANDIDATE_B,candidate_b,RAW_GRID_T100_S020_GATE90_CANDIDATE_B|EURJPY|LONG|7,EURJPY,LONG,target,2022-01-13T03:13:00.000Z,2022-01-13T04:03:00.000Z,2022-01-10T00:00:00.000Z,1,0,0,0.119166,0.872955,-0.06,-0.003184,0.809771,0,0.119166,6,7,0.034722,0.2,,D6D2FA1643A18EFF75A38B1FC29D9B0BEDEC0109677CC3ECA8BCB6F5C45580FC
RAW_GRID_T100_S020_GATE90_CANDIDATE_B,candidate_b,RAW_GRID_T100_S020_GATE90_CANDIDATE_B|EURJPY|LONG|8,EURJPY,LONG,target,2022-01-13T12:10:00.000Z,2022-01-13T14:41:00.000Z,2022-01-10T00:00:00.000Z,2,1,0,0.121625,0.893058,-0.12,-0.01522,0.757838,-0.438202,0.121625,7,8,0.104861,0.2,,E43311D095E34C6116277266B30B398C490EE1D5BFC56F00151E3F4A16F149D2
RAW_GRID_T100_S020_GATE90_CANDIDATE_B,candidate_b,RAW_GRID_T100_S020_GATE90_CANDIDATE_B|EURJPY|LONG|9,EURJPY,LONG,target,2022-01-13T15:20:00.000Z,2022-01-13T18:09:00.000Z,2022-01-10T00:00:00.000Z,3,2,0,0.251204,1.84011,-0.18,-0.023689,1.636421,-0.622539,0.251204,8,9,0.117361,0.2,,92B6F39788249E2597AF012290D17F1BB0C23A5E2BA4C615905E3604D8C87B5C
RAW_GRID_T100_S020_GATE90_CANDIDATE_B,candidate_b,RAW_GRID_T100_S020_GATE90_CANDIDATE_B|EURJPY|LONG|10,EURJPY,LONG,session_flatten,2022-01-13T20:00:00.000Z,2022-01-13T21:00:00.000Z,2022-01-10T00:00:00.000Z,1,0,0,-0.038213,-0.280358,-0.06,-0.003821,-0.344179,-0.097921,0.017912,9,,0.041667,0.2,,16B47C714680787C463F8E2908BB57A96D52D949AD4B575B3B9904AB125DF54B
RAW_GRID_T100_S020_GATE90_CANDIDATE_B,candidate_b,RAW_GRID_T100_S020_GATE90_CANDIDATE_B|EURJPY|LONG|11,EURJPY,LONG,target,2022-01-14T00:03:00.000Z,2022-01-14T00:11:00.000Z,2022-01-10T00:00:00.000Z,1,0,0,0.149371,1.095259,-0.06,-0.000509,1.034749,-0.004779,0.149371,9,10,0.005556,0.2,,7C002C4A5B79B94CCE61F673B47D63678D5101DB1DA14F743A0C9881ECA6541B
RAW_GRID_T100_S020_GATE90_CANDIDATE_B,candidate_b,RAW_GRID_T100_S020_GATE90_CANDIDATE_B|EURJPY|LONG|12,EURJPY,LONG,target,2022-01-14T00:33:00.000Z,2022-01-14T00:37:00.000Z,2022-01-10T00:00:00.000Z,1,0,0,0.102747,0.75357,-0.06,-0.000255,0.693315,0,0.102747,10,11,0.002778,0.2,,F34B8516CA287619CC04B344C3737FFD7FADFB52503F1B558A06124A283DE484
RAW_GRID_T100_S020_GATE90_CANDIDATE_B,candidate_b,RAW_GRID_T100_S020_GATE90_CANDIDATE_B|EURJPY|LONG|13,EURJPY,LONG,target,2022-01-14T00:49:00.000Z,2022-01-14T04:25:00.000Z,2022-01-10T00:00:00.000Z,2,1,0,0.024048,0.175774,-0.12,-0.02681,0.028965,-0.430295,0.234481,11,12,0.15,0.2,,E123B2550347A082489946BC06C0DC2DE3B48FEC67386466DBB8651D27942C5D
RAW_GRID_T100_S020_GATE90_CANDIDATE_B,candidate_b,RAW_GRID_T100_S020_GATE90_CANDIDATE_B|EURJPY|LONG|14,EURJPY,LONG,target,2022-01-14T04:58:00.000Z,2022-01-14T05:38:00.000Z,2022-01-10T00:00:00.000Z,1,0,0,0.090928,0.668278,-0.06,-0.002547,0.605731,-0.052641,0.090928,12,13,0.027778,0.2,,BA845C2CF9D69ED4D3AF46FD90BC88EFBD6975286EDF9E024D0ADE03FF75A23F
RAW_GRID_T100_S020_GATE90_CANDIDATE_B,candidate_b,RAW_GRID_T100_S020_GATE90_CANDIDATE_B|EURJPY|LONG|15,EURJPY,LONG,target,2022-01-14T07:26:00.000Z,2022-01-14T08:11:00.000Z,2022-01-10T00:00:00.000Z,1,0,0,0.149632,1.098522,-0.06,-0.002866,1.035656,-0.061049,0.149632,13,14,0.03125,0.2,,36184CAA60EEEB20975C31C994F04D889926FDCE5C3CCA67645530719A806962
RAW_GRID_T100_S020_GATE90_CANDIDATE_B,candidate_b,RAW_GRID_T100_S020_GATE90_CANDIDATE_B|EURJPY|LONG|16,EURJPY,LONG,target,2022-01-14T11:49:00.000Z,2022-01-14T14:39:00.000Z,2022-01-10T00:00:00.000Z,4,3,0,0.244941,1.785273,-0.24,-0.027192,1.518081,-1.73204,0.244941,14,15,0.118056,0.2,,FF9977F4B309325D7F458F98E2399174A53B532FBB5FA3A70A7D5DD3FC2A98CC
RAW_GRID_T100_S020_GATE90_CANDIDATE_B,candidate_b,RAW_GRID_T100_S020_GATE90_CANDIDATE_B|EURJPY|LONG|17,EURJPY,LONG,target,2022-01-14T15:01:00.000Z,2022-01-14T15:05:00.000Z,2022-01-10T00:00:00.000Z,1,0,0,0.111691,0.817213,-0.06,-0.000255,0.756958,-0.002402,0.111691,15,16,0.002778,0.2,,3EC35C504D41CD1D75AD5A8541BEA26F99152B66771222355AF6B02E801BB01C
RAW_GRID_T100_S020_GATE90_CANDIDATE_B,candidate_b,RAW_GRID_T100_S020_GATE90_CANDIDATE_B|EURNZD|LONG|1,EURNZD,LONG,target,2022-01-10T18:52:00.000Z,2022-01-10T19:47:00.000Z,2022-01-10T00:00:00.000Z,1,0,0,0.110657,0.756512,-0.06,-0.003502,0.693009,-0.011856,0.110657,0,1,0.038194,0.2,,03A6F09D2E28BC5EB60FB71E115CE395E07482BAA46C95CACFD2869616DF5B99
RAW_GRID_T100_S020_GATE90_CANDIDATE_B,candidate_b,RAW_GRID_T100_S020_GATE90_CANDIDATE_B|EURNZD|LONG|2,EURNZD,LONG,target,2022-01-10T20:00:00.000Z,2022-01-10T20:07:00.000Z,2022-01-10T00:00:00.000Z,1,0,0,0.111642,0.763114,-0.06,-0.000446,0.702668,-0.014819,0.111642,1,2,0.004861,0.2,,3AD36E433A0B519F02EB7E400B5AF90D4A3256B8E9646E6A799A7E83ACD944BE
RAW_GRID_T100_S020_GATE90_CANDIDATE_B,candidate_b,RAW_GRID_T100_S020_GATE90_CANDIDATE_B|EURNZD|LONG|3,EURNZD,LONG,session_flatten,2022-01-10T20:33:00.000Z,2022-01-10T21:00:00.000Z,2022-01-10T00:00:00.000Z,1,0,0,-0.112626,-0.770995,-0.06,-0.001719,-0.832715,-0.160048,0.027662,2,,0.01875,0.2,,7442FAE52CD77B6D8D00F9B146B221580AF751A818F72F2A149D62B5FCFC3CAF
RAW_GRID_T100_S020_GATE90_CANDIDATE_B,candidate_b,RAW_GRID_T100_S020_GATE90_CANDIDATE_B|EURNZD|LONG|4,EURNZD,LONG,target,2022-01-10T23:05:00.000Z,2022-01-11T01:27:00.000Z,2022-01-10T00:00:00.000Z,2,1,0,0.27608,1.888152,-0.12,-0.011208,1.756944,-0.200666,0.27608,2,3,0.098611,0.2,,4E3EC39047705CACB07BDE450EB35F951B9A5B4116C54F3CB12A8940B07E6566
RAW_GRID_T100_S020_GATE90_CANDIDATE_B,candidate_b,RAW_GRID_T100_S020_GATE90_CANDIDATE_B|EURNZD|LONG|5,EURNZD,LONG,target,2022-01-11T03:09:00.000Z,2022-01-11T04:01:00.000Z,2022-01-10T00:00:00.000Z,1,0,0,0.107786,0.73795,-0.06,-0.003311,0.674638,-0.033622,0.107786,3,4,0.036111,0.2,,897ECA0C429702B6F4E5F4FD4B97D1D810815DDBEA520A6667689DCBE7F007C0
RAW_GRID_T100_S020_GATE90_CANDIDATE_B,candidate_b,RAW_GRID_T100_S020_GATE90_CANDIDATE_B|EURNZD|LONG|6,EURNZD,LONG,target,2022-01-11T07:55:00.000Z,2022-01-11T08:11:00.000Z,2022-01-10T00:00:00.000Z,1,0,0,0.139443,0.954847,-0.06,-0.001019,0.893828,0,0.139443,4,5,0.011111,0.2,,758FA6FDF2ECACD65FA5898D55743F4C6737681833012A2EADF1494F17ABC32F
RAW_GRID_T100_S020_GATE90_CANDIDATE_B,candidate_b,RAW_GRID_T100_S020_GATE90_CANDIDATE_B|EURNZD|LONG|7,EURNZD,LONG,target,2022-01-11T08:16:00.000Z,2022-01-11T08:51:00.000Z,2022-01-10T00:00:00.000Z,1,0,0,0.105804,0.724731,-0.06,-0.002229,0.662502,-0.040542,0.105804,5,6,0.024306,0.2,,13D3A0F99BC59C68641C36CDB91F9D9F12CEB1D6E582A2E0F36A5D7D0ED31298
RAW_GRID_T100_S020_GATE90_CANDIDATE_B,candidate_b,RAW_GRID_T100_S020_GATE90_CANDIDATE_B|EURNZD|LONG|8,EURNZD,LONG,target,2022-01-11T09:04:00.000Z,2022-01-11T09:11:00.000Z,2022-01-10T00:00:00.000Z,1,0,0,0.102841,0.704548,-0.06,-0.000446,0.644103,0,0.102841,6,7,0.004861,0.2,,57521D58755562D78DCA1A89D62E50092DAE403AF18B1E2B3040F9A259A31450
RAW_GRID_T100_S020_GATE90_CANDIDATE_B,candidate_b,RAW_GRID_T100_S020_GATE90_CANDIDATE_B|EURNZD|LONG|9,EURNZD,LONG,target,2022-01-11T09:18:00.000Z,2022-01-11T10:22:00.000Z,2022-01-10T00:00:00.000Z,2,1,0,0.306917,2.09833,-0.12,-0.006177,1.972153,-0.225466,0.306917,7,8,0.044444,0.2,,08CC1780E3D14C82052CC824D44B93C479F413C17C6D04A0B7FFEDFD5CD55391
RAW_GRID_T100_S020_GATE90_CANDIDATE_B,candidate_b,RAW_GRID_T100_S020_GATE90_CANDIDATE_B|EURNZD|LONG|10,EURNZD,LONG,target,2022-01-11T10:28:00.000Z,2022-01-11T10:34:00.000Z,2022-01-10T00:00:00.000Z,1,0,0,0.113773,0.778,-0.06,-0.000382,0.717617,0,0.113773,8,9,0.004167,0.2,,5322C73FB7B8A665D7B866538CC74B074B4C26D2C6BA898668724036A4A839CA
RAW_GRID_T100_S020_GATE90_CANDIDATE_B,candidate_b,RAW_GRID_T100_S020_GATE90_CANDIDATE_B|EURNZD|LONG|11,EURNZD,LONG,session_flatten,2022-01-11T17:15:00.000Z,2022-01-11T21:00:00.000Z,2022-01-10T00:00:00.000Z,2,1,0,0.007051,0.047493,-0.12,-0.020187,-0.092694,-0.23808,0.190898,9,,0.15625,0.2,,0798C4D89DA5B5B74412F4E56C60B07D6879AECCBCDEC9FEBEFAACE312C7980A
RAW_GRID_T100_S020_GATE90_CANDIDATE_B,candidate_b,RAW_GRID_T100_S020_GATE90_CANDIDATE_B|EURNZD|LONG|12,EURNZD,LONG,target,2022-01-11T23:05:00.000Z,2022-01-12T00:04:00.000Z,2022-01-10T00:00:00.000Z,1,0,0,0.13049,0.89554,-0.06,-0.003757,0.831783,-0.062279,0.13049,9,10,0.040972,0.2,,DC94C58578921B44FE95F56471D5E18075D537F605C142F815C0EAF0F080907E
RAW_GRID_T100_S020_GATE90_CANDIDATE_B,candidate_b,RAW_GRID_T100_S020_GATE90_CANDIDATE_B|EURNZD|LONG|13,EURNZD,LONG,target,2022-01-12T00:32:00.000Z,2022-01-12T01:19:00.000Z,2022-01-10T00:00:00.000Z,1,0,0,0.105786,0.725759,-0.06,-0.002993,0.662766,-0.061297,0.105786,10,11,0.032639,0.2,,DCAD58BFA402C26B2D3CCBDE4D6E8BD7F11EACE30CD652BF9205BAF6F71C3C71
RAW_GRID_T100_S020_GATE90_CANDIDATE_B,candidate_b,RAW_GRID_T100_S020_GATE90_CANDIDATE_B|EURNZD|LONG|14,EURNZD,LONG,target,2022-01-12T01:42:00.000Z,2022-01-12T01:48:00.000Z,2022-01-10T00:00:00.000Z,1,0,0,0.111731,0.766787,-0.06,-0.000382,0.706405,0,0.111731,11,12,0.004167,0.2,,29EAE728056C58E403A53C16F9DA9B5AB016777B0E79C8EFCCDBB71C8C9083A9
RAW_GRID_T100_S020_GATE90_CANDIDATE_B,candidate_b,RAW_GRID_T100_S020_GATE90_CANDIDATE_B|EURNZD|LONG|15,EURNZD,LONG,target,2022-01-12T03:58:00.000Z,2022-01-12T07:55:00.000Z,2022-01-10T00:00:00.000Z,1,0,0,0.067242,0.46112,-0.06,-0.015092,0.386028,-0.123608,0.067242,12,13,0.164583,0.2,,841428680C6DCFB4B4D140E46D1F2EB04967DF8F11ED0E98C1B5965EAB1399AD
RAW_GRID_T100_S020_GATE90_CANDIDATE_B,candidate_b,RAW_GRID_T100_S020_GATE90_CANDIDATE_B|EURNZD|LONG|16,EURNZD,LONG,target,2022-01-12T11:03:00.000Z,2022-01-12T11:32:00.000Z,2022-01-10T00:00:00.000Z,1,0,0,0.128557,0.881713,-0.06,-0.001847,0.819866,-0.015822,0.128557,13,14,0.020139,0.2,,7804CBE97CB662A4A0AAB37CA786ABCED96483903138F2EAC2B2663981592CEF
RAW_GRID_T100_S020_GATE90_CANDIDATE_B,candidate_b,RAW_GRID_T100_S020_GATE90_CANDIDATE_B|EURNZD|LONG|17,EURNZD,LONG,target,2022-01-12T13:36:00.000Z,2022-01-12T13:42:00.000Z,2022-01-10T00:00:00.000Z,1,0,0,0.149326,1.028555,-0.06,-0.000382,0.968173,0,0.149326,14,15,0.004167,0.2,,E50EFC0C6A3D7CCB56416488085AB86D657BD9217CC841545E2A5115D0F919D7
RAW_GRID_T100_S020_GATE90_CANDIDATE_B,candidate_b,RAW_GRID_T100_S020_GATE90_CANDIDATE_B|EURNZD|LONG|18,EURNZD,LONG,target,2022-01-12T13:44:00.000Z,2022-01-12T13:54:00.000Z,2022-01-10T00:00:00.000Z,1,0,0,0.127545,0.8782,-0.06,-0.000637,0.817564,0,0.127545,15,16,0.006944,0.2,,62B8F2109DF05EC0ABED8FA8004392562BDFEE160494569FF121F40315820D86
RAW_GRID_T100_S020_GATE90_CANDIDATE_B,candidate_b,RAW_GRID_T100_S020_GATE90_CANDIDATE_B|EURNZD|LONG|19,EURNZD,LONG,target,2022-01-12T14:04:00.000Z,2022-01-12T18:16:00.000Z,2022-01-10T00:00:00.000Z,4,3,0,0.047776,0.32168,-0.24,-0.055338,0.026342,-1.259667,0.047776,16,17,0.175,0.2,,87C1EE4C5E1109B001C5075C8B6A37E07A9C39E1CCF866AAA8996B25A28A7CBE
RAW_GRID_T100_S020_GATE90_CANDIDATE_B,candidate_b,RAW_GRID_T100_S020_GATE90_CANDIDATE_B|EURNZD|LONG|20,EURNZD,LONG,target,2022-01-13T00:41:00.000Z,2022-01-13T01:34:00.000Z,2022-01-10T00:00:00.000Z,1,0,0,0.088269,0.609687,-0.06,-0.003375,0.546312,-0.103145,0.08926,17,18,0.036806,0.2,,034887D8B63DA0DC64E0C666D2FA0CF219884F709543D5B1964DE04D42A1A18A
RAW_GRID_T100_S020_GATE90_CANDIDATE_B,candidate_b,RAW_GRID_T100_S020_GATE90_CANDIDATE_B|EURNZD|LONG|21,EURNZD,LONG,target,2022-01-13T02:50:00.000Z,2022-01-13T16:20:00.000Z,2022-01-10T00:00:00.000Z,3,2,0,0.031284,0.213262,-0.18,-0.08495,-0.051688,-0.799943,0.031284,18,19,0.5625,0.2,,E3E2F923F9D81F18FBAE3C9D287A2A52142A63C566D571A6A84242994B468593
RAW_GRID_T100_S020_GATE90_CANDIDATE_B,candidate_b,RAW_GRID_T100_S020_GATE90_CANDIDATE_B|EURNZD|LONG|22,EURNZD,LONG,target,2022-01-13T16:54:00.000Z,2022-01-13T17:02:00.000Z,2022-01-10T00:00:00.000Z,1,0,0,0.110365,0.763451,-0.06,-0.000509,0.702941,-0.005965,0.110365,19,20,0.005556,0.2,,C74DD2FAD7053708F4511B651E5963EF91BA1B9E18C5228F9B0409B3EAE10E2D
RAW_GRID_T100_S020_GATE90_CANDIDATE_B,candidate_b,RAW_GRID_T100_S020_GATE90_CANDIDATE_B|EURNZD|LONG|23,EURNZD,LONG,target,2022-01-14T06:05:00.000Z,2022-01-14T07:45:00.000Z,2022-01-10T00:00:00.000Z,1,0,0,0.096132,0.665437,-0.06,-0.006368,0.599069,-0.083249,0.096132,20,21,0.069444,0.2,,839F41F9EC6FCB16332C457192F45729E23181DE47B3E07A200673E722727F26
RAW_GRID_T100_S020_GATE90_CANDIDATE_B,candidate_b,RAW_GRID_T100_S020_GATE90_CANDIDATE_B|EURNZD|LONG|24,EURNZD,LONG,target,2022-01-14T07:47:00.000Z,2022-01-14T08:52:00.000Z,2022-01-10T00:00:00.000Z,2,1,0,0.307541,2.128394,-0.12,-0.006241,2.002153,-0.239866,0.307541,21,22,0.045139,0.2,,AEB84895CF62496F4AF5B10C7F92EB90D4DB2FCFCCC2330B309AE08B75880390
RAW_GRID_T100_S020_GATE90_CANDIDATE_B,candidate_b,RAW_GRID_T100_S020_GATE90_CANDIDATE_B|EURUSD|SHORT|1,EURUSD,SHORT,session_flatten,2022-01-10T15:44:00.000Z,2022-01-10T21:00:00.000Z,2022-01-10T00:00:00.000Z,1,0,0,-0.071398,-0.500002,-0.06,0.002194,-0.557808,-0.165642,0.101384,0,,0.219444,0.2,,632068A33244D9F9C4072837B41B85145B9E3A260217FAF9AE165B7D76C62BFA
RAW_GRID_T100_S020_GATE90_CANDIDATE_B,candidate_b,RAW_GRID_T100_S020_GATE90_CANDIDATE_B|EURUSD|SHORT|2,EURUSD,SHORT,target,2022-01-10T23:05:00.000Z,2022-01-11T09:46:00.000Z,2022-01-10T00:00:00.000Z,2,1,0,0.165316,1.160012,-0.12,0.007493,1.047505,-0.45085,0.165316,0,1,0.445139,0.2,,C289E8092A5E59657AEEBC642C46996974164589DD72DD19DE44EC44E26741F7
RAW_GRID_T100_S020_GATE90_CANDIDATE_B,candidate_b,RAW_GRID_T100_S020_GATE90_CANDIDATE_B|EURUSD|SHORT|3,EURUSD,SHORT,target,2022-01-11T11:53:00.000Z,2022-01-11T12:10:00.000Z,2022-01-10T00:00:00.000Z,1,0,0,0.122581,0.860005,-0.06,0.000118,0.800123,0,0.122581,1,2,0.011806,0.2,,3CC8ABA97E896FD5007CD8215357E0AE057052CC8C4E53F5CDAFE6BD52A3B39E
RAW_GRID_T100_S020_GATE90_CANDIDATE_B,candidate_b,RAW_GRID_T100_S020_GATE90_CANDIDATE_B|EURUSD|SHORT|4,EURUSD,SHORT,session_flatten,2022-01-11T15:10:00.000Z,2022-01-11T21:00:00.000Z,2022-01-10T00:00:00.000Z,3,2,0,-0.564483,-3.959995,-0.18,0.006278,-4.133718,-0.953282,0.092693,2,,0.243056,0.2,,27075AE4673E66999708570DC6AF3F119298EC641BF3AB6320987F28C526B76D
RAW_GRID_T100_S020_GATE90_CANDIDATE_B,candidate_b,RAW_GRID_T100_S020_GATE90_CANDIDATE_B|EURUSD|SHORT|5,EURUSD,SHORT,target,2022-01-11T23:05:00.000Z,2022-01-12T07:23:00.000Z,2022-01-10T00:00:00.000Z,1,0,0,0.115196,0.810003,-0.06,0.003458,0.753461,-0.127995,0.115196,2,3,0.345833,0.2,,069BE741104B8A6363F818715B33C565F837D96A2CD6B9A5A9289E6B7911533A
RAW_GRID_T100_S020_GATE90_CANDIDATE_B,candidate_b,RAW_GRID_T100_S020_GATE90_CANDIDATE_B|EURUSD|SHORT|6,EURUSD,SHORT,target,2022-01-12T09:20:00.000Z,2022-01-12T09:40:00.000Z,2022-01-10T00:00:00.000Z,1,0,0,0.125107,0.879999,-0.06,0.000139,0.820138,-0.005687,0.125107,3,4,0.013889,0.2,,2E74ABC795324514FC2237304C9B23AB768C44A79FA074DD98030420E58B799F
RAW_GRID_T100_S020_GATE90_CANDIDATE_B,candidate_b,RAW_GRID_T100_S020_GATE90_CANDIDATE_B|EURUSD|SHORT|7,EURUSD,SHORT,target,2022-01-12T13:20:00.000Z,2022-01-12T13:31:00.000Z,2022-01-10T00:00:00.000Z,1,0,0,0.172013,1.21,-0.06,0.000076,1.150077,-0.012794,0.172013,4,5,0.007639,0.2,,7920CB8053A1705BA9C1587CE3FC70089F6530572C13693D22B0FF2F22032F15
RAW_GRID_T100_S020_GATE90_CANDIDATE_B,candidate_b,RAW_GRID_T100_S020_GATE90_CANDIDATE_B|EURUSD|SHORT|8,EURUSD,SHORT,target,2022-01-12T13:31:00.000Z,2022-01-12T13:31:00.000Z,2022-01-10T00:00:00.000Z,1,0,0,0.177644,1.249995,-0.06,0,1.189995,0,0.177644,5,6,0,0.2,,BD1B917769BD2C82AB59B9DBB59349401D6AFBD6AB04ED1E8EA0DF11BC896240
RAW_GRID_T100_S020_GATE90_CANDIDATE_B,candidate_b,RAW_GRID_T100_S020_GATE90_CANDIDATE_B|EURUSD|SHORT|9,EURUSD,SHORT,session_flatten,2022-01-12T13:33:00.000Z,2022-01-12T21:00:00.000Z,2022-01-10T00:00:00.000Z,6,5,0,-2.890685,-20.380011,-0.36,0.013792,-20.72622,-3.094628,0.092355,6,,0.310417,0.2,,BE5DBF2262ECEF71CCFD26D574833CF8DCF682713FA28B26F560F6416B3C136B
RAW_GRID_T100_S020_GATE90_CANDIDATE_B,candidate_b,RAW_GRID_T100_S020_GATE90_CANDIDATE_B|EURUSD|SHORT|10,EURUSD,SHORT,target,2022-01-12T23:05:00.000Z,2022-01-13T10:44:00.000Z,2022-01-10T00:00:00.000Z,3,2,0,0.013542,0.099998,-0.18,0.007292,-0.072711,-0.87126,0.096088,6,7,0.485417,0.2,,843AF17B3FEAE67013C72F171E2573D8D28E7B9C89006077143A2B27888CBCB1
RAW_GRID_T100_S020_GATE90_CANDIDATE_B,candidate_b,RAW_GRID_T100_S020_GATE90_CANDIDATE_B|EURUSD|SHORT|11,EURUSD,SHORT,target,2022-01-13T11:22:00.000Z,2022-01-13T11:30:00.000Z,2022-01-10T00:00:00.000Z,1,0,0,0.10432,0.739999,-0.06,0.000056,0.680055,-0.004229,0.10432,7,8,0.005556,0.2,,C95ED7D2A7958E8A4F0D4474DC034AB64D037D5A91475627E5DB60FC735D58BF
RAW_GRID_T100_S020_GATE90_CANDIDATE_B,candidate_b,RAW_GRID_T100_S020_GATE90_CANDIDATE_B|EURUSD|SHORT|12,EURUSD,SHORT,target,2022-01-13T14:00:00.000Z,2022-01-13T15:21:00.000Z,2022-01-10T00:00:00.000Z,1,0,0,0.098659,0.699998,-0.06,0.000562,0.64056,-0.138124,0.098659,8,9,0.05625,0.2,,F311097C148767B7CB927F66B5D7E06AA2C3F9E587D76743231F4B3E21E855CC
RAW_GRID_T100_S020_GATE90_CANDIDATE_B,candidate_b,RAW_GRID_T100_S020_GATE90_CANDIDATE_B|EURUSD|SHORT|13,EURUSD,SHORT,target,2022-01-13T16:26:00.000Z,2022-01-13T16:47:00.000Z,2022-01-10T00:00:00.000Z,1,0,0,0.101491,0.719999,-0.06,0.000146,0.660144,-0.019734,0.101491,9,10,0.014583,0.2,,BFF6570F6F5EC55DC11B363039D71388B3D64A9210F51BBEE569A641821286C7
RAW_GRID_T100_S020_GATE90_CANDIDATE_B,candidate_b,RAW_GRID_T100_S020_GATE90_CANDIDATE_B|EURUSD|SHORT|14,EURUSD,SHORT,target,2022-01-14T02:56:00.000Z,2022-01-14T07:12:00.000Z,2022-01-10T00:00:00.000Z,1,0,0,0.069076,0.490002,-0.06,0.001778,0.43178,-0.183261,0.069076,10,11,0.177778,0.2,,649FC8CAB1FC111F771DA3608EE6B6F2CE1DA01A796D23144307672936EE5807
RAW_GRID_T100_S020_GATE90_CANDIDATE_B,candidate_b,RAW_GRID_T100_S020_GATE90_CANDIDATE_B|EURUSD|SHORT|15,EURUSD,SHORT,target,2022-01-14T08:43:00.000Z,2022-01-14T08:56:00.000Z,2022-01-10T00:00:00.000Z,1,0,0,0.116954,0.829997,-0.06,0.00009,0.770087,0,0.116954,11,12,0.009028,0.2,,139D7B38227FFB0D97DEF8ED41A59461BA98F0915C93F33C3515A355AE2DB8DC
RAW_GRID_T100_S020_GATE90_CANDIDATE_B,candidate_b,RAW_GRID_T100_S020_GATE90_CANDIDATE_B|GBPAUD|LONG|1,GBPAUD,LONG,target,2022-01-10T14:22:00.000Z,2022-01-10T14:34:00.000Z,2022-01-10T00:00:00.000Z,1,0,0,0.11845,0.93176,-0.06,-0.000764,0.870996,-0.035535,0.11845,0,1,0.008333,0.2,,A2D1654CD7C2EBAE2CA1FFFFBEFA84FAA32BBBF8F8FF3F0763C06415EA958F2B
RAW_GRID_T100_S020_GATE90_CANDIDATE_B,candidate_b,RAW_GRID_T100_S020_GATE90_CANDIDATE_B|GBPAUD|LONG|2,GBPAUD,LONG,target,2022-01-10T23:37:00.000Z,2022-01-11T01:50:00.000Z,2022-01-10T00:00:00.000Z,1,0,0,0.030019,0.236945,-0.06,-0.00847,0.168475,-0.19285,0.033658,1,2,0.092361,0.2,,951A7F9BD34904F401775E3D7DAEE915EE17EA60330BE96E473F7A4CA95F0CFE
RAW_GRID_T100_S020_GATE90_CANDIDATE_B,candidate_b,RAW_GRID_T100_S020_GATE90_CANDIDATE_B|GBPAUD|LONG|3,GBPAUD,LONG,target,2022-01-11T02:23:00.000Z,2022-01-11T04:29:00.000Z,2022-01-10T00:00:00.000Z,1,0,0,0.072809,0.574986,-0.06,-0.008024,0.506963,-0.126506,0.08191,2,3,0.0875,0.2,,26E6EA5ECAF0E2863F2D943F437E0F5D02163D4EDD2426D32EFA03190321F822
RAW_GRID_T100_S020_GATE90_CANDIDATE_B,candidate_b,RAW_GRID_T100_S020_GATE90_CANDIDATE_B|GBPAUD|LONG|4,GBPAUD,LONG,target,2022-01-11T11:56:00.000Z,2022-01-11T12:12:00.000Z,2022-01-10T00:00:00.000Z,1,0,0,0.149133,1.17716,-0.06,-0.001019,1.116141,-0.064563,0.149133,3,4,0.011111,0.2,,C8786F93DD379E962C11D53D99F7425F0D87B3FB07EBD768261632D80ACAC909
RAW_GRID_T100_S020_GATE90_CANDIDATE_B,candidate_b,RAW_GRID_T100_S020_GATE90_CANDIDATE_B|GBPAUD|LONG|5,GBPAUD,LONG,target,2022-01-11T13:05:00.000Z,2022-01-11T13:17:00.000Z,2022-01-10T00:00:00.000Z,1,0,0,0.105458,0.832091,-0.06,-0.000764,0.771327,-0.047274,0.105458,4,5,0.008333,0.2,,807E9461D996D06FFDEFBE4D1798D5B1C1A40EE6419C0108962867DE49F2122A
RAW_GRID_T100_S020_GATE90_CANDIDATE_B,candidate_b,RAW_GRID_T100_S020_GATE90_CANDIDATE_B|GBPAUD|LONG|6,GBPAUD,LONG,target,2022-01-11T13:35:00.000Z,2022-01-11T13:44:00.000Z,2022-01-10T00:00:00.000Z,1,0,0,0.124564,0.981688,-0.06,-0.000573,0.921115,-0.000909,0.124564,5,6,0.00625,0.2,,EE4A84036A6909BE02AA346C1F5FD4137B35BC60983B2FADEA521D3B60940ACE
RAW_GRID_T100_S020_GATE90_CANDIDATE_B,candidate_b,RAW_GRID_T100_S020_GATE90_CANDIDATE_B|GBPAUD|LONG|7,GBPAUD,LONG,target,2022-01-11T15:10:00.000Z,2022-01-11T15:19:00.000Z,2022-01-10T00:00:00.000Z,1,0,0,0.116354,0.918506,-0.06,-0.000573,0.857933,-0.007272,0.116354,6,7,0.00625,0.2,,D159783B5C74ABE1B3BA1B7D14A433BE59BDB6E0FC25AC9682FF0B1710DF11CF
RAW_GRID_T100_S020_GATE90_CANDIDATE_B,candidate_b,RAW_GRID_T100_S020_GATE90_CANDIDATE_B|GBPAUD|LONG|8,GBPAUD,LONG,target,2022-01-11T15:28:00.000Z,2022-01-11T15:42:00.000Z,2022-01-10T00:00:00.000Z,1,0,0,0.139987,1.106119,-0.06,-0.000892,1.045228,-0.005454,0.139987,7,8,0.009722,0.2,,F4BB71D59FA86DD3F05BA47ADF210C338073860DF16F6877F6C8431D57985C4D
RAW_GRID_T100_S020_GATE90_CANDIDATE_B,candidate_b,RAW_GRID_T100_S020_GATE90_CANDIDATE_B|GBPAUD|LONG|9,GBPAUD,LONG,session_flatten,2022-01-11T16:20:00.000Z,2022-01-11T21:00:00.000Z,2022-01-10T00:00:00.000Z,2,1,0,-0.267272,-2.119849,-0.12,-0.028274,-2.268123,-0.587421,0.065446,8,,0.194444,0.2,,73DCB1E8C268C15EABE4BF871E4AE37348F48D47AF6AAE4B73186BD841FF6A24
RAW_GRID_T100_S020_GATE90_CANDIDATE_B,candidate_b,RAW_GRID_T100_S020_GATE90_CANDIDATE_B|GBPAUD|LONG|10,GBPAUD,LONG,target,2022-01-11T23:05:00.000Z,2022-01-12T01:18:00.000Z,2022-01-10T00:00:00.000Z,1,0,0,0.074617,0.591118,-0.06,-0.00847,0.522649,-0.072798,0.080077,8,9,0.092361,0.2,,C39F847DD65C4E80C0D7E343747F9F9D5BAC01EED80B0534E1A635AEF5B7B080
RAW_GRID_T100_S020_GATE90_CANDIDATE_B,candidate_b,RAW_GRID_T100_S020_GATE90_CANDIDATE_B|GBPAUD|LONG|11,GBPAUD,LONG,target,2022-01-12T01:36:00.000Z,2022-01-12T01:55:00.000Z,2022-01-10T00:00:00.000Z,1,0,0,0.099209,0.785734,-0.06,-0.00121,0.724524,-0.052791,0.099209,9,10,0.013194,0.2,,0121671790FC45412EB991B687D5DD7BE3573A517DD32C09319B727663B8D421
RAW_GRID_T100_S020_GATE90_CANDIDATE_B,candidate_b,RAW_GRID_T100_S020_GATE90_CANDIDATE_B|GBPAUD|LONG|12,GBPAUD,LONG,target,2022-01-12T03:56:00.000Z,2022-01-12T07:37:00.000Z,2022-01-10T00:00:00.000Z,1,0,0,0.050068,0.396541,-0.06,-0.014073,0.322468,-0.111062,0.070097,10,11,0.153472,0.2,,01EDEB9C3B47CA33732CC3697C94104D0B349D6396FDE37D0BE3C42B13A96DEC
RAW_GRID_T100_S020_GATE90_CANDIDATE_B,candidate_b,RAW_GRID_T100_S020_GATE90_CANDIDATE_B|GBPAUD|LONG|13,GBPAUD,LONG,target,2022-01-12T09:40:00.000Z,2022-01-12T11:25:00.000Z,2022-01-10T00:00:00.000Z,1,0,0,0.087404,0.692355,-0.06,-0.006686,0.625668,-0.062821,0.087404,11,12,0.072917,0.2,,454C29A08C600DB57ACBFDBE823E9853A2989A876D4DAEAB42A5A7F365E376F6
RAW_GRID_T100_S020_GATE90_CANDIDATE_B,candidate_b,RAW_GRID_T100_S020_GATE90_CANDIDATE_B|GBPAUD|LONG|14,GBPAUD,LONG,session_flatten,2022-01-12T13:34:00.000Z,2022-01-12T21:00:00.000Z,2022-01-10T00:00:00.000Z,5,4,0,-1.777048,-14.205648,-0.3,-0.10813,-14.613778,-2.19243,0.047357,12,,0.309722,0.2,,0015063940789C988FD7F24F3369C3AFC54045CD5C22E0DF872B8BBA8AE84DBB
RAW_GRID_T100_S020_GATE90_CANDIDATE_B,candidate_b,RAW_GRID_T100_S020_GATE90_CANDIDATE_B|GBPAUD|LONG|15,GBPAUD,LONG,target,2022-01-12T23:19:00.000Z,2022-01-12T23:39:00.000Z,2022-01-10T00:00:00.000Z,1,0,0,0.089639,0.713927,-0.06,-0.001274,0.652653,-0.014635,0.089639,12,13,0.013889,0.2,,5A694737B94C65BA83EDDE99EAD2F9DAB17D414A05D3317A287F6DAF11E6220A
RAW_GRID_T100_S020_GATE90_CANDIDATE_B,candidate_b,RAW_GRID_T100_S020_GATE90_CANDIDATE_B|GBPAUD|LONG|16,GBPAUD,LONG,target,2022-01-13T03:54:00.000Z,2022-01-13T05:40:00.000Z,2022-01-10T00:00:00.000Z,1,0,0,0.100604,1.099991,-0.06,-0.00675,1.033241,-0.064021,0.100604,13,14,0.073611,0.2,,F3D448B565AED1C6E61C1C098DC6336CA94B753DB18D284D6BD64A2FD39C41F2
RAW_GRID_T100_S020_GATE90_CANDIDATE_B,candidate_b,RAW_GRID_T100_S020_GATE90_CANDIDATE_B|GBPAUD|LONG|17,GBPAUD,LONG,target,2022-01-13T06:12:00.000Z,2022-01-13T07:04:00.000Z,2022-01-10T00:00:00.000Z,1,0,0,0.101522,0.808789,-0.06,-0.003311,0.745477,0,0.101522,14,15,0.036111,0.2,,7A54DF10F6987E1DFF734C16B41740FDA9736FBEA5BAE97902A70C06CE31508D
RAW_GRID_T100_S020_GATE90_CANDIDATE_B,candidate_b,RAW_GRID_T100_S020_GATE90_CANDIDATE_B|GBPAUD|LONG|18,GBPAUD,LONG,target,2022-01-13T07:32:00.000Z,2022-01-13T09:19:00.000Z,2022-01-10T00:00:00.000Z,2,1,0,0.292174,2.329215,-0.12,-0.010826,2.198389,-0.242402,0.294004,15,16,0.074306,0.2,,6A2E2C94C69A2B0DAA4634024FC39D57A508EC3DC5335B9EA998FC97053534A5
RAW_GRID_T100_S020_GATE90_CANDIDATE_B,candidate_b,RAW_GRID_T100_S020_GATE90_CANDIDATE_B|GBPAUD|LONG|19,GBPAUD,LONG,target,2022-01-13T09:42:00.000Z,2022-01-13T11:01:00.000Z,2022-01-10T00:00:00.000Z,1,0,0,0.100675,0.803815,-0.06,-0.005031,0.738785,-0.104335,0.100675,16,17,0.054861,0.2,,6B6296DA5667C2C6B6ACAE8722B0B5F13FA211F53235294A1A4B7D8781E8C93F
RAW_GRID_T100_S020_GATE90_CANDIDATE_B,candidate_b,RAW_GRID_T100_S020_GATE90_CANDIDATE_B|GBPAUD|LONG|20,GBPAUD,LONG,target,2022-01-13T12:01:00.000Z,2022-01-13T12:04:00.000Z,2022-01-10T00:00:00.000Z,1,0,0,0.123572,0.985364,-0.06,-0.000191,0.925173,-0.021052,0.123572,17,18,0.002083,0.2,,E916F6BA07D7F460D7C066E05F4CE631C2A8EFC2CBC9C7326E509B5FD5FEB089
RAW_GRID_T100_S020_GATE90_CANDIDATE_B,candidate_b,RAW_GRID_T100_S020_GATE90_CANDIDATE_B|GBPAUD|LONG|21,GBPAUD,LONG,target,2022-01-13T12:42:00.000Z,2022-01-13T13:59:00.000Z,2022-01-10T00:00:00.000Z,1,0,0,0.068656,0.547966,-0.06,-0.004903,0.483062,-0.115343,0.098865,18,19,0.053472,0.2,,9154D9D3365E282D803C7C6142BCE7F7BE01C6BA6FC2F7C4D72C2273B13DE043
RAW_GRID_T100_S020_GATE90_CANDIDATE_B,candidate_b,RAW_GRID_T100_S020_GATE90_CANDIDATE_B|GBPAUD|LONG|22,GBPAUD,LONG,target,2022-01-13T14:13:00.000Z,2022-01-13T14:43:00.000Z,2022-01-10T00:00:00.000Z,1,0,0,0.104389,0.833451,-0.06,-0.00191,0.771541,-0.043953,0.104389,19,20,0.020833,0.2,,C216D59BD628ED40ACF6A02EBF65C39560A8F2F5CA6DA0F04FD598399B4CD147
RAW_GRID_T100_S020_GATE90_CANDIDATE_B,candidate_b,RAW_GRID_T100_S020_GATE90_CANDIDATE_B|GBPAUD|LONG|23,GBPAUD,LONG,target,2022-01-14T06:00:00.000Z,2022-01-14T07:34:00.000Z,2022-01-10T00:00:00.000Z,1,0,0,0.088567,0.706111,-0.06,-0.005986,0.640125,-0.108654,0.088567,20,21,0.065278,0.2,,BF0ACA56C1EA09F47EFB41573E2D83DC3E1AB997B6344A55916CB8CE05266325
RAW_GRID_T100_S020_GATE90_CANDIDATE_B,candidate_b,RAW_GRID_T100_S020_GATE90_CANDIDATE_B|GBPAUD|LONG|24,GBPAUD,LONG,target,2022-01-14T07:47:00.000Z,2022-01-14T08:05:00.000Z,2022-01-10T00:00:00.000Z,1,0,0,0.126022,1.005025,-0.06,-0.001146,0.943878,-0.034702,0.126022,21,22,0.0125,0.2,,13609E681843DE2BA88F83F26929A4E8E0D90ED140381C8887C8DCAC995B88E3
RAW_GRID_T100_S020_GATE90_CANDIDATE_B,candidate_b,RAW_GRID_T100_S020_GATE90_CANDIDATE_B|GBPAUD|LONG|25,GBPAUD,LONG,target,2022-01-14T08:11:00.000Z,2022-01-14T08:41:00.000Z,2022-01-10T00:00:00.000Z,1,0,0,0.126039,1.00577,-0.06,-0.00191,0.943859,-0.084026,0.126039,22,23,0.020833,0.2,,A273AC9582B7E3A8E71EF8DAF1C1BF28725AECAFEA04074BA3AC446A525BF2D1
RAW_GRID_T100_S020_GATE90_CANDIDATE_B,candidate_b,RAW_GRID_T100_S020_GATE90_CANDIDATE_B|GBPAUD|LONG|26,GBPAUD,LONG,target,2022-01-14T14:39:00.000Z,2022-01-14T15:37:00.000Z,2022-01-10T00:00:00.000Z,1,0,0,0.116573,0.926724,-0.06,-0.003693,0.86303,-0.149358,0.120215,23,24,0.040278,0.2,,39E6F54FBCA1F5DE9D8211681F0223A1F20FB6AEBD7BBA4F4B9DC2287D4364FA
RAW_GRID_T100_S020_GATE90_CANDIDATE_B,candidate_b,RAW_GRID_T100_S020_GATE90_CANDIDATE_B|GBPCAD|LONG|1,GBPCAD,LONG,target,2022-01-10T14:45:00.000Z,2022-01-10T14:49:00.000Z,2022-01-10T00:00:00.000Z,1,0,0,0.138758,1.0646,-0.06,-0.000255,1.004346,0,0.138758,0,1,0.002778,0.2,,987E1B3BE1837813B53B5F6A7188E802D7228B8192F00F7E5CD6174B6748127F
RAW_GRID_T100_S020_GATE90_CANDIDATE_B,candidate_b,RAW_GRID_T100_S020_GATE90_CANDIDATE_B|GBPCAD|LONG|2,GBPCAD,LONG,target,2022-01-11T00:53:00.000Z,2022-01-11T06:11:00.000Z,2022-01-10T00:00:00.000Z,1,0,0,0.090213,0.695442,-0.06,-0.02025,0.615192,-0.082011,0.090213,1,2,0.220833,0.2,,4C4454EB18F9ADA6929C9C1976620ED66206F7A76253A65B03E5B72490123327
RAW_GRID_T100_S020_GATE90_CANDIDATE_B,candidate_b,RAW_GRID_T100_S020_GATE90_CANDIDATE_B|GBPCAD|LONG|3,GBPCAD,LONG,target,2022-01-11T06:29:00.000Z,2022-01-11T08:06:00.000Z,2022-01-10T00:00:00.000Z,1,0,0,0.198907,1.534293,-0.06,-0.006177,1.468116,-0.094327,0.198907,2,3,0.067361,0.2,,7FFDA51F3CC06CF5A621BDB848DCF431FA50BAF7F95A51C7852FB030D3B9D1B7
RAW_GRID_T100_S020_GATE90_CANDIDATE_B,candidate_b,RAW_GRID_T100_S020_GATE90_CANDIDATE_B|GBPCAD|LONG|4,GBPCAD,LONG,target,2022-01-11T08:06:00.000Z,2022-01-11T08:06:00.000Z,2022-01-10T00:00:00.000Z,1,0,0,0.147666,1.139205,-0.06,0,1.079205,0,0.147666,3,4,0,0.2,,437CE198D78273AD5797B71E8FCC6AA8B41605FECC3033300C13E17D52C52EBA
RAW_GRID_T100_S020_GATE90_CANDIDATE_B,candidate_b,RAW_GRID_T100_S020_GATE90_CANDIDATE_B|GBPCAD|LONG|5,GBPCAD,LONG,target,2022-01-11T09:38:00.000Z,2022-01-11T09:49:00.000Z,2022-01-10T00:00:00.000Z,1,0,0,0.101515,0.783321,-0.06,-0.0007,0.722621,-0.068702,0.101515,4,5,0.007639,0.2,,2BF3C5FB740479953B4E4BACD58967FBDA4A5D6842F3747C9CDD956998F981CC
RAW_GRID_T100_S020_GATE90_CANDIDATE_B,candidate_b,RAW_GRID_T100_S020_GATE90_CANDIDATE_B|GBPCAD|LONG|6,GBPCAD,LONG,target,2022-01-11T11:02:00.000Z,2022-01-11T13:53:00.000Z,2022-01-10T00:00:00.000Z,2,1,0,0.099748,0.766248,-0.12,-0.018022,0.628226,-0.509984,0.198291,5,6,0.11875,0.2,,6844A646F64C16A1F389E6A6519572367BEF0B6DB3C62E33230059E59B3F8AC3
RAW_GRID_T100_S020_GATE90_CANDIDATE_B,candidate_b,RAW_GRID_T100_S020_GATE90_CANDIDATE_B|GBPCAD|LONG|7,GBPCAD,LONG,target,2022-01-11T14:02:00.000Z,2022-01-11T14:18:00.000Z,2022-01-10T00:00:00.000Z,1,0,0,0.111966,0.861683,-0.06,-0.001019,0.800664,-0.027734,0.111966,6,7,0.011111,0.2,,6BA807C34B2D1B4808613BC259E83C1A84F514B6C72F08DB438CB9F9652A4C3C
RAW_GRID_T100_S020_GATE90_CANDIDATE_B,candidate_b,RAW_GRID_T100_S020_GATE90_CANDIDATE_B|GBPCAD|LONG|8,GBPCAD,LONG,target,2022-01-11T15:01:00.000Z,2022-01-11T15:31:00.000Z,2022-01-10T00:00:00.000Z,1,0,0,0.074997,0.578086,-0.06,-0.00191,0.516176,-0.092463,0.074997,7,8,0.020833,0.2,,38A757C706A71C4D4A262BFD824D95FF51782C6478485B18CEE522A400A083F8
RAW_GRID_T100_S020_GATE90_CANDIDATE_B,candidate_b,RAW_GRID_T100_S020_GATE90_CANDIDATE_B|GBPCAD|LONG|9,GBPCAD,LONG,target,2022-01-11T15:34:00.000Z,2022-01-11T15:46:00.000Z,2022-01-10T00:00:00.000Z,1,0,0,0.102762,0.792105,-0.06,-0.000764,0.731341,-0.050354,0.102762,8,9,0.008333,0.2,,E8F59006DA7FAFFBFE448A98AC5C1108BA9250228FBD6E5920C3F03FF1374A69
RAW_GRID_T100_S020_GATE90_CANDIDATE_B,candidate_b,RAW_GRID_T100_S020_GATE90_CANDIDATE_B|GBPCAD|LONG|10,GBPCAD,LONG,session_flatten,2022-01-11T17:11:00.000Z,2022-01-11T21:00:00.000Z,2022-01-10T00:00:00.000Z,2,1,0,-0.05952,-0.461157,-0.12,-0.025727,-0.606884,-0.477001,0.061817,9,,0.159028,0.2,,C3F4EC8271F8801FDC957E77955E34ECF9C02E03F68AC4819BF662EE1AC6E9AE
RAW_GRID_T100_S020_GATE90_CANDIDATE_B,candidate_b,RAW_GRID_T100_S020_GATE90_CANDIDATE_B|GBPCAD|LONG|11,GBPCAD,LONG,target,2022-01-12T01:05:00.000Z,2022-01-12T07:13:00.000Z,2022-01-10T00:00:00.000Z,2,1,0,0.21114,1.631225,-0.12,-0.028529,1.482696,-0.250013,0.21114,9,10,0.255556,0.2,,D908A970B6ADD06673592B11371F2C89E0B32DBE05C9AF824B9B42524F1FF115
RAW_GRID_T100_S020_GATE90_CANDIDATE_B,candidate_b,RAW_GRID_T100_S020_GATE90_CANDIDATE_B|GBPCAD|LONG|12,GBPCAD,LONG,target,2022-01-12T07:22:00.000Z,2022-01-12T07:42:00.000Z,2022-01-10T00:00:00.000Z,1,0,0,0.09059,0.699989,-0.06,-0.001274,0.638716,-0.024707,0.09059,10,11,0.013889,0.2,,1B854F9469D87FC2B98616CC22C021BFDB026CAFEDAE3FDFA118A966F643BF01
RAW_GRID_T100_S020_GATE90_CANDIDATE_B,candidate_b,RAW_GRID_T100_S020_GATE90_CANDIDATE_B|GBPCAD|LONG|13,GBPCAD,LONG,target,2022-01-12T08:22:00.000Z,2022-01-12T12:08:00.000Z,2022-01-10T00:00:00.000Z,3,2,0,0.291162,2.247444,-0.18,-0.029866,2.037577,-0.686038,0.291162,11,12,0.156944,0.2,,AF83A119FEDE1753A980A22C1CA1A5C72DB057B91B730EA19F59F074C9D0C879
RAW_GRID_T100_S020_GATE90_CANDIDATE_B,candidate_b,RAW_GRID_T100_S020_GATE90_CANDIDATE_B|GBPCAD|LONG|14,GBPCAD,LONG,target,2022-01-12T15:58:00.000Z,2022-01-12T16:08:00.000Z,2022-01-10T00:00:00.000Z,1,0,0,0.150374,1.1665,-0.06,-0.000637,1.105863,-0.01339,0.150374,12,13,0.006944,0.2,,A6FFF8B786A8E570CD3C6F25613619439437A188CD0B3ADC0DE048D0030941FE
RAW_GRID_T100_S020_GATE90_CANDIDATE_B,candidate_b,RAW_GRID_T100_S020_GATE90_CANDIDATE_B|GBPCAD|LONG|15,GBPCAD,LONG,target,2022-01-13T08:17:00.000Z,2022-01-13T08:27:00.000Z,2022-01-10T00:00:00.000Z,1,0,0,0.126584,0.986079,-0.06,-0.000637,0.925443,-0.018525,0.126584,13,14,0.006944,0.2,,475599B379307ECCBBC9B0EB39D88E36E91DD327A3B1A7F085DB6B9AEF07230E
RAW_GRID_T100_S020_GATE90_CANDIDATE_B,candidate_b,RAW_GRID_T100_S020_GATE90_CANDIDATE_B|GBPCAD|LONG|16,GBPCAD,LONG,target,2022-01-13T11:57:00.000Z,2022-01-13T15:07:00.000Z,2022-01-10T00:00:00.000Z,2,1,0,0.168932,1.315026,-0.12,-0.020123,1.174903,-0.419817,0.168932,14,15,0.131944,0.2,,6F8B4B0605A71D1D60E56A9F4BC26B2BEB36F4B89CDE110DBE8775423B6F4B76
RAW_GRID_T100_S020_GATE90_CANDIDATE_B,candidate_b,RAW_GRID_T100_S020_GATE90_CANDIDATE_B|GBPCAD|LONG|17,GBPCAD,LONG,target,2022-01-13T16:51:00.000Z,2022-01-13T17:20:00.000Z,2022-01-10T00:00:00.000Z,1,0,0,0.098785,0.768111,-0.06,-0.001847,0.706264,-0.06277,0.098785,15,16,0.020139,0.2,,E42DBE61E50DF1D425A29D6D818DA622998AFAD074DC5B65F0712EDEFC2434AF
RAW_GRID_T100_S020_GATE90_CANDIDATE_B,candidate_b,RAW_GRID_T100_S020_GATE90_CANDIDATE_B|GBPCAD|LONG|18,GBPCAD,LONG,target,2022-01-13T17:37:00.000Z,2022-01-13T18:21:00.000Z,2022-01-10T00:00:00.000Z,1,0,0,0.105996,0.824423,-0.06,-0.002802,0.761621,-0.042192,0.105996,16,17,0.030556,0.2,,D75EB3E4BAB070BD45AF5FDFB74113FACBDD989F945CB2D357C3C5E4783FC4ED
RAW_GRID_T100_S020_GATE90_CANDIDATE_B,candidate_b,RAW_GRID_T100_S020_GATE90_CANDIDATE_B|GBPCAD|LONG|19,GBPCAD,LONG,target,2022-01-13T18:46:00.000Z,2022-01-13T19:38:00.000Z,2022-01-10T00:00:00.000Z,1,0,0,0.113203,0.880256,-0.06,-0.003311,0.816945,-0.043223,0.113203,17,18,0.036111,0.2,,FA6621A06049FA1B74B6BC15659AA63B010CDD7EAB0558C54B600ABE348F82AA
RAW_GRID_T100_S020_GATE90_CANDIDATE_B,candidate_b,RAW_GRID_T100_S020_GATE90_CANDIDATE_B|GBPCAD|LONG|20,GBPCAD,LONG,target,2022-01-13T20:05:00.000Z,2022-01-13T20:25:00.000Z,2022-01-10T00:00:00.000Z,1,0,0,0.114231,0.88764,-0.06,-0.001274,0.826367,-0.020582,0.114231,18,19,0.013889,0.2,,45C3FAA9DFBBD72E67371AEFC5AA0CFA1939E7ADACD97C52F1BF4A7353ACEDDC
RAW_GRID_T100_S020_GATE90_CANDIDATE_B,candidate_b,RAW_GRID_T100_S020_GATE90_CANDIDATE_B|GBPCAD|LONG|21,GBPCAD,LONG,target,2022-01-14T06:03:00.000Z,2022-01-14T07:34:00.000Z,2022-01-10T00:00:00.000Z,1,0,0,0.107946,0.839658,-0.06,-0.005795,0.773863,-0.110003,0.107946,19,20,0.063194,0.2,,FBD4F0A6B5B2676F6DB64FDB8697C701DA15CC1255698378C7B62C49F0D1ABD6
RAW_GRID_T100_S020_GATE90_CANDIDATE_B,candidate_b,RAW_GRID_T100_S020_GATE90_CANDIDATE_B|GBPCAD|LONG|22,GBPCAD,LONG,target,2022-01-14T07:47:00.000Z,2022-01-14T08:05:00.000Z,2022-01-10T00:00:00.000Z,1,0,0,0.164504,1.279811,-0.06,-0.001146,1.218665,-0.040098,0.164504,20,21,0.0125,0.2,,6FD9E53421BDA8E1CC3945643C5F0CFC331F9457695E6D18E318117AC06A7BC5
RAW_GRID_T100_S020_GATE90_CANDIDATE_B,candidate_b,RAW_GRID_T100_S020_GATE90_CANDIDATE_B|GBPCAD|LONG|23,GBPCAD,LONG,target,2022-01-14T08:16:00.000Z,2022-01-14T10:32:00.000Z,2022-01-10T00:00:00.000Z,2,1,0,0.238777,1.857418,-0.12,-0.014647,1.722771,-0.217964,0.238777,21,22,0.094444,0.2,,9194D6B7BCE4ED0530B58CC63B77AFC9F3AD3827BC2F10AF5C48197E005457B6
RAW_GRID_T100_S020_GATE90_CANDIDATE_B,candidate_b,RAW_GRID_T100_S020_GATE90_CANDIDATE_B|GBPCAD|LONG|24,GBPCAD,LONG,target,2022-01-14T11:05:00.000Z,2022-01-14T12:06:00.000Z,2022-01-10T00:00:00.000Z,1,0,0,0.102864,0.800244,-0.06,-0.003885,0.73636,-0.122408,0.102864,22,23,0.042361,0.2,,7F882300516A6B2C8A8DACFAAB8720DE393452D00E0139DE4B2231D39C1DDE7F
RAW_GRID_T100_S020_GATE90_CANDIDATE_B,candidate_b,RAW_GRID_T100_S020_GATE90_CANDIDATE_B|GBPCAD|LONG|25,GBPCAD,LONG,target,2022-01-14T14:30:00.000Z,2022-01-14T15:09:00.000Z,2022-01-10T00:00:00.000Z,1,0,0,0.090496,0.702369,-0.06,-0.002484,0.639886,-0.189218,0.090496,23,24,0.027083,0.2,,CB85193431340ABABD0006F7ED66A5C8D53CC5F99C6E2B02FF861A36FF919B9C
RAW_GRID_T100_S020_GATE90_CANDIDATE_B,candidate_b,RAW_GRID_T100_S020_GATE90_CANDIDATE_B|GBPCAD|LONG|26,GBPCAD,LONG,target,2022-01-14T15:11:00.000Z,2022-01-14T15:41:00.000Z,2022-01-10T00:00:00.000Z,1,0,0,0.090526,0.702145,-0.06,-0.00191,0.640235,-0.146077,0.090526,24,25,0.020833,0.2,,9CD58C5869CCE066CC9920638B42F60B3D79E80D09DE3F3D057740077ECFCDD5
RAW_GRID_T100_S020_GATE90_CANDIDATE_B,candidate_b,RAW_GRID_T100_S020_GATE90_CANDIDATE_B|GBPCHF|LONG|1,GBPCHF,LONG,target,2022-01-11T09:16:00.000Z,2022-01-11T09:34:00.000Z,2022-01-10T00:00:00.000Z,1,0,0,0.099075,0.680834,-0.06,-0.001146,0.619688,-0.070768,0.099075,0,1,0.0125,0.2,,9A906DD7AC660CDA0A3061002C1E9E1D79502296377E63CD1CD0FB3E82851BD3
RAW_GRID_T100_S020_GATE90_CANDIDATE_B,candidate_b,RAW_GRID_T100_S020_GATE90_CANDIDATE_B|GBPCHF|LONG|2,GBPCHF,LONG,target,2022-01-11T11:34:00.000Z,2022-01-11T16:01:00.000Z,2022-01-10T00:00:00.000Z,2,1,0,0.169986,1.167449,-0.12,-0.028593,1.018857,-0.267272,0.251775,1,2,0.185417,0.2,,008045779EF437831A011C7F1A1F4F275EC9B8DF995ED34B871D16A87A5599D9
RAW_GRID_T100_S020_GATE90_CANDIDATE_B,candidate_b,RAW_GRID_T100_S020_GATE90_CANDIDATE_B|GBPCHF|LONG|3,GBPCHF,LONG,target,2022-01-11T16:17:00.000Z,2022-01-11T17:12:00.000Z,2022-01-10T00:00:00.000Z,1,0,0,0.100694,0.692624,-0.06,-0.003502,0.629122,-0.0472,0.100694,2,3,0.038194,0.2,,2DE02DEF6C85A8885C192BC9D72B37F3D8BA6D040EB4672F8B8191714F8C05F3
RAW_GRID_T100_S020_GATE90_CANDIDATE_B,candidate_b,RAW_GRID_T100_S020_GATE90_CANDIDATE_B|GBPCHF|LONG|4,GBPCHF,LONG,target,2022-01-12T08:40:00.000Z,2022-01-12T08:48:00.000Z,2022-01-10T00:00:00.000Z,1,0,0,0.122672,0.844284,-0.06,-0.000509,0.783774,-0.012582,0.122672,3,4,0.005556,0.2,,D83342420D961FC0686C0A98902F744D9DF69A59207D6D0AAD265556D095C469
RAW_GRID_T100_S020_GATE90_CANDIDATE_B,candidate_b,RAW_GRID_T100_S020_GATE90_CANDIDATE_B|GBPCHF|LONG|5,GBPCHF,LONG,target,2022-01-12T08:59:00.000Z,2022-01-12T09:06:00.000Z,2022-01-10T00:00:00.000Z,1,0,0,0.103794,0.714453,-0.06,-0.000446,0.654007,-0.003145,0.103794,4,5,0.004861,0.2,,76CA81D909AE54121196271A5C3778012D260F4D1A98BC3532BC026542BE5A59
RAW_GRID_T100_S020_GATE90_CANDIDATE_B,candidate_b,RAW_GRID_T100_S020_GATE90_CANDIDATE_B|GBPCHF|LONG|6,GBPCHF,LONG,target,2022-01-12T09:19:00.000Z,2022-01-12T11:02:00.000Z,2022-01-10T00:00:00.000Z,2,1,0,0.369994,2.544608,-0.12,-0.009616,2.414992,-0.228082,0.369994,5,6,0.071528,0.2,,982DDE762F9151CE110B371D44743520CCF66762626ACF832CC12AF8AB99471A
RAW_GRID_T100_S020_GATE90_CANDIDATE_B,candidate_b,RAW_GRID_T100_S020_GATE90_CANDIDATE_B|GBPCHF|LONG|7,GBPCHF,LONG,target,2022-01-12T13:16:00.000Z,2022-01-12T13:24:00.000Z,2022-01-10T00:00:00.000Z,1,0,0,0.105423,0.726555,-0.06,-0.000509,0.666045,-0.023602,0.105423,6,7,0.005556,0.2,,567E477AEDFDF26D69049F91CA4D95BFD160B11FA04C949122E129417161B5D4
RAW_GRID_T100_S020_GATE90_CANDIDATE_B,candidate_b,RAW_GRID_T100_S020_GATE90_CANDIDATE_B|GBPCHF|LONG|8,GBPCHF,LONG,target,2022-01-12T13:42:00.000Z,2022-01-12T14:13:00.000Z,2022-01-10T00:00:00.000Z,1,0,0,0.258238,1.782609,-0.06,-0.001974,1.720635,-0.025194,0.258238,7,8,0.021528,0.2,,86DA38B1F787F507631CA4BFEE5CEF58B74C8D3BCE6CBFC8BB52E8E001E49523
RAW_GRID_T100_S020_GATE90_CANDIDATE_B,candidate_b,RAW_GRID_T100_S020_GATE90_CANDIDATE_B|GBPCHF|LONG|9,GBPCHF,LONG,target,2022-01-12T14:24:00.000Z,2022-01-12T14:28:00.000Z,2022-01-10T00:00:00.000Z,1,0,0,0.125905,0.870216,-0.06,-0.000255,0.809961,0,0.125905,8,9,0.002778,0.2,,516DBF01F01423FD05669574B1B6332867CDB940D6E3176488A085F26818E400
RAW_GRID_T100_S020_GATE90_CANDIDATE_B,candidate_b,RAW_GRID_T100_S020_GATE90_CANDIDATE_B|GBPCHF|LONG|10,GBPCHF,LONG,session_flatten,2022-01-12T14:39:00.000Z,2022-01-12T21:00:00.000Z,2022-01-10T00:00:00.000Z,6,5,0,-1.421163,-9.881142,-0.36,-0.123922,-10.365064,-3.258008,0.070823,9,,0.264583,0.2,,5B9DBDC3FE1B5B84550D8F6692EDE99E3C41C1B5D397EF8752BC11076376F890
RAW_GRID_T100_S020_GATE90_CANDIDATE_B,candidate_b,RAW_GRID_T100_S020_GATE90_CANDIDATE_B|GBPCHF|LONG|11,GBPCHF,LONG,target,2022-01-13T07:45:00.000Z,2022-01-13T07:59:00.000Z,2022-01-10T00:00:00.000Z,1,0,0,0.1043,0.723085,-0.06,-0.000892,0.662194,0,0.1043,9,10,0.009722,0.2,,0B868F799C05E69B85A2A89123EA94C96E87041F1C2CD39AEAB5A10A20DBFC28
RAW_GRID_T100_S020_GATE90_CANDIDATE_B,candidate_b,RAW_GRID_T100_S020_GATE90_CANDIDATE_B|GBPCHF|LONG|12,GBPCHF,LONG,target,2022-01-13T08:06:00.000Z,2022-01-13T08:15:00.000Z,2022-01-10T00:00:00.000Z,1,0,0,0.137489,0.953755,-0.06,-0.000573,0.893182,-0.007903,0.137489,10,11,0.00625,0.2,,DB094D42CBFBAD630D319AB4403A6A201E53CD1CC2694ECA433163172BA094CE
RAW_GRID_T100_S020_GATE90_CANDIDATE_B,candidate_b,RAW_GRID_T100_S020_GATE90_CANDIDATE_B|GBPCHF|LONG|13,GBPCHF,LONG,target,2022-01-13T09:41:00.000Z,2022-01-13T10:22:00.000Z,2022-01-10T00:00:00.000Z,1,0,0,0.102627,0.712549,-0.06,-0.002611,0.649938,-0.127888,0.102627,11,12,0.028472,0.2,,729BAAC1676695534F6680FF18393E8239470686E06B56FF42151096D56220E3
RAW_GRID_T100_S020_GATE90_CANDIDATE_B,candidate_b,RAW_GRID_T100_S020_GATE90_CANDIDATE_B|GBPCHF|LONG|14,GBPCHF,LONG,session_flatten,2022-01-13T11:22:00.000Z,2022-01-13T21:00:00.000Z,2022-01-10T00:00:00.000Z,5,4,0,-1.800102,-12.49698,-0.3,-0.144045,-12.941026,-2.227304,0.061578,12,,0.401389,0.2,,1FEB808F4E6360C517907E6A28F61B54687F5537C00068A1C6695970DD456A23
RAW_GRID_T100_S020_GATE90_CANDIDATE_B,candidate_b,RAW_GRID_T100_S020_GATE90_CANDIDATE_B|GBPCHF|LONG|15,GBPCHF,LONG,target,2022-01-14T07:42:00.000Z,2022-01-14T07:57:00.000Z,2022-01-10T00:00:00.000Z,1,0,0,0.095118,0.659328,-0.06,-0.000955,0.598373,-0.050729,0.095118,12,13,0.010417,0.2,,FEF9DDED181ADC7225C169A7586EFC1448787EF60E9127F3526DCD9481B03728
RAW_GRID_T100_S020_GATE90_CANDIDATE_B,candidate_b,RAW_GRID_T100_S020_GATE90_CANDIDATE_B|GBPJPY|LONG|1,GBPJPY,LONG,target,2022-01-10T14:13:00.000Z,2022-01-10T18:30:00.000Z,2022-01-10T00:00:00.000Z,2,1,0,0.133458,1.276461,-0.12,-0.030439,1.126022,-0.425137,0.147966,0,1,0.178472,0.2,,40717ED2ADB38CA97D331494B56F018DF155F1731C6C36229B2D0260C570B813
RAW_GRID_T100_S020_GATE90_CANDIDATE_B,candidate_b,RAW_GRID_T100_S020_GATE90_CANDIDATE_B|GBPJPY|LONG|2,GBPJPY,LONG,target,2022-01-11T06:52:00.000Z,2022-01-11T07:03:00.000Z,2022-01-10T00:00:00.000Z,1,0,0,0.119492,1.145628,-0.06,-0.0007,1.084928,0,0.119492,1,2,0.007639,0.2,,5F937FAC16F6937E7AE10FBCC17E47FB98367E485F19A9696368CCFACAED8339
RAW_GRID_T100_S020_GATE90_CANDIDATE_B,candidate_b,RAW_GRID_T100_S020_GATE90_CANDIDATE_B|GBPJPY|LONG|3,GBPJPY,LONG,target,2022-01-11T07:07:00.000Z,2022-01-11T07:25:00.000Z,2022-01-10T00:00:00.000Z,1,0,0,0.13941,1.336732,-0.06,-0.001146,1.275585,-0.01901,0.13941,2,3,0.0125,0.2,,E734FAB291A9FA0F9F24D0DA7A8488BA90372662D5B12A3840FB3390657481C8
RAW_GRID_T100_S020_GATE90_CANDIDATE_B,candidate_b,RAW_GRID_T100_S020_GATE90_CANDIDATE_B|GBPJPY|LONG|4,GBPJPY,LONG,target,2022-01-11T14:50:00.000Z,2022-01-11T15:01:00.000Z,2022-01-10T00:00:00.000Z,1,0,0,0.147253,1.410621,-0.06,-0.0007,1.34992,-0.018972,0.147253,3,4,0.007639,0.2,,9BD5050F0148DD543D9EDAF8AB98344FBB157025A82B3CA303AF1E17517F4F40
RAW_GRID_T100_S020_GATE90_CANDIDATE_B,candidate_b,RAW_GRID_T100_S020_GATE90_CANDIDATE_B|GBPJPY|LONG|5,GBPJPY,LONG,target,2022-01-12T09:28:00.000Z,2022-01-12T10:02:00.000Z,2022-01-10T00:00:00.000Z,1,0,0,0.118078,1.135572,-0.06,-0.002165,1.073407,-0.011718,0.118078,4,5,0.023611,0.2,,036D1D223836A1F1705142FC9133BA567329122F7AE520AE0DFDECE847C2D5AE
RAW_GRID_T100_S020_GATE90_CANDIDATE_B,candidate_b,RAW_GRID_T100_S020_GATE90_CANDIDATE_B|GBPJPY|LONG|6,GBPJPY,LONG,session_flatten,2022-01-12T15:23:00.000Z,2022-01-12T21:00:00.000Z,2022-01-10T00:00:00.000Z,3,2,0,-0.048039,-0.471507,-0.18,-0.043876,-0.695382,-0.727192,0.104467,5,,0.234028,0.2,,4488CC33E0A8546D0DCADA5D1DDD3F22E98D13DDE49AFFA8C187CD19562657E1
RAW_GRID_T100_S020_GATE90_CANDIDATE_B,candidate_b,RAW_GRID_T100_S020_GATE90_CANDIDATE_B|GBPJPY|LONG|7,GBPJPY,LONG,target,2022-01-13T01:44:00.000Z,2022-01-13T01:51:00.000Z,2022-01-10T00:00:00.000Z,1,0,0,0.101039,0.977597,-0.06,-0.000446,0.917152,0,0.101039,5,6,0.004861,0.2,,36FDA1C0C60DC1EB752FFD3ABD71A414DCC323E36D04E2961CA8AA3C2DCFD497
RAW_GRID_T100_S020_GATE90_CANDIDATE_B,candidate_b,RAW_GRID_T100_S020_GATE90_CANDIDATE_B|GBPJPY|LONG|8,GBPJPY,LONG,target,2022-01-13T12:02:00.000Z,2022-01-13T13:59:00.000Z,2022-01-10T00:00:00.000Z,2,1,0,0.066924,0.647415,-0.12,-0.012227,0.515189,-0.575367,0.07752,6,7,0.08125,0.2,,8C4E5E8EB215FBBCC1BA40514702E27E6252FAB746BF96855556C346DF67796D
RAW_GRID_T100_S020_GATE90_CANDIDATE_B,candidate_b,RAW_GRID_T100_S020_GATE90_CANDIDATE_B|GBPJPY|LONG|9,GBPJPY,LONG,target,2022-01-13T14:03:00.000Z,2022-01-13T14:50:00.000Z,2022-01-10T00:00:00.000Z,1,0,0,0.114625,1.111226,-0.06,-0.002993,1.048234,-0.060472,0.114625,7,8,0.032639,0.2,,8D3AAA1524CDBC7FE309B3C534EE2BDC177C4D08FB092BDD0D4209E792B53B49
RAW_GRID_T100_S020_GATE90_CANDIDATE_B,candidate_b,RAW_GRID_T100_S020_GATE90_CANDIDATE_B|GBPJPY|LONG|10,GBPJPY,LONG,session_flatten,2022-01-13T15:26:00.000Z,2022-01-13T21:00:00.000Z,2022-01-10T00:00:00.000Z,3,2,0,-0.687475,-6.667188,-0.18,-0.055211,-6.902399,-0.893622,0.096601,8,,0.231944,0.2,,E0B39171646C04F8AC49457200D158A7386497F48C38A7100665786D585D0B9B
RAW_GRID_T100_S020_GATE90_CANDIDATE_B,candidate_b,RAW_GRID_T100_S020_GATE90_CANDIDATE_B|GBPJPY|LONG|11,GBPJPY,LONG,target,2022-01-13T23:38:00.000Z,2022-01-14T06:02:00.000Z,2022-01-10T00:00:00.000Z,3,2,0,0.012359,0.114331,-0.18,-0.058331,-0.124001,-0.675599,0.057926,8,9,0.266667,0.2,,429C38C0E5379494516AECD7C511F2D752652463228C808CE2E26BFBD687FF5E
RAW_GRID_T100_S020_GATE90_CANDIDATE_B,candidate_b,RAW_GRID_T100_S020_GATE90_CANDIDATE_B|GBPJPY|LONG|12,GBPJPY,LONG,target,2022-01-14T07:28:00.000Z,2022-01-14T07:56:00.000Z,2022-01-10T00:00:00.000Z,1,0,0,0.121614,1.177895,-0.06,-0.001783,1.116112,-0.050824,0.121614,9,10,0.019444,0.2,,1B175DB25409BFE7ACCEC3CFC4D268EE02CB2BADBC6013DCA503A4C4655AF68A
RAW_GRID_T100_S020_GATE90_CANDIDATE_B,candidate_b,RAW_GRID_T100_S020_GATE90_CANDIDATE_B|GBPNZD|LONG|1,GBPNZD,LONG,session_flatten,2022-01-10T20:40:00.000Z,2022-01-10T21:00:00.000Z,2022-01-10T00:00:00.000Z,1,0,0,0.001888,0.013523,-0.06,-0.001274,-0.04775,-0.067967,0.065135,0,,0.013889,0.2,,64B5E4621A8CE88B7071579036302BAD4943B29D5DA8A0FC5619C44BF535F35B
RAW_GRID_T100_S020_GATE90_CANDIDATE_B,candidate_b,RAW_GRID_T100_S020_GATE90_CANDIDATE_B|GBPNZD|LONG|2,GBPNZD,LONG,target,2022-01-10T23:14:00.000Z,2022-01-11T01:31:00.000Z,2022-01-10T00:00:00.000Z,1,0,0,0.069873,0.500786,-0.06,-0.008724,0.432062,-0.181292,0.075538,0,1,0.095139,0.2,,08D194FFFEF6DE57115B5C2B9CFA3B2A7BFB0027EBC697EE7A0884EB0F21C72E
RAW_GRID_T100_S020_GATE90_CANDIDATE_B,candidate_b,RAW_GRID_T100_S020_GATE90_CANDIDATE_B|GBPNZD|LONG|3,GBPNZD,LONG,target,2022-01-11T03:31:00.000Z,2022-01-11T03:49:00.000Z,2022-01-10T00:00:00.000Z,1,0,0,0.139793,1.002179,-0.06,-0.001146,0.941033,0,0.139793,1,2,0.0125,0.2,,C4EBACC512FDC52904D257136A7B1D308F7EBF420CCB9360FE394F3E77493683
RAW_GRID_T100_S020_GATE90_CANDIDATE_B,candidate_b,RAW_GRID_T100_S020_GATE90_CANDIDATE_B|GBPNZD|LONG|4,GBPNZD,LONG,target,2022-01-11T09:30:00.000Z,2022-01-11T09:49:00.000Z,2022-01-10T00:00:00.000Z,1,0,0,0.135953,0.975776,-0.06,-0.00121,0.914566,-0.044373,0.135953,2,3,0.013194,0.2,,15BB1DD5159AA793B831413939C4CFF1A2719A09A327358A94FB3E68261C61AF
RAW_GRID_T100_S020_GATE90_CANDIDATE_B,candidate_b,RAW_GRID_T100_S020_GATE90_CANDIDATE_B|GBPNZD|LONG|5,GBPNZD,LONG,target,2022-01-11T10:06:00.000Z,2022-01-11T10:16:00.000Z,2022-01-10T00:00:00.000Z,1,0,0,0.118954,0.853379,-0.06,-0.000637,0.792742,-0.007552,0.118954,3,4,0.006944,0.2,,4707A2093CD96B2806E36782591B660F456073CD1E616FEB15F752C3231B7C94
RAW_GRID_T100_S020_GATE90_CANDIDATE_B,candidate_b,RAW_GRID_T100_S020_GATE90_CANDIDATE_B|GBPNZD|LONG|6,GBPNZD,LONG,target,2022-01-11T12:02:00.000Z,2022-01-11T12:09:00.000Z,2022-01-10T00:00:00.000Z,1,0,0,0.144429,1.034985,-0.06,-0.000446,0.974539,0,0.144429,4,5,0.004861,0.2,,5FA2A18DD11300A03E9833379C6C147EFCC1AA883642FF8149C56E142A0A2DFF
RAW_GRID_T100_S020_GATE90_CANDIDATE_B,candidate_b,RAW_GRID_T100_S020_GATE90_CANDIDATE_B|GBPNZD|LONG|7,GBPNZD,LONG,session_flatten,2022-01-11T17:15:00.000Z,2022-01-11T21:00:00.000Z,2022-01-10T00:00:00.000Z,2,1,0,-0.007438,-0.054277,-0.12,-0.023689,-0.197966,-0.475377,0.105773,5,,0.15625,0.2,,E3827C78BB8F97206442AF88A137F2FDC376E7F41E843B918DBEE1F04ACE3EE7
RAW_GRID_T100_S020_GATE90_CANDIDATE_B,candidate_b,RAW_GRID_T100_S020_GATE90_CANDIDATE_B|GBPNZD|LONG|8,GBPNZD,LONG,target,2022-01-11T23:07:00.000Z,2022-01-11T23:53:00.000Z,2022-01-10T00:00:00.000Z,1,0,0,0.083039,0.597151,-0.06,-0.002929,0.534222,-0.026421,0.083039,5,6,0.031944,0.2,,5781262EC65D85B2F85B6F6F9F7596B363340DACFFB1A0A43954E305BF7FA0E8
RAW_GRID_T100_S020_GATE90_CANDIDATE_B,candidate_b,RAW_GRID_T100_S020_GATE90_CANDIDATE_B|GBPNZD|LONG|9,GBPNZD,LONG,target,2022-01-12T00:41:00.000Z,2022-01-12T01:00:00.000Z,2022-01-10T00:00:00.000Z,1,0,0,0.116093,0.834874,-0.06,-0.00121,0.773664,0,0.116093,6,7,0.013194,0.2,,C8CA4848DCEB23EDA1EED7BC894FFD236025B8ED3C11E7D06F39DE2FC361B918
RAW_GRID_T100_S020_GATE90_CANDIDATE_B,candidate_b,RAW_GRID_T100_S020_GATE90_CANDIDATE_B|GBPNZD|LONG|10,GBPNZD,LONG,target,2022-01-12T04:21:00.000Z,2022-01-12T07:37:00.000Z,2022-01-10T00:00:00.000Z,1,0,0,0.100038,0.718961,-0.06,-0.012481,0.646479,-0.115137,0.100038,7,8,0.136111,0.2,,4939BE875A8086140D118FC477894FFB1138504E35FFCDBFFDA74641D5028645
RAW_GRID_T100_S020_GATE90_CANDIDATE_B,candidate_b,RAW_GRID_T100_S020_GATE90_CANDIDATE_B|GBPNZD|LONG|11,GBPNZD,LONG,target,2022-01-12T09:28:00.000Z,2022-01-12T10:08:00.000Z,2022-01-10T00:00:00.000Z,1,0,0,0.11607,0.834333,-0.06,-0.002547,0.771786,-0.005662,0.11607,8,9,0.027778,0.2,,B465A604BAE800095D354CF4157A4FB080F078D532E4DCFFF033835946237C29
RAW_GRID_T100_S020_GATE90_CANDIDATE_B,candidate_b,RAW_GRID_T100_S020_GATE90_CANDIDATE_B|GBPNZD|LONG|12,GBPNZD,LONG,session_flatten,2022-01-12T13:38:00.000Z,2022-01-12T21:00:00.000Z,2022-01-10T00:00:00.000Z,5,4,0,-2.839671,-20.616912,-0.3,-0.123731,-21.040643,-2.839671,0.037721,9,,0.306944,0.2,,2C7C6743071088462A98A4B9088B461B3EF8A88DEC94BB8A0026501545E67BA8
RAW_GRID_T100_S020_GATE90_CANDIDATE_B,candidate_b,RAW_GRID_T100_S020_GATE90_CANDIDATE_B|GBPNZD|LONG|13,GBPNZD,LONG,target,2022-01-13T00:41:00.000Z,2022-01-13T01:18:00.000Z,2022-01-10T00:00:00.000Z,1,0,0,0.085283,0.616631,-0.06,-0.002356,0.554275,-0.108025,0.085283,9,10,0.025694,0.2,,2668FD285F76459C4B9D7841D8568C78B35561C6CD5D3CA1B23CFC20005929D5
RAW_GRID_T100_S020_GATE90_CANDIDATE_B,candidate_b,RAW_GRID_T100_S020_GATE90_CANDIDATE_B|GBPNZD|LONG|14,GBPNZD,LONG,target,2022-01-13T02:51:00.000Z,2022-01-13T20:56:00.000Z,2022-01-10T00:00:00.000Z,3,2,0,0.040299,0.288121,-0.18,-0.153597,-0.045477,-1.103813,0.102345,10,11,0.753472,0.2,,97E6CD18920A4D163CD98624FE56706770624A06DD8D8F8A3E606310458B2B3C
RAW_GRID_T100_S020_GATE90_CANDIDATE_B,candidate_b,RAW_GRID_T100_S020_GATE90_CANDIDATE_B|GBPNZD|LONG|15,GBPNZD,LONG,target,2022-01-14T06:01:00.000Z,2022-01-14T08:05:00.000Z,2022-01-10T00:00:00.000Z,1,0,0,0.09669,0.700193,-0.06,-0.007896,0.632296,-0.094793,0.09669,11,12,0.086111,0.2,,4BEF0DA41E9945873EDE0E76E3DB57558194941E00EE626B22AA2CCAB846A2D8
RAW_GRID_T100_S020_GATE90_CANDIDATE_B,candidate_b,RAW_GRID_T100_S020_GATE90_CANDIDATE_B|GBPNZD|LONG|16,GBPNZD,LONG,target,2022-01-14T08:10:00.000Z,2022-01-14T08:41:00.000Z,2022-01-10T00:00:00.000Z,1,0,0,0.086268,0.625098,-0.06,-0.001974,0.563124,-0.112813,0.086268,12,13,0.021528,0.2,,6A4AA3CF9F8796E714BA188E1ADB2C9D0D82DEBB7FF97B0198AEB93B439F371E
RAW_GRID_T100_S020_GATE90_CANDIDATE_B,candidate_b,RAW_GRID_T100_S020_GATE90_CANDIDATE_B|GBPNZD|LONG|17,GBPNZD,LONG,target,2022-01-14T14:39:00.000Z,2022-01-14T14:44:00.000Z,2022-01-10T00:00:00.000Z,1,0,0,0.132447,0.956859,-0.06,-0.000318,0.896541,0,0.132447,13,14,0.003472,0.2,,3ACA7CFC9ADCADA5A29610F91EDAA9A734749A3B297249B401315CFDE8EBBD16
RAW_GRID_T100_S020_GATE90_CANDIDATE_B,candidate_b,RAW_GRID_T100_S020_GATE90_CANDIDATE_B|GBPNZD|LONG|18,GBPNZD,LONG,target,2022-01-14T14:58:00.000Z,2022-01-14T15:03:00.000Z,2022-01-10T00:00:00.000Z,1,0,0,0.132429,0.955613,-0.06,-0.000318,0.895295,-0.075673,0.132429,14,15,0.003472,0.2,,76AD8B84BF2DE84D67CA05A2B3FAA30B8C2CFDE8E339A03F9AF2183AA14308C0
RAW_GRID_T100_S020_GATE90_CANDIDATE_B,candidate_b,RAW_GRID_T100_S020_GATE90_CANDIDATE_B|GBPNZD|LONG|19,GBPNZD,LONG,target,2022-01-14T15:17:00.000Z,2022-01-14T15:30:00.000Z,2022-01-10T00:00:00.000Z,1,0,0,0.110672,0.798526,-0.06,-0.000828,0.737698,-0.014189,0.110672,15,16,0.009028,0.2,,6E7971ADB847DC09495B39AE96668B2E1A2CA3FE41ECBC4B70B8EE8BEBF9E2B7
RAW_GRID_T100_S020_GATE90_CANDIDATE_B,candidate_b,RAW_GRID_T100_S020_GATE90_CANDIDATE_B|GBPUSD|SHORT|1,GBPUSD,SHORT,session_flatten,2022-01-10T16:18:00.000Z,2022-01-10T21:00:00.000Z,2022-01-10T00:00:00.000Z,1,0,0,-0.154703,-1.210006,-0.06,0.001958,-1.268048,-0.16621,0.102282,0,,0.195833,0.2,,08B97B66483D78AF6644A4E6378241C5C29CE8359B4A7EA5E1CB21B9DB1A4BA6
RAW_GRID_T100_S020_GATE90_CANDIDATE_B,candidate_b,RAW_GRID_T100_S020_GATE90_CANDIDATE_B|GBPUSD|SHORT|2,GBPUSD,SHORT,target,2022-01-10T23:05:00.000Z,2022-01-11T11:01:00.000Z,2022-01-10T00:00:00.000Z,3,2,0,0.010706,0.09,-0.18,0.009354,-0.080645,-0.815903,0.201564,0,1,0.497222,0.2,,93907F97A8A79F9D55887C7CD87E1005B8FC8312A6215A482F8DA2F52E52A2D7
RAW_GRID_T100_S020_GATE90_CANDIDATE_B,candidate_b,RAW_GRID_T100_S020_GATE90_CANDIDATE_B|GBPUSD|SHORT|3,GBPUSD,SHORT,session_flatten,2022-01-11T15:06:00.000Z,2022-01-11T21:00:00.000Z,2022-01-10T00:00:00.000Z,3,2,0,-0.836671,-6.560008,-0.18,0.006264,-6.733744,-0.932275,0.132724,1,,0.245833,0.2,,7C93F7CAE6E5FDED02E338472B12B6F7F6EE97F4A974B889EA459A5006080CA8
RAW_GRID_T100_S020_GATE90_CANDIDATE_B,candidate_b,RAW_GRID_T100_S020_GATE90_CANDIDATE_B|GBPUSD|SHORT|4,GBPUSD,SHORT,target,2022-01-11T23:08:00.000Z,2022-01-12T07:28:00.000Z,2022-01-10T00:00:00.000Z,1,0,0,0.085233,0.670003,-0.06,0.003472,0.613475,-0.128485,0.094138,1,2,0.347222,0.2,,4454EDD46EC1F85F867635617BB29449A3DC7045BF4A872777F7733E78D059ED
RAW_GRID_T100_S020_GATE90_CANDIDATE_B,candidate_b,RAW_GRID_T100_S020_GATE90_CANDIDATE_B|GBPUSD|SHORT|5,GBPUSD,SHORT,target,2022-01-12T08:16:00.000Z,2022-01-12T08:23:00.000Z,2022-01-10T00:00:00.000Z,1,0,0,0.148788,1.169998,-0.06,0.000049,1.110046,0,0.148788,2,3,0.004861,0.2,,F90D3D739574D9497426AB6498114BCE6CDE359A124B172DD7ECCDAFA5B7FDF0
RAW_GRID_T100_S020_GATE90_CANDIDATE_B,candidate_b,RAW_GRID_T100_S020_GATE90_CANDIDATE_B|GBPUSD|SHORT|6,GBPUSD,SHORT,session_flatten,2022-01-12T12:36:00.000Z,2022-01-12T21:00:00.000Z,2022-01-10T00:00:00.000Z,5,4,0,-2.335384,-18.390019,-0.3,0.01366,-18.676359,-2.620827,0.076299,3,,0.35,0.2,,E84EB6130D8115AC596725423CAE20032C8BCED586E7E242F3C2AB8A3D58AD7C
RAW_GRID_T100_S020_GATE90_CANDIDATE_B,candidate_b,RAW_GRID_T100_S020_GATE90_CANDIDATE_B|GBPUSD|SHORT|7,GBPUSD,SHORT,target,2022-01-12T23:06:00.000Z,2022-01-13T12:01:00.000Z,2022-01-10T00:00:00.000Z,3,2,0,0.060163,0.480002,-0.18,0.008951,0.308954,-0.921893,0.060163,3,4,0.538194,0.2,,D3C670FCC79445655020365E2616352C22B368BF727AF2C6A91D2CFA0F5DE2D0
RAW_GRID_T100_S020_GATE90_CANDIDATE_B,candidate_b,RAW_GRID_T100_S020_GATE90_CANDIDATE_B|GBPUSD|SHORT|8,GBPUSD,SHORT,target,2022-01-13T14:01:00.000Z,2022-01-13T14:48:00.000Z,2022-01-10T00:00:00.000Z,1,0,0,0.113619,0.900004,-0.06,0.000326,0.840331,-0.061859,0.113619,4,5,0.032639,0.2,,0DBAA4C2060EAAA594D16A7CE17CE548398FC6C6DE096466BB8F428FEE45C41C
RAW_GRID_T100_S020_GATE90_CANDIDATE_B,candidate_b,RAW_GRID_T100_S020_GATE90_CANDIDATE_B|GBPUSD|SHORT|9,GBPUSD,SHORT,target,2022-01-13T14:51:00.000Z,2022-01-13T15:26:00.000Z,2022-01-10T00:00:00.000Z,1,0,0,0.113607,0.900004,-0.06,0.000243,0.840247,-0.082048,0.113607,5,6,0.024306,0.2,,DEBF4B0442E5F000D2755AA65E769FEC8E6E7F6905BFE8F70005F6FB17E511AF
RAW_GRID_T100_S020_GATE90_CANDIDATE_B,candidate_b,RAW_GRID_T100_S020_GATE90_CANDIDATE_B|GBPUSD|SHORT|10,GBPUSD,SHORT,target,2022-01-14T03:11:00.000Z,2022-01-14T07:17:00.000Z,2022-01-10T00:00:00.000Z,1,0,0,0.096041,0.760004,-0.06,0.001708,0.701712,-0.13395,0.096041,6,7,0.170833,0.2,,54C3FE6304454B01200C5D3403A21AA2404D3A6BF2251EFF424939AC1A87614C
RAW_GRID_T100_S020_GATE90_CANDIDATE_B,candidate_b,RAW_GRID_T100_S020_GATE90_CANDIDATE_B|GBPUSD|SHORT|11,GBPUSD,SHORT,target,2022-01-14T08:02:00.000Z,2022-01-14T10:12:00.000Z,2022-01-10T00:00:00.000Z,1,0,0,0.041695,0.330002,-0.06,0.000903,0.270904,-0.176889,0.053067,7,8,0.090278,0.2,,29BCCF734DAE879DC12D18B96501711E60CE5BEC5CEC60F1AD5DE73B119D3FCB
RAW_GRID_T100_S020_GATE90_CANDIDATE_B,candidate_b,RAW_GRID_T100_S020_GATE90_CANDIDATE_B|NZDCAD|SHORT|1,NZDCAD,SHORT,session_flatten,2022-01-10T16:03:00.000Z,2022-01-10T21:00:00.000Z,2022-01-10T00:00:00.000Z,2,1,0,-0.371377,-1.530621,-0.12,0.003889,-1.646732,-0.512989,0.087903,0,,0.20625,0.2,,D2033B2578C3BDC74604A3EE66131A594B4AB1C585FE2BC3F9225CC4DA31175E
RAW_GRID_T100_S020_GATE90_CANDIDATE_B,candidate_b,RAW_GRID_T100_S020_GATE90_CANDIDATE_B|NZDCAD|SHORT|2,NZDCAD,SHORT,target,2022-01-10T23:06:00.000Z,2022-01-11T00:09:00.000Z,2022-01-10T00:00:00.000Z,1,0,0,0.074557,0.307856,-0.06,0.000437,0.248293,-0.101322,0.074557,0,1,0.04375,0.2,,E836DA83F52DEC8FE37E9A8A746020B84661BF21F06F580467CCD2D8F1FC5C3C
RAW_GRID_T100_S020_GATE90_CANDIDATE_B,candidate_b,RAW_GRID_T100_S020_GATE90_CANDIDATE_B|NZDCAD|SHORT|3,NZDCAD,SHORT,target,2022-01-11T00:14:00.000Z,2022-01-11T01:08:00.000Z,2022-01-10T00:00:00.000Z,1,0,0,0.089831,0.371173,-0.06,0.000375,0.311548,-0.066895,0.089831,1,2,0.0375,0.2,,5FB185A671378CE1962454148D512D4AADDCD3080745FC741658C1AEF3DD0EC2
RAW_GRID_T100_S020_GATE90_CANDIDATE_B,candidate_b,RAW_GRID_T100_S020_GATE90_CANDIDATE_B|NZDCAD|SHORT|4,NZDCAD,SHORT,target,2022-01-11T16:33:00.000Z,2022-01-11T16:42:00.000Z,2022-01-10T00:00:00.000Z,1,0,0,0.118964,0.492126,-0.06,0.000062,0.432189,0,0.118964,2,3,0.00625,0.2,,E85310497E6CBC67CE3F3C570BA010D741977F37F6DBEA8619788B4873261B7C
RAW_GRID_T100_S020_GATE90_CANDIDATE_B,candidate_b,RAW_GRID_T100_S020_GATE90_CANDIDATE_B|NZDCAD|SHORT|5,NZDCAD,SHORT,target,2022-01-11T19:16:00.000Z,2022-01-11T20:20:00.000Z,2022-01-10T00:00:00.000Z,1,0,0,0.088288,0.365659,-0.06,0.000444,0.306104,-0.115158,0.088288,3,4,0.044444,0.2,,7842392E7BFEF0265533B1E4E222FAEEE3195720D791B0C627245B7DE533732E
RAW_GRID_T100_S020_GATE90_CANDIDATE_B,candidate_b,RAW_GRID_T100_S020_GATE90_CANDIDATE_B|NZDCAD|SHORT|6,NZDCAD,SHORT,session_flatten,2022-01-12T13:39:00.000Z,2022-01-12T21:00:00.000Z,2022-01-10T00:00:00.000Z,6,5,0,-3.677655,-15.313123,-0.36,0.014333,-15.65879,-3.781238,0.024849,4,,0.30625,0.2,,BE44B9CC4BDFC6CF318EFCB133B040431DAC391E16D426CE7ACFBC6E62E8B384
RAW_GRID_T100_S020_GATE90_CANDIDATE_B,candidate_b,RAW_GRID_T100_S020_GATE90_CANDIDATE_B|NZDCAD|SHORT|7,NZDCAD,SHORT,target,2022-01-12T23:36:00.000Z,2022-01-12T23:39:00.000Z,2022-01-10T00:00:00.000Z,1,0,0,0.107097,0.447829,-0.06,0.000021,0.38785,0,0.107097,4,5,0.002083,0.2,,97C23A099DB51822314D94A32F7BE7708BC1F6DE2DB7F32FD84152FCF1804400
RAW_GRID_T100_S020_GATE90_CANDIDATE_B,candidate_b,RAW_GRID_T100_S020_GATE90_CANDIDATE_B|NZDCAD|SHORT|8,NZDCAD,SHORT,target,2022-01-13T00:09:00.000Z,2022-01-13T00:33:00.000Z,2022-01-10T00:00:00.000Z,1,0,0,0.128124,0.535755,-0.06,0.000167,0.475922,-0.009561,0.128124,5,6,0.016667,0.2,,84D7738497F858D16A913A2C1C19B1BA3C9C0F2F852D37779976C1FE94881AB7
RAW_GRID_T100_S020_GATE90_CANDIDATE_B,candidate_b,RAW_GRID_T100_S020_GATE90_CANDIDATE_B|NZDCAD|SHORT|9,NZDCAD,SHORT,target,2022-01-13T00:41:00.000Z,2022-01-13T01:49:00.000Z,2022-01-10T00:00:00.000Z,1,0,0,0.091788,0.383775,-0.06,0.000472,0.324247,-0.11091,0.091788,6,7,0.047222,0.2,,15CB2B1854FE0E2E6AA7169B44BF8CC3462979B2D201D38E900E19F8E31EE934
RAW_GRID_T100_S020_GATE90_CANDIDATE_B,candidate_b,RAW_GRID_T100_S020_GATE90_CANDIDATE_B|NZDCAD|SHORT|10,NZDCAD,SHORT,target,2022-01-13T02:20:00.000Z,2022-01-13T02:37:00.000Z,2022-01-10T00:00:00.000Z,1,0,0,0.103244,0.431838,-0.06,0.000118,0.371956,-0.007648,0.103244,7,8,0.011806,0.2,,1EB7210EC69C3D93AC68F1573FBCE190780EB25BF1202A84B941BE3661B279DB
RAW_GRID_T100_S020_GATE90_CANDIDATE_B,candidate_b,RAW_GRID_T100_S020_GATE90_CANDIDATE_B|NZDCAD|SHORT|11,NZDCAD,SHORT,target,2022-01-13T02:51:00.000Z,2022-01-13T12:15:00.000Z,2022-01-10T00:00:00.000Z,3,2,0,0.228613,0.961319,-0.18,0.006507,0.787826,-0.676351,0.228613,8,9,0.391667,0.2,,5ECE64C5775E08E1F6281E52AA13CA8B304C687AAA24CA672DECDD7F7DFD1533
RAW_GRID_T100_S020_GATE90_CANDIDATE_B,candidate_b,RAW_GRID_T100_S020_GATE90_CANDIDATE_B|NZDCAD|SHORT|12,NZDCAD,SHORT,target,2022-01-13T12:42:00.000Z,2022-01-13T12:55:00.000Z,2022-01-10T00:00:00.000Z,1,0,0,0.118343,0.496799,-0.06,0.00009,0.436889,0,0.118343,9,10,0.009028,0.2,,DB0815EDF08F80A8F769CCAC75124F0A2BFC124DD252FA7C42C387BFCF33BE51
RAW_GRID_T100_S020_GATE90_CANDIDATE_B,candidate_b,RAW_GRID_T100_S020_GATE90_CANDIDATE_B|NZDCAD|SHORT|13,NZDCAD,SHORT,target,2022-01-13T15:08:00.000Z,2022-01-13T15:23:00.000Z,2022-01-10T00:00:00.000Z,1,0,0,0.125931,0.529016,-0.06,0.000104,0.46912,-0.013357,0.125931,10,11,0.010417,0.2,,7BF2F68686DB2AD12C2B0EA1B50BB69906C4956B9116DBFFCF8D198CD5F5CC44
RAW_GRID_T100_S020_GATE90_CANDIDATE_B,candidate_b,RAW_GRID_T100_S020_GATE90_CANDIDATE_B|NZDCAD|SHORT|14,NZDCAD,SHORT,target,2022-01-13T15:34:00.000Z,2022-01-13T17:24:00.000Z,2022-01-10T00:00:00.000Z,1,0,0,0.043884,0.183974,-0.06,0.000764,0.124738,-0.127838,0.093494,11,12,0.076389,0.2,,CC3E76D75654718A36D7611760A8B59C75CA06070431D2357078E710AB895D4C
RAW_GRID_T100_S020_GATE90_CANDIDATE_B,candidate_b,RAW_GRID_T100_S020_GATE90_CANDIDATE_B|NZDCAD|SHORT|15,NZDCAD,SHORT,target,2022-01-13T18:07:00.000Z,2022-01-13T18:44:00.000Z,2022-01-10T00:00:00.000Z,1,0,0,0.11443,0.480233,-0.06,0.000257,0.42049,-0.022885,0.11443,12,13,0.025694,0.2,,FD80835F4873D77DA75C5420DB0BF242886BA08827A171EE681C8A2B01B34A98
RAW_GRID_T100_S020_GATE90_CANDIDATE_B,candidate_b,RAW_GRID_T100_S020_GATE90_CANDIDATE_B|NZDCHF|LONG|1,NZDCHF,LONG,target,2022-01-10T15:44:00.000Z,2022-01-10T15:58:00.000Z,2022-01-10T00:00:00.000Z,1,0,0,0.156885,0.616135,-0.06,-0.000892,0.555244,-0.101837,0.156885,0,1,0.009722,0.2,,8C0658E9FA7D9B46DC80FFC91E0DEA14D4BF86B113808F314679D9C7902BBE3F
RAW_GRID_T100_S020_GATE90_CANDIDATE_B,candidate_b,RAW_GRID_T100_S020_GATE90_CANDIDATE_B|NZDCHF|LONG|2,NZDCHF,LONG,target,2022-01-11T01:51:00.000Z,2022-01-11T02:23:00.000Z,2022-01-10T00:00:00.000Z,1,0,0,0.131539,0.479997,-0.06,-0.002038,0.417959,-0.087693,0.131539,1,2,0.022222,0.2,,673DEA7E47798024D80E10795F00486BA40D1E3F7540455115D09ABC9988E8B3
RAW_GRID_T100_S020_GATE90_CANDIDATE_B,candidate_b,RAW_GRID_T100_S020_GATE90_CANDIDATE_B|NZDCHF|LONG|3,NZDCHF,LONG,target,2022-01-11T06:31:00.000Z,2022-01-11T07:28:00.000Z,2022-01-10T00:00:00.000Z,2,1,0,0.318158,1.253063,-0.12,-0.005731,1.127332,-0.213712,0.318158,2,3,0.039583,0.2,,8D8A028DA7CFF7D17E7085B87DC7E339912108F89DDB790358C6370A47824DEB
RAW_GRID_T100_S020_GATE90_CANDIDATE_B,candidate_b,RAW_GRID_T100_S020_GATE90_CANDIDATE_B|NZDCHF|LONG|4,NZDCHF,LONG,target,2022-01-11T07:38:00.000Z,2022-01-11T08:04:00.000Z,2022-01-10T00:00:00.000Z,1,0,0,0.093183,0.367338,-0.06,-0.001656,0.305682,-0.019185,0.093183,3,4,0.018056,0.2,,2A39EC0D4981BA6848DBCD1679B3EB74F0FCBAF899D463C356C02B0FDD61E396
RAW_GRID_T100_S020_GATE90_CANDIDATE_B,candidate_b,RAW_GRID_T100_S020_GATE90_CANDIDATE_B|NZDCHF|LONG|5,NZDCHF,LONG,target,2022-01-11T08:12:00.000Z,2022-01-11T08:15:00.000Z,2022-01-10T00:00:00.000Z,1,0,0,0.191914,0.756509,-0.06,-0.000191,0.696318,0,0.191914,4,5,0.002083,0.2,,FA5C5FE55DE3588736D8C3A571B088147A94D086B0F851BF463EAD1934985EF1
RAW_GRID_T100_S020_GATE90_CANDIDATE_B,candidate_b,RAW_GRID_T100_S020_GATE90_CANDIDATE_B|NZDCHF|LONG|6,NZDCHF,LONG,target,2022-01-11T08:54:00.000Z,2022-01-11T09:03:00.000Z,2022-01-10T00:00:00.000Z,1,0,0,0.142528,0.562086,-0.06,-0.000573,0.501513,-0.027409,0.142528,5,6,0.00625,0.2,,166754ECDABC77F63B6D353B24087CA3B2D92B00A731FB16D1FF56853A51091D
RAW_GRID_T100_S020_GATE90_CANDIDATE_B,candidate_b,RAW_GRID_T100_S020_GATE90_CANDIDATE_B|NZDCHF|LONG|7,NZDCHF,LONG,target,2022-01-11T10:36:00.000Z,2022-01-11T10:49:00.000Z,2022-01-10T00:00:00.000Z,1,0,0,0.104125,0.410187,-0.06,-0.000828,0.349359,0,0.104125,6,7,0.009028,0.2,,EFFA944A1ABF41E469214EA982A0FAC37F47F80C4EFFD031AD01B7A2DFD56C0C
RAW_GRID_T100_S020_GATE90_CANDIDATE_B,candidate_b,RAW_GRID_T100_S020_GATE90_CANDIDATE_B|NZDCHF|LONG|8,NZDCHF,LONG,target,2022-01-11T10:57:00.000Z,2022-01-11T11:57:00.000Z,2022-01-10T00:00:00.000Z,1,0,0,0.109609,0.431841,-0.06,-0.003821,0.36802,-0.082207,0.109609,7,8,0.041667,0.2,,B54C8F930A831413B61B0371FEA972F590CB70106C5941A482025F961791A1F9
RAW_GRID_T100_S020_GATE90_CANDIDATE_B,candidate_b,RAW_GRID_T100_S020_GATE90_CANDIDATE_B|NZDCHF|LONG|9,NZDCHF,LONG,target,2022-01-11T12:15:00.000Z,2022-01-11T16:34:00.000Z,2022-01-10T00:00:00.000Z,3,2,0,0.047174,0.184053,-0.18,-0.030439,-0.026387,-0.619649,0.047174,8,9,0.179861,0.2,,1EC83A2BF86CEE85D18A29DA893F749FA9225BADAA309DCD893AC25E872AE4E6
RAW_GRID_T100_S020_GATE90_CANDIDATE_B,candidate_b,RAW_GRID_T100_S020_GATE90_CANDIDATE_B|NZDCHF|LONG|10,NZDCHF,LONG,target,2022-01-11T23:58:00.000Z,2022-01-12T00:02:00.000Z,2022-01-10T00:00:00.000Z,1,0,0,0.126112,0.498127,-0.06,-0.000255,0.437873,0,0.126112,9,10,0.002778,0.2,,ED6950B0C4CB61C16CC992E4D8B1644DC04272085E7F34405B7F08E138A9766E
RAW_GRID_T100_S020_GATE90_CANDIDATE_B,candidate_b,RAW_GRID_T100_S020_GATE90_CANDIDATE_B|NZDCHF|LONG|11,NZDCHF,LONG,target,2022-01-12T00:15:00.000Z,2022-01-12T00:32:00.000Z,2022-01-10T00:00:00.000Z,1,0,0,0.142561,0.563247,-0.06,-0.001083,0.502164,0,0.142561,10,11,0.011806,0.2,,341E0CE70B0D59C2201C7172599E14A88BFBE42DA607E7EB3E666374B9CC733B
RAW_GRID_T100_S020_GATE90_CANDIDATE_B,candidate_b,RAW_GRID_T100_S020_GATE90_CANDIDATE_B|NZDCHF|LONG|12,NZDCHF,LONG,target,2022-01-12T01:19:00.000Z,2022-01-12T01:33:00.000Z,2022-01-10T00:00:00.000Z,1,0,0,0.095939,0.349999,-0.06,-0.000892,0.289107,-0.04934,0.095939,11,12,0.009722,0.2,,EBE5D148680FA811FE66ABE3E7AD3ABDDFBF728EB186851F7B99704B89400822
RAW_GRID_T100_S020_GATE90_CANDIDATE_B,candidate_b,RAW_GRID_T100_S020_GATE90_CANDIDATE_B|NZDCHF|LONG|13,NZDCHF,LONG,target,2022-01-12T01:55:00.000Z,2022-01-12T02:03:00.000Z,2022-01-10T00:00:00.000Z,1,0,0,0.134339,0.490003,-0.06,-0.000509,0.429493,0,0.134339,12,13,0.005556,0.2,,FAA40262DDF97BF9524C1D546B057C017500A94C290B7DC739E417C28C6931B0
RAW_GRID_T100_S020_GATE90_CANDIDATE_B,candidate_b,RAW_GRID_T100_S020_GATE90_CANDIDATE_B|NZDCHF|LONG|14,NZDCHF,LONG,target,2022-01-12T07:55:00.000Z,2022-01-12T11:04:00.000Z,2022-01-10T00:00:00.000Z,2,1,0,0.233195,0.920361,-0.12,-0.021142,0.779219,-0.282321,0.309974,13,14,0.13125,0.2,,A0AB6EFED4F3257E6A74B6BE098DDB826BC03F60C83D05AFED97CA2CE41398BF
RAW_GRID_T100_S020_GATE90_CANDIDATE_B,candidate_b,RAW_GRID_T100_S020_GATE90_CANDIDATE_B|NZDCHF|LONG|15,NZDCHF,LONG,target,2022-01-12T11:36:00.000Z,2022-01-12T13:32:00.000Z,2022-01-10T00:00:00.000Z,2,1,0,0.137328,0.541924,-0.12,-0.011526,0.410398,-0.466325,0.137328,14,15,0.080556,0.2,,424FA61A4B26345B6BDCE8E2D464AFC4D7ACB4DB2BE177327AB61D4387CF2804
RAW_GRID_T100_S020_GATE90_CANDIDATE_B,candidate_b,RAW_GRID_T100_S020_GATE90_CANDIDATE_B|NZDCHF|LONG|16,NZDCHF,LONG,target,2022-01-12T13:32:00.000Z,2022-01-12T13:32:00.000Z,2022-01-10T00:00:00.000Z,1,0,0,0.120767,0.476893,-0.06,0,0.416893,0,0.120767,15,16,0,0.2,,644FF90EA5BE3456E7E30D7BBE66CBB9C0E895BD4CED4D1CCEB705BC452D5EAB
RAW_GRID_T100_S020_GATE90_CANDIDATE_B,candidate_b,RAW_GRID_T100_S020_GATE90_CANDIDATE_B|NZDCHF|LONG|17,NZDCHF,LONG,target,2022-01-12T15:39:00.000Z,2022-01-12T19:27:00.000Z,2022-01-10T00:00:00.000Z,2,1,0,0.068766,0.273545,-0.12,-0.024835,0.12871,-0.468874,0.068766,16,17,0.158333,0.2,,A94E6FCB9ABB96E0C2580597ABF7AF886AD13BEAF00F27F3C9D086A449BEBC3B
RAW_GRID_T100_S020_GATE90_CANDIDATE_B,candidate_b,RAW_GRID_T100_S020_GATE90_CANDIDATE_B|NZDCHF|LONG|18,NZDCHF,LONG,target,2022-01-13T11:29:00.000Z,2022-01-13T15:03:00.000Z,2022-01-10T00:00:00.000Z,2,1,0,0.120615,0.483322,-0.12,-0.024199,0.339123,-0.290145,0.197291,17,18,0.148611,0.2,,2B5EEB5E4D6891B90AF56B308841D21673A2D438C310ADF6622BFBCB50ACA87C
RAW_GRID_T100_S020_GATE90_CANDIDATE_B,candidate_b,RAW_GRID_T100_S020_GATE90_CANDIDATE_B|NZDCHF|LONG|19,NZDCHF,LONG,target,2022-01-13T15:03:00.000Z,2022-01-13T15:03:00.000Z,2022-01-10T00:00:00.000Z,1,0,0,0.117791,0.472199,-0.06,0,0.412199,0,0.117791,18,19,0,0.2,,F876064B4F6971E5732B59C9F56E4522DD34E2642136108C6CD478B46A21B8E0
RAW_GRID_T100_S020_GATE90_CANDIDATE_B,candidate_b,RAW_GRID_T100_S020_GATE90_CANDIDATE_B|NZDCHF|LONG|20,NZDCHF,LONG,target,2022-01-13T15:05:00.000Z,2022-01-13T16:54:00.000Z,2022-01-10T00:00:00.000Z,2,1,0,0.148175,0.593147,-0.12,-0.011908,0.461238,-0.235601,0.170105,19,20,0.075694,0.2,,F22395C8EF1BBC8703E8CF2D814A3B615EF0C73B34AD3A30C01C6ADE10331D0F
RAW_GRID_T100_S020_GATE90_CANDIDATE_B,candidate_b,RAW_GRID_T100_S020_GATE90_CANDIDATE_B|NZDCHF|LONG|21,NZDCHF,LONG,target,2022-01-13T17:02:00.000Z,2022-01-13T18:07:00.000Z,2022-01-10T00:00:00.000Z,2,1,0,0.296453,1.186081,-0.12,-0.007069,1.059013,-0.235825,0.296453,20,21,0.045139,0.2,,D77D8A0803C977A8C8709F63DDEF39CF7A758DA4BF3DF1C01B00101241E2CE28
RAW_GRID_T100_S020_GATE90_CANDIDATE_B,candidate_b,RAW_GRID_T100_S020_GATE90_CANDIDATE_B|NZDCHF|LONG|22,NZDCHF,LONG,session_flatten,2022-01-13T19:29:00.000Z,2022-01-13T21:00:00.000Z,2022-01-10T00:00:00.000Z,1,0,0,-0.183816,-0.735116,-0.06,-0.005795,-0.800911,-0.230457,0.106997,21,,0.063194,0.2,,DEBE15D1784F73D2A4B1F0995A04BF147E16DC63921D0633134CB51AEDA5461C
RAW_GRID_T100_S020_GATE90_CANDIDATE_B,candidate_b,RAW_GRID_T100_S020_GATE90_CANDIDATE_B|NZDCHF|LONG|23,NZDCHF,LONG,target,2022-01-13T23:22:00.000Z,2022-01-14T00:37:00.000Z,2022-01-10T00:00:00.000Z,1,0,0,0.085128,0.309999,-0.06,-0.004776,0.245223,-0.183987,0.085128,21,22,0.052083,0.2,,8780251907A714117F3B9AA4AA88D47D3DFE24B84115DB5DE6656ECAA5E194A8
RAW_GRID_T100_S020_GATE90_CANDIDATE_B,candidate_b,RAW_GRID_T100_S020_GATE90_CANDIDATE_B|NZDCHF|LONG|24,NZDCHF,LONG,target,2022-01-14T00:49:00.000Z,2022-01-14T04:07:00.000Z,2022-01-10T00:00:00.000Z,3,2,0,0.228744,0.911723,-0.18,-0.023562,0.708161,-0.579838,0.228744,22,23,0.1375,0.2,,DAD7055EB3159627D882B049D67AFEE935897CC5A2ABA366AA85FFDE60177A20
RAW_GRID_T100_S020_GATE90_CANDIDATE_B,candidate_b,RAW_GRID_T100_S020_GATE90_CANDIDATE_B|NZDCHF|LONG|25,NZDCHF,LONG,target,2022-01-14T08:53:00.000Z,2022-01-14T10:29:00.000Z,2022-01-10T00:00:00.000Z,1,0,0,0.060484,0.241324,-0.06,-0.006113,0.17521,-0.181453,0.093476,23,24,0.066667,0.2,,2B60BB0A121947A61E50EF1DD69D245BAA28416D15C256E067E4DA88D55A761A
RAW_GRID_T100_S020_GATE90_CANDIDATE_B,candidate_b,RAW_GRID_T100_S020_GATE90_CANDIDATE_B|NZDCHF|LONG|26,NZDCHF,LONG,target,2022-01-14T10:37:00.000Z,2022-01-14T11:17:00.000Z,2022-01-10T00:00:00.000Z,1,0,0,0.107249,0.427987,-0.06,-0.002547,0.36544,-0.008249,0.107249,24,25,0.027778,0.2,,EAF6B35CD3A07A48EE3D4FDDE43AA743E3BDE28B069DABCC9FAB081FAECBE80D
RAW_GRID_T100_S020_GATE90_CANDIDATE_B,candidate_b,RAW_GRID_T100_S020_GATE90_CANDIDATE_B|NZDCHF|LONG|27,NZDCHF,LONG,target,2022-01-14T11:42:00.000Z,2022-01-14T14:38:00.000Z,2022-01-10T00:00:00.000Z,4,3,0,0.042515,0.164551,-0.24,-0.027828,-0.103277,-1.445263,0.060506,25,26,0.122222,0.2,,6227C5E1AA6894FBE478CE76A53553A3D525E78010625F9BDADE451724D9B70D
RAW_GRID_T100_S020_GATE90_CANDIDATE_B,candidate_b,RAW_GRID_T100_S020_GATE90_CANDIDATE_B|NZDCHF|LONG|28,NZDCHF,LONG,target,2022-01-14T14:38:00.000Z,2022-01-14T14:39:00.000Z,2022-01-10T00:00:00.000Z,1,0,0,0.099241,0.394911,-0.06,-0.000064,0.334847,0,0.099241,26,27,0.000694,0.2,,98F75B8CF1937DE7E70208B254A58316C48A0FF64825B85B2CCB21082FD6FE78
RAW_GRID_T100_S020_GATE90_CANDIDATE_B,candidate_b,RAW_GRID_T100_S020_GATE90_CANDIDATE_B|NZDCHF|LONG|29,NZDCHF,LONG,target,2022-01-14T14:43:00.000Z,2022-01-14T15:12:00.000Z,2022-01-10T00:00:00.000Z,1,0,0,0.124087,0.493625,-0.06,-0.001847,0.431779,-0.096512,0.124087,27,28,0.020139,0.2,,C44242B1CC571CB641CFDAB42E628B0B5BE9CA56913FECED778CBF194E651FF2
RAW_GRID_T100_S020_GATE90_CANDIDATE_B,candidate_b,RAW_GRID_T100_S020_GATE90_CANDIDATE_B|NZDJPY|LONG|1,NZDJPY,LONG,target,2022-01-10T12:43:00.000Z,2022-01-10T16:31:00.000Z,2022-01-10T00:00:00.000Z,3,2,0,0.000746,0.000006,-0.18,-0.028465,-0.208459,-0.995369,0.085238,0,1,0.158333,0.2,,086BDEFC1278F57DAD491C610E5DC31FD02FF58213A1C9BAA50A7DE8D8647B0E
RAW_GRID_T100_S020_GATE90_CANDIDATE_B,candidate_b,RAW_GRID_T100_S020_GATE90_CANDIDATE_B|NZDJPY|LONG|2,NZDJPY,LONG,target,2022-01-10T16:48:00.000Z,2022-01-10T16:59:00.000Z,2022-01-10T00:00:00.000Z,1,0,0,0.094994,0.555899,-0.06,-0.0007,0.495199,-0.001484,0.094994,1,2,0.007639,0.2,,D700F32EC2128F0823E545A4F9A74060D3DF650EAC36E643736D96C1B758004E
RAW_GRID_T100_S020_GATE90_CANDIDATE_B,candidate_b,RAW_GRID_T100_S020_GATE90_CANDIDATE_B|NZDJPY|LONG|3,NZDJPY,LONG,target,2022-01-10T17:32:00.000Z,2022-01-10T18:08:00.000Z,2022-01-10T00:00:00.000Z,1,0,0,0.096505,0.564656,-0.06,-0.002292,0.502363,-0.019301,0.096505,2,3,0.025,0.2,,7FC74F241002EC49C252C1A072D5A9B349EC587C7052A754CC748B40036FC58E
RAW_GRID_T100_S020_GATE90_CANDIDATE_B,candidate_b,RAW_GRID_T100_S020_GATE90_CANDIDATE_B|NZDJPY|LONG|4,NZDJPY,LONG,target,2022-01-11T06:40:00.000Z,2022-01-11T07:26:00.000Z,2022-01-10T00:00:00.000Z,1,0,0,0.079907,0.468723,-0.06,-0.002929,0.405793,-0.147977,0.079907,3,4,0.031944,0.2,,7741A899DA301F526BA64671643FF944B5C7865B78E90727AF6C957F4A0F4202
RAW_GRID_T100_S020_GATE90_CANDIDATE_B,candidate_b,RAW_GRID_T100_S020_GATE90_CANDIDATE_B|NZDJPY|LONG|5,NZDJPY,LONG,target,2022-01-11T14:32:00.000Z,2022-01-11T15:06:00.000Z,2022-01-10T00:00:00.000Z,1,0,0,0.109438,0.640703,-0.06,-0.002165,0.578538,-0.112396,0.109438,4,5,0.023611,0.2,,6097B674A578677EEF42755710CC72A3EF90FFFAAD5525478702D291D0316DCC
RAW_GRID_T100_S020_GATE90_CANDIDATE_B,candidate_b,RAW_GRID_T100_S020_GATE90_CANDIDATE_B|NZDJPY|LONG|6,NZDJPY,LONG,target,2022-01-11T15:19:00.000Z,2022-01-11T15:40:00.000Z,2022-01-10T00:00:00.000Z,1,0,0,0.124252,0.727573,-0.06,-0.001337,0.666236,-0.053252,0.124252,5,6,0.014583,0.2,,6CA65A3D78F641C21743584A0914EEBA6B1261F31FB0EC5D89D4BC3F002916DA
RAW_GRID_T100_S020_GATE90_CANDIDATE_B,candidate_b,RAW_GRID_T100_S020_GATE90_CANDIDATE_B|NZDJPY|LONG|7,NZDJPY,LONG,target,2022-01-11T15:50:00.000Z,2022-01-11T16:01:00.000Z,2022-01-10T00:00:00.000Z,1,0,0,0.162753,0.952719,-0.06,-0.0007,0.892018,-0.007398,0.162753,6,7,0.007639,0.2,,30E955684C93F582141A3DEA8F9236FA29859D2B75611E411D006874B91AF526
RAW_GRID_T100_S020_GATE90_CANDIDATE_B,candidate_b,RAW_GRID_T100_S020_GATE90_CANDIDATE_B|NZDJPY|LONG|8,NZDJPY,LONG,target,2022-01-12T08:30:00.000Z,2022-01-12T10:51:00.000Z,2022-01-10T00:00:00.000Z,1,0,0,0.131266,0.77107,-0.06,-0.008979,0.702091,-0.06047,0.131266,7,8,0.097917,0.2,,0C68158F92B152D741ED395620ED57CF5E2FC972D0652FE6842D8965465A6BD2
RAW_GRID_T100_S020_GATE90_CANDIDATE_B,candidate_b,RAW_GRID_T100_S020_GATE90_CANDIDATE_B|NZDJPY|LONG|9,NZDJPY,LONG,target,2022-01-12T12:02:00.000Z,2022-01-12T13:23:00.000Z,2022-01-10T00:00:00.000Z,1,0,0,0.129806,0.762641,-0.06,-0.005158,0.697483,-0.0059,0.129806,8,9,0.05625,0.2,,EF6F49EDFFD60848D4A1D8C4A81042FBADCE26A418077E8D7B5FA6A952112142
RAW_GRID_T100_S020_GATE90_CANDIDATE_B,candidate_b,RAW_GRID_T100_S020_GATE90_CANDIDATE_B|NZDJPY|LONG|10,NZDJPY,LONG,target,2022-01-12T17:13:00.000Z,2022-01-12T20:34:00.000Z,2022-01-10T00:00:00.000Z,1,0,0,0.09411,0.558732,-0.06,-0.0128,0.485933,-0.117639,0.099993,9,10,0.139583,0.2,,ADBC5F1227F347D2B88C949A38B59AD8496D5AC96914498DDEFF1F3C8EDCB3D0
RAW_GRID_T100_S020_GATE90_CANDIDATE_B,candidate_b,RAW_GRID_T100_S020_GATE90_CANDIDATE_B|NZDJPY|LONG|11,NZDJPY,LONG,target,2022-01-13T01:41:00.000Z,2022-01-13T02:13:00.000Z,2022-01-10T00:00:00.000Z,1,0,0,0.108818,0.645667,-0.06,-0.002038,0.58363,-0.041175,0.108818,10,11,0.022222,0.2,,C314078077976DAD56D02DD4C5B761F2EE75ACCD93632ED94358D539219E4E10
RAW_GRID_T100_S020_GATE90_CANDIDATE_B,candidate_b,RAW_GRID_T100_S020_GATE90_CANDIDATE_B|NZDJPY|LONG|12,NZDJPY,LONG,target,2022-01-13T12:46:00.000Z,2022-01-13T13:51:00.000Z,2022-01-10T00:00:00.000Z,1,0,0,0.099792,0.594977,-0.06,-0.004139,0.530838,-0.113001,0.099792,11,12,0.045139,0.2,,B4F9FDC990A9FA4901076D5889E01124448771E480D85F028FCEA06F5DB1A64C
RAW_GRID_T100_S020_GATE90_CANDIDATE_B,candidate_b,RAW_GRID_T100_S020_GATE90_CANDIDATE_B|NZDJPY|LONG|13,NZDJPY,LONG,session_flatten,2022-01-13T15:20:00.000Z,2022-01-13T21:00:00.000Z,2022-01-10T00:00:00.000Z,3,2,0,-0.732882,-4.371794,-0.18,-0.056103,-4.607897,-0.891658,0.237413,12,,0.236111,0.2,,25B3AF23E18CE2B138D23D5224629DCA187C1020E073118DF8640616D2854191
RAW_GRID_T100_S020_GATE90_CANDIDATE_B,candidate_b,RAW_GRID_T100_S020_GATE90_CANDIDATE_B|NZDJPY|LONG|14,NZDJPY,LONG,target,2022-01-13T23:37:00.000Z,2022-01-14T06:02:00.000Z,2022-01-10T00:00:00.000Z,4,3,0,0.184979,1.090439,-0.24,-0.073296,0.777143,-1.550932,0.2153,12,13,0.267361,0.2,,A0156E9AAD5737C1987E6992FD083A35D0330E523ABB867FFCF51C384081CF1C
RAW_GRID_T100_S020_GATE90_CANDIDATE_B,candidate_b,RAW_GRID_T100_S020_GATE90_CANDIDATE_B|NZDUSD|LONG|1,NZDUSD,LONG,target,2022-01-10T14:01:00.000Z,2022-01-10T16:13:00.000Z,2022-01-10T00:00:00.000Z,2,1,0,0.370587,1.909997,-0.12,-0.013309,1.776687,-0.211238,0.370587,0,1,0.091667,0.2,,1644CBE8D58117E9573EE18196CB2A404EF33271B27A954D05DD4A1AA89E2C44
RAW_GRID_T100_S020_GATE90_CANDIDATE_B,candidate_b,RAW_GRID_T100_S020_GATE90_CANDIDATE_B|NZDUSD|LONG|2,NZDUSD,LONG,target,2022-01-11T06:48:00.000Z,2022-01-11T07:14:00.000Z,2022-01-10T00:00:00.000Z,1,0,0,0.110258,0.570002,-0.06,-0.001656,0.508346,-0.065768,0.110258,1,2,0.018056,0.2,,01A8AB6409C98B8764439343B8B550B5E939A84BCA7E3C5032CBBF03CBCAE717
RAW_GRID_T100_S020_GATE90_CANDIDATE_B,candidate_b,RAW_GRID_T100_S020_GATE90_CANDIDATE_B|NZDUSD|LONG|3,NZDUSD,LONG,target,2022-01-11T10:56:00.000Z,2022-01-11T15:07:00.000Z,2022-01-10T00:00:00.000Z,3,2,0,0.362705,1.870005,-0.18,-0.022925,1.66708,-0.740928,0.362705,2,3,0.174306,0.2,,48FBDA5FD2D2C8946401F529F51B06907632B88D04A7D0E8F5717FE5853E2972
RAW_GRID_T100_S020_GATE90_CANDIDATE_B,candidate_b,RAW_GRID_T100_S020_GATE90_CANDIDATE_B|NZDUSD|LONG|4,NZDUSD,LONG,target,2022-01-11T15:16:00.000Z,2022-01-11T15:31:00.000Z,2022-01-10T00:00:00.000Z,1,0,0,0.102635,0.53,-0.06,-0.000955,0.469045,-0.052285,0.102635,3,4,0.010417,0.2,,060E7DEFF23914FB03ED680BB4E85CB3F09406D9367F3F14757E78B672A20155
RAW_GRID_T100_S020_GATE90_CANDIDATE_B,candidate_b,RAW_GRID_T100_S020_GATE90_CANDIDATE_B|NZDUSD|LONG|5,NZDUSD,LONG,target,2022-01-12T07:47:00.000Z,2022-01-12T09:26:00.000Z,2022-01-10T00:00:00.000Z,1,0,0,0.0887,0.459997,-0.06,-0.006304,0.393693,-0.134979,0.0887,4,5,0.06875,0.2,,6CE15D1903190F2CA7740231DD2188BC19F06E5C52F8DAADFAF9738B85D868B0
RAW_GRID_T100_S020_GATE90_CANDIDATE_B,candidate_b,RAW_GRID_T100_S020_GATE90_CANDIDATE_B|NZDUSD|LONG|6,NZDUSD,LONG,target,2022-01-12T10:19:00.000Z,2022-01-12T11:19:00.000Z,2022-01-10T00:00:00.000Z,1,0,0,0.109937,0.569997,-0.06,-0.003821,0.506176,-0.036647,0.109937,5,6,0.041667,0.2,,362C11DE2052B6AC9D032FC156A9929AF59209CAD474A5B141EA46A4D4A12453
RAW_GRID_T100_S020_GATE90_CANDIDATE_B,candidate_b,RAW_GRID_T100_S020_GATE90_CANDIDATE_B|NZDUSD|LONG|7,NZDUSD,LONG,target,2022-01-12T11:37:00.000Z,2022-01-12T13:25:00.000Z,2022-01-10T00:00:00.000Z,1,0,0,0.075218,0.39,-0.06,-0.006878,0.323122,-0.077147,0.075218,6,7,0.075,0.2,,C5B0A19E7FCC2FE845E95D30D0D0B958A92EAB20DD6D941072BF87388A21155E
RAW_GRID_T100_S020_GATE90_CANDIDATE_B,candidate_b,RAW_GRID_T100_S020_GATE90_CANDIDATE_B|NZDUSD|LONG|8,NZDUSD,LONG,target,2022-01-12T13:30:00.000Z,2022-01-12T13:31:00.000Z,2022-01-10T00:00:00.000Z,1,0,0,0.123475,0.639999,-0.06,-0.000064,0.579936,0,0.123475,7,8,0.000694,0.2,,3B555A0E8D668B1E68A34666401657C856178A2F17EAB0DAFC0A8F40434B49A6
RAW_GRID_T100_S020_GATE90_CANDIDATE_B,candidate_b,RAW_GRID_T100_S020_GATE90_CANDIDATE_B|NZDUSD|LONG|9,NZDUSD,LONG,target,2022-01-12T13:31:00.000Z,2022-01-12T13:32:00.000Z,2022-01-10T00:00:00.000Z,1,0,0,0.169824,0.880003,-0.06,-0.000064,0.819939,0,0.169824,8,9,0.000694,0.2,,23C0240E0B002E3F6C8D15C5D1B4F4BA4B3AB9036DAFFF8CAF599A2E50B4AD35
RAW_GRID_T100_S020_GATE90_CANDIDATE_B,candidate_b,RAW_GRID_T100_S020_GATE90_CANDIDATE_B|NZDUSD|LONG|10,NZDUSD,LONG,target,2022-01-13T01:59:00.000Z,2022-01-13T02:14:00.000Z,2022-01-10T00:00:00.000Z,1,0,0,0.122291,0.639999,-0.06,-0.000955,0.579044,0,0.122291,9,10,0.010417,0.2,,2E59899EE0BFA5438C6977D9F594D7E9FC72D0B682D218DD18702566D0D8E004
RAW_GRID_T100_S020_GATE90_CANDIDATE_B,candidate_b,RAW_GRID_T100_S020_GATE90_CANDIDATE_B|NZDUSD|LONG|11,NZDUSD,LONG,target,2022-01-13T15:33:00.000Z,2022-01-13T15:46:00.000Z,2022-01-10T00:00:00.000Z,1,0,0,0.117936,0.620001,-0.06,-0.000828,0.559173,-0.022827,0.117936,10,11,0.009028,0.2,,E207B7E1BFCAE5A1B607B988B452D3364F26144FAE5E0694409D0A7980E32903
RAW_GRID_T100_S020_GATE90_CANDIDATE_B,candidate_b,RAW_GRID_T100_S020_GATE90_CANDIDATE_B|NZDUSD|LONG|12,NZDUSD,LONG,target,2022-01-13T15:51:00.000Z,2022-01-13T15:58:00.000Z,2022-01-10T00:00:00.000Z,1,0,0,0.129368,0.680002,-0.06,-0.000446,0.619556,0,0.129368,11,12,0.004861,0.2,,6CF9ABCA67AB7DC9C1866CC6BC2169C716F192D0CACA705EAB616DB9DF782EF8
RAW_GRID_T100_S020_GATE90_CANDIDATE_B,candidate_b,RAW_GRID_T100_S020_GATE90_CANDIDATE_B|NZDUSD|LONG|13,NZDUSD,LONG,target,2022-01-13T17:16:00.000Z,2022-01-13T18:16:00.000Z,2022-01-10T00:00:00.000Z,1,0,0,0.097016,0.510001,-0.06,-0.003821,0.44618,-0.104625,0.097016,12,13,0.041667,0.2,,DDF3C519E4AC15B7C3161C82DE9838CDD618C34D3E7EF6715D81E9D26352A690
RAW_GRID_T100_S020_GATE90_CANDIDATE_B,candidate_b,RAW_GRID_T100_S020_GATE90_CANDIDATE_B|NZDUSD|LONG|14,NZDUSD,LONG,session_flatten,2022-01-13T18:36:00.000Z,2022-01-13T21:00:00.000Z,2022-01-10T00:00:00.000Z,1,0,0,-0.272041,-1.430001,-0.06,-0.00917,-1.499171,-0.292967,0.074193,13,,0.1,0.2,,A5232AA3453E11266DD97DEE9D49E847C57C2FFEFEE45388680893957D9B8B2F
RAW_GRID_T100_S020_GATE90_CANDIDATE_B,candidate_b,RAW_GRID_T100_S020_GATE90_CANDIDATE_B|NZDUSD|LONG|15,NZDUSD,LONG,target,2022-01-13T23:05:00.000Z,2022-01-14T04:09:00.000Z,2022-01-10T00:00:00.000Z,2,1,0,0.087929,0.460002,-0.12,-0.030185,0.309818,-0.304818,0.11462,13,14,0.211111,0.2,,D6F026EAC6719275D16C24FEF4A8A1B48F383C0468ED687979C9C8479BE7FE83
RAW_GRID_T100_S020_GATE90_CANDIDATE_B,candidate_b,RAW_GRID_T100_S020_GATE90_CANDIDATE_B|USDCAD|LONG|1,USDCAD,LONG,target,2022-01-10T23:22:00.000Z,2022-01-11T13:52:00.000Z,2022-01-10T00:00:00.000Z,3,2,0,0.055154,0.395091,-0.18,-0.120229,0.094862,-0.749504,0.063335,0,1,0.604167,0.2,,4F2D3632A1F39AA77130306CC082203D67DA5514C557CD7BCAC01D13918FCEC2
RAW_GRID_T100_S020_GATE90_CANDIDATE_B,candidate_b,RAW_GRID_T100_S020_GATE90_CANDIDATE_B|USDCAD|LONG|2,USDCAD,LONG,session_flatten,2022-01-11T15:02:00.000Z,2022-01-11T21:00:00.000Z,2022-01-10T00:00:00.000Z,4,3,0,-1.343403,-9.771725,-0.24,-0.070303,-10.082029,-1.763599,0.239503,1,,0.248611,0.2,,263ADDDEE32208DE0C3EB1437DF109D15F0CBB15549CBED0677F509489199C2B
RAW_GRID_T100_S020_GATE90_CANDIDATE_B,candidate_b,RAW_GRID_T100_S020_GATE90_CANDIDATE_B|USDCAD|LONG|3,USDCAD,LONG,target,2022-01-11T23:05:00.000Z,2022-01-12T07:30:00.000Z,2022-01-10T00:00:00.000Z,2,1,0,0.173676,1.256981,-0.12,-0.051645,1.085336,-0.344701,0.173676,1,2,0.350694,0.2,,C62E84E46F29C99957155CEC14E669619AD1B35B9E1172681F7A12EF485F709E
RAW_GRID_T100_S020_GATE90_CANDIDATE_B,candidate_b,RAW_GRID_T100_S020_GATE90_CANDIDATE_B|USDCAD|LONG|4,USDCAD,LONG,target,2022-01-12T08:24:00.000Z,2022-01-12T08:41:00.000Z,2022-01-10T00:00:00.000Z,1,0,0,0.106565,0.771831,-0.06,-0.001083,0.710748,0,0.107664,2,3,0.011806,0.2,,067D5BEF3DAF46DB793F083E8676E57074B80B3B7CC89CA7A517D49DF8178D8C
RAW_GRID_T100_S020_GATE90_CANDIDATE_B,candidate_b,RAW_GRID_T100_S020_GATE90_CANDIDATE_B|USDCAD|LONG|5,USDCAD,LONG,session_flatten,2022-01-12T09:03:00.000Z,2022-01-12T21:00:00.000Z,2022-01-10T00:00:00.000Z,4,3,0,-0.918121,-6.677014,-0.24,-0.128953,-7.045968,-1.358668,0.267378,3,,0.497917,0.2,,2EFD8A7DEEF2E585BE754D36008AFE516B5F06F45981A030DBBE72F250911025
RAW_GRID_T100_S020_GATE90_CANDIDATE_B,candidate_b,RAW_GRID_T100_S020_GATE90_CANDIDATE_B|USDCAD|LONG|6,USDCAD,LONG,target,2022-01-13T02:50:00.000Z,2022-01-13T05:59:00.000Z,2022-01-10T00:00:00.000Z,1,0,0,0.094922,0.68756,-0.06,-0.012036,0.615525,-0.048565,0.094922,3,4,0.13125,0.2,,FA944659AC2649EBDF845F45A34118C4C98728F1625BDD2A1FB8EBF3BEA9478D
RAW_GRID_T100_S020_GATE90_CANDIDATE_B,candidate_b,RAW_GRID_T100_S020_GATE90_CANDIDATE_B|USDCAD|LONG|7,USDCAD,LONG,target,2022-01-13T07:17:00.000Z,2022-01-13T15:29:00.000Z,2022-01-10T00:00:00.000Z,3,2,0,0.035968,0.256447,-0.18,-0.064381,0.012066,-0.803241,0.112866,4,5,0.341667,0.2,,ED1C5BC0C4B5B9C8C712C720D82AC09C8937A9D33B0A34C468BA0F3984580BB6
RAW_GRID_T100_S020_GATE90_CANDIDATE_B,candidate_b,RAW_GRID_T100_S020_GATE90_CANDIDATE_B|USDCAD|LONG|8,USDCAD,LONG,target,2022-01-14T04:27:00.000Z,2022-01-14T12:05:00.000Z,2022-01-10T00:00:00.000Z,2,1,0,0.158129,1.144452,-0.12,-0.042475,0.981977,-0.37216,0.158129,5,6,0.318056,0.2,,B6BEAA63F66FEADD61B0E6345E43E2030EF9180EAB0944BF0F29FE298FD16E93
RAW_GRID_T100_S020_GATE90_CANDIDATE_B,candidate_b,RAW_GRID_T100_S020_GATE90_CANDIDATE_B|USDCHF|SHORT|1,USDCHF,SHORT,target,2022-01-10T13:43:00.000Z,2022-01-10T16:25:00.000Z,2022-01-10T00:00:00.000Z,2,1,0,0.078197,0.497349,-0.12,0.002035,0.379384,-0.545003,0.115657,0,1,0.1125,0.2,,4AB0415B9EBC688C891BA00B2956ADA474F8D80FC5486B9583CCF6C102AD6F71
RAW_GRID_T100_S020_GATE90_CANDIDATE_B,candidate_b,RAW_GRID_T100_S020_GATE90_CANDIDATE_B|USDCHF|SHORT|2,USDCHF,SHORT,session_flatten,2022-01-10T17:51:00.000Z,2022-01-10T21:00:00.000Z,2022-01-10T00:00:00.000Z,2,1,0,-0.14975,-0.949177,-0.12,0.002215,-1.066962,-0.285742,0.06294,1,,0.13125,0.2,,70C374DE4C93CCD6B3F29E92EC15E2A932356E7CDF4E6347ECBF9626A956A8B6
RAW_GRID_T100_S020_GATE90_CANDIDATE_B,candidate_b,RAW_GRID_T100_S020_GATE90_CANDIDATE_B|USDCHF|SHORT|3,USDCHF,SHORT,target,2022-01-10T23:12:00.000Z,2022-01-11T02:26:00.000Z,2022-01-10T00:00:00.000Z,1,0,0,0.144412,0.917597,-0.06,0.001347,0.858944,-0.025485,0.144412,1,2,0.134722,0.2,,4C2E9A6DD6CC6B4FBB0B9B568FF688F13462B6C63B14342249987B516182B53D
RAW_GRID_T100_S020_GATE90_CANDIDATE_B,candidate_b,RAW_GRID_T100_S020_GATE90_CANDIDATE_B|USDCHF|SHORT|4,USDCHF,SHORT,target,2022-01-11T09:57:00.000Z,2022-01-11T15:02:00.000Z,2022-01-10T00:00:00.000Z,2,1,0,0.246219,1.565332,-0.12,0.002229,1.447561,-0.266944,0.246219,2,3,0.211806,0.2,,20F718B171135914F5457089737A12FB7EF9DA59DB4CCBCBD3CCA7988C03E12B
RAW_GRID_T100_S020_GATE90_CANDIDATE_B,candidate_b,RAW_GRID_T100_S020_GATE90_CANDIDATE_B|USDCHF|SHORT|5,USDCHF,SHORT,target,2022-01-13T06:00:00.000Z,2022-01-13T07:04:00.000Z,2022-01-10T00:00:00.000Z,1,0,0,0.111926,0.711034,-0.06,0.000444,0.651479,-0.006888,0.111926,3,4,0.044444,0.2,,8E5A6B23E9DC9BB743DB5CFDC1C4AFBE0F425CF87DBFFE7E5563C35A4AB40957
RAW_GRID_T100_S020_GATE90_CANDIDATE_B,candidate_b,RAW_GRID_T100_S020_GATE90_CANDIDATE_B|USDCHF|SHORT|6,USDCHF,SHORT,target,2022-01-13T08:59:00.000Z,2022-01-13T09:27:00.000Z,2022-01-10T00:00:00.000Z,1,0,0,0.120635,0.766404,-0.06,0.000194,0.706599,-0.117189,0.120635,4,5,0.019444,0.2,,DCA2CA14CEB5DD2BE8D1C191FF601E83674AFF77DBE56D41AC46BD67A7B80B6D
RAW_GRID_T100_S020_GATE90_CANDIDATE_B,candidate_b,RAW_GRID_T100_S020_GATE90_CANDIDATE_B|USDCHF|SHORT|7,USDCHF,SHORT,session_flatten,2022-01-13T18:39:00.000Z,2022-01-13T21:00:00.000Z,2022-01-10T00:00:00.000Z,1,0,0,-0.076084,-0.48276,-0.06,0.000979,-0.541781,-0.076084,0.083,5,,0.097917,0.2,,F2A0090A5CE5070F879EECE91D4453FBF5D86F19B527D874902F3D4194DA9641
RAW_GRID_T100_S020_GATE90_CANDIDATE_B,candidate_b,RAW_GRID_T100_S020_GATE90_CANDIDATE_B|USDCHF|SHORT|8,USDCHF,SHORT,target,2022-01-13T23:05:00.000Z,2022-01-14T01:46:00.000Z,2022-01-10T00:00:00.000Z,1,0,0,0.098549,0.625999,-0.06,0.001118,0.567117,-0.09682,0.098549,5,6,0.111806,0.2,,EE3DCF8D85000FC3C6A5AF9F4E5CD7DE4A0538CA45DF93AF5F1B999A17267D68
RAW_GRID_T100_S020_GATE90_CANDIDATE_B,candidate_b,RAW_GRID_T100_S020_GATE90_CANDIDATE_B|USDCHF|SHORT|9,USDCHF,SHORT,target,2022-01-14T10:00:00.000Z,2022-01-14T13:31:00.000Z,2022-01-10T00:00:00.000Z,1,0,0,0.046692,0.296498,-0.06,0.001465,0.237963,-0.169472,0.046692,6,7,0.146528,0.2,,2E20ACF155ED23CA6C5AA7D7E9D3B83745AD31A696707B33266DAE44AE83EBE6
RAW_GRID_T100_S020_GATE90_CANDIDATE_B,candidate_b,RAW_GRID_T100_S020_GATE90_CANDIDATE_B|USDCHF|SHORT|10,USDCHF,SHORT,target,2022-01-14T13:33:00.000Z,2022-01-14T13:38:00.000Z,2022-01-10T00:00:00.000Z,1,0,0,0.105432,0.669754,-0.06,0.000035,0.609788,-0.081235,0.105432,7,8,0.003472,0.2,,C5D8833DA87D51A76DD0516BA89B15719EC87E031D956AFEC70C8FEF7E68B74D
RAW_GRID_T100_S020_GATE90_CANDIDATE_B,candidate_b,RAW_GRID_T100_S020_GATE90_CANDIDATE_B|USDCHF|SHORT|11,USDCHF,SHORT,target,2022-01-14T13:50:00.000Z,2022-01-14T14:05:00.000Z,2022-01-10T00:00:00.000Z,1,0,0,0.114061,0.724608,-0.06,0.000104,0.664712,-0.020739,0.114061,8,9,0.010417,0.2,,B1834E26AED9D1D2F2A8CC76ABA78AF954DA2CA539E8EC222D094242CBB06084
RAW_GRID_T100_S020_GATE90_CANDIDATE_B,candidate_b,RAW_GRID_T100_S020_GATE90_CANDIDATE_B|USDCHF|SHORT|12,USDCHF,SHORT,target,2022-01-14T14:28:00.000Z,2022-01-14T14:43:00.000Z,2022-01-10T00:00:00.000Z,1,0,0,0.107132,0.680557,-0.06,0.000104,0.620661,-0.095036,0.107132,9,10,0.010417,0.2,,C8A89C113935131384BAC40293F12996A8EB687F57BFAF36CE0CC05418690A3E
RAW_GRID_T100_S020_GATE90_CANDIDATE_B,candidate_b,RAW_GRID_T100_S020_GATE90_CANDIDATE_B|USDCHF|SHORT|13,USDCHF,SHORT,target,2022-01-14T14:49:00.000Z,2022-01-14T14:51:00.000Z,2022-01-10T00:00:00.000Z,1,0,0,0.107124,0.680506,-0.06,0.000014,0.62052,0,0.107124,10,11,0.001389,0.2,,D0C4C70EA2919549B773551DD392B818E435143DA7D0849B2A06196909AED07E
RAW_GRID_T100_S020_GATE90_CANDIDATE_B,candidate_b,RAW_GRID_T100_S020_GATE90_CANDIDATE_B|USDJPY|SHORT|1,USDJPY,SHORT,target,2022-01-10T13:52:00.000Z,2022-01-10T14:35:00.000Z,2022-01-10T00:00:00.000Z,1,0,0,0.174216,0.763041,-0.06,0.000299,0.70334,-0.087108,0.174216,0,1,0.029861,0.2,,67598B86BB22C3F69E371D47324E64C11B626C969B9A74CFC384A2B3C4E47194
RAW_GRID_T100_S020_GATE90_CANDIDATE_B,candidate_b,RAW_GRID_T100_S020_GATE90_CANDIDATE_B|USDJPY|SHORT|2,USDJPY,SHORT,target,2022-01-10T15:17:00.000Z,2022-01-10T15:27:00.000Z,2022-01-10T00:00:00.000Z,1,0,0,0.106946,0.468267,-0.06,0.000069,0.408337,-0.023766,0.106946,1,2,0.006944,0.2,,8980EACEEE96C70A63C23FC56105361822359442C8B384A1E8E50C116F94DE33
RAW_GRID_T100_S020_GATE90_CANDIDATE_B,candidate_b,RAW_GRID_T100_S020_GATE90_CANDIDATE_B|USDJPY|SHORT|3,USDJPY,SHORT,target,2022-01-10T18:55:00.000Z,2022-01-10T19:37:00.000Z,2022-01-10T00:00:00.000Z,1,0,0,0.107071,0.468816,-0.06,0.000292,0.409108,-0.025777,0.107071,2,3,0.029167,0.2,,A0ADD9794CC8FF3F6E2FE6406015DA780D09413B5E05C1683D587F1EED515F7B
RAW_GRID_T100_S020_GATE90_CANDIDATE_B,candidate_b,RAW_GRID_T100_S020_GATE90_CANDIDATE_B|USDJPY|SHORT|4,USDJPY,SHORT,session_flatten,2022-01-10T20:03:00.000Z,2022-01-10T21:00:00.000Z,2022-01-10T00:00:00.000Z,1,0,0,0,0,-0.06,0.000396,-0.059604,-0.033708,0.077332,3,,0.039583,0.2,,6C41FBA08B0425570673A8F8FEC107D5A65269350D0D04817DEADDD54E35F710
RAW_GRID_T100_S020_GATE90_CANDIDATE_B,candidate_b,RAW_GRID_T100_S020_GATE90_CANDIDATE_B|USDJPY|SHORT|5,USDJPY,SHORT,target,2022-01-10T23:09:00.000Z,2022-01-11T00:23:00.000Z,2022-01-10T00:00:00.000Z,1,0,0,0.124917,0.546998,-0.06,0.000514,0.487512,-0.132848,0.124917,3,4,0.051389,0.2,,A7F4F8851E27A1790C6572F0706727DE4B682F037D332AB09EB83C508AF34C66
RAW_GRID_T100_S020_GATE90_CANDIDATE_B,candidate_b,RAW_GRID_T100_S020_GATE90_CANDIDATE_B|USDJPY|SHORT|6,USDJPY,SHORT,target,2022-01-11T00:45:00.000Z,2022-01-11T04:56:00.000Z,2022-01-10T00:00:00.000Z,2,1,0,0.138636,0.607316,-0.12,0.003104,0.49042,-0.360773,0.138636,4,5,0.174306,0.2,,8A8241DED951E64D91CC406983B1077C9B6D581CE739EFE86AF7A9243FA68180
RAW_GRID_T100_S020_GATE90_CANDIDATE_B,candidate_b,RAW_GRID_T100_S020_GATE90_CANDIDATE_B|USDJPY|SHORT|7,USDJPY,SHORT,target,2022-01-11T08:14:00.000Z,2022-01-11T08:19:00.000Z,2022-01-10T00:00:00.000Z,1,0,0,0.107013,0.468564,-0.06,0.000035,0.408599,0,0.107013,5,6,0.003472,0.2,,B17F2186794EB711310DFDE102729A506EBF1853BC082A4D8EF662EF8DA3D1C1
RAW_GRID_T100_S020_GATE90_CANDIDATE_B,candidate_b,RAW_GRID_T100_S020_GATE90_CANDIDATE_B|USDJPY|SHORT|8,USDJPY,SHORT,target,2022-01-11T08:52:00.000Z,2022-01-11T15:26:00.000Z,2022-01-10T00:00:00.000Z,4,3,0,0.068276,0.303132,-0.24,0.007153,0.070284,-1.665137,0.231628,6,7,0.273611,0.2,,1CECC951BD09729E632EE11C19F82B5168C9BA94880C4554C09D7389690C7E60
RAW_GRID_T100_S020_GATE90_CANDIDATE_B,candidate_b,RAW_GRID_T100_S020_GATE90_CANDIDATE_B|USDJPY|SHORT|9,USDJPY,SHORT,target,2022-01-12T02:24:00.000Z,2022-01-12T03:02:00.000Z,2022-01-10T00:00:00.000Z,1,0,0,0.110896,0.485571,-0.06,0.000264,0.425835,-0.031684,0.110896,7,8,0.026389,0.2,,769176CAB0AE17146033D4CA829F52A272DA387394F34992C25D15BA53FA2680
RAW_GRID_T100_S020_GATE90_CANDIDATE_B,candidate_b,RAW_GRID_T100_S020_GATE90_CANDIDATE_B|USDJPY|SHORT|10,USDJPY,SHORT,target,2022-01-12T04:01:00.000Z,2022-01-12T05:32:00.000Z,2022-01-10T00:00:00.000Z,1,0,0,0.097035,0.424856,-0.06,0.000632,0.365488,-0.043567,0.097035,8,9,0.063194,0.2,,11A1F2D13A16AD7B91656A7481F58C8207B2237504ADB85BD17DD33CB45D806F
RAW_GRID_T100_S020_GATE90_CANDIDATE_B,candidate_b,RAW_GRID_T100_S020_GATE90_CANDIDATE_B|USDJPY|SHORT|11,USDJPY,SHORT,target,2022-01-12T07:26:00.000Z,2022-01-12T09:02:00.000Z,2022-01-10T00:00:00.000Z,1,0,0,0.100992,0.442188,-0.06,0.000667,0.382855,-0.122776,0.100992,9,10,0.066667,0.2,,86F3C8F7060B4E85F8C89D0296D0181D4AD049BEA5FCD165265DEC3EBD1968EF
RAW_GRID_T100_S020_GATE90_CANDIDATE_B,candidate_b,RAW_GRID_T100_S020_GATE90_CANDIDATE_B|USDJPY|SHORT|12,USDJPY,SHORT,target,2022-01-12T10:44:00.000Z,2022-01-12T12:02:00.000Z,2022-01-10T00:00:00.000Z,1,0,0,0.093059,0.407439,-0.06,0.000542,0.347981,-0.126718,0.093059,10,11,0.054167,0.2,,F2793AC1603DC49195AC11D9C89C002E4C6AC3631FF631F6CF76083FBC55F5D1
RAW_GRID_T100_S020_GATE90_CANDIDATE_B,candidate_b,RAW_GRID_T100_S020_GATE90_CANDIDATE_B|USDJPY|SHORT|13,USDJPY,SHORT,target,2022-01-12T12:45:00.000Z,2022-01-12T13:31:00.000Z,2022-01-10T00:00:00.000Z,1,0,0,0.142531,0.624178,-0.06,0.000319,0.564498,-0.04355,0.142531,11,12,0.031944,0.2,,DCF8D9572DE7E7A106CAAA47C49AA035CB8C7B51F0D696D5AE768935E531965D
RAW_GRID_T100_S020_GATE90_CANDIDATE_B,candidate_b,RAW_GRID_T100_S020_GATE90_CANDIDATE_B|USDJPY|SHORT|14,USDJPY,SHORT,target,2022-01-12T13:31:00.000Z,2022-01-12T13:37:00.000Z,2022-01-10T00:00:00.000Z,1,0,0,0.304692,1.335267,-0.06,0.000042,1.275309,0,0.304692,12,13,0.004167,0.2,,92774F0536F18A04360B200E28F847D8285DE83898DC43B7100357B0B6C7D7B1
RAW_GRID_T100_S020_GATE90_CANDIDATE_B,candidate_b,RAW_GRID_T100_S020_GATE90_CANDIDATE_B|USDJPY|SHORT|15,USDJPY,SHORT,target,2022-01-12T23:05:00.000Z,2022-01-13T01:20:00.000Z,2022-01-10T00:00:00.000Z,1,0,0,0.143481,0.62834,-0.06,0.000938,0.569277,-0.091668,0.17138,13,14,0.09375,0.2,,1183EF9217B06829E912CCAC738F2D96E455B591EC76E30AFAB3FCC6E7AF105E
RAW_GRID_T100_S020_GATE90_CANDIDATE_B,candidate_b,RAW_GRID_T100_S020_GATE90_CANDIDATE_B|USDJPY|SHORT|16,USDJPY,SHORT,target,2022-01-13T02:39:00.000Z,2022-01-13T03:03:00.000Z,2022-01-10T00:00:00.000Z,1,0,0,0.131526,0.575955,-0.06,0.000167,0.516122,0,0.131526,14,15,0.016667,0.2,,4753838857026325C9D8C46835EBFF356602FED2BF22E6AC587419338B2F479D
RAW_GRID_T100_S020_GATE90_CANDIDATE_B,candidate_b,RAW_GRID_T100_S020_GATE90_CANDIDATE_B|USDJPY|SHORT|17,USDJPY,SHORT,target,2022-01-13T06:16:00.000Z,2022-01-13T07:08:00.000Z,2022-01-10T00:00:00.000Z,1,0,0,0.105639,0.462543,-0.06,0.000361,0.402904,-0.025912,0.105639,15,16,0.036111,0.2,,ACEFF344D78E7273032D3C95048974A44F0129F407888784A8749925D7B7E0B6
RAW_GRID_T100_S020_GATE90_CANDIDATE_B,candidate_b,RAW_GRID_T100_S020_GATE90_CANDIDATE_B|USDJPY|SHORT|18,USDJPY,SHORT,target,2022-01-13T09:10:00.000Z,2022-01-13T09:52:00.000Z,2022-01-10T00:00:00.000Z,1,0,0,0.113695,0.497835,-0.06,0.000292,0.438126,-0.08577,0.113695,16,17,0.029167,0.2,,59EE277FCCEFC7D6475F3C7AB15BC121732B1ECB53CBCD2318DD5F48D0FD6B78
RAW_GRID_T100_S020_GATE90_CANDIDATE_B,candidate_b,RAW_GRID_T100_S020_GATE90_CANDIDATE_B|USDJPY|SHORT|19,USDJPY,SHORT,target,2022-01-13T10:41:00.000Z,2022-01-13T11:01:00.000Z,2022-01-10T00:00:00.000Z,1,0,0,0.139603,0.611347,-0.06,0.000139,0.551486,-0.003988,0.139603,17,18,0.013889,0.2,,437DAD3CC8609EAD69B6812934208B88598C5F437B3BBA44A9F5B38BA0DAD167
RAW_GRID_T100_S020_GATE90_CANDIDATE_B,candidate_b,RAW_GRID_T100_S020_GATE90_CANDIDATE_B|USDJPY|SHORT|20,USDJPY,SHORT,target,2022-01-13T14:49:00.000Z,2022-01-13T14:51:00.000Z,2022-01-10T00:00:00.000Z,1,0,0,0.131903,0.577609,-0.06,0.000014,0.517622,0,0.131903,18,19,0.001389,0.2,,E21BECD2197CBD76B8A4049DA7FA37423EB620E9BF46AF0FD1ABAAE408EB9D72
RAW_GRID_T100_S020_GATE90_CANDIDATE_B,candidate_b,RAW_GRID_T100_S020_GATE90_CANDIDATE_B|USDJPY|SHORT|21,USDJPY,SHORT,target,2022-01-13T15:01:00.000Z,2022-01-13T15:07:00.000Z,2022-01-10T00:00:00.000Z,1,0,0,0.129905,0.568855,-0.06,0.000042,0.508897,-0.083938,0.129905,19,20,0.004167,0.2,,A7C607392608D78C6EE4031F48E019DABA13E70DF829FB5CD3C84A3BF57671D4
RAW_GRID_T100_S020_GATE90_CANDIDATE_B,candidate_b,RAW_GRID_T100_S020_GATE90_CANDIDATE_B|USDJPY|SHORT|22,USDJPY,SHORT,target,2022-01-13T23:05:00.000Z,2022-01-13T23:38:00.000Z,2022-01-10T00:00:00.000Z,1,0,0,0.148074,0.648469,-0.06,0.000229,0.588698,-0.078039,0.148074,20,21,0.022917,0.2,,2C8D2836EB9043657E0A56BFB4FA95A528EC58C8C2B017B7A3DA9351432F9868
RAW_GRID_T100_S020_GATE90_CANDIDATE_B,candidate_b,RAW_GRID_T100_S020_GATE90_CANDIDATE_B|USDJPY|SHORT|23,USDJPY,SHORT,target,2022-01-14T07:03:00.000Z,2022-01-14T07:29:00.000Z,2022-01-10T00:00:00.000Z,1,0,0,0.132494,0.580198,-0.06,0.000181,0.520379,-0.094352,0.132494,21,22,0.018056,0.2,,0B591980D1CD9E3FE31A94CBAE256FAA02D278374EA837A376138FCCE21BA746
RAW_GRID_T100_S020_GATE90_CANDIDATE_B,candidate_b,RAW_GRID_T100_S020_GATE90_CANDIDATE_B|USDJPY|SHORT|24,USDJPY,SHORT,target,2022-01-14T08:11:00.000Z,2022-01-14T08:22:00.000Z,2022-01-10T00:00:00.000Z,1,0,0,0.112423,0.492264,-0.06,0.000076,0.43234,0,0.112423,22,23,0.007639,0.2,,04C91C217586A34D20B1B862B447527F634EC629DA876B75DA0759BAEDF199AC
RAW_GRID_T100_S020_GATE90_CANDIDATE_B,candidate_b,RAW_GRID_T100_S020_GATE90_CANDIDATE_B|USDJPY|SHORT|25,USDJPY,SHORT,target,2022-01-14T08:57:00.000Z,2022-01-14T12:05:00.000Z,2022-01-10T00:00:00.000Z,2,1,0,0.001914,0.008788,-0.12,0.002389,-0.108823,-0.50778,0.122314,23,24,0.130556,0.2,,F0396981A766B23DB37861305DF870E2D3744EEE8372B3BA9589ABBD00E28B85
RAW_GRID_T100_S020_GATE90_CANDIDATE_B,candidate_b,RAW_GRID_T100_S020_GATE90_CANDIDATE_B|USDJPY|SHORT|26,USDJPY,SHORT,target,2022-01-14T14:29:00.000Z,2022-01-14T14:36:00.000Z,2022-01-10T00:00:00.000Z,1,0,0,0.148672,0.651088,-0.06,0.000049,0.591136,-0.050227,0.148672,24,25,0.004861,0.2,,FBE896616510BB2F692F41529260202DEB9E850CE58EE2A01B67F92D05A6A670
RAW_GRID_T100_S020_GATE90_CANDIDATE_B,candidate_b,RAW_GRID_T100_S020_GATE90_CANDIDATE_B|USDJPY|SHORT|27,USDJPY,SHORT,target,2022-01-14T14:37:00.000Z,2022-01-14T14:51:00.000Z,2022-01-10T00:00:00.000Z,1,0,0,0.11854,0.519059,-0.06,0.000097,0.459156,-0.146666,0.11854,25,26,0.009722,0.2,,7BF188D818874F147B3EAADC8F771B5E7A1BC02C888AE89FE61FC662C3A6FA1F
RAW_GRID_T100_S020_GATE90_CANDIDATE_B,candidate_b,RAW_GRID_T100_S020_GATE90_CANDIDATE_B|USDJPY|SHORT|28,USDJPY,SHORT,target,2022-01-14T14:56:00.000Z,2022-01-14T15:01:00.000Z,2022-01-10T00:00:00.000Z,1,0,0,0.172787,0.756778,-0.06,0.000035,0.696812,0,0.172787,26,27,0.003472,0.2,,AD59C0E03B33F9F125D83A828F54E8402DFB2352FE14CB6DB599FC770BF56773
RAW_GRID_T100_S020_GATE90_CANDIDATE_B,candidate_b,RAW_GRID_T100_S020_GATE90_CANDIDATE_B|USDJPY|SHORT|29,USDJPY,SHORT,target,2022-01-14T15:02:00.000Z,2022-01-14T15:54:00.000Z,2022-01-10T00:00:00.000Z,2,1,0,0.256862,1.125276,-0.12,0.000625,1.005901,-0.265113,0.256862,27,28,0.036111,0.2,,A6562E1D4388FEAB04F3689F8D568B8113196C813875A83768E8394BEBF204CB
RAW_GRID_T100_S020_GATE90_CANDIDATE_B,candidate_b,RAW_GRID_T100_S020_GATE90_CANDIDATE_B|AUDCAD|LONG|18,AUDCAD,LONG,session_flatten,2022-01-14T08:31:00.000Z,2022-01-14T16:00:00.000Z,2022-01-10T00:00:00.000Z,4,3,0,-0.494264,-2.288122,-0.24,-0.088452,-2.616574,-1.420213,0.031031,17,,0.311806,0.2,,C0EB79AC73FA77B41378045D351AA9D4BD942B367B15270C257336559FCB55A2
RAW_GRID_T100_S020_GATE90_CANDIDATE_B,candidate_b,RAW_GRID_T100_S020_GATE90_CANDIDATE_B|AUDCHF|LONG|25,AUDCHF,LONG,session_flatten,2022-01-14T15:38:00.000Z,2022-01-14T16:00:00.000Z,2022-01-10T00:00:00.000Z,1,0,0,-0.040076,-0.186421,-0.06,-0.001401,-0.247822,-0.096654,0.099012,23,,0.015278,0.2,,CFF1F9D39CBD6745D08F4AB16768BA28607742E0224F77942BE494091BB1927F
RAW_GRID_T100_S020_GATE90_CANDIDATE_B,candidate_b,RAW_GRID_T100_S020_GATE90_CANDIDATE_B|AUDJPY|LONG|16,AUDJPY,LONG,session_flatten,2022-01-14T15:46:00.000Z,2022-01-14T16:00:00.000Z,2022-01-10T00:00:00.000Z,1,0,0,0.02072,0.140609,-0.06,-0.000892,0.079717,-0.042734,0.090647,13,,0.009722,0.2,,A02300DC91F50EC1D0845CD2B9D52FEDC7817FD8AAC7091052B4373FC1859BD5
RAW_GRID_T100_S020_GATE90_CANDIDATE_B,candidate_b,RAW_GRID_T100_S020_GATE90_CANDIDATE_B|AUDUSD|LONG|14,AUDUSD,LONG,session_flatten,2022-01-14T09:28:00.000Z,2022-01-14T16:00:00.000Z,2022-01-10T00:00:00.000Z,4,3,0,-1.659775,-9.549994,-0.24,-0.062916,-9.85291,-1.847691,0.065951,12,,0.272222,0.2,,1DF9FABFBBD05F79578C89AA0F29C765A701408A9E27CC61AAB0B132203F26D8
RAW_GRID_T100_S020_GATE90_CANDIDATE_B,candidate_b,RAW_GRID_T100_S020_GATE90_CANDIDATE_B|CADCHF|LONG|34,CADCHF,LONG,session_flatten,2022-01-14T15:45:00.000Z,2022-01-14T16:00:00.000Z,2022-01-10T00:00:00.000Z,1,0,0,-0.088738,-0.438631,-0.06,-0.000955,-0.499587,-0.150856,0.022186,31,,0.010417,0.2,,AD859D3515368FE0CCB78191D9EC499E02C883B4CB02FE7348DE5E3FE8045868
RAW_GRID_T100_S020_GATE90_CANDIDATE_B,candidate_b,RAW_GRID_T100_S020_GATE90_CANDIDATE_B|CADJPY|LONG|13,CADJPY,LONG,session_flatten,2022-01-14T15:45:00.000Z,2022-01-14T16:00:00.000Z,2022-01-10T00:00:00.000Z,1,0,0,-0.042375,-0.290007,-0.06,-0.000955,-0.350962,-0.116851,0.046226,10,,0.010417,0.2,,FFA90C69CB76B9BB5B6502336DB566808FD8B7A3500B8A502785DE5398E29BC3
RAW_GRID_T100_S020_GATE90_CANDIDATE_B,candidate_b,RAW_GRID_T100_S020_GATE90_CANDIDATE_B|EURCHF|LONG|17,EURCHF,LONG,session_flatten,2022-01-14T12:13:00.000Z,2022-01-14T16:00:00.000Z,2022-01-10T00:00:00.000Z,2,1,0,-0.159965,-0.80051,-0.12,-0.022798,-0.943308,-0.480076,0.050519,15,,0.157639,0.2,,012BAC77DD7542434B715B9306F5CE7F37ABB9466F674CF673DF6FEEBC887E93
RAW_GRID_T100_S020_GATE90_CANDIDATE_B,candidate_b,RAW_GRID_T100_S020_GATE90_CANDIDATE_B|GBPCHF|LONG|16,GBPCHF,LONG,session_flatten,2022-01-14T12:26:00.000Z,2022-01-14T16:00:00.000Z,2022-01-10T00:00:00.000Z,3,2,0,-0.405352,-2.807258,-0.18,-0.032859,-3.020118,-0.795331,0.212902,13,,0.148611,0.2,,6BC04128FAF182837298C1AF1E6D25D5F25C06E664A57928311074E305E2C142
RAW_GRID_T100_S020_GATE90_CANDIDATE_B,candidate_b,RAW_GRID_T100_S020_GATE90_CANDIDATE_B|GBPJPY|LONG|13,GBPJPY,LONG,session_flatten,2022-01-14T12:10:00.000Z,2022-01-14T16:00:00.000Z,2022-01-10T00:00:00.000Z,3,2,0,-0.522736,-5.061868,-0.18,-0.035852,-5.27772,-1.171411,0.095258,10,,0.159722,0.2,,D42267C0A6EA80A94842027844DA58F13FE4AF2089AA412BDED15C9237ACB215
RAW_GRID_T100_S020_GATE90_CANDIDATE_B,candidate_b,RAW_GRID_T100_S020_GATE90_CANDIDATE_B|NZDCHF|LONG|30,NZDCHF,LONG,session_flatten,2022-01-14T15:25:00.000Z,2022-01-14T16:00:00.000Z,2022-01-10T00:00:00.000Z,1,0,0,-0.099308,-0.394772,-0.06,-0.002229,-0.457001,-0.162755,0.066206,28,,0.024306,0.2,,0E0CA09712C35249FC9376EEB6F44640EA793E2D2702E342C4B6FD7BF8A025C1
RAW_GRID_T100_S020_GATE90_CANDIDATE_B,candidate_b,RAW_GRID_T100_S020_GATE90_CANDIDATE_B|NZDJPY|LONG|15,NZDJPY,LONG,session_flatten,2022-01-14T11:59:00.000Z,2022-01-14T16:00:00.000Z,2022-01-10T00:00:00.000Z,4,3,0,-1.118952,-6.643711,-0.24,-0.04948,-6.933191,-1.901663,0.002957,13,,0.167361,0.2,,6E3C8AD7A582A125CCA148CC3BE2A48C1E33CCA58656FD5D125E16F1054C160C
RAW_GRID_T100_S020_GATE90_CANDIDATE_B,candidate_b,RAW_GRID_T100_S020_GATE90_CANDIDATE_B|NZDUSD|LONG|16,NZDUSD,LONG,session_flatten,2022-01-14T09:26:00.000Z,2022-01-14T16:00:00.000Z,2022-01-10T00:00:00.000Z,4,3,0,-1.508375,-7.899993,-0.24,-0.057312,-8.197306,-1.676585,0.041952,14,,0.273611,0.2,,C747E828EC9E94BE9A474E0311B695593D38D960E2B4F44052BE689AAE1E2F54
RAW_GRID_T100_S020_GATE90_CANDIDATE_B,candidate_b,RAW_GRID_T100_S020_GATE90_CANDIDATE_B|USDCHF|SHORT|14,USDCHF,SHORT,session_flatten,2022-01-14T15:02:00.000Z,2022-01-14T16:00:00.000Z,2022-01-10T00:00:00.000Z,1,0,0,0,0,-0.06,0.000403,-0.059597,-0.103643,0.070823,11,,0.040278,0.2,,305A093CC2C1CF137D2C1E515079B2F5BADFF7D7DC4166CFAC0E6380F9CF3FBF
RAW_GRID_T100_S020_GATE90_DAVID_CONTRA,david_contra,RAW_GRID_T100_S020_GATE90_DAVID_CONTRA|AUDCAD|LONG|1,AUDCAD,LONG,target,2022-01-10T14:33:00.000Z,2022-01-10T15:20:00.000Z,2022-01-10T00:00:00.000Z,1,0,0,0.076019,0.346626,-0.06,-0.002993,0.283633,-0.110572,0.076019,0,1,0.032639,0.2,,E0E7B6AF680F239CF499DCF6A0F2B157A29845C5B7FA7D29B6A2B7FE74DC4627
RAW_GRID_T100_S020_GATE90_DAVID_CONTRA,david_contra,RAW_GRID_T100_S020_GATE90_DAVID_CONTRA|AUDCAD|LONG|2,AUDCAD,LONG,target,2022-01-10T15:43:00.000Z,2022-01-10T16:02:00.000Z,2022-01-10T00:00:00.000Z,1,0,0,0.186669,0.851668,-0.06,-0.00121,0.790458,-0.051853,0.186669,1,2,0.013194,0.2,,2296D257B2BC1CA625804B3D198A82858FB812503EFAFFCF58CE3FFB714C4BFF
RAW_GRID_T100_S020_GATE90_DAVID_CONTRA,david_contra,RAW_GRID_T100_S020_GATE90_DAVID_CONTRA|AUDCAD|LONG|3,AUDCAD,LONG,target,2022-01-11T02:02:00.000Z,2022-01-11T02:20:00.000Z,2022-01-10T00:00:00.000Z,1,0,0,0.110448,0.505697,-0.06,-0.001146,0.444551,0,0.110448,2,3,0.0125,0.2,,BCA78C75FE911A34CDD2DA77068133C3E3963581355DB8AEBBD35BE5D3CF0CE2
RAW_GRID_T100_S020_GATE90_DAVID_CONTRA,david_contra,RAW_GRID_T100_S020_GATE90_DAVID_CONTRA|AUDCAD|LONG|4,AUDCAD,LONG,target,2022-01-11T06:31:00.000Z,2022-01-11T08:00:00.000Z,2022-01-10T00:00:00.000Z,1,0,0,0.072483,0.33211,-0.06,-0.005668,0.266443,-0.179482,0.072483,3,4,0.061806,0.2,,CEEB09EA065F8D5FDF66DC81E0F1692514A5725DB4D0E531316B1C40A73E8321
RAW_GRID_T100_S020_GATE90_DAVID_CONTRA,david_contra,RAW_GRID_T100_S020_GATE90_DAVID_CONTRA|AUDCAD|LONG|5,AUDCAD,LONG,target,2022-01-11T08:24:00.000Z,2022-01-11T16:33:00.000Z,2022-01-10T00:00:00.000Z,3,2,0,0.014365,0.063459,-0.18,-0.061388,-0.177929,-0.87237,0.063871,4,5,0.339583,0.2,,C9EB801CCADA32BB737181E86AC01D923DC78BD0310E08187A42EFF3452590FB
RAW_GRID_T100_S020_GATE90_DAVID_CONTRA,david_contra,RAW_GRID_T100_S020_GATE90_DAVID_CONTRA|AUDCAD|LONG|6,AUDCAD,LONG,target,2022-01-11T18:02:00.000Z,2022-01-11T18:22:00.000Z,2022-01-10T00:00:00.000Z,1,0,0,0.093488,0.429013,-0.06,-0.001274,0.36774,-0.020774,0.093488,5,6,0.013889,0.2,,77C1A2031FD3421560E0CA712A3B61F495159CBD8201FBC892788799A025DD88
RAW_GRID_T100_S020_GATE90_DAVID_CONTRA,david_contra,RAW_GRID_T100_S020_GATE90_DAVID_CONTRA|AUDCAD|LONG|7,AUDCAD,LONG,target,2022-01-12T01:18:00.000Z,2022-01-12T06:31:00.000Z,2022-01-10T00:00:00.000Z,1,0,0,0.090028,0.414162,-0.06,-0.019932,0.33423,-0.10388,0.090028,6,7,0.217361,0.2,,5152483419F8CC7D9794EEC546EF01CF031826E560C7822D48B14CD4035FAF37
RAW_GRID_T100_S020_GATE90_DAVID_CONTRA,david_contra,RAW_GRID_T100_S020_GATE90_DAVID_CONTRA|AUDCAD|LONG|8,AUDCAD,LONG,target,2022-01-12T07:49:00.000Z,2022-01-12T12:19:00.000Z,2022-01-10T00:00:00.000Z,2,1,0,0.074654,0.342531,-0.12,-0.029548,0.192984,-0.472901,0.074654,7,8,0.1875,0.2,,41EDF507B7CAF695D217A9BC48B6C6D38BF1451336230134FA3786B0DDE78A92
RAW_GRID_T100_S020_GATE90_DAVID_CONTRA,david_contra,RAW_GRID_T100_S020_GATE90_DAVID_CONTRA|AUDCAD|LONG|9,AUDCAD,LONG,target,2022-01-12T13:31:00.000Z,2022-01-12T13:33:00.000Z,2022-01-10T00:00:00.000Z,1,0,0,0.166509,0.765944,-0.06,-0.000127,0.705816,0,0.166509,8,9,0.001389,0.2,,7F0313BE709255A8625DEFCC2E249986583A15B3D7108A37284B37811F527DFB
RAW_GRID_T100_S020_GATE90_DAVID_CONTRA,david_contra,RAW_GRID_T100_S020_GATE90_DAVID_CONTRA|AUDCAD|SHORT|10,AUDCAD,SHORT,session_flatten,2022-01-12T14:53:00.000Z,2022-01-12T21:00:00.000Z,2022-01-10T00:00:00.000Z,3,2,0,-0.505194,-2.342959,-0.18,0.005375,-2.517584,-0.618876,0.351479,0,,0.254861,0.2,,6E25DCA2C110781192C5614AAEC98661DB67F288133ABCCE21FC72CD3129FE23
RAW_GRID_T100_S020_GATE90_DAVID_CONTRA,david_contra,RAW_GRID_T100_S020_GATE90_DAVID_CONTRA|AUDCAD|SHORT|11,AUDCAD,SHORT,target,2022-01-12T23:12:00.000Z,2022-01-12T23:58:00.000Z,2022-01-10T00:00:00.000Z,1,0,0,0.096404,0.447888,-0.06,0.000319,0.388208,-0.020657,0.096404,0,1,0.031944,0.2,,F555A0747149F9C3D263E77807AD64B37485231835961F73ED1E7AA9A7FB706E
RAW_GRID_T100_S020_GATE90_DAVID_CONTRA,david_contra,RAW_GRID_T100_S020_GATE90_DAVID_CONTRA|AUDCAD|SHORT|12,AUDCAD,SHORT,target,2022-01-13T00:07:00.000Z,2022-01-13T00:20:00.000Z,2022-01-10T00:00:00.000Z,1,0,0,0.098115,0.455736,-0.06,0.00009,0.395826,0,0.098115,1,2,0.009028,0.2,,9B5A7A8B6917FE2961B31C4A563BFC538EF543741B54C0ECD23B937027906AD4
RAW_GRID_T100_S020_GATE90_DAVID_CONTRA,david_contra,RAW_GRID_T100_S020_GATE90_DAVID_CONTRA|AUDCAD|SHORT|13,AUDCAD,SHORT,target,2022-01-13T07:35:00.000Z,2022-01-13T11:30:00.000Z,2022-01-10T00:00:00.000Z,2,1,0,0.219959,1.025707,-0.12,0.002215,0.907922,-0.264927,0.219959,2,3,0.163194,0.2,,0BC3B6D23B2A35344E25C0B33BA503DEB4F708B8D4CBDDE9A0AB4B01BA0E25F0
RAW_GRID_T100_S020_GATE90_DAVID_CONTRA,david_contra,RAW_GRID_T100_S020_GATE90_DAVID_CONTRA|AUDCAD|SHORT|14,AUDCAD,SHORT,target,2022-01-13T16:01:00.000Z,2022-01-13T16:51:00.000Z,2022-01-10T00:00:00.000Z,1,0,0,0.115268,0.536933,-0.06,0.000347,0.47728,-0.061935,0.115268,3,4,0.034722,0.2,,33006FF819F9CE3D01983DB5959C9CD55B17E0A5C4368E4BBEB3343CEFA3C2DC
RAW_GRID_T100_S020_GATE90_DAVID_CONTRA,david_contra,RAW_GRID_T100_S020_GATE90_DAVID_CONTRA|AUDCAD|LONG|15,AUDCAD,LONG,target,2022-01-14T13:33:00.000Z,2022-01-14T14:45:00.000Z,2022-01-10T00:00:00.000Z,1,0,0,0.197288,0.91085,-0.06,-0.004585,0.846265,-0.076146,0.197288,9,10,0.05,0.2,,CF8DB0B4C548678C9FE13DF4C831A91A8480973D72550DCF6FC71D5A6FFD0461
RAW_GRID_T100_S020_GATE90_DAVID_CONTRA,david_contra,RAW_GRID_T100_S020_GATE90_DAVID_CONTRA|AUDCAD|LONG|16,AUDCAD,LONG,target,2022-01-14T15:02:00.000Z,2022-01-14T15:06:00.000Z,2022-01-10T00:00:00.000Z,1,0,0,0.105524,0.4868,-0.06,-0.000255,0.426545,-0.044978,0.105524,10,11,0.002778,0.2,,4349814E225DF37507E3EE04475884D6774E9C6710FA299828F8ACEE9EF41731
RAW_GRID_T100_S020_GATE90_DAVID_CONTRA,david_contra,RAW_GRID_T100_S020_GATE90_DAVID_CONTRA|AUDCHF|SHORT|1,AUDCHF,SHORT,target,2022-01-10T09:34:00.000Z,2022-01-10T12:16:00.000Z,2022-01-10T00:00:00.000Z,2,1,0,0.203984,0.94341,-0.12,0.001944,0.825354,-0.443665,0.203984,0,1,0.1125,0.2,,0CA846B9EA5D3FE8161C3F93FDA1AD653E50FDF80F7A749BCE6DD01A42301CB0
RAW_GRID_T100_S020_GATE90_DAVID_CONTRA,david_contra,RAW_GRID_T100_S020_GATE90_DAVID_CONTRA|AUDCHF|SHORT|2,AUDCHF,SHORT,target,2022-01-10T13:34:00.000Z,2022-01-10T14:44:00.000Z,2022-01-10T00:00:00.000Z,2,1,0,0.18036,0.831498,-0.12,0.000715,0.712213,-0.443166,0.18036,1,2,0.048611,0.2,,C8FFE29DB63A8928AD0349B5E36D338AEFA1D2B7040217EE7437335B1F8393DD
RAW_GRID_T100_S020_GATE90_DAVID_CONTRA,david_contra,RAW_GRID_T100_S020_GATE90_DAVID_CONTRA|AUDCHF|SHORT|3,AUDCHF,SHORT,target,2022-01-10T16:02:00.000Z,2022-01-10T16:03:00.000Z,2022-01-10T00:00:00.000Z,1,0,0,0.152394,0.702064,-0.06,0.000007,0.642071,0,0.152394,2,3,0.000694,0.2,,3B8A874A63D2E6ABD01A7A4800029BD8AEC4D9E95E020305B55DF746BD781232
RAW_GRID_T100_S020_GATE90_DAVID_CONTRA,david_contra,RAW_GRID_T100_S020_GATE90_DAVID_CONTRA|AUDCHF|SHORT|4,AUDCHF,SHORT,session_flatten,2022-01-10T16:07:00.000Z,2022-01-10T21:00:00.000Z,2022-01-10T00:00:00.000Z,3,2,0,-0.745068,-3.429981,-0.18,0.003986,-3.605995,-0.801254,0.217127,3,,0.203472,0.2,,E537847418EC14A13C11D8D852B8480D7554937F39F4C733199B238478923D7E
RAW_GRID_T100_S020_GATE90_DAVID_CONTRA,david_contra,RAW_GRID_T100_S020_GATE90_DAVID_CONTRA|AUDCHF|SHORT|5,AUDCHF,SHORT,target,2022-01-10T23:05:00.000Z,2022-01-11T01:51:00.000Z,2022-01-10T00:00:00.000Z,1,0,0,0.046735,0.200001,-0.06,0.001153,0.141154,-0.168245,0.065429,3,4,0.115278,0.2,,9E378E0B67B741692FCC747C6E20F81299889BEFA1F607106125A4F1B38805BA
RAW_GRID_T100_S020_GATE90_DAVID_CONTRA,david_contra,RAW_GRID_T100_S020_GATE90_DAVID_CONTRA|AUDCHF|SHORT|6,AUDCHF,SHORT,target,2022-01-11T02:24:00.000Z,2022-01-11T04:47:00.000Z,2022-01-10T00:00:00.000Z,1,0,0,0.042042,0.180002,-0.06,0.000993,0.120995,-0.19152,0.070069,4,5,0.099306,0.2,,BB15F9A64CFCBC5BD31972E564894FC6D14F01AAA4FCA550B5FB603B9E2FD9C6
RAW_GRID_T100_S020_GATE90_DAVID_CONTRA,david_contra,RAW_GRID_T100_S020_GATE90_DAVID_CONTRA|AUDCHF|SHORT|7,AUDCHF,SHORT,target,2022-01-11T05:57:00.000Z,2022-01-11T06:09:00.000Z,2022-01-10T00:00:00.000Z,1,0,0,0.116728,0.539894,-0.06,0.000083,0.479977,-0.004669,0.116728,5,6,0.008333,0.2,,F1EDB336EC3B247394D4B45C6BB41A362EF51CE13FD12A1B826DB9DBEDA29436
RAW_GRID_T100_S020_GATE90_DAVID_CONTRA,david_contra,RAW_GRID_T100_S020_GATE90_DAVID_CONTRA|AUDCHF|SHORT|8,AUDCHF,SHORT,target,2022-01-11T09:35:00.000Z,2022-01-11T10:36:00.000Z,2022-01-10T00:00:00.000Z,1,0,0,0.098176,0.453428,-0.06,0.000424,0.393852,-0.100513,0.098176,6,7,0.042361,0.2,,DD305C36E72FF65055B842141C6906EE415B65FBEA9A828FDDE7687325AC0EB6
RAW_GRID_T100_S020_GATE90_DAVID_CONTRA,david_contra,RAW_GRID_T100_S020_GATE90_DAVID_CONTRA|AUDCHF|SHORT|9,AUDCHF,SHORT,target,2022-01-11T10:49:00.000Z,2022-01-11T11:30:00.000Z,2022-01-10T00:00:00.000Z,1,0,0,0.126203,0.582779,-0.06,0.000285,0.523064,-0.018697,0.126203,7,8,0.028472,0.2,,99CC1ED3AF8C30EA33051E35D9B18E0B9577CEFA99506B8774BB570464F71557
RAW_GRID_T100_S020_GATE90_DAVID_CONTRA,david_contra,RAW_GRID_T100_S020_GATE90_DAVID_CONTRA|AUDCHF|SHORT|10,AUDCHF,SHORT,session_flatten,2022-01-11T16:40:00.000Z,2022-01-11T21:00:00.000Z,2022-01-10T00:00:00.000Z,2,1,0,-0.336756,-1.558907,-0.12,0.00316,-1.675747,-0.542469,0.08889,8,,0.180556,0.2,,9544CA2BC95EA2CC29CD5675758673C06B530006C5E6A2227B2E82FFD1B362F9
RAW_GRID_T100_S020_GATE90_DAVID_CONTRA,david_contra,RAW_GRID_T100_S020_GATE90_DAVID_CONTRA|AUDCHF|SHORT|11,AUDCHF,SHORT,target,2022-01-11T23:06:00.000Z,2022-01-12T01:19:00.000Z,2022-01-10T00:00:00.000Z,1,0,0,0.126089,0.539999,-0.06,0.000924,0.480922,-0.058375,0.126089,8,9,0.092361,0.2,,46EC9CFB699BA69EE0C3BA4803B20DFF9BE1205614699BB45E6503BEB9019B57
RAW_GRID_T100_S020_GATE90_DAVID_CONTRA,david_contra,RAW_GRID_T100_S020_GATE90_DAVID_CONTRA|AUDCHF|SHORT|12,AUDCHF,SHORT,target,2022-01-12T01:38:00.000Z,2022-01-12T01:49:00.000Z,2022-01-10T00:00:00.000Z,1,0,0,0.10273,0.476433,-0.06,0.000076,0.416509,-0.030352,0.10273,9,10,0.007639,0.2,,FCDF7111462859B85BD33D3C1F396ECC4699DF010374DD6BC05A5B9804385402
RAW_GRID_T100_S020_GATE90_DAVID_CONTRA,david_contra,RAW_GRID_T100_S020_GATE90_DAVID_CONTRA|AUDCHF|SHORT|13,AUDCHF,SHORT,target,2022-01-12T03:09:00.000Z,2022-01-12T07:37:00.000Z,2022-01-10T00:00:00.000Z,2,1,0,0.214489,0.919998,-0.12,0.002264,0.802262,-0.219426,0.214489,10,11,0.186111,0.2,,D87F1504E04F6D479866EB761E3F6A9B9B5EE8C17DE9CE46EB104463A37A834A
RAW_GRID_T100_S020_GATE90_DAVID_CONTRA,david_contra,RAW_GRID_T100_S020_GATE90_DAVID_CONTRA|AUDCHF|SHORT|14,AUDCHF,SHORT,target,2022-01-12T13:33:00.000Z,2022-01-12T15:31:00.000Z,2022-01-10T00:00:00.000Z,2,1,0,0.013855,0.065459,-0.12,0.001361,-0.05318,-0.53668,0.065361,11,12,0.081944,0.2,,7C00345EE6CF579260F4A0ADFCB69E1BABEEBFF43C45F785B8248D60BF4B5087
RAW_GRID_T100_S020_GATE90_DAVID_CONTRA,david_contra,RAW_GRID_T100_S020_GATE90_DAVID_CONTRA|AUDCHF|SHORT|15,AUDCHF,SHORT,session_flatten,2022-01-12T19:59:00.000Z,2022-01-12T21:00:00.000Z,2022-01-10T00:00:00.000Z,1,0,0,0.016342,0.076601,-0.06,0.000424,0.017024,-0.04669,0.098049,12,,0.042361,0.2,,F9D0B1F5B9C71059665EE4ACCFCCC0A87BB575ACAD512C8DCF5573F95180E88C
RAW_GRID_T100_S020_GATE90_DAVID_CONTRA,david_contra,RAW_GRID_T100_S020_GATE90_DAVID_CONTRA|AUDCHF|SHORT|16,AUDCHF,SHORT,target,2022-01-12T23:14:00.000Z,2022-01-12T23:56:00.000Z,2022-01-10T00:00:00.000Z,1,0,0,0.109728,0.514139,-0.06,0.000292,0.454431,-0.011674,0.109728,12,13,0.029167,0.2,,3FF9E9A07150421D26FA9ED160113917C185987984E3CBFE4EAC0FB30A7F6B06
RAW_GRID_T100_S020_GATE90_DAVID_CONTRA,david_contra,RAW_GRID_T100_S020_GATE90_DAVID_CONTRA|AUDCHF|SHORT|17,AUDCHF,SHORT,target,2022-01-13T01:06:00.000Z,2022-01-13T01:35:00.000Z,2022-01-10T00:00:00.000Z,1,0,0,0.112065,0.524875,-0.06,0.000201,0.465076,-0.03969,0.112065,13,14,0.020139,0.2,,FB7085F24AA6622E6244AF81ED9F4FB2CFB8132ACDD1B6C271EF90B6B517D0F7
RAW_GRID_T100_S020_GATE90_DAVID_CONTRA,david_contra,RAW_GRID_T100_S020_GATE90_DAVID_CONTRA|AUDCHF|SHORT|18,AUDCHF,SHORT,target,2022-01-13T02:49:00.000Z,2022-01-13T06:36:00.000Z,2022-01-10T00:00:00.000Z,1,0,0,0.018677,0.087483,-0.06,0.001576,0.029059,-0.186771,0.0607,14,15,0.157639,0.2,,B6421310386446F7DA90A9AEE608AAC74DEF77951CC165AAD9CA1C861134314B
RAW_GRID_T100_S020_GATE90_DAVID_CONTRA,david_contra,RAW_GRID_T100_S020_GATE90_DAVID_CONTRA|AUDCHF|SHORT|19,AUDCHF,SHORT,target,2022-01-13T08:11:00.000Z,2022-01-13T09:28:00.000Z,2022-01-10T00:00:00.000Z,2,1,0,0.149083,0.700676,-0.12,0.000778,0.581453,-0.410488,0.149083,15,16,0.053472,0.2,,4BDBF41067860CDC03D298D976A3F43600C776FA9843679142C6329BD0DE3498
RAW_GRID_T100_S020_GATE90_DAVID_CONTRA,david_contra,RAW_GRID_T100_S020_GATE90_DAVID_CONTRA|AUDCHF|SHORT|20,AUDCHF,SHORT,target,2022-01-13T10:06:00.000Z,2022-01-13T10:21:00.000Z,2022-01-10T00:00:00.000Z,1,0,0,0.107206,0.504335,-0.06,0.000104,0.444439,0,0.107206,16,17,0.010417,0.2,,CB8C6A21827312085F1A35E84DF16BD38F6965D30F93C75B9EEA00C049024909
RAW_GRID_T100_S020_GATE90_DAVID_CONTRA,david_contra,RAW_GRID_T100_S020_GATE90_DAVID_CONTRA|AUDCHF|SHORT|21,AUDCHF,SHORT,target,2022-01-13T10:26:00.000Z,2022-01-13T10:51:00.000Z,2022-01-10T00:00:00.000Z,1,0,0,0.097878,0.460028,-0.06,0.000174,0.400202,-0.032626,0.107201,17,18,0.017361,0.2,,4E629CC94252B10A8D534ECBCA827FC627C6B2962C9705AD95817E7500FE7453
RAW_GRID_T100_S020_GATE90_DAVID_CONTRA,david_contra,RAW_GRID_T100_S020_GATE90_DAVID_CONTRA|AUDCHF|SHORT|22,AUDCHF,SHORT,target,2022-01-14T04:14:00.000Z,2022-01-14T05:07:00.000Z,2022-01-10T00:00:00.000Z,1,0,0,0.117292,0.549289,-0.06,0.000368,0.489657,-0.039879,0.117292,18,19,0.036806,0.2,,DDF377C4B245C238EFDCEF7832E07C3AF039A7600A6CF016CABCAF4114CAFBE8
RAW_GRID_T100_S020_GATE90_DAVID_CONTRA,david_contra,RAW_GRID_T100_S020_GATE90_DAVID_CONTRA|AUDCHF|SHORT|23,AUDCHF,SHORT,target,2022-01-14T05:40:00.000Z,2022-01-14T07:33:00.000Z,2022-01-10T00:00:00.000Z,1,0,0,0.091488,0.428356,-0.06,0.000785,0.369141,-0.103216,0.091488,19,20,0.078472,0.2,,C11B1F83FE7256CBD7C1D8AEB4456EF74D0B79836A03D35285CF0A0D40B9BA94
RAW_GRID_T100_S020_GATE90_DAVID_CONTRA,david_contra,RAW_GRID_T100_S020_GATE90_DAVID_CONTRA|AUDCHF|SHORT|24,AUDCHF,SHORT,target,2022-01-14T08:13:00.000Z,2022-01-14T08:51:00.000Z,2022-01-10T00:00:00.000Z,1,0,0,0.039867,0.186765,-0.06,0.000264,0.127029,-0.173539,0.056284,20,21,0.026389,0.2,,976654BA8F9742E8005437962DC8FB3CB8AA201281FDD63470E8D8E8EFDC9AB4
RAW_GRID_T100_S020_GATE90_DAVID_CONTRA,david_contra,RAW_GRID_T100_S020_GATE90_DAVID_CONTRA|AUDCHF|LONG|25,AUDCHF,LONG,target,2022-01-14T12:45:00.000Z,2022-01-14T14:38:00.000Z,2022-01-10T00:00:00.000Z,2,1,0,0.377184,1.75523,-0.12,-0.011335,1.623894,-0.447501,0.377184,0,1,0.078472,0.2,,5298CD7251D67D14DA07C330A948397EB23BBBB9278332C3875C44565592EF3E
RAW_GRID_T100_S020_GATE90_DAVID_CONTRA,david_contra,RAW_GRID_T100_S020_GATE90_DAVID_CONTRA|AUDCHF|LONG|26,AUDCHF,LONG,target,2022-01-14T15:33:00.000Z,2022-01-14T15:35:00.000Z,2022-01-10T00:00:00.000Z,1,0,0,0.127273,0.592013,-0.06,-0.000127,0.531886,0,0.127273,1,2,0.001389,0.2,,9DB5002D61DFB6639EF400F36CF654CB455105220B6AFB1CAEF3A299BB3D0373
RAW_GRID_T100_S020_GATE90_DAVID_CONTRA,david_contra,RAW_GRID_T100_S020_GATE90_DAVID_CONTRA|AUDJPY|LONG|1,AUDJPY,LONG,target,2022-01-10T13:35:00.000Z,2022-01-10T18:52:00.000Z,2022-01-10T00:00:00.000Z,3,2,0,0.075565,0.503464,-0.18,-0.049416,0.274047,-1.135368,0.075936,0,1,0.220139,0.2,,8FA1274FA79918F824E3F72B9E9D1295A7F95C9F6A40862948B7387ED146E5A6
RAW_GRID_T100_S020_GATE90_DAVID_CONTRA,david_contra,RAW_GRID_T100_S020_GATE90_DAVID_CONTRA|AUDJPY|LONG|2,AUDJPY,LONG,target,2022-01-11T06:38:00.000Z,2022-01-11T07:27:00.000Z,2022-01-10T00:00:00.000Z,2,1,0,0.397235,2.673283,-0.12,-0.005349,2.547933,-0.211193,0.397235,1,2,0.034028,0.2,,343495BB0373B2109C266706754040964198F624EED520B4A2D97A72D657F173
RAW_GRID_T100_S020_GATE90_DAVID_CONTRA,david_contra,RAW_GRID_T100_S020_GATE90_DAVID_CONTRA|AUDJPY|LONG|3,AUDJPY,LONG,target,2022-01-11T07:42:00.000Z,2022-01-11T07:49:00.000Z,2022-01-10T00:00:00.000Z,1,0,0,0.104338,0.703301,-0.06,-0.000446,0.642856,-0.003864,0.104338,2,3,0.004861,0.2,,6344DA12226607E8B0779E761C3ABA77DA4DCCE9A58A87329BCA99AB9B678F47
RAW_GRID_T100_S020_GATE90_DAVID_CONTRA,david_contra,RAW_GRID_T100_S020_GATE90_DAVID_CONTRA|AUDJPY|LONG|4,AUDJPY,LONG,target,2022-01-11T14:42:00.000Z,2022-01-11T15:01:00.000Z,2022-01-10T00:00:00.000Z,1,0,0,0.213795,1.436582,-0.06,-0.00121,1.375372,-0.045078,0.213795,3,4,0.013194,0.2,,97713E23F8950528D3BC14FFFB04514BE9C6A3549B8A61241FF9F42C8D923854
RAW_GRID_T100_S020_GATE90_DAVID_CONTRA,david_contra,RAW_GRID_T100_S020_GATE90_DAVID_CONTRA|AUDJPY|LONG|5,AUDJPY,LONG,target,2022-01-12T08:37:00.000Z,2022-01-12T09:45:00.000Z,2022-01-10T00:00:00.000Z,1,0,0,0.110297,0.745628,-0.06,-0.00433,0.681298,0,0.110297,4,5,0.047222,0.2,,7095009CE0B72A32F88E2D0EDB33A9E933E661A709F0E59468E6A062F5E69315
RAW_GRID_T100_S020_GATE90_DAVID_CONTRA,david_contra,RAW_GRID_T100_S020_GATE90_DAVID_CONTRA|AUDJPY|SHORT|6,AUDJPY,SHORT,target,2022-01-12T13:37:00.000Z,2022-01-12T15:56:00.000Z,2022-01-10T00:00:00.000Z,2,1,0,0.3159,2.158886,-0.12,0.001403,2.040288,-0.204129,0.3159,0,1,0.096528,0.2,,F57FB7E1A65D28ACA2761B5E986BADF89FDD4445065E59CFD5C5F3FE003A6C76
RAW_GRID_T100_S020_GATE90_DAVID_CONTRA,david_contra,RAW_GRID_T100_S020_GATE90_DAVID_CONTRA|AUDJPY|SHORT|7,AUDJPY,SHORT,target,2022-01-13T02:50:00.000Z,2022-01-13T03:08:00.000Z,2022-01-10T00:00:00.000Z,1,0,0,0.104588,0.715582,-0.06,0.000125,0.655707,-0.012755,0.104588,1,2,0.0125,0.2,,8CA0A66B6DCB5F9462D30CAFC490B23A97BF2FC5B35CB8205A124B26F638E9F8
RAW_GRID_T100_S020_GATE90_DAVID_CONTRA,david_contra,RAW_GRID_T100_S020_GATE90_DAVID_CONTRA|AUDJPY|SHORT|8,AUDJPY,SHORT,target,2022-01-13T04:51:00.000Z,2022-01-13T05:19:00.000Z,2022-01-10T00:00:00.000Z,1,0,0,0.102047,0.698518,-0.06,0.000194,0.638713,-0.028063,0.102047,2,3,0.019444,0.2,,D74B36E829F89605564D8882E723472D4EA1EBB693BBC8F15C57564D3B0DADC8
RAW_GRID_T100_S020_GATE90_DAVID_CONTRA,david_contra,RAW_GRID_T100_S020_GATE90_DAVID_CONTRA|AUDJPY|SHORT|9,AUDJPY,SHORT,target,2022-01-13T07:02:00.000Z,2022-01-13T12:06:00.000Z,2022-01-10T00:00:00.000Z,2,1,0,0.196028,1.344671,-0.12,0.003153,1.227824,-0.323864,0.196028,3,4,0.211111,0.2,,1D6C19E980E643AAF1822F965CFAFF2FA62EDA11AEB05240809325B7A9FB9DCB
RAW_GRID_T100_S020_GATE90_DAVID_CONTRA,david_contra,RAW_GRID_T100_S020_GATE90_DAVID_CONTRA|AUDJPY|LONG|10,AUDJPY,LONG,target,2022-01-14T01:20:00.000Z,2022-01-14T04:14:00.000Z,2022-01-10T00:00:00.000Z,2,1,0,0.389179,2.653611,-0.12,-0.018595,2.515017,-0.244516,0.389179,5,6,0.120833,0.2,,5E1400B9F597E815E3AA61C8BA126C42A89BE9FB8FAFF27A46ACC7A87E263485
RAW_GRID_T100_S020_GATE90_DAVID_CONTRA,david_contra,RAW_GRID_T100_S020_GATE90_DAVID_CONTRA|AUDJPY|LONG|11,AUDJPY,LONG,target,2022-01-14T05:07:00.000Z,2022-01-14T05:38:00.000Z,2022-01-10T00:00:00.000Z,1,0,0,0.146801,1.002404,-0.06,-0.001974,0.94043,-0.015453,0.146801,6,7,0.021528,0.2,,E2451770C34C67E37F8370EAD5558C0A1E6FA83465375E5BE00FB6E9A0B06D66
RAW_GRID_T100_S020_GATE90_DAVID_CONTRA,david_contra,RAW_GRID_T100_S020_GATE90_DAVID_CONTRA|AUDJPY|LONG|12,AUDJPY,LONG,target,2022-01-14T11:57:00.000Z,2022-01-14T14:39:00.000Z,2022-01-10T00:00:00.000Z,5,4,0,0.506823,3.42106,-0.3,-0.033751,3.087309,-2.052989,0.506823,7,8,0.1125,0.2,,6B34DA174F4E0C3F8280354B352CF6AF79C22D3404C149BC1F60760A1ACA0153
RAW_GRID_T100_S020_GATE90_DAVID_CONTRA,david_contra,RAW_GRID_T100_S020_GATE90_DAVID_CONTRA|AUDJPY|LONG|13,AUDJPY,LONG,target,2022-01-14T15:04:00.000Z,2022-01-14T15:06:00.000Z,2022-01-10T00:00:00.000Z,1,0,0,0.110021,0.747082,-0.06,-0.000127,0.686954,0,0.110021,8,9,0.001389,0.2,,186D65DF72E5D633BB3C0B8F151BFB9FB1C6126971889815E7B3AD2CB1AF793A
RAW_GRID_T100_S020_GATE90_DAVID_CONTRA,david_contra,RAW_GRID_T100_S020_GATE90_DAVID_CONTRA|AUDNZD|SHORT|1,AUDNZD,SHORT,target,2022-01-10T23:05:00.000Z,2022-01-10T23:07:00.000Z,2022-01-10T00:00:00.000Z,1,0,0,0.11663,0.351676,-0.06,0.000014,0.29169,0,0.11663,0,1,0.001389,0.2,,21B3B569366F9F246D93B9CE5D02369FE448752A3E5B0B42DEABE5F2CBD1A5F3
RAW_GRID_T100_S020_GATE90_DAVID_CONTRA,david_contra,RAW_GRID_T100_S020_GATE90_DAVID_CONTRA|AUDNZD|SHORT|2,AUDNZD,SHORT,target,2022-01-11T00:04:00.000Z,2022-01-11T00:15:00.000Z,2022-01-10T00:00:00.000Z,1,0,0,0.143551,0.433301,-0.06,0.000076,0.373377,-0.02243,0.143551,1,2,0.007639,0.2,,DEACE1B1B69DE7E83B2D94AA2AC70ED2A6E7769D6A5755D2C7F89C992AA2A4D4
RAW_GRID_T100_S020_GATE90_DAVID_CONTRA,david_contra,RAW_GRID_T100_S020_GATE90_DAVID_CONTRA|AUDNZD|SHORT|3,AUDNZD,SHORT,target,2022-01-11T00:55:00.000Z,2022-01-11T01:20:00.000Z,2022-01-10T00:00:00.000Z,1,0,0,0.139033,0.419691,-0.06,0.000174,0.359865,0,0.139033,2,3,0.017361,0.2,,E263CF7C6971ADC6AC04D61578BC72281787565692309CF13D51533E90C5E086
RAW_GRID_T100_S020_GATE90_DAVID_CONTRA,david_contra,RAW_GRID_T100_S020_GATE90_DAVID_CONTRA|AUDNZD|SHORT|4,AUDNZD,SHORT,target,2022-01-11T01:39:00.000Z,2022-01-11T02:01:00.000Z,2022-01-10T00:00:00.000Z,1,0,0,0.118858,0.358313,-0.06,0.000153,0.298465,-0.091947,0.118858,3,4,0.015278,0.2,,3299505E989FE4BE792346DD2F4DBFC19D865F312F2A27990112A912EAF159D7
RAW_GRID_T100_S020_GATE90_DAVID_CONTRA,david_contra,RAW_GRID_T100_S020_GATE90_DAVID_CONTRA|AUDNZD|SHORT|5,AUDNZD,SHORT,target,2022-01-11T02:12:00.000Z,2022-01-11T04:47:00.000Z,2022-01-10T00:00:00.000Z,1,0,0,0.05382,0.162456,-0.06,0.001076,0.103533,-0.145764,0.0897,4,5,0.107639,0.2,,9CC2EE715F2364B08845E7C2E525A0CE82648CFA20CA95F56657CD9C2850C9C4
RAW_GRID_T100_S020_GATE90_DAVID_CONTRA,david_contra,RAW_GRID_T100_S020_GATE90_DAVID_CONTRA|AUDNZD|SHORT|6,AUDNZD,SHORT,target,2022-01-11T05:43:00.000Z,2022-01-11T06:09:00.000Z,2022-01-10T00:00:00.000Z,1,0,0,0.100886,0.30468,-0.06,0.000181,0.244861,-0.008969,0.100886,5,6,0.018056,0.2,,9BB962B8395B96C5C05710154528A389ECD1EF96A5C9F4AAB90CA63F958C7A4D
RAW_GRID_T100_S020_GATE90_DAVID_CONTRA,david_contra,RAW_GRID_T100_S020_GATE90_DAVID_CONTRA|AUDNZD|SHORT|7,AUDNZD,SHORT,target,2022-01-11T08:02:00.000Z,2022-01-11T08:05:00.000Z,2022-01-10T00:00:00.000Z,1,0,0,0.103131,0.31147,-0.06,0.000021,0.251491,0,0.103131,6,7,0.002083,0.2,,91AACB182AD95DBCAA29FE55A3D912D74FA523EE523B8E2064850F9B231201FB
RAW_GRID_T100_S020_GATE90_DAVID_CONTRA,david_contra,RAW_GRID_T100_S020_GATE90_DAVID_CONTRA|AUDNZD|SHORT|8,AUDNZD,SHORT,target,2022-01-11T10:46:00.000Z,2022-01-11T11:41:00.000Z,2022-01-10T00:00:00.000Z,1,0,0,0.112154,0.338062,-0.06,0.000382,0.278444,-0.049347,0.112154,7,8,0.038194,0.2,,A589C19270DB8E45FB449EE5E7B3AE8CDC3C9A00205743228E76E5CDCF94973A
RAW_GRID_T100_S020_GATE90_DAVID_CONTRA,david_contra,RAW_GRID_T100_S020_GATE90_DAVID_CONTRA|AUDNZD|SHORT|9,AUDNZD,SHORT,target,2022-01-11T11:58:00.000Z,2022-01-11T12:16:00.000Z,2022-01-10T00:00:00.000Z,1,0,0,0.114396,0.344754,-0.06,0.000125,0.284879,-0.020187,0.114396,8,9,0.0125,0.2,,2C09408FEAB00221BE1BE1CD54089F380FDB0DCC317EAB38A14A0B76560B2629
RAW_GRID_T100_S020_GATE90_DAVID_CONTRA,david_contra,RAW_GRID_T100_S020_GATE90_DAVID_CONTRA|AUDNZD|SHORT|10,AUDNZD,SHORT,target,2022-01-11T14:08:00.000Z,2022-01-11T14:47:00.000Z,2022-01-10T00:00:00.000Z,1,0,0,0.107665,0.323674,-0.06,0.000271,0.263945,-0.067291,0.107665,9,10,0.027083,0.2,,EC727B026B25ED86439C8C74B25E87694639D150BACF11A07FF1C21C1AA89F29
RAW_GRID_T100_S020_GATE90_DAVID_CONTRA,david_contra,RAW_GRID_T100_S020_GATE90_DAVID_CONTRA|AUDNZD|SHORT|11,AUDNZD,SHORT,target,2022-01-11T14:52:00.000Z,2022-01-11T19:17:00.000Z,2022-01-10T00:00:00.000Z,2,1,0,0.015585,0.047535,-0.12,0.003493,-0.068971,-0.40589,0.082989,10,11,0.184028,0.2,,E4D19A81C7522885164B2B9A1BBA15E0EF9AFB84C13EFEEF74FE18C68D0E2861
RAW_GRID_T100_S020_GATE90_DAVID_CONTRA,david_contra,RAW_GRID_T100_S020_GATE90_DAVID_CONTRA|AUDNZD|SHORT|12,AUDNZD,SHORT,session_flatten,2022-01-11T19:52:00.000Z,2022-01-11T21:00:00.000Z,2022-01-10T00:00:00.000Z,1,0,0,-0.004482,-0.01357,-0.06,0.000472,-0.073097,-0.058256,0.071699,11,,0.047222,0.2,,0A25239246B04B216A635505F48645650386759F819A08D15CC72B94D46B6E9F
RAW_GRID_T100_S020_GATE90_DAVID_CONTRA,david_contra,RAW_GRID_T100_S020_GATE90_DAVID_CONTRA|AUDNZD|SHORT|13,AUDNZD,SHORT,target,2022-01-11T23:56:00.000Z,2022-01-12T00:02:00.000Z,2022-01-10T00:00:00.000Z,1,0,0,0.150053,0.454663,-0.06,0.000042,0.394704,-0.013438,0.150053,11,12,0.004167,0.2,,4EFAEEC5DECBC6387A9F79750018C3B0CD23534A2765BF36B5FCCCFC15D20542
RAW_GRID_T100_S020_GATE90_DAVID_CONTRA,david_contra,RAW_GRID_T100_S020_GATE90_DAVID_CONTRA|AUDNZD|SHORT|14,AUDNZD,SHORT,target,2022-01-12T00:15:00.000Z,2022-01-12T00:26:00.000Z,2022-01-10T00:00:00.000Z,1,0,0,0.120949,0.539998,-0.06,0.000076,0.480074,0,0.120949,12,13,0.007639,0.2,,17CA9EB62045573316D6FBEB30055C5589A52E58BCDD20B52B1A197306ABC9D2
RAW_GRID_T100_S020_GATE90_DAVID_CONTRA,david_contra,RAW_GRID_T100_S020_GATE90_DAVID_CONTRA|AUDNZD|SHORT|15,AUDNZD,SHORT,target,2022-01-12T01:03:00.000Z,2022-01-12T01:12:00.000Z,2022-01-10T00:00:00.000Z,1,0,0,0.132151,0.400505,-0.06,0.000062,0.340568,0,0.132151,13,14,0.00625,0.2,,600647588ED2FDE2B40A009DD8AC16F5C507E189EF3A2F50C132AE247E495123
RAW_GRID_T100_S020_GATE90_DAVID_CONTRA,david_contra,RAW_GRID_T100_S020_GATE90_DAVID_CONTRA|AUDNZD|SHORT|16,AUDNZD,SHORT,target,2022-01-12T04:41:00.000Z,2022-01-12T05:17:00.000Z,2022-01-10T00:00:00.000Z,1,0,0,0.098551,0.298802,-0.06,0.00025,0.239052,-0.029118,0.098551,14,15,0.025,0.2,,79367A09E18E71A8A415DE84BC8A7970671DDB28E2A446C6FBAD3608B82DD9E5
RAW_GRID_T100_S020_GATE90_DAVID_CONTRA,david_contra,RAW_GRID_T100_S020_GATE90_DAVID_CONTRA|AUDNZD|SHORT|17,AUDNZD,SHORT,target,2022-01-12T09:57:00.000Z,2022-01-12T14:13:00.000Z,2022-01-10T00:00:00.000Z,2,1,0,0.006625,0.020443,-0.12,0.002549,-0.097008,-0.579926,0.07615,15,16,0.177778,0.2,,BC938410D096B418EF2270F6DE780AE3EA4D7AB40A8DF099336A7FB65619BA7A
RAW_GRID_T100_S020_GATE90_DAVID_CONTRA,david_contra,RAW_GRID_T100_S020_GATE90_DAVID_CONTRA|AUDNZD|SHORT|18,AUDNZD,SHORT,target,2022-01-12T14:36:00.000Z,2022-01-12T14:37:00.000Z,2022-01-10T00:00:00.000Z,1,0,0,0.10739,0.327322,-0.06,0.000007,0.267329,0,0.10739,16,17,0.000694,0.2,,3F5E298A8C9DC3ADE08DBD2D5AC8CFA9B6E4D4EBAD8B7F520D54248A89F755E0
RAW_GRID_T100_S020_GATE90_DAVID_CONTRA,david_contra,RAW_GRID_T100_S020_GATE90_DAVID_CONTRA|AUDNZD|SHORT|19,AUDNZD,SHORT,target,2022-01-12T18:07:00.000Z,2022-01-12T20:34:00.000Z,2022-01-10T00:00:00.000Z,1,0,0,0.080588,0.246688,-0.06,0.001021,0.187709,-0.120881,0.080588,17,18,0.102083,0.2,,88B099A0DC8EF74F9830EE197FF94BDB5F3D37A297D074C4C1766B7159895747
RAW_GRID_T100_S020_GATE90_DAVID_CONTRA,david_contra,RAW_GRID_T100_S020_GATE90_DAVID_CONTRA|AUDNZD|SHORT|20,AUDNZD,SHORT,target,2022-01-13T08:16:00.000Z,2022-01-13T08:20:00.000Z,2022-01-10T00:00:00.000Z,1,0,0,0.134374,0.412838,-0.06,0.000028,0.352866,0,0.134374,18,19,0.002778,0.2,,F51073A5BDCFE9F3E5E8E2F412B68CBABA2EB481445F51963705517B4794B213
RAW_GRID_T100_S020_GATE90_DAVID_CONTRA,david_contra,RAW_GRID_T100_S020_GATE90_DAVID_CONTRA|AUDNZD|SHORT|21,AUDNZD,SHORT,target,2022-01-14T00:00:00.000Z,2022-01-14T00:06:00.000Z,2022-01-10T00:00:00.000Z,1,0,0,0.116679,0.356627,-0.06,0.000042,0.296668,-0.026926,0.116679,19,20,0.004167,0.2,,870E9F7D9CBAABF1D9F933CB66ADB45CCCFAA0B851E29FD06DC5C53C2C64AFDC
RAW_GRID_T100_S020_GATE90_DAVID_CONTRA,david_contra,RAW_GRID_T100_S020_GATE90_DAVID_CONTRA|AUDNZD|SHORT|22,AUDNZD,SHORT,target,2022-01-14T03:36:00.000Z,2022-01-14T05:54:00.000Z,2022-01-10T00:00:00.000Z,1,0,0,0.105453,0.322824,-0.06,0.000958,0.263783,-0.065067,0.105453,20,21,0.095833,0.2,,5BD74A370CE973AE12DC7DCC86831BE37012AB276FC32AA62B7031865601BD8F
RAW_GRID_T100_S020_GATE90_DAVID_CONTRA,david_contra,RAW_GRID_T100_S020_GATE90_DAVID_CONTRA|AUDNZD|SHORT|23,AUDNZD,SHORT,target,2022-01-14T06:30:00.000Z,2022-01-14T07:25:00.000Z,2022-01-10T00:00:00.000Z,1,0,0,0.123391,0.377404,-0.06,0.000382,0.317786,-0.053844,0.123391,21,22,0.038194,0.2,,113DA985A3A23CDB4071345E93C4083B9DC391A367191FD398969E71B41E1970
RAW_GRID_T100_S020_GATE90_DAVID_CONTRA,david_contra,RAW_GRID_T100_S020_GATE90_DAVID_CONTRA|AUDNZD|SHORT|24,AUDNZD,SHORT,target,2022-01-14T14:48:00.000Z,2022-01-14T15:46:00.000Z,2022-01-10T00:00:00.000Z,1,0,0,0.101011,0.306953,-0.06,0.000403,0.247355,-0.103257,0.101011,22,23,0.040278,0.2,,1E3AA447570BA6348A20E12C96183E1858F786996EF91D05F1654EBEA904C70B
RAW_GRID_T100_S020_GATE90_DAVID_CONTRA,david_contra,RAW_GRID_T100_S020_GATE90_DAVID_CONTRA|AUDUSD|LONG|1,AUDUSD,LONG,target,2022-01-10T13:19:00.000Z,2022-01-10T16:18:00.000Z,2022-01-10T00:00:00.000Z,3,2,0,0.289692,1.640005,-0.18,-0.021015,1.43899,-0.809998,0.289692,0,1,0.124306,0.2,,401A9699A226F4E91F105414D6F2E7946D5C8D64BFD3CB7E7F08B37792EF102D
RAW_GRID_T100_S020_GATE90_DAVID_CONTRA,david_contra,RAW_GRID_T100_S020_GATE90_DAVID_CONTRA|AUDUSD|LONG|2,AUDUSD,LONG,target,2022-01-11T06:42:00.000Z,2022-01-11T07:16:00.000Z,2022-01-10T00:00:00.000Z,1,0,0,0.091483,0.519997,-0.06,-0.002165,0.457832,-0.15306,0.091483,1,2,0.023611,0.2,,D54A71E8991018C14C179B0CC3AFC53C2E25068D47A8FC4DD52B176F2F11D26D
RAW_GRID_T100_S020_GATE90_DAVID_CONTRA,david_contra,RAW_GRID_T100_S020_GATE90_DAVID_CONTRA|AUDUSD|LONG|3,AUDUSD,LONG,target,2022-01-11T11:01:00.000Z,2022-01-11T15:06:00.000Z,2022-01-10T00:00:00.000Z,3,2,0,0.663075,3.759994,-0.18,-0.022097,3.557897,-0.605419,0.663075,2,3,0.170139,0.2,,3FFAE653DF79B9ADF6B7F8CD3D36E713928EFCA87760C8ACB53661BA4D1A39C9
RAW_GRID_T100_S020_GATE90_DAVID_CONTRA,david_contra,RAW_GRID_T100_S020_GATE90_DAVID_CONTRA|AUDUSD|SHORT|4,AUDUSD,SHORT,session_flatten,2022-01-11T18:51:00.000Z,2022-01-11T21:00:00.000Z,2022-01-10T00:00:00.000Z,1,0,0,0.014007,0.080002,-0.06,0.000896,0.020898,-0.036767,0.073535,0,,0.089583,0.2,,3EA76CB48A434C2E3EE7F3A454D66193998C860D23A98F14A6C5D8DE699825AA
RAW_GRID_T100_S020_GATE90_DAVID_CONTRA,david_contra,RAW_GRID_T100_S020_GATE90_DAVID_CONTRA|AUDUSD|SHORT|5,AUDUSD,SHORT,target,2022-01-11T23:06:00.000Z,2022-01-12T07:30:00.000Z,2022-01-10T00:00:00.000Z,2,1,0,0.265733,1.520002,-0.12,0.003826,1.403828,-0.203083,0.265733,0,1,0.35,0.2,,1CC03ADAAD6E3E11C5A3C3B0816304348ECB7FAEE9E9B4D01C35A67D7CF60FDC
RAW_GRID_T100_S020_GATE90_DAVID_CONTRA,david_contra,RAW_GRID_T100_S020_GATE90_DAVID_CONTRA|AUDUSD|SHORT|6,AUDUSD,SHORT,target,2022-01-12T13:20:00.000Z,2022-01-12T13:31:00.000Z,2022-01-10T00:00:00.000Z,1,0,0,0.122445,0.699999,-0.06,0.000076,0.640076,-0.024489,0.122445,1,2,0.007639,0.2,,54A2420E8651F2A7617CC00BF99F0E3724B5A7923AB8E772A990AC2329AC5639
RAW_GRID_T100_S020_GATE90_DAVID_CONTRA,david_contra,RAW_GRID_T100_S020_GATE90_DAVID_CONTRA|AUDUSD|SHORT|7,AUDUSD,SHORT,session_flatten,2022-01-12T13:32:00.000Z,2022-01-12T21:00:00.000Z,2022-01-10T00:00:00.000Z,7,6,0,-4.146885,-23.779967,-0.42,0.017604,-24.182363,-4.597634,0.085703,2,,0.311111,0.2,,B30CEAD606513E4FF4F8B44769B44BB64F1479264992EF8F5B68342EAC7EBF5B
RAW_GRID_T100_S020_GATE90_DAVID_CONTRA,david_contra,RAW_GRID_T100_S020_GATE90_DAVID_CONTRA|AUDUSD|SHORT|8,AUDUSD,SHORT,target,2022-01-12T23:05:00.000Z,2022-01-13T00:25:00.000Z,2022-01-10T00:00:00.000Z,1,0,0,0.081468,0.470003,-0.06,0.000556,0.410558,-0.065866,0.081468,2,3,0.055556,0.2,,22D56063C0F36723C6264127E2637B8DEC952A8C800B3CAF05C58F9972367060
RAW_GRID_T100_S020_GATE90_DAVID_CONTRA,david_contra,RAW_GRID_T100_S020_GATE90_DAVID_CONTRA|AUDUSD|SHORT|9,AUDUSD,SHORT,target,2022-01-13T02:50:00.000Z,2022-01-13T03:13:00.000Z,2022-01-10T00:00:00.000Z,1,0,0,0.103958,0.599999,-0.06,0.00016,0.540159,-0.019059,0.103958,3,4,0.015972,0.2,,12328BAD85FDE10F5524976DBE44F093DA79647980601589F1AD060BBFAA7F04
RAW_GRID_T100_S020_GATE90_DAVID_CONTRA,david_contra,RAW_GRID_T100_S020_GATE90_DAVID_CONTRA|AUDUSD|SHORT|10,AUDUSD,SHORT,target,2022-01-13T03:54:00.000Z,2022-01-13T05:58:00.000Z,2022-01-10T00:00:00.000Z,1,0,0,0.097016,0.560004,-0.06,0.000861,0.500865,-0.083155,0.097016,4,5,0.086111,0.2,,981C2DE6789DE5DC147345E6EA4FCD007BF6FC80692299B18AA7E08D89DE0D74
RAW_GRID_T100_S020_GATE90_DAVID_CONTRA,david_contra,RAW_GRID_T100_S020_GATE90_DAVID_CONTRA|AUDUSD|SHORT|11,AUDUSD,SHORT,target,2022-01-13T07:10:00.000Z,2022-01-13T12:00:00.000Z,2022-01-10T00:00:00.000Z,3,2,0,0.033926,0.200005,-0.18,0.005354,0.02536,-0.676805,0.085804,5,6,0.201389,0.2,,33593206B227718C181190A0915BE32C9E309293D6123680662205DBB7DFAAFC
RAW_GRID_T100_S020_GATE90_DAVID_CONTRA,david_contra,RAW_GRID_T100_S020_GATE90_DAVID_CONTRA|AUDUSD|SHORT|12,AUDUSD,SHORT,target,2022-01-13T13:49:00.000Z,2022-01-13T15:02:00.000Z,2022-01-10T00:00:00.000Z,1,0,0,0.093294,0.54,-0.06,0.000507,0.480507,-0.086384,0.093294,6,7,0.050694,0.2,,74DD29A48A2151FFF4875D3B1C23E54306292876EB9BD18398E9A3D59FCAFA29
RAW_GRID_T100_S020_GATE90_DAVID_CONTRA,david_contra,RAW_GRID_T100_S020_GATE90_DAVID_CONTRA|AUDUSD|SHORT|13,AUDUSD,SHORT,target,2022-01-14T04:24:00.000Z,2022-01-14T07:22:00.000Z,2022-01-10T00:00:00.000Z,1,0,0,0.072807,0.420003,-0.06,0.001236,0.361239,-0.164681,0.102276,7,8,0.123611,0.2,,FA694EC642A1A8B0901A2298CAA24A875C0B164C064E2025E1058A481833A20A
RAW_GRID_T100_S020_GATE90_DAVID_CONTRA,david_contra,RAW_GRID_T100_S020_GATE90_DAVID_CONTRA|AUDUSD|SHORT|14,AUDUSD,SHORT,target,2022-01-14T07:52:00.000Z,2022-01-14T08:55:00.000Z,2022-01-10T00:00:00.000Z,1,0,0,0.07452,0.429996,-0.06,0.000438,0.370434,-0.147309,0.086652,8,9,0.04375,0.2,,3928C74C401455FA9C05F5A8F0897A25A7AB350CA8263D8470E2B749D304581E
RAW_GRID_T100_S020_GATE90_DAVID_CONTRA,david_contra,RAW_GRID_T100_S020_GATE90_DAVID_CONTRA|AUDUSD|LONG|15,AUDUSD,LONG,target,2022-01-14T12:45:00.000Z,2022-01-14T14:58:00.000Z,2022-01-10T00:00:00.000Z,2,1,0,0.270389,1.549992,-0.12,-0.013882,1.41611,-0.395418,0.270389,3,4,0.092361,0.2,,B1469F17F4140DA735695144B79B34AA7C738C6DE48B2EA81546E971497B2356
RAW_GRID_T100_S020_GATE90_DAVID_CONTRA,david_contra,RAW_GRID_T100_S020_GATE90_DAVID_CONTRA|AUDUSD|LONG|16,AUDUSD,LONG,target,2022-01-14T15:02:00.000Z,2022-01-14T15:11:00.000Z,2022-01-10T00:00:00.000Z,1,0,0,0.109849,0.630002,-0.06,-0.000573,0.569428,-0.099388,0.109849,4,5,0.00625,0.2,,33CAE9219910CECC4248B34DEB88CE7D6066D0F11C8DDFD3B1124483D628146A
RAW_GRID_T100_S020_GATE90_DAVID_CONTRA,david_contra,RAW_GRID_T100_S020_GATE90_DAVID_CONTRA|CADCHF|SHORT|1,CADCHF,SHORT,target,2022-01-10T10:43:00.000Z,2022-01-10T11:42:00.000Z,2022-01-10T00:00:00.000Z,1,0,0,0.212146,1.042077,-0.06,0.00041,0.982487,-0.026518,0.212146,0,1,0.040972,0.2,,AC481B6318B505A3CE10F1D0CBD584DE0415EE1848B79E8F43764748A8A98037
RAW_GRID_T100_S020_GATE90_DAVID_CONTRA,david_contra,RAW_GRID_T100_S020_GATE90_DAVID_CONTRA|CADCHF|SHORT|2,CADCHF,SHORT,target,2022-01-10T11:49:00.000Z,2022-01-10T12:12:00.000Z,2022-01-10T00:00:00.000Z,1,0,0,0.079604,0.390437,-0.06,0.00016,0.330597,-0.061915,0.079604,1,2,0.015972,0.2,,A0039D8EA3F8E16ED7F06B4D4999029411280CD4A39833ADA5C3A7B419588576
RAW_GRID_T100_S020_GATE90_DAVID_CONTRA,david_contra,RAW_GRID_T100_S020_GATE90_DAVID_CONTRA|CADCHF|SHORT|3,CADCHF,SHORT,target,2022-01-10T13:35:00.000Z,2022-01-10T15:03:00.000Z,2022-01-10T00:00:00.000Z,2,1,0,0.249528,1.21991,-0.12,0.001028,1.100938,-0.430989,0.249528,2,3,0.061111,0.2,,9FD9A5548F6195A2739D891B6447843E73293D03DC68E16789C8EB2203672D4E
RAW_GRID_T100_S020_GATE90_DAVID_CONTRA,david_contra,RAW_GRID_T100_S020_GATE90_DAVID_CONTRA|CADCHF|SHORT|4,CADCHF,SHORT,target,2022-01-10T15:08:00.000Z,2022-01-10T15:11:00.000Z,2022-01-10T00:00:00.000Z,1,0,0,0.141352,0.690978,-0.06,0.000021,0.630999,-0.017669,0.141352,3,4,0.002083,0.2,,BD254E641E9A9EBE1B8C068CF226A5936BE11AA6AC2A7F34CED3F24CD08304E1
RAW_GRID_T100_S020_GATE90_DAVID_CONTRA,david_contra,RAW_GRID_T100_S020_GATE90_DAVID_CONTRA|CADCHF|SHORT|5,CADCHF,SHORT,session_flatten,2022-01-10T18:19:00.000Z,2022-01-10T21:00:00.000Z,2022-01-10T00:00:00.000Z,2,1,0,-0.311563,-1.520841,-0.12,0.002007,-1.638834,-0.382231,0.059439,4,,0.111806,0.2,,F289E052B3A6B7674D512FC9F7F58458998A0B1CC274AA5FBBFA4759D41E4D2B
RAW_GRID_T100_S020_GATE90_DAVID_CONTRA,david_contra,RAW_GRID_T100_S020_GATE90_DAVID_CONTRA|CADCHF|SHORT|6,CADCHF,SHORT,target,2022-01-10T23:05:00.000Z,2022-01-11T06:52:00.000Z,2022-01-10T00:00:00.000Z,2,1,0,0.286446,1.403113,-0.12,0.004639,1.287752,-0.202933,0.286446,4,5,0.324306,0.2,,BDCEC2EF0250FE1020FC4DD773271D609558C5C39DD6DEC562A5634F497B9692
RAW_GRID_T100_S020_GATE90_DAVID_CONTRA,david_contra,RAW_GRID_T100_S020_GATE90_DAVID_CONTRA|CADCHF|SHORT|7,CADCHF,SHORT,target,2022-01-11T07:29:00.000Z,2022-01-11T07:48:00.000Z,2022-01-10T00:00:00.000Z,1,0,0,0.096991,0.475336,-0.06,0.000132,0.415468,-0.022043,0.096991,5,6,0.013194,0.2,,14F150BB8CFF5647918FB6EAD7E1951971DC7647A7537E2457D27112BD28CCFF
RAW_GRID_T100_S020_GATE90_DAVID_CONTRA,david_contra,RAW_GRID_T100_S020_GATE90_DAVID_CONTRA|CADCHF|SHORT|8,CADCHF,SHORT,target,2022-01-11T08:05:00.000Z,2022-01-11T08:07:00.000Z,2022-01-10T00:00:00.000Z,1,0,0,0.092579,0.453976,-0.06,0.000014,0.39399,0,0.092579,6,7,0.001389,0.2,,795171A76D31645B1C87B27BBA4766A6C584EBF4E985427C7F2A62EBCA0A01B9
RAW_GRID_T100_S020_GATE90_DAVID_CONTRA,david_contra,RAW_GRID_T100_S020_GATE90_DAVID_CONTRA|CADCHF|SHORT|9,CADCHF,SHORT,target,2022-01-11T08:18:00.000Z,2022-01-11T08:35:00.000Z,2022-01-10T00:00:00.000Z,1,0,0,0.167503,0.821249,-0.06,0.000118,0.761367,-0.101384,0.167503,7,8,0.011806,0.2,,4D4A6EEE4A14813F297F9CBD31FA1ECF9F4DC80E696F679C40CF818BDA1AF860
RAW_GRID_T100_S020_GATE90_DAVID_CONTRA,david_contra,RAW_GRID_T100_S020_GATE90_DAVID_CONTRA|CADCHF|SHORT|10,CADCHF,SHORT,target,2022-01-11T09:34:00.000Z,2022-01-11T13:17:00.000Z,2022-01-10T00:00:00.000Z,2,1,0,0.114393,0.56147,-0.12,0.001931,0.4434,-0.233571,0.114393,8,9,0.154861,0.2,,625821B61559821BEC759FE5AF8E74D062747DD29842FB4C922EDA05EDCC6237
RAW_GRID_T100_S020_GATE90_DAVID_CONTRA,david_contra,RAW_GRID_T100_S020_GATE90_DAVID_CONTRA|CADCHF|SHORT|11,CADCHF,SHORT,target,2022-01-11T13:25:00.000Z,2022-01-11T13:52:00.000Z,2022-01-10T00:00:00.000Z,1,0,0,0.118882,0.582497,-0.06,0.000188,0.522685,-0.103472,0.118882,9,10,0.01875,0.2,,58A94BBE03AAE69E4B4EDCAC81F068DBDE6F1FFF1F9707F4F13D5F07E4CA17CA
RAW_GRID_T100_S020_GATE90_DAVID_CONTRA,david_contra,RAW_GRID_T100_S020_GATE90_DAVID_CONTRA|CADCHF|SHORT|12,CADCHF,SHORT,target,2022-01-11T14:03:00.000Z,2022-01-11T14:24:00.000Z,2022-01-10T00:00:00.000Z,1,0,0,0.121033,0.593212,-0.06,0.000146,0.533358,0,0.121033,10,11,0.014583,0.2,,1A7C5193D66A526A33996519EC506D6E8EEBDFC07A856107B792D5CA1BCB7A0E
RAW_GRID_T100_S020_GATE90_DAVID_CONTRA,david_contra,RAW_GRID_T100_S020_GATE90_DAVID_CONTRA|CADCHF|SHORT|13,CADCHF,SHORT,target,2022-01-11T15:01:00.000Z,2022-01-11T15:32:00.000Z,2022-01-10T00:00:00.000Z,1,0,0,0.105627,0.518528,-0.06,0.000215,0.458743,-0.03961,0.105627,11,12,0.021528,0.2,,55F18001CCC18434E1490BA44F03C1967BC2C451259C7CA1831086E358CBF43B
RAW_GRID_T100_S020_GATE90_DAVID_CONTRA,david_contra,RAW_GRID_T100_S020_GATE90_DAVID_CONTRA|CADCHF|SHORT|14,CADCHF,SHORT,target,2022-01-11T15:34:00.000Z,2022-01-11T15:47:00.000Z,2022-01-10T00:00:00.000Z,1,0,0,0.14739,0.723949,-0.06,0.00009,0.664039,0,0.14739,12,13,0.009028,0.2,,AC72ACFE4DBE22A5DA53D497D2FBE6193546FFED692A02708593981BFEF7E5D6
RAW_GRID_T100_S020_GATE90_DAVID_CONTRA,david_contra,RAW_GRID_T100_S020_GATE90_DAVID_CONTRA|CADCHF|SHORT|15,CADCHF,SHORT,session_flatten,2022-01-11T17:06:00.000Z,2022-01-11T21:00:00.000Z,2022-01-10T00:00:00.000Z,2,1,0,-0.215617,-1.060925,-0.12,0.003146,-1.177779,-0.536655,0.048406,13,,0.1625,0.2,,5506A73AB9B0A28F13A4A29861A18C6441467C5973F9858789DCDAD3AF6AE064
RAW_GRID_T100_S020_GATE90_DAVID_CONTRA,david_contra,RAW_GRID_T100_S020_GATE90_DAVID_CONTRA|CADCHF|SHORT|16,CADCHF,SHORT,target,2022-01-11T23:05:00.000Z,2022-01-12T00:03:00.000Z,2022-01-10T00:00:00.000Z,1,0,0,0.112038,0.552295,-0.06,0.000403,0.492697,-0.004394,0.112038,13,14,0.040278,0.2,,14B18F791369AA9D7148F28D424DC1A6FEEC715955482F2C9E1743826D074004
RAW_GRID_T100_S020_GATE90_DAVID_CONTRA,david_contra,RAW_GRID_T100_S020_GATE90_DAVID_CONTRA|CADCHF|SHORT|17,CADCHF,SHORT,target,2022-01-12T00:38:00.000Z,2022-01-12T07:56:00.000Z,2022-01-10T00:00:00.000Z,2,1,0,0.135982,0.670863,-0.12,0.005326,0.55619,-0.360154,0.135982,14,15,0.304167,0.2,,9DDD57DB14BA378FBE08E45BB926FFFC725EA441724F16F4DAB8BBBD01F7CA69
RAW_GRID_T100_S020_GATE90_DAVID_CONTRA,david_contra,RAW_GRID_T100_S020_GATE90_DAVID_CONTRA|CADCHF|SHORT|18,CADCHF,SHORT,target,2022-01-12T08:04:00.000Z,2022-01-12T08:38:00.000Z,2022-01-10T00:00:00.000Z,1,0,0,0.085576,0.422112,-0.06,0.000236,0.362348,-0.105326,0.085576,15,16,0.023611,0.2,,2EFA88E66C4912FFFD737B1FB2C47D6A9EF23E63EA7AC35FE4ABDBEBBA0F68F7
RAW_GRID_T100_S020_GATE90_DAVID_CONTRA,david_contra,RAW_GRID_T100_S020_GATE90_DAVID_CONTRA|CADCHF|SHORT|19,CADCHF,SHORT,target,2022-01-12T09:04:00.000Z,2022-01-12T09:19:00.000Z,2022-01-10T00:00:00.000Z,1,0,0,0.11186,0.552175,-0.06,0.000104,0.492279,-0.061413,0.11186,16,17,0.010417,0.2,,8FFBC9E0FF049D850E7384045C976BD69202630B4CC6E3DC8F884E2EE4D80281
RAW_GRID_T100_S020_GATE90_DAVID_CONTRA,david_contra,RAW_GRID_T100_S020_GATE90_DAVID_CONTRA|CADCHF|SHORT|20,CADCHF,SHORT,target,2022-01-12T09:22:00.000Z,2022-01-12T10:12:00.000Z,2022-01-10T00:00:00.000Z,1,0,0,0.10746,0.530925,-0.06,0.000347,0.471272,-0.041668,0.10746,17,18,0.034722,0.2,,E5FF98E1763F552624EC586307E2D1FBF7BD6ED853AF27BA75DEA67A42D50B5E
RAW_GRID_T100_S020_GATE90_DAVID_CONTRA,david_contra,RAW_GRID_T100_S020_GATE90_DAVID_CONTRA|CADCHF|SHORT|21,CADCHF,SHORT,target,2022-01-12T10:25:00.000Z,2022-01-12T12:08:00.000Z,2022-01-10T00:00:00.000Z,2,1,0,0.29353,1.451353,-0.12,0.001167,1.33252,-0.228056,0.29353,18,19,0.071528,0.2,,6DD47E0199A1F9594843C7552758A70863930D0B114BB83CBACBB05CB1459D2D
RAW_GRID_T100_S020_GATE90_DAVID_CONTRA,david_contra,RAW_GRID_T100_S020_GATE90_DAVID_CONTRA|CADCHF|SHORT|22,CADCHF,SHORT,target,2022-01-12T13:31:00.000Z,2022-01-12T13:31:00.000Z,2022-01-10T00:00:00.000Z,1,0,0,0.109619,0.541712,-0.06,0,0.481712,0,0.109619,19,20,0,0.2,,23FE18DEB87BECFE342A3051C6DDACE836CE1059D22033B880FAEF4621126B8B
RAW_GRID_T100_S020_GATE90_DAVID_CONTRA,david_contra,RAW_GRID_T100_S020_GATE90_DAVID_CONTRA|CADCHF|SHORT|23,CADCHF,SHORT,target,2022-01-12T13:32:00.000Z,2022-01-12T13:35:00.000Z,2022-01-10T00:00:00.000Z,1,0,0,0.170975,0.846004,-0.06,0.000021,0.786025,-0.006577,0.170975,20,21,0.002083,0.2,,050B91DB5AD120B6DFD57614EFDF89D1168EB314A70FDBD7DB014519E89633DA
RAW_GRID_T100_S020_GATE90_DAVID_CONTRA,david_contra,RAW_GRID_T100_S020_GATE90_DAVID_CONTRA|CADCHF|LONG|24,CADCHF,LONG,target,2022-01-12T15:38:00.000Z,2022-01-12T19:30:00.000Z,2022-01-10T00:00:00.000Z,3,2,0,0.177154,0.875439,-0.18,-0.034324,0.661115,-0.61111,0.177154,0,1,0.161111,0.2,,30A681EDF96E0EE2920C17003DE4C267431B2ABF49B3FC7D10FBF816030EB5C9
RAW_GRID_T100_S020_GATE90_DAVID_CONTRA,david_contra,RAW_GRID_T100_S020_GATE90_DAVID_CONTRA|CADCHF|LONG|25,CADCHF,LONG,target,2022-01-12T19:42:00.000Z,2022-01-12T20:16:00.000Z,2022-01-10T00:00:00.000Z,1,0,0,0.083938,0.415798,-0.06,-0.002165,0.353633,-0.03976,0.083938,1,2,0.023611,0.2,,D61902AB8A4D6FA01461872ABE63A30663191FBC1FF6584C75EF560BCE6534B2
RAW_GRID_T100_S020_GATE90_DAVID_CONTRA,david_contra,RAW_GRID_T100_S020_GATE90_DAVID_CONTRA|CADCHF|LONG|26,CADCHF,LONG,target,2022-01-13T07:43:00.000Z,2022-01-13T08:15:00.000Z,2022-01-10T00:00:00.000Z,1,0,0,0.121484,0.602949,-0.06,-0.002038,0.540911,-0.061847,0.121484,2,3,0.022222,0.2,,7D9575ADF564991BA0BE1BB0ACAD1D88991E449B16143D28916C6181A5506B4F
RAW_GRID_T100_S020_GATE90_DAVID_CONTRA,david_contra,RAW_GRID_T100_S020_GATE90_DAVID_CONTRA|CADCHF|LONG|27,CADCHF,LONG,target,2022-01-13T09:29:00.000Z,2022-01-13T09:32:00.000Z,2022-01-10T00:00:00.000Z,1,0,0,0.110395,0.547418,-0.06,-0.000191,0.487227,-0.026494,0.110395,3,4,0.002083,0.2,,300D88F8994BAF09052092EB9EBC3256FA61F3C816F9608534C6A16CD91D82AB
RAW_GRID_T100_S020_GATE90_DAVID_CONTRA,david_contra,RAW_GRID_T100_S020_GATE90_DAVID_CONTRA|CADCHF|LONG|28,CADCHF,LONG,target,2022-01-13T09:38:00.000Z,2022-01-13T10:39:00.000Z,2022-01-10T00:00:00.000Z,1,0,0,0.108201,0.53677,-0.06,-0.003885,0.472885,-0.055205,0.108201,4,5,0.042361,0.2,,988921D7DFD1B0FD98641B7F396F5E505416689E47E59547C95A07B8163954DA
RAW_GRID_T100_S020_GATE90_DAVID_CONTRA,david_contra,RAW_GRID_T100_S020_GATE90_DAVID_CONTRA|CADCHF|LONG|29,CADCHF,LONG,target,2022-01-13T11:17:00.000Z,2022-01-13T11:45:00.000Z,2022-01-10T00:00:00.000Z,1,0,0,0.108207,0.5371,-0.06,-0.001783,0.475317,-0.039751,0.108207,5,6,0.019444,0.2,,FBED29F3DAD3F7FA8658E906970AEE9B0D04AB044D039E1D3930D89866419AC7
RAW_GRID_T100_S020_GATE90_DAVID_CONTRA,david_contra,RAW_GRID_T100_S020_GATE90_DAVID_CONTRA|CADCHF|LONG|30,CADCHF,LONG,target,2022-01-13T12:03:00.000Z,2022-01-13T13:17:00.000Z,2022-01-10T00:00:00.000Z,1,0,0,0.081719,0.405749,-0.06,-0.004712,0.341037,-0.130307,0.081719,6,7,0.051389,0.2,,9B2D2C81F7727FEE2A79FB2C26CF73D950B4D4CAF45022DF6A1CD06A7A2C7D26
RAW_GRID_T100_S020_GATE90_DAVID_CONTRA,david_contra,RAW_GRID_T100_S020_GATE90_DAVID_CONTRA|CADCHF|LONG|31,CADCHF,LONG,target,2022-01-13T14:01:00.000Z,2022-01-13T14:07:00.000Z,2022-01-10T00:00:00.000Z,1,0,0,0.114883,0.571001,-0.06,-0.000382,0.510619,-0.004418,0.114883,7,8,0.004167,0.2,,E5ED1BB1871E0FC2BA731DC3D5BC1F2D5D0C299934556EDEE11CD230AB84E659
RAW_GRID_T100_S020_GATE90_DAVID_CONTRA,david_contra,RAW_GRID_T100_S020_GATE90_DAVID_CONTRA|CADCHF|LONG|32,CADCHF,LONG,target,2022-01-13T14:10:00.000Z,2022-01-13T16:52:00.000Z,2022-01-10T00:00:00.000Z,3,2,0,0.038122,0.186782,-0.18,-0.019868,-0.013086,-0.652177,0.081757,8,9,0.1125,0.2,,56A6E3830757BED848A1155D4AD29EB3F8FC121B2EEA75FEDAF103C3D15A3C64
RAW_GRID_T100_S020_GATE90_DAVID_CONTRA,david_contra,RAW_GRID_T100_S020_GATE90_DAVID_CONTRA|CADCHF|LONG|33,CADCHF,LONG,target,2022-01-13T17:14:00.000Z,2022-01-13T17:40:00.000Z,2022-01-10T00:00:00.000Z,1,0,0,0.090789,0.450253,-0.06,-0.001656,0.388598,-0.121789,0.090789,9,10,0.018056,0.2,,78AD99478E9C92F6E27E497F458BE91498C112FB9DF30F6881ABAAD60F0DC3C6
RAW_GRID_T100_S020_GATE90_DAVID_CONTRA,david_contra,RAW_GRID_T100_S020_GATE90_DAVID_CONTRA|CADCHF|LONG|34,CADCHF,LONG,target,2022-01-13T17:54:00.000Z,2022-01-13T18:39:00.000Z,2022-01-10T00:00:00.000Z,1,0,0,0.117388,0.581871,-0.06,-0.002866,0.519006,-0.011074,0.117388,10,11,0.03125,0.2,,C02E03991CC573EF18125C2BCB56E23ABA5C03AC13E81DF78453F38D33FC3AE2
RAW_GRID_T100_S020_GATE90_DAVID_CONTRA,david_contra,RAW_GRID_T100_S020_GATE90_DAVID_CONTRA|CADCHF|LONG|35,CADCHF,LONG,session_flatten,2022-01-13T20:21:00.000Z,2022-01-13T21:00:00.000Z,2022-01-10T00:00:00.000Z,1,0,0,-0.108547,-0.537624,-0.06,-0.002484,-0.600107,-0.128484,0.013291,11,,0.027083,0.2,,7CB2799515F38C85E760ABF3C6ED9A51D5799686E2CFA7FDA354290AFBED88BB
RAW_GRID_T100_S020_GATE90_DAVID_CONTRA,david_contra,RAW_GRID_T100_S020_GATE90_DAVID_CONTRA|CADCHF|LONG|36,CADCHF,LONG,target,2022-01-13T23:23:00.000Z,2022-01-14T04:02:00.000Z,2022-01-10T00:00:00.000Z,2,1,0,0.119892,0.540003,-0.12,-0.026427,0.393575,-0.203912,0.128763,11,12,0.19375,0.2,,30B35E5E8A23FC58470D8C009EB53DEEEA0F377E35336473C823F6B25D832E2E
RAW_GRID_T100_S020_GATE90_DAVID_CONTRA,david_contra,RAW_GRID_T100_S020_GATE90_DAVID_CONTRA|CADCHF|LONG|37,CADCHF,LONG,target,2022-01-14T12:09:00.000Z,2022-01-14T14:37:00.000Z,2022-01-10T00:00:00.000Z,3,2,0,0.166732,0.822915,-0.18,-0.019996,0.622919,-0.817335,0.166732,12,13,0.102778,0.2,,1E971F16122A09DF6F6B1077947E54B737FC5E5079EB877E8972BBBADA205227
RAW_GRID_T100_S020_GATE90_DAVID_CONTRA,david_contra,RAW_GRID_T100_S020_GATE90_DAVID_CONTRA|CADCHF|LONG|38,CADCHF,LONG,target,2022-01-14T14:51:00.000Z,2022-01-14T14:59:00.000Z,2022-01-10T00:00:00.000Z,1,0,0,0.206329,1.020789,-0.06,-0.000509,0.96028,-0.035498,0.206329,13,14,0.005556,0.2,,A2F09FE52E8ED013F3C24874971E4902D264D93FD0E429143D2DEC8195BBFA13
RAW_GRID_T100_S020_GATE90_DAVID_CONTRA,david_contra,RAW_GRID_T100_S020_GATE90_DAVID_CONTRA|CADJPY|LONG|1,CADJPY,LONG,target,2022-01-10T15:01:00.000Z,2022-01-10T18:52:00.000Z,2022-01-10T00:00:00.000Z,3,2,0,0.214997,1.449612,-0.18,-0.031713,1.237899,-0.685855,0.214997,0,1,0.160417,0.2,,724A109E3F535C523C31F91DB8A78295D679D2601E04964DC93B6D5EC415B88C
RAW_GRID_T100_S020_GATE90_DAVID_CONTRA,david_contra,RAW_GRID_T100_S020_GATE90_DAVID_CONTRA|CADJPY|LONG|2,CADJPY,LONG,target,2022-01-11T14:44:00.000Z,2022-01-11T14:46:00.000Z,2022-01-10T00:00:00.000Z,1,0,0,0.113659,0.770048,-0.06,-0.000127,0.70992,0,0.113659,1,2,0.001389,0.2,,9634296022F550348EEE61008DD5F2EADBFDC2BFE033086FD4A442F1B925CE7B
RAW_GRID_T100_S020_GATE90_DAVID_CONTRA,david_contra,RAW_GRID_T100_S020_GATE90_DAVID_CONTRA|CADJPY|SHORT|3,CADJPY,SHORT,session_flatten,2022-01-11T18:42:00.000Z,2022-01-11T21:00:00.000Z,2022-01-10T00:00:00.000Z,1,0,0,0.144743,0.9888,-0.06,0.000958,0.929758,-0.029203,0.170136,0,,0.095833,0.2,,27F31CF7F0E6E7421D65888CF6C961B3DDED8546110E9D1EC0014E8D615F08F9
RAW_GRID_T100_S020_GATE90_DAVID_CONTRA,david_contra,RAW_GRID_T100_S020_GATE90_DAVID_CONTRA|CADJPY|SHORT|4,CADJPY,SHORT,target,2022-01-11T23:05:00.000Z,2022-01-12T07:13:00.000Z,2022-01-10T00:00:00.000Z,2,1,0,0.188837,1.292174,-0.12,0.005396,1.177569,-0.303571,0.188837,0,1,0.338889,0.2,,21E044BA59F5FE1EB2F7027AF720688A43CBAC29D5BA85C2A152DCD0C3180A94
RAW_GRID_T100_S020_GATE90_DAVID_CONTRA,david_contra,RAW_GRID_T100_S020_GATE90_DAVID_CONTRA|CADJPY|SHORT|5,CADJPY,SHORT,target,2022-01-12T08:06:00.000Z,2022-01-12T13:52:00.000Z,2022-01-10T00:00:00.000Z,3,2,0,0.304477,2.092338,-0.18,0.003806,1.916143,-0.595875,0.304477,1,2,0.240278,0.2,,A2146F5A48D6CEE6C846F3B92A4418ED28178EDC28CDDDB0AAFC714EAC71A914
RAW_GRID_T100_S020_GATE90_DAVID_CONTRA,david_contra,RAW_GRID_T100_S020_GATE90_DAVID_CONTRA|CADJPY|SHORT|6,CADJPY,SHORT,target,2022-01-12T13:56:00.000Z,2022-01-12T14:19:00.000Z,2022-01-10T00:00:00.000Z,1,0,0,0.102563,0.702771,-0.06,0.00016,0.642931,-0.043052,0.102563,2,3,0.015972,0.2,,51A9EBF66714739455A05287A9F06D343730EB79D29146A29BAE6A7D2BBFCD9A
RAW_GRID_T100_S020_GATE90_DAVID_CONTRA,david_contra,RAW_GRID_T100_S020_GATE90_DAVID_CONTRA|CADJPY|SHORT|7,CADJPY,SHORT,target,2022-01-13T02:51:00.000Z,2022-01-13T03:11:00.000Z,2022-01-10T00:00:00.000Z,1,0,0,0.114327,0.785501,-0.06,0.000139,0.72564,-0.002541,0.114327,3,4,0.013889,0.2,,28630916CAAE3C1E31B7B1764C45F9CCB995BB2197EC8CE074B1A97040BEE6D1
RAW_GRID_T100_S020_GATE90_DAVID_CONTRA,david_contra,RAW_GRID_T100_S020_GATE90_DAVID_CONTRA|CADJPY|SHORT|8,CADJPY,SHORT,target,2022-01-13T06:34:00.000Z,2022-01-13T07:13:00.000Z,2022-01-10T00:00:00.000Z,1,0,0,0.0991,0.680639,-0.06,0.000271,0.62091,-0.008894,0.0991,4,5,0.027083,0.2,,124B0E9E910509EDB26D15A23B85838032BE05C6114F8C5FA4C2029DCB611766
RAW_GRID_T100_S020_GATE90_DAVID_CONTRA,david_contra,RAW_GRID_T100_S020_GATE90_DAVID_CONTRA|CADJPY|SHORT|9,CADJPY,SHORT,target,2022-01-13T08:17:00.000Z,2022-01-13T08:38:00.000Z,2022-01-10T00:00:00.000Z,1,0,0,0.13717,0.943943,-0.06,0.000146,0.884088,-0.050803,0.13717,5,6,0.014583,0.2,,2602767C04439C9CAA8E43050478E4348D9D8CB4EA189DEA0CB96214BD6E2223
RAW_GRID_T100_S020_GATE90_DAVID_CONTRA,david_contra,RAW_GRID_T100_S020_GATE90_DAVID_CONTRA|CADJPY|SHORT|10,CADJPY,SHORT,target,2022-01-13T08:48:00.000Z,2022-01-13T12:17:00.000Z,2022-01-10T00:00:00.000Z,1,0,0,0.101605,0.698881,-0.06,0.001451,0.640332,-0.043181,0.101605,6,7,0.145139,0.2,,DF1AD701FC7DF8DDDCE716BC9B5214A618E961ADB527D7B435D2C90055EA0433
RAW_GRID_T100_S020_GATE90_DAVID_CONTRA,david_contra,RAW_GRID_T100_S020_GATE90_DAVID_CONTRA|CADJPY|SHORT|11,CADJPY,SHORT,target,2022-01-13T14:58:00.000Z,2022-01-13T15:05:00.000Z,2022-01-10T00:00:00.000Z,1,0,0,0.121894,0.839827,-0.06,0.000049,0.779876,-0.005079,0.121894,7,8,0.004861,0.2,,208EE16951C8725246538C00E197EEDB54CDAECA163DFCD06C4FC5B72FE64F26
RAW_GRID_T100_S020_GATE90_DAVID_CONTRA,david_contra,RAW_GRID_T100_S020_GATE90_DAVID_CONTRA|CADJPY|LONG|12,CADJPY,LONG,target,2022-01-14T01:02:00.000Z,2022-01-14T04:11:00.000Z,2022-01-10T00:00:00.000Z,2,1,0,0.305251,2.091531,-0.12,-0.013882,1.957649,-0.24334,0.305251,2,3,0.13125,0.2,,E34A0FC910B13EFF7DE090560C505338547A46B3C615E448CBDD86DE477FAF65
RAW_GRID_T100_S020_GATE90_DAVID_CONTRA,david_contra,RAW_GRID_T100_S020_GATE90_DAVID_CONTRA|CADJPY|LONG|13,CADJPY,LONG,target,2022-01-14T05:07:00.000Z,2022-01-14T05:38:00.000Z,2022-01-10T00:00:00.000Z,1,0,0,0.108937,0.747416,-0.06,-0.001974,0.685442,-0.017942,0.108937,3,4,0.021528,0.2,,155E2C0E49B3F5AB2C7F6B7F3ED9892D375A5D971027F21D17CA57A40305611F
RAW_GRID_T100_S020_GATE90_DAVID_CONTRA,david_contra,RAW_GRID_T100_S020_GATE90_DAVID_CONTRA|CADJPY|LONG|14,CADJPY,LONG,target,2022-01-14T12:09:00.000Z,2022-01-14T14:39:00.000Z,2022-01-10T00:00:00.000Z,4,3,0,0.788432,5.390987,-0.24,-0.024708,5.126279,-1.403229,0.788432,4,5,0.104167,0.2,,585D0BEE7678BC59C7F5B8A98FB3C5F922E1F08068BA7CD8AFEBFDABCFB137FD
RAW_GRID_T100_S020_GATE90_DAVID_CONTRA,david_contra,RAW_GRID_T100_S020_GATE90_DAVID_CONTRA|CADJPY|LONG|15,CADJPY,LONG,target,2022-01-14T14:50:00.000Z,2022-01-14T14:59:00.000Z,2022-01-10T00:00:00.000Z,1,0,0,0.139924,0.958815,-0.06,-0.000573,0.898242,-0.065468,0.139924,5,6,0.00625,0.2,,81C8F5708217DDB0703C202657A0C68419B13507ADF738267552486F3E9893CC
RAW_GRID_T100_S020_GATE90_DAVID_CONTRA,david_contra,RAW_GRID_T100_S020_GATE90_DAVID_CONTRA|CADJPY|LONG|16,CADJPY,LONG,target,2022-01-14T15:27:00.000Z,2022-01-14T15:30:00.000Z,2022-01-10T00:00:00.000Z,1,0,0,0.142523,0.975347,-0.06,-0.000191,0.915156,0,0.142523,6,7,0.002083,0.2,,27FD43D9226736AD8B6167CB71C319B09BEB2EDF4DC01A28C56888D93EE7349F
RAW_GRID_T100_S020_GATE90_DAVID_CONTRA,david_contra,RAW_GRID_T100_S020_GATE90_DAVID_CONTRA|CHFJPY|LONG|1,CHFJPY,LONG,session_flatten,2022-01-10T15:53:00.000Z,2022-01-10T21:00:00.000Z,2022-01-10T00:00:00.000Z,2,1,0,-0.177519,-1.5013,-0.12,-0.038527,-1.659827,-0.315143,0.260002,0,,0.213194,0.2,,2D28523EB492716A2E4B99DD5D03B53A8812F5529B3544C40C2A02D1AD81E2D4
RAW_GRID_T100_S020_GATE90_DAVID_CONTRA,david_contra,RAW_GRID_T100_S020_GATE90_DAVID_CONTRA|CHFJPY|LONG|2,CHFJPY,LONG,target,2022-01-10T23:05:00.000Z,2022-01-11T00:54:00.000Z,2022-01-10T00:00:00.000Z,1,0,0,0.168573,1.422503,-0.06,-0.006941,1.355561,-0.013362,0.168573,0,1,0.075694,0.2,,775CCD05E3AFF46A1462E117C01F13CE040DAB57EB5E11C964C2715B3E4010E7
RAW_GRID_T100_S020_GATE90_DAVID_CONTRA,david_contra,RAW_GRID_T100_S020_GATE90_DAVID_CONTRA|CHFJPY|SHORT|3,CHFJPY,SHORT,target,2022-01-12T15:38:00.000Z,2022-01-12T18:17:00.000Z,2022-01-10T00:00:00.000Z,1,0,0,0.187247,1.605576,-0.06,0.001104,1.54668,-0.105835,0.221847,0,1,0.110417,0.2,,C23A4CA469C5595E2191D1ABDBD3BB4506176A31257F8EDBEDF655B4448D92ED
RAW_GRID_T100_S020_GATE90_DAVID_CONTRA,david_contra,RAW_GRID_T100_S020_GATE90_DAVID_CONTRA|CHFJPY|SHORT|4,CHFJPY,SHORT,target,2022-01-13T07:41:00.000Z,2022-01-13T07:55:00.000Z,2022-01-10T00:00:00.000Z,1,0,0,0.12827,1.101072,-0.06,0.000097,1.041169,-0.026468,0.12827,1,2,0.009722,0.2,,35273AD445281709CFBB0F50B7EC111745B368D8439A0846A8CD89BA391724DC
RAW_GRID_T100_S020_GATE90_DAVID_CONTRA,david_contra,RAW_GRID_T100_S020_GATE90_DAVID_CONTRA|CHFJPY|SHORT|5,CHFJPY,SHORT,target,2022-01-13T08:04:00.000Z,2022-01-13T08:27:00.000Z,2022-01-10T00:00:00.000Z,1,0,0,0.178118,1.52952,-0.06,0.00016,1.46968,0,0.178118,2,3,0.015972,0.2,,1842FC93C55F7F8661162D57F15BDC8840A534C7B54A4C48698756B82B705C0D
RAW_GRID_T100_S020_GATE90_DAVID_CONTRA,david_contra,RAW_GRID_T100_S020_GATE90_DAVID_CONTRA|CHFJPY|SHORT|6,CHFJPY,SHORT,target,2022-01-13T09:28:00.000Z,2022-01-13T10:44:00.000Z,2022-01-10T00:00:00.000Z,1,0,0,0.094669,0.811716,-0.06,0.000528,0.752244,-0.074311,0.094669,3,4,0.052778,0.2,,FB26790D28C6B3EB948702A4CF0CA241DCA28C1264C67CC7DE872E34C578302C
RAW_GRID_T100_S020_GATE90_DAVID_CONTRA,david_contra,RAW_GRID_T100_S020_GATE90_DAVID_CONTRA|CHFJPY|SHORT|7,CHFJPY,SHORT,target,2022-01-13T11:05:00.000Z,2022-01-13T12:36:00.000Z,2022-01-10T00:00:00.000Z,1,0,0,0.081425,0.699716,-0.06,0.000632,0.640348,-0.093639,0.081425,4,5,0.063194,0.2,,D88679F7F59DC88148C73D8E1B3B86EAC55CE0F0DB7A14EC496A5601F714DCD1
RAW_GRID_T100_S020_GATE90_DAVID_CONTRA,david_contra,RAW_GRID_T100_S020_GATE90_DAVID_CONTRA|CHFJPY|SHORT|8,CHFJPY,SHORT,target,2022-01-13T14:01:00.000Z,2022-01-13T15:31:00.000Z,2022-01-10T00:00:00.000Z,1,0,0,0.079367,0.6824,-0.06,0.000625,0.623025,-0.123121,0.089543,5,6,0.0625,0.2,,0B2109FC7106D6402D3B1BA4BFC2F46543CE6ED8BF05D9653208698546DE26E9
RAW_GRID_T100_S020_GATE90_DAVID_CONTRA,david_contra,RAW_GRID_T100_S020_GATE90_DAVID_CONTRA|CHFJPY|LONG|9,CHFJPY,LONG,target,2022-01-14T13:50:00.000Z,2022-01-14T15:12:00.000Z,2022-01-10T00:00:00.000Z,1,0,0,0.289216,2.47845,-0.06,-0.005222,2.413228,-0.030767,0.289216,1,2,0.056944,0.2,,2AD0C33CAEAB7373E941005355C7D01E258B7E927A38D9E74AE062B492C5A109
RAW_GRID_T100_S020_GATE90_DAVID_CONTRA,david_contra,RAW_GRID_T100_S020_GATE90_DAVID_CONTRA|CHFJPY|LONG|10,CHFJPY,LONG,target,2022-01-14T15:27:00.000Z,2022-01-14T15:32:00.000Z,2022-01-10T00:00:00.000Z,1,0,0,0.129049,1.107052,-0.06,-0.000318,1.046733,0,0.129049,2,3,0.003472,0.2,,E23D6B8E2EEA4D352A0D93116B032797C8443BD7F9D5104493B5B0393921ED6E
RAW_GRID_T100_S020_GATE90_DAVID_CONTRA,david_contra,RAW_GRID_T100_S020_GATE90_DAVID_CONTRA|EURAUD|SHORT|1,EURAUD,SHORT,target,2022-01-10T13:20:00.000Z,2022-01-10T13:42:00.000Z,2022-01-10T00:00:00.000Z,1,0,0,0.271712,2.167511,-0.06,0.000153,2.107664,-0.012596,0.271712,0,1,0.015278,0.2,,017DD6779676380E0CC617244B8EFA42E9FA4F66C99BC20B3C289CC6D9CF47F3
RAW_GRID_T100_S020_GATE90_DAVID_CONTRA,david_contra,RAW_GRID_T100_S020_GATE90_DAVID_CONTRA|EURAUD|SHORT|2,EURAUD,SHORT,target,2022-01-10T14:36:00.000Z,2022-01-10T16:30:00.000Z,2022-01-10T00:00:00.000Z,4,3,0,0.337179,2.704007,-0.24,0.002076,2.466084,-1.265426,0.337179,1,2,0.079167,0.2,,5BE0C09966308F1D5ACA48171659D9F95049C206FDA262402589D5C9F17A1725
RAW_GRID_T100_S020_GATE90_DAVID_CONTRA,david_contra,RAW_GRID_T100_S020_GATE90_DAVID_CONTRA|EURAUD|SHORT|3,EURAUD,SHORT,target,2022-01-10T17:06:00.000Z,2022-01-10T18:27:00.000Z,2022-01-10T00:00:00.000Z,1,0,0,0.066455,0.530359,-0.06,0.000563,0.470921,-0.095192,0.07813,2,3,0.05625,0.2,,9D2A50BABA02C406736445B3A9A4321C0F78C4DCA927A2AC4EC6A686E0F1AC80
RAW_GRID_T100_S020_GATE90_DAVID_CONTRA,david_contra,RAW_GRID_T100_S020_GATE90_DAVID_CONTRA|EURAUD|SHORT|4,EURAUD,SHORT,target,2022-01-11T01:55:00.000Z,2022-01-11T02:11:00.000Z,2022-01-10T00:00:00.000Z,1,0,0,0.103312,0.825598,-0.06,0.000111,0.765709,-0.014374,0.103312,3,4,0.011111,0.2,,67A4C0FC5F22DABF124693E0CF4ADA76F5D1072EC9C5181872B8398D0F0840B6
RAW_GRID_T100_S020_GATE90_DAVID_CONTRA,david_contra,RAW_GRID_T100_S020_GATE90_DAVID_CONTRA|EURAUD|SHORT|5,EURAUD,SHORT,target,2022-01-11T06:33:00.000Z,2022-01-11T07:20:00.000Z,2022-01-10T00:00:00.000Z,1,0,0,0.0701,0.56031,-0.06,0.000326,0.500636,-0.158176,0.0701,4,5,0.032639,0.2,,A8A62FE2A0BC8BE48C79D10E2C94CAA04BC6E7705871B6D2D29C2A798DF4F699
RAW_GRID_T100_S020_GATE90_DAVID_CONTRA,david_contra,RAW_GRID_T100_S020_GATE90_DAVID_CONTRA|EURAUD|SHORT|6,EURAUD,SHORT,target,2022-01-11T08:50:00.000Z,2022-01-11T09:18:00.000Z,2022-01-10T00:00:00.000Z,1,0,0,0.092544,0.740361,-0.06,0.000194,0.680555,-0.088951,0.097037,5,6,0.019444,0.2,,A73CCAE04607F580101D8CB11B19E06E041899AD2FBCEB22257D6848F8530820
RAW_GRID_T100_S020_GATE90_DAVID_CONTRA,david_contra,RAW_GRID_T100_S020_GATE90_DAVID_CONTRA|EURAUD|SHORT|7,EURAUD,SHORT,target,2022-01-11T11:36:00.000Z,2022-01-11T15:01:00.000Z,2022-01-10T00:00:00.000Z,2,1,0,0.337467,2.693361,-0.12,0.001556,2.574916,-0.282088,0.337467,6,7,0.142361,0.2,,61FAC445C5778FA91A3A26741F82DFDF6C1E6F627749B428E112C9260E0FBB38
RAW_GRID_T100_S020_GATE90_DAVID_CONTRA,david_contra,RAW_GRID_T100_S020_GATE90_DAVID_CONTRA|EURAUD|SHORT|8,EURAUD,SHORT,target,2022-01-12T08:31:00.000Z,2022-01-12T09:27:00.000Z,2022-01-10T00:00:00.000Z,1,0,0,0.086377,0.692098,-0.06,0.000389,0.632487,-0.07918,0.086377,7,8,0.038889,0.2,,AD7BF97F91E36ECAB7B18A1ED4E8C4E106CA726C5C802064517A763BB2BF8624
RAW_GRID_T100_S020_GATE90_DAVID_CONTRA,david_contra,RAW_GRID_T100_S020_GATE90_DAVID_CONTRA|EURAUD|LONG|9,EURAUD,LONG,session_flatten,2022-01-12T14:55:00.000Z,2022-01-12T21:00:00.000Z,2022-01-10T00:00:00.000Z,1,0,0,-0.004517,-0.036439,-0.06,-0.023243,-0.119682,-0.177097,0.115656,0,,0.253472,0.2,,C71A1A88BE2F720258752ED56E8F5C6AF5995BC447D8085F7D662A384443ACAC
RAW_GRID_T100_S020_GATE90_DAVID_CONTRA,david_contra,RAW_GRID_T100_S020_GATE90_DAVID_CONTRA|EURAUD|LONG|10,EURAUD,LONG,target,2022-01-12T23:13:00.000Z,2022-01-13T00:03:00.000Z,2022-01-10T00:00:00.000Z,1,0,0,0.103041,0.830196,-0.06,-0.003184,0.767012,-0.012654,0.103041,0,1,0.034722,0.2,,33A50EF6AC5DD6F5B1B170653E3F22F4174E0824635AF6463B57F8C028C7894F
RAW_GRID_T100_S020_GATE90_DAVID_CONTRA,david_contra,RAW_GRID_T100_S020_GATE90_DAVID_CONTRA|EURAUD|LONG|11,EURAUD,LONG,target,2022-01-13T03:35:00.000Z,2022-01-13T05:38:00.000Z,2022-01-10T00:00:00.000Z,1,0,0,0.082278,0.663044,-0.06,-0.007833,0.595212,-0.064195,0.085894,1,2,0.085417,0.2,,A505572F187B063A416553D2484D3DF5B4E2F7682642DDC888CA96BBD6959B54
RAW_GRID_T100_S020_GATE90_DAVID_CONTRA,david_contra,RAW_GRID_T100_S020_GATE90_DAVID_CONTRA|EURAUD|LONG|12,EURAUD,LONG,target,2022-01-13T07:11:00.000Z,2022-01-13T07:35:00.000Z,2022-01-10T00:00:00.000Z,1,0,0,0.111233,0.897828,-0.06,-0.001528,0.836299,-0.009947,0.111233,2,3,0.016667,0.2,,8EDA400C6D36B29FF6E0F785C37BD07E99681C9D4795E7845AB7F38689D5A21E
RAW_GRID_T100_S020_GATE90_DAVID_CONTRA,david_contra,RAW_GRID_T100_S020_GATE90_DAVID_CONTRA|EURAUD|LONG|13,EURAUD,LONG,target,2022-01-13T08:04:00.000Z,2022-01-13T08:37:00.000Z,2022-01-10T00:00:00.000Z,1,0,0,0.115778,0.935301,-0.06,-0.002101,0.873199,-0.023517,0.115778,3,4,0.022917,0.2,,96666020DBA28B9EEBC17C36618C81463D1A6164E6C41AC10D0508265ABC299F
RAW_GRID_T100_S020_GATE90_DAVID_CONTRA,david_contra,RAW_GRID_T100_S020_GATE90_DAVID_CONTRA|EURAUD|LONG|14,EURAUD,LONG,target,2022-01-13T08:48:00.000Z,2022-01-13T09:12:00.000Z,2022-01-10T00:00:00.000Z,1,0,0,0.100396,0.810372,-0.06,-0.001528,0.748843,-0.017184,0.100396,4,5,0.016667,0.2,,70F582CC5B373429419899CB31EA7E30748D451EE7FC43FC61FA559CCE2CE51B
RAW_GRID_T100_S020_GATE90_DAVID_CONTRA,david_contra,RAW_GRID_T100_S020_GATE90_DAVID_CONTRA|EURAUD|LONG|15,EURAUD,LONG,target,2022-01-13T09:55:00.000Z,2022-01-13T12:00:00.000Z,2022-01-10T00:00:00.000Z,1,0,0,0.094081,0.759329,-0.06,-0.00796,0.691368,-0.076893,0.094081,5,6,0.086806,0.2,,9C1513DE7941A9FFEDEA544FC8E674CAD787DFC4A50FCA2B6FDDF8035D3D79FC
RAW_GRID_T100_S020_GATE90_DAVID_CONTRA,david_contra,RAW_GRID_T100_S020_GATE90_DAVID_CONTRA|EURAUD|LONG|16,EURAUD,LONG,target,2022-01-13T13:49:00.000Z,2022-01-13T14:00:00.000Z,2022-01-10T00:00:00.000Z,1,0,0,0.101328,0.818354,-0.06,-0.0007,0.757654,-0.005428,0.101328,6,7,0.007639,0.2,,02659C41385D8D3C47740B05F94F0B7C455CF48136BC24F0500F38E9A1D5D18C
RAW_GRID_T100_S020_GATE90_DAVID_CONTRA,david_contra,RAW_GRID_T100_S020_GATE90_DAVID_CONTRA|EURAUD|LONG|17,EURAUD,LONG,target,2022-01-14T06:02:00.000Z,2022-01-14T08:54:00.000Z,2022-01-10T00:00:00.000Z,1,0,0,0.077527,0.626343,-0.06,-0.010953,0.55539,-0.180294,0.084739,7,8,0.119444,0.2,,F5E5A95A062180B823DE7D4952F015BF85DA4FA2A8DBD76C267E21C44AA64DA7
RAW_GRID_T100_S020_GATE90_DAVID_CONTRA,david_contra,RAW_GRID_T100_S020_GATE90_DAVID_CONTRA|EURAUD|SHORT|18,EURAUD,SHORT,target,2022-01-14T13:34:00.000Z,2022-01-14T14:39:00.000Z,2022-01-10T00:00:00.000Z,1,0,0,0.289058,2.333471,-0.06,0.000451,2.273922,-0.030522,0.289058,8,9,0.045139,0.2,,0148C37E321FA3E940DF87307CAF2BF562868E6769B7E3097F4B497016763FBA
RAW_GRID_T100_S020_GATE90_DAVID_CONTRA,david_contra,RAW_GRID_T100_S020_GATE90_DAVID_CONTRA|EURCAD|LONG|1,EURCAD,LONG,target,2022-01-10T13:52:00.000Z,2022-01-10T14:36:00.000Z,2022-01-10T00:00:00.000Z,1,0,0,0.13009,0.946772,-0.06,-0.002802,0.88397,-0.043364,0.13009,0,1,0.030556,0.2,,E107BCA28150190698A2DEB3D654FDBA7257022F4B10761DB1E679E03F29C6ED
RAW_GRID_T100_S020_GATE90_DAVID_CONTRA,david_contra,RAW_GRID_T100_S020_GATE90_DAVID_CONTRA|EURCAD|LONG|2,EURCAD,LONG,target,2022-01-10T23:57:00.000Z,2022-01-11T01:35:00.000Z,2022-01-10T00:00:00.000Z,1,0,0,0.1048,0.765963,-0.06,-0.006241,0.699722,-0.0551,0.1048,1,2,0.068056,0.2,,92C6308B955E49D9F306F4373FA1F93DFDB0D1F9F372D021CAC925F90948262F
RAW_GRID_T100_S020_GATE90_DAVID_CONTRA,david_contra,RAW_GRID_T100_S020_GATE90_DAVID_CONTRA|EURCAD|LONG|3,EURCAD,LONG,target,2022-01-11T02:18:00.000Z,2022-01-11T08:35:00.000Z,2022-01-10T00:00:00.000Z,1,0,0,0.022691,0.166007,-0.06,-0.024008,0.082,-0.171803,0.074557,2,3,0.261806,0.2,,1638D252A7C480E69C0A46A7A2B1FC1C65E3E6CF9AFFF7420B4B9884D243FD08
RAW_GRID_T100_S020_GATE90_DAVID_CONTRA,david_contra,RAW_GRID_T100_S020_GATE90_DAVID_CONTRA|EURCAD|LONG|4,EURCAD,LONG,target,2022-01-11T09:04:00.000Z,2022-01-11T09:10:00.000Z,2022-01-10T00:00:00.000Z,1,0,0,0.107045,0.78302,-0.06,-0.000382,0.722638,0,0.107045,3,4,0.004167,0.2,,50309EAAEC202848D2B9696AD1BE7664BA473994DAD6D94EE6AA075DCAE69349
RAW_GRID_T100_S020_GATE90_DAVID_CONTRA,david_contra,RAW_GRID_T100_S020_GATE90_DAVID_CONTRA|EURCAD|LONG|5,EURCAD,LONG,target,2022-01-11T09:18:00.000Z,2022-01-11T11:35:00.000Z,2022-01-10T00:00:00.000Z,2,1,0,0.134347,0.980269,-0.12,-0.015665,0.844604,-0.233575,0.134347,4,5,0.095139,0.2,,3B3AB94805296FE1FB20E7C40213AD6025FBE37F632AE8106A5D977D72B7CABC
RAW_GRID_T100_S020_GATE90_DAVID_CONTRA,david_contra,RAW_GRID_T100_S020_GATE90_DAVID_CONTRA|EURCAD|LONG|6,EURCAD,LONG,target,2022-01-11T12:15:00.000Z,2022-01-11T12:48:00.000Z,2022-01-10T00:00:00.000Z,1,0,0,0.097419,0.711701,-0.06,-0.002101,0.6496,-0.034637,0.097419,5,6,0.022917,0.2,,0542F1B56397C6F4AD61CB9FF62EEE81A5176933875657390C2F6F5D1AAC3030
RAW_GRID_T100_S020_GATE90_DAVID_CONTRA,david_contra,RAW_GRID_T100_S020_GATE90_DAVID_CONTRA|EURCAD|LONG|7,EURCAD,LONG,target,2022-01-11T12:58:00.000Z,2022-01-11T13:14:00.000Z,2022-01-10T00:00:00.000Z,1,0,0,0.0866,0.632769,-0.06,-0.001019,0.57175,-0.072528,0.0866,6,7,0.011111,0.2,,29E77C5B07280B436FDA67DB6791F64C5E8050140ADB834F5D26A0A6020CD67F
RAW_GRID_T100_S020_GATE90_DAVID_CONTRA,david_contra,RAW_GRID_T100_S020_GATE90_DAVID_CONTRA|EURCAD|LONG|8,EURCAD,LONG,target,2022-01-11T13:28:00.000Z,2022-01-11T13:52:00.000Z,2022-01-10T00:00:00.000Z,1,0,0,0.140763,1.027263,-0.06,-0.001528,0.965735,-0.050891,0.140763,7,8,0.016667,0.2,,BC880AB084E1E8F139C5A5EDB2DDCAA2DB5D24579D1CFF195460FDCDF6AA0AF5
RAW_GRID_T100_S020_GATE90_DAVID_CONTRA,david_contra,RAW_GRID_T100_S020_GATE90_DAVID_CONTRA|EURCAD|LONG|9,EURCAD,LONG,target,2022-01-11T14:03:00.000Z,2022-01-11T14:31:00.000Z,2022-01-10T00:00:00.000Z,1,0,0,0.111536,0.814127,-0.06,-0.001783,0.752344,-0.003249,0.111536,8,9,0.019444,0.2,,A6E9E9AE6F7165A42A456B16DACA53AB4ECD06A2A1CDBEB19F752AD88F5C3111
RAW_GRID_T100_S020_GATE90_DAVID_CONTRA,david_contra,RAW_GRID_T100_S020_GATE90_DAVID_CONTRA|EURCAD|LONG|10,EURCAD,LONG,target,2022-01-11T15:01:00.000Z,2022-01-11T15:49:00.000Z,2022-01-10T00:00:00.000Z,1,0,0,0.143006,1.045243,-0.06,-0.003057,0.982186,-0.117005,0.143006,9,10,0.033333,0.2,,D1F71A2DE1AAF10231D45106BBE8124DDD995BC867DE3695B63BC9376CCC750C
RAW_GRID_T100_S020_GATE90_DAVID_CONTRA,david_contra,RAW_GRID_T100_S020_GATE90_DAVID_CONTRA|EURCAD|LONG|11,EURCAD,LONG,session_flatten,2022-01-11T17:06:00.000Z,2022-01-11T21:00:00.000Z,2022-01-10T00:00:00.000Z,2,1,0,-0.133224,-0.977964,-0.12,-0.027319,-1.125283,-0.367412,0.066269,10,,0.1625,0.2,,31B6E8E6CB4FE1704ECA95510934B2397909A26176F107CF07C347C427F7EEA1
RAW_GRID_T100_S020_GATE90_DAVID_CONTRA,david_contra,RAW_GRID_T100_S020_GATE90_DAVID_CONTRA|EURCAD|LONG|12,EURCAD,LONG,target,2022-01-11T23:05:00.000Z,2022-01-12T00:03:00.000Z,2022-01-10T00:00:00.000Z,1,0,0,0.106323,0.77915,-0.06,-0.003693,0.715456,-0.035803,0.106323,10,11,0.040278,0.2,,C6F1B3C6061B4E3985C136418B24E9DBC8EAEE05B65604A8AD795081AAC8D8C2
RAW_GRID_T100_S020_GATE90_DAVID_CONTRA,david_contra,RAW_GRID_T100_S020_GATE90_DAVID_CONTRA|EURCAD|LONG|13,EURCAD,LONG,target,2022-01-12T00:34:00.000Z,2022-01-12T08:40:00.000Z,2022-01-10T00:00:00.000Z,2,1,0,0.007732,0.055696,-0.12,-0.054893,-0.119197,-0.357031,0.055498,11,12,0.3375,0.2,,4B8F7173017801FE72B786F7C964AC471764C65D4A5C39D05BAFAA679B2CF452
RAW_GRID_T100_S020_GATE90_DAVID_CONTRA,david_contra,RAW_GRID_T100_S020_GATE90_DAVID_CONTRA|EURCAD|LONG|14,EURCAD,LONG,target,2022-01-12T09:04:00.000Z,2022-01-12T12:21:00.000Z,2022-01-10T00:00:00.000Z,2,1,0,0.198084,1.449668,-0.12,-0.019168,1.3105,-0.517505,0.198084,12,13,0.136806,0.2,,7E34E014021382736EA674000CCB9835988FB69D780E73A4BE3591078BF21B03
RAW_GRID_T100_S020_GATE90_DAVID_CONTRA,david_contra,RAW_GRID_T100_S020_GATE90_DAVID_CONTRA|EURCAD|LONG|15,EURCAD,LONG,target,2022-01-12T12:38:00.000Z,2022-01-12T12:43:00.000Z,2022-01-10T00:00:00.000Z,1,0,0,0.117477,0.86032,-0.06,-0.000318,0.800002,0,0.117477,13,14,0.003472,0.2,,9E5BADACF80361487409616909C7E83E2D280414E9AC3D5603FA5DD7CA18BA7E
RAW_GRID_T100_S020_GATE90_DAVID_CONTRA,david_contra,RAW_GRID_T100_S020_GATE90_DAVID_CONTRA|EURCAD|LONG|16,EURCAD,LONG,target,2022-01-12T12:50:00.000Z,2022-01-12T13:17:00.000Z,2022-01-10T00:00:00.000Z,1,0,0,0.102245,0.749321,-0.06,-0.001719,0.687601,-0.048947,0.102245,14,15,0.01875,0.2,,921328E752F527DF9093A31A143D23E11E6A7841C8B8A057672C757701B7C454
RAW_GRID_T100_S020_GATE90_DAVID_CONTRA,david_contra,RAW_GRID_T100_S020_GATE90_DAVID_CONTRA|EURCAD|LONG|17,EURCAD,LONG,target,2022-01-12T13:22:00.000Z,2022-01-12T13:38:00.000Z,2022-01-10T00:00:00.000Z,1,0,0,0.10334,0.758626,-0.06,-0.001019,0.697607,-0.101165,0.10334,15,16,0.011111,0.2,,53DAA82D27498A8521BEAF772A398BBC2CF769A0379C96D69D188B92CE3C6D0D
RAW_GRID_T100_S020_GATE90_DAVID_CONTRA,david_contra,RAW_GRID_T100_S020_GATE90_DAVID_CONTRA|EURCAD|LONG|18,EURCAD,LONG,target,2022-01-13T11:31:00.000Z,2022-01-13T12:34:00.000Z,2022-01-10T00:00:00.000Z,1,0,0,0.093241,0.859997,-0.06,-0.004012,0.795985,-0.057462,0.093241,16,17,0.04375,0.2,,659403FACD6B03C8C90B60B34707E2148F60968AA957D30A68B30E54177802FB
RAW_GRID_T100_S020_GATE90_DAVID_CONTRA,david_contra,RAW_GRID_T100_S020_GATE90_DAVID_CONTRA|EURCAD|LONG|19,EURCAD,LONG,target,2022-01-13T13:16:00.000Z,2022-01-13T15:07:00.000Z,2022-01-10T00:00:00.000Z,1,0,0,0.06615,0.489134,-0.06,-0.007069,0.422065,-0.109526,0.06615,17,18,0.077083,0.2,,EBA85FA2E499535FE87D22A8212F8933793A1E06740C7D2BA28C160D32EF46A2
RAW_GRID_T100_S020_GATE90_DAVID_CONTRA,david_contra,RAW_GRID_T100_S020_GATE90_DAVID_CONTRA|EURCAD|LONG|20,EURCAD,LONG,target,2022-01-14T06:49:00.000Z,2022-01-14T07:34:00.000Z,2022-01-10T00:00:00.000Z,1,0,0,0.123381,0.911639,-0.06,-0.002866,0.848773,-0.067102,0.123381,18,19,0.03125,0.2,,74D1FE60B4078737B96F4AF4F71887F49EF55D2F4767DB426FFE19617BDEE49B
RAW_GRID_T100_S020_GATE90_DAVID_CONTRA,david_contra,RAW_GRID_T100_S020_GATE90_DAVID_CONTRA|EURCAD|LONG|21,EURCAD,LONG,target,2022-01-14T07:49:00.000Z,2022-01-14T12:28:00.000Z,2022-01-10T00:00:00.000Z,2,1,0,0.010982,0.079935,-0.12,-0.031777,-0.071842,-0.543531,0.097405,19,20,0.19375,0.2,,CB176D87A53D87A8B95EE280FD671208DD50389C77089FE5921DA20E8F915681
RAW_GRID_T100_S020_GATE90_DAVID_CONTRA,david_contra,RAW_GRID_T100_S020_GATE90_DAVID_CONTRA|EURCAD|LONG|22,EURCAD,LONG,target,2022-01-14T14:39:00.000Z,2022-01-14T14:42:00.000Z,2022-01-10T00:00:00.000Z,1,0,0,0.110516,0.814934,-0.06,-0.000191,0.754743,0,0.110516,20,21,0.002083,0.2,,BF61EB4ECCE0A2D2AEBEB98A4656A506845C36B3FC5BC5AB52BBAB199FD729F0
RAW_GRID_T100_S020_GATE90_DAVID_CONTRA,david_contra,RAW_GRID_T100_S020_GATE90_DAVID_CONTRA|EURCAD|LONG|23,EURCAD,LONG,target,2022-01-14T14:59:00.000Z,2022-01-14T15:07:00.000Z,2022-01-10T00:00:00.000Z,1,0,0,0.1181,0.869982,-0.06,-0.000509,0.809473,-0.024921,0.1181,21,22,0.005556,0.2,,8216CEDEFB7BE598720AB1F8D84BEB975E23D2F6FD2427F3647D128C482CC9E3
RAW_GRID_T100_S020_GATE90_DAVID_CONTRA,david_contra,RAW_GRID_T100_S020_GATE90_DAVID_CONTRA|EURCAD|LONG|24,EURCAD,LONG,target,2022-01-14T15:12:00.000Z,2022-01-14T15:27:00.000Z,2022-01-10T00:00:00.000Z,1,0,0,0.195103,1.43592,-0.06,-0.000955,1.374965,-0.017343,0.195103,22,23,0.010417,0.2,,45BCEF02E093C19E515617EC0146EF488AE4AB66CF4C453B8FADF76B5DCC698B
RAW_GRID_T100_S020_GATE90_DAVID_CONTRA,david_contra,RAW_GRID_T100_S020_GATE90_DAVID_CONTRA|EURCAD|LONG|25,EURCAD,LONG,target,2022-01-14T15:35:00.000Z,2022-01-14T15:38:00.000Z,2022-01-10T00:00:00.000Z,1,0,0,0.132215,0.973825,-0.06,-0.000191,0.913634,0,0.132215,23,24,0.002083,0.2,,1127F50A425B146C4A770E205645D62C36CF508CB9CDFEC63744830BA11E78B6
RAW_GRID_T100_S020_GATE90_DAVID_CONTRA,david_contra,RAW_GRID_T100_S020_GATE90_DAVID_CONTRA|EURCHF|SHORT|1,EURCHF,SHORT,session_flatten,2022-01-10T13:13:00.000Z,2022-01-10T21:00:00.000Z,2022-01-10T00:00:00.000Z,7,6,0,-4.503073,-22.219363,-0.42,0.015326,-22.624037,-4.579495,0.052427,0,,0.324306,0.2,,8D397B0C266D4BE06C1BB7E92BE0F68035A9FE5328B5CFB00CBC409CF22E5DB1
RAW_GRID_T100_S020_GATE90_DAVID_CONTRA,david_contra,RAW_GRID_T100_S020_GATE90_DAVID_CONTRA|EURCHF|SHORT|2,EURCHF,SHORT,target,2022-01-10T23:05:00.000Z,2022-01-11T06:52:00.000Z,2022-01-10T00:00:00.000Z,1,0,0,0.108848,0.539657,-0.06,0.003243,0.4829,-0.15892,0.108848,0,1,0.324306,0.2,,C3A18D4A48126542FBC67D71564350BA16A7FEF31E60C0C06DDEF74759A621E1
RAW_GRID_T100_S020_GATE90_DAVID_CONTRA,david_contra,RAW_GRID_T100_S020_GATE90_DAVID_CONTRA|EURCHF|SHORT|3,EURCHF,SHORT,target,2022-01-11T08:26:00.000Z,2022-01-11T08:34:00.000Z,2022-01-10T00:00:00.000Z,1,0,0,0.097953,0.486161,-0.06,0.000056,0.426217,-0.037004,0.097953,1,2,0.005556,0.2,,325E6D03FE9063F75383194258CBD30E19B23C3C2E78D2C6B3B7018D7841FDC9
RAW_GRID_T100_S020_GATE90_DAVID_CONTRA,david_contra,RAW_GRID_T100_S020_GATE90_DAVID_CONTRA|EURCHF|SHORT|4,EURCHF,SHORT,target,2022-01-11T10:11:00.000Z,2022-01-11T10:17:00.000Z,2022-01-10T00:00:00.000Z,1,0,0,0.145877,0.723391,-0.06,0.000042,0.663433,0,0.145877,2,3,0.004167,0.2,,09E4B38D0EB58C9CC0B66F8298EC72184D64A450B5DB748D34B54F6C3B2528D8
RAW_GRID_T100_S020_GATE90_DAVID_CONTRA,david_contra,RAW_GRID_T100_S020_GATE90_DAVID_CONTRA|EURCHF|SHORT|5,EURCHF,SHORT,target,2022-01-11T10:23:00.000Z,2022-01-11T10:27:00.000Z,2022-01-10T00:00:00.000Z,1,0,0,0.104517,0.518062,-0.06,0.000028,0.45809,0,0.104517,3,4,0.002778,0.2,,F385C732B86C8D0E9A62DF63D018668EFA319D34EC2763DBD8E592D7CC5061B5
RAW_GRID_T100_S020_GATE90_DAVID_CONTRA,david_contra,RAW_GRID_T100_S020_GATE90_DAVID_CONTRA|EURCHF|SHORT|6,EURCHF,SHORT,target,2022-01-11T11:36:00.000Z,2022-01-11T14:10:00.000Z,2022-01-10T00:00:00.000Z,1,0,0,0.082744,0.409889,-0.06,0.001069,0.350959,-0.126293,0.082744,4,5,0.106944,0.2,,385FFBC88D654F68E779E9CF8378F0147D4553E9D18C7513F6FAA0154FA4777B
RAW_GRID_T100_S020_GATE90_DAVID_CONTRA,david_contra,RAW_GRID_T100_S020_GATE90_DAVID_CONTRA|EURCHF|SHORT|7,EURCHF,SHORT,target,2022-01-11T17:33:00.000Z,2022-01-11T20:49:00.000Z,2022-01-10T00:00:00.000Z,1,0,0,0.095811,0.476385,-0.06,0.001361,0.417746,-0.043551,0.095811,5,6,0.136111,0.2,,7C47E30DA09A848D20559550EC04C631CA4E3B766315198A3559554BFB44E4AC
RAW_GRID_T100_S020_GATE90_DAVID_CONTRA,david_contra,RAW_GRID_T100_S020_GATE90_DAVID_CONTRA|EURCHF|SHORT|8,EURCHF,SHORT,target,2022-01-12T04:33:00.000Z,2022-01-12T07:22:00.000Z,2022-01-10T00:00:00.000Z,1,0,0,0.093622,0.465386,-0.06,0.001174,0.406559,-0.069673,0.093622,6,7,0.117361,0.2,,881CC150B26AC5DCFA33122EAAF2170E855EA07EFAD09D2F05A5CBB6939F6696
RAW_GRID_T100_S020_GATE90_DAVID_CONTRA,david_contra,RAW_GRID_T100_S020_GATE90_DAVID_CONTRA|EURCHF|LONG|9,EURCHF,LONG,target,2022-01-12T15:33:00.000Z,2022-01-12T18:14:00.000Z,2022-01-10T00:00:00.000Z,3,2,0,0.059427,0.295464,-0.18,-0.026618,0.088845,-1.134786,0.059427,0,1,0.111806,0.2,,9651629B693F2D8EA4176849BE75E843FE25065132F7F6FB961B3CFCB89C5FDF
RAW_GRID_T100_S020_GATE90_DAVID_CONTRA,david_contra,RAW_GRID_T100_S020_GATE90_DAVID_CONTRA|EURCHF|LONG|10,EURCHF,LONG,session_flatten,2022-01-13T09:46:00.000Z,2022-01-13T21:00:00.000Z,2022-01-10T00:00:00.000Z,5,4,0,-1.136373,-5.705378,-0.3,-0.160921,-6.166299,-2.471528,0.078655,1,,0.468056,0.2,,F4BC3A16D630016941F53539751A3D9077F1B3A294D00283A83B46F9B833395B
RAW_GRID_T100_S020_GATE90_DAVID_CONTRA,david_contra,RAW_GRID_T100_S020_GATE90_DAVID_CONTRA|EURCHF|LONG|11,EURCHF,LONG,target,2022-01-14T07:35:00.000Z,2022-01-14T08:25:00.000Z,2022-01-10T00:00:00.000Z,1,0,0,0.116138,0.582464,-0.06,-0.003184,0.51928,-0.076695,0.116138,1,2,0.034722,0.2,,672500E11C6A349A51F655232B5EF533CB753C7E8F08882091257C50AC6FC36D
RAW_GRID_T100_S020_GATE90_DAVID_CONTRA,david_contra,RAW_GRID_T100_S020_GATE90_DAVID_CONTRA|EURCHF|LONG|12,EURCHF,LONG,target,2022-01-14T08:57:00.000Z,2022-01-14T10:17:00.000Z,2022-01-10T00:00:00.000Z,1,0,0,0.096421,0.483069,-0.06,-0.005094,0.417975,-0.098613,0.102995,2,3,0.055556,0.2,,3EB6EA24B3FCC59BB3C4BBD6B9FC3A1FE8344AD8478B495E229882C6EF94B6FC
RAW_GRID_T100_S020_GATE90_DAVID_CONTRA,david_contra,RAW_GRID_T100_S020_GATE90_DAVID_CONTRA|EURCHF|LONG|13,EURCHF,LONG,target,2022-01-14T11:50:00.000Z,2022-01-14T11:59:00.000Z,2022-01-10T00:00:00.000Z,1,0,0,0.103001,0.515716,-0.06,-0.000573,0.455143,-0.006574,0.103001,3,4,0.00625,0.2,,72C8203931DDCC0078083ADE9295EDFE800975B7A1DFADF2470A280534B108AF
RAW_GRID_T100_S020_GATE90_DAVID_CONTRA,david_contra,RAW_GRID_T100_S020_GATE90_DAVID_CONTRA|EURGBP|LONG|1,EURGBP,LONG,target,2022-01-10T13:42:00.000Z,2022-01-10T13:43:00.000Z,2022-01-10T00:00:00.000Z,1,0,0,0.113429,0.569461,-0.06,-0.000064,0.509398,0,0.113429,0,1,0.000694,0.2,,097042566A5FE033C1A4DF652CA93EC8B5D71BA4AC940D6D6CC8EF7DECC73DA1
RAW_GRID_T100_S020_GATE90_DAVID_CONTRA,david_contra,RAW_GRID_T100_S020_GATE90_DAVID_CONTRA|EURGBP|LONG|2,EURGBP,LONG,target,2022-01-10T13:44:00.000Z,2022-01-10T14:22:00.000Z,2022-01-10T00:00:00.000Z,1,0,0,0.091826,0.460308,-0.06,-0.00242,0.397888,-0.083722,0.091826,1,2,0.026389,0.2,,595618422EFD46557A432135B7317D50C2557113114F807F35FC14355F1F4EDF
RAW_GRID_T100_S020_GATE90_DAVID_CONTRA,david_contra,RAW_GRID_T100_S020_GATE90_DAVID_CONTRA|EURGBP|LONG|3,EURGBP,LONG,target,2022-01-10T18:51:00.000Z,2022-01-10T19:52:00.000Z,2022-01-10T00:00:00.000Z,1,0,0,0.134919,0.678188,-0.06,-0.003885,0.614304,-0.024285,0.134919,2,3,0.042361,0.2,,ADD7FC66880C2CCCB6FB54B96534FF112BDB3CAF3BDF0A6FC5F83F2041E1C374
RAW_GRID_T100_S020_GATE90_DAVID_CONTRA,david_contra,RAW_GRID_T100_S020_GATE90_DAVID_CONTRA|EURGBP|LONG|4,EURGBP,LONG,session_flatten,2022-01-10T20:00:00.000Z,2022-01-10T21:00:00.000Z,2022-01-10T00:00:00.000Z,1,0,0,-0.048564,-0.244436,-0.06,-0.003821,-0.308257,-0.05396,0.053959,3,,0.041667,0.2,,15EE4ED63F0DB65F4A6814D905E9F2D3407A481ECE69B1058E2C5495C7C56CBC
RAW_GRID_T100_S020_GATE90_DAVID_CONTRA,david_contra,RAW_GRID_T100_S020_GATE90_DAVID_CONTRA|EURGBP|LONG|5,EURGBP,LONG,target,2022-01-10T23:05:00.000Z,2022-01-11T01:27:00.000Z,2022-01-10T00:00:00.000Z,1,0,0,0.116032,0.5841,-0.06,-0.009043,0.515057,-0.021587,0.116032,3,4,0.098611,0.2,,BCD6A390FB5395D1A6D7A1067B62E225C9CBD28777D096F2D0F8E39DD143E166
RAW_GRID_T100_S020_GATE90_DAVID_CONTRA,david_contra,RAW_GRID_T100_S020_GATE90_DAVID_CONTRA|EURGBP|LONG|6,EURGBP,LONG,target,2022-01-11T03:16:00.000Z,2022-01-11T06:33:00.000Z,2022-01-10T00:00:00.000Z,1,0,0,0.075557,0.380571,-0.06,-0.012545,0.308026,-0.072859,0.075557,4,5,0.136806,0.2,,295D8E68BC049493B66581B5E017CA3330C51831B67C6EDF96450BEB2A906B6D
RAW_GRID_T100_S020_GATE90_DAVID_CONTRA,david_contra,RAW_GRID_T100_S020_GATE90_DAVID_CONTRA|EURGBP|LONG|7,EURGBP,LONG,target,2022-01-11T07:44:00.000Z,2022-01-11T11:06:00.000Z,2022-01-10T00:00:00.000Z,3,2,0,0.167935,0.842912,-0.18,-0.029229,0.633683,-0.666912,0.213432,5,6,0.140278,0.2,,1AF301EDDC5B0F7E9AD1FCC0135AAFFD3BCCEC1C312C4B262BA9C7660A7804ED
RAW_GRID_T100_S020_GATE90_DAVID_CONTRA,david_contra,RAW_GRID_T100_S020_GATE90_DAVID_CONTRA|EURGBP|LONG|8,EURGBP,LONG,target,2022-01-11T15:06:00.000Z,2022-01-11T15:10:00.000Z,2022-01-10T00:00:00.000Z,1,0,0,0.124201,0.625118,-0.06,-0.000255,0.564864,0,0.124201,6,7,0.002778,0.2,,D20DA81201C3891A01AA45E518245FD3A4A379D1667914ACF0ADB7AF687F98D4
RAW_GRID_T100_S020_GATE90_DAVID_CONTRA,david_contra,RAW_GRID_T100_S020_GATE90_DAVID_CONTRA|EURGBP|LONG|9,EURGBP,LONG,target,2022-01-11T15:29:00.000Z,2022-01-11T15:46:00.000Z,2022-01-10T00:00:00.000Z,1,0,0,0.129601,0.652437,-0.06,-0.001083,0.591355,-0.021601,0.129601,7,8,0.011806,0.2,,B7044A75B7727B713E503187209C59230CEDE09BDFE1C6A04F27076BF883816C
RAW_GRID_T100_S020_GATE90_DAVID_CONTRA,david_contra,RAW_GRID_T100_S020_GATE90_DAVID_CONTRA|EURGBP|LONG|10,EURGBP,LONG,target,2022-01-11T15:56:00.000Z,2022-01-11T16:15:00.000Z,2022-01-10T00:00:00.000Z,1,0,0,0.097197,0.490269,-0.06,-0.00121,0.429059,-0.107996,0.097197,8,9,0.013194,0.2,,ABDD9D700BA96406435DC76330485A74C8AA3F806697633F83109F9A3643A32E
RAW_GRID_T100_S020_GATE90_DAVID_CONTRA,david_contra,RAW_GRID_T100_S020_GATE90_DAVID_CONTRA|EURGBP|LONG|11,EURGBP,LONG,target,2022-01-11T17:17:00.000Z,2022-01-11T17:30:00.000Z,2022-01-10T00:00:00.000Z,1,0,0,0.107999,0.544636,-0.06,-0.000828,0.483808,-0.0216,0.107999,9,10,0.009028,0.2,,6B3BAD8733609C1FB925FF2F1C72C67B63DCD7B8E613E7C33B1660F8A5ADDEF2
RAW_GRID_T100_S020_GATE90_DAVID_CONTRA,david_contra,RAW_GRID_T100_S020_GATE90_DAVID_CONTRA|EURGBP|LONG|12,EURGBP,LONG,target,2022-01-11T17:50:00.000Z,2022-01-11T18:14:00.000Z,2022-01-10T00:00:00.000Z,1,0,0,0.102604,0.517319,-0.06,-0.001528,0.455791,-0.010801,0.102604,10,11,0.016667,0.2,,F055314C34A0F7579769853901DB210586486DEC44895956D31AC75E8C349F02
RAW_GRID_T100_S020_GATE90_DAVID_CONTRA,david_contra,RAW_GRID_T100_S020_GATE90_DAVID_CONTRA|EURGBP|LONG|13,EURGBP,LONG,target,2022-01-11T23:31:00.000Z,2022-01-12T01:57:00.000Z,2022-01-10T00:00:00.000Z,1,0,0,0.105305,0.531608,-0.06,-0.009297,0.462311,-0.018901,0.105305,11,12,0.101389,0.2,,89A3C39A9529CA62221E4885D4BB612517074AF889490AA771B0C972A465D2DD
RAW_GRID_T100_S020_GATE90_DAVID_CONTRA,david_contra,RAW_GRID_T100_S020_GATE90_DAVID_CONTRA|EURGBP|LONG|14,EURGBP,LONG,target,2022-01-12T02:22:00.000Z,2022-01-12T05:03:00.000Z,2022-01-10T00:00:00.000Z,1,0,0,0.086406,0.436398,-0.06,-0.010253,0.366146,-0.064804,0.086406,12,13,0.111806,0.2,,FE56CFFA62020BA69E448AFA58BE75490363CA48CC49698D0905AF6436D82D2B
RAW_GRID_T100_S020_GATE90_DAVID_CONTRA,david_contra,RAW_GRID_T100_S020_GATE90_DAVID_CONTRA|EURGBP|LONG|15,EURGBP,LONG,target,2022-01-12T06:02:00.000Z,2022-01-12T08:32:00.000Z,2022-01-10T00:00:00.000Z,1,0,0,0.043208,0.218084,-0.06,-0.009552,0.148532,-0.151227,0.064811,13,14,0.104167,0.2,,C3A631A1D6A6FD3D4F1E1309DF65DAEDC901D764124C8222DCDE2D506A8CB020
RAW_GRID_T100_S020_GATE90_DAVID_CONTRA,david_contra,RAW_GRID_T100_S020_GATE90_DAVID_CONTRA|EURGBP|LONG|16,EURGBP,LONG,target,2022-01-12T10:52:00.000Z,2022-01-12T13:38:00.000Z,2022-01-10T00:00:00.000Z,1,0,0,0.054022,0.273306,-0.06,-0.010571,0.202735,-0.164765,0.070228,14,15,0.115278,0.2,,30C75B62C7FD60909DFD1F696DBC62960D4FCE6C9B9264D153C50177339E46D3
RAW_GRID_T100_S020_GATE90_DAVID_CONTRA,david_contra,RAW_GRID_T100_S020_GATE90_DAVID_CONTRA|EURGBP|LONG|17,EURGBP,LONG,target,2022-01-13T02:17:00.000Z,2022-01-13T06:10:00.000Z,2022-01-10T00:00:00.000Z,1,0,0,0.153834,0.781414,-0.06,-0.014838,0.706576,-0.013495,0.153834,15,16,0.161806,0.2,,31C3FE57F9E141F57935CD0EF9BE00C5139451015805CC2E6C5F808257479532
RAW_GRID_T100_S020_GATE90_DAVID_CONTRA,david_contra,RAW_GRID_T100_S020_GATE90_DAVID_CONTRA|EURGBP|LONG|18,EURGBP,LONG,target,2022-01-13T06:59:00.000Z,2022-01-13T07:33:00.000Z,2022-01-10T00:00:00.000Z,1,0,0,0.124124,0.631351,-0.06,-0.002165,0.569186,-0.056666,0.124124,16,17,0.023611,0.2,,74C4B993A27C5E058ECC03B7C1CE0007B680C536DECF3D6BFAEF2350A4C34E79
RAW_GRID_T100_S020_GATE90_DAVID_CONTRA,david_contra,RAW_GRID_T100_S020_GATE90_DAVID_CONTRA|EURGBP|LONG|19,EURGBP,LONG,target,2022-01-13T08:45:00.000Z,2022-01-13T08:50:00.000Z,2022-01-10T00:00:00.000Z,1,0,0,0.124103,0.632087,-0.06,-0.000318,0.571769,-0.002698,0.124103,17,18,0.003472,0.2,,C454FE37F680D63A210D1B6550D5CF51538699B84667380828FBE336B4FD57F8
RAW_GRID_T100_S020_GATE90_DAVID_CONTRA,david_contra,RAW_GRID_T100_S020_GATE90_DAVID_CONTRA|EURGBP|LONG|20,EURGBP,LONG,target,2022-01-13T10:22:00.000Z,2022-01-13T11:57:00.000Z,2022-01-10T00:00:00.000Z,2,1,0,0.323982,1.648283,-0.12,-0.009361,1.518922,-0.210427,0.323982,18,19,0.065972,0.2,,4581E92CF55B7331CD40B0B88522839EEE17928F357366DC4388E814E62C345D
RAW_GRID_T100_S020_GATE90_DAVID_CONTRA,david_contra,RAW_GRID_T100_S020_GATE90_DAVID_CONTRA|EURGBP|LONG|21,EURGBP,LONG,target,2022-01-13T15:00:00.000Z,2022-01-13T16:09:00.000Z,2022-01-10T00:00:00.000Z,2,1,0,0.313093,1.59302,-0.12,-0.006814,1.466206,-0.258943,0.313093,19,20,0.047917,0.2,,B000DD270FC433E14D7F4198222A55290BDE2CE6BF951A0514B0BF7EEEB4B961
RAW_GRID_T100_S020_GATE90_DAVID_CONTRA,david_contra,RAW_GRID_T100_S020_GATE90_DAVID_CONTRA|EURGBP|LONG|22,EURGBP,LONG,target,2022-01-14T08:01:00.000Z,2022-01-14T12:05:00.000Z,2022-01-10T00:00:00.000Z,2,1,0,0.067521,0.342979,-0.12,-0.025345,0.197634,-0.33158,0.078308,20,21,0.169444,0.2,,F9455FCCB75D5DB95AED3EA49CCFFC69AA48D9DECBBA1F96159E087F20C14DAE
RAW_GRID_T100_S020_GATE90_DAVID_CONTRA,david_contra,RAW_GRID_T100_S020_GATE90_DAVID_CONTRA|EURGBP|LONG|23,EURGBP,LONG,target,2022-01-14T12:13:00.000Z,2022-01-14T12:30:00.000Z,2022-01-10T00:00:00.000Z,1,0,0,0.134905,0.685353,-0.06,-0.001083,0.624271,0,0.134905,21,22,0.011806,0.2,,5A4807AF9FF999567F5C6B4E8E6AB83C0909A6E0A7B9FCB871C82BE416D7462F
RAW_GRID_T100_S020_GATE90_DAVID_CONTRA,david_contra,RAW_GRID_T100_S020_GATE90_DAVID_CONTRA|EURJPY|LONG|1,EURJPY,LONG,target,2022-01-10T13:55:00.000Z,2022-01-10T15:37:00.000Z,2022-01-10T00:00:00.000Z,2,1,0,0.41237,2.983831,-0.12,-0.009807,2.854024,-0.282686,0.41237,0,1,0.070833,0.2,,2E3EF848CFDA2CD29280AAFE640C92331490F45B898AC05BAFA3F7649E5DC96B
RAW_GRID_T100_S020_GATE90_DAVID_CONTRA,david_contra,RAW_GRID_T100_S020_GATE90_DAVID_CONTRA|EURJPY|LONG|2,EURJPY,LONG,target,2022-01-10T15:55:00.000Z,2022-01-10T16:18:00.000Z,2022-01-10T00:00:00.000Z,1,0,0,0.101825,0.738391,-0.06,-0.001465,0.676927,-0.118596,0.101825,1,2,0.015972,0.2,,0BCFB549EA0F91B79392BAABBA0BB8C5C2A0DBABA70B37D17DAC23A824A41CE7
RAW_GRID_T100_S020_GATE90_DAVID_CONTRA,david_contra,RAW_GRID_T100_S020_GATE90_DAVID_CONTRA|EURJPY|LONG|3,EURJPY,LONG,target,2022-01-11T07:42:00.000Z,2022-01-11T07:55:00.000Z,2022-01-10T00:00:00.000Z,1,0,0,0.133919,0.971729,-0.06,-0.000828,0.910901,-0.029893,0.133919,2,3,0.009028,0.2,,12BDC059CAC06E35837C736C76F8C52C8C7ED834F5D94C0338E1D39028AADF31
RAW_GRID_T100_S020_GATE90_DAVID_CONTRA,david_contra,RAW_GRID_T100_S020_GATE90_DAVID_CONTRA|EURJPY|LONG|4,EURJPY,LONG,target,2022-01-12T15:23:00.000Z,2022-01-12T15:41:00.000Z,2022-01-10T00:00:00.000Z,1,0,0,0.126133,0.922268,-0.06,-0.001146,0.861122,0,0.126133,3,4,0.0125,0.2,,5EF8CE70384A4D2B4F4F38833EE2F65367F00A6226A1A61D3A773226C14761E8
RAW_GRID_T100_S020_GATE90_DAVID_CONTRA,david_contra,RAW_GRID_T100_S020_GATE90_DAVID_CONTRA|EURJPY|LONG|5,EURJPY,LONG,target,2022-01-12T15:52:00.000Z,2022-01-12T21:00:00.000Z,2022-01-10T00:00:00.000Z,2,1,0,0.039449,0.288151,-0.12,-0.034387,0.133764,-0.410627,0.084694,4,5,0.213889,0.2,,8F792852CAE46DC89D63800BF2498E92E1901095F7A54D3675DC4171B56CCEE9
RAW_GRID_T100_S020_GATE90_DAVID_CONTRA,david_contra,RAW_GRID_T100_S020_GATE90_DAVID_CONTRA|EURJPY|LONG|6,EURJPY,LONG,target,2022-01-13T01:36:00.000Z,2022-01-13T02:09:00.000Z,2022-01-10T00:00:00.000Z,1,0,0,0.096506,0.706816,-0.06,-0.002101,0.644714,-0.007149,0.096506,5,6,0.022917,0.2,,FC6C3A129D8CFBC0A8B2124686E3F1268D146B73590FDA1BD556FBEFE0E7F228
RAW_GRID_T100_S020_GATE90_DAVID_CONTRA,david_contra,RAW_GRID_T100_S020_GATE90_DAVID_CONTRA|EURJPY|LONG|7,EURJPY,LONG,target,2022-01-13T03:13:00.000Z,2022-01-13T04:03:00.000Z,2022-01-10T00:00:00.000Z,1,0,0,0.119166,0.872955,-0.06,-0.003184,0.809771,0,0.119166,6,7,0.034722,0.2,,EC38B85BC9B917968DF87E7565C357C286997CE16922A54EBBDD695A2EC2A5E6
RAW_GRID_T100_S020_GATE90_DAVID_CONTRA,david_contra,RAW_GRID_T100_S020_GATE90_DAVID_CONTRA|EURJPY|LONG|8,EURJPY,LONG,target,2022-01-13T12:10:00.000Z,2022-01-13T14:41:00.000Z,2022-01-10T00:00:00.000Z,2,1,0,0.121625,0.893058,-0.12,-0.01522,0.757838,-0.438202,0.121625,7,8,0.104861,0.2,,D5974988786903F9F7E94826C25A3412B9D55C3FDAF44284466AE39106921A37
RAW_GRID_T100_S020_GATE90_DAVID_CONTRA,david_contra,RAW_GRID_T100_S020_GATE90_DAVID_CONTRA|EURJPY|LONG|9,EURJPY,LONG,target,2022-01-13T15:20:00.000Z,2022-01-13T18:09:00.000Z,2022-01-10T00:00:00.000Z,3,2,0,0.251204,1.84011,-0.18,-0.023689,1.636421,-0.622539,0.251204,8,9,0.117361,0.2,,A52495863276A82A8DE1015A95CBCED3D2015B6E560796BCE8A4FEB4F35BBFA6
RAW_GRID_T100_S020_GATE90_DAVID_CONTRA,david_contra,RAW_GRID_T100_S020_GATE90_DAVID_CONTRA|EURJPY|LONG|10,EURJPY,LONG,session_flatten,2022-01-13T20:00:00.000Z,2022-01-13T21:00:00.000Z,2022-01-10T00:00:00.000Z,1,0,0,-0.038213,-0.280358,-0.06,-0.003821,-0.344179,-0.097921,0.017912,9,,0.041667,0.2,,97BE5289DA344E1042EB7B910F56BA63F0AE546A690FD0126C97CE949371AD38
RAW_GRID_T100_S020_GATE90_DAVID_CONTRA,david_contra,RAW_GRID_T100_S020_GATE90_DAVID_CONTRA|EURJPY|LONG|11,EURJPY,LONG,target,2022-01-14T00:03:00.000Z,2022-01-14T00:11:00.000Z,2022-01-10T00:00:00.000Z,1,0,0,0.149371,1.095259,-0.06,-0.000509,1.034749,-0.004779,0.149371,9,10,0.005556,0.2,,3A91E0A525AA4B05F48A8483AAB30DD5D72B29D607D96087B9AB0A72FB131C81
RAW_GRID_T100_S020_GATE90_DAVID_CONTRA,david_contra,RAW_GRID_T100_S020_GATE90_DAVID_CONTRA|EURJPY|LONG|12,EURJPY,LONG,target,2022-01-14T00:33:00.000Z,2022-01-14T00:37:00.000Z,2022-01-10T00:00:00.000Z,1,0,0,0.102747,0.75357,-0.06,-0.000255,0.693315,0,0.102747,10,11,0.002778,0.2,,ED6AD55E0F139631DD74D5C06ADA0C1719366E5417EAEAF29ED953AA174DD3EE
RAW_GRID_T100_S020_GATE90_DAVID_CONTRA,david_contra,RAW_GRID_T100_S020_GATE90_DAVID_CONTRA|EURJPY|LONG|13,EURJPY,LONG,target,2022-01-14T00:49:00.000Z,2022-01-14T04:25:00.000Z,2022-01-10T00:00:00.000Z,2,1,0,0.024048,0.175774,-0.12,-0.02681,0.028965,-0.430295,0.234481,11,12,0.15,0.2,,C614379866CA6043A37F0074CE7F385E91BE11E554D8A62A1F03DD9862BDCCFB
RAW_GRID_T100_S020_GATE90_DAVID_CONTRA,david_contra,RAW_GRID_T100_S020_GATE90_DAVID_CONTRA|EURJPY|LONG|14,EURJPY,LONG,target,2022-01-14T04:58:00.000Z,2022-01-14T05:38:00.000Z,2022-01-10T00:00:00.000Z,1,0,0,0.090928,0.668278,-0.06,-0.002547,0.605731,-0.052641,0.090928,12,13,0.027778,0.2,,59319BBC44C5FC21B22492EA775B80515395C878833DA0F7E654AFA5EA9A3B21
RAW_GRID_T100_S020_GATE90_DAVID_CONTRA,david_contra,RAW_GRID_T100_S020_GATE90_DAVID_CONTRA|EURJPY|LONG|15,EURJPY,LONG,target,2022-01-14T07:26:00.000Z,2022-01-14T08:11:00.000Z,2022-01-10T00:00:00.000Z,1,0,0,0.149632,1.098522,-0.06,-0.002866,1.035656,-0.061049,0.149632,13,14,0.03125,0.2,,2E63DCD486D791D964B415815437A3444C6375F341EE9BB8B1FB428415157039
RAW_GRID_T100_S020_GATE90_DAVID_CONTRA,david_contra,RAW_GRID_T100_S020_GATE90_DAVID_CONTRA|EURJPY|LONG|16,EURJPY,LONG,target,2022-01-14T11:49:00.000Z,2022-01-14T14:39:00.000Z,2022-01-10T00:00:00.000Z,4,3,0,0.244941,1.785273,-0.24,-0.027192,1.518081,-1.73204,0.244941,14,15,0.118056,0.2,,53B4A2B69ADFEBC894216F3052EC6341A05E099A6AAE1FCFD4512B650B540C20
RAW_GRID_T100_S020_GATE90_DAVID_CONTRA,david_contra,RAW_GRID_T100_S020_GATE90_DAVID_CONTRA|EURJPY|LONG|17,EURJPY,LONG,target,2022-01-14T15:01:00.000Z,2022-01-14T15:05:00.000Z,2022-01-10T00:00:00.000Z,1,0,0,0.111691,0.817213,-0.06,-0.000255,0.756958,-0.002402,0.111691,15,16,0.002778,0.2,,5A1B3ADAEE54A4DD9073AA87B93C9A3CB4E4B18CC905FCE02CF14DDD3D6E1B6B
RAW_GRID_T100_S020_GATE90_DAVID_CONTRA,david_contra,RAW_GRID_T100_S020_GATE90_DAVID_CONTRA|EURNZD|LONG|1,EURNZD,LONG,target,2022-01-10T18:52:00.000Z,2022-01-10T19:47:00.000Z,2022-01-10T00:00:00.000Z,1,0,0,0.110657,0.756512,-0.06,-0.003502,0.693009,-0.011856,0.110657,0,1,0.038194,0.2,,7154E7E38832E6669EE778B501195F2820DD35EB191C057F769D217C58C0D335
RAW_GRID_T100_S020_GATE90_DAVID_CONTRA,david_contra,RAW_GRID_T100_S020_GATE90_DAVID_CONTRA|EURNZD|LONG|2,EURNZD,LONG,target,2022-01-10T20:00:00.000Z,2022-01-10T20:07:00.000Z,2022-01-10T00:00:00.000Z,1,0,0,0.111642,0.763114,-0.06,-0.000446,0.702668,-0.014819,0.111642,1,2,0.004861,0.2,,637E526246ED7AE4EFE3D13BB49E292FD6C464B5D63C43974D81AA58895700DD
RAW_GRID_T100_S020_GATE90_DAVID_CONTRA,david_contra,RAW_GRID_T100_S020_GATE90_DAVID_CONTRA|EURNZD|LONG|3,EURNZD,LONG,session_flatten,2022-01-10T20:33:00.000Z,2022-01-10T21:00:00.000Z,2022-01-10T00:00:00.000Z,1,0,0,-0.112626,-0.770995,-0.06,-0.001719,-0.832715,-0.160048,0.027662,2,,0.01875,0.2,,93DD1D18F343CF06DE8B82771633FD76CE98BC83DBF5820E174155B9B52A9770
RAW_GRID_T100_S020_GATE90_DAVID_CONTRA,david_contra,RAW_GRID_T100_S020_GATE90_DAVID_CONTRA|EURNZD|LONG|4,EURNZD,LONG,target,2022-01-10T23:05:00.000Z,2022-01-11T01:27:00.000Z,2022-01-10T00:00:00.000Z,2,1,0,0.27608,1.888152,-0.12,-0.011208,1.756944,-0.200666,0.27608,2,3,0.098611,0.2,,9DFD59C2666123D728E3101CED1F38E7EF5B882796E5F7716DE3F213E1ABBBA2
RAW_GRID_T100_S020_GATE90_DAVID_CONTRA,david_contra,RAW_GRID_T100_S020_GATE90_DAVID_CONTRA|EURNZD|LONG|5,EURNZD,LONG,target,2022-01-11T03:09:00.000Z,2022-01-11T04:01:00.000Z,2022-01-10T00:00:00.000Z,1,0,0,0.107786,0.73795,-0.06,-0.003311,0.674638,-0.033622,0.107786,3,4,0.036111,0.2,,92743C39B2629BA61648A4217200DC5B82D09093E9D69B695689DAEC6BDB7CA2
RAW_GRID_T100_S020_GATE90_DAVID_CONTRA,david_contra,RAW_GRID_T100_S020_GATE90_DAVID_CONTRA|EURNZD|LONG|6,EURNZD,LONG,target,2022-01-11T07:55:00.000Z,2022-01-11T08:11:00.000Z,2022-01-10T00:00:00.000Z,1,0,0,0.139443,0.954847,-0.06,-0.001019,0.893828,0,0.139443,4,5,0.011111,0.2,,873B14AFC924B0A937FFA517ABF7BFFAAA7E463DB00C72104E477F5DEC033318
RAW_GRID_T100_S020_GATE90_DAVID_CONTRA,david_contra,RAW_GRID_T100_S020_GATE90_DAVID_CONTRA|EURNZD|LONG|7,EURNZD,LONG,target,2022-01-11T08:16:00.000Z,2022-01-11T08:51:00.000Z,2022-01-10T00:00:00.000Z,1,0,0,0.105804,0.724731,-0.06,-0.002229,0.662502,-0.040542,0.105804,5,6,0.024306,0.2,,9C0E4884DFD7094C24443B06EC8F8EFEC8DE9B01F59AA2D7B21B07A7BD4DC3F2
RAW_GRID_T100_S020_GATE90_DAVID_CONTRA,david_contra,RAW_GRID_T100_S020_GATE90_DAVID_CONTRA|EURNZD|LONG|8,EURNZD,LONG,target,2022-01-11T09:04:00.000Z,2022-01-11T09:11:00.000Z,2022-01-10T00:00:00.000Z,1,0,0,0.102841,0.704548,-0.06,-0.000446,0.644103,0,0.102841,6,7,0.004861,0.2,,304068EB111D7D26A99505D91982280042C2F9F93C057E26AC877C3777AE8C4D
RAW_GRID_T100_S020_GATE90_DAVID_CONTRA,david_contra,RAW_GRID_T100_S020_GATE90_DAVID_CONTRA|EURNZD|LONG|9,EURNZD,LONG,target,2022-01-11T09:18:00.000Z,2022-01-11T10:22:00.000Z,2022-01-10T00:00:00.000Z,2,1,0,0.306917,2.09833,-0.12,-0.006177,1.972153,-0.225466,0.306917,7,8,0.044444,0.2,,4A4447DFA69F8847932B62020CAA5FF523B35974404F8D3F35540736A0E75F38
RAW_GRID_T100_S020_GATE90_DAVID_CONTRA,david_contra,RAW_GRID_T100_S020_GATE90_DAVID_CONTRA|EURNZD|LONG|10,EURNZD,LONG,target,2022-01-11T10:28:00.000Z,2022-01-11T10:34:00.000Z,2022-01-10T00:00:00.000Z,1,0,0,0.113773,0.778,-0.06,-0.000382,0.717617,0,0.113773,8,9,0.004167,0.2,,4C0FB059C9BF1804F5E42F5917513818F4438B49D39E2483B7D99925CB196B06
RAW_GRID_T100_S020_GATE90_DAVID_CONTRA,david_contra,RAW_GRID_T100_S020_GATE90_DAVID_CONTRA|EURNZD|LONG|11,EURNZD,LONG,session_flatten,2022-01-11T17:15:00.000Z,2022-01-11T21:00:00.000Z,2022-01-10T00:00:00.000Z,2,1,0,0.007051,0.047493,-0.12,-0.020187,-0.092694,-0.23808,0.190898,9,,0.15625,0.2,,DE779F9DA243472183FD5B5264BD9A683C5CE623F047DD27B74751BE39D0D0DF
RAW_GRID_T100_S020_GATE90_DAVID_CONTRA,david_contra,RAW_GRID_T100_S020_GATE90_DAVID_CONTRA|EURNZD|LONG|12,EURNZD,LONG,target,2022-01-11T23:05:00.000Z,2022-01-12T00:04:00.000Z,2022-01-10T00:00:00.000Z,1,0,0,0.13049,0.89554,-0.06,-0.003757,0.831783,-0.062279,0.13049,9,10,0.040972,0.2,,67C97E1DEB4FF6D8466A940A6A0B4F763438A93FE49EA23C382A7DA6F8B9487B
RAW_GRID_T100_S020_GATE90_DAVID_CONTRA,david_contra,RAW_GRID_T100_S020_GATE90_DAVID_CONTRA|EURNZD|LONG|13,EURNZD,LONG,target,2022-01-12T00:32:00.000Z,2022-01-12T01:19:00.000Z,2022-01-10T00:00:00.000Z,1,0,0,0.105786,0.725759,-0.06,-0.002993,0.662766,-0.061297,0.105786,10,11,0.032639,0.2,,D02F6B66205C290051A168468DFE8323EBE9650829039B95CF7A0A166F7087EF
RAW_GRID_T100_S020_GATE90_DAVID_CONTRA,david_contra,RAW_GRID_T100_S020_GATE90_DAVID_CONTRA|EURNZD|LONG|14,EURNZD,LONG,target,2022-01-12T01:42:00.000Z,2022-01-12T01:48:00.000Z,2022-01-10T00:00:00.000Z,1,0,0,0.111731,0.766787,-0.06,-0.000382,0.706405,0,0.111731,11,12,0.004167,0.2,,98D755C461234445C106BA658C4B649A2B4E4A7B476491BAC211BCE4EB5B2D8A
RAW_GRID_T100_S020_GATE90_DAVID_CONTRA,david_contra,RAW_GRID_T100_S020_GATE90_DAVID_CONTRA|EURNZD|LONG|15,EURNZD,LONG,target,2022-01-12T03:58:00.000Z,2022-01-12T07:55:00.000Z,2022-01-10T00:00:00.000Z,1,0,0,0.067242,0.46112,-0.06,-0.015092,0.386028,-0.123608,0.067242,12,13,0.164583,0.2,,BBECCFB52D952EE4FE8A2DBE3BBC6D3983600EF9D27ED2525F350BDD2F517E23
RAW_GRID_T100_S020_GATE90_DAVID_CONTRA,david_contra,RAW_GRID_T100_S020_GATE90_DAVID_CONTRA|EURNZD|LONG|16,EURNZD,LONG,target,2022-01-12T11:03:00.000Z,2022-01-12T11:32:00.000Z,2022-01-10T00:00:00.000Z,1,0,0,0.128557,0.881713,-0.06,-0.001847,0.819866,-0.015822,0.128557,13,14,0.020139,0.2,,1747BCA183E6A6C62F70EEC1A560C72ABA97A9A5E5BF91E0F8054CC86BF47901
RAW_GRID_T100_S020_GATE90_DAVID_CONTRA,david_contra,RAW_GRID_T100_S020_GATE90_DAVID_CONTRA|EURNZD|LONG|17,EURNZD,LONG,target,2022-01-12T13:36:00.000Z,2022-01-12T13:42:00.000Z,2022-01-10T00:00:00.000Z,1,0,0,0.149326,1.028555,-0.06,-0.000382,0.968173,0,0.149326,14,15,0.004167,0.2,,BC4CA22DF597D5F4D63936DE089C86C6782333CDB381033C941CD81D3083BAFB
RAW_GRID_T100_S020_GATE90_DAVID_CONTRA,david_contra,RAW_GRID_T100_S020_GATE90_DAVID_CONTRA|EURNZD|LONG|18,EURNZD,LONG,target,2022-01-12T13:44:00.000Z,2022-01-12T13:54:00.000Z,2022-01-10T00:00:00.000Z,1,0,0,0.127545,0.8782,-0.06,-0.000637,0.817564,0,0.127545,15,16,0.006944,0.2,,21496D76BFC7820FEB9DBBEB5CFD3D9307EC87D5E3A2A2A6D39B0B413D620796
RAW_GRID_T100_S020_GATE90_DAVID_CONTRA,david_contra,RAW_GRID_T100_S020_GATE90_DAVID_CONTRA|EURNZD|LONG|19,EURNZD,LONG,target,2022-01-12T14:04:00.000Z,2022-01-12T18:16:00.000Z,2022-01-10T00:00:00.000Z,4,3,0,0.047776,0.32168,-0.24,-0.055338,0.026342,-1.259667,0.047776,16,17,0.175,0.2,,B1A7CE2A5CC3CB499C2B2A813039FA1844DF4180ED368EDC53DA751AABEA817B
RAW_GRID_T100_S020_GATE90_DAVID_CONTRA,david_contra,RAW_GRID_T100_S020_GATE90_DAVID_CONTRA|EURNZD|LONG|20,EURNZD,LONG,target,2022-01-13T00:41:00.000Z,2022-01-13T01:34:00.000Z,2022-01-10T00:00:00.000Z,1,0,0,0.088269,0.609687,-0.06,-0.003375,0.546312,-0.103145,0.08926,17,18,0.036806,0.2,,F02C4D58C563B4307BBB0E5EE99D77BF6C2D6D30E77BD5EA41D289F195C52557
RAW_GRID_T100_S020_GATE90_DAVID_CONTRA,david_contra,RAW_GRID_T100_S020_GATE90_DAVID_CONTRA|EURNZD|LONG|21,EURNZD,LONG,target,2022-01-13T02:50:00.000Z,2022-01-13T16:20:00.000Z,2022-01-10T00:00:00.000Z,3,2,0,0.031284,0.213262,-0.18,-0.08495,-0.051688,-0.799943,0.031284,18,19,0.5625,0.2,,A09C30A9F827F538DB15999406A4A563394241CEF7E73F3231580AA4E421EB96
RAW_GRID_T100_S020_GATE90_DAVID_CONTRA,david_contra,RAW_GRID_T100_S020_GATE90_DAVID_CONTRA|EURNZD|LONG|22,EURNZD,LONG,target,2022-01-13T16:54:00.000Z,2022-01-13T17:02:00.000Z,2022-01-10T00:00:00.000Z,1,0,0,0.110365,0.763451,-0.06,-0.000509,0.702941,-0.005965,0.110365,19,20,0.005556,0.2,,A811037CA9A6234562A04507622A4EA7272A91A054384A26ADA7C4437766BF3C
RAW_GRID_T100_S020_GATE90_DAVID_CONTRA,david_contra,RAW_GRID_T100_S020_GATE90_DAVID_CONTRA|EURNZD|LONG|23,EURNZD,LONG,target,2022-01-14T06:05:00.000Z,2022-01-14T07:45:00.000Z,2022-01-10T00:00:00.000Z,1,0,0,0.096132,0.665437,-0.06,-0.006368,0.599069,-0.083249,0.096132,20,21,0.069444,0.2,,4C4258E804A40B1EFBB90DCD96143EA1E759E62EC546D5D42994BD37CD736ABE
RAW_GRID_T100_S020_GATE90_DAVID_CONTRA,david_contra,RAW_GRID_T100_S020_GATE90_DAVID_CONTRA|EURNZD|LONG|24,EURNZD,LONG,target,2022-01-14T07:47:00.000Z,2022-01-14T08:52:00.000Z,2022-01-10T00:00:00.000Z,2,1,0,0.307541,2.128394,-0.12,-0.006241,2.002153,-0.239866,0.307541,21,22,0.045139,0.2,,B3FBBD5322ADBF98E9DEFC7D3683C7DD27A53F4E72C0FDE093FCD35D32C9E070
RAW_GRID_T100_S020_GATE90_DAVID_CONTRA,david_contra,RAW_GRID_T100_S020_GATE90_DAVID_CONTRA|EURUSD|LONG|1,EURUSD,LONG,target,2022-01-10T14:03:00.000Z,2022-01-10T15:35:00.000Z,2022-01-10T00:00:00.000Z,1,0,0,0.264819,1.849995,-0.06,-0.005859,1.784137,-0.148872,0.264819,0,1,0.063889,0.2,,DE3F82E473A9C3DCE72F0F46CBDD56C327A121026187B0794DBF56A737BA88CC
RAW_GRID_T100_S020_GATE90_DAVID_CONTRA,david_contra,RAW_GRID_T100_S020_GATE90_DAVID_CONTRA|EURUSD|LONG|2,EURUSD,LONG,target,2022-01-11T10:28:00.000Z,2022-01-11T10:39:00.000Z,2022-01-10T00:00:00.000Z,1,0,0,0.119899,0.840004,-0.06,-0.0007,0.779304,-0.02141,0.119899,1,2,0.007639,0.2,,7227AA92BB2874D4B1782DF46FC8F4CD73DAC7BC28454BA9BA6C91DA9170E6F9
RAW_GRID_T100_S020_GATE90_DAVID_CONTRA,david_contra,RAW_GRID_T100_S020_GATE90_DAVID_CONTRA|EURUSD|LONG|3,EURUSD,LONG,target,2022-01-11T10:55:00.000Z,2022-01-11T11:36:00.000Z,2022-01-10T00:00:00.000Z,1,0,0,0.114184,0.800002,-0.06,-0.002611,0.737391,-0.034256,0.114184,2,3,0.028472,0.2,,F7F0E11EABF0EABE0BA73A09A0238328DCD87949CCDC72B38596FFE8A01B96BA
RAW_GRID_T100_S020_GATE90_DAVID_CONTRA,david_contra,RAW_GRID_T100_S020_GATE90_DAVID_CONTRA|EURUSD|LONG|4,EURUSD,LONG,target,2022-01-11T13:02:00.000Z,2022-01-11T13:08:00.000Z,2022-01-10T00:00:00.000Z,1,0,0,0.105616,0.739999,-0.06,-0.000382,0.679617,0,0.105616,3,4,0.004167,0.2,,221A6CEF677CEA63903EB09CF5D19B208AE11B9FDD5E790EE67D2A3D4C2614EB
RAW_GRID_T100_S020_GATE90_DAVID_CONTRA,david_contra,RAW_GRID_T100_S020_GATE90_DAVID_CONTRA|EURUSD|LONG|5,EURUSD,LONG,target,2022-01-11T13:39:00.000Z,2022-01-11T15:06:00.000Z,2022-01-10T00:00:00.000Z,2,1,0,0.355749,2.489997,-0.12,-0.006814,2.363183,-0.238373,0.355749,4,5,0.060417,0.2,,36EF5C5CADAA0928DCE86504D3E6747C339C282BD3A4A7B4A51D722FAE2A3B3D
RAW_GRID_T100_S020_GATE90_DAVID_CONTRA,david_contra,RAW_GRID_T100_S020_GATE90_DAVID_CONTRA|EURUSD|LONG|6,EURUSD,LONG,target,2022-01-12T10:46:00.000Z,2022-01-12T12:08:00.000Z,2022-01-10T00:00:00.000Z,1,0,0,0.125289,0.879999,-0.06,-0.005222,0.814777,-0.025628,0.125289,5,6,0.056944,0.2,,93DB72147D85E9AB5750FAF974FA7E922B2F4CF0DAEFD091D7172E1368D3605F
RAW_GRID_T100_S020_GATE90_DAVID_CONTRA,david_contra,RAW_GRID_T100_S020_GATE90_DAVID_CONTRA|EURUSD|SHORT|7,EURUSD,SHORT,session_flatten,2022-01-12T13:41:00.000Z,2022-01-12T21:00:00.000Z,2022-01-10T00:00:00.000Z,4,3,0,-1.720074,-12.140012,-0.24,0.009625,-12.370387,-1.855993,0.324466,0,,0.304861,0.2,,7DE483FA656ADAF572C49F9331238A1EA1C3AA7AAF61CDE3DEE14164E0C9F58A
RAW_GRID_T100_S020_GATE90_DAVID_CONTRA,david_contra,RAW_GRID_T100_S020_GATE90_DAVID_CONTRA|EURUSD|SHORT|8,EURUSD,SHORT,target,2022-01-12T23:05:00.000Z,2022-01-13T10:44:00.000Z,2022-01-10T00:00:00.000Z,3,2,0,0.013542,0.099998,-0.18,0.007292,-0.072711,-0.87126,0.096088,0,1,0.485417,0.2,,02EF525362DEBD3FFF184167167E309330E335451154B7F1CDDE03B48190D609
RAW_GRID_T100_S020_GATE90_DAVID_CONTRA,david_contra,RAW_GRID_T100_S020_GATE90_DAVID_CONTRA|EURUSD|SHORT|9,EURUSD,SHORT,target,2022-01-13T11:22:00.000Z,2022-01-13T11:30:00.000Z,2022-01-10T00:00:00.000Z,1,0,0,0.10432,0.739999,-0.06,0.000056,0.680055,-0.004229,0.10432,1,2,0.005556,0.2,,FCA7A95539A9DDCD41A76F6384B9856BBA95278CFADBD1D3F840D900811528B1
RAW_GRID_T100_S020_GATE90_DAVID_CONTRA,david_contra,RAW_GRID_T100_S020_GATE90_DAVID_CONTRA|EURUSD|SHORT|10,EURUSD,SHORT,target,2022-01-13T14:00:00.000Z,2022-01-13T15:21:00.000Z,2022-01-10T00:00:00.000Z,1,0,0,0.098659,0.699998,-0.06,0.000562,0.64056,-0.138124,0.098659,2,3,0.05625,0.2,,1C52A013A8035BAFD555BE946B8FD86E18345693B44A51DC67BAF34C7B6BF67D
RAW_GRID_T100_S020_GATE90_DAVID_CONTRA,david_contra,RAW_GRID_T100_S020_GATE90_DAVID_CONTRA|EURUSD|SHORT|11,EURUSD,SHORT,target,2022-01-13T16:26:00.000Z,2022-01-13T16:47:00.000Z,2022-01-10T00:00:00.000Z,1,0,0,0.101491,0.719999,-0.06,0.000146,0.660144,-0.019734,0.101491,3,4,0.014583,0.2,,56654956B275778F9ED7B2613F838188866D5F843CAA252D362592EB10F037F9
RAW_GRID_T100_S020_GATE90_DAVID_CONTRA,david_contra,RAW_GRID_T100_S020_GATE90_DAVID_CONTRA|EURUSD|SHORT|12,EURUSD,SHORT,target,2022-01-14T02:56:00.000Z,2022-01-14T07:12:00.000Z,2022-01-10T00:00:00.000Z,1,0,0,0.069076,0.490002,-0.06,0.001778,0.43178,-0.183261,0.069076,4,5,0.177778,0.2,,F6827FB7995B7E9FC4B6F3EDDD490D511CABDD264C0A1E0E5F25AE9AC29EEAFF
RAW_GRID_T100_S020_GATE90_DAVID_CONTRA,david_contra,RAW_GRID_T100_S020_GATE90_DAVID_CONTRA|EURUSD|SHORT|13,EURUSD,SHORT,target,2022-01-14T08:43:00.000Z,2022-01-14T08:56:00.000Z,2022-01-10T00:00:00.000Z,1,0,0,0.116954,0.829997,-0.06,0.00009,0.770087,0,0.116954,5,6,0.009028,0.2,,15142CEBFC687C3B68B572BFE85728C78262777D5431950C8B20F0A2B7BA21CD
RAW_GRID_T100_S020_GATE90_DAVID_CONTRA,david_contra,RAW_GRID_T100_S020_GATE90_DAVID_CONTRA|GBPAUD|SHORT|1,GBPAUD,SHORT,target,2022-01-10T12:16:00.000Z,2022-01-10T13:35:00.000Z,2022-01-10T00:00:00.000Z,1,0,0,0.074638,0.588518,-0.06,0.000549,0.529067,-0.134712,0.100124,0,1,0.054861,0.2,,7DEFA58E9FAC8792D8485AFA93BC45837A0783C0FF45D94A0796E2F249517E74
RAW_GRID_T100_S020_GATE90_DAVID_CONTRA,david_contra,RAW_GRID_T100_S020_GATE90_DAVID_CONTRA|GBPAUD|SHORT|2,GBPAUD,SHORT,target,2022-01-10T14:39:00.000Z,2022-01-10T16:29:00.000Z,2022-01-10T00:00:00.000Z,3,2,0,0.416656,3.291302,-0.18,0.001583,3.112886,-0.81586,0.416656,1,2,0.076389,0.2,,E9D5E0413D613CF7EE5E52B08E6C5B82CB9420675E360E2BECBFD7ACEF8CAD8B
RAW_GRID_T100_S020_GATE90_DAVID_CONTRA,david_contra,RAW_GRID_T100_S020_GATE90_DAVID_CONTRA|GBPAUD|SHORT|3,GBPAUD,SHORT,target,2022-01-10T16:53:00.000Z,2022-01-10T16:59:00.000Z,2022-01-10T00:00:00.000Z,1,0,0,0.107245,0.846038,-0.06,0.000042,0.78608,-0.019086,0.107245,2,3,0.004167,0.2,,E44715162A4133E72047C5B257836BF183EAAA9CC80617C42E6CA94069746283
RAW_GRID_T100_S020_GATE90_DAVID_CONTRA,david_contra,RAW_GRID_T100_S020_GATE90_DAVID_CONTRA|GBPAUD|SHORT|4,GBPAUD,SHORT,target,2022-01-10T18:12:00.000Z,2022-01-10T18:53:00.000Z,2022-01-10T00:00:00.000Z,1,0,0,0.110866,0.875055,-0.06,0.000285,0.81534,-0.009996,0.110866,3,4,0.028472,0.2,,3C391B605E2F66B382948CC702C01F2FF91C862B3D5F6AB37CB76001D2F368FE
RAW_GRID_T100_S020_GATE90_DAVID_CONTRA,david_contra,RAW_GRID_T100_S020_GATE90_DAVID_CONTRA|GBPAUD|SHORT|5,GBPAUD,SHORT,target,2022-01-10T19:49:00.000Z,2022-01-10T20:00:00.000Z,2022-01-10T00:00:00.000Z,1,0,0,0.094501,0.745332,-0.06,0.000076,0.685408,-0.038165,0.094501,4,5,0.007639,0.2,,A7C5BDE04F3FFB432D1AE69433158ABEACEDF2478361291889D435BDBE2FE3AC
RAW_GRID_T100_S020_GATE90_DAVID_CONTRA,david_contra,RAW_GRID_T100_S020_GATE90_DAVID_CONTRA|GBPAUD|SHORT|6,GBPAUD,SHORT,target,2022-01-11T06:31:00.000Z,2022-01-11T07:20:00.000Z,2022-01-10T00:00:00.000Z,2,1,0,0.34881,2.758468,-0.12,0.000535,2.639002,-0.203659,0.34881,5,6,0.034028,0.2,,F9935D758C89067A9958F9F0AD4099ABC9F70D07739ED74D356357B1F78B77D0
RAW_GRID_T100_S020_GATE90_DAVID_CONTRA,david_contra,RAW_GRID_T100_S020_GATE90_DAVID_CONTRA|GBPAUD|SHORT|7,GBPAUD,SHORT,target,2022-01-11T08:06:00.000Z,2022-01-11T08:06:00.000Z,2022-01-10T00:00:00.000Z,1,0,0,0.177208,1.401793,-0.06,0,1.341793,0,0.177208,6,7,0,0.2,,B9F942EA2E7EFECA7938E435E122C070423B986DD5EF99E7AE4DBE2B5A5E0207
RAW_GRID_T100_S020_GATE90_DAVID_CONTRA,david_contra,RAW_GRID_T100_S020_GATE90_DAVID_CONTRA|GBPAUD|SHORT|8,GBPAUD,SHORT,target,2022-01-11T08:06:00.000Z,2022-01-11T09:35:00.000Z,2022-01-10T00:00:00.000Z,2,1,0,0.236072,1.86872,-0.12,0.001035,1.749755,-0.269026,0.236072,7,8,0.061806,0.2,,E7E9969812BB466D253891ABD50028516C22DD6D1CB0F2BFC415D3CF0FAB009C
RAW_GRID_T100_S020_GATE90_DAVID_CONTRA,david_contra,RAW_GRID_T100_S020_GATE90_DAVID_CONTRA|GBPAUD|SHORT|9,GBPAUD,SHORT,target,2022-01-11T09:46:00.000Z,2022-01-11T11:26:00.000Z,2022-01-10T00:00:00.000Z,1,0,0,0.039973,0.315838,-0.06,0.000694,0.256533,-0.145359,0.076313,8,9,0.069444,0.2,,C86A373B122E16E4D50162B1B09BF3648EC083784148362422F8792677DDF7A3
RAW_GRID_T100_S020_GATE90_DAVID_CONTRA,david_contra,RAW_GRID_T100_S020_GATE90_DAVID_CONTRA|GBPAUD|SHORT|10,GBPAUD,SHORT,target,2022-01-11T11:39:00.000Z,2022-01-11T11:52:00.000Z,2022-01-10T00:00:00.000Z,1,0,0,0.120762,0.954839,-0.06,0.00009,0.894929,-0.018159,0.120762,9,10,0.009028,0.2,,36FE2FF820BBB8DF42E8B6A6232D433B1CFC0EADF2923C0F6EE7E9E9D013F29E
RAW_GRID_T100_S020_GATE90_DAVID_CONTRA,david_contra,RAW_GRID_T100_S020_GATE90_DAVID_CONTRA|GBPAUD|SHORT|11,GBPAUD,SHORT,target,2022-01-11T14:06:00.000Z,2022-01-11T14:52:00.000Z,2022-01-10T00:00:00.000Z,1,0,0,0.076278,0.60132,-0.06,0.000319,0.54164,-0.123495,0.08899,10,11,0.031944,0.2,,3A11E22715969C324B76402DA4F5CB74288B94E12EDABC26D5C0C6DD694A3594
RAW_GRID_T100_S020_GATE90_DAVID_CONTRA,david_contra,RAW_GRID_T100_S020_GATE90_DAVID_CONTRA|GBPAUD|SHORT|12,GBPAUD,SHORT,target,2022-01-11T14:55:00.000Z,2022-01-11T15:01:00.000Z,2022-01-10T00:00:00.000Z,1,0,0,0.195198,1.54009,-0.06,0.000042,1.480131,-0.053566,0.195198,11,12,0.004167,0.2,,B167C3CB8B214CE20993C4BC2430ED1A0701CFBE94F8887021C9DD1F792198E3
RAW_GRID_T100_S020_GATE90_DAVID_CONTRA,david_contra,RAW_GRID_T100_S020_GATE90_DAVID_CONTRA|GBPAUD|SHORT|13,GBPAUD,SHORT,target,2022-01-11T15:51:00.000Z,2022-01-11T16:04:00.000Z,2022-01-10T00:00:00.000Z,1,0,0,0.121652,0.962604,-0.06,0.00009,0.902695,-0.014525,0.121652,12,13,0.009028,0.2,,4DEB322E2BE389B6976E21E36AF522F19D9F5881E8DDCF70238DAA07A412891F
RAW_GRID_T100_S020_GATE90_DAVID_CONTRA,david_contra,RAW_GRID_T100_S020_GATE90_DAVID_CONTRA|GBPAUD|SHORT|14,GBPAUD,SHORT,target,2022-01-11T16:07:00.000Z,2022-01-11T16:16:00.000Z,2022-01-10T00:00:00.000Z,1,0,0,0.152524,1.207648,-0.06,0.000063,1.147711,-0.000908,0.152524,13,14,0.00625,0.2,,AE967A153B9B6FC84A68D803B09A12002C9F8685907EDEFEFE0327291A056ED1
RAW_GRID_T100_S020_GATE90_DAVID_CONTRA,david_contra,RAW_GRID_T100_S020_GATE90_DAVID_CONTRA|GBPAUD|SHORT|15,GBPAUD,SHORT,target,2022-01-12T07:54:00.000Z,2022-01-12T08:23:00.000Z,2022-01-10T00:00:00.000Z,1,0,0,0.109148,0.865052,-0.06,0.000201,0.805253,-0.070038,0.109148,14,15,0.020139,0.2,,1D9BD19630F9B116167BEDC32195650D3C19832137F6E228A93A8221F3B9B29B
RAW_GRID_T100_S020_GATE90_DAVID_CONTRA,david_contra,RAW_GRID_T100_S020_GATE90_DAVID_CONTRA|GBPAUD|SHORT|16,GBPAUD,SHORT,target,2022-01-12T08:28:00.000Z,2022-01-12T09:23:00.000Z,2022-01-10T00:00:00.000Z,1,0,0,0.094581,0.749594,-0.06,0.000382,0.689975,-0.087305,0.094581,15,16,0.038194,0.2,,7CF254467C300B854FA169BEE02A41E150D9FA864FD5D69CF2BED447A18EEB1A
RAW_GRID_T100_S020_GATE90_DAVID_CONTRA,david_contra,RAW_GRID_T100_S020_GATE90_DAVID_CONTRA|GBPAUD|SHORT|17,GBPAUD,SHORT,target,2022-01-12T13:31:00.000Z,2022-01-12T13:31:00.000Z,2022-01-10T00:00:00.000Z,1,0,0,0.147319,1.168149,-0.06,0,1.108149,0,0.147319,16,17,0,0.2,,3831BB2CB9D0A837C1BBF529B7DD17801C7DDD7B3DD53FF3F798BEE3157D07B5
RAW_GRID_T100_S020_GATE90_DAVID_CONTRA,david_contra,RAW_GRID_T100_S020_GATE90_DAVID_CONTRA|GBPAUD|LONG|18,GBPAUD,LONG,session_flatten,2022-01-12T14:50:00.000Z,2022-01-12T21:00:00.000Z,2022-01-10T00:00:00.000Z,2,1,0,-0.326058,-2.602054,-0.12,-0.044831,-2.766885,-0.492397,0.258867,0,,0.256944,0.2,,3C3009EC8D9E5B43F92C589046E7F36A28D0C1772797099344FD79FAD6C42E29
RAW_GRID_T100_S020_GATE90_DAVID_CONTRA,david_contra,RAW_GRID_T100_S020_GATE90_DAVID_CONTRA|GBPAUD|LONG|19,GBPAUD,LONG,target,2022-01-12T23:19:00.000Z,2022-01-12T23:39:00.000Z,2022-01-10T00:00:00.000Z,1,0,0,0.089639,0.713927,-0.06,-0.001274,0.652653,-0.014635,0.089639,0,1,0.013889,0.2,,40CC5D9DD4F17AC08AFD548ADF42226F8E7E2A5A88C3DFB41D2E363CCCEF9FEB
RAW_GRID_T100_S020_GATE90_DAVID_CONTRA,david_contra,RAW_GRID_T100_S020_GATE90_DAVID_CONTRA|GBPAUD|LONG|20,GBPAUD,LONG,target,2022-01-13T03:54:00.000Z,2022-01-13T05:40:00.000Z,2022-01-10T00:00:00.000Z,1,0,0,0.100604,1.099991,-0.06,-0.00675,1.033241,-0.064021,0.100604,1,2,0.073611,0.2,,4EDE8ACA773D08E0CC5D2BFFE3CB7736E6B87F1F632D0139D8C8AF3CADAE6DFE
RAW_GRID_T100_S020_GATE90_DAVID_CONTRA,david_contra,RAW_GRID_T100_S020_GATE90_DAVID_CONTRA|GBPAUD|LONG|21,GBPAUD,LONG,target,2022-01-13T06:12:00.000Z,2022-01-13T07:04:00.000Z,2022-01-10T00:00:00.000Z,1,0,0,0.101522,0.808789,-0.06,-0.003311,0.745477,0,0.101522,2,3,0.036111,0.2,,C255815172076C7FD4117BBD262EB2B9ACD14AC38645BEDE00C9CF46AC05454C
RAW_GRID_T100_S020_GATE90_DAVID_CONTRA,david_contra,RAW_GRID_T100_S020_GATE90_DAVID_CONTRA|GBPAUD|LONG|22,GBPAUD,LONG,target,2022-01-13T07:32:00.000Z,2022-01-13T09:19:00.000Z,2022-01-10T00:00:00.000Z,2,1,0,0.292174,2.329215,-0.12,-0.010826,2.198389,-0.242402,0.294004,3,4,0.074306,0.2,,565589BBBD29D4F6B113B7AFE37D5B20FE84F3583F9352B0C783285A81CCAE05
RAW_GRID_T100_S020_GATE90_DAVID_CONTRA,david_contra,RAW_GRID_T100_S020_GATE90_DAVID_CONTRA|GBPAUD|LONG|23,GBPAUD,LONG,target,2022-01-13T09:42:00.000Z,2022-01-13T11:01:00.000Z,2022-01-10T00:00:00.000Z,1,0,0,0.100675,0.803815,-0.06,-0.005031,0.738785,-0.104335,0.100675,4,5,0.054861,0.2,,13CEE05E6CA6FAE56D3B9C4A58211A43818EA4629CDF188C22C1C494C0DEF26D
RAW_GRID_T100_S020_GATE90_DAVID_CONTRA,david_contra,RAW_GRID_T100_S020_GATE90_DAVID_CONTRA|GBPAUD|LONG|24,GBPAUD,LONG,target,2022-01-13T12:01:00.000Z,2022-01-13T12:04:00.000Z,2022-01-10T00:00:00.000Z,1,0,0,0.123572,0.985364,-0.06,-0.000191,0.925173,-0.021052,0.123572,5,6,0.002083,0.2,,25286A651186693BF551F4650BAB60FBB7D7815624419FD19BDAEFA8774C662E
RAW_GRID_T100_S020_GATE90_DAVID_CONTRA,david_contra,RAW_GRID_T100_S020_GATE90_DAVID_CONTRA|GBPAUD|LONG|25,GBPAUD,LONG,target,2022-01-13T12:42:00.000Z,2022-01-13T13:59:00.000Z,2022-01-10T00:00:00.000Z,1,0,0,0.068656,0.547966,-0.06,-0.004903,0.483062,-0.115343,0.098865,6,7,0.053472,0.2,,FBED9A05988D78DCC7DF8194687A2BB466C304ADFBFBA31300E0C881EC524B91
RAW_GRID_T100_S020_GATE90_DAVID_CONTRA,david_contra,RAW_GRID_T100_S020_GATE90_DAVID_CONTRA|GBPAUD|LONG|26,GBPAUD,LONG,target,2022-01-13T14:13:00.000Z,2022-01-13T14:43:00.000Z,2022-01-10T00:00:00.000Z,1,0,0,0.104389,0.833451,-0.06,-0.00191,0.771541,-0.043953,0.104389,7,8,0.020833,0.2,,FC2445173CC0139B3CA867FE83DF71DA3C89FA0213A7EA1F0F7BC03D87A63E2F
RAW_GRID_T100_S020_GATE90_DAVID_CONTRA,david_contra,RAW_GRID_T100_S020_GATE90_DAVID_CONTRA|GBPAUD|LONG|27,GBPAUD,LONG,target,2022-01-14T06:00:00.000Z,2022-01-14T07:34:00.000Z,2022-01-10T00:00:00.000Z,1,0,0,0.088567,0.706111,-0.06,-0.005986,0.640125,-0.108654,0.088567,8,9,0.065278,0.2,,49AE222632B3B6A56F27F957FAD744A629C10960F8BCFF2A57CCC9A9DD6B7530
RAW_GRID_T100_S020_GATE90_DAVID_CONTRA,david_contra,RAW_GRID_T100_S020_GATE90_DAVID_CONTRA|GBPAUD|LONG|28,GBPAUD,LONG,target,2022-01-14T07:47:00.000Z,2022-01-14T08:05:00.000Z,2022-01-10T00:00:00.000Z,1,0,0,0.126022,1.005025,-0.06,-0.001146,0.943878,-0.034702,0.126022,9,10,0.0125,0.2,,C8E91ABBE3CD0B93D9BB48107C1CB2EF5F4EE2871427C179FC7C529B6D58963B
RAW_GRID_T100_S020_GATE90_DAVID_CONTRA,david_contra,RAW_GRID_T100_S020_GATE90_DAVID_CONTRA|GBPAUD|LONG|29,GBPAUD,LONG,target,2022-01-14T08:11:00.000Z,2022-01-14T08:41:00.000Z,2022-01-10T00:00:00.000Z,1,0,0,0.126039,1.00577,-0.06,-0.00191,0.943859,-0.084026,0.126039,10,11,0.020833,0.2,,E9D0A4D77EDB2CFF7A911A923DB1935A4A5EC0933844868F2E90EC34C8698D50
RAW_GRID_T100_S020_GATE90_DAVID_CONTRA,david_contra,RAW_GRID_T100_S020_GATE90_DAVID_CONTRA|GBPAUD|SHORT|30,GBPAUD,SHORT,target,2022-01-14T12:49:00.000Z,2022-01-14T14:34:00.000Z,2022-01-10T00:00:00.000Z,2,1,0,0.425226,3.387893,-0.12,0.001153,3.269046,-0.316561,0.425226,17,18,0.072917,0.2,,BD447D216B2C5A0B9D82CB3B28D0319D4284DD0F82FFEF6069AC0C941ABA9892
RAW_GRID_T100_S020_GATE90_DAVID_CONTRA,david_contra,RAW_GRID_T100_S020_GATE90_DAVID_CONTRA|GBPCAD|LONG|1,GBPCAD,LONG,target,2022-01-10T14:45:00.000Z,2022-01-10T14:49:00.000Z,2022-01-10T00:00:00.000Z,1,0,0,0.138758,1.0646,-0.06,-0.000255,1.004346,0,0.138758,0,1,0.002778,0.2,,065C985AFE87A497EFB30980FBD7F81DD7C9AA0500D0EAF936801646D2E2E439
RAW_GRID_T100_S020_GATE90_DAVID_CONTRA,david_contra,RAW_GRID_T100_S020_GATE90_DAVID_CONTRA|GBPCAD|LONG|2,GBPCAD,LONG,target,2022-01-11T00:53:00.000Z,2022-01-11T06:11:00.000Z,2022-01-10T00:00:00.000Z,1,0,0,0.090213,0.695442,-0.06,-0.02025,0.615192,-0.082011,0.090213,1,2,0.220833,0.2,,A09F9452E86F888180D5076A573177C8D9C7C45BEAC53461DA0043AB713B6078
RAW_GRID_T100_S020_GATE90_DAVID_CONTRA,david_contra,RAW_GRID_T100_S020_GATE90_DAVID_CONTRA|GBPCAD|LONG|3,GBPCAD,LONG,target,2022-01-11T06:29:00.000Z,2022-01-11T08:06:00.000Z,2022-01-10T00:00:00.000Z,1,0,0,0.198907,1.534293,-0.06,-0.006177,1.468116,-0.094327,0.198907,2,3,0.067361,0.2,,B035E71DEF210E3B9F1FFC19EE8573D919675EF39FF1782419FF407982C49C74
RAW_GRID_T100_S020_GATE90_DAVID_CONTRA,david_contra,RAW_GRID_T100_S020_GATE90_DAVID_CONTRA|GBPCAD|LONG|4,GBPCAD,LONG,target,2022-01-11T08:06:00.000Z,2022-01-11T08:06:00.000Z,2022-01-10T00:00:00.000Z,1,0,0,0.147666,1.139205,-0.06,0,1.079205,0,0.147666,3,4,0,0.2,,466B6F79F266E616B9C4EA5D364BF04E657CA584E64A88AF475E6F7F8E9EEDD4
RAW_GRID_T100_S020_GATE90_DAVID_CONTRA,david_contra,RAW_GRID_T100_S020_GATE90_DAVID_CONTRA|GBPCAD|LONG|5,GBPCAD,LONG,target,2022-01-11T09:38:00.000Z,2022-01-11T09:49:00.000Z,2022-01-10T00:00:00.000Z,1,0,0,0.101515,0.783321,-0.06,-0.0007,0.722621,-0.068702,0.101515,4,5,0.007639,0.2,,212F707CB543626355C784ADBA8743F0B583233395E36769F612935C1D322594
RAW_GRID_T100_S020_GATE90_DAVID_CONTRA,david_contra,RAW_GRID_T100_S020_GATE90_DAVID_CONTRA|GBPCAD|LONG|6,GBPCAD,LONG,target,2022-01-11T11:02:00.000Z,2022-01-11T13:53:00.000Z,2022-01-10T00:00:00.000Z,2,1,0,0.099748,0.766248,-0.12,-0.018022,0.628226,-0.509984,0.198291,5,6,0.11875,0.2,,11A815D08E4478A8D8B58C19533176E7039BBD32D41BAD5E7699F269A1876764
RAW_GRID_T100_S020_GATE90_DAVID_CONTRA,david_contra,RAW_GRID_T100_S020_GATE90_DAVID_CONTRA|GBPCAD|LONG|7,GBPCAD,LONG,target,2022-01-11T14:02:00.000Z,2022-01-11T14:18:00.000Z,2022-01-10T00:00:00.000Z,1,0,0,0.111966,0.861683,-0.06,-0.001019,0.800664,-0.027734,0.111966,6,7,0.011111,0.2,,2EE7FCD67330A5EF19C75F65ADF1D0BC203BDB24BBC8FDF9C0605384BEED3ED7
RAW_GRID_T100_S020_GATE90_DAVID_CONTRA,david_contra,RAW_GRID_T100_S020_GATE90_DAVID_CONTRA|GBPCAD|LONG|8,GBPCAD,LONG,target,2022-01-11T15:01:00.000Z,2022-01-11T15:31:00.000Z,2022-01-10T00:00:00.000Z,1,0,0,0.074997,0.578086,-0.06,-0.00191,0.516176,-0.092463,0.074997,7,8,0.020833,0.2,,88B5D1A32B27F5C9A614C4B4DF8A89BDD3D1273B26EA018ED5C9575481CA7ED0
RAW_GRID_T100_S020_GATE90_DAVID_CONTRA,david_contra,RAW_GRID_T100_S020_GATE90_DAVID_CONTRA|GBPCAD|LONG|9,GBPCAD,LONG,target,2022-01-11T15:34:00.000Z,2022-01-11T15:46:00.000Z,2022-01-10T00:00:00.000Z,1,0,0,0.102762,0.792105,-0.06,-0.000764,0.731341,-0.050354,0.102762,8,9,0.008333,0.2,,2DD0A7F4CC6C53EB34DAC873CA695CCA6CA10F6A8026EF38800262A7CB68B556
RAW_GRID_T100_S020_GATE90_DAVID_CONTRA,david_contra,RAW_GRID_T100_S020_GATE90_DAVID_CONTRA|GBPCAD|LONG|10,GBPCAD,LONG,session_flatten,2022-01-11T17:11:00.000Z,2022-01-11T21:00:00.000Z,2022-01-10T00:00:00.000Z,2,1,0,-0.05952,-0.461157,-0.12,-0.025727,-0.606884,-0.477001,0.061817,9,,0.159028,0.2,,D35541CB1D4136299FF1E935F55D684C5ED0ABC1536EA5AEC6B2C8F3D7323B13
RAW_GRID_T100_S020_GATE90_DAVID_CONTRA,david_contra,RAW_GRID_T100_S020_GATE90_DAVID_CONTRA|GBPCAD|LONG|11,GBPCAD,LONG,target,2022-01-12T01:05:00.000Z,2022-01-12T07:13:00.000Z,2022-01-10T00:00:00.000Z,2,1,0,0.21114,1.631225,-0.12,-0.028529,1.482696,-0.250013,0.21114,9,10,0.255556,0.2,,6155B2F37775BF0CB2197C94A467A2859BE29F11F67375B2E0757DF56C767F71
RAW_GRID_T100_S020_GATE90_DAVID_CONTRA,david_contra,RAW_GRID_T100_S020_GATE90_DAVID_CONTRA|GBPCAD|LONG|12,GBPCAD,LONG,target,2022-01-12T07:22:00.000Z,2022-01-12T07:42:00.000Z,2022-01-10T00:00:00.000Z,1,0,0,0.09059,0.699989,-0.06,-0.001274,0.638716,-0.024707,0.09059,10,11,0.013889,0.2,,C479258267BAF7F2859776C74A7AA15E2D3D05F8BEBAACC416814FC53B72A90F
RAW_GRID_T100_S020_GATE90_DAVID_CONTRA,david_contra,RAW_GRID_T100_S020_GATE90_DAVID_CONTRA|GBPCAD|LONG|13,GBPCAD,LONG,target,2022-01-12T08:22:00.000Z,2022-01-12T12:08:00.000Z,2022-01-10T00:00:00.000Z,3,2,0,0.291162,2.247444,-0.18,-0.029866,2.037577,-0.686038,0.291162,11,12,0.156944,0.2,,349A471B3E921BC65BC6CBCC2CA19D5735F0272400C153176D32E064660FC7EE
RAW_GRID_T100_S020_GATE90_DAVID_CONTRA,david_contra,RAW_GRID_T100_S020_GATE90_DAVID_CONTRA|GBPCAD|LONG|14,GBPCAD,LONG,target,2022-01-12T15:58:00.000Z,2022-01-12T16:08:00.000Z,2022-01-10T00:00:00.000Z,1,0,0,0.150374,1.1665,-0.06,-0.000637,1.105863,-0.01339,0.150374,12,13,0.006944,0.2,,9D43298AFE57B5F57A63118DDBD3F4F9E0AB07EDB33C8738A97D1AC6B7A4DAF3
RAW_GRID_T100_S020_GATE90_DAVID_CONTRA,david_contra,RAW_GRID_T100_S020_GATE90_DAVID_CONTRA|GBPCAD|LONG|15,GBPCAD,LONG,target,2022-01-13T08:17:00.000Z,2022-01-13T08:27:00.000Z,2022-01-10T00:00:00.000Z,1,0,0,0.126584,0.986079,-0.06,-0.000637,0.925443,-0.018525,0.126584,13,14,0.006944,0.2,,778924FBD494A5A5F8C67A635273EAE66A0610EF64AB8C62763AE0E1D373E713
RAW_GRID_T100_S020_GATE90_DAVID_CONTRA,david_contra,RAW_GRID_T100_S020_GATE90_DAVID_CONTRA|GBPCAD|LONG|16,GBPCAD,LONG,target,2022-01-13T11:57:00.000Z,2022-01-13T15:07:00.000Z,2022-01-10T00:00:00.000Z,2,1,0,0.168932,1.315026,-0.12,-0.020123,1.174903,-0.419817,0.168932,14,15,0.131944,0.2,,21889DCB21662CFB4799624A599CF3D6BE9464B9FB725B1595B740DDE018DC47
RAW_GRID_T100_S020_GATE90_DAVID_CONTRA,david_contra,RAW_GRID_T100_S020_GATE90_DAVID_CONTRA|GBPCAD|LONG|17,GBPCAD,LONG,target,2022-01-13T16:51:00.000Z,2022-01-13T17:20:00.000Z,2022-01-10T00:00:00.000Z,1,0,0,0.098785,0.768111,-0.06,-0.001847,0.706264,-0.06277,0.098785,15,16,0.020139,0.2,,E614DD44325691D81416AC441867A5AD8A87BB76C035B2498C7CF6F766B04269
RAW_GRID_T100_S020_GATE90_DAVID_CONTRA,david_contra,RAW_GRID_T100_S020_GATE90_DAVID_CONTRA|GBPCAD|LONG|18,GBPCAD,LONG,target,2022-01-13T17:37:00.000Z,2022-01-13T18:21:00.000Z,2022-01-10T00:00:00.000Z,1,0,0,0.105996,0.824423,-0.06,-0.002802,0.761621,-0.042192,0.105996,16,17,0.030556,0.2,,8760C25E17E761675E399F9E0E00185678B09415C4DBBA445D2623995FE33E53
RAW_GRID_T100_S020_GATE90_DAVID_CONTRA,david_contra,RAW_GRID_T100_S020_GATE90_DAVID_CONTRA|GBPCAD|LONG|19,GBPCAD,LONG,target,2022-01-13T18:46:00.000Z,2022-01-13T19:38:00.000Z,2022-01-10T00:00:00.000Z,1,0,0,0.113203,0.880256,-0.06,-0.003311,0.816945,-0.043223,0.113203,17,18,0.036111,0.2,,C59764850253F944A2A952EF811A124CDDC2FE77D3DC6CAFA4D9602850F02421
RAW_GRID_T100_S020_GATE90_DAVID_CONTRA,david_contra,RAW_GRID_T100_S020_GATE90_DAVID_CONTRA|GBPCAD|LONG|20,GBPCAD,LONG,target,2022-01-13T20:05:00.000Z,2022-01-13T20:25:00.000Z,2022-01-10T00:00:00.000Z,1,0,0,0.114231,0.88764,-0.06,-0.001274,0.826367,-0.020582,0.114231,18,19,0.013889,0.2,,37C74E6ADEFDB88C81621DB2CDA4F535358D837E5CD946345AA561C153FD1C41
RAW_GRID_T100_S020_GATE90_DAVID_CONTRA,david_contra,RAW_GRID_T100_S020_GATE90_DAVID_CONTRA|GBPCAD|LONG|21,GBPCAD,LONG,target,2022-01-14T06:03:00.000Z,2022-01-14T07:34:00.000Z,2022-01-10T00:00:00.000Z,1,0,0,0.107946,0.839658,-0.06,-0.005795,0.773863,-0.110003,0.107946,19,20,0.063194,0.2,,52E58EDEB50CF8D1366FBBBD60114C0BC0F98AA90290670E2366A2427C15A700
RAW_GRID_T100_S020_GATE90_DAVID_CONTRA,david_contra,RAW_GRID_T100_S020_GATE90_DAVID_CONTRA|GBPCAD|LONG|22,GBPCAD,LONG,target,2022-01-14T07:47:00.000Z,2022-01-14T08:05:00.000Z,2022-01-10T00:00:00.000Z,1,0,0,0.164504,1.279811,-0.06,-0.001146,1.218665,-0.040098,0.164504,20,21,0.0125,0.2,,484B6D811B0CFF21831C3B0657C22682FCEE2019A8363CDDA82E41F24669D803
RAW_GRID_T100_S020_GATE90_DAVID_CONTRA,david_contra,RAW_GRID_T100_S020_GATE90_DAVID_CONTRA|GBPCAD|LONG|23,GBPCAD,LONG,target,2022-01-14T08:16:00.000Z,2022-01-14T10:32:00.000Z,2022-01-10T00:00:00.000Z,2,1,0,0.238777,1.857418,-0.12,-0.014647,1.722771,-0.217964,0.238777,21,22,0.094444,0.2,,C2B799EA70AC417A90B5B5599193028F0A83F9FD705F0D12586824AF2E374B15
RAW_GRID_T100_S020_GATE90_DAVID_CONTRA,david_contra,RAW_GRID_T100_S020_GATE90_DAVID_CONTRA|GBPCAD|LONG|24,GBPCAD,LONG,target,2022-01-14T11:05:00.000Z,2022-01-14T12:06:00.000Z,2022-01-10T00:00:00.000Z,1,0,0,0.102864,0.800244,-0.06,-0.003885,0.73636,-0.122408,0.102864,22,23,0.042361,0.2,,C94C4542895D30424F86BB27D63DEB62A8B11B72BA2202D7AEF46B01DD43C13D
RAW_GRID_T100_S020_GATE90_DAVID_CONTRA,david_contra,RAW_GRID_T100_S020_GATE90_DAVID_CONTRA|GBPCAD|LONG|25,GBPCAD,LONG,target,2022-01-14T14:30:00.000Z,2022-01-14T15:09:00.000Z,2022-01-10T00:00:00.000Z,1,0,0,0.090496,0.702369,-0.06,-0.002484,0.639886,-0.189218,0.090496,23,24,0.027083,0.2,,D55165145D67101281D6A32AC369F67D75BD64971D75285EB1C243475F1ED37B
RAW_GRID_T100_S020_GATE90_DAVID_CONTRA,david_contra,RAW_GRID_T100_S020_GATE90_DAVID_CONTRA|GBPCAD|LONG|26,GBPCAD,LONG,target,2022-01-14T15:11:00.000Z,2022-01-14T15:41:00.000Z,2022-01-10T00:00:00.000Z,1,0,0,0.090526,0.702145,-0.06,-0.00191,0.640235,-0.146077,0.090526,24,25,0.020833,0.2,,46F91EC08CF98D2B08F2C671BB6A216D6C94D0C92A312EAC90E4C43C0C2B0E1D
RAW_GRID_T100_S020_GATE90_DAVID_CONTRA,david_contra,RAW_GRID_T100_S020_GATE90_DAVID_CONTRA|GBPCHF|SHORT|1,GBPCHF,SHORT,target,2022-01-10T13:38:00.000Z,2022-01-10T15:39:00.000Z,2022-01-10T00:00:00.000Z,2,1,0,0.197188,1.350589,-0.12,0.001403,1.231991,-0.244792,0.197188,0,1,0.084028,0.2,,44E9B2E4A4D1AEBE6B0F9638A31F3523F530522CD25C8A447C1BAC8266EC6891
RAW_GRID_T100_S020_GATE90_DAVID_CONTRA,david_contra,RAW_GRID_T100_S020_GATE90_DAVID_CONTRA|GBPCHF|SHORT|2,GBPCHF,SHORT,session_flatten,2022-01-10T15:41:00.000Z,2022-01-10T21:00:00.000Z,2022-01-10T00:00:00.000Z,4,3,0,-1.901555,-13.008002,-0.24,0.006465,-13.241536,-1.901555,0.091543,1,,0.221528,0.2,,937D785415979DAA35395AF7F4B30D0A6D52A0A4E2E88ADD69D19E680A23786D
RAW_GRID_T100_S020_GATE90_DAVID_CONTRA,david_contra,RAW_GRID_T100_S020_GATE90_DAVID_CONTRA|GBPCHF|SHORT|3,GBPCHF,SHORT,target,2022-01-10T23:05:00.000Z,2022-01-11T06:54:00.000Z,2022-01-10T00:00:00.000Z,1,0,0,0.168219,1.155157,-0.06,0.003257,1.098414,-0.100617,0.168219,1,2,0.325694,0.2,,D1247E350F61BE1D489672AE0A1FA8F03983B9E33A01B5109BF0C7F0F486005C
RAW_GRID_T100_S020_GATE90_DAVID_CONTRA,david_contra,RAW_GRID_T100_S020_GATE90_DAVID_CONTRA|GBPCHF|SHORT|4,GBPCHF,SHORT,target,2022-01-11T08:05:00.000Z,2022-01-11T08:41:00.000Z,2022-01-10T00:00:00.000Z,2,1,0,0.166416,1.145404,-0.12,0.00041,1.025814,-0.399272,0.166416,2,3,0.025,0.2,,063BA775DB8A20B811681151842A8C023191EA37125E29295AD47F0DE9227070
RAW_GRID_T100_S020_GATE90_DAVID_CONTRA,david_contra,RAW_GRID_T100_S020_GATE90_DAVID_CONTRA|GBPCHF|SHORT|5,GBPCHF,SHORT,target,2022-01-11T09:07:00.000Z,2022-01-11T09:10:00.000Z,2022-01-10T00:00:00.000Z,1,0,0,0.116259,0.799807,-0.06,0.000021,0.739827,0,0.116259,3,4,0.002083,0.2,,28D780BC53DA86CD786B4426D85D4EA61177DB55ACEB2FB32749CAFD68CEB49A
RAW_GRID_T100_S020_GATE90_DAVID_CONTRA,david_contra,RAW_GRID_T100_S020_GATE90_DAVID_CONTRA|GBPCHF|SHORT|6,GBPCHF,SHORT,target,2022-01-11T09:49:00.000Z,2022-01-11T10:35:00.000Z,2022-01-10T00:00:00.000Z,1,0,0,0.113063,0.719999,-0.06,0.000319,0.660318,-0.069094,0.14761,4,5,0.031944,0.2,,56ED0450E32E7A6F9FFDE22A295493B625D46B20F203ED014E5F08C3902F23C0
RAW_GRID_T100_S020_GATE90_DAVID_CONTRA,david_contra,RAW_GRID_T100_S020_GATE90_DAVID_CONTRA|GBPCHF|SHORT|7,GBPCHF,SHORT,target,2022-01-11T10:54:00.000Z,2022-01-11T11:02:00.000Z,2022-01-10T00:00:00.000Z,1,0,0,0.11933,0.819939,-0.06,0.000056,0.759995,-0.00314,0.11933,5,6,0.005556,0.2,,CE99A818A9D8D63A1D6004B2684D2F19DD926B0D6F1A2E4980B4549D642FC14C
RAW_GRID_T100_S020_GATE90_DAVID_CONTRA,david_contra,RAW_GRID_T100_S020_GATE90_DAVID_CONTRA|GBPCHF|SHORT|8,GBPCHF,SHORT,target,2022-01-11T17:45:00.000Z,2022-01-11T18:14:00.000Z,2022-01-10T00:00:00.000Z,1,0,0,0.108448,0.746202,-0.06,0.000201,0.686403,-0.059725,0.108448,6,7,0.020139,0.2,,E2F0D3A313C2527A3B2A2632BEB8951E54525488020DB81AFEC2527E42122D99
RAW_GRID_T100_S020_GATE90_DAVID_CONTRA,david_contra,RAW_GRID_T100_S020_GATE90_DAVID_CONTRA|GBPCHF|SHORT|9,GBPCHF,SHORT,target,2022-01-12T00:13:00.000Z,2022-01-12T01:20:00.000Z,2022-01-10T00:00:00.000Z,1,0,0,0.102158,0.70383,-0.06,0.000465,0.644295,-0.018859,0.102158,7,8,0.046528,0.2,,071C996815F8D2C2FC3525ACFBF684F36AEF7C416EC5149DC02776FCBBF715D4
RAW_GRID_T100_S020_GATE90_DAVID_CONTRA,david_contra,RAW_GRID_T100_S020_GATE90_DAVID_CONTRA|GBPCHF|SHORT|10,GBPCHF,SHORT,target,2022-01-12T02:24:00.000Z,2022-01-12T08:37:00.000Z,2022-01-10T00:00:00.000Z,1,0,0,0.08485,0.584404,-0.06,0.00259,0.526994,-0.081707,0.091136,8,9,0.259028,0.2,,4784DCEE366B007B5C3F7585191E8019B03DF6A97B9604FEDCFB27311F098EE5
RAW_GRID_T100_S020_GATE90_DAVID_CONTRA,david_contra,RAW_GRID_T100_S020_GATE90_DAVID_CONTRA|GBPCHF|SHORT|11,GBPCHF,SHORT,target,2022-01-12T11:32:00.000Z,2022-01-12T12:24:00.000Z,2022-01-10T00:00:00.000Z,1,0,0,0.127304,0.877555,-0.06,0.000361,0.817916,-0.023574,0.127304,9,10,0.036111,0.2,,ADE0AA5E0697D6C1600DB666F337A02FD80EBCB21D59A29A8ED5FAFF81A0949E
RAW_GRID_T100_S020_GATE90_DAVID_CONTRA,david_contra,RAW_GRID_T100_S020_GATE90_DAVID_CONTRA|GBPCHF|SHORT|12,GBPCHF,SHORT,target,2022-01-12T13:31:00.000Z,2022-01-12T13:35:00.000Z,2022-01-10T00:00:00.000Z,1,0,0,0.149322,1.030387,-0.06,0.000028,0.970414,-0.047155,0.149322,10,11,0.002778,0.2,,D8A49E2CA53D03B3DAA61DA983690D6D925B4B391CFC65C5FC67669ED4925170
RAW_GRID_T100_S020_GATE90_DAVID_CONTRA,david_contra,RAW_GRID_T100_S020_GATE90_DAVID_CONTRA|GBPCHF|SHORT|13,GBPCHF,SHORT,target,2022-01-12T13:36:00.000Z,2022-01-12T13:36:00.000Z,2022-01-10T00:00:00.000Z,1,0,0,0.154038,1.06288,-0.06,0,1.00288,0,0.154038,11,12,0,0.2,,005AE06904D3FEBD63862D164F723C6AC2CD8082193C65E44B4570360B8F5CC7
RAW_GRID_T100_S020_GATE90_DAVID_CONTRA,david_contra,RAW_GRID_T100_S020_GATE90_DAVID_CONTRA|GBPCHF|LONG|14,GBPCHF,LONG,target,2022-01-12T15:29:00.000Z,2022-01-12T20:02:00.000Z,2022-01-10T00:00:00.000Z,4,3,0,0.089474,0.613012,-0.24,-0.061643,0.311369,-1.180866,0.215215,0,1,0.189583,0.2,,55E0BC02C99EFC87CF8C53C1CE2B8C2BEDEF8A9E1018FE519D6D51892A10172E
RAW_GRID_T100_S020_GATE90_DAVID_CONTRA,david_contra,RAW_GRID_T100_S020_GATE90_DAVID_CONTRA|GBPCHF|LONG|15,GBPCHF,LONG,target,2022-01-13T07:45:00.000Z,2022-01-13T07:59:00.000Z,2022-01-10T00:00:00.000Z,1,0,0,0.1043,0.723085,-0.06,-0.000892,0.662194,0,0.1043,1,2,0.009722,0.2,,134E2676641254EBD4D09F16ACEB3CD2CC20C45C3C9478831DA8A1CED73D8FB0
RAW_GRID_T100_S020_GATE90_DAVID_CONTRA,david_contra,RAW_GRID_T100_S020_GATE90_DAVID_CONTRA|GBPCHF|LONG|16,GBPCHF,LONG,target,2022-01-13T08:06:00.000Z,2022-01-13T08:15:00.000Z,2022-01-10T00:00:00.000Z,1,0,0,0.137489,0.953755,-0.06,-0.000573,0.893182,-0.007903,0.137489,2,3,0.00625,0.2,,E7DEDCA07B078C07E5640FA1E0F7E2958E47C49D880B895227F02A37DD73BCA5
RAW_GRID_T100_S020_GATE90_DAVID_CONTRA,david_contra,RAW_GRID_T100_S020_GATE90_DAVID_CONTRA|GBPCHF|LONG|17,GBPCHF,LONG,target,2022-01-13T09:41:00.000Z,2022-01-13T10:22:00.000Z,2022-01-10T00:00:00.000Z,1,0,0,0.102627,0.712549,-0.06,-0.002611,0.649938,-0.127888,0.102627,3,4,0.028472,0.2,,FBA56BEC1A3F3A466D76E4DE9AA3E948235274953321D2FCB81AA924B64721BA
RAW_GRID_T100_S020_GATE90_DAVID_CONTRA,david_contra,RAW_GRID_T100_S020_GATE90_DAVID_CONTRA|GBPCHF|LONG|18,GBPCHF,LONG,session_flatten,2022-01-13T11:22:00.000Z,2022-01-13T21:00:00.000Z,2022-01-10T00:00:00.000Z,5,4,0,-1.800102,-12.49698,-0.3,-0.144045,-12.941026,-2.227304,0.061578,4,,0.401389,0.2,,C0B4951B819A1DD48C7CCC7DCEEB0A1EA8738D94A667CC70D097D17DE8B197B9
RAW_GRID_T100_S020_GATE90_DAVID_CONTRA,david_contra,RAW_GRID_T100_S020_GATE90_DAVID_CONTRA|GBPCHF|LONG|19,GBPCHF,LONG,target,2022-01-14T07:42:00.000Z,2022-01-14T07:57:00.000Z,2022-01-10T00:00:00.000Z,1,0,0,0.095118,0.659328,-0.06,-0.000955,0.598373,-0.050729,0.095118,4,5,0.010417,0.2,,01B06FD7FEEF28626A341D88D6512529B2116537ADA911EC7981A2B027CB4626
RAW_GRID_T100_S020_GATE90_DAVID_CONTRA,david_contra,RAW_GRID_T100_S020_GATE90_DAVID_CONTRA|GBPJPY|LONG|1,GBPJPY,LONG,target,2022-01-10T14:13:00.000Z,2022-01-10T18:30:00.000Z,2022-01-10T00:00:00.000Z,2,1,0,0.133458,1.276461,-0.12,-0.030439,1.126022,-0.425137,0.147966,0,1,0.178472,0.2,,75E4D902AD010558267D926AB6C548776971B2EBBE2DEA9A23951AFA8C4E0C26
RAW_GRID_T100_S020_GATE90_DAVID_CONTRA,david_contra,RAW_GRID_T100_S020_GATE90_DAVID_CONTRA|GBPJPY|LONG|2,GBPJPY,LONG,target,2022-01-11T06:52:00.000Z,2022-01-11T07:03:00.000Z,2022-01-10T00:00:00.000Z,1,0,0,0.119492,1.145628,-0.06,-0.0007,1.084928,0,0.119492,1,2,0.007639,0.2,,55050FAE9BF27DA59587D5FBA8D2B042852D41FC70776B9553368E0657348273
RAW_GRID_T100_S020_GATE90_DAVID_CONTRA,david_contra,RAW_GRID_T100_S020_GATE90_DAVID_CONTRA|GBPJPY|LONG|3,GBPJPY,LONG,target,2022-01-11T07:07:00.000Z,2022-01-11T07:25:00.000Z,2022-01-10T00:00:00.000Z,1,0,0,0.13941,1.336732,-0.06,-0.001146,1.275585,-0.01901,0.13941,2,3,0.0125,0.2,,638EA721407812F59653A1F8BA6D577C4223C220531C1907794E26940CCFE8FC
RAW_GRID_T100_S020_GATE90_DAVID_CONTRA,david_contra,RAW_GRID_T100_S020_GATE90_DAVID_CONTRA|GBPJPY|LONG|4,GBPJPY,LONG,target,2022-01-11T14:50:00.000Z,2022-01-11T15:01:00.000Z,2022-01-10T00:00:00.000Z,1,0,0,0.147253,1.410621,-0.06,-0.0007,1.34992,-0.018972,0.147253,3,4,0.007639,0.2,,4D3048780D9CF2B8F67C43B1F9FB7F14CEE62881D04DB5DE130142A3BE7AB5BB
RAW_GRID_T100_S020_GATE90_DAVID_CONTRA,david_contra,RAW_GRID_T100_S020_GATE90_DAVID_CONTRA|GBPJPY|LONG|5,GBPJPY,LONG,target,2022-01-12T09:28:00.000Z,2022-01-12T10:02:00.000Z,2022-01-10T00:00:00.000Z,1,0,0,0.118078,1.135572,-0.06,-0.002165,1.073407,-0.011718,0.118078,4,5,0.023611,0.2,,D5F69D9B396BE0411ACAE6B55F1943FB5F51ACFC48DDBC352A21D90D8174FDFE
RAW_GRID_T100_S020_GATE90_DAVID_CONTRA,david_contra,RAW_GRID_T100_S020_GATE90_DAVID_CONTRA|GBPJPY|SHORT|6,GBPJPY,SHORT,target,2022-01-12T13:37:00.000Z,2022-01-12T15:17:00.000Z,2022-01-10T00:00:00.000Z,1,0,0,0.269432,2.607969,-0.06,0.000694,2.548664,-0.010778,0.269432,0,1,0.069444,0.2,,0209965BE535C8F88FCAD8CCECCA1C2F0EABFA25827C4415064BAB2C9F124748
RAW_GRID_T100_S020_GATE90_DAVID_CONTRA,david_contra,RAW_GRID_T100_S020_GATE90_DAVID_CONTRA|GBPJPY|SHORT|7,GBPJPY,SHORT,target,2022-01-13T02:17:00.000Z,2022-01-13T03:13:00.000Z,2022-01-10T00:00:00.000Z,1,0,0,0.133317,1.291702,-0.06,0.000389,1.232091,-0.037833,0.133317,1,2,0.038889,0.2,,FF007B2D9B70D5C769EC736DC0208355D6F4B8E454B6082D996A1761F2B269F7
RAW_GRID_T100_S020_GATE90_DAVID_CONTRA,david_contra,RAW_GRID_T100_S020_GATE90_DAVID_CONTRA|GBPJPY|SHORT|8,GBPJPY,SHORT,target,2022-01-13T07:01:00.000Z,2022-01-13T07:54:00.000Z,2022-01-10T00:00:00.000Z,1,0,0,0.118914,1.153507,-0.06,0.000368,1.093875,-0.025225,0.118914,2,3,0.036806,0.2,,005AFD391CADFF539323F780C5AA1588C8A0ED2E85E7A66CB7B05212198BA8E2
RAW_GRID_T100_S020_GATE90_DAVID_CONTRA,david_contra,RAW_GRID_T100_S020_GATE90_DAVID_CONTRA|GBPJPY|SHORT|9,GBPJPY,SHORT,target,2022-01-13T08:04:00.000Z,2022-01-13T11:57:00.000Z,2022-01-10T00:00:00.000Z,2,1,0,0.142969,1.388688,-0.12,0.002639,1.271327,-0.20988,0.142969,3,4,0.161806,0.2,,17CDD0EE58C329743F90F1A3C0ADC283D68FD6E7C85BABC5AE0639950C536B78
RAW_GRID_T100_S020_GATE90_DAVID_CONTRA,david_contra,RAW_GRID_T100_S020_GATE90_DAVID_CONTRA|GBPJPY|SHORT|10,GBPJPY,SHORT,target,2022-01-13T14:58:00.000Z,2022-01-13T15:07:00.000Z,2022-01-10T00:00:00.000Z,1,0,0,0.10996,1.067454,-0.06,0.000063,1.007517,-0.005408,0.10996,4,5,0.00625,0.2,,40F61EC0D7EB27F554993E725FA1A376C56F55B1FF5B07192FF6C75B9901E63A
RAW_GRID_T100_S020_GATE90_DAVID_CONTRA,david_contra,RAW_GRID_T100_S020_GATE90_DAVID_CONTRA|GBPJPY|LONG|11,GBPJPY,LONG,session_flatten,2022-01-13T17:18:00.000Z,2022-01-13T21:00:00.000Z,2022-01-10T00:00:00.000Z,1,0,0,-0.006339,-0.061327,-0.06,-0.014137,-0.135464,-0.075163,0.191076,5,,0.154167,0.2,,53EB3B3F80CC48ADBB07CCFC942143481B6A9F769F1BB3AF82234DF3FC20DB2F
RAW_GRID_T100_S020_GATE90_DAVID_CONTRA,david_contra,RAW_GRID_T100_S020_GATE90_DAVID_CONTRA|GBPJPY|LONG|12,GBPJPY,LONG,target,2022-01-13T23:38:00.000Z,2022-01-14T06:02:00.000Z,2022-01-10T00:00:00.000Z,3,2,0,0.012359,0.114331,-0.18,-0.058331,-0.124001,-0.675599,0.057926,5,6,0.266667,0.2,,7D6E077951862FFF6AB0115866B42EE3AD0D0F40579DD907DD60A152C95EDE2C
RAW_GRID_T100_S020_GATE90_DAVID_CONTRA,david_contra,RAW_GRID_T100_S020_GATE90_DAVID_CONTRA|GBPJPY|LONG|13,GBPJPY,LONG,target,2022-01-14T07:28:00.000Z,2022-01-14T07:56:00.000Z,2022-01-10T00:00:00.000Z,1,0,0,0.121614,1.177895,-0.06,-0.001783,1.116112,-0.050824,0.121614,6,7,0.019444,0.2,,C2BE351473BC336038DF17C739145CA73CD88D0721FFB4FCD386067D55A40B63
RAW_GRID_T100_S020_GATE90_DAVID_CONTRA,david_contra,RAW_GRID_T100_S020_GATE90_DAVID_CONTRA|GBPNZD|SHORT|1,GBPNZD,SHORT,target,2022-01-10T13:36:00.000Z,2022-01-10T16:09:00.000Z,2022-01-10T00:00:00.000Z,2,1,0,0.137498,0.985055,-0.12,0.001229,0.866284,-0.477513,0.137498,0,1,0.10625,0.2,,C84C58236E0E7B058A3AF727CB629C29B5934310BCE00A3A6F284184A34E70CF
RAW_GRID_T100_S020_GATE90_DAVID_CONTRA,david_contra,RAW_GRID_T100_S020_GATE90_DAVID_CONTRA|GBPNZD|SHORT|2,GBPNZD,SHORT,target,2022-01-11T01:49:00.000Z,2022-01-11T02:22:00.000Z,2022-01-10T00:00:00.000Z,1,0,0,0.087746,0.629208,-0.06,0.000229,0.569437,-0.14247,0.087746,1,2,0.022917,0.2,,3C257654B899DDBE60D37DD937BF2343DDB4BC0BDD791C0ED4B32C9C9A864223
RAW_GRID_T100_S020_GATE90_DAVID_CONTRA,david_contra,RAW_GRID_T100_S020_GATE90_DAVID_CONTRA|GBPNZD|SHORT|3,GBPNZD,SHORT,target,2022-01-11T06:40:00.000Z,2022-01-11T07:18:00.000Z,2022-01-10T00:00:00.000Z,1,0,0,0.08208,0.588789,-0.06,0.000264,0.529053,-0.116045,0.08208,2,3,0.026389,0.2,,E13CB7290AB75F25A549C2B1E6773CEE7DC159A311BE445D021EAD6655975FB1
RAW_GRID_T100_S020_GATE90_DAVID_CONTRA,david_contra,RAW_GRID_T100_S020_GATE90_DAVID_CONTRA|GBPNZD|SHORT|4,GBPNZD,SHORT,target,2022-01-11T08:06:00.000Z,2022-01-11T09:04:00.000Z,2022-01-10T00:00:00.000Z,1,0,0,0.149912,1.077312,-0.06,0.000403,1.017715,-0.072598,0.184796,3,4,0.040278,0.2,,DD93127A5C212A2F74B9EC0EB78E7A66C5365EBEA2F6FA2724EFD7C2C11EE1DE
RAW_GRID_T100_S020_GATE90_DAVID_CONTRA,david_contra,RAW_GRID_T100_S020_GATE90_DAVID_CONTRA|GBPNZD|SHORT|5,GBPNZD,SHORT,target,2022-01-11T10:20:00.000Z,2022-01-11T11:56:00.000Z,2022-01-10T00:00:00.000Z,1,0,0,0.066011,0.473687,-0.06,0.000667,0.414354,-0.165972,0.066011,4,5,0.066667,0.2,,1CD7E4A22F5FDD6B77387B5170A1DADB8DEA5CD85600B325DD5CAC8174C7E11D
RAW_GRID_T100_S020_GATE90_DAVID_CONTRA,david_contra,RAW_GRID_T100_S020_GATE90_DAVID_CONTRA|GBPNZD|SHORT|6,GBPNZD,SHORT,target,2022-01-11T12:20:00.000Z,2022-01-11T12:41:00.000Z,2022-01-10T00:00:00.000Z,1,0,0,0.109363,0.784066,-0.06,0.000146,0.724211,0,0.109363,5,6,0.014583,0.2,,C2958D1AFA45680C7B8B7794724D3060EB240543A7139C3FCF32ABC94319133B
RAW_GRID_T100_S020_GATE90_DAVID_CONTRA,david_contra,RAW_GRID_T100_S020_GATE90_DAVID_CONTRA|GBPNZD|SHORT|7,GBPNZD,SHORT,target,2022-01-11T13:57:00.000Z,2022-01-11T16:31:00.000Z,2022-01-10T00:00:00.000Z,2,1,0,0.097878,0.70406,-0.12,0.001938,0.585997,-0.463711,0.161953,6,7,0.106944,0.2,,657383F0A122D8FAB600F010E0487611CD77D6A04D0E75884E13B88FCAA77F23
RAW_GRID_T100_S020_GATE90_DAVID_CONTRA,david_contra,RAW_GRID_T100_S020_GATE90_DAVID_CONTRA|GBPNZD|SHORT|8,GBPNZD,SHORT,target,2022-01-11T23:57:00.000Z,2022-01-12T00:02:00.000Z,2022-01-10T00:00:00.000Z,1,0,0,0.118779,0.854758,-0.06,0.000035,0.794793,-0.009427,0.118779,7,8,0.003472,0.2,,0982A20D46F03737B82389605A23B0FCE514AC49C878011185E51CC2509B371C
RAW_GRID_T100_S020_GATE90_DAVID_CONTRA,david_contra,RAW_GRID_T100_S020_GATE90_DAVID_CONTRA|GBPNZD|SHORT|9,GBPNZD,SHORT,target,2022-01-12T00:15:00.000Z,2022-01-12T00:32:00.000Z,2022-01-10T00:00:00.000Z,1,0,0,0.169676,1.22134,-0.06,0.000118,1.161458,0,0.169676,8,9,0.011806,0.2,,B8E075D436F54EC908DE9911B56B737154EA5EB76544175E610CBE6B0A737398
RAW_GRID_T100_S020_GATE90_DAVID_CONTRA,david_contra,RAW_GRID_T100_S020_GATE90_DAVID_CONTRA|GBPNZD|SHORT|10,GBPNZD,SHORT,target,2022-01-12T01:20:00.000Z,2022-01-12T01:26:00.000Z,2022-01-10T00:00:00.000Z,1,0,0,0.131041,0.943142,-0.06,0.000042,0.883184,0,0.131041,9,10,0.004167,0.2,,3951BA020612708C856505CE62D31080F7F7C7CC7AE8A267DFC053E1E6B37565
RAW_GRID_T100_S020_GATE90_DAVID_CONTRA,david_contra,RAW_GRID_T100_S020_GATE90_DAVID_CONTRA|GBPNZD|SHORT|11,GBPNZD,SHORT,target,2022-01-12T01:55:00.000Z,2022-01-12T02:03:00.000Z,2022-01-10T00:00:00.000Z,1,0,0,0.120677,0.868355,-0.06,0.000056,0.808411,0,0.120677,10,11,0.005556,0.2,,D57A684CDD1E8ED1B2C1B9C8FA744BD75B6655CBDCD99E66AF148351A5EFE23F
RAW_GRID_T100_S020_GATE90_DAVID_CONTRA,david_contra,RAW_GRID_T100_S020_GATE90_DAVID_CONTRA|GBPNZD|SHORT|12,GBPNZD,SHORT,target,2022-01-12T02:40:00.000Z,2022-01-12T03:09:00.000Z,2022-01-10T00:00:00.000Z,1,0,0,0.099933,0.71978,-0.06,0.000201,0.659982,-0.038654,0.099933,11,12,0.020139,0.2,,1F3F5F86358968B1B779D6F6466599B2CA97954145865CCAD876865370742A9F
RAW_GRID_T100_S020_GATE90_DAVID_CONTRA,david_contra,RAW_GRID_T100_S020_GATE90_DAVID_CONTRA|GBPNZD|SHORT|13,GBPNZD,SHORT,target,2022-01-12T07:55:00.000Z,2022-01-12T08:59:00.000Z,2022-01-10T00:00:00.000Z,1,0,0,0.065053,0.467891,-0.06,0.000444,0.408335,-0.165932,0.078252,12,13,0.044444,0.2,,0E68B0B72D49CE5610E2ADF8961B5F87DB6021A1F45C732D9972E8580DEB4DA5
RAW_GRID_T100_S020_GATE90_DAVID_CONTRA,david_contra,RAW_GRID_T100_S020_GATE90_DAVID_CONTRA|GBPNZD|SHORT|14,GBPNZD,SHORT,target,2022-01-12T11:32:00.000Z,2022-01-12T13:34:00.000Z,2022-01-10T00:00:00.000Z,2,1,0,0.257039,1.852907,-0.12,0.001021,1.733928,-0.338291,0.257039,13,14,0.084722,0.2,,9AE9E21C20AD0CEF34A2FC7A8EFD8D82BC65D3E4974DFFDFCA66655FDEB7C35F
RAW_GRID_T100_S020_GATE90_DAVID_CONTRA,david_contra,RAW_GRID_T100_S020_GATE90_DAVID_CONTRA|GBPNZD|LONG|15,GBPNZD,LONG,target,2022-01-12T14:55:00.000Z,2022-01-12T18:15:00.000Z,2022-01-10T00:00:00.000Z,2,1,0,0.010537,0.075307,-0.12,-0.024071,-0.068764,-0.506256,0.03973,0,1,0.138889,0.2,,1F3A3A4B6AE8C96234827D42061624063F49619E23F46B176D6679ACCACE240B
RAW_GRID_T100_S020_GATE90_DAVID_CONTRA,david_contra,RAW_GRID_T100_S020_GATE90_DAVID_CONTRA|GBPNZD|LONG|16,GBPNZD,LONG,target,2022-01-12T19:36:00.000Z,2022-01-12T20:08:00.000Z,2022-01-10T00:00:00.000Z,1,0,0,0.102318,0.739597,-0.06,-0.002038,0.677559,-0.066316,0.102318,1,2,0.022222,0.2,,A664AEB3A68C4C9C087D97353CD95A7711DBCA17643E2B75A56CC1565C84ACB7
RAW_GRID_T100_S020_GATE90_DAVID_CONTRA,david_contra,RAW_GRID_T100_S020_GATE90_DAVID_CONTRA|GBPNZD|LONG|17,GBPNZD,LONG,target,2022-01-13T00:41:00.000Z,2022-01-13T01:18:00.000Z,2022-01-10T00:00:00.000Z,1,0,0,0.085283,0.616631,-0.06,-0.002356,0.554275,-0.108025,0.085283,2,3,0.025694,0.2,,E1EAB612781860A2F7753D045B53BDEB9773483D0B0BAB0B950D91C3C21A8FCB
RAW_GRID_T100_S020_GATE90_DAVID_CONTRA,david_contra,RAW_GRID_T100_S020_GATE90_DAVID_CONTRA|GBPNZD|LONG|18,GBPNZD,LONG,target,2022-01-13T02:51:00.000Z,2022-01-13T20:56:00.000Z,2022-01-10T00:00:00.000Z,3,2,0,0.040299,0.288121,-0.18,-0.153597,-0.045477,-1.103813,0.102345,3,4,0.753472,0.2,,94F0DF38E143AFECA99BDA64F740AC6CB59E60D848AB85E52C2C21C3AF767C89
RAW_GRID_T100_S020_GATE90_DAVID_CONTRA,david_contra,RAW_GRID_T100_S020_GATE90_DAVID_CONTRA|GBPNZD|LONG|19,GBPNZD,LONG,target,2022-01-14T06:01:00.000Z,2022-01-14T08:05:00.000Z,2022-01-10T00:00:00.000Z,1,0,0,0.09669,0.700193,-0.06,-0.007896,0.632296,-0.094793,0.09669,4,5,0.086111,0.2,,2C845180CD8E7A9B912B749FBF42FB581F52B161A951E6EA299D9DDCE3B6AF44
RAW_GRID_T100_S020_GATE90_DAVID_CONTRA,david_contra,RAW_GRID_T100_S020_GATE90_DAVID_CONTRA|GBPNZD|LONG|20,GBPNZD,LONG,target,2022-01-14T08:10:00.000Z,2022-01-14T08:41:00.000Z,2022-01-10T00:00:00.000Z,1,0,0,0.086268,0.625098,-0.06,-0.001974,0.563124,-0.112813,0.086268,5,6,0.021528,0.2,,2FD1C9E693ACE2BE22D37E8CA62333480290F94F61837DAB84F73B3DBD12B4BA
RAW_GRID_T100_S020_GATE90_DAVID_CONTRA,david_contra,RAW_GRID_T100_S020_GATE90_DAVID_CONTRA|GBPNZD|SHORT|21,GBPNZD,SHORT,target,2022-01-14T13:52:00.000Z,2022-01-14T14:36:00.000Z,2022-01-10T00:00:00.000Z,1,0,0,0.335117,2.424441,-0.06,0.000306,2.364746,-0.00472,0.335117,14,15,0.030556,0.2,,62FED5848531B66BFFBE62785FF5E68A59973C93369F6EFDF35AA74A88CBEBA9
RAW_GRID_T100_S020_GATE90_DAVID_CONTRA,david_contra,RAW_GRID_T100_S020_GATE90_DAVID_CONTRA|GBPUSD|LONG|1,GBPUSD,LONG,target,2022-01-10T13:20:00.000Z,2022-01-10T15:51:00.000Z,2022-01-10T00:00:00.000Z,3,2,0,0.102828,0.800004,-0.18,-0.02388,0.596124,-1.025554,0.102828,0,1,0.104861,0.2,,9EBE9048E606D70617FE24A4DC6AEE1C2D28C3B3D7DE630F6B0C3F3B93A49175
RAW_GRID_T100_S020_GATE90_DAVID_CONTRA,david_contra,RAW_GRID_T100_S020_GATE90_DAVID_CONTRA|GBPUSD|LONG|2,GBPUSD,LONG,target,2022-01-11T11:31:00.000Z,2022-01-11T11:52:00.000Z,2022-01-10T00:00:00.000Z,1,0,0,0.130191,1.020005,-0.06,-0.001337,0.958668,-0.039568,0.130191,1,2,0.014583,0.2,,AA803D8CE5E2AE4506416CED1B4D93FBEB2C3165FB880614E7D9F1D0FE7BD324
RAW_GRID_T100_S020_GATE90_DAVID_CONTRA,david_contra,RAW_GRID_T100_S020_GATE90_DAVID_CONTRA|GBPUSD|LONG|3,GBPUSD,LONG,target,2022-01-11T11:56:00.000Z,2022-01-11T15:04:00.000Z,2022-01-10T00:00:00.000Z,2,1,0,0.042274,0.330009,-0.12,-0.019932,0.190077,-0.534988,0.071476,2,3,0.130556,0.2,,EF934EDEF969DAE33331CFD799D51CF35D613E376036D35E6538B33F40ADD6B7
RAW_GRID_T100_S020_GATE90_DAVID_CONTRA,david_contra,RAW_GRID_T100_S020_GATE90_DAVID_CONTRA|GBPUSD|SHORT|4,GBPUSD,SHORT,target,2022-01-12T00:51:00.000Z,2022-01-12T07:28:00.000Z,2022-01-10T00:00:00.000Z,1,0,0,0.16276,1.279998,-0.06,0.002757,1.222755,-0.050863,0.17166,0,1,0.275694,0.2,,C39BBAB2DDA61B0F457FC415702932ABBFD503DA26BE75540A431E1506FCC0DC
RAW_GRID_T100_S020_GATE90_DAVID_CONTRA,david_contra,RAW_GRID_T100_S020_GATE90_DAVID_CONTRA|GBPUSD|SHORT|5,GBPUSD,SHORT,target,2022-01-12T08:16:00.000Z,2022-01-12T08:23:00.000Z,2022-01-10T00:00:00.000Z,1,0,0,0.148788,1.169998,-0.06,0.000049,1.110046,0,0.148788,1,2,0.004861,0.2,,D04EE603D040AD3F8BFB4B5C738BC31AE7810884AD910BE42DF41B6CC5AE79BE
RAW_GRID_T100_S020_GATE90_DAVID_CONTRA,david_contra,RAW_GRID_T100_S020_GATE90_DAVID_CONTRA|GBPUSD|SHORT|6,GBPUSD,SHORT,session_flatten,2022-01-12T12:36:00.000Z,2022-01-12T21:00:00.000Z,2022-01-10T00:00:00.000Z,5,4,0,-2.335384,-18.390019,-0.3,0.01366,-18.676359,-2.620827,0.076299,2,,0.35,0.2,,F0DD17AEEEC7FAF9997D28CDA08F280E25C0CA303FB275C81A134D6C66E8B8F2
RAW_GRID_T100_S020_GATE90_DAVID_CONTRA,david_contra,RAW_GRID_T100_S020_GATE90_DAVID_CONTRA|GBPUSD|SHORT|7,GBPUSD,SHORT,target,2022-01-12T23:06:00.000Z,2022-01-13T12:01:00.000Z,2022-01-10T00:00:00.000Z,3,2,0,0.060163,0.480002,-0.18,0.008951,0.308954,-0.921893,0.060163,2,3,0.538194,0.2,,DD52B87E3DC797080350ED81787B5995C4B9406D52A9B50C78D40E9AA93461C9
RAW_GRID_T100_S020_GATE90_DAVID_CONTRA,david_contra,RAW_GRID_T100_S020_GATE90_DAVID_CONTRA|GBPUSD|SHORT|8,GBPUSD,SHORT,target,2022-01-13T14:01:00.000Z,2022-01-13T14:48:00.000Z,2022-01-10T00:00:00.000Z,1,0,0,0.113619,0.900004,-0.06,0.000326,0.840331,-0.061859,0.113619,3,4,0.032639,0.2,,0C0FC036968072649A648E8B1FE8342414179A15A14CE72D9C0EB488492835FF
RAW_GRID_T100_S020_GATE90_DAVID_CONTRA,david_contra,RAW_GRID_T100_S020_GATE90_DAVID_CONTRA|GBPUSD|SHORT|9,GBPUSD,SHORT,target,2022-01-13T14:51:00.000Z,2022-01-13T15:26:00.000Z,2022-01-10T00:00:00.000Z,1,0,0,0.113607,0.900004,-0.06,0.000243,0.840247,-0.082048,0.113607,4,5,0.024306,0.2,,35A6AF6787985950EDFA6E2968246C10E17078E5698461BB1ABF5B1ECF28E32D
RAW_GRID_T100_S020_GATE90_DAVID_CONTRA,david_contra,RAW_GRID_T100_S020_GATE90_DAVID_CONTRA|GBPUSD|SHORT|10,GBPUSD,SHORT,target,2022-01-14T03:11:00.000Z,2022-01-14T07:17:00.000Z,2022-01-10T00:00:00.000Z,1,0,0,0.096041,0.760004,-0.06,0.001708,0.701712,-0.13395,0.096041,5,6,0.170833,0.2,,DBF8687EE8A609874A80FA1A02BA3DE689D24C21E257431645DAD85159583A66
RAW_GRID_T100_S020_GATE90_DAVID_CONTRA,david_contra,RAW_GRID_T100_S020_GATE90_DAVID_CONTRA|GBPUSD|SHORT|11,GBPUSD,SHORT,target,2022-01-14T08:02:00.000Z,2022-01-14T10:12:00.000Z,2022-01-10T00:00:00.000Z,1,0,0,0.041695,0.330002,-0.06,0.000903,0.270904,-0.176889,0.053067,6,7,0.090278,0.2,,D015E188CA8D64B5E747744CBAA33F56260D03AA831AAACB464F7D6ACCE233CA
RAW_GRID_T100_S020_GATE90_DAVID_CONTRA,david_contra,RAW_GRID_T100_S020_GATE90_DAVID_CONTRA|NZDCAD|SHORT|1,NZDCAD,SHORT,session_flatten,2022-01-10T16:03:00.000Z,2022-01-10T21:00:00.000Z,2022-01-10T00:00:00.000Z,2,1,0,-0.371377,-1.530621,-0.12,0.003889,-1.646732,-0.512989,0.087903,0,,0.20625,0.2,,D261ECD2BD6BBEB7233B7DA6AF0EB9CAB50BC8977CC7F223F7BD01385B8D9CCA
RAW_GRID_T100_S020_GATE90_DAVID_CONTRA,david_contra,RAW_GRID_T100_S020_GATE90_DAVID_CONTRA|NZDCAD|SHORT|2,NZDCAD,SHORT,target,2022-01-10T23:06:00.000Z,2022-01-11T00:09:00.000Z,2022-01-10T00:00:00.000Z,1,0,0,0.074557,0.307856,-0.06,0.000437,0.248293,-0.101322,0.074557,0,1,0.04375,0.2,,11CEA250373D64F1D465DFE36AB540D14DD114B254FB6FC646972A2A879FA600
RAW_GRID_T100_S020_GATE90_DAVID_CONTRA,david_contra,RAW_GRID_T100_S020_GATE90_DAVID_CONTRA|NZDCAD|SHORT|3,NZDCAD,SHORT,target,2022-01-11T00:14:00.000Z,2022-01-11T01:08:00.000Z,2022-01-10T00:00:00.000Z,1,0,0,0.089831,0.371173,-0.06,0.000375,0.311548,-0.066895,0.089831,1,2,0.0375,0.2,,9AD9C1BBAFFBF806FBFE792F72BEAAF8158D9AFB4BFD11C95BE320B5FB80D273
RAW_GRID_T100_S020_GATE90_DAVID_CONTRA,david_contra,RAW_GRID_T100_S020_GATE90_DAVID_CONTRA|NZDCAD|LONG|4,NZDCAD,LONG,target,2022-01-11T15:17:00.000Z,2022-01-11T16:01:00.000Z,2022-01-10T00:00:00.000Z,1,0,0,0.180639,0.744622,-0.06,-0.002802,0.68182,-0.065339,0.180639,0,1,0.030556,0.2,,E1D7EC978DAF243D3B54D628E95970EEA1CE0DAD7A745CCC966BDA8A8BD376A4
RAW_GRID_T100_S020_GATE90_DAVID_CONTRA,david_contra,RAW_GRID_T100_S020_GATE90_DAVID_CONTRA|NZDCAD|LONG|5,NZDCAD,LONG,target,2022-01-11T16:09:00.000Z,2022-01-11T16:14:00.000Z,2022-01-10T00:00:00.000Z,1,0,0,0.138324,0.57106,-0.06,-0.000318,0.510741,0,0.138324,1,2,0.003472,0.2,,3A01041CECB9179D16083D4E96368E93C209FDB5A56640597177E27A6C597AA6
RAW_GRID_T100_S020_GATE90_DAVID_CONTRA,david_contra,RAW_GRID_T100_S020_GATE90_DAVID_CONTRA|NZDCAD|LONG|6,NZDCAD,LONG,target,2022-01-11T16:24:00.000Z,2022-01-11T16:26:00.000Z,2022-01-10T00:00:00.000Z,1,0,0,0.11335,0.468075,-0.06,-0.000127,0.407947,-0.019211,0.11335,2,3,0.001389,0.2,,17CD85C7AB6C4CB29747F1D56CADA50B23A19AE36268281488948150DA953797
RAW_GRID_T100_S020_GATE90_DAVID_CONTRA,david_contra,RAW_GRID_T100_S020_GATE90_DAVID_CONTRA|NZDCAD|LONG|7,NZDCAD,LONG,target,2022-01-11T17:21:00.000Z,2022-01-11T18:25:00.000Z,2022-01-10T00:00:00.000Z,1,0,0,0.092229,0.381481,-0.06,-0.004076,0.317405,-0.086463,0.092229,3,4,0.044444,0.2,,84B37CE17929ABECCA2CD488BF772048FF1BB6D6D40ED6BC0FAD75987C49FF6B
RAW_GRID_T100_S020_GATE90_DAVID_CONTRA,david_contra,RAW_GRID_T100_S020_GATE90_DAVID_CONTRA|NZDCAD|LONG|8,NZDCAD,LONG,target,2022-01-11T18:41:00.000Z,2022-01-11T18:52:00.000Z,2022-01-10T00:00:00.000Z,1,0,0,0.107617,0.445507,-0.06,-0.0007,0.384806,0,0.107617,4,5,0.007639,0.2,,80D35E51D177E2AFD55BBCE9AF788AF8E8A64BA9B7CD7D7857F454062A2F001E
RAW_GRID_T100_S020_GATE90_DAVID_CONTRA,david_contra,RAW_GRID_T100_S020_GATE90_DAVID_CONTRA|NZDCAD|LONG|9,NZDCAD,LONG,target,2022-01-12T01:03:00.000Z,2022-01-12T06:02:00.000Z,2022-01-10T00:00:00.000Z,1,0,0,0.040354,0.167336,-0.06,-0.01904,0.088295,-0.174869,0.051885,5,6,0.207639,0.2,,8EB4F666123FE4E84EE8E1A7B697BC01011FE941BF7529E88FC5A2BCAFDFE5F7
RAW_GRID_T100_S020_GATE90_DAVID_CONTRA,david_contra,RAW_GRID_T100_S020_GATE90_DAVID_CONTRA|NZDCAD|LONG|10,NZDCAD,LONG,target,2022-01-12T07:54:00.000Z,2022-01-12T13:36:00.000Z,2022-01-10T00:00:00.000Z,3,2,0,0.01212,0.047918,-0.18,-0.052409,-0.184491,-0.85419,0.086519,6,7,0.2375,0.2,,99C64817E422F620F96DCA32C3F851D8DF1DF5D79333D5343C1BFF4882D13324
RAW_GRID_T100_S020_GATE90_DAVID_CONTRA,david_contra,RAW_GRID_T100_S020_GATE90_DAVID_CONTRA|NZDCAD|SHORT|11,NZDCAD,SHORT,session_flatten,2022-01-12T15:01:00.000Z,2022-01-12T21:00:00.000Z,2022-01-10T00:00:00.000Z,2,1,0,-0.547616,-2.286971,-0.12,0.004028,-2.402943,-0.582072,0.133863,2,,0.249306,0.2,,619EF0E4F5B7971414312C85F5E7BE5BD0D36B64D3D7AADB0A7CAE8F75A12F2B
RAW_GRID_T100_S020_GATE90_DAVID_CONTRA,david_contra,RAW_GRID_T100_S020_GATE90_DAVID_CONTRA|NZDCAD|SHORT|12,NZDCAD,SHORT,target,2022-01-12T23:36:00.000Z,2022-01-12T23:39:00.000Z,2022-01-10T00:00:00.000Z,1,0,0,0.107097,0.447829,-0.06,0.000021,0.38785,0,0.107097,2,3,0.002083,0.2,,4CC15F26833AC5C8C6A33DC455F28CAB73803FD82DAA8B8ECD8BB3B2BF9CB21E
RAW_GRID_T100_S020_GATE90_DAVID_CONTRA,david_contra,RAW_GRID_T100_S020_GATE90_DAVID_CONTRA|NZDCAD|SHORT|13,NZDCAD,SHORT,target,2022-01-13T00:09:00.000Z,2022-01-13T00:33:00.000Z,2022-01-10T00:00:00.000Z,1,0,0,0.128124,0.535755,-0.06,0.000167,0.475922,-0.009561,0.128124,3,4,0.016667,0.2,,FD7152F5FFCF5D00E110533BE02E478D31B00CE93F86C96D61CF464AC795D218
RAW_GRID_T100_S020_GATE90_DAVID_CONTRA,david_contra,RAW_GRID_T100_S020_GATE90_DAVID_CONTRA|NZDCAD|SHORT|14,NZDCAD,SHORT,target,2022-01-13T00:41:00.000Z,2022-01-13T01:49:00.000Z,2022-01-10T00:00:00.000Z,1,0,0,0.091788,0.383775,-0.06,0.000472,0.324247,-0.11091,0.091788,4,5,0.047222,0.2,,EBA4726E055A6435FD4868DBFD42D700883A2540D8CF58FDFB6F51452588CC77
RAW_GRID_T100_S020_GATE90_DAVID_CONTRA,david_contra,RAW_GRID_T100_S020_GATE90_DAVID_CONTRA|NZDCAD|SHORT|15,NZDCAD,SHORT,target,2022-01-13T02:20:00.000Z,2022-01-13T02:37:00.000Z,2022-01-10T00:00:00.000Z,1,0,0,0.103244,0.431838,-0.06,0.000118,0.371956,-0.007648,0.103244,5,6,0.011806,0.2,,312865E767810ED3441D8EA823A8D2D0900F5115BBA53E3CFECE68AF4B765FB4
RAW_GRID_T100_S020_GATE90_DAVID_CONTRA,david_contra,RAW_GRID_T100_S020_GATE90_DAVID_CONTRA|NZDCAD|SHORT|16,NZDCAD,SHORT,target,2022-01-13T02:51:00.000Z,2022-01-13T12:15:00.000Z,2022-01-10T00:00:00.000Z,3,2,0,0.228613,0.961319,-0.18,0.006507,0.787826,-0.676351,0.228613,6,7,0.391667,0.2,,ABA4870CD1B92D53598F4370D8A4A9BF39B364716E0A5F4797EB19A52D597D81
RAW_GRID_T100_S020_GATE90_DAVID_CONTRA,david_contra,RAW_GRID_T100_S020_GATE90_DAVID_CONTRA|NZDCAD|SHORT|17,NZDCAD,SHORT,target,2022-01-13T12:42:00.000Z,2022-01-13T12:55:00.000Z,2022-01-10T00:00:00.000Z,1,0,0,0.118343,0.496799,-0.06,0.00009,0.436889,0,0.118343,7,8,0.009028,0.2,,57E4CC10B97F1DD832EED823CAAE7AB1629C100ED981343F16B9D59B8E92D59E
RAW_GRID_T100_S020_GATE90_DAVID_CONTRA,david_contra,RAW_GRID_T100_S020_GATE90_DAVID_CONTRA|NZDCAD|SHORT|18,NZDCAD,SHORT,target,2022-01-13T15:08:00.000Z,2022-01-13T15:23:00.000Z,2022-01-10T00:00:00.000Z,1,0,0,0.125931,0.529016,-0.06,0.000104,0.46912,-0.013357,0.125931,8,9,0.010417,0.2,,28D9D781903EE097F3EC79517D43C055E9E0B33DCC7D395E936A46C465567FA6
RAW_GRID_T100_S020_GATE90_DAVID_CONTRA,david_contra,RAW_GRID_T100_S020_GATE90_DAVID_CONTRA|NZDCAD|SHORT|19,NZDCAD,SHORT,target,2022-01-13T15:34:00.000Z,2022-01-13T17:24:00.000Z,2022-01-10T00:00:00.000Z,1,0,0,0.043884,0.183974,-0.06,0.000764,0.124738,-0.127838,0.093494,9,10,0.076389,0.2,,10FB09105F0D059972FBDDB41F3314AFB89D48A80177C039DC012B1DE076EBFA
RAW_GRID_T100_S020_GATE90_DAVID_CONTRA,david_contra,RAW_GRID_T100_S020_GATE90_DAVID_CONTRA|NZDCAD|SHORT|20,NZDCAD,SHORT,target,2022-01-13T18:07:00.000Z,2022-01-13T18:44:00.000Z,2022-01-10T00:00:00.000Z,1,0,0,0.11443,0.480233,-0.06,0.000257,0.42049,-0.022885,0.11443,10,11,0.025694,0.2,,A3DDB07997DE2036B811E6788AF202F993F304E718B3013C69B3F5A1FAEC58D4
RAW_GRID_T100_S020_GATE90_DAVID_CONTRA,david_contra,RAW_GRID_T100_S020_GATE90_DAVID_CONTRA|NZDCHF|SHORT|1,NZDCHF,SHORT,target,2022-01-10T10:12:00.000Z,2022-01-10T11:44:00.000Z,2022-01-10T00:00:00.000Z,2,1,0,0.324381,1.281176,-0.12,0.001097,1.162273,-0.258646,0.324381,0,1,0.063889,0.2,,CEAD3C3DD2D5918DE0CEB2BF216A35D0F8C03552109914C69EDD524C59987547
RAW_GRID_T100_S020_GATE90_DAVID_CONTRA,david_contra,RAW_GRID_T100_S020_GATE90_DAVID_CONTRA|NZDCHF|SHORT|2,NZDCHF,SHORT,target,2022-01-10T11:49:00.000Z,2022-01-10T12:16:00.000Z,2022-01-10T00:00:00.000Z,1,0,0,0.115533,0.455512,-0.06,0.000187,0.3957,-0.038511,0.115533,1,2,0.01875,0.2,,5017866E467C1F144C832848763176426260159399BA69E1A96FC4FA1213ADC1
RAW_GRID_T100_S020_GATE90_DAVID_CONTRA,david_contra,RAW_GRID_T100_S020_GATE90_DAVID_CONTRA|NZDCHF|SHORT|3,NZDCHF,SHORT,target,2022-01-10T13:35:00.000Z,2022-01-10T14:49:00.000Z,2022-01-10T00:00:00.000Z,2,1,0,0.335233,1.317226,-0.12,0.000667,1.197893,-0.220024,0.335233,2,3,0.051389,0.2,,49C95537BE39A1F48047965DBDB5CE5D6C2332DC3873DFB3C981FBDE69F6480C
RAW_GRID_T100_S020_GATE90_DAVID_CONTRA,david_contra,RAW_GRID_T100_S020_GATE90_DAVID_CONTRA|NZDCHF|SHORT|4,NZDCHF,SHORT,target,2022-01-10T15:07:00.000Z,2022-01-10T15:14:00.000Z,2022-01-10T00:00:00.000Z,1,0,0,0.115455,0.453525,-0.06,0.000049,0.393574,-0.065974,0.115455,3,4,0.004861,0.2,,90CDA8E305E299116B2B68D8F3E6975EDB3E3852A7EC2170B033E774B5E2201B
RAW_GRID_T100_S020_GATE90_DAVID_CONTRA,david_contra,RAW_GRID_T100_S020_GATE90_DAVID_CONTRA|NZDCHF|SHORT|5,NZDCHF,SHORT,target,2022-01-10T15:21:00.000Z,2022-01-10T15:28:00.000Z,2022-01-10T00:00:00.000Z,1,0,0,0.115434,0.453766,-0.06,0.000049,0.393815,-0.024737,0.115434,4,5,0.004861,0.2,,43BA38EF0ECFC193A3B2DC9BB7C45A2B88396EF89F64C6AB3175807C31559297
RAW_GRID_T100_S020_GATE90_DAVID_CONTRA,david_contra,RAW_GRID_T100_S020_GATE90_DAVID_CONTRA|NZDCHF|SHORT|6,NZDCHF,SHORT,target,2022-01-10T15:31:00.000Z,2022-01-10T15:35:00.000Z,2022-01-10T00:00:00.000Z,1,0,0,0.131907,0.518583,-0.06,0.000028,0.458611,-0.005496,0.131907,5,6,0.002778,0.2,,A3247BEEBCAD93146AD15B303AB479BC508045FDE8EA349FAC31F15CA32C5750
RAW_GRID_T100_S020_GATE90_DAVID_CONTRA,david_contra,RAW_GRID_T100_S020_GATE90_DAVID_CONTRA|NZDCHF|SHORT|7,NZDCHF,SHORT,target,2022-01-10T16:00:00.000Z,2022-01-10T16:04:00.000Z,2022-01-10T00:00:00.000Z,1,0,0,0.134693,0.529374,-0.06,0.000028,0.469402,-0.065972,0.134693,6,7,0.002778,0.2,,D18CF562809B77100AAEBC6713AB569AC93AD8C9C9980BA6BCB8366A6A3F714C
RAW_GRID_T100_S020_GATE90_DAVID_CONTRA,david_contra,RAW_GRID_T100_S020_GATE90_DAVID_CONTRA|NZDCHF|SHORT|8,NZDCHF,SHORT,session_flatten,2022-01-10T16:06:00.000Z,2022-01-10T21:00:00.000Z,2022-01-10T00:00:00.000Z,3,2,0,-1.241079,-4.875304,-0.18,0.004153,-5.051152,-1.364583,0.115415,7,,0.204167,0.2,,2DD58FB19D06716BB6922B58B962EBC9CC85A55A1B0D89750D228210578189FD
RAW_GRID_T100_S020_GATE90_DAVID_CONTRA,david_contra,RAW_GRID_T100_S020_GATE90_DAVID_CONTRA|NZDCHF|SHORT|9,NZDCHF,SHORT,target,2022-01-10T23:05:00.000Z,2022-01-11T01:31:00.000Z,2022-01-10T00:00:00.000Z,2,1,0,0.155885,0.615142,-0.12,0.001542,0.496683,-0.347738,0.155885,7,8,0.101389,0.2,,2E5AD05526EBCB48B59D71ABC5D4AB8FEE2C9A3D12466CAA629922A4F281AA88
RAW_GRID_T100_S020_GATE90_DAVID_CONTRA,david_contra,RAW_GRID_T100_S020_GATE90_DAVID_CONTRA|NZDCHF|SHORT|10,NZDCHF,SHORT,target,2022-01-11T03:20:00.000Z,2022-01-11T04:08:00.000Z,2022-01-10T00:00:00.000Z,1,0,0,0.084836,0.309999,-0.06,0.000333,0.250332,-0.0821,0.084836,8,9,0.033333,0.2,,5436B2AE8FF5AB4E9248603D451B0C8724451C46FCEA3ABC9B76BE2CC46AE461
RAW_GRID_T100_S020_GATE90_DAVID_CONTRA,david_contra,RAW_GRID_T100_S020_GATE90_DAVID_CONTRA|NZDCHF|SHORT|11,NZDCHF,SHORT,target,2022-01-11T08:18:00.000Z,2022-01-11T08:37:00.000Z,2022-01-10T00:00:00.000Z,1,0,0,0.095822,0.378177,-0.06,0.000132,0.318309,-0.104036,0.095822,9,10,0.013194,0.2,,0D7A324C6045C402735C8A03D22D91AD23C011B47D3042F079A42D31159EAEA8
RAW_GRID_T100_S020_GATE90_DAVID_CONTRA,david_contra,RAW_GRID_T100_S020_GATE90_DAVID_CONTRA|NZDCHF|SHORT|12,NZDCHF,SHORT,target,2022-01-11T09:32:00.000Z,2022-01-11T10:29:00.000Z,2022-01-10T00:00:00.000Z,2,1,0,0.347325,1.370691,-0.12,0.000521,1.251212,-0.205308,0.347325,10,11,0.039583,0.2,,B870337BAE375203FF8E2EBEDBFFAEC0D94B9FE357A9E9E02FA7AE09E5413FB2
RAW_GRID_T100_S020_GATE90_DAVID_CONTRA,david_contra,RAW_GRID_T100_S020_GATE90_DAVID_CONTRA|NZDCHF|SHORT|13,NZDCHF,SHORT,session_flatten,2022-01-11T17:10:00.000Z,2022-01-11T21:00:00.000Z,2022-01-10T00:00:00.000Z,2,1,0,-0.15086,-0.595417,-0.12,0.00266,-0.712758,-0.551015,0.041135,11,,0.159722,0.2,,27A82BF626ADCD006DF3194859615B20D85A2CF4EA2A17636D3DA28FAA22457B
RAW_GRID_T100_S020_GATE90_DAVID_CONTRA,david_contra,RAW_GRID_T100_S020_GATE90_DAVID_CONTRA|NZDCHF|SHORT|14,NZDCHF,SHORT,target,2022-01-11T23:05:00.000Z,2022-01-11T23:22:00.000Z,2022-01-10T00:00:00.000Z,1,0,0,0.087637,0.319997,-0.06,0.000118,0.260115,-0.027387,0.087637,11,12,0.011806,0.2,,A053B1B379B1A6B99BD33AF2EAFDE10F4E58ED2AA0A5E98280D6E391DF64A41F
RAW_GRID_T100_S020_GATE90_DAVID_CONTRA,david_contra,RAW_GRID_T100_S020_GATE90_DAVID_CONTRA|NZDCHF|SHORT|15,NZDCHF,SHORT,target,2022-01-12T00:41:00.000Z,2022-01-12T01:00:00.000Z,2022-01-10T00:00:00.000Z,1,0,0,0.125934,0.498204,-0.06,0.000132,0.438336,0,0.125934,12,13,0.013194,0.2,,6969A2872B360081CF9D3F26658745E1D02F268E81B23FCA3DAAD3585AFD168B
RAW_GRID_T100_S020_GATE90_DAVID_CONTRA,david_contra,RAW_GRID_T100_S020_GATE90_DAVID_CONTRA|NZDCHF|SHORT|16,NZDCHF,SHORT,target,2022-01-12T03:09:00.000Z,2022-01-12T07:36:00.000Z,2022-01-10T00:00:00.000Z,2,1,0,0.300883,1.190156,-0.12,0.002222,1.072378,-0.224515,0.300883,13,14,0.185417,0.2,,4DD201F4E9D612F936369FECDE41C531A496FD121E6C999663ECAB66BAA972B6
RAW_GRID_T100_S020_GATE90_DAVID_CONTRA,david_contra,RAW_GRID_T100_S020_GATE90_DAVID_CONTRA|NZDCHF|SHORT|17,NZDCHF,SHORT,target,2022-01-12T13:36:00.000Z,2022-01-12T13:36:00.000Z,2022-01-10T00:00:00.000Z,1,0,0,0.18639,0.737512,-0.06,0,0.677512,0,0.18639,14,15,0,0.2,,1E53EF8D4F5BE20F18689B88AF228C4113FB15630D029EBB0BA322281DE472E1
RAW_GRID_T100_S020_GATE90_DAVID_CONTRA,david_contra,RAW_GRID_T100_S020_GATE90_DAVID_CONTRA|NZDCHF|SHORT|18,NZDCHF,SHORT,target,2022-01-12T13:36:00.000Z,2022-01-12T13:42:00.000Z,2022-01-10T00:00:00.000Z,1,0,0,0.126108,0.50012,-0.06,0.000042,0.440162,-0.027415,0.126108,15,16,0.004167,0.2,,C7093F0D6F95DCA9CDBE37FD0EFDB07F8DF98C213DD918F919312865A55E40E3
RAW_GRID_T100_S020_GATE90_DAVID_CONTRA,david_contra,RAW_GRID_T100_S020_GATE90_DAVID_CONTRA|NZDCHF|SHORT|19,NZDCHF,SHORT,target,2022-01-12T13:44:00.000Z,2022-01-12T13:47:00.000Z,2022-01-10T00:00:00.000Z,1,0,0,0.131582,0.52174,-0.06,0.000021,0.461761,0,0.131582,16,17,0.002083,0.2,,63C11BDDF0B3D588EBEC16A9AED8A30405CF69BF6FA11976248AFF8BC4B2B1E9
RAW_GRID_T100_S020_GATE90_DAVID_CONTRA,david_contra,RAW_GRID_T100_S020_GATE90_DAVID_CONTRA|NZDCHF|SHORT|20,NZDCHF,SHORT,target,2022-01-12T14:05:00.000Z,2022-01-12T15:33:00.000Z,2022-01-10T00:00:00.000Z,3,2,0,0.429317,1.712647,-0.18,0.001438,1.534084,-0.671183,0.429317,17,18,0.061111,0.2,,783A2B4226FBB56270DC1B41A0D34C387E2AF29D7EDE1D72797632489CF6524A
RAW_GRID_T100_S020_GATE90_DAVID_CONTRA,david_contra,RAW_GRID_T100_S020_GATE90_DAVID_CONTRA|NZDCHF|SHORT|21,NZDCHF,SHORT,session_flatten,2022-01-12T20:31:00.000Z,2022-01-12T21:00:00.000Z,2022-01-10T00:00:00.000Z,1,0,0,-0.052078,-0.207912,-0.06,0.000201,-0.26771,-0.084968,0.043854,18,,0.020139,0.2,,242D8A259EA4B7156976D5349768A808D9D9DAE99E98F43C340EBB9BF4496A68
RAW_GRID_T100_S020_GATE90_DAVID_CONTRA,david_contra,RAW_GRID_T100_S020_GATE90_DAVID_CONTRA|NZDCHF|SHORT|22,NZDCHF,SHORT,target,2022-01-12T23:13:00.000Z,2022-01-12T23:39:00.000Z,2022-01-10T00:00:00.000Z,1,0,0,0.120613,0.481385,-0.06,0.000181,0.421566,-0.005482,0.120613,18,19,0.018056,0.2,,2D26CB8EC02CB7DD3441E49CFD6B2579FDC4AB1BB5A1986278CBD345D89F0A9C
RAW_GRID_T100_S020_GATE90_DAVID_CONTRA,david_contra,RAW_GRID_T100_S020_GATE90_DAVID_CONTRA|NZDCHF|SHORT|23,NZDCHF,SHORT,target,2022-01-13T00:34:00.000Z,2022-01-13T01:54:00.000Z,2022-01-10T00:00:00.000Z,1,0,0,0.076744,0.306169,-0.06,0.000556,0.246724,-0.178155,0.076744,19,20,0.055556,0.2,,7692B3D734528AA2234E92C69E2CC0E01EB85D8A5EB2099261005E702B5BCEE6
RAW_GRID_T100_S020_GATE90_DAVID_CONTRA,david_contra,RAW_GRID_T100_S020_GATE90_DAVID_CONTRA|NZDCHF|SHORT|24,NZDCHF,SHORT,target,2022-01-13T02:17:00.000Z,2022-01-13T07:46:00.000Z,2022-01-10T00:00:00.000Z,2,1,0,0.183244,0.73421,-0.12,0.00384,0.61805,-0.28766,0.183244,20,21,0.228472,0.2,,C63B566D7917D4034123F7A7DEE8D559FA45B95666807A198E752F1CEC5C083E
RAW_GRID_T100_S020_GATE90_DAVID_CONTRA,david_contra,RAW_GRID_T100_S020_GATE90_DAVID_CONTRA|NZDCHF|SHORT|25,NZDCHF,SHORT,target,2022-01-13T08:11:00.000Z,2022-01-13T09:29:00.000Z,2022-01-10T00:00:00.000Z,2,1,0,0.15851,0.635144,-0.12,0.000917,0.516061,-0.530853,0.15851,21,22,0.054167,0.2,,ABD8339B170E8DB606EC6E1A52474DA63FBDA118489CDDAA2CF44FA4312466ED
RAW_GRID_T100_S020_GATE90_DAVID_CONTRA,david_contra,RAW_GRID_T100_S020_GATE90_DAVID_CONTRA|NZDCHF|SHORT|26,NZDCHF,SHORT,target,2022-01-13T09:54:00.000Z,2022-01-13T11:08:00.000Z,2022-01-10T00:00:00.000Z,1,0,0,0.024611,0.098599,-0.06,0.000514,0.039113,-0.185944,0.05469,22,23,0.051389,0.2,,AD6FC62B357EEC8FEC01797A4BA58CBB46C699305979D100A6734E7732516BBD
RAW_GRID_T100_S020_GATE90_DAVID_CONTRA,david_contra,RAW_GRID_T100_S020_GATE90_DAVID_CONTRA|NZDCHF|SHORT|27,NZDCHF,SHORT,target,2022-01-14T04:24:00.000Z,2022-01-14T04:39:00.000Z,2022-01-10T00:00:00.000Z,1,0,0,0.112645,0.450324,-0.06,0.000104,0.390429,-0.02198,0.112645,23,24,0.010417,0.2,,87F0860F4C7DC16B595B634C9BB96A7CF870928A8F8A9B3BC37FCDDD9CD8C1E3
RAW_GRID_T100_S020_GATE90_DAVID_CONTRA,david_contra,RAW_GRID_T100_S020_GATE90_DAVID_CONTRA|NZDCHF|SHORT|28,NZDCHF,SHORT,target,2022-01-14T05:49:00.000Z,2022-01-14T07:33:00.000Z,2022-01-10T00:00:00.000Z,1,0,0,0.082431,0.329504,-0.06,0.000722,0.270226,-0.087925,0.082431,24,25,0.072222,0.2,,51FCE1AC11254F30AEC19CA2B2C31AF1808627441DC41E8C461BA2AB8C8AAA0E
RAW_GRID_T100_S020_GATE90_DAVID_CONTRA,david_contra,RAW_GRID_T100_S020_GATE90_DAVID_CONTRA|NZDCHF|SHORT|29,NZDCHF,SHORT,target,2022-01-14T08:00:00.000Z,2022-01-14T08:05:00.000Z,2022-01-10T00:00:00.000Z,1,0,0,0.137346,0.549397,-0.06,0.000035,0.489432,0,0.137346,25,26,0.003472,0.2,,4066DFB594F09C57B70146A0860D9F2385BC22DDA203C5DC641F1951EF779FD5
RAW_GRID_T100_S020_GATE90_DAVID_CONTRA,david_contra,RAW_GRID_T100_S020_GATE90_DAVID_CONTRA|NZDCHF|SHORT|30,NZDCHF,SHORT,target,2022-01-14T08:13:00.000Z,2022-01-14T08:51:00.000Z,2022-01-10T00:00:00.000Z,2,1,0,0.307349,1.230443,-0.12,0.000444,1.110887,-0.214263,0.307349,26,27,0.026389,0.2,,9560A5D38D76FB640544CAAC5031C93CD4560199A20D8A0E5599A0AAA538DDD8
RAW_GRID_T100_S020_GATE90_DAVID_CONTRA,david_contra,RAW_GRID_T100_S020_GATE90_DAVID_CONTRA|NZDCHF|LONG|31,NZDCHF,LONG,target,2022-01-14T13:14:00.000Z,2022-01-14T14:38:00.000Z,2022-01-10T00:00:00.000Z,2,1,0,0.422153,1.678438,-0.12,-0.008342,1.550096,-0.322605,0.422153,0,1,0.058333,0.2,,46F5E5F12060291A4D2317786F19EE157A06C359ABE917B0EA6822E5B1A8B400
RAW_GRID_T100_S020_GATE90_DAVID_CONTRA,david_contra,RAW_GRID_T100_S020_GATE90_DAVID_CONTRA|NZDCHF|LONG|32,NZDCHF,LONG,target,2022-01-14T14:38:00.000Z,2022-01-14T14:39:00.000Z,2022-01-10T00:00:00.000Z,1,0,0,0.099241,0.394911,-0.06,-0.000064,0.334847,0,0.099241,1,2,0.000694,0.2,,1CBB0664E60DC29A35B8E9CE2DFAA5F91019D075882D2005E5E8278C7D97B3C2
RAW_GRID_T100_S020_GATE90_DAVID_CONTRA,david_contra,RAW_GRID_T100_S020_GATE90_DAVID_CONTRA|NZDCHF|LONG|33,NZDCHF,LONG,target,2022-01-14T14:43:00.000Z,2022-01-14T15:12:00.000Z,2022-01-10T00:00:00.000Z,1,0,0,0.124087,0.493625,-0.06,-0.001847,0.431779,-0.096512,0.124087,2,3,0.020139,0.2,,78B4225F7451D223AEB0B2247F41FAC4EAC4573BC2C532E33898D92E59398C61
RAW_GRID_T100_S020_GATE90_DAVID_CONTRA,david_contra,RAW_GRID_T100_S020_GATE90_DAVID_CONTRA|NZDJPY|LONG|1,NZDJPY,LONG,target,2022-01-10T12:43:00.000Z,2022-01-10T16:31:00.000Z,2022-01-10T00:00:00.000Z,3,2,0,0.000746,0.000006,-0.18,-0.028465,-0.208459,-0.995369,0.085238,0,1,0.158333,0.2,,7A2A2C2A1171CE2AA72D11DF34884E2CAEF5E1D67DA17B5E501B52188FC3CD4E
RAW_GRID_T100_S020_GATE90_DAVID_CONTRA,david_contra,RAW_GRID_T100_S020_GATE90_DAVID_CONTRA|NZDJPY|LONG|2,NZDJPY,LONG,target,2022-01-10T16:48:00.000Z,2022-01-10T16:59:00.000Z,2022-01-10T00:00:00.000Z,1,0,0,0.094994,0.555899,-0.06,-0.0007,0.495199,-0.001484,0.094994,1,2,0.007639,0.2,,4742DBCAA9C2B58182265EA38A0F334618CFDF60433DD6A26437578B728B8172
RAW_GRID_T100_S020_GATE90_DAVID_CONTRA,david_contra,RAW_GRID_T100_S020_GATE90_DAVID_CONTRA|NZDJPY|LONG|3,NZDJPY,LONG,target,2022-01-10T17:32:00.000Z,2022-01-10T18:08:00.000Z,2022-01-10T00:00:00.000Z,1,0,0,0.096505,0.564656,-0.06,-0.002292,0.502363,-0.019301,0.096505,2,3,0.025,0.2,,A1F4329C354A6652058B46A933D9D0EEB7FADDED94519F622C06ADBAFFCE9BB3
RAW_GRID_T100_S020_GATE90_DAVID_CONTRA,david_contra,RAW_GRID_T100_S020_GATE90_DAVID_CONTRA|NZDJPY|LONG|4,NZDJPY,LONG,target,2022-01-11T06:40:00.000Z,2022-01-11T07:26:00.000Z,2022-01-10T00:00:00.000Z,1,0,0,0.079907,0.468723,-0.06,-0.002929,0.405793,-0.147977,0.079907,3,4,0.031944,0.2,,97B2B96DADE4462000A51AFA85262AC77E936A35A6C549369C8ECA5D3EC9D895
RAW_GRID_T100_S020_GATE90_DAVID_CONTRA,david_contra,RAW_GRID_T100_S020_GATE90_DAVID_CONTRA|NZDJPY|LONG|5,NZDJPY,LONG,target,2022-01-11T14:32:00.000Z,2022-01-11T15:06:00.000Z,2022-01-10T00:00:00.000Z,1,0,0,0.109438,0.640703,-0.06,-0.002165,0.578538,-0.112396,0.109438,4,5,0.023611,0.2,,88C521595806E2B1209E4AEA4A200CC3E3AFB5583ADBF2129F5D04C2571C7C6A
RAW_GRID_T100_S020_GATE90_DAVID_CONTRA,david_contra,RAW_GRID_T100_S020_GATE90_DAVID_CONTRA|NZDJPY|LONG|6,NZDJPY,LONG,target,2022-01-11T15:19:00.000Z,2022-01-11T15:40:00.000Z,2022-01-10T00:00:00.000Z,1,0,0,0.124252,0.727573,-0.06,-0.001337,0.666236,-0.053252,0.124252,5,6,0.014583,0.2,,928D3E8873ACF2F8FD44F8FE38814EF98F8535420BC5B09FF37F82127598297A
RAW_GRID_T100_S020_GATE90_DAVID_CONTRA,david_contra,RAW_GRID_T100_S020_GATE90_DAVID_CONTRA|NZDJPY|LONG|7,NZDJPY,LONG,target,2022-01-11T15:50:00.000Z,2022-01-11T16:01:00.000Z,2022-01-10T00:00:00.000Z,1,0,0,0.162753,0.952719,-0.06,-0.0007,0.892018,-0.007398,0.162753,6,7,0.007639,0.2,,FBCC4D5C58582B3DD236E5CB351EF846630ABDCB58B30020E596C4D2746A5D03
RAW_GRID_T100_S020_GATE90_DAVID_CONTRA,david_contra,RAW_GRID_T100_S020_GATE90_DAVID_CONTRA|NZDJPY|LONG|8,NZDJPY,LONG,target,2022-01-12T08:30:00.000Z,2022-01-12T10:51:00.000Z,2022-01-10T00:00:00.000Z,1,0,0,0.131266,0.77107,-0.06,-0.008979,0.702091,-0.06047,0.131266,7,8,0.097917,0.2,,149E911CC830EE99FC7F7C528F81A79222291540B7D662C20AC4C495CD230087
RAW_GRID_T100_S020_GATE90_DAVID_CONTRA,david_contra,RAW_GRID_T100_S020_GATE90_DAVID_CONTRA|NZDJPY|LONG|9,NZDJPY,LONG,target,2022-01-12T12:02:00.000Z,2022-01-12T13:23:00.000Z,2022-01-10T00:00:00.000Z,1,0,0,0.129806,0.762641,-0.06,-0.005158,0.697483,-0.0059,0.129806,8,9,0.05625,0.2,,05A18B67B07A05291AB6786FFE35127C6BCA1A2AC800B580F5C7C88F79921214
RAW_GRID_T100_S020_GATE90_DAVID_CONTRA,david_contra,RAW_GRID_T100_S020_GATE90_DAVID_CONTRA|NZDJPY|SHORT|10,NZDJPY,SHORT,target,2022-01-12T14:46:00.000Z,2022-01-12T16:08:00.000Z,2022-01-10T00:00:00.000Z,1,0,0,0.181954,1.080419,-0.06,0.000569,1.020988,-0.152607,0.181954,0,1,0.056944,0.2,,76978DF0B6644A2B6BFA4E73F575CC82AC8D5A694967EFD802497BCBE62F4C72
RAW_GRID_T100_S020_GATE90_DAVID_CONTRA,david_contra,RAW_GRID_T100_S020_GATE90_DAVID_CONTRA|NZDJPY|SHORT|11,NZDJPY,SHORT,target,2022-01-13T00:40:00.000Z,2022-01-13T01:19:00.000Z,2022-01-10T00:00:00.000Z,1,0,0,0.114499,0.680496,-0.06,0.000271,0.620767,-0.093948,0.114499,1,2,0.027083,0.2,,78C03D4A153D56A5A96132047374277D403A77606F355AF3322E705C64ED72A8
RAW_GRID_T100_S020_GATE90_DAVID_CONTRA,david_contra,RAW_GRID_T100_S020_GATE90_DAVID_CONTRA|NZDJPY|SHORT|12,NZDJPY,SHORT,target,2022-01-13T02:40:00.000Z,2022-01-13T03:13:00.000Z,2022-01-10T00:00:00.000Z,1,0,0,0.096891,0.576028,-0.06,0.000229,0.516257,-0.099827,0.096891,2,3,0.022917,0.2,,0BC53616F4ED95E0899C17AE3BA2D485F3AD39B2F758E4CDED2EEA91C5323115
RAW_GRID_T100_S020_GATE90_DAVID_CONTRA,david_contra,RAW_GRID_T100_S020_GATE90_DAVID_CONTRA|NZDJPY|SHORT|13,NZDJPY,SHORT,target,2022-01-13T04:02:00.000Z,2022-01-13T12:17:00.000Z,2022-01-10T00:00:00.000Z,2,1,0,0.093631,0.55911,-0.12,0.005076,0.444187,-0.478071,0.140854,3,4,0.34375,0.2,,9FF88A88073155853139B2A1BDCDB92BD719EE6C64C8A503244257DBE8A0C8B2
RAW_GRID_T100_S020_GATE90_DAVID_CONTRA,david_contra,RAW_GRID_T100_S020_GATE90_DAVID_CONTRA|NZDJPY|SHORT|14,NZDJPY,SHORT,target,2022-01-13T14:56:00.000Z,2022-01-13T15:07:00.000Z,2022-01-10T00:00:00.000Z,1,0,0,0.108393,0.64747,-0.06,0.000076,0.587546,-0.023437,0.108393,4,5,0.007639,0.2,,F595981F2D79B5D3981CF84252F9197053A586EF2FCC0EC9795280AB659ED562
RAW_GRID_T100_S020_GATE90_DAVID_CONTRA,david_contra,RAW_GRID_T100_S020_GATE90_DAVID_CONTRA|NZDJPY|LONG|15,NZDJPY,LONG,target,2022-01-14T02:00:00.000Z,2022-01-14T04:14:00.000Z,2022-01-10T00:00:00.000Z,2,1,0,0.467769,2.776625,-0.12,-0.010953,2.645672,-0.212905,0.467769,9,10,0.093056,0.2,,AA4E18B10C0D8BC6218A4A1FC0B6C806A62F2B2F37A0CFAA001C07785A2C4179
RAW_GRID_T100_S020_GATE90_DAVID_CONTRA,david_contra,RAW_GRID_T100_S020_GATE90_DAVID_CONTRA|NZDJPY|LONG|16,NZDJPY,LONG,target,2022-01-14T04:51:00.000Z,2022-01-14T05:38:00.000Z,2022-01-10T00:00:00.000Z,1,0,0,0.113849,0.677068,-0.06,-0.002993,0.614075,-0.05027,0.113849,10,11,0.032639,0.2,,5E11A2A9D5F996C1BF847935C0AE93DA0C907F6D731DE47CA4EEE72426223E73
RAW_GRID_T100_S020_GATE90_DAVID_CONTRA,david_contra,RAW_GRID_T100_S020_GATE90_DAVID_CONTRA|NZDUSD|LONG|1,NZDUSD,LONG,target,2022-01-10T14:01:00.000Z,2022-01-10T16:13:00.000Z,2022-01-10T00:00:00.000Z,2,1,0,0.370587,1.909997,-0.12,-0.013309,1.776687,-0.211238,0.370587,0,1,0.091667,0.2,,F790D767C029BF1627875003D3A2D192D8F2E239B36CEDB25766094EAD32CB9B
RAW_GRID_T100_S020_GATE90_DAVID_CONTRA,david_contra,RAW_GRID_T100_S020_GATE90_DAVID_CONTRA|NZDUSD|LONG|2,NZDUSD,LONG,target,2022-01-11T06:48:00.000Z,2022-01-11T07:14:00.000Z,2022-01-10T00:00:00.000Z,1,0,0,0.110258,0.570002,-0.06,-0.001656,0.508346,-0.065768,0.110258,1,2,0.018056,0.2,,39ECFD4B385F685AF3523F1B0789E31E1B50FCD9DC97BF078E2C2B43D72D0A0F
RAW_GRID_T100_S020_GATE90_DAVID_CONTRA,david_contra,RAW_GRID_T100_S020_GATE90_DAVID_CONTRA|NZDUSD|LONG|3,NZDUSD,LONG,target,2022-01-11T10:56:00.000Z,2022-01-11T15:07:00.000Z,2022-01-10T00:00:00.000Z,3,2,0,0.362705,1.870005,-0.18,-0.022925,1.66708,-0.740928,0.362705,2,3,0.174306,0.2,,6A3C65DAE96F2274AEDAE9EACDD1CB6AA883BE6ED5DBF9D0FE6CA026936AAF53
RAW_GRID_T100_S020_GATE90_DAVID_CONTRA,david_contra,RAW_GRID_T100_S020_GATE90_DAVID_CONTRA|NZDUSD|LONG|4,NZDUSD,LONG,target,2022-01-11T15:16:00.000Z,2022-01-11T15:31:00.000Z,2022-01-10T00:00:00.000Z,1,0,0,0.102635,0.53,-0.06,-0.000955,0.469045,-0.052285,0.102635,3,4,0.010417,0.2,,52BA716846F6251EB5C73C3F06CB99E008FEE25B149DC5344AD36D56B972E4F7
RAW_GRID_T100_S020_GATE90_DAVID_CONTRA,david_contra,RAW_GRID_T100_S020_GATE90_DAVID_CONTRA|NZDUSD|LONG|5,NZDUSD,LONG,target,2022-01-12T07:47:00.000Z,2022-01-12T09:26:00.000Z,2022-01-10T00:00:00.000Z,1,0,0,0.0887,0.459997,-0.06,-0.006304,0.393693,-0.134979,0.0887,4,5,0.06875,0.2,,69ADF0F84C222BF21CDDAAD93FFB6703EE66FFCD93691B4E1A3F7E945117BA45
RAW_GRID_T100_S020_GATE90_DAVID_CONTRA,david_contra,RAW_GRID_T100_S020_GATE90_DAVID_CONTRA|NZDUSD|LONG|6,NZDUSD,LONG,target,2022-01-12T10:19:00.000Z,2022-01-12T11:19:00.000Z,2022-01-10T00:00:00.000Z,1,0,0,0.109937,0.569997,-0.06,-0.003821,0.506176,-0.036647,0.109937,5,6,0.041667,0.2,,076698B7E08998F6FF9F519C472002A2BC3F90CC7A5143CFCB3E7FCFA8EE5A4A
RAW_GRID_T100_S020_GATE90_DAVID_CONTRA,david_contra,RAW_GRID_T100_S020_GATE90_DAVID_CONTRA|NZDUSD|LONG|7,NZDUSD,LONG,target,2022-01-12T11:37:00.000Z,2022-01-12T13:25:00.000Z,2022-01-10T00:00:00.000Z,1,0,0,0.075218,0.39,-0.06,-0.006878,0.323122,-0.077147,0.075218,6,7,0.075,0.2,,5C2A881E2AE94F58E199A23E0EB27FBAF6C777A7BFFE7EA36650134C5FB7EACE
RAW_GRID_T100_S020_GATE90_DAVID_CONTRA,david_contra,RAW_GRID_T100_S020_GATE90_DAVID_CONTRA|NZDUSD|LONG|8,NZDUSD,LONG,target,2022-01-12T13:30:00.000Z,2022-01-12T13:31:00.000Z,2022-01-10T00:00:00.000Z,1,0,0,0.123475,0.639999,-0.06,-0.000064,0.579936,0,0.123475,7,8,0.000694,0.2,,95721B857796F4240185DACDAB70A9DB28458DAE416F50426A04B3A8BBB78754
RAW_GRID_T100_S020_GATE90_DAVID_CONTRA,david_contra,RAW_GRID_T100_S020_GATE90_DAVID_CONTRA|NZDUSD|LONG|9,NZDUSD,LONG,target,2022-01-12T13:31:00.000Z,2022-01-12T13:32:00.000Z,2022-01-10T00:00:00.000Z,1,0,0,0.169824,0.880003,-0.06,-0.000064,0.819939,0,0.169824,8,9,0.000694,0.2,,677A8E4C583B2A1E816A33DE2749E32A5191D1171DB8BD940B5FF66C65A71D59
RAW_GRID_T100_S020_GATE90_DAVID_CONTRA,david_contra,RAW_GRID_T100_S020_GATE90_DAVID_CONTRA|NZDUSD|SHORT|10,NZDUSD,SHORT,session_flatten,2022-01-12T13:43:00.000Z,2022-01-12T21:00:00.000Z,2022-01-10T00:00:00.000Z,5,4,0,-2.414698,-12.600005,-0.3,0.011986,-12.888018,-2.414698,0.134405,0,,0.303472,0.2,,50AE30FE871AC7D01CFBA39912B8617467C9F072F9B50D49A9B684BE20A38564
RAW_GRID_T100_S020_GATE90_DAVID_CONTRA,david_contra,RAW_GRID_T100_S020_GATE90_DAVID_CONTRA|NZDUSD|SHORT|11,NZDUSD,SHORT,target,2022-01-12T23:16:00.000Z,2022-01-12T23:51:00.000Z,2022-01-10T00:00:00.000Z,1,0,0,0.099243,0.519998,-0.06,0.000243,0.460241,-0.019086,0.099243,0,1,0.024306,0.2,,E8B5A9DD9DA67BECC53CED8108A4D37F0867E588B50615A4845DB61FE94D7763
RAW_GRID_T100_S020_GATE90_DAVID_CONTRA,david_contra,RAW_GRID_T100_S020_GATE90_DAVID_CONTRA|NZDUSD|SHORT|12,NZDUSD,SHORT,target,2022-01-13T00:05:00.000Z,2022-01-13T00:16:00.000Z,2022-01-10T00:00:00.000Z,1,0,0,0.104941,0.549998,-0.06,0.000076,0.490075,-0.007632,0.104941,1,2,0.007639,0.2,,0E978F9D882F47DEAC0D30A81693ECECD8356D68D4EED99D3BFF60F98A5FBE5D
RAW_GRID_T100_S020_GATE90_DAVID_CONTRA,david_contra,RAW_GRID_T100_S020_GATE90_DAVID_CONTRA|NZDUSD|SHORT|13,NZDUSD,SHORT,target,2022-01-13T00:41:00.000Z,2022-01-13T01:19:00.000Z,2022-01-10T00:00:00.000Z,1,0,0,0.095385,0.499999,-0.06,0.000264,0.440263,-0.070585,0.095385,2,3,0.026389,0.2,,3F30E8E941932F1218CD21BF4C5A17EFDF0D269074140903021DAC9C6AE38EEB
RAW_GRID_T100_S020_GATE90_DAVID_CONTRA,david_contra,RAW_GRID_T100_S020_GATE90_DAVID_CONTRA|NZDUSD|SHORT|14,NZDUSD,SHORT,target,2022-01-13T02:49:00.000Z,2022-01-13T17:19:00.000Z,2022-01-10T00:00:00.000Z,4,3,0,0.019386,0.110005,-0.24,0.015326,-0.114669,-1.510583,0.064849,3,4,0.604167,0.2,,A171E99A8D09BC73C9CDCEDF2A1534758A47B9060668B194BEC06BAE3320BDCF
RAW_GRID_T100_S020_GATE90_DAVID_CONTRA,david_contra,RAW_GRID_T100_S020_GATE90_DAVID_CONTRA|NZDUSD|SHORT|15,NZDUSD,SHORT,target,2022-01-14T05:38:00.000Z,2022-01-14T07:15:00.000Z,2022-01-10T00:00:00.000Z,1,0,0,0.097135,0.510001,-0.06,0.000674,0.450675,-0.127608,0.097135,4,5,0.067361,0.2,,E117F448B80F559457987407FCE9D101456B08A52573EB235FD2683205FC7741
RAW_GRID_T100_S020_GATE90_DAVID_CONTRA,david_contra,RAW_GRID_T100_S020_GATE90_DAVID_CONTRA|NZDUSD|SHORT|16,NZDUSD,SHORT,target,2022-01-14T08:07:00.000Z,2022-01-14T08:59:00.000Z,2022-01-10T00:00:00.000Z,1,0,0,0.100929,0.53,-0.06,0.000361,0.470361,-0.150442,0.100929,5,6,0.036111,0.2,,616DDC425ADF2EF7E30F85F574280D8013C551AE85015AC9B224813DC3EEF2A6
RAW_GRID_T100_S020_GATE90_DAVID_CONTRA,david_contra,RAW_GRID_T100_S020_GATE90_DAVID_CONTRA|USDCAD|SHORT|1,USDCAD,SHORT,target,2022-01-10T15:05:00.000Z,2022-01-10T17:14:00.000Z,2022-01-10T00:00:00.000Z,1,0,0,0.195669,1.420299,-0.06,0.000896,1.361195,-0.034785,0.195669,0,1,0.089583,0.2,,AE019DFD19F894997E5339CDD9B5AF0BD76CA4A35D5765710550E90ABD099622
RAW_GRID_T100_S020_GATE90_DAVID_CONTRA,david_contra,RAW_GRID_T100_S020_GATE90_DAVID_CONTRA|USDCAD|SHORT|2,USDCAD,SHORT,target,2022-01-10T17:24:00.000Z,2022-01-10T18:54:00.000Z,2022-01-10T00:00:00.000Z,1,0,0,0.060911,0.441701,-0.06,0.000625,0.382326,-0.1501,0.060911,1,2,0.0625,0.2,,D668C5C8D168113E8CC378DE409FBB3792E2CA71FFF67618B08ED6EFC9DC5621
RAW_GRID_T100_S020_GATE90_DAVID_CONTRA,david_contra,RAW_GRID_T100_S020_GATE90_DAVID_CONTRA|USDCAD|SHORT|3,USDCAD,SHORT,target,2022-01-11T13:52:00.000Z,2022-01-11T14:02:00.000Z,2022-01-10T00:00:00.000Z,1,0,0,0.12646,0.917471,-0.06,0.000069,0.85754,-0.044697,0.12646,2,3,0.006944,0.2,,7C66E6AED884CE838007B4ACB4224FE4CF40D073C2D847A8607B51F7BAF10B80
RAW_GRID_T100_S020_GATE90_DAVID_CONTRA,david_contra,RAW_GRID_T100_S020_GATE90_DAVID_CONTRA|USDCAD|SHORT|4,USDCAD,SHORT,target,2022-01-11T14:42:00.000Z,2022-01-11T15:00:00.000Z,2022-01-10T00:00:00.000Z,1,0,0,0.100296,0.727515,-0.06,0.000125,0.66764,-0.095936,0.100296,3,4,0.0125,0.2,,C20C600E0E3BDEE024808BE74AB761613BDE2F1235FA4F9D6E65E7738CE08258
RAW_GRID_T100_S020_GATE90_DAVID_CONTRA,david_contra,RAW_GRID_T100_S020_GATE90_DAVID_CONTRA|USDCAD|LONG|5,USDCAD,LONG,session_flatten,2022-01-11T17:24:00.000Z,2022-01-11T21:00:00.000Z,2022-01-10T00:00:00.000Z,2,1,0,-0.028322,-0.206727,-0.12,-0.022033,-0.348761,-0.238911,0.162524,0,,0.15,0.2,,5711B8EC10AC8F5E99FCE0519DAEA2C6DD3A709A247620E594411BB2B9260269
RAW_GRID_T100_S020_GATE90_DAVID_CONTRA,david_contra,RAW_GRID_T100_S020_GATE90_DAVID_CONTRA|USDCAD|LONG|6,USDCAD,LONG,target,2022-01-11T23:05:00.000Z,2022-01-12T07:30:00.000Z,2022-01-10T00:00:00.000Z,2,1,0,0.173676,1.256981,-0.12,-0.051645,1.085336,-0.344701,0.173676,0,1,0.350694,0.2,,65F111CE7D85CB321DA059A913F34AC6E80729D636AAA477234B9A10B1371CBB
RAW_GRID_T100_S020_GATE90_DAVID_CONTRA,david_contra,RAW_GRID_T100_S020_GATE90_DAVID_CONTRA|USDCAD|LONG|7,USDCAD,LONG,target,2022-01-12T08:24:00.000Z,2022-01-12T08:41:00.000Z,2022-01-10T00:00:00.000Z,1,0,0,0.106565,0.771831,-0.06,-0.001083,0.710748,0,0.107664,1,2,0.011806,0.2,,079B5195EBAF53E6A9B1AA1F7A00D6D05A0CFAB404BB15FF9C22A47BC26AA33B
RAW_GRID_T100_S020_GATE90_DAVID_CONTRA,david_contra,RAW_GRID_T100_S020_GATE90_DAVID_CONTRA|USDCAD|LONG|8,USDCAD,LONG,session_flatten,2022-01-12T09:03:00.000Z,2022-01-12T21:00:00.000Z,2022-01-10T00:00:00.000Z,4,3,0,-0.918121,-6.677014,-0.24,-0.128953,-7.045968,-1.358668,0.267378,2,,0.497917,0.2,,8E252C129069DBE562620720A59556FED8E643770A5B0B193B50A7D8E20BD8D5
RAW_GRID_T100_S020_GATE90_DAVID_CONTRA,david_contra,RAW_GRID_T100_S020_GATE90_DAVID_CONTRA|USDCAD|LONG|9,USDCAD,LONG,target,2022-01-13T02:50:00.000Z,2022-01-13T05:59:00.000Z,2022-01-10T00:00:00.000Z,1,0,0,0.094922,0.68756,-0.06,-0.012036,0.615525,-0.048565,0.094922,2,3,0.13125,0.2,,8685C5D30D65543384745C50063605C293F78E834A0CD7FD43B2C23E67B10CD2
RAW_GRID_T100_S020_GATE90_DAVID_CONTRA,david_contra,RAW_GRID_T100_S020_GATE90_DAVID_CONTRA|USDCAD|LONG|10,USDCAD,LONG,target,2022-01-13T07:17:00.000Z,2022-01-13T15:29:00.000Z,2022-01-10T00:00:00.000Z,3,2,0,0.035968,0.256447,-0.18,-0.064381,0.012066,-0.803241,0.112866,3,4,0.341667,0.2,,60CB824B228F842C10B9B73BB076E043332AAF029FE1027E736901937BDA13AA
RAW_GRID_T100_S020_GATE90_DAVID_CONTRA,david_contra,RAW_GRID_T100_S020_GATE90_DAVID_CONTRA|USDCAD|LONG|11,USDCAD,LONG,target,2022-01-14T04:27:00.000Z,2022-01-14T12:05:00.000Z,2022-01-10T00:00:00.000Z,2,1,0,0.158129,1.144452,-0.12,-0.042475,0.981977,-0.37216,0.158129,4,5,0.318056,0.2,,DEE3CE31D8465464EDEAF3FB8A84A8BF3F032D8942EC053287F7B47470D99DF0
RAW_GRID_T100_S020_GATE90_DAVID_CONTRA,david_contra,RAW_GRID_T100_S020_GATE90_DAVID_CONTRA|USDCHF|SHORT|1,USDCHF,SHORT,target,2022-01-10T13:43:00.000Z,2022-01-10T16:25:00.000Z,2022-01-10T00:00:00.000Z,2,1,0,0.078197,0.497349,-0.12,0.002035,0.379384,-0.545003,0.115657,0,1,0.1125,0.2,,9C97BF9DD47C0FABBC6102B263A668958A11ABF8E3F012395566412F1A6CC13E
RAW_GRID_T100_S020_GATE90_DAVID_CONTRA,david_contra,RAW_GRID_T100_S020_GATE90_DAVID_CONTRA|USDCHF|SHORT|2,USDCHF,SHORT,session_flatten,2022-01-10T17:51:00.000Z,2022-01-10T21:00:00.000Z,2022-01-10T00:00:00.000Z,2,1,0,-0.14975,-0.949177,-0.12,0.002215,-1.066962,-0.285742,0.06294,1,,0.13125,0.2,,696A9D6415734CAF2E0CAF8D3471A5CB1A61D09B8C32063A8B3DA92055F949D5
RAW_GRID_T100_S020_GATE90_DAVID_CONTRA,david_contra,RAW_GRID_T100_S020_GATE90_DAVID_CONTRA|USDCHF|SHORT|3,USDCHF,SHORT,target,2022-01-10T23:12:00.000Z,2022-01-11T02:26:00.000Z,2022-01-10T00:00:00.000Z,1,0,0,0.144412,0.917597,-0.06,0.001347,0.858944,-0.025485,0.144412,1,2,0.134722,0.2,,619AEC814B8BF62968D3DE8C8CB5B1777F36CDD8CDF51C686C7D0707CEB28B6B
RAW_GRID_T100_S020_GATE90_DAVID_CONTRA,david_contra,RAW_GRID_T100_S020_GATE90_DAVID_CONTRA|USDCHF|SHORT|4,USDCHF,SHORT,target,2022-01-11T09:57:00.000Z,2022-01-11T15:02:00.000Z,2022-01-10T00:00:00.000Z,2,1,0,0.246219,1.565332,-0.12,0.002229,1.447561,-0.266944,0.246219,2,3,0.211806,0.2,,94E1DE215F9E0E1EB00D7710A278A80BAD87CFA53A651485C7C120B56BBAB9CA
RAW_GRID_T100_S020_GATE90_DAVID_CONTRA,david_contra,RAW_GRID_T100_S020_GATE90_DAVID_CONTRA|USDCHF|LONG|5,USDCHF,LONG,session_flatten,2022-01-12T13:38:00.000Z,2022-01-12T21:00:00.000Z,2022-01-10T00:00:00.000Z,7,6,0,-3.697193,-23.592211,-0.42,-0.154553,-24.166764,-4.719378,0.298353,0,,0.306944,0.2,,48389D540A8D309E064155EE9A9B19316F3B063C49CFCF09DDFFD0CC25E9129F
RAW_GRID_T100_S020_GATE90_DAVID_CONTRA,david_contra,RAW_GRID_T100_S020_GATE90_DAVID_CONTRA|USDCHF|LONG|6,USDCHF,LONG,target,2022-01-12T23:30:00.000Z,2022-01-13T00:32:00.000Z,2022-01-10T00:00:00.000Z,1,0,0,0.070663,0.448381,-0.06,-0.003948,0.384433,-0.043088,0.070663,0,1,0.043056,0.2,,D7AF594ED09DEDDD1A40B773B2B6F44EDA2881258E449801C57D356EFB50063C
RAW_GRID_T100_S020_GATE90_DAVID_CONTRA,david_contra,RAW_GRID_T100_S020_GATE90_DAVID_CONTRA|USDCHF|LONG|7,USDCHF,LONG,target,2022-01-13T07:26:00.000Z,2022-01-13T08:52:00.000Z,2022-01-10T00:00:00.000Z,2,1,0,0.155426,0.985385,-0.12,-0.00987,0.855514,-0.410552,0.155426,1,2,0.059722,0.2,,4343C531AFD1272F0D6CCB47B2EFC936A4EFD89DDD83EB5FD4A324C851741CDD
RAW_GRID_T100_S020_GATE90_DAVID_CONTRA,david_contra,RAW_GRID_T100_S020_GATE90_DAVID_CONTRA|USDCHF|LONG|8,USDCHF,LONG,target,2022-01-13T09:30:00.000Z,2022-01-13T09:31:00.000Z,2022-01-10T00:00:00.000Z,1,0,0,0.138084,0.875819,-0.06,-0.000064,0.815755,0,0.138084,2,3,0.000694,0.2,,958158005036D485FCAED4C868A049384067E73E2BAFC5B829D740B4DB3AFBC7
RAW_GRID_T100_S020_GATE90_DAVID_CONTRA,david_contra,RAW_GRID_T100_S020_GATE90_DAVID_CONTRA|USDCHF|LONG|9,USDCHF,LONG,target,2022-01-13T09:38:00.000Z,2022-01-13T10:29:00.000Z,2022-01-10T00:00:00.000Z,1,0,0,0.075937,0.48183,-0.06,-0.003248,0.418582,-0.12081,0.075937,3,4,0.035417,0.2,,A9F07A40F0C573E9F22880816A505CE021984A39FE9A0265763074F5153281CF
RAW_GRID_T100_S020_GATE90_DAVID_CONTRA,david_contra,RAW_GRID_T100_S020_GATE90_DAVID_CONTRA|USDCHF|LONG|10,USDCHF,LONG,target,2022-01-13T10:31:00.000Z,2022-01-13T10:41:00.000Z,2022-01-10T00:00:00.000Z,1,0,0,0.122566,0.777469,-0.06,-0.000637,0.716832,0,0.122566,4,5,0.006944,0.2,,15DA77EC850590C9D9096F8777F5E20EEB0256FAAF4F74143F3AF75754432310
RAW_GRID_T100_S020_GATE90_DAVID_CONTRA,david_contra,RAW_GRID_T100_S020_GATE90_DAVID_CONTRA|USDCHF|LONG|11,USDCHF,LONG,target,2022-01-13T11:01:00.000Z,2022-01-13T13:34:00.000Z,2022-01-10T00:00:00.000Z,2,1,0,0.171153,1.085098,-0.12,-0.014264,0.950834,-0.305638,0.178063,5,6,0.10625,0.2,,EFB47471C978B48C446FAE5470F6F5B4319E433B01A1D823948ACC6F84EC52C2
RAW_GRID_T100_S020_GATE90_DAVID_CONTRA,david_contra,RAW_GRID_T100_S020_GATE90_DAVID_CONTRA|USDCHF|LONG|12,USDCHF,LONG,target,2022-01-13T13:37:00.000Z,2022-01-13T15:31:00.000Z,2022-01-10T00:00:00.000Z,3,2,0,0.228931,1.44929,-0.18,-0.01522,1.25407,-0.60165,0.228931,6,7,0.079167,0.2,,841BD721BE7CFF730B3E56F8F23D1253FCE5876B9A0AC6BB6A98D0D1AE25BEC4
RAW_GRID_T100_S020_GATE90_DAVID_CONTRA,david_contra,RAW_GRID_T100_S020_GATE90_DAVID_CONTRA|USDCHF|LONG|13,USDCHF,LONG,target,2022-01-13T16:09:00.000Z,2022-01-13T16:11:00.000Z,2022-01-10T00:00:00.000Z,1,0,0,0.119456,0.757759,-0.06,-0.000127,0.697631,-0.010387,0.119456,7,8,0.001389,0.2,,6BB710CA4D0E153F5D8F26DE95FCEFF69D3CFEE2008A50A40BFFC7853E33CFBA
RAW_GRID_T100_S020_GATE90_DAVID_CONTRA,david_contra,RAW_GRID_T100_S020_GATE90_DAVID_CONTRA|USDCHF|LONG|14,USDCHF,LONG,target,2022-01-13T16:27:00.000Z,2022-01-13T16:54:00.000Z,2022-01-10T00:00:00.000Z,1,0,0,0.110816,0.70299,-0.06,-0.001719,0.64127,-0.022509,0.110816,8,9,0.01875,0.2,,917C3AB669FD8B464FCBD1778153A019ECDB2D94CDA95938564AAE0EC43132F6
RAW_GRID_T100_S020_GATE90_DAVID_CONTRA,david_contra,RAW_GRID_T100_S020_GATE90_DAVID_CONTRA|USDCHF|LONG|15,USDCHF,LONG,target,2022-01-14T05:21:00.000Z,2022-01-14T07:11:00.000Z,2022-01-10T00:00:00.000Z,1,0,0,0.107334,0.680916,-0.06,-0.007005,0.613911,-0.079636,0.107334,9,10,0.076389,0.2,,ECB0434FAA18309EC2B09792BC5CFC62AC7C74CC9EB1AC466F87ADA034771936
RAW_GRID_T100_S020_GATE90_DAVID_CONTRA,david_contra,RAW_GRID_T100_S020_GATE90_DAVID_CONTRA|USDCHF|LONG|16,USDCHF,LONG,target,2022-01-14T07:38:00.000Z,2022-01-14T07:59:00.000Z,2022-01-10T00:00:00.000Z,1,0,0,0.103874,0.65898,-0.06,-0.001337,0.597642,-0.065787,0.103874,10,11,0.014583,0.2,,8ABCB1D3C49ABCBD78A5EA8B259C6762C2BF4C8E9537C2AEBBD676516685B0A9
RAW_GRID_T100_S020_GATE90_DAVID_CONTRA,david_contra,RAW_GRID_T100_S020_GATE90_DAVID_CONTRA|USDCHF|LONG|17,USDCHF,LONG,target,2022-01-14T08:06:00.000Z,2022-01-14T08:33:00.000Z,2022-01-10T00:00:00.000Z,1,0,0,0.1212,0.768812,-0.06,-0.001719,0.707092,-0.041554,0.1212,11,12,0.01875,0.2,,764F9794EE6E249F8BC180FDCECA785D3F59D31F961EAB199F574467AB58E6EA
RAW_GRID_T100_S020_GATE90_DAVID_CONTRA,david_contra,RAW_GRID_T100_S020_GATE90_DAVID_CONTRA|USDCHF|LONG|18,USDCHF,LONG,target,2022-01-14T08:53:00.000Z,2022-01-14T09:12:00.000Z,2022-01-10T00:00:00.000Z,1,0,0,0.129868,0.823752,-0.06,-0.00121,0.762542,0,0.129868,12,13,0.013194,0.2,,041D087D2E58ED2FD3BB70FE32A0189F296171DC0DF9E03DE4023B2D763C8774
RAW_GRID_T100_S020_GATE90_DAVID_CONTRA,david_contra,RAW_GRID_T100_S020_GATE90_DAVID_CONTRA|USDCHF|LONG|19,USDCHF,LONG,target,2022-01-14T09:35:00.000Z,2022-01-14T09:42:00.000Z,2022-01-10T00:00:00.000Z,1,0,0,0.110821,0.70302,-0.06,-0.000446,0.642575,-0.006925,0.110821,13,14,0.004861,0.2,,7A69FF7CF26125B51C055EB6149FEC28CBC4F513F5EB70F04C3C6F3A3B2F2FF7
RAW_GRID_T100_S020_GATE90_DAVID_CONTRA,david_contra,RAW_GRID_T100_S020_GATE90_DAVID_CONTRA|USDCHF|LONG|20,USDCHF,LONG,target,2022-01-14T13:42:00.000Z,2022-01-14T13:45:00.000Z,2022-01-10T00:00:00.000Z,1,0,0,0.134997,0.856257,-0.06,-0.000191,0.796066,0,0.134997,14,15,0.002083,0.2,,A1CB77C30A0929E9CE3596B694C281756B3341861790274B14D8EE9F75B8A091
RAW_GRID_T100_S020_GATE90_DAVID_CONTRA,david_contra,RAW_GRID_T100_S020_GATE90_DAVID_CONTRA|USDCHF|LONG|21,USDCHF,LONG,target,2022-01-14T14:15:00.000Z,2022-01-14T14:22:00.000Z,2022-01-10T00:00:00.000Z,1,0,0,0.119404,0.757426,-0.06,-0.000446,0.69698,-0.010383,0.119404,15,16,0.004861,0.2,,405DF964882547B5AA713CE0C2DD02B15BF723C94EF0BE70EBFFD2D3499579E1
RAW_GRID_T100_S020_GATE90_DAVID_CONTRA,david_contra,RAW_GRID_T100_S020_GATE90_DAVID_CONTRA|USDJPY|LONG|1,USDJPY,LONG,target,2022-01-10T12:46:00.000Z,2022-01-10T13:34:00.000Z,2022-01-10T00:00:00.000Z,2,1,0,0.388632,1.698998,-0.12,-0.004776,1.574222,-0.20607,0.388632,0,1,0.033333,0.2,,C1CE829140DFE1E60C152F2970C7042009C087E9BD94B9454250DB9E7615ADDE
RAW_GRID_T100_S020_GATE90_DAVID_CONTRA,david_contra,RAW_GRID_T100_S020_GATE90_DAVID_CONTRA|USDJPY|LONG|2,USDJPY,LONG,target,2022-01-10T14:37:00.000Z,2022-01-10T14:56:00.000Z,2022-01-10T00:00:00.000Z,1,0,0,0.095137,0.416195,-0.06,-0.00121,0.354985,-0.079282,0.095137,1,2,0.013194,0.2,,A5DF91BD776C964F61F18DD5F45F45CACF9D83B940743F6A1DA3B9771AB7AC64
RAW_GRID_T100_S020_GATE90_DAVID_CONTRA,david_contra,RAW_GRID_T100_S020_GATE90_DAVID_CONTRA|USDJPY|LONG|3,USDJPY,LONG,target,2022-01-10T15:40:00.000Z,2022-01-10T18:45:00.000Z,2022-01-10T00:00:00.000Z,3,2,0,0.186888,0.816028,-0.18,-0.033241,0.602786,-0.705966,0.186888,2,3,0.128472,0.2,,D062D75692BD1C1D950BC6E3AC11CADAD70CEB287E35D2E9136E8A3E7AB70F97
RAW_GRID_T100_S020_GATE90_DAVID_CONTRA,david_contra,RAW_GRID_T100_S020_GATE90_DAVID_CONTRA|USDJPY|LONG|4,USDJPY,LONG,target,2022-01-11T06:10:00.000Z,2022-01-11T07:54:00.000Z,2022-01-10T00:00:00.000Z,1,0,0,0.097178,0.425118,-0.06,-0.006623,0.358495,-0.17254,0.097178,3,4,0.072222,0.2,,B8C8FF46708E478637A8604FBE17DCFC34799A063A0908C222F121D292881D26
RAW_GRID_T100_S020_GATE90_DAVID_CONTRA,david_contra,RAW_GRID_T100_S020_GATE90_DAVID_CONTRA|USDJPY|SHORT|5,USDJPY,SHORT,target,2022-01-11T13:41:00.000Z,2022-01-11T14:59:00.000Z,2022-01-10T00:00:00.000Z,1,0,0,0.213422,0.934918,-0.06,0.000542,0.875459,-0.110664,0.213422,0,1,0.054167,0.2,,4738C97547FF22E904980A7308DC64393FC843CE176BCB3B96CFF8FDC630C587
RAW_GRID_T100_S020_GATE90_DAVID_CONTRA,david_contra,RAW_GRID_T100_S020_GATE90_DAVID_CONTRA|USDJPY|SHORT|6,USDJPY,SHORT,target,2022-01-12T02:24:00.000Z,2022-01-12T03:02:00.000Z,2022-01-10T00:00:00.000Z,1,0,0,0.110896,0.485571,-0.06,0.000264,0.425835,-0.031684,0.110896,1,2,0.026389,0.2,,036E3E08C0D93F1CC60118D6136D05EB49A4CADE401741715436E4040DE4CE5E
RAW_GRID_T100_S020_GATE90_DAVID_CONTRA,david_contra,RAW_GRID_T100_S020_GATE90_DAVID_CONTRA|USDJPY|SHORT|7,USDJPY,SHORT,target,2022-01-12T04:01:00.000Z,2022-01-12T05:32:00.000Z,2022-01-10T00:00:00.000Z,1,0,0,0.097035,0.424856,-0.06,0.000632,0.365488,-0.043567,0.097035,2,3,0.063194,0.2,,41CD26DBA036DAFABECECF365BC3FAD5279877C359E0E717D54D0A136E3D6244
RAW_GRID_T100_S020_GATE90_DAVID_CONTRA,david_contra,RAW_GRID_T100_S020_GATE90_DAVID_CONTRA|USDJPY|SHORT|8,USDJPY,SHORT,target,2022-01-12T07:26:00.000Z,2022-01-12T09:02:00.000Z,2022-01-10T00:00:00.000Z,1,0,0,0.100992,0.442188,-0.06,0.000667,0.382855,-0.122776,0.100992,3,4,0.066667,0.2,,AEF705215CA192C3DDE9496FE4D1C343AA496E04EE7361BE24C4312FDB8A4AE8
RAW_GRID_T100_S020_GATE90_DAVID_CONTRA,david_contra,RAW_GRID_T100_S020_GATE90_DAVID_CONTRA|USDJPY|SHORT|9,USDJPY,SHORT,target,2022-01-12T10:44:00.000Z,2022-01-12T12:02:00.000Z,2022-01-10T00:00:00.000Z,1,0,0,0.093059,0.407439,-0.06,0.000542,0.347981,-0.126718,0.093059,4,5,0.054167,0.2,,54F2CBC67FF6C28D88619722F7E1C515B76940BC3B32AEF8BFDF52F13C500BF7
RAW_GRID_T100_S020_GATE90_DAVID_CONTRA,david_contra,RAW_GRID_T100_S020_GATE90_DAVID_CONTRA|USDJPY|SHORT|10,USDJPY,SHORT,target,2022-01-12T12:45:00.000Z,2022-01-12T13:31:00.000Z,2022-01-10T00:00:00.000Z,1,0,0,0.142531,0.624178,-0.06,0.000319,0.564498,-0.04355,0.142531,5,6,0.031944,0.2,,199140502FAB42097583FB11B594B4B4A5D6BC30BAA8E2B96C6B96CBD7232838
RAW_GRID_T100_S020_GATE90_DAVID_CONTRA,david_contra,RAW_GRID_T100_S020_GATE90_DAVID_CONTRA|USDJPY|SHORT|11,USDJPY,SHORT,target,2022-01-12T13:31:00.000Z,2022-01-12T13:37:00.000Z,2022-01-10T00:00:00.000Z,1,0,0,0.304692,1.335267,-0.06,0.000042,1.275309,0,0.304692,6,7,0.004167,0.2,,A12240942F77A87331D1D224D60A137D35C7CD6739F6B6AB73C5A98CF95697FB
RAW_GRID_T100_S020_GATE90_DAVID_CONTRA,david_contra,RAW_GRID_T100_S020_GATE90_DAVID_CONTRA|USDJPY|LONG|12,USDJPY,LONG,session_flatten,2022-01-12T15:23:00.000Z,2022-01-12T21:00:00.000Z,2022-01-10T00:00:00.000Z,6,5,0,-1.893031,-8.31252,-0.36,-0.095011,-8.767531,-3.614436,0.485326,4,,0.234028,0.2,,DB55ECA3B1DA4FEEAE75967844CBE8607986AD7D69E0904926A2AAC0299B9351
RAW_GRID_T100_S020_GATE90_DAVID_CONTRA,david_contra,RAW_GRID_T100_S020_GATE90_DAVID_CONTRA|USDJPY|LONG|13,USDJPY,LONG,target,2022-01-13T01:35:00.000Z,2022-01-13T01:56:00.000Z,2022-01-10T00:00:00.000Z,1,0,0,0.109712,0.479924,-0.06,-0.001337,0.418587,-0.095748,0.109712,4,5,0.014583,0.2,,46D5E9E127FDA50DC1E5E097650D0BD56616089C61038BF4ABB917E9EF2C2F86
RAW_GRID_T100_S020_GATE90_DAVID_CONTRA,david_contra,RAW_GRID_T100_S020_GATE90_DAVID_CONTRA|USDJPY|LONG|14,USDJPY,LONG,target,2022-01-13T03:16:00.000Z,2022-01-13T04:16:00.000Z,2022-01-10T00:00:00.000Z,1,0,0,0.113705,0.497383,-0.06,-0.003821,0.433562,-0.037902,0.113705,5,6,0.041667,0.2,,23472641996E7B2C3A4958C03936A71A2D7BEB3B62B139B5FAC7DDB8C8C32B15
RAW_GRID_T100_S020_GATE90_DAVID_CONTRA,david_contra,RAW_GRID_T100_S020_GATE90_DAVID_CONTRA|USDJPY|LONG|15,USDJPY,LONG,target,2022-01-13T05:15:00.000Z,2022-01-13T06:02:00.000Z,2022-01-10T00:00:00.000Z,1,0,0,0.087773,0.383993,-0.06,-0.002993,0.321,-0.091763,0.087773,6,7,0.032639,0.2,,2ABE9F4E435D8A90B4D284850D335D3D9D40FD0950AD7A00F68FFBC406CCF1B6
RAW_GRID_T100_S020_GATE90_DAVID_CONTRA,david_contra,RAW_GRID_T100_S020_GATE90_DAVID_CONTRA|USDJPY|LONG|16,USDJPY,LONG,target,2022-01-13T07:24:00.000Z,2022-01-13T08:58:00.000Z,2022-01-10T00:00:00.000Z,2,1,0,0.109869,0.480322,-0.12,-0.010316,0.350006,-0.464962,0.109869,7,8,0.065278,0.2,,928D92332CAD21049DDB95230CC538747F0187F8A915A8ABC7DE8D21D98AA890
RAW_GRID_T100_S020_GATE90_DAVID_CONTRA,david_contra,RAW_GRID_T100_S020_GATE90_DAVID_CONTRA|USDJPY|LONG|17,USDJPY,LONG,target,2022-01-13T11:17:00.000Z,2022-01-13T11:31:00.000Z,2022-01-10T00:00:00.000Z,1,0,0,0.119799,0.524027,-0.06,-0.000892,0.463135,0,0.119799,8,9,0.009722,0.2,,DD56952421402578FBF8365458D26126F951D5871902BC4851BB3D260A1D990B
RAW_GRID_T100_S020_GATE90_DAVID_CONTRA,david_contra,RAW_GRID_T100_S020_GATE90_DAVID_CONTRA|USDJPY|LONG|18,USDJPY,LONG,target,2022-01-13T12:17:00.000Z,2022-01-13T13:34:00.000Z,2022-01-10T00:00:00.000Z,3,2,0,0.204299,0.891929,-0.18,-0.009743,0.702186,-0.683086,0.276247,9,10,0.053472,0.2,,4FF900181BD6B873175CBC4A4DE12D0E9D1450C0E56178B00817FDCB3F01F3D3
RAW_GRID_T100_S020_GATE90_DAVID_CONTRA,david_contra,RAW_GRID_T100_S020_GATE90_DAVID_CONTRA|USDJPY|LONG|19,USDJPY,LONG,target,2022-01-13T13:37:00.000Z,2022-01-13T14:47:00.000Z,2022-01-10T00:00:00.000Z,2,1,0,0.266125,1.163583,-0.12,-0.006814,1.036769,-0.289928,0.266125,10,11,0.048611,0.2,,463B3DCE27786345F07E5B911B551A7A57956291114F1E3D6A83A24B5E76695D
RAW_GRID_T100_S020_GATE90_DAVID_CONTRA,david_contra,RAW_GRID_T100_S020_GATE90_DAVID_CONTRA|USDJPY|LONG|20,USDJPY,LONG,target,2022-01-13T15:13:00.000Z,2022-01-13T15:18:00.000Z,2022-01-10T00:00:00.000Z,1,0,0,0.112021,0.49002,-0.06,-0.000318,0.429702,-0.028005,0.112021,11,12,0.003472,0.2,,EDAA24F065011A6EDF746F5E41841BC989148D3930AF11EFAAADE3BB77D3E847
RAW_GRID_T100_S020_GATE90_DAVID_CONTRA,david_contra,RAW_GRID_T100_S020_GATE90_DAVID_CONTRA|USDJPY|LONG|21,USDJPY,LONG,target,2022-01-13T15:26:00.000Z,2022-01-13T15:30:00.000Z,2022-01-10T00:00:00.000Z,1,0,0,0.124026,0.542506,-0.06,-0.000255,0.482252,-0.030007,0.124026,12,13,0.002778,0.2,,1931425B42E7CD530B9036EDE12D9E06A4C42AFA601779A47DB3BB39D3628AC8
RAW_GRID_T100_S020_GATE90_DAVID_CONTRA,david_contra,RAW_GRID_T100_S020_GATE90_DAVID_CONTRA|USDJPY|LONG|22,USDJPY,LONG,target,2022-01-13T15:33:00.000Z,2022-01-13T18:44:00.000Z,2022-01-10T00:00:00.000Z,3,2,0,0.236666,1.033721,-0.18,-0.031713,0.822008,-0.682419,0.236666,13,14,0.132639,0.2,,9A129394B9B1F613BE420665CF31CF8FDDB157F426B61386008BDD1C49687FAF
RAW_GRID_T100_S020_GATE90_DAVID_CONTRA,david_contra,RAW_GRID_T100_S020_GATE90_DAVID_CONTRA|USDJPY|LONG|23,USDJPY,LONG,target,2022-01-13T19:33:00.000Z,2022-01-13T20:59:00.000Z,2022-01-10T00:00:00.000Z,1,0,0,0.090119,0.394252,-0.06,-0.005477,0.328775,-0.088117,0.090119,14,15,0.059722,0.2,,C15EAD4E2D118661B59EDA136BD00BE6AF0FC43A141637D37050030B5EC0500D
RAW_GRID_T100_S020_GATE90_DAVID_CONTRA,david_contra,RAW_GRID_T100_S020_GATE90_DAVID_CONTRA|USDJPY|LONG|24,USDJPY,LONG,target,2022-01-14T00:03:00.000Z,2022-01-14T00:10:00.000Z,2022-01-10T00:00:00.000Z,1,0,0,0.148237,0.648338,-0.06,-0.000446,0.587892,-0.022035,0.148237,15,16,0.004861,0.2,,29E5AAA473BB48599ED21103FFBCBFAACB15474A062C557F4CC3425FBDA45CD9
RAW_GRID_T100_S020_GATE90_DAVID_CONTRA,david_contra,RAW_GRID_T100_S020_GATE90_DAVID_CONTRA|USDJPY|LONG|25,USDJPY,LONG,target,2022-01-14T00:51:00.000Z,2022-01-14T00:56:00.000Z,2022-01-10T00:00:00.000Z,2,1,0,0.430993,1.884027,-0.12,-0.000318,1.763709,-0.214344,0.430993,16,17,0.003472,0.2,,3824B49908CF0A542F47DCCBDC15B2A816FDC56DA8CC905C4902CD2676EF2E89
RAW_GRID_T100_S020_GATE90_DAVID_CONTRA,david_contra,RAW_GRID_T100_S020_GATE90_DAVID_CONTRA|USDJPY|LONG|26,USDJPY,LONG,target,2022-01-14T00:56:00.000Z,2022-01-14T04:14:00.000Z,2022-01-10T00:00:00.000Z,4,3,0,0.157516,0.685201,-0.24,-0.035215,0.409986,-1.440499,0.441423,17,18,0.1375,0.2,,FBEC369FE1CF28E5D848E309FA8EF9100ADC9F2D37B57EF1603EB0CAFF3F4BC4
RAW_GRID_T100_S020_GATE90_DAVID_CONTRA,david_contra,RAW_GRID_T100_S020_GATE90_DAVID_CONTRA|USDJPY|LONG|27,USDJPY,LONG,target,2022-01-14T04:19:00.000Z,2022-01-14T04:26:00.000Z,2022-01-10T00:00:00.000Z,1,0,0,0.120515,0.527158,-0.06,-0.000446,0.466712,0,0.120515,18,19,0.004861,0.2,,1AB1CAA09FF37F37A5375364E2CF4E53040E627FF31C13CA198E84CCF3C8C550
RAW_GRID_T100_S020_GATE90_DAVID_CONTRA,david_contra,RAW_GRID_T100_S020_GATE90_DAVID_CONTRA|USDJPY|LONG|28,USDJPY,LONG,target,2022-01-14T04:40:00.000Z,2022-01-14T06:02:00.000Z,2022-01-10T00:00:00.000Z,2,1,0,0.239231,1.045973,-0.12,-0.007642,0.918332,-0.222938,0.239231,19,20,0.056944,0.2,,86A1BB20CB40259D73E567177C4641C420A0BD74B0BF39C3EF33DFD3D1B59B2C
RAW_GRID_T100_S020_GATE90_DAVID_CONTRA,david_contra,RAW_GRID_T100_S020_GATE90_DAVID_CONTRA|USDJPY|LONG|29,USDJPY,LONG,target,2022-01-14T06:08:00.000Z,2022-01-14T06:16:00.000Z,2022-01-10T00:00:00.000Z,1,0,0,0.114544,0.501051,-0.06,-0.000509,0.440542,0,0.114544,20,21,0.005556,0.2,,511C83082A7B40FA387C03E9145DCAF3692E356083DC8D405416AD64533A1F70
RAW_GRID_T100_S020_GATE90_DAVID_CONTRA,david_contra,RAW_GRID_T100_S020_GATE90_DAVID_CONTRA|USDJPY|LONG|30,USDJPY,LONG,target,2022-01-14T06:28:00.000Z,2022-01-14T06:49:00.000Z,2022-01-10T00:00:00.000Z,1,0,0,0.136656,0.597719,-0.06,-0.001337,0.536382,-0.016077,0.136656,21,22,0.014583,0.2,,EF9B041045515A3785961ACD550CFB5D91B9CB0D65317DA0743EC57E04D84F6E
RAW_GRID_T100_S020_GATE90_DAVID_CONTRA,david_contra,RAW_GRID_T100_S020_GATE90_DAVID_CONTRA|USDJPY|LONG|31,USDJPY,LONG,target,2022-01-14T08:50:00.000Z,2022-01-14T08:55:00.000Z,2022-01-10T00:00:00.000Z,1,0,0,0.150718,0.659186,-0.06,-0.000318,0.598867,-0.008038,0.150718,22,23,0.003472,0.2,,EBD24FC4AB0BA0AE8488C37FFB5BDB850E6506449C7B845955A5A44D9DB0AA42
RAW_GRID_T100_S020_GATE90_DAVID_CONTRA,david_contra,RAW_GRID_T100_S020_GATE90_DAVID_CONTRA|USDJPY|LONG|32,USDJPY,LONG,target,2022-01-14T12:09:00.000Z,2022-01-14T14:26:00.000Z,2022-01-10T00:00:00.000Z,4,3,0,0.278461,1.213935,-0.24,-0.021397,0.952538,-1.313915,0.278461,23,24,0.095139,0.2,,4006968CADB732D3F93F688C3958A3490BA6FC83706201A7F4DD56E901E379E2
RAW_GRID_T100_S020_GATE90_DAVID_CONTRA,david_contra,RAW_GRID_T100_S020_GATE90_DAVID_CONTRA|AUDCHF|LONG|27,AUDCHF,LONG,session_flatten,2022-01-14T15:38:00.000Z,2022-01-14T16:00:00.000Z,2022-01-10T00:00:00.000Z,1,0,0,-0.040076,-0.186421,-0.06,-0.001401,-0.247822,-0.096654,0.099012,2,,0.015278,0.2,,78AE83024487F2478BDB9AEB73221FB4220917424EB54B0437E20ED5B44F1E2F
RAW_GRID_T100_S020_GATE90_DAVID_CONTRA,david_contra,RAW_GRID_T100_S020_GATE90_DAVID_CONTRA|AUDJPY|LONG|14,AUDJPY,LONG,session_flatten,2022-01-14T15:46:00.000Z,2022-01-14T16:00:00.000Z,2022-01-10T00:00:00.000Z,1,0,0,0.02072,0.140609,-0.06,-0.000892,0.079717,-0.042734,0.090647,9,,0.009722,0.2,,B838EB4BD3CC825452C207B2CB0DA04C23FDF5B1287A3039A8796CA9853208C0
RAW_GRID_T100_S020_GATE90_DAVID_CONTRA,david_contra,RAW_GRID_T100_S020_GATE90_DAVID_CONTRA|AUDUSD|LONG|17,AUDUSD,LONG,session_flatten,2022-01-14T15:22:00.000Z,2022-01-14T16:00:00.000Z,2022-01-10T00:00:00.000Z,1,0,0,-0.129049,-0.74,-0.06,-0.00242,-0.80242,-0.176135,0.076732,5,,0.026389,0.2,,1C50C2F7296BBDB124FE93886265B8D1ADD7D22189AE14439C96A9FFE623B944
RAW_GRID_T100_S020_GATE90_DAVID_CONTRA,david_contra,RAW_GRID_T100_S020_GATE90_DAVID_CONTRA|CADCHF|LONG|39,CADCHF,LONG,session_flatten,2022-01-14T15:45:00.000Z,2022-01-14T16:00:00.000Z,2022-01-10T00:00:00.000Z,1,0,0,-0.088738,-0.438631,-0.06,-0.000955,-0.499587,-0.150856,0.022186,14,,0.010417,0.2,,427A923F2ABF965B4E3FBBEC131809951E954625CC03B81DD2085C738CA32B3B
RAW_GRID_T100_S020_GATE90_DAVID_CONTRA,david_contra,RAW_GRID_T100_S020_GATE90_DAVID_CONTRA|CADJPY|LONG|17,CADJPY,LONG,session_flatten,2022-01-14T15:45:00.000Z,2022-01-14T16:00:00.000Z,2022-01-10T00:00:00.000Z,1,0,0,-0.042375,-0.290007,-0.06,-0.000955,-0.350962,-0.116851,0.046226,7,,0.010417,0.2,,71001E247B799FBFDABD50B3FB363B89B9C483C85C780B98BA6575B74C667CC4
RAW_GRID_T100_S020_GATE90_DAVID_CONTRA,david_contra,RAW_GRID_T100_S020_GATE90_DAVID_CONTRA|EURAUD|SHORT|19,EURAUD,SHORT,session_flatten,2022-01-14T15:46:00.000Z,2022-01-14T16:00:00.000Z,2022-01-10T00:00:00.000Z,1,0,0,-0.068274,-0.549661,-0.06,0.000097,-0.609564,-0.110496,0.093427,9,,0.009722,0.2,,CB649E84DF1C2D171356737EECCB48B683F8A49DEEEC27971B6535B9BD208B8B
RAW_GRID_T100_S020_GATE90_DAVID_CONTRA,david_contra,RAW_GRID_T100_S020_GATE90_DAVID_CONTRA|EURCHF|LONG|14,EURCHF,LONG,session_flatten,2022-01-14T12:13:00.000Z,2022-01-14T16:00:00.000Z,2022-01-10T00:00:00.000Z,2,1,0,-0.159965,-0.80051,-0.12,-0.022798,-0.943308,-0.480076,0.050519,4,,0.157639,0.2,,EAD3DC6DAFD493A9B8F11AD8CD2BADB03429B0A20996A415524C666A97615D6C
RAW_GRID_T100_S020_GATE90_DAVID_CONTRA,david_contra,RAW_GRID_T100_S020_GATE90_DAVID_CONTRA|GBPAUD|SHORT|31,GBPAUD,SHORT,session_flatten,2022-01-14T15:46:00.000Z,2022-01-14T16:00:00.000Z,2022-01-10T00:00:00.000Z,1,0,0,0.010004,0.079556,-0.06,0.000097,0.019653,-0.055476,0.1155,18,,0.009722,0.2,,424EBB8F8AD2719BC7DEFB155B3BE60AF79A241FF91C5F5E4CF3D21D2B3366C4
RAW_GRID_T100_S020_GATE90_DAVID_CONTRA,david_contra,RAW_GRID_T100_S020_GATE90_DAVID_CONTRA|GBPCHF|LONG|20,GBPCHF,LONG,session_flatten,2022-01-14T12:26:00.000Z,2022-01-14T16:00:00.000Z,2022-01-10T00:00:00.000Z,3,2,0,-0.405352,-2.807258,-0.18,-0.032859,-3.020118,-0.795331,0.212902,5,,0.148611,0.2,,754E9542482CF6C66F95E898D07EDF95F1B0AED110FA552955FA2B9644771027
RAW_GRID_T100_S020_GATE90_DAVID_CONTRA,david_contra,RAW_GRID_T100_S020_GATE90_DAVID_CONTRA|GBPJPY|LONG|14,GBPJPY,LONG,session_flatten,2022-01-14T12:10:00.000Z,2022-01-14T16:00:00.000Z,2022-01-10T00:00:00.000Z,3,2,0,-0.522736,-5.061868,-0.18,-0.035852,-5.27772,-1.171411,0.095258,7,,0.159722,0.2,,FB5D7EC2CEBBD98E766933B16042923538D2EEAF7AA63039EDC00CA73A2589CF
RAW_GRID_T100_S020_GATE90_DAVID_CONTRA,david_contra,RAW_GRID_T100_S020_GATE90_DAVID_CONTRA|GBPNZD|SHORT|22,GBPNZD,SHORT,session_flatten,2022-01-14T15:46:00.000Z,2022-01-14T16:00:00.000Z,2022-01-10T00:00:00.000Z,1,0,0,0.016061,0.115952,-0.06,0.000097,0.056049,-0.083137,0.094473,15,,0.009722,0.2,,DE05D9418D7B17F1A9E0E03C922019B4CC1DE5741669E2D7DB790155E8F615F5
RAW_GRID_T100_S020_GATE90_DAVID_CONTRA,david_contra,RAW_GRID_T100_S020_GATE90_DAVID_CONTRA|NZDCHF|LONG|34,NZDCHF,LONG,session_flatten,2022-01-14T15:25:00.000Z,2022-01-14T16:00:00.000Z,2022-01-10T00:00:00.000Z,1,0,0,-0.099308,-0.394772,-0.06,-0.002229,-0.457001,-0.162755,0.066206,3,,0.024306,0.2,,9F01E5ED1B5B3F6E38DA43A78D5E203D5BAED2A28309204FEB2F576BBEB4E838
RAW_GRID_T100_S020_GATE90_DAVID_CONTRA,david_contra,RAW_GRID_T100_S020_GATE90_DAVID_CONTRA|NZDJPY|LONG|17,NZDJPY,LONG,session_flatten,2022-01-14T11:59:00.000Z,2022-01-14T16:00:00.000Z,2022-01-10T00:00:00.000Z,4,3,0,-1.118952,-6.643711,-0.24,-0.04948,-6.933191,-1.901663,0.002957,11,,0.167361,0.2,,6B20460FA89A37B77A6C8DC686E5EBEB3A5F5F97CF9D1D77AD4FFCA0F04192F3
