row_key,week_open_utc,pair,candidate_b_side,session_id,session_label,range_start_utc,range_end_utc,entry_start_utc,entry_end_utc,session_range_adr,entry_path_efficiency,entry_range_adr,range_ratio_pair,efficiency_bucket,range_floor_adr,range_condition_pass,range_expansion_bucket,geometry_regime,geometry_harvestable_candidate,adaptive_spacing_formula_id,adaptive_spacing_raw_adr,adaptive_spacing_adr,adaptive_spacing_range_floor_adr,adaptive_range_condition_pass,adaptive_signal_adr_brick,adaptive_spacing_tradability_pass,trigger_candidates,long_trigger_candidates,short_trigger_candidates,content_hash
2022-01-10T00:00:00.000Z|AUDCAD|ny|2022-01-10,2022-01-10T00:00:00.000Z,AUDCAD,LONG,ny|2022-01-10,NY,2022-01-10T00:00:00.000Z,2022-01-10T13:00:00.000Z,2022-01-10T13:00:00.000Z,2022-01-10T21:00:00.000Z,0.487001,0.027721,0.514632,1,low,0.6,false,normal,dead_chop_cost_churn,false,gate90d_range_box_slots_cost_clamped_v0,0.162334,0.2,0.6,false,0.05,,0,0,0,65ACEF31B912F6791B41E99ACA3F6A0ADC42D107CCD7E1A5B4C7F5AD04B47E74
2022-01-10T00:00:00.000Z|AUDCAD|asia_london|2022-01-11,2022-01-10T00:00:00.000Z,AUDCAD,LONG,asia_london|2022-01-11,ASIA_LONDON,2022-01-10T13:00:00.000Z,2022-01-10T21:00:00.000Z,2022-01-11T00:00:00.000Z,2022-01-11T13:00:00.000Z,0.514632,0.053605,0.64588,1,low,0.6,false,normal,dead_chop_cost_churn,false,gate90d_range_box_slots_cost_clamped_v0,0.171544,0.2,0.6,false,0.05,,0,0,0,431274913FF426304918E49EB07C7B7248863A959B0B28523097CBBC3EDE83F9
2022-01-10T00:00:00.000Z|AUDCAD|ny|2022-01-11,2022-01-10T00:00:00.000Z,AUDCAD,LONG,ny|2022-01-11,NY,2022-01-11T00:00:00.000Z,2022-01-11T13:00:00.000Z,2022-01-11T13:00:00.000Z,2022-01-11T21:00:00.000Z,0.64588,0.008019,0.310851,1,low,0.6,true,normal,harvestable_chop_candidate,true,gate90d_range_box_slots_cost_clamped_v0,0.215293,0.215293,0.64588,true,0.053823,,5,5,0,4215C23A56609C1D9A3A789C2F0BA5B91F828A2840D93E5418D35896EF65E069
2022-01-10T00:00:00.000Z|AUDCAD|asia_london|2022-01-12,2022-01-10T00:00:00.000Z,AUDCAD,LONG,asia_london|2022-01-12,ASIA_LONDON,2022-01-11T13:00:00.000Z,2022-01-11T21:00:00.000Z,2022-01-12T00:00:00.000Z,2022-01-12T13:00:00.000Z,0.310851,0.037868,0.569895,1,low,0.6,false,normal,dead_chop_cost_churn,false,gate90d_range_box_slots_cost_clamped_v0,0.103617,0.2,0.6,false,0.05,,2,2,0,C1CFC65FEE4DF084CA5B525DAF3FABA302672D437F10A66E7CFBE904B66A0FF2
2022-01-10T00:00:00.000Z|AUDCAD|ny|2022-01-12,2022-01-10T00:00:00.000Z,AUDCAD,LONG,ny|2022-01-12,NY,2022-01-12T00:00:00.000Z,2022-01-12T13:00:00.000Z,2022-01-12T13:00:00.000Z,2022-01-12T21:00:00.000Z,0.569895,0.13546,1.295216,1,low,0.6,false,normal,dead_chop_cost_churn,false,gate90d_range_box_slots_cost_clamped_v0,0.189965,0.2,0.6,false,0.05,,0,0,0,71070485E04B18F0FA8A6E8D70BA0C8D91F20DA2A69A517D38F86670D690F50C
2022-01-10T00:00:00.000Z|AUDCAD|asia_london|2022-01-13,2022-01-10T00:00:00.000Z,AUDCAD,LONG,asia_london|2022-01-13,ASIA_LONDON,2022-01-12T13:00:00.000Z,2022-01-12T21:00:00.000Z,2022-01-13T00:00:00.000Z,2022-01-13T13:00:00.000Z,1.295216,0.001874,0.512905,1,low,0.6,true,normal,harvestable_chop_candidate,true,gate90d_range_box_slots_cost_clamped_v0,0.431739,0.3,0.9,true,0.075,,0,0,0,CDF8E65A353C4A5DA6CD6557E2BD51FAA6092890D9228BA5400C415004D9CC7C
2022-01-10T00:00:00.000Z|AUDCAD|ny|2022-01-13,2022-01-10T00:00:00.000Z,AUDCAD,LONG,ny|2022-01-13,NY,2022-01-13T00:00:00.000Z,2022-01-13T13:00:00.000Z,2022-01-13T13:00:00.000Z,2022-01-13T21:00:00.000Z,0.512905,0.001752,0.324667,1,low,0.6,false,normal,dead_chop_cost_churn,false,gate90d_range_box_slots_cost_clamped_v0,0.170968,0.2,0.6,false,0.05,,0,0,0,8A1C222FC4D829369F7F6407D9F156E2BEA07FBE7D79FD7082D8E3B13C5FB092
2022-01-10T00:00:00.000Z|AUDCAD|asia_london|2022-01-14,2022-01-10T00:00:00.000Z,AUDCAD,LONG,asia_london|2022-01-14,ASIA_LONDON,2022-01-13T13:00:00.000Z,2022-01-13T21:00:00.000Z,2022-01-14T00:00:00.000Z,2022-01-14T13:00:00.000Z,0.324667,0.066541,0.73741,1,low,0.6,false,normal,dead_chop_cost_churn,false,gate90d_range_box_slots_cost_clamped_v0,0.108222,0.2,0.6,false,0.05,,0,0,0,94BDB80DD9AD73357D1020C922403B7F08B475088AF809F883EF0646879D54FF
2022-01-10T00:00:00.000Z|AUDCAD|ny|2022-01-14,2022-01-10T00:00:00.000Z,AUDCAD,LONG,ny|2022-01-14,NY,2022-01-14T00:00:00.000Z,2022-01-14T13:00:00.000Z,2022-01-14T13:00:00.000Z,2022-01-14T21:00:00.000Z,0.73741,0.000897,0.348845,1,low,0.6,true,normal,harvestable_chop_candidate,true,gate90d_range_box_slots_cost_clamped_v0,0.245803,0.245803,0.73741,true,0.061451,,1,1,0,284A054DD021E33306B17AAAE310D38F0851DF96BC2359907D43961A34D29F47
2022-01-10T00:00:00.000Z|AUDCHF|ny|2022-01-10,2022-01-10T00:00:00.000Z,AUDCHF,LONG,ny|2022-01-10,NY,2022-01-10T00:00:00.000Z,2022-01-10T13:00:00.000Z,2022-01-10T13:00:00.000Z,2022-01-10T21:00:00.000Z,0.888075,0.066729,0.965811,1,low,0.6,true,normal,harvestable_chop_candidate,true,gate90d_range_box_slots_cost_clamped_v0,0.296025,0.296025,0.888075,true,0.074006,,1,0,1,FDD1C8A350282A04FF91A3D89D90E5C1B196FE0CA7B76FC69E21AD92794C1C30
2022-01-10T00:00:00.000Z|AUDCHF|asia_london|2022-01-11,2022-01-10T00:00:00.000Z,AUDCHF,LONG,asia_london|2022-01-11,ASIA_LONDON,2022-01-10T13:00:00.000Z,2022-01-10T21:00:00.000Z,2022-01-11T00:00:00.000Z,2022-01-11T13:00:00.000Z,0.965811,0.022222,0.636022,1,low,0.6,true,normal,harvestable_chop_candidate,true,gate90d_range_box_slots_cost_clamped_v0,0.321937,0.3,0.9,true,0.075,,0,0,0,0E329C432A73116F16865924E95469FD710E4C05222484284F5FF2D8DA01C750
2022-01-10T00:00:00.000Z|AUDCHF|ny|2022-01-11,2022-01-10T00:00:00.000Z,AUDCHF,LONG,ny|2022-01-11,NY,2022-01-11T00:00:00.000Z,2022-01-11T13:00:00.000Z,2022-01-11T13:00:00.000Z,2022-01-11T21:00:00.000Z,0.636022,0.042368,0.697268,1,low,0.6,true,normal,harvestable_chop_candidate,true,gate90d_range_box_slots_cost_clamped_v0,0.212007,0.212007,0.636022,true,0.053002,,3,3,0,85A2D0C41625411D56A680F8F5CB5B642D59D26CE60A1E0FD5F1F918287D79AC
2022-01-10T00:00:00.000Z|AUDCHF|asia_london|2022-01-12,2022-01-10T00:00:00.000Z,AUDCHF,LONG,asia_london|2022-01-12,ASIA_LONDON,2022-01-11T13:00:00.000Z,2022-01-11T21:00:00.000Z,2022-01-12T00:00:00.000Z,2022-01-12T13:00:00.000Z,0.697268,0.006718,0.482905,1,low,0.6,true,normal,harvestable_chop_candidate,true,gate90d_range_box_slots_cost_clamped_v0,0.232423,0.232423,0.697268,true,0.058106,,0,0,0,03284F90AF674457CF1F95B4499EEBD8FD06C44A33FA6BBA62A528E7F3BB31AE
2022-01-10T00:00:00.000Z|AUDCHF|ny|2022-01-12,2022-01-10T00:00:00.000Z,AUDCHF,LONG,ny|2022-01-12,NY,2022-01-12T00:00:00.000Z,2022-01-12T13:00:00.000Z,2022-01-12T13:00:00.000Z,2022-01-12T21:00:00.000Z,0.482905,0.014233,0.81505,1,low,0.6,false,normal,dead_chop_cost_churn,false,gate90d_range_box_slots_cost_clamped_v0,0.160968,0.2,0.6,false,0.05,,2,0,2,FDA5054DEBC6BEA5163287931BA66D2CB486750AB62598C4478AF6C7FFFDF069
2022-01-10T00:00:00.000Z|AUDCHF|asia_london|2022-01-13,2022-01-10T00:00:00.000Z,AUDCHF,LONG,asia_london|2022-01-13,ASIA_LONDON,2022-01-12T13:00:00.000Z,2022-01-12T21:00:00.000Z,2022-01-13T00:00:00.000Z,2022-01-13T13:00:00.000Z,0.81505,0.006414,0.669,1,low,0.6,true,normal,harvestable_chop_candidate,true,gate90d_range_box_slots_cost_clamped_v0,0.271683,0.271683,0.81505,true,0.067921,,0,0,0,7FED8E86DD19E881B0CD27336CDC31078A91C5F83C5E520230BDAE29025D1394
2022-01-10T00:00:00.000Z|AUDCHF|ny|2022-01-13,2022-01-10T00:00:00.000Z,AUDCHF,LONG,ny|2022-01-13,NY,2022-01-13T00:00:00.000Z,2022-01-13T13:00:00.000Z,2022-01-13T13:00:00.000Z,2022-01-13T21:00:00.000Z,0.669,0.066552,0.760871,1,low,0.6,true,normal,harvestable_chop_candidate,true,gate90d_range_box_slots_cost_clamped_v0,0.223,0.223,0.669,true,0.05575,,1,1,0,2D41FB9D6C4A5557F0AD5D3702AB6631ED89932984594BF6D30F9439129EE0F4
2022-01-10T00:00:00.000Z|AUDCHF|asia_london|2022-01-14,2022-01-10T00:00:00.000Z,AUDCHF,LONG,asia_london|2022-01-14,ASIA_LONDON,2022-01-13T13:00:00.000Z,2022-01-13T21:00:00.000Z,2022-01-14T00:00:00.000Z,2022-01-14T13:00:00.000Z,0.760871,0.050908,0.829185,1,low,0.6,true,normal,harvestable_chop_candidate,true,gate90d_range_box_slots_cost_clamped_v0,0.253624,0.253624,0.760871,true,0.063406,,0,0,0,5F63AFC1346AD5B89FCFC8155B5340EB3CB7B6F7B794CE5F89DB964E695ED889
2022-01-10T00:00:00.000Z|AUDCHF|ny|2022-01-14,2022-01-10T00:00:00.000Z,AUDCHF,LONG,ny|2022-01-14,NY,2022-01-14T00:00:00.000Z,2022-01-14T13:00:00.000Z,2022-01-14T13:00:00.000Z,2022-01-14T21:00:00.000Z,0.829185,0.043847,0.478194,1,low,0.6,true,normal,harvestable_chop_candidate,true,gate90d_range_box_slots_cost_clamped_v0,0.276395,0.276395,0.829185,true,0.069099,,2,2,0,A0705FA4E472B2B8C8B0BCC842D3E9C5295BA4E8C38E8C6B788A7D0B6C339895
2022-01-10T00:00:00.000Z|AUDJPY|ny|2022-01-10,2022-01-10T00:00:00.000Z,AUDJPY,LONG,ny|2022-01-10,NY,2022-01-10T00:00:00.000Z,2022-01-10T13:00:00.000Z,2022-01-10T13:00:00.000Z,2022-01-10T21:00:00.000Z,0.85447,0.000178,0.660739,1,low,0.6,true,normal,harvestable_chop_candidate,true,gate90d_range_box_slots_cost_clamped_v0,0.284823,0.284823,0.85447,true,0.071206,,0,0,0,89B55A8146BEC000EC5DA644C9A51F47E7D99E413F85843E6DA9F2F7C588FF53
2022-01-10T00:00:00.000Z|AUDJPY|asia_london|2022-01-11,2022-01-10T00:00:00.000Z,AUDJPY,LONG,asia_london|2022-01-11,ASIA_LONDON,2022-01-10T13:00:00.000Z,2022-01-10T21:00:00.000Z,2022-01-11T00:00:00.000Z,2022-01-11T13:00:00.000Z,0.660739,0.006945,0.57991,1,low,0.6,true,normal,harvestable_chop_candidate,true,gate90d_range_box_slots_cost_clamped_v0,0.220246,0.220246,0.660739,true,0.055062,,0,0,0,73CD6058CCE38D2B1015D50D21CC869BE2EAF623B3C10BC69AC5351644033E53
2022-01-10T00:00:00.000Z|AUDJPY|ny|2022-01-11,2022-01-10T00:00:00.000Z,AUDJPY,LONG,ny|2022-01-11,NY,2022-01-11T00:00:00.000Z,2022-01-11T13:00:00.000Z,2022-01-11T13:00:00.000Z,2022-01-11T21:00:00.000Z,0.57991,0.058431,0.673569,1,low,0.6,false,normal,dead_chop_cost_churn,false,gate90d_range_box_slots_cost_clamped_v0,0.193303,0.2,0.6,false,0.05,,0,0,0,471E45684DF0951245B89DAE0AE988CC6A4BC74AA33529E28565D14CCB2B6C1C
2022-01-10T00:00:00.000Z|AUDJPY|asia_london|2022-01-12,2022-01-10T00:00:00.000Z,AUDJPY,LONG,asia_london|2022-01-12,ASIA_LONDON,2022-01-11T13:00:00.000Z,2022-01-11T21:00:00.000Z,2022-01-12T00:00:00.000Z,2022-01-12T13:00:00.000Z,0.673569,0.018868,0.354105,1,low,0.6,true,normal,harvestable_chop_candidate,true,gate90d_range_box_slots_cost_clamped_v0,0.224523,0.224523,0.673569,true,0.056131,,0,0,0,A99BE497759C269B15420E0B95B61C0C1559DABFB6942375211705410875899D
2022-01-10T00:00:00.000Z|AUDJPY|ny|2022-01-12,2022-01-10T00:00:00.000Z,AUDJPY,LONG,ny|2022-01-12,NY,2022-01-12T00:00:00.000Z,2022-01-12T13:00:00.000Z,2022-01-12T13:00:00.000Z,2022-01-12T21:00:00.000Z,0.354105,0.038482,0.595307,1,low,0.6,false,normal,dead_chop_cost_churn,false,gate90d_range_box_slots_cost_clamped_v0,0.118035,0.2,0.6,false,0.05,,0,0,0,E2579BAF54862E9C37DA3A1D3C02D6ACCAF852166E464A455B257A87C75292A8
2022-01-10T00:00:00.000Z|AUDJPY|asia_london|2022-01-13,2022-01-10T00:00:00.000Z,AUDJPY,LONG,asia_london|2022-01-13,ASIA_LONDON,2022-01-12T13:00:00.000Z,2022-01-12T21:00:00.000Z,2022-01-13T00:00:00.000Z,2022-01-13T13:00:00.000Z,0.595307,0.015094,0.513195,1,low,0.6,false,normal,dead_chop_cost_churn,false,gate90d_range_box_slots_cost_clamped_v0,0.198436,0.2,0.6,false,0.05,,0,0,0,8481D0507A7FCEE46CD9E9C6A026D0D7AEFECDD4BD52F530E070BF1710034CB6
2022-01-10T00:00:00.000Z|AUDJPY|ny|2022-01-13,2022-01-10T00:00:00.000Z,AUDJPY,LONG,ny|2022-01-13,NY,2022-01-13T00:00:00.000Z,2022-01-13T13:00:00.000Z,2022-01-13T13:00:00.000Z,2022-01-13T21:00:00.000Z,0.513195,0.076233,0.712058,1,low,0.6,false,normal,dead_chop_cost_churn,false,gate90d_range_box_slots_cost_clamped_v0,0.171065,0.2,0.6,false,0.05,,0,0,0,C7E4679847C2EB81F92166E0D7A3551645C337DD9679AC101DD1EE0BCD207C84
2022-01-10T00:00:00.000Z|AUDJPY|asia_london|2022-01-14,2022-01-10T00:00:00.000Z,AUDJPY,LONG,asia_london|2022-01-14,ASIA_LONDON,2022-01-13T13:00:00.000Z,2022-01-13T21:00:00.000Z,2022-01-14T00:00:00.000Z,2022-01-14T13:00:00.000Z,0.712058,0.076605,0.88911,1,low,0.6,true,normal,harvestable_chop_candidate,true,gate90d_range_box_slots_cost_clamped_v0,0.237353,0.237353,0.712058,true,0.059338,,0,0,0,85449C8CC9632FA5E87B2BA8D1A6EFB407A3DBA174257209BAD55DD6874625E6
2022-01-10T00:00:00.000Z|AUDJPY|ny|2022-01-14,2022-01-10T00:00:00.000Z,AUDJPY,LONG,ny|2022-01-14,NY,2022-01-14T00:00:00.000Z,2022-01-14T13:00:00.000Z,2022-01-14T13:00:00.000Z,2022-01-14T21:00:00.000Z,0.88911,0.032221,0.536289,1,low,0.6,true,normal,harvestable_chop_candidate,true,gate90d_range_box_slots_cost_clamped_v0,0.29637,0.29637,0.88911,true,0.074092,,2,2,0,2E4A02BDED85A420AB9038F298FE4D0AAEA5A3E0C9FB1398B563BA0598633951
2022-01-10T00:00:00.000Z|AUDNZD|ny|2022-01-10,2022-01-10T00:00:00.000Z,AUDNZD,SHORT,ny|2022-01-10,NY,2022-01-10T00:00:00.000Z,2022-01-10T13:00:00.000Z,2022-01-10T13:00:00.000Z,2022-01-10T21:00:00.000Z,0.565939,0.02385,0.59738,1,low,0.6,false,normal,dead_chop_cost_churn,false,gate90d_range_box_slots_cost_clamped_v0,0.188646,0.2,0.6,false,0.05,,0,0,0,0D0D4B47F35525D48BE3E5574B57F241E76F14A724126435DD6AF130D0DD7BB0
2022-01-10T00:00:00.000Z|AUDNZD|asia_london|2022-01-11,2022-01-10T00:00:00.000Z,AUDNZD,SHORT,asia_london|2022-01-11,ASIA_LONDON,2022-01-10T13:00:00.000Z,2022-01-10T21:00:00.000Z,2022-01-11T00:00:00.000Z,2022-01-11T13:00:00.000Z,0.59738,0.00443,0.514286,1,low,0.6,false,normal,dead_chop_cost_churn,false,gate90d_range_box_slots_cost_clamped_v0,0.199127,0.2,0.6,false,0.05,,0,0,0,DFB19D82F01B11FC1DE1CEDA4E41DEFE53C2C5851244CD8D87B966A189CC0C08
2022-01-10T00:00:00.000Z|AUDNZD|ny|2022-01-11,2022-01-10T00:00:00.000Z,AUDNZD,SHORT,ny|2022-01-11,NY,2022-01-11T00:00:00.000Z,2022-01-11T13:00:00.000Z,2022-01-11T13:00:00.000Z,2022-01-11T21:00:00.000Z,0.514286,0.037394,0.514286,1,low,0.6,false,normal,dead_chop_cost_churn,false,gate90d_range_box_slots_cost_clamped_v0,0.171429,0.2,0.6,false,0.05,,1,0,1,9B492CB34403E0AF3181BC114C9115CFB68F091BFE6ABE01B1842DE0FD49911A
2022-01-10T00:00:00.000Z|AUDNZD|asia_london|2022-01-12,2022-01-10T00:00:00.000Z,AUDNZD,SHORT,asia_london|2022-01-12,ASIA_LONDON,2022-01-11T13:00:00.000Z,2022-01-11T21:00:00.000Z,2022-01-12T00:00:00.000Z,2022-01-12T13:00:00.000Z,0.514286,0.027527,0.563693,1,low,0.6,false,normal,dead_chop_cost_churn,false,gate90d_range_box_slots_cost_clamped_v0,0.171429,0.2,0.6,false,0.05,,0,0,0,278A82729816A258BB29651F2558001BE854B7D53C2C882D175910419CB0B80B
2022-01-10T00:00:00.000Z|AUDNZD|ny|2022-01-12,2022-01-10T00:00:00.000Z,AUDNZD,SHORT,ny|2022-01-12,NY,2022-01-12T00:00:00.000Z,2022-01-12T13:00:00.000Z,2022-01-12T13:00:00.000Z,2022-01-12T21:00:00.000Z,0.563693,0.032748,0.572676,1,low,0.6,false,normal,dead_chop_cost_churn,false,gate90d_range_box_slots_cost_clamped_v0,0.187898,0.2,0.6,false,0.05,,2,0,2,8157E799D00D0F5706D9DC28F08355DF64CCB3AF28FDB9339951C474C9872E64
2022-01-10T00:00:00.000Z|AUDNZD|asia_london|2022-01-13,2022-01-10T00:00:00.000Z,AUDNZD,SHORT,asia_london|2022-01-13,ASIA_LONDON,2022-01-12T13:00:00.000Z,2022-01-12T21:00:00.000Z,2022-01-13T00:00:00.000Z,2022-01-13T13:00:00.000Z,0.572676,0.043171,0.538989,1,low,0.6,false,normal,dead_chop_cost_churn,false,gate90d_range_box_slots_cost_clamped_v0,0.190892,0.2,0.6,false,0.05,,1,1,0,7AD98311E25924FACD4F7DA58CDAFBAACA47F693EB835E27A5984EABE54CA8B0
2022-01-10T00:00:00.000Z|AUDNZD|ny|2022-01-13,2022-01-10T00:00:00.000Z,AUDNZD,SHORT,ny|2022-01-13,NY,2022-01-13T00:00:00.000Z,2022-01-13T13:00:00.000Z,2022-01-13T13:00:00.000Z,2022-01-13T21:00:00.000Z,0.538989,0.029402,0.478353,1,low,0.6,false,normal,dead_chop_cost_churn,false,gate90d_range_box_slots_cost_clamped_v0,0.179663,0.2,0.6,false,0.05,,0,0,0,E2F3F53CDFBD65992DF857057E4AE79245AFE475151FECDE9585E27EB55A4031
2022-01-10T00:00:00.000Z|AUDNZD|asia_london|2022-01-14,2022-01-10T00:00:00.000Z,AUDNZD,SHORT,asia_london|2022-01-14,ASIA_LONDON,2022-01-13T13:00:00.000Z,2022-01-13T21:00:00.000Z,2022-01-14T00:00:00.000Z,2022-01-14T13:00:00.000Z,0.478353,0.023955,0.464878,1,low,0.6,false,normal,dead_chop_cost_churn,false,gate90d_range_box_slots_cost_clamped_v0,0.159451,0.2,0.6,false,0.05,,0,0,0,7D665404C5A8F6E6CB30B5A0F364F512EA37C31484FC58D6D2CA7DBF5E988950
2022-01-10T00:00:00.000Z|AUDNZD|ny|2022-01-14,2022-01-10T00:00:00.000Z,AUDNZD,SHORT,ny|2022-01-14,NY,2022-01-14T00:00:00.000Z,2022-01-14T13:00:00.000Z,2022-01-14T13:00:00.000Z,2022-01-14T21:00:00.000Z,0.464878,0.017789,0.473862,1,low,0.6,false,normal,dead_chop_cost_churn,false,gate90d_range_box_slots_cost_clamped_v0,0.154959,0.2,0.6,false,0.05,,2,2,0,BA1ADE6DF9C3FB6222D2C3D93CFDB3EA0BD93B8999D43D9604B1E97150F2882D
2022-01-10T00:00:00.000Z|AUDUSD|ny|2022-01-10,2022-01-10T00:00:00.000Z,AUDUSD,LONG,ny|2022-01-10,NY,2022-01-10T00:00:00.000Z,2022-01-10T13:00:00.000Z,2022-01-10T13:00:00.000Z,2022-01-10T21:00:00.000Z,0.470931,0.001991,0.569333,1,low,0.6,false,normal,dead_chop_cost_churn,false,gate90d_range_box_slots_cost_clamped_v0,0.156977,0.2,0.6,false,0.05,,0,0,0,A7925A2E6DA2E3501E3686CA27CA45FB60FE6E498EBE6438FF41BD4F5077B640
2022-01-10T00:00:00.000Z|AUDUSD|asia_london|2022-01-11,2022-01-10T00:00:00.000Z,AUDUSD,LONG,asia_london|2022-01-11,ASIA_LONDON,2022-01-10T13:00:00.000Z,2022-01-10T21:00:00.000Z,2022-01-11T00:00:00.000Z,2022-01-11T13:00:00.000Z,0.569333,0.015157,0.50256,1,low,0.6,false,normal,dead_chop_cost_churn,false,gate90d_range_box_slots_cost_clamped_v0,0.189778,0.2,0.6,false,0.05,,0,0,0,803A545EFDAD62539502EA69A527599B3F1A5C68FD6E7B99E12E77CCD1811B47
2022-01-10T00:00:00.000Z|AUDUSD|ny|2022-01-11,2022-01-10T00:00:00.000Z,AUDUSD,LONG,ny|2022-01-11,NY,2022-01-11T00:00:00.000Z,2022-01-11T13:00:00.000Z,2022-01-11T13:00:00.000Z,2022-01-11T21:00:00.000Z,0.50256,0.097066,1.027963,1,low,0.6,false,normal,dead_chop_cost_churn,false,gate90d_range_box_slots_cost_clamped_v0,0.16752,0.2,0.6,false,0.05,,2,2,0,A7BDB8DD4914E180EC59B9A00006A69CFB69C6C84B33E09811524053D0DF4F60
2022-01-10T00:00:00.000Z|AUDUSD|asia_london|2022-01-12,2022-01-10T00:00:00.000Z,AUDUSD,LONG,asia_london|2022-01-12,ASIA_LONDON,2022-01-11T13:00:00.000Z,2022-01-11T21:00:00.000Z,2022-01-12T00:00:00.000Z,2022-01-12T13:00:00.000Z,1.027963,0.006524,0.397127,1,low,0.6,true,normal,harvestable_chop_candidate,true,gate90d_range_box_slots_cost_clamped_v0,0.342654,0.3,0.9,true,0.075,,0,0,0,E62D73483AFBA71C9AA0BC69891B34B459C23F3B0D28DA1862A97D944D269FEB
2022-01-10T00:00:00.000Z|AUDUSD|ny|2022-01-12,2022-01-10T00:00:00.000Z,AUDUSD,LONG,ny|2022-01-12,NY,2022-01-12T00:00:00.000Z,2022-01-12T13:00:00.000Z,2022-01-12T13:00:00.000Z,2022-01-12T21:00:00.000Z,0.397127,0.175057,1.433877,1,low,0.6,false,normal,dead_chop_cost_churn,false,gate90d_range_box_slots_cost_clamped_v0,0.132376,0.2,0.6,false,0.05,,0,0,0,71E5BA12B3693BD090C70E1067C3429A86C99134DFEF75043502920ADF543711
2022-01-10T00:00:00.000Z|AUDUSD|asia_london|2022-01-13,2022-01-10T00:00:00.000Z,AUDUSD,LONG,asia_london|2022-01-13,ASIA_LONDON,2022-01-12T13:00:00.000Z,2022-01-12T21:00:00.000Z,2022-01-13T00:00:00.000Z,2022-01-13T13:00:00.000Z,1.433877,0.020719,0.708153,1,low,0.6,true,normal,harvestable_chop_candidate,true,gate90d_range_box_slots_cost_clamped_v0,0.477959,0.3,0.9,true,0.075,,0,0,0,CEFC3B0BABD25D0D528E63983A77B87734EC691520246B6102AE0C7C9DE924F5
2022-01-10T00:00:00.000Z|AUDUSD|ny|2022-01-13,2022-01-10T00:00:00.000Z,AUDUSD,LONG,ny|2022-01-13,NY,2022-01-13T00:00:00.000Z,2022-01-13T13:00:00.000Z,2022-01-13T13:00:00.000Z,2022-01-13T21:00:00.000Z,0.708153,0.046724,0.67828,1,low,0.6,true,normal,harvestable_chop_candidate,true,gate90d_range_box_slots_cost_clamped_v0,0.236051,0.236051,0.708153,true,0.059013,,0,0,0,38E822D17B4FCF4CF04C9089BD4052651F55F906A1D68201B966A956A60BD403
2022-01-10T00:00:00.000Z|AUDUSD|asia_london|2022-01-14,2022-01-10T00:00:00.000Z,AUDUSD,LONG,asia_london|2022-01-14,ASIA_LONDON,2022-01-13T13:00:00.000Z,2022-01-13T21:00:00.000Z,2022-01-14T00:00:00.000Z,2022-01-14T13:00:00.000Z,0.67828,0.058824,0.820614,1,low,0.6,true,normal,harvestable_chop_candidate,true,gate90d_range_box_slots_cost_clamped_v0,0.226093,0.226093,0.67828,true,0.056523,,0,0,0,03882D30AB75D22D3340EBF050279D6275F2E7ACB54C646E6BA41F1B6A74721F
2022-01-10T00:00:00.000Z|AUDUSD|ny|2022-01-14,2022-01-10T00:00:00.000Z,AUDUSD,LONG,ny|2022-01-14,NY,2022-01-14T00:00:00.000Z,2022-01-14T13:00:00.000Z,2022-01-14T13:00:00.000Z,2022-01-14T21:00:00.000Z,0.820614,0.055555,0.4147,1,low,0.6,true,normal,harvestable_chop_candidate,true,gate90d_range_box_slots_cost_clamped_v0,0.273538,0.273538,0.820614,true,0.068384,,3,3,0,4B642CAC5DCBEF836353AD0DA5E9BB008260AD8CEC3F66E6C3DE509011811436
2022-01-10T00:00:00.000Z|CADCHF|ny|2022-01-10,2022-01-10T00:00:00.000Z,CADCHF,LONG,ny|2022-01-10,NY,2022-01-10T00:00:00.000Z,2022-01-10T13:00:00.000Z,2022-01-10T13:00:00.000Z,2022-01-10T21:00:00.000Z,0.999053,0.048556,0.659375,1,low,0.6,true,normal,harvestable_chop_candidate,true,gate90d_range_box_slots_cost_clamped_v0,0.333018,0.3,0.9,true,0.075,,0,0,0,8E5D31C39D5F9262210D15FA7EC83877FC2B6EA894D5357B509444794D17B93F
2022-01-10T00:00:00.000Z|CADCHF|asia_london|2022-01-11,2022-01-10T00:00:00.000Z,CADCHF,LONG,asia_london|2022-01-11,ASIA_LONDON,2022-01-10T13:00:00.000Z,2022-01-10T21:00:00.000Z,2022-01-11T00:00:00.000Z,2022-01-11T13:00:00.000Z,0.659375,0.019048,0.470665,1,low,0.6,true,normal,harvestable_chop_candidate,true,gate90d_range_box_slots_cost_clamped_v0,0.219792,0.219792,0.659375,true,0.054948,,4,0,4,CAE11F4F1401511316D4BC89087261B195DD9FB803A82CF5BC881A7C54B4D897
2022-01-10T00:00:00.000Z|CADCHF|ny|2022-01-11,2022-01-10T00:00:00.000Z,CADCHF,LONG,ny|2022-01-11,NY,2022-01-11T00:00:00.000Z,2022-01-11T13:00:00.000Z,2022-01-11T13:00:00.000Z,2022-01-11T21:00:00.000Z,0.470665,0.032677,0.666036,1,low,0.6,false,normal,dead_chop_cost_churn,false,gate90d_range_box_slots_cost_clamped_v0,0.156888,0.2,0.6,false,0.05,,1,0,1,E9C36436B4081E4B172DDAA31DA8A75EC4B65EE0BCBE56EF981E2785C7ABC668
2022-01-10T00:00:00.000Z|CADCHF|asia_london|2022-01-12,2022-01-10T00:00:00.000Z,CADCHF,LONG,asia_london|2022-01-12,ASIA_LONDON,2022-01-11T13:00:00.000Z,2022-01-11T21:00:00.000Z,2022-01-12T00:00:00.000Z,2022-01-12T13:00:00.000Z,0.666036,0.029204,0.621633,1,low,0.6,true,normal,harvestable_chop_candidate,true,gate90d_range_box_slots_cost_clamped_v0,0.222012,0.222012,0.666036,true,0.055503,,0,0,0,76889879150A3AE22716F52DD8E139D2CBC436AB821EC0A13670850E796D77EA
2022-01-10T00:00:00.000Z|CADCHF|ny|2022-01-12,2022-01-10T00:00:00.000Z,CADCHF,LONG,ny|2022-01-12,NY,2022-01-12T00:00:00.000Z,2022-01-12T13:00:00.000Z,2022-01-12T13:00:00.000Z,2022-01-12T21:00:00.000Z,0.621633,0.100584,1.398674,1,low,0.6,true,normal,harvestable_chop_candidate,true,gate90d_range_box_slots_cost_clamped_v0,0.207211,0.207211,0.621633,true,0.051803,,0,0,0,355B572FF0E162F8282D9193647D4C97BC34D3B6C6FEAB92CA2360E40E203853
2022-01-10T00:00:00.000Z|CADCHF|asia_london|2022-01-13,2022-01-10T00:00:00.000Z,CADCHF,LONG,asia_london|2022-01-13,ASIA_LONDON,2022-01-12T13:00:00.000Z,2022-01-12T21:00:00.000Z,2022-01-13T00:00:00.000Z,2022-01-13T13:00:00.000Z,1.398674,0.008635,0.510627,1,low,0.6,true,normal,harvestable_chop_candidate,true,gate90d_range_box_slots_cost_clamped_v0,0.466225,0.3,0.9,true,0.075,,0,0,0,CE234C179122020465E9B3881000390DEA9DBD487CC5C92FC33BD58C2887EFCD
2022-01-10T00:00:00.000Z|CADCHF|ny|2022-01-13,2022-01-10T00:00:00.000Z,CADCHF,LONG,ny|2022-01-13,NY,2022-01-13T00:00:00.000Z,2022-01-13T13:00:00.000Z,2022-01-13T13:00:00.000Z,2022-01-13T21:00:00.000Z,0.510627,0.061397,0.812563,1,low,0.6,false,normal,dead_chop_cost_churn,false,gate90d_range_box_slots_cost_clamped_v0,0.170209,0.2,0.6,false,0.05,,0,0,0,9CBF209407F37A35E0AF900708CCB1C9DE574342DC2CAEDB1F028F131A6E5900
2022-01-10T00:00:00.000Z|CADCHF|asia_london|2022-01-14,2022-01-10T00:00:00.000Z,CADCHF,LONG,asia_london|2022-01-14,ASIA_LONDON,2022-01-13T13:00:00.000Z,2022-01-13T21:00:00.000Z,2022-01-14T00:00:00.000Z,2022-01-14T13:00:00.000Z,0.812563,0.004779,0.765941,1,low,0.6,true,normal,harvestable_chop_candidate,true,gate90d_range_box_slots_cost_clamped_v0,0.270854,0.270854,0.812563,true,0.067714,,0,0,0,0C43EEFE0F4E158485250681975F11563B6F6F5155ED606FD9BCF2ECF5CE0D8C
2022-01-10T00:00:00.000Z|CADCHF|ny|2022-01-14,2022-01-10T00:00:00.000Z,CADCHF,LONG,ny|2022-01-14,NY,2022-01-14T00:00:00.000Z,2022-01-14T13:00:00.000Z,2022-01-14T13:00:00.000Z,2022-01-14T21:00:00.000Z,0.765941,0.04067,0.475105,1,low,0.6,true,normal,harvestable_chop_candidate,true,gate90d_range_box_slots_cost_clamped_v0,0.255314,0.255314,0.765941,true,0.063828,,1,1,0,D2240BA91CF0E77F354CA44DC932024D8356A79879AA4AE15301B86B29259595
2022-01-10T00:00:00.000Z|CADJPY|ny|2022-01-10,2022-01-10T00:00:00.000Z,CADJPY,LONG,ny|2022-01-10,NY,2022-01-10T00:00:00.000Z,2022-01-10T13:00:00.000Z,2022-01-10T13:00:00.000Z,2022-01-10T21:00:00.000Z,0.880531,0.01659,0.690662,1,low,0.6,true,normal,harvestable_chop_candidate,true,gate90d_range_box_slots_cost_clamped_v0,0.29351,0.29351,0.880531,true,0.073378,,0,0,0,7B41E7F3456F27557E088300ACFD7657CCFBDA77A9652908898A73C43CD9166D
2022-01-10T00:00:00.000Z|CADJPY|asia_london|2022-01-11,2022-01-10T00:00:00.000Z,CADJPY,LONG,asia_london|2022-01-11,ASIA_LONDON,2022-01-10T13:00:00.000Z,2022-01-10T21:00:00.000Z,2022-01-11T00:00:00.000Z,2022-01-11T13:00:00.000Z,0.690662,0.053216,0.587445,1,low,0.6,true,normal,harvestable_chop_candidate,true,gate90d_range_box_slots_cost_clamped_v0,0.230221,0.230221,0.690662,true,0.057555,,0,0,0,4710C6AE87953D53965F9624A956CFD89AFF619CD476C28A026E3FC005CA2863
2022-01-10T00:00:00.000Z|CADJPY|ny|2022-01-11,2022-01-10T00:00:00.000Z,CADJPY,LONG,ny|2022-01-11,NY,2022-01-11T00:00:00.000Z,2022-01-11T13:00:00.000Z,2022-01-11T13:00:00.000Z,2022-01-11T21:00:00.000Z,0.587445,0.051304,0.705954,1,low,0.6,false,normal,dead_chop_cost_churn,false,gate90d_range_box_slots_cost_clamped_v0,0.195815,0.2,0.6,false,0.05,,2,0,2,047B95AF366B5F216F59411961665A75A3F14609E3F375CF380BCF74918B4CC3
2022-01-10T00:00:00.000Z|CADJPY|asia_london|2022-01-12,2022-01-10T00:00:00.000Z,CADJPY,LONG,asia_london|2022-01-12,ASIA_LONDON,2022-01-11T13:00:00.000Z,2022-01-11T21:00:00.000Z,2022-01-12T00:00:00.000Z,2022-01-12T13:00:00.000Z,0.705954,0.052348,0.561959,1,low,0.6,true,normal,harvestable_chop_candidate,true,gate90d_range_box_slots_cost_clamped_v0,0.235318,0.235318,0.705954,true,0.058829,,0,0,0,E7C67920FAA02A929AD9834004B2DBC9F059E31FB4FDC7A82AEEFE3982CDC2B6
2022-01-10T00:00:00.000Z|CADJPY|ny|2022-01-12,2022-01-10T00:00:00.000Z,CADJPY,LONG,ny|2022-01-12,NY,2022-01-12T00:00:00.000Z,2022-01-12T13:00:00.000Z,2022-01-12T13:00:00.000Z,2022-01-12T21:00:00.000Z,0.561959,0.063648,0.909839,1,low,0.6,false,normal,dead_chop_cost_churn,false,gate90d_range_box_slots_cost_clamped_v0,0.18732,0.2,0.6,false,0.05,,0,0,0,2CC8F13C6E335494BB26DC59EB3F9B7BBC44D251AF9CDF99EB4A64BF9840A1D4
2022-01-10T00:00:00.000Z|CADJPY|asia_london|2022-01-13,2022-01-10T00:00:00.000Z,CADJPY,LONG,asia_london|2022-01-13,ASIA_LONDON,2022-01-12T13:00:00.000Z,2022-01-12T21:00:00.000Z,2022-01-13T00:00:00.000Z,2022-01-13T13:00:00.000Z,0.909839,0.019118,0.298182,1,low,0.6,true,normal,harvestable_chop_candidate,true,gate90d_range_box_slots_cost_clamped_v0,0.30328,0.3,0.9,true,0.075,,0,0,0,61177B8DB8048DFFDCDCADD1C15465D0AEA1C7F81D73719546C647952979FE3A
2022-01-10T00:00:00.000Z|CADJPY|ny|2022-01-13,2022-01-10T00:00:00.000Z,CADJPY,LONG,ny|2022-01-13,NY,2022-01-13T00:00:00.000Z,2022-01-13T13:00:00.000Z,2022-01-13T13:00:00.000Z,2022-01-13T21:00:00.000Z,0.298182,0.069846,0.811719,1,low,0.6,false,normal,dead_chop_cost_churn,false,gate90d_range_box_slots_cost_clamped_v0,0.099394,0.2,0.6,false,0.05,,0,0,0,A888D845C199DDAF5F5C75F240A3476506631EF6893E08F1FADCDA3CFB32B648
2022-01-10T00:00:00.000Z|CADJPY|asia_london|2022-01-14,2022-01-10T00:00:00.000Z,CADJPY,LONG,asia_london|2022-01-14,ASIA_LONDON,2022-01-13T13:00:00.000Z,2022-01-13T21:00:00.000Z,2022-01-14T00:00:00.000Z,2022-01-14T13:00:00.000Z,0.811719,0.043529,0.662628,1,low,0.6,true,normal,harvestable_chop_candidate,true,gate90d_range_box_slots_cost_clamped_v0,0.270573,0.270573,0.811719,true,0.067643,,0,0,0,969CD1AA3E49913968CF8CB8609AB506E2DDFD88AB63DC163A2CE60982035627
2022-01-10T00:00:00.000Z|CADJPY|ny|2022-01-14,2022-01-10T00:00:00.000Z,CADJPY,LONG,ny|2022-01-14,NY,2022-01-14T00:00:00.000Z,2022-01-14T13:00:00.000Z,2022-01-14T13:00:00.000Z,2022-01-14T21:00:00.000Z,0.662628,0.035427,0.572154,1,low,0.6,true,normal,harvestable_chop_candidate,true,gate90d_range_box_slots_cost_clamped_v0,0.220876,0.220876,0.662628,true,0.055219,,3,3,0,B4D75D6F2EBD6F87203515B8A3C817B4C1685AC8182F41DD3BB8E5B9E52967A9
2022-01-10T00:00:00.000Z|CHFJPY|ny|2022-01-10,2022-01-10T00:00:00.000Z,CHFJPY,LONG,ny|2022-01-10,NY,2022-01-10T00:00:00.000Z,2022-01-10T13:00:00.000Z,2022-01-10T13:00:00.000Z,2022-01-10T21:00:00.000Z,1.11185,0.092245,0.69351,1,low,0.6,true,normal,harvestable_chop_candidate,true,gate90d_range_box_slots_cost_clamped_v0,0.370617,0.3,0.9,true,0.075,,0,0,0,5B3A233D07524AE4985F413FBEEDA2B558D37F50547C04992F8F8EF517B41598
2022-01-10T00:00:00.000Z|CHFJPY|asia_london|2022-01-11,2022-01-10T00:00:00.000Z,CHFJPY,LONG,asia_london|2022-01-11,ASIA_LONDON,2022-01-10T13:00:00.000Z,2022-01-10T21:00:00.000Z,2022-01-11T00:00:00.000Z,2022-01-11T13:00:00.000Z,0.69351,0.041225,0.551356,1,low,0.6,true,normal,harvestable_chop_candidate,true,gate90d_range_box_slots_cost_clamped_v0,0.23117,0.23117,0.69351,true,0.057792,,0,0,0,C913ECADE66860D50FC6630DC3C1CF8B03EC54ADD31C3C10F5C1C964D9908D9A
2022-01-10T00:00:00.000Z|CHFJPY|ny|2022-01-11,2022-01-10T00:00:00.000Z,CHFJPY,LONG,ny|2022-01-11,NY,2022-01-11T00:00:00.000Z,2022-01-11T13:00:00.000Z,2022-01-11T13:00:00.000Z,2022-01-11T21:00:00.000Z,0.551356,0.034856,0.371633,1,low,0.6,false,normal,dead_chop_cost_churn,false,gate90d_range_box_slots_cost_clamped_v0,0.183785,0.2,0.6,false,0.05,,0,0,0,717A4CFC931362B89F32F6C23ED24C0A39ABAB60567BD7E434BF0D78BD6E8C15
2022-01-10T00:00:00.000Z|CHFJPY|asia_london|2022-01-12,2022-01-10T00:00:00.000Z,CHFJPY,LONG,asia_london|2022-01-12,ASIA_LONDON,2022-01-11T13:00:00.000Z,2022-01-11T21:00:00.000Z,2022-01-12T00:00:00.000Z,2022-01-12T13:00:00.000Z,0.371633,0.034303,0.342186,1,low,0.6,false,normal,dead_chop_cost_churn,false,gate90d_range_box_slots_cost_clamped_v0,0.123878,0.2,0.6,false,0.05,,0,0,0,4B0D2C9455982AA264788FA9C4376D567CB00A5132FE2AC7689A9A2C4E4BADD9
2022-01-10T00:00:00.000Z|CHFJPY|ny|2022-01-12,2022-01-10T00:00:00.000Z,CHFJPY,LONG,ny|2022-01-12,NY,2022-01-12T00:00:00.000Z,2022-01-12T13:00:00.000Z,2022-01-12T13:00:00.000Z,2022-01-12T21:00:00.000Z,0.342186,0.032386,0.603141,1,low,0.6,false,normal,dead_chop_cost_churn,false,gate90d_range_box_slots_cost_clamped_v0,0.114062,0.2,0.6,false,0.05,,0,0,0,4AF276B3D34928CE5FE12BE839C02F795DF3DC8FC83F7C7738A45131BB2B2053
2022-01-10T00:00:00.000Z|CHFJPY|asia_london|2022-01-13,2022-01-10T00:00:00.000Z,CHFJPY,LONG,asia_london|2022-01-13,ASIA_LONDON,2022-01-12T13:00:00.000Z,2022-01-12T21:00:00.000Z,2022-01-13T00:00:00.000Z,2022-01-13T13:00:00.000Z,0.603141,0.010779,0.410217,1,low,0.6,true,normal,harvestable_chop_candidate,true,gate90d_range_box_slots_cost_clamped_v0,0.201047,0.201047,0.603141,true,0.050262,,0,0,0,A90E4807D14B5436FB549A8AA8A1314C55F8E914E98FE384AD5757CCD17A20C6
2022-01-10T00:00:00.000Z|CHFJPY|ny|2022-01-13,2022-01-10T00:00:00.000Z,CHFJPY,LONG,ny|2022-01-13,NY,2022-01-13T00:00:00.000Z,2022-01-13T13:00:00.000Z,2022-01-13T13:00:00.000Z,2022-01-13T21:00:00.000Z,0.410217,0.021513,0.47114,1,low,0.6,false,normal,dead_chop_cost_churn,false,gate90d_range_box_slots_cost_clamped_v0,0.136739,0.2,0.6,false,0.05,,0,0,0,E3FF95E9379205B11A0B32C386D5B1FA312B9AB5B3E64F61EEF8F8CC9A9797A8
2022-01-10T00:00:00.000Z|CHFJPY|asia_london|2022-01-14,2022-01-10T00:00:00.000Z,CHFJPY,LONG,asia_london|2022-01-14,ASIA_LONDON,2022-01-13T13:00:00.000Z,2022-01-13T21:00:00.000Z,2022-01-14T00:00:00.000Z,2022-01-14T13:00:00.000Z,0.47114,0.051981,0.559479,1,low,0.6,false,normal,dead_chop_cost_churn,false,gate90d_range_box_slots_cost_clamped_v0,0.157047,0.2,0.6,false,0.05,,0,0,0,CC37D9F95F3BEF100544C93D46622B423BB498EBBECF35B1A6AC44C5D886B364
2022-01-10T00:00:00.000Z|CHFJPY|ny|2022-01-14,2022-01-10T00:00:00.000Z,CHFJPY,LONG,ny|2022-01-14,NY,2022-01-14T00:00:00.000Z,2022-01-14T13:00:00.000Z,2022-01-14T13:00:00.000Z,2022-01-14T21:00:00.000Z,0.559479,0.000621,0.335078,1,low,0.6,false,normal,dead_chop_cost_churn,false,gate90d_range_box_slots_cost_clamped_v0,0.186493,0.2,0.6,false,0.05,,0,0,0,81813B93EEB0E8F759E67CD914D565294BD9AAB67863609299FE7610B7E1BB4E
2022-01-10T00:00:00.000Z|EURAUD|ny|2022-01-10,2022-01-10T00:00:00.000Z,EURAUD,LONG,ny|2022-01-10,NY,2022-01-10T00:00:00.000Z,2022-01-10T13:00:00.000Z,2022-01-10T13:00:00.000Z,2022-01-10T21:00:00.000Z,0.686164,0.017032,0.862195,1,low,0.6,true,normal,harvestable_chop_candidate,true,gate90d_range_box_slots_cost_clamped_v0,0.228721,0.228721,0.686164,true,0.05718,,2,0,2,457720EA10B22A1C287B13565E9956D4EBA5E378CF54FD56C8422A04A59B224E
2022-01-10T00:00:00.000Z|EURAUD|asia_london|2022-01-11,2022-01-10T00:00:00.000Z,EURAUD,LONG,asia_london|2022-01-11,ASIA_LONDON,2022-01-10T13:00:00.000Z,2022-01-10T21:00:00.000Z,2022-01-11T00:00:00.000Z,2022-01-11T13:00:00.000Z,0.862195,0.017037,0.458041,1,low,0.6,true,normal,harvestable_chop_candidate,true,gate90d_range_box_slots_cost_clamped_v0,0.287398,0.287398,0.862195,true,0.07185,,0,0,0,3AC6E6F6A9BBBE32A3F69A934DB60F693910F64009A7F8DAC3A9B2979D8F532E
2022-01-10T00:00:00.000Z|EURAUD|ny|2022-01-11,2022-01-10T00:00:00.000Z,EURAUD,LONG,ny|2022-01-11,NY,2022-01-11T00:00:00.000Z,2022-01-11T13:00:00.000Z,2022-01-11T13:00:00.000Z,2022-01-11T21:00:00.000Z,0.458041,0.047227,0.589168,1,low,0.6,false,normal,dead_chop_cost_churn,false,gate90d_range_box_slots_cost_clamped_v0,0.15268,0.2,0.6,false,0.05,,1,0,1,4BF1A200908B0FCAF8C0E87D3FF27B36A77794577468209662F144BB7FABDB2F
2022-01-10T00:00:00.000Z|EURAUD|asia_london|2022-01-12,2022-01-10T00:00:00.000Z,EURAUD,LONG,asia_london|2022-01-12,ASIA_LONDON,2022-01-11T13:00:00.000Z,2022-01-11T21:00:00.000Z,2022-01-12T00:00:00.000Z,2022-01-12T13:00:00.000Z,0.589168,0.012863,0.351165,1,low,0.6,false,normal,dead_chop_cost_churn,false,gate90d_range_box_slots_cost_clamped_v0,0.196389,0.2,0.6,false,0.05,,0,0,0,25D73E89DDE61F8EBD192A25643DC2DC69E021DF30A7C39C80E482D095708648
2022-01-10T00:00:00.000Z|EURAUD|ny|2022-01-12,2022-01-10T00:00:00.000Z,EURAUD,LONG,ny|2022-01-12,NY,2022-01-12T00:00:00.000Z,2022-01-12T13:00:00.000Z,2022-01-12T13:00:00.000Z,2022-01-12T21:00:00.000Z,0.351165,0.0589,0.664609,1,low,0.6,false,normal,dead_chop_cost_churn,false,gate90d_range_box_slots_cost_clamped_v0,0.117055,0.2,0.6,false,0.05,,0,0,0,F20EFF375AC49D2E052BCBB66CE002C6686643468C3D72267C186D43972B7EE0
2022-01-10T00:00:00.000Z|EURAUD|asia_london|2022-01-13,2022-01-10T00:00:00.000Z,EURAUD,LONG,asia_london|2022-01-13,ASIA_LONDON,2022-01-12T13:00:00.000Z,2022-01-12T21:00:00.000Z,2022-01-13T00:00:00.000Z,2022-01-13T13:00:00.000Z,0.664609,0.000778,0.404154,1,low,0.6,true,normal,harvestable_chop_candidate,true,gate90d_range_box_slots_cost_clamped_v0,0.221536,0.221536,0.664609,true,0.055384,,0,0,0,4AD74CD54A45E51796C974D49B3AB1DACCA804D0DB3F53F0279D0463FF696505
2022-01-10T00:00:00.000Z|EURAUD|ny|2022-01-13,2022-01-10T00:00:00.000Z,EURAUD,LONG,ny|2022-01-13,NY,2022-01-13T00:00:00.000Z,2022-01-13T13:00:00.000Z,2022-01-13T13:00:00.000Z,2022-01-13T21:00:00.000Z,0.404154,0.046352,0.493966,1,low,0.6,false,normal,dead_chop_cost_churn,false,gate90d_range_box_slots_cost_clamped_v0,0.134718,0.2,0.6,false,0.05,,0,0,0,71E01AD6698A84EE96EAC7C02B062D294B0E883D9B6EB8395347120151ACAA42
2022-01-10T00:00:00.000Z|EURAUD|asia_london|2022-01-14,2022-01-10T00:00:00.000Z,EURAUD,LONG,asia_london|2022-01-14,ASIA_LONDON,2022-01-13T13:00:00.000Z,2022-01-13T21:00:00.000Z,2022-01-14T00:00:00.000Z,2022-01-14T13:00:00.000Z,0.493966,0.047052,0.619703,1,low,0.6,false,normal,dead_chop_cost_churn,false,gate90d_range_box_slots_cost_clamped_v0,0.164655,0.2,0.6,false,0.05,,0,0,0,D225316B0F2950C4CA526455377F5770BE791A0A8F7EF179792A7FAFCD40E034
2022-01-10T00:00:00.000Z|EURAUD|ny|2022-01-14,2022-01-10T00:00:00.000Z,EURAUD,LONG,ny|2022-01-14,NY,2022-01-14T00:00:00.000Z,2022-01-14T13:00:00.000Z,2022-01-14T13:00:00.000Z,2022-01-14T21:00:00.000Z,0.619703,0.039468,0.400562,1,low,0.6,true,normal,harvestable_chop_candidate,true,gate90d_range_box_slots_cost_clamped_v0,0.206568,0.206568,0.619703,true,0.051642,,0,0,0,5AFB60012E62734E9BE63FE6AC14E57181E6FC295853FE66802E12C879E23B93
2022-01-10T00:00:00.000Z|EURCAD|ny|2022-01-10,2022-01-10T00:00:00.000Z,EURCAD,LONG,ny|2022-01-10,NY,2022-01-10T00:00:00.000Z,2022-01-10T13:00:00.000Z,2022-01-10T13:00:00.000Z,2022-01-10T21:00:00.000Z,0.8513,0.037082,0.942048,1,low,0.6,true,normal,harvestable_chop_candidate,true,gate90d_range_box_slots_cost_clamped_v0,0.283767,0.283767,0.8513,true,0.070942,,2,0,2,67B9AE3583243E4F95A54521FEB55067095FE9A19EB48562E1FC6F296B04789E
2022-01-10T00:00:00.000Z|EURCAD|asia_london|2022-01-11,2022-01-10T00:00:00.000Z,EURCAD,LONG,asia_london|2022-01-11,ASIA_LONDON,2022-01-10T13:00:00.000Z,2022-01-10T21:00:00.000Z,2022-01-11T00:00:00.000Z,2022-01-11T13:00:00.000Z,0.942048,0.032354,0.466702,1,low,0.6,true,normal,harvestable_chop_candidate,true,gate90d_range_box_slots_cost_clamped_v0,0.314016,0.3,0.9,true,0.075,,0,0,0,0BCBDC81BCEA980B5E02B961606CA20B5FD082E3C65F6F83AE4A6469414D4175
2022-01-10T00:00:00.000Z|EURCAD|ny|2022-01-11,2022-01-10T00:00:00.000Z,EURCAD,LONG,ny|2022-01-11,NY,2022-01-11T00:00:00.000Z,2022-01-11T13:00:00.000Z,2022-01-11T13:00:00.000Z,2022-01-11T21:00:00.000Z,0.466702,0.036277,0.58986,1,low,0.6,false,normal,dead_chop_cost_churn,false,gate90d_range_box_slots_cost_clamped_v0,0.155567,0.2,0.6,false,0.05,,0,0,0,F8DE2A94C35BBBDF29AC7C321A41711414822011205DD60764F276AB137459EC
2022-01-10T00:00:00.000Z|EURCAD|asia_london|2022-01-12,2022-01-10T00:00:00.000Z,EURCAD,LONG,asia_london|2022-01-12,ASIA_LONDON,2022-01-11T13:00:00.000Z,2022-01-11T21:00:00.000Z,2022-01-12T00:00:00.000Z,2022-01-12T13:00:00.000Z,0.58986,0.051671,0.731384,1,low,0.6,false,normal,dead_chop_cost_churn,false,gate90d_range_box_slots_cost_clamped_v0,0.19662,0.2,0.6,false,0.05,,4,4,0,6BE6789812BAB09C18B945E892479CFA069B095E53B278E2032ADB2882DCD31E
2022-01-10T00:00:00.000Z|EURCAD|ny|2022-01-12,2022-01-10T00:00:00.000Z,EURCAD,LONG,ny|2022-01-12,NY,2022-01-12T00:00:00.000Z,2022-01-12T13:00:00.000Z,2022-01-12T13:00:00.000Z,2022-01-12T21:00:00.000Z,0.731384,0.078726,0.812408,1,low,0.6,true,normal,harvestable_chop_candidate,true,gate90d_range_box_slots_cost_clamped_v0,0.243795,0.243795,0.731384,true,0.060949,,0,0,0,BA691ECEE47C8E68BCFCED05D714517E756F8CD0FC610BBFB16170C97D878EFB
2022-01-10T00:00:00.000Z|EURCAD|asia_london|2022-01-13,2022-01-10T00:00:00.000Z,EURCAD,LONG,asia_london|2022-01-13,ASIA_LONDON,2022-01-12T13:00:00.000Z,2022-01-12T21:00:00.000Z,2022-01-13T00:00:00.000Z,2022-01-13T13:00:00.000Z,0.812408,0.001636,0.32734,1,low,0.6,true,normal,harvestable_chop_candidate,true,gate90d_range_box_slots_cost_clamped_v0,0.270803,0.270803,0.812408,true,0.067701,,0,0,0,725720006C61E938FD6512567FA69794BDA494CD31FB40F82DA3685B29CA81D1
2022-01-10T00:00:00.000Z|EURCAD|ny|2022-01-13,2022-01-10T00:00:00.000Z,EURCAD,LONG,ny|2022-01-13,NY,2022-01-13T00:00:00.000Z,2022-01-13T13:00:00.000Z,2022-01-13T13:00:00.000Z,2022-01-13T21:00:00.000Z,0.32734,0.041334,0.518559,1,low,0.6,false,normal,dead_chop_cost_churn,false,gate90d_range_box_slots_cost_clamped_v0,0.109113,0.2,0.6,false,0.05,,0,0,0,2CFBD9FCD92A38DDBF6DA230E0F9C2079D0E01593F4B7C2166ECD19850B54295
2022-01-10T00:00:00.000Z|EURCAD|asia_london|2022-01-14,2022-01-10T00:00:00.000Z,EURCAD,LONG,asia_london|2022-01-14,ASIA_LONDON,2022-01-13T13:00:00.000Z,2022-01-13T21:00:00.000Z,2022-01-14T00:00:00.000Z,2022-01-14T13:00:00.000Z,0.518559,0.008294,0.718419,1,low,0.6,false,normal,dead_chop_cost_churn,false,gate90d_range_box_slots_cost_clamped_v0,0.172853,0.2,0.6,false,0.05,,0,0,0,A73CBF2AD88283C972C6DD4737A13F3D11522DCED78E606A1395A8271EDEE46F
2022-01-10T00:00:00.000Z|EURCAD|ny|2022-01-14,2022-01-10T00:00:00.000Z,EURCAD,LONG,ny|2022-01-14,NY,2022-01-14T00:00:00.000Z,2022-01-14T13:00:00.000Z,2022-01-14T13:00:00.000Z,2022-01-14T21:00:00.000Z,0.718419,0.040933,0.441855,1,low,0.6,true,normal,harvestable_chop_candidate,true,gate90d_range_box_slots_cost_clamped_v0,0.239473,0.239473,0.718419,true,0.059868,,0,0,0,5D6446EC2A01D5A177153EAE14391FA73A4658B4E9C1A4813AA70D20CE5DFB37
2022-01-10T00:00:00.000Z|EURCHF|ny|2022-01-10,2022-01-10T00:00:00.000Z,EURCHF,LONG,ny|2022-01-10,NY,2022-01-10T00:00:00.000Z,2022-01-10T13:00:00.000Z,2022-01-10T13:00:00.000Z,2022-01-10T21:00:00.000Z,0.453684,0.147585,1.290918,1,low,0.6,false,normal,dead_chop_cost_churn,false,gate90d_range_box_slots_cost_clamped_v0,0.151228,0.2,0.6,false,0.05,,0,0,0,4E3F3C9C6D60EB4F9DCD811B23AF1D1330A817479104C867D1E2183386A02B98
2022-01-10T00:00:00.000Z|EURCHF|asia_london|2022-01-11,2022-01-10T00:00:00.000Z,EURCHF,LONG,asia_london|2022-01-11,ASIA_LONDON,2022-01-10T13:00:00.000Z,2022-01-10T21:00:00.000Z,2022-01-11T00:00:00.000Z,2022-01-11T13:00:00.000Z,1.290918,0.015691,0.47341,1,low,0.6,true,normal,harvestable_chop_candidate,true,gate90d_range_box_slots_cost_clamped_v0,0.430306,0.3,0.9,true,0.075,,0,0,0,621AE861F788C071BC128A8E2C2ACB402FBBFBF5B47A58485D31704ACC601DAA
2022-01-10T00:00:00.000Z|EURCHF|ny|2022-01-11,2022-01-10T00:00:00.000Z,EURCHF,LONG,ny|2022-01-11,NY,2022-01-11T00:00:00.000Z,2022-01-11T13:00:00.000Z,2022-01-11T13:00:00.000Z,2022-01-11T21:00:00.000Z,0.47341,0.002327,0.306839,1,low,0.6,false,normal,dead_chop_cost_churn,false,gate90d_range_box_slots_cost_clamped_v0,0.157803,0.2,0.6,false,0.05,,0,0,0,EEDACE2206CB9B55912E3BF625478CCA4B1D9642DD0F58872D6EFD7C1793CB2A
2022-01-10T00:00:00.000Z|EURCHF|asia_london|2022-01-12,2022-01-10T00:00:00.000Z,EURCHF,LONG,asia_london|2022-01-12,ASIA_LONDON,2022-01-11T13:00:00.000Z,2022-01-11T21:00:00.000Z,2022-01-12T00:00:00.000Z,2022-01-12T13:00:00.000Z,0.306839,0.041776,0.495327,1,low,0.6,false,normal,dead_chop_cost_churn,false,gate90d_range_box_slots_cost_clamped_v0,0.10228,0.2,0.6,false,0.05,,0,0,0,10559F523C7E46F8A2A96EFF06861B5F69C899601CA0AE94E6EC935E149D31B7
2022-01-10T00:00:00.000Z|EURCHF|ny|2022-01-12,2022-01-10T00:00:00.000Z,EURCHF,LONG,ny|2022-01-12,NY,2022-01-12T00:00:00.000Z,2022-01-12T13:00:00.000Z,2022-01-12T13:00:00.000Z,2022-01-12T21:00:00.000Z,0.495327,0.054471,1.238317,1,low,0.6,false,normal,dead_chop_cost_churn,false,gate90d_range_box_slots_cost_clamped_v0,0.165109,0.2,0.6,false,0.05,,0,0,0,DDCDD12C9B6812F71E38DC8714C341D5553264EDAE47E1B1454A9AE49DDE4B4F
2022-01-10T00:00:00.000Z|EURCHF|asia_london|2022-01-13,2022-01-10T00:00:00.000Z,EURCHF,LONG,asia_london|2022-01-13,ASIA_LONDON,2022-01-12T13:00:00.000Z,2022-01-12T21:00:00.000Z,2022-01-13T00:00:00.000Z,2022-01-13T13:00:00.000Z,1.238317,0.014132,0.962161,1,low,0.6,true,normal,harvestable_chop_candidate,true,gate90d_range_box_slots_cost_clamped_v0,0.412772,0.3,0.9,true,0.075,,0,0,0,1BE47CD6EED82ACD771C4F2D3E7FA029DB2B36E8B2F369A65427E7DBA6EEAFF4
2022-01-10T00:00:00.000Z|EURCHF|ny|2022-01-13,2022-01-10T00:00:00.000Z,EURCHF,LONG,ny|2022-01-13,NY,2022-01-13T00:00:00.000Z,2022-01-13T13:00:00.000Z,2022-01-13T13:00:00.000Z,2022-01-13T21:00:00.000Z,0.962161,0.043353,0.714498,1,low,0.6,true,normal,harvestable_chop_candidate,true,gate90d_range_box_slots_cost_clamped_v0,0.32072,0.3,0.9,true,0.075,,1,1,0,B6428DC148A7CA1BCE001369D59732134A8A53EFC6463A73F744A276652DED4A
2022-01-10T00:00:00.000Z|EURCHF|asia_london|2022-01-14,2022-01-10T00:00:00.000Z,EURCHF,LONG,asia_london|2022-01-14,ASIA_LONDON,2022-01-13T13:00:00.000Z,2022-01-13T21:00:00.000Z,2022-01-14T00:00:00.000Z,2022-01-14T13:00:00.000Z,0.714498,0.022889,0.433958,1,low,0.6,true,normal,harvestable_chop_candidate,true,gate90d_range_box_slots_cost_clamped_v0,0.238166,0.238166,0.714498,true,0.059541,,0,0,0,00C698797F913A26A4FF75B03A85FC3183801FE8D33F178CDA6A2561DCC5DE39
2022-01-10T00:00:00.000Z|EURCHF|ny|2022-01-14,2022-01-10T00:00:00.000Z,EURCHF,LONG,ny|2022-01-14,NY,2022-01-14T00:00:00.000Z,2022-01-14T13:00:00.000Z,2022-01-14T13:00:00.000Z,2022-01-14T21:00:00.000Z,0.433958,0.015405,0.328757,1,low,0.6,false,normal,dead_chop_cost_churn,false,gate90d_range_box_slots_cost_clamped_v0,0.144653,0.2,0.6,false,0.05,,0,0,0,08024C0A27DCEAB8402A00F97FFF831BADD6B5D2C7B8BAD1AD5FB0705A3EDCFC
2022-01-10T00:00:00.000Z|EURGBP|ny|2022-01-10,2022-01-10T00:00:00.000Z,EURGBP,LONG,ny|2022-01-10,NY,2022-01-10T00:00:00.000Z,2022-01-10T13:00:00.000Z,2022-01-10T13:00:00.000Z,2022-01-10T21:00:00.000Z,0.568629,0.006285,0.671036,1,low,0.6,false,normal,dead_chop_cost_churn,false,gate90d_range_box_slots_cost_clamped_v0,0.189543,0.2,0.6,false,0.05,,0,0,0,607F059E23F1AA0CCEEDC0A1FFF8F5235CD6C22D7669944E97598DB6F42BCCC6
2022-01-10T00:00:00.000Z|EURGBP|asia_london|2022-01-11,2022-01-10T00:00:00.000Z,EURGBP,LONG,asia_london|2022-01-11,ASIA_LONDON,2022-01-10T13:00:00.000Z,2022-01-10T21:00:00.000Z,2022-01-11T00:00:00.000Z,2022-01-11T13:00:00.000Z,0.671036,0.00856,0.700681,1,low,0.6,true,normal,harvestable_chop_candidate,true,gate90d_range_box_slots_cost_clamped_v0,0.223679,0.223679,0.671036,true,0.05592,,0,0,0,0A8EC1BC0F8C8CBFCF1B28F5BC3C0DDE58B6E31AC6AB3F87E67600331B747250
2022-01-10T00:00:00.000Z|EURGBP|ny|2022-01-11,2022-01-10T00:00:00.000Z,EURGBP,LONG,ny|2022-01-11,NY,2022-01-11T00:00:00.000Z,2022-01-11T13:00:00.000Z,2022-01-11T13:00:00.000Z,2022-01-11T21:00:00.000Z,0.700681,0.026769,0.423104,1,low,0.6,true,normal,harvestable_chop_candidate,true,gate90d_range_box_slots_cost_clamped_v0,0.23356,0.23356,0.700681,true,0.05839,,0,0,0,085DD9918D96A2A01460159EB5A330DFAB29E10DE4AD1B3B5E5BFA3B12DE283C
2022-01-10T00:00:00.000Z|EURGBP|asia_london|2022-01-12,2022-01-10T00:00:00.000Z,EURGBP,LONG,asia_london|2022-01-12,ASIA_LONDON,2022-01-11T13:00:00.000Z,2022-01-11T21:00:00.000Z,2022-01-12T00:00:00.000Z,2022-01-12T13:00:00.000Z,0.423104,0.012618,0.358425,1,low,0.6,false,normal,dead_chop_cost_churn,false,gate90d_range_box_slots_cost_clamped_v0,0.141035,0.2,0.6,false,0.05,,0,0,0,17AEB1DF431460915151D953CD37B39C2C94CB6CC6285D245AF52B8F750C839A
2022-01-10T00:00:00.000Z|EURGBP|ny|2022-01-12,2022-01-10T00:00:00.000Z,EURGBP,LONG,ny|2022-01-12,NY,2022-01-12T00:00:00.000Z,2022-01-12T13:00:00.000Z,2022-01-12T13:00:00.000Z,2022-01-12T21:00:00.000Z,0.358425,0.061794,0.735714,1,low,0.6,false,normal,dead_chop_cost_churn,false,gate90d_range_box_slots_cost_clamped_v0,0.119475,0.2,0.6,false,0.05,,1,0,1,118381F4C0C59E2054123A2E2C2CC5016DC25DBEC103D4A72A99B3AC7D29C64F
2022-01-10T00:00:00.000Z|EURGBP|asia_london|2022-01-13,2022-01-10T00:00:00.000Z,EURGBP,LONG,asia_london|2022-01-13,ASIA_LONDON,2022-01-12T13:00:00.000Z,2022-01-12T21:00:00.000Z,2022-01-13T00:00:00.000Z,2022-01-13T13:00:00.000Z,0.735714,0.018247,0.490477,1,low,0.6,true,normal,harvestable_chop_candidate,true,gate90d_range_box_slots_cost_clamped_v0,0.245238,0.245238,0.735714,true,0.061309,,0,0,0,B2DFBEB4F5CBBB6DDBC8A3D75BE4594620D50179376A7A62CB2A67E83FEA16E0
2022-01-10T00:00:00.000Z|EURGBP|ny|2022-01-13,2022-01-10T00:00:00.000Z,EURGBP,LONG,ny|2022-01-13,NY,2022-01-13T00:00:00.000Z,2022-01-13T13:00:00.000Z,2022-01-13T13:00:00.000Z,2022-01-13T21:00:00.000Z,0.490477,0.011356,0.603664,1,low,0.6,false,normal,dead_chop_cost_churn,false,gate90d_range_box_slots_cost_clamped_v0,0.163492,0.2,0.6,false,0.05,,0,0,0,53381DB28CE4640880DCE3809EA100F213D97997A867D4AC49E7653DA3D2C2FA
2022-01-10T00:00:00.000Z|EURGBP|asia_london|2022-01-14,2022-01-10T00:00:00.000Z,EURGBP,LONG,asia_london|2022-01-14,ASIA_LONDON,2022-01-13T13:00:00.000Z,2022-01-13T21:00:00.000Z,2022-01-14T00:00:00.000Z,2022-01-14T13:00:00.000Z,0.603664,0.016684,0.555155,1,low,0.6,true,normal,harvestable_chop_candidate,true,gate90d_range_box_slots_cost_clamped_v0,0.201221,0.201221,0.603664,true,0.050305,,0,0,0,28AE5578D1BE5DFF861FBEE3A2607EEA9B0C828DBA703F32866B459FFA4BBB74
2022-01-10T00:00:00.000Z|EURGBP|ny|2022-01-14,2022-01-10T00:00:00.000Z,EURGBP,LONG,ny|2022-01-14,NY,2022-01-14T00:00:00.000Z,2022-01-14T13:00:00.000Z,2022-01-14T13:00:00.000Z,2022-01-14T21:00:00.000Z,0.555155,0.050091,0.35034,1,low,0.6,false,normal,dead_chop_cost_churn,false,gate90d_range_box_slots_cost_clamped_v0,0.185052,0.2,0.6,false,0.05,,0,0,0,B9255E0BB57F2380E5549DEF0BF16499EC1537FC4204B2081DA89A33D43E348C
2022-01-10T00:00:00.000Z|EURJPY|ny|2022-01-10,2022-01-10T00:00:00.000Z,EURJPY,LONG,ny|2022-01-10,NY,2022-01-10T00:00:00.000Z,2022-01-10T13:00:00.000Z,2022-01-10T13:00:00.000Z,2022-01-10T21:00:00.000Z,1.151364,0.021226,0.471012,1,low,0.6,true,normal,harvestable_chop_candidate,true,gate90d_range_box_slots_cost_clamped_v0,0.383788,0.3,0.9,true,0.075,,1,1,0,83F183857D2F192209F3142279289D48C1FBB1B346ED1B74A6463EAD1E25F864
2022-01-10T00:00:00.000Z|EURJPY|asia_london|2022-01-11,2022-01-10T00:00:00.000Z,EURJPY,LONG,asia_london|2022-01-11,ASIA_LONDON,2022-01-10T13:00:00.000Z,2022-01-10T21:00:00.000Z,2022-01-11T00:00:00.000Z,2022-01-11T13:00:00.000Z,0.471012,0.034221,0.561408,1,low,0.6,false,normal,dead_chop_cost_churn,false,gate90d_range_box_slots_cost_clamped_v0,0.157004,0.2,0.6,false,0.05,,0,0,0,1ED311FAE19BE4039BA53ABB6D92E4770DD8C4428384DBCBFF10FAD0179856D7
2022-01-10T00:00:00.000Z|EURJPY|ny|2022-01-11,2022-01-10T00:00:00.000Z,EURJPY,LONG,ny|2022-01-11,NY,2022-01-11T00:00:00.000Z,2022-01-11T13:00:00.000Z,2022-01-11T13:00:00.000Z,2022-01-11T21:00:00.000Z,0.561408,0.032006,0.473391,1,low,0.6,false,normal,dead_chop_cost_churn,false,gate90d_range_box_slots_cost_clamped_v0,0.187136,0.2,0.6,false,0.05,,0,0,0,B83850742D7FFC994B82C1370E160717830A1A02E68DBD6D8F7C2A2F129FF4C4
2022-01-10T00:00:00.000Z|EURJPY|asia_london|2022-01-12,2022-01-10T00:00:00.000Z,EURJPY,LONG,asia_london|2022-01-12,ASIA_LONDON,2022-01-11T13:00:00.000Z,2022-01-11T21:00:00.000Z,2022-01-12T00:00:00.000Z,2022-01-12T13:00:00.000Z,0.473391,0.012135,0.328281,1,low,0.6,false,normal,dead_chop_cost_churn,false,gate90d_range_box_slots_cost_clamped_v0,0.157797,0.2,0.6,false,0.05,,0,0,0,4D2452E69AF9D46875A8C99735A6A35D20E35E68FD1357D0FCE043AE694C3DC2
2022-01-10T00:00:00.000Z|EURJPY|ny|2022-01-12,2022-01-10T00:00:00.000Z,EURJPY,LONG,ny|2022-01-12,NY,2022-01-12T00:00:00.000Z,2022-01-12T13:00:00.000Z,2022-01-12T13:00:00.000Z,2022-01-12T21:00:00.000Z,0.328281,0.003905,0.626827,1,low,0.6,false,normal,dead_chop_cost_churn,false,gate90d_range_box_slots_cost_clamped_v0,0.109427,0.2,0.6,false,0.05,,1,0,1,E8FFD6EE6FBA86E1CE10B26D6DC2928E0A8D968B395806E247F23B19E9D45725
2022-01-10T00:00:00.000Z|EURJPY|asia_london|2022-01-13,2022-01-10T00:00:00.000Z,EURJPY,LONG,asia_london|2022-01-13,ASIA_LONDON,2022-01-12T13:00:00.000Z,2022-01-12T21:00:00.000Z,2022-01-13T00:00:00.000Z,2022-01-13T13:00:00.000Z,0.626827,0.020122,0.515021,1,low,0.6,true,normal,harvestable_chop_candidate,true,gate90d_range_box_slots_cost_clamped_v0,0.208942,0.208942,0.626827,true,0.052236,,0,0,0,63B444B480F68AD9564797442C090C7A45913A7B4A42D6108A69367F4920FFF3
2022-01-10T00:00:00.000Z|EURJPY|ny|2022-01-13,2022-01-10T00:00:00.000Z,EURJPY,LONG,ny|2022-01-13,NY,2022-01-13T00:00:00.000Z,2022-01-13T13:00:00.000Z,2022-01-13T13:00:00.000Z,2022-01-13T21:00:00.000Z,0.515021,0.05303,0.664889,1,low,0.6,false,normal,dead_chop_cost_churn,false,gate90d_range_box_slots_cost_clamped_v0,0.171674,0.2,0.6,false,0.05,,0,0,0,E9D8AD65B0E5906EDCBB7B60B3777DCA8E9D82F69D94DC9F54C6C71F89F79F5A
2022-01-10T00:00:00.000Z|EURJPY|asia_london|2022-01-14,2022-01-10T00:00:00.000Z,EURJPY,LONG,asia_london|2022-01-14,ASIA_LONDON,2022-01-13T13:00:00.000Z,2022-01-13T21:00:00.000Z,2022-01-14T00:00:00.000Z,2022-01-14T13:00:00.000Z,0.664889,0.06346,0.798104,1,low,0.6,true,normal,harvestable_chop_candidate,true,gate90d_range_box_slots_cost_clamped_v0,0.22163,0.22163,0.664889,true,0.055407,,0,0,0,D9EEDA4113A406708961005A5205D6496ED432CEDD92FB1388B3189906D55D5C
2022-01-10T00:00:00.000Z|EURJPY|ny|2022-01-14,2022-01-10T00:00:00.000Z,EURJPY,LONG,ny|2022-01-14,NY,2022-01-14T00:00:00.000Z,2022-01-14T13:00:00.000Z,2022-01-14T13:00:00.000Z,2022-01-14T21:00:00.000Z,0.798104,0.007291,0.491232,1,low,0.6,true,normal,harvestable_chop_candidate,true,gate90d_range_box_slots_cost_clamped_v0,0.266035,0.266035,0.798104,true,0.066509,,0,0,0,00C81B911EFD6C007131B145DFA0BE5D8D944EE264732152BBFA528A140C277A
2022-01-10T00:00:00.000Z|EURNZD|ny|2022-01-10,2022-01-10T00:00:00.000Z,EURNZD,LONG,ny|2022-01-10,NY,2022-01-10T00:00:00.000Z,2022-01-10T13:00:00.000Z,2022-01-10T13:00:00.000Z,2022-01-10T21:00:00.000Z,0.61656,0.00272,0.695606,1,low,0.6,true,normal,harvestable_chop_candidate,true,gate90d_range_box_slots_cost_clamped_v0,0.20552,0.20552,0.61656,true,0.05138,,0,0,0,A844E77D9CFD955C9953D5C5CFF5DAC753BE2AC8BAA3C015034A3B6028C437CC
2022-01-10T00:00:00.000Z|EURNZD|asia_london|2022-01-11,2022-01-10T00:00:00.000Z,EURNZD,LONG,asia_london|2022-01-11,ASIA_LONDON,2022-01-10T13:00:00.000Z,2022-01-10T21:00:00.000Z,2022-01-11T00:00:00.000Z,2022-01-11T13:00:00.000Z,0.695606,0.022358,0.59087,1,low,0.6,true,normal,harvestable_chop_candidate,true,gate90d_range_box_slots_cost_clamped_v0,0.231869,0.231869,0.695606,true,0.057967,,0,0,0,A35D956190123E2CFE9823B67CA38A3DE503BFD064DA500FB15CDE2F674B05D1
2022-01-10T00:00:00.000Z|EURNZD|ny|2022-01-11,2022-01-10T00:00:00.000Z,EURNZD,LONG,ny|2022-01-11,NY,2022-01-11T00:00:00.000Z,2022-01-11T13:00:00.000Z,2022-01-11T13:00:00.000Z,2022-01-11T21:00:00.000Z,0.59087,0.024129,0.531585,1,low,0.6,false,normal,dead_chop_cost_churn,false,gate90d_range_box_slots_cost_clamped_v0,0.196957,0.2,0.6,false,0.05,,4,0,4,8A03BE45FCA6C53E4C6CC2BCEA02B7B31D1517DE0E1935E73ABD5E7FD83DE395
2022-01-10T00:00:00.000Z|EURNZD|asia_london|2022-01-12,2022-01-10T00:00:00.000Z,EURNZD,LONG,asia_london|2022-01-12,ASIA_LONDON,2022-01-11T13:00:00.000Z,2022-01-11T21:00:00.000Z,2022-01-12T00:00:00.000Z,2022-01-12T13:00:00.000Z,0.531585,0.009794,0.444635,1,low,0.6,false,normal,dead_chop_cost_churn,false,gate90d_range_box_slots_cost_clamped_v0,0.177195,0.2,0.6,false,0.05,,0,0,0,BE10C3CE81F2FD453BF9338743C065648D893AF7E4081D3E655BC1F313D97226
2022-01-10T00:00:00.000Z|EURNZD|ny|2022-01-12,2022-01-10T00:00:00.000Z,EURNZD,LONG,ny|2022-01-12,NY,2022-01-12T00:00:00.000Z,2022-01-12T13:00:00.000Z,2022-01-12T13:00:00.000Z,2022-01-12T21:00:00.000Z,0.444635,0.084322,0.912982,1,low,0.6,false,normal,dead_chop_cost_churn,false,gate90d_range_box_slots_cost_clamped_v0,0.148212,0.2,0.6,false,0.05,,0,0,0,7E4444FC897395B7FB21F210FB4F09FE463D0DFA6B34434299338B87D96D1B36
2022-01-10T00:00:00.000Z|EURNZD|asia_london|2022-01-13,2022-01-10T00:00:00.000Z,EURNZD,LONG,asia_london|2022-01-13,ASIA_LONDON,2022-01-12T13:00:00.000Z,2022-01-12T21:00:00.000Z,2022-01-13T00:00:00.000Z,2022-01-13T13:00:00.000Z,0.912982,0.032632,0.620511,1,low,0.6,true,normal,harvestable_chop_candidate,true,gate90d_range_box_slots_cost_clamped_v0,0.304327,0.3,0.9,true,0.075,,0,0,0,147FA21D26BDDC5972D5B985C5D14BE1FAF7328FE27EC8F7C783DCAB14A4299D
2022-01-10T00:00:00.000Z|EURNZD|ny|2022-01-13,2022-01-10T00:00:00.000Z,EURNZD,LONG,ny|2022-01-13,NY,2022-01-13T00:00:00.000Z,2022-01-13T13:00:00.000Z,2022-01-13T13:00:00.000Z,2022-01-13T21:00:00.000Z,0.620511,0.026013,0.529609,1,low,0.6,true,normal,harvestable_chop_candidate,true,gate90d_range_box_slots_cost_clamped_v0,0.206837,0.206837,0.620511,true,0.051709,,1,1,0,98D2E39FFAB4B04AEBDD1AAFC57C12A6970293641C73FB3769F1DCA7E2D21780
2022-01-10T00:00:00.000Z|EURNZD|asia_london|2022-01-14,2022-01-10T00:00:00.000Z,EURNZD,LONG,asia_london|2022-01-14,ASIA_LONDON,2022-01-13T13:00:00.000Z,2022-01-13T21:00:00.000Z,2022-01-14T00:00:00.000Z,2022-01-14T13:00:00.000Z,0.529609,0.036239,0.606679,1,low,0.6,false,normal,dead_chop_cost_churn,false,gate90d_range_box_slots_cost_clamped_v0,0.176536,0.2,0.6,false,0.05,,0,0,0,6D041C260E1A44177AD9851789DD624045AB3C8091AC6C90441DE1D9E01E49CA
2022-01-10T00:00:00.000Z|EURNZD|ny|2022-01-14,2022-01-10T00:00:00.000Z,EURNZD,LONG,ny|2022-01-14,NY,2022-01-14T00:00:00.000Z,2022-01-14T13:00:00.000Z,2022-01-14T13:00:00.000Z,2022-01-14T21:00:00.000Z,0.606679,0.053371,0.339899,1,low,0.6,true,normal,harvestable_chop_candidate,true,gate90d_range_box_slots_cost_clamped_v0,0.202226,0.202226,0.606679,true,0.050557,,3,0,3,8CB5AB8D11A0127624FF73E6E5AC861223B506B5CF869788913BD7D07D4D78F5
2022-01-10T00:00:00.000Z|EURUSD|ny|2022-01-10,2022-01-10T00:00:00.000Z,EURUSD,SHORT,ny|2022-01-10,NY,2022-01-10T00:00:00.000Z,2022-01-10T13:00:00.000Z,2022-01-10T13:00:00.000Z,2022-01-10T21:00:00.000Z,0.637922,0.02431,0.709119,1,low,0.6,true,normal,harvestable_chop_candidate,true,gate90d_range_box_slots_cost_clamped_v0,0.212641,0.212641,0.637922,true,0.05316,,0,0,0,2DA1DBFB2AE7CB639FFEEC945525CF8485084E40A187316EB4FB0720534D0B00
2022-01-10T00:00:00.000Z|EURUSD|asia_london|2022-01-11,2022-01-10T00:00:00.000Z,EURUSD,SHORT,asia_london|2022-01-11,ASIA_LONDON,2022-01-10T13:00:00.000Z,2022-01-10T21:00:00.000Z,2022-01-11T00:00:00.000Z,2022-01-11T13:00:00.000Z,0.709119,0.002288,0.371647,1,low,0.6,true,normal,harvestable_chop_candidate,true,gate90d_range_box_slots_cost_clamped_v0,0.236373,0.236373,0.709119,true,0.059093,,0,0,0,788F66CAAC49392A9FF175987D88BCAB5408A5B1488EEA185DFFC70168F85B76
2022-01-10T00:00:00.000Z|EURUSD|ny|2022-01-11,2022-01-10T00:00:00.000Z,EURUSD,SHORT,ny|2022-01-11,NY,2022-01-11T00:00:00.000Z,2022-01-11T13:00:00.000Z,2022-01-11T13:00:00.000Z,2022-01-11T21:00:00.000Z,0.371647,0.074558,0.889958,1,low,0.6,false,normal,dead_chop_cost_churn,false,gate90d_range_box_slots_cost_clamped_v0,0.123882,0.2,0.6,false,0.05,,2,2,0,EBBEE644322F14FFA9BAD1ED3E13A67115101D3EB117F03A8AF49347E639F62B
2022-01-10T00:00:00.000Z|EURUSD|asia_london|2022-01-12,2022-01-10T00:00:00.000Z,EURUSD,SHORT,asia_london|2022-01-12,ASIA_LONDON,2022-01-11T13:00:00.000Z,2022-01-11T21:00:00.000Z,2022-01-12T00:00:00.000Z,2022-01-12T13:00:00.000Z,0.889958,0.010265,0.333201,1,low,0.6,true,normal,harvestable_chop_candidate,true,gate90d_range_box_slots_cost_clamped_v0,0.296653,0.296653,0.889958,true,0.074163,,0,0,0,A2F741214A0650AAA39649E6750A7C25D2BACF2B6DC94D3E582C62FA1457522C
2022-01-10T00:00:00.000Z|EURUSD|ny|2022-01-12,2022-01-10T00:00:00.000Z,EURUSD,SHORT,ny|2022-01-12,NY,2022-01-12T00:00:00.000Z,2022-01-12T13:00:00.000Z,2022-01-12T13:00:00.000Z,2022-01-12T21:00:00.000Z,0.333201,0.144913,1.298627,1,low,0.6,false,normal,dead_chop_cost_churn,false,gate90d_range_box_slots_cost_clamped_v0,0.111067,0.2,0.6,false,0.05,,0,0,0,07877AD1C6C9BD74DC0B8B701E617241154BCC4F593409FD52EDB80C6673D8AC
2022-01-10T00:00:00.000Z|EURUSD|asia_london|2022-01-13,2022-01-10T00:00:00.000Z,EURUSD,SHORT,asia_london|2022-01-13,ASIA_LONDON,2022-01-12T13:00:00.000Z,2022-01-12T21:00:00.000Z,2022-01-13T00:00:00.000Z,2022-01-13T13:00:00.000Z,1.298627,0.027526,0.606596,1,low,0.6,true,normal,harvestable_chop_candidate,true,gate90d_range_box_slots_cost_clamped_v0,0.432876,0.3,0.9,true,0.075,,0,0,0,41B941081DC70912FF23487FEB8DD522C06AF80D00EBBAC28E7F244CCBB8B3C3
2022-01-10T00:00:00.000Z|EURUSD|ny|2022-01-13,2022-01-10T00:00:00.000Z,EURUSD,SHORT,ny|2022-01-13,NY,2022-01-13T00:00:00.000Z,2022-01-13T13:00:00.000Z,2022-01-13T13:00:00.000Z,2022-01-13T21:00:00.000Z,0.606596,0.013068,0.492681,1,low,0.6,true,normal,harvestable_chop_candidate,true,gate90d_range_box_slots_cost_clamped_v0,0.202199,0.202199,0.606596,true,0.05055,,0,0,0,6AE63FF91D93DE3CF3894D60F8CF8406B8FEFF5DE4813270F489F19515E33078
2022-01-10T00:00:00.000Z|EURUSD|asia_london|2022-01-14,2022-01-10T00:00:00.000Z,EURUSD,SHORT,asia_london|2022-01-14,ASIA_LONDON,2022-01-13T13:00:00.000Z,2022-01-13T21:00:00.000Z,2022-01-14T00:00:00.000Z,2022-01-14T13:00:00.000Z,0.492681,0.022791,0.579541,1,low,0.6,false,normal,dead_chop_cost_churn,false,gate90d_range_box_slots_cost_clamped_v0,0.164227,0.2,0.6,false,0.05,,0,0,0,65C39E46381E0F80C7DC54F1A2CA89C95AE6921BFA68867D031D6B685F513571
2022-01-10T00:00:00.000Z|EURUSD|ny|2022-01-14,2022-01-10T00:00:00.000Z,EURUSD,SHORT,ny|2022-01-14,NY,2022-01-14T00:00:00.000Z,2022-01-14T13:00:00.000Z,2022-01-14T13:00:00.000Z,2022-01-14T21:00:00.000Z,0.579541,0.037332,0.445691,1,low,0.6,false,normal,dead_chop_cost_churn,false,gate90d_range_box_slots_cost_clamped_v0,0.19318,0.2,0.6,false,0.05,,2,2,0,9D1EBA9C903A2928DEA22F8B54C548DB482B73F27D12C43BD4E21B02059184B2
2022-01-10T00:00:00.000Z|GBPAUD|ny|2022-01-10,2022-01-10T00:00:00.000Z,GBPAUD,LONG,ny|2022-01-10,NY,2022-01-10T00:00:00.000Z,2022-01-10T13:00:00.000Z,2022-01-10T13:00:00.000Z,2022-01-10T21:00:00.000Z,0.554717,0.016322,0.726588,1,low,0.6,false,normal,dead_chop_cost_churn,false,gate90d_range_box_slots_cost_clamped_v0,0.184906,0.2,0.6,false,0.05,,0,0,0,C66FC049A67E1E4E3D1F51EAC1E24964971D29025300C39DBF34E310D7B66F4A
2022-01-10T00:00:00.000Z|GBPAUD|asia_london|2022-01-11,2022-01-10T00:00:00.000Z,GBPAUD,LONG,asia_london|2022-01-11,ASIA_LONDON,2022-01-10T13:00:00.000Z,2022-01-10T21:00:00.000Z,2022-01-11T00:00:00.000Z,2022-01-11T13:00:00.000Z,0.726588,0.011702,0.57927,1,low,0.6,true,normal,harvestable_chop_candidate,true,gate90d_range_box_slots_cost_clamped_v0,0.242196,0.242196,0.726588,true,0.060549,,0,0,0,3ED21C9239A6E35015EC2A4376117AF0F9A885CBF240B761A3072C7E960F301D
2022-01-10T00:00:00.000Z|GBPAUD|ny|2022-01-11,2022-01-10T00:00:00.000Z,GBPAUD,LONG,ny|2022-01-11,NY,2022-01-11T00:00:00.000Z,2022-01-11T13:00:00.000Z,2022-01-11T13:00:00.000Z,2022-01-11T21:00:00.000Z,0.57927,0.032361,0.692941,1,low,0.6,false,normal,dead_chop_cost_churn,false,gate90d_range_box_slots_cost_clamped_v0,0.19309,0.2,0.6,false,0.05,,2,0,2,69D3FE5AF3DCD394EE4C8065C68272EE000DF621F033FAE6C0A52EE44952FC03
2022-01-10T00:00:00.000Z|GBPAUD|asia_london|2022-01-12,2022-01-10T00:00:00.000Z,GBPAUD,LONG,asia_london|2022-01-12,ASIA_LONDON,2022-01-11T13:00:00.000Z,2022-01-11T21:00:00.000Z,2022-01-12T00:00:00.000Z,2022-01-12T13:00:00.000Z,0.692941,0.004098,0.371023,1,low,0.6,true,normal,harvestable_chop_candidate,true,gate90d_range_box_slots_cost_clamped_v0,0.23098,0.23098,0.692941,true,0.057745,,0,0,0,0D3690670A175317013479AB5B08D983EB3D15ECEDB0BF73BD1373B28F77131F
2022-01-10T00:00:00.000Z|GBPAUD|ny|2022-01-12,2022-01-10T00:00:00.000Z,GBPAUD,LONG,ny|2022-01-12,NY,2022-01-12T00:00:00.000Z,2022-01-12T13:00:00.000Z,2022-01-12T13:00:00.000Z,2022-01-12T21:00:00.000Z,0.371023,0.108996,1.105795,1,low,0.6,false,normal,dead_chop_cost_churn,false,gate90d_range_box_slots_cost_clamped_v0,0.123674,0.2,0.6,false,0.05,,0,0,0,1536E2F63A69A4858C9E1A00C8492151C056660FA1E2850BC0305DBF3C195803
2022-01-10T00:00:00.000Z|GBPAUD|asia_london|2022-01-13,2022-01-10T00:00:00.000Z,GBPAUD,LONG,asia_london|2022-01-13,ASIA_LONDON,2022-01-12T13:00:00.000Z,2022-01-12T21:00:00.000Z,2022-01-13T00:00:00.000Z,2022-01-13T13:00:00.000Z,1.105795,0.013645,0.562901,1,low,0.6,true,normal,harvestable_chop_candidate,true,gate90d_range_box_slots_cost_clamped_v0,0.368598,0.3,0.9,true,0.075,,0,0,0,35139CE660F891A65AD4263892539B145350964E48609C06D177E5E1C250AAE3
2022-01-10T00:00:00.000Z|GBPAUD|ny|2022-01-13,2022-01-10T00:00:00.000Z,GBPAUD,LONG,ny|2022-01-13,NY,2022-01-13T00:00:00.000Z,2022-01-13T13:00:00.000Z,2022-01-13T13:00:00.000Z,2022-01-13T21:00:00.000Z,0.562901,0.041871,0.491969,1,low,0.6,false,normal,dead_chop_cost_churn,false,gate90d_range_box_slots_cost_clamped_v0,0.187634,0.2,0.6,false,0.05,,0,0,0,C9B2AD865E9DD14FE486781CAE57459425472342F9007760CEA2D57B39264336
2022-01-10T00:00:00.000Z|GBPAUD|asia_london|2022-01-14,2022-01-10T00:00:00.000Z,GBPAUD,LONG,asia_london|2022-01-14,ASIA_LONDON,2022-01-13T13:00:00.000Z,2022-01-13T21:00:00.000Z,2022-01-14T00:00:00.000Z,2022-01-14T13:00:00.000Z,0.491969,0.061203,0.789334,1,low,0.6,false,normal,dead_chop_cost_churn,false,gate90d_range_box_slots_cost_clamped_v0,0.16399,0.2,0.6,false,0.05,,1,0,1,169D763B8061DB47B616AA767D564E936982776636DAA513FA763D41FC00BE1C
2022-01-10T00:00:00.000Z|GBPAUD|ny|2022-01-14,2022-01-10T00:00:00.000Z,GBPAUD,LONG,ny|2022-01-14,NY,2022-01-14T00:00:00.000Z,2022-01-14T13:00:00.000Z,2022-01-14T13:00:00.000Z,2022-01-14T21:00:00.000Z,0.789334,0.005645,0.62201,1,low,0.6,true,normal,harvestable_chop_candidate,true,gate90d_range_box_slots_cost_clamped_v0,0.263111,0.263111,0.789334,true,0.065778,,2,0,2,1EB207DD469AA728EF0C5C15D4D6DE268E481ACCC10E37052D16797A5C2F0CA1
2022-01-10T00:00:00.000Z|GBPCAD|ny|2022-01-10,2022-01-10T00:00:00.000Z,GBPCAD,LONG,ny|2022-01-10,NY,2022-01-10T00:00:00.000Z,2022-01-10T13:00:00.000Z,2022-01-10T13:00:00.000Z,2022-01-10T21:00:00.000Z,0.56121,0.03994,0.765379,1,low,0.6,false,normal,dead_chop_cost_churn,false,gate90d_range_box_slots_cost_clamped_v0,0.18707,0.2,0.6,false,0.05,,0,0,0,7ED2608E0C184A41A81024A865C462D7BE24D0C6376B65427275874FDC7F7FB6
2022-01-10T00:00:00.000Z|GBPCAD|asia_london|2022-01-11,2022-01-10T00:00:00.000Z,GBPCAD,LONG,asia_london|2022-01-11,ASIA_LONDON,2022-01-10T13:00:00.000Z,2022-01-10T21:00:00.000Z,2022-01-11T00:00:00.000Z,2022-01-11T13:00:00.000Z,0.765379,0.042614,0.634055,1,low,0.6,true,normal,harvestable_chop_candidate,true,gate90d_range_box_slots_cost_clamped_v0,0.255126,0.255126,0.765379,true,0.063782,,0,0,0,6D20D40332F771893FAFE9DA72893AFDEB5209DEC2F97A01AEB3903528C96939
2022-01-10T00:00:00.000Z|GBPCAD|ny|2022-01-11,2022-01-10T00:00:00.000Z,GBPCAD,LONG,ny|2022-01-11,NY,2022-01-11T00:00:00.000Z,2022-01-11T13:00:00.000Z,2022-01-11T13:00:00.000Z,2022-01-11T21:00:00.000Z,0.634055,0.022186,0.638159,1,low,0.6,true,normal,harvestable_chop_candidate,true,gate90d_range_box_slots_cost_clamped_v0,0.211352,0.211352,0.634055,true,0.052838,,1,1,0,DF8DF97343A701987D103AB6E6426448CFCBA12D1B2A152C2E66013E4FF27DC5
2022-01-10T00:00:00.000Z|GBPCAD|asia_london|2022-01-12,2022-01-10T00:00:00.000Z,GBPCAD,LONG,asia_london|2022-01-12,ASIA_LONDON,2022-01-11T13:00:00.000Z,2022-01-11T21:00:00.000Z,2022-01-12T00:00:00.000Z,2022-01-12T13:00:00.000Z,0.638159,0.045884,0.726393,1,low,0.6,true,normal,harvestable_chop_candidate,true,gate90d_range_box_slots_cost_clamped_v0,0.21272,0.21272,0.638159,true,0.05318,,0,0,0,03613131C16047235F3666F3F36D3FD7818A574E0ED8125000057E6234B58790
2022-01-10T00:00:00.000Z|GBPCAD|ny|2022-01-12,2022-01-10T00:00:00.000Z,GBPCAD,LONG,ny|2022-01-12,NY,2022-01-12T00:00:00.000Z,2022-01-12T13:00:00.000Z,2022-01-12T13:00:00.000Z,2022-01-12T21:00:00.000Z,0.726393,0.041607,0.496573,1,low,0.6,true,normal,harvestable_chop_candidate,true,gate90d_range_box_slots_cost_clamped_v0,0.242131,0.242131,0.726393,true,0.060533,,0,0,0,523F8DBE65DF529A91C3A7383751019DB66F75F7144C521AF0EED241E5FDC2BB
2022-01-10T00:00:00.000Z|GBPCAD|asia_london|2022-01-13,2022-01-10T00:00:00.000Z,GBPCAD,LONG,asia_london|2022-01-13,ASIA_LONDON,2022-01-12T13:00:00.000Z,2022-01-12T21:00:00.000Z,2022-01-13T00:00:00.000Z,2022-01-13T13:00:00.000Z,0.496573,0.015317,0.458612,1,low,0.6,false,normal,dead_chop_cost_churn,false,gate90d_range_box_slots_cost_clamped_v0,0.165524,0.2,0.6,false,0.05,,0,0,0,5309DEE5EEAADA1F02DBE477C7B3753E9E6FFE0221CB046376B3819AC63B103B
2022-01-10T00:00:00.000Z|GBPCAD|ny|2022-01-13,2022-01-10T00:00:00.000Z,GBPCAD,LONG,ny|2022-01-13,NY,2022-01-13T00:00:00.000Z,2022-01-13T13:00:00.000Z,2022-01-13T13:00:00.000Z,2022-01-13T21:00:00.000Z,0.458612,0.038503,0.582755,1,low,0.6,false,normal,dead_chop_cost_churn,false,gate90d_range_box_slots_cost_clamped_v0,0.152871,0.2,0.6,false,0.05,,0,0,0,D598E6750C897194AA583D608BC60C0BB4550DAFF97F674A172402EAD7FFF095
2022-01-10T00:00:00.000Z|GBPCAD|asia_london|2022-01-14,2022-01-10T00:00:00.000Z,GBPCAD,LONG,asia_london|2022-01-14,ASIA_LONDON,2022-01-13T13:00:00.000Z,2022-01-13T21:00:00.000Z,2022-01-14T00:00:00.000Z,2022-01-14T13:00:00.000Z,0.582755,0.005053,0.529405,1,low,0.6,false,normal,dead_chop_cost_churn,false,gate90d_range_box_slots_cost_clamped_v0,0.194252,0.2,0.6,false,0.05,,0,0,0,40B036E264EE64B042F2065DB51A2B23CE0906C2A5369041312CF679F85A9846
2022-01-10T00:00:00.000Z|GBPCAD|ny|2022-01-14,2022-01-10T00:00:00.000Z,GBPCAD,LONG,ny|2022-01-14,NY,2022-01-14T00:00:00.000Z,2022-01-14T13:00:00.000Z,2022-01-14T13:00:00.000Z,2022-01-14T21:00:00.000Z,0.529405,0.007891,0.549924,1,low,0.6,false,normal,dead_chop_cost_churn,false,gate90d_range_box_slots_cost_clamped_v0,0.176468,0.2,0.6,false,0.05,,0,0,0,FE097670F39DCEA7C06BDB457FAF7F33F58207150E55672E4933B3780BFD8E45
2022-01-10T00:00:00.000Z|GBPCHF|ny|2022-01-10,2022-01-10T00:00:00.000Z,GBPCHF,LONG,ny|2022-01-10,NY,2022-01-10T00:00:00.000Z,2022-01-10T13:00:00.000Z,2022-01-10T13:00:00.000Z,2022-01-10T21:00:00.000Z,0.679805,0.103167,1.074377,1,low,0.6,true,normal,harvestable_chop_candidate,true,gate90d_range_box_slots_cost_clamped_v0,0.226602,0.226602,0.679805,true,0.05665,,0,0,0,572E69F2251B10D09CBCD33092D574157559FF9CD9EBEC33C84D83E5251A5F88
2022-01-10T00:00:00.000Z|GBPCHF|asia_london|2022-01-11,2022-01-10T00:00:00.000Z,GBPCHF,LONG,asia_london|2022-01-11,ASIA_LONDON,2022-01-10T13:00:00.000Z,2022-01-10T21:00:00.000Z,2022-01-11T00:00:00.000Z,2022-01-11T13:00:00.000Z,1.074377,0.017511,0.503911,1,low,0.6,true,normal,harvestable_chop_candidate,true,gate90d_range_box_slots_cost_clamped_v0,0.358126,0.3,0.9,true,0.075,,6,0,6,A823272AD34C052C6B7AC4021B7D51F35136C2354AD8BA0E5458155B47CD290F
2022-01-10T00:00:00.000Z|GBPCHF|ny|2022-01-11,2022-01-10T00:00:00.000Z,GBPCHF,LONG,ny|2022-01-11,NY,2022-01-11T00:00:00.000Z,2022-01-11T13:00:00.000Z,2022-01-11T13:00:00.000Z,2022-01-11T21:00:00.000Z,0.503911,0.022447,0.340695,1,low,0.6,false,normal,dead_chop_cost_churn,false,gate90d_range_box_slots_cost_clamped_v0,0.16797,0.2,0.6,false,0.05,,0,0,0,DD5ED4E68E8C1113349242FE485001A93CFD4163DBA30CE303137892681E5AA2
2022-01-10T00:00:00.000Z|GBPCHF|asia_london|2022-01-12,2022-01-10T00:00:00.000Z,GBPCHF,LONG,asia_london|2022-01-12,ASIA_LONDON,2022-01-11T13:00:00.000Z,2022-01-11T21:00:00.000Z,2022-01-12T00:00:00.000Z,2022-01-12T13:00:00.000Z,0.340695,0.012873,0.526096,1,low,0.6,false,normal,dead_chop_cost_churn,false,gate90d_range_box_slots_cost_clamped_v0,0.113565,0.2,0.6,false,0.05,,2,2,0,9D5566E89B1B8BC97296A6E8FFB9C6118B762F29352C2E784FB20BA78A3FB774
2022-01-10T00:00:00.000Z|GBPCHF|ny|2022-01-12,2022-01-10T00:00:00.000Z,GBPCHF,LONG,ny|2022-01-12,NY,2022-01-12T00:00:00.000Z,2022-01-12T13:00:00.000Z,2022-01-12T13:00:00.000Z,2022-01-12T21:00:00.000Z,0.526096,0.088985,1.38021,1,low,0.6,false,normal,dead_chop_cost_churn,false,gate90d_range_box_slots_cost_clamped_v0,0.175365,0.2,0.6,false,0.05,,0,0,0,84F7A20FBD48C7431830462CF0EE6FDBEAE094EE363643F456D8E363ACAFC947
2022-01-10T00:00:00.000Z|GBPCHF|asia_london|2022-01-13,2022-01-10T00:00:00.000Z,GBPCHF,LONG,asia_london|2022-01-13,ASIA_LONDON,2022-01-12T13:00:00.000Z,2022-01-12T21:00:00.000Z,2022-01-13T00:00:00.000Z,2022-01-13T13:00:00.000Z,1.38021,0.024155,0.874714,1,low,0.6,true,normal,harvestable_chop_candidate,true,gate90d_range_box_slots_cost_clamped_v0,0.46007,0.3,0.9,true,0.075,,0,0,0,4C37F974741782782F2EC504D83B13703C0CDDA3E83CC12C037DA263B8E12324
2022-01-10T00:00:00.000Z|GBPCHF|ny|2022-01-13,2022-01-10T00:00:00.000Z,GBPCHF,LONG,ny|2022-01-13,NY,2022-01-13T00:00:00.000Z,2022-01-13T13:00:00.000Z,2022-01-13T13:00:00.000Z,2022-01-13T21:00:00.000Z,0.874714,0.039515,0.602159,1,low,0.6,true,normal,harvestable_chop_candidate,true,gate90d_range_box_slots_cost_clamped_v0,0.291571,0.291571,0.874714,true,0.072893,,2,2,0,AA02B32D541EC8C93F361857477F58EC755BAC1FCE70AAA39D658BD9C19CE769
2022-01-10T00:00:00.000Z|GBPCHF|asia_london|2022-01-14,2022-01-10T00:00:00.000Z,GBPCHF,LONG,asia_london|2022-01-14,ASIA_LONDON,2022-01-13T13:00:00.000Z,2022-01-13T21:00:00.000Z,2022-01-14T00:00:00.000Z,2022-01-14T13:00:00.000Z,0.602159,0.00083,0.562543,1,low,0.6,true,normal,harvestable_chop_candidate,true,gate90d_range_box_slots_cost_clamped_v0,0.20072,0.20072,0.602159,true,0.05018,,0,0,0,B36E74AB4AB89C7F00F1CDCC15C67D55196A3D5995C8E1AF7F0B85FD295600CD
2022-01-10T00:00:00.000Z|GBPCHF|ny|2022-01-14,2022-01-10T00:00:00.000Z,GBPCHF,LONG,ny|2022-01-14,NY,2022-01-14T00:00:00.000Z,2022-01-14T13:00:00.000Z,2022-01-14T13:00:00.000Z,2022-01-14T21:00:00.000Z,0.562543,0.054147,0.453204,1,low,0.6,false,normal,dead_chop_cost_churn,false,gate90d_range_box_slots_cost_clamped_v0,0.187514,0.2,0.6,false,0.05,,1,1,0,CD573443E8BCA6621C25C8ED88F573D69595A9B9C7BCB028A7C6757C32663AE8
2022-01-10T00:00:00.000Z|GBPJPY|ny|2022-01-10,2022-01-10T00:00:00.000Z,GBPJPY,LONG,ny|2022-01-10,NY,2022-01-10T00:00:00.000Z,2022-01-10T13:00:00.000Z,2022-01-10T13:00:00.000Z,2022-01-10T21:00:00.000Z,0.954478,0.014784,0.506531,1,low,0.6,true,normal,harvestable_chop_candidate,true,gate90d_range_box_slots_cost_clamped_v0,0.318159,0.3,0.9,true,0.075,,0,0,0,918D059D4EC6ED8B97FEB9E87B96866CE313BC23C1253D89BF2833BF54442800
2022-01-10T00:00:00.000Z|GBPJPY|asia_london|2022-01-11,2022-01-10T00:00:00.000Z,GBPJPY,LONG,asia_london|2022-01-11,ASIA_LONDON,2022-01-10T13:00:00.000Z,2022-01-10T21:00:00.000Z,2022-01-11T00:00:00.000Z,2022-01-11T13:00:00.000Z,0.506531,0.021863,0.646233,1,low,0.6,false,normal,dead_chop_cost_churn,false,gate90d_range_box_slots_cost_clamped_v0,0.168844,0.2,0.6,false,0.05,,0,0,0,1424509B07D9FB88A73845F1510C57F435EA621C51D67FC83059899600958461
2022-01-10T00:00:00.000Z|GBPJPY|ny|2022-01-11,2022-01-10T00:00:00.000Z,GBPJPY,LONG,ny|2022-01-11,NY,2022-01-11T00:00:00.000Z,2022-01-11T13:00:00.000Z,2022-01-11T13:00:00.000Z,2022-01-11T21:00:00.000Z,0.646233,0.047189,0.504729,1,low,0.6,true,normal,harvestable_chop_candidate,true,gate90d_range_box_slots_cost_clamped_v0,0.215411,0.215411,0.646233,true,0.053853,,0,0,0,10F52D3781818A1DAE9A3BDBEF7785CE3C37EA01944B4400941FBD4778DC352A
2022-01-10T00:00:00.000Z|GBPJPY|asia_london|2022-01-12,2022-01-10T00:00:00.000Z,GBPJPY,LONG,asia_london|2022-01-12,ASIA_LONDON,2022-01-11T13:00:00.000Z,2022-01-11T21:00:00.000Z,2022-01-12T00:00:00.000Z,2022-01-12T13:00:00.000Z,0.504729,0.020095,0.345198,1,low,0.6,false,normal,dead_chop_cost_churn,false,gate90d_range_box_slots_cost_clamped_v0,0.168243,0.2,0.6,false,0.05,,0,0,0,E382339ED471F3B37C7979936950308F616E608A224A02011788806724CA7A70
2022-01-10T00:00:00.000Z|GBPJPY|ny|2022-01-12,2022-01-10T00:00:00.000Z,GBPJPY,LONG,ny|2022-01-12,NY,2022-01-12T00:00:00.000Z,2022-01-12T13:00:00.000Z,2022-01-12T13:00:00.000Z,2022-01-12T21:00:00.000Z,0.345198,0.046924,0.855335,1,low,0.6,false,normal,dead_chop_cost_churn,false,gate90d_range_box_slots_cost_clamped_v0,0.115066,0.2,0.6,false,0.05,,0,0,0,84556E86BDE628C53D6377001992EBF9763CB30D83935796E7B0029580002500
2022-01-10T00:00:00.000Z|GBPJPY|asia_london|2022-01-13,2022-01-10T00:00:00.000Z,GBPJPY,LONG,asia_london|2022-01-13,ASIA_LONDON,2022-01-12T13:00:00.000Z,2022-01-12T21:00:00.000Z,2022-01-13T00:00:00.000Z,2022-01-13T13:00:00.000Z,0.855335,0.032042,0.58224,1,low,0.6,true,normal,harvestable_chop_candidate,true,gate90d_range_box_slots_cost_clamped_v0,0.285112,0.285112,0.855335,true,0.071278,,0,0,0,3BC0D4F9524215C36C2DD607A81768644DEDE77D9D4E46B2EFC8DF21AD6F1AC7
2022-01-10T00:00:00.000Z|GBPJPY|ny|2022-01-13,2022-01-10T00:00:00.000Z,GBPJPY,LONG,ny|2022-01-13,NY,2022-01-13T00:00:00.000Z,2022-01-13T13:00:00.000Z,2022-01-13T13:00:00.000Z,2022-01-13T21:00:00.000Z,0.58224,0.05778,0.74808,1,low,0.6,false,normal,dead_chop_cost_churn,false,gate90d_range_box_slots_cost_clamped_v0,0.19408,0.2,0.6,false,0.05,,1,1,0,6EA7867916756144B0D4FD1226B2EDB10D1CDAB09A55721129D96B16AFFB521D
2022-01-10T00:00:00.000Z|GBPJPY|asia_london|2022-01-14,2022-01-10T00:00:00.000Z,GBPJPY,LONG,asia_london|2022-01-14,ASIA_LONDON,2022-01-13T13:00:00.000Z,2022-01-13T21:00:00.000Z,2022-01-14T00:00:00.000Z,2022-01-14T13:00:00.000Z,0.74808,0.049386,0.645331,1,low,0.6,true,normal,harvestable_chop_candidate,true,gate90d_range_box_slots_cost_clamped_v0,0.24936,0.24936,0.74808,true,0.06234,,0,0,0,59568B9149F0307E50ED731F54CD8742BC2BF91E9662F3EABFBE95FAF1D269CA
2022-01-10T00:00:00.000Z|GBPJPY|ny|2022-01-14,2022-01-10T00:00:00.000Z,GBPJPY,LONG,ny|2022-01-14,NY,2022-01-14T00:00:00.000Z,2022-01-14T13:00:00.000Z,2022-01-14T13:00:00.000Z,2022-01-14T21:00:00.000Z,0.645331,0.038091,0.432624,1,low,0.6,true,normal,harvestable_chop_candidate,true,gate90d_range_box_slots_cost_clamped_v0,0.21511,0.21511,0.645331,true,0.053778,,3,3,0,FEABAF1DC700DDB520B7A7B8F145337E03C7BD0F262346C112E607CC0FEDC85E
2022-01-10T00:00:00.000Z|GBPNZD|ny|2022-01-10,2022-01-10T00:00:00.000Z,GBPNZD,LONG,ny|2022-01-10,NY,2022-01-10T00:00:00.000Z,2022-01-10T13:00:00.000Z,2022-01-10T13:00:00.000Z,2022-01-10T21:00:00.000Z,0.572483,0.002216,0.458176,1,low,0.6,false,normal,dead_chop_cost_churn,false,gate90d_range_box_slots_cost_clamped_v0,0.190828,0.2,0.6,false,0.05,,4,0,4,6E74B6B5C258F3B7263A4692C66C1D99F55146C3CEA39E60895B5D1CC41DA279
2022-01-10T00:00:00.000Z|GBPNZD|asia_london|2022-01-11,2022-01-10T00:00:00.000Z,GBPNZD,LONG,asia_london|2022-01-11,ASIA_LONDON,2022-01-10T13:00:00.000Z,2022-01-10T21:00:00.000Z,2022-01-11T00:00:00.000Z,2022-01-11T13:00:00.000Z,0.458176,0.016407,0.591377,1,low,0.6,false,normal,dead_chop_cost_churn,false,gate90d_range_box_slots_cost_clamped_v0,0.152725,0.2,0.6,false,0.05,,0,0,0,A0891C00A0EC1A5E81A4A4AAB8F82BB592380EE477C7B3EF8CBCEEE9BAF9DE5B
2022-01-10T00:00:00.000Z|GBPNZD|ny|2022-01-11,2022-01-10T00:00:00.000Z,GBPNZD,LONG,ny|2022-01-11,NY,2022-01-11T00:00:00.000Z,2022-01-11T13:00:00.000Z,2022-01-11T13:00:00.000Z,2022-01-11T21:00:00.000Z,0.591377,0.004901,0.703796,1,low,0.6,false,normal,dead_chop_cost_churn,false,gate90d_range_box_slots_cost_clamped_v0,0.197126,0.2,0.6,false,0.05,,1,0,1,C18CE510C8179722DFFD3A0CA1FB7188D6310C2A105EB58F61F7B69655FC03CF
2022-01-10T00:00:00.000Z|GBPNZD|asia_london|2022-01-12,2022-01-10T00:00:00.000Z,GBPNZD,LONG,asia_london|2022-01-12,ASIA_LONDON,2022-01-11T13:00:00.000Z,2022-01-11T21:00:00.000Z,2022-01-12T00:00:00.000Z,2022-01-12T13:00:00.000Z,0.703796,0.018747,0.547922,1,low,0.6,true,normal,harvestable_chop_candidate,true,gate90d_range_box_slots_cost_clamped_v0,0.234599,0.234599,0.703796,true,0.05865,,0,0,0,9EC1994863C13374A78F971A6DFB2EF721C24F597F6AAF1CDAB08EF90E9F71EB
2022-01-10T00:00:00.000Z|GBPNZD|ny|2022-01-12,2022-01-10T00:00:00.000Z,GBPNZD,LONG,ny|2022-01-12,NY,2022-01-12T00:00:00.000Z,2022-01-12T13:00:00.000Z,2022-01-12T13:00:00.000Z,2022-01-12T21:00:00.000Z,0.547922,0.134195,1.354689,1,low,0.6,false,normal,dead_chop_cost_churn,false,gate90d_range_box_slots_cost_clamped_v0,0.182641,0.2,0.6,false,0.05,,3,2,1,8B45FB3A716FA5F33D63D1D3A104B4B8FC156D5BE78B5CE573F17D24B7466B55
2022-01-10T00:00:00.000Z|GBPNZD|asia_london|2022-01-13,2022-01-10T00:00:00.000Z,GBPNZD,LONG,asia_london|2022-01-13,ASIA_LONDON,2022-01-12T13:00:00.000Z,2022-01-12T21:00:00.000Z,2022-01-13T00:00:00.000Z,2022-01-13T13:00:00.000Z,1.354689,0.048392,0.753864,1,low,0.6,true,normal,harvestable_chop_candidate,true,gate90d_range_box_slots_cost_clamped_v0,0.451563,0.3,0.9,true,0.075,,0,0,0,2CC015AAD4F5E944F8C1405F43D82A3B303CDFAE7EEFBA11C8AB2DEC413C9341
2022-01-10T00:00:00.000Z|GBPNZD|ny|2022-01-13,2022-01-10T00:00:00.000Z,GBPNZD,LONG,ny|2022-01-13,NY,2022-01-13T00:00:00.000Z,2022-01-13T13:00:00.000Z,2022-01-13T13:00:00.000Z,2022-01-13T21:00:00.000Z,0.753864,0.0185,0.379766,1,low,0.6,true,normal,harvestable_chop_candidate,true,gate90d_range_box_slots_cost_clamped_v0,0.251288,0.251288,0.753864,true,0.062822,,2,2,0,6BC7E5E3EFA5D6C7D1AC777AEF74E412D2862CEAF2535D99478D1A1F9DE52DBE
2022-01-10T00:00:00.000Z|GBPNZD|asia_london|2022-01-14,2022-01-10T00:00:00.000Z,GBPNZD,LONG,asia_london|2022-01-14,ASIA_LONDON,2022-01-13T13:00:00.000Z,2022-01-13T21:00:00.000Z,2022-01-14T00:00:00.000Z,2022-01-14T13:00:00.000Z,0.379766,0.049431,0.701907,1,low,0.6,false,normal,dead_chop_cost_churn,false,gate90d_range_box_slots_cost_clamped_v0,0.126589,0.2,0.6,false,0.05,,0,0,0,CC5323540F4FB62EFC07947429613351CE3F218418461BE7462CF7864F7B14C4
2022-01-10T00:00:00.000Z|GBPNZD|ny|2022-01-14,2022-01-10T00:00:00.000Z,GBPNZD,LONG,ny|2022-01-14,NY,2022-01-14T00:00:00.000Z,2022-01-14T13:00:00.000Z,2022-01-14T13:00:00.000Z,2022-01-14T21:00:00.000Z,0.701907,0.019728,0.466678,1,low,0.6,true,normal,harvestable_chop_candidate,true,gate90d_range_box_slots_cost_clamped_v0,0.233969,0.233969,0.701907,true,0.058492,,0,0,0,16C4B50E452F46524AA137B4C30FF1C0692DA7C6DAFE8A76AB9DE9513F5155AC
2022-01-10T00:00:00.000Z|GBPUSD|ny|2022-01-10,2022-01-10T00:00:00.000Z,GBPUSD,SHORT,ny|2022-01-10,NY,2022-01-10T00:00:00.000Z,2022-01-10T13:00:00.000Z,2022-01-10T13:00:00.000Z,2022-01-10T21:00:00.000Z,0.50019,0.020877,0.616306,1,low,0.6,false,normal,dead_chop_cost_churn,false,gate90d_range_box_slots_cost_clamped_v0,0.16673,0.2,0.6,false,0.05,,2,2,0,197244040B0CAB9147408FF3724A5F4F73F01E76144B2BE00783D4D43B322364
2022-01-10T00:00:00.000Z|GBPUSD|asia_london|2022-01-11,2022-01-10T00:00:00.000Z,GBPUSD,SHORT,asia_london|2022-01-11,ASIA_LONDON,2022-01-10T13:00:00.000Z,2022-01-10T21:00:00.000Z,2022-01-11T00:00:00.000Z,2022-01-11T13:00:00.000Z,0.616306,0.006412,0.580578,1,low,0.6,true,normal,harvestable_chop_candidate,true,gate90d_range_box_slots_cost_clamped_v0,0.205435,0.205435,0.616306,true,0.051359,,0,0,0,5CC004C5FCEA41404772D7426369097DAFA3C06161ACA8B1C947419C2EBFA537
2022-01-10T00:00:00.000Z|GBPUSD|ny|2022-01-11,2022-01-10T00:00:00.000Z,GBPUSD,SHORT,ny|2022-01-11,NY,2022-01-11T00:00:00.000Z,2022-01-11T13:00:00.000Z,2022-01-11T13:00:00.000Z,2022-01-11T21:00:00.000Z,0.580578,0.096167,0.907232,1,low,0.6,false,normal,dead_chop_cost_churn,false,gate90d_range_box_slots_cost_clamped_v0,0.193526,0.2,0.6,false,0.05,,0,0,0,4D0F70381911FA8D462D261AB985F10696FE363517E63F993A7C357B7EF25855
2022-01-10T00:00:00.000Z|GBPUSD|asia_london|2022-01-12,2022-01-10T00:00:00.000Z,GBPUSD,SHORT,asia_london|2022-01-12,ASIA_LONDON,2022-01-11T13:00:00.000Z,2022-01-11T21:00:00.000Z,2022-01-12T00:00:00.000Z,2022-01-12T13:00:00.000Z,0.907232,0.004647,0.32155,1,low,0.6,true,normal,harvestable_chop_candidate,true,gate90d_range_box_slots_cost_clamped_v0,0.302411,0.3,0.9,true,0.075,,0,0,0,0187CBE93E41EDE8114A19DB4B7577F2B98160E8A5B209F2222E2BDA2C5F3920
2022-01-10T00:00:00.000Z|GBPUSD|ny|2022-01-12,2022-01-10T00:00:00.000Z,GBPUSD,SHORT,ny|2022-01-12,NY,2022-01-12T00:00:00.000Z,2022-01-12T13:00:00.000Z,2022-01-12T13:00:00.000Z,2022-01-12T21:00:00.000Z,0.32155,0.126297,1.008035,1,low,0.6,false,normal,dead_chop_cost_churn,false,gate90d_range_box_slots_cost_clamped_v0,0.107183,0.2,0.6,false,0.05,,1,0,1,2C1716B3E62A774B024886A8AF81D3B3234A7B9A748F8ED9C5B0A43B49F9E0BE
2022-01-10T00:00:00.000Z|GBPUSD|asia_london|2022-01-13,2022-01-10T00:00:00.000Z,GBPUSD,SHORT,asia_london|2022-01-13,ASIA_LONDON,2022-01-12T13:00:00.000Z,2022-01-12T21:00:00.000Z,2022-01-13T00:00:00.000Z,2022-01-13T13:00:00.000Z,1.008035,0.012072,0.566541,1,low,0.6,true,normal,harvestable_chop_candidate,true,gate90d_range_box_slots_cost_clamped_v0,0.336012,0.3,0.9,true,0.075,,0,0,0,3201813A9D48A5CECA127CB3220454F2F02CA7C1E3042A73DA8F464430C2CDFD
2022-01-10T00:00:00.000Z|GBPUSD|ny|2022-01-13,2022-01-10T00:00:00.000Z,GBPUSD,SHORT,ny|2022-01-13,NY,2022-01-13T00:00:00.000Z,2022-01-13T13:00:00.000Z,2022-01-13T13:00:00.000Z,2022-01-13T21:00:00.000Z,0.566541,0.023962,0.609925,1,low,0.6,false,normal,dead_chop_cost_churn,false,gate90d_range_box_slots_cost_clamped_v0,0.188847,0.2,0.6,false,0.05,,0,0,0,909692B8B61475BCFE126A44BDC64BA59E2B67453BF81B148AE77C951B841EEC
2022-01-10T00:00:00.000Z|GBPUSD|asia_london|2022-01-14,2022-01-10T00:00:00.000Z,GBPUSD,SHORT,asia_london|2022-01-14,ASIA_LONDON,2022-01-13T13:00:00.000Z,2022-01-13T21:00:00.000Z,2022-01-14T00:00:00.000Z,2022-01-14T13:00:00.000Z,0.609925,0.006455,0.483602,1,low,0.6,true,normal,harvestable_chop_candidate,true,gate90d_range_box_slots_cost_clamped_v0,0.203308,0.203308,0.609925,true,0.050827,,0,0,0,C73F71ED9922F38A6E3A00D575EF64CC36282C6B27F426995EA3BE8F3D07DFA9
2022-01-10T00:00:00.000Z|GBPUSD|ny|2022-01-14,2022-01-10T00:00:00.000Z,GBPUSD,SHORT,ny|2022-01-14,NY,2022-01-14T00:00:00.000Z,2022-01-14T13:00:00.000Z,2022-01-14T13:00:00.000Z,2022-01-14T21:00:00.000Z,0.483602,0.071467,0.629065,1,low,0.6,false,normal,dead_chop_cost_churn,false,gate90d_range_box_slots_cost_clamped_v0,0.161201,0.2,0.6,false,0.05,,0,0,0,9EDF79720ED5F51B8E6C936E36272504BF2D0C46468D8B3DA844EBAE38391C1F
2022-01-10T00:00:00.000Z|NZDCAD|ny|2022-01-10,2022-01-10T00:00:00.000Z,NZDCAD,SHORT,ny|2022-01-10,NY,2022-01-10T00:00:00.000Z,2022-01-10T13:00:00.000Z,2022-01-10T13:00:00.000Z,2022-01-10T21:00:00.000Z,0.531881,0.046694,0.704073,1,low,0.6,false,normal,dead_chop_cost_churn,false,gate90d_range_box_slots_cost_clamped_v0,0.177294,0.2,0.6,false,0.05,,0,0,0,0E544FDFE68909ED0574058FEE24725C422C9E04217CE8327B9761AD14B371B8
2022-01-10T00:00:00.000Z|NZDCAD|asia_london|2022-01-11,2022-01-10T00:00:00.000Z,NZDCAD,SHORT,asia_london|2022-01-11,ASIA_LONDON,2022-01-10T13:00:00.000Z,2022-01-10T21:00:00.000Z,2022-01-11T00:00:00.000Z,2022-01-11T13:00:00.000Z,0.704073,0.059322,0.68494,1,low,0.6,true,normal,harvestable_chop_candidate,true,gate90d_range_box_slots_cost_clamped_v0,0.234691,0.234691,0.704073,true,0.058673,,0,0,0,4EACDCF3C8F5477733B860C218195D4D207FBBBACAD6D1EF0CEC44E630B52CE8
2022-01-10T00:00:00.000Z|NZDCAD|ny|2022-01-11,2022-01-10T00:00:00.000Z,NZDCAD,SHORT,ny|2022-01-11,NY,2022-01-11T00:00:00.000Z,2022-01-11T13:00:00.000Z,2022-01-11T13:00:00.000Z,2022-01-11T21:00:00.000Z,0.68494,0.018429,0.470657,1,low,0.6,true,normal,harvestable_chop_candidate,true,gate90d_range_box_slots_cost_clamped_v0,0.228313,0.228313,0.68494,true,0.057078,,0,0,0,15F199689C838024F4A3BB0BFC7FDEEA1B173507DDC2E2913C77A6BF6473316D
2022-01-10T00:00:00.000Z|NZDCAD|asia_london|2022-01-12,2022-01-10T00:00:00.000Z,NZDCAD,SHORT,asia_london|2022-01-12,ASIA_LONDON,2022-01-11T13:00:00.000Z,2022-01-11T21:00:00.000Z,2022-01-12T00:00:00.000Z,2022-01-12T13:00:00.000Z,0.470657,0.05904,0.704073,1,low,0.6,false,normal,dead_chop_cost_churn,false,gate90d_range_box_slots_cost_clamped_v0,0.156886,0.2,0.6,false,0.05,,0,0,0,994DE87D5F9103DD9A0FC4694598B12E709D54D78D18B7FFE413AD179CA1490A
2022-01-10T00:00:00.000Z|NZDCAD|ny|2022-01-12,2022-01-10T00:00:00.000Z,NZDCAD,SHORT,ny|2022-01-12,NY,2022-01-12T00:00:00.000Z,2022-01-12T13:00:00.000Z,2022-01-12T13:00:00.000Z,2022-01-12T21:00:00.000Z,0.704073,0.159838,1.498066,1,low,0.6,true,normal,harvestable_chop_candidate,true,gate90d_range_box_slots_cost_clamped_v0,0.234691,0.234691,0.704073,true,0.058673,,0,0,0,F1D66197E4E52438F97735CBE1596FB5E5F849B9A4E10D4B2A216A07ECBDBD55
2022-01-10T00:00:00.000Z|NZDCAD|asia_london|2022-01-13,2022-01-10T00:00:00.000Z,NZDCAD,SHORT,asia_london|2022-01-13,ASIA_LONDON,2022-01-12T13:00:00.000Z,2022-01-12T21:00:00.000Z,2022-01-13T00:00:00.000Z,2022-01-13T13:00:00.000Z,1.498066,0.038716,0.673461,1,low,0.6,true,normal,harvestable_chop_candidate,true,gate90d_range_box_slots_cost_clamped_v0,0.499355,0.3,0.9,true,0.075,,0,0,0,1DFB4D1308EF3BCA6C7FA558B9D69C8FA91A1FA40833DFB62871AEA181021DB1
2022-01-10T00:00:00.000Z|NZDCAD|ny|2022-01-13,2022-01-10T00:00:00.000Z,NZDCAD,SHORT,ny|2022-01-13,NY,2022-01-13T00:00:00.000Z,2022-01-13T13:00:00.000Z,2022-01-13T13:00:00.000Z,2022-01-13T21:00:00.000Z,0.673461,0.020865,0.424739,1,low,0.6,true,normal,harvestable_chop_candidate,true,gate90d_range_box_slots_cost_clamped_v0,0.224487,0.224487,0.673461,true,0.056122,,0,0,0,BBCC676857E1A70E3EBAF6DD6A1FF0F72495B89C99ED331E231874FF1A32C9CB
2022-01-10T00:00:00.000Z|NZDCAD|asia_london|2022-01-14,2022-01-10T00:00:00.000Z,NZDCAD,SHORT,asia_london|2022-01-14,ASIA_LONDON,2022-01-13T13:00:00.000Z,2022-01-13T21:00:00.000Z,2022-01-14T00:00:00.000Z,2022-01-14T13:00:00.000Z,0.424739,0.049395,0.76147,1,low,0.6,false,normal,dead_chop_cost_churn,false,gate90d_range_box_slots_cost_clamped_v0,0.14158,0.2,0.6,false,0.05,,0,0,0,8AE8223F1C0A875066C4857F79F01A48E363D2DC4E32D26F9B693E51FAB3140F
2022-01-10T00:00:00.000Z|NZDCAD|ny|2022-01-14,2022-01-10T00:00:00.000Z,NZDCAD,SHORT,ny|2022-01-14,NY,2022-01-14T00:00:00.000Z,2022-01-14T13:00:00.000Z,2022-01-14T13:00:00.000Z,2022-01-14T21:00:00.000Z,0.76147,0.010298,0.315685,1,low,0.6,true,normal,harvestable_chop_candidate,true,gate90d_range_box_slots_cost_clamped_v0,0.253823,0.253823,0.76147,true,0.063456,,1,1,0,1181049EDD7F8854F35C37B806D14E36C5A294EE71896B7DD38660F88FCC8B75
2022-01-10T00:00:00.000Z|NZDCHF|ny|2022-01-10,2022-01-10T00:00:00.000Z,NZDCHF,LONG,ny|2022-01-10,NY,2022-01-10T00:00:00.000Z,2022-01-10T13:00:00.000Z,2022-01-10T13:00:00.000Z,2022-01-10T21:00:00.000Z,0.714191,0.086393,1.053363,1,low,0.6,true,normal,harvestable_chop_candidate,true,gate90d_range_box_slots_cost_clamped_v0,0.238064,0.238064,0.714191,true,0.059516,,3,0,3,0E0C05DB1FA063D4727CD6E5D74B73D9BD40AB5F6EDE01CBDD91AB4ED57023E1
2022-01-10T00:00:00.000Z|NZDCHF|asia_london|2022-01-11,2022-01-10T00:00:00.000Z,NZDCHF,LONG,asia_london|2022-01-11,ASIA_LONDON,2022-01-10T13:00:00.000Z,2022-01-10T21:00:00.000Z,2022-01-11T00:00:00.000Z,2022-01-11T13:00:00.000Z,1.053363,0.027997,0.576316,1,low,0.6,true,normal,harvestable_chop_candidate,true,gate90d_range_box_slots_cost_clamped_v0,0.351121,0.3,0.9,true,0.075,,0,0,0,92F70F37BE020B8BAF89954CFFA0CA0E0468CA17F9AF8E2D72648097F3237198
2022-01-10T00:00:00.000Z|NZDCHF|ny|2022-01-11,2022-01-10T00:00:00.000Z,NZDCHF,LONG,ny|2022-01-11,NY,2022-01-11T00:00:00.000Z,2022-01-11T13:00:00.000Z,2022-01-11T13:00:00.000Z,2022-01-11T21:00:00.000Z,0.576316,0.021545,0.694888,1,low,0.6,false,normal,dead_chop_cost_churn,false,gate90d_range_box_slots_cost_clamped_v0,0.192105,0.2,0.6,false,0.05,,2,2,0,03865C0C10B0163C8AE70FB8022ECC758E434568A874CAC9FD2AF6AF0BECE584
2022-01-10T00:00:00.000Z|NZDCHF|asia_london|2022-01-12,2022-01-10T00:00:00.000Z,NZDCHF,LONG,asia_london|2022-01-12,ASIA_LONDON,2022-01-11T13:00:00.000Z,2022-01-11T21:00:00.000Z,2022-01-12T00:00:00.000Z,2022-01-12T13:00:00.000Z,0.694888,0.025739,0.722464,1,low,0.6,true,normal,harvestable_chop_candidate,true,gate90d_range_box_slots_cost_clamped_v0,0.231629,0.231629,0.694888,true,0.057907,,0,0,0,526904CF3FF629E8C6912D67C61C2FF95654B1F1027AF16DBA5622738AF097B9
2022-01-10T00:00:00.000Z|NZDCHF|ny|2022-01-12,2022-01-10T00:00:00.000Z,NZDCHF,LONG,ny|2022-01-12,NY,2022-01-12T00:00:00.000Z,2022-01-12T13:00:00.000Z,2022-01-12T13:00:00.000Z,2022-01-12T21:00:00.000Z,0.722464,0.036416,0.85758,1,low,0.6,true,normal,harvestable_chop_candidate,true,gate90d_range_box_slots_cost_clamped_v0,0.240821,0.240821,0.722464,true,0.060205,,1,1,0,2A60C741D5F7F1DF1CA702169BD2EACE09FD19549ABBBBA982C5503DC9B38DEB
2022-01-10T00:00:00.000Z|NZDCHF|asia_london|2022-01-13,2022-01-10T00:00:00.000Z,NZDCHF,LONG,asia_london|2022-01-13,ASIA_LONDON,2022-01-12T13:00:00.000Z,2022-01-12T21:00:00.000Z,2022-01-13T00:00:00.000Z,2022-01-13T13:00:00.000Z,0.85758,0.022855,0.76934,1,low,0.6,true,normal,harvestable_chop_candidate,true,gate90d_range_box_slots_cost_clamped_v0,0.28586,0.28586,0.85758,true,0.071465,,0,0,0,C9E884CC9D741714C60E9055FDA9ECAF55407EF2BDFE6736452CCCD1A17D5B01
2022-01-10T00:00:00.000Z|NZDCHF|ny|2022-01-13,2022-01-10T00:00:00.000Z,NZDCHF,LONG,ny|2022-01-13,NY,2022-01-13T00:00:00.000Z,2022-01-13T13:00:00.000Z,2022-01-13T13:00:00.000Z,2022-01-13T21:00:00.000Z,0.76934,0.05053,0.653526,1,low,0.6,true,normal,harvestable_chop_candidate,true,gate90d_range_box_slots_cost_clamped_v0,0.256447,0.256447,0.76934,true,0.064112,,0,0,0,DDA3792871F8AC255DF229711F979F235CB8EE5372E62CF3814FB629309BC38C
2022-01-10T00:00:00.000Z|NZDCHF|asia_london|2022-01-14,2022-01-10T00:00:00.000Z,NZDCHF,LONG,asia_london|2022-01-14,ASIA_LONDON,2022-01-13T13:00:00.000Z,2022-01-13T21:00:00.000Z,2022-01-14T00:00:00.000Z,2022-01-14T13:00:00.000Z,0.653526,0.041702,0.739009,1,low,0.6,true,normal,harvestable_chop_candidate,true,gate90d_range_box_slots_cost_clamped_v0,0.217842,0.217842,0.653526,true,0.05446,,0,0,0,C79FC51192AEABB34F828B047B65E1A7B9B3CF3E1BC6757B12665F5A2C41C76C
2022-01-10T00:00:00.000Z|NZDCHF|ny|2022-01-14,2022-01-10T00:00:00.000Z,NZDCHF,LONG,ny|2022-01-14,NY,2022-01-14T00:00:00.000Z,2022-01-14T13:00:00.000Z,2022-01-14T13:00:00.000Z,2022-01-14T21:00:00.000Z,0.739009,0.056645,0.435684,1,low,0.6,true,normal,harvestable_chop_candidate,true,gate90d_range_box_slots_cost_clamped_v0,0.246336,0.246336,0.739009,true,0.061584,,2,2,0,09804D33A5CD284B4DD55191A03A72BF448CE6B05B5CE93AC6AC3986A5EBED9E
2022-01-10T00:00:00.000Z|NZDJPY|ny|2022-01-10,2022-01-10T00:00:00.000Z,NZDJPY,LONG,ny|2022-01-10,NY,2022-01-10T00:00:00.000Z,2022-01-10T13:00:00.000Z,2022-01-10T13:00:00.000Z,2022-01-10T21:00:00.000Z,0.980703,0.01367,0.574286,1,low,0.6,true,normal,harvestable_chop_candidate,true,gate90d_range_box_slots_cost_clamped_v0,0.326901,0.3,0.9,true,0.075,,0,0,0,81E14BCE3F2D7399CB670B0FABD1A3AEEE64310D273F1681E00EF28B73A1A6F9
2022-01-10T00:00:00.000Z|NZDJPY|asia_london|2022-01-11,2022-01-10T00:00:00.000Z,NZDJPY,LONG,asia_london|2022-01-11,ASIA_LONDON,2022-01-10T13:00:00.000Z,2022-01-10T21:00:00.000Z,2022-01-11T00:00:00.000Z,2022-01-11T13:00:00.000Z,0.574286,0.005901,0.55367,1,low,0.6,false,normal,dead_chop_cost_churn,false,gate90d_range_box_slots_cost_clamped_v0,0.191429,0.2,0.6,false,0.05,,1,0,1,65185382305DFC1B41F2C3935A66B394317229F56B083E92FBD0FE890F8B5379
2022-01-10T00:00:00.000Z|NZDJPY|ny|2022-01-11,2022-01-10T00:00:00.000Z,NZDJPY,LONG,ny|2022-01-11,NY,2022-01-11T00:00:00.000Z,2022-01-11T13:00:00.000Z,2022-01-11T13:00:00.000Z,2022-01-11T21:00:00.000Z,0.55367,0.041953,0.650857,1,low,0.6,false,normal,dead_chop_cost_churn,false,gate90d_range_box_slots_cost_clamped_v0,0.184557,0.2,0.6,false,0.05,,0,0,0,08DC9C74140198941C09143BC9FE8123F8C91734EF60F92837AEF340BBEF96F2
2022-01-10T00:00:00.000Z|NZDJPY|asia_london|2022-01-12,2022-01-10T00:00:00.000Z,NZDJPY,LONG,asia_london|2022-01-12,ASIA_LONDON,2022-01-11T13:00:00.000Z,2022-01-11T21:00:00.000Z,2022-01-12T00:00:00.000Z,2022-01-12T13:00:00.000Z,0.650857,0,0.37255,1,low,0.6,true,normal,harvestable_chop_candidate,true,gate90d_range_box_slots_cost_clamped_v0,0.216952,0.216952,0.650857,true,0.054238,,0,0,0,FBE53D22C7429A9A78C221C69A98BEF5B224A6657820D1908DBAE980D94DF29D
2022-01-10T00:00:00.000Z|NZDJPY|ny|2022-01-12,2022-01-10T00:00:00.000Z,NZDJPY,LONG,ny|2022-01-12,NY,2022-01-12T00:00:00.000Z,2022-01-12T13:00:00.000Z,2022-01-12T13:00:00.000Z,2022-01-12T21:00:00.000Z,0.37255,0.057543,0.761297,1,low,0.6,false,normal,dead_chop_cost_churn,false,gate90d_range_box_slots_cost_clamped_v0,0.124183,0.2,0.6,false,0.05,,6,0,6,AA82D26A0F5715957BF5CD461C17E40B7241C6D4F733E6B84C46B2DAF1FBAAB4
2022-01-10T00:00:00.000Z|NZDJPY|asia_london|2022-01-13,2022-01-10T00:00:00.000Z,NZDJPY,LONG,asia_london|2022-01-13,ASIA_LONDON,2022-01-12T13:00:00.000Z,2022-01-12T21:00:00.000Z,2022-01-13T00:00:00.000Z,2022-01-13T13:00:00.000Z,0.761297,0.012029,0.644967,1,low,0.6,true,normal,harvestable_chop_candidate,true,gate90d_range_box_slots_cost_clamped_v0,0.253766,0.253766,0.761297,true,0.063441,,0,0,0,DCEDCF11585E584865DFFF3D8757D8B959A86BE83759BB524C2FFABDD7A409FA
2022-01-10T00:00:00.000Z|NZDJPY|ny|2022-01-13,2022-01-10T00:00:00.000Z,NZDJPY,LONG,ny|2022-01-13,NY,2022-01-13T00:00:00.000Z,2022-01-13T13:00:00.000Z,2022-01-13T13:00:00.000Z,2022-01-13T21:00:00.000Z,0.644967,0.061127,0.7451,1,low,0.6,true,normal,harvestable_chop_candidate,true,gate90d_range_box_slots_cost_clamped_v0,0.214989,0.214989,0.644967,true,0.053747,,0,0,0,2101EC3F00F6D83032F84C722137C73C39F5D932FD0AB1BE370C6AFE7865805E
2022-01-10T00:00:00.000Z|NZDJPY|asia_london|2022-01-14,2022-01-10T00:00:00.000Z,NZDJPY,LONG,asia_london|2022-01-14,ASIA_LONDON,2022-01-13T13:00:00.000Z,2022-01-13T21:00:00.000Z,2022-01-14T00:00:00.000Z,2022-01-14T13:00:00.000Z,0.7451,0.071129,0.890879,1,low,0.6,true,normal,harvestable_chop_candidate,true,gate90d_range_box_slots_cost_clamped_v0,0.248367,0.248367,0.7451,true,0.062092,,0,0,0,71D24D31419BA7B6F60E66B9FAECA4708FE0BB7B4523D59CBB2A1E9495BB2382
2022-01-10T00:00:00.000Z|NZDJPY|ny|2022-01-14,2022-01-10T00:00:00.000Z,NZDJPY,LONG,ny|2022-01-14,NY,2022-01-14T00:00:00.000Z,2022-01-14T13:00:00.000Z,2022-01-14T13:00:00.000Z,2022-01-14T21:00:00.000Z,0.890879,0.041995,0.466791,1,low,0.6,true,normal,harvestable_chop_candidate,true,gate90d_range_box_slots_cost_clamped_v0,0.29696,0.29696,0.890879,true,0.07424,,1,1,0,A19407A624FAC395099CEA515960B431E7121F1290A3F13084ACB896CFE863E3
2022-01-10T00:00:00.000Z|NZDUSD|ny|2022-01-10,2022-01-10T00:00:00.000Z,NZDUSD,LONG,ny|2022-01-10,NY,2022-01-10T00:00:00.000Z,2022-01-10T13:00:00.000Z,2022-01-10T13:00:00.000Z,2022-01-10T21:00:00.000Z,0.528722,0.017692,0.563455,1,low,0.6,false,normal,dead_chop_cost_churn,false,gate90d_range_box_slots_cost_clamped_v0,0.176241,0.2,0.6,false,0.05,,0,0,0,C404C27CF52C65B1A5C84AE20495BD4E3391992BE630FCAD219327311156B0FF
2022-01-10T00:00:00.000Z|NZDUSD|asia_london|2022-01-11,2022-01-10T00:00:00.000Z,NZDUSD,LONG,asia_london|2022-01-11,ASIA_LONDON,2022-01-10T13:00:00.000Z,2022-01-10T21:00:00.000Z,2022-01-11T00:00:00.000Z,2022-01-11T13:00:00.000Z,0.563455,0.01906,0.470833,1,low,0.6,false,normal,dead_chop_cost_churn,false,gate90d_range_box_slots_cost_clamped_v0,0.187818,0.2,0.6,false,0.05,,0,0,0,30D044FB0DC9A53DAA6AB2613512E4AE8C6C8A03287B894D446C83568899FA33
2022-01-10T00:00:00.000Z|NZDUSD|ny|2022-01-11,2022-01-10T00:00:00.000Z,NZDUSD,LONG,ny|2022-01-11,NY,2022-01-11T00:00:00.000Z,2022-01-11T13:00:00.000Z,2022-01-11T13:00:00.000Z,2022-01-11T21:00:00.000Z,0.470833,0.077426,0.982188,1,low,0.6,false,normal,dead_chop_cost_churn,false,gate90d_range_box_slots_cost_clamped_v0,0.156944,0.2,0.6,false,0.05,,0,0,0,F400C855C97779D63BCB3124D4349157A21B8623341725A8F8CB72D5485A6DD1
2022-01-10T00:00:00.000Z|NZDUSD|asia_london|2022-01-12,2022-01-10T00:00:00.000Z,NZDUSD,LONG,asia_london|2022-01-12,ASIA_LONDON,2022-01-11T13:00:00.000Z,2022-01-11T21:00:00.000Z,2022-01-12T00:00:00.000Z,2022-01-12T13:00:00.000Z,0.982188,0.0153,0.451536,1,low,0.6,true,normal,harvestable_chop_candidate,true,gate90d_range_box_slots_cost_clamped_v0,0.327396,0.3,0.9,true,0.075,,0,0,0,7CA90811A421B74433185BF5334D4DCD58E2ADFACC9D06C651585AFA53205335
2022-01-10T00:00:00.000Z|NZDUSD|ny|2022-01-12,2022-01-10T00:00:00.000Z,NZDUSD,LONG,ny|2022-01-12,NY,2022-01-12T00:00:00.000Z,2022-01-12T13:00:00.000Z,2022-01-12T13:00:00.000Z,2022-01-12T21:00:00.000Z,0.451536,0.194594,1.559151,1,low,0.6,false,normal,dead_chop_cost_churn,false,gate90d_range_box_slots_cost_clamped_v0,0.150512,0.2,0.6,false,0.05,,0,0,0,C6FE239370D3353E05F9D2F65AF209A9D7EC385B1C0B956321723D31AF0596BF
2022-01-10T00:00:00.000Z|NZDUSD|asia_london|2022-01-13,2022-01-10T00:00:00.000Z,NZDUSD,LONG,asia_london|2022-01-13,ASIA_LONDON,2022-01-12T13:00:00.000Z,2022-01-12T21:00:00.000Z,2022-01-13T00:00:00.000Z,2022-01-13T13:00:00.000Z,1.559151,0.050599,0.80659,1,low,0.6,true,normal,harvestable_chop_candidate,true,gate90d_range_box_slots_cost_clamped_v0,0.519717,0.3,0.9,true,0.075,,0,0,0,93EC39E784899C86F63086386E4DD47A9518830D13BD71B129FB42AB9D81E1B6
2022-01-10T00:00:00.000Z|NZDUSD|ny|2022-01-13,2022-01-10T00:00:00.000Z,NZDUSD,LONG,ny|2022-01-13,NY,2022-01-13T00:00:00.000Z,2022-01-13T13:00:00.000Z,2022-01-13T13:00:00.000Z,2022-01-13T21:00:00.000Z,0.80659,0.030971,0.640641,1,low,0.6,true,normal,harvestable_chop_candidate,true,gate90d_range_box_slots_cost_clamped_v0,0.268863,0.268863,0.80659,true,0.067216,,3,0,3,3E193DA76BEC3365E0CD94F8190F8A8C06E041F7E152430AB42C3597029F2C51
2022-01-10T00:00:00.000Z|NZDUSD|asia_london|2022-01-14,2022-01-10T00:00:00.000Z,NZDUSD,LONG,asia_london|2022-01-14,ASIA_LONDON,2022-01-13T13:00:00.000Z,2022-01-13T21:00:00.000Z,2022-01-14T00:00:00.000Z,2022-01-14T13:00:00.000Z,0.640641,0.049434,0.713967,1,low,0.6,true,normal,harvestable_chop_candidate,true,gate90d_range_box_slots_cost_clamped_v0,0.213547,0.213547,0.640641,true,0.053387,,0,0,0,9314CCC62C6E146C7E6E7D27E23B1EDBEAD213661BF25E05ABFD6E5A152E28A2
2022-01-10T00:00:00.000Z|NZDUSD|ny|2022-01-14,2022-01-10T00:00:00.000Z,NZDUSD,LONG,ny|2022-01-14,NY,2022-01-14T00:00:00.000Z,2022-01-14T13:00:00.000Z,2022-01-14T13:00:00.000Z,2022-01-14T21:00:00.000Z,0.713967,0.068878,0.443818,1,low,0.6,true,normal,harvestable_chop_candidate,true,gate90d_range_box_slots_cost_clamped_v0,0.237989,0.237989,0.713967,true,0.059497,,1,1,0,FAB902A89622C954C2C9C1433AEDD8E56361501EC56AA9CA3E0825CC34201DBF
2022-01-10T00:00:00.000Z|USDCAD|ny|2022-01-10,2022-01-10T00:00:00.000Z,USDCAD,LONG,ny|2022-01-10,NY,2022-01-10T00:00:00.000Z,2022-01-10T13:00:00.000Z,2022-01-10T13:00:00.000Z,2022-01-10T21:00:00.000Z,0.580671,0.019918,0.46934,1,low,0.6,false,normal,dead_chop_cost_churn,false,gate90d_range_box_slots_cost_clamped_v0,0.193557,0.2,0.6,false,0.05,,0,0,0,C181B5F9E31EC8D3B8A1D62AB99C2351C7C10432F1D7B46FE58CDAD662F2F91E
2022-01-10T00:00:00.000Z|USDCAD|asia_london|2022-01-11,2022-01-10T00:00:00.000Z,USDCAD,LONG,asia_london|2022-01-11,ASIA_LONDON,2022-01-10T13:00:00.000Z,2022-01-10T21:00:00.000Z,2022-01-11T00:00:00.000Z,2022-01-11T13:00:00.000Z,0.46934,0.040105,0.438778,1,low,0.6,false,normal,dead_chop_cost_churn,false,gate90d_range_box_slots_cost_clamped_v0,0.156447,0.2,0.6,false,0.05,,0,0,0,4D89812722694F2C8B1D9E4D0B6DD765BC2AE1360EE680EE1D7BAE86BF3847F8
2022-01-10T00:00:00.000Z|USDCAD|ny|2022-01-11,2022-01-10T00:00:00.000Z,USDCAD,LONG,ny|2022-01-11,NY,2022-01-11T00:00:00.000Z,2022-01-11T13:00:00.000Z,2022-01-11T13:00:00.000Z,2022-01-11T21:00:00.000Z,0.438778,0.098959,1.051103,1,low,0.6,false,normal,dead_chop_cost_churn,false,gate90d_range_box_slots_cost_clamped_v0,0.146259,0.2,0.6,false,0.05,,1,1,0,24F9E848EA11241E9D32EE8235872A14C740EBB24B5DDADB5FB5B848092FE96E
2022-01-10T00:00:00.000Z|USDCAD|asia_london|2022-01-12,2022-01-10T00:00:00.000Z,USDCAD,LONG,asia_london|2022-01-12,ASIA_LONDON,2022-01-11T13:00:00.000Z,2022-01-11T21:00:00.000Z,2022-01-12T00:00:00.000Z,2022-01-12T13:00:00.000Z,1.051103,0.052543,0.504267,1,low,0.6,true,normal,harvestable_chop_candidate,true,gate90d_range_box_slots_cost_clamped_v0,0.350368,0.3,0.9,true,0.075,,0,0,0,22FB5A45073F878757F5CA6A605F4C27DF55E8FE7B03B8E1A9201B81611C240A
2022-01-10T00:00:00.000Z|USDCAD|ny|2022-01-12,2022-01-10T00:00:00.000Z,USDCAD,LONG,ny|2022-01-12,NY,2022-01-12T00:00:00.000Z,2022-01-12T13:00:00.000Z,2022-01-12T13:00:00.000Z,2022-01-12T21:00:00.000Z,0.504267,0.063307,0.588312,1,low,0.6,false,normal,dead_chop_cost_churn,false,gate90d_range_box_slots_cost_clamped_v0,0.168089,0.2,0.6,false,0.05,,0,0,0,8E66677768F6A42870CB5D3DD5D581BD91C2FA562E5AB9127E81BE141D2412E1
2022-01-10T00:00:00.000Z|USDCAD|asia_london|2022-01-13,2022-01-10T00:00:00.000Z,USDCAD,LONG,asia_london|2022-01-13,ASIA_LONDON,2022-01-12T13:00:00.000Z,2022-01-12T21:00:00.000Z,2022-01-13T00:00:00.000Z,2022-01-13T13:00:00.000Z,0.588312,0.02889,0.488986,1,low,0.6,false,normal,dead_chop_cost_churn,false,gate90d_range_box_slots_cost_clamped_v0,0.196104,0.2,0.6,false,0.05,,0,0,0,5AC782CEFBD354E5DBA9ACBC2799E650BE7FB0AD1680E4526D4CB5906E02E0CC
2022-01-10T00:00:00.000Z|USDCAD|ny|2022-01-13,2022-01-10T00:00:00.000Z,USDCAD,LONG,ny|2022-01-13,NY,2022-01-13T00:00:00.000Z,2022-01-13T13:00:00.000Z,2022-01-13T13:00:00.000Z,2022-01-13T21:00:00.000Z,0.488986,0.053289,0.716016,1,low,0.6,false,normal,dead_chop_cost_churn,false,gate90d_range_box_slots_cost_clamped_v0,0.162995,0.2,0.6,false,0.05,,0,0,0,38F89009B0C3DF9367CA524E5660B3C6DE1C2A4ACC402ED943F5CA56DC9F5749
2022-01-10T00:00:00.000Z|USDCAD|asia_london|2022-01-14,2022-01-10T00:00:00.000Z,USDCAD,LONG,asia_london|2022-01-14,ASIA_LONDON,2022-01-13T13:00:00.000Z,2022-01-13T21:00:00.000Z,2022-01-14T00:00:00.000Z,2022-01-14T13:00:00.000Z,0.716016,0.012001,0.595953,1,low,0.6,true,normal,harvestable_chop_candidate,true,gate90d_range_box_slots_cost_clamped_v0,0.238672,0.238672,0.716016,true,0.059668,,0,0,0,1091C3C29509B90F1614A72E3D320638ACDBD92C03656A0895C385CA7B6FD684
2022-01-10T00:00:00.000Z|USDCAD|ny|2022-01-14,2022-01-10T00:00:00.000Z,USDCAD,LONG,ny|2022-01-14,NY,2022-01-14T00:00:00.000Z,2022-01-14T13:00:00.000Z,2022-01-14T13:00:00.000Z,2022-01-14T21:00:00.000Z,0.595953,0.066338,0.444235,1,low,0.6,false,normal,dead_chop_cost_churn,false,gate90d_range_box_slots_cost_clamped_v0,0.198651,0.2,0.6,false,0.05,,1,0,1,8E5D261E0B6C834E5E83BA111B67127F466837952C370ECFCA66BCA29E77AC82
2022-01-10T00:00:00.000Z|USDCHF|ny|2022-01-10,2022-01-10T00:00:00.000Z,USDCHF,SHORT,ny|2022-01-10,NY,2022-01-10T00:00:00.000Z,2022-01-10T13:00:00.000Z,2022-01-10T13:00:00.000Z,2022-01-10T21:00:00.000Z,0.812656,0.086677,0.829801,1,low,0.6,true,normal,harvestable_chop_candidate,true,gate90d_range_box_slots_cost_clamped_v0,0.270885,0.270885,0.812656,true,0.067721,,0,0,0,2A4AFE2DD3FB6B81A761A4DD5E8AB0488A8E4EE4506D6348097DD0E8C0443013
2022-01-10T00:00:00.000Z|USDCHF|asia_london|2022-01-11,2022-01-10T00:00:00.000Z,USDCHF,SHORT,asia_london|2022-01-11,ASIA_LONDON,2022-01-10T13:00:00.000Z,2022-01-10T21:00:00.000Z,2022-01-11T00:00:00.000Z,2022-01-11T13:00:00.000Z,0.829801,0.013462,0.516054,1,low,0.6,true,normal,harvestable_chop_candidate,true,gate90d_range_box_slots_cost_clamped_v0,0.2766,0.2766,0.829801,true,0.06915,,0,0,0,62F32407D2CDD1547D9357EE26116F5A07AA1F8FB50D97900A4C09CA04794832
2022-01-10T00:00:00.000Z|USDCHF|ny|2022-01-11,2022-01-10T00:00:00.000Z,USDCHF,SHORT,ny|2022-01-11,NY,2022-01-11T00:00:00.000Z,2022-01-11T13:00:00.000Z,2022-01-11T13:00:00.000Z,2022-01-11T21:00:00.000Z,0.516054,0.07426,0.776652,1,low,0.6,false,normal,dead_chop_cost_churn,false,gate90d_range_box_slots_cost_clamped_v0,0.172018,0.2,0.6,false,0.05,,0,0,0,641F58429826A67D65549E1FD476F4E4D9FADCFEA282E699AE11F0D52E4F5379
2022-01-10T00:00:00.000Z|USDCHF|asia_london|2022-01-12,2022-01-10T00:00:00.000Z,USDCHF,SHORT,asia_london|2022-01-12,ASIA_LONDON,2022-01-11T13:00:00.000Z,2022-01-11T21:00:00.000Z,2022-01-12T00:00:00.000Z,2022-01-12T13:00:00.000Z,0.776652,0.019325,0.360038,1,low,0.6,true,normal,harvestable_chop_candidate,true,gate90d_range_box_slots_cost_clamped_v0,0.258884,0.258884,0.776652,true,0.064721,,0,0,0,E6E595AACB4880A3EF07B1EB834EABCE2C3AE0658EC5C9EA0B5B0CED273392C9
2022-01-10T00:00:00.000Z|USDCHF|ny|2022-01-12,2022-01-10T00:00:00.000Z,USDCHF,SHORT,ny|2022-01-12,NY,2022-01-12T00:00:00.000Z,2022-01-12T13:00:00.000Z,2022-01-12T13:00:00.000Z,2022-01-12T21:00:00.000Z,0.360038,0.163677,1.71275,1,low,0.6,false,normal,dead_chop_cost_churn,false,gate90d_range_box_slots_cost_clamped_v0,0.120013,0.2,0.6,false,0.05,,0,0,0,CDDC3C8313882EAAE4F03C5984128530B0729150CE6AE5C17017C02C6BAE21B7
2022-01-10T00:00:00.000Z|USDCHF|asia_london|2022-01-13,2022-01-10T00:00:00.000Z,USDCHF,SHORT,asia_london|2022-01-13,ASIA_LONDON,2022-01-12T13:00:00.000Z,2022-01-12T21:00:00.000Z,2022-01-13T00:00:00.000Z,2022-01-13T13:00:00.000Z,1.71275,0.033901,0.663498,1,low,0.6,true,normal,harvestable_chop_candidate,true,gate90d_range_box_slots_cost_clamped_v0,0.570917,0.3,0.9,true,0.075,,1,1,0,1D7ABDF438A1408D3F2C1EDC5D26DCA55476567A3F0122A4480F83AE53BD63BE
2022-01-10T00:00:00.000Z|USDCHF|ny|2022-01-13,2022-01-10T00:00:00.000Z,USDCHF,SHORT,ny|2022-01-13,NY,2022-01-13T00:00:00.000Z,2022-01-13T13:00:00.000Z,2022-01-13T13:00:00.000Z,2022-01-13T21:00:00.000Z,0.663498,0.017101,0.555486,1,low,0.6,true,normal,harvestable_chop_candidate,true,gate90d_range_box_slots_cost_clamped_v0,0.221166,0.221166,0.663498,true,0.055291,,2,2,0,09F1152D9F2DF2C99E6BDE9CBEE505DF7F0E35AEC4C31D4D64CE951329ED26F7
2022-01-10T00:00:00.000Z|USDCHF|asia_london|2022-01-14,2022-01-10T00:00:00.000Z,USDCHF,SHORT,asia_london|2022-01-14,ASIA_LONDON,2022-01-13T13:00:00.000Z,2022-01-13T21:00:00.000Z,2022-01-14T00:00:00.000Z,2022-01-14T13:00:00.000Z,0.555486,0.005223,0.416615,1,low,0.6,false,normal,dead_chop_cost_churn,false,gate90d_range_box_slots_cost_clamped_v0,0.185162,0.2,0.6,false,0.05,,0,0,0,4B279623EB0C44EEC413DFDA420A87F3AA5ACF2868E10D75742A9C2C3FEE3ACD
2022-01-10T00:00:00.000Z|USDCHF|ny|2022-01-14,2022-01-10T00:00:00.000Z,USDCHF,SHORT,ny|2022-01-14,NY,2022-01-14T00:00:00.000Z,2022-01-14T13:00:00.000Z,2022-01-14T13:00:00.000Z,2022-01-14T21:00:00.000Z,0.416615,0.027397,0.404613,1,low,0.6,false,normal,dead_chop_cost_churn,false,gate90d_range_box_slots_cost_clamped_v0,0.138872,0.2,0.6,false,0.05,,3,0,3,553F7B864BB20CB70E5E71A9A0D019B4BD08F0F62A9A0EA1437DC637DE66ADEA
2022-01-10T00:00:00.000Z|USDJPY|ny|2022-01-10,2022-01-10T00:00:00.000Z,USDJPY,SHORT,ny|2022-01-10,NY,2022-01-10T00:00:00.000Z,2022-01-10T13:00:00.000Z,2022-01-10T13:00:00.000Z,2022-01-10T21:00:00.000Z,1.33033,0.002918,0.826267,1,low,0.6,true,normal,harvestable_chop_candidate,true,gate90d_range_box_slots_cost_clamped_v0,0.443443,0.3,0.9,true,0.075,,0,0,0,D4E7AABDAD489F6D6DC3A3E827828C8235DB4CA26A020DEE0625CB36FFE980E6
2022-01-10T00:00:00.000Z|USDJPY|asia_london|2022-01-11,2022-01-10T00:00:00.000Z,USDJPY,SHORT,asia_london|2022-01-11,ASIA_LONDON,2022-01-10T13:00:00.000Z,2022-01-10T21:00:00.000Z,2022-01-11T00:00:00.000Z,2022-01-11T13:00:00.000Z,0.826267,0.041241,0.747199,1,low,0.6,true,normal,harvestable_chop_candidate,true,gate90d_range_box_slots_cost_clamped_v0,0.275422,0.275422,0.826267,true,0.068856,,0,0,0,0AE2D730E565B324159F7CEDAD98701FA70C81B93A53DF4003B2939A1F6CCBC2
2022-01-10T00:00:00.000Z|USDJPY|ny|2022-01-11,2022-01-10T00:00:00.000Z,USDJPY,SHORT,ny|2022-01-11,NY,2022-01-11T00:00:00.000Z,2022-01-11T13:00:00.000Z,2022-01-11T13:00:00.000Z,2022-01-11T21:00:00.000Z,0.747199,0.048608,0.806501,1,low,0.6,true,normal,harvestable_chop_candidate,true,gate90d_range_box_slots_cost_clamped_v0,0.249066,0.249066,0.747199,true,0.062267,,2,0,2,B5F4EC1EF9BC8A9D0B891250D3F17CFF23A3ACE7D119EC47198FC6AF25F85217
2022-01-10T00:00:00.000Z|USDJPY|asia_london|2022-01-12,2022-01-10T00:00:00.000Z,USDJPY,SHORT,asia_london|2022-01-12,ASIA_LONDON,2022-01-11T13:00:00.000Z,2022-01-11T21:00:00.000Z,2022-01-12T00:00:00.000Z,2022-01-12T13:00:00.000Z,0.806501,0.023107,0.462552,1,low,0.6,true,normal,harvestable_chop_candidate,true,gate90d_range_box_slots_cost_clamped_v0,0.268834,0.268834,0.806501,true,0.067208,,0,0,0,DDBD1271D92DBE4D10AA083DB8F5E53DCAFEDD31972963BBA8C802B7AF3DCCBE
2022-01-10T00:00:00.000Z|USDJPY|ny|2022-01-12,2022-01-10T00:00:00.000Z,USDJPY,SHORT,ny|2022-01-12,NY,2022-01-12T00:00:00.000Z,2022-01-12T13:00:00.000Z,2022-01-12T13:00:00.000Z,2022-01-12T21:00:00.000Z,0.462552,0.149551,2.184273,1,low,0.6,false,normal,dead_chop_cost_churn,false,gate90d_range_box_slots_cost_clamped_v0,0.154184,0.2,0.6,false,0.05,,0,0,0,17C3755C98E5212872D67ED30F68209D5B2ADFA2D733B53B2D47C065DE1DCDA2
2022-01-10T00:00:00.000Z|USDJPY|asia_london|2022-01-13,2022-01-10T00:00:00.000Z,USDJPY,SHORT,asia_london|2022-01-13,ASIA_LONDON,2022-01-12T13:00:00.000Z,2022-01-12T21:00:00.000Z,2022-01-13T00:00:00.000Z,2022-01-13T13:00:00.000Z,2.184273,0.052279,0.90929,1,low,0.6,true,normal,harvestable_chop_candidate,true,gate90d_range_box_slots_cost_clamped_v0,0.728091,0.3,0.9,true,0.075,,0,0,0,38419FFEAC2C518057CB7226A62B8A608882BD8FBB5D47BAAE55DFD19D45EB02
2022-01-10T00:00:00.000Z|USDJPY|ny|2022-01-13,2022-01-10T00:00:00.000Z,USDJPY,SHORT,ny|2022-01-13,NY,2022-01-13T00:00:00.000Z,2022-01-13T13:00:00.000Z,2022-01-13T13:00:00.000Z,2022-01-13T21:00:00.000Z,0.90929,0.046207,0.76499,1,low,0.6,true,normal,harvestable_chop_candidate,true,gate90d_range_box_slots_cost_clamped_v0,0.303097,0.3,0.9,true,0.075,,3,3,0,B0E5F39ECEB4DEF93D7A5D202CAAFCF3C782E5368044FA211A10B04B2C11265B
2022-01-10T00:00:00.000Z|USDJPY|asia_london|2022-01-14,2022-01-10T00:00:00.000Z,USDJPY,SHORT,asia_london|2022-01-14,ASIA_LONDON,2022-01-13T13:00:00.000Z,2022-01-13T21:00:00.000Z,2022-01-14T00:00:00.000Z,2022-01-14T13:00:00.000Z,0.76499,0.049943,1.065451,1,low,0.6,true,normal,harvestable_chop_candidate,true,gate90d_range_box_slots_cost_clamped_v0,0.254997,0.254997,0.76499,true,0.063749,,2,2,0,6EF2FBAD68561C89C88E6A24940082E19AECD7E7E1F0AA79CD31A0687CF5DAB6
2022-01-10T00:00:00.000Z|USDJPY|ny|2022-01-14,2022-01-10T00:00:00.000Z,USDJPY,SHORT,ny|2022-01-14,NY,2022-01-14T00:00:00.000Z,2022-01-14T13:00:00.000Z,2022-01-14T13:00:00.000Z,2022-01-14T21:00:00.000Z,1.065451,0.029026,0.786733,1,low,0.6,true,normal,harvestable_chop_candidate,true,gate90d_range_box_slots_cost_clamped_v0,0.35515,0.3,0.9,true,0.075,,2,2,0,3324B1A5F1BAF1E7171FDADCE0B7AA78B43396CAA6531341FBA615279D6FCB1C
2022-01-17T00:00:00.000Z|AUDCAD|ny|2022-01-17,2022-01-17T00:00:00.000Z,AUDCAD,LONG,ny|2022-01-17,NY,2022-01-17T00:00:00.000Z,2022-01-17T13:00:00.000Z,2022-01-17T13:00:00.000Z,2022-01-17T21:00:00.000Z,0.359057,0.025354,0.319561,1.020623,low,0.6,false,normal,dead_chop_cost_churn,false,gate90d_range_box_slots_cost_clamped_v0,0.119686,0.2,0.6,false,0.05,,2,2,0,37481EFBF1ED928FAFCA10B10C8CA4D88042183A245551B6F98690894D5A817C
2022-01-17T00:00:00.000Z|AUDCAD|asia_london|2022-01-18,2022-01-17T00:00:00.000Z,AUDCAD,LONG,asia_london|2022-01-18,ASIA_LONDON,2022-01-17T13:00:00.000Z,2022-01-17T21:00:00.000Z,2022-01-18T00:00:00.000Z,2022-01-18T13:00:00.000Z,0.319561,0.059473,0.87969,1.020623,low,0.6,false,normal,dead_chop_cost_churn,false,gate90d_range_box_slots_cost_clamped_v0,0.10652,0.2,0.6,false,0.05,,0,0,0,D98F024EE078B116CA7D5CF801657FEB5D77817433569D1B27BEF29783F8177C
2022-01-17T00:00:00.000Z|AUDCAD|ny|2022-01-18,2022-01-17T00:00:00.000Z,AUDCAD,LONG,ny|2022-01-18,NY,2022-01-18T00:00:00.000Z,2022-01-18T13:00:00.000Z,2022-01-18T13:00:00.000Z,2022-01-18T21:00:00.000Z,0.87969,0.006821,0.536791,1.020623,low,0.6,true,normal,harvestable_chop_candidate,true,gate90d_range_box_slots_cost_clamped_v0,0.29323,0.29323,0.87969,true,0.073307,,0,0,0,6ACA5D95EF66B57C8D62B6A256B273EF7981A214E4233988C79AAA4073C11761
2022-01-17T00:00:00.000Z|AUDCAD|asia_london|2022-01-19,2022-01-17T00:00:00.000Z,AUDCAD,LONG,asia_london|2022-01-19,ASIA_LONDON,2022-01-18T13:00:00.000Z,2022-01-18T21:00:00.000Z,2022-01-19T00:00:00.000Z,2022-01-19T13:00:00.000Z,0.536791,0.028476,0.459593,1.020623,low,0.6,false,normal,dead_chop_cost_churn,false,gate90d_range_box_slots_cost_clamped_v0,0.17893,0.2,0.6,false,0.05,,2,2,0,5C7918B5CD27C7D8039913044F231618A514FF4F3270CA7A065A949DC105F639
2022-01-17T00:00:00.000Z|AUDCAD|ny|2022-01-19,2022-01-17T00:00:00.000Z,AUDCAD,LONG,ny|2022-01-19,NY,2022-01-19T00:00:00.000Z,2022-01-19T13:00:00.000Z,2022-01-19T13:00:00.000Z,2022-01-19T21:00:00.000Z,0.459593,0.053481,0.894052,1.020623,low,0.6,false,normal,dead_chop_cost_churn,false,gate90d_range_box_slots_cost_clamped_v0,0.153198,0.2,0.6,false,0.05,,0,0,0,39E211D6E3E5EE3B9E75EDFC07102E9E309A12A3A19B7730A6DB37A39662DD8E
2022-01-17T00:00:00.000Z|AUDCAD|asia_london|2022-01-20,2022-01-17T00:00:00.000Z,AUDCAD,LONG,asia_london|2022-01-20,ASIA_LONDON,2022-01-19T13:00:00.000Z,2022-01-19T21:00:00.000Z,2022-01-20T00:00:00.000Z,2022-01-20T13:00:00.000Z,0.894052,0.027196,0.786335,1.020623,low,0.6,true,normal,harvestable_chop_candidate,true,gate90d_range_box_slots_cost_clamped_v0,0.298017,0.298017,0.894052,true,0.074504,,0,0,0,1AD77D6D2E7F65AB60252EC15D7DCA0A218254AC7182AF654E3DA0B215BA9FFA
2022-01-17T00:00:00.000Z|AUDCAD|ny|2022-01-20,2022-01-17T00:00:00.000Z,AUDCAD,LONG,ny|2022-01-20,NY,2022-01-20T00:00:00.000Z,2022-01-20T13:00:00.000Z,2022-01-20T13:00:00.000Z,2022-01-20T21:00:00.000Z,0.786335,0.016627,0.81506,1.020623,low,0.6,true,normal,harvestable_chop_candidate,true,gate90d_range_box_slots_cost_clamped_v0,0.262112,0.262112,0.786335,true,0.065528,,0,0,0,223EC09C7493A9CDF7C4E7A5B27E6A9B634A91CC884D36A4543D760C55FE3B0F
2022-01-17T00:00:00.000Z|AUDCAD|asia_london|2022-01-21,2022-01-17T00:00:00.000Z,AUDCAD,LONG,asia_london|2022-01-21,ASIA_LONDON,2022-01-20T13:00:00.000Z,2022-01-20T21:00:00.000Z,2022-01-21T00:00:00.000Z,2022-01-21T13:00:00.000Z,0.81506,0.020013,0.450617,1.020623,low,0.6,true,normal,harvestable_chop_candidate,true,gate90d_range_box_slots_cost_clamped_v0,0.271687,0.271687,0.81506,true,0.067922,,0,0,0,69F1B9D322A691D125D0076CCCFAA622EF1F972A9CDCE784F79BC3D1CA21A220
2022-01-17T00:00:00.000Z|AUDCAD|ny|2022-01-21,2022-01-17T00:00:00.000Z,AUDCAD,LONG,ny|2022-01-21,NY,2022-01-21T00:00:00.000Z,2022-01-21T13:00:00.000Z,2022-01-21T13:00:00.000Z,2022-01-21T21:00:00.000Z,0.450617,0.060457,0.473956,1.020623,low,0.6,false,normal,dead_chop_cost_churn,false,gate90d_range_box_slots_cost_clamped_v0,0.150206,0.2,0.6,false,0.05,,1,0,1,956C0398FF173F63217FE626060D918257C2418AEB924B0E399CC6C2824142AC
2022-01-17T00:00:00.000Z|AUDCHF|ny|2022-01-17,2022-01-17T00:00:00.000Z,AUDCHF,LONG,ny|2022-01-17,NY,2022-01-17T00:00:00.000Z,2022-01-17T13:00:00.000Z,2022-01-17T13:00:00.000Z,2022-01-17T21:00:00.000Z,0.526943,0.037634,0.361849,1.053591,low,0.6,false,normal,dead_chop_cost_churn,false,gate90d_range_box_slots_cost_clamped_v0,0.175648,0.2,0.6,false,0.05,,0,0,0,FBC0092704A217206B2CF17C7B214283B88F8AEF6EDA0E8658D5D0D5F34B5173
2022-01-17T00:00:00.000Z|AUDCHF|asia_london|2022-01-18,2022-01-17T00:00:00.000Z,AUDCHF,LONG,asia_london|2022-01-18,ASIA_LONDON,2022-01-17T13:00:00.000Z,2022-01-17T21:00:00.000Z,2022-01-18T00:00:00.000Z,2022-01-18T13:00:00.000Z,0.361849,0.024025,0.719175,1.053591,low,0.6,false,normal,dead_chop_cost_churn,false,gate90d_range_box_slots_cost_clamped_v0,0.120616,0.2,0.6,false,0.05,,2,2,0,F981402765C8656E10D774A57ED2016A5F6E7A38A30C0C594BB41ACEA248B2B3
2022-01-17T00:00:00.000Z|AUDCHF|ny|2022-01-18,2022-01-17T00:00:00.000Z,AUDCHF,LONG,ny|2022-01-18,NY,2022-01-18T00:00:00.000Z,2022-01-18T13:00:00.000Z,2022-01-18T13:00:00.000Z,2022-01-18T21:00:00.000Z,0.719175,0.029815,0.452312,1.053591,low,0.6,true,normal,harvestable_chop_candidate,true,gate90d_range_box_slots_cost_clamped_v0,0.239725,0.239725,0.719175,true,0.059931,,0,0,0,57CE51C425D00FABA75AE2A4D748E5C71A550C2E7855BE82AE65190D32FDF5E9
2022-01-17T00:00:00.000Z|AUDCHF|asia_london|2022-01-19,2022-01-17T00:00:00.000Z,AUDCHF,LONG,asia_london|2022-01-19,ASIA_LONDON,2022-01-18T13:00:00.000Z,2022-01-18T21:00:00.000Z,2022-01-19T00:00:00.000Z,2022-01-19T13:00:00.000Z,0.452312,0.020511,0.811899,1.053591,low,0.6,false,normal,dead_chop_cost_churn,false,gate90d_range_box_slots_cost_clamped_v0,0.150771,0.2,0.6,false,0.05,,0,0,0,1C5296D9E25DAAD48F805FCCB8AE8A7C7E7C62A154216EE8980E5A037FE8891B
2022-01-17T00:00:00.000Z|AUDCHF|ny|2022-01-19,2022-01-17T00:00:00.000Z,AUDCHF,LONG,ny|2022-01-19,NY,2022-01-19T00:00:00.000Z,2022-01-19T13:00:00.000Z,2022-01-19T13:00:00.000Z,2022-01-19T21:00:00.000Z,0.811899,0.008062,0.658113,1.053591,low,0.6,true,normal,harvestable_chop_candidate,true,gate90d_range_box_slots_cost_clamped_v0,0.270633,0.270633,0.811899,true,0.067658,,0,0,0,5776D125565B833F54AECD80092419B58B57CFD49BF9DC05B2F23D81CF98AA27
2022-01-17T00:00:00.000Z|AUDCHF|asia_london|2022-01-20,2022-01-17T00:00:00.000Z,AUDCHF,LONG,asia_london|2022-01-20,ASIA_LONDON,2022-01-19T13:00:00.000Z,2022-01-19T21:00:00.000Z,2022-01-20T00:00:00.000Z,2022-01-20T13:00:00.000Z,0.658113,0.039776,0.655851,1.053591,low,0.6,true,normal,harvestable_chop_candidate,true,gate90d_range_box_slots_cost_clamped_v0,0.219371,0.219371,0.658113,true,0.054843,,2,0,2,C1506376393C2C9552D1F66A0E3C74709083385FBC65165F759C1360C4CBB068
2022-01-17T00:00:00.000Z|AUDCHF|ny|2022-01-20,2022-01-17T00:00:00.000Z,AUDCHF,LONG,ny|2022-01-20,NY,2022-01-20T00:00:00.000Z,2022-01-20T13:00:00.000Z,2022-01-20T13:00:00.000Z,2022-01-20T21:00:00.000Z,0.655851,0.004289,0.737268,1.053591,low,0.6,true,normal,harvestable_chop_candidate,true,gate90d_range_box_slots_cost_clamped_v0,0.218617,0.218617,0.655851,true,0.054654,,0,0,0,0D417508A4277FB95EDDA672066F0192C5C0AF3B7B848B9CF23B25BB5D20BFA0
2022-01-17T00:00:00.000Z|AUDCHF|asia_london|2022-01-21,2022-01-17T00:00:00.000Z,AUDCHF,LONG,asia_london|2022-01-21,ASIA_LONDON,2022-01-20T13:00:00.000Z,2022-01-20T21:00:00.000Z,2022-01-21T00:00:00.000Z,2022-01-21T13:00:00.000Z,0.737268,0.077494,1.503935,1.053591,low,0.6,true,normal,harvestable_chop_candidate,true,gate90d_range_box_slots_cost_clamped_v0,0.245756,0.245756,0.737268,true,0.061439,,0,0,0,D59C5C070464472EF3CD2153658452B6A0B035CD44E0D4C06D916BA22E72D5CB
2022-01-17T00:00:00.000Z|AUDCHF|ny|2022-01-21,2022-01-17T00:00:00.000Z,AUDCHF,LONG,ny|2022-01-21,NY,2022-01-21T00:00:00.000Z,2022-01-21T13:00:00.000Z,2022-01-21T13:00:00.000Z,2022-01-21T21:00:00.000Z,1.503935,0.0197,0.75536,1.053591,low,0.6,true,normal,harvestable_chop_candidate,true,gate90d_range_box_slots_cost_clamped_v0,0.501312,0.3,0.9,true,0.075,,1,1,0,3B600AB6DFD400FA1F3D391D51D487F70EFD52C77D3CB061756DFF304E4BA846
2022-01-17T00:00:00.000Z|AUDJPY|ny|2022-01-17,2022-01-17T00:00:00.000Z,AUDJPY,LONG,ny|2022-01-17,NY,2022-01-17T00:00:00.000Z,2022-01-17T13:00:00.000Z,2022-01-17T13:00:00.000Z,2022-01-17T21:00:00.000Z,0.513764,0.009929,0.186823,0.9465,low,0.6,false,normal,dead_chop_cost_churn,false,gate90d_range_box_slots_cost_clamped_v0,0.171255,0.2,0.6,false,0.05,,0,0,0,CA046F4C9CFA946319C6059474AFAA9F59FF654DE793F35674CBD11D029C56A8
2022-01-17T00:00:00.000Z|AUDJPY|asia_london|2022-01-18,2022-01-17T00:00:00.000Z,AUDJPY,LONG,asia_london|2022-01-18,ASIA_LONDON,2022-01-17T13:00:00.000Z,2022-01-17T21:00:00.000Z,2022-01-18T00:00:00.000Z,2022-01-18T13:00:00.000Z,0.186823,0.027804,0.79154,0.9465,low,0.6,false,normal,dead_chop_cost_churn,false,gate90d_range_box_slots_cost_clamped_v0,0.062274,0.2,0.6,false,0.05,,0,0,0,515470CBC7AAD16C29342E8DCBDB776B5C7313305A6D030654295ACCC4EBAC06
2022-01-17T00:00:00.000Z|AUDJPY|ny|2022-01-18,2022-01-17T00:00:00.000Z,AUDJPY,LONG,ny|2022-01-18,NY,2022-01-18T00:00:00.000Z,2022-01-18T13:00:00.000Z,2022-01-18T13:00:00.000Z,2022-01-18T21:00:00.000Z,0.79154,0.013859,0.373646,0.9465,low,0.6,true,normal,harvestable_chop_candidate,true,gate90d_range_box_slots_cost_clamped_v0,0.263847,0.263847,0.79154,true,0.065962,,0,0,0,23E33028C071156988C045C0E3BC1027B8A0320B6D14C78CF6A422C84651FACE
2022-01-17T00:00:00.000Z|AUDJPY|asia_london|2022-01-19,2022-01-17T00:00:00.000Z,AUDJPY,LONG,asia_london|2022-01-19,ASIA_LONDON,2022-01-18T13:00:00.000Z,2022-01-18T21:00:00.000Z,2022-01-19T00:00:00.000Z,2022-01-19T13:00:00.000Z,0.373646,0.027919,0.646506,0.9465,low,0.6,false,normal,dead_chop_cost_churn,false,gate90d_range_box_slots_cost_clamped_v0,0.124549,0.2,0.6,false,0.05,,0,0,0,D694CFD2B5568A83F16D2C4F032A0C47BB51F651F8803263FB57F33C5FB9A798
2022-01-17T00:00:00.000Z|AUDJPY|ny|2022-01-19,2022-01-17T00:00:00.000Z,AUDJPY,LONG,ny|2022-01-19,NY,2022-01-19T00:00:00.000Z,2022-01-19T13:00:00.000Z,2022-01-19T13:00:00.000Z,2022-01-19T21:00:00.000Z,0.646506,0.026575,0.430185,0.9465,low,0.6,true,normal,harvestable_chop_candidate,true,gate90d_range_box_slots_cost_clamped_v0,0.215502,0.215502,0.646506,true,0.053876,,0,0,0,60837811C4536D4D5D5DEF2514B5E8AECB222A1CAE64F57A25BFBAF21A8DB7BE
2022-01-17T00:00:00.000Z|AUDJPY|asia_london|2022-01-20,2022-01-17T00:00:00.000Z,AUDJPY,LONG,asia_london|2022-01-20,ASIA_LONDON,2022-01-19T13:00:00.000Z,2022-01-19T21:00:00.000Z,2022-01-20T00:00:00.000Z,2022-01-20T13:00:00.000Z,0.430185,0.024534,0.458454,0.9465,low,0.6,false,normal,dead_chop_cost_churn,false,gate90d_range_box_slots_cost_clamped_v0,0.143395,0.2,0.6,false,0.05,,0,0,0,92A333C714B2C48A45E50BC5530E47BD5FA8F46743386BFCD1EF90DE4820C8B0
2022-01-17T00:00:00.000Z|AUDJPY|ny|2022-01-20,2022-01-17T00:00:00.000Z,AUDJPY,LONG,ny|2022-01-20,NY,2022-01-20T00:00:00.000Z,2022-01-20T13:00:00.000Z,2022-01-20T13:00:00.000Z,2022-01-20T21:00:00.000Z,0.458454,0.05152,0.671089,0.9465,low,0.6,false,normal,dead_chop_cost_churn,false,gate90d_range_box_slots_cost_clamped_v0,0.152818,0.2,0.6,false,0.05,,1,0,1,86E5DB8C56A797006AA84571D53BB8AE5A07645C7E21ED1109BEEE2E4B6A1564
2022-01-17T00:00:00.000Z|AUDJPY|asia_london|2022-01-21,2022-01-17T00:00:00.000Z,AUDJPY,LONG,asia_london|2022-01-21,ASIA_LONDON,2022-01-20T13:00:00.000Z,2022-01-20T21:00:00.000Z,2022-01-21T00:00:00.000Z,2022-01-21T13:00:00.000Z,0.671089,0.043362,0.762042,0.9465,low,0.6,true,normal,harvestable_chop_candidate,true,gate90d_range_box_slots_cost_clamped_v0,0.223696,0.223696,0.671089,true,0.055924,,0,0,0,EA2AB284418AD98D35C015C551D4301C722A7E3371894EB5115EECB274B06351
2022-01-17T00:00:00.000Z|AUDJPY|ny|2022-01-21,2022-01-17T00:00:00.000Z,AUDJPY,LONG,ny|2022-01-21,NY,2022-01-21T00:00:00.000Z,2022-01-21T13:00:00.000Z,2022-01-21T13:00:00.000Z,2022-01-21T21:00:00.000Z,0.762042,0.003439,0.501473,0.9465,low,0.6,true,normal,harvestable_chop_candidate,true,gate90d_range_box_slots_cost_clamped_v0,0.254014,0.254014,0.762042,true,0.063503,,0,0,0,C83E01A3EE076193E154DD315101943521E941CF3060C47341691A346E22166C
2022-01-17T00:00:00.000Z|AUDNZD|ny|2022-01-17,2022-01-17T00:00:00.000Z,AUDNZD,SHORT,ny|2022-01-17,NY,2022-01-17T00:00:00.000Z,2022-01-17T13:00:00.000Z,2022-01-17T13:00:00.000Z,2022-01-17T21:00:00.000Z,0.625022,0.04758,0.399254,1.17629,low,0.6,true,expanded,harvestable_chop_candidate,true,gate90d_range_box_slots_cost_clamped_v0,0.208341,0.208341,0.625022,true,0.052085,,1,0,1,54DB45F416AD182FBCEDE836EC72A50DDF44F9E69BBC160F69C96D23496A9AE6
2022-01-17T00:00:00.000Z|AUDNZD|asia_london|2022-01-18,2022-01-17T00:00:00.000Z,AUDNZD,SHORT,asia_london|2022-01-18,ASIA_LONDON,2022-01-17T13:00:00.000Z,2022-01-17T21:00:00.000Z,2022-01-18T00:00:00.000Z,2022-01-18T13:00:00.000Z,0.399254,0.00438,0.480055,1.17629,low,0.6,false,expanded,dead_chop_cost_churn,false,gate90d_range_box_slots_cost_clamped_v0,0.133085,0.2,0.6,false,0.05,,4,0,4,63B92F53C5655D9FA91BA91D8669F0B3074D22269C03732C8B7EA0D87C8D70DD
2022-01-17T00:00:00.000Z|AUDNZD|ny|2022-01-18,2022-01-17T00:00:00.000Z,AUDNZD,SHORT,ny|2022-01-18,NY,2022-01-18T00:00:00.000Z,2022-01-18T13:00:00.000Z,2022-01-18T13:00:00.000Z,2022-01-18T21:00:00.000Z,0.480055,0.014762,0.601257,1.17629,low,0.6,false,expanded,dead_chop_cost_churn,false,gate90d_range_box_slots_cost_clamped_v0,0.160018,0.2,0.6,false,0.05,,0,0,0,F3DC7B6E35C2975C51D76ABBAF3CF6075C8928F148C2F0C0FB889112B46B7ED5
2022-01-17T00:00:00.000Z|AUDNZD|asia_london|2022-01-19,2022-01-17T00:00:00.000Z,AUDNZD,SHORT,asia_london|2022-01-19,ASIA_LONDON,2022-01-18T13:00:00.000Z,2022-01-18T21:00:00.000Z,2022-01-19T00:00:00.000Z,2022-01-19T13:00:00.000Z,0.601257,0.004242,0.836532,1.17629,low,0.6,true,expanded,harvestable_chop_candidate,true,gate90d_range_box_slots_cost_clamped_v0,0.200419,0.200419,0.601257,true,0.050105,,0,0,0,8FEAF05E02D63985BD8D705ECE09352EE89CE250138E90C077FB6E0D6BBB7372
2022-01-17T00:00:00.000Z|AUDNZD|ny|2022-01-19,2022-01-17T00:00:00.000Z,AUDNZD,SHORT,ny|2022-01-19,NY,2022-01-19T00:00:00.000Z,2022-01-19T13:00:00.000Z,2022-01-19T13:00:00.000Z,2022-01-19T21:00:00.000Z,0.836532,0.034393,0.541844,1.17629,low,0.6,true,expanded,harvestable_chop_candidate,true,gate90d_range_box_slots_cost_clamped_v0,0.278844,0.278844,0.836532,true,0.069711,,0,0,0,54817EAF931195EA5A2E02B4CD791C2B18CCF7A8C764AC47EBAACC93A8619EAF
2022-01-17T00:00:00.000Z|AUDNZD|asia_london|2022-01-20,2022-01-17T00:00:00.000Z,AUDNZD,SHORT,asia_london|2022-01-20,ASIA_LONDON,2022-01-19T13:00:00.000Z,2022-01-19T21:00:00.000Z,2022-01-20T00:00:00.000Z,2022-01-20T13:00:00.000Z,0.541844,0.069745,1.582756,1.17629,low,0.6,false,expanded,dead_chop_cost_churn,false,gate90d_range_box_slots_cost_clamped_v0,0.180615,0.2,0.6,false,0.05,,0,0,0,82B821DF18C73199D11BA607B26EACDAA1F83D751D099BAF476E0B70999291F5
2022-01-17T00:00:00.000Z|AUDNZD|ny|2022-01-20,2022-01-17T00:00:00.000Z,AUDNZD,SHORT,ny|2022-01-20,NY,2022-01-20T00:00:00.000Z,2022-01-20T13:00:00.000Z,2022-01-20T13:00:00.000Z,2022-01-20T21:00:00.000Z,1.582756,0.019287,0.510949,1.17629,low,0.6,true,expanded,harvestable_chop_candidate,true,gate90d_range_box_slots_cost_clamped_v0,0.527585,0.3,0.9,true,0.075,,0,0,0,E73329077E3B1EBDE246D2F258685F0579A02F577E952BD8A0C3F3B4D5E3EAF3
2022-01-17T00:00:00.000Z|AUDNZD|asia_london|2022-01-21,2022-01-17T00:00:00.000Z,AUDNZD,SHORT,asia_london|2022-01-21,ASIA_LONDON,2022-01-20T13:00:00.000Z,2022-01-20T21:00:00.000Z,2022-01-21T00:00:00.000Z,2022-01-21T13:00:00.000Z,0.510949,0.022093,0.836531,1.17629,low,0.6,false,expanded,dead_chop_cost_churn,false,gate90d_range_box_slots_cost_clamped_v0,0.170316,0.2,0.6,false,0.05,,0,0,0,5AFA611EDC6DDA935B24B15CF87B64E2D091EB3C71A3D680322DFF939C62AAFB
2022-01-17T00:00:00.000Z|AUDNZD|ny|2022-01-21,2022-01-17T00:00:00.000Z,AUDNZD,SHORT,ny|2022-01-21,NY,2022-01-21T00:00:00.000Z,2022-01-21T13:00:00.000Z,2022-01-21T13:00:00.000Z,2022-01-21T21:00:00.000Z,0.836531,0.023737,0.432525,1.17629,low,0.6,true,expanded,harvestable_chop_candidate,true,gate90d_range_box_slots_cost_clamped_v0,0.278844,0.278844,0.836531,true,0.069711,,1,0,1,000EA13521EBF9CE25E52FF544CC9CDA81D4486467E7FDAD352DFDC31E98890B
2022-01-17T00:00:00.000Z|AUDUSD|ny|2022-01-17,2022-01-17T00:00:00.000Z,AUDUSD,SHORT,ny|2022-01-17,NY,2022-01-17T00:00:00.000Z,2022-01-17T13:00:00.000Z,2022-01-17T13:00:00.000Z,2022-01-17T21:00:00.000Z,0.535623,0.004059,0.232741,0.896992,low,0.6,false,compressed,dead_chop_cost_churn,false,gate90d_range_box_slots_cost_clamped_v0,0.178541,0.2,0.6,false,0.05,,0,0,0,CFCFDCE24C03C4C48FD9D1A1CD687CE6CABE44B09E8C8544570B2D750AE9B2B6
2022-01-17T00:00:00.000Z|AUDUSD|asia_london|2022-01-18,2022-01-17T00:00:00.000Z,AUDUSD,SHORT,asia_london|2022-01-18,ASIA_LONDON,2022-01-17T13:00:00.000Z,2022-01-17T21:00:00.000Z,2022-01-18T00:00:00.000Z,2022-01-18T13:00:00.000Z,0.232741,0.037438,0.773145,0.896992,low,0.6,false,compressed,dead_chop_cost_churn,false,gate90d_range_box_slots_cost_clamped_v0,0.07758,0.2,0.6,false,0.05,,0,0,0,281129A85311815D76680CCE6D472EA2E1F52609B9E18A9E65DAD062B10C936C
2022-01-17T00:00:00.000Z|AUDUSD|ny|2022-01-18,2022-01-17T00:00:00.000Z,AUDUSD,SHORT,ny|2022-01-18,NY,2022-01-18T00:00:00.000Z,2022-01-18T13:00:00.000Z,2022-01-18T13:00:00.000Z,2022-01-18T21:00:00.000Z,0.773145,0.015743,0.401717,0.896992,low,0.6,true,compressed,harvestable_chop_candidate,true,gate90d_range_box_slots_cost_clamped_v0,0.257715,0.257715,0.773145,true,0.064429,,0,0,0,479EB10657C2D74EA8FEB12DEAA7BFF8C2C6EF0F13D7E67A4F1935E9A790050D
2022-01-17T00:00:00.000Z|AUDUSD|asia_london|2022-01-19,2022-01-17T00:00:00.000Z,AUDUSD,SHORT,asia_london|2022-01-19,ASIA_LONDON,2022-01-18T13:00:00.000Z,2022-01-18T21:00:00.000Z,2022-01-19T00:00:00.000Z,2022-01-19T13:00:00.000Z,0.401717,0.03801,0.610546,0.896992,low,0.6,false,compressed,dead_chop_cost_churn,false,gate90d_range_box_slots_cost_clamped_v0,0.133906,0.2,0.6,false,0.05,,0,0,0,1E5681AD85811C73BD8A6BCFCAC031CB02E5C2E74EE00505745143B9C063E60E
2022-01-17T00:00:00.000Z|AUDUSD|ny|2022-01-19,2022-01-17T00:00:00.000Z,AUDUSD,SHORT,ny|2022-01-19,NY,2022-01-19T00:00:00.000Z,2022-01-19T13:00:00.000Z,2022-01-19T13:00:00.000Z,2022-01-19T21:00:00.000Z,0.610546,0.017463,0.465482,0.896992,low,0.6,true,compressed,harvestable_chop_candidate,true,gate90d_range_box_slots_cost_clamped_v0,0.203515,0.203515,0.610546,true,0.050879,,0,0,0,F2EC1291DCAD3B01BAAC8B87D3611D4D65CF0BD6B59E24D3A18FF9C695F8F7B4
2022-01-17T00:00:00.000Z|AUDUSD|asia_london|2022-01-20,2022-01-17T00:00:00.000Z,AUDUSD,SHORT,asia_london|2022-01-20,ASIA_LONDON,2022-01-19T13:00:00.000Z,2022-01-19T21:00:00.000Z,2022-01-20T00:00:00.000Z,2022-01-20T13:00:00.000Z,0.465482,0.037269,0.661557,0.896992,low,0.6,false,compressed,dead_chop_cost_churn,false,gate90d_range_box_slots_cost_clamped_v0,0.155161,0.2,0.6,false,0.05,,0,0,0,285C6162B34DF3A6B5BA61E2CE63B993B1DBBB64C943B068D9146718211339F7
2022-01-17T00:00:00.000Z|AUDUSD|ny|2022-01-20,2022-01-17T00:00:00.000Z,AUDUSD,SHORT,ny|2022-01-20,NY,2022-01-20T00:00:00.000Z,2022-01-20T13:00:00.000Z,2022-01-20T13:00:00.000Z,2022-01-20T21:00:00.000Z,0.661557,0.043085,0.927774,0.896992,low,0.6,true,compressed,harvestable_chop_candidate,true,gate90d_range_box_slots_cost_clamped_v0,0.220519,0.220519,0.661557,true,0.05513,,0,0,0,8BB5182EE9B75652528B9E8F97522DDC1F3E8EDA93534DAE1249573EC09C4348
2022-01-17T00:00:00.000Z|AUDUSD|asia_london|2022-01-21,2022-01-17T00:00:00.000Z,AUDUSD,SHORT,asia_london|2022-01-21,ASIA_LONDON,2022-01-20T13:00:00.000Z,2022-01-20T21:00:00.000Z,2022-01-21T00:00:00.000Z,2022-01-21T13:00:00.000Z,0.927774,0.03493,0.589822,0.896992,low,0.6,true,compressed,harvestable_chop_candidate,true,gate90d_range_box_slots_cost_clamped_v0,0.309258,0.3,0.9,true,0.075,,0,0,0,D96DD27B05E0FC08C34FCD25599663226278062DA196999980202910BD3FBA38
2022-01-17T00:00:00.000Z|AUDUSD|ny|2022-01-21,2022-01-17T00:00:00.000Z,AUDUSD,SHORT,ny|2022-01-21,NY,2022-01-21T00:00:00.000Z,2022-01-21T13:00:00.000Z,2022-01-21T13:00:00.000Z,2022-01-21T21:00:00.000Z,0.589822,0.028258,0.47664,0.896992,low,0.6,false,compressed,dead_chop_cost_churn,false,gate90d_range_box_slots_cost_clamped_v0,0.196607,0.2,0.6,false,0.05,,0,0,0,FF2E21DB4F5B10F3DE851CEADB5ABCE1F3E00F43AD18699DA11F81EAD39D283C
2022-01-17T00:00:00.000Z|CADCHF|ny|2022-01-17,2022-01-17T00:00:00.000Z,CADCHF,LONG,ny|2022-01-17,NY,2022-01-17T00:00:00.000Z,2022-01-17T13:00:00.000Z,2022-01-17T13:00:00.000Z,2022-01-17T21:00:00.000Z,0.451299,0.016241,0.424137,0.987395,low,0.6,false,normal,dead_chop_cost_churn,false,gate90d_range_box_slots_cost_clamped_v0,0.150433,0.2,0.6,false,0.05,,1,0,1,46C573F3719E30113BC419CC0A3F83E43158C5B8FC060156609279AF2CFBB8CE
2022-01-17T00:00:00.000Z|CADCHF|asia_london|2022-01-18,2022-01-17T00:00:00.000Z,CADCHF,LONG,asia_london|2022-01-18,ASIA_LONDON,2022-01-17T13:00:00.000Z,2022-01-17T21:00:00.000Z,2022-01-18T00:00:00.000Z,2022-01-18T13:00:00.000Z,0.424137,0.020928,0.497264,0.987395,low,0.6,false,normal,dead_chop_cost_churn,false,gate90d_range_box_slots_cost_clamped_v0,0.141379,0.2,0.6,false,0.05,,1,0,1,2236AD16D3BD1F9543B6797ABCDF5BF3146D81036CEB9D3A45F809D1E04EF671
2022-01-17T00:00:00.000Z|CADCHF|ny|2022-01-18,2022-01-17T00:00:00.000Z,CADCHF,LONG,ny|2022-01-18,NY,2022-01-18T00:00:00.000Z,2022-01-18T13:00:00.000Z,2022-01-18T13:00:00.000Z,2022-01-18T21:00:00.000Z,0.497264,0.035897,0.683216,0.987395,low,0.6,false,normal,dead_chop_cost_churn,false,gate90d_range_box_slots_cost_clamped_v0,0.165755,0.2,0.6,false,0.05,,0,0,0,21A305ADDBA25813BC8D499D8A152E0D18984C7FACBB78E0CE21D467B21E4836
2022-01-17T00:00:00.000Z|CADCHF|asia_london|2022-01-19,2022-01-17T00:00:00.000Z,CADCHF,LONG,asia_london|2022-01-19,ASIA_LONDON,2022-01-18T13:00:00.000Z,2022-01-18T21:00:00.000Z,2022-01-19T00:00:00.000Z,2022-01-19T13:00:00.000Z,0.683216,0.0002,0.752164,0.987395,low,0.6,true,normal,harvestable_chop_candidate,true,gate90d_range_box_slots_cost_clamped_v0,0.227739,0.227739,0.683216,true,0.056935,,0,0,0,3A90B96BBE9874222D2D5051A338AD952C29F88207ACC9007C5DD4EC569D7528
2022-01-17T00:00:00.000Z|CADCHF|ny|2022-01-19,2022-01-17T00:00:00.000Z,CADCHF,LONG,ny|2022-01-19,NY,2022-01-19T00:00:00.000Z,2022-01-19T13:00:00.000Z,2022-01-19T13:00:00.000Z,2022-01-19T21:00:00.000Z,0.752164,0.036123,0.624714,0.987395,low,0.6,true,normal,harvestable_chop_candidate,true,gate90d_range_box_slots_cost_clamped_v0,0.250721,0.250721,0.752164,true,0.06268,,0,0,0,CB392FFE72EC2A7FB1259935E38A0DCBE2410F637E9DF02E33193578031B8B87
2022-01-17T00:00:00.000Z|CADCHF|asia_london|2022-01-20,2022-01-17T00:00:00.000Z,CADCHF,LONG,asia_london|2022-01-20,ASIA_LONDON,2022-01-19T13:00:00.000Z,2022-01-19T21:00:00.000Z,2022-01-20T00:00:00.000Z,2022-01-20T13:00:00.000Z,0.624714,0.025256,0.524426,0.987395,low,0.6,true,normal,harvestable_chop_candidate,true,gate90d_range_box_slots_cost_clamped_v0,0.208238,0.208238,0.624714,true,0.052059,,1,1,0,60B5C3BEC1DECDC03DCCFE2974E4ADB7AE6E2FBA6E29156691C78F2C1D546D38
2022-01-17T00:00:00.000Z|CADCHF|ny|2022-01-20,2022-01-17T00:00:00.000Z,CADCHF,LONG,ny|2022-01-20,NY,2022-01-20T00:00:00.000Z,2022-01-20T13:00:00.000Z,2022-01-20T13:00:00.000Z,2022-01-20T21:00:00.000Z,0.524426,0.010495,0.833649,0.987395,low,0.6,false,normal,dead_chop_cost_churn,false,gate90d_range_box_slots_cost_clamped_v0,0.174809,0.2,0.6,false,0.05,,0,0,0,86863CF36CD1CA577E5FE787BE567F0804F5EACC72B408068E2E4E82F79AC946
2022-01-17T00:00:00.000Z|CADCHF|asia_london|2022-01-21,2022-01-17T00:00:00.000Z,CADCHF,LONG,asia_london|2022-01-21,ASIA_LONDON,2022-01-20T13:00:00.000Z,2022-01-20T21:00:00.000Z,2022-01-21T00:00:00.000Z,2022-01-21T13:00:00.000Z,0.833649,0.083999,1.274501,0.987395,low,0.6,true,normal,harvestable_chop_candidate,true,gate90d_range_box_slots_cost_clamped_v0,0.277883,0.277883,0.833649,true,0.069471,,0,0,0,F3E28817BFA3441E9A998C82EC2F751EFE0382AE6973FE4E3651206DFC898CA9
2022-01-17T00:00:00.000Z|CADCHF|ny|2022-01-21,2022-01-17T00:00:00.000Z,CADCHF,LONG,ny|2022-01-21,NY,2022-01-21T00:00:00.000Z,2022-01-21T13:00:00.000Z,2022-01-21T13:00:00.000Z,2022-01-21T21:00:00.000Z,1.274501,0.077535,0.666501,0.987395,low,0.6,true,normal,harvestable_chop_candidate,true,gate90d_range_box_slots_cost_clamped_v0,0.424834,0.3,0.9,true,0.075,,1,1,0,282F16922849550B941C2057CB738E0A2A2F91A58BC6EF33561CC5844F751152
2022-01-17T00:00:00.000Z|CADJPY|ny|2022-01-17,2022-01-17T00:00:00.000Z,CADJPY,SHORT,ny|2022-01-17,NY,2022-01-17T00:00:00.000Z,2022-01-17T13:00:00.000Z,2022-01-17T13:00:00.000Z,2022-01-17T21:00:00.000Z,0.623187,0.03059,0.350921,0.969141,low,0.6,true,normal,harvestable_chop_candidate,true,gate90d_range_box_slots_cost_clamped_v0,0.207729,0.207729,0.623187,true,0.051932,,0,0,0,AEAA9534901655380239606D041E7EE84046460B62E891B540D68FFBD1A3AEE6
2022-01-17T00:00:00.000Z|CADJPY|asia_london|2022-01-18,2022-01-17T00:00:00.000Z,CADJPY,SHORT,asia_london|2022-01-18,ASIA_LONDON,2022-01-17T13:00:00.000Z,2022-01-17T21:00:00.000Z,2022-01-18T00:00:00.000Z,2022-01-18T13:00:00.000Z,0.350921,0.008318,0.68732,0.969141,low,0.6,false,normal,dead_chop_cost_churn,false,gate90d_range_box_slots_cost_clamped_v0,0.116974,0.2,0.6,false,0.05,,0,0,0,7A8899C3A23564720AFDFD3A25FB3F921C37C34D8366A617C4776F24958738DF
2022-01-17T00:00:00.000Z|CADJPY|ny|2022-01-18,2022-01-17T00:00:00.000Z,CADJPY,SHORT,ny|2022-01-18,NY,2022-01-18T00:00:00.000Z,2022-01-18T13:00:00.000Z,2022-01-18T13:00:00.000Z,2022-01-18T21:00:00.000Z,0.68732,0.009177,0.572363,0.969141,low,0.6,true,normal,harvestable_chop_candidate,true,gate90d_range_box_slots_cost_clamped_v0,0.229107,0.229107,0.68732,true,0.057277,,0,0,0,0431796F5CA4599D1783DDA5035CD478449D35F2FBC1F958388775212C92CA0F
2022-01-17T00:00:00.000Z|CADJPY|asia_london|2022-01-19,2022-01-17T00:00:00.000Z,CADJPY,SHORT,asia_london|2022-01-19,ASIA_LONDON,2022-01-18T13:00:00.000Z,2022-01-18T21:00:00.000Z,2022-01-19T00:00:00.000Z,2022-01-19T13:00:00.000Z,0.572363,0.013022,0.68006,0.969141,low,0.6,false,normal,dead_chop_cost_churn,false,gate90d_range_box_slots_cost_clamped_v0,0.190788,0.2,0.6,false,0.05,,0,0,0,72C1ABD559D53B79743AC4D01E7301162F7F4F9A5F125D9099EE361E6B4CF037
2022-01-17T00:00:00.000Z|CADJPY|ny|2022-01-19,2022-01-17T00:00:00.000Z,CADJPY,SHORT,ny|2022-01-19,NY,2022-01-19T00:00:00.000Z,2022-01-19T13:00:00.000Z,2022-01-19T13:00:00.000Z,2022-01-19T21:00:00.000Z,0.68006,0.069406,0.775656,0.969141,low,0.6,true,normal,harvestable_chop_candidate,true,gate90d_range_box_slots_cost_clamped_v0,0.226687,0.226687,0.68006,true,0.056672,,0,0,0,FA708475D9941802B9C40F08A023C71ADC6CBA8B8445E1F1935A53A81AB49D27
2022-01-17T00:00:00.000Z|CADJPY|asia_london|2022-01-20,2022-01-17T00:00:00.000Z,CADJPY,SHORT,asia_london|2022-01-20,ASIA_LONDON,2022-01-19T13:00:00.000Z,2022-01-19T21:00:00.000Z,2022-01-20T00:00:00.000Z,2022-01-20T13:00:00.000Z,0.775656,0.008163,0.626817,0.969141,low,0.6,true,normal,harvestable_chop_candidate,true,gate90d_range_box_slots_cost_clamped_v0,0.258552,0.258552,0.775656,true,0.064638,,0,0,0,210EA8118E9ECC169C86BE9B828ECB0CFA5CE82BA4BA0A3A8BE50D09E5565F28
2022-01-17T00:00:00.000Z|CADJPY|ny|2022-01-20,2022-01-17T00:00:00.000Z,CADJPY,SHORT,ny|2022-01-20,NY,2022-01-20T00:00:00.000Z,2022-01-20T13:00:00.000Z,2022-01-20T13:00:00.000Z,2022-01-20T21:00:00.000Z,0.626817,0.037435,0.510649,0.969141,low,0.6,true,normal,harvestable_chop_candidate,true,gate90d_range_box_slots_cost_clamped_v0,0.208939,0.208939,0.626817,true,0.052235,,0,0,0,77020729A44FA2857411C29115CCE529BB4E2D9A06CB64F55CB1F1E1074EC59A
2022-01-17T00:00:00.000Z|CADJPY|asia_london|2022-01-21,2022-01-17T00:00:00.000Z,CADJPY,SHORT,asia_london|2022-01-21,ASIA_LONDON,2022-01-20T13:00:00.000Z,2022-01-20T21:00:00.000Z,2022-01-21T00:00:00.000Z,2022-01-21T13:00:00.000Z,0.510649,0.040808,0.663119,0.969141,low,0.6,false,normal,dead_chop_cost_churn,false,gate90d_range_box_slots_cost_clamped_v0,0.170216,0.2,0.6,false,0.05,,0,0,0,228DA759DE313CA8CEF71133D05E71A8E2A0DFB965B6C1CA784C5E80341926B0
2022-01-17T00:00:00.000Z|CADJPY|ny|2022-01-21,2022-01-17T00:00:00.000Z,CADJPY,SHORT,ny|2022-01-21,NY,2022-01-21T00:00:00.000Z,2022-01-21T13:00:00.000Z,2022-01-21T13:00:00.000Z,2022-01-21T21:00:00.000Z,0.663119,0.039619,0.537271,0.969141,low,0.6,true,normal,harvestable_chop_candidate,true,gate90d_range_box_slots_cost_clamped_v0,0.22104,0.22104,0.663119,true,0.05526,,0,0,0,6E55B9EE265335D8F3EEBD9EFEF05B3A6A3D256D8C781500268E4A95759ED9D6
2022-01-17T00:00:00.000Z|CHFJPY|ny|2022-01-17,2022-01-17T00:00:00.000Z,CHFJPY,LONG,ny|2022-01-17,NY,2022-01-17T00:00:00.000Z,2022-01-17T13:00:00.000Z,2022-01-17T13:00:00.000Z,2022-01-17T21:00:00.000Z,0.552164,0.057625,0.365501,1.012949,low,0.6,false,normal,dead_chop_cost_churn,false,gate90d_range_box_slots_cost_clamped_v0,0.184055,0.2,0.6,false,0.05,,0,0,0,B3E5D44BDE6245B300E81F9265C873E2D309A8E75ED7BCABE9F00950C02C46D0
2022-01-17T00:00:00.000Z|CHFJPY|asia_london|2022-01-18,2022-01-17T00:00:00.000Z,CHFJPY,LONG,asia_london|2022-01-18,ASIA_LONDON,2022-01-17T13:00:00.000Z,2022-01-17T21:00:00.000Z,2022-01-18T00:00:00.000Z,2022-01-18T13:00:00.000Z,0.365501,0.011313,0.543223,1.012949,low,0.6,false,normal,dead_chop_cost_churn,false,gate90d_range_box_slots_cost_clamped_v0,0.121834,0.2,0.6,false,0.05,,0,0,0,EFDFDFD5B8073A67CE7B1A71DA36E9154679FAAEC51FCB0ED3EA375535966521
2022-01-17T00:00:00.000Z|CHFJPY|ny|2022-01-18,2022-01-17T00:00:00.000Z,CHFJPY,LONG,ny|2022-01-18,NY,2022-01-18T00:00:00.000Z,2022-01-18T13:00:00.000Z,2022-01-18T13:00:00.000Z,2022-01-18T21:00:00.000Z,0.543223,0.056266,0.494042,1.012949,low,0.6,false,normal,dead_chop_cost_churn,false,gate90d_range_box_slots_cost_clamped_v0,0.181074,0.2,0.6,false,0.05,,0,0,0,7711151B302770FC2F5316ACB4EB8109FB6C291BAEBFC3542B411B43EFF10230
2022-01-17T00:00:00.000Z|CHFJPY|asia_london|2022-01-19,2022-01-17T00:00:00.000Z,CHFJPY,LONG,asia_london|2022-01-19,ASIA_LONDON,2022-01-18T13:00:00.000Z,2022-01-18T21:00:00.000Z,2022-01-19T00:00:00.000Z,2022-01-19T13:00:00.000Z,0.494042,0.018343,0.467216,1.012949,low,0.6,false,normal,dead_chop_cost_churn,false,gate90d_range_box_slots_cost_clamped_v0,0.164681,0.2,0.6,false,0.05,,0,0,0,C82C37025C9C983C7F91A5770F1E149848DACB4C8DDB363A9BB3B6FDDF6554E0
2022-01-17T00:00:00.000Z|CHFJPY|ny|2022-01-19,2022-01-17T00:00:00.000Z,CHFJPY,LONG,ny|2022-01-19,NY,2022-01-19T00:00:00.000Z,2022-01-19T13:00:00.000Z,2022-01-19T13:00:00.000Z,2022-01-19T21:00:00.000Z,0.467216,0.046414,0.498513,1.012949,low,0.6,false,normal,dead_chop_cost_churn,false,gate90d_range_box_slots_cost_clamped_v0,0.155739,0.2,0.6,false,0.05,,0,0,0,F86A51E26B4E2EC445ABA4A46C61FF0B1455A30EEE3F43AF70DCB366CEB3FFF5
2022-01-17T00:00:00.000Z|CHFJPY|asia_london|2022-01-20,2022-01-17T00:00:00.000Z,CHFJPY,LONG,asia_london|2022-01-20,ASIA_LONDON,2022-01-19T13:00:00.000Z,2022-01-19T21:00:00.000Z,2022-01-20T00:00:00.000Z,2022-01-20T13:00:00.000Z,0.498513,0.016476,0.523103,1.012949,low,0.6,false,normal,dead_chop_cost_churn,false,gate90d_range_box_slots_cost_clamped_v0,0.166171,0.2,0.6,false,0.05,,0,0,0,36177A4240D3D47C05D8CC097F231D259DE2DE5905D32F915E292D3433C1ABFC
2022-01-17T00:00:00.000Z|CHFJPY|ny|2022-01-20,2022-01-17T00:00:00.000Z,CHFJPY,LONG,ny|2022-01-20,NY,2022-01-20T00:00:00.000Z,2022-01-20T13:00:00.000Z,2022-01-20T13:00:00.000Z,2022-01-20T21:00:00.000Z,0.523103,0.070312,0.50522,1.012949,low,0.6,false,normal,dead_chop_cost_churn,false,gate90d_range_box_slots_cost_clamped_v0,0.174368,0.2,0.6,false,0.05,,0,0,0,7E3E1C20CAE3CF6AE447030984A27A69682728150C3886B4D371FFA2BF2D9BFE
2022-01-17T00:00:00.000Z|CHFJPY|asia_london|2022-01-21,2022-01-17T00:00:00.000Z,CHFJPY,LONG,asia_london|2022-01-21,ASIA_LONDON,2022-01-20T13:00:00.000Z,2022-01-20T21:00:00.000Z,2022-01-21T00:00:00.000Z,2022-01-21T13:00:00.000Z,0.50522,0.033214,1.099858,1.012949,low,0.6,false,normal,dead_chop_cost_churn,false,gate90d_range_box_slots_cost_clamped_v0,0.168407,0.2,0.6,false,0.05,,0,0,0,C8ECD35438DF9BF3B8065B7625A5C112202EA5DA81A3F2EBDF6EC26D917413A0
2022-01-17T00:00:00.000Z|CHFJPY|ny|2022-01-21,2022-01-17T00:00:00.000Z,CHFJPY,LONG,ny|2022-01-21,NY,2022-01-21T00:00:00.000Z,2022-01-21T13:00:00.000Z,2022-01-21T13:00:00.000Z,2022-01-21T21:00:00.000Z,1.099858,0.03461,0.32638,1.012949,low,0.6,true,normal,harvestable_chop_candidate,true,gate90d_range_box_slots_cost_clamped_v0,0.366619,0.3,0.9,true,0.075,,0,0,0,511DEA9AC78F01B9C2BCCBA8EB12110A7BD4894FAE798AA7A151B9A29145FE77
2022-01-17T00:00:00.000Z|EURAUD|ny|2022-01-17,2022-01-17T00:00:00.000Z,EURAUD,LONG,ny|2022-01-17,NY,2022-01-17T00:00:00.000Z,2022-01-17T13:00:00.000Z,2022-01-17T13:00:00.000Z,2022-01-17T21:00:00.000Z,0.584626,0.028609,0.343444,1.215918,low,0.6,false,expanded,dead_chop_cost_churn,false,gate90d_range_box_slots_cost_clamped_v0,0.194875,0.2,0.6,false,0.05,,0,0,0,DC8F82AEAA6AD866B6549DAF3CEE13117E059CA2C1DBA0D28B587E31B8A09B40
2022-01-17T00:00:00.000Z|EURAUD|asia_london|2022-01-18,2022-01-17T00:00:00.000Z,EURAUD,LONG,asia_london|2022-01-18,ASIA_LONDON,2022-01-17T13:00:00.000Z,2022-01-17T21:00:00.000Z,2022-01-18T00:00:00.000Z,2022-01-18T13:00:00.000Z,0.343444,0.011077,0.723548,1.215918,low,0.6,false,expanded,dead_chop_cost_churn,false,gate90d_range_box_slots_cost_clamped_v0,0.114481,0.2,0.6,false,0.05,,0,0,0,94767DD318D9C9CED88C7FADFD9AAC17E29BC205E08418F4EADE24951BFCC9A2
2022-01-17T00:00:00.000Z|EURAUD|ny|2022-01-18,2022-01-17T00:00:00.000Z,EURAUD,LONG,ny|2022-01-18,NY,2022-01-18T00:00:00.000Z,2022-01-18T13:00:00.000Z,2022-01-18T13:00:00.000Z,2022-01-18T21:00:00.000Z,0.723548,0.103724,0.809408,1.215918,low,0.6,true,expanded,harvestable_chop_candidate,true,gate90d_range_box_slots_cost_clamped_v0,0.241183,0.241183,0.723548,true,0.060296,,0,0,0,D2C9EE2320EDA48D439505D4A72DEC8FE03F5F9830E7093B5BDD4527C5E616F8
2022-01-17T00:00:00.000Z|EURAUD|asia_london|2022-01-19,2022-01-17T00:00:00.000Z,EURAUD,LONG,asia_london|2022-01-19,ASIA_LONDON,2022-01-18T13:00:00.000Z,2022-01-18T21:00:00.000Z,2022-01-19T00:00:00.000Z,2022-01-19T13:00:00.000Z,0.809408,0.034048,0.682064,1.215918,low,0.6,true,expanded,harvestable_chop_candidate,true,gate90d_range_box_slots_cost_clamped_v0,0.269803,0.269803,0.809408,true,0.067451,,0,0,0,DE9E8BA1E36803A305B8A737E1B1223096844CE7790F006F5FA80BB43F98075F
2022-01-17T00:00:00.000Z|EURAUD|ny|2022-01-19,2022-01-17T00:00:00.000Z,EURAUD,LONG,ny|2022-01-19,NY,2022-01-19T00:00:00.000Z,2022-01-19T13:00:00.000Z,2022-01-19T13:00:00.000Z,2022-01-19T21:00:00.000Z,0.682064,0.005873,0.55665,1.215918,low,0.6,true,expanded,harvestable_chop_candidate,true,gate90d_range_box_slots_cost_clamped_v0,0.227355,0.227355,0.682064,true,0.056839,,0,0,0,65FB52A121C78B8CDFC6A87AD15DF74D8B943CF06DFFFCF2A262431C286D0AFC
2022-01-17T00:00:00.000Z|EURAUD|asia_london|2022-01-20,2022-01-17T00:00:00.000Z,EURAUD,LONG,asia_london|2022-01-20,ASIA_LONDON,2022-01-19T13:00:00.000Z,2022-01-19T21:00:00.000Z,2022-01-20T00:00:00.000Z,2022-01-20T13:00:00.000Z,0.55665,0.045444,0.656017,1.215918,low,0.6,false,expanded,dead_chop_cost_churn,false,gate90d_range_box_slots_cost_clamped_v0,0.18555,0.2,0.6,false,0.05,,0,0,0,3FB1D195474C6B5C9BBDAEC8AFCC58F4E301A815A7ED4959A2332F624A9CE5E3
2022-01-17T00:00:00.000Z|EURAUD|ny|2022-01-20,2022-01-17T00:00:00.000Z,EURAUD,LONG,ny|2022-01-20,NY,2022-01-20T00:00:00.000Z,2022-01-20T13:00:00.000Z,2022-01-20T13:00:00.000Z,2022-01-20T21:00:00.000Z,0.656017,0.011108,0.742842,1.215918,low,0.6,true,expanded,harvestable_chop_candidate,true,gate90d_range_box_slots_cost_clamped_v0,0.218672,0.218672,0.656017,true,0.054668,,0,0,0,24DACA62EC6BC7E6FA56C1A54B798C687519B595F7CB9CD46804DE6E4907535F
2022-01-17T00:00:00.000Z|EURAUD|asia_london|2022-01-21,2022-01-17T00:00:00.000Z,EURAUD,LONG,asia_london|2022-01-21,ASIA_LONDON,2022-01-20T13:00:00.000Z,2022-01-20T21:00:00.000Z,2022-01-21T00:00:00.000Z,2022-01-21T13:00:00.000Z,0.742842,0.06223,1.066991,1.215918,low,0.6,true,expanded,harvestable_chop_candidate,true,gate90d_range_box_slots_cost_clamped_v0,0.247614,0.247614,0.742842,true,0.061904,,0,0,0,39CDFEA38167E65D0D88AE43035E7F5820DCA6C6C2EA457A2F4587EC4D300D74
2022-01-17T00:00:00.000Z|EURAUD|ny|2022-01-21,2022-01-17T00:00:00.000Z,EURAUD,LONG,ny|2022-01-21,NY,2022-01-21T00:00:00.000Z,2022-01-21T13:00:00.000Z,2022-01-21T13:00:00.000Z,2022-01-21T21:00:00.000Z,1.066991,0.009095,0.605851,1.215918,low,0.6,true,expanded,harvestable_chop_candidate,true,gate90d_range_box_slots_cost_clamped_v0,0.355664,0.3,0.9,true,0.075,,2,0,2,2CE5DEC75557945F7D52BAD3EA74EE5C735E0054FA5438C1AD9B03FCAAD8FDD2
2022-01-17T00:00:00.000Z|EURCAD|ny|2022-01-17,2022-01-17T00:00:00.000Z,EURCAD,LONG,ny|2022-01-17,NY,2022-01-17T00:00:00.000Z,2022-01-17T13:00:00.000Z,2022-01-17T13:00:00.000Z,2022-01-17T21:00:00.000Z,0.623393,0.004106,0.472197,1.139722,low,0.6,true,expanded,harvestable_chop_candidate,true,gate90d_range_box_slots_cost_clamped_v0,0.207798,0.207798,0.623393,true,0.051949,,2,2,0,7B1E369F64670CD3DB3DB054C5EC632D73187100541DC9F002E3C495A464E089
2022-01-17T00:00:00.000Z|EURCAD|asia_london|2022-01-18,2022-01-17T00:00:00.000Z,EURCAD,LONG,asia_london|2022-01-18,ASIA_LONDON,2022-01-17T13:00:00.000Z,2022-01-17T21:00:00.000Z,2022-01-18T00:00:00.000Z,2022-01-18T13:00:00.000Z,0.472197,0.042778,0.642001,1.139722,low,0.6,false,expanded,dead_chop_cost_churn,false,gate90d_range_box_slots_cost_clamped_v0,0.157399,0.2,0.6,false,0.05,,0,0,0,8DEAB87E6E72C3B25C48EA5BFA35CD7BF39D7053DFE6C63F736D05B29F05CAA9
2022-01-17T00:00:00.000Z|EURCAD|ny|2022-01-18,2022-01-17T00:00:00.000Z,EURCAD,LONG,ny|2022-01-18,NY,2022-01-18T00:00:00.000Z,2022-01-18T13:00:00.000Z,2022-01-18T13:00:00.000Z,2022-01-18T21:00:00.000Z,0.642001,0.100027,0.914155,1.139722,low,0.6,true,expanded,harvestable_chop_candidate,true,gate90d_range_box_slots_cost_clamped_v0,0.214,0.214,0.642001,true,0.0535,,2,2,0,F3F3EB795630C4FA39F98820BC4271D7FDA84C22DCEFA79C859BA2B7DA715BE7
2022-01-17T00:00:00.000Z|EURCAD|asia_london|2022-01-19,2022-01-17T00:00:00.000Z,EURCAD,LONG,asia_london|2022-01-19,ASIA_LONDON,2022-01-18T13:00:00.000Z,2022-01-18T21:00:00.000Z,2022-01-19T00:00:00.000Z,2022-01-19T13:00:00.000Z,0.914155,0.013071,0.674567,1.139722,low,0.6,true,expanded,harvestable_chop_candidate,true,gate90d_range_box_slots_cost_clamped_v0,0.304718,0.3,0.9,true,0.075,,0,0,0,6B0EC7217E483C49405AB2477E3ECBECAB9F58BD6E36C6D11B0A7BFE49AF0EDF
2022-01-17T00:00:00.000Z|EURCAD|ny|2022-01-19,2022-01-17T00:00:00.000Z,EURCAD,LONG,ny|2022-01-19,NY,2022-01-19T00:00:00.000Z,2022-01-19T13:00:00.000Z,2022-01-19T13:00:00.000Z,2022-01-19T21:00:00.000Z,0.674567,0.051673,0.907177,1.139722,low,0.6,true,expanded,harvestable_chop_candidate,true,gate90d_range_box_slots_cost_clamped_v0,0.224856,0.224856,0.674567,true,0.056214,,2,0,2,0D1DF99A6113DE245A616E2F1B31C3E203BBAE572F882F14641DE3F4B2C0F926
2022-01-17T00:00:00.000Z|EURCAD|asia_london|2022-01-20,2022-01-17T00:00:00.000Z,EURCAD,LONG,asia_london|2022-01-20,ASIA_LONDON,2022-01-19T13:00:00.000Z,2022-01-19T21:00:00.000Z,2022-01-20T00:00:00.000Z,2022-01-20T13:00:00.000Z,0.907177,0.033357,0.665262,1.139722,low,0.6,true,expanded,harvestable_chop_candidate,true,gate90d_range_box_slots_cost_clamped_v0,0.302392,0.3,0.9,true,0.075,,0,0,0,D2CE3D9050F4630D1543301DD2AC50A168472FA30329740A0668AFA792715633
2022-01-17T00:00:00.000Z|EURCAD|ny|2022-01-20,2022-01-17T00:00:00.000Z,EURCAD,LONG,ny|2022-01-20,NY,2022-01-20T00:00:00.000Z,2022-01-20T13:00:00.000Z,2022-01-20T13:00:00.000Z,2022-01-20T21:00:00.000Z,0.665262,0.026561,0.938579,1.139722,low,0.6,true,expanded,harvestable_chop_candidate,true,gate90d_range_box_slots_cost_clamped_v0,0.221754,0.221754,0.665262,true,0.055438,,0,0,0,A5AF3C231DBE2281B34CEEBCBD7ABB61D4F67947DEFC33BB8C5F6F09F9A027A3
2022-01-17T00:00:00.000Z|EURCAD|asia_london|2022-01-21,2022-01-17T00:00:00.000Z,EURCAD,LONG,asia_london|2022-01-21,ASIA_LONDON,2022-01-20T13:00:00.000Z,2022-01-20T21:00:00.000Z,2022-01-21T00:00:00.000Z,2022-01-21T13:00:00.000Z,0.938579,0.062002,0.880426,1.139722,low,0.6,true,expanded,harvestable_chop_candidate,true,gate90d_range_box_slots_cost_clamped_v0,0.31286,0.3,0.9,true,0.075,,0,0,0,1346F678BE818D273BA577BCAB549CF876A1BC4F60479390A4262869E93FB9A3
2022-01-17T00:00:00.000Z|EURCAD|ny|2022-01-21,2022-01-17T00:00:00.000Z,EURCAD,LONG,ny|2022-01-21,NY,2022-01-21T00:00:00.000Z,2022-01-21T13:00:00.000Z,2022-01-21T13:00:00.000Z,2022-01-21T21:00:00.000Z,0.880426,0.044929,0.529186,1.139722,low,0.6,true,expanded,harvestable_chop_candidate,true,gate90d_range_box_slots_cost_clamped_v0,0.293475,0.293475,0.880426,true,0.073369,,1,0,1,9FAA41EB774DADF755E239237161574EA5E7ABDF046A7802D4911899595E578C
2022-01-17T00:00:00.000Z|EURCHF|ny|2022-01-17,2022-01-17T00:00:00.000Z,EURCHF,LONG,ny|2022-01-17,NY,2022-01-17T00:00:00.000Z,2022-01-17T13:00:00.000Z,2022-01-17T13:00:00.000Z,2022-01-17T21:00:00.000Z,0.381371,0.020557,0.305935,1.032292,low,0.6,false,normal,dead_chop_cost_churn,false,gate90d_range_box_slots_cost_clamped_v0,0.127124,0.2,0.6,false,0.05,,0,0,0,CDBB013E208F8B6E755703AB2F71E0B2249880B1DADE228A09B539A9F05CB94F
2022-01-17T00:00:00.000Z|EURCHF|asia_london|2022-01-18,2022-01-17T00:00:00.000Z,EURCHF,LONG,asia_london|2022-01-18,ASIA_LONDON,2022-01-17T13:00:00.000Z,2022-01-17T21:00:00.000Z,2022-01-18T00:00:00.000Z,2022-01-18T13:00:00.000Z,0.305935,0.031764,0.549006,1.032292,low,0.6,false,normal,dead_chop_cost_churn,false,gate90d_range_box_slots_cost_clamped_v0,0.101978,0.2,0.6,false,0.05,,0,0,0,AF13B0C8FFE4ECBCB46469170657923F379D988995AA0DE29122EA3E7F90AFFC
2022-01-17T00:00:00.000Z|EURCHF|ny|2022-01-18,2022-01-17T00:00:00.000Z,EURCHF,LONG,ny|2022-01-18,NY,2022-01-18T00:00:00.000Z,2022-01-18T13:00:00.000Z,2022-01-18T13:00:00.000Z,2022-01-18T21:00:00.000Z,0.549006,0.119064,0.75436,1.032292,low,0.6,false,normal,dead_chop_cost_churn,false,gate90d_range_box_slots_cost_clamped_v0,0.183002,0.2,0.6,false,0.05,,0,0,0,D2E3210F94F018532F140F0F2E1EF87B740BF7DB8E43D79F7EDF112E65A17BBE
2022-01-17T00:00:00.000Z|EURCHF|asia_london|2022-01-19,2022-01-17T00:00:00.000Z,EURCHF,LONG,asia_london|2022-01-19,ASIA_LONDON,2022-01-18T13:00:00.000Z,2022-01-18T21:00:00.000Z,2022-01-19T00:00:00.000Z,2022-01-19T13:00:00.000Z,0.75436,0.023509,0.389753,1.032292,low,0.6,true,normal,harvestable_chop_candidate,true,gate90d_range_box_slots_cost_clamped_v0,0.251453,0.251453,0.75436,true,0.062863,,0,0,0,4B1F4FD84CDA949F57D9236C2CCE3579A105F75BD2D9868473927385063280EE
2022-01-17T00:00:00.000Z|EURCHF|ny|2022-01-19,2022-01-17T00:00:00.000Z,EURCHF,LONG,ny|2022-01-19,NY,2022-01-19T00:00:00.000Z,2022-01-19T13:00:00.000Z,2022-01-19T13:00:00.000Z,2022-01-19T21:00:00.000Z,0.389753,0.020913,0.523861,1.032292,low,0.6,false,normal,dead_chop_cost_churn,false,gate90d_range_box_slots_cost_clamped_v0,0.129918,0.2,0.6,false,0.05,,3,0,3,7F9B536C6D184BA06F1D380DE2B58F5DD7D8777FB3CBDA3DB433F3323833F23D
2022-01-17T00:00:00.000Z|EURCHF|asia_london|2022-01-20,2022-01-17T00:00:00.000Z,EURCHF,LONG,asia_london|2022-01-20,ASIA_LONDON,2022-01-19T13:00:00.000Z,2022-01-19T21:00:00.000Z,2022-01-20T00:00:00.000Z,2022-01-20T13:00:00.000Z,0.523861,0.01082,0.381371,1.032292,low,0.6,false,normal,dead_chop_cost_churn,false,gate90d_range_box_slots_cost_clamped_v0,0.17462,0.2,0.6,false,0.05,,0,0,0,4140E6B4603F908BC083A5932242BDB6CCEC65DC161296F2F65D33CEFAFDDFA0
2022-01-17T00:00:00.000Z|EURCHF|ny|2022-01-20,2022-01-17T00:00:00.000Z,EURCHF,LONG,ny|2022-01-20,NY,2022-01-20T00:00:00.000Z,2022-01-20T13:00:00.000Z,2022-01-20T13:00:00.000Z,2022-01-20T21:00:00.000Z,0.381371,0.027046,0.343653,1.032292,low,0.6,false,normal,dead_chop_cost_churn,false,gate90d_range_box_slots_cost_clamped_v0,0.127124,0.2,0.6,false,0.05,,0,0,0,23FCD219C88215047EB7BB0D6BBC136B6BEF633EB7C13D271CCAD9B6E6856287
2022-01-17T00:00:00.000Z|EURCHF|asia_london|2022-01-21,2022-01-17T00:00:00.000Z,EURCHF,LONG,asia_london|2022-01-21,ASIA_LONDON,2022-01-20T13:00:00.000Z,2022-01-20T21:00:00.000Z,2022-01-21T00:00:00.000Z,2022-01-21T13:00:00.000Z,0.343653,0.056585,0.764837,1.032292,low,0.6,false,normal,dead_chop_cost_churn,false,gate90d_range_box_slots_cost_clamped_v0,0.114551,0.2,0.6,false,0.05,,0,0,0,3B266ABC550E05ABA11DF787056E9290FA3C09081EB2D161E071883653286CED
2022-01-17T00:00:00.000Z|EURCHF|ny|2022-01-21,2022-01-17T00:00:00.000Z,EURCHF,LONG,ny|2022-01-21,NY,2022-01-21T00:00:00.000Z,2022-01-21T13:00:00.000Z,2022-01-21T13:00:00.000Z,2022-01-21T21:00:00.000Z,0.764837,0.068314,0.410707,1.032292,low,0.6,true,normal,harvestable_chop_candidate,true,gate90d_range_box_slots_cost_clamped_v0,0.254946,0.254946,0.764837,true,0.063736,,2,2,0,2F479CC7C2C78CAEE45743ADE678C3CAB263DFF220618BE649F775BB25DB9B27
2022-01-17T00:00:00.000Z|EURGBP|ny|2022-01-17,2022-01-17T00:00:00.000Z,EURGBP,LONG,ny|2022-01-17,NY,2022-01-17T00:00:00.000Z,2022-01-17T13:00:00.000Z,2022-01-17T13:00:00.000Z,2022-01-17T21:00:00.000Z,0.637989,0.029442,0.438413,1.277036,low,0.6,true,expanded,harvestable_chop_candidate,true,gate90d_range_box_slots_cost_clamped_v0,0.212663,0.212663,0.637989,true,0.053166,,0,0,0,8EA8E00F79830FF612BD4024234267256F25C0F00315E20D52D05AB552180F4F
2022-01-17T00:00:00.000Z|EURGBP|asia_london|2022-01-18,2022-01-17T00:00:00.000Z,EURGBP,LONG,asia_london|2022-01-18,ASIA_LONDON,2022-01-17T13:00:00.000Z,2022-01-17T21:00:00.000Z,2022-01-18T00:00:00.000Z,2022-01-18T13:00:00.000Z,0.438413,0.035265,0.919359,1.277036,low,0.6,false,expanded,dead_chop_cost_churn,false,gate90d_range_box_slots_cost_clamped_v0,0.146138,0.2,0.6,false,0.05,,0,0,0,2BCC18A63862D4D72150C75FC504E2C73AD81F6F933E35637144DC426E7E0B34
2022-01-17T00:00:00.000Z|EURGBP|ny|2022-01-18,2022-01-17T00:00:00.000Z,EURGBP,LONG,ny|2022-01-18,NY,2022-01-18T00:00:00.000Z,2022-01-18T13:00:00.000Z,2022-01-18T13:00:00.000Z,2022-01-18T21:00:00.000Z,0.919359,0.168748,1.691489,1.277036,low,0.6,true,expanded,harvestable_chop_candidate,true,gate90d_range_box_slots_cost_clamped_v0,0.306453,0.3,0.9,true,0.075,,0,0,0,0F724B198FFFE1246ED2E8071EAD592D3292851B0151C5ECB8C09F9FC7471AFD
2022-01-17T00:00:00.000Z|EURGBP|asia_london|2022-01-19,2022-01-17T00:00:00.000Z,EURGBP,LONG,asia_london|2022-01-19,ASIA_LONDON,2022-01-18T13:00:00.000Z,2022-01-18T21:00:00.000Z,2022-01-19T00:00:00.000Z,2022-01-19T13:00:00.000Z,1.691489,0.027911,0.903,1.277036,low,0.6,true,expanded,harvestable_chop_candidate,true,gate90d_range_box_slots_cost_clamped_v0,0.56383,0.3,0.9,true,0.075,,1,1,0,0DF2FBB43922A8D1ACCB853F885B1439572E692642A0CC5AB5377B44E7D11395
2022-01-17T00:00:00.000Z|EURGBP|ny|2022-01-19,2022-01-17T00:00:00.000Z,EURGBP,LONG,ny|2022-01-19,NY,2022-01-19T00:00:00.000Z,2022-01-19T13:00:00.000Z,2022-01-19T13:00:00.000Z,2022-01-19T21:00:00.000Z,0.903,0.051058,0.683794,1.277036,low,0.6,true,expanded,harvestable_chop_candidate,true,gate90d_range_box_slots_cost_clamped_v0,0.301,0.3,0.9,true,0.075,,0,0,0,35FF635E9FB347146DC1C84E12FFED0AF878C08D330555A2C6A30350EFDC0136
2022-01-17T00:00:00.000Z|EURGBP|asia_london|2022-01-20,2022-01-17T00:00:00.000Z,EURGBP,LONG,asia_london|2022-01-20,ASIA_LONDON,2022-01-19T13:00:00.000Z,2022-01-19T21:00:00.000Z,2022-01-20T00:00:00.000Z,2022-01-20T13:00:00.000Z,0.683794,0.013656,0.539837,1.277036,low,0.6,true,expanded,harvestable_chop_candidate,true,gate90d_range_box_slots_cost_clamped_v0,0.227931,0.227931,0.683794,true,0.056983,,1,0,1,EFCF41F527CD30ABA658905417475F5F98F431AD4C2106906AAA6A5C552C0D5D
2022-01-17T00:00:00.000Z|EURGBP|ny|2022-01-20,2022-01-17T00:00:00.000Z,EURGBP,LONG,ny|2022-01-20,NY,2022-01-20T00:00:00.000Z,2022-01-20T13:00:00.000Z,2022-01-20T13:00:00.000Z,2022-01-20T21:00:00.000Z,0.539837,0.038092,0.945532,1.277036,low,0.6,false,expanded,dead_chop_cost_churn,false,gate90d_range_box_slots_cost_clamped_v0,0.179946,0.2,0.6,false,0.05,,0,0,0,B25D723CB95AA7FA91C36FA532EC089968E0F4AE87CEA54E797BD45C53A46066
2022-01-17T00:00:00.000Z|EURGBP|asia_london|2022-01-21,2022-01-17T00:00:00.000Z,EURGBP,LONG,asia_london|2022-01-21,ASIA_LONDON,2022-01-20T13:00:00.000Z,2022-01-20T21:00:00.000Z,2022-01-21T00:00:00.000Z,2022-01-21T13:00:00.000Z,0.945532,0.094648,1.426479,1.277036,low,0.6,true,expanded,harvestable_chop_candidate,true,gate90d_range_box_slots_cost_clamped_v0,0.315177,0.3,0.9,true,0.075,,0,0,0,AD53F273C1CCFB1BAD2541C902AF9CA1E7E0DFDDD5E0B1B8F7637009E52F9D1F
2022-01-17T00:00:00.000Z|EURGBP|ny|2022-01-21,2022-01-17T00:00:00.000Z,EURGBP,LONG,ny|2022-01-21,NY,2022-01-21T00:00:00.000Z,2022-01-21T13:00:00.000Z,2022-01-21T13:00:00.000Z,2022-01-21T21:00:00.000Z,1.426479,0.103268,0.742685,1.277036,low,0.6,true,expanded,harvestable_chop_candidate,true,gate90d_range_box_slots_cost_clamped_v0,0.475493,0.3,0.9,true,0.075,,0,0,0,584E91CDDB6095BA0BC738A949205DAF685DEC4CA022A2A201316409AF093998
2022-01-17T00:00:00.000Z|EURJPY|ny|2022-01-17,2022-01-17T00:00:00.000Z,EURJPY,LONG,ny|2022-01-17,NY,2022-01-17T00:00:00.000Z,2022-01-17T13:00:00.000Z,2022-01-17T13:00:00.000Z,2022-01-17T21:00:00.000Z,0.542503,0.045728,0.384884,1.132488,low,0.6,false,expanded,dead_chop_cost_churn,false,gate90d_range_box_slots_cost_clamped_v0,0.180834,0.2,0.6,false,0.05,,0,0,0,B58EF3CF02A12749183E8E952DC0DE42E476276E9B7B11252AC61FC9D8DC5A51
2022-01-17T00:00:00.000Z|EURJPY|asia_london|2022-01-18,2022-01-17T00:00:00.000Z,EURJPY,LONG,asia_london|2022-01-18,ASIA_LONDON,2022-01-17T13:00:00.000Z,2022-01-17T21:00:00.000Z,2022-01-18T00:00:00.000Z,2022-01-18T13:00:00.000Z,0.384884,0.02744,0.888288,1.132488,low,0.6,false,expanded,dead_chop_cost_churn,false,gate90d_range_box_slots_cost_clamped_v0,0.128295,0.2,0.6,false,0.05,,0,0,0,3D560313CC1C3AC24F663F5993FA49AE24C687D697A1369E9C44D69AED665C51
2022-01-17T00:00:00.000Z|EURJPY|ny|2022-01-18,2022-01-17T00:00:00.000Z,EURJPY,LONG,ny|2022-01-18,NY,2022-01-18T00:00:00.000Z,2022-01-18T13:00:00.000Z,2022-01-18T13:00:00.000Z,2022-01-18T21:00:00.000Z,0.888288,0.124505,0.970151,1.132488,low,0.6,true,expanded,harvestable_chop_candidate,true,gate90d_range_box_slots_cost_clamped_v0,0.296096,0.296096,0.888288,true,0.074024,,0,0,0,DA1E4B6D652BBB8F5563E1607A63C05A888AA0C1294CA8B9E4F8A2D077BE945F
2022-01-17T00:00:00.000Z|EURJPY|asia_london|2022-01-19,2022-01-17T00:00:00.000Z,EURJPY,LONG,asia_london|2022-01-19,ASIA_LONDON,2022-01-18T13:00:00.000Z,2022-01-18T21:00:00.000Z,2022-01-19T00:00:00.000Z,2022-01-19T13:00:00.000Z,0.970151,0.004255,0.728224,1.132488,low,0.6,true,expanded,harvestable_chop_candidate,true,gate90d_range_box_slots_cost_clamped_v0,0.323384,0.3,0.9,true,0.075,,0,0,0,AD488E1B15507D25351DE9DE6FEDB764A18C19F2350AF88E400682F55C009C64
2022-01-17T00:00:00.000Z|EURJPY|ny|2022-01-19,2022-01-17T00:00:00.000Z,EURJPY,LONG,ny|2022-01-19,NY,2022-01-19T00:00:00.000Z,2022-01-19T13:00:00.000Z,2022-01-19T13:00:00.000Z,2022-01-19T21:00:00.000Z,0.728224,0.03269,0.404434,1.132488,low,0.6,true,expanded,harvestable_chop_candidate,true,gate90d_range_box_slots_cost_clamped_v0,0.242741,0.242741,0.728224,true,0.060685,,0,0,0,C7E8B425C805F82B55C5B4B5A5D56EB7D347B0057E7F364DE301A42421543654
2022-01-17T00:00:00.000Z|EURJPY|asia_london|2022-01-20,2022-01-17T00:00:00.000Z,EURJPY,LONG,asia_london|2022-01-20,ASIA_LONDON,2022-01-19T13:00:00.000Z,2022-01-19T21:00:00.000Z,2022-01-20T00:00:00.000Z,2022-01-20T13:00:00.000Z,0.404434,0.021376,0.694013,1.132488,low,0.6,false,expanded,dead_chop_cost_churn,false,gate90d_range_box_slots_cost_clamped_v0,0.134811,0.2,0.6,false,0.05,,0,0,0,5ED05B4EF9E89A378976D7D24685AB76B7D99140BB9D673103D841AF35F9F952
2022-01-17T00:00:00.000Z|EURJPY|ny|2022-01-20,2022-01-17T00:00:00.000Z,EURJPY,LONG,ny|2022-01-20,NY,2022-01-20T00:00:00.000Z,2022-01-20T13:00:00.000Z,2022-01-20T13:00:00.000Z,2022-01-20T21:00:00.000Z,0.694013,0.091905,0.708675,1.132488,low,0.6,true,expanded,harvestable_chop_candidate,true,gate90d_range_box_slots_cost_clamped_v0,0.231338,0.231338,0.694013,true,0.057834,,0,0,0,2564BEE0974D8838FBEF5BCD50704852D6924C2A7D6CEE89BC44D2241C37B095
2022-01-17T00:00:00.000Z|EURJPY|asia_london|2022-01-21,2022-01-17T00:00:00.000Z,EURJPY,LONG,asia_london|2022-01-21,ASIA_LONDON,2022-01-20T13:00:00.000Z,2022-01-20T21:00:00.000Z,2022-01-21T00:00:00.000Z,2022-01-21T13:00:00.000Z,0.708675,0.001798,0.912725,1.132488,low,0.6,true,expanded,harvestable_chop_candidate,true,gate90d_range_box_slots_cost_clamped_v0,0.236225,0.236225,0.708675,true,0.059056,,1,1,0,8F1D1B1EC6F6B62FB1BA6BE4296CFFFDD4DE2E436ABBA5F29AD757183E25047C
2022-01-17T00:00:00.000Z|EURJPY|ny|2022-01-21,2022-01-17T00:00:00.000Z,EURJPY,LONG,ny|2022-01-21,NY,2022-01-21T00:00:00.000Z,2022-01-21T13:00:00.000Z,2022-01-21T13:00:00.000Z,2022-01-21T21:00:00.000Z,0.912725,0.005506,0.347007,1.132488,low,0.6,true,expanded,harvestable_chop_candidate,true,gate90d_range_box_slots_cost_clamped_v0,0.304242,0.3,0.9,true,0.075,,0,0,0,2899A6FFC97031E3FAE5E361E61008ACB7DD9DDF8FCFE3AC776401FC298B9E64
2022-01-17T00:00:00.000Z|EURNZD|ny|2022-01-17,2022-01-17T00:00:00.000Z,EURNZD,LONG,ny|2022-01-17,NY,2022-01-17T00:00:00.000Z,2022-01-17T13:00:00.000Z,2022-01-17T13:00:00.000Z,2022-01-17T21:00:00.000Z,0.481435,0.062058,0.388384,1.14872,low,0.6,false,expanded,dead_chop_cost_churn,false,gate90d_range_box_slots_cost_clamped_v0,0.160478,0.2,0.6,false,0.05,,0,0,0,CC2D43A96FBA6154D55B9E47B47D8EC1FBD539C6B8371B47A9F08B8843B88AED
2022-01-17T00:00:00.000Z|EURNZD|asia_london|2022-01-18,2022-01-17T00:00:00.000Z,EURNZD,LONG,asia_london|2022-01-18,ASIA_LONDON,2022-01-17T13:00:00.000Z,2022-01-17T21:00:00.000Z,2022-01-18T00:00:00.000Z,2022-01-18T13:00:00.000Z,0.388384,0.009294,0.716083,1.14872,low,0.6,false,expanded,dead_chop_cost_churn,false,gate90d_range_box_slots_cost_clamped_v0,0.129461,0.2,0.6,false,0.05,,0,0,0,67ABBA3B8FF4C28BDD2830B78F4B9E633E3EECD53EA83EE42B20017342271CFC
2022-01-17T00:00:00.000Z|EURNZD|ny|2022-01-18,2022-01-17T00:00:00.000Z,EURNZD,LONG,ny|2022-01-18,NY,2022-01-18T00:00:00.000Z,2022-01-18T13:00:00.000Z,2022-01-18T13:00:00.000Z,2022-01-18T21:00:00.000Z,0.716083,0.096054,0.836441,1.14872,low,0.6,true,expanded,harvestable_chop_candidate,true,gate90d_range_box_slots_cost_clamped_v0,0.238694,0.238694,0.716083,true,0.059674,,2,2,0,3EE378033158D594DFED3D29BE8FB071AEE9520D3B5C30C13543B820F7FCC3BF
2022-01-17T00:00:00.000Z|EURNZD|asia_london|2022-01-19,2022-01-17T00:00:00.000Z,EURNZD,LONG,asia_london|2022-01-19,ASIA_LONDON,2022-01-18T13:00:00.000Z,2022-01-18T21:00:00.000Z,2022-01-19T00:00:00.000Z,2022-01-19T13:00:00.000Z,0.836441,0.032718,0.57145,1.14872,low,0.6,true,expanded,harvestable_chop_candidate,true,gate90d_range_box_slots_cost_clamped_v0,0.278814,0.278814,0.836441,true,0.069703,,2,2,0,F11440064F22AD97EAC147FDB9CC5F568325CEEDF43563CC6EF5AA50143A08DB
2022-01-17T00:00:00.000Z|EURNZD|ny|2022-01-19,2022-01-17T00:00:00.000Z,EURNZD,LONG,ny|2022-01-19,NY,2022-01-19T00:00:00.000Z,2022-01-19T13:00:00.000Z,2022-01-19T13:00:00.000Z,2022-01-19T21:00:00.000Z,0.57145,0.027346,0.640226,1.14872,low,0.6,false,expanded,dead_chop_cost_churn,false,gate90d_range_box_slots_cost_clamped_v0,0.190483,0.2,0.6,false,0.05,,1,1,0,718D17D110AE5288EABE8B390838CFFD46D4FC3AFFD0D2270322A37436B304C5
2022-01-17T00:00:00.000Z|EURNZD|asia_london|2022-01-20,2022-01-17T00:00:00.000Z,EURNZD,LONG,asia_london|2022-01-20,ASIA_LONDON,2022-01-19T13:00:00.000Z,2022-01-19T21:00:00.000Z,2022-01-20T00:00:00.000Z,2022-01-20T13:00:00.000Z,0.640226,0.003119,0.795985,1.14872,low,0.6,true,expanded,harvestable_chop_candidate,true,gate90d_range_box_slots_cost_clamped_v0,0.213409,0.213409,0.640226,true,0.053352,,0,0,0,EB26C6C4CF2E07D3191C0B4AA915494345F108228DF175679419ED7CD00CAA28
2022-01-17T00:00:00.000Z|EURNZD|ny|2022-01-20,2022-01-17T00:00:00.000Z,EURNZD,LONG,ny|2022-01-20,NY,2022-01-20T00:00:00.000Z,2022-01-20T13:00:00.000Z,2022-01-20T13:00:00.000Z,2022-01-20T21:00:00.000Z,0.795985,0.001292,0.67866,1.14872,low,0.6,true,expanded,harvestable_chop_candidate,true,gate90d_range_box_slots_cost_clamped_v0,0.265328,0.265328,0.795985,true,0.066332,,0,0,0,4DA4290BBA47DBB6301D6D83E3920B00B0E9F020088E553DFE7D4177612A567B
2022-01-17T00:00:00.000Z|EURNZD|asia_london|2022-01-21,2022-01-17T00:00:00.000Z,EURNZD,LONG,asia_london|2022-01-21,ASIA_LONDON,2022-01-20T13:00:00.000Z,2022-01-20T21:00:00.000Z,2022-01-21T00:00:00.000Z,2022-01-21T13:00:00.000Z,0.67866,0.086454,1.530273,1.14872,low,0.6,true,expanded,harvestable_chop_candidate,true,gate90d_range_box_slots_cost_clamped_v0,0.22622,0.22622,0.67866,true,0.056555,,0,0,0,9BB7B98C90B4CD8A934A1171EC5AF5A0C2C5B1E1239B472EB303633A0A5EA777
2022-01-17T00:00:00.000Z|EURNZD|ny|2022-01-21,2022-01-17T00:00:00.000Z,EURNZD,LONG,ny|2022-01-21,NY,2022-01-21T00:00:00.000Z,2022-01-21T13:00:00.000Z,2022-01-21T13:00:00.000Z,2022-01-21T21:00:00.000Z,1.530273,0.023561,0.524925,1.14872,low,0.6,true,expanded,harvestable_chop_candidate,true,gate90d_range_box_slots_cost_clamped_v0,0.510091,0.3,0.9,true,0.075,,0,0,0,CFE921345A9D9B80A867049B8942884F41B73B096D518F7ADA66093FEDD53867
2022-01-17T00:00:00.000Z|EURUSD|ny|2022-01-17,2022-01-17T00:00:00.000Z,EURUSD,SHORT,ny|2022-01-17,NY,2022-01-17T00:00:00.000Z,2022-01-17T13:00:00.000Z,2022-01-17T13:00:00.000Z,2022-01-17T21:00:00.000Z,0.546256,0.033333,0.36876,0.932783,low,0.6,false,normal,dead_chop_cost_churn,false,gate90d_range_box_slots_cost_clamped_v0,0.182085,0.2,0.6,false,0.05,,3,3,0,094089EC6E1BD00DE8C8F31FAF3932CDDEAA57CECB90C79BFCBEC3C14E0A48BE
2022-01-17T00:00:00.000Z|EURUSD|asia_london|2022-01-18,2022-01-17T00:00:00.000Z,EURUSD,SHORT,asia_london|2022-01-18,ASIA_LONDON,2022-01-17T13:00:00.000Z,2022-01-17T21:00:00.000Z,2022-01-18T00:00:00.000Z,2022-01-18T13:00:00.000Z,0.36876,0.040083,0.613581,0.932783,low,0.6,false,normal,dead_chop_cost_churn,false,gate90d_range_box_slots_cost_clamped_v0,0.12292,0.2,0.6,false,0.05,,0,0,0,F856FD575AAEEF3D9B8C26155B33552C20E3EDF2D68856425D2132C4EC5743B8
2022-01-17T00:00:00.000Z|EURUSD|ny|2022-01-18,2022-01-17T00:00:00.000Z,EURUSD,SHORT,ny|2022-01-18,NY,2022-01-18T00:00:00.000Z,2022-01-18T13:00:00.000Z,2022-01-18T13:00:00.000Z,2022-01-18T21:00:00.000Z,0.613581,0.131894,1.048137,0.932783,low,0.6,true,normal,harvestable_chop_candidate,true,gate90d_range_box_slots_cost_clamped_v0,0.204527,0.204527,0.613581,true,0.051132,,0,0,0,5770DA514A5B04BF65D31A8FF9236BCC1B3E77B79C59850A5FE2CADE84EC35F8
2022-01-17T00:00:00.000Z|EURUSD|asia_london|2022-01-19,2022-01-17T00:00:00.000Z,EURUSD,SHORT,asia_london|2022-01-19,ASIA_LONDON,2022-01-18T13:00:00.000Z,2022-01-18T21:00:00.000Z,2022-01-19T00:00:00.000Z,2022-01-19T13:00:00.000Z,1.048137,0.01044,0.474339,0.932783,low,0.6,true,normal,harvestable_chop_candidate,true,gate90d_range_box_slots_cost_clamped_v0,0.349379,0.3,0.9,true,0.075,,0,0,0,1050751C59B070B63BC7363B6BF4CCC4B2D8888B270CFDB3D21A2BA50EE8EB3B
2022-01-17T00:00:00.000Z|EURUSD|ny|2022-01-19,2022-01-17T00:00:00.000Z,EURUSD,SHORT,ny|2022-01-19,NY,2022-01-19T00:00:00.000Z,2022-01-19T13:00:00.000Z,2022-01-19T13:00:00.000Z,2022-01-19T21:00:00.000Z,0.474339,0.029654,0.364171,0.932783,low,0.6,false,normal,dead_chop_cost_churn,false,gate90d_range_box_slots_cost_clamped_v0,0.158113,0.2,0.6,false,0.05,,0,0,0,653EB11CE4119CA7E6CBC379AAC73234E5B0D4ED5438311A05C1863806F962C1
2022-01-17T00:00:00.000Z|EURUSD|asia_london|2022-01-20,2022-01-17T00:00:00.000Z,EURUSD,SHORT,asia_london|2022-01-20,ASIA_LONDON,2022-01-19T13:00:00.000Z,2022-01-19T21:00:00.000Z,2022-01-20T00:00:00.000Z,2022-01-20T13:00:00.000Z,0.364171,0.009566,0.578388,0.932783,low,0.6,false,normal,dead_chop_cost_churn,false,gate90d_range_box_slots_cost_clamped_v0,0.12139,0.2,0.6,false,0.05,,0,0,0,4BDD3AC88751D49DD526162FCB2B73E966005EDC1B9CF1A9541E9AF54C008934
2022-01-17T00:00:00.000Z|EURUSD|ny|2022-01-20,2022-01-17T00:00:00.000Z,EURUSD,SHORT,ny|2022-01-20,NY,2022-01-20T00:00:00.000Z,2022-01-20T13:00:00.000Z,2022-01-20T13:00:00.000Z,2022-01-20T21:00:00.000Z,0.578388,0.07376,0.83851,0.932783,low,0.6,false,normal,dead_chop_cost_churn,false,gate90d_range_box_slots_cost_clamped_v0,0.192796,0.2,0.6,false,0.05,,0,0,0,29CA988AB2C81A7669782C783016329CA2F8E895B75A36F3AC079C160443E883
2022-01-17T00:00:00.000Z|EURUSD|asia_london|2022-01-21,2022-01-17T00:00:00.000Z,EURUSD,SHORT,asia_london|2022-01-21,ASIA_LONDON,2022-01-20T13:00:00.000Z,2022-01-20T21:00:00.000Z,2022-01-21T00:00:00.000Z,2022-01-21T13:00:00.000Z,0.83851,0.044744,0.679377,0.932783,low,0.6,true,normal,harvestable_chop_candidate,true,gate90d_range_box_slots_cost_clamped_v0,0.279503,0.279503,0.83851,true,0.069876,,0,0,0,F0444BD289E5D8ADC1BC7DF109A94469FB053450A8384A63E6C4857BA8182994
2022-01-17T00:00:00.000Z|EURUSD|ny|2022-01-21,2022-01-17T00:00:00.000Z,EURUSD,SHORT,ny|2022-01-21,NY,2022-01-21T00:00:00.000Z,2022-01-21T13:00:00.000Z,2022-01-21T13:00:00.000Z,2022-01-21T21:00:00.000Z,0.679377,0.035682,0.347339,0.932783,low,0.6,true,normal,harvestable_chop_candidate,true,gate90d_range_box_slots_cost_clamped_v0,0.226459,0.226459,0.679377,true,0.056615,,3,0,3,5736F5A5CDA93B958C166022EDB237782A0926F71213B8F1E861F0BBBAF4DC75
2022-01-17T00:00:00.000Z|GBPAUD|ny|2022-01-17,2022-01-17T00:00:00.000Z,GBPAUD,LONG,ny|2022-01-17,NY,2022-01-17T00:00:00.000Z,2022-01-17T13:00:00.000Z,2022-01-17T13:00:00.000Z,2022-01-17T21:00:00.000Z,0.847702,0.004118,0.237357,1.063225,low,0.6,true,normal,harvestable_chop_candidate,true,gate90d_range_box_slots_cost_clamped_v0,0.282567,0.282567,0.847702,true,0.070642,,0,0,0,EAABBD1E92FC19F7E30D8C587A48B787008A1C5D9FDE7560A6D26FF8F46A1DF1
2022-01-17T00:00:00.000Z|GBPAUD|asia_london|2022-01-18,2022-01-17T00:00:00.000Z,GBPAUD,LONG,asia_london|2022-01-18,ASIA_LONDON,2022-01-17T13:00:00.000Z,2022-01-17T21:00:00.000Z,2022-01-18T00:00:00.000Z,2022-01-18T13:00:00.000Z,0.237357,0.012502,0.782563,1.063225,low,0.6,false,normal,dead_chop_cost_churn,false,gate90d_range_box_slots_cost_clamped_v0,0.079119,0.2,0.6,false,0.05,,1,0,1,95B4E09621D0E6D23F81174423925434FD8C1BD9D418CD0C4DEDAE45005A84CB
2022-01-17T00:00:00.000Z|GBPAUD|ny|2022-01-18,2022-01-17T00:00:00.000Z,GBPAUD,LONG,ny|2022-01-18,NY,2022-01-18T00:00:00.000Z,2022-01-18T13:00:00.000Z,2022-01-18T13:00:00.000Z,2022-01-18T21:00:00.000Z,0.782563,0.01811,0.505052,1.063225,low,0.6,true,normal,harvestable_chop_candidate,true,gate90d_range_box_slots_cost_clamped_v0,0.260854,0.260854,0.782563,true,0.065214,,0,0,0,06AAFD10656B881EEBDF9CB77E90B96945CA7603ABD48FFFBB46A8715D00985A
2022-01-17T00:00:00.000Z|GBPAUD|asia_london|2022-01-19,2022-01-17T00:00:00.000Z,GBPAUD,LONG,asia_london|2022-01-19,ASIA_LONDON,2022-01-18T13:00:00.000Z,2022-01-18T21:00:00.000Z,2022-01-19T00:00:00.000Z,2022-01-19T13:00:00.000Z,0.505052,0.015284,0.458652,1.063225,low,0.6,false,normal,dead_chop_cost_churn,false,gate90d_range_box_slots_cost_clamped_v0,0.168351,0.2,0.6,false,0.05,,0,0,0,487293F2ADAC3D99E84161E51F120B6BA68B4EE2D67FF474437AEB6C46561DC3
2022-01-17T00:00:00.000Z|GBPAUD|ny|2022-01-19,2022-01-17T00:00:00.000Z,GBPAUD,LONG,ny|2022-01-19,NY,2022-01-19T00:00:00.000Z,2022-01-19T13:00:00.000Z,2022-01-19T13:00:00.000Z,2022-01-19T21:00:00.000Z,0.458652,0.035824,0.525575,1.063225,low,0.6,false,normal,dead_chop_cost_churn,false,gate90d_range_box_slots_cost_clamped_v0,0.152884,0.2,0.6,false,0.05,,0,0,0,3921CB051CE3A3E7276D16247C69B61F0C4EB0923BDBD78587E47E27E81B49FC
2022-01-17T00:00:00.000Z|GBPAUD|asia_london|2022-01-20,2022-01-17T00:00:00.000Z,GBPAUD,LONG,asia_london|2022-01-20,ASIA_LONDON,2022-01-19T13:00:00.000Z,2022-01-19T21:00:00.000Z,2022-01-20T00:00:00.000Z,2022-01-20T13:00:00.000Z,0.525575,0.041457,0.696008,1.063225,low,0.6,false,normal,dead_chop_cost_churn,false,gate90d_range_box_slots_cost_clamped_v0,0.175192,0.2,0.6,false,0.05,,0,0,0,256429DC668764F8F019031A70A6EB4AFFEAE1CA998E89B290E652B7B341DE74
2022-01-17T00:00:00.000Z|GBPAUD|ny|2022-01-20,2022-01-17T00:00:00.000Z,GBPAUD,LONG,ny|2022-01-20,NY,2022-01-20T00:00:00.000Z,2022-01-20T13:00:00.000Z,2022-01-20T13:00:00.000Z,2022-01-20T21:00:00.000Z,0.696008,0.017286,0.571083,1.063225,low,0.6,true,normal,harvestable_chop_candidate,true,gate90d_range_box_slots_cost_clamped_v0,0.232003,0.232003,0.696008,true,0.058001,,0,0,0,0C8AF8EC588CF9E21E457A809DF15014022B2336FFE0256F6E027744DBB6F52A
2022-01-17T00:00:00.000Z|GBPAUD|asia_london|2022-01-21,2022-01-17T00:00:00.000Z,GBPAUD,LONG,asia_london|2022-01-21,ASIA_LONDON,2022-01-20T13:00:00.000Z,2022-01-20T21:00:00.000Z,2022-01-21T00:00:00.000Z,2022-01-21T13:00:00.000Z,0.571083,0.017282,0.839672,1.063225,low,0.6,false,normal,dead_chop_cost_churn,false,gate90d_range_box_slots_cost_clamped_v0,0.190361,0.2,0.6,false,0.05,,0,0,0,85E6D505CF92FA4B569E09BF9E3AE0C8C56DF0AFB83EBBC94777A9E779953637
2022-01-17T00:00:00.000Z|GBPAUD|ny|2022-01-21,2022-01-17T00:00:00.000Z,GBPAUD,LONG,ny|2022-01-21,NY,2022-01-21T00:00:00.000Z,2022-01-21T13:00:00.000Z,2022-01-21T13:00:00.000Z,2022-01-21T21:00:00.000Z,0.839672,0.08651,0.540745,1.063225,low,0.6,true,normal,harvestable_chop_candidate,true,gate90d_range_box_slots_cost_clamped_v0,0.279891,0.279891,0.839672,true,0.069973,,1,1,0,F7B38135EED217EB29A71B89555250766B49A41CA8C32C8948919E7D4B5364FE
2022-01-17T00:00:00.000Z|GBPCAD|ny|2022-01-17,2022-01-17T00:00:00.000Z,GBPCAD,LONG,ny|2022-01-17,NY,2022-01-17T00:00:00.000Z,2022-01-17T13:00:00.000Z,2022-01-17T13:00:00.000Z,2022-01-17T21:00:00.000Z,0.759767,0.018297,0.496684,1.11412,low,0.6,true,expanded,harvestable_chop_candidate,true,gate90d_range_box_slots_cost_clamped_v0,0.253256,0.253256,0.759767,true,0.063314,,0,0,0,56F8E1551E33B73D8993EBB6E5F174E87DE9EE580350C49D44B75DFFF1DF1D1B
2022-01-17T00:00:00.000Z|GBPCAD|asia_london|2022-01-18,2022-01-17T00:00:00.000Z,GBPCAD,LONG,asia_london|2022-01-18,ASIA_LONDON,2022-01-17T13:00:00.000Z,2022-01-17T21:00:00.000Z,2022-01-18T00:00:00.000Z,2022-01-18T13:00:00.000Z,0.496684,0.074615,1.027386,1.11412,low,0.6,false,expanded,dead_chop_cost_churn,false,gate90d_range_box_slots_cost_clamped_v0,0.165561,0.2,0.6,false,0.05,,0,0,0,1A9DA99EEBFD4389379B83A81B0F921539ACE6245AB359E2D8C6204C7F96A783
2022-01-17T00:00:00.000Z|GBPCAD|ny|2022-01-18,2022-01-17T00:00:00.000Z,GBPCAD,LONG,ny|2022-01-18,NY,2022-01-18T00:00:00.000Z,2022-01-18T13:00:00.000Z,2022-01-18T13:00:00.000Z,2022-01-18T21:00:00.000Z,1.027386,0.009734,0.763169,1.11412,low,0.6,true,expanded,harvestable_chop_candidate,true,gate90d_range_box_slots_cost_clamped_v0,0.342462,0.3,0.9,true,0.075,,0,0,0,764CCC9344B5ECD922A1C05F2314307315CD718B36B428A5734F28FA7C0F4424
2022-01-17T00:00:00.000Z|GBPCAD|asia_london|2022-01-19,2022-01-17T00:00:00.000Z,GBPCAD,LONG,asia_london|2022-01-19,ASIA_LONDON,2022-01-18T13:00:00.000Z,2022-01-18T21:00:00.000Z,2022-01-19T00:00:00.000Z,2022-01-19T13:00:00.000Z,0.763169,0.010275,0.621421,1.11412,low,0.6,true,expanded,harvestable_chop_candidate,true,gate90d_range_box_slots_cost_clamped_v0,0.25439,0.25439,0.763169,true,0.063597,,0,0,0,91AE88E7DEEDDF22478185736D2D2234CBD0B14B1584492861EF31BA8DB90693
2022-01-17T00:00:00.000Z|GBPCAD|ny|2022-01-19,2022-01-17T00:00:00.000Z,GBPCAD,LONG,ny|2022-01-19,NY,2022-01-19T00:00:00.000Z,2022-01-19T13:00:00.000Z,2022-01-19T13:00:00.000Z,2022-01-19T21:00:00.000Z,0.621421,0.023343,0.968419,1.11412,low,0.6,true,expanded,harvestable_chop_candidate,true,gate90d_range_box_slots_cost_clamped_v0,0.20714,0.20714,0.621421,true,0.051785,,0,0,0,DA703C8BB24AA2712DDFA53DF9122DE809C2C003B6AB0F2EF7195004CAA960EB
2022-01-17T00:00:00.000Z|GBPCAD|asia_london|2022-01-20,2022-01-17T00:00:00.000Z,GBPCAD,LONG,asia_london|2022-01-20,ASIA_LONDON,2022-01-19T13:00:00.000Z,2022-01-19T21:00:00.000Z,2022-01-20T00:00:00.000Z,2022-01-20T13:00:00.000Z,0.968419,0.023727,0.673585,1.11412,low,0.6,true,expanded,harvestable_chop_candidate,true,gate90d_range_box_slots_cost_clamped_v0,0.322806,0.3,0.9,true,0.075,,0,0,0,2BFF76C54F94EFBD45909313FDD8E79D5FF6CFB38029DCDF11042F7A64B33861
2022-01-17T00:00:00.000Z|GBPCAD|ny|2022-01-20,2022-01-17T00:00:00.000Z,GBPCAD,LONG,ny|2022-01-20,NY,2022-01-20T00:00:00.000Z,2022-01-20T13:00:00.000Z,2022-01-20T13:00:00.000Z,2022-01-20T21:00:00.000Z,0.673585,0.002567,0.671316,1.11412,low,0.6,true,expanded,harvestable_chop_candidate,true,gate90d_range_box_slots_cost_clamped_v0,0.224528,0.224528,0.673585,true,0.056132,,0,0,0,EA6FEFED3BD61867DC4A9177DB58531331EE192D01FB0BEF16900BC4DBF36BD6
2022-01-17T00:00:00.000Z|GBPCAD|asia_london|2022-01-21,2022-01-17T00:00:00.000Z,GBPCAD,LONG,asia_london|2022-01-21,ASIA_LONDON,2022-01-20T13:00:00.000Z,2022-01-20T21:00:00.000Z,2022-01-21T00:00:00.000Z,2022-01-21T13:00:00.000Z,0.671316,0.001172,0.862959,1.11412,low,0.6,true,expanded,harvestable_chop_candidate,true,gate90d_range_box_slots_cost_clamped_v0,0.223772,0.223772,0.671316,true,0.055943,,0,0,0,6AA2F73DDA987A77EB5AABD10AA81D191568E3285AE0B803D2A9A0424321B3BF
2022-01-17T00:00:00.000Z|GBPCAD|ny|2022-01-21,2022-01-17T00:00:00.000Z,GBPCAD,LONG,ny|2022-01-21,NY,2022-01-21T00:00:00.000Z,2022-01-21T13:00:00.000Z,2022-01-21T13:00:00.000Z,2022-01-21T21:00:00.000Z,0.862959,0.026562,0.342462,1.11412,low,0.6,true,expanded,harvestable_chop_candidate,true,gate90d_range_box_slots_cost_clamped_v0,0.287653,0.287653,0.862959,true,0.071913,,0,0,0,CA1EBB23C5CA5CC6C6A386F17515CBC96B998FE5EEE7B3216C0989C7FA95DB77
2022-01-17T00:00:00.000Z|GBPCHF|ny|2022-01-17,2022-01-17T00:00:00.000Z,GBPCHF,LONG,ny|2022-01-17,NY,2022-01-17T00:00:00.000Z,2022-01-17T13:00:00.000Z,2022-01-17T13:00:00.000Z,2022-01-17T21:00:00.000Z,0.587483,0.037493,0.333596,1.036844,low,0.6,false,normal,dead_chop_cost_churn,false,gate90d_range_box_slots_cost_clamped_v0,0.195828,0.2,0.6,false,0.05,,0,0,0,DFF612A00E8FA29D432A55498D314FAFD8CD98EA4B019BC5AE943769808F3EF9
2022-01-17T00:00:00.000Z|GBPCHF|asia_london|2022-01-18,2022-01-17T00:00:00.000Z,GBPCHF,LONG,asia_london|2022-01-18,ASIA_LONDON,2022-01-17T13:00:00.000Z,2022-01-17T21:00:00.000Z,2022-01-18T00:00:00.000Z,2022-01-18T13:00:00.000Z,0.333596,0.048074,0.80742,1.036844,low,0.6,false,normal,dead_chop_cost_churn,false,gate90d_range_box_slots_cost_clamped_v0,0.111199,0.2,0.6,false,0.05,,0,0,0,85521EF90DCB270B38F4F18B8FEA53875258ADDFB9E8824E95E3ED5B4E8B426C
2022-01-17T00:00:00.000Z|GBPCHF|ny|2022-01-18,2022-01-17T00:00:00.000Z,GBPCHF,LONG,ny|2022-01-18,NY,2022-01-18T00:00:00.000Z,2022-01-18T13:00:00.000Z,2022-01-18T13:00:00.000Z,2022-01-18T21:00:00.000Z,0.80742,0.058967,0.602243,1.036844,low,0.6,true,normal,harvestable_chop_candidate,true,gate90d_range_box_slots_cost_clamped_v0,0.26914,0.26914,0.80742,true,0.067285,,0,0,0,AD6B5D7111B7B6E3D7D564AF9E27BCAB3EB3B7D990DE8841E5A178C75FEE83F5
2022-01-17T00:00:00.000Z|GBPCHF|asia_london|2022-01-19,2022-01-17T00:00:00.000Z,GBPCHF,LONG,asia_london|2022-01-19,ASIA_LONDON,2022-01-18T13:00:00.000Z,2022-01-18T21:00:00.000Z,2022-01-19T00:00:00.000Z,2022-01-19T13:00:00.000Z,0.602243,0.010492,0.729187,1.036844,low,0.6,true,normal,harvestable_chop_candidate,true,gate90d_range_box_slots_cost_clamped_v0,0.200748,0.200748,0.602243,true,0.050187,,1,0,1,5AE440DCFF3B5980DD700D20B2B950F96C0A57862AE6200095A21158679DC6A1
2022-01-17T00:00:00.000Z|GBPCHF|ny|2022-01-19,2022-01-17T00:00:00.000Z,GBPCHF,LONG,ny|2022-01-19,NY,2022-01-19T00:00:00.000Z,2022-01-19T13:00:00.000Z,2022-01-19T13:00:00.000Z,2022-01-19T21:00:00.000Z,0.729187,0.023654,0.58453,1.036844,low,0.6,true,normal,harvestable_chop_candidate,true,gate90d_range_box_slots_cost_clamped_v0,0.243062,0.243062,0.729187,true,0.060766,,2,0,2,0C1DE31F7DD814236A046F1BC4383F8AD19373EF5BD2C204255862D354D926CB
2022-01-17T00:00:00.000Z|GBPCHF|asia_london|2022-01-20,2022-01-17T00:00:00.000Z,GBPCHF,LONG,asia_london|2022-01-20,ASIA_LONDON,2022-01-19T13:00:00.000Z,2022-01-19T21:00:00.000Z,2022-01-20T00:00:00.000Z,2022-01-20T13:00:00.000Z,0.58453,0.006584,0.469396,1.036844,low,0.6,false,normal,dead_chop_cost_churn,false,gate90d_range_box_slots_cost_clamped_v0,0.194843,0.2,0.6,false,0.05,,2,2,0,F958919CDCED818DAE94A386139AE9017EC5CC97BFB460ED7A74478FB23C0521
2022-01-17T00:00:00.000Z|GBPCHF|ny|2022-01-20,2022-01-17T00:00:00.000Z,GBPCHF,LONG,ny|2022-01-20,NY,2022-01-20T00:00:00.000Z,2022-01-20T13:00:00.000Z,2022-01-20T13:00:00.000Z,2022-01-20T21:00:00.000Z,0.469396,0.01285,0.584531,1.036844,low,0.6,false,normal,dead_chop_cost_churn,false,gate90d_range_box_slots_cost_clamped_v0,0.156465,0.2,0.6,false,0.05,,0,0,0,A2E01D068BBF7950C85E181E36393FC5FA67ED83FF4D093789F483A2CBF015DA
2022-01-17T00:00:00.000Z|GBPCHF|asia_london|2022-01-21,2022-01-17T00:00:00.000Z,GBPCHF,LONG,asia_london|2022-01-21,ASIA_LONDON,2022-01-20T13:00:00.000Z,2022-01-20T21:00:00.000Z,2022-01-21T00:00:00.000Z,2022-01-21T13:00:00.000Z,0.584531,0.110807,1.490847,1.036844,low,0.6,false,normal,dead_chop_cost_churn,false,gate90d_range_box_slots_cost_clamped_v0,0.194844,0.2,0.6,false,0.05,,0,0,0,19ACF96D56CFD3BB1D1686A1E0E25E920FACAC82024F8F0E00F0A094E649A287
2022-01-17T00:00:00.000Z|GBPCHF|ny|2022-01-21,2022-01-17T00:00:00.000Z,GBPCHF,LONG,ny|2022-01-21,NY,2022-01-21T00:00:00.000Z,2022-01-21T13:00:00.000Z,2022-01-21T13:00:00.000Z,2022-01-21T21:00:00.000Z,1.490847,0.141224,0.698189,1.036844,low,0.6,true,normal,harvestable_chop_candidate,true,gate90d_range_box_slots_cost_clamped_v0,0.496949,0.3,0.9,true,0.075,,0,0,0,6308BF112E7E6BB8C89468B2B7D7B25B327A4794FC853E1960B1984142DA5323
2022-01-17T00:00:00.000Z|GBPJPY|ny|2022-01-17,2022-01-17T00:00:00.000Z,GBPJPY,LONG,ny|2022-01-17,NY,2022-01-17T00:00:00.000Z,2022-01-17T13:00:00.000Z,2022-01-17T13:00:00.000Z,2022-01-17T21:00:00.000Z,0.415094,0.018335,0.235948,1.067882,low,0.6,false,normal,dead_chop_cost_churn,false,gate90d_range_box_slots_cost_clamped_v0,0.138365,0.2,0.6,false,0.05,,0,0,0,791508BE2FBDAF3CB6867C1CB93E402FD6D7BC99A4224127F17D827BFB76EBA5
2022-01-17T00:00:00.000Z|GBPJPY|asia_london|2022-01-18,2022-01-17T00:00:00.000Z,GBPJPY,LONG,asia_london|2022-01-18,ASIA_LONDON,2022-01-17T13:00:00.000Z,2022-01-17T21:00:00.000Z,2022-01-18T00:00:00.000Z,2022-01-18T13:00:00.000Z,0.235948,0.046847,1.011083,1.067882,low,0.6,false,normal,dead_chop_cost_churn,false,gate90d_range_box_slots_cost_clamped_v0,0.078649,0.2,0.6,false,0.05,,0,0,0,B1657A00A64FD9BDF36AF9D2783520129DFB1FAAA73BD941DA62BF1D22949A5D
2022-01-17T00:00:00.000Z|GBPJPY|ny|2022-01-18,2022-01-17T00:00:00.000Z,GBPJPY,LONG,ny|2022-01-18,NY,2022-01-18T00:00:00.000Z,2022-01-18T13:00:00.000Z,2022-01-18T13:00:00.000Z,2022-01-18T21:00:00.000Z,1.011083,0.002572,0.3714,1.067882,low,0.6,true,normal,harvestable_chop_candidate,true,gate90d_range_box_slots_cost_clamped_v0,0.337028,0.3,0.9,true,0.075,,0,0,0,9F6FDBE92A4A9661E01F5CC284DB1A69CF0A739BE810507647F53BE7146E4F92
2022-01-17T00:00:00.000Z|GBPJPY|asia_london|2022-01-19,2022-01-17T00:00:00.000Z,GBPJPY,LONG,asia_london|2022-01-19,ASIA_LONDON,2022-01-18T13:00:00.000Z,2022-01-18T21:00:00.000Z,2022-01-19T00:00:00.000Z,2022-01-19T13:00:00.000Z,0.3714,0.023797,0.723575,1.067882,low,0.6,false,normal,dead_chop_cost_churn,false,gate90d_range_box_slots_cost_clamped_v0,0.1238,0.2,0.6,false,0.05,,1,1,0,FA695CBA82D489C2229BDD62FC3DB77A6C3CDC5355570193C66E0D42944A6D5A
2022-01-17T00:00:00.000Z|GBPJPY|ny|2022-01-19,2022-01-17T00:00:00.000Z,GBPJPY,LONG,ny|2022-01-19,NY,2022-01-19T00:00:00.000Z,2022-01-19T13:00:00.000Z,2022-01-19T13:00:00.000Z,2022-01-19T21:00:00.000Z,0.723575,0.067587,0.53569,1.067882,low,0.6,true,normal,harvestable_chop_candidate,true,gate90d_range_box_slots_cost_clamped_v0,0.241192,0.241192,0.723575,true,0.060298,,0,0,0,A7E6B225030F84E7FE52EC35725CE443150BE292A60B1B1078232F5DDE6EEC7E
2022-01-17T00:00:00.000Z|GBPJPY|asia_london|2022-01-20,2022-01-17T00:00:00.000Z,GBPJPY,LONG,asia_london|2022-01-20,ASIA_LONDON,2022-01-19T13:00:00.000Z,2022-01-19T21:00:00.000Z,2022-01-20T00:00:00.000Z,2022-01-20T13:00:00.000Z,0.53569,0.009499,0.575016,1.067882,low,0.6,false,normal,dead_chop_cost_churn,false,gate90d_range_box_slots_cost_clamped_v0,0.178563,0.2,0.6,false,0.05,,0,0,0,54298B822A2801435BD6FCD08856845C7AC19441F8543D466C73794360BB7B75
2022-01-17T00:00:00.000Z|GBPJPY|ny|2022-01-20,2022-01-17T00:00:00.000Z,GBPJPY,LONG,ny|2022-01-20,NY,2022-01-20T00:00:00.000Z,2022-01-20T13:00:00.000Z,2022-01-20T13:00:00.000Z,2022-01-20T21:00:00.000Z,0.575016,0.055555,0.562781,1.067882,low,0.6,false,normal,dead_chop_cost_churn,false,gate90d_range_box_slots_cost_clamped_v0,0.191672,0.2,0.6,false,0.05,,0,0,0,0225E27E642EDE9C22E4E613189B625BBB15C609559E9DCB61F89F28B4FFDB7B
2022-01-17T00:00:00.000Z|GBPJPY|asia_london|2022-01-21,2022-01-17T00:00:00.000Z,GBPJPY,LONG,asia_london|2022-01-21,ASIA_LONDON,2022-01-20T13:00:00.000Z,2022-01-20T21:00:00.000Z,2022-01-21T00:00:00.000Z,2022-01-21T13:00:00.000Z,0.562781,0.052195,0.690367,1.067882,low,0.6,false,normal,dead_chop_cost_churn,false,gate90d_range_box_slots_cost_clamped_v0,0.187594,0.2,0.6,false,0.05,,0,0,0,60CB564567F3C2DA19746B28673ED10FC30426DBF5311093146020FF06AFEB6A
2022-01-17T00:00:00.000Z|GBPJPY|ny|2022-01-21,2022-01-17T00:00:00.000Z,GBPJPY,LONG,ny|2022-01-21,NY,2022-01-21T00:00:00.000Z,2022-01-21T13:00:00.000Z,2022-01-21T13:00:00.000Z,2022-01-21T21:00:00.000Z,0.690367,0.081897,0.499861,1.067882,low,0.6,true,normal,harvestable_chop_candidate,true,gate90d_range_box_slots_cost_clamped_v0,0.230122,0.230122,0.690367,true,0.057531,,0,0,0,81051AA64206A394E3FDEC3662DED6D910951732BE7F0C23A4C7EA94943EC06E
2022-01-17T00:00:00.000Z|GBPNZD|ny|2022-01-17,2022-01-17T00:00:00.000Z,GBPNZD,LONG,ny|2022-01-17,NY,2022-01-17T00:00:00.000Z,2022-01-17T13:00:00.000Z,2022-01-17T13:00:00.000Z,2022-01-17T21:00:00.000Z,0.735001,0.041305,0.341221,0.978202,low,0.6,true,normal,harvestable_chop_candidate,true,gate90d_range_box_slots_cost_clamped_v0,0.245,0.245,0.735001,true,0.06125,,0,0,0,D9324DCF9B059AC6212CBA2D7CEC067E24FE06087472CCEE47F86389AC0A7ED2
2022-01-17T00:00:00.000Z|GBPNZD|asia_london|2022-01-18,2022-01-17T00:00:00.000Z,GBPNZD,LONG,asia_london|2022-01-18,ASIA_LONDON,2022-01-17T13:00:00.000Z,2022-01-17T21:00:00.000Z,2022-01-18T00:00:00.000Z,2022-01-18T13:00:00.000Z,0.341221,0.017062,0.81676,0.978202,low,0.6,false,normal,dead_chop_cost_churn,false,gate90d_range_box_slots_cost_clamped_v0,0.11374,0.2,0.6,false,0.05,,0,0,0,F78DFEE79809B0F3F52AD77A3F2AC8B4C300EF5A44B7AF6EB34A1C8BE9F8245B
2022-01-17T00:00:00.000Z|GBPNZD|ny|2022-01-18,2022-01-17T00:00:00.000Z,GBPNZD,LONG,ny|2022-01-18,NY,2022-01-18T00:00:00.000Z,2022-01-18T13:00:00.000Z,2022-01-18T13:00:00.000Z,2022-01-18T21:00:00.000Z,0.81676,0.028679,0.604019,0.978202,low,0.6,true,normal,harvestable_chop_candidate,true,gate90d_range_box_slots_cost_clamped_v0,0.272253,0.272253,0.81676,true,0.068063,,1,1,0,5ABF3557D338B92A3DF9248D212118446EEA17D919E8857AB55615741514CF0E
2022-01-17T00:00:00.000Z|GBPNZD|asia_london|2022-01-19,2022-01-17T00:00:00.000Z,GBPNZD,LONG,asia_london|2022-01-19,ASIA_LONDON,2022-01-18T13:00:00.000Z,2022-01-18T21:00:00.000Z,2022-01-19T00:00:00.000Z,2022-01-19T13:00:00.000Z,0.604019,0.01329,0.562305,0.978202,low,0.6,true,normal,harvestable_chop_candidate,true,gate90d_range_box_slots_cost_clamped_v0,0.20134,0.20134,0.604019,true,0.050335,,0,0,0,C1ACC0E1492425C695F4FB7E1FBD5FB3DA723641750E3AFBDBE28918E347D2EC
2022-01-17T00:00:00.000Z|GBPNZD|ny|2022-01-19,2022-01-17T00:00:00.000Z,GBPNZD,LONG,ny|2022-01-19,NY,2022-01-19T00:00:00.000Z,2022-01-19T13:00:00.000Z,2022-01-19T13:00:00.000Z,2022-01-19T21:00:00.000Z,0.562305,0.009674,0.392112,0.978202,low,0.6,false,normal,dead_chop_cost_churn,false,gate90d_range_box_slots_cost_clamped_v0,0.187435,0.2,0.6,false,0.05,,0,0,0,64869B66A0F4806E9497F67D4FB66F8C365DD480A9800641D928A438569DFCFB
2022-01-17T00:00:00.000Z|GBPNZD|asia_london|2022-01-20,2022-01-17T00:00:00.000Z,GBPNZD,LONG,asia_london|2022-01-20,ASIA_LONDON,2022-01-19T13:00:00.000Z,2022-01-19T21:00:00.000Z,2022-01-20T00:00:00.000Z,2022-01-20T13:00:00.000Z,0.392112,0.012342,0.858475,0.978202,low,0.6,false,normal,dead_chop_cost_churn,false,gate90d_range_box_slots_cost_clamped_v0,0.130704,0.2,0.6,false,0.05,,0,0,0,A7A4F73D79628BB3DCB97B0DF92C45C74608C34C2DFEA48D29C9C4AA8A78FA1F
2022-01-17T00:00:00.000Z|GBPNZD|ny|2022-01-20,2022-01-17T00:00:00.000Z,GBPNZD,LONG,ny|2022-01-20,NY,2022-01-20T00:00:00.000Z,2022-01-20T13:00:00.000Z,2022-01-20T13:00:00.000Z,2022-01-20T21:00:00.000Z,0.858475,0.032662,0.610693,0.978202,low,0.6,true,normal,harvestable_chop_candidate,true,gate90d_range_box_slots_cost_clamped_v0,0.286158,0.286158,0.858475,true,0.07154,,0,0,0,17B19A8A04F39F0B952176D1CC9624F739A68C259271E1BB7C702BC22F1BCCB6
2022-01-17T00:00:00.000Z|GBPNZD|asia_london|2022-01-21,2022-01-17T00:00:00.000Z,GBPNZD,LONG,asia_london|2022-01-21,ASIA_LONDON,2022-01-20T13:00:00.000Z,2022-01-20T21:00:00.000Z,2022-01-21T00:00:00.000Z,2022-01-21T13:00:00.000Z,0.610693,0.03762,0.767538,0.978202,low,0.6,true,normal,harvestable_chop_candidate,true,gate90d_range_box_slots_cost_clamped_v0,0.203564,0.203564,0.610693,true,0.050891,,0,0,0,75EA8901DF18666BDE727AC7CB49678BCC1EC0CF3EE20E728B714CDF3B68CB0A
2022-01-17T00:00:00.000Z|GBPNZD|ny|2022-01-21,2022-01-17T00:00:00.000Z,GBPNZD,LONG,ny|2022-01-21,NY,2022-01-21T00:00:00.000Z,2022-01-21T13:00:00.000Z,2022-01-21T13:00:00.000Z,2022-01-21T21:00:00.000Z,0.767538,0.107463,0.561471,0.978202,low,0.6,true,normal,harvestable_chop_candidate,true,gate90d_range_box_slots_cost_clamped_v0,0.255846,0.255846,0.767538,true,0.063962,,0,0,0,61D21FA7FCE99071D756E7021BA3EC79B3B46AEE71892EB9FADC035B3E5804BA
2022-01-17T00:00:00.000Z|GBPUSD|ny|2022-01-17,2022-01-17T00:00:00.000Z,GBPUSD,LONG,ny|2022-01-17,NY,2022-01-17T00:00:00.000Z,2022-01-17T13:00:00.000Z,2022-01-17T13:00:00.000Z,2022-01-17T21:00:00.000Z,0.656207,0.009293,0.35087,0.926392,low,0.6,true,normal,harvestable_chop_candidate,true,gate90d_range_box_slots_cost_clamped_v0,0.218736,0.218736,0.656207,true,0.054684,,0,0,0,DF241287726E007A6B52169365FF6856F4CDA08C7D0762580512FE21C1E12CA5
2022-01-17T00:00:00.000Z|GBPUSD|asia_london|2022-01-18,2022-01-17T00:00:00.000Z,GBPUSD,LONG,asia_london|2022-01-18,ASIA_LONDON,2022-01-17T13:00:00.000Z,2022-01-17T21:00:00.000Z,2022-01-18T00:00:00.000Z,2022-01-18T13:00:00.000Z,0.35087,0.068154,1.007076,0.926392,low,0.6,false,normal,dead_chop_cost_churn,false,gate90d_range_box_slots_cost_clamped_v0,0.116957,0.2,0.6,false,0.05,,0,0,0,FF15DF7364C4A20DED10354AC25214EBBA4D9B20F3E1EFFA717046B98976404C
2022-01-17T00:00:00.000Z|GBPUSD|ny|2022-01-18,2022-01-17T00:00:00.000Z,GBPUSD,LONG,ny|2022-01-18,NY,2022-01-18T00:00:00.000Z,2022-01-18T13:00:00.000Z,2022-01-18T13:00:00.000Z,2022-01-18T21:00:00.000Z,1.007076,0.003657,0.412472,0.926392,low,0.6,true,normal,harvestable_chop_candidate,true,gate90d_range_box_slots_cost_clamped_v0,0.335692,0.3,0.9,true,0.075,,6,6,0,0A5112A9C982DCB938278A72CD7338F5D4B7EC8E33AF977E721BB5DF1BC0C2B7
2022-01-17T00:00:00.000Z|GBPUSD|asia_london|2022-01-19,2022-01-17T00:00:00.000Z,GBPUSD,LONG,asia_london|2022-01-19,ASIA_LONDON,2022-01-18T13:00:00.000Z,2022-01-18T21:00:00.000Z,2022-01-19T00:00:00.000Z,2022-01-19T13:00:00.000Z,0.412472,0.034334,0.766021,0.926392,low,0.6,false,normal,dead_chop_cost_churn,false,gate90d_range_box_slots_cost_clamped_v0,0.137491,0.2,0.6,false,0.05,,0,0,0,C9B21ACB8B68E23B46A10FEEBFDB71FA237CAD56C3393FD1D12CF611757622AE
2022-01-17T00:00:00.000Z|GBPUSD|ny|2022-01-19,2022-01-17T00:00:00.000Z,GBPUSD,LONG,ny|2022-01-19,NY,2022-01-19T00:00:00.000Z,2022-01-19T13:00:00.000Z,2022-01-19T13:00:00.000Z,2022-01-19T21:00:00.000Z,0.766021,0.013224,0.423187,0.926392,low,0.6,true,normal,harvestable_chop_candidate,true,gate90d_range_box_slots_cost_clamped_v0,0.25534,0.25534,0.766021,true,0.063835,,0,0,0,0EA57F90B24F0521A8AA8F50EAE60C99E01C1CCB4931DB3EAEF80F0FC84AAAB7
2022-01-17T00:00:00.000Z|GBPUSD|asia_london|2022-01-20,2022-01-17T00:00:00.000Z,GBPUSD,LONG,asia_london|2022-01-20,ASIA_LONDON,2022-01-19T13:00:00.000Z,2022-01-19T21:00:00.000Z,2022-01-20T00:00:00.000Z,2022-01-20T13:00:00.000Z,0.423187,0.004079,0.507556,0.926392,low,0.6,false,normal,dead_chop_cost_churn,false,gate90d_range_box_slots_cost_clamped_v0,0.141062,0.2,0.6,false,0.05,,0,0,0,D53C6BA5967F2540EE8E6202E8C6CACBEA0AC4914A2BB1D0B569FECB84DC30F3
2022-01-17T00:00:00.000Z|GBPUSD|ny|2022-01-20,2022-01-17T00:00:00.000Z,GBPUSD,LONG,ny|2022-01-20,NY,2022-01-20T00:00:00.000Z,2022-01-20T13:00:00.000Z,2022-01-20T13:00:00.000Z,2022-01-20T21:00:00.000Z,0.507556,0.047275,1.000381,0.926392,low,0.6,false,normal,dead_chop_cost_churn,false,gate90d_range_box_slots_cost_clamped_v0,0.169185,0.2,0.6,false,0.05,,1,0,1,A0A053427FC7FF6572FDC0BA5760C1E8C9D421B415B9A05D7692F7F1062EED3B
2022-01-17T00:00:00.000Z|GBPUSD|asia_london|2022-01-21,2022-01-17T00:00:00.000Z,GBPUSD,LONG,asia_london|2022-01-21,ASIA_LONDON,2022-01-20T13:00:00.000Z,2022-01-20T21:00:00.000Z,2022-01-21T00:00:00.000Z,2022-01-21T13:00:00.000Z,1.000381,0.039511,0.660225,0.926392,low,0.6,true,normal,harvestable_chop_candidate,true,gate90d_range_box_slots_cost_clamped_v0,0.33346,0.3,0.9,true,0.075,,0,0,0,DFD518834F354E801FAD79F24003CE5353531180288F1C918F704509032AD13F
2022-01-17T00:00:00.000Z|GBPUSD|ny|2022-01-21,2022-01-17T00:00:00.000Z,GBPUSD,LONG,ny|2022-01-21,NY,2022-01-21T00:00:00.000Z,2022-01-21T13:00:00.000Z,2022-01-21T13:00:00.000Z,2022-01-21T21:00:00.000Z,0.660225,0.058001,0.415151,0.926392,low,0.6,true,normal,harvestable_chop_candidate,true,gate90d_range_box_slots_cost_clamped_v0,0.220075,0.220075,0.660225,true,0.055019,,2,2,0,6E307B7328A929589E7B86977CDA2C77A6BA1C8EB389A6FE503B529F292FC740
2022-01-17T00:00:00.000Z|NZDCAD|ny|2022-01-17,2022-01-17T00:00:00.000Z,NZDCAD,SHORT,ny|2022-01-17,NY,2022-01-17T00:00:00.000Z,2022-01-17T13:00:00.000Z,2022-01-17T13:00:00.000Z,2022-01-17T21:00:00.000Z,0.437888,0.055495,0.450502,1.064955,low,0.6,false,normal,dead_chop_cost_churn,false,gate90d_range_box_slots_cost_clamped_v0,0.145963,0.2,0.6,false,0.05,,0,0,0,1B376942D2F9940912D58F75FD0E521D9E0C83256525FE6D13CE97D926E8CF35
2022-01-17T00:00:00.000Z|NZDCAD|asia_london|2022-01-18,2022-01-17T00:00:00.000Z,NZDCAD,SHORT,asia_london|2022-01-18,ASIA_LONDON,2022-01-17T13:00:00.000Z,2022-01-17T21:00:00.000Z,2022-01-18T00:00:00.000Z,2022-01-18T13:00:00.000Z,0.450502,0.054929,0.77126,1.064955,low,0.6,false,normal,dead_chop_cost_churn,false,gate90d_range_box_slots_cost_clamped_v0,0.150167,0.2,0.6,false,0.05,,0,0,0,0D1853F55738551BA0D47EF35522E52F187CF358387EDB1D7E40D007F31585AF
2022-01-17T00:00:00.000Z|NZDCAD|ny|2022-01-18,2022-01-17T00:00:00.000Z,NZDCAD,SHORT,ny|2022-01-18,NY,2022-01-18T00:00:00.000Z,2022-01-18T13:00:00.000Z,2022-01-18T13:00:00.000Z,2022-01-18T21:00:00.000Z,0.77126,0.017668,0.423473,1.064955,low,0.6,true,normal,harvestable_chop_candidate,true,gate90d_range_box_slots_cost_clamped_v0,0.257087,0.257087,0.77126,true,0.064272,,0,0,0,DFE365B3CF8D3897E3FE3DCA3CB758D0876F44B84B48D7ECB031C21961630E00
2022-01-17T00:00:00.000Z|NZDCAD|asia_london|2022-01-19,2022-01-17T00:00:00.000Z,NZDCAD,SHORT,asia_london|2022-01-19,ASIA_LONDON,2022-01-18T13:00:00.000Z,2022-01-18T21:00:00.000Z,2022-01-19T00:00:00.000Z,2022-01-19T13:00:00.000Z,0.423473,0.022087,0.724407,1.064955,low,0.6,false,normal,dead_chop_cost_churn,false,gate90d_range_box_slots_cost_clamped_v0,0.141158,0.2,0.6,false,0.05,,0,0,0,E04897581D3FBD6BE1B018E9A8158DA2B4F6E48DDFE5A869828DA5052287DAA6
2022-01-17T00:00:00.000Z|NZDCAD|ny|2022-01-19,2022-01-17T00:00:00.000Z,NZDCAD,SHORT,ny|2022-01-19,NY,2022-01-19T00:00:00.000Z,2022-01-19T13:00:00.000Z,2022-01-19T13:00:00.000Z,2022-01-19T21:00:00.000Z,0.724407,0.032091,0.756843,1.064955,low,0.6,true,normal,harvestable_chop_candidate,true,gate90d_range_box_slots_cost_clamped_v0,0.241469,0.241469,0.724407,true,0.060367,,0,0,0,2ED4A5D907898C20A9C0ED8CDC70A4F7718119D1ECF3FC2DC949181933196374
2022-01-17T00:00:00.000Z|NZDCAD|asia_london|2022-01-20,2022-01-17T00:00:00.000Z,NZDCAD,SHORT,asia_london|2022-01-20,ASIA_LONDON,2022-01-19T13:00:00.000Z,2022-01-19T21:00:00.000Z,2022-01-20T00:00:00.000Z,2022-01-20T13:00:00.000Z,0.756843,0.033064,0.800092,1.064955,low,0.6,true,normal,harvestable_chop_candidate,true,gate90d_range_box_slots_cost_clamped_v0,0.252281,0.252281,0.756843,true,0.06307,,0,0,0,10AFA1A63055C384C24F41D0B6552C860AA6A4E7ECAC6AE539BBB52ED261687C
2022-01-17T00:00:00.000Z|NZDCAD|ny|2022-01-20,2022-01-17T00:00:00.000Z,NZDCAD,SHORT,ny|2022-01-20,NY,2022-01-20T00:00:00.000Z,2022-01-20T13:00:00.000Z,2022-01-20T13:00:00.000Z,2022-01-20T21:00:00.000Z,0.800092,0.031226,0.746032,1.064955,low,0.6,true,normal,harvestable_chop_candidate,true,gate90d_range_box_slots_cost_clamped_v0,0.266697,0.266697,0.800092,true,0.066674,,0,0,0,84F794FF7BDFD584C747FEB5C53B534A65A8E2CACDECDDCCA32BE4F40540B917
2022-01-17T00:00:00.000Z|NZDCAD|asia_london|2022-01-21,2022-01-17T00:00:00.000Z,NZDCAD,SHORT,asia_london|2022-01-21,ASIA_LONDON,2022-01-20T13:00:00.000Z,2022-01-20T21:00:00.000Z,2022-01-21T00:00:00.000Z,2022-01-21T13:00:00.000Z,0.746032,0.040953,0.690169,1.064955,low,0.6,true,normal,harvestable_chop_candidate,true,gate90d_range_box_slots_cost_clamped_v0,0.248677,0.248677,0.746032,true,0.062169,,0,0,0,C1CB77592920C7B76983A57CF9D80719B22623FC4257BB5669B0245152B7FC49
2022-01-17T00:00:00.000Z|NZDCAD|ny|2022-01-21,2022-01-17T00:00:00.000Z,NZDCAD,SHORT,ny|2022-01-21,NY,2022-01-21T00:00:00.000Z,2022-01-21T13:00:00.000Z,2022-01-21T13:00:00.000Z,2022-01-21T21:00:00.000Z,0.690169,0.080829,0.410858,1.064955,low,0.6,true,normal,harvestable_chop_candidate,true,gate90d_range_box_slots_cost_clamped_v0,0.230056,0.230056,0.690169,true,0.057514,,0,0,0,69E606C8B7119FBCEFD5D9D03411412AEEC1A5E8867B2EA2BCE33E726603AE83
2022-01-17T00:00:00.000Z|NZDCHF|ny|2022-01-17,2022-01-17T00:00:00.000Z,NZDCHF,LONG,ny|2022-01-17,NY,2022-01-17T00:00:00.000Z,2022-01-17T13:00:00.000Z,2022-01-17T13:00:00.000Z,2022-01-17T21:00:00.000Z,0.397012,0.070678,0.527608,1.155189,low,0.6,false,expanded,dead_chop_cost_churn,false,gate90d_range_box_slots_cost_clamped_v0,0.132337,0.2,0.6,false,0.05,,0,0,0,3F8AA94CDAA516FD0EDCCCB3EC8E0C6E57E166B1408FA9CF02A31B86B772136D
2022-01-17T00:00:00.000Z|NZDCHF|asia_london|2022-01-18,2022-01-17T00:00:00.000Z,NZDCHF,LONG,asia_london|2022-01-18,ASIA_LONDON,2022-01-17T13:00:00.000Z,2022-01-17T21:00:00.000Z,2022-01-18T00:00:00.000Z,2022-01-18T13:00:00.000Z,0.527608,0.023964,0.848874,1.155189,low,0.6,false,expanded,dead_chop_cost_churn,false,gate90d_range_box_slots_cost_clamped_v0,0.175869,0.2,0.6,false,0.05,,0,0,0,F0682D25D1D22F7D1925F1227C040EDC856408F703B7C6DA0563D61E2005256D
2022-01-17T00:00:00.000Z|NZDCHF|ny|2022-01-18,2022-01-17T00:00:00.000Z,NZDCHF,LONG,ny|2022-01-18,NY,2022-01-18T00:00:00.000Z,2022-01-18T13:00:00.000Z,2022-01-18T13:00:00.000Z,2022-01-18T21:00:00.000Z,0.848874,0.023072,0.46231,1.155189,low,0.6,true,expanded,harvestable_chop_candidate,true,gate90d_range_box_slots_cost_clamped_v0,0.282958,0.282958,0.848874,true,0.070739,,0,0,0,65A000FCE6381B54055459D936394879967FF31F19C61304E917A176234FD178
2022-01-17T00:00:00.000Z|NZDCHF|asia_london|2022-01-19,2022-01-17T00:00:00.000Z,NZDCHF,LONG,asia_london|2022-01-19,ASIA_LONDON,2022-01-18T13:00:00.000Z,2022-01-18T21:00:00.000Z,2022-01-19T00:00:00.000Z,2022-01-19T13:00:00.000Z,0.46231,0.019038,0.538056,1.155189,low,0.6,false,expanded,dead_chop_cost_churn,false,gate90d_range_box_slots_cost_clamped_v0,0.154103,0.2,0.6,false,0.05,,1,0,1,7D13B85EB77A81A7383C1BF2EE48D8B01C5BA5FF9DEBC41B499FE770A49C5360
2022-01-17T00:00:00.000Z|NZDCHF|ny|2022-01-19,2022-01-17T00:00:00.000Z,NZDCHF,LONG,ny|2022-01-19,NY,2022-01-19T00:00:00.000Z,2022-01-19T13:00:00.000Z,2022-01-19T13:00:00.000Z,2022-01-19T21:00:00.000Z,0.538056,0.009997,0.639921,1.155189,low,0.6,false,expanded,dead_chop_cost_churn,false,gate90d_range_box_slots_cost_clamped_v0,0.179352,0.2,0.6,false,0.05,,3,0,3,8983C482DEBD8099C914EF852D7DD81DC9FA267AEC19F4706941689A242BD8E1
2022-01-17T00:00:00.000Z|NZDCHF|asia_london|2022-01-20,2022-01-17T00:00:00.000Z,NZDCHF,LONG,asia_london|2022-01-20,ASIA_LONDON,2022-01-19T13:00:00.000Z,2022-01-19T21:00:00.000Z,2022-01-20T00:00:00.000Z,2022-01-20T13:00:00.000Z,0.639921,0.006857,0.705219,1.155189,low,0.6,true,expanded,harvestable_chop_candidate,true,gate90d_range_box_slots_cost_clamped_v0,0.213307,0.213307,0.639921,true,0.053327,,0,0,0,F4AF910B5E97252FB8C0F68C2828ACA3CB0365F19820347DDE6254DC1C0C24DF
2022-01-17T00:00:00.000Z|NZDCHF|ny|2022-01-20,2022-01-17T00:00:00.000Z,NZDCHF,LONG,ny|2022-01-20,NY,2022-01-20T00:00:00.000Z,2022-01-20T13:00:00.000Z,2022-01-20T13:00:00.000Z,2022-01-20T21:00:00.000Z,0.705219,0.017498,0.692159,1.155189,low,0.6,true,expanded,harvestable_chop_candidate,true,gate90d_range_box_slots_cost_clamped_v0,0.235073,0.235073,0.705219,true,0.058768,,0,0,0,97BFA6A7C6E139F5BF37AF4A6A13C38BADB3631AF3C98B099FA7D5EBAED08178
2022-01-17T00:00:00.000Z|NZDCHF|asia_london|2022-01-21,2022-01-17T00:00:00.000Z,NZDCHF,LONG,asia_london|2022-01-21,ASIA_LONDON,2022-01-20T13:00:00.000Z,2022-01-20T21:00:00.000Z,2022-01-21T00:00:00.000Z,2022-01-21T13:00:00.000Z,0.692159,0.101152,1.935434,1.155189,low,0.6,true,expanded,harvestable_chop_candidate,true,gate90d_range_box_slots_cost_clamped_v0,0.23072,0.23072,0.692159,true,0.05768,,0,0,0,69996081E47E032EB408DBC09EC409C4A9FADEA362536BDD976045F785A8259F
2022-01-17T00:00:00.000Z|NZDCHF|ny|2022-01-21,2022-01-17T00:00:00.000Z,NZDCHF,LONG,ny|2022-01-21,NY,2022-01-21T00:00:00.000Z,2022-01-21T13:00:00.000Z,2022-01-21T13:00:00.000Z,2022-01-21T21:00:00.000Z,1.935434,0.009445,0.692159,1.155189,low,0.6,true,expanded,harvestable_chop_candidate,true,gate90d_range_box_slots_cost_clamped_v0,0.645145,0.3,0.9,true,0.075,,0,0,0,6638424E0B0B4D23D9670B9902A1881D3A1441D62A81EF267C16F7580617C6D0
2022-01-17T00:00:00.000Z|NZDJPY|ny|2022-01-17,2022-01-17T00:00:00.000Z,NZDJPY,LONG,ny|2022-01-17,NY,2022-01-17T00:00:00.000Z,2022-01-17T13:00:00.000Z,2022-01-17T13:00:00.000Z,2022-01-17T21:00:00.000Z,0.509111,0.0211,0.183516,1.082166,low,0.6,false,normal,dead_chop_cost_churn,false,gate90d_range_box_slots_cost_clamped_v0,0.169704,0.2,0.6,false,0.05,,0,0,0,D4F719E8B3D6E736B5F576D6ED1D1F77854CF03C8B6D9FD6D52C22FDE587DF41
2022-01-17T00:00:00.000Z|NZDJPY|asia_london|2022-01-18,2022-01-17T00:00:00.000Z,NZDJPY,LONG,asia_london|2022-01-18,ASIA_LONDON,2022-01-17T13:00:00.000Z,2022-01-17T21:00:00.000Z,2022-01-18T00:00:00.000Z,2022-01-18T13:00:00.000Z,0.183516,0.026893,0.929423,1.082166,low,0.6,false,normal,dead_chop_cost_churn,false,gate90d_range_box_slots_cost_clamped_v0,0.061172,0.2,0.6,false,0.05,,1,0,1,532E3A7E10ACC65FC3E11221C23F7D220EB40110FA5E5B36DC1E6CE66FF84022
2022-01-17T00:00:00.000Z|NZDJPY|ny|2022-01-18,2022-01-17T00:00:00.000Z,NZDJPY,LONG,ny|2022-01-18,NY,2022-01-18T00:00:00.000Z,2022-01-18T13:00:00.000Z,2022-01-18T13:00:00.000Z,2022-01-18T21:00:00.000Z,0.929423,0.020506,0.541669,1.082166,low,0.6,true,normal,harvestable_chop_candidate,true,gate90d_range_box_slots_cost_clamped_v0,0.309808,0.3,0.9,true,0.075,,0,0,0,6B61CB377306F9E3C4A285528184126D45BCCB0FF70919DC90B8703061630D8C
2022-01-17T00:00:00.000Z|NZDJPY|asia_london|2022-01-19,2022-01-17T00:00:00.000Z,NZDJPY,LONG,asia_london|2022-01-19,ASIA_LONDON,2022-01-18T13:00:00.000Z,2022-01-18T21:00:00.000Z,2022-01-19T00:00:00.000Z,2022-01-19T13:00:00.000Z,0.541669,0.027144,0.51207,1.082166,low,0.6,false,normal,dead_chop_cost_churn,false,gate90d_range_box_slots_cost_clamped_v0,0.180556,0.2,0.6,false,0.05,,0,0,0,5E6EAAA4101C4C6F8B3122E9A31BEBFBEA092D7E904A1E69072C046071F65997
2022-01-17T00:00:00.000Z|NZDJPY|ny|2022-01-19,2022-01-17T00:00:00.000Z,NZDJPY,LONG,ny|2022-01-19,NY,2022-01-19T00:00:00.000Z,2022-01-19T13:00:00.000Z,2022-01-19T13:00:00.000Z,2022-01-19T21:00:00.000Z,0.51207,0.045932,0.51947,1.082166,low,0.6,false,normal,dead_chop_cost_churn,false,gate90d_range_box_slots_cost_clamped_v0,0.17069,0.2,0.6,false,0.05,,0,0,0,CCA4FDAACC8EAB731980D9F9BB94866A8CD3403ABECD9D96C3BF76DDBD5EA79C
2022-01-17T00:00:00.000Z|NZDJPY|asia_london|2022-01-20,2022-01-17T00:00:00.000Z,NZDJPY,LONG,asia_london|2022-01-20,ASIA_LONDON,2022-01-19T13:00:00.000Z,2022-01-19T21:00:00.000Z,2022-01-20T00:00:00.000Z,2022-01-20T13:00:00.000Z,0.51947,0.015765,0.480991,1.082166,low,0.6,false,normal,dead_chop_cost_churn,false,gate90d_range_box_slots_cost_clamped_v0,0.173157,0.2,0.6,false,0.05,,0,0,0,F654D16FBB2348AFBC6BF368C51320C3CA5F1B985940FFDF85B3B73047CA3D7F
2022-01-17T00:00:00.000Z|NZDJPY|ny|2022-01-20,2022-01-17T00:00:00.000Z,NZDJPY,LONG,ny|2022-01-20,NY,2022-01-20T00:00:00.000Z,2022-01-20T13:00:00.000Z,2022-01-20T13:00:00.000Z,2022-01-20T21:00:00.000Z,0.480991,0.062628,0.759225,1.082166,low,0.6,false,normal,dead_chop_cost_churn,false,gate90d_range_box_slots_cost_clamped_v0,0.16033,0.2,0.6,false,0.05,,0,0,0,2182A69157CC9735A92B7BA080A705F03E4FBA7D141763C5E01E5FFDB95DFECD
2022-01-17T00:00:00.000Z|NZDJPY|asia_london|2022-01-21,2022-01-17T00:00:00.000Z,NZDJPY,LONG,asia_london|2022-01-21,ASIA_LONDON,2022-01-20T13:00:00.000Z,2022-01-20T21:00:00.000Z,2022-01-21T00:00:00.000Z,2022-01-21T13:00:00.000Z,0.759225,0.061775,0.865784,1.082166,low,0.6,true,normal,harvestable_chop_candidate,true,gate90d_range_box_slots_cost_clamped_v0,0.253075,0.253075,0.759225,true,0.063269,,0,0,0,4172B7EEDEDD22AD374456F12AC4961D3F2757DB4E16882B4279C5785E66006F
2022-01-17T00:00:00.000Z|NZDJPY|ny|2022-01-21,2022-01-17T00:00:00.000Z,NZDJPY,LONG,ny|2022-01-21,NY,2022-01-21T00:00:00.000Z,2022-01-21T13:00:00.000Z,2022-01-21T13:00:00.000Z,2022-01-21T21:00:00.000Z,0.865784,0.013858,0.494311,1.082166,low,0.6,true,normal,harvestable_chop_candidate,true,gate90d_range_box_slots_cost_clamped_v0,0.288595,0.288595,0.865784,true,0.072149,,0,0,0,47CD122F84AA5AA2FE910961C290620E0AEBA4CC1B73A45D409B12F09AC9D7BC
2022-01-17T00:00:00.000Z|NZDUSD|ny|2022-01-17,2022-01-17T00:00:00.000Z,NZDUSD,LONG,ny|2022-01-17,NY,2022-01-17T00:00:00.000Z,2022-01-17T13:00:00.000Z,2022-01-17T13:00:00.000Z,2022-01-17T21:00:00.000Z,0.536457,0.027484,0.245876,0.910404,low,0.6,false,normal,dead_chop_cost_churn,false,gate90d_range_box_slots_cost_clamped_v0,0.178819,0.2,0.6,false,0.05,,0,0,0,CBA29BCB2D8130C34AE3BCA73817C102F0FB15269C19958F3477230CDE5AA75E
2022-01-17T00:00:00.000Z|NZDUSD|asia_london|2022-01-18,2022-01-17T00:00:00.000Z,NZDUSD,LONG,asia_london|2022-01-18,ASIA_LONDON,2022-01-17T13:00:00.000Z,2022-01-17T21:00:00.000Z,2022-01-18T00:00:00.000Z,2022-01-18T13:00:00.000Z,0.245876,0.035417,0.773737,0.910404,low,0.6,false,normal,dead_chop_cost_churn,false,gate90d_range_box_slots_cost_clamped_v0,0.081959,0.2,0.6,false,0.05,,0,0,0,3E66A00830513B8A128B35919192B71F026A4D816456EAFEDAB3CEECE9EC47A9
2022-01-17T00:00:00.000Z|NZDUSD|ny|2022-01-18,2022-01-17T00:00:00.000Z,NZDUSD,LONG,ny|2022-01-18,NY,2022-01-18T00:00:00.000Z,2022-01-18T13:00:00.000Z,2022-01-18T13:00:00.000Z,2022-01-18T21:00:00.000Z,0.773737,0.022329,0.507228,0.910404,low,0.6,true,normal,harvestable_chop_candidate,true,gate90d_range_box_slots_cost_clamped_v0,0.257912,0.257912,0.773737,true,0.064478,,0,0,0,46363F6EF22301B7AE131C2CC235AD73872819068DCC587D902F5D363E4B769D
2022-01-17T00:00:00.000Z|NZDUSD|asia_london|2022-01-19,2022-01-17T00:00:00.000Z,NZDUSD,LONG,asia_london|2022-01-19,ASIA_LONDON,2022-01-18T13:00:00.000Z,2022-01-18T21:00:00.000Z,2022-01-19T00:00:00.000Z,2022-01-19T13:00:00.000Z,0.507228,0.035445,0.582882,0.910404,low,0.6,false,normal,dead_chop_cost_churn,false,gate90d_range_box_slots_cost_clamped_v0,0.169076,0.2,0.6,false,0.05,,0,0,0,B9D30A965C7DEC633069B864FB13A384D501E60E787B03C98C7D216C35D74868
2022-01-17T00:00:00.000Z|NZDUSD|ny|2022-01-19,2022-01-17T00:00:00.000Z,NZDUSD,LONG,ny|2022-01-19,NY,2022-01-19T00:00:00.000Z,2022-01-19T13:00:00.000Z,2022-01-19T13:00:00.000Z,2022-01-19T21:00:00.000Z,0.582882,0.001098,0.428134,0.910404,low,0.6,false,normal,dead_chop_cost_churn,false,gate90d_range_box_slots_cost_clamped_v0,0.194294,0.2,0.6,false,0.05,,0,0,0,C63335466CBFD38218CF783BB66C43D4A5D1A70720FFCD68C54523375C9DE308
2022-01-17T00:00:00.000Z|NZDUSD|asia_london|2022-01-20,2022-01-17T00:00:00.000Z,NZDUSD,LONG,asia_london|2022-01-20,ASIA_LONDON,2022-01-19T13:00:00.000Z,2022-01-19T21:00:00.000Z,2022-01-20T00:00:00.000Z,2022-01-20T13:00:00.000Z,0.428134,0.008054,0.613831,0.910404,low,0.6,false,normal,dead_chop_cost_churn,false,gate90d_range_box_slots_cost_clamped_v0,0.142711,0.2,0.6,false,0.05,,2,2,0,ED03C68F9175EAFAF230CAADDA44E27FFDF4FCD67DAA577850DB76266095643C
2022-01-17T00:00:00.000Z|NZDUSD|ny|2022-01-20,2022-01-17T00:00:00.000Z,NZDUSD,LONG,ny|2022-01-20,NY,2022-01-20T00:00:00.000Z,2022-01-20T13:00:00.000Z,2022-01-20T13:00:00.000Z,2022-01-20T21:00:00.000Z,0.613831,0.054434,0.921607,0.910404,low,0.6,true,normal,harvestable_chop_candidate,true,gate90d_range_box_slots_cost_clamped_v0,0.20461,0.20461,0.613831,true,0.051153,,0,0,0,92CE16D27DB99E6C45DA408DBE89FA531DC0D68A0C96296E39A685A6C0716C01
2022-01-17T00:00:00.000Z|NZDUSD|asia_london|2022-01-21,2022-01-17T00:00:00.000Z,NZDUSD,LONG,asia_london|2022-01-21,ASIA_LONDON,2022-01-20T13:00:00.000Z,2022-01-20T21:00:00.000Z,2022-01-21T00:00:00.000Z,2022-01-21T13:00:00.000Z,0.921607,0.05607,0.777175,0.910404,low,0.6,true,normal,harvestable_chop_candidate,true,gate90d_range_box_slots_cost_clamped_v0,0.307202,0.3,0.9,true,0.075,,0,0,0,EEF9AD520E40248518345C93C614FB12CCE79C6B37D513437D1219C39364CF59
2022-01-17T00:00:00.000Z|NZDUSD|ny|2022-01-21,2022-01-17T00:00:00.000Z,NZDUSD,LONG,ny|2022-01-21,NY,2022-01-21T00:00:00.000Z,2022-01-21T13:00:00.000Z,2022-01-21T13:00:00.000Z,2022-01-21T21:00:00.000Z,0.777175,0.04271,0.379991,0.910404,low,0.6,true,normal,harvestable_chop_candidate,true,gate90d_range_box_slots_cost_clamped_v0,0.259058,0.259058,0.777175,true,0.064765,,0,0,0,39FFF87A6F1ACB685922442D7F35DDFE14BE02237302360FECDB5D1AFE98DDF0
2022-01-17T00:00:00.000Z|USDCAD|ny|2022-01-17,2022-01-17T00:00:00.000Z,USDCAD,LONG,ny|2022-01-17,NY,2022-01-17T00:00:00.000Z,2022-01-17T13:00:00.000Z,2022-01-17T13:00:00.000Z,2022-01-17T21:00:00.000Z,0.588943,0.025252,0.371487,0.870237,low,0.6,false,compressed,dead_chop_cost_churn,false,gate90d_range_box_slots_cost_clamped_v0,0.196314,0.2,0.6,false,0.05,,0,0,0,7FD99B8F5DCFAB9DC94AEEAEFFD70B307B40D1427454EA757614AA3BE520736E
2022-01-17T00:00:00.000Z|USDCAD|asia_london|2022-01-18,2022-01-17T00:00:00.000Z,USDCAD,LONG,asia_london|2022-01-18,ASIA_LONDON,2022-01-17T13:00:00.000Z,2022-01-17T21:00:00.000Z,2022-01-18T00:00:00.000Z,2022-01-18T13:00:00.000Z,0.371487,0.00768,0.541374,0.870237,low,0.6,false,compressed,dead_chop_cost_churn,false,gate90d_range_box_slots_cost_clamped_v0,0.123829,0.2,0.6,false,0.05,,0,0,0,19EEB2545805763CCAD85228388AC735B0920C9EE902D7828992607FCAE8280B
2022-01-17T00:00:00.000Z|USDCAD|ny|2022-01-18,2022-01-17T00:00:00.000Z,USDCAD,LONG,ny|2022-01-18,NY,2022-01-18T00:00:00.000Z,2022-01-18T13:00:00.000Z,2022-01-18T13:00:00.000Z,2022-01-18T21:00:00.000Z,0.541374,0.010625,0.685213,0.870237,low,0.6,false,compressed,dead_chop_cost_churn,false,gate90d_range_box_slots_cost_clamped_v0,0.180458,0.2,0.6,false,0.05,,0,0,0,C7D5137B12EE19C9B3DCA1293FE3FEB98D638C43D420A44C6D1067EF0CAA44D8
2022-01-17T00:00:00.000Z|USDCAD|asia_london|2022-01-19,2022-01-17T00:00:00.000Z,USDCAD,LONG,asia_london|2022-01-19,ASIA_LONDON,2022-01-18T13:00:00.000Z,2022-01-18T21:00:00.000Z,2022-01-19T00:00:00.000Z,2022-01-19T13:00:00.000Z,0.685213,0.023764,0.61839,0.870237,low,0.6,true,compressed,harvestable_chop_candidate,true,gate90d_range_box_slots_cost_clamped_v0,0.228404,0.228404,0.685213,true,0.057101,,0,0,0,CC3DF48DF375A3076C2063B2F819F0BCEC4246C0E707764BB014EC3307424C5B
2022-01-17T00:00:00.000Z|USDCAD|ny|2022-01-19,2022-01-17T00:00:00.000Z,USDCAD,LONG,ny|2022-01-19,NY,2022-01-19T00:00:00.000Z,2022-01-19T13:00:00.000Z,2022-01-19T13:00:00.000Z,2022-01-19T21:00:00.000Z,0.61839,0.031373,0.771289,0.870237,low,0.6,true,compressed,harvestable_chop_candidate,true,gate90d_range_box_slots_cost_clamped_v0,0.20613,0.20613,0.61839,true,0.051533,,0,0,0,5E64215E6C6170B77164151D41AE6DAD118AF22E15C212160EAF2B78732622FC
2022-01-17T00:00:00.000Z|USDCAD|asia_london|2022-01-20,2022-01-17T00:00:00.000Z,USDCAD,LONG,asia_london|2022-01-20,ASIA_LONDON,2022-01-19T13:00:00.000Z,2022-01-19T21:00:00.000Z,2022-01-20T00:00:00.000Z,2022-01-20T13:00:00.000Z,0.771289,0.028262,0.351101,0.870237,low,0.6,true,compressed,harvestable_chop_candidate,true,gate90d_range_box_slots_cost_clamped_v0,0.257096,0.257096,0.771289,true,0.064274,,0,0,0,BC6999C300160723479D54B0461FDB5D4B9DC077A75585D4075A2E9DCBB631E3
2022-01-17T00:00:00.000Z|USDCAD|ny|2022-01-20,2022-01-17T00:00:00.000Z,USDCAD,LONG,ny|2022-01-20,NY,2022-01-20T00:00:00.000Z,2022-01-20T13:00:00.000Z,2022-01-20T13:00:00.000Z,2022-01-20T21:00:00.000Z,0.351101,0.034438,0.694273,0.870237,low,0.6,false,compressed,dead_chop_cost_churn,false,gate90d_range_box_slots_cost_clamped_v0,0.117034,0.2,0.6,false,0.05,,0,0,0,654246E5CCA2393083DFF1CA0C6FCCF17E8694B9CC8F4DE8B76DD98505BEF327
2022-01-17T00:00:00.000Z|USDCAD|asia_london|2022-01-21,2022-01-17T00:00:00.000Z,USDCAD,LONG,asia_london|2022-01-21,ASIA_LONDON,2022-01-20T13:00:00.000Z,2022-01-20T21:00:00.000Z,2022-01-21T00:00:00.000Z,2022-01-21T13:00:00.000Z,0.694273,0.032521,0.439442,0.870237,low,0.6,true,compressed,harvestable_chop_candidate,true,gate90d_range_box_slots_cost_clamped_v0,0.231424,0.231424,0.694273,true,0.057856,,0,0,0,F80183A47D1F7D8971A1351F31AA7511FEDD8A590582DCC07E3B5358DEBBE29A
2022-01-17T00:00:00.000Z|USDCAD|ny|2022-01-21,2022-01-17T00:00:00.000Z,USDCAD,LONG,ny|2022-01-21,NY,2022-01-21T00:00:00.000Z,2022-01-21T13:00:00.000Z,2022-01-21T13:00:00.000Z,2022-01-21T21:00:00.000Z,0.439442,0.01904,0.449636,0.870237,low,0.6,false,compressed,dead_chop_cost_churn,false,gate90d_range_box_slots_cost_clamped_v0,0.146481,0.2,0.6,false,0.05,,1,0,1,DF3D0DC213D844B3C80793DF46282FC3324918D410681D133AE2471816A61EC4
2022-01-17T00:00:00.000Z|USDCHF|ny|2022-01-17,2022-01-17T00:00:00.000Z,USDCHF,LONG,ny|2022-01-17,NY,2022-01-17T00:00:00.000Z,2022-01-17T13:00:00.000Z,2022-01-17T13:00:00.000Z,2022-01-17T21:00:00.000Z,0.61833,0.049444,0.425735,0.845274,low,0.6,true,compressed,harvestable_chop_candidate,true,gate90d_range_box_slots_cost_clamped_v0,0.20611,0.20611,0.61833,true,0.051527,,0,0,0,B9DB523F16565E75EEF8813F2F1C88FE71A890BB24BB20571F6E46E2FDE9B13C
2022-01-17T00:00:00.000Z|USDCHF|asia_london|2022-01-18,2022-01-17T00:00:00.000Z,USDCHF,LONG,asia_london|2022-01-18,ASIA_LONDON,2022-01-17T13:00:00.000Z,2022-01-17T21:00:00.000Z,2022-01-18T00:00:00.000Z,2022-01-18T13:00:00.000Z,0.425735,0.016795,0.584541,0.845274,low,0.6,false,compressed,dead_chop_cost_churn,false,gate90d_range_box_slots_cost_clamped_v0,0.141912,0.2,0.6,false,0.05,,0,0,0,B7B9B2A90C2756319F93E3A6B2C46E5503AB48FE1453D1ADC284CDEB800BEA8E
2022-01-17T00:00:00.000Z|USDCHF|ny|2022-01-18,2022-01-17T00:00:00.000Z,USDCHF,LONG,ny|2022-01-18,NY,2022-01-18T00:00:00.000Z,2022-01-18T13:00:00.000Z,2022-01-18T13:00:00.000Z,2022-01-18T21:00:00.000Z,0.584541,0.058104,0.510206,0.845274,low,0.6,false,compressed,dead_chop_cost_churn,false,gate90d_range_box_slots_cost_clamped_v0,0.194847,0.2,0.6,false,0.05,,0,0,0,B8F3A0F90193F8A77500BF18A533B4278B7D3AA1EE9524FEE87B33CD9AE436B8
2022-01-17T00:00:00.000Z|USDCHF|asia_london|2022-01-19,2022-01-17T00:00:00.000Z,USDCHF,LONG,asia_london|2022-01-19,ASIA_LONDON,2022-01-18T13:00:00.000Z,2022-01-18T21:00:00.000Z,2022-01-19T00:00:00.000Z,2022-01-19T13:00:00.000Z,0.510206,0.026145,0.466282,0.845274,low,0.6,false,compressed,dead_chop_cost_churn,false,gate90d_range_box_slots_cost_clamped_v0,0.170069,0.2,0.6,false,0.05,,0,0,0,A201F38F8B3073E7C62BF17BA8511B0AD176E0CC3A456C00D41232DF2319DBF8
2022-01-17T00:00:00.000Z|USDCHF|ny|2022-01-19,2022-01-17T00:00:00.000Z,USDCHF,LONG,ny|2022-01-19,NY,2022-01-19T00:00:00.000Z,2022-01-19T13:00:00.000Z,2022-01-19T13:00:00.000Z,2022-01-19T21:00:00.000Z,0.466282,0.010286,0.422356,0.845274,low,0.6,false,compressed,dead_chop_cost_churn,false,gate90d_range_box_slots_cost_clamped_v0,0.155427,0.2,0.6,false,0.05,,0,0,0,AAE19F1CEFC3D369194B13C60429F6AAAD7979DADBD3E9A88ED9CDDE76406C12
2022-01-17T00:00:00.000Z|USDCHF|asia_london|2022-01-20,2022-01-17T00:00:00.000Z,USDCHF,LONG,asia_london|2022-01-20,ASIA_LONDON,2022-01-19T13:00:00.000Z,2022-01-19T21:00:00.000Z,2022-01-20T00:00:00.000Z,2022-01-20T13:00:00.000Z,0.422356,0.004421,0.375053,0.845274,low,0.6,false,compressed,dead_chop_cost_churn,false,gate90d_range_box_slots_cost_clamped_v0,0.140785,0.2,0.6,false,0.05,,0,0,0,BCF03C191DCBB96E57C35C68290070F7450735CDD5A333BF21BEEB3AF8BAF606
2022-01-17T00:00:00.000Z|USDCHF|ny|2022-01-20,2022-01-17T00:00:00.000Z,USDCHF,LONG,ny|2022-01-20,NY,2022-01-20T00:00:00.000Z,2022-01-20T13:00:00.000Z,2022-01-20T13:00:00.000Z,2022-01-20T21:00:00.000Z,0.375053,0.051648,0.669013,0.845274,low,0.6,false,compressed,dead_chop_cost_churn,false,gate90d_range_box_slots_cost_clamped_v0,0.125018,0.2,0.6,false,0.05,,0,0,0,E904B89557FD05E9DD484B78511C2DA5BE1826DE5966956F0FC218FD5A77BE18
2022-01-17T00:00:00.000Z|USDCHF|asia_london|2022-01-21,2022-01-17T00:00:00.000Z,USDCHF,LONG,asia_london|2022-01-21,ASIA_LONDON,2022-01-20T13:00:00.000Z,2022-01-20T21:00:00.000Z,2022-01-21T00:00:00.000Z,2022-01-21T13:00:00.000Z,0.669013,0.077495,0.932562,0.845274,low,0.6,true,compressed,harvestable_chop_candidate,true,gate90d_range_box_slots_cost_clamped_v0,0.223004,0.223004,0.669013,true,0.055751,,0,0,0,6AEF370BFF0EC51CCFDA94B5E155EFCD05534CF349DF751D2E3F4DB3C5691C19
2022-01-17T00:00:00.000Z|USDCHF|ny|2022-01-21,2022-01-17T00:00:00.000Z,USDCHF,LONG,ny|2022-01-21,NY,2022-01-21T00:00:00.000Z,2022-01-21T13:00:00.000Z,2022-01-21T13:00:00.000Z,2022-01-21T21:00:00.000Z,0.932562,0.083236,0.359847,0.845274,low,0.6,true,compressed,harvestable_chop_candidate,true,gate90d_range_box_slots_cost_clamped_v0,0.310854,0.3,0.9,true,0.075,,1,1,0,973E66CAEE5A17B78F1CF5089456DDF0CB7D427B0073918C1C0570E543CBACE8
2022-01-17T00:00:00.000Z|USDJPY|ny|2022-01-17,2022-01-17T00:00:00.000Z,USDJPY,SHORT,ny|2022-01-17,NY,2022-01-17T00:00:00.000Z,2022-01-17T13:00:00.000Z,2022-01-17T13:00:00.000Z,2022-01-17T21:00:00.000Z,0.426606,0.014223,0.176237,0.857748,low,0.6,false,compressed,dead_chop_cost_churn,false,gate90d_range_box_slots_cost_clamped_v0,0.142202,0.2,0.6,false,0.05,,0,0,0,A9F8C6D0765CC9F66F6671E1DAAF024FD80D6B907BFD9ADB19D63445862853E7
2022-01-17T00:00:00.000Z|USDJPY|asia_london|2022-01-18,2022-01-17T00:00:00.000Z,USDJPY,SHORT,asia_london|2022-01-18,ASIA_LONDON,2022-01-17T13:00:00.000Z,2022-01-17T21:00:00.000Z,2022-01-18T00:00:00.000Z,2022-01-18T13:00:00.000Z,0.176237,0.005149,0.853211,0.857748,low,0.6,false,compressed,dead_chop_cost_churn,false,gate90d_range_box_slots_cost_clamped_v0,0.058746,0.2,0.6,false,0.05,,2,0,2,76A4ABEF02AAEE49BAF6DEBDFD96DB203B9DA1148D8D174A0E47FC4C53FF7EFC
2022-01-17T00:00:00.000Z|USDJPY|ny|2022-01-18,2022-01-17T00:00:00.000Z,USDJPY,SHORT,ny|2022-01-18,NY,2022-01-18T00:00:00.000Z,2022-01-18T13:00:00.000Z,2022-01-18T13:00:00.000Z,2022-01-18T21:00:00.000Z,0.853211,0.000452,0.391638,0.857748,low,0.6,true,compressed,harvestable_chop_candidate,true,gate90d_range_box_slots_cost_clamped_v0,0.284404,0.284404,0.853211,true,0.071101,,0,0,0,00EBEBA01A3A796417F2801E85E91CE48184D96C7B36083F2B51F2303D90DC39
2022-01-17T00:00:00.000Z|USDJPY|asia_london|2022-01-19,2022-01-17T00:00:00.000Z,USDJPY,SHORT,asia_london|2022-01-19,ASIA_LONDON,2022-01-18T13:00:00.000Z,2022-01-18T21:00:00.000Z,2022-01-19T00:00:00.000Z,2022-01-19T13:00:00.000Z,0.391638,0.004148,0.816844,0.857748,low,0.6,false,compressed,dead_chop_cost_churn,false,gate90d_range_box_slots_cost_clamped_v0,0.130546,0.2,0.6,false,0.05,,0,0,0,887BC153BCE23A3732D36C0E8D014EC722E794EBCE21880D2CECA1B72DD4D72B
2022-01-17T00:00:00.000Z|USDJPY|ny|2022-01-19,2022-01-17T00:00:00.000Z,USDJPY,SHORT,ny|2022-01-19,NY,2022-01-19T00:00:00.000Z,2022-01-19T13:00:00.000Z,2022-01-19T13:00:00.000Z,2022-01-19T21:00:00.000Z,0.816844,0.069033,0.472762,0.857748,low,0.6,true,compressed,harvestable_chop_candidate,true,gate90d_range_box_slots_cost_clamped_v0,0.272281,0.272281,0.816844,true,0.06807,,0,0,0,3ED1DEB6F933D9EDE0762AA2A1135C6948E40EF320EAA8547513BF21AE329188
2022-01-17T00:00:00.000Z|USDJPY|asia_london|2022-01-20,2022-01-17T00:00:00.000Z,USDJPY,SHORT,asia_london|2022-01-20,ASIA_LONDON,2022-01-19T13:00:00.000Z,2022-01-19T21:00:00.000Z,2022-01-20T00:00:00.000Z,2022-01-20T13:00:00.000Z,0.472762,0.014573,0.731523,0.857748,low,0.6,false,compressed,dead_chop_cost_churn,false,gate90d_range_box_slots_cost_clamped_v0,0.157587,0.2,0.6,false,0.05,,0,0,0,85590659F61C73414AE174BE9876B277C3287C6B09DDCE44DA5C0290D6BED2FF
2022-01-17T00:00:00.000Z|USDJPY|ny|2022-01-20,2022-01-17T00:00:00.000Z,USDJPY,SHORT,ny|2022-01-20,NY,2022-01-20T00:00:00.000Z,2022-01-20T13:00:00.000Z,2022-01-20T13:00:00.000Z,2022-01-20T21:00:00.000Z,0.731523,0.011911,0.428004,0.857748,low,0.6,true,compressed,harvestable_chop_candidate,true,gate90d_range_box_slots_cost_clamped_v0,0.243841,0.243841,0.731523,true,0.06096,,3,3,0,FA9341472C5E25F489DF82DEA31A4A09615D4128A080E2AE9793D08273858FF0
2022-01-17T00:00:00.000Z|USDJPY|asia_london|2022-01-21,2022-01-17T00:00:00.000Z,USDJPY,SHORT,asia_london|2022-01-21,ASIA_LONDON,2022-01-20T13:00:00.000Z,2022-01-20T21:00:00.000Z,2022-01-21T00:00:00.000Z,2022-01-21T13:00:00.000Z,0.428004,0.033394,0.570672,0.857748,low,0.6,false,compressed,dead_chop_cost_churn,false,gate90d_range_box_slots_cost_clamped_v0,0.142668,0.2,0.6,false,0.05,,0,0,0,01875C7DF725A1871D51D3D40C4EC676611F4DC2563AB73EBE3CACB03159E952
2022-01-17T00:00:00.000Z|USDJPY|ny|2022-01-21,2022-01-17T00:00:00.000Z,USDJPY,SHORT,ny|2022-01-21,NY,2022-01-21T00:00:00.000Z,2022-01-21T13:00:00.000Z,2022-01-21T13:00:00.000Z,2022-01-21T21:00:00.000Z,0.570672,0.041783,0.34688,0.857748,low,0.6,false,compressed,dead_chop_cost_churn,false,gate90d_range_box_slots_cost_clamped_v0,0.190224,0.2,0.6,false,0.05,,0,0,0,A84288997B49D82E2F87CA675184619CEB4699ED383FC23C056E1ED9573DE6BF
2022-01-24T00:00:00.000Z|AUDCAD|ny|2022-01-24,2022-01-24T00:00:00.000Z,AUDCAD,LONG,ny|2022-01-24,NY,2022-01-24T00:00:00.000Z,2022-01-24T13:00:00.000Z,2022-01-24T13:00:00.000Z,2022-01-24T21:00:00.000Z,0.769338,0.070067,0.850516,1.180057,low,0.6,true,expanded,harvestable_chop_candidate,true,gate90d_range_box_slots_cost_clamped_v0,0.256446,0.256446,0.769338,true,0.064112,,0,0,0,BB6CC4BE74C7F1FBAC19AD775ABC017BC5F8354A565178D01E693CF92E3C82DE
2022-01-24T00:00:00.000Z|AUDCAD|asia_london|2022-01-25,2022-01-24T00:00:00.000Z,AUDCAD,LONG,asia_london|2022-01-25,ASIA_LONDON,2022-01-24T13:00:00.000Z,2022-01-24T21:00:00.000Z,2022-01-25T00:00:00.000Z,2022-01-25T13:00:00.000Z,0.850516,0.035703,0.959367,1.180057,low,0.6,true,expanded,harvestable_chop_candidate,true,gate90d_range_box_slots_cost_clamped_v0,0.283505,0.283505,0.850516,true,0.070876,,0,0,0,DB63348D73D662810718A31C76FEE097B8A6212755ABF31561B9B702B15EF55B
2022-01-24T00:00:00.000Z|AUDCAD|ny|2022-01-25,2022-01-24T00:00:00.000Z,AUDCAD,LONG,ny|2022-01-25,NY,2022-01-25T00:00:00.000Z,2022-01-25T13:00:00.000Z,2022-01-25T13:00:00.000Z,2022-01-25T21:00:00.000Z,0.959367,0.053462,0.520272,1.180057,low,0.6,true,expanded,harvestable_chop_candidate,true,gate90d_range_box_slots_cost_clamped_v0,0.319789,0.3,0.9,true,0.075,,0,0,0,FEC27B55AC6F774A6349974076E61F1CA5F59B3ACC0E2D9CF3FA3BF449773741
2022-01-24T00:00:00.000Z|AUDCAD|asia_london|2022-01-26,2022-01-24T00:00:00.000Z,AUDCAD,LONG,asia_london|2022-01-26,ASIA_LONDON,2022-01-25T13:00:00.000Z,2022-01-25T21:00:00.000Z,2022-01-26T00:00:00.000Z,2022-01-26T13:00:00.000Z,0.520272,0.037718,0.542411,1.180057,low,0.6,false,expanded,dead_chop_cost_churn,false,gate90d_range_box_slots_cost_clamped_v0,0.173424,0.2,0.6,false,0.05,,0,0,0,4AD3F15736D815E7B5137307CF4F33B568343F35F279DC78E9DB68E242AF79F3
2022-01-24T00:00:00.000Z|AUDCAD|ny|2022-01-26,2022-01-24T00:00:00.000Z,AUDCAD,LONG,ny|2022-01-26,NY,2022-01-26T00:00:00.000Z,2022-01-26T13:00:00.000Z,2022-01-26T13:00:00.000Z,2022-01-26T21:00:00.000Z,0.542411,0.006459,1.049769,1.180057,low,0.6,false,expanded,dead_chop_cost_churn,false,gate90d_range_box_slots_cost_clamped_v0,0.180804,0.2,0.6,false,0.05,,6,4,2,5A8098F75F3FAA04A0C7D494DD4624E960C13BA0AE4FC7F8AA60E55676999224
2022-01-24T00:00:00.000Z|AUDCAD|asia_london|2022-01-27,2022-01-24T00:00:00.000Z,AUDCAD,LONG,asia_london|2022-01-27,ASIA_LONDON,2022-01-26T13:00:00.000Z,2022-01-26T21:00:00.000Z,2022-01-27T00:00:00.000Z,2022-01-27T13:00:00.000Z,1.049769,0.042449,0.57562,1.180057,low,0.6,true,expanded,harvestable_chop_candidate,true,gate90d_range_box_slots_cost_clamped_v0,0.349923,0.3,0.9,true,0.075,,4,4,0,356BE1856DE1E02D4FB48923F9E4AEFFCB11DF6EF42B07BCE6B82ED7312A1D2E
2022-01-24T00:00:00.000Z|AUDCAD|ny|2022-01-27,2022-01-24T00:00:00.000Z,AUDCAD,LONG,ny|2022-01-27,NY,2022-01-27T00:00:00.000Z,2022-01-27T13:00:00.000Z,2022-01-27T13:00:00.000Z,2022-01-27T21:00:00.000Z,0.57562,0.057425,0.710301,1.180057,low,0.6,false,expanded,dead_chop_cost_churn,false,gate90d_range_box_slots_cost_clamped_v0,0.191873,0.2,0.6,false,0.05,,0,0,0,2DC33CBF2806FFDE5735CAFDA1A50E7E1F32734207EE508405C7FDBB4786ED03
2022-01-24T00:00:00.000Z|AUDCAD|asia_london|2022-01-28,2022-01-24T00:00:00.000Z,AUDCAD,LONG,asia_london|2022-01-28,ASIA_LONDON,2022-01-27T13:00:00.000Z,2022-01-27T21:00:00.000Z,2022-01-28T00:00:00.000Z,2022-01-28T13:00:00.000Z,0.710301,0.079597,0.985196,1.180057,low,0.6,true,expanded,harvestable_chop_candidate,true,gate90d_range_box_slots_cost_clamped_v0,0.236767,0.236767,0.710301,true,0.059192,,0,0,0,4DD38AA6F59F6723DF9739609794C8BD681EDCE91B687663BE682D7FF03A51B3
2022-01-24T00:00:00.000Z|AUDCAD|ny|2022-01-28,2022-01-24T00:00:00.000Z,AUDCAD,LONG,ny|2022-01-28,NY,2022-01-28T00:00:00.000Z,2022-01-28T13:00:00.000Z,2022-01-28T13:00:00.000Z,2022-01-28T21:00:00.000Z,0.985196,0.057463,0.726905,1.180057,low,0.6,true,expanded,harvestable_chop_candidate,true,gate90d_range_box_slots_cost_clamped_v0,0.328399,0.3,0.9,true,0.075,,3,3,0,DED7986D16BC25D2DCEED6BE1CD4792B2B01EAE8758508FD2818778648854B80
2022-01-24T00:00:00.000Z|AUDCHF|ny|2022-01-24,2022-01-24T00:00:00.000Z,AUDCHF,LONG,ny|2022-01-24,NY,2022-01-24T00:00:00.000Z,2022-01-24T13:00:00.000Z,2022-01-24T13:00:00.000Z,2022-01-24T21:00:00.000Z,1.39001,0.069517,0.995077,1.070181,low,0.6,true,normal,harvestable_chop_candidate,true,gate90d_range_box_slots_cost_clamped_v0,0.463337,0.3,0.9,true,0.075,,3,3,0,5D2A425196B180764F06FD15ECED5735AA65080780E6579091A386DC1FB888AD
2022-01-24T00:00:00.000Z|AUDCHF|asia_london|2022-01-25,2022-01-24T00:00:00.000Z,AUDCHF,LONG,asia_london|2022-01-25,ASIA_LONDON,2022-01-24T13:00:00.000Z,2022-01-24T21:00:00.000Z,2022-01-25T00:00:00.000Z,2022-01-25T13:00:00.000Z,0.995077,0.020431,0.975717,1.070181,low,0.6,true,normal,harvestable_chop_candidate,true,gate90d_range_box_slots_cost_clamped_v0,0.331692,0.3,0.9,true,0.075,,1,0,1,D1231CADAD05968D04068342FBE3310CD17FE4502B4FFE9E33EEA9F97E155DE0
2022-01-24T00:00:00.000Z|AUDCHF|ny|2022-01-25,2022-01-24T00:00:00.000Z,AUDCHF,LONG,ny|2022-01-25,NY,2022-01-25T00:00:00.000Z,2022-01-25T13:00:00.000Z,2022-01-25T13:00:00.000Z,2022-01-25T21:00:00.000Z,0.975717,0.035936,0.902151,1.070181,low,0.6,true,normal,harvestable_chop_candidate,true,gate90d_range_box_slots_cost_clamped_v0,0.325239,0.3,0.9,true,0.075,,0,0,0,D242346006442D2ACCD85C3D8D68C7B34A002E67F38AE07CED9A3DA4D64FDAF0
2022-01-24T00:00:00.000Z|AUDCHF|asia_london|2022-01-26,2022-01-24T00:00:00.000Z,AUDCHF,LONG,asia_london|2022-01-26,ASIA_LONDON,2022-01-25T13:00:00.000Z,2022-01-25T21:00:00.000Z,2022-01-26T00:00:00.000Z,2022-01-26T13:00:00.000Z,0.902151,0.066479,0.857625,1.070181,low,0.6,true,normal,harvestable_chop_candidate,true,gate90d_range_box_slots_cost_clamped_v0,0.300717,0.3,0.9,true,0.075,,0,0,0,DECC3D699D346A9FC2BD14A08A7852AEC976029B0A93ECA199D6AAD62F63C45B
2022-01-24T00:00:00.000Z|AUDCHF|ny|2022-01-26,2022-01-24T00:00:00.000Z,AUDCHF,LONG,ny|2022-01-26,NY,2022-01-26T00:00:00.000Z,2022-01-26T13:00:00.000Z,2022-01-26T13:00:00.000Z,2022-01-26T21:00:00.000Z,0.857625,0.053571,1.006692,1.070181,low,0.6,true,normal,harvestable_chop_candidate,true,gate90d_range_box_slots_cost_clamped_v0,0.285875,0.285875,0.857625,true,0.071469,,8,7,1,96C4482645FFE9EC18C27E2E872D923DD0BBA548F695A469472BD42487E9F048
2022-01-24T00:00:00.000Z|AUDCHF|asia_london|2022-01-27,2022-01-24T00:00:00.000Z,AUDCHF,LONG,asia_london|2022-01-27,ASIA_LONDON,2022-01-26T13:00:00.000Z,2022-01-26T21:00:00.000Z,2022-01-27T00:00:00.000Z,2022-01-27T13:00:00.000Z,1.006692,0.014732,1.157697,1.070181,low,0.6,true,normal,harvestable_chop_candidate,true,gate90d_range_box_slots_cost_clamped_v0,0.335564,0.3,0.9,true,0.075,,1,1,0,D6BB614429DFF1B7AAAB4150883CA6B3C60D9F3AC7C639545941C12723AD277C
2022-01-24T00:00:00.000Z|AUDCHF|ny|2022-01-27,2022-01-24T00:00:00.000Z,AUDCHF,LONG,ny|2022-01-27,NY,2022-01-27T00:00:00.000Z,2022-01-27T13:00:00.000Z,2022-01-27T13:00:00.000Z,2022-01-27T21:00:00.000Z,1.157697,0.084838,1.157696,1.070181,low,0.6,true,normal,harvestable_chop_candidate,true,gate90d_range_box_slots_cost_clamped_v0,0.385899,0.3,0.9,true,0.075,,1,0,1,8C2853B11ED17824B554D82778095C10128C76282A60445062B5DA3AFE7AD59C
2022-01-24T00:00:00.000Z|AUDCHF|asia_london|2022-01-28,2022-01-24T00:00:00.000Z,AUDCHF,LONG,asia_london|2022-01-28,ASIA_LONDON,2022-01-27T13:00:00.000Z,2022-01-27T21:00:00.000Z,2022-01-28T00:00:00.000Z,2022-01-28T13:00:00.000Z,1.157696,0.069541,1.258366,1.070181,low,0.6,true,normal,harvestable_chop_candidate,true,gate90d_range_box_slots_cost_clamped_v0,0.385899,0.3,0.9,true,0.075,,0,0,0,23ABDACE98CCCE8C6627C547517D2CADB0CAC963F011215C02B963356FC99B54
2022-01-24T00:00:00.000Z|AUDCHF|ny|2022-01-28,2022-01-24T00:00:00.000Z,AUDCHF,LONG,ny|2022-01-28,NY,2022-01-28T00:00:00.000Z,2022-01-28T13:00:00.000Z,2022-01-28T13:00:00.000Z,2022-01-28T21:00:00.000Z,1.258366,0.014296,0.472371,1.070181,low,0.6,true,normal,harvestable_chop_candidate,true,gate90d_range_box_slots_cost_clamped_v0,0.419455,0.3,0.9,true,0.075,,0,0,0,479CECA652ED78CB57FF683A67EFC1B9CC395E1ED833F1F3E6112D089EF5A8C2
2022-01-24T00:00:00.000Z|AUDJPY|ny|2022-01-24,2022-01-24T00:00:00.000Z,AUDJPY,LONG,ny|2022-01-24,NY,2022-01-24T00:00:00.000Z,2022-01-24T13:00:00.000Z,2022-01-24T13:00:00.000Z,2022-01-24T21:00:00.000Z,1.085872,0.041079,0.992352,0.973887,low,0.6,true,normal,harvestable_chop_candidate,true,gate90d_range_box_slots_cost_clamped_v0,0.361957,0.3,0.9,true,0.075,,3,3,0,2FFADFCCABC68B5DF6F39C0ECCBDA22A2FF28BB64F64A1B730D9BA434379B7D4
2022-01-24T00:00:00.000Z|AUDJPY|asia_london|2022-01-25,2022-01-24T00:00:00.000Z,AUDJPY,LONG,asia_london|2022-01-25,ASIA_LONDON,2022-01-24T13:00:00.000Z,2022-01-24T21:00:00.000Z,2022-01-25T00:00:00.000Z,2022-01-25T13:00:00.000Z,0.992352,0.027288,0.965076,0.973887,low,0.6,true,normal,harvestable_chop_candidate,true,gate90d_range_box_slots_cost_clamped_v0,0.330784,0.3,0.9,true,0.075,,0,0,0,C3119036DD1C975FB145067B1F904F419BDD0D67741A7C7CBD9E2BD18F61CEAE
2022-01-24T00:00:00.000Z|AUDJPY|ny|2022-01-25,2022-01-24T00:00:00.000Z,AUDJPY,LONG,ny|2022-01-25,NY,2022-01-25T00:00:00.000Z,2022-01-25T13:00:00.000Z,2022-01-25T13:00:00.000Z,2022-01-25T21:00:00.000Z,0.965076,0.03598,0.8183,0.973887,low,0.6,true,normal,harvestable_chop_candidate,true,gate90d_range_box_slots_cost_clamped_v0,0.321692,0.3,0.9,true,0.075,,0,0,0,135846EF03EDD747E61EC76C588AA304A9B59D01615B817DD39CCB85D5F763DB
2022-01-24T00:00:00.000Z|AUDJPY|asia_london|2022-01-26,2022-01-24T00:00:00.000Z,AUDJPY,LONG,asia_london|2022-01-26,ASIA_LONDON,2022-01-25T13:00:00.000Z,2022-01-25T21:00:00.000Z,2022-01-26T00:00:00.000Z,2022-01-26T13:00:00.000Z,0.8183,0.054895,0.766345,0.973887,low,0.6,true,normal,harvestable_chop_candidate,true,gate90d_range_box_slots_cost_clamped_v0,0.272767,0.272767,0.8183,true,0.068192,,0,0,0,01BAA79E5AACC06808FD2188B5D01F48D662C375FD5D3FAC8E48408CF6A9F7F3
2022-01-24T00:00:00.000Z|AUDJPY|ny|2022-01-26,2022-01-24T00:00:00.000Z,AUDJPY,LONG,ny|2022-01-26,NY,2022-01-26T00:00:00.000Z,2022-01-26T13:00:00.000Z,2022-01-26T13:00:00.000Z,2022-01-26T21:00:00.000Z,0.766345,0.047806,1.20537,0.973887,low,0.6,true,normal,harvestable_chop_candidate,true,gate90d_range_box_slots_cost_clamped_v0,0.255448,0.255448,0.766345,true,0.063862,,4,3,1,B7BC29DFD39E3C6CCB5D03C979486FB1E993FF18F0B646BCB94BEB2F8F9FACFE
2022-01-24T00:00:00.000Z|AUDJPY|asia_london|2022-01-27,2022-01-24T00:00:00.000Z,AUDJPY,LONG,asia_london|2022-01-27,ASIA_LONDON,2022-01-26T13:00:00.000Z,2022-01-26T21:00:00.000Z,2022-01-27T00:00:00.000Z,2022-01-27T13:00:00.000Z,1.20537,0.007866,0.945592,0.973887,low,0.6,true,normal,harvestable_chop_candidate,true,gate90d_range_box_slots_cost_clamped_v0,0.40179,0.3,0.9,true,0.075,,5,5,0,09ABFCD15DFB643DA258B4028FCF0ED00BA16B70D023654EA3361E11B659141F
2022-01-24T00:00:00.000Z|AUDJPY|ny|2022-01-27,2022-01-24T00:00:00.000Z,AUDJPY,LONG,ny|2022-01-27,NY,2022-01-27T00:00:00.000Z,2022-01-27T13:00:00.000Z,2022-01-27T13:00:00.000Z,2022-01-27T21:00:00.000Z,0.945592,0.070968,1.091068,0.973887,low,0.6,true,normal,harvestable_chop_candidate,true,gate90d_range_box_slots_cost_clamped_v0,0.315197,0.3,0.9,true,0.075,,1,1,0,9A085D7F93D7E23A712F1D5C81FD7B99BE526254B5B80B447A4896815E3DDCF1
2022-01-24T00:00:00.000Z|AUDJPY|asia_london|2022-01-28,2022-01-24T00:00:00.000Z,AUDJPY,LONG,asia_london|2022-01-28,ASIA_LONDON,2022-01-27T13:00:00.000Z,2022-01-27T21:00:00.000Z,2022-01-28T00:00:00.000Z,2022-01-28T13:00:00.000Z,1.091068,0.053432,1.031319,0.973887,low,0.6,true,normal,harvestable_chop_candidate,true,gate90d_range_box_slots_cost_clamped_v0,0.363689,0.3,0.9,true,0.075,,1,1,0,0F9C841F0EF0259DA9E577C2780365FA412C40C1E6AD8FE5E511ECA99B99B4E9
2022-01-24T00:00:00.000Z|AUDJPY|ny|2022-01-28,2022-01-24T00:00:00.000Z,AUDJPY,LONG,ny|2022-01-28,NY,2022-01-28T00:00:00.000Z,2022-01-28T13:00:00.000Z,2022-01-28T13:00:00.000Z,2022-01-28T21:00:00.000Z,1.031319,0.010656,0.371482,0.973887,low,0.6,true,normal,harvestable_chop_candidate,true,gate90d_range_box_slots_cost_clamped_v0,0.343773,0.3,0.9,true,0.075,,1,1,0,188DB2C5CA3DD7565229371CA8317C54DE3E45968D70A0C1F294C5C889885D0F
2022-01-24T00:00:00.000Z|AUDNZD|ny|2022-01-24,2022-01-24T00:00:00.000Z,AUDNZD,SHORT,ny|2022-01-24,NY,2022-01-24T00:00:00.000Z,2022-01-24T13:00:00.000Z,2022-01-24T13:00:00.000Z,2022-01-24T21:00:00.000Z,1.130568,0.027877,0.729751,1.14172,low,0.6,true,expanded,harvestable_chop_candidate,true,gate90d_range_box_slots_cost_clamped_v0,0.376856,0.3,0.9,true,0.075,,2,2,0,1C321438E258DA4C606416DA012E6DA74CF4C45B6BADD01A9F1C56B396E99B37
2022-01-24T00:00:00.000Z|AUDNZD|asia_london|2022-01-25,2022-01-24T00:00:00.000Z,AUDNZD,SHORT,asia_london|2022-01-25,ASIA_LONDON,2022-01-24T13:00:00.000Z,2022-01-24T21:00:00.000Z,2022-01-25T00:00:00.000Z,2022-01-25T13:00:00.000Z,0.729751,0.033312,0.845203,1.14172,low,0.6,true,expanded,harvestable_chop_candidate,true,gate90d_range_box_slots_cost_clamped_v0,0.24325,0.24325,0.729751,true,0.060813,,0,0,0,590AF72305966AEFFCAFAB603CA6B553D6DC686D424718995B615953FEAF1586
2022-01-24T00:00:00.000Z|AUDNZD|ny|2022-01-25,2022-01-24T00:00:00.000Z,AUDNZD,SHORT,ny|2022-01-25,NY,2022-01-25T00:00:00.000Z,2022-01-25T13:00:00.000Z,2022-01-25T13:00:00.000Z,2022-01-25T21:00:00.000Z,0.845203,0.021818,0.479239,1.14172,low,0.6,true,expanded,harvestable_chop_candidate,true,gate90d_range_box_slots_cost_clamped_v0,0.281734,0.281734,0.845203,true,0.070434,,0,0,0,ADC63C2104C51DDF0766F9BDB5E3C3EFD5207F3651F6291C679072FD5E2B41E5
2022-01-24T00:00:00.000Z|AUDNZD|asia_london|2022-01-26,2022-01-24T00:00:00.000Z,AUDNZD,SHORT,asia_london|2022-01-26,ASIA_LONDON,2022-01-25T13:00:00.000Z,2022-01-25T21:00:00.000Z,2022-01-26T00:00:00.000Z,2022-01-26T13:00:00.000Z,0.479239,0.054257,0.670934,1.14172,low,0.6,false,expanded,dead_chop_cost_churn,false,gate90d_range_box_slots_cost_clamped_v0,0.159746,0.2,0.6,false,0.05,,0,0,0,6B50B3EF3B5AE29669A595637FA34E7A37A605A3213412380CC44A32750EFD08
2022-01-24T00:00:00.000Z|AUDNZD|ny|2022-01-26,2022-01-24T00:00:00.000Z,AUDNZD,SHORT,ny|2022-01-26,NY,2022-01-26T00:00:00.000Z,2022-01-26T13:00:00.000Z,2022-01-26T13:00:00.000Z,2022-01-26T21:00:00.000Z,0.670934,0.06946,1.041256,1.14172,low,0.6,true,expanded,harvestable_chop_candidate,true,gate90d_range_box_slots_cost_clamped_v0,0.223645,0.223645,0.670934,true,0.055911,,5,5,0,2EBFD3836F6CA2316C39C6D296FB3B7A698F8A2C4A32C65355591B040852A50A
2022-01-24T00:00:00.000Z|AUDNZD|asia_london|2022-01-27,2022-01-24T00:00:00.000Z,AUDNZD,SHORT,asia_london|2022-01-27,ASIA_LONDON,2022-01-26T13:00:00.000Z,2022-01-26T21:00:00.000Z,2022-01-27T00:00:00.000Z,2022-01-27T13:00:00.000Z,1.041256,0.010623,0.921446,1.14172,low,0.6,true,expanded,harvestable_chop_candidate,true,gate90d_range_box_slots_cost_clamped_v0,0.347085,0.3,0.9,true,0.075,,0,0,0,8CA4C1D6A9F36A0CA421914EFD01F34266F40DAB4DB2DF8A37F94D38132CA68A
2022-01-24T00:00:00.000Z|AUDNZD|ny|2022-01-27,2022-01-24T00:00:00.000Z,AUDNZD,SHORT,ny|2022-01-27,NY,2022-01-27T00:00:00.000Z,2022-01-27T13:00:00.000Z,2022-01-27T13:00:00.000Z,2022-01-27T21:00:00.000Z,0.921446,0.030455,0.474882,1.14172,low,0.6,true,expanded,harvestable_chop_candidate,true,gate90d_range_box_slots_cost_clamped_v0,0.307149,0.3,0.9,true,0.075,,0,0,0,1ACB045B953B912D9759B5233499F2EA602211F4C01138E099CA16747EE11386
2022-01-24T00:00:00.000Z|AUDNZD|asia_london|2022-01-28,2022-01-24T00:00:00.000Z,AUDNZD,SHORT,asia_london|2022-01-28,ASIA_LONDON,2022-01-27T13:00:00.000Z,2022-01-27T21:00:00.000Z,2022-01-28T00:00:00.000Z,2022-01-28T13:00:00.000Z,0.474882,0.02108,1.089179,1.14172,low,0.6,false,expanded,dead_chop_cost_churn,false,gate90d_range_box_slots_cost_clamped_v0,0.158294,0.2,0.6,false,0.05,,4,2,2,4C3B102CD8EB7D94E46E4B5E65360E3D2B95DB042FF2FA47AD18C90AB02EBC29
2022-01-24T00:00:00.000Z|AUDNZD|ny|2022-01-28,2022-01-24T00:00:00.000Z,AUDNZD,SHORT,ny|2022-01-28,NY,2022-01-28T00:00:00.000Z,2022-01-28T13:00:00.000Z,2022-01-28T13:00:00.000Z,2022-01-28T21:00:00.000Z,1.089179,0.009935,0.381213,1.14172,low,0.6,true,expanded,harvestable_chop_candidate,true,gate90d_range_box_slots_cost_clamped_v0,0.36306,0.3,0.9,true,0.075,,0,0,0,992170EEA4E954AD095FE7D3F2DEFFE62BA9E84FD8FA18C16EA2452B435086D4
2022-01-24T00:00:00.000Z|AUDUSD|ny|2022-01-24,2022-01-24T00:00:00.000Z,AUDUSD,LONG,ny|2022-01-24,NY,2022-01-24T00:00:00.000Z,2022-01-24T13:00:00.000Z,2022-01-24T13:00:00.000Z,2022-01-24T21:00:00.000Z,1.001626,0.034176,0.875665,0.978332,low,0.6,true,normal,harvestable_chop_candidate,true,gate90d_range_box_slots_cost_clamped_v0,0.333875,0.3,0.9,true,0.075,,0,0,0,D9C8DA66196944BE1767AD4806348C380DB6437AC6837DF7A7AF271691690CB2
2022-01-24T00:00:00.000Z|AUDUSD|asia_london|2022-01-25,2022-01-24T00:00:00.000Z,AUDUSD,LONG,asia_london|2022-01-25,ASIA_LONDON,2022-01-24T13:00:00.000Z,2022-01-24T21:00:00.000Z,2022-01-25T00:00:00.000Z,2022-01-25T13:00:00.000Z,0.875665,0.038659,0.837724,0.978332,low,0.6,true,normal,harvestable_chop_candidate,true,gate90d_range_box_slots_cost_clamped_v0,0.291888,0.291888,0.875665,true,0.072972,,0,0,0,6FDFACC37A62CE80747448562758E3B1C5B835490899424D9AF0F7AD25AF6320
2022-01-24T00:00:00.000Z|AUDUSD|ny|2022-01-25,2022-01-24T00:00:00.000Z,AUDUSD,LONG,ny|2022-01-25,NY,2022-01-25T00:00:00.000Z,2022-01-25T13:00:00.000Z,2022-01-25T13:00:00.000Z,2022-01-25T21:00:00.000Z,0.837724,0.066751,0.729973,0.978332,low,0.6,true,normal,harvestable_chop_candidate,true,gate90d_range_box_slots_cost_clamped_v0,0.279241,0.279241,0.837724,true,0.06981,,0,0,0,E6CA1F69A47AA966C33B29950441D111A9E39917A611CFCCD3491D5BD083C87E
2022-01-24T00:00:00.000Z|AUDUSD|asia_london|2022-01-26,2022-01-24T00:00:00.000Z,AUDUSD,LONG,asia_london|2022-01-26,ASIA_LONDON,2022-01-25T13:00:00.000Z,2022-01-25T21:00:00.000Z,2022-01-26T00:00:00.000Z,2022-01-26T13:00:00.000Z,0.729973,0.030769,0.411274,0.978332,low,0.6,true,normal,harvestable_chop_candidate,true,gate90d_range_box_slots_cost_clamped_v0,0.243324,0.243324,0.729973,true,0.060831,,0,0,0,E7F5444736B0677C1F1EB8E7A9149A5293CABB8D667EC8DF78F1E1C4994037A0
2022-01-24T00:00:00.000Z|AUDUSD|ny|2022-01-26,2022-01-24T00:00:00.000Z,AUDUSD,LONG,ny|2022-01-26,NY,2022-01-26T00:00:00.000Z,2022-01-26T13:00:00.000Z,2022-01-26T13:00:00.000Z,2022-01-26T21:00:00.000Z,0.411274,0.087035,1.300597,0.978332,low,0.6,false,normal,dead_chop_cost_churn,false,gate90d_range_box_slots_cost_clamped_v0,0.137091,0.2,0.6,false,0.05,,3,2,1,89216C99122D77539CF4DAA0D1515CCFD09937A27D85B2AE3611C222B6CDCAE5
2022-01-24T00:00:00.000Z|AUDUSD|asia_london|2022-01-27,2022-01-24T00:00:00.000Z,AUDUSD,LONG,asia_london|2022-01-27,ASIA_LONDON,2022-01-26T13:00:00.000Z,2022-01-26T21:00:00.000Z,2022-01-27T00:00:00.000Z,2022-01-27T13:00:00.000Z,1.300597,0.052102,0.877182,0.978332,low,0.6,true,normal,harvestable_chop_candidate,true,gate90d_range_box_slots_cost_clamped_v0,0.433532,0.3,0.9,true,0.075,,0,0,0,8E25D0E49388E76DAC077A814C0B5EC3526C423C3143E3B3D6BC9DDB40E11A02
2022-01-24T00:00:00.000Z|AUDUSD|ny|2022-01-27,2022-01-24T00:00:00.000Z,AUDUSD,LONG,ny|2022-01-27,NY,2022-01-27T00:00:00.000Z,2022-01-27T13:00:00.000Z,2022-01-27T13:00:00.000Z,2022-01-27T21:00:00.000Z,0.877182,0.082078,0.989485,0.978332,low,0.6,true,normal,harvestable_chop_candidate,true,gate90d_range_box_slots_cost_clamped_v0,0.292394,0.292394,0.877182,true,0.073099,,0,0,0,85BDD3733DD6D0F63A0B1B596D265D90209C01B83E8D178A9A40620E6D820252
2022-01-24T00:00:00.000Z|AUDUSD|asia_london|2022-01-28,2022-01-24T00:00:00.000Z,AUDUSD,LONG,asia_london|2022-01-28,ASIA_LONDON,2022-01-27T13:00:00.000Z,2022-01-27T21:00:00.000Z,2022-01-28T00:00:00.000Z,2022-01-28T13:00:00.000Z,0.989485,0.089631,1.18374,0.978332,low,0.6,true,normal,harvestable_chop_candidate,true,gate90d_range_box_slots_cost_clamped_v0,0.329828,0.3,0.9,true,0.075,,0,0,0,50161C4945051482B289921599732020DD2AFDCCED1CD588D3EDE3FB8123C3E4
2022-01-24T00:00:00.000Z|AUDUSD|ny|2022-01-28,2022-01-24T00:00:00.000Z,AUDUSD,LONG,ny|2022-01-28,NY,2022-01-28T00:00:00.000Z,2022-01-28T13:00:00.000Z,2022-01-28T13:00:00.000Z,2022-01-28T21:00:00.000Z,1.18374,0.075223,0.613117,0.978332,low,0.6,true,normal,harvestable_chop_candidate,true,gate90d_range_box_slots_cost_clamped_v0,0.39458,0.3,0.9,true,0.075,,0,0,0,4BB21D7BC327577820DA51B1BA0AC8FFD1A63E1E6DE3B4DF212EA047E727C83E
2022-01-24T00:00:00.000Z|CADCHF|ny|2022-01-24,2022-01-24T00:00:00.000Z,CADCHF,LONG,ny|2022-01-24,NY,2022-01-24T00:00:00.000Z,2022-01-24T13:00:00.000Z,2022-01-24T13:00:00.000Z,2022-01-24T21:00:00.000Z,1.066137,0.020965,0.877556,1.054906,low,0.6,true,normal,harvestable_chop_candidate,true,gate90d_range_box_slots_cost_clamped_v0,0.355379,0.3,0.9,true,0.075,,3,3,0,9BA4B95777745864646EB7D856808CF5FFAC673FB974CEC19F2AE163A34DC88A
2022-01-24T00:00:00.000Z|CADCHF|asia_london|2022-01-25,2022-01-24T00:00:00.000Z,CADCHF,LONG,asia_london|2022-01-25,ASIA_LONDON,2022-01-24T13:00:00.000Z,2022-01-24T21:00:00.000Z,2022-01-25T00:00:00.000Z,2022-01-25T13:00:00.000Z,0.877556,0.052244,1.021325,1.054906,low,0.6,true,normal,harvestable_chop_candidate,true,gate90d_range_box_slots_cost_clamped_v0,0.292519,0.292519,0.877556,true,0.07313,,0,0,0,96FD62761766210D246C75BD1BD3122F66D8B4380D6C0161723B00479EEC2AD0
2022-01-24T00:00:00.000Z|CADCHF|ny|2022-01-25,2022-01-24T00:00:00.000Z,CADCHF,LONG,ny|2022-01-25,NY,2022-01-25T00:00:00.000Z,2022-01-25T13:00:00.000Z,2022-01-25T13:00:00.000Z,2022-01-25T21:00:00.000Z,1.021325,0.002495,0.832745,1.054906,low,0.6,true,normal,harvestable_chop_candidate,true,gate90d_range_box_slots_cost_clamped_v0,0.340442,0.3,0.9,true,0.075,,0,0,0,D739ED182F2E36AF63D025BE384F6254B01F459A48CD46B7287AD76EB15DEF19
2022-01-24T00:00:00.000Z|CADCHF|asia_london|2022-01-26,2022-01-24T00:00:00.000Z,CADCHF,LONG,asia_london|2022-01-26,ASIA_LONDON,2022-01-25T13:00:00.000Z,2022-01-25T21:00:00.000Z,2022-01-26T00:00:00.000Z,2022-01-26T13:00:00.000Z,0.832745,0.105757,1.135221,1.054906,low,0.6,true,normal,harvestable_chop_candidate,true,gate90d_range_box_slots_cost_clamped_v0,0.277582,0.277582,0.832745,true,0.069395,,0,0,0,A742DE661BDB48D9F70CC595B3CDDFE561A884AECED9A4A38D9AFA884A88CCA6
2022-01-24T00:00:00.000Z|CADCHF|ny|2022-01-26,2022-01-24T00:00:00.000Z,CADCHF,LONG,ny|2022-01-26,NY,2022-01-26T00:00:00.000Z,2022-01-26T13:00:00.000Z,2022-01-26T13:00:00.000Z,2022-01-26T21:00:00.000Z,1.135221,0.055663,0.941038,1.054906,low,0.6,true,normal,harvestable_chop_candidate,true,gate90d_range_box_slots_cost_clamped_v0,0.378407,0.3,0.9,true,0.075,,0,0,0,1FCBFBD3C40E1EA4120441AAA59BAA1E557C93856227527585312D00A1DD5B33
2022-01-24T00:00:00.000Z|CADCHF|asia_london|2022-01-27,2022-01-24T00:00:00.000Z,CADCHF,LONG,asia_london|2022-01-27,ASIA_LONDON,2022-01-26T13:00:00.000Z,2022-01-26T21:00:00.000Z,2022-01-27T00:00:00.000Z,2022-01-27T13:00:00.000Z,0.941038,0.0491,1.269655,1.054906,low,0.6,true,normal,harvestable_chop_candidate,true,gate90d_range_box_slots_cost_clamped_v0,0.313679,0.3,0.9,true,0.075,,1,1,0,79DD3E819F87C245E7AB94AB4FBA84C2727C5B7FF38BA4F8D198581A39B79D3D
2022-01-24T00:00:00.000Z|CADCHF|ny|2022-01-27,2022-01-24T00:00:00.000Z,CADCHF,LONG,ny|2022-01-27,NY,2022-01-27T00:00:00.000Z,2022-01-27T13:00:00.000Z,2022-01-27T13:00:00.000Z,2022-01-27T21:00:00.000Z,1.269655,0.046921,0.989584,1.054906,low,0.6,true,normal,harvestable_chop_candidate,true,gate90d_range_box_slots_cost_clamped_v0,0.423218,0.3,0.9,true,0.075,,0,0,0,4669A7503DE765E1AC9E3E634262100E293A99E8E840C14F80D0288DABCEF439
2022-01-24T00:00:00.000Z|CADCHF|asia_london|2022-01-28,2022-01-24T00:00:00.000Z,CADCHF,LONG,asia_london|2022-01-28,ASIA_LONDON,2022-01-27T13:00:00.000Z,2022-01-27T21:00:00.000Z,2022-01-28T00:00:00.000Z,2022-01-28T13:00:00.000Z,0.989584,0.020326,0.73752,1.054906,low,0.6,true,normal,harvestable_chop_candidate,true,gate90d_range_box_slots_cost_clamped_v0,0.329861,0.3,0.9,true,0.075,,0,0,0,7918635871D6AAF06B048F060A8DE247377957F60F917F8013BAF628856BDA82
2022-01-24T00:00:00.000Z|CADCHF|ny|2022-01-28,2022-01-24T00:00:00.000Z,CADCHF,LONG,ny|2022-01-28,NY,2022-01-28T00:00:00.000Z,2022-01-28T13:00:00.000Z,2022-01-28T13:00:00.000Z,2022-01-28T21:00:00.000Z,0.73752,0.03377,0.407036,1.054906,low,0.6,true,normal,harvestable_chop_candidate,true,gate90d_range_box_slots_cost_clamped_v0,0.24584,0.24584,0.73752,true,0.06146,,0,0,0,9EC126A1C12D1C2883E70EBD55842935D613A12BB924D3A2004439D2E29665CD
2022-01-24T00:00:00.000Z|CADJPY|ny|2022-01-24,2022-01-24T00:00:00.000Z,CADJPY,LONG,ny|2022-01-24,NY,2022-01-24T00:00:00.000Z,2022-01-24T13:00:00.000Z,2022-01-24T13:00:00.000Z,2022-01-24T21:00:00.000Z,0.991967,0.004107,0.883431,0.974171,low,0.6,true,normal,harvestable_chop_candidate,true,gate90d_range_box_slots_cost_clamped_v0,0.330656,0.3,0.9,true,0.075,,3,3,0,31A5E0105DC047AD77B3A5BA6B4149F27D19F55B6FE956229F4A939979307025
2022-01-24T00:00:00.000Z|CADJPY|asia_london|2022-01-25,2022-01-24T00:00:00.000Z,CADJPY,LONG,asia_london|2022-01-25,ASIA_LONDON,2022-01-24T13:00:00.000Z,2022-01-24T21:00:00.000Z,2022-01-25T00:00:00.000Z,2022-01-25T13:00:00.000Z,0.883431,0.011416,0.744606,0.974171,low,0.6,true,normal,harvestable_chop_candidate,true,gate90d_range_box_slots_cost_clamped_v0,0.294477,0.294477,0.883431,true,0.073619,,1,0,1,3861DAA06016DE9A8F01E0B96F8BB7CFC1C89E77A055E780FEC9D9B3B1D4B23C
2022-01-24T00:00:00.000Z|CADJPY|ny|2022-01-25,2022-01-24T00:00:00.000Z,CADJPY,LONG,ny|2022-01-25,NY,2022-01-25T00:00:00.000Z,2022-01-25T13:00:00.000Z,2022-01-25T13:00:00.000Z,2022-01-25T21:00:00.000Z,0.744606,0.009469,0.772371,0.974171,low,0.6,true,normal,harvestable_chop_candidate,true,gate90d_range_box_slots_cost_clamped_v0,0.248202,0.248202,0.744606,true,0.06205,,0,0,0,350457E1769E1935B9D98A90C8A11C8305F327207AD27A551D503F0DCF82FF5D
2022-01-24T00:00:00.000Z|CADJPY|asia_london|2022-01-26,2022-01-24T00:00:00.000Z,CADJPY,LONG,asia_london|2022-01-26,ASIA_LONDON,2022-01-25T13:00:00.000Z,2022-01-25T21:00:00.000Z,2022-01-26T00:00:00.000Z,2022-01-26T13:00:00.000Z,0.772371,0.087336,1.063903,0.974171,low,0.6,true,normal,harvestable_chop_candidate,true,gate90d_range_box_slots_cost_clamped_v0,0.257457,0.257457,0.772371,true,0.064364,,0,0,0,07C379EE5D3F36403D86D0143B7359E7B7DA00F32C1E1EECA7523A39422FA869
2022-01-24T00:00:00.000Z|CADJPY|ny|2022-01-26,2022-01-24T00:00:00.000Z,CADJPY,LONG,ny|2022-01-26,NY,2022-01-26T00:00:00.000Z,2022-01-26T13:00:00.000Z,2022-01-26T13:00:00.000Z,2022-01-26T21:00:00.000Z,1.063903,0.049604,1.042449,0.974171,low,0.6,true,normal,harvestable_chop_candidate,true,gate90d_range_box_slots_cost_clamped_v0,0.354634,0.3,0.9,true,0.075,,2,0,2,90594D8EE75C387E56AF304D7451F219A7DD77FB51432BA73A921FA4A559AAB7
2022-01-24T00:00:00.000Z|CADJPY|asia_london|2022-01-27,2022-01-24T00:00:00.000Z,CADJPY,LONG,asia_london|2022-01-27,ASIA_LONDON,2022-01-26T13:00:00.000Z,2022-01-26T21:00:00.000Z,2022-01-27T00:00:00.000Z,2022-01-27T13:00:00.000Z,1.042449,0.01879,0.997015,0.974171,low,0.6,true,normal,harvestable_chop_candidate,true,gate90d_range_box_slots_cost_clamped_v0,0.347483,0.3,0.9,true,0.075,,2,2,0,C11045BA1A96FF5A2207B0DC9C5F0EB9365B4F8F622E83108DE92D9E5B30BC1D
2022-01-24T00:00:00.000Z|CADJPY|ny|2022-01-27,2022-01-24T00:00:00.000Z,CADJPY,LONG,ny|2022-01-27,NY,2022-01-27T00:00:00.000Z,2022-01-27T13:00:00.000Z,2022-01-27T13:00:00.000Z,2022-01-27T21:00:00.000Z,0.997015,0.042645,1.000801,0.974171,low,0.6,true,normal,harvestable_chop_candidate,true,gate90d_range_box_slots_cost_clamped_v0,0.332338,0.3,0.9,true,0.075,,2,0,2,2C84858FA11764DE87D7053533F56C17D065BC072D4456FD17AF5BA8FE0689BF
2022-01-24T00:00:00.000Z|CADJPY|asia_london|2022-01-28,2022-01-24T00:00:00.000Z,CADJPY,LONG,asia_london|2022-01-28,ASIA_LONDON,2022-01-27T13:00:00.000Z,2022-01-27T21:00:00.000Z,2022-01-28T00:00:00.000Z,2022-01-28T13:00:00.000Z,1.000801,0.011188,0.62976,0.974171,low,0.6,true,normal,harvestable_chop_candidate,true,gate90d_range_box_slots_cost_clamped_v0,0.3336,0.3,0.9,true,0.075,,0,0,0,B8AF570CA4AEDF37A41FA3B894363882DC42B2A9AE98AD429FBE5F765B6C6FEE
2022-01-24T00:00:00.000Z|CADJPY|ny|2022-01-28,2022-01-24T00:00:00.000Z,CADJPY,LONG,ny|2022-01-28,NY,2022-01-28T00:00:00.000Z,2022-01-28T13:00:00.000Z,2022-01-28T13:00:00.000Z,2022-01-28T21:00:00.000Z,0.62976,0.059453,0.517438,0.974171,low,0.6,true,normal,harvestable_chop_candidate,true,gate90d_range_box_slots_cost_clamped_v0,0.20992,0.20992,0.62976,true,0.05248,,0,0,0,505C6E18075BDC32F2C3C86D09121FF00F9FBBF685150323F9C773003700E28B
2022-01-24T00:00:00.000Z|CHFJPY|ny|2022-01-24,2022-01-24T00:00:00.000Z,CHFJPY,LONG,ny|2022-01-24,NY,2022-01-24T00:00:00.000Z,2022-01-24T13:00:00.000Z,2022-01-24T13:00:00.000Z,2022-01-24T21:00:00.000Z,0.569133,0.024285,0.650841,1.012489,low,0.6,false,normal,dead_chop_cost_churn,false,gate90d_range_box_slots_cost_clamped_v0,0.189711,0.2,0.6,false,0.05,,8,8,0,397CC00F6C97369473D9D85C719439A7177B9AB7260465683562FA4FBD3DE2F6
2022-01-24T00:00:00.000Z|CHFJPY|asia_london|2022-01-25,2022-01-24T00:00:00.000Z,CHFJPY,LONG,asia_london|2022-01-25,ASIA_LONDON,2022-01-24T13:00:00.000Z,2022-01-24T21:00:00.000Z,2022-01-25T00:00:00.000Z,2022-01-25T13:00:00.000Z,0.650841,0.086906,1.235471,1.012489,low,0.6,true,normal,harvestable_chop_candidate,true,gate90d_range_box_slots_cost_clamped_v0,0.216947,0.216947,0.650841,true,0.054237,,0,0,0,4D3FAF03F9F53BCA0C09C9B67CAC824B2F623C3D671B2C7609225644B86B0E12
2022-01-24T00:00:00.000Z|CHFJPY|ny|2022-01-25,2022-01-24T00:00:00.000Z,CHFJPY,LONG,ny|2022-01-25,NY,2022-01-25T00:00:00.000Z,2022-01-25T13:00:00.000Z,2022-01-25T13:00:00.000Z,2022-01-25T21:00:00.000Z,1.235471,0.015796,0.42685,1.012489,low,0.6,true,normal,harvestable_chop_candidate,true,gate90d_range_box_slots_cost_clamped_v0,0.411824,0.3,0.9,true,0.075,,0,0,0,3DE2E3A9F0ED3439F087258A698C5F8A796699A30F686B11C58C8657889361AB
2022-01-24T00:00:00.000Z|CHFJPY|asia_london|2022-01-26,2022-01-24T00:00:00.000Z,CHFJPY,LONG,asia_london|2022-01-26,ASIA_LONDON,2022-01-25T13:00:00.000Z,2022-01-25T21:00:00.000Z,2022-01-26T00:00:00.000Z,2022-01-26T13:00:00.000Z,0.42685,0.004596,0.425441,1.012489,low,0.6,false,normal,dead_chop_cost_churn,false,gate90d_range_box_slots_cost_clamped_v0,0.142283,0.2,0.6,false,0.05,,0,0,0,F9950B56AC5846A984325F649542B9B95C3431D179D4AC3A2C535AACE28E5BED
2022-01-24T00:00:00.000Z|CHFJPY|ny|2022-01-26,2022-01-24T00:00:00.000Z,CHFJPY,LONG,ny|2022-01-26,NY,2022-01-26T00:00:00.000Z,2022-01-26T13:00:00.000Z,2022-01-26T13:00:00.000Z,2022-01-26T21:00:00.000Z,0.425441,0.002276,0.746635,1.012489,low,0.6,false,normal,dead_chop_cost_churn,false,gate90d_range_box_slots_cost_clamped_v0,0.141814,0.2,0.6,false,0.05,,4,2,2,0DE82C4CD9B61089398F4A3252EE9D6DA025C919FF1CB49D23E31BBD4573E206
2022-01-24T00:00:00.000Z|CHFJPY|asia_london|2022-01-27,2022-01-24T00:00:00.000Z,CHFJPY,LONG,asia_london|2022-01-27,ASIA_LONDON,2022-01-26T13:00:00.000Z,2022-01-26T21:00:00.000Z,2022-01-27T00:00:00.000Z,2022-01-27T13:00:00.000Z,0.746635,0.034678,0.636753,1.012489,low,0.6,true,normal,harvestable_chop_candidate,true,gate90d_range_box_slots_cost_clamped_v0,0.248878,0.248878,0.746635,true,0.06222,,0,0,0,A7A424721F509315C4B638E976A7737BE8F236588D3EDC27340BAFDA0BBCDA6B
2022-01-24T00:00:00.000Z|CHFJPY|ny|2022-01-27,2022-01-24T00:00:00.000Z,CHFJPY,LONG,ny|2022-01-27,NY,2022-01-27T00:00:00.000Z,2022-01-27T13:00:00.000Z,2022-01-27T13:00:00.000Z,2022-01-27T21:00:00.000Z,0.636753,0.003558,0.608579,1.012489,low,0.6,true,normal,harvestable_chop_candidate,true,gate90d_range_box_slots_cost_clamped_v0,0.212251,0.212251,0.636753,true,0.053063,,0,0,0,B5E6E981E5CE03FD18A9840B6395AEB5D4A421D0287738B632BE674DDA0DE090
2022-01-24T00:00:00.000Z|CHFJPY|asia_london|2022-01-28,2022-01-24T00:00:00.000Z,CHFJPY,LONG,asia_london|2022-01-28,ASIA_LONDON,2022-01-27T13:00:00.000Z,2022-01-27T21:00:00.000Z,2022-01-28T00:00:00.000Z,2022-01-28T13:00:00.000Z,0.608579,0.008761,0.47193,1.012489,low,0.6,true,normal,harvestable_chop_candidate,true,gate90d_range_box_slots_cost_clamped_v0,0.20286,0.20286,0.608579,true,0.050715,,2,0,2,EADF257A087B7F40DB895090062DDFD86A09463BAB0AB334EF92A71021E918E1
2022-01-24T00:00:00.000Z|CHFJPY|ny|2022-01-28,2022-01-24T00:00:00.000Z,CHFJPY,LONG,ny|2022-01-28,NY,2022-01-28T00:00:00.000Z,2022-01-28T13:00:00.000Z,2022-01-28T13:00:00.000Z,2022-01-28T21:00:00.000Z,0.47193,0.050772,0.394449,1.012489,low,0.6,false,normal,dead_chop_cost_churn,false,gate90d_range_box_slots_cost_clamped_v0,0.15731,0.2,0.6,false,0.05,,2,2,0,D80C14DACB42EB7F624C5CA6A21565BEF43AE03832BAE2AAA6DC584CB69B284F
2022-01-24T00:00:00.000Z|EURAUD|ny|2022-01-24,2022-01-24T00:00:00.000Z,EURAUD,LONG,ny|2022-01-24,NY,2022-01-24T00:00:00.000Z,2022-01-24T13:00:00.000Z,2022-01-24T13:00:00.000Z,2022-01-24T21:00:00.000Z,0.991325,0.007392,0.93722,1.256125,low,0.6,true,expanded,harvestable_chop_candidate,true,gate90d_range_box_slots_cost_clamped_v0,0.330442,0.3,0.9,true,0.075,,3,0,3,51C90A0C7FCA0839085B0603800B88D13217270F8C0F4BAE4F2CEBFEC2D6733A
2022-01-24T00:00:00.000Z|EURAUD|asia_london|2022-01-25,2022-01-24T00:00:00.000Z,EURAUD,LONG,asia_london|2022-01-25,ASIA_LONDON,2022-01-24T13:00:00.000Z,2022-01-24T21:00:00.000Z,2022-01-25T00:00:00.000Z,2022-01-25T13:00:00.000Z,0.93722,0.01036,0.804578,1.256125,low,0.6,true,expanded,harvestable_chop_candidate,true,gate90d_range_box_slots_cost_clamped_v0,0.312407,0.3,0.9,true,0.075,,1,1,0,C5A544C8AB022DE9BF5360E09029C4AA23AD3DFE7ABF4BC39F452C87332E6DB3
2022-01-24T00:00:00.000Z|EURAUD|ny|2022-01-25,2022-01-24T00:00:00.000Z,EURAUD,LONG,ny|2022-01-25,NY,2022-01-25T00:00:00.000Z,2022-01-25T13:00:00.000Z,2022-01-25T13:00:00.000Z,2022-01-25T21:00:00.000Z,0.804578,0.018197,0.614342,1.256125,low,0.6,true,expanded,harvestable_chop_candidate,true,gate90d_range_box_slots_cost_clamped_v0,0.268193,0.268193,0.804578,true,0.067048,,0,0,0,EBA81BBCCC245B24ABC3BA581625C582817182E3AEFE8F00C2B2379CDBF89E97
2022-01-24T00:00:00.000Z|EURAUD|asia_london|2022-01-26,2022-01-24T00:00:00.000Z,EURAUD,LONG,asia_london|2022-01-26,ASIA_LONDON,2022-01-25T13:00:00.000Z,2022-01-25T21:00:00.000Z,2022-01-26T00:00:00.000Z,2022-01-26T13:00:00.000Z,0.614342,0.066434,0.808069,1.256125,low,0.6,true,expanded,harvestable_chop_candidate,true,gate90d_range_box_slots_cost_clamped_v0,0.204781,0.204781,0.614342,true,0.051195,,0,0,0,B489B7DB178BBE2F5DB584A3712BEDE1049FBAFBE2F48FE3735251455FB462C1
2022-01-24T00:00:00.000Z|EURAUD|ny|2022-01-26,2022-01-24T00:00:00.000Z,EURAUD,LONG,ny|2022-01-26,NY,2022-01-26T00:00:00.000Z,2022-01-26T13:00:00.000Z,2022-01-26T13:00:00.000Z,2022-01-26T21:00:00.000Z,0.808069,0.06365,1.11524,1.256125,low,0.6,true,expanded,harvestable_chop_candidate,true,gate90d_range_box_slots_cost_clamped_v0,0.269356,0.269356,0.808069,true,0.067339,,8,0,8,C7D9609253B78424A8D74D50F167088EE2A97032F80E87D940440E342405AB6A
2022-01-24T00:00:00.000Z|EURAUD|asia_london|2022-01-27,2022-01-24T00:00:00.000Z,EURAUD,LONG,asia_london|2022-01-27,ASIA_LONDON,2022-01-26T13:00:00.000Z,2022-01-26T21:00:00.000Z,2022-01-27T00:00:00.000Z,2022-01-27T13:00:00.000Z,1.11524,0.012226,1.068117,1.256125,low,0.6,true,expanded,harvestable_chop_candidate,true,gate90d_range_box_slots_cost_clamped_v0,0.371747,0.3,0.9,true,0.075,,0,0,0,92337257E58410AF1E2DDF39A6C591B2A12F55A69E5C6932E0E5B993E4012B41
2022-01-24T00:00:00.000Z|EURAUD|ny|2022-01-27,2022-01-24T00:00:00.000Z,EURAUD,LONG,ny|2022-01-27,NY,2022-01-27T00:00:00.000Z,2022-01-27T13:00:00.000Z,2022-01-27T13:00:00.000Z,2022-01-27T21:00:00.000Z,1.068117,0.0801,1.083825,1.256125,low,0.6,true,expanded,harvestable_chop_candidate,true,gate90d_range_box_slots_cost_clamped_v0,0.356039,0.3,0.9,true,0.075,,0,0,0,9CFEEE9ADD568E902EAB4938A8E586D440A4CCE9081D246CDCD0C7B7DCF7716C
2022-01-24T00:00:00.000Z|EURAUD|asia_london|2022-01-28,2022-01-24T00:00:00.000Z,EURAUD,LONG,asia_london|2022-01-28,ASIA_LONDON,2022-01-27T13:00:00.000Z,2022-01-27T21:00:00.000Z,2022-01-28T00:00:00.000Z,2022-01-28T13:00:00.000Z,1.083825,0.081768,1.265335,1.256125,low,0.6,true,expanded,harvestable_chop_candidate,true,gate90d_range_box_slots_cost_clamped_v0,0.361275,0.3,0.9,true,0.075,,0,0,0,F69B1123DF45D3AD76697A8E99B614F40407B40E730D7B78DD9A52B8A11FA4E6
2022-01-24T00:00:00.000Z|EURAUD|ny|2022-01-28,2022-01-24T00:00:00.000Z,EURAUD,LONG,ny|2022-01-28,NY,2022-01-28T00:00:00.000Z,2022-01-28T13:00:00.000Z,2022-01-28T13:00:00.000Z,2022-01-28T21:00:00.000Z,1.265335,0.003145,0.441558,1.256125,low,0.6,true,expanded,harvestable_chop_candidate,true,gate90d_range_box_slots_cost_clamped_v0,0.421778,0.3,0.9,true,0.075,,0,0,0,7073C8FE7E2DC853AC8F3DE7346E721241EA20244538CE550D3AE8F09B6E5F32
2022-01-24T00:00:00.000Z|EURCAD|ny|2022-01-24,2022-01-24T00:00:00.000Z,EURCAD,LONG,ny|2022-01-24,NY,2022-01-24T00:00:00.000Z,2022-01-24T13:00:00.000Z,2022-01-24T13:00:00.000Z,2022-01-24T21:00:00.000Z,0.690508,0.042409,1.207873,1.205282,low,0.6,true,expanded,harvestable_chop_candidate,true,gate90d_range_box_slots_cost_clamped_v0,0.230169,0.230169,0.690508,true,0.057542,,0,0,0,B005AB96FE7AEA3DC2EC858E9DA9185ED8E2D0462D85B1CCD08221DA57DEA4BF
2022-01-24T00:00:00.000Z|EURCAD|asia_london|2022-01-25,2022-01-24T00:00:00.000Z,EURCAD,LONG,asia_london|2022-01-25,ASIA_LONDON,2022-01-24T13:00:00.000Z,2022-01-24T21:00:00.000Z,2022-01-25T00:00:00.000Z,2022-01-25T13:00:00.000Z,1.207873,0.0432,0.794189,1.205282,low,0.6,true,expanded,harvestable_chop_candidate,true,gate90d_range_box_slots_cost_clamped_v0,0.402624,0.3,0.9,true,0.075,,0,0,0,8BE4A4DDD4896FFFC4F348A711F24B1DC94583FF60811143DAE301E26B74C060
2022-01-24T00:00:00.000Z|EURCAD|ny|2022-01-25,2022-01-24T00:00:00.000Z,EURCAD,LONG,ny|2022-01-25,NY,2022-01-25T00:00:00.000Z,2022-01-25T13:00:00.000Z,2022-01-25T13:00:00.000Z,2022-01-25T21:00:00.000Z,0.794189,0.019449,0.584755,1.205282,low,0.6,true,expanded,harvestable_chop_candidate,true,gate90d_range_box_slots_cost_clamped_v0,0.26473,0.26473,0.794189,true,0.066182,,2,2,0,1D6807634E2F7970E9DCCC9282F749FE75F31D391F8D5A1A9BBD08543793EA76
2022-01-24T00:00:00.000Z|EURCAD|asia_london|2022-01-26,2022-01-24T00:00:00.000Z,EURCAD,LONG,asia_london|2022-01-26,ASIA_LONDON,2022-01-25T13:00:00.000Z,2022-01-25T21:00:00.000Z,2022-01-26T00:00:00.000Z,2022-01-26T13:00:00.000Z,0.584755,0.111224,1.171584,1.205282,low,0.6,false,expanded,dead_chop_cost_churn,false,gate90d_range_box_slots_cost_clamped_v0,0.194918,0.2,0.6,false,0.05,,0,0,0,6C467218421F767A2F1B0D9D07D7F36787685D425CD9DCDDD6D8B3B73C7FD032
2022-01-24T00:00:00.000Z|EURCAD|ny|2022-01-26,2022-01-24T00:00:00.000Z,EURCAD,LONG,ny|2022-01-26,NY,2022-01-26T00:00:00.000Z,2022-01-26T13:00:00.000Z,2022-01-26T13:00:00.000Z,2022-01-26T21:00:00.000Z,1.171584,0.063367,1.017101,1.205282,low,0.6,true,expanded,harvestable_chop_candidate,true,gate90d_range_box_slots_cost_clamped_v0,0.390528,0.3,0.9,true,0.075,,0,0,0,BDFAC9FD0BF7B6BC2B6219AFDB3885A19DBCD15CAE17E75FCA7A5F679A1DA67D
2022-01-24T00:00:00.000Z|EURCAD|asia_london|2022-01-27,2022-01-24T00:00:00.000Z,EURCAD,LONG,asia_london|2022-01-27,ASIA_LONDON,2022-01-26T13:00:00.000Z,2022-01-26T21:00:00.000Z,2022-01-27T00:00:00.000Z,2022-01-27T13:00:00.000Z,1.017101,0.054189,1.193357,1.205282,low,0.6,true,expanded,harvestable_chop_candidate,true,gate90d_range_box_slots_cost_clamped_v0,0.339034,0.3,0.9,true,0.075,,0,0,0,FCE6767ACE8A5BA5E5A6D4ACD6DEB9EB11B0BA22491D0C7949DEF654DE2F20B6
2022-01-24T00:00:00.000Z|EURCAD|ny|2022-01-27,2022-01-24T00:00:00.000Z,EURCAD,LONG,ny|2022-01-27,NY,2022-01-27T00:00:00.000Z,2022-01-27T13:00:00.000Z,2022-01-27T13:00:00.000Z,2022-01-27T21:00:00.000Z,1.193357,0.038726,0.908237,1.205282,low,0.6,true,expanded,harvestable_chop_candidate,true,gate90d_range_box_slots_cost_clamped_v0,0.397786,0.3,0.9,true,0.075,,1,1,0,2506E705BFF99E049922BAD61FB8BC8E95D14714FD43C734740F1EF46ECAF6A1
2022-01-24T00:00:00.000Z|EURCAD|asia_london|2022-01-28,2022-01-24T00:00:00.000Z,EURCAD,LONG,asia_london|2022-01-28,ASIA_LONDON,2022-01-27T13:00:00.000Z,2022-01-27T21:00:00.000Z,2022-01-28T00:00:00.000Z,2022-01-28T13:00:00.000Z,0.908237,0.028908,0.770342,1.205282,low,0.6,true,expanded,harvestable_chop_candidate,true,gate90d_range_box_slots_cost_clamped_v0,0.302746,0.3,0.9,true,0.075,,0,0,0,5883148606DA81AC1B38316E507E6848FDF900D0A1860353F5FDBCE1A038D927
2022-01-24T00:00:00.000Z|EURCAD|ny|2022-01-28,2022-01-24T00:00:00.000Z,EURCAD,LONG,ny|2022-01-28,NY,2022-01-28T00:00:00.000Z,2022-01-28T13:00:00.000Z,2022-01-28T13:00:00.000Z,2022-01-28T21:00:00.000Z,0.770342,0.052798,0.462413,1.205282,low,0.6,true,expanded,harvestable_chop_candidate,true,gate90d_range_box_slots_cost_clamped_v0,0.256781,0.256781,0.770342,true,0.064195,,0,0,0,09C34626459E59ECEB3B9E06C03077415FE1D4AB9980DB81D78919127F1D5C61
2022-01-24T00:00:00.000Z|EURCHF|ny|2022-01-24,2022-01-24T00:00:00.000Z,EURCHF,LONG,ny|2022-01-24,NY,2022-01-24T00:00:00.000Z,2022-01-24T13:00:00.000Z,2022-01-24T13:00:00.000Z,2022-01-24T21:00:00.000Z,1.319214,0.152244,1.392504,1.053724,low,0.6,true,normal,harvestable_chop_candidate,true,gate90d_range_box_slots_cost_clamped_v0,0.439738,0.3,0.9,true,0.075,,0,0,0,10D8F4FD157658C6FD0709CBDDF22B81DB15A11DA67AF626237F586871D177FC
2022-01-24T00:00:00.000Z|EURCHF|asia_london|2022-01-25,2022-01-24T00:00:00.000Z,EURCHF,LONG,asia_london|2022-01-25,ASIA_LONDON,2022-01-24T13:00:00.000Z,2022-01-24T21:00:00.000Z,2022-01-25T00:00:00.000Z,2022-01-25T13:00:00.000Z,1.392504,0.029008,0.846377,1.053724,low,0.6,true,normal,harvestable_chop_candidate,true,gate90d_range_box_slots_cost_clamped_v0,0.464168,0.3,0.9,true,0.075,,0,0,0,B0770DAF77B099FB29F924175C95D0E07AD4507E7108F338E758F50D014F91EF
2022-01-24T00:00:00.000Z|EURCHF|ny|2022-01-25,2022-01-24T00:00:00.000Z,EURCHF,LONG,ny|2022-01-25,NY,2022-01-25T00:00:00.000Z,2022-01-25T13:00:00.000Z,2022-01-25T13:00:00.000Z,2022-01-25T21:00:00.000Z,0.846377,0.049067,0.874748,1.053724,low,0.6,true,normal,harvestable_chop_candidate,true,gate90d_range_box_slots_cost_clamped_v0,0.282126,0.282126,0.846377,true,0.070531,,1,1,0,BD483575412697AC2F42F21D79B423FEF2517A48C83151B05583B53520036B9D
2022-01-24T00:00:00.000Z|EURCHF|asia_london|2022-01-26,2022-01-24T00:00:00.000Z,EURCHF,LONG,asia_london|2022-01-26,ASIA_LONDON,2022-01-25T13:00:00.000Z,2022-01-25T21:00:00.000Z,2022-01-26T00:00:00.000Z,2022-01-26T13:00:00.000Z,0.874748,0.019901,0.510663,1.053724,low,0.6,true,normal,harvestable_chop_candidate,true,gate90d_range_box_slots_cost_clamped_v0,0.291583,0.291583,0.874748,true,0.072896,,0,0,0,7AA7D53CA75FDA45FB0F132C494A9B6CE7774049CC99AD8145CDB661DA1C7F82
2022-01-24T00:00:00.000Z|EURCHF|ny|2022-01-26,2022-01-24T00:00:00.000Z,EURCHF,LONG,ny|2022-01-26,NY,2022-01-26T00:00:00.000Z,2022-01-26T13:00:00.000Z,2022-01-26T13:00:00.000Z,2022-01-26T21:00:00.000Z,0.510663,0.013247,0.505936,1.053724,low,0.6,false,normal,dead_chop_cost_churn,false,gate90d_range_box_slots_cost_clamped_v0,0.170221,0.2,0.6,false,0.05,,1,0,1,0F035AAE1E518FEB6BB7C440970DDE31355505A48F2017687BA928776AEE9FB8
2022-01-24T00:00:00.000Z|EURCHF|asia_london|2022-01-27,2022-01-24T00:00:00.000Z,EURCHF,LONG,asia_london|2022-01-27,ASIA_LONDON,2022-01-26T13:00:00.000Z,2022-01-26T21:00:00.000Z,2022-01-27T00:00:00.000Z,2022-01-27T13:00:00.000Z,0.505936,0.000804,0.628872,1.053724,low,0.6,false,normal,dead_chop_cost_churn,false,gate90d_range_box_slots_cost_clamped_v0,0.168645,0.2,0.6,false,0.05,,0,0,0,ABDD7EEA099F6C13A8156ECFB2D15DF44A63692798DC02845BB952C0E5EDC310
2022-01-24T00:00:00.000Z|EURCHF|ny|2022-01-27,2022-01-24T00:00:00.000Z,EURCHF,LONG,ny|2022-01-27,NY,2022-01-27T00:00:00.000Z,2022-01-27T13:00:00.000Z,2022-01-27T13:00:00.000Z,2022-01-27T21:00:00.000Z,0.628872,0.027656,0.652514,1.053724,low,0.6,true,normal,harvestable_chop_candidate,true,gate90d_range_box_slots_cost_clamped_v0,0.209624,0.209624,0.628872,true,0.052406,,0,0,0,C0FED74BB714ACA23212D5A8B89B58EE2ED251FC329DC9626848EC2DF1CB9558
2022-01-24T00:00:00.000Z|EURCHF|asia_london|2022-01-28,2022-01-24T00:00:00.000Z,EURCHF,LONG,asia_london|2022-01-28,ASIA_LONDON,2022-01-27T13:00:00.000Z,2022-01-27T21:00:00.000Z,2022-01-28T00:00:00.000Z,2022-01-28T13:00:00.000Z,0.652514,0.009045,0.643058,1.053724,low,0.6,true,normal,harvestable_chop_candidate,true,gate90d_range_box_slots_cost_clamped_v0,0.217505,0.217505,0.652514,true,0.054376,,0,0,0,88DD9CC56E0CB1A11FFA7B62DA1988B34C1BCBD835BF50A96F7CEEF92FC0D238
2022-01-24T00:00:00.000Z|EURCHF|ny|2022-01-28,2022-01-24T00:00:00.000Z,EURCHF,LONG,ny|2022-01-28,NY,2022-01-28T00:00:00.000Z,2022-01-28T13:00:00.000Z,2022-01-28T13:00:00.000Z,2022-01-28T21:00:00.000Z,0.643058,0.027579,0.427917,1.053724,low,0.6,true,normal,harvestable_chop_candidate,true,gate90d_range_box_slots_cost_clamped_v0,0.214353,0.214353,0.643058,true,0.053588,,1,0,1,D2D8850C718037D3C9FA7795A559751A70C65F7C5E6F26345A9C16D5099254BC
2022-01-24T00:00:00.000Z|EURGBP|ny|2022-01-24,2022-01-24T00:00:00.000Z,EURGBP,LONG,ny|2022-01-24,NY,2022-01-24T00:00:00.000Z,2022-01-24T13:00:00.000Z,2022-01-24T13:00:00.000Z,2022-01-24T21:00:00.000Z,1.036983,0.037569,1.225774,1.51362,low,0.6,true,expanded,harvestable_chop_candidate,true,gate90d_range_box_slots_cost_clamped_v0,0.345661,0.3,0.9,true,0.075,,0,0,0,72F7AD653F758D0618B54EBED0702A4DD7550C518201DFE1CC13D19C2CDD037E
2022-01-24T00:00:00.000Z|EURGBP|asia_london|2022-01-25,2022-01-24T00:00:00.000Z,EURGBP,LONG,asia_london|2022-01-25,ASIA_LONDON,2022-01-24T13:00:00.000Z,2022-01-24T21:00:00.000Z,2022-01-25T00:00:00.000Z,2022-01-25T13:00:00.000Z,1.225774,0.049347,0.938483,1.51362,low,0.6,true,expanded,harvestable_chop_candidate,true,gate90d_range_box_slots_cost_clamped_v0,0.408591,0.3,0.9,true,0.075,,2,2,0,2BFB652DA9890682C844FEE4938A6698208165B5F392CC935C6DD07E1B6D3D39
2022-01-24T00:00:00.000Z|EURGBP|ny|2022-01-25,2022-01-24T00:00:00.000Z,EURGBP,LONG,ny|2022-01-25,NY,2022-01-25T00:00:00.000Z,2022-01-25T13:00:00.000Z,2022-01-25T13:00:00.000Z,2022-01-25T21:00:00.000Z,0.938483,0.018554,0.53354,1.51362,low,0.6,true,expanded,harvestable_chop_candidate,true,gate90d_range_box_slots_cost_clamped_v0,0.312828,0.3,0.9,true,0.075,,0,0,0,BF4972CAE554962D1521340C8002E3FA14CDF08F475E7B07426D5E1267D099D1
2022-01-24T00:00:00.000Z|EURGBP|asia_london|2022-01-26,2022-01-24T00:00:00.000Z,EURGBP,LONG,asia_london|2022-01-26,ASIA_LONDON,2022-01-25T13:00:00.000Z,2022-01-25T21:00:00.000Z,2022-01-26T00:00:00.000Z,2022-01-26T13:00:00.000Z,0.53354,0.0625,0.777053,1.51362,low,0.6,false,expanded,dead_chop_cost_churn,false,gate90d_range_box_slots_cost_clamped_v0,0.177847,0.2,0.6,false,0.05,,0,0,0,897A96BF9901136EB39CCDD414F17D6F701FB7DEE5089561B10C2C3CA183DE2D
2022-01-24T00:00:00.000Z|EURGBP|ny|2022-01-26,2022-01-24T00:00:00.000Z,EURGBP,LONG,ny|2022-01-26,NY,2022-01-26T00:00:00.000Z,2022-01-26T13:00:00.000Z,2022-01-26T13:00:00.000Z,2022-01-26T21:00:00.000Z,0.777053,0.01986,0.697706,1.51362,low,0.6,true,expanded,harvestable_chop_candidate,true,gate90d_range_box_slots_cost_clamped_v0,0.259018,0.259018,0.777053,true,0.064754,,0,0,0,99C3A46C5CC41A7AB356E4475E6CD815734297F3520B676B551CBC84474E3D26
2022-01-24T00:00:00.000Z|EURGBP|asia_london|2022-01-27,2022-01-24T00:00:00.000Z,EURGBP,LONG,asia_london|2022-01-27,ASIA_LONDON,2022-01-26T13:00:00.000Z,2022-01-26T21:00:00.000Z,2022-01-27T00:00:00.000Z,2022-01-27T13:00:00.000Z,0.697706,0.037565,0.746956,1.51362,low,0.6,true,expanded,harvestable_chop_candidate,true,gate90d_range_box_slots_cost_clamped_v0,0.232569,0.232569,0.697706,true,0.058142,,1,1,0,DE3181A2D1954312D8C1FB9CC52173F06DD795B83A5BDA8366A9F472F075E67F
2022-01-24T00:00:00.000Z|EURGBP|ny|2022-01-27,2022-01-24T00:00:00.000Z,EURGBP,LONG,ny|2022-01-27,NY,2022-01-27T00:00:00.000Z,2022-01-27T13:00:00.000Z,2022-01-27T13:00:00.000Z,2022-01-27T21:00:00.000Z,0.746956,0.011936,0.64572,1.51362,low,0.6,true,expanded,harvestable_chop_candidate,true,gate90d_range_box_slots_cost_clamped_v0,0.248985,0.248985,0.746956,true,0.062246,,3,3,0,2EADF0DDFF7F8F1039C0DC7DED55ADE9A2E1D4B96DFF926614D97F137D453AF7
2022-01-24T00:00:00.000Z|EURGBP|asia_london|2022-01-28,2022-01-24T00:00:00.000Z,EURGBP,LONG,asia_london|2022-01-28,ASIA_LONDON,2022-01-27T13:00:00.000Z,2022-01-27T21:00:00.000Z,2022-01-28T00:00:00.000Z,2022-01-28T13:00:00.000Z,0.64572,0.016285,0.503443,1.51362,low,0.6,true,expanded,harvestable_chop_candidate,true,gate90d_range_box_slots_cost_clamped_v0,0.21524,0.21524,0.64572,true,0.05381,,1,1,0,7BB8C0B8F758EB6D815F0C98E6CAE4EB2DDEECAAAD10EB492B20940DCC4C20C4
2022-01-24T00:00:00.000Z|EURGBP|ny|2022-01-28,2022-01-24T00:00:00.000Z,EURGBP,LONG,ny|2022-01-28,NY,2022-01-28T00:00:00.000Z,2022-01-28T13:00:00.000Z,2022-01-28T13:00:00.000Z,2022-01-28T21:00:00.000Z,0.503443,0.030105,0.566373,1.51362,low,0.6,false,expanded,dead_chop_cost_churn,false,gate90d_range_box_slots_cost_clamped_v0,0.167814,0.2,0.6,false,0.05,,2,2,0,A02324D647C44F65315B2E02A798ECFD041195EF0BB7D753E0F34085225D361E
2022-01-24T00:00:00.000Z|EURJPY|ny|2022-01-24,2022-01-24T00:00:00.000Z,EURJPY,LONG,ny|2022-01-24,NY,2022-01-24T00:00:00.000Z,2022-01-24T13:00:00.000Z,2022-01-24T13:00:00.000Z,2022-01-24T21:00:00.000Z,0.766348,0.065667,0.811355,0.985775,low,0.6,true,normal,harvestable_chop_candidate,true,gate90d_range_box_slots_cost_clamped_v0,0.255449,0.255449,0.766348,true,0.063862,,0,0,0,C0F645688151B0F078E7F99905DCD755A098F25DBA8803A31AFB04643D138356
2022-01-24T00:00:00.000Z|EURJPY|asia_london|2022-01-25,2022-01-24T00:00:00.000Z,EURJPY,LONG,asia_london|2022-01-25,ASIA_LONDON,2022-01-24T13:00:00.000Z,2022-01-24T21:00:00.000Z,2022-01-25T00:00:00.000Z,2022-01-25T13:00:00.000Z,0.811355,0.068283,0.87461,0.985775,low,0.6,true,normal,harvestable_chop_candidate,true,gate90d_range_box_slots_cost_clamped_v0,0.270452,0.270452,0.811355,true,0.067613,,0,0,0,1B44862DA0D625FF947F2CCB91447389B08004BA243694504C4F10D48E61D74E
2022-01-24T00:00:00.000Z|EURJPY|ny|2022-01-25,2022-01-24T00:00:00.000Z,EURJPY,LONG,ny|2022-01-25,NY,2022-01-25T00:00:00.000Z,2022-01-25T13:00:00.000Z,2022-01-25T13:00:00.000Z,2022-01-25T21:00:00.000Z,0.87461,0.045032,0.648354,0.985775,low,0.6,true,normal,harvestable_chop_candidate,true,gate90d_range_box_slots_cost_clamped_v0,0.291537,0.291537,0.87461,true,0.072884,,0,0,0,705211B73A1E557B8CCD35950EADB87BC3FDC20182994BF72B4CB0CB18936E59
2022-01-24T00:00:00.000Z|EURJPY|asia_london|2022-01-26,2022-01-24T00:00:00.000Z,EURJPY,LONG,asia_london|2022-01-26,ASIA_LONDON,2022-01-25T13:00:00.000Z,2022-01-25T21:00:00.000Z,2022-01-26T00:00:00.000Z,2022-01-26T13:00:00.000Z,0.648354,0.007192,0.381958,0.985775,low,0.6,true,normal,harvestable_chop_candidate,true,gate90d_range_box_slots_cost_clamped_v0,0.216118,0.216118,0.648354,true,0.05403,,0,0,0,78C8717A109C3A90CEA62A7CACDBF9EA6F787C38AA6394D943DB3A25B2D21FB1
2022-01-24T00:00:00.000Z|EURJPY|ny|2022-01-26,2022-01-24T00:00:00.000Z,EURJPY,LONG,ny|2022-01-26,NY,2022-01-26T00:00:00.000Z,2022-01-26T13:00:00.000Z,2022-01-26T13:00:00.000Z,2022-01-26T21:00:00.000Z,0.381958,0.005252,0.759049,0.985775,low,0.6,false,normal,dead_chop_cost_churn,false,gate90d_range_box_slots_cost_clamped_v0,0.127319,0.2,0.6,false,0.05,,0,0,0,7BD274BFC276128ECCA238D9FD244DA2D76BC41A9057B31E172DD36A6B4E4D83
2022-01-24T00:00:00.000Z|EURJPY|asia_london|2022-01-27,2022-01-24T00:00:00.000Z,EURJPY,LONG,asia_london|2022-01-27,ASIA_LONDON,2022-01-26T13:00:00.000Z,2022-01-26T21:00:00.000Z,2022-01-27T00:00:00.000Z,2022-01-27T13:00:00.000Z,0.759049,0.030186,0.701877,0.985775,low,0.6,true,normal,harvestable_chop_candidate,true,gate90d_range_box_slots_cost_clamped_v0,0.253016,0.253016,0.759049,true,0.063254,,0,0,0,5E3EF6D8FFDB53CA81FAB7CCA2050CFC75AD00C221E801BB9F29E7DE9659A0C8
2022-01-24T00:00:00.000Z|EURJPY|ny|2022-01-27,2022-01-24T00:00:00.000Z,EURJPY,LONG,ny|2022-01-27,NY,2022-01-27T00:00:00.000Z,2022-01-27T13:00:00.000Z,2022-01-27T13:00:00.000Z,2022-01-27T21:00:00.000Z,0.701877,0.02042,0.555906,0.985775,low,0.6,true,normal,harvestable_chop_candidate,true,gate90d_range_box_slots_cost_clamped_v0,0.233959,0.233959,0.701877,true,0.05849,,0,0,0,CCD09B5D27CA70962F90713B6F3CE9BFF2FBD66219EA7186B5C12E21C594638F
2022-01-24T00:00:00.000Z|EURJPY|asia_london|2022-01-28,2022-01-24T00:00:00.000Z,EURJPY,LONG,asia_london|2022-01-28,ASIA_LONDON,2022-01-27T13:00:00.000Z,2022-01-27T21:00:00.000Z,2022-01-28T00:00:00.000Z,2022-01-28T13:00:00.000Z,0.555906,0.013481,0.446428,0.985775,low,0.6,false,normal,dead_chop_cost_churn,false,gate90d_range_box_slots_cost_clamped_v0,0.185302,0.2,0.6,false,0.05,,0,0,0,E3C2A84EA0C2C7DCCB9489317909692BBCF3771C4CEF5D46120A4840F483A8D8
2022-01-24T00:00:00.000Z|EURJPY|ny|2022-01-28,2022-01-24T00:00:00.000Z,EURJPY,LONG,ny|2022-01-28,NY,2022-01-28T00:00:00.000Z,2022-01-28T13:00:00.000Z,2022-01-28T13:00:00.000Z,2022-01-28T21:00:00.000Z,0.446428,0.02571,0.468324,0.985775,low,0.6,false,normal,dead_chop_cost_churn,false,gate90d_range_box_slots_cost_clamped_v0,0.148809,0.2,0.6,false,0.05,,0,0,0,55F754B59B4A10C823D3CA38F933E50AD48498437BDF4783FE2A8DBB01F00ED4
2022-01-24T00:00:00.000Z|EURNZD|ny|2022-01-24,2022-01-24T00:00:00.000Z,EURNZD,LONG,ny|2022-01-24,NY,2022-01-24T00:00:00.000Z,2022-01-24T13:00:00.000Z,2022-01-24T13:00:00.000Z,2022-01-24T21:00:00.000Z,0.735985,0.01014,0.886148,1.130421,low,0.6,true,expanded,harvestable_chop_candidate,true,gate90d_range_box_slots_cost_clamped_v0,0.245328,0.245328,0.735985,true,0.061332,,2,0,2,A283543F13AA26D75A9BAF80F38842676BDEC2719138A9D74B121AB37839D6C8
2022-01-24T00:00:00.000Z|EURNZD|asia_london|2022-01-25,2022-01-24T00:00:00.000Z,EURNZD,LONG,asia_london|2022-01-25,ASIA_LONDON,2022-01-24T13:00:00.000Z,2022-01-24T21:00:00.000Z,2022-01-25T00:00:00.000Z,2022-01-25T13:00:00.000Z,0.886148,0.011512,0.847216,1.130421,low,0.6,true,expanded,harvestable_chop_candidate,true,gate90d_range_box_slots_cost_clamped_v0,0.295383,0.295383,0.886148,true,0.073846,,1,1,0,1198C2FBE51DC8DAABCC0AB90B95DF4D543D7D4A7F90BBE90F2964EC3A930CF7
2022-01-24T00:00:00.000Z|EURNZD|ny|2022-01-25,2022-01-24T00:00:00.000Z,EURNZD,LONG,ny|2022-01-25,NY,2022-01-25T00:00:00.000Z,2022-01-25T13:00:00.000Z,2022-01-25T13:00:00.000Z,2022-01-25T21:00:00.000Z,0.847216,0.007705,0.49869,1.130421,low,0.6,true,expanded,harvestable_chop_candidate,true,gate90d_range_box_slots_cost_clamped_v0,0.282405,0.282405,0.847216,true,0.070601,,0,0,0,F92039A4BB1AD43501A6B51331A071B59DC67510046B5E9F3D771402D97360D5
2022-01-24T00:00:00.000Z|EURNZD|asia_london|2022-01-26,2022-01-24T00:00:00.000Z,EURNZD,LONG,asia_london|2022-01-26,ASIA_LONDON,2022-01-25T13:00:00.000Z,2022-01-25T21:00:00.000Z,2022-01-26T00:00:00.000Z,2022-01-26T13:00:00.000Z,0.49869,0.029984,0.781404,1.130421,low,0.6,false,expanded,dead_chop_cost_churn,false,gate90d_range_box_slots_cost_clamped_v0,0.16623,0.2,0.6,false,0.05,,0,0,0,F9EA67C8CCCA4EE1B5D60AEDDD2EB30AF53B1620D4A3BB2FFDB81D038DF6418C
2022-01-24T00:00:00.000Z|EURNZD|ny|2022-01-26,2022-01-24T00:00:00.000Z,EURNZD,LONG,ny|2022-01-26,NY,2022-01-26T00:00:00.000Z,2022-01-26T13:00:00.000Z,2022-01-26T13:00:00.000Z,2022-01-26T21:00:00.000Z,0.781404,0.033799,0.734131,1.130421,low,0.6,true,expanded,harvestable_chop_candidate,true,gate90d_range_box_slots_cost_clamped_v0,0.260468,0.260468,0.781404,true,0.065117,,0,0,0,8109FFBE5545F2170B48763DFB0630C717EC842EA4EEF62BB4C758CA878B22E0
2022-01-24T00:00:00.000Z|EURNZD|asia_london|2022-01-27,2022-01-24T00:00:00.000Z,EURNZD,LONG,asia_london|2022-01-27,ASIA_LONDON,2022-01-26T13:00:00.000Z,2022-01-26T21:00:00.000Z,2022-01-27T00:00:00.000Z,2022-01-27T13:00:00.000Z,0.734131,0.005843,1.355177,1.130421,low,0.6,true,expanded,harvestable_chop_candidate,true,gate90d_range_box_slots_cost_clamped_v0,0.24471,0.24471,0.734131,true,0.061178,,0,0,0,F89823942587BF81CF07ED79AE5EE5801CEAB80CDE30FB783F1B1553EA75B0EA
2022-01-24T00:00:00.000Z|EURNZD|ny|2022-01-27,2022-01-24T00:00:00.000Z,EURNZD,LONG,ny|2022-01-27,NY,2022-01-27T00:00:00.000Z,2022-01-27T13:00:00.000Z,2022-01-27T13:00:00.000Z,2022-01-27T21:00:00.000Z,1.355177,0.07722,1.115101,1.130421,low,0.6,true,expanded,harvestable_chop_candidate,true,gate90d_range_box_slots_cost_clamped_v0,0.451726,0.3,0.9,true,0.075,,0,0,0,FF40A6CB115B141A38E6E4F44D2E0C42F012EB59882A2C4EA2D1E90577A0DE7F
2022-01-24T00:00:00.000Z|EURNZD|asia_london|2022-01-28,2022-01-24T00:00:00.000Z,EURNZD,LONG,asia_london|2022-01-28,ASIA_LONDON,2022-01-27T13:00:00.000Z,2022-01-27T21:00:00.000Z,2022-01-28T00:00:00.000Z,2022-01-28T13:00:00.000Z,1.115101,0.071531,1.071534,1.130421,low,0.6,true,expanded,harvestable_chop_candidate,true,gate90d_range_box_slots_cost_clamped_v0,0.3717,0.3,0.9,true,0.075,,0,0,0,89954F36C65B80EC72F86816ED1C101A1E16300A7016FB34A24B6188AB733612
2022-01-24T00:00:00.000Z|EURNZD|ny|2022-01-28,2022-01-24T00:00:00.000Z,EURNZD,LONG,ny|2022-01-28,NY,2022-01-28T00:00:00.000Z,2022-01-28T13:00:00.000Z,2022-01-28T13:00:00.000Z,2022-01-28T21:00:00.000Z,1.071534,0.011401,0.507959,1.130421,low,0.6,true,expanded,harvestable_chop_candidate,true,gate90d_range_box_slots_cost_clamped_v0,0.357178,0.3,0.9,true,0.075,,0,0,0,4EEE22FD4BAEBD67FCDE35CAD896E401281B1E8B7C379DB76EB10E82F41CA9C8
2022-01-24T00:00:00.000Z|EURUSD|ny|2022-01-24,2022-01-24T00:00:00.000Z,EURUSD,SHORT,ny|2022-01-24,NY,2022-01-24T00:00:00.000Z,2022-01-24T13:00:00.000Z,2022-01-24T13:00:00.000Z,2022-01-24T21:00:00.000Z,0.642226,0.049089,0.681794,1.005393,low,0.6,true,normal,harvestable_chop_candidate,true,gate90d_range_box_slots_cost_clamped_v0,0.214075,0.214075,0.642226,true,0.053519,,1,1,0,D176ACBE7AB33E554FDD356DBFCCB22F59DE9759BCD7A3FC6D7675BEA7B42C3F
2022-01-24T00:00:00.000Z|EURUSD|asia_london|2022-01-25,2022-01-24T00:00:00.000Z,EURUSD,SHORT,asia_london|2022-01-25,ASIA_LONDON,2022-01-24T13:00:00.000Z,2022-01-24T21:00:00.000Z,2022-01-25T00:00:00.000Z,2022-01-25T13:00:00.000Z,0.681794,0.102342,0.879636,1.005393,low,0.6,true,normal,harvestable_chop_candidate,true,gate90d_range_box_slots_cost_clamped_v0,0.227265,0.227265,0.681794,true,0.056816,,0,0,0,F42AF2301F3164753744097A9D14BAD3BF5C08F1DCC5488D1CBB8736A441921B
2022-01-24T00:00:00.000Z|EURUSD|ny|2022-01-25,2022-01-24T00:00:00.000Z,EURUSD,SHORT,ny|2022-01-25,NY,2022-01-25T00:00:00.000Z,2022-01-25T13:00:00.000Z,2022-01-25T13:00:00.000Z,2022-01-25T21:00:00.000Z,0.879636,0.09038,0.668097,1.005393,low,0.6,true,normal,harvestable_chop_candidate,true,gate90d_range_box_slots_cost_clamped_v0,0.293212,0.293212,0.879636,true,0.073303,,0,0,0,2180335EC8D3C6573931995AE09982EAC43E2AA75F81FCA4123B0BF23132934C
2022-01-24T00:00:00.000Z|EURUSD|asia_london|2022-01-26,2022-01-24T00:00:00.000Z,EURUSD,SHORT,asia_london|2022-01-26,ASIA_LONDON,2022-01-25T13:00:00.000Z,2022-01-25T21:00:00.000Z,2022-01-26T00:00:00.000Z,2022-01-26T13:00:00.000Z,0.668097,0.054489,0.541783,1.005393,low,0.6,true,normal,harvestable_chop_candidate,true,gate90d_range_box_slots_cost_clamped_v0,0.222699,0.222699,0.668097,true,0.055675,,0,0,0,634AD9FFA9047E99FDB904A403F0CA37230DE0A00231F6F2B737FB9FD81E3AB9
2022-01-24T00:00:00.000Z|EURUSD|ny|2022-01-26,2022-01-24T00:00:00.000Z,EURUSD,SHORT,ny|2022-01-26,NY,2022-01-26T00:00:00.000Z,2022-01-26T13:00:00.000Z,2022-01-26T13:00:00.000Z,2022-01-26T21:00:00.000Z,0.541783,0.058236,1.007472,1.005393,low,0.6,false,normal,dead_chop_cost_churn,false,gate90d_range_box_slots_cost_clamped_v0,0.180594,0.2,0.6,false,0.05,,2,2,0,F04DC6396FCEFCA3704BB80663FA477A7E8745056534A3B98C0656E98C3661C2
2022-01-24T00:00:00.000Z|EURUSD|asia_london|2022-01-27,2022-01-24T00:00:00.000Z,EURUSD,SHORT,asia_london|2022-01-27,ASIA_LONDON,2022-01-26T13:00:00.000Z,2022-01-26T21:00:00.000Z,2022-01-27T00:00:00.000Z,2022-01-27T13:00:00.000Z,1.007472,0.123093,1.384893,1.005393,low,0.6,true,normal,harvestable_chop_candidate,true,gate90d_range_box_slots_cost_clamped_v0,0.335824,0.3,0.9,true,0.075,,0,0,0,1FE935DE0365A4BBBA17B54ED29A755C735B8E3ECB641E3DF227AD4EAC539EFC
2022-01-24T00:00:00.000Z|EURUSD|ny|2022-01-27,2022-01-24T00:00:00.000Z,EURUSD,SHORT,ny|2022-01-27,NY,2022-01-27T00:00:00.000Z,2022-01-27T13:00:00.000Z,2022-01-27T13:00:00.000Z,2022-01-27T21:00:00.000Z,1.384893,0.025251,0.465689,1.005393,low,0.6,true,normal,harvestable_chop_candidate,true,gate90d_range_box_slots_cost_clamped_v0,0.461631,0.3,0.9,true,0.075,,2,2,0,F230C6AE6FFB2516B97802A910DC7114F0B84195E9BE248977B4C73EFEB16204
2022-01-24T00:00:00.000Z|EURUSD|asia_london|2022-01-28,2022-01-24T00:00:00.000Z,EURUSD,SHORT,asia_london|2022-01-28,ASIA_LONDON,2022-01-27T13:00:00.000Z,2022-01-27T21:00:00.000Z,2022-01-28T00:00:00.000Z,2022-01-28T13:00:00.000Z,0.465689,0.028108,0.525042,1.005393,low,0.6,false,normal,dead_chop_cost_churn,false,gate90d_range_box_slots_cost_clamped_v0,0.15523,0.2,0.6,false,0.05,,0,0,0,232B6DAF0618932363A74F5A47C99A208646F1E53FA103841CA3D210E97D3E23
2022-01-24T00:00:00.000Z|EURUSD|ny|2022-01-28,2022-01-24T00:00:00.000Z,EURUSD,SHORT,ny|2022-01-28,NY,2022-01-28T00:00:00.000Z,2022-01-28T13:00:00.000Z,2022-01-28T13:00:00.000Z,2022-01-28T21:00:00.000Z,0.525042,0.122095,0.733537,1.005393,low,0.6,false,normal,dead_chop_cost_churn,false,gate90d_range_box_slots_cost_clamped_v0,0.175014,0.2,0.6,false,0.05,,2,0,2,70FAE53C0FB7092A228BF89AB8BE45066657BECE8547B40C1E5E3682BFAFB523
2022-01-24T00:00:00.000Z|GBPAUD|ny|2022-01-24,2022-01-24T00:00:00.000Z,GBPAUD,SHORT,ny|2022-01-24,NY,2022-01-24T00:00:00.000Z,2022-01-24T13:00:00.000Z,2022-01-24T13:00:00.000Z,2022-01-24T21:00:00.000Z,0.633299,0.038837,0.913023,1.331123,low,0.6,true,expanded,harvestable_chop_candidate,true,gate90d_range_box_slots_cost_clamped_v0,0.2111,0.2111,0.633299,true,0.052775,,1,0,1,C2234720AC81AFC9BCE6ECBB451BE5FB25924EE23F0D0460AA3844E6B7F53C0A
2022-01-24T00:00:00.000Z|GBPAUD|asia_london|2022-01-25,2022-01-24T00:00:00.000Z,GBPAUD,SHORT,asia_london|2022-01-25,ASIA_LONDON,2022-01-24T13:00:00.000Z,2022-01-24T21:00:00.000Z,2022-01-25T00:00:00.000Z,2022-01-25T13:00:00.000Z,0.913023,0.01738,0.997032,1.331123,low,0.6,true,expanded,harvestable_chop_candidate,true,gate90d_range_box_slots_cost_clamped_v0,0.304341,0.3,0.9,true,0.075,,2,2,0,2A000F7CAF7F829110E7940BB8A16B1BB9B209809DBB6E59945A7440143774FF
2022-01-24T00:00:00.000Z|GBPAUD|ny|2022-01-25,2022-01-24T00:00:00.000Z,GBPAUD,SHORT,ny|2022-01-25,NY,2022-01-25T00:00:00.000Z,2022-01-25T13:00:00.000Z,2022-01-25T13:00:00.000Z,2022-01-25T21:00:00.000Z,0.997032,0.009685,0.614836,1.331123,low,0.6,true,expanded,harvestable_chop_candidate,true,gate90d_range_box_slots_cost_clamped_v0,0.332344,0.3,0.9,true,0.075,,0,0,0,9EA3D70AED9EF73B8ED4DCA2B94E188DED1FE2B8B13959D04B87014BED5A3CB1
2022-01-24T00:00:00.000Z|GBPAUD|asia_london|2022-01-26,2022-01-24T00:00:00.000Z,GBPAUD,SHORT,asia_london|2022-01-26,ASIA_LONDON,2022-01-25T13:00:00.000Z,2022-01-25T21:00:00.000Z,2022-01-26T00:00:00.000Z,2022-01-26T13:00:00.000Z,0.614836,0.029414,0.695153,1.331123,low,0.6,true,expanded,harvestable_chop_candidate,true,gate90d_range_box_slots_cost_clamped_v0,0.204945,0.204945,0.614836,true,0.051236,,0,0,0,EEB7D5643C3800621287BE54E541E18B50B9465D6A9CB37F6B7224E5327A2DCE
2022-01-24T00:00:00.000Z|GBPAUD|ny|2022-01-26,2022-01-24T00:00:00.000Z,GBPAUD,SHORT,ny|2022-01-26,NY,2022-01-26T00:00:00.000Z,2022-01-26T13:00:00.000Z,2022-01-26T13:00:00.000Z,2022-01-26T21:00:00.000Z,0.695153,0.066176,1.131815,1.331123,low,0.6,true,expanded,harvestable_chop_candidate,true,gate90d_range_box_slots_cost_clamped_v0,0.231718,0.231718,0.695153,true,0.057929,,0,0,0,3AF7D05BEF2D666DA1DB51F0F3517B7C310DF744C8F89559297E1607AE0C8D62
2022-01-24T00:00:00.000Z|GBPAUD|asia_london|2022-01-27,2022-01-24T00:00:00.000Z,GBPAUD,SHORT,asia_london|2022-01-27,ASIA_LONDON,2022-01-26T13:00:00.000Z,2022-01-26T21:00:00.000Z,2022-01-27T00:00:00.000Z,2022-01-27T13:00:00.000Z,1.131815,0.007547,0.958258,1.331123,low,0.6,true,expanded,harvestable_chop_candidate,true,gate90d_range_box_slots_cost_clamped_v0,0.377272,0.3,0.9,true,0.075,,0,0,0,EAC03FDF71CBD079E1089556607A3FE090887DFD08DBFDB83676301AC22C5D15
2022-01-24T00:00:00.000Z|GBPAUD|ny|2022-01-27,2022-01-24T00:00:00.000Z,GBPAUD,SHORT,ny|2022-01-27,NY,2022-01-27T00:00:00.000Z,2022-01-27T13:00:00.000Z,2022-01-27T13:00:00.000Z,2022-01-27T21:00:00.000Z,0.958258,0.10836,1.409692,1.331123,low,0.6,true,expanded,harvestable_chop_candidate,true,gate90d_range_box_slots_cost_clamped_v0,0.319419,0.3,0.9,true,0.075,,0,0,0,1623C55360A29023AE17D231D1692B87934886ED96460DC8E37EEB5AD957D698
2022-01-24T00:00:00.000Z|GBPAUD|asia_london|2022-01-28,2022-01-24T00:00:00.000Z,GBPAUD,SHORT,asia_london|2022-01-28,ASIA_LONDON,2022-01-27T13:00:00.000Z,2022-01-27T21:00:00.000Z,2022-01-28T00:00:00.000Z,2022-01-28T13:00:00.000Z,1.409692,0.10096,1.756807,1.331123,low,0.6,true,expanded,harvestable_chop_candidate,true,gate90d_range_box_slots_cost_clamped_v0,0.469897,0.3,0.9,true,0.075,,0,0,0,11D042EAC722B57ABEBD6C18DDD8032035F58AAC9C6A0E6E80CCE6C9DCC5FAEB
2022-01-24T00:00:00.000Z|GBPAUD|ny|2022-01-28,2022-01-24T00:00:00.000Z,GBPAUD,SHORT,ny|2022-01-28,NY,2022-01-28T00:00:00.000Z,2022-01-28T13:00:00.000Z,2022-01-28T13:00:00.000Z,2022-01-28T21:00:00.000Z,1.756807,0.02162,0.751467,1.331123,low,0.6,true,expanded,harvestable_chop_candidate,true,gate90d_range_box_slots_cost_clamped_v0,0.585602,0.3,0.9,true,0.075,,1,0,1,CDA7F275805A2586BFF35EC505CB814188B6774C7015DC7E1E8BCC64F1E95029
2022-01-24T00:00:00.000Z|GBPCAD|ny|2022-01-24,2022-01-24T00:00:00.000Z,GBPCAD,LONG,ny|2022-01-24,NY,2022-01-24T00:00:00.000Z,2022-01-24T13:00:00.000Z,2022-01-24T13:00:00.000Z,2022-01-24T21:00:00.000Z,0.607638,0.026968,0.776699,1.206312,low,0.6,true,expanded,harvestable_chop_candidate,true,gate90d_range_box_slots_cost_clamped_v0,0.202546,0.202546,0.607638,true,0.050637,,1,0,1,43B32348D78FD7D8AA6EEECD47EA18F033B9F217AAD2B1ADA333292FC282080F
2022-01-24T00:00:00.000Z|GBPCAD|asia_london|2022-01-25,2022-01-24T00:00:00.000Z,GBPCAD,LONG,asia_london|2022-01-25,ASIA_LONDON,2022-01-24T13:00:00.000Z,2022-01-24T21:00:00.000Z,2022-01-25T00:00:00.000Z,2022-01-25T13:00:00.000Z,0.776699,0.015061,0.809776,1.206312,low,0.6,true,expanded,harvestable_chop_candidate,true,gate90d_range_box_slots_cost_clamped_v0,0.2589,0.2589,0.776699,true,0.064725,,0,0,0,DA993700913525612ABEDEC60C83F8886F55750D5E8A3303A816B85DCC1080C1
2022-01-24T00:00:00.000Z|GBPCAD|ny|2022-01-25,2022-01-24T00:00:00.000Z,GBPCAD,LONG,ny|2022-01-25,NY,2022-01-25T00:00:00.000Z,2022-01-25T13:00:00.000Z,2022-01-25T13:00:00.000Z,2022-01-25T21:00:00.000Z,0.809776,0.038656,0.556185,1.206312,low,0.6,true,expanded,harvestable_chop_candidate,true,gate90d_range_box_slots_cost_clamped_v0,0.269925,0.269925,0.809776,true,0.067481,,0,0,0,278CE39265A04A7FE8C0CE5E4B639DEE0C45337CF2CEA1DE0DFBD53B1087E6ED
2022-01-24T00:00:00.000Z|GBPCAD|asia_london|2022-01-26,2022-01-24T00:00:00.000Z,GBPCAD,LONG,asia_london|2022-01-26,ASIA_LONDON,2022-01-25T13:00:00.000Z,2022-01-25T21:00:00.000Z,2022-01-26T00:00:00.000Z,2022-01-26T13:00:00.000Z,0.556185,0.068973,1.195675,1.206312,low,0.6,false,expanded,dead_chop_cost_churn,false,gate90d_range_box_slots_cost_clamped_v0,0.185395,0.2,0.6,false,0.05,,0,0,0,BFA0D700228EF657D8D590C77ABE47D41924C1354F68ADBED91418EB9C23509F
2022-01-24T00:00:00.000Z|GBPCAD|ny|2022-01-26,2022-01-24T00:00:00.000Z,GBPCAD,LONG,ny|2022-01-26,NY,2022-01-26T00:00:00.000Z,2022-01-26T13:00:00.000Z,2022-01-26T13:00:00.000Z,2022-01-26T21:00:00.000Z,1.195675,0.060327,1.256929,1.206312,low,0.6,true,expanded,harvestable_chop_candidate,true,gate90d_range_box_slots_cost_clamped_v0,0.398558,0.3,0.9,true,0.075,,1,0,1,A31A4D1D4C12C363B62101EE7BA5B37497E16EE917A413D60D164E61FEF06F08
2022-01-24T00:00:00.000Z|GBPCAD|asia_london|2022-01-27,2022-01-24T00:00:00.000Z,GBPCAD,LONG,asia_london|2022-01-27,ASIA_LONDON,2022-01-26T13:00:00.000Z,2022-01-26T21:00:00.000Z,2022-01-27T00:00:00.000Z,2022-01-27T13:00:00.000Z,1.256929,0.03841,1.138097,1.206312,low,0.6,true,expanded,harvestable_chop_candidate,true,gate90d_range_box_slots_cost_clamped_v0,0.418976,0.3,0.9,true,0.075,,2,0,2,9A5F5406FD43248DE092AC037FFB1E040B4070C69310669FEE215A6F3C38BBB1
2022-01-24T00:00:00.000Z|GBPCAD|ny|2022-01-27,2022-01-24T00:00:00.000Z,GBPCAD,LONG,ny|2022-01-27,NY,2022-01-27T00:00:00.000Z,2022-01-27T13:00:00.000Z,2022-01-27T13:00:00.000Z,2022-01-27T21:00:00.000Z,1.138097,0.058781,1.280205,1.206312,low,0.6,true,expanded,harvestable_chop_candidate,true,gate90d_range_box_slots_cost_clamped_v0,0.379366,0.3,0.9,true,0.075,,0,0,0,E4B5BB05303B3979C486AABEAA49BB73B04643DE50B3DB5AB31B3504EBFBC63A
2022-01-24T00:00:00.000Z|GBPCAD|asia_london|2022-01-28,2022-01-24T00:00:00.000Z,GBPCAD,LONG,asia_london|2022-01-28,ASIA_LONDON,2022-01-27T13:00:00.000Z,2022-01-27T21:00:00.000Z,2022-01-28T00:00:00.000Z,2022-01-28T13:00:00.000Z,1.280205,0.048615,1.1871,1.206312,low,0.6,true,expanded,harvestable_chop_candidate,true,gate90d_range_box_slots_cost_clamped_v0,0.426735,0.3,0.9,true,0.075,,0,0,0,00933AF6DBB40003D7D7317F64DEBCF32A32D8DC74F915F56B7A1AC1E069A848
2022-01-24T00:00:00.000Z|GBPCAD|ny|2022-01-28,2022-01-24T00:00:00.000Z,GBPCAD,LONG,ny|2022-01-28,NY,2022-01-28T00:00:00.000Z,2022-01-28T13:00:00.000Z,2022-01-28T13:00:00.000Z,2022-01-28T21:00:00.000Z,1.1871,0.041396,0.569661,1.206312,low,0.6,true,expanded,harvestable_chop_candidate,true,gate90d_range_box_slots_cost_clamped_v0,0.3957,0.3,0.9,true,0.075,,10,0,10,EE5A670AB00C2D44440BBD33646C08C2543F10AB5C04679FFE0D101C9BAE75A9
2022-01-24T00:00:00.000Z|GBPCHF|ny|2022-01-24,2022-01-24T00:00:00.000Z,GBPCHF,LONG,ny|2022-01-24,NY,2022-01-24T00:00:00.000Z,2022-01-24T13:00:00.000Z,2022-01-24T13:00:00.000Z,2022-01-24T21:00:00.000Z,1.45509,0.061791,0.778564,1.119981,low,0.6,true,expanded,harvestable_chop_candidate,true,gate90d_range_box_slots_cost_clamped_v0,0.48503,0.3,0.9,true,0.075,,2,2,0,87B29902B3BBA987058A9C578D37402BE4DAD51B6FC238F96A6798F7E35BB876
2022-01-24T00:00:00.000Z|GBPCHF|asia_london|2022-01-25,2022-01-24T00:00:00.000Z,GBPCHF,LONG,asia_london|2022-01-25,ASIA_LONDON,2022-01-24T13:00:00.000Z,2022-01-24T21:00:00.000Z,2022-01-25T00:00:00.000Z,2022-01-25T13:00:00.000Z,0.778564,0.058178,1.12102,1.119981,low,0.6,true,expanded,harvestable_chop_candidate,true,gate90d_range_box_slots_cost_clamped_v0,0.259521,0.259521,0.778564,true,0.06488,,0,0,0,B3075877BA10C5BA7FA2CD720D1E97C03DC6A43C5499AF2A6B0FFCE1A2E072F4
2022-01-24T00:00:00.000Z|GBPCHF|ny|2022-01-25,2022-01-24T00:00:00.000Z,GBPCHF,LONG,ny|2022-01-25,NY,2022-01-25T00:00:00.000Z,2022-01-25T13:00:00.000Z,2022-01-25T13:00:00.000Z,2022-01-25T21:00:00.000Z,1.12102,0.042714,0.880602,1.119981,low,0.6,true,expanded,harvestable_chop_candidate,true,gate90d_range_box_slots_cost_clamped_v0,0.373673,0.3,0.9,true,0.075,,0,0,0,D3EB3BF5138E929F242DA60A4C087E68D11E2325DE3F2A8B7CC3118675CC408B
2022-01-24T00:00:00.000Z|GBPCHF|asia_london|2022-01-26,2022-01-24T00:00:00.000Z,GBPCHF,LONG,asia_london|2022-01-26,ASIA_LONDON,2022-01-25T13:00:00.000Z,2022-01-25T21:00:00.000Z,2022-01-26T00:00:00.000Z,2022-01-26T13:00:00.000Z,0.880602,0.064638,0.739426,1.119981,low,0.6,true,expanded,harvestable_chop_candidate,true,gate90d_range_box_slots_cost_clamped_v0,0.293534,0.293534,0.880602,true,0.073383,,0,0,0,6A67510FFDAD3C1AB608D36D2EDFF4A0B0018EE6341D794DCA29609E0A1696AE
2022-01-24T00:00:00.000Z|GBPCHF|ny|2022-01-26,2022-01-24T00:00:00.000Z,GBPCHF,LONG,ny|2022-01-26,NY,2022-01-26T00:00:00.000Z,2022-01-26T13:00:00.000Z,2022-01-26T13:00:00.000Z,2022-01-26T21:00:00.000Z,0.739426,0.008062,0.659752,1.119981,low,0.6,true,expanded,harvestable_chop_candidate,true,gate90d_range_box_slots_cost_clamped_v0,0.246475,0.246475,0.739426,true,0.061619,,0,0,0,DA7BD16490A48760489DC643244357FA9D251106F8DA1F6CFDC2BCE49453B25E
2022-01-24T00:00:00.000Z|GBPCHF|asia_london|2022-01-27,2022-01-24T00:00:00.000Z,GBPCHF,LONG,asia_london|2022-01-27,ASIA_LONDON,2022-01-26T13:00:00.000Z,2022-01-26T21:00:00.000Z,2022-01-27T00:00:00.000Z,2022-01-27T13:00:00.000Z,0.659752,0.031015,0.810712,1.119981,low,0.6,true,expanded,harvestable_chop_candidate,true,gate90d_range_box_slots_cost_clamped_v0,0.219917,0.219917,0.659752,true,0.054979,,0,0,0,61EC795C9102B7222517C35054EB5526CB262AD7E378907B3167F34EE6E7C3AD
2022-01-24T00:00:00.000Z|GBPCHF|ny|2022-01-27,2022-01-24T00:00:00.000Z,GBPCHF,LONG,ny|2022-01-27,NY,2022-01-27T00:00:00.000Z,2022-01-27T13:00:00.000Z,2022-01-27T13:00:00.000Z,2022-01-27T21:00:00.000Z,0.810712,0.007529,0.584272,1.119981,low,0.6,true,expanded,harvestable_chop_candidate,true,gate90d_range_box_slots_cost_clamped_v0,0.270237,0.270237,0.810712,true,0.067559,,2,0,2,5729F35F5AAA6705558ECCCE6A9076043D3339E7084035BA0850CDF090F3D86F
2022-01-24T00:00:00.000Z|GBPCHF|asia_london|2022-01-28,2022-01-24T00:00:00.000Z,GBPCHF,LONG,asia_london|2022-01-28,ASIA_LONDON,2022-01-27T13:00:00.000Z,2022-01-27T21:00:00.000Z,2022-01-28T00:00:00.000Z,2022-01-28T13:00:00.000Z,0.584272,0.019931,0.601046,1.119981,low,0.6,false,expanded,dead_chop_cost_churn,false,gate90d_range_box_slots_cost_clamped_v0,0.194757,0.2,0.6,false,0.05,,0,0,0,73F32D6A7FF5418EA86A2ED9013A0ECB1C7B709487DAF84DCB331C97484A370A
2022-01-24T00:00:00.000Z|GBPCHF|ny|2022-01-28,2022-01-24T00:00:00.000Z,GBPCHF,LONG,ny|2022-01-28,NY,2022-01-28T00:00:00.000Z,2022-01-28T13:00:00.000Z,2022-01-28T13:00:00.000Z,2022-01-28T21:00:00.000Z,0.601046,0.001995,0.511588,1.119981,low,0.6,true,expanded,harvestable_chop_candidate,true,gate90d_range_box_slots_cost_clamped_v0,0.200349,0.200349,0.601046,true,0.050087,,3,0,3,F5E9387917D8D826CFFA86D38E7ACAB97317AC59740DB312562CAD42524163D5
2022-01-24T00:00:00.000Z|GBPJPY|ny|2022-01-24,2022-01-24T00:00:00.000Z,GBPJPY,LONG,ny|2022-01-24,NY,2022-01-24T00:00:00.000Z,2022-01-24T13:00:00.000Z,2022-01-24T13:00:00.000Z,2022-01-24T21:00:00.000Z,1.07664,0.02827,0.779003,1.023077,low,0.6,true,normal,harvestable_chop_candidate,true,gate90d_range_box_slots_cost_clamped_v0,0.35888,0.3,0.9,true,0.075,,2,2,0,019E198E1E0E797B6473DE25A5DD24CB783CBDF299F87EFB87E874DE54F2DF29
2022-01-24T00:00:00.000Z|GBPJPY|asia_london|2022-01-25,2022-01-24T00:00:00.000Z,GBPJPY,LONG,asia_london|2022-01-25,ASIA_LONDON,2022-01-24T13:00:00.000Z,2022-01-24T21:00:00.000Z,2022-01-25T00:00:00.000Z,2022-01-25T13:00:00.000Z,0.779003,0.026521,0.725721,1.023077,low,0.6,true,normal,harvestable_chop_candidate,true,gate90d_range_box_slots_cost_clamped_v0,0.259668,0.259668,0.779003,true,0.064917,,0,0,0,73CC327A4FF38443E89184A49A0EBFC660A72B3563275B78BC9C6C9358862A09
2022-01-24T00:00:00.000Z|GBPJPY|ny|2022-01-25,2022-01-24T00:00:00.000Z,GBPJPY,LONG,ny|2022-01-25,NY,2022-01-25T00:00:00.000Z,2022-01-25T13:00:00.000Z,2022-01-25T13:00:00.000Z,2022-01-25T21:00:00.000Z,0.725721,0.044651,0.769816,1.023077,low,0.6,true,normal,harvestable_chop_candidate,true,gate90d_range_box_slots_cost_clamped_v0,0.241907,0.241907,0.725721,true,0.060477,,0,0,0,6E2D504F09705AF649FFEBF2F9EBAD604594FD55D5339A2FE6CCDB6F56E5D0D9
2022-01-24T00:00:00.000Z|GBPJPY|asia_london|2022-01-26,2022-01-24T00:00:00.000Z,GBPJPY,LONG,asia_london|2022-01-26,ASIA_LONDON,2022-01-25T13:00:00.000Z,2022-01-25T21:00:00.000Z,2022-01-26T00:00:00.000Z,2022-01-26T13:00:00.000Z,0.769816,0.05049,0.643044,1.023077,low,0.6,true,normal,harvestable_chop_candidate,true,gate90d_range_box_slots_cost_clamped_v0,0.256605,0.256605,0.769816,true,0.064151,,0,0,0,C9F58A60674443BA7B3DE85CB26685F27535D30713104F560465B00FFADC6915
2022-01-24T00:00:00.000Z|GBPJPY|ny|2022-01-26,2022-01-24T00:00:00.000Z,GBPJPY,LONG,ny|2022-01-26,NY,2022-01-26T00:00:00.000Z,2022-01-26T13:00:00.000Z,2022-01-26T13:00:00.000Z,2022-01-26T21:00:00.000Z,0.643044,0.008708,0.784514,1.023077,low,0.6,true,normal,harvestable_chop_candidate,true,gate90d_range_box_slots_cost_clamped_v0,0.214348,0.214348,0.643044,true,0.053587,,2,0,2,6A50FAEE1A70862809067AEFB46BA74D7C733C0199AA90262AE936D080D4BE32
2022-01-24T00:00:00.000Z|GBPJPY|asia_london|2022-01-27,2022-01-24T00:00:00.000Z,GBPJPY,LONG,asia_london|2022-01-27,ASIA_LONDON,2022-01-26T13:00:00.000Z,2022-01-26T21:00:00.000Z,2022-01-27T00:00:00.000Z,2022-01-27T13:00:00.000Z,0.784514,0.004841,0.797375,1.023077,low,0.6,true,normal,harvestable_chop_candidate,true,gate90d_range_box_slots_cost_clamped_v0,0.261505,0.261505,0.784514,true,0.065376,,1,1,0,33CC4B60D5414B5F96F28A3E5993F426E36F53A2D7A606EC3D7030160F162279
2022-01-24T00:00:00.000Z|GBPJPY|ny|2022-01-27,2022-01-24T00:00:00.000Z,GBPJPY,LONG,ny|2022-01-27,NY,2022-01-27T00:00:00.000Z,2022-01-27T13:00:00.000Z,2022-01-27T13:00:00.000Z,2022-01-27T21:00:00.000Z,0.797375,0.009201,0.626509,1.023077,low,0.6,true,normal,harvestable_chop_candidate,true,gate90d_range_box_slots_cost_clamped_v0,0.265792,0.265792,0.797375,true,0.066448,,0,0,0,ADF975A69CDD3DB7EB5E0E1C79F89D7C62D6D59FF027A32582077FED5F6F83F1
2022-01-24T00:00:00.000Z|GBPJPY|asia_london|2022-01-28,2022-01-24T00:00:00.000Z,GBPJPY,LONG,asia_london|2022-01-28,ASIA_LONDON,2022-01-27T13:00:00.000Z,2022-01-27T21:00:00.000Z,2022-01-28T00:00:00.000Z,2022-01-28T13:00:00.000Z,0.626509,0.022663,0.55853,1.023077,low,0.6,true,normal,harvestable_chop_candidate,true,gate90d_range_box_slots_cost_clamped_v0,0.208836,0.208836,0.626509,true,0.052209,,0,0,0,92E4BF73845FB9050CCE657B2A80E13F69CDCDD0525C2C05B2A11E833E634136
2022-01-24T00:00:00.000Z|GBPJPY|ny|2022-01-28,2022-01-24T00:00:00.000Z,GBPJPY,LONG,ny|2022-01-28,NY,2022-01-28T00:00:00.000Z,2022-01-28T13:00:00.000Z,2022-01-28T13:00:00.000Z,2022-01-28T21:00:00.000Z,0.55853,0.046788,0.510761,1.023077,low,0.6,false,normal,dead_chop_cost_churn,false,gate90d_range_box_slots_cost_clamped_v0,0.186177,0.2,0.6,false,0.05,,0,0,0,84A2606556B95E74B5B69858BAC08BF6582D9350CB1F73312ACC6708E9DA5A46
2022-01-24T00:00:00.000Z|GBPNZD|ny|2022-01-24,2022-01-24T00:00:00.000Z,GBPNZD,LONG,ny|2022-01-24,NY,2022-01-24T00:00:00.000Z,2022-01-24T13:00:00.000Z,2022-01-24T13:00:00.000Z,2022-01-24T21:00:00.000Z,0.551653,0.02247,0.557079,1.196467,low,0.6,false,expanded,dead_chop_cost_churn,false,gate90d_range_box_slots_cost_clamped_v0,0.183884,0.2,0.6,false,0.05,,0,0,0,2092AA61836C2B882F60F9356D403E42CC282810E36D8C4CAF4DEE319CBC2220
2022-01-24T00:00:00.000Z|GBPNZD|asia_london|2022-01-25,2022-01-24T00:00:00.000Z,GBPNZD,LONG,asia_london|2022-01-25,ASIA_LONDON,2022-01-24T13:00:00.000Z,2022-01-24T21:00:00.000Z,2022-01-25T00:00:00.000Z,2022-01-25T13:00:00.000Z,0.557079,0.046566,1.027341,1.196467,low,0.6,false,expanded,dead_chop_cost_churn,false,gate90d_range_box_slots_cost_clamped_v0,0.185693,0.2,0.6,false,0.05,,4,2,2,9EA43FFA445E1A624A7C1F919D86D6223594CF3BB7EBC9A129E9C1C62BD3769A
2022-01-24T00:00:00.000Z|GBPNZD|ny|2022-01-25,2022-01-24T00:00:00.000Z,GBPNZD,LONG,ny|2022-01-25,NY,2022-01-25T00:00:00.000Z,2022-01-25T13:00:00.000Z,2022-01-25T13:00:00.000Z,2022-01-25T21:00:00.000Z,1.027341,0.006047,0.523619,1.196467,low,0.6,true,expanded,harvestable_chop_candidate,true,gate90d_range_box_slots_cost_clamped_v0,0.342447,0.3,0.9,true,0.075,,4,0,4,77A2BC8AED03CBB5EAF23A0C7A85CDE58CA2C18EACFDD7140ED21D13141CD535
2022-01-24T00:00:00.000Z|GBPNZD|asia_london|2022-01-26,2022-01-24T00:00:00.000Z,GBPNZD,LONG,asia_london|2022-01-26,ASIA_LONDON,2022-01-25T13:00:00.000Z,2022-01-25T21:00:00.000Z,2022-01-26T00:00:00.000Z,2022-01-26T13:00:00.000Z,0.523619,0.010876,0.631236,1.196467,low,0.6,false,expanded,dead_chop_cost_churn,false,gate90d_range_box_slots_cost_clamped_v0,0.17454,0.2,0.6,false,0.05,,0,0,0,2533F83A7E81BDA2644708EB118E347EFCAE0DC5C5EFB1C624A56B3D13969947
2022-01-24T00:00:00.000Z|GBPNZD|ny|2022-01-26,2022-01-24T00:00:00.000Z,GBPNZD,LONG,ny|2022-01-26,NY,2022-01-26T00:00:00.000Z,2022-01-26T13:00:00.000Z,2022-01-26T13:00:00.000Z,2022-01-26T21:00:00.000Z,0.631236,0.026462,0.720766,1.196467,low,0.6,true,expanded,harvestable_chop_candidate,true,gate90d_range_box_slots_cost_clamped_v0,0.210412,0.210412,0.631236,true,0.052603,,0,0,0,B3B90BDD80CE50D81F1ED40C3A07E29898B34BB689C7A015E6FA5EA514FF6B4E
2022-01-24T00:00:00.000Z|GBPNZD|asia_london|2022-01-27,2022-01-24T00:00:00.000Z,GBPNZD,LONG,asia_london|2022-01-27,ASIA_LONDON,2022-01-26T13:00:00.000Z,2022-01-26T21:00:00.000Z,2022-01-27T00:00:00.000Z,2022-01-27T13:00:00.000Z,0.720766,0.017677,1.199168,1.196467,low,0.6,true,expanded,harvestable_chop_candidate,true,gate90d_range_box_slots_cost_clamped_v0,0.240255,0.240255,0.720766,true,0.060064,,2,0,2,8C6A1DBEA14F0C9CB393B5453A64E92CAAA41D4CC15B199268CB8BA27EB51A39
2022-01-24T00:00:00.000Z|GBPNZD|ny|2022-01-27,2022-01-24T00:00:00.000Z,GBPNZD,LONG,ny|2022-01-27,NY,2022-01-27T00:00:00.000Z,2022-01-27T13:00:00.000Z,2022-01-27T13:00:00.000Z,2022-01-27T21:00:00.000Z,1.199168,0.103448,1.33482,1.196467,low,0.6,true,expanded,harvestable_chop_candidate,true,gate90d_range_box_slots_cost_clamped_v0,0.399723,0.3,0.9,true,0.075,,0,0,0,C76704660AFAE47A72FD03C64BAE599EAE5C9C9C493D9F5B72909F0CBF666788
2022-01-24T00:00:00.000Z|GBPNZD|asia_london|2022-01-28,2022-01-24T00:00:00.000Z,GBPNZD,LONG,asia_london|2022-01-28,ASIA_LONDON,2022-01-27T13:00:00.000Z,2022-01-27T21:00:00.000Z,2022-01-28T00:00:00.000Z,2022-01-28T13:00:00.000Z,1.33482,0.091228,1.419829,1.196467,low,0.6,true,expanded,harvestable_chop_candidate,true,gate90d_range_box_slots_cost_clamped_v0,0.44494,0.3,0.9,true,0.075,,0,0,0,F651D3B7A573FB07074429A86AE656B008968C4EE3DC35D835C3B2546DFEE13D
2022-01-24T00:00:00.000Z|GBPNZD|ny|2022-01-28,2022-01-24T00:00:00.000Z,GBPNZD,LONG,ny|2022-01-28,NY,2022-01-28T00:00:00.000Z,2022-01-28T13:00:00.000Z,2022-01-28T13:00:00.000Z,2022-01-28T21:00:00.000Z,1.419829,0.03322,0.680975,1.196467,low,0.6,true,expanded,harvestable_chop_candidate,true,gate90d_range_box_slots_cost_clamped_v0,0.473276,0.3,0.9,true,0.075,,1,0,1,441B4AB42F5199B1CA920FA6AF659C5E4E2C2EFB257C17731DD4E789DE1C3FB9
2022-01-24T00:00:00.000Z|GBPUSD|ny|2022-01-24,2022-01-24T00:00:00.000Z,GBPUSD,SHORT,ny|2022-01-24,NY,2022-01-24T00:00:00.000Z,2022-01-24T13:00:00.000Z,2022-01-24T13:00:00.000Z,2022-01-24T21:00:00.000Z,1.151863,0.010265,0.66984,0.954592,low,0.6,true,normal,harvestable_chop_candidate,true,gate90d_range_box_slots_cost_clamped_v0,0.383954,0.3,0.9,true,0.075,,1,1,0,964D18B9DC0112C8B4774F534D9476522AB5D9D30B34154C36EA002DA2456302
2022-01-24T00:00:00.000Z|GBPUSD|asia_london|2022-01-25,2022-01-24T00:00:00.000Z,GBPUSD,SHORT,asia_london|2022-01-25,ASIA_LONDON,2022-01-24T13:00:00.000Z,2022-01-24T21:00:00.000Z,2022-01-25T00:00:00.000Z,2022-01-25T13:00:00.000Z,0.66984,0.044343,0.788048,0.954592,low,0.6,true,normal,harvestable_chop_candidate,true,gate90d_range_box_slots_cost_clamped_v0,0.22328,0.22328,0.66984,true,0.05582,,0,0,0,1D4F4240BCFCA45E6F5935BD9FC7AA0DD66236E58FDDFE9937D2DA4F02908D5A
2022-01-24T00:00:00.000Z|GBPUSD|ny|2022-01-25,2022-01-24T00:00:00.000Z,GBPUSD,SHORT,ny|2022-01-25,NY,2022-01-25T00:00:00.000Z,2022-01-25T13:00:00.000Z,2022-01-25T13:00:00.000Z,2022-01-25T21:00:00.000Z,0.788048,0.098053,0.853718,0.954592,low,0.6,true,normal,harvestable_chop_candidate,true,gate90d_range_box_slots_cost_clamped_v0,0.262683,0.262683,0.788048,true,0.065671,,0,0,0,0EEF6AA50FD2951287103AC1C4D2CBB151F4489D91C5C58193BE0B3DCBB0913F
2022-01-24T00:00:00.000Z|GBPUSD|asia_london|2022-01-26,2022-01-24T00:00:00.000Z,GBPUSD,SHORT,asia_london|2022-01-26,ASIA_LONDON,2022-01-25T13:00:00.000Z,2022-01-25T21:00:00.000Z,2022-01-26T00:00:00.000Z,2022-01-26T13:00:00.000Z,0.853718,0.009603,0.394024,0.954592,low,0.6,true,normal,harvestable_chop_candidate,true,gate90d_range_box_slots_cost_clamped_v0,0.284573,0.284573,0.853718,true,0.071143,,0,0,0,6D0DBD5129E4D5154067A9C11110D217CDE23C51C39D0C675C3E02AC39BF91B3
2022-01-24T00:00:00.000Z|GBPUSD|ny|2022-01-26,2022-01-24T00:00:00.000Z,GBPUSD,SHORT,ny|2022-01-26,NY,2022-01-26T00:00:00.000Z,2022-01-26T13:00:00.000Z,2022-01-26T13:00:00.000Z,2022-01-26T21:00:00.000Z,0.394024,0.066683,1.050729,0.954592,low,0.6,false,normal,dead_chop_cost_churn,false,gate90d_range_box_slots_cost_clamped_v0,0.131341,0.2,0.6,false,0.05,,2,2,0,F6AFFBFF63D9253D522B1DDC6A380C682181CA9C20A920BFD358806E4C106355
2022-01-24T00:00:00.000Z|GBPUSD|asia_london|2022-01-27,2022-01-24T00:00:00.000Z,GBPUSD,SHORT,asia_london|2022-01-27,ASIA_LONDON,2022-01-26T13:00:00.000Z,2022-01-26T21:00:00.000Z,2022-01-27T00:00:00.000Z,2022-01-27T13:00:00.000Z,1.050729,0.095287,1.210966,0.954592,low,0.6,true,normal,harvestable_chop_candidate,true,gate90d_range_box_slots_cost_clamped_v0,0.350243,0.3,0.9,true,0.075,,0,0,0,2F40EC3219B78A8FC5A4CD5824BA897E138B78AA16E4C56742BF4459E885F929
2022-01-24T00:00:00.000Z|GBPUSD|ny|2022-01-27,2022-01-24T00:00:00.000Z,GBPUSD,SHORT,ny|2022-01-27,NY,2022-01-27T00:00:00.000Z,2022-01-27T13:00:00.000Z,2022-01-27T13:00:00.000Z,2022-01-27T21:00:00.000Z,1.210966,0.015154,0.639632,0.954592,low,0.6,true,normal,harvestable_chop_candidate,true,gate90d_range_box_slots_cost_clamped_v0,0.403655,0.3,0.9,true,0.075,,2,2,0,027FFBD0B2C34E356EEF47C113DB21F874B86EB55F86EA4E45B221E54C8B613E
2022-01-24T00:00:00.000Z|GBPUSD|asia_london|2022-01-28,2022-01-24T00:00:00.000Z,GBPUSD,SHORT,asia_london|2022-01-28,ASIA_LONDON,2022-01-27T13:00:00.000Z,2022-01-27T21:00:00.000Z,2022-01-28T00:00:00.000Z,2022-01-28T13:00:00.000Z,0.639632,0.013499,0.659333,0.954592,low,0.6,true,normal,harvestable_chop_candidate,true,gate90d_range_box_slots_cost_clamped_v0,0.213211,0.213211,0.639632,true,0.053303,,0,0,0,52F5488F1B2223EBC755791C1E4C496E0686CCE62B50E2774DB49C9A6EAEF064
2022-01-24T00:00:00.000Z|GBPUSD|ny|2022-01-28,2022-01-24T00:00:00.000Z,GBPUSD,SHORT,ny|2022-01-28,NY,2022-01-28T00:00:00.000Z,2022-01-28T13:00:00.000Z,2022-01-28T13:00:00.000Z,2022-01-28T21:00:00.000Z,0.659333,0.114494,0.732884,0.954592,low,0.6,true,normal,harvestable_chop_candidate,true,gate90d_range_box_slots_cost_clamped_v0,0.219778,0.219778,0.659333,true,0.054944,,2,0,2,D1A04C15CC866E9C27FAAF3B608836F13C104F965ACE796D50839F1D4B4C8080
2022-01-24T00:00:00.000Z|NZDCAD|ny|2022-01-24,2022-01-24T00:00:00.000Z,NZDCAD,LONG,ny|2022-01-24,NY,2022-01-24T00:00:00.000Z,2022-01-24T13:00:00.000Z,2022-01-24T13:00:00.000Z,2022-01-24T21:00:00.000Z,0.368925,0.050894,0.568445,1.077084,low,0.6,false,normal,dead_chop_cost_churn,false,gate90d_range_box_slots_cost_clamped_v0,0.122975,0.2,0.6,false,0.05,,0,0,0,2DEB26B37EA7266C465DD6C048A555293B7964291F8C932942288462D98BB1F9
2022-01-24T00:00:00.000Z|NZDCAD|asia_london|2022-01-25,2022-01-24T00:00:00.000Z,NZDCAD,LONG,asia_london|2022-01-25,ASIA_LONDON,2022-01-24T13:00:00.000Z,2022-01-24T21:00:00.000Z,2022-01-25T00:00:00.000Z,2022-01-25T13:00:00.000Z,0.568445,0.069042,0.824434,1.077084,low,0.6,false,normal,dead_chop_cost_churn,false,gate90d_range_box_slots_cost_clamped_v0,0.189482,0.2,0.6,false,0.05,,0,0,0,BC0EDE2539324B8C44DA6D6209792F9BE99F9B674812422BA8570AF1F0FCFF1C
2022-01-24T00:00:00.000Z|NZDCAD|ny|2022-01-25,2022-01-24T00:00:00.000Z,NZDCAD,LONG,ny|2022-01-25,NY,2022-01-25T00:00:00.000Z,2022-01-25T13:00:00.000Z,2022-01-25T13:00:00.000Z,2022-01-25T21:00:00.000Z,0.824434,0.037404,0.493155,1.077084,low,0.6,true,normal,harvestable_chop_candidate,true,gate90d_range_box_slots_cost_clamped_v0,0.274811,0.274811,0.824434,true,0.068703,,0,0,0,B5DDB0A1347F6E03B1D768160545A1A20903FE554C680B92251432E035F1307F
2022-01-24T00:00:00.000Z|NZDCAD|asia_london|2022-01-26,2022-01-24T00:00:00.000Z,NZDCAD,LONG,asia_london|2022-01-26,ASIA_LONDON,2022-01-25T13:00:00.000Z,2022-01-25T21:00:00.000Z,2022-01-26T00:00:00.000Z,2022-01-26T13:00:00.000Z,0.493155,0.080512,0.809376,1.077084,low,0.6,false,normal,dead_chop_cost_churn,false,gate90d_range_box_slots_cost_clamped_v0,0.164385,0.2,0.6,false,0.05,,0,0,0,1B6E9BF35DB6BBB99A4FD8BD269CF061E2D8493DC89CE434A13B13448B56244D
2022-01-24T00:00:00.000Z|NZDCAD|ny|2022-01-26,2022-01-24T00:00:00.000Z,NZDCAD,LONG,ny|2022-01-26,NY,2022-01-26T00:00:00.000Z,2022-01-26T13:00:00.000Z,2022-01-26T13:00:00.000Z,2022-01-26T21:00:00.000Z,0.809376,0.048507,0.873373,1.077084,low,0.6,true,normal,harvestable_chop_candidate,true,gate90d_range_box_slots_cost_clamped_v0,0.269792,0.269792,0.809376,true,0.067448,,0,0,0,212B4C82E12FFAC53E523673A1521FA2349057935E154CC3456718CEC50BEDDF
2022-01-24T00:00:00.000Z|NZDCAD|asia_london|2022-01-27,2022-01-24T00:00:00.000Z,NZDCAD,LONG,asia_london|2022-01-27,ASIA_LONDON,2022-01-26T13:00:00.000Z,2022-01-26T21:00:00.000Z,2022-01-27T00:00:00.000Z,2022-01-27T13:00:00.000Z,0.873373,0.051106,0.873373,1.077084,low,0.6,true,normal,harvestable_chop_candidate,true,gate90d_range_box_slots_cost_clamped_v0,0.291124,0.291124,0.873373,true,0.072781,,0,0,0,A049BF68C417F683856EB2DC652D0F5DC4F0E4DC2C528173955BFE50DFA4BBB0
2022-01-24T00:00:00.000Z|NZDCAD|ny|2022-01-27,2022-01-24T00:00:00.000Z,NZDCAD,LONG,ny|2022-01-27,NY,2022-01-27T00:00:00.000Z,2022-01-27T13:00:00.000Z,2022-01-27T13:00:00.000Z,2022-01-27T21:00:00.000Z,0.873373,0.03871,0.534564,1.077084,low,0.6,true,normal,harvestable_chop_candidate,true,gate90d_range_box_slots_cost_clamped_v0,0.291124,0.291124,0.873373,true,0.072781,,0,0,0,0655EA66AE11C34CD27CC2F3AAD1584CFD42F6A5E84BB21543B3ED0F8C697563
2022-01-24T00:00:00.000Z|NZDCAD|asia_london|2022-01-28,2022-01-24T00:00:00.000Z,NZDCAD,LONG,asia_london|2022-01-28,ASIA_LONDON,2022-01-27T13:00:00.000Z,2022-01-27T21:00:00.000Z,2022-01-28T00:00:00.000Z,2022-01-28T13:00:00.000Z,0.534564,0.059909,0.651265,1.077084,low,0.6,false,normal,dead_chop_cost_churn,false,gate90d_range_box_slots_cost_clamped_v0,0.178188,0.2,0.6,false,0.05,,0,0,0,DED8FFAACDC123943EF9B5B7D1CC8D983B4173C89B931626BA9504442A1B53C1
2022-01-24T00:00:00.000Z|NZDCAD|ny|2022-01-28,2022-01-24T00:00:00.000Z,NZDCAD,LONG,ny|2022-01-28,NY,2022-01-28T00:00:00.000Z,2022-01-28T13:00:00.000Z,2022-01-28T13:00:00.000Z,2022-01-28T21:00:00.000Z,0.651265,0.065066,0.566563,1.077084,low,0.6,true,normal,harvestable_chop_candidate,true,gate90d_range_box_slots_cost_clamped_v0,0.217088,0.217088,0.651265,true,0.054272,,0,0,0,22424D6DB19BC7ECC81C224B943791AAEC80F58D014E07463B22FBBA85870690
2022-01-24T00:00:00.000Z|NZDCHF|ny|2022-01-24,2022-01-24T00:00:00.000Z,NZDCHF,LONG,ny|2022-01-24,NY,2022-01-24T00:00:00.000Z,2022-01-24T13:00:00.000Z,2022-01-24T13:00:00.000Z,2022-01-24T21:00:00.000Z,1.241368,0.061187,0.952847,1.100864,low,0.6,true,expanded,harvestable_chop_candidate,true,gate90d_range_box_slots_cost_clamped_v0,0.413789,0.3,0.9,true,0.075,,0,0,0,23E5A818CB7E4C454D0EB2F855B5D90825C1B6805E77C926699105D9958206B5
2022-01-24T00:00:00.000Z|NZDCHF|asia_london|2022-01-25,2022-01-24T00:00:00.000Z,NZDCHF,LONG,asia_london|2022-01-25,ASIA_LONDON,2022-01-24T13:00:00.000Z,2022-01-24T21:00:00.000Z,2022-01-25T00:00:00.000Z,2022-01-25T13:00:00.000Z,0.952847,0.002536,1.076499,1.100864,low,0.6,true,expanded,harvestable_chop_candidate,true,gate90d_range_box_slots_cost_clamped_v0,0.317616,0.3,0.9,true,0.075,,1,0,1,0818506B4AA9EB517989869E7238C31051B3324E1958BCADF222A0EAC8B1C7D6
2022-01-24T00:00:00.000Z|NZDCHF|ny|2022-01-25,2022-01-24T00:00:00.000Z,NZDCHF,LONG,ny|2022-01-25,NY,2022-01-25T00:00:00.000Z,2022-01-25T13:00:00.000Z,2022-01-25T13:00:00.000Z,2022-01-25T21:00:00.000Z,1.076499,0.029332,0.945573,1.100864,low,0.6,true,expanded,harvestable_chop_candidate,true,gate90d_range_box_slots_cost_clamped_v0,0.358833,0.3,0.9,true,0.075,,0,0,0,2DDDA4B1E8013A30C5467D7D0147947D53E0EB268F5E9BDF791EA63DF1575467
2022-01-24T00:00:00.000Z|NZDCHF|asia_london|2022-01-26,2022-01-24T00:00:00.000Z,NZDCHF,LONG,asia_london|2022-01-26,ASIA_LONDON,2022-01-25T13:00:00.000Z,2022-01-25T21:00:00.000Z,2022-01-26T00:00:00.000Z,2022-01-26T13:00:00.000Z,0.945573,0.035971,0.96497,1.100864,low,0.6,true,expanded,harvestable_chop_candidate,true,gate90d_range_box_slots_cost_clamped_v0,0.315191,0.3,0.9,true,0.075,,0,0,0,C2ACB4096AAEED3722177F43DEA2B1248E8C6A9001901DFEF6507F6E6282B6A1
2022-01-24T00:00:00.000Z|NZDCHF|ny|2022-01-26,2022-01-24T00:00:00.000Z,NZDCHF,LONG,ny|2022-01-26,NY,2022-01-26T00:00:00.000Z,2022-01-26T13:00:00.000Z,2022-01-26T13:00:00.000Z,2022-01-26T21:00:00.000Z,0.96497,0.025234,0.814648,1.100864,low,0.6,true,expanded,harvestable_chop_candidate,true,gate90d_range_box_slots_cost_clamped_v0,0.321657,0.3,0.9,true,0.075,,1,0,1,4385BA21951598D6D74F8856D04A87DAC01EA55CACCB31869450F77892590E8B
2022-01-24T00:00:00.000Z|NZDCHF|asia_london|2022-01-27,2022-01-24T00:00:00.000Z,NZDCHF,LONG,asia_london|2022-01-27,ASIA_LONDON,2022-01-26T13:00:00.000Z,2022-01-26T21:00:00.000Z,2022-01-27T00:00:00.000Z,2022-01-27T13:00:00.000Z,0.814648,0.004795,1.464426,1.100864,low,0.6,true,expanded,harvestable_chop_candidate,true,gate90d_range_box_slots_cost_clamped_v0,0.271549,0.271549,0.814648,true,0.067887,,0,0,0,1316D65E736294B401809CADB08056B6031DE124C2FAB2F977792F1DA6C2E974
2022-01-24T00:00:00.000Z|NZDCHF|ny|2022-01-27,2022-01-24T00:00:00.000Z,NZDCHF,LONG,ny|2022-01-27,NY,2022-01-27T00:00:00.000Z,2022-01-27T13:00:00.000Z,2022-01-27T13:00:00.000Z,2022-01-27T21:00:00.000Z,1.464426,0.07996,1.202575,1.100864,low,0.6,true,expanded,harvestable_chop_candidate,true,gate90d_range_box_slots_cost_clamped_v0,0.488142,0.3,0.9,true,0.075,,2,0,2,039D7677A880B42EA076FF39D95DA2B2A49B2D6CE3650E1129C0D649AFD96649
2022-01-24T00:00:00.000Z|NZDCHF|asia_london|2022-01-28,2022-01-24T00:00:00.000Z,NZDCHF,LONG,asia_london|2022-01-28,ASIA_LONDON,2022-01-27T13:00:00.000Z,2022-01-27T21:00:00.000Z,2022-01-28T00:00:00.000Z,2022-01-28T13:00:00.000Z,1.202575,0.060455,1.047405,1.100864,low,0.6,true,expanded,harvestable_chop_candidate,true,gate90d_range_box_slots_cost_clamped_v0,0.400858,0.3,0.9,true,0.075,,0,0,0,E899E967CC42AFBEFF0014FDB18AED8F0341B806B85A6DA61DF5CFE5C395B50A
2022-01-24T00:00:00.000Z|NZDCHF|ny|2022-01-28,2022-01-24T00:00:00.000Z,NZDCHF,LONG,ny|2022-01-28,NY,2022-01-28T00:00:00.000Z,2022-01-28T13:00:00.000Z,2022-01-28T13:00:00.000Z,2022-01-28T21:00:00.000Z,1.047405,0.022339,0.475211,1.100864,low,0.6,true,expanded,harvestable_chop_candidate,true,gate90d_range_box_slots_cost_clamped_v0,0.349135,0.3,0.9,true,0.075,,0,0,0,8C6611775E48CF6565506E4CE12174E662E3B068E480DFDAFFAC8B8D4D8D1AFA
2022-01-24T00:00:00.000Z|NZDJPY|ny|2022-01-24,2022-01-24T00:00:00.000Z,NZDJPY,LONG,ny|2022-01-24,NY,2022-01-24T00:00:00.000Z,2022-01-24T13:00:00.000Z,2022-01-24T13:00:00.000Z,2022-01-24T21:00:00.000Z,1.02599,0.032643,0.987872,1.036461,low,0.6,true,normal,harvestable_chop_candidate,true,gate90d_range_box_slots_cost_clamped_v0,0.341997,0.3,0.9,true,0.075,,1,1,0,D3167CDE1F25169B5F5B8E99E835196D9695B056A60464AB23110547E50797C5
2022-01-24T00:00:00.000Z|NZDJPY|asia_london|2022-01-25,2022-01-24T00:00:00.000Z,NZDJPY,LONG,asia_london|2022-01-25,ASIA_LONDON,2022-01-24T13:00:00.000Z,2022-01-24T21:00:00.000Z,2022-01-25T00:00:00.000Z,2022-01-25T13:00:00.000Z,0.987872,0.045924,1.056165,1.036461,low,0.6,true,normal,harvestable_chop_candidate,true,gate90d_range_box_slots_cost_clamped_v0,0.329291,0.3,0.9,true,0.075,,5,0,5,F3863AE53914BAB462555DEB31FA074DA9A9140481FDBA8D3459BD78B1B6580B
2022-01-24T00:00:00.000Z|NZDJPY|ny|2022-01-25,2022-01-24T00:00:00.000Z,NZDJPY,LONG,ny|2022-01-25,NY,2022-01-25T00:00:00.000Z,2022-01-25T13:00:00.000Z,2022-01-25T13:00:00.000Z,2022-01-25T21:00:00.000Z,1.056165,0.031359,0.832227,1.036461,low,0.6,true,normal,harvestable_chop_candidate,true,gate90d_range_box_slots_cost_clamped_v0,0.352055,0.3,0.9,true,0.075,,0,0,0,87A59146E321BAFBECD94EFD5F7784D02C73CF6E7A65E8677ED005C96B6D91E1
2022-01-24T00:00:00.000Z|NZDJPY|asia_london|2022-01-26,2022-01-24T00:00:00.000Z,NZDJPY,LONG,asia_london|2022-01-26,ASIA_LONDON,2022-01-25T13:00:00.000Z,2022-01-25T21:00:00.000Z,2022-01-26T00:00:00.000Z,2022-01-26T13:00:00.000Z,0.832227,0.027159,0.779816,1.036461,low,0.6,true,normal,harvestable_chop_candidate,true,gate90d_range_box_slots_cost_clamped_v0,0.277409,0.277409,0.832227,true,0.069352,,0,0,0,5AB1FA1C95812D6DFB695FCEEEC724F45B748F7872DE95DFD3FAA4E52E46D72D
2022-01-24T00:00:00.000Z|NZDJPY|ny|2022-01-26,2022-01-24T00:00:00.000Z,NZDJPY,LONG,ny|2022-01-26,NY,2022-01-26T00:00:00.000Z,2022-01-26T13:00:00.000Z,2022-01-26T13:00:00.000Z,2022-01-26T21:00:00.000Z,0.779816,0.022271,1.076812,1.036461,low,0.6,true,normal,harvestable_chop_candidate,true,gate90d_range_box_slots_cost_clamped_v0,0.259939,0.259939,0.779816,true,0.064985,,3,0,3,15EBAACCB919E7D30CD08F6A150C07141963B7CA8997C9EA7380D541AD5A35BB
2022-01-24T00:00:00.000Z|NZDJPY|asia_london|2022-01-27,2022-01-24T00:00:00.000Z,NZDJPY,LONG,asia_london|2022-01-27,ASIA_LONDON,2022-01-26T13:00:00.000Z,2022-01-26T21:00:00.000Z,2022-01-27T00:00:00.000Z,2022-01-27T13:00:00.000Z,1.076812,0.014359,1.22134,1.036461,low,0.6,true,normal,harvestable_chop_candidate,true,gate90d_range_box_slots_cost_clamped_v0,0.358937,0.3,0.9,true,0.075,,0,0,0,B5B7D7E8C1851EC6D727F3D115B69314D6D0B8035B775A0C6235D700606A7400
2022-01-24T00:00:00.000Z|NZDJPY|ny|2022-01-27,2022-01-24T00:00:00.000Z,NZDJPY,LONG,ny|2022-01-27,NY,2022-01-27T00:00:00.000Z,2022-01-27T13:00:00.000Z,2022-01-27T13:00:00.000Z,2022-01-27T21:00:00.000Z,1.22134,0.068568,1.11493,1.036461,low,0.6,true,normal,harvestable_chop_candidate,true,gate90d_range_box_slots_cost_clamped_v0,0.407113,0.3,0.9,true,0.075,,0,0,0,EF06CCF3F45C233A8BA5E77F2E65001D74E2E2386A6D13FF4B57A3693C83D91E
2022-01-24T00:00:00.000Z|NZDJPY|asia_london|2022-01-28,2022-01-24T00:00:00.000Z,NZDJPY,LONG,asia_london|2022-01-28,ASIA_LONDON,2022-01-27T13:00:00.000Z,2022-01-27T21:00:00.000Z,2022-01-28T00:00:00.000Z,2022-01-28T13:00:00.000Z,1.11493,0.044898,0.844933,1.036461,low,0.6,true,normal,harvestable_chop_candidate,true,gate90d_range_box_slots_cost_clamped_v0,0.371643,0.3,0.9,true,0.075,,0,0,0,C8BD3D7773BDAFA2D0DCFCBD2F93F36D15E772704B254939D63355C12548D017
2022-01-24T00:00:00.000Z|NZDJPY|ny|2022-01-28,2022-01-24T00:00:00.000Z,NZDJPY,LONG,ny|2022-01-28,NY,2022-01-28T00:00:00.000Z,2022-01-28T13:00:00.000Z,2022-01-28T13:00:00.000Z,2022-01-28T21:00:00.000Z,0.844933,0.00704,0.431996,1.036461,low,0.6,true,normal,harvestable_chop_candidate,true,gate90d_range_box_slots_cost_clamped_v0,0.281644,0.281644,0.844933,true,0.070411,,0,0,0,5F9A01DEAC6E12B8C9FE18341A0D10522E794060411B3B818F41D43840D172B3
2022-01-24T00:00:00.000Z|NZDUSD|ny|2022-01-24,2022-01-24T00:00:00.000Z,NZDUSD,LONG,ny|2022-01-24,NY,2022-01-24T00:00:00.000Z,2022-01-24T13:00:00.000Z,2022-01-24T13:00:00.000Z,2022-01-24T21:00:00.000Z,0.758265,0.021766,0.720178,0.981173,low,0.6,true,normal,harvestable_chop_candidate,true,gate90d_range_box_slots_cost_clamped_v0,0.252755,0.252755,0.758265,true,0.063189,,0,0,0,0339F4FBB633A1D5AF86D511401D3E74CBA49348B27F60AB29EF1F7A3ED0DB30
2022-01-24T00:00:00.000Z|NZDUSD|asia_london|2022-01-25,2022-01-24T00:00:00.000Z,NZDUSD,LONG,asia_london|2022-01-25,ASIA_LONDON,2022-01-24T13:00:00.000Z,2022-01-24T21:00:00.000Z,2022-01-25T00:00:00.000Z,2022-01-25T13:00:00.000Z,0.720178,0.064718,0.843093,0.981173,low,0.6,true,normal,harvestable_chop_candidate,true,gate90d_range_box_slots_cost_clamped_v0,0.240059,0.240059,0.720178,true,0.060015,,0,0,0,80F6FD34DC2522C9D03FCD7BD8CF44D86212CD37D46DF836EEB140000E87D73C
2022-01-24T00:00:00.000Z|NZDUSD|ny|2022-01-25,2022-01-24T00:00:00.000Z,NZDUSD,LONG,ny|2022-01-25,NY,2022-01-25T00:00:00.000Z,2022-01-25T13:00:00.000Z,2022-01-25T13:00:00.000Z,2022-01-25T21:00:00.000Z,0.843093,0.063086,0.675167,0.981173,low,0.6,true,normal,harvestable_chop_candidate,true,gate90d_range_box_slots_cost_clamped_v0,0.281031,0.281031,0.843093,true,0.070258,,0,0,0,B0E387A01474B0624F8A43E4F329ED5FD29EAB5E07EA941BEE61E77AF07E3153
2022-01-24T00:00:00.000Z|NZDUSD|asia_london|2022-01-26,2022-01-24T00:00:00.000Z,NZDUSD,LONG,asia_london|2022-01-26,ASIA_LONDON,2022-01-25T13:00:00.000Z,2022-01-25T21:00:00.000Z,2022-01-26T00:00:00.000Z,2022-01-26T13:00:00.000Z,0.675167,0.002778,0.356627,0.981173,low,0.6,true,normal,harvestable_chop_candidate,true,gate90d_range_box_slots_cost_clamped_v0,0.225056,0.225056,0.675167,true,0.056264,,0,0,0,73ACF5E3D5E899B189661F06F8CE419491FBBC9DA50DC9F03BDA9A8319221F0B
2022-01-24T00:00:00.000Z|NZDUSD|ny|2022-01-26,2022-01-24T00:00:00.000Z,NZDUSD,LONG,ny|2022-01-26,NY,2022-01-26T00:00:00.000Z,2022-01-26T13:00:00.000Z,2022-01-26T13:00:00.000Z,2022-01-26T21:00:00.000Z,0.356627,0.067494,1.113159,0.981173,low,0.6,false,normal,dead_chop_cost_churn,false,gate90d_range_box_slots_cost_clamped_v0,0.118876,0.2,0.6,false,0.05,,3,2,1,C0D155CA5BAFAFEFD67EEC054AC97B70C340C6B28B52128AB34B216F3C2B8CD1
2022-01-24T00:00:00.000Z|NZDUSD|asia_london|2022-01-27,2022-01-24T00:00:00.000Z,NZDUSD,LONG,asia_london|2022-01-27,ASIA_LONDON,2022-01-26T13:00:00.000Z,2022-01-26T21:00:00.000Z,2022-01-27T00:00:00.000Z,2022-01-27T13:00:00.000Z,1.113159,0.069663,1.125278,0.981173,low,0.6,true,normal,harvestable_chop_candidate,true,gate90d_range_box_slots_cost_clamped_v0,0.371053,0.3,0.9,true,0.075,,0,0,0,8C0C3AE42CA76260F0726E7DA4511B2EFA815FF5842E8882DEFEF1DD65374023
2022-01-24T00:00:00.000Z|NZDUSD|ny|2022-01-27,2022-01-24T00:00:00.000Z,NZDUSD,LONG,ny|2022-01-27,NY,2022-01-27T00:00:00.000Z,2022-01-27T13:00:00.000Z,2022-01-27T13:00:00.000Z,2022-01-27T21:00:00.000Z,1.125278,0.075526,0.98332,0.981173,low,0.6,true,normal,harvestable_chop_candidate,true,gate90d_range_box_slots_cost_clamped_v0,0.375093,0.3,0.9,true,0.075,,1,1,0,B2F5A120B5CA7B52DEF989FC0D98B6E1C203C45F3B25BA557068BCA7BE10B81F
2022-01-24T00:00:00.000Z|NZDUSD|asia_london|2022-01-28,2022-01-24T00:00:00.000Z,NZDUSD,LONG,asia_london|2022-01-28,ASIA_LONDON,2022-01-27T13:00:00.000Z,2022-01-27T21:00:00.000Z,2022-01-28T00:00:00.000Z,2022-01-28T13:00:00.000Z,0.98332,0.07839,0.96947,0.981173,low,0.6,true,normal,harvestable_chop_candidate,true,gate90d_range_box_slots_cost_clamped_v0,0.327773,0.3,0.9,true,0.075,,0,0,0,B8CCEDAA89E89B669917EE00F11E1BF6540E7BBF1F576681E5F7CB94CC1B508B
2022-01-24T00:00:00.000Z|NZDUSD|ny|2022-01-28,2022-01-24T00:00:00.000Z,NZDUSD,LONG,ny|2022-01-28,NY,2022-01-28T00:00:00.000Z,2022-01-28T13:00:00.000Z,2022-01-28T13:00:00.000Z,2022-01-28T21:00:00.000Z,0.96947,0.089051,0.604188,0.981173,low,0.6,true,normal,harvestable_chop_candidate,true,gate90d_range_box_slots_cost_clamped_v0,0.323157,0.3,0.9,true,0.075,,0,0,0,E96EBB6F59FD957AC69B1651B26FC551705ECC547762167C97BC99E3F1D6E403
2022-01-24T00:00:00.000Z|USDCAD|ny|2022-01-24,2022-01-24T00:00:00.000Z,USDCAD,LONG,ny|2022-01-24,NY,2022-01-24T00:00:00.000Z,2022-01-24T13:00:00.000Z,2022-01-24T13:00:00.000Z,2022-01-24T21:00:00.000Z,0.795963,0.013176,0.976138,0.935364,low,0.6,true,normal,harvestable_chop_candidate,true,gate90d_range_box_slots_cost_clamped_v0,0.265321,0.265321,0.795963,true,0.06633,,0,0,0,C117B29EB1CD9BC78D7D19EAA77A72F94223BFB93ACC2BBD039660DB5D88A6DB
2022-01-24T00:00:00.000Z|USDCAD|asia_london|2022-01-25,2022-01-24T00:00:00.000Z,USDCAD,LONG,asia_london|2022-01-25,ASIA_LONDON,2022-01-24T13:00:00.000Z,2022-01-24T21:00:00.000Z,2022-01-25T00:00:00.000Z,2022-01-25T13:00:00.000Z,0.976138,0.020291,0.453859,0.935364,low,0.6,true,normal,harvestable_chop_candidate,true,gate90d_range_box_slots_cost_clamped_v0,0.325379,0.3,0.9,true,0.075,,0,0,0,2A3D844F5AD78499351CD8E5FC2333ECBE501ECA1880606865614EDD3BC7C7A2
2022-01-24T00:00:00.000Z|USDCAD|ny|2022-01-25,2022-01-24T00:00:00.000Z,USDCAD,LONG,ny|2022-01-25,NY,2022-01-25T00:00:00.000Z,2022-01-25T13:00:00.000Z,2022-01-25T13:00:00.000Z,2022-01-25T21:00:00.000Z,0.453859,0.036158,0.823331,0.935364,low,0.6,false,normal,dead_chop_cost_churn,false,gate90d_range_box_slots_cost_clamped_v0,0.151286,0.2,0.6,false,0.05,,1,0,1,517D8A83D3955CC207C4D4219554DD834EE5CFC9ACA35BB80CDF9C24AF20D688
2022-01-24T00:00:00.000Z|USDCAD|asia_london|2022-01-26,2022-01-24T00:00:00.000Z,USDCAD,LONG,asia_london|2022-01-26,ASIA_LONDON,2022-01-25T13:00:00.000Z,2022-01-25T21:00:00.000Z,2022-01-26T00:00:00.000Z,2022-01-26T13:00:00.000Z,0.823331,0.073014,0.809647,0.935364,low,0.6,true,normal,harvestable_chop_candidate,true,gate90d_range_box_slots_cost_clamped_v0,0.274444,0.274444,0.823331,true,0.068611,,0,0,0,A24C619C609E17228C2F282DFDF8A4D9725588589CA31538F55C5BC943391CE7
2022-01-24T00:00:00.000Z|USDCAD|ny|2022-01-26,2022-01-24T00:00:00.000Z,USDCAD,LONG,ny|2022-01-26,NY,2022-01-26T00:00:00.000Z,2022-01-26T13:00:00.000Z,2022-01-26T13:00:00.000Z,2022-01-26T21:00:00.000Z,0.809647,0.094098,1.452803,0.935364,low,0.6,true,normal,harvestable_chop_candidate,true,gate90d_range_box_slots_cost_clamped_v0,0.269882,0.269882,0.809647,true,0.067471,,4,0,4,8AB14244D9FBC276A3F39B41E7212E6E2A00105C4A41FB791DA0D91BCFE20D42
2022-01-24T00:00:00.000Z|USDCAD|asia_london|2022-01-27,2022-01-24T00:00:00.000Z,USDCAD,LONG,asia_london|2022-01-27,ASIA_LONDON,2022-01-26T13:00:00.000Z,2022-01-26T21:00:00.000Z,2022-01-27T00:00:00.000Z,2022-01-27T13:00:00.000Z,1.452803,0.038728,0.810788,0.935364,low,0.6,true,normal,harvestable_chop_candidate,true,gate90d_range_box_slots_cost_clamped_v0,0.484268,0.3,0.9,true,0.075,,0,0,0,B55C98957F433ADEBF6D1F5E9EE5FDDC83228795430ACAC0C1F8CFCF648894F8
2022-01-24T00:00:00.000Z|USDCAD|ny|2022-01-27,2022-01-24T00:00:00.000Z,USDCAD,LONG,ny|2022-01-27,NY,2022-01-27T00:00:00.000Z,2022-01-27T13:00:00.000Z,2022-01-27T13:00:00.000Z,2022-01-27T21:00:00.000Z,0.810788,0.054255,1.097014,0.935364,low,0.6,true,normal,harvestable_chop_candidate,true,gate90d_range_box_slots_cost_clamped_v0,0.270263,0.270263,0.810788,true,0.067566,,0,0,0,791E44B26EA7F5E5C73CDB66405F04C8F03A0C66A1678160FD12BC1F3E2523BD
2022-01-24T00:00:00.000Z|USDCAD|asia_london|2022-01-28,2022-01-24T00:00:00.000Z,USDCAD,LONG,asia_london|2022-01-28,ASIA_LONDON,2022-01-27T13:00:00.000Z,2022-01-27T21:00:00.000Z,2022-01-28T00:00:00.000Z,2022-01-28T13:00:00.000Z,1.097014,0.053784,0.956752,0.935364,low,0.6,true,normal,harvestable_chop_candidate,true,gate90d_range_box_slots_cost_clamped_v0,0.365671,0.3,0.9,true,0.075,,0,0,0,12CD4DF0EF94F46B056CD64CBED8A7ED9C643294BAED1E01EACE7B4FF440B30B
2022-01-24T00:00:00.000Z|USDCAD|ny|2022-01-28,2022-01-24T00:00:00.000Z,USDCAD,LONG,ny|2022-01-28,NY,2022-01-28T00:00:00.000Z,2022-01-28T13:00:00.000Z,2022-01-28T13:00:00.000Z,2022-01-28T21:00:00.000Z,0.956752,0.050126,0.513157,0.935364,low,0.6,true,normal,harvestable_chop_candidate,true,gate90d_range_box_slots_cost_clamped_v0,0.318917,0.3,0.9,true,0.075,,0,0,0,6A0EB40EF644F09495CA859AA88321356992A841DCC5403CE46D5997122ECC28
2022-01-24T00:00:00.000Z|USDCHF|ny|2022-01-24,2022-01-24T00:00:00.000Z,USDCHF,LONG,ny|2022-01-24,NY,2022-01-24T00:00:00.000Z,2022-01-24T13:00:00.000Z,2022-01-24T13:00:00.000Z,2022-01-24T21:00:00.000Z,0.640459,0.057585,0.779038,0.997824,low,0.6,true,normal,harvestable_chop_candidate,true,gate90d_range_box_slots_cost_clamped_v0,0.213486,0.213486,0.640459,true,0.053372,,1,0,1,80CA7DB6DDBA4C1BB22EC6265C7AD3A01BDC383D80B1C8CE217CCEF5B0A1A48B
2022-01-24T00:00:00.000Z|USDCHF|asia_london|2022-01-25,2022-01-24T00:00:00.000Z,USDCHF,LONG,asia_london|2022-01-25,ASIA_LONDON,2022-01-24T13:00:00.000Z,2022-01-24T21:00:00.000Z,2022-01-25T00:00:00.000Z,2022-01-25T13:00:00.000Z,0.779038,0.1217,1.17043,0.997824,low,0.6,true,normal,harvestable_chop_candidate,true,gate90d_range_box_slots_cost_clamped_v0,0.259679,0.259679,0.779038,true,0.06492,,0,0,0,C28A808047FD1DD0E5DEA8DFDDA94A2EBADAE74DA21150B5BA683A87179435C5
2022-01-24T00:00:00.000Z|USDCHF|ny|2022-01-25,2022-01-24T00:00:00.000Z,USDCHF,LONG,ny|2022-01-25,NY,2022-01-25T00:00:00.000Z,2022-01-25T13:00:00.000Z,2022-01-25T13:00:00.000Z,2022-01-25T21:00:00.000Z,1.17043,0.051231,0.423227,0.997824,low,0.6,true,normal,harvestable_chop_candidate,true,gate90d_range_box_slots_cost_clamped_v0,0.390143,0.3,0.9,true,0.075,,0,0,0,203CA8F524CAB5C20AA5A6A05A3B4BABA92DE6AED9ABB5F9E6E60AFAA04F74E2
2022-01-24T00:00:00.000Z|USDCHF|asia_london|2022-01-26,2022-01-24T00:00:00.000Z,USDCHF,LONG,asia_london|2022-01-26,ASIA_LONDON,2022-01-25T13:00:00.000Z,2022-01-25T21:00:00.000Z,2022-01-26T00:00:00.000Z,2022-01-26T13:00:00.000Z,0.423227,0.074158,0.662931,0.997824,low,0.6,false,normal,dead_chop_cost_churn,false,gate90d_range_box_slots_cost_clamped_v0,0.141076,0.2,0.6,false,0.05,,0,0,0,5956FD5DAA4347DD2D0FDC805C3551D083C90980E35850B6E1D0003364F8273F
2022-01-24T00:00:00.000Z|USDCHF|ny|2022-01-26,2022-01-24T00:00:00.000Z,USDCHF,LONG,ny|2022-01-26,NY,2022-01-26T00:00:00.000Z,2022-01-26T13:00:00.000Z,2022-01-26T13:00:00.000Z,2022-01-26T21:00:00.000Z,0.662931,0.0675,1.071177,0.997824,low,0.6,true,normal,harvestable_chop_candidate,true,gate90d_range_box_slots_cost_clamped_v0,0.220977,0.220977,0.662931,true,0.055244,,1,0,1,5D564BF0EDB6B59D3B1F8B2EE04A93328C33B718620C6F2A98B8F5DCC92C5317
2022-01-24T00:00:00.000Z|USDCHF|asia_london|2022-01-27,2022-01-24T00:00:00.000Z,USDCHF,LONG,asia_london|2022-01-27,ASIA_LONDON,2022-01-26T13:00:00.000Z,2022-01-26T21:00:00.000Z,2022-01-27T00:00:00.000Z,2022-01-27T13:00:00.000Z,1.071177,0.139357,1.378298,0.997824,low,0.6,true,normal,harvestable_chop_candidate,true,gate90d_range_box_slots_cost_clamped_v0,0.357059,0.3,0.9,true,0.075,,0,0,0,A654EA244E9D6F4F4100B4E7C380784FBA9BC773B9F4D3327A5CAFFF16E37825
2022-01-24T00:00:00.000Z|USDCHF|ny|2022-01-27,2022-01-24T00:00:00.000Z,USDCHF,LONG,ny|2022-01-27,NY,2022-01-27T00:00:00.000Z,2022-01-27T13:00:00.000Z,2022-01-27T13:00:00.000Z,2022-01-27T21:00:00.000Z,1.378298,0.008299,0.719112,0.997824,low,0.6,true,normal,harvestable_chop_candidate,true,gate90d_range_box_slots_cost_clamped_v0,0.459433,0.3,0.9,true,0.075,,1,0,1,AAC8FC80F1BCC5EF0086694C3ECD3FA07E6E9431FDB22F39EB5B4DBBC07CF6EF
2022-01-24T00:00:00.000Z|USDCHF|asia_london|2022-01-28,2022-01-24T00:00:00.000Z,USDCHF,LONG,asia_london|2022-01-28,ASIA_LONDON,2022-01-27T13:00:00.000Z,2022-01-27T21:00:00.000Z,2022-01-28T00:00:00.000Z,2022-01-28T13:00:00.000Z,0.719112,0.035427,0.610496,0.997824,low,0.6,true,normal,harvestable_chop_candidate,true,gate90d_range_box_slots_cost_clamped_v0,0.239704,0.239704,0.719112,true,0.059926,,0,0,0,0C4C7834DBE7313808A93B1A9CF6AD043A7E6F1BAF885E0230FBCABF6C0A6AFE
2022-01-24T00:00:00.000Z|USDCHF|ny|2022-01-28,2022-01-24T00:00:00.000Z,USDCHF,LONG,ny|2022-01-28,NY,2022-01-28T00:00:00.000Z,2022-01-28T13:00:00.000Z,2022-01-28T13:00:00.000Z,2022-01-28T21:00:00.000Z,0.610496,0.1,0.737839,0.997824,low,0.6,true,normal,harvestable_chop_candidate,true,gate90d_range_box_slots_cost_clamped_v0,0.203499,0.203499,0.610496,true,0.050875,,0,0,0,05E7615DC4D80254BAAA4326462D17E755AA128263F52DFBB705BFB6F7EB78B9
2022-01-24T00:00:00.000Z|USDJPY|ny|2022-01-24,2022-01-24T00:00:00.000Z,USDJPY,SHORT,ny|2022-01-24,NY,2022-01-24T00:00:00.000Z,2022-01-24T13:00:00.000Z,2022-01-24T13:00:00.000Z,2022-01-24T21:00:00.000Z,0.783184,0.032146,0.540659,0.847908,low,0.6,true,compressed,harvestable_chop_candidate,true,gate90d_range_box_slots_cost_clamped_v0,0.261061,0.261061,0.783184,true,0.065265,,0,0,0,4C3C2B6EF79F4C36BB24DDB1740594BBCFDD656FB3945DDA95371C18E8AD169F
2022-01-24T00:00:00.000Z|USDJPY|asia_london|2022-01-25,2022-01-24T00:00:00.000Z,USDJPY,SHORT,asia_london|2022-01-25,ASIA_LONDON,2022-01-24T13:00:00.000Z,2022-01-24T21:00:00.000Z,2022-01-25T00:00:00.000Z,2022-01-25T13:00:00.000Z,0.540659,0.002871,0.749199,0.847908,low,0.6,false,compressed,dead_chop_cost_churn,false,gate90d_range_box_slots_cost_clamped_v0,0.18022,0.2,0.6,false,0.05,,1,0,1,EF8A8DCA5453489719D4453631D8FB57CFBD50A05177AE738BF6ACECE6627D1B
2022-01-24T00:00:00.000Z|USDJPY|ny|2022-01-25,2022-01-24T00:00:00.000Z,USDJPY,SHORT,ny|2022-01-25,NY,2022-01-25T00:00:00.000Z,2022-01-25T13:00:00.000Z,2022-01-25T13:00:00.000Z,2022-01-25T21:00:00.000Z,0.749199,0.035128,0.432527,0.847908,low,0.6,true,compressed,harvestable_chop_candidate,true,gate90d_range_box_slots_cost_clamped_v0,0.249733,0.249733,0.749199,true,0.062433,,0,0,0,0541C8367483562543512B518B25EAF977F321AC2DDCFF47FD69B08937832291
2022-01-24T00:00:00.000Z|USDJPY|asia_london|2022-01-26,2022-01-24T00:00:00.000Z,USDJPY,SHORT,asia_london|2022-01-26,ASIA_LONDON,2022-01-25T13:00:00.000Z,2022-01-25T21:00:00.000Z,2022-01-26T00:00:00.000Z,2022-01-26T13:00:00.000Z,0.432527,0.067219,0.709036,0.847908,low,0.6,false,compressed,dead_chop_cost_churn,false,gate90d_range_box_slots_cost_clamped_v0,0.144176,0.2,0.6,false,0.05,,0,0,0,933F4A704070AF3EE0B1B2C82B7A3F5955F2FCC24F22D9E459237BA64137D9B6
2022-01-24T00:00:00.000Z|USDJPY|ny|2022-01-26,2022-01-24T00:00:00.000Z,USDJPY,SHORT,ny|2022-01-26,NY,2022-01-26T00:00:00.000Z,2022-01-26T13:00:00.000Z,2022-01-26T13:00:00.000Z,2022-01-26T21:00:00.000Z,0.709036,0.070412,0.790908,0.847908,low,0.6,true,compressed,harvestable_chop_candidate,true,gate90d_range_box_slots_cost_clamped_v0,0.236345,0.236345,0.709036,true,0.059086,,0,0,0,C95F2F9D93FBEB5138A9B40BA7BF90550EE6C3CB1FC327E99F42DEA62B6EB0B4
2022-01-24T00:00:00.000Z|USDJPY|asia_london|2022-01-27,2022-01-24T00:00:00.000Z,USDJPY,SHORT,asia_london|2022-01-27,ASIA_LONDON,2022-01-26T13:00:00.000Z,2022-01-26T21:00:00.000Z,2022-01-27T00:00:00.000Z,2022-01-27T13:00:00.000Z,0.790908,0.083658,1.350104,0.847908,low,0.6,true,compressed,harvestable_chop_candidate,true,gate90d_range_box_slots_cost_clamped_v0,0.263636,0.263636,0.790908,true,0.065909,,1,0,1,69D40E1154982C5B39A09E7EE0EF5A904A6D13DE3421FA8512B6F3BEB1B5C1D8
2022-01-24T00:00:00.000Z|USDJPY|ny|2022-01-27,2022-01-24T00:00:00.000Z,USDJPY,SHORT,ny|2022-01-27,NY,2022-01-27T00:00:00.000Z,2022-01-27T13:00:00.000Z,2022-01-27T13:00:00.000Z,2022-01-27T21:00:00.000Z,1.350104,0.00555,0.512854,0.847908,low,0.6,true,compressed,harvestable_chop_candidate,true,gate90d_range_box_slots_cost_clamped_v0,0.450035,0.3,0.9,true,0.075,,2,0,2,D445A21C00562B33A3C387650BE9C2D3593A3AD59B0C46C4FC02469875443B0B
2022-01-24T00:00:00.000Z|USDJPY|asia_london|2022-01-28,2022-01-24T00:00:00.000Z,USDJPY,SHORT,asia_london|2022-01-28,ASIA_LONDON,2022-01-27T13:00:00.000Z,2022-01-27T21:00:00.000Z,2022-01-28T00:00:00.000Z,2022-01-28T13:00:00.000Z,0.512854,0.044795,0.571554,0.847908,low,0.6,false,compressed,dead_chop_cost_churn,false,gate90d_range_box_slots_cost_clamped_v0,0.170951,0.2,0.6,false,0.05,,0,0,0,00F4D87A38E5E53EE2ACDEA2B0BEDAC84959C537D1B8170D8C0C22DC8C4774AD
2022-01-24T00:00:00.000Z|USDJPY|ny|2022-01-28,2022-01-24T00:00:00.000Z,USDJPY,SHORT,ny|2022-01-28,NY,2022-01-28T00:00:00.000Z,2022-01-28T13:00:00.000Z,2022-01-28T13:00:00.000Z,2022-01-28T21:00:00.000Z,0.571554,0.164521,0.837249,0.847908,low,0.6,false,compressed,dead_chop_cost_churn,false,gate90d_range_box_slots_cost_clamped_v0,0.190518,0.2,0.6,false,0.05,,3,3,0,8B2A55B95A43E61FFC72669DC1F4288E331BFB37C63FAF39D2A97778E41D8FF9
2022-01-31T00:00:00.000Z|AUDCAD|ny|2022-01-31,2022-01-31T00:00:00.000Z,AUDCAD,LONG,ny|2022-01-31,NY,2022-01-31T00:00:00.000Z,2022-01-31T13:00:00.000Z,2022-01-31T13:00:00.000Z,2022-01-31T21:00:00.000Z,1.184216,0.005313,1.233421,1.227448,low,0.6,true,expanded,harvestable_chop_candidate,true,gate90d_range_box_slots_cost_clamped_v0,0.394739,0.3,0.9,true,0.075,,2,0,2,9E9C27E63F3FEE1F2AACB91F4677BC3BE52E7491CEA2911CEC2B9B762C2AC09D
2022-01-31T00:00:00.000Z|AUDCAD|asia_london|2022-02-01,2022-01-31T00:00:00.000Z,AUDCAD,LONG,asia_london|2022-02-01,ASIA_LONDON,2022-01-31T13:00:00.000Z,2022-01-31T21:00:00.000Z,2022-02-01T00:00:00.000Z,2022-02-01T13:00:00.000Z,1.233421,0.033812,1.213739,1.227448,low,0.6,true,expanded,harvestable_chop_candidate,true,gate90d_range_box_slots_cost_clamped_v0,0.41114,0.3,0.9,true,0.075,,0,0,0,33C777C51DE705B9A802B499DF6B7B66C7D61A75955856084B5E0AD5BF9B9F6A
2022-01-31T00:00:00.000Z|AUDCAD|ny|2022-02-01,2022-01-31T00:00:00.000Z,AUDCAD,LONG,ny|2022-02-01,NY,2022-02-01T00:00:00.000Z,2022-02-01T13:00:00.000Z,2022-02-01T13:00:00.000Z,2022-02-01T21:00:00.000Z,1.213739,0.068172,0.761048,1.227448,low,0.6,true,expanded,harvestable_chop_candidate,true,gate90d_range_box_slots_cost_clamped_v0,0.40458,0.3,0.9,true,0.075,,3,0,3,3B41FBDBC461217CB46DD492B49730F7DC92417F0E0ED805CA3A85FF02CA28D4
2022-01-31T00:00:00.000Z|AUDCAD|asia_london|2022-02-02,2022-01-31T00:00:00.000Z,AUDCAD,LONG,asia_london|2022-02-02,ASIA_LONDON,2022-02-01T13:00:00.000Z,2022-02-01T21:00:00.000Z,2022-02-02T00:00:00.000Z,2022-02-02T13:00:00.000Z,0.761048,0.007431,0.506818,1.227448,low,0.6,true,expanded,harvestable_chop_candidate,true,gate90d_range_box_slots_cost_clamped_v0,0.253683,0.253683,0.761048,true,0.063421,,0,0,0,1C8B6F955ECFE0C6EAC1BE2942A1F64EDF6CB604D5333DFC177D56ECDE8F7319
2022-01-31T00:00:00.000Z|AUDCAD|ny|2022-02-02,2022-01-31T00:00:00.000Z,AUDCAD,LONG,ny|2022-02-02,NY,2022-02-02T00:00:00.000Z,2022-02-02T13:00:00.000Z,2022-02-02T13:00:00.000Z,2022-02-02T21:00:00.000Z,0.506818,0.035336,0.43629,1.227448,low,0.6,false,expanded,dead_chop_cost_churn,false,gate90d_range_box_slots_cost_clamped_v0,0.168939,0.2,0.6,false,0.05,,0,0,0,FC1D41B7A6067AF25369FBE80A94238DC40283122C7B1D17B7A250B71E657746
2022-01-31T00:00:00.000Z|AUDCAD|asia_london|2022-02-03,2022-01-31T00:00:00.000Z,AUDCAD,LONG,asia_london|2022-02-03,ASIA_LONDON,2022-02-02T13:00:00.000Z,2022-02-02T21:00:00.000Z,2022-02-03T00:00:00.000Z,2022-02-03T13:00:00.000Z,0.43629,0.024213,0.493697,1.227448,low,0.6,false,expanded,dead_chop_cost_churn,false,gate90d_range_box_slots_cost_clamped_v0,0.14543,0.2,0.6,false,0.05,,0,0,0,338964E847A3C960A97074AA4758BD286441E68254E793ABB2084D59351688D7
2022-01-31T00:00:00.000Z|AUDCAD|ny|2022-02-03,2022-01-31T00:00:00.000Z,AUDCAD,LONG,ny|2022-02-03,NY,2022-02-03T00:00:00.000Z,2022-02-03T13:00:00.000Z,2022-02-03T13:00:00.000Z,2022-02-03T21:00:00.000Z,0.493697,0.001137,0.644594,1.227448,low,0.6,false,expanded,dead_chop_cost_churn,false,gate90d_range_box_slots_cost_clamped_v0,0.164566,0.2,0.6,false,0.05,,0,0,0,EEA4267C2E2937592A838FFA13B1B1822E8487915C72D6C5522B308DCE9FC580
2022-01-31T00:00:00.000Z|AUDCAD|asia_london|2022-02-04,2022-01-31T00:00:00.000Z,AUDCAD,LONG,asia_london|2022-02-04,ASIA_LONDON,2022-02-03T13:00:00.000Z,2022-02-03T21:00:00.000Z,2022-02-04T00:00:00.000Z,2022-02-04T13:00:00.000Z,0.644594,0.059432,0.746286,1.227448,low,0.6,true,expanded,harvestable_chop_candidate,true,gate90d_range_box_slots_cost_clamped_v0,0.214865,0.214865,0.644594,true,0.053716,,0,0,0,5B9C90196F40AFB5D47A7434D43B83C1A385243DEAC1544510BD098F7BD51833
2022-01-31T00:00:00.000Z|AUDCAD|ny|2022-02-04,2022-01-31T00:00:00.000Z,AUDCAD,LONG,ny|2022-02-04,NY,2022-02-04T00:00:00.000Z,2022-02-04T13:00:00.000Z,2022-02-04T13:00:00.000Z,2022-02-04T21:00:00.000Z,0.746286,0.014354,0.462533,1.227448,low,0.6,true,expanded,harvestable_chop_candidate,true,gate90d_range_box_slots_cost_clamped_v0,0.248762,0.248762,0.746286,true,0.06219,,2,2,0,A341201AFEAE90DB1B3B8A3BC6EA0768A27B7B6174D22A75E4BEFF9777D99097
2022-01-31T00:00:00.000Z|AUDCHF|ny|2022-01-31,2022-01-31T00:00:00.000Z,AUDCHF,LONG,ny|2022-01-31,NY,2022-01-31T00:00:00.000Z,2022-01-31T13:00:00.000Z,2022-01-31T13:00:00.000Z,2022-01-31T21:00:00.000Z,1.150699,0.064144,0.648832,0.932955,low,0.6,true,normal,harvestable_chop_candidate,true,gate90d_range_box_slots_cost_clamped_v0,0.383566,0.3,0.9,true,0.075,,0,0,0,B6C91ED6E7F4A79DC0846ABE7AF645A2F9B8FE0AE9905C29B963731964E140DF
2022-01-31T00:00:00.000Z|AUDCHF|asia_london|2022-02-01,2022-01-31T00:00:00.000Z,AUDCHF,LONG,asia_london|2022-02-01,ASIA_LONDON,2022-01-31T13:00:00.000Z,2022-01-31T21:00:00.000Z,2022-02-01T00:00:00.000Z,2022-02-01T13:00:00.000Z,0.648832,0.024454,0.642578,0.932955,low,0.6,true,normal,harvestable_chop_candidate,true,gate90d_range_box_slots_cost_clamped_v0,0.216277,0.216277,0.648832,true,0.054069,,0,0,0,B86A574995E96F43FD52831368D121B7D509CAE89D73B36F15AE8A67C3B1F770
2022-01-31T00:00:00.000Z|AUDCHF|ny|2022-02-01,2022-01-31T00:00:00.000Z,AUDCHF,LONG,ny|2022-02-01,NY,2022-02-01T00:00:00.000Z,2022-02-01T13:00:00.000Z,2022-02-01T13:00:00.000Z,2022-02-01T21:00:00.000Z,0.642578,0.074878,0.57535,0.932955,low,0.6,true,normal,harvestable_chop_candidate,true,gate90d_range_box_slots_cost_clamped_v0,0.214193,0.214193,0.642578,true,0.053548,,0,0,0,C6616596C8CBDF21503BA0F68252BC285FF2E4401F452A705B7E0AC0CB186975
2022-01-31T00:00:00.000Z|AUDCHF|asia_london|2022-02-02,2022-01-31T00:00:00.000Z,AUDCHF,LONG,asia_london|2022-02-02,ASIA_LONDON,2022-02-01T13:00:00.000Z,2022-02-01T21:00:00.000Z,2022-02-02T00:00:00.000Z,2022-02-02T13:00:00.000Z,0.57535,0.000684,0.462781,0.932955,low,0.6,false,normal,dead_chop_cost_churn,false,gate90d_range_box_slots_cost_clamped_v0,0.191783,0.2,0.6,false,0.05,,0,0,0,99411B07C29EC50BF368EF6D0D655FAA73B7B1B2A272AD2DA328444D2F11AEAF
2022-01-31T00:00:00.000Z|AUDCHF|ny|2022-02-02,2022-01-31T00:00:00.000Z,AUDCHF,LONG,ny|2022-02-02,NY,2022-02-02T00:00:00.000Z,2022-02-02T13:00:00.000Z,2022-02-02T13:00:00.000Z,2022-02-02T21:00:00.000Z,0.462781,0.030769,0.509684,0.932955,low,0.6,false,normal,dead_chop_cost_churn,false,gate90d_range_box_slots_cost_clamped_v0,0.15426,0.2,0.6,false,0.05,,0,0,0,163DBC90EE40D9EE179C2DAD4F1E0691641F817EAB4B6FDF65C234CEA2BA0AEB
2022-01-31T00:00:00.000Z|AUDCHF|asia_london|2022-02-03,2022-01-31T00:00:00.000Z,AUDCHF,LONG,asia_london|2022-02-03,ASIA_LONDON,2022-02-02T13:00:00.000Z,2022-02-02T21:00:00.000Z,2022-02-03T00:00:00.000Z,2022-02-03T13:00:00.000Z,0.509684,0.053375,0.512811,0.932955,low,0.6,false,normal,dead_chop_cost_churn,false,gate90d_range_box_slots_cost_clamped_v0,0.169895,0.2,0.6,false,0.05,,0,0,0,8C578DF56E08634E6384F545E51B2D4AAC93F05E1F90BE6E4BCFEF8B7FD49A78
2022-01-31T00:00:00.000Z|AUDCHF|ny|2022-02-03,2022-01-31T00:00:00.000Z,AUDCHF,LONG,ny|2022-02-03,NY,2022-02-03T00:00:00.000Z,2022-02-03T13:00:00.000Z,2022-02-03T13:00:00.000Z,2022-02-03T21:00:00.000Z,0.512811,0.00045,0.411188,0.932955,low,0.6,false,normal,dead_chop_cost_churn,false,gate90d_range_box_slots_cost_clamped_v0,0.170937,0.2,0.6,false,0.05,,0,0,0,9C7237C54015528ED241EA71AA0A06CC7313006A4FCEE47A7C27F429BCB9C9AA
2022-01-31T00:00:00.000Z|AUDCHF|asia_london|2022-02-04,2022-01-31T00:00:00.000Z,AUDCHF,LONG,asia_london|2022-02-04,ASIA_LONDON,2022-02-03T13:00:00.000Z,2022-02-03T21:00:00.000Z,2022-02-04T00:00:00.000Z,2022-02-04T13:00:00.000Z,0.411188,0.050422,0.672284,0.932955,low,0.6,false,normal,dead_chop_cost_churn,false,gate90d_range_box_slots_cost_clamped_v0,0.137063,0.2,0.6,false,0.05,,0,0,0,77D2826FFB57820979D4CF3AE0DB52BC7F606A367C014DEBB7653A17EB6E8C97
2022-01-31T00:00:00.000Z|AUDCHF|ny|2022-02-04,2022-01-31T00:00:00.000Z,AUDCHF,LONG,ny|2022-02-04,NY,2022-02-04T00:00:00.000Z,2022-02-04T13:00:00.000Z,2022-02-04T13:00:00.000Z,2022-02-04T21:00:00.000Z,0.672284,0.040319,0.397117,0.932955,low,0.6,true,normal,harvestable_chop_candidate,true,gate90d_range_box_slots_cost_clamped_v0,0.224095,0.224095,0.672284,true,0.056024,,0,0,0,5120CEAEE1E2C38996482D4162479A431AAA118940B507BB09D037478DAC02F9
2022-01-31T00:00:00.000Z|AUDJPY|ny|2022-01-31,2022-01-31T00:00:00.000Z,AUDJPY,LONG,ny|2022-01-31,NY,2022-01-31T00:00:00.000Z,2022-01-31T13:00:00.000Z,2022-01-31T13:00:00.000Z,2022-01-31T21:00:00.000Z,0.8384,0.008309,0.617889,0.947891,low,0.6,true,normal,harvestable_chop_candidate,true,gate90d_range_box_slots_cost_clamped_v0,0.279467,0.279467,0.8384,true,0.069867,,1,0,1,56A7927031E98E7FBEA71A4F44CDC0DE04085200AD597524456E1817A3E9B954
2022-01-31T00:00:00.000Z|AUDJPY|asia_london|2022-02-01,2022-01-31T00:00:00.000Z,AUDJPY,LONG,asia_london|2022-02-01,ASIA_LONDON,2022-01-31T13:00:00.000Z,2022-01-31T21:00:00.000Z,2022-02-01T00:00:00.000Z,2022-02-01T13:00:00.000Z,0.617889,0.000567,0.760303,0.947891,low,0.6,true,normal,harvestable_chop_candidate,true,gate90d_range_box_slots_cost_clamped_v0,0.205963,0.205963,0.617889,true,0.051491,,0,0,0,0A8940FC0CAC69DFBA6F391E257C4AEC1877BBFAEA462FD389B844CACBE398DA
2022-01-31T00:00:00.000Z|AUDJPY|ny|2022-02-01,2022-01-31T00:00:00.000Z,AUDJPY,LONG,ny|2022-02-01,NY,2022-02-01T00:00:00.000Z,2022-02-01T13:00:00.000Z,2022-02-01T13:00:00.000Z,2022-02-01T21:00:00.000Z,0.760303,0.077523,0.535198,0.947891,low,0.6,true,normal,harvestable_chop_candidate,true,gate90d_range_box_slots_cost_clamped_v0,0.253434,0.253434,0.760303,true,0.063359,,0,0,0,B90DB3ACBEFF0D31AEDB38F310853C8D2A3DF91B8B8AAC5D7DCB0439132BB937
2022-01-31T00:00:00.000Z|AUDJPY|asia_london|2022-02-02,2022-01-31T00:00:00.000Z,AUDJPY,LONG,asia_london|2022-02-02,ASIA_LONDON,2022-02-01T13:00:00.000Z,2022-02-01T21:00:00.000Z,2022-02-02T00:00:00.000Z,2022-02-02T13:00:00.000Z,0.535198,0.012987,0.473179,0.947891,low,0.6,false,normal,dead_chop_cost_churn,false,gate90d_range_box_slots_cost_clamped_v0,0.178399,0.2,0.6,false,0.05,,0,0,0,ACD63103C0EC6B93D21628AE76AD6BB6D99B95B684C461EB6D1EC31F710B43A4
2022-01-31T00:00:00.000Z|AUDJPY|ny|2022-02-02,2022-01-31T00:00:00.000Z,AUDJPY,LONG,ny|2022-02-02,NY,2022-02-02T00:00:00.000Z,2022-02-02T13:00:00.000Z,2022-02-02T13:00:00.000Z,2022-02-02T21:00:00.000Z,0.473179,0.01188,0.49615,0.947891,low,0.6,false,normal,dead_chop_cost_churn,false,gate90d_range_box_slots_cost_clamped_v0,0.157726,0.2,0.6,false,0.05,,0,0,0,D1932D9DAC38498C38477C2311DC6D7F60611FA75E90C94637F1E91482FDF18F
2022-01-31T00:00:00.000Z|AUDJPY|asia_london|2022-02-03,2022-01-31T00:00:00.000Z,AUDJPY,LONG,asia_london|2022-02-03,ASIA_LONDON,2022-02-02T13:00:00.000Z,2022-02-02T21:00:00.000Z,2022-02-03T00:00:00.000Z,2022-02-03T13:00:00.000Z,0.49615,0.062018,0.537495,0.947891,low,0.6,false,normal,dead_chop_cost_churn,false,gate90d_range_box_slots_cost_clamped_v0,0.165383,0.2,0.6,false,0.05,,0,0,0,859EAFB2DF94B0B2688B79995D3983C52A931FE7614A8AFF89EE5B98A18D22E4
2022-01-31T00:00:00.000Z|AUDJPY|ny|2022-02-03,2022-01-31T00:00:00.000Z,AUDJPY,LONG,ny|2022-02-03,NY,2022-02-03T00:00:00.000Z,2022-02-03T13:00:00.000Z,2022-02-03T13:00:00.000Z,2022-02-03T21:00:00.000Z,0.537495,0.01967,0.588028,0.947891,low,0.6,false,normal,dead_chop_cost_churn,false,gate90d_range_box_slots_cost_clamped_v0,0.179165,0.2,0.6,false,0.05,,0,0,0,F5353195C8848F820260ABE20F09C008107CA7F2372E3F6C1B2500F9F671298B
2022-01-31T00:00:00.000Z|AUDJPY|asia_london|2022-02-04,2022-01-31T00:00:00.000Z,AUDJPY,LONG,asia_london|2022-02-04,ASIA_LONDON,2022-02-03T13:00:00.000Z,2022-02-03T21:00:00.000Z,2022-02-04T00:00:00.000Z,2022-02-04T13:00:00.000Z,0.588028,0.071944,0.978517,0.947891,low,0.6,false,normal,dead_chop_cost_churn,false,gate90d_range_box_slots_cost_clamped_v0,0.196009,0.2,0.6,false,0.05,,0,0,0,1947D9E9BD2FF8B5BED0F7F6DE9B0B1DFEAC49FE1AFB7AB6BC6B8D44F0D3F660
2022-01-31T00:00:00.000Z|AUDJPY|ny|2022-02-04,2022-01-31T00:00:00.000Z,AUDJPY,LONG,ny|2022-02-04,NY,2022-02-04T00:00:00.000Z,2022-02-04T13:00:00.000Z,2022-02-04T13:00:00.000Z,2022-02-04T21:00:00.000Z,0.978517,0.04005,0.283678,0.947891,low,0.6,true,normal,harvestable_chop_candidate,true,gate90d_range_box_slots_cost_clamped_v0,0.326172,0.3,0.9,true,0.075,,0,0,0,E280276C4D6DEB6A6985ABC347E72A69E5CEC86D14A6381DEEB6F5971CC3CC50
2022-01-31T00:00:00.000Z|AUDNZD|ny|2022-01-31,2022-01-31T00:00:00.000Z,AUDNZD,SHORT,ny|2022-01-31,NY,2022-01-31T00:00:00.000Z,2022-01-31T13:00:00.000Z,2022-01-31T13:00:00.000Z,2022-01-31T21:00:00.000Z,0.944348,0.037281,0.666388,1.073526,low,0.6,true,normal,harvestable_chop_candidate,true,gate90d_range_box_slots_cost_clamped_v0,0.314783,0.3,0.9,true,0.075,,2,0,2,6FCB8205B2D533A393E029F0B7FA0FB6037231C47973356F409A9A9703047DC5
2022-01-31T00:00:00.000Z|AUDNZD|asia_london|2022-02-01,2022-01-31T00:00:00.000Z,AUDNZD,SHORT,asia_london|2022-02-01,ASIA_LONDON,2022-01-31T13:00:00.000Z,2022-01-31T21:00:00.000Z,2022-02-01T00:00:00.000Z,2022-02-01T13:00:00.000Z,0.666388,0.010381,1.037001,1.073526,low,0.6,true,normal,harvestable_chop_candidate,true,gate90d_range_box_slots_cost_clamped_v0,0.222129,0.222129,0.666388,true,0.055532,,2,0,2,624115771933133A7EA570B3CDCC950F5E6BE6DE0B12CDE78E44CBA182D3F569
2022-01-31T00:00:00.000Z|AUDNZD|ny|2022-02-01,2022-01-31T00:00:00.000Z,AUDNZD,SHORT,ny|2022-02-01,NY,2022-02-01T00:00:00.000Z,2022-02-01T13:00:00.000Z,2022-02-01T13:00:00.000Z,2022-02-01T21:00:00.000Z,1.037001,0.037447,0.541664,1.073526,low,0.6,true,normal,harvestable_chop_candidate,true,gate90d_range_box_slots_cost_clamped_v0,0.345667,0.3,0.9,true,0.075,,0,0,0,DE1ED4AAB0CB36C20AD9433B643E4912C57DF9123DFF8FDCDA7F05FFB28DE396
2022-01-31T00:00:00.000Z|AUDNZD|asia_london|2022-02-02,2022-01-31T00:00:00.000Z,AUDNZD,SHORT,asia_london|2022-02-02,ASIA_LONDON,2022-02-01T13:00:00.000Z,2022-02-01T21:00:00.000Z,2022-02-02T00:00:00.000Z,2022-02-02T13:00:00.000Z,0.541664,0.013301,0.545227,1.073526,low,0.6,false,normal,dead_chop_cost_churn,false,gate90d_range_box_slots_cost_clamped_v0,0.180555,0.2,0.6,false,0.05,,4,0,4,1C0802B03321855A219172D86A529BC8E0B5311CB97686F47AF250CE7E150CE4
2022-01-31T00:00:00.000Z|AUDNZD|ny|2022-02-02,2022-01-31T00:00:00.000Z,AUDNZD,SHORT,ny|2022-02-02,NY,2022-02-02T00:00:00.000Z,2022-02-02T13:00:00.000Z,2022-02-02T13:00:00.000Z,2022-02-02T21:00:00.000Z,0.545227,0.007731,0.591554,1.073526,low,0.6,false,normal,dead_chop_cost_churn,false,gate90d_range_box_slots_cost_clamped_v0,0.181742,0.2,0.6,false,0.05,,0,0,0,3E40F12FB2E900D8778B7D08F81C6E6BFAEADAF21FEC24C83F35CBCFB9291C71
2022-01-31T00:00:00.000Z|AUDNZD|asia_london|2022-02-03,2022-01-31T00:00:00.000Z,AUDNZD,SHORT,asia_london|2022-02-03,ASIA_LONDON,2022-02-02T13:00:00.000Z,2022-02-02T21:00:00.000Z,2022-02-03T00:00:00.000Z,2022-02-03T13:00:00.000Z,0.591554,0.085695,1.015619,1.073526,low,0.6,false,normal,dead_chop_cost_churn,false,gate90d_range_box_slots_cost_clamped_v0,0.197185,0.2,0.6,false,0.05,,0,0,0,77476BC786874E47CEF651AE35E92950CBD22A5F4554451C11E90404E710ED5D
2022-01-31T00:00:00.000Z|AUDNZD|ny|2022-02-03,2022-01-31T00:00:00.000Z,AUDNZD,SHORT,ny|2022-02-03,NY,2022-02-03T00:00:00.000Z,2022-02-03T13:00:00.000Z,2022-02-03T13:00:00.000Z,2022-02-03T21:00:00.000Z,1.015619,0.023333,0.420502,1.073526,low,0.6,true,normal,harvestable_chop_candidate,true,gate90d_range_box_slots_cost_clamped_v0,0.33854,0.3,0.9,true,0.075,,0,0,0,131E5897B792E4E8CC3BC8453A1F581B882183EC36A6002525A8026D47155050
2022-01-31T00:00:00.000Z|AUDNZD|asia_london|2022-02-04,2022-01-31T00:00:00.000Z,AUDNZD,SHORT,asia_london|2022-02-04,ASIA_LONDON,2022-02-03T13:00:00.000Z,2022-02-03T21:00:00.000Z,2022-02-04T00:00:00.000Z,2022-02-04T13:00:00.000Z,0.420502,0.030007,0.691334,1.073526,low,0.6,false,normal,dead_chop_cost_churn,false,gate90d_range_box_slots_cost_clamped_v0,0.140167,0.2,0.6,false,0.05,,0,0,0,3DA533538841AE42EF541B894FB0B660879F480D82350180DC905726661EA6F0
2022-01-31T00:00:00.000Z|AUDNZD|ny|2022-02-04,2022-01-31T00:00:00.000Z,AUDNZD,SHORT,ny|2022-02-04,NY,2022-02-04T00:00:00.000Z,2022-02-04T13:00:00.000Z,2022-02-04T13:00:00.000Z,2022-02-04T21:00:00.000Z,0.691334,0.039634,0.536319,1.073526,low,0.6,true,normal,harvestable_chop_candidate,true,gate90d_range_box_slots_cost_clamped_v0,0.230445,0.230445,0.691334,true,0.057611,,0,0,0,FF0EE20968AFFE525E55B180C6C56D4462C1744383864B33804C9A1C1E7F65D8
2022-01-31T00:00:00.000Z|AUDUSD|ny|2022-01-31,2022-01-31T00:00:00.000Z,AUDUSD,LONG,ny|2022-01-31,NY,2022-01-31T00:00:00.000Z,2022-01-31T13:00:00.000Z,2022-01-31T13:00:00.000Z,2022-01-31T21:00:00.000Z,0.868903,0.037264,0.5257,0.945498,low,0.6,true,normal,harvestable_chop_candidate,true,gate90d_range_box_slots_cost_clamped_v0,0.289634,0.289634,0.868903,true,0.072409,,2,0,2,F891B957130EB83B6482CDC5DA1C98BF7628FFEEE6BA4BEF33A5C40A0F54E198
2022-01-31T00:00:00.000Z|AUDUSD|asia_london|2022-02-01,2022-01-31T00:00:00.000Z,AUDUSD,LONG,asia_london|2022-02-01,ASIA_LONDON,2022-01-31T13:00:00.000Z,2022-01-31T21:00:00.000Z,2022-02-01T00:00:00.000Z,2022-02-01T13:00:00.000Z,0.5257,0.041579,1.025524,0.945498,low,0.6,false,normal,dead_chop_cost_churn,false,gate90d_range_box_slots_cost_clamped_v0,0.175233,0.2,0.6,false,0.05,,0,0,0,0AF59025F7B8183CFC7F4FE8338A44BE0E66C858C3F4FF4E039A2CB997CA18FB
2022-01-31T00:00:00.000Z|AUDUSD|ny|2022-02-01,2022-01-31T00:00:00.000Z,AUDUSD,LONG,ny|2022-02-01,NY,2022-02-01T00:00:00.000Z,2022-02-01T13:00:00.000Z,2022-02-01T13:00:00.000Z,2022-02-01T21:00:00.000Z,1.025524,0.067474,0.691854,0.945498,low,0.6,true,normal,harvestable_chop_candidate,true,gate90d_range_box_slots_cost_clamped_v0,0.341841,0.3,0.9,true,0.075,,0,0,0,9B2BCD3C4CB6A922E4225A147DC168B99CA9F35F9D4DA48CCFC228A151B396B7
2022-01-31T00:00:00.000Z|AUDUSD|asia_london|2022-02-02,2022-01-31T00:00:00.000Z,AUDUSD,LONG,asia_london|2022-02-02,ASIA_LONDON,2022-02-01T13:00:00.000Z,2022-02-01T21:00:00.000Z,2022-02-02T00:00:00.000Z,2022-02-02T13:00:00.000Z,0.691854,0.034394,0.465776,0.945498,low,0.6,true,normal,harvestable_chop_candidate,true,gate90d_range_box_slots_cost_clamped_v0,0.230618,0.230618,0.691854,true,0.057654,,0,0,0,7D068FC8FBEDB590C328BD0D4492E3BD53FF22D76E627104CAF6214F0C4CABF2
2022-01-31T00:00:00.000Z|AUDUSD|ny|2022-02-02,2022-01-31T00:00:00.000Z,AUDUSD,LONG,ny|2022-02-02,NY,2022-02-02T00:00:00.000Z,2022-02-02T13:00:00.000Z,2022-02-02T13:00:00.000Z,2022-02-02T21:00:00.000Z,0.465776,0.040779,0.563834,0.945498,low,0.6,false,normal,dead_chop_cost_churn,false,gate90d_range_box_slots_cost_clamped_v0,0.155259,0.2,0.6,false,0.05,,0,0,0,E82705F8990FA13D9E6D693E102800E8C3E5A0BA3570654E14D2DC8710BE11B3
2022-01-31T00:00:00.000Z|AUDUSD|asia_london|2022-02-03,2022-01-31T00:00:00.000Z,AUDUSD,LONG,asia_london|2022-02-03,ASIA_LONDON,2022-02-02T13:00:00.000Z,2022-02-02T21:00:00.000Z,2022-02-03T00:00:00.000Z,2022-02-03T13:00:00.000Z,0.563834,0.011661,0.286003,0.945498,low,0.6,false,normal,dead_chop_cost_churn,false,gate90d_range_box_slots_cost_clamped_v0,0.187945,0.2,0.6,false,0.05,,0,0,0,190123FE30B620E991AD7BA1C4FFEF1EC0F635B8868C2F48A261E65BD9E71CF8
2022-01-31T00:00:00.000Z|AUDUSD|ny|2022-02-03,2022-01-31T00:00:00.000Z,AUDUSD,LONG,ny|2022-02-03,NY,2022-02-03T00:00:00.000Z,2022-02-03T13:00:00.000Z,2022-02-03T13:00:00.000Z,2022-02-03T21:00:00.000Z,0.286003,0.007465,0.664616,0.945498,low,0.6,false,normal,dead_chop_cost_churn,false,gate90d_range_box_slots_cost_clamped_v0,0.095334,0.2,0.6,false,0.05,,2,0,2,EBEF12ED3DA1A541307639CCB95916A7EF0DC33911C28F835F454D77048E770F
2022-01-31T00:00:00.000Z|AUDUSD|asia_london|2022-02-04,2022-01-31T00:00:00.000Z,AUDUSD,LONG,asia_london|2022-02-04,ASIA_LONDON,2022-02-03T13:00:00.000Z,2022-02-03T21:00:00.000Z,2022-02-04T00:00:00.000Z,2022-02-04T13:00:00.000Z,0.664616,0.076323,0.912485,0.945498,low,0.6,true,normal,harvestable_chop_candidate,true,gate90d_range_box_slots_cost_clamped_v0,0.221539,0.221539,0.664616,true,0.055385,,0,0,0,F71CA656606AEBC5CF14A673D617616D798E6B533B3D28FC68E548942DE52099
2022-01-31T00:00:00.000Z|AUDUSD|ny|2022-02-04,2022-01-31T00:00:00.000Z,AUDUSD,LONG,ny|2022-02-04,NY,2022-02-04T00:00:00.000Z,2022-02-04T13:00:00.000Z,2022-02-04T13:00:00.000Z,2022-02-04T21:00:00.000Z,0.912485,0.099246,0.569282,0.945498,low,0.6,true,normal,harvestable_chop_candidate,true,gate90d_range_box_slots_cost_clamped_v0,0.304162,0.3,0.9,true,0.075,,0,0,0,CCA63426EEF5972745DB67D2C5314CAFCDE05D03A5BCF1E8F2CCC9908DBDF74C
2022-01-31T00:00:00.000Z|CADCHF|ny|2022-01-31,2022-01-31T00:00:00.000Z,CADCHF,LONG,ny|2022-01-31,NY,2022-01-31T00:00:00.000Z,2022-01-31T13:00:00.000Z,2022-01-31T13:00:00.000Z,2022-01-31T21:00:00.000Z,0.630514,0.056255,0.828162,0.978555,low,0.6,true,normal,harvestable_chop_candidate,true,gate90d_range_box_slots_cost_clamped_v0,0.210171,0.210171,0.630514,true,0.052543,,0,0,0,BC3692BE59450C868D8800B059D8047A5DFBC7EA986AE47AE8AA6C8DBD40E4FF
2022-01-31T00:00:00.000Z|CADCHF|asia_london|2022-02-01,2022-01-31T00:00:00.000Z,CADCHF,LONG,asia_london|2022-02-01,ASIA_LONDON,2022-01-31T13:00:00.000Z,2022-01-31T21:00:00.000Z,2022-02-01T00:00:00.000Z,2022-02-01T13:00:00.000Z,0.828162,0.072421,0.779158,0.978555,low,0.6,true,normal,harvestable_chop_candidate,true,gate90d_range_box_slots_cost_clamped_v0,0.276054,0.276054,0.828162,true,0.069014,,0,0,0,C0EC2BB6DC676639EB263B828A9BD69D283208D2E73C0B3AB8514286D340DE8E
2022-01-31T00:00:00.000Z|CADCHF|ny|2022-02-01,2022-01-31T00:00:00.000Z,CADCHF,LONG,ny|2022-02-01,NY,2022-02-01T00:00:00.000Z,2022-02-01T13:00:00.000Z,2022-02-01T13:00:00.000Z,2022-02-01T21:00:00.000Z,0.779158,0.014918,0.512905,0.978555,low,0.6,true,normal,harvestable_chop_candidate,true,gate90d_range_box_slots_cost_clamped_v0,0.259719,0.259719,0.779158,true,0.06493,,0,0,0,CEF28E86AD15F9ADBE78286C02413E39AA556A9DBF8BE9AFAEA2C554EE9DB348
2022-01-31T00:00:00.000Z|CADCHF|asia_london|2022-02-02,2022-01-31T00:00:00.000Z,CADCHF,LONG,asia_london|2022-02-02,ASIA_LONDON,2022-02-01T13:00:00.000Z,2022-02-01T21:00:00.000Z,2022-02-02T00:00:00.000Z,2022-02-02T13:00:00.000Z,0.512905,0.006251,0.4394,0.978555,low,0.6,false,normal,dead_chop_cost_churn,false,gate90d_range_box_slots_cost_clamped_v0,0.170968,0.2,0.6,false,0.05,,0,0,0,3797B60DE61125ED166B9CD9A0B7412B6914E5B45B521BE3D2ABE26BF657D57B
2022-01-31T00:00:00.000Z|CADCHF|ny|2022-02-02,2022-01-31T00:00:00.000Z,CADCHF,LONG,ny|2022-02-02,NY,2022-02-02T00:00:00.000Z,2022-02-02T13:00:00.000Z,2022-02-02T13:00:00.000Z,2022-02-02T21:00:00.000Z,0.4394,0.001683,0.483503,0.978555,low,0.6,false,normal,dead_chop_cost_churn,false,gate90d_range_box_slots_cost_clamped_v0,0.146467,0.2,0.6,false,0.05,,0,0,0,E673247962CB2BC4593370BBE019BADDEA76A11C1B9555EA9B4B8A4DDB0E6963
2022-01-31T00:00:00.000Z|CADCHF|asia_london|2022-02-03,2022-01-31T00:00:00.000Z,CADCHF,LONG,asia_london|2022-02-03,ASIA_LONDON,2022-02-02T13:00:00.000Z,2022-02-02T21:00:00.000Z,2022-02-03T00:00:00.000Z,2022-02-03T13:00:00.000Z,0.483503,0.046675,0.429599,0.978555,low,0.6,false,normal,dead_chop_cost_churn,false,gate90d_range_box_slots_cost_clamped_v0,0.161168,0.2,0.6,false,0.05,,0,0,0,4F1EC2B49BC275D9CBB6AE2CDD95303AFEA85ADCB4CBE5C49927B41B460314CE
2022-01-31T00:00:00.000Z|CADCHF|ny|2022-02-03,2022-01-31T00:00:00.000Z,CADCHF,LONG,ny|2022-02-03,NY,2022-02-03T00:00:00.000Z,2022-02-03T13:00:00.000Z,2022-02-03T13:00:00.000Z,2022-02-03T21:00:00.000Z,0.429599,0.00082,0.532506,0.978555,low,0.6,false,normal,dead_chop_cost_churn,false,gate90d_range_box_slots_cost_clamped_v0,0.1432,0.2,0.6,false,0.05,,1,1,0,841CAB5C9E7C3C3C5149E66DC0C8C7FE2826BDA8735C1D8C84DD90C70DB18505
2022-01-31T00:00:00.000Z|CADCHF|asia_london|2022-02-04,2022-01-31T00:00:00.000Z,CADCHF,LONG,asia_london|2022-02-04,ASIA_LONDON,2022-02-03T13:00:00.000Z,2022-02-03T21:00:00.000Z,2022-02-04T00:00:00.000Z,2022-02-04T13:00:00.000Z,0.532506,0.012062,0.346293,0.978555,low,0.6,false,normal,dead_chop_cost_churn,false,gate90d_range_box_slots_cost_clamped_v0,0.177502,0.2,0.6,false,0.05,,0,0,0,FDCCE098C4886062E93E14D664F088D02B615BFEBE2E70B9A907BFA2A08F576A
2022-01-31T00:00:00.000Z|CADCHF|ny|2022-02-04,2022-01-31T00:00:00.000Z,CADCHF,LONG,ny|2022-02-04,NY,2022-02-04T00:00:00.000Z,2022-02-04T13:00:00.000Z,2022-02-04T13:00:00.000Z,2022-02-04T21:00:00.000Z,0.346293,0.029433,0.586411,0.978555,low,0.6,false,normal,dead_chop_cost_churn,false,gate90d_range_box_slots_cost_clamped_v0,0.115431,0.2,0.6,false,0.05,,5,5,0,C76539D9BCE225616469A744DA9A9AD525ED435E17812518B217D590E6435BCB
2022-01-31T00:00:00.000Z|CADJPY|ny|2022-01-31,2022-01-31T00:00:00.000Z,CADJPY,SHORT,ny|2022-01-31,NY,2022-01-31T00:00:00.000Z,2022-01-31T13:00:00.000Z,2022-01-31T13:00:00.000Z,2022-01-31T21:00:00.000Z,0.54594,0.003847,0.564426,0.871193,low,0.6,false,compressed,dead_chop_cost_churn,false,gate90d_range_box_slots_cost_clamped_v0,0.18198,0.2,0.6,false,0.05,,0,0,0,EB958DE2B0DD075B3A773C1D6450640AC04BEF5C16B7B5FD1B3D9B5A04F37AA5
2022-01-31T00:00:00.000Z|CADJPY|asia_london|2022-02-01,2022-01-31T00:00:00.000Z,CADJPY,SHORT,asia_london|2022-02-01,ASIA_LONDON,2022-01-31T13:00:00.000Z,2022-01-31T21:00:00.000Z,2022-02-01T00:00:00.000Z,2022-02-01T13:00:00.000Z,0.564426,0.031202,0.749282,0.871193,low,0.6,false,compressed,dead_chop_cost_churn,false,gate90d_range_box_slots_cost_clamped_v0,0.188142,0.2,0.6,false,0.05,,0,0,0,6CBEC051551677522F5128E6BBD26D6238AC885946186DABB6A480F1DCC1F117
2022-01-31T00:00:00.000Z|CADJPY|ny|2022-02-01,2022-01-31T00:00:00.000Z,CADJPY,SHORT,ny|2022-02-01,NY,2022-02-01T00:00:00.000Z,2022-02-01T13:00:00.000Z,2022-02-01T13:00:00.000Z,2022-02-01T21:00:00.000Z,0.749282,0.020918,0.43133,0.871193,low,0.6,true,compressed,harvestable_chop_candidate,true,gate90d_range_box_slots_cost_clamped_v0,0.249761,0.249761,0.749282,true,0.06244,,0,0,0,84A64AA81AAF38BDAC89407E717A0890C5D6A7A131550FC05D1735EC90E4D8F9
2022-01-31T00:00:00.000Z|CADJPY|asia_london|2022-02-02,2022-01-31T00:00:00.000Z,CADJPY,SHORT,asia_london|2022-02-02,ASIA_LONDON,2022-02-01T13:00:00.000Z,2022-02-01T21:00:00.000Z,2022-02-02T00:00:00.000Z,2022-02-02T13:00:00.000Z,0.43133,0.026858,0.488018,0.871193,low,0.6,false,compressed,dead_chop_cost_churn,false,gate90d_range_box_slots_cost_clamped_v0,0.143777,0.2,0.6,false,0.05,,0,0,0,1FB0F60516BCC599F817106CC708464C38DFA7F06F733774E5165561086AE790
2022-01-31T00:00:00.000Z|CADJPY|ny|2022-02-02,2022-01-31T00:00:00.000Z,CADJPY,SHORT,ny|2022-02-02,NY,2022-02-02T00:00:00.000Z,2022-02-02T13:00:00.000Z,2022-02-02T13:00:00.000Z,2022-02-02T21:00:00.000Z,0.488018,0.017098,0.586609,0.871193,low,0.6,false,compressed,dead_chop_cost_churn,false,gate90d_range_box_slots_cost_clamped_v0,0.162673,0.2,0.6,false,0.05,,0,0,0,37CFAE72764508C43E397F4F7FFB1019AF9AAAAF8130E23F016B4476C39093E8
2022-01-31T00:00:00.000Z|CADJPY|asia_london|2022-02-03,2022-01-31T00:00:00.000Z,CADJPY,SHORT,asia_london|2022-02-03,ASIA_LONDON,2022-02-02T13:00:00.000Z,2022-02-02T21:00:00.000Z,2022-02-03T00:00:00.000Z,2022-02-03T13:00:00.000Z,0.586609,0.055068,0.47323,0.871193,low,0.6,false,compressed,dead_chop_cost_churn,false,gate90d_range_box_slots_cost_clamped_v0,0.195536,0.2,0.6,false,0.05,,0,0,0,17D7ACDCC919FE3FD89E9BAE7A469ABAD2FF540198178D7226002DF4762E8AE8
2022-01-31T00:00:00.000Z|CADJPY|ny|2022-02-03,2022-01-31T00:00:00.000Z,CADJPY,SHORT,ny|2022-02-03,NY,2022-02-03T00:00:00.000Z,2022-02-03T13:00:00.000Z,2022-02-03T13:00:00.000Z,2022-02-03T21:00:00.000Z,0.47323,0.021955,0.441188,0.871193,low,0.6,false,compressed,dead_chop_cost_churn,false,gate90d_range_box_slots_cost_clamped_v0,0.157743,0.2,0.6,false,0.05,,2,0,2,15F2E6646F5BB4F8D2D361BB7361AB2EEA321B433DB0DCC71A38E38E55D9F445
2022-01-31T00:00:00.000Z|CADJPY|asia_london|2022-02-04,2022-01-31T00:00:00.000Z,CADJPY,SHORT,asia_london|2022-02-04,ASIA_LONDON,2022-02-03T13:00:00.000Z,2022-02-03T21:00:00.000Z,2022-02-04T00:00:00.000Z,2022-02-04T13:00:00.000Z,0.441188,0.042642,0.75914,0.871193,low,0.6,false,compressed,dead_chop_cost_churn,false,gate90d_range_box_slots_cost_clamped_v0,0.147063,0.2,0.6,false,0.05,,0,0,0,1C81E2F8E198F20A41C7A8CB9FE712680D2A63393D244D2C0FB6B1FF54BCE75E
2022-01-31T00:00:00.000Z|CADJPY|ny|2022-02-04,2022-01-31T00:00:00.000Z,CADJPY,SHORT,ny|2022-02-04,NY,2022-02-04T00:00:00.000Z,2022-02-04T13:00:00.000Z,2022-02-04T13:00:00.000Z,2022-02-04T21:00:00.000Z,0.75914,0.02943,0.378338,0.871193,low,0.6,true,compressed,harvestable_chop_candidate,true,gate90d_range_box_slots_cost_clamped_v0,0.253047,0.253047,0.75914,true,0.063262,,0,0,0,2519F96A5E80BFCB7EAEA229DBCBAEB892B8D1515AA55651A6EC0B2AD252344C
2022-01-31T00:00:00.000Z|CHFJPY|ny|2022-01-31,2022-01-31T00:00:00.000Z,CHFJPY,LONG,ny|2022-01-31,NY,2022-01-31T00:00:00.000Z,2022-01-31T13:00:00.000Z,2022-01-31T13:00:00.000Z,2022-01-31T21:00:00.000Z,0.787819,0.072591,0.942266,1.072953,low,0.6,true,normal,harvestable_chop_candidate,true,gate90d_range_box_slots_cost_clamped_v0,0.262606,0.262606,0.787819,true,0.065652,,0,0,0,8A48D34EFC339665AE151FB88FD587559256D937C1DA68AAF67D80F8D2D383C7
2022-01-31T00:00:00.000Z|CHFJPY|asia_london|2022-02-01,2022-01-31T00:00:00.000Z,CHFJPY,LONG,asia_london|2022-02-01,ASIA_LONDON,2022-01-31T13:00:00.000Z,2022-01-31T21:00:00.000Z,2022-02-01T00:00:00.000Z,2022-02-01T13:00:00.000Z,0.942266,0.037143,0.72264,1.072953,low,0.6,true,normal,harvestable_chop_candidate,true,gate90d_range_box_slots_cost_clamped_v0,0.314089,0.3,0.9,true,0.075,,0,0,0,38A6160BBB3C7EF4BFBE0612ED0BCA20D5E28A43CF855EE9AB9EFE7D05002079
2022-01-31T00:00:00.000Z|CHFJPY|ny|2022-02-01,2022-01-31T00:00:00.000Z,CHFJPY,LONG,ny|2022-02-01,NY,2022-02-01T00:00:00.000Z,2022-02-01T13:00:00.000Z,2022-02-01T13:00:00.000Z,2022-02-01T21:00:00.000Z,0.72264,0.009498,0.400994,1.072953,low,0.6,true,normal,harvestable_chop_candidate,true,gate90d_range_box_slots_cost_clamped_v0,0.24088,0.24088,0.72264,true,0.06022,,0,0,0,723234FFAB7C41B3A621BDA2049B1FE9CCF61591064316E2DA98FB478A7761AC
2022-01-31T00:00:00.000Z|CHFJPY|asia_london|2022-02-02,2022-01-31T00:00:00.000Z,CHFJPY,LONG,asia_london|2022-02-02,ASIA_LONDON,2022-02-01T13:00:00.000Z,2022-02-01T21:00:00.000Z,2022-02-02T00:00:00.000Z,2022-02-02T13:00:00.000Z,0.400994,0.023034,0.56536,1.072953,low,0.6,false,normal,dead_chop_cost_churn,false,gate90d_range_box_slots_cost_clamped_v0,0.133665,0.2,0.6,false,0.05,,0,0,0,0F4ACB49B41CD0B0A466D35EF4B76337F2F549D9096DEAD6370B40DF273B6317
2022-01-31T00:00:00.000Z|CHFJPY|ny|2022-02-02,2022-01-31T00:00:00.000Z,CHFJPY,LONG,ny|2022-02-02,NY,2022-02-02T00:00:00.000Z,2022-02-02T13:00:00.000Z,2022-02-02T13:00:00.000Z,2022-02-02T21:00:00.000Z,0.56536,0.028119,0.58378,1.072953,low,0.6,false,normal,dead_chop_cost_churn,false,gate90d_range_box_slots_cost_clamped_v0,0.188453,0.2,0.6,false,0.05,,0,0,0,CBFB86C78B898B070BB96EF68010DF722D599000C92043763036B8C7F989B00F
2022-01-31T00:00:00.000Z|CHFJPY|asia_london|2022-02-03,2022-01-31T00:00:00.000Z,CHFJPY,LONG,asia_london|2022-02-03,ASIA_LONDON,2022-02-02T13:00:00.000Z,2022-02-02T21:00:00.000Z,2022-02-03T00:00:00.000Z,2022-02-03T13:00:00.000Z,0.58378,0.018811,0.372656,1.072953,low,0.6,false,normal,dead_chop_cost_churn,false,gate90d_range_box_slots_cost_clamped_v0,0.194593,0.2,0.6,false,0.05,,0,0,0,6973D570ED375425202E9FE59005C67EE82D3EBD710C759455C75C1F207B9AD3
2022-01-31T00:00:00.000Z|CHFJPY|ny|2022-02-03,2022-01-31T00:00:00.000Z,CHFJPY,LONG,ny|2022-02-03,NY,2022-02-03T00:00:00.000Z,2022-02-03T13:00:00.000Z,2022-02-03T13:00:00.000Z,2022-02-03T21:00:00.000Z,0.372656,0.024941,0.915344,1.072953,low,0.6,false,normal,dead_chop_cost_churn,false,gate90d_range_box_slots_cost_clamped_v0,0.124219,0.2,0.6,false,0.05,,0,0,0,426A14068814830783F74AC84297680D8F8CC6CC182AB477A4CD9DAEA892A4BB
2022-01-31T00:00:00.000Z|CHFJPY|asia_london|2022-02-04,2022-01-31T00:00:00.000Z,CHFJPY,LONG,asia_london|2022-02-04,ASIA_LONDON,2022-02-03T13:00:00.000Z,2022-02-03T21:00:00.000Z,2022-02-04T00:00:00.000Z,2022-02-04T13:00:00.000Z,0.915344,0.03519,1.020198,1.072953,low,0.6,true,normal,harvestable_chop_candidate,true,gate90d_range_box_slots_cost_clamped_v0,0.305115,0.3,0.9,true,0.075,,0,0,0,3C71E9C222E281A29997DE2D6DA5EA95033145FEB110720120303556AEF727FE
2022-01-31T00:00:00.000Z|CHFJPY|ny|2022-02-04,2022-01-31T00:00:00.000Z,CHFJPY,LONG,ny|2022-02-04,NY,2022-02-04T00:00:00.000Z,2022-02-04T13:00:00.000Z,2022-02-04T13:00:00.000Z,2022-02-04T21:00:00.000Z,1.020198,0,0.626288,1.072953,low,0.6,true,normal,harvestable_chop_candidate,true,gate90d_range_box_slots_cost_clamped_v0,0.340066,0.3,0.9,true,0.075,,0,0,0,72619122C5C5B21EA6A56640029FDB9CF69F7AF154450F8BB740A0E342AB8526
2022-01-31T00:00:00.000Z|EURAUD|ny|2022-01-31,2022-01-31T00:00:00.000Z,EURAUD,LONG,ny|2022-01-31,NY,2022-01-31T00:00:00.000Z,2022-01-31T13:00:00.000Z,2022-01-31T13:00:00.000Z,2022-01-31T21:00:00.000Z,0.8386,0.078101,0.738531,1.364113,low,0.6,true,expanded,harvestable_chop_candidate,true,gate90d_range_box_slots_cost_clamped_v0,0.279533,0.279533,0.8386,true,0.069883,,0,0,0,5CE5FF44F251AFB43D499ABAFDB573AC682C0EEFC63A26E5A3D1E4FCF795D246
2022-01-31T00:00:00.000Z|EURAUD|asia_london|2022-02-01,2022-01-31T00:00:00.000Z,EURAUD,LONG,asia_london|2022-02-01,ASIA_LONDON,2022-01-31T13:00:00.000Z,2022-01-31T21:00:00.000Z,2022-02-01T00:00:00.000Z,2022-02-01T13:00:00.000Z,0.738531,0.014093,0.808297,1.364113,low,0.6,true,expanded,harvestable_chop_candidate,true,gate90d_range_box_slots_cost_clamped_v0,0.246177,0.246177,0.738531,true,0.061544,,0,0,0,1246B806A68C8812D703C2CDD25C2FE65290F38E1DFC92AE8AD399A40A25F9F2
2022-01-31T00:00:00.000Z|EURAUD|ny|2022-02-01,2022-01-31T00:00:00.000Z,EURAUD,LONG,ny|2022-02-01,NY,2022-02-01T00:00:00.000Z,2022-02-01T13:00:00.000Z,2022-02-01T13:00:00.000Z,2022-02-01T21:00:00.000Z,0.808297,0.076094,0.680041,1.364113,low,0.6,true,expanded,harvestable_chop_candidate,true,gate90d_range_box_slots_cost_clamped_v0,0.269432,0.269432,0.808297,true,0.067358,,0,0,0,88FA43871E00B5DAA7910BE0270EE80334DB2B099305AC191890377129E4A736
2022-01-31T00:00:00.000Z|EURAUD|asia_london|2022-02-02,2022-01-31T00:00:00.000Z,EURAUD,LONG,asia_london|2022-02-02,ASIA_LONDON,2022-02-01T13:00:00.000Z,2022-02-01T21:00:00.000Z,2022-02-02T00:00:00.000Z,2022-02-02T13:00:00.000Z,0.680041,0.015977,0.47779,1.364113,low,0.6,true,expanded,harvestable_chop_candidate,true,gate90d_range_box_slots_cost_clamped_v0,0.22668,0.22668,0.680041,true,0.05667,,0,0,0,32950B361C4BF58C3DDAA2F55F14DFC24A948C350ABCE5C5F71B7AF804AC3CF6
2022-01-31T00:00:00.000Z|EURAUD|ny|2022-02-02,2022-01-31T00:00:00.000Z,EURAUD,LONG,ny|2022-02-02,NY,2022-02-02T00:00:00.000Z,2022-02-02T13:00:00.000Z,2022-02-02T13:00:00.000Z,2022-02-02T21:00:00.000Z,0.47779,0.01501,0.341782,1.364113,low,0.6,false,expanded,dead_chop_cost_churn,false,gate90d_range_box_slots_cost_clamped_v0,0.159263,0.2,0.6,false,0.05,,0,0,0,93663241E67A52593E420C62B75DC27294307CE5980846843A344C337D414677
2022-01-31T00:00:00.000Z|EURAUD|asia_london|2022-02-03,2022-01-31T00:00:00.000Z,EURAUD,LONG,asia_london|2022-02-03,ASIA_LONDON,2022-02-02T13:00:00.000Z,2022-02-02T21:00:00.000Z,2022-02-03T00:00:00.000Z,2022-02-03T13:00:00.000Z,0.341782,0.02274,0.310071,1.364113,low,0.6,false,expanded,dead_chop_cost_churn,false,gate90d_range_box_slots_cost_clamped_v0,0.113927,0.2,0.6,false,0.05,,0,0,0,BC8D494D62D3CEAAD1A412B7073FE06346C42D49FB8A83D176BC9FF4774E4383
2022-01-31T00:00:00.000Z|EURAUD|ny|2022-02-03,2022-01-31T00:00:00.000Z,EURAUD,LONG,ny|2022-02-03,NY,2022-02-03T00:00:00.000Z,2022-02-03T13:00:00.000Z,2022-02-03T13:00:00.000Z,2022-02-03T21:00:00.000Z,0.310071,0.173583,1.447465,1.364113,low,0.6,false,expanded,dead_chop_cost_churn,false,gate90d_range_box_slots_cost_clamped_v0,0.103357,0.2,0.6,false,0.05,,0,0,0,7CE29377D20AB10C8A03E7C03D9A587CF81FCD6AB6D8A7342FCD42B31B38BB3F
2022-01-31T00:00:00.000Z|EURAUD|asia_london|2022-02-04,2022-01-31T00:00:00.000Z,EURAUD,LONG,asia_london|2022-02-04,ASIA_LONDON,2022-02-03T13:00:00.000Z,2022-02-03T21:00:00.000Z,2022-02-04T00:00:00.000Z,2022-02-04T13:00:00.000Z,1.447465,0.111546,1.422096,1.364113,low,0.6,true,expanded,harvestable_chop_candidate,true,gate90d_range_box_slots_cost_clamped_v0,0.482488,0.3,0.9,true,0.075,,0,0,0,33E90A35EB01DC222398561D2E6F2347886B33C1673A9A74BD4409C6EF5D15B7
2022-01-31T00:00:00.000Z|EURAUD|ny|2022-02-04,2022-01-31T00:00:00.000Z,EURAUD,LONG,ny|2022-02-04,NY,2022-02-04T00:00:00.000Z,2022-02-04T13:00:00.000Z,2022-02-04T13:00:00.000Z,2022-02-04T21:00:00.000Z,1.422096,0.069386,0.471448,1.364113,low,0.6,true,expanded,harvestable_chop_candidate,true,gate90d_range_box_slots_cost_clamped_v0,0.474032,0.3,0.9,true,0.075,,4,0,4,396CDBC191B58B5711F4F0E6C7F889949EAF04FC298B87C00E62BC257608CBCA
2022-01-31T00:00:00.000Z|EURCAD|ny|2022-01-31,2022-01-31T00:00:00.000Z,EURCAD,LONG,ny|2022-01-31,NY,2022-01-31T00:00:00.000Z,2022-01-31T13:00:00.000Z,2022-01-31T13:00:00.000Z,2022-01-31T21:00:00.000Z,0.324104,0.066309,0.63507,1.353272,low,0.6,false,expanded,dead_chop_cost_churn,false,gate90d_range_box_slots_cost_clamped_v0,0.108035,0.2,0.6,false,0.05,,1,0,1,283E833017E0DBF02460C153101E39B0FD3D15B881741DA2CEC2D0D60518A027
2022-01-31T00:00:00.000Z|EURCAD|asia_london|2022-02-01,2022-01-31T00:00:00.000Z,EURCAD,LONG,asia_london|2022-02-01,ASIA_LONDON,2022-01-31T13:00:00.000Z,2022-01-31T21:00:00.000Z,2022-02-01T00:00:00.000Z,2022-02-01T13:00:00.000Z,0.63507,0.02103,0.586892,1.353272,low,0.6,true,expanded,harvestable_chop_candidate,true,gate90d_range_box_slots_cost_clamped_v0,0.21169,0.21169,0.63507,true,0.052923,,0,0,0,935CFCFBCCD691EF4C1EEADE8729E4F05A120F812013A293118F691031293069
2022-01-31T00:00:00.000Z|EURCAD|ny|2022-02-01,2022-01-31T00:00:00.000Z,EURCAD,LONG,ny|2022-02-01,NY,2022-02-01T00:00:00.000Z,2022-02-01T13:00:00.000Z,2022-02-01T13:00:00.000Z,2022-02-01T21:00:00.000Z,0.586892,0.007121,0.635946,1.353272,low,0.6,false,expanded,dead_chop_cost_churn,false,gate90d_range_box_slots_cost_clamped_v0,0.195631,0.2,0.6,false,0.05,,1,0,1,4C8D6CD4C92CFA4DE76AF5C8DCE10ABD4E74BD23C684B56AD9D50229B465157C
2022-01-31T00:00:00.000Z|EURCAD|asia_london|2022-02-02,2022-01-31T00:00:00.000Z,EURCAD,LONG,asia_london|2022-02-02,ASIA_LONDON,2022-02-01T13:00:00.000Z,2022-02-01T21:00:00.000Z,2022-02-02T00:00:00.000Z,2022-02-02T13:00:00.000Z,0.635946,0.03406,0.576381,1.353272,low,0.6,true,expanded,harvestable_chop_candidate,true,gate90d_range_box_slots_cost_clamped_v0,0.211982,0.211982,0.635946,true,0.052995,,0,0,0,043F90DFD99B7A890190EE7D1958417BB998110049A72C192C68EEF7C5B2AF7B
2022-01-31T00:00:00.000Z|EURCAD|ny|2022-02-02,2022-01-31T00:00:00.000Z,EURCAD,LONG,ny|2022-02-02,NY,2022-02-02T00:00:00.000Z,2022-02-02T13:00:00.000Z,2022-02-02T13:00:00.000Z,2022-02-02T21:00:00.000Z,0.576381,0.017153,0.399437,1.353272,low,0.6,false,expanded,dead_chop_cost_churn,false,gate90d_range_box_slots_cost_clamped_v0,0.192127,0.2,0.6,false,0.05,,0,0,0,2D1D8C3C7C9F3A695B3687E23B390C6B5BCDE9E3522F6DA09842EE5F1EEBA26B
2022-01-31T00:00:00.000Z|EURCAD|asia_london|2022-02-03,2022-01-31T00:00:00.000Z,EURCAD,LONG,asia_london|2022-02-03,ASIA_LONDON,2022-02-02T13:00:00.000Z,2022-02-02T21:00:00.000Z,2022-02-03T00:00:00.000Z,2022-02-03T13:00:00.000Z,0.399437,0.004025,0.36615,1.353272,low,0.6,false,expanded,dead_chop_cost_churn,false,gate90d_range_box_slots_cost_clamped_v0,0.133146,0.2,0.6,false,0.05,,0,0,0,9BEFEFB600913FAEE88F036BBF9C765E3A671A6BF5DAB90BC607459ABCE32914
2022-01-31T00:00:00.000Z|EURCAD|ny|2022-02-03,2022-01-31T00:00:00.000Z,EURCAD,LONG,ny|2022-02-03,NY,2022-02-03T00:00:00.000Z,2022-02-03T13:00:00.000Z,2022-02-03T13:00:00.000Z,2022-02-03T21:00:00.000Z,0.36615,0.163741,1.645925,1.353272,low,0.6,false,expanded,dead_chop_cost_churn,false,gate90d_range_box_slots_cost_clamped_v0,0.12205,0.2,0.6,false,0.05,,0,0,0,E0E9BBF5741D662DE220B4257C14737A2672E0F091B28A7580BE83BE42EBD675
2022-01-31T00:00:00.000Z|EURCAD|asia_london|2022-02-04,2022-01-31T00:00:00.000Z,EURCAD,LONG,asia_london|2022-02-04,ASIA_LONDON,2022-02-03T13:00:00.000Z,2022-02-03T21:00:00.000Z,2022-02-04T00:00:00.000Z,2022-02-04T13:00:00.000Z,1.645925,0.079711,1.128234,1.353272,low,0.6,true,expanded,harvestable_chop_candidate,true,gate90d_range_box_slots_cost_clamped_v0,0.548642,0.3,0.9,true,0.075,,0,0,0,CC7BAF30C9DA41C456A5989C552EBBF71481DC5C64F7391EA976E6741A13C08E
2022-01-31T00:00:00.000Z|EURCAD|ny|2022-02-04,2022-01-31T00:00:00.000Z,EURCAD,LONG,ny|2022-02-04,NY,2022-02-04T00:00:00.000Z,2022-02-04T13:00:00.000Z,2022-02-04T13:00:00.000Z,2022-02-04T21:00:00.000Z,1.128234,0.05542,0.650836,1.353272,low,0.6,true,expanded,harvestable_chop_candidate,true,gate90d_range_box_slots_cost_clamped_v0,0.376078,0.3,0.9,true,0.075,,0,0,0,404D287AE7CA8AB64E782E648D840AD9423A00F7F640D8543726A08DF0FE2D2A
2022-01-31T00:00:00.000Z|EURCHF|ny|2022-01-31,2022-01-31T00:00:00.000Z,EURCHF,LONG,ny|2022-01-31,NY,2022-01-31T00:00:00.000Z,2022-01-31T13:00:00.000Z,2022-01-31T13:00:00.000Z,2022-01-31T21:00:00.000Z,1.115296,0.007125,0.953963,1.362165,low,0.6,true,expanded,harvestable_chop_candidate,true,gate90d_range_box_slots_cost_clamped_v0,0.371765,0.3,0.9,true,0.075,,0,0,0,41D874A4D543A611D7D64522B1573EEB78974B7FA3ED7ECAE767ADAFFD9CDAB8
2022-01-31T00:00:00.000Z|EURCHF|asia_london|2022-02-01,2022-01-31T00:00:00.000Z,EURCHF,LONG,asia_london|2022-02-01,ASIA_LONDON,2022-01-31T13:00:00.000Z,2022-01-31T21:00:00.000Z,2022-02-01T00:00:00.000Z,2022-02-01T13:00:00.000Z,0.953963,0.095969,0.993713,1.362165,low,0.6,true,expanded,harvestable_chop_candidate,true,gate90d_range_box_slots_cost_clamped_v0,0.317988,0.3,0.9,true,0.075,,0,0,0,1EC46C6BC634AC04E2FB53C4FC569C0747D4F6E2630D0FE40DE3A27A95CBA508
2022-01-31T00:00:00.000Z|EURCHF|ny|2022-02-01,2022-01-31T00:00:00.000Z,EURCHF,LONG,ny|2022-02-01,NY,2022-02-01T00:00:00.000Z,2022-02-01T13:00:00.000Z,2022-02-01T13:00:00.000Z,2022-02-01T21:00:00.000Z,0.993713,0.017299,0.720149,1.362165,low,0.6,true,expanded,harvestable_chop_candidate,true,gate90d_range_box_slots_cost_clamped_v0,0.331238,0.3,0.9,true,0.075,,0,0,0,D01BB4D658A261B3DD190820563A7892E12A92E823EEFCB2EF11655F6A61D798
2022-01-31T00:00:00.000Z|EURCHF|asia_london|2022-02-02,2022-01-31T00:00:00.000Z,EURCHF,LONG,asia_london|2022-02-02,ASIA_LONDON,2022-02-01T13:00:00.000Z,2022-02-01T21:00:00.000Z,2022-02-02T00:00:00.000Z,2022-02-02T13:00:00.000Z,0.720149,0.036921,0.685077,1.362165,low,0.6,true,expanded,harvestable_chop_candidate,true,gate90d_range_box_slots_cost_clamped_v0,0.24005,0.24005,0.720149,true,0.060012,,0,0,0,827FCFEEF96693A93A9E5B8C168D6D8ACE6BC2140CC6262B3E6BAC2114D13669
2022-01-31T00:00:00.000Z|EURCHF|ny|2022-02-02,2022-01-31T00:00:00.000Z,EURCHF,LONG,ny|2022-02-02,NY,2022-02-02T00:00:00.000Z,2022-02-02T13:00:00.000Z,2022-02-02T13:00:00.000Z,2022-02-02T21:00:00.000Z,0.685077,0.035499,0.647666,1.362165,low,0.6,true,expanded,harvestable_chop_candidate,true,gate90d_range_box_slots_cost_clamped_v0,0.228359,0.228359,0.685077,true,0.05709,,0,0,0,10B40ACC96A59D7B2A21F4B6281E64FE4E2A332C31A748EB1EA3920461234E14
2022-01-31T00:00:00.000Z|EURCHF|asia_london|2022-02-03,2022-01-31T00:00:00.000Z,EURCHF,LONG,asia_london|2022-02-03,ASIA_LONDON,2022-02-02T13:00:00.000Z,2022-02-02T21:00:00.000Z,2022-02-03T00:00:00.000Z,2022-02-03T13:00:00.000Z,0.647666,0.074233,0.989036,1.362165,low,0.6,true,expanded,harvestable_chop_candidate,true,gate90d_range_box_slots_cost_clamped_v0,0.215889,0.215889,0.647666,true,0.053972,,0,0,0,7BF00ABB03B04116D363C68D5D3271DA12203833911611ADDC9DE6F9653B28AC
2022-01-31T00:00:00.000Z|EURCHF|ny|2022-02-03,2022-01-31T00:00:00.000Z,EURCHF,LONG,ny|2022-02-03,NY,2022-02-03T00:00:00.000Z,2022-02-03T13:00:00.000Z,2022-02-03T13:00:00.000Z,2022-02-03T21:00:00.000Z,0.989036,0.2123,3.179879,1.362165,low,0.6,true,expanded,harvestable_chop_candidate,true,gate90d_range_box_slots_cost_clamped_v0,0.329679,0.3,0.9,true,0.075,,0,0,0,D7F6506232DCEE0E6E9969C62FE3A6161CBA4D1D531D65E4858D4CA57C4172C6
2022-01-31T00:00:00.000Z|EURCHF|asia_london|2022-02-04,2022-01-31T00:00:00.000Z,EURCHF,LONG,asia_london|2022-02-04,ASIA_LONDON,2022-02-03T13:00:00.000Z,2022-02-03T21:00:00.000Z,2022-02-04T00:00:00.000Z,2022-02-04T13:00:00.000Z,3.179879,0.083928,1.664761,1.362165,low,0.6,true,expanded,harvestable_chop_candidate,true,gate90d_range_box_slots_cost_clamped_v0,1.05996,0.3,0.9,true,0.075,,0,0,0,5559DBC5F2B1A9D4206AF611FD09968C2E562083CFA04836436ED9B77EE9921D
2022-01-31T00:00:00.000Z|EURCHF|ny|2022-02-04,2022-01-31T00:00:00.000Z,EURCHF,LONG,ny|2022-02-04,NY,2022-02-04T00:00:00.000Z,2022-02-04T13:00:00.000Z,2022-02-04T13:00:00.000Z,2022-02-04T21:00:00.000Z,1.664761,0.053196,0.86979,1.362165,low,0.6,true,expanded,harvestable_chop_candidate,true,gate90d_range_box_slots_cost_clamped_v0,0.55492,0.3,0.9,true,0.075,,0,0,0,2558E360A6D93BDDD28427ED5BF794DD31F034BDAA6ECC8DA087C71D13BDFB01
2022-01-31T00:00:00.000Z|EURGBP|ny|2022-01-31,2022-01-31T00:00:00.000Z,EURGBP,LONG,ny|2022-01-31,NY,2022-01-31T00:00:00.000Z,2022-01-31T13:00:00.000Z,2022-01-31T13:00:00.000Z,2022-01-31T21:00:00.000Z,0.598917,0.114343,1.083537,1.702202,low,0.6,false,expanded,dead_chop_cost_churn,false,gate90d_range_box_slots_cost_clamped_v0,0.199639,0.2,0.6,false,0.05,,4,0,4,E76AF53372B845425EA83B01600C4660D57782E0E367A1A6FF476C8FDE872814
2022-01-31T00:00:00.000Z|EURGBP|asia_london|2022-02-01,2022-01-31T00:00:00.000Z,EURGBP,LONG,asia_london|2022-02-01,ASIA_LONDON,2022-01-31T13:00:00.000Z,2022-01-31T21:00:00.000Z,2022-02-01T00:00:00.000Z,2022-02-01T13:00:00.000Z,1.083537,0.002109,0.514337,1.702202,low,0.6,true,expanded,harvestable_chop_candidate,true,gate90d_range_box_slots_cost_clamped_v0,0.361179,0.3,0.9,true,0.075,,0,0,0,A56D5F116055D2F3B473C0D0526E37970A572A4DACC29BD8642AA1C59F87C499
2022-01-31T00:00:00.000Z|EURGBP|ny|2022-02-01,2022-01-31T00:00:00.000Z,EURGBP,LONG,ny|2022-02-01,NY,2022-02-01T00:00:00.000Z,2022-02-01T13:00:00.000Z,2022-02-01T13:00:00.000Z,2022-02-01T21:00:00.000Z,0.514337,0.074874,0.829797,1.702202,low,0.6,false,expanded,dead_chop_cost_churn,false,gate90d_range_box_slots_cost_clamped_v0,0.171446,0.2,0.6,false,0.05,,0,0,0,B1847D5047E1A91E8BD8E7CCB3EE922735662F3415204B0A2F7D5EFF89509ABB
2022-01-31T00:00:00.000Z|EURGBP|asia_london|2022-02-02,2022-01-31T00:00:00.000Z,EURGBP,LONG,asia_london|2022-02-02,ASIA_LONDON,2022-02-01T13:00:00.000Z,2022-02-01T21:00:00.000Z,2022-02-02T00:00:00.000Z,2022-02-02T13:00:00.000Z,0.829797,0.007889,0.512051,1.702202,low,0.6,true,expanded,harvestable_chop_candidate,true,gate90d_range_box_slots_cost_clamped_v0,0.276599,0.276599,0.829797,true,0.06915,,0,0,0,2A2A372967D6EBD5C6D3FF893C6FF224BB2AADF6ECA3F0F838AB1F111135E526
2022-01-31T00:00:00.000Z|EURGBP|ny|2022-02-02,2022-01-31T00:00:00.000Z,EURGBP,LONG,ny|2022-02-02,NY,2022-02-02T00:00:00.000Z,2022-02-02T13:00:00.000Z,2022-02-02T13:00:00.000Z,2022-02-02T21:00:00.000Z,0.512051,0.035168,0.454902,1.702202,low,0.6,false,expanded,dead_chop_cost_churn,false,gate90d_range_box_slots_cost_clamped_v0,0.170684,0.2,0.6,false,0.05,,0,0,0,4E14D2DEE79B80BF2D4BC453DD8D90111967A6F2FC1D26C4AD89771864E758F4
2022-01-31T00:00:00.000Z|EURGBP|asia_london|2022-02-03,2022-01-31T00:00:00.000Z,EURGBP,LONG,asia_london|2022-02-03,ASIA_LONDON,2022-02-02T13:00:00.000Z,2022-02-02T21:00:00.000Z,2022-02-03T00:00:00.000Z,2022-02-03T13:00:00.000Z,0.454902,0.044981,1.243553,1.702202,low,0.6,false,expanded,dead_chop_cost_churn,false,gate90d_range_box_slots_cost_clamped_v0,0.151634,0.2,0.6,false,0.05,,0,0,0,1021EE3F4E4C58DB4E3D3E9800A9D6D4CD6C978DB75A7E77E2BD4963CC189404
2022-01-31T00:00:00.000Z|EURGBP|ny|2022-02-03,2022-01-31T00:00:00.000Z,EURGBP,LONG,ny|2022-02-03,NY,2022-02-03T00:00:00.000Z,2022-02-03T13:00:00.000Z,2022-02-03T13:00:00.000Z,2022-02-03T21:00:00.000Z,1.243553,0.175861,2.51225,1.702202,low,0.6,true,expanded,harvestable_chop_candidate,true,gate90d_range_box_slots_cost_clamped_v0,0.414518,0.3,0.9,true,0.075,,0,0,0,4B7D86F64C259D1B2357D769DD3C808BAFDF421A8D526CEDEDEA71E812412F5D
2022-01-31T00:00:00.000Z|EURGBP|asia_london|2022-02-04,2022-01-31T00:00:00.000Z,EURGBP,LONG,asia_london|2022-02-04,ASIA_LONDON,2022-02-03T13:00:00.000Z,2022-02-03T21:00:00.000Z,2022-02-04T00:00:00.000Z,2022-02-04T13:00:00.000Z,2.51225,0.094715,1.389853,1.702202,low,0.6,true,expanded,harvestable_chop_candidate,true,gate90d_range_box_slots_cost_clamped_v0,0.837417,0.3,0.9,true,0.075,,0,0,0,F98930B2EE9D312201D5978303589795056A40517448043A8401898696303975
2022-01-31T00:00:00.000Z|EURGBP|ny|2022-02-04,2022-01-31T00:00:00.000Z,EURGBP,LONG,ny|2022-02-04,NY,2022-02-04T00:00:00.000Z,2022-02-04T13:00:00.000Z,2022-02-04T13:00:00.000Z,2022-02-04T21:00:00.000Z,1.389853,0.00205,0.761219,1.702202,low,0.6,true,expanded,harvestable_chop_candidate,true,gate90d_range_box_slots_cost_clamped_v0,0.463284,0.3,0.9,true,0.075,,4,0,4,412A1171D976B57F940674B4138C0666CD5A2240DA52BA55872C4140F5A553C3
2022-01-31T00:00:00.000Z|EURJPY|ny|2022-01-31,2022-01-31T00:00:00.000Z,EURJPY,LONG,ny|2022-01-31,NY,2022-01-31T00:00:00.000Z,2022-01-31T13:00:00.000Z,2022-01-31T13:00:00.000Z,2022-01-31T21:00:00.000Z,0.553701,0.078169,0.824507,1.207996,low,0.6,false,expanded,dead_chop_cost_churn,false,gate90d_range_box_slots_cost_clamped_v0,0.184567,0.2,0.6,false,0.05,,0,0,0,2A91EA00966AF364AD9A3084F121B7FC93529306FFE5D125D86A0098DF7A82C7
2022-01-31T00:00:00.000Z|EURJPY|asia_london|2022-02-01,2022-01-31T00:00:00.000Z,EURJPY,LONG,asia_london|2022-02-01,ASIA_LONDON,2022-01-31T13:00:00.000Z,2022-01-31T21:00:00.000Z,2022-02-01T00:00:00.000Z,2022-02-01T13:00:00.000Z,0.824507,0.019985,0.545239,1.207996,low,0.6,true,expanded,harvestable_chop_candidate,true,gate90d_range_box_slots_cost_clamped_v0,0.274836,0.274836,0.824507,true,0.068709,,0,0,0,8B784F0FE6CA0EB68AFEFD4F83CC4C07230F037D43676739A3A55659924CFA9A
2022-01-31T00:00:00.000Z|EURJPY|ny|2022-02-01,2022-01-31T00:00:00.000Z,EURJPY,LONG,ny|2022-02-01,NY,2022-02-01T00:00:00.000Z,2022-02-01T13:00:00.000Z,2022-02-01T13:00:00.000Z,2022-02-01T21:00:00.000Z,0.545239,0.022614,0.621402,1.207996,low,0.6,false,expanded,dead_chop_cost_churn,false,gate90d_range_box_slots_cost_clamped_v0,0.181746,0.2,0.6,false,0.05,,0,0,0,0091FF0C82E3125A97B3DF2CD96313D2BFD7432C986DEA49E0440C591D87A67D
2022-01-31T00:00:00.000Z|EURJPY|asia_london|2022-02-02,2022-01-31T00:00:00.000Z,EURJPY,LONG,asia_london|2022-02-02,ASIA_LONDON,2022-02-01T13:00:00.000Z,2022-02-01T21:00:00.000Z,2022-02-02T00:00:00.000Z,2022-02-02T13:00:00.000Z,0.621402,0.001961,0.490835,1.207996,low,0.6,true,expanded,harvestable_chop_candidate,true,gate90d_range_box_slots_cost_clamped_v0,0.207134,0.207134,0.621402,true,0.051784,,0,0,0,AB5C6A9B554FA49FF71895E23C45C0CF502805D3D9F20D9F6E28DBD3DC6EBB57
2022-01-31T00:00:00.000Z|EURJPY|ny|2022-02-02,2022-01-31T00:00:00.000Z,EURJPY,LONG,ny|2022-02-02,NY,2022-02-02T00:00:00.000Z,2022-02-02T13:00:00.000Z,2022-02-02T13:00:00.000Z,2022-02-02T21:00:00.000Z,0.490835,0.003933,0.464238,1.207996,low,0.6,false,expanded,dead_chop_cost_churn,false,gate90d_range_box_slots_cost_clamped_v0,0.163612,0.2,0.6,false,0.05,,0,0,0,66B081E8A18D107A66B3278A940B01B8B7333CDD462421F6A51C8572045CEFB6
2022-01-31T00:00:00.000Z|EURJPY|asia_london|2022-02-03,2022-01-31T00:00:00.000Z,EURJPY,LONG,asia_london|2022-02-03,ASIA_LONDON,2022-02-02T13:00:00.000Z,2022-02-02T21:00:00.000Z,2022-02-03T00:00:00.000Z,2022-02-03T13:00:00.000Z,0.464238,0.064123,0.737463,1.207996,low,0.6,false,expanded,dead_chop_cost_churn,false,gate90d_range_box_slots_cost_clamped_v0,0.154746,0.2,0.6,false,0.05,,0,0,0,B027CD461F07891F771DB444AF8CAF13CF6628F37B844EDCE1A98355069666C5
2022-01-31T00:00:00.000Z|EURJPY|ny|2022-02-03,2022-01-31T00:00:00.000Z,EURJPY,LONG,ny|2022-02-03,NY,2022-02-03T00:00:00.000Z,2022-02-03T13:00:00.000Z,2022-02-03T13:00:00.000Z,2022-02-03T21:00:00.000Z,0.737463,0.18278,2.379223,1.207996,low,0.6,true,expanded,harvestable_chop_candidate,true,gate90d_range_box_slots_cost_clamped_v0,0.245821,0.245821,0.737463,true,0.061455,,0,0,0,1098F2F1B596379E025AE00EEB2058D2220B4BB7E4647B9A742DB1D2A9D9D83F
2022-01-31T00:00:00.000Z|EURJPY|asia_london|2022-02-04,2022-01-31T00:00:00.000Z,EURJPY,LONG,asia_london|2022-02-04,ASIA_LONDON,2022-02-03T13:00:00.000Z,2022-02-03T21:00:00.000Z,2022-02-04T00:00:00.000Z,2022-02-04T13:00:00.000Z,2.379223,0.030528,0.681851,1.207996,low,0.6,true,expanded,harvestable_chop_candidate,true,gate90d_range_box_slots_cost_clamped_v0,0.793074,0.3,0.9,true,0.075,,0,0,0,0343F8865DC4ED446A7F3B4648A7DC1D055A2E47629D81109464A556F095EAAC
2022-01-31T00:00:00.000Z|EURJPY|ny|2022-02-04,2022-01-31T00:00:00.000Z,EURJPY,LONG,ny|2022-02-04,NY,2022-02-04T00:00:00.000Z,2022-02-04T13:00:00.000Z,2022-02-04T13:00:00.000Z,2022-02-04T21:00:00.000Z,0.681851,0.037481,0.447313,1.207996,low,0.6,true,expanded,harvestable_chop_candidate,true,gate90d_range_box_slots_cost_clamped_v0,0.227284,0.227284,0.681851,true,0.056821,,0,0,0,1F841C29547C91EECD5664D27FC040E6C994E62349C643DB1F6CB491253C71AD
2022-01-31T00:00:00.000Z|EURNZD|ny|2022-01-31,2022-01-31T00:00:00.000Z,EURNZD,LONG,ny|2022-01-31,NY,2022-01-31T00:00:00.000Z,2022-01-31T13:00:00.000Z,2022-01-31T13:00:00.000Z,2022-01-31T21:00:00.000Z,0.55043,0.105186,0.953723,1.284352,low,0.6,false,expanded,dead_chop_cost_churn,false,gate90d_range_box_slots_cost_clamped_v0,0.183477,0.2,0.6,false,0.05,,0,0,0,C74C6D5A797F3B1A60CF7271995119772C045C5E45858409515E1E262D710918
2022-01-31T00:00:00.000Z|EURNZD|asia_london|2022-02-01,2022-01-31T00:00:00.000Z,EURNZD,LONG,asia_london|2022-02-01,ASIA_LONDON,2022-01-31T13:00:00.000Z,2022-01-31T21:00:00.000Z,2022-02-01T00:00:00.000Z,2022-02-01T13:00:00.000Z,0.953723,0.024745,0.53442,1.284352,low,0.6,true,expanded,harvestable_chop_candidate,true,gate90d_range_box_slots_cost_clamped_v0,0.317908,0.3,0.9,true,0.075,,0,0,0,B8308B85811DBE51BACE00C6F76C355E5250A919C2990B8641D86E56417DAD71
2022-01-31T00:00:00.000Z|EURNZD|ny|2022-02-01,2022-01-31T00:00:00.000Z,EURNZD,LONG,ny|2022-02-01,NY,2022-02-01T00:00:00.000Z,2022-02-01T13:00:00.000Z,2022-02-01T13:00:00.000Z,2022-02-01T21:00:00.000Z,0.53442,0.105644,0.904932,1.284352,low,0.6,false,expanded,dead_chop_cost_churn,false,gate90d_range_box_slots_cost_clamped_v0,0.17814,0.2,0.6,false,0.05,,2,2,0,930F140759E74D07FC8369F39CFA36D2DE70C8CFDFFFCD27433C2D4C33E28690
2022-01-31T00:00:00.000Z|EURNZD|asia_london|2022-02-02,2022-01-31T00:00:00.000Z,EURNZD,LONG,asia_london|2022-02-02,ASIA_LONDON,2022-02-01T13:00:00.000Z,2022-02-01T21:00:00.000Z,2022-02-02T00:00:00.000Z,2022-02-02T13:00:00.000Z,0.904932,0.02914,0.673934,1.284352,low,0.6,true,expanded,harvestable_chop_candidate,true,gate90d_range_box_slots_cost_clamped_v0,0.301644,0.3,0.9,true,0.075,,0,0,0,B377EA517EC3514578B7F507F8AA7530714DA5E4BD4EB294A784508CF1A0B3AE
2022-01-31T00:00:00.000Z|EURNZD|ny|2022-02-02,2022-01-31T00:00:00.000Z,EURNZD,LONG,ny|2022-02-02,NY,2022-02-02T00:00:00.000Z,2022-02-02T13:00:00.000Z,2022-02-02T13:00:00.000Z,2022-02-02T21:00:00.000Z,0.673934,0.021129,0.419302,1.284352,low,0.6,true,expanded,harvestable_chop_candidate,true,gate90d_range_box_slots_cost_clamped_v0,0.224645,0.224645,0.673934,true,0.056161,,0,0,0,1A736CC2FB336F91644762D6F91331C091620435A4B254B3C3A7F0969E6C612C
2022-01-31T00:00:00.000Z|EURNZD|asia_london|2022-02-03,2022-01-31T00:00:00.000Z,EURNZD,LONG,asia_london|2022-02-03,ASIA_LONDON,2022-02-02T13:00:00.000Z,2022-02-02T21:00:00.000Z,2022-02-03T00:00:00.000Z,2022-02-03T13:00:00.000Z,0.419302,0.08473,0.896545,1.284352,low,0.6,false,expanded,dead_chop_cost_churn,false,gate90d_range_box_slots_cost_clamped_v0,0.139767,0.2,0.6,false,0.05,,0,0,0,2998B02136AC389135A0FB19CC5D2E4F3A8D604FA7DAF9B375BB0C701C9B3E55
2022-01-31T00:00:00.000Z|EURNZD|ny|2022-02-03,2022-01-31T00:00:00.000Z,EURNZD,LONG,ny|2022-02-03,NY,2022-02-03T00:00:00.000Z,2022-02-03T13:00:00.000Z,2022-02-03T13:00:00.000Z,2022-02-03T21:00:00.000Z,0.896545,0.166276,1.528549,1.284352,low,0.6,true,expanded,harvestable_chop_candidate,true,gate90d_range_box_slots_cost_clamped_v0,0.298848,0.298848,0.896545,true,0.074712,,2,0,2,9255F80AB2A678FFA20778ACBC0E39849BBAAAED7859177B158A8A27486D02A2
2022-01-31T00:00:00.000Z|EURNZD|asia_london|2022-02-04,2022-01-31T00:00:00.000Z,EURNZD,LONG,asia_london|2022-02-04,ASIA_LONDON,2022-02-03T13:00:00.000Z,2022-02-03T21:00:00.000Z,2022-02-04T00:00:00.000Z,2022-02-04T13:00:00.000Z,1.528549,0.10088,1.480519,1.284352,low,0.6,true,expanded,harvestable_chop_candidate,true,gate90d_range_box_slots_cost_clamped_v0,0.509516,0.3,0.9,true,0.075,,0,0,0,CEE8D4A7520481779F413763D531D5DC1EA88E0652E083BDD4DBDAE4C9385DCD
2022-01-31T00:00:00.000Z|EURNZD|ny|2022-02-04,2022-01-31T00:00:00.000Z,EURNZD,LONG,ny|2022-02-04,NY,2022-02-04T00:00:00.000Z,2022-02-04T13:00:00.000Z,2022-02-04T13:00:00.000Z,2022-02-04T21:00:00.000Z,1.480519,0.097921,0.808873,1.284352,low,0.6,true,expanded,harvestable_chop_candidate,true,gate90d_range_box_slots_cost_clamped_v0,0.493506,0.3,0.9,true,0.075,,2,0,2,F8F33DF6197AC11785BC765EE927F223A7EABCA3475D856A6AAEF8D333E44AC8
2022-01-31T00:00:00.000Z|EURUSD|ny|2022-01-31,2022-01-31T00:00:00.000Z,EURUSD,SHORT,ny|2022-01-31,NY,2022-01-31T00:00:00.000Z,2022-01-31T13:00:00.000Z,2022-01-31T13:00:00.000Z,2022-01-31T21:00:00.000Z,0.513485,0.135475,1.29737,1.150374,low,0.6,false,expanded,dead_chop_cost_churn,false,gate90d_range_box_slots_cost_clamped_v0,0.171162,0.2,0.6,false,0.05,,0,0,0,DC33CE05D71917C973BDEF5CFC83A14C91A04424B1E5B8AD364B3A02ADC7E197
2022-01-31T00:00:00.000Z|EURUSD|asia_london|2022-02-01,2022-01-31T00:00:00.000Z,EURUSD,SHORT,asia_london|2022-02-01,ASIA_LONDON,2022-01-31T13:00:00.000Z,2022-01-31T21:00:00.000Z,2022-02-01T00:00:00.000Z,2022-02-01T13:00:00.000Z,1.29737,0.051299,0.790713,1.150374,low,0.6,true,expanded,harvestable_chop_candidate,true,gate90d_range_box_slots_cost_clamped_v0,0.432457,0.3,0.9,true,0.075,,2,0,2,81420DFA47975E80A4987298FDE4D5986812DE1B83DA4C7630F05F142A85A5DF
2022-01-31T00:00:00.000Z|EURUSD|ny|2022-02-01,2022-01-31T00:00:00.000Z,EURUSD,SHORT,ny|2022-02-01,NY,2022-02-01T00:00:00.000Z,2022-02-01T13:00:00.000Z,2022-02-01T13:00:00.000Z,2022-02-01T21:00:00.000Z,0.790713,0.014002,0.546261,1.150374,low,0.6,true,expanded,harvestable_chop_candidate,true,gate90d_range_box_slots_cost_clamped_v0,0.263571,0.263571,0.790713,true,0.065893,,0,0,0,6085FA5D66907382C20DB9079C2ED3E48FB7F1846FCC8454DA8395FC19C9B619
2022-01-31T00:00:00.000Z|EURUSD|asia_london|2022-02-02,2022-01-31T00:00:00.000Z,EURUSD,SHORT,asia_london|2022-02-02,ASIA_LONDON,2022-02-01T13:00:00.000Z,2022-02-01T21:00:00.000Z,2022-02-02T00:00:00.000Z,2022-02-02T13:00:00.000Z,0.546261,0.099158,0.846705,1.150374,low,0.6,false,expanded,dead_chop_cost_churn,false,gate90d_range_box_slots_cost_clamped_v0,0.182087,0.2,0.6,false,0.05,,0,0,0,78553B979639BA2D47B085937C0B4D3FC3D52BF439B761CD143B17E62B6519FC
2022-01-31T00:00:00.000Z|EURUSD|ny|2022-02-02,2022-01-31T00:00:00.000Z,EURUSD,SHORT,ny|2022-02-02,NY,2022-02-02T00:00:00.000Z,2022-02-02T13:00:00.000Z,2022-02-02T13:00:00.000Z,2022-02-02T21:00:00.000Z,0.846705,0.04223,0.516216,1.150374,low,0.6,true,expanded,harvestable_chop_candidate,true,gate90d_range_box_slots_cost_clamped_v0,0.282235,0.282235,0.846705,true,0.070559,,0,0,0,CA78478E4CFFB45FFFB586672C1E11E82C1F851D844A239779C4BAFBB201567F
2022-01-31T00:00:00.000Z|EURUSD|asia_london|2022-02-03,2022-01-31T00:00:00.000Z,EURUSD,SHORT,asia_london|2022-02-03,ASIA_LONDON,2022-02-02T13:00:00.000Z,2022-02-02T21:00:00.000Z,2022-02-03T00:00:00.000Z,2022-02-03T13:00:00.000Z,0.516216,0.013737,0.561283,1.150374,low,0.6,false,expanded,dead_chop_cost_churn,false,gate90d_range_box_slots_cost_clamped_v0,0.172072,0.2,0.6,false,0.05,,2,2,0,FB7C203D26C52D1074E1B757BB9FA34C6526EB2E2F07CFCB03490B075EC6849A
2022-01-31T00:00:00.000Z|EURUSD|ny|2022-02-03,2022-01-31T00:00:00.000Z,EURUSD,SHORT,ny|2022-02-03,NY,2022-02-03T00:00:00.000Z,2022-02-03T13:00:00.000Z,2022-02-03T13:00:00.000Z,2022-02-03T21:00:00.000Z,0.561283,0.158936,2.348922,1.150374,low,0.6,false,expanded,dead_chop_cost_churn,false,gate90d_range_box_slots_cost_clamped_v0,0.187094,0.2,0.6,false,0.05,,0,0,0,22C4DC601439870382123DB840D83D01A6A08E52CF66B3A58C5632645C03366F
2022-01-31T00:00:00.000Z|EURUSD|asia_london|2022-02-04,2022-01-31T00:00:00.000Z,EURUSD,SHORT,asia_london|2022-02-04,ASIA_LONDON,2022-02-03T13:00:00.000Z,2022-02-03T21:00:00.000Z,2022-02-04T00:00:00.000Z,2022-02-04T13:00:00.000Z,2.348922,0.039421,0.708773,1.150374,low,0.6,true,expanded,harvestable_chop_candidate,true,gate90d_range_box_slots_cost_clamped_v0,0.782974,0.3,0.9,true,0.075,,0,0,0,460BA31C49AC525852C779C16AE3F6F90F1C42844CD767D1B5D50985304D3E50
2022-01-31T00:00:00.000Z|EURUSD|ny|2022-02-04,2022-01-31T00:00:00.000Z,EURUSD,SHORT,ny|2022-02-04,NY,2022-02-04T00:00:00.000Z,2022-02-04T13:00:00.000Z,2022-02-04T13:00:00.000Z,2022-02-04T21:00:00.000Z,0.708773,0.052656,0.77296,1.150374,low,0.6,true,expanded,harvestable_chop_candidate,true,gate90d_range_box_slots_cost_clamped_v0,0.236258,0.236258,0.708773,true,0.059064,,3,3,0,C46ADA81B223A05145C4C36C587C462B6AD750F90475E1C891B1537B1D392335
2022-01-31T00:00:00.000Z|GBPAUD|ny|2022-01-31,2022-01-31T00:00:00.000Z,GBPAUD,LONG,ny|2022-01-31,NY,2022-01-31T00:00:00.000Z,2022-01-31T13:00:00.000Z,2022-01-31T13:00:00.000Z,2022-01-31T21:00:00.000Z,1.13106,0.005605,0.503335,1.211309,low,0.6,true,expanded,harvestable_chop_candidate,true,gate90d_range_box_slots_cost_clamped_v0,0.37702,0.3,0.9,true,0.075,,0,0,0,E6781F28C9655D93CC21B6F5472F8028C32DBC11A3906A5D1BA728FEE73527E7
2022-01-31T00:00:00.000Z|GBPAUD|asia_london|2022-02-01,2022-01-31T00:00:00.000Z,GBPAUD,LONG,asia_london|2022-02-01,ASIA_LONDON,2022-01-31T13:00:00.000Z,2022-01-31T21:00:00.000Z,2022-02-01T00:00:00.000Z,2022-02-01T13:00:00.000Z,0.503335,0.015731,0.895301,1.211309,low,0.6,false,expanded,dead_chop_cost_churn,false,gate90d_range_box_slots_cost_clamped_v0,0.167778,0.2,0.6,false,0.05,,1,0,1,8FE83E1B88ED089CD3E5C710E7F65F99B06FC5EF50618BBF1A10114F14BE4E2A
2022-01-31T00:00:00.000Z|GBPAUD|ny|2022-02-01,2022-01-31T00:00:00.000Z,GBPAUD,LONG,ny|2022-02-01,NY,2022-02-01T00:00:00.000Z,2022-02-01T13:00:00.000Z,2022-02-01T13:00:00.000Z,2022-02-01T21:00:00.000Z,0.895301,0.02644,0.613983,1.211309,low,0.6,true,expanded,harvestable_chop_candidate,true,gate90d_range_box_slots_cost_clamped_v0,0.298434,0.298434,0.895301,true,0.074608,,0,0,0,141F794B98579C9E1E704A584B837EF62DAB915119AA82CFFBCE392EDC406799
2022-01-31T00:00:00.000Z|GBPAUD|asia_london|2022-02-02,2022-01-31T00:00:00.000Z,GBPAUD,LONG,asia_london|2022-02-02,ASIA_LONDON,2022-02-01T13:00:00.000Z,2022-02-01T21:00:00.000Z,2022-02-02T00:00:00.000Z,2022-02-02T13:00:00.000Z,0.613983,0.012924,0.558298,1.211309,low,0.6,true,expanded,harvestable_chop_candidate,true,gate90d_range_box_slots_cost_clamped_v0,0.204661,0.204661,0.613983,true,0.051165,,0,0,0,85EFF37C378870D779F0E11B5083D16945613FDB63C5519E17EC5DFAB9F7197D
2022-01-31T00:00:00.000Z|GBPAUD|ny|2022-02-02,2022-01-31T00:00:00.000Z,GBPAUD,LONG,ny|2022-02-02,NY,2022-02-02T00:00:00.000Z,2022-02-02T13:00:00.000Z,2022-02-02T13:00:00.000Z,2022-02-02T21:00:00.000Z,0.558298,0.042471,0.641464,1.211309,low,0.6,false,expanded,dead_chop_cost_churn,false,gate90d_range_box_slots_cost_clamped_v0,0.186099,0.2,0.6,false,0.05,,0,0,0,F9724379184B28A68A582F9D473C2D2821A5E82012014137155BCC408079346A
2022-01-31T00:00:00.000Z|GBPAUD|asia_london|2022-02-03,2022-01-31T00:00:00.000Z,GBPAUD,LONG,asia_london|2022-02-03,ASIA_LONDON,2022-02-02T13:00:00.000Z,2022-02-02T21:00:00.000Z,2022-02-03T00:00:00.000Z,2022-02-03T13:00:00.000Z,0.641464,0.012392,0.992931,1.211309,low,0.6,true,expanded,harvestable_chop_candidate,true,gate90d_range_box_slots_cost_clamped_v0,0.213821,0.213821,0.641464,true,0.053455,,0,0,0,D19B3EAD45CB1B18C3E946C5E16D1BDB8C2E38244E666F189DBD51DF8450A30A
2022-01-31T00:00:00.000Z|GBPAUD|ny|2022-02-03,2022-01-31T00:00:00.000Z,GBPAUD,LONG,ny|2022-02-03,NY,2022-02-03T00:00:00.000Z,2022-02-03T13:00:00.000Z,2022-02-03T13:00:00.000Z,2022-02-03T21:00:00.000Z,0.992931,0.007824,0.59735,1.211309,low,0.6,true,expanded,harvestable_chop_candidate,true,gate90d_range_box_slots_cost_clamped_v0,0.330977,0.3,0.9,true,0.075,,0,0,0,E408EBA377502524FF4774C67F7D6BE787900E3AABE86A4B04BD2D31A834B8F2
2022-01-31T00:00:00.000Z|GBPAUD|asia_london|2022-02-04,2022-01-31T00:00:00.000Z,GBPAUD,LONG,asia_london|2022-02-04,ASIA_LONDON,2022-02-03T13:00:00.000Z,2022-02-03T21:00:00.000Z,2022-02-04T00:00:00.000Z,2022-02-04T13:00:00.000Z,0.59735,0.053643,0.927122,1.211309,low,0.6,false,expanded,dead_chop_cost_churn,false,gate90d_range_box_slots_cost_clamped_v0,0.199117,0.2,0.6,false,0.05,,0,0,0,8BE826C27F986181AEC2A9028836990C10C1A126DCBC3EA7D1BD84F11E530414
2022-01-31T00:00:00.000Z|GBPAUD|ny|2022-02-04,2022-01-31T00:00:00.000Z,GBPAUD,LONG,ny|2022-02-04,NY,2022-02-04T00:00:00.000Z,2022-02-04T13:00:00.000Z,2022-02-04T13:00:00.000Z,2022-02-04T21:00:00.000Z,0.927122,0.078413,0.569868,1.211309,low,0.6,true,expanded,harvestable_chop_candidate,true,gate90d_range_box_slots_cost_clamped_v0,0.309041,0.3,0.9,true,0.075,,1,0,1,CDE29C32F5032036C85E2D6968A269D64100D08B6E363A7041A1F720E10FA2F2
2022-01-31T00:00:00.000Z|GBPCAD|ny|2022-01-31,2022-01-31T00:00:00.000Z,GBPCAD,LONG,ny|2022-01-31,NY,2022-01-31T00:00:00.000Z,2022-01-31T13:00:00.000Z,2022-01-31T13:00:00.000Z,2022-01-31T21:00:00.000Z,0.663182,0.010652,1.092361,1.293323,low,0.6,true,expanded,harvestable_chop_candidate,true,gate90d_range_box_slots_cost_clamped_v0,0.221061,0.221061,0.663182,true,0.055265,,4,2,2,0175485D543FBD472DB349EFE2F05DBF760AC35663DF514299B8319FEFC75841
2022-01-31T00:00:00.000Z|GBPCAD|asia_london|2022-02-01,2022-01-31T00:00:00.000Z,GBPCAD,LONG,asia_london|2022-02-01,ASIA_LONDON,2022-01-31T13:00:00.000Z,2022-01-31T21:00:00.000Z,2022-02-01T00:00:00.000Z,2022-02-01T13:00:00.000Z,1.092361,0.024064,0.869902,1.293323,low,0.6,true,expanded,harvestable_chop_candidate,true,gate90d_range_box_slots_cost_clamped_v0,0.36412,0.3,0.9,true,0.075,,0,0,0,C8773BECBA25F4DD9E34962F398D2DC6DB12179D7A3B3629F2A57462FB7E52BA
2022-01-31T00:00:00.000Z|GBPCAD|ny|2022-02-01,2022-01-31T00:00:00.000Z,GBPCAD,LONG,ny|2022-02-01,NY,2022-02-01T00:00:00.000Z,2022-02-01T13:00:00.000Z,2022-02-01T13:00:00.000Z,2022-02-01T21:00:00.000Z,0.869902,0.045658,0.589728,1.293323,low,0.6,true,expanded,harvestable_chop_candidate,true,gate90d_range_box_slots_cost_clamped_v0,0.289967,0.289967,0.869902,true,0.072492,,2,0,2,5654E44E62E01DC9D2C39AB3EB057A053E6FC12CCEEA9367DC73A1DCD17C29B0
2022-01-31T00:00:00.000Z|GBPCAD|asia_london|2022-02-02,2022-01-31T00:00:00.000Z,GBPCAD,LONG,asia_london|2022-02-02,ASIA_LONDON,2022-02-01T13:00:00.000Z,2022-02-01T21:00:00.000Z,2022-02-02T00:00:00.000Z,2022-02-02T13:00:00.000Z,0.589728,0.031187,0.625406,1.293323,low,0.6,false,expanded,dead_chop_cost_churn,false,gate90d_range_box_slots_cost_clamped_v0,0.196576,0.2,0.6,false,0.05,,0,0,0,0B36F2019BBE6B6BFF7B38303E4ADFD6BFFB28A6100CB683D52C4D6B3F3DFC3E
2022-01-31T00:00:00.000Z|GBPCAD|ny|2022-02-02,2022-01-31T00:00:00.000Z,GBPCAD,LONG,ny|2022-02-02,NY,2022-02-02T00:00:00.000Z,2022-02-02T13:00:00.000Z,2022-02-02T13:00:00.000Z,2022-02-02T21:00:00.000Z,0.625406,0.007862,0.604419,1.293323,low,0.6,true,expanded,harvestable_chop_candidate,true,gate90d_range_box_slots_cost_clamped_v0,0.208469,0.208469,0.625406,true,0.052117,,0,0,0,9D5918B46490AED22F9A0C5DDB506B1A45F153107D43172AACE62F61FC9719FF
2022-01-31T00:00:00.000Z|GBPCAD|asia_london|2022-02-03,2022-01-31T00:00:00.000Z,GBPCAD,LONG,asia_london|2022-02-03,ASIA_LONDON,2022-02-02T13:00:00.000Z,2022-02-02T21:00:00.000Z,2022-02-03T00:00:00.000Z,2022-02-03T13:00:00.000Z,0.604419,0.037081,1.303279,1.293323,low,0.6,true,expanded,harvestable_chop_candidate,true,gate90d_range_box_slots_cost_clamped_v0,0.201473,0.201473,0.604419,true,0.050368,,0,0,0,C581EEDA74CDE2F81A9F2F82C5234122BE018623D7D28CD816B5CF1A5C238DA4
2022-01-31T00:00:00.000Z|GBPCAD|ny|2022-02-03,2022-01-31T00:00:00.000Z,GBPCAD,LONG,ny|2022-02-03,NY,2022-02-03T00:00:00.000Z,2022-02-03T13:00:00.000Z,2022-02-03T13:00:00.000Z,2022-02-03T21:00:00.000Z,1.303279,0.009149,0.581334,1.293323,low,0.6,true,expanded,harvestable_chop_candidate,true,gate90d_range_box_slots_cost_clamped_v0,0.434426,0.3,0.9,true,0.075,,0,0,0,651F16F3A89011E4DA16A7E0FF9E886171383654A89D20176AB5ABA199CE9D54
2022-01-31T00:00:00.000Z|GBPCAD|asia_london|2022-02-04,2022-01-31T00:00:00.000Z,GBPCAD,LONG,asia_london|2022-02-04,ASIA_LONDON,2022-02-03T13:00:00.000Z,2022-02-03T21:00:00.000Z,2022-02-04T00:00:00.000Z,2022-02-04T13:00:00.000Z,0.581334,0.002595,0.579235,1.293323,low,0.6,false,expanded,dead_chop_cost_churn,false,gate90d_range_box_slots_cost_clamped_v0,0.193778,0.2,0.6,false,0.05,,0,0,0,C9C7A80B9DB295C177FA8AB1667FD66A2A69E3C1FB3587A3B000531D7BB92425
2022-01-31T00:00:00.000Z|GBPCAD|ny|2022-02-04,2022-01-31T00:00:00.000Z,GBPCAD,LONG,ny|2022-02-04,NY,2022-02-04T00:00:00.000Z,2022-02-04T13:00:00.000Z,2022-02-04T13:00:00.000Z,2022-02-04T21:00:00.000Z,0.579235,0.073968,0.837372,1.293323,low,0.6,false,expanded,dead_chop_cost_churn,false,gate90d_range_box_slots_cost_clamped_v0,0.193078,0.2,0.6,false,0.05,,2,0,2,37460C96ADF903824EAC63F4820336D69A359BB48341B171D8B8FA7405BAA682
2022-01-31T00:00:00.000Z|GBPCHF|ny|2022-01-31,2022-01-31T00:00:00.000Z,GBPCHF,LONG,ny|2022-01-31,NY,2022-01-31T00:00:00.000Z,2022-01-31T13:00:00.000Z,2022-01-31T13:00:00.000Z,2022-01-31T21:00:00.000Z,0.816888,0.085548,0.851372,1.019099,low,0.6,true,normal,harvestable_chop_candidate,true,gate90d_range_box_slots_cost_clamped_v0,0.272296,0.272296,0.816888,true,0.068074,,0,0,0,9E66709A8BFAB8BC70DDF347CBE48F0CF0F3762E96641E97A7CF9345F19568F3
2022-01-31T00:00:00.000Z|GBPCHF|asia_london|2022-02-01,2022-01-31T00:00:00.000Z,GBPCHF,LONG,asia_london|2022-02-01,ASIA_LONDON,2022-01-31T13:00:00.000Z,2022-01-31T21:00:00.000Z,2022-02-01T00:00:00.000Z,2022-02-01T13:00:00.000Z,0.851372,0.070374,0.604046,1.019099,low,0.6,true,normal,harvestable_chop_candidate,true,gate90d_range_box_slots_cost_clamped_v0,0.283791,0.283791,0.851372,true,0.070948,,0,0,0,1EFDD7ED2F83A2CBED5143D6B387B44B0F023F42311756D55C09080DBFC3C606
2022-01-31T00:00:00.000Z|GBPCHF|ny|2022-02-01,2022-01-31T00:00:00.000Z,GBPCHF,LONG,ny|2022-02-01,NY,2022-02-01T00:00:00.000Z,2022-02-01T13:00:00.000Z,2022-02-01T13:00:00.000Z,2022-02-01T21:00:00.000Z,0.604046,0.074162,0.663499,1.019099,low,0.6,true,normal,harvestable_chop_candidate,true,gate90d_range_box_slots_cost_clamped_v0,0.201349,0.201349,0.604046,true,0.050337,,0,0,0,CF6AA446709A63D0C059F6B007ACE51BFAE3FB606C86F730ED04BCE32A84B937
2022-01-31T00:00:00.000Z|GBPCHF|asia_london|2022-02-02,2022-01-31T00:00:00.000Z,GBPCHF,LONG,asia_london|2022-02-02,ASIA_LONDON,2022-02-01T13:00:00.000Z,2022-02-01T21:00:00.000Z,2022-02-02T00:00:00.000Z,2022-02-02T13:00:00.000Z,0.663499,0.019002,0.33056,1.019099,low,0.6,true,normal,harvestable_chop_candidate,true,gate90d_range_box_slots_cost_clamped_v0,0.221166,0.221166,0.663499,true,0.055292,,0,0,0,6AA3280D1572B0DE35B5E0807E37D9F181B312A1CC3EC6226F1D0D872B9F1435
2022-01-31T00:00:00.000Z|GBPCHF|ny|2022-02-02,2022-01-31T00:00:00.000Z,GBPCHF,LONG,ny|2022-02-02,NY,2022-02-02T00:00:00.000Z,2022-02-02T13:00:00.000Z,2022-02-02T13:00:00.000Z,2022-02-02T21:00:00.000Z,0.33056,0.005801,0.28062,1.019099,low,0.6,false,normal,dead_chop_cost_churn,false,gate90d_range_box_slots_cost_clamped_v0,0.110187,0.2,0.6,false,0.05,,0,0,0,A8A9F04328C6A6A03F266645A1C7F0FB75E8DE660011E978FFB3C178194AB746
2022-01-31T00:00:00.000Z|GBPCHF|asia_london|2022-02-03,2022-01-31T00:00:00.000Z,GBPCHF,LONG,asia_london|2022-02-03,ASIA_LONDON,2022-02-02T13:00:00.000Z,2022-02-02T21:00:00.000Z,2022-02-03T00:00:00.000Z,2022-02-03T13:00:00.000Z,0.28062,0.079779,1.24852,1.019099,low,0.6,false,normal,dead_chop_cost_churn,false,gate90d_range_box_slots_cost_clamped_v0,0.09354,0.2,0.6,false,0.05,,0,0,0,109364B53437DA1E6AB3D5B2D9E72A91ECD3D015579EC68F6506593233B1537B
2022-01-31T00:00:00.000Z|GBPCHF|ny|2022-02-03,2022-01-31T00:00:00.000Z,GBPCHF,LONG,ny|2022-02-03,NY,2022-02-03T00:00:00.000Z,2022-02-03T13:00:00.000Z,2022-02-03T13:00:00.000Z,2022-02-03T21:00:00.000Z,1.24852,0.005934,0.670634,1.019099,low,0.6,true,normal,harvestable_chop_candidate,true,gate90d_range_box_slots_cost_clamped_v0,0.416173,0.3,0.9,true,0.075,,0,0,0,A16AA2CF710C76B8F134CE604936C81BED8C5514F5B22528FD0C904C7838FB76
2022-01-31T00:00:00.000Z|GBPCHF|asia_london|2022-02-04,2022-01-31T00:00:00.000Z,GBPCHF,LONG,asia_london|2022-02-04,ASIA_LONDON,2022-02-03T13:00:00.000Z,2022-02-03T21:00:00.000Z,2022-02-04T00:00:00.000Z,2022-02-04T13:00:00.000Z,0.670634,0.0113,0.580264,1.019099,low,0.6,true,normal,harvestable_chop_candidate,true,gate90d_range_box_slots_cost_clamped_v0,0.223545,0.223545,0.670634,true,0.055886,,0,0,0,60E23EBDB0E360CE5E7286D3C920BCBF497DF006FCC1B161126A691443D76CA6
2022-01-31T00:00:00.000Z|GBPCHF|ny|2022-02-04,2022-01-31T00:00:00.000Z,GBPCHF,LONG,ny|2022-02-04,NY,2022-02-04T00:00:00.000Z,2022-02-04T13:00:00.000Z,2022-02-04T13:00:00.000Z,2022-02-04T21:00:00.000Z,0.580264,0.03712,0.49703,1.019099,low,0.6,false,normal,dead_chop_cost_churn,false,gate90d_range_box_slots_cost_clamped_v0,0.193421,0.2,0.6,false,0.05,,0,0,0,BCEC2D22ABF0174931689F6ED72C79692315A2AC841F3B1EF632EF8F1A017079
2022-01-31T00:00:00.000Z|GBPJPY|ny|2022-01-31,2022-01-31T00:00:00.000Z,GBPJPY,LONG,ny|2022-01-31,NY,2022-01-31T00:00:00.000Z,2022-01-31T13:00:00.000Z,2022-01-31T13:00:00.000Z,2022-01-31T21:00:00.000Z,0.634567,0.016004,0.740638,0.998382,low,0.6,true,normal,harvestable_chop_candidate,true,gate90d_range_box_slots_cost_clamped_v0,0.211522,0.211522,0.634567,true,0.052881,,1,1,0,8625C8D049E793D5821D12E6EF39AC962B432F4E2543D20DB79D7697EE8339AB
2022-01-31T00:00:00.000Z|GBPJPY|asia_london|2022-02-01,2022-01-31T00:00:00.000Z,GBPJPY,LONG,asia_london|2022-02-01,ASIA_LONDON,2022-01-31T13:00:00.000Z,2022-01-31T21:00:00.000Z,2022-02-01T00:00:00.000Z,2022-02-01T13:00:00.000Z,0.740638,0.019933,0.502443,0.998382,low,0.6,true,normal,harvestable_chop_candidate,true,gate90d_range_box_slots_cost_clamped_v0,0.246879,0.246879,0.740638,true,0.06172,,0,0,0,032DFA79CC34B95FF4A5F91015D0DB2697507654FC3F089AAC143254B870ADB5
2022-01-31T00:00:00.000Z|GBPJPY|ny|2022-02-01,2022-01-31T00:00:00.000Z,GBPJPY,LONG,ny|2022-02-01,NY,2022-02-01T00:00:00.000Z,2022-02-01T13:00:00.000Z,2022-02-01T13:00:00.000Z,2022-02-01T21:00:00.000Z,0.502443,0.079794,0.623401,0.998382,low,0.6,false,normal,dead_chop_cost_churn,false,gate90d_range_box_slots_cost_clamped_v0,0.167481,0.2,0.6,false,0.05,,0,0,0,8D25A59CBD91EE0D012EE96146F8FC1966EE4282DE1135720558117D1354A96C
2022-01-31T00:00:00.000Z|GBPJPY|asia_london|2022-02-02,2022-01-31T00:00:00.000Z,GBPJPY,LONG,asia_london|2022-02-02,ASIA_LONDON,2022-02-01T13:00:00.000Z,2022-02-01T21:00:00.000Z,2022-02-02T00:00:00.000Z,2022-02-02T13:00:00.000Z,0.623401,0.00463,0.386137,0.998382,low,0.6,true,normal,harvestable_chop_candidate,true,gate90d_range_box_slots_cost_clamped_v0,0.2078,0.2078,0.623401,true,0.05195,,0,0,0,B570C356315936C3862CAA96EDB1D324A382681DB5CAF1E0DC3932F1190C28DD
2022-01-31T00:00:00.000Z|GBPJPY|ny|2022-02-02,2022-01-31T00:00:00.000Z,GBPJPY,LONG,ny|2022-02-02,NY,2022-02-02T00:00:00.000Z,2022-02-02T13:00:00.000Z,2022-02-02T13:00:00.000Z,2022-02-02T21:00:00.000Z,0.386137,0.030274,0.550826,0.998382,low,0.6,false,normal,dead_chop_cost_churn,false,gate90d_range_box_slots_cost_clamped_v0,0.128712,0.2,0.6,false,0.05,,0,0,0,AD76254A1D3B0C9B140678DA9F92C25950BBC304FF7642712C915FED130C795F
2022-01-31T00:00:00.000Z|GBPJPY|asia_london|2022-02-03,2022-01-31T00:00:00.000Z,GBPJPY,LONG,asia_london|2022-02-03,ASIA_LONDON,2022-02-02T13:00:00.000Z,2022-02-02T21:00:00.000Z,2022-02-03T00:00:00.000Z,2022-02-03T13:00:00.000Z,0.550826,0.085343,1.3445,0.998382,low,0.6,false,normal,dead_chop_cost_churn,false,gate90d_range_box_slots_cost_clamped_v0,0.183609,0.2,0.6,false,0.05,,0,0,0,D8BEFB1CAE8CF7AEC928A44A1A297365004413FD2429314516C17FDD2C8D4502
2022-01-31T00:00:00.000Z|GBPJPY|ny|2022-02-03,2022-01-31T00:00:00.000Z,GBPJPY,LONG,ny|2022-02-03,NY,2022-02-03T00:00:00.000Z,2022-02-03T13:00:00.000Z,2022-02-03T13:00:00.000Z,2022-02-03T21:00:00.000Z,1.3445,0.029776,0.714585,0.998382,low,0.6,true,normal,harvestable_chop_candidate,true,gate90d_range_box_slots_cost_clamped_v0,0.448167,0.3,0.9,true,0.075,,0,0,0,15F45990D15627BF390E9167702478B80818D21B39F224A201C3D8CEDB805DC4
2022-01-31T00:00:00.000Z|GBPJPY|asia_london|2022-02-04,2022-01-31T00:00:00.000Z,GBPJPY,LONG,asia_london|2022-02-04,ASIA_LONDON,2022-02-03T13:00:00.000Z,2022-02-03T21:00:00.000Z,2022-02-04T00:00:00.000Z,2022-02-04T13:00:00.000Z,0.714585,0.048016,0.72389,0.998382,low,0.6,true,normal,harvestable_chop_candidate,true,gate90d_range_box_slots_cost_clamped_v0,0.238195,0.238195,0.714585,true,0.059549,,0,0,0,11822C589AE3B40CCA7221778730F839BFA5532CEA23C6AFE415B770CC41919A
2022-01-31T00:00:00.000Z|GBPJPY|ny|2022-02-04,2022-01-31T00:00:00.000Z,GBPJPY,LONG,ny|2022-02-04,NY,2022-02-04T00:00:00.000Z,2022-02-04T13:00:00.000Z,2022-02-04T13:00:00.000Z,2022-02-04T21:00:00.000Z,0.72389,0.036885,0.62154,0.998382,low,0.6,true,normal,harvestable_chop_candidate,true,gate90d_range_box_slots_cost_clamped_v0,0.241297,0.241297,0.72389,true,0.060324,,1,1,0,271BDC4E7FAB7D143FB8454B9EBA37AF78F1C35379F26FC6F7F44E4873688192
2022-01-31T00:00:00.000Z|GBPNZD|ny|2022-01-31,2022-01-31T00:00:00.000Z,GBPNZD,LONG,ny|2022-01-31,NY,2022-01-31T00:00:00.000Z,2022-01-31T13:00:00.000Z,2022-01-31T13:00:00.000Z,2022-01-31T21:00:00.000Z,0.891979,0.023698,0.785791,1.07985,low,0.6,true,normal,harvestable_chop_candidate,true,gate90d_range_box_slots_cost_clamped_v0,0.297326,0.297326,0.891979,true,0.074332,,1,1,0,D8763B99024722B1E25EE739D9150AB35FC84FF62A4E5CFBC6F5E88719E1380A
2022-01-31T00:00:00.000Z|GBPNZD|asia_london|2022-02-01,2022-01-31T00:00:00.000Z,GBPNZD,LONG,asia_london|2022-02-01,ASIA_LONDON,2022-01-31T13:00:00.000Z,2022-01-31T21:00:00.000Z,2022-02-01T00:00:00.000Z,2022-02-01T13:00:00.000Z,0.785791,0.028233,0.780073,1.07985,low,0.6,true,normal,harvestable_chop_candidate,true,gate90d_range_box_slots_cost_clamped_v0,0.26193,0.26193,0.785791,true,0.065483,,0,0,0,8E7405B85D5E09DBA1981DBC128CF41D3015AC1DA9C7E502EBB85E760843CB23
2022-01-31T00:00:00.000Z|GBPNZD|ny|2022-02-01,2022-01-31T00:00:00.000Z,GBPNZD,LONG,ny|2022-02-01,NY,2022-02-01T00:00:00.000Z,2022-02-01T13:00:00.000Z,2022-02-01T13:00:00.000Z,2022-02-01T21:00:00.000Z,0.780073,0.056808,0.831533,1.07985,low,0.6,true,normal,harvestable_chop_candidate,true,gate90d_range_box_slots_cost_clamped_v0,0.260024,0.260024,0.780073,true,0.065006,,0,0,0,0C09645BD19D3AB9BE67CAD53C65BD3383FCB440ED34AED555862750D335DCB9
2022-01-31T00:00:00.000Z|GBPNZD|asia_london|2022-02-02,2022-01-31T00:00:00.000Z,GBPNZD,LONG,asia_london|2022-02-02,ASIA_LONDON,2022-02-01T13:00:00.000Z,2022-02-01T21:00:00.000Z,2022-02-02T00:00:00.000Z,2022-02-02T13:00:00.000Z,0.831533,0.026241,0.670617,1.07985,low,0.6,true,normal,harvestable_chop_candidate,true,gate90d_range_box_slots_cost_clamped_v0,0.277178,0.277178,0.831533,true,0.069294,,0,0,0,FAB6E7ADB4BC6651DA277854EED41557724CC136AA95FD8093699FD811733238
2022-01-31T00:00:00.000Z|GBPNZD|ny|2022-02-02,2022-01-31T00:00:00.000Z,GBPNZD,LONG,ny|2022-02-02,NY,2022-02-02T00:00:00.000Z,2022-02-02T13:00:00.000Z,2022-02-02T13:00:00.000Z,2022-02-02T21:00:00.000Z,0.670617,0.052452,0.76782,1.07985,low,0.6,true,normal,harvestable_chop_candidate,true,gate90d_range_box_slots_cost_clamped_v0,0.223539,0.223539,0.670617,true,0.055885,,0,0,0,73718A75D489E3059F44BF248343E8CD09505B84CB26CFC5E60A4A872CA19467
2022-01-31T00:00:00.000Z|GBPNZD|asia_london|2022-02-03,2022-01-31T00:00:00.000Z,GBPNZD,LONG,asia_london|2022-02-03,ASIA_LONDON,2022-02-02T13:00:00.000Z,2022-02-02T21:00:00.000Z,2022-02-03T00:00:00.000Z,2022-02-03T13:00:00.000Z,0.76782,0.051038,1.130493,1.07985,low,0.6,true,normal,harvestable_chop_candidate,true,gate90d_range_box_slots_cost_clamped_v0,0.25594,0.25594,0.76782,true,0.063985,,2,0,2,0BCE56A68262F559F416CE23DF2F23F10FAFCBCFF9145E76B45472D933D87AC6
2022-01-31T00:00:00.000Z|GBPNZD|ny|2022-02-03,2022-01-31T00:00:00.000Z,GBPNZD,LONG,ny|2022-02-03,NY,2022-02-03T00:00:00.000Z,2022-02-03T13:00:00.000Z,2022-02-03T13:00:00.000Z,2022-02-03T21:00:00.000Z,1.130493,0.009354,0.700841,1.07985,low,0.6,true,normal,harvestable_chop_candidate,true,gate90d_range_box_slots_cost_clamped_v0,0.376831,0.3,0.9,true,0.075,,3,3,0,3A2F9FD6A8A9B1FD366CFAFA2C4E68CF83AB1F6693BE8EA5D424DD65AC73F2E8
2022-01-31T00:00:00.000Z|GBPNZD|asia_london|2022-02-04,2022-01-31T00:00:00.000Z,GBPNZD,LONG,asia_london|2022-02-04,ASIA_LONDON,2022-02-03T13:00:00.000Z,2022-02-03T21:00:00.000Z,2022-02-04T00:00:00.000Z,2022-02-04T13:00:00.000Z,0.700841,0.034969,1.045543,1.07985,low,0.6,true,normal,harvestable_chop_candidate,true,gate90d_range_box_slots_cost_clamped_v0,0.233614,0.233614,0.700841,true,0.058403,,0,0,0,0CF66CC8A4B470C632221254AA10F363EEB55EC94ADA6B9E4386EAA2AEFD1CE7
2022-01-31T00:00:00.000Z|GBPNZD|ny|2022-02-04,2022-01-31T00:00:00.000Z,GBPNZD,LONG,ny|2022-02-04,NY,2022-02-04T00:00:00.000Z,2022-02-04T13:00:00.000Z,2022-02-04T13:00:00.000Z,2022-02-04T21:00:00.000Z,1.045543,0.110675,0.964677,1.07985,low,0.6,true,normal,harvestable_chop_candidate,true,gate90d_range_box_slots_cost_clamped_v0,0.348514,0.3,0.9,true,0.075,,2,0,2,9503F5B14A0DD1E9A69C7F4D9C71313CF27B3031740B16EF34821A4144CED4A7
2022-01-31T00:00:00.000Z|GBPUSD|ny|2022-01-31,2022-01-31T00:00:00.000Z,GBPUSD,SHORT,ny|2022-01-31,NY,2022-01-31T00:00:00.000Z,2022-01-31T13:00:00.000Z,2022-01-31T13:00:00.000Z,2022-01-31T21:00:00.000Z,0.683427,0.043491,0.673593,0.987307,low,0.6,true,normal,harvestable_chop_candidate,true,gate90d_range_box_slots_cost_clamped_v0,0.227809,0.227809,0.683427,true,0.056952,,2,0,2,11D5AC498900D1226EE6D7394B5DF32329603BD5ED027CF879296ADA2D99C5BD
2022-01-31T00:00:00.000Z|GBPUSD|asia_london|2022-02-01,2022-01-31T00:00:00.000Z,GBPUSD,SHORT,asia_london|2022-02-01,ASIA_LONDON,2022-01-31T13:00:00.000Z,2022-01-31T21:00:00.000Z,2022-02-01T00:00:00.000Z,2022-02-01T13:00:00.000Z,0.673593,0.056183,0.982119,0.987307,low,0.6,true,normal,harvestable_chop_candidate,true,gate90d_range_box_slots_cost_clamped_v0,0.224531,0.224531,0.673593,true,0.056133,,0,0,0,D35EFBDDD7B804FCA8FA8B2368902E9BF6AB29456B2AF83E0E3C574DFA3038F1
2022-01-31T00:00:00.000Z|GBPUSD|ny|2022-02-01,2022-01-31T00:00:00.000Z,GBPUSD,SHORT,ny|2022-02-01,NY,2022-02-01T00:00:00.000Z,2022-02-01T13:00:00.000Z,2022-02-01T13:00:00.000Z,2022-02-01T21:00:00.000Z,0.982119,0.072449,0.639176,0.987307,low,0.6,true,normal,harvestable_chop_candidate,true,gate90d_range_box_slots_cost_clamped_v0,0.327373,0.3,0.9,true,0.075,,0,0,0,7AB64F678AEB0FE266008F9DCE6956164AD6961D6DB812585F0D9FE87E1F0130
2022-01-31T00:00:00.000Z|GBPUSD|asia_london|2022-02-02,2022-01-31T00:00:00.000Z,GBPUSD,SHORT,asia_london|2022-02-02,ASIA_LONDON,2022-02-01T13:00:00.000Z,2022-02-01T21:00:00.000Z,2022-02-02T00:00:00.000Z,2022-02-02T13:00:00.000Z,0.639176,0.089063,0.764553,0.987307,low,0.6,true,normal,harvestable_chop_candidate,true,gate90d_range_box_slots_cost_clamped_v0,0.213059,0.213059,0.639176,true,0.053265,,0,0,0,4645808FD7632F1CA62677A90B75D8B18D3DA9A425304DFFC5D74228083CF3DD
2022-01-31T00:00:00.000Z|GBPUSD|ny|2022-02-02,2022-01-31T00:00:00.000Z,GBPUSD,SHORT,ny|2022-02-02,NY,2022-02-02T00:00:00.000Z,2022-02-02T13:00:00.000Z,2022-02-02T13:00:00.000Z,2022-02-02T21:00:00.000Z,0.764553,0.016141,0.405631,0.987307,low,0.6,true,normal,harvestable_chop_candidate,true,gate90d_range_box_slots_cost_clamped_v0,0.254851,0.254851,0.764553,true,0.063713,,2,0,2,7045E3F772CD895BD16A7CBDB972578D1E653E15DB354AE9CBA1E1D74463FA8A
2022-01-31T00:00:00.000Z|GBPUSD|asia_london|2022-02-03,2022-01-31T00:00:00.000Z,GBPUSD,SHORT,asia_london|2022-02-03,ASIA_LONDON,2022-02-02T13:00:00.000Z,2022-02-02T21:00:00.000Z,2022-02-03T00:00:00.000Z,2022-02-03T13:00:00.000Z,0.405631,0.027351,1.103808,0.987307,low,0.6,false,normal,dead_chop_cost_churn,false,gate90d_range_box_slots_cost_clamped_v0,0.13521,0.2,0.6,false,0.05,,4,1,3,D2784908644B42556D9A761766C8164FBE5B8E7EDF477AE4E8D50B627DDBA4DC
2022-01-31T00:00:00.000Z|GBPUSD|ny|2022-02-03,2022-01-31T00:00:00.000Z,GBPUSD,SHORT,ny|2022-02-03,NY,2022-02-03T00:00:00.000Z,2022-02-03T13:00:00.000Z,2022-02-03T13:00:00.000Z,2022-02-03T21:00:00.000Z,1.103808,0.016789,0.748574,0.987307,low,0.6,true,normal,harvestable_chop_candidate,true,gate90d_range_box_slots_cost_clamped_v0,0.367936,0.3,0.9,true,0.075,,0,0,0,8A5FF6C1F3E0C419BFA790356008C0F9F93D480CDA05C1F1FF92E7801ACB45CA
2022-01-31T00:00:00.000Z|GBPUSD|asia_london|2022-02-04,2022-01-31T00:00:00.000Z,GBPUSD,SHORT,asia_london|2022-02-04,ASIA_LONDON,2022-02-03T13:00:00.000Z,2022-02-03T21:00:00.000Z,2022-02-04T00:00:00.000Z,2022-02-04T13:00:00.000Z,0.748574,0.050203,0.797742,0.987307,low,0.6,true,normal,harvestable_chop_candidate,true,gate90d_range_box_slots_cost_clamped_v0,0.249525,0.249525,0.748574,true,0.062381,,0,0,0,B61F065B713B1FF383249F0A908DB6EC66DBBE3D8CFA11BFFF27346B2B52D00C
2022-01-31T00:00:00.000Z|GBPUSD|ny|2022-02-04,2022-01-31T00:00:00.000Z,GBPUSD,SHORT,ny|2022-02-04,NY,2022-02-04T00:00:00.000Z,2022-02-04T13:00:00.000Z,2022-02-04T13:00:00.000Z,2022-02-04T21:00:00.000Z,0.797742,0.069151,0.676052,0.987307,low,0.6,true,normal,harvestable_chop_candidate,true,gate90d_range_box_slots_cost_clamped_v0,0.265914,0.265914,0.797742,true,0.066478,,0,0,0,F3CE03F0082EF8412817EE862169FC79D1798529358F9BB1F25859A0D9A5777F
2022-01-31T00:00:00.000Z|NZDCAD|ny|2022-01-31,2022-01-31T00:00:00.000Z,NZDCAD,LONG,ny|2022-01-31,NY,2022-01-31T00:00:00.000Z,2022-01-31T13:00:00.000Z,2022-01-31T13:00:00.000Z,2022-01-31T21:00:00.000Z,0.715672,0.029682,1.346694,1.09756,low,0.6,true,normal,harvestable_chop_candidate,true,gate90d_range_box_slots_cost_clamped_v0,0.238557,0.238557,0.715672,true,0.059639,,0,0,0,54B554C356E396D6B6C44FE20B992D7B3352B0389C159FE259534DA16FF13D9D
2022-01-31T00:00:00.000Z|NZDCAD|asia_london|2022-02-01,2022-01-31T00:00:00.000Z,NZDCAD,LONG,asia_london|2022-02-01,ASIA_LONDON,2022-01-31T13:00:00.000Z,2022-01-31T21:00:00.000Z,2022-02-01T00:00:00.000Z,2022-02-01T13:00:00.000Z,1.346694,0.047285,0.946533,1.09756,low,0.6,true,normal,harvestable_chop_candidate,true,gate90d_range_box_slots_cost_clamped_v0,0.448898,0.3,0.9,true,0.075,,0,0,0,96C48B646464A9FE6BBB6A8CD20C0A804A68BE6F2C0AD1CF421A7B3ECFEAC1D6
2022-01-31T00:00:00.000Z|NZDCAD|ny|2022-02-01,2022-01-31T00:00:00.000Z,NZDCAD,LONG,ny|2022-02-01,NY,2022-02-01T00:00:00.000Z,2022-02-01T13:00:00.000Z,2022-02-01T13:00:00.000Z,2022-02-01T21:00:00.000Z,0.946533,0.089793,0.873427,1.09756,low,0.6,true,normal,harvestable_chop_candidate,true,gate90d_range_box_slots_cost_clamped_v0,0.315511,0.3,0.9,true,0.075,,3,0,3,8FA75B28B3CAB4DF780A5C9FC6E5085FC95667A12A1FAD75E98EF96A68C381E9
2022-01-31T00:00:00.000Z|NZDCAD|asia_london|2022-02-02,2022-01-31T00:00:00.000Z,NZDCAD,LONG,asia_london|2022-02-02,ASIA_LONDON,2022-02-01T13:00:00.000Z,2022-02-01T21:00:00.000Z,2022-02-02T00:00:00.000Z,2022-02-02T13:00:00.000Z,0.873427,0.003989,0.504048,1.09756,low,0.6,true,normal,harvestable_chop_candidate,true,gate90d_range_box_slots_cost_clamped_v0,0.291142,0.291142,0.873427,true,0.072786,,0,0,0,FC405E94408864887ED32BAD4D47283FE0B1C91EABA9AC6F5EA76BE206DF0015
2022-01-31T00:00:00.000Z|NZDCAD|ny|2022-02-02,2022-01-31T00:00:00.000Z,NZDCAD,LONG,ny|2022-02-02,NY,2022-02-02T00:00:00.000Z,2022-02-02T13:00:00.000Z,2022-02-02T13:00:00.000Z,2022-02-02T21:00:00.000Z,0.504048,0.039728,0.546373,1.09756,low,0.6,false,normal,dead_chop_cost_churn,false,gate90d_range_box_slots_cost_clamped_v0,0.168016,0.2,0.6,false,0.05,,0,0,0,C01A8359A1C6F6B91DBDA42F0BE35A25814F06D8FB4622BAF90A18D71E9638AA
2022-01-31T00:00:00.000Z|NZDCAD|asia_london|2022-02-03,2022-01-31T00:00:00.000Z,NZDCAD,LONG,asia_london|2022-02-03,ASIA_LONDON,2022-02-02T13:00:00.000Z,2022-02-02T21:00:00.000Z,2022-02-03T00:00:00.000Z,2022-02-03T13:00:00.000Z,0.546373,0.093057,1.040802,1.09756,low,0.6,false,normal,dead_chop_cost_churn,false,gate90d_range_box_slots_cost_clamped_v0,0.182124,0.2,0.6,false,0.05,,0,0,0,33C5B04EB9BA517C21B41F1760C2F9A0F7BF520A5EF40A26FA25ADB55DB9AD6A
2022-01-31T00:00:00.000Z|NZDCAD|ny|2022-02-03,2022-01-31T00:00:00.000Z,NZDCAD,LONG,ny|2022-02-03,NY,2022-02-03T00:00:00.000Z,2022-02-03T13:00:00.000Z,2022-02-03T13:00:00.000Z,2022-02-03T21:00:00.000Z,1.040802,0.019417,0.596393,1.09756,low,0.6,true,normal,harvestable_chop_candidate,true,gate90d_range_box_slots_cost_clamped_v0,0.346934,0.3,0.9,true,0.075,,0,0,0,2311898FF8321804A2E95608B928DFD60ECEBB50425C1F476428E92828218359
2022-01-31T00:00:00.000Z|NZDCAD|asia_london|2022-02-04,2022-01-31T00:00:00.000Z,NZDCAD,LONG,asia_london|2022-02-04,ASIA_LONDON,2022-02-03T13:00:00.000Z,2022-02-03T21:00:00.000Z,2022-02-04T00:00:00.000Z,2022-02-04T13:00:00.000Z,0.596393,0.035445,0.79455,1.09756,low,0.6,false,normal,dead_chop_cost_churn,false,gate90d_range_box_slots_cost_clamped_v0,0.198798,0.2,0.6,false,0.05,,0,0,0,9512812A43BFF3F3905A4496AF1A354A0EA885EBEE094DB3717F10BEE43E6952
2022-01-31T00:00:00.000Z|NZDCAD|ny|2022-02-04,2022-01-31T00:00:00.000Z,NZDCAD,LONG,ny|2022-02-04,NY,2022-02-04T00:00:00.000Z,2022-02-04T13:00:00.000Z,2022-02-04T13:00:00.000Z,2022-02-04T21:00:00.000Z,0.79455,0.041494,0.400161,1.09756,low,0.6,true,normal,harvestable_chop_candidate,true,gate90d_range_box_slots_cost_clamped_v0,0.26485,0.26485,0.79455,true,0.066213,,1,1,0,F0CFE4A43344C906B80479137566B9DDB9A521F259CE897B7E538B5A2B293D4D
2022-01-31T00:00:00.000Z|NZDCHF|ny|2022-01-31,2022-01-31T00:00:00.000Z,NZDCHF,LONG,ny|2022-01-31,NY,2022-01-31T00:00:00.000Z,2022-01-31T13:00:00.000Z,2022-01-31T13:00:00.000Z,2022-01-31T21:00:00.000Z,0.992854,0.08366,0.900814,0.996221,low,0.6,true,normal,harvestable_chop_candidate,true,gate90d_range_box_slots_cost_clamped_v0,0.330951,0.3,0.9,true,0.075,,0,0,0,29FAAA0774D6983561576575518CA10922A235C77B475B72C7B337A588E69D9C
2022-01-31T00:00:00.000Z|NZDCHF|asia_london|2022-02-01,2022-01-31T00:00:00.000Z,NZDCHF,LONG,asia_london|2022-02-01,ASIA_LONDON,2022-01-31T13:00:00.000Z,2022-01-31T21:00:00.000Z,2022-02-01T00:00:00.000Z,2022-02-01T13:00:00.000Z,0.900814,0.020534,0.438657,0.996221,low,0.6,true,normal,harvestable_chop_candidate,true,gate90d_range_box_slots_cost_clamped_v0,0.300271,0.3,0.9,true,0.075,,0,0,0,E95300FC3B0421CCC752215E32F85CEE94EB2FE92FC2952A1CC5BA95BBE600D1
2022-01-31T00:00:00.000Z|NZDCHF|ny|2022-02-01,2022-01-31T00:00:00.000Z,NZDCHF,LONG,ny|2022-02-01,NY,2022-02-01T00:00:00.000Z,2022-02-01T13:00:00.000Z,2022-02-01T13:00:00.000Z,2022-02-01T21:00:00.000Z,0.438657,0.10349,0.685402,0.996221,low,0.6,false,normal,dead_chop_cost_churn,false,gate90d_range_box_slots_cost_clamped_v0,0.146219,0.2,0.6,false,0.05,,0,0,0,19ED0E7A83662F7E0065236C269DD6545F5FB3995E2BDAEB9BE249558F5C0972
2022-01-31T00:00:00.000Z|NZDCHF|asia_london|2022-02-02,2022-01-31T00:00:00.000Z,NZDCHF,LONG,asia_london|2022-02-02,ASIA_LONDON,2022-02-01T13:00:00.000Z,2022-02-01T21:00:00.000Z,2022-02-02T00:00:00.000Z,2022-02-02T13:00:00.000Z,0.685402,0.008134,0.536572,0.996221,low,0.6,true,normal,harvestable_chop_candidate,true,gate90d_range_box_slots_cost_clamped_v0,0.228467,0.228467,0.685402,true,0.057117,,0,0,0,D51E633E0F2B97AB93AD36213C8612E6C78903E79C3F0E70AD81667A59FAEA48
2022-01-31T00:00:00.000Z|NZDCHF|ny|2022-02-02,2022-01-31T00:00:00.000Z,NZDCHF,LONG,ny|2022-02-02,NY,2022-02-02T00:00:00.000Z,2022-02-02T13:00:00.000Z,2022-02-02T13:00:00.000Z,2022-02-02T21:00:00.000Z,0.536572,0.039129,0.612945,0.996221,low,0.6,false,normal,dead_chop_cost_churn,false,gate90d_range_box_slots_cost_clamped_v0,0.178857,0.2,0.6,false,0.05,,1,1,0,2334B412A5214A4E8DBD4661995451CFA9BA52EDED9E39F4083BEB4B972D11D1
2022-01-31T00:00:00.000Z|NZDCHF|asia_london|2022-02-03,2022-01-31T00:00:00.000Z,NZDCHF,LONG,asia_london|2022-02-03,ASIA_LONDON,2022-02-02T13:00:00.000Z,2022-02-02T21:00:00.000Z,2022-02-03T00:00:00.000Z,2022-02-03T13:00:00.000Z,0.612945,0.114923,1.108394,0.996221,low,0.6,true,normal,harvestable_chop_candidate,true,gate90d_range_box_slots_cost_clamped_v0,0.204315,0.204315,0.612945,true,0.051079,,0,0,0,FAA5B89B9AFB534C59828D2C13004B7D779EAE0690C6851550D8B031ED40516C
2022-01-31T00:00:00.000Z|NZDCHF|ny|2022-02-03,2022-01-31T00:00:00.000Z,NZDCHF,LONG,ny|2022-02-03,NY,2022-02-03T00:00:00.000Z,2022-02-03T13:00:00.000Z,2022-02-03T13:00:00.000Z,2022-02-03T21:00:00.000Z,1.108394,0.01376,0.57378,0.996221,low,0.6,true,normal,harvestable_chop_candidate,true,gate90d_range_box_slots_cost_clamped_v0,0.369465,0.3,0.9,true,0.075,,0,0,0,994E9A3880C868FF07F1D04398B3B3C0446A1D85BFBC89B22048399CCC67BCF2
2022-01-31T00:00:00.000Z|NZDCHF|asia_london|2022-02-04,2022-01-31T00:00:00.000Z,NZDCHF,LONG,asia_london|2022-02-04,ASIA_LONDON,2022-02-03T13:00:00.000Z,2022-02-03T21:00:00.000Z,2022-02-04T00:00:00.000Z,2022-02-04T13:00:00.000Z,0.57378,0.036337,0.763734,0.996221,low,0.6,false,normal,dead_chop_cost_churn,false,gate90d_range_box_slots_cost_clamped_v0,0.19126,0.2,0.6,false,0.05,,0,0,0,13741C2B9EB80AA8D471F60D29BB6A6ACA8DAD7169637C14B51D2363CE33990B
2022-01-31T00:00:00.000Z|NZDCHF|ny|2022-02-04,2022-01-31T00:00:00.000Z,NZDCHF,LONG,ny|2022-02-04,NY,2022-02-04T00:00:00.000Z,2022-02-04T13:00:00.000Z,2022-02-04T13:00:00.000Z,2022-02-04T21:00:00.000Z,0.763734,0.068027,0.579654,0.996221,low,0.6,true,normal,harvestable_chop_candidate,true,gate90d_range_box_slots_cost_clamped_v0,0.254578,0.254578,0.763734,true,0.063645,,1,1,0,256B4362E79CA74888A7A619D964C3004A84BAE52DE74285569B279F0FAD308A
2022-01-31T00:00:00.000Z|NZDJPY|ny|2022-01-31,2022-01-31T00:00:00.000Z,NZDJPY,LONG,ny|2022-01-31,NY,2022-01-31T00:00:00.000Z,2022-01-31T13:00:00.000Z,2022-01-31T13:00:00.000Z,2022-01-31T21:00:00.000Z,0.700371,0.028326,0.777241,0.993921,low,0.6,true,normal,harvestable_chop_candidate,true,gate90d_range_box_slots_cost_clamped_v0,0.233457,0.233457,0.700371,true,0.058364,,0,0,0,C04B6145E283C8858DB0CB28D04A4BD7E8C339DABB005C1F46AEF5B998DF0D80
2022-01-31T00:00:00.000Z|NZDJPY|asia_london|2022-02-01,2022-01-31T00:00:00.000Z,NZDJPY,LONG,asia_london|2022-02-01,ASIA_LONDON,2022-01-31T13:00:00.000Z,2022-01-31T21:00:00.000Z,2022-02-01T00:00:00.000Z,2022-02-01T13:00:00.000Z,0.777241,0.006426,0.627771,0.993921,low,0.6,true,normal,harvestable_chop_candidate,true,gate90d_range_box_slots_cost_clamped_v0,0.25908,0.25908,0.777241,true,0.06477,,0,0,0,C6F42F16B4795C26AC54FD45EF34DA1DC8368E575E0C4435CA56C90F8CAEDF07
2022-01-31T00:00:00.000Z|NZDJPY|ny|2022-02-01,2022-01-31T00:00:00.000Z,NZDJPY,LONG,ny|2022-02-01,NY,2022-02-01T00:00:00.000Z,2022-02-01T13:00:00.000Z,2022-02-01T13:00:00.000Z,2022-02-01T21:00:00.000Z,0.627771,0.102512,0.683289,0.993921,low,0.6,true,normal,harvestable_chop_candidate,true,gate90d_range_box_slots_cost_clamped_v0,0.209257,0.209257,0.627771,true,0.052314,,0,0,0,FD45C118CB1C300F510198B5723C87169AE11E0D165C156E22AE34E633542099
2022-01-31T00:00:00.000Z|NZDJPY|asia_london|2022-02-02,2022-01-31T00:00:00.000Z,NZDJPY,LONG,asia_london|2022-02-02,ASIA_LONDON,2022-02-01T13:00:00.000Z,2022-02-01T21:00:00.000Z,2022-02-02T00:00:00.000Z,2022-02-02T13:00:00.000Z,0.683289,0.024056,0.523854,0.993921,low,0.6,true,normal,harvestable_chop_candidate,true,gate90d_range_box_slots_cost_clamped_v0,0.227763,0.227763,0.683289,true,0.056941,,0,0,0,25F1A1E184078C758BDB415B58F3E28FA2C0AF72641EDD751D3D7B7A08D81820
2022-01-31T00:00:00.000Z|NZDJPY|ny|2022-02-02,2022-01-31T00:00:00.000Z,NZDJPY,LONG,ny|2022-02-02,NY,2022-02-02T00:00:00.000Z,2022-02-02T13:00:00.000Z,2022-02-02T13:00:00.000Z,2022-02-02T21:00:00.000Z,0.523854,0.016575,0.493961,0.993921,low,0.6,false,normal,dead_chop_cost_churn,false,gate90d_range_box_slots_cost_clamped_v0,0.174618,0.2,0.6,false,0.05,,0,0,0,A52ED52C0F8142DAE208E950A0849467DF8EA4F665E06CF339921DFA41F2C254
2022-01-31T00:00:00.000Z|NZDJPY|asia_london|2022-02-03,2022-01-31T00:00:00.000Z,NZDJPY,LONG,asia_london|2022-02-03,ASIA_LONDON,2022-02-02T13:00:00.000Z,2022-02-02T21:00:00.000Z,2022-02-03T00:00:00.000Z,2022-02-03T13:00:00.000Z,0.493961,0.111579,1.097532,0.993921,low,0.6,false,normal,dead_chop_cost_churn,false,gate90d_range_box_slots_cost_clamped_v0,0.164654,0.2,0.6,false,0.05,,0,0,0,A1C91F469677CB1035C0AF42D51989F813C03D88DAF38E8ED09217A73D7BB67F
2022-01-31T00:00:00.000Z|NZDJPY|ny|2022-02-03,2022-01-31T00:00:00.000Z,NZDJPY,LONG,ny|2022-02-03,NY,2022-02-03T00:00:00.000Z,2022-02-03T13:00:00.000Z,2022-02-03T13:00:00.000Z,2022-02-03T21:00:00.000Z,1.097532,0.035656,0.653394,0.993921,low,0.6,true,normal,harvestable_chop_candidate,true,gate90d_range_box_slots_cost_clamped_v0,0.365844,0.3,0.9,true,0.075,,1,0,1,4E51EEB3BBAE2D4A6F37BE66F13C59795CF283996F9DFE70AAC74D7A8D734DEE
2022-01-31T00:00:00.000Z|NZDJPY|asia_london|2022-02-04,2022-01-31T00:00:00.000Z,NZDJPY,LONG,asia_london|2022-02-04,ASIA_LONDON,2022-02-03T13:00:00.000Z,2022-02-03T21:00:00.000Z,2022-02-04T00:00:00.000Z,2022-02-04T13:00:00.000Z,0.653394,0.058808,1.047709,0.993921,low,0.6,true,normal,harvestable_chop_candidate,true,gate90d_range_box_slots_cost_clamped_v0,0.217798,0.217798,0.653394,true,0.05445,,2,0,2,1624013E90B3530B26E272F3B6C2EFCB3AA15696EEDDEBD9BC5163786A9F52A9
2022-01-31T00:00:00.000Z|NZDJPY|ny|2022-02-04,2022-01-31T00:00:00.000Z,NZDJPY,LONG,ny|2022-02-04,NY,2022-02-04T00:00:00.000Z,2022-02-04T13:00:00.000Z,2022-02-04T13:00:00.000Z,2022-02-04T21:00:00.000Z,1.047709,0.066103,0.435597,0.993921,low,0.6,true,normal,harvestable_chop_candidate,true,gate90d_range_box_slots_cost_clamped_v0,0.349236,0.3,0.9,true,0.075,,0,0,0,22BE10B60A61EF871E75E2E69263E97392C8AD3B05419D417AEBFFD92B9CD20E
2022-01-31T00:00:00.000Z|NZDUSD|ny|2022-01-31,2022-01-31T00:00:00.000Z,NZDUSD,SHORT,ny|2022-01-31,NY,2022-01-31T00:00:00.000Z,2022-01-31T13:00:00.000Z,2022-01-31T13:00:00.000Z,2022-01-31T21:00:00.000Z,0.703727,0.016347,0.603919,0.942222,low,0.6,true,normal,harvestable_chop_candidate,true,gate90d_range_box_slots_cost_clamped_v0,0.234576,0.234576,0.703727,true,0.058644,,1,0,1,149A1AA5783DF4556A34D7D92B734974A57FFDEAE0F937780B6E5B9E2774D266
2022-01-31T00:00:00.000Z|NZDUSD|asia_london|2022-02-01,2022-01-31T00:00:00.000Z,NZDUSD,SHORT,asia_london|2022-02-01,ASIA_LONDON,2022-01-31T13:00:00.000Z,2022-01-31T21:00:00.000Z,2022-02-01T00:00:00.000Z,2022-02-01T13:00:00.000Z,0.603919,0.055278,0.893191,0.942222,low,0.6,true,normal,harvestable_chop_candidate,true,gate90d_range_box_slots_cost_clamped_v0,0.201306,0.201306,0.603919,true,0.050327,,0,0,0,4E673F1CA99014534BC70102F370FBC3BB402D95C7B8CA4FE12747CCEED64347
2022-01-31T00:00:00.000Z|NZDUSD|ny|2022-02-01,2022-01-31T00:00:00.000Z,NZDUSD,SHORT,ny|2022-02-01,NY,2022-02-01T00:00:00.000Z,2022-02-01T13:00:00.000Z,2022-02-01T13:00:00.000Z,2022-02-01T21:00:00.000Z,0.893191,0.08903,0.842442,0.942222,low,0.6,true,normal,harvestable_chop_candidate,true,gate90d_range_box_slots_cost_clamped_v0,0.29773,0.29773,0.893191,true,0.074433,,0,0,0,77F14B9487B0194315F4DFC2176BB40D14D92438E00595E0274CF1663FDE85FA
2022-01-31T00:00:00.000Z|NZDUSD|asia_london|2022-02-02,2022-01-31T00:00:00.000Z,NZDUSD,SHORT,asia_london|2022-02-02,ASIA_LONDON,2022-02-01T13:00:00.000Z,2022-02-01T21:00:00.000Z,2022-02-02T00:00:00.000Z,2022-02-02T13:00:00.000Z,0.842442,0.030315,0.412763,0.942222,low,0.6,true,normal,harvestable_chop_candidate,true,gate90d_range_box_slots_cost_clamped_v0,0.280814,0.280814,0.842442,true,0.070203,,0,0,0,929546CFD8B68509A201151B3E090B01A0439BCAB260A8D972577EF4F261570E
2022-01-31T00:00:00.000Z|NZDUSD|ny|2022-02-02,2022-01-31T00:00:00.000Z,NZDUSD,SHORT,ny|2022-02-02,NY,2022-02-02T00:00:00.000Z,2022-02-02T13:00:00.000Z,2022-02-02T13:00:00.000Z,2022-02-02T21:00:00.000Z,0.412763,0.049403,0.647902,0.942222,low,0.6,false,normal,dead_chop_cost_churn,false,gate90d_range_box_slots_cost_clamped_v0,0.137588,0.2,0.6,false,0.05,,0,0,0,3D1131BFA498DD5005BBCC1848C612455A90B6AE8C7AA239E56DB9CD5C24BE91
2022-01-31T00:00:00.000Z|NZDUSD|asia_london|2022-02-03,2022-01-31T00:00:00.000Z,NZDUSD,SHORT,asia_london|2022-02-03,ASIA_LONDON,2022-02-02T13:00:00.000Z,2022-02-02T21:00:00.000Z,2022-02-03T00:00:00.000Z,2022-02-03T13:00:00.000Z,0.647902,0.066784,0.658052,0.942222,low,0.6,true,normal,harvestable_chop_candidate,true,gate90d_range_box_slots_cost_clamped_v0,0.215967,0.215967,0.647902,true,0.053992,,0,0,0,0E9D6156FE1D2BE71CC80F14CCD6CD72EBD71820750E9DD57621E3D5FB1DEA8E
2022-01-31T00:00:00.000Z|NZDUSD|ny|2022-02-03,2022-01-31T00:00:00.000Z,NZDUSD,SHORT,ny|2022-02-03,NY,2022-02-03T00:00:00.000Z,2022-02-03T13:00:00.000Z,2022-02-03T13:00:00.000Z,2022-02-03T21:00:00.000Z,0.658052,0.021959,0.735868,0.942222,low,0.6,true,normal,harvestable_chop_candidate,true,gate90d_range_box_slots_cost_clamped_v0,0.219351,0.219351,0.658052,true,0.054838,,0,0,0,14746C53AC7DE12A1AC63837E602CA05344C3AABDC016560A0592D2F71E9FDA3
2022-01-31T00:00:00.000Z|NZDUSD|asia_london|2022-02-04,2022-01-31T00:00:00.000Z,NZDUSD,SHORT,asia_london|2022-02-04,ASIA_LONDON,2022-02-03T13:00:00.000Z,2022-02-03T21:00:00.000Z,2022-02-04T00:00:00.000Z,2022-02-04T13:00:00.000Z,0.735868,0.061641,1.07589,0.942222,low,0.6,true,normal,harvestable_chop_candidate,true,gate90d_range_box_slots_cost_clamped_v0,0.245289,0.245289,0.735868,true,0.061322,,0,0,0,2B960CFAFA28C422022FD077FF457917D0FCAF1DEF8DD210F604938F06147145
2022-01-31T00:00:00.000Z|NZDUSD|ny|2022-02-04,2022-01-31T00:00:00.000Z,NZDUSD,SHORT,ny|2022-02-04,NY,2022-02-04T00:00:00.000Z,2022-02-04T13:00:00.000Z,2022-02-04T13:00:00.000Z,2022-02-04T21:00:00.000Z,1.07589,0.129266,0.749401,0.942222,low,0.6,true,normal,harvestable_chop_candidate,true,gate90d_range_box_slots_cost_clamped_v0,0.35863,0.3,0.9,true,0.075,,0,0,0,028016532E66A8DF4E772F68F72DEC602E7CC26274546EA96752B1457D0AF7F9
2022-01-31T00:00:00.000Z|USDCAD|ny|2022-01-31,2022-01-31T00:00:00.000Z,USDCAD,LONG,ny|2022-01-31,NY,2022-01-31T00:00:00.000Z,2022-01-31T13:00:00.000Z,2022-01-31T13:00:00.000Z,2022-01-31T21:00:00.000Z,0.584249,0.04828,0.894432,0.848385,low,0.6,false,compressed,dead_chop_cost_churn,false,gate90d_range_box_slots_cost_clamped_v0,0.19475,0.2,0.6,false,0.05,,2,2,0,160A2725463F08885D12463A011DD32FF95B39031BE53EEA4E0862A834A2A4E7
2022-01-31T00:00:00.000Z|USDCAD|asia_london|2022-02-01,2022-01-31T00:00:00.000Z,USDCAD,LONG,asia_london|2022-02-01,ASIA_LONDON,2022-01-31T13:00:00.000Z,2022-01-31T21:00:00.000Z,2022-02-01T00:00:00.000Z,2022-02-01T13:00:00.000Z,0.894432,0.027081,0.714908,0.848385,low,0.6,true,compressed,harvestable_chop_candidate,true,gate90d_range_box_slots_cost_clamped_v0,0.298144,0.298144,0.894432,true,0.074536,,0,0,0,5BDAA2B2E9C87A8A44009D9D25942946A23CBCE27A33B969CA2C75768E93E26E
2022-01-31T00:00:00.000Z|USDCAD|ny|2022-02-01,2022-01-31T00:00:00.000Z,USDCAD,LONG,ny|2022-02-01,NY,2022-02-01T00:00:00.000Z,2022-02-01T13:00:00.000Z,2022-02-01T13:00:00.000Z,2022-02-01T21:00:00.000Z,0.714908,0.017818,0.527948,0.848385,low,0.6,true,compressed,harvestable_chop_candidate,true,gate90d_range_box_slots_cost_clamped_v0,0.238303,0.238303,0.714908,true,0.059576,,0,0,0,C0734D2BAECA466F356833440721BFF7669DFDAB595D8678662F3F1848A90369
2022-01-31T00:00:00.000Z|USDCAD|asia_london|2022-02-02,2022-01-31T00:00:00.000Z,USDCAD,LONG,asia_london|2022-02-02,ASIA_LONDON,2022-02-01T13:00:00.000Z,2022-02-01T21:00:00.000Z,2022-02-02T00:00:00.000Z,2022-02-02T13:00:00.000Z,0.527948,0.051493,0.446154,0.848385,low,0.6,false,compressed,dead_chop_cost_churn,false,gate90d_range_box_slots_cost_clamped_v0,0.175983,0.2,0.6,false,0.05,,0,0,0,B4498B62647F2602B97287D9C1D7E3099C110DE1EDB095D164FF20F347A3D974
2022-01-31T00:00:00.000Z|USDCAD|ny|2022-02-02,2022-01-31T00:00:00.000Z,USDCAD,LONG,ny|2022-02-02,NY,2022-02-02T00:00:00.000Z,2022-02-02T13:00:00.000Z,2022-02-02T13:00:00.000Z,2022-02-02T21:00:00.000Z,0.446154,0.019272,0.592747,0.848385,low,0.6,false,compressed,dead_chop_cost_churn,false,gate90d_range_box_slots_cost_clamped_v0,0.148718,0.2,0.6,false,0.05,,0,0,0,89A5F3BC18642F0BD513A4B8E006AEB7B9A1E94F6FF18EB8CC6F4A32B55DD72C
2022-01-31T00:00:00.000Z|USDCAD|asia_london|2022-02-03,2022-01-31T00:00:00.000Z,USDCAD,LONG,asia_london|2022-02-03,ASIA_LONDON,2022-02-02T13:00:00.000Z,2022-02-02T21:00:00.000Z,2022-02-03T00:00:00.000Z,2022-02-03T13:00:00.000Z,0.592747,0.009297,0.450402,0.848385,low,0.6,false,compressed,dead_chop_cost_churn,false,gate90d_range_box_slots_cost_clamped_v0,0.197582,0.2,0.6,false,0.05,,0,0,0,8DE7973FF4381B7AA738639BFE96B4615CA62333BECD289CB85EB7E8A08792DD
2022-01-31T00:00:00.000Z|USDCAD|ny|2022-02-03,2022-01-31T00:00:00.000Z,USDCAD,LONG,ny|2022-02-03,NY,2022-02-03T00:00:00.000Z,2022-02-03T13:00:00.000Z,2022-02-03T13:00:00.000Z,2022-02-03T21:00:00.000Z,0.450402,0.009434,0.480146,0.848385,low,0.6,false,compressed,dead_chop_cost_churn,false,gate90d_range_box_slots_cost_clamped_v0,0.150134,0.2,0.6,false,0.05,,1,1,0,3C73747C1929E2C9B335CD224F2E0BE04CF2164F6494269784B4EBF88A1B8FF9
2022-01-31T00:00:00.000Z|USDCAD|asia_london|2022-02-04,2022-01-31T00:00:00.000Z,USDCAD,LONG,asia_london|2022-02-04,ASIA_LONDON,2022-02-03T13:00:00.000Z,2022-02-03T21:00:00.000Z,2022-02-04T00:00:00.000Z,2022-02-04T13:00:00.000Z,0.480146,0.052397,0.751025,0.848385,low,0.6,false,compressed,dead_chop_cost_churn,false,gate90d_range_box_slots_cost_clamped_v0,0.160049,0.2,0.6,false,0.05,,0,0,0,B18A7C55FCC3A91F4FF6950402B6F59B1D4325F55F2865AD6BBBED0ABB0C7BE4
2022-01-31T00:00:00.000Z|USDCAD|ny|2022-02-04,2022-01-31T00:00:00.000Z,USDCAD,LONG,ny|2022-02-04,NY,2022-02-04T00:00:00.000Z,2022-02-04T13:00:00.000Z,2022-02-04T13:00:00.000Z,2022-02-04T21:00:00.000Z,0.751025,0.120612,0.769084,0.848385,low,0.6,true,compressed,harvestable_chop_candidate,true,gate90d_range_box_slots_cost_clamped_v0,0.250342,0.250342,0.751025,true,0.062585,,0,0,0,17959E08EE82137477CE2618A3B8F8454D8F33471191154D756D2807DE3BC096
2022-01-31T00:00:00.000Z|USDCHF|ny|2022-01-31,2022-01-31T00:00:00.000Z,USDCHF,LONG,ny|2022-01-31,NY,2022-01-31T00:00:00.000Z,2022-01-31T13:00:00.000Z,2022-01-31T13:00:00.000Z,2022-01-31T21:00:00.000Z,0.594809,0.122299,1.247026,0.961687,low,0.6,false,normal,dead_chop_cost_churn,false,gate90d_range_box_slots_cost_clamped_v0,0.19827,0.2,0.6,false,0.05,,4,4,0,3F97C603660E80BCF5B1C237CC87B05C1D24236191CE492C053027DD4C080D3E
2022-01-31T00:00:00.000Z|USDCHF|asia_london|2022-02-01,2022-01-31T00:00:00.000Z,USDCHF,LONG,asia_london|2022-02-01,ASIA_LONDON,2022-01-31T13:00:00.000Z,2022-01-31T21:00:00.000Z,2022-02-01T00:00:00.000Z,2022-02-01T13:00:00.000Z,1.247026,0.115513,1.160914,0.961687,low,0.6,true,normal,harvestable_chop_candidate,true,gate90d_range_box_slots_cost_clamped_v0,0.415675,0.3,0.9,true,0.075,,0,0,0,8639C01ED0BE36D800D6CCF30F0C8A99BABFB3804070023CE3BEB2C8F7F39266
2022-01-31T00:00:00.000Z|USDCHF|ny|2022-02-01,2022-01-31T00:00:00.000Z,USDCHF,LONG,ny|2022-02-01,NY,2022-02-01T00:00:00.000Z,2022-02-01T13:00:00.000Z,2022-02-01T13:00:00.000Z,2022-02-01T21:00:00.000Z,1.160914,0.004329,0.414612,0.961687,low,0.6,true,normal,harvestable_chop_candidate,true,gate90d_range_box_slots_cost_clamped_v0,0.386971,0.3,0.9,true,0.075,,0,0,0,93D5172C315A58355B01E90E89AA74B7E1D2B2BF43B36AD0C5F3AFED0333B6AE
2022-01-31T00:00:00.000Z|USDCHF|asia_london|2022-02-02,2022-01-31T00:00:00.000Z,USDCHF,LONG,asia_london|2022-02-02,ASIA_LONDON,2022-02-01T13:00:00.000Z,2022-02-01T21:00:00.000Z,2022-02-02T00:00:00.000Z,2022-02-02T13:00:00.000Z,0.414612,0.063624,0.647433,0.961687,low,0.6,false,normal,dead_chop_cost_churn,false,gate90d_range_box_slots_cost_clamped_v0,0.138204,0.2,0.6,false,0.05,,0,0,0,F1F96641C5D63034B7ECB44E79F36C905FBCE0A96F62D069EBFD157FD620BB3B
2022-01-31T00:00:00.000Z|USDCHF|ny|2022-02-02,2022-01-31T00:00:00.000Z,USDCHF,LONG,ny|2022-02-02,NY,2022-02-02T00:00:00.000Z,2022-02-02T13:00:00.000Z,2022-02-02T13:00:00.000Z,2022-02-02T21:00:00.000Z,0.647433,0.02027,0.382719,0.961687,low,0.6,true,normal,harvestable_chop_candidate,true,gate90d_range_box_slots_cost_clamped_v0,0.215811,0.215811,0.647433,true,0.053953,,0,0,0,1832D8BB95541E8E1641038F60CF7608EC368F36CA31708FDAA9724CCA09F2BE
2022-01-31T00:00:00.000Z|USDCHF|asia_london|2022-02-03,2022-01-31T00:00:00.000Z,USDCHF,LONG,asia_london|2022-02-03,ASIA_LONDON,2022-02-02T13:00:00.000Z,2022-02-02T21:00:00.000Z,2022-02-03T00:00:00.000Z,2022-02-03T13:00:00.000Z,0.382719,0.064212,0.75587,0.961687,low,0.6,false,normal,dead_chop_cost_churn,false,gate90d_range_box_slots_cost_clamped_v0,0.127573,0.2,0.6,false,0.05,,0,0,0,D50878B283345B60B3A2C9FD51E0E82B1814F1AF9565F8182FFE42317F31659F
2022-01-31T00:00:00.000Z|USDCHF|ny|2022-02-03,2022-01-31T00:00:00.000Z,USDCHF,LONG,ny|2022-02-03,NY,2022-02-03T00:00:00.000Z,2022-02-03T13:00:00.000Z,2022-02-03T13:00:00.000Z,2022-02-03T21:00:00.000Z,0.75587,0.009705,0.826035,0.961687,low,0.6,true,normal,harvestable_chop_candidate,true,gate90d_range_box_slots_cost_clamped_v0,0.251957,0.251957,0.75587,true,0.062989,,2,2,0,419D60B114930815EA8748B73565B98F9C061F40FEB33207C031073BF7A4C2B9
2022-01-31T00:00:00.000Z|USDCHF|asia_london|2022-02-04,2022-01-31T00:00:00.000Z,USDCHF,LONG,asia_london|2022-02-04,ASIA_LONDON,2022-02-03T13:00:00.000Z,2022-02-03T21:00:00.000Z,2022-02-04T00:00:00.000Z,2022-02-04T13:00:00.000Z,0.826035,0.032258,0.655406,0.961687,low,0.6,true,normal,harvestable_chop_candidate,true,gate90d_range_box_slots_cost_clamped_v0,0.275345,0.275345,0.826035,true,0.068836,,0,0,0,1CDBD9D2DB552B56E92105ADD6730E91E63AB6960AB3043D24B6B22222601AC3
2022-01-31T00:00:00.000Z|USDCHF|ny|2022-02-04,2022-01-31T00:00:00.000Z,USDCHF,LONG,ny|2022-02-04,NY,2022-02-04T00:00:00.000Z,2022-02-04T13:00:00.000Z,2022-02-04T13:00:00.000Z,2022-02-04T21:00:00.000Z,0.655406,0.0836,0.700057,0.961687,low,0.6,true,normal,harvestable_chop_candidate,true,gate90d_range_box_slots_cost_clamped_v0,0.218469,0.218469,0.655406,true,0.054617,,0,0,0,C9228C644ADB95FAD4358FE0CB341297942C121A6D2CFD0940EC10B16126CD68
2022-01-31T00:00:00.000Z|USDJPY|ny|2022-01-31,2022-01-31T00:00:00.000Z,USDJPY,LONG,ny|2022-01-31,NY,2022-01-31T00:00:00.000Z,2022-01-31T13:00:00.000Z,2022-01-31T13:00:00.000Z,2022-01-31T21:00:00.000Z,0.377066,0.070084,0.854479,0.769472,low,0.6,false,compressed,dead_chop_cost_churn,false,gate90d_range_box_slots_cost_clamped_v0,0.125689,0.2,0.6,false,0.05,,1,1,0,A634285F3BD480DAA61B3047540D863C28EC8DEC6B858F500FB82A6A94561E87
2022-01-31T00:00:00.000Z|USDJPY|asia_london|2022-02-01,2022-01-31T00:00:00.000Z,USDJPY,LONG,asia_london|2022-02-01,ASIA_LONDON,2022-01-31T13:00:00.000Z,2022-01-31T21:00:00.000Z,2022-02-01T00:00:00.000Z,2022-02-01T13:00:00.000Z,0.854479,0.071474,0.956347,0.769472,low,0.6,true,compressed,harvestable_chop_candidate,true,gate90d_range_box_slots_cost_clamped_v0,0.284826,0.284826,0.854479,true,0.071207,,0,0,0,1D62E9062BAC77E7CAAB4D6EC0D5D96A0D7287FB9975C8BD21CA278956F3B273
2022-01-31T00:00:00.000Z|USDJPY|ny|2022-02-01,2022-01-31T00:00:00.000Z,USDJPY,LONG,ny|2022-02-01,NY,2022-02-01T00:00:00.000Z,2022-02-01T13:00:00.000Z,2022-02-01T13:00:00.000Z,2022-02-01T21:00:00.000Z,0.956347,0.006354,0.39075,0.769472,low,0.6,true,compressed,harvestable_chop_candidate,true,gate90d_range_box_slots_cost_clamped_v0,0.318782,0.3,0.9,true,0.075,,0,0,0,15E18B88301D9804D51B858A98B182DCE7938097ADFFDAE37BB7973C082C41B4
2022-01-31T00:00:00.000Z|USDJPY|asia_london|2022-02-02,2022-01-31T00:00:00.000Z,USDJPY,LONG,asia_london|2022-02-02,ASIA_LONDON,2022-02-01T13:00:00.000Z,2022-02-01T21:00:00.000Z,2022-02-02T00:00:00.000Z,2022-02-02T13:00:00.000Z,0.39075,0.098644,0.842316,0.769472,low,0.6,false,compressed,dead_chop_cost_churn,false,gate90d_range_box_slots_cost_clamped_v0,0.13025,0.2,0.6,false,0.05,,0,0,0,68ADC8BBB76CA9E628A3D3E87025F8B305CF5DDA91F5A0685A789F51A0EE6840
2022-01-31T00:00:00.000Z|USDJPY|ny|2022-02-02,2022-01-31T00:00:00.000Z,USDJPY,LONG,ny|2022-02-02,NY,2022-02-02T00:00:00.000Z,2022-02-02T13:00:00.000Z,2022-02-02T13:00:00.000Z,2022-02-02T21:00:00.000Z,0.842316,0.057266,0.471332,0.769472,low,0.6,true,compressed,harvestable_chop_candidate,true,gate90d_range_box_slots_cost_clamped_v0,0.280772,0.280772,0.842316,true,0.070193,,3,3,0,77C5C18915D99D886D41FBC33FF1AAB808457DEB4F3EA107E23344E345A8E18A
2022-01-31T00:00:00.000Z|USDJPY|asia_london|2022-02-03,2022-01-31T00:00:00.000Z,USDJPY,LONG,asia_london|2022-02-03,ASIA_LONDON,2022-02-02T13:00:00.000Z,2022-02-02T21:00:00.000Z,2022-02-03T00:00:00.000Z,2022-02-03T13:00:00.000Z,0.471332,0.091299,0.986756,0.769472,low,0.6,false,compressed,dead_chop_cost_churn,false,gate90d_range_box_slots_cost_clamped_v0,0.157111,0.2,0.6,false,0.05,,0,0,0,732A555E47570D4DB8AB6E78B90F42122E6BBC58AD4E971AD8D55E602AA3B89D
2022-01-31T00:00:00.000Z|USDJPY|ny|2022-02-03,2022-01-31T00:00:00.000Z,USDJPY,LONG,ny|2022-02-03,NY,2022-02-03T00:00:00.000Z,2022-02-03T13:00:00.000Z,2022-02-03T13:00:00.000Z,2022-02-03T21:00:00.000Z,0.986756,0.020919,0.337534,0.769472,low,0.6,true,compressed,harvestable_chop_candidate,true,gate90d_range_box_slots_cost_clamped_v0,0.328919,0.3,0.9,true,0.075,,0,0,0,E3CACA62E2FE1865605855DD7C6CCF1A745F1F2FA14E67EFC6FF779BD15D9183
2022-01-31T00:00:00.000Z|USDJPY|asia_london|2022-02-04,2022-01-31T00:00:00.000Z,USDJPY,LONG,asia_london|2022-02-04,ASIA_LONDON,2022-02-03T13:00:00.000Z,2022-02-03T21:00:00.000Z,2022-02-04T00:00:00.000Z,2022-02-04T13:00:00.000Z,0.337534,0.008621,0.576241,0.769472,low,0.6,false,compressed,dead_chop_cost_churn,false,gate90d_range_box_slots_cost_clamped_v0,0.112511,0.2,0.6,false,0.05,,1,0,1,FBA4D84C410D7BDD1AFF647A95F07A213BE199CDBCFACA356A7BD3131C1DFC5C
2022-01-31T00:00:00.000Z|USDJPY|ny|2022-02-04,2022-01-31T00:00:00.000Z,USDJPY,LONG,ny|2022-02-04,NY,2022-02-04T00:00:00.000Z,2022-02-04T13:00:00.000Z,2022-02-04T13:00:00.000Z,2022-02-04T21:00:00.000Z,0.576241,0.113148,0.863602,0.769472,low,0.6,false,compressed,dead_chop_cost_churn,false,gate90d_range_box_slots_cost_clamped_v0,0.19208,0.2,0.6,false,0.05,,0,0,0,C6E767804363CC08ADC265A0D77A68FBF15AC20BE06445652E47C5ACF4B7B439
2022-02-07T00:00:00.000Z|AUDCAD|ny|2022-02-07,2022-02-07T00:00:00.000Z,AUDCAD,LONG,ny|2022-02-07,NY,2022-02-07T00:00:00.000Z,2022-02-07T13:00:00.000Z,2022-02-07T13:00:00.000Z,2022-02-07T21:00:00.000Z,0.483275,0.040162,0.514861,1.234052,low,0.6,false,expanded,dead_chop_cost_churn,false,gate90d_range_box_slots_cost_clamped_v0,0.161092,0.2,0.6,false,0.05,,0,0,0,4E10F144CE4EF1103D45A62CCDC0C9B2B9D6E4AA5B57F4B4BBFBFFBF29A827B7
2022-02-07T00:00:00.000Z|AUDCAD|asia_london|2022-02-08,2022-02-07T00:00:00.000Z,AUDCAD,LONG,asia_london|2022-02-08,ASIA_LONDON,2022-02-07T13:00:00.000Z,2022-02-07T21:00:00.000Z,2022-02-08T00:00:00.000Z,2022-02-08T13:00:00.000Z,0.514861,0.034324,0.40115,1.234052,low,0.6,false,expanded,dead_chop_cost_churn,false,gate90d_range_box_slots_cost_clamped_v0,0.17162,0.2,0.6,false,0.05,,0,0,0,FEC49B56AA73D1F773D4B9C33355ABFD5B8FEA3E6A9F74424834C94CD2600821
2022-02-07T00:00:00.000Z|AUDCAD|ny|2022-02-08,2022-02-07T00:00:00.000Z,AUDCAD,LONG,ny|2022-02-08,NY,2022-02-08T00:00:00.000Z,2022-02-08T13:00:00.000Z,2022-02-08T13:00:00.000Z,2022-02-08T21:00:00.000Z,0.40115,0.084097,0.571717,1.234052,low,0.6,false,expanded,dead_chop_cost_churn,false,gate90d_range_box_slots_cost_clamped_v0,0.133717,0.2,0.6,false,0.05,,0,0,0,F21E60BA14EFF4735C6A37F1C35D035CB5B2EE06C86BB63D3D34FDF3584F1EA1
2022-02-07T00:00:00.000Z|AUDCAD|asia_london|2022-02-09,2022-02-07T00:00:00.000Z,AUDCAD,LONG,asia_london|2022-02-09,ASIA_LONDON,2022-02-08T13:00:00.000Z,2022-02-08T21:00:00.000Z,2022-02-09T00:00:00.000Z,2022-02-09T13:00:00.000Z,0.571717,0.056286,0.578035,1.234052,low,0.6,false,expanded,dead_chop_cost_churn,false,gate90d_range_box_slots_cost_clamped_v0,0.190572,0.2,0.6,false,0.05,,0,0,0,318D2E8C1D4972CF8E476FD147A99C23DFCF96E87C1D42A9F14CBD9D4AA4DFDF
2022-02-07T00:00:00.000Z|AUDCAD|ny|2022-02-09,2022-02-07T00:00:00.000Z,AUDCAD,LONG,ny|2022-02-09,NY,2022-02-09T00:00:00.000Z,2022-02-09T13:00:00.000Z,2022-02-09T13:00:00.000Z,2022-02-09T21:00:00.000Z,0.578035,0.024033,0.44853,1.234052,low,0.6,false,expanded,dead_chop_cost_churn,false,gate90d_range_box_slots_cost_clamped_v0,0.192678,0.2,0.6,false,0.05,,0,0,0,E495ACE9618D7BFA309B12B9A02EF454E30DC6386565481DCA5EE3CD652C5319
2022-02-07T00:00:00.000Z|AUDCAD|asia_london|2022-02-10,2022-02-07T00:00:00.000Z,AUDCAD,LONG,asia_london|2022-02-10,ASIA_LONDON,2022-02-09T13:00:00.000Z,2022-02-09T21:00:00.000Z,2022-02-10T00:00:00.000Z,2022-02-10T13:00:00.000Z,0.44853,0.050353,0.650683,1.234052,low,0.6,false,expanded,dead_chop_cost_churn,false,gate90d_range_box_slots_cost_clamped_v0,0.14951,0.2,0.6,false,0.05,,0,0,0,AD172E78BF204F6C1A2A36409FF351DB903829BF85A5265C712F8A1363C8814A
2022-02-07T00:00:00.000Z|AUDCAD|ny|2022-02-10,2022-02-07T00:00:00.000Z,AUDCAD,LONG,ny|2022-02-10,NY,2022-02-10T00:00:00.000Z,2022-02-10T13:00:00.000Z,2022-02-10T13:00:00.000Z,2022-02-10T21:00:00.000Z,0.650683,0.007216,1.261883,1.234052,low,0.6,true,expanded,harvestable_chop_candidate,true,gate90d_range_box_slots_cost_clamped_v0,0.216894,0.216894,0.650683,true,0.054224,,0,0,0,650809F2061F5D0F551DE2F5F0C5642AAD7E754A0CCF6B470E541D1696027F51
2022-02-07T00:00:00.000Z|AUDCAD|asia_london|2022-02-11,2022-02-07T00:00:00.000Z,AUDCAD,LONG,asia_london|2022-02-11,ASIA_LONDON,2022-02-10T13:00:00.000Z,2022-02-10T21:00:00.000Z,2022-02-11T00:00:00.000Z,2022-02-11T13:00:00.000Z,1.261883,0.038549,0.933384,1.234052,low,0.6,true,expanded,harvestable_chop_candidate,true,gate90d_range_box_slots_cost_clamped_v0,0.420628,0.3,0.9,true,0.075,,0,0,0,DC3E137AA003176DDF7AC56C7A67932147F9AA03F2D840BBFB4630D0B1D4D5DF
2022-02-07T00:00:00.000Z|AUDCAD|ny|2022-02-11,2022-02-07T00:00:00.000Z,AUDCAD,LONG,ny|2022-02-11,NY,2022-02-11T00:00:00.000Z,2022-02-11T13:00:00.000Z,2022-02-11T13:00:00.000Z,2022-02-11T21:00:00.000Z,0.933384,0.055986,0.379039,1.234052,low,0.6,true,expanded,harvestable_chop_candidate,true,gate90d_range_box_slots_cost_clamped_v0,0.311128,0.3,0.9,true,0.075,,0,0,0,F26C19A3BA7A28A2C55D1CB3EDCFAF31FCA959FC157BFB8A2ECD1B883F9FE7EF
2022-02-07T00:00:00.000Z|AUDCHF|ny|2022-02-07,2022-02-07T00:00:00.000Z,AUDCHF,LONG,ny|2022-02-07,NY,2022-02-07T00:00:00.000Z,2022-02-07T13:00:00.000Z,2022-02-07T13:00:00.000Z,2022-02-07T21:00:00.000Z,0.578962,0.042366,0.448342,1.024504,low,0.6,false,normal,dead_chop_cost_churn,false,gate90d_range_box_slots_cost_clamped_v0,0.192987,0.2,0.6,false,0.05,,2,0,2,DAED54D6275B9053919F5FAA189EC937DEFCD66B948F15443F6F53AAF492CD69
2022-02-07T00:00:00.000Z|AUDCHF|asia_london|2022-02-08,2022-02-07T00:00:00.000Z,AUDCHF,LONG,asia_london|2022-02-08,ASIA_LONDON,2022-02-07T13:00:00.000Z,2022-02-07T21:00:00.000Z,2022-02-08T00:00:00.000Z,2022-02-08T13:00:00.000Z,0.448342,0.012471,0.529538,1.024504,low,0.6,false,normal,dead_chop_cost_churn,false,gate90d_range_box_slots_cost_clamped_v0,0.149447,0.2,0.6,false,0.05,,0,0,0,155A9C3C33E7D87100369534F9AD35E738EE55B596FF6EBE4B040118C32F6A86
2022-02-07T00:00:00.000Z|AUDCHF|ny|2022-02-08,2022-02-07T00:00:00.000Z,AUDCHF,LONG,ny|2022-02-08,NY,2022-02-08T00:00:00.000Z,2022-02-08T13:00:00.000Z,2022-02-08T13:00:00.000Z,2022-02-08T21:00:00.000Z,0.529538,0.115482,0.70605,1.024504,low,0.6,false,normal,dead_chop_cost_churn,false,gate90d_range_box_slots_cost_clamped_v0,0.176513,0.2,0.6,false,0.05,,0,0,0,EB7C8A35741A5F51B50886E5F4BC46EDC5D5B35B83EE7E6895A4AD55C8E50A2F
2022-02-07T00:00:00.000Z|AUDCHF|asia_london|2022-02-09,2022-02-07T00:00:00.000Z,AUDCHF,LONG,asia_london|2022-02-09,ASIA_LONDON,2022-02-08T13:00:00.000Z,2022-02-08T21:00:00.000Z,2022-02-09T00:00:00.000Z,2022-02-09T13:00:00.000Z,0.70605,0.028838,0.460698,1.024504,low,0.6,true,normal,harvestable_chop_candidate,true,gate90d_range_box_slots_cost_clamped_v0,0.23535,0.23535,0.70605,true,0.058838,,0,0,0,1B2C29F116A53FB580EB33707F0DE43B8544FB762C32C3C486D0BE15558310E8
2022-02-07T00:00:00.000Z|AUDCHF|ny|2022-02-09,2022-02-07T00:00:00.000Z,AUDCHF,LONG,ny|2022-02-09,NY,2022-02-09T00:00:00.000Z,2022-02-09T13:00:00.000Z,2022-02-09T13:00:00.000Z,2022-02-09T21:00:00.000Z,0.460698,0.049031,0.34067,1.024504,low,0.6,false,normal,dead_chop_cost_churn,false,gate90d_range_box_slots_cost_clamped_v0,0.153566,0.2,0.6,false,0.05,,0,0,0,961CFE4D777F7586966DA2C07B2AE2F1BDF1B44C36D3A50D2D6D64C68D0135FF
2022-02-07T00:00:00.000Z|AUDCHF|asia_london|2022-02-10,2022-02-07T00:00:00.000Z,AUDCHF,LONG,asia_london|2022-02-10,ASIA_LONDON,2022-02-09T13:00:00.000Z,2022-02-09T21:00:00.000Z,2022-02-10T00:00:00.000Z,2022-02-10T13:00:00.000Z,0.34067,0.040174,0.781951,1.024504,low,0.6,false,normal,dead_chop_cost_churn,false,gate90d_range_box_slots_cost_clamped_v0,0.113557,0.2,0.6,false,0.05,,0,0,0,D1953A5800EE6F74817301D51FFC5CDA96C4668CD644E9E928CFE6C7D11C7D32
2022-02-07T00:00:00.000Z|AUDCHF|ny|2022-02-10,2022-02-07T00:00:00.000Z,AUDCHF,LONG,ny|2022-02-10,NY,2022-02-10T00:00:00.000Z,2022-02-10T13:00:00.000Z,2022-02-10T13:00:00.000Z,2022-02-10T21:00:00.000Z,0.781951,0.019293,1.108499,1.024504,low,0.6,true,normal,harvestable_chop_candidate,true,gate90d_range_box_slots_cost_clamped_v0,0.26065,0.26065,0.781951,true,0.065163,,0,0,0,431EA0CE85AC89499589D0A64D6EA2C1E55CF7C3AD95E2B7FA807034837D4B27
2022-02-07T00:00:00.000Z|AUDCHF|asia_london|2022-02-11,2022-02-07T00:00:00.000Z,AUDCHF,LONG,asia_london|2022-02-11,ASIA_LONDON,2022-02-10T13:00:00.000Z,2022-02-10T21:00:00.000Z,2022-02-11T00:00:00.000Z,2022-02-11T13:00:00.000Z,1.108499,0.009269,0.601909,1.024504,low,0.6,true,normal,harvestable_chop_candidate,true,gate90d_range_box_slots_cost_clamped_v0,0.3695,0.3,0.9,true,0.075,,0,0,0,4ADD0879C506646A5F5287F524934885CD679F33FB7A3F8D7C3A89A71583A797
2022-02-07T00:00:00.000Z|AUDCHF|ny|2022-02-11,2022-02-07T00:00:00.000Z,AUDCHF,LONG,ny|2022-02-11,NY,2022-02-11T00:00:00.000Z,2022-02-11T13:00:00.000Z,2022-02-11T13:00:00.000Z,2022-02-11T21:00:00.000Z,0.601909,0.104146,0.524243,1.024504,low,0.6,true,normal,harvestable_chop_candidate,true,gate90d_range_box_slots_cost_clamped_v0,0.200636,0.200636,0.601909,true,0.050159,,0,0,0,583A1D2662ADF9F3CC046FDE00D9BDB8601CFDD3A69076B73C54546DBFA71994
2022-02-07T00:00:00.000Z|AUDJPY|ny|2022-02-07,2022-02-07T00:00:00.000Z,AUDJPY,LONG,ny|2022-02-07,NY,2022-02-07T00:00:00.000Z,2022-02-07T13:00:00.000Z,2022-02-07T13:00:00.000Z,2022-02-07T21:00:00.000Z,0.513216,0.058991,0.433539,1.069317,low,0.6,false,normal,dead_chop_cost_churn,false,gate90d_range_box_slots_cost_clamped_v0,0.171072,0.2,0.6,false,0.05,,0,0,0,ED2E397780B016A05312571C04D11D73EF38212C82ABA8B70F790730A0563838
2022-02-07T00:00:00.000Z|AUDJPY|asia_london|2022-02-08,2022-02-07T00:00:00.000Z,AUDJPY,LONG,asia_london|2022-02-08,ASIA_LONDON,2022-02-07T13:00:00.000Z,2022-02-07T21:00:00.000Z,2022-02-08T00:00:00.000Z,2022-02-08T13:00:00.000Z,0.433539,0.014047,0.455801,1.069317,low,0.6,false,normal,dead_chop_cost_churn,false,gate90d_range_box_slots_cost_clamped_v0,0.144513,0.2,0.6,false,0.05,,0,0,0,4B44C1CC95C38DEB36FA71B88238DE2E75F6E7133EE5AC4012C43238A793238E
2022-02-07T00:00:00.000Z|AUDJPY|ny|2022-02-08,2022-02-07T00:00:00.000Z,AUDJPY,LONG,ny|2022-02-08,NY,2022-02-08T00:00:00.000Z,2022-02-08T13:00:00.000Z,2022-02-08T13:00:00.000Z,2022-02-08T21:00:00.000Z,0.455801,0.113418,0.558913,1.069317,low,0.6,false,normal,dead_chop_cost_churn,false,gate90d_range_box_slots_cost_clamped_v0,0.151934,0.2,0.6,false,0.05,,0,0,0,7F902212051F7DCBE2C3F30C2233990A67A5E011D979973C34B50F4192AB426F
2022-02-07T00:00:00.000Z|AUDJPY|asia_london|2022-02-09,2022-02-07T00:00:00.000Z,AUDJPY,LONG,asia_london|2022-02-09,ASIA_LONDON,2022-02-08T13:00:00.000Z,2022-02-08T21:00:00.000Z,2022-02-09T00:00:00.000Z,2022-02-09T13:00:00.000Z,0.558913,0.045283,0.560085,1.069317,low,0.6,false,normal,dead_chop_cost_churn,false,gate90d_range_box_slots_cost_clamped_v0,0.186304,0.2,0.6,false,0.05,,0,0,0,9F0A6E28B6DF4FC91A87B8B95D42F656AC8083BEDA86F2593C49A1EAE48CBD5E
2022-02-07T00:00:00.000Z|AUDJPY|ny|2022-02-09,2022-02-07T00:00:00.000Z,AUDJPY,LONG,ny|2022-02-09,NY,2022-02-09T00:00:00.000Z,2022-02-09T13:00:00.000Z,2022-02-09T13:00:00.000Z,2022-02-09T21:00:00.000Z,0.560085,0.033263,0.258952,1.069317,low,0.6,false,normal,dead_chop_cost_churn,false,gate90d_range_box_slots_cost_clamped_v0,0.186695,0.2,0.6,false,0.05,,0,0,0,097A0409BA6EFDA3D5EA95B8973AC62A87FC2EED34483BBDC05D8CB76D42034E
2022-02-07T00:00:00.000Z|AUDJPY|asia_london|2022-02-10,2022-02-07T00:00:00.000Z,AUDJPY,LONG,asia_london|2022-02-10,ASIA_LONDON,2022-02-09T13:00:00.000Z,2022-02-09T21:00:00.000Z,2022-02-10T00:00:00.000Z,2022-02-10T13:00:00.000Z,0.258952,0.058862,0.806147,1.069317,low,0.6,false,normal,dead_chop_cost_churn,false,gate90d_range_box_slots_cost_clamped_v0,0.086317,0.2,0.6,false,0.05,,0,0,0,3F1114311FBE9979E53F3047CD693E4C9B87DFF0309F40D3BD077962C0B3DE66
2022-02-07T00:00:00.000Z|AUDJPY|ny|2022-02-10,2022-02-07T00:00:00.000Z,AUDJPY,LONG,ny|2022-02-10,NY,2022-02-10T00:00:00.000Z,2022-02-10T13:00:00.000Z,2022-02-10T13:00:00.000Z,2022-02-10T21:00:00.000Z,0.806147,0.021508,1.169381,1.069317,low,0.6,true,normal,harvestable_chop_candidate,true,gate90d_range_box_slots_cost_clamped_v0,0.268716,0.268716,0.806147,true,0.067179,,0,0,0,C4EAEA7A95AC7408D558EC228ABFCA17238DADB983590DC6BAEEEC7A34082E24
2022-02-07T00:00:00.000Z|AUDJPY|asia_london|2022-02-11,2022-02-07T00:00:00.000Z,AUDJPY,LONG,asia_london|2022-02-11,ASIA_LONDON,2022-02-10T13:00:00.000Z,2022-02-10T21:00:00.000Z,2022-02-11T00:00:00.000Z,2022-02-11T13:00:00.000Z,1.169381,0.016882,0.696005,1.069317,low,0.6,true,normal,harvestable_chop_candidate,true,gate90d_range_box_slots_cost_clamped_v0,0.389794,0.3,0.9,true,0.075,,0,0,0,D0075E24D9BD38447D6035AA48DAD754A1AB3A564F21A0B78099CAACE7D9E2C2
2022-02-07T00:00:00.000Z|AUDJPY|ny|2022-02-11,2022-02-07T00:00:00.000Z,AUDJPY,LONG,ny|2022-02-11,NY,2022-02-11T00:00:00.000Z,2022-02-11T13:00:00.000Z,2022-02-11T13:00:00.000Z,2022-02-11T21:00:00.000Z,0.696005,0.08086,0.362063,1.069317,low,0.6,true,normal,harvestable_chop_candidate,true,gate90d_range_box_slots_cost_clamped_v0,0.232002,0.232002,0.696005,true,0.058,,1,0,1,E6220C028319EDDCAFFBC9CA8230CC1BC28E6EC175F01C762C131472EB86F738
2022-02-07T00:00:00.000Z|AUDNZD|ny|2022-02-07,2022-02-07T00:00:00.000Z,AUDNZD,SHORT,ny|2022-02-07,NY,2022-02-07T00:00:00.000Z,2022-02-07T13:00:00.000Z,2022-02-07T13:00:00.000Z,2022-02-07T21:00:00.000Z,0.648462,0.031564,0.294755,0.97682,low,0.6,true,normal,harvestable_chop_candidate,true,gate90d_range_box_slots_cost_clamped_v0,0.216154,0.216154,0.648462,true,0.054038,,0,0,0,88FCD8D4A72A3E4B87498473E4E67C6B848BF6A5B3B41AC97ECDD29FAE5269AA
2022-02-07T00:00:00.000Z|AUDNZD|asia_london|2022-02-08,2022-02-07T00:00:00.000Z,AUDNZD,SHORT,asia_london|2022-02-08,ASIA_LONDON,2022-02-07T13:00:00.000Z,2022-02-07T21:00:00.000Z,2022-02-08T00:00:00.000Z,2022-02-08T13:00:00.000Z,0.294755,0.007265,0.554834,0.97682,low,0.6,false,normal,dead_chop_cost_churn,false,gate90d_range_box_slots_cost_clamped_v0,0.098252,0.2,0.6,false,0.05,,0,0,0,A278F523A0AD5D1973C12DF7F0FC17F84F2EFB413BCA3F6221EE42D4D6F8FE6C
2022-02-07T00:00:00.000Z|AUDNZD|ny|2022-02-08,2022-02-07T00:00:00.000Z,AUDNZD,SHORT,ny|2022-02-08,NY,2022-02-08T00:00:00.000Z,2022-02-08T13:00:00.000Z,2022-02-08T13:00:00.000Z,2022-02-08T21:00:00.000Z,0.554834,0.061345,0.443867,0.97682,low,0.6,false,normal,dead_chop_cost_churn,false,gate90d_range_box_slots_cost_clamped_v0,0.184945,0.2,0.6,false,0.05,,0,0,0,4D64D62B3EC7A6DC4801B331CB9FBE0E10CB7EC629463F8B9413B47EBC6B355F
2022-02-07T00:00:00.000Z|AUDNZD|asia_london|2022-02-09,2022-02-07T00:00:00.000Z,AUDNZD,SHORT,asia_london|2022-02-09,ASIA_LONDON,2022-02-08T13:00:00.000Z,2022-02-08T21:00:00.000Z,2022-02-09T00:00:00.000Z,2022-02-09T13:00:00.000Z,0.443867,0.017913,0.631124,0.97682,low,0.6,false,normal,dead_chop_cost_churn,false,gate90d_range_box_slots_cost_clamped_v0,0.147956,0.2,0.6,false,0.05,,1,0,1,BD1137A5E25DB559443EEC3F480EF4E50238894C5FFBE4C3A9106E9674DC5CB6
2022-02-07T00:00:00.000Z|AUDNZD|ny|2022-02-09,2022-02-07T00:00:00.000Z,AUDNZD,SHORT,ny|2022-02-09,NY,2022-02-09T00:00:00.000Z,2022-02-09T13:00:00.000Z,2022-02-09T13:00:00.000Z,2022-02-09T21:00:00.000Z,0.631124,0.023215,0.294755,0.97682,low,0.6,true,normal,harvestable_chop_candidate,true,gate90d_range_box_slots_cost_clamped_v0,0.210375,0.210375,0.631124,true,0.052594,,0,0,0,C64181C532819A33C7D57E96A8770ADFC3AA271962D1A66AC4E4136536ABF8D2
2022-02-07T00:00:00.000Z|AUDNZD|asia_london|2022-02-10,2022-02-07T00:00:00.000Z,AUDNZD,SHORT,asia_london|2022-02-10,ASIA_LONDON,2022-02-09T13:00:00.000Z,2022-02-09T21:00:00.000Z,2022-02-10T00:00:00.000Z,2022-02-10T13:00:00.000Z,0.294755,0.010368,0.499351,0.97682,low,0.6,false,normal,dead_chop_cost_churn,false,gate90d_range_box_slots_cost_clamped_v0,0.098252,0.2,0.6,false,0.05,,0,0,0,BDAC66C66BB35EB26F0E21ACA8BEABD8FFD982D5ECB08B6E580898967D3487D9
2022-02-07T00:00:00.000Z|AUDNZD|ny|2022-02-10,2022-02-07T00:00:00.000Z,AUDNZD,SHORT,ny|2022-02-10,NY,2022-02-10T00:00:00.000Z,2022-02-10T13:00:00.000Z,2022-02-10T13:00:00.000Z,2022-02-10T21:00:00.000Z,0.499351,0.007896,0.806243,0.97682,low,0.6,false,normal,dead_chop_cost_churn,false,gate90d_range_box_slots_cost_clamped_v0,0.16645,0.2,0.6,false,0.05,,2,0,2,352D555F2BA673EB4AAE5BC8E9FF3952EF5461C69C978D3B82A320584A72F590
2022-02-07T00:00:00.000Z|AUDNZD|asia_london|2022-02-11,2022-02-07T00:00:00.000Z,AUDNZD,SHORT,asia_london|2022-02-11,ASIA_LONDON,2022-02-10T13:00:00.000Z,2022-02-10T21:00:00.000Z,2022-02-11T00:00:00.000Z,2022-02-11T13:00:00.000Z,0.806243,0.027193,0.530559,0.97682,low,0.6,true,normal,harvestable_chop_candidate,true,gate90d_range_box_slots_cost_clamped_v0,0.268748,0.268748,0.806243,true,0.067187,,0,0,0,29620EC59E333C2E11A668C6439FF985F011BD2725A71D59B8F5DDFC558A2D07
2022-02-07T00:00:00.000Z|AUDNZD|ny|2022-02-11,2022-02-07T00:00:00.000Z,AUDNZD,SHORT,ny|2022-02-11,NY,2022-02-11T00:00:00.000Z,2022-02-11T13:00:00.000Z,2022-02-11T13:00:00.000Z,2022-02-11T21:00:00.000Z,0.530559,0.062814,0.284353,0.97682,low,0.6,false,normal,dead_chop_cost_churn,false,gate90d_range_box_slots_cost_clamped_v0,0.176853,0.2,0.6,false,0.05,,0,0,0,78A59AD773FEFD28014A34E1DDF7C410D56ABCE351B3F5EAC5D8F254D3DBF728
2022-02-07T00:00:00.000Z|AUDUSD|ny|2022-02-07,2022-02-07T00:00:00.000Z,AUDUSD,LONG,ny|2022-02-07,NY,2022-02-07T00:00:00.000Z,2022-02-07T13:00:00.000Z,2022-02-07T13:00:00.000Z,2022-02-07T21:00:00.000Z,0.578564,0.037832,0.412701,0.928359,low,0.6,false,normal,dead_chop_cost_churn,false,gate90d_range_box_slots_cost_clamped_v0,0.192855,0.2,0.6,false,0.05,,0,0,0,12E0BF4340673B51820677321648A4DF1E774A3D288C6D1798D797E3D506D3A9
2022-02-07T00:00:00.000Z|AUDUSD|asia_london|2022-02-08,2022-02-07T00:00:00.000Z,AUDUSD,LONG,asia_london|2022-02-08,ASIA_LONDON,2022-02-07T13:00:00.000Z,2022-02-07T21:00:00.000Z,2022-02-08T00:00:00.000Z,2022-02-08T13:00:00.000Z,0.412701,0.016017,0.407477,0.928359,low,0.6,false,normal,dead_chop_cost_churn,false,gate90d_range_box_slots_cost_clamped_v0,0.137567,0.2,0.6,false,0.05,,0,0,0,E525A27BD5B353F41117A34C3BF21002E324641DAFF22AD46D47E0AD67F1AB02
2022-02-07T00:00:00.000Z|AUDUSD|ny|2022-02-08,2022-02-07T00:00:00.000Z,AUDUSD,LONG,ny|2022-02-08,NY,2022-02-08T00:00:00.000Z,2022-02-08T13:00:00.000Z,2022-02-08T13:00:00.000Z,2022-02-08T21:00:00.000Z,0.407477,0.084562,0.446657,0.928359,low,0.6,false,normal,dead_chop_cost_churn,false,gate90d_range_box_slots_cost_clamped_v0,0.135826,0.2,0.6,false,0.05,,0,0,0,C4AA9B43DEFA8613162DEB457CF73C2B9D9B2187170EB7CB6B5AD55CD9893AB1
2022-02-07T00:00:00.000Z|AUDUSD|asia_london|2022-02-09,2022-02-07T00:00:00.000Z,AUDUSD,LONG,asia_london|2022-02-09,ASIA_LONDON,2022-02-08T13:00:00.000Z,2022-02-08T21:00:00.000Z,2022-02-09T00:00:00.000Z,2022-02-09T13:00:00.000Z,0.446657,0.064716,0.561586,0.928359,low,0.6,false,normal,dead_chop_cost_churn,false,gate90d_range_box_slots_cost_clamped_v0,0.148886,0.2,0.6,false,0.05,,0,0,0,62C4D5EDE2A1AADA90350343C30D91EBE0FB20D719FFEFCAD85034131D886ECD
2022-02-07T00:00:00.000Z|AUDUSD|ny|2022-02-09,2022-02-07T00:00:00.000Z,AUDUSD,LONG,ny|2022-02-09,NY,2022-02-09T00:00:00.000Z,2022-02-09T13:00:00.000Z,2022-02-09T13:00:00.000Z,2022-02-09T21:00:00.000Z,0.561586,0.014123,0.272957,0.928359,low,0.6,false,normal,dead_chop_cost_churn,false,gate90d_range_box_slots_cost_clamped_v0,0.187195,0.2,0.6,false,0.05,,0,0,0,B1DD2BA7CB55C7AC777065BD4AACB749B60B3AA64CFC7B8D06E0656F16E8E227
2022-02-07T00:00:00.000Z|AUDUSD|asia_london|2022-02-10,2022-02-07T00:00:00.000Z,AUDUSD,LONG,asia_london|2022-02-10,ASIA_LONDON,2022-02-09T13:00:00.000Z,2022-02-09T21:00:00.000Z,2022-02-10T00:00:00.000Z,2022-02-10T13:00:00.000Z,0.272957,0.044221,0.558974,0.928359,low,0.6,false,normal,dead_chop_cost_churn,false,gate90d_range_box_slots_cost_clamped_v0,0.090986,0.2,0.6,false,0.05,,0,0,0,19B502C3150B073C59431FDDC96072F31E1BC9B34B2105BF6CFA644D29C1E60E
2022-02-07T00:00:00.000Z|AUDUSD|ny|2022-02-10,2022-02-07T00:00:00.000Z,AUDUSD,LONG,ny|2022-02-10,NY,2022-02-10T00:00:00.000Z,2022-02-10T13:00:00.000Z,2022-02-10T13:00:00.000Z,2022-02-10T21:00:00.000Z,0.558974,0.038181,1.326912,0.928359,low,0.6,false,normal,dead_chop_cost_churn,false,gate90d_range_box_slots_cost_clamped_v0,0.186325,0.2,0.6,false,0.05,,3,3,0,F0BBB62FC7B478AF2451206E4043374D0A9B0F09C170A02A7F13AA3A7A2ECDE9
2022-02-07T00:00:00.000Z|AUDUSD|asia_london|2022-02-11,2022-02-07T00:00:00.000Z,AUDUSD,LONG,asia_london|2022-02-11,ASIA_LONDON,2022-02-10T13:00:00.000Z,2022-02-10T21:00:00.000Z,2022-02-11T00:00:00.000Z,2022-02-11T13:00:00.000Z,1.326912,0.008543,0.689577,0.928359,low,0.6,true,normal,harvestable_chop_candidate,true,gate90d_range_box_slots_cost_clamped_v0,0.442304,0.3,0.9,true,0.075,,0,0,0,5EB42E51543BF98F802360B74FF0E833245BB8F4CDE8916A6604083EC20932E4
2022-02-07T00:00:00.000Z|AUDUSD|ny|2022-02-11,2022-02-07T00:00:00.000Z,AUDUSD,LONG,ny|2022-02-11,NY,2022-02-11T00:00:00.000Z,2022-02-11T13:00:00.000Z,2022-02-11T13:00:00.000Z,2022-02-11T21:00:00.000Z,0.689577,0.085114,0.417925,0.928359,low,0.6,true,normal,harvestable_chop_candidate,true,gate90d_range_box_slots_cost_clamped_v0,0.229859,0.229859,0.689577,true,0.057465,,0,0,0,53EF315138C2A1D852FB5DEC638756E6D0DBAE53FB67300EF68AAB46B18FEE21
2022-02-07T00:00:00.000Z|CADCHF|ny|2022-02-07,2022-02-07T00:00:00.000Z,CADCHF,LONG,ny|2022-02-07,NY,2022-02-07T00:00:00.000Z,2022-02-07T13:00:00.000Z,2022-02-07T13:00:00.000Z,2022-02-07T21:00:00.000Z,0.398327,0.069732,0.70384,0.867225,low,0.6,false,compressed,dead_chop_cost_churn,false,gate90d_range_box_slots_cost_clamped_v0,0.132776,0.2,0.6,false,0.05,,0,0,0,5DEEF1FEF8AFC557BDC7C8A9AF50C78F8C53ADFBD03445D5DA3413A4B773EC88
2022-02-07T00:00:00.000Z|CADCHF|asia_london|2022-02-08,2022-02-07T00:00:00.000Z,CADCHF,LONG,asia_london|2022-02-08,ASIA_LONDON,2022-02-07T13:00:00.000Z,2022-02-07T21:00:00.000Z,2022-02-08T00:00:00.000Z,2022-02-08T13:00:00.000Z,0.70384,0.049408,0.715442,0.867225,low,0.6,true,compressed,harvestable_chop_candidate,true,gate90d_range_box_slots_cost_clamped_v0,0.234613,0.234613,0.70384,true,0.058653,,0,0,0,DC1493DBDA6FD40642A9DAF4532BD2D8486DF83DF431C01E00AB2F2541D52A66
2022-02-07T00:00:00.000Z|CADCHF|ny|2022-02-08,2022-02-07T00:00:00.000Z,CADCHF,LONG,ny|2022-02-08,NY,2022-02-08T00:00:00.000Z,2022-02-08T13:00:00.000Z,2022-02-08T13:00:00.000Z,2022-02-08T21:00:00.000Z,0.715442,0.040177,0.365456,0.867225,low,0.6,true,compressed,harvestable_chop_candidate,true,gate90d_range_box_slots_cost_clamped_v0,0.238481,0.238481,0.715442,true,0.05962,,0,0,0,97F2537C32A8F6730CD27E1ADA5C5B777BA254AE59437D6A910EEBA06AF26E3A
2022-02-07T00:00:00.000Z|CADCHF|asia_london|2022-02-09,2022-02-07T00:00:00.000Z,CADCHF,LONG,asia_london|2022-02-09,ASIA_LONDON,2022-02-08T13:00:00.000Z,2022-02-08T21:00:00.000Z,2022-02-09T00:00:00.000Z,2022-02-09T13:00:00.000Z,0.365456,0.018259,0.460203,0.867225,low,0.6,false,compressed,dead_chop_cost_churn,false,gate90d_range_box_slots_cost_clamped_v0,0.121819,0.2,0.6,false,0.05,,0,0,0,93378FC84835847C531C500E6005959C4ED7BA825A2A07F877DD9C05776BA155
2022-02-07T00:00:00.000Z|CADCHF|ny|2022-02-09,2022-02-07T00:00:00.000Z,CADCHF,LONG,ny|2022-02-09,NY,2022-02-09T00:00:00.000Z,2022-02-09T13:00:00.000Z,2022-02-09T13:00:00.000Z,2022-02-09T21:00:00.000Z,0.460203,0.068592,0.539482,0.867225,low,0.6,false,compressed,dead_chop_cost_churn,false,gate90d_range_box_slots_cost_clamped_v0,0.153401,0.2,0.6,false,0.05,,0,0,0,6BE508D18F0B2CF4C12BB0E4CF4E22A4D5AC1B4B4E4AE021A7AEE0EE50B72CC5
2022-02-07T00:00:00.000Z|CADCHF|asia_london|2022-02-10,2022-02-07T00:00:00.000Z,CADCHF,LONG,asia_london|2022-02-10,ASIA_LONDON,2022-02-09T13:00:00.000Z,2022-02-09T21:00:00.000Z,2022-02-10T00:00:00.000Z,2022-02-10T13:00:00.000Z,0.539482,0.005562,0.369323,0.867225,low,0.6,false,compressed,dead_chop_cost_churn,false,gate90d_range_box_slots_cost_clamped_v0,0.179827,0.2,0.6,false,0.05,,0,0,0,81CF1249962F5E64803F796EC1EC2BB48EACF399270E1496FC659770C3AAFFC2
2022-02-07T00:00:00.000Z|CADCHF|ny|2022-02-10,2022-02-07T00:00:00.000Z,CADCHF,LONG,ny|2022-02-10,NY,2022-02-10T00:00:00.000Z,2022-02-10T13:00:00.000Z,2022-02-10T13:00:00.000Z,2022-02-10T21:00:00.000Z,0.369323,0.017039,0.821791,0.867225,low,0.6,false,compressed,dead_chop_cost_churn,false,gate90d_range_box_slots_cost_clamped_v0,0.123108,0.2,0.6,false,0.05,,2,0,2,73D2A9625E2B06A786E2A23FC65FCA7EB7101F4D42E3950B87E03C4C8488B3EB
2022-02-07T00:00:00.000Z|CADCHF|asia_london|2022-02-11,2022-02-07T00:00:00.000Z,CADCHF,LONG,asia_london|2022-02-11,ASIA_LONDON,2022-02-10T13:00:00.000Z,2022-02-10T21:00:00.000Z,2022-02-11T00:00:00.000Z,2022-02-11T13:00:00.000Z,0.821791,0.027653,0.572354,0.867225,low,0.6,true,compressed,harvestable_chop_candidate,true,gate90d_range_box_slots_cost_clamped_v0,0.27393,0.27393,0.821791,true,0.068483,,0,0,0,7569DBA0A4F82382175F760B0F2B91EB3C7EB0BAB9983D3F02ED6247BA287A25
2022-02-07T00:00:00.000Z|CADCHF|ny|2022-02-11,2022-02-07T00:00:00.000Z,CADCHF,LONG,ny|2022-02-11,NY,2022-02-11T00:00:00.000Z,2022-02-11T13:00:00.000Z,2022-02-11T13:00:00.000Z,2022-02-11T21:00:00.000Z,0.572354,0.066811,0.475673,0.867225,low,0.6,false,compressed,dead_chop_cost_churn,false,gate90d_range_box_slots_cost_clamped_v0,0.190785,0.2,0.6,false,0.05,,2,0,2,222DCE1AB2347C8903E7E6473606E28572E0DAA45B29C8191828F97BA5992A0F
2022-02-07T00:00:00.000Z|CADJPY|ny|2022-02-07,2022-02-07T00:00:00.000Z,CADJPY,LONG,ny|2022-02-07,NY,2022-02-07T00:00:00.000Z,2022-02-07T13:00:00.000Z,2022-02-07T13:00:00.000Z,2022-02-07T21:00:00.000Z,0.620874,0.090074,0.693263,0.922598,low,0.6,true,normal,harvestable_chop_candidate,true,gate90d_range_box_slots_cost_clamped_v0,0.206958,0.206958,0.620874,true,0.05174,,2,0,2,6D37E853F3ECD9885F0AE27B48A21BF0E9D49FC9CE5B369B33215F63DFF6A0F7
2022-02-07T00:00:00.000Z|CADJPY|asia_london|2022-02-08,2022-02-07T00:00:00.000Z,CADJPY,LONG,asia_london|2022-02-08,ASIA_LONDON,2022-02-07T13:00:00.000Z,2022-02-07T21:00:00.000Z,2022-02-08T00:00:00.000Z,2022-02-08T13:00:00.000Z,0.693263,0.013221,0.467743,0.922598,low,0.6,true,normal,harvestable_chop_candidate,true,gate90d_range_box_slots_cost_clamped_v0,0.231088,0.231088,0.693263,true,0.057772,,0,0,0,8C5689547882FB7E93C38645EF1B4F3CC84231FD95635720551B647F4A8441EC
2022-02-07T00:00:00.000Z|CADJPY|ny|2022-02-08,2022-02-07T00:00:00.000Z,CADJPY,LONG,ny|2022-02-08,NY,2022-02-08T00:00:00.000Z,2022-02-08T13:00:00.000Z,2022-02-08T13:00:00.000Z,2022-02-08T21:00:00.000Z,0.467743,0.039077,0.353592,0.922598,low,0.6,false,normal,dead_chop_cost_churn,false,gate90d_range_box_slots_cost_clamped_v0,0.155914,0.2,0.6,false,0.05,,0,0,0,0722D75479A23C6D3BD3EE974F367032AD5DE6DC0CCB352B2EED1E545EF3DF47
2022-02-07T00:00:00.000Z|CADJPY|asia_london|2022-02-09,2022-02-07T00:00:00.000Z,CADJPY,LONG,asia_london|2022-02-09,ASIA_LONDON,2022-02-08T13:00:00.000Z,2022-02-08T21:00:00.000Z,2022-02-09T00:00:00.000Z,2022-02-09T13:00:00.000Z,0.353592,0.008385,0.413452,0.922598,low,0.6,false,normal,dead_chop_cost_churn,false,gate90d_range_box_slots_cost_clamped_v0,0.117864,0.2,0.6,false,0.05,,0,0,0,2C45D23257C311579953A5925DF0DC73D17BCFC8FE1C3229927DF03F1904DEE9
2022-02-07T00:00:00.000Z|CADJPY|ny|2022-02-09,2022-02-07T00:00:00.000Z,CADJPY,LONG,ny|2022-02-09,NY,2022-02-09T00:00:00.000Z,2022-02-09T13:00:00.000Z,2022-02-09T13:00:00.000Z,2022-02-09T21:00:00.000Z,0.413452,0.05433,0.414845,0.922598,low,0.6,false,normal,dead_chop_cost_churn,false,gate90d_range_box_slots_cost_clamped_v0,0.137817,0.2,0.6,false,0.05,,0,0,0,FA167046D0068ED773EAA2D14C125EE1F7348CABB084618AAEAD71D19D69A8FB
2022-02-07T00:00:00.000Z|CADJPY|asia_london|2022-02-10,2022-02-07T00:00:00.000Z,CADJPY,LONG,asia_london|2022-02-10,ASIA_LONDON,2022-02-09T13:00:00.000Z,2022-02-09T21:00:00.000Z,2022-02-10T00:00:00.000Z,2022-02-10T13:00:00.000Z,0.414845,0.03295,0.619482,0.922598,low,0.6,false,normal,dead_chop_cost_churn,false,gate90d_range_box_slots_cost_clamped_v0,0.138282,0.2,0.6,false,0.05,,0,0,0,667B134C14BAA6D16CA6BFA26670845A66B8C085FC2FA789A2793413BD446A89
2022-02-07T00:00:00.000Z|CADJPY|ny|2022-02-10,2022-02-07T00:00:00.000Z,CADJPY,LONG,ny|2022-02-10,NY,2022-02-10T00:00:00.000Z,2022-02-10T13:00:00.000Z,2022-02-10T13:00:00.000Z,2022-02-10T21:00:00.000Z,0.619482,0.022099,0.818552,0.922598,low,0.6,true,normal,harvestable_chop_candidate,true,gate90d_range_box_slots_cost_clamped_v0,0.206494,0.206494,0.619482,true,0.051624,,2,0,2,BCD8E3C82E0070A9DA902115C12053DA4608B8CD5B7405CD52434C3DE2F0B7BF
2022-02-07T00:00:00.000Z|CADJPY|asia_london|2022-02-11,2022-02-07T00:00:00.000Z,CADJPY,LONG,asia_london|2022-02-11,ASIA_LONDON,2022-02-10T13:00:00.000Z,2022-02-10T21:00:00.000Z,2022-02-11T00:00:00.000Z,2022-02-11T13:00:00.000Z,0.818552,0.014429,0.451039,0.922598,low,0.6,true,normal,harvestable_chop_candidate,true,gate90d_range_box_slots_cost_clamped_v0,0.272851,0.272851,0.818552,true,0.068213,,0,0,0,8E5CC181D398AA756E7B7F190188A5BF283B5A585B62FA7D14B54BE93F1040F2
2022-02-07T00:00:00.000Z|CADJPY|ny|2022-02-11,2022-02-07T00:00:00.000Z,CADJPY,LONG,ny|2022-02-11,NY,2022-02-11T00:00:00.000Z,2022-02-11T13:00:00.000Z,2022-02-11T13:00:00.000Z,2022-02-11T21:00:00.000Z,0.451039,0.045222,0.41206,0.922598,low,0.6,false,normal,dead_chop_cost_churn,false,gate90d_range_box_slots_cost_clamped_v0,0.150346,0.2,0.6,false,0.05,,0,0,0,26403CBC3293D501CA0CFFB4AEFB7BBF47723422D8ECECC0EEFCC909E81CBADE
2022-02-07T00:00:00.000Z|CHFJPY|ny|2022-02-07,2022-02-07T00:00:00.000Z,CHFJPY,LONG,ny|2022-02-07,NY,2022-02-07T00:00:00.000Z,2022-02-07T13:00:00.000Z,2022-02-07T13:00:00.000Z,2022-02-07T21:00:00.000Z,0.739891,0.022501,0.475202,1.084031,low,0.6,true,normal,harvestable_chop_candidate,true,gate90d_range_box_slots_cost_clamped_v0,0.24663,0.24663,0.739891,true,0.061658,,0,0,0,CB6445CBA9A2C86B09E6E13E43813A705B3864374F9B9C8AA2567992DAC8E9E7
2022-02-07T00:00:00.000Z|CHFJPY|asia_london|2022-02-08,2022-02-07T00:00:00.000Z,CHFJPY,LONG,asia_london|2022-02-08,ASIA_LONDON,2022-02-07T13:00:00.000Z,2022-02-07T21:00:00.000Z,2022-02-08T00:00:00.000Z,2022-02-08T13:00:00.000Z,0.475202,0.039657,0.554144,1.084031,low,0.6,false,normal,dead_chop_cost_churn,false,gate90d_range_box_slots_cost_clamped_v0,0.158401,0.2,0.6,false,0.05,,0,0,0,A9C89E465DF2B50F17BD30D745633BA2ABCD9EAB34A335BC3185CE2D9887C9A1
2022-02-07T00:00:00.000Z|CHFJPY|ny|2022-02-08,2022-02-07T00:00:00.000Z,CHFJPY,LONG,ny|2022-02-08,NY,2022-02-08T00:00:00.000Z,2022-02-08T13:00:00.000Z,2022-02-08T13:00:00.000Z,2022-02-08T21:00:00.000Z,0.554144,0.004869,0.416382,1.084031,low,0.6,false,normal,dead_chop_cost_churn,false,gate90d_range_box_slots_cost_clamped_v0,0.184715,0.2,0.6,false,0.05,,0,0,0,4E578622415F71A7DD8B0DBD7F102F4929F5C8F0F17296DAA90C90C2E6D9ACC3
2022-02-07T00:00:00.000Z|CHFJPY|asia_london|2022-02-09,2022-02-07T00:00:00.000Z,CHFJPY,LONG,asia_london|2022-02-09,ASIA_LONDON,2022-02-08T13:00:00.000Z,2022-02-08T21:00:00.000Z,2022-02-09T00:00:00.000Z,2022-02-09T13:00:00.000Z,0.416382,0.027119,0.560336,1.084031,low,0.6,false,normal,dead_chop_cost_churn,false,gate90d_range_box_slots_cost_clamped_v0,0.138794,0.2,0.6,false,0.05,,0,0,0,93305125D300D5AB66833A6D13DC23E0BBFE110C2BF24A140C48CCA5398F11D6
2022-02-07T00:00:00.000Z|CHFJPY|ny|2022-02-09,2022-02-07T00:00:00.000Z,CHFJPY,LONG,ny|2022-02-09,NY,2022-02-09T00:00:00.000Z,2022-02-09T13:00:00.000Z,2022-02-09T13:00:00.000Z,2022-02-09T21:00:00.000Z,0.560336,0.017905,0.360658,1.084031,low,0.6,false,normal,dead_chop_cost_churn,false,gate90d_range_box_slots_cost_clamped_v0,0.186779,0.2,0.6,false,0.05,,0,0,0,F3FE7DECE52AB959D8717DD82FD75CC7366AF6F3742B9EFB2A9938FA1489E756
2022-02-07T00:00:00.000Z|CHFJPY|asia_london|2022-02-10,2022-02-07T00:00:00.000Z,CHFJPY,LONG,asia_london|2022-02-10,ASIA_LONDON,2022-02-09T13:00:00.000Z,2022-02-09T21:00:00.000Z,2022-02-10T00:00:00.000Z,2022-02-10T13:00:00.000Z,0.360658,0.031141,0.829669,1.084031,low,0.6,false,normal,dead_chop_cost_churn,false,gate90d_range_box_slots_cost_clamped_v0,0.120219,0.2,0.6,false,0.05,,0,0,0,F6B76169FFBE0D94DB929353F401CCEEE807A1763AE09D3A11A80F4BE6E07145
2022-02-07T00:00:00.000Z|CHFJPY|ny|2022-02-10,2022-02-07T00:00:00.000Z,CHFJPY,LONG,ny|2022-02-10,NY,2022-02-10T00:00:00.000Z,2022-02-10T13:00:00.000Z,2022-02-10T13:00:00.000Z,2022-02-10T21:00:00.000Z,0.829669,0.009042,0.845147,1.084031,low,0.6,true,normal,harvestable_chop_candidate,true,gate90d_range_box_slots_cost_clamped_v0,0.276556,0.276556,0.829669,true,0.069139,,4,0,4,9DA4AF19FFB57916175B826AA78509EF432016B06ADABA4FF1F48A34E1F06AB3
2022-02-07T00:00:00.000Z|CHFJPY|asia_london|2022-02-11,2022-02-07T00:00:00.000Z,CHFJPY,LONG,asia_london|2022-02-11,ASIA_LONDON,2022-02-10T13:00:00.000Z,2022-02-10T21:00:00.000Z,2022-02-11T00:00:00.000Z,2022-02-11T13:00:00.000Z,0.845147,0.01536,0.804902,1.084031,low,0.6,true,normal,harvestable_chop_candidate,true,gate90d_range_box_slots_cost_clamped_v0,0.281716,0.281716,0.845147,true,0.070429,,2,2,0,64FE0113E69CC462F7E9B8F2212CF92BD0E6996BBDF0A72494E997139C4B54FB
2022-02-07T00:00:00.000Z|CHFJPY|ny|2022-02-11,2022-02-07T00:00:00.000Z,CHFJPY,LONG,ny|2022-02-11,NY,2022-02-11T00:00:00.000Z,2022-02-11T13:00:00.000Z,2022-02-11T13:00:00.000Z,2022-02-11T21:00:00.000Z,0.804902,0.026201,0.4396,1.084031,low,0.6,true,normal,harvestable_chop_candidate,true,gate90d_range_box_slots_cost_clamped_v0,0.268301,0.268301,0.804902,true,0.067075,,0,0,0,07C50910EABD308DBA107546FD3CA17B93018EDEFEB52A7E96DCE3632996676A
2022-02-07T00:00:00.000Z|EURAUD|ny|2022-02-07,2022-02-07T00:00:00.000Z,EURAUD,LONG,ny|2022-02-07,NY,2022-02-07T00:00:00.000Z,2022-02-07T13:00:00.000Z,2022-02-07T13:00:00.000Z,2022-02-07T21:00:00.000Z,0.67857,0.061048,0.488596,1.308935,low,0.6,true,expanded,harvestable_chop_candidate,true,gate90d_range_box_slots_cost_clamped_v0,0.22619,0.22619,0.67857,true,0.056547,,1,1,0,3413868F887476C7EEE690732ED151D3E4CE2C7B83E5D00D1204C2BCD77D3A45
2022-02-07T00:00:00.000Z|EURAUD|asia_london|2022-02-08,2022-02-07T00:00:00.000Z,EURAUD,LONG,asia_london|2022-02-08,ASIA_LONDON,2022-02-07T13:00:00.000Z,2022-02-07T21:00:00.000Z,2022-02-08T00:00:00.000Z,2022-02-08T13:00:00.000Z,0.488596,0.010952,0.606354,1.308935,low,0.6,false,expanded,dead_chop_cost_churn,false,gate90d_range_box_slots_cost_clamped_v0,0.162865,0.2,0.6,false,0.05,,0,0,0,5179EC81A6D9FEF3EE3F852F80C5556A55AC475B2D33B263C6C70BC7156CD7B0
2022-02-07T00:00:00.000Z|EURAUD|ny|2022-02-08,2022-02-07T00:00:00.000Z,EURAUD,LONG,ny|2022-02-08,NY,2022-02-08T00:00:00.000Z,2022-02-08T13:00:00.000Z,2022-02-08T13:00:00.000Z,2022-02-08T21:00:00.000Z,0.606354,0.087235,0.45932,1.308935,low,0.6,true,expanded,harvestable_chop_candidate,true,gate90d_range_box_slots_cost_clamped_v0,0.202118,0.202118,0.606354,true,0.050529,,0,0,0,C37228776852790D62A05FFA108F39633B18255EAF12B1D26C854141DF23490E
2022-02-07T00:00:00.000Z|EURAUD|asia_london|2022-02-09,2022-02-07T00:00:00.000Z,EURAUD,LONG,asia_london|2022-02-09,ASIA_LONDON,2022-02-08T13:00:00.000Z,2022-02-08T21:00:00.000Z,2022-02-09T00:00:00.000Z,2022-02-09T13:00:00.000Z,0.45932,0.045836,0.451513,1.308935,low,0.6,false,expanded,dead_chop_cost_churn,false,gate90d_range_box_slots_cost_clamped_v0,0.153107,0.2,0.6,false,0.05,,0,0,0,EE511B34A639825D62743DC123B7B686B266104E302A29B5984D545B1C256A0C
2022-02-07T00:00:00.000Z|EURAUD|ny|2022-02-09,2022-02-07T00:00:00.000Z,EURAUD,LONG,ny|2022-02-09,NY,2022-02-09T00:00:00.000Z,2022-02-09T13:00:00.000Z,2022-02-09T13:00:00.000Z,2022-02-09T21:00:00.000Z,0.451513,0.047571,0.250479,1.308935,low,0.6,false,expanded,dead_chop_cost_churn,false,gate90d_range_box_slots_cost_clamped_v0,0.150504,0.2,0.6,false,0.05,,0,0,0,2D7FB96E612CCAED8E09BAD1317223636626351133142B6E27A7990B7C7234F2
2022-02-07T00:00:00.000Z|EURAUD|asia_london|2022-02-10,2022-02-07T00:00:00.000Z,EURAUD,LONG,asia_london|2022-02-10,ASIA_LONDON,2022-02-09T13:00:00.000Z,2022-02-09T21:00:00.000Z,2022-02-10T00:00:00.000Z,2022-02-10T13:00:00.000Z,0.250479,0.024235,0.519825,1.308935,low,0.6,false,expanded,dead_chop_cost_churn,false,gate90d_range_box_slots_cost_clamped_v0,0.083493,0.2,0.6,false,0.05,,0,0,0,4CC76554356F484E9C0EE47FCC3D3EEF2082E0E89250794063E5D86E74E47444
2022-02-07T00:00:00.000Z|EURAUD|ny|2022-02-10,2022-02-07T00:00:00.000Z,EURAUD,LONG,ny|2022-02-10,NY,2022-02-10T00:00:00.000Z,2022-02-10T13:00:00.000Z,2022-02-10T13:00:00.000Z,2022-02-10T21:00:00.000Z,0.519825,0.052377,0.954422,1.308935,low,0.6,false,expanded,dead_chop_cost_churn,false,gate90d_range_box_slots_cost_clamped_v0,0.173275,0.2,0.6,false,0.05,,1,1,0,C7EA8D900D6AF466C367BE396DDBDBA0C1191DF669BB9FB01982A767D8630066
2022-02-07T00:00:00.000Z|EURAUD|asia_london|2022-02-11,2022-02-07T00:00:00.000Z,EURAUD,LONG,asia_london|2022-02-11,ASIA_LONDON,2022-02-10T13:00:00.000Z,2022-02-10T21:00:00.000Z,2022-02-11T00:00:00.000Z,2022-02-11T13:00:00.000Z,0.954422,0.003239,0.475585,1.308935,low,0.6,true,expanded,harvestable_chop_candidate,true,gate90d_range_box_slots_cost_clamped_v0,0.318141,0.3,0.9,true,0.075,,0,0,0,994742A42A312343E3D99B7277200AF14F2685D3BE0F3E3988AC2CFFE6722F2E
2022-02-07T00:00:00.000Z|EURAUD|ny|2022-02-11,2022-02-07T00:00:00.000Z,EURAUD,LONG,ny|2022-02-11,NY,2022-02-11T00:00:00.000Z,2022-02-11T13:00:00.000Z,2022-02-11T13:00:00.000Z,2022-02-11T21:00:00.000Z,0.475585,0.118558,0.545198,1.308935,low,0.6,false,expanded,dead_chop_cost_churn,false,gate90d_range_box_slots_cost_clamped_v0,0.158528,0.2,0.6,false,0.05,,0,0,0,E2D514BCAA4D6B5E9FB41848411EF509FE48AC8220329AAF356830076EB9411E
2022-02-07T00:00:00.000Z|EURCAD|ny|2022-02-07,2022-02-07T00:00:00.000Z,EURCAD,LONG,ny|2022-02-07,NY,2022-02-07T00:00:00.000Z,2022-02-07T13:00:00.000Z,2022-02-07T13:00:00.000Z,2022-02-07T21:00:00.000Z,0.592896,0.091194,0.738608,1.159372,low,0.6,false,expanded,dead_chop_cost_churn,false,gate90d_range_box_slots_cost_clamped_v0,0.197632,0.2,0.6,false,0.05,,0,0,0,C662D5EC4CED1374289FFFDD8EDCB5045A37EBAC0018D651CD5212A3687EABF4
2022-02-07T00:00:00.000Z|EURCAD|asia_london|2022-02-08,2022-02-07T00:00:00.000Z,EURCAD,LONG,asia_london|2022-02-08,ASIA_LONDON,2022-02-07T13:00:00.000Z,2022-02-07T21:00:00.000Z,2022-02-08T00:00:00.000Z,2022-02-08T13:00:00.000Z,0.738608,0.020866,0.591221,1.159372,low,0.6,true,expanded,harvestable_chop_candidate,true,gate90d_range_box_slots_cost_clamped_v0,0.246203,0.246203,0.738608,true,0.061551,,0,0,0,49AE7E11A989D7EBE047A3715E2C54789AAE26F73AF5485481EEC9C9C6DBEE70
2022-02-07T00:00:00.000Z|EURCAD|ny|2022-02-08,2022-02-07T00:00:00.000Z,EURCAD,LONG,ny|2022-02-08,NY,2022-02-08T00:00:00.000Z,2022-02-08T13:00:00.000Z,2022-02-08T13:00:00.000Z,2022-02-08T21:00:00.000Z,0.591221,0.008181,0.256252,1.159372,low,0.6,false,expanded,dead_chop_cost_churn,false,gate90d_range_box_slots_cost_clamped_v0,0.197074,0.2,0.6,false,0.05,,0,0,0,96B8DD8E3D2120954B2720D71EFB7888C569A30DD9D20D9D8E0638D87D3BD492
2022-02-07T00:00:00.000Z|EURCAD|asia_london|2022-02-09,2022-02-07T00:00:00.000Z,EURCAD,LONG,asia_london|2022-02-09,ASIA_LONDON,2022-02-08T13:00:00.000Z,2022-02-08T21:00:00.000Z,2022-02-09T00:00:00.000Z,2022-02-09T13:00:00.000Z,0.256252,0.000135,0.267976,1.159372,low,0.6,false,expanded,dead_chop_cost_churn,false,gate90d_range_box_slots_cost_clamped_v0,0.085417,0.2,0.6,false,0.05,,0,0,0,EC0BDE31C32049A8A7D3BAC88DB9921FB98700193F8556E0A247203D5C23DD84
2022-02-07T00:00:00.000Z|EURCAD|ny|2022-02-09,2022-02-07T00:00:00.000Z,EURCAD,LONG,ny|2022-02-09,NY,2022-02-09T00:00:00.000Z,2022-02-09T13:00:00.000Z,2022-02-09T13:00:00.000Z,2022-02-09T21:00:00.000Z,0.267976,0.060331,0.442997,1.159372,low,0.6,false,expanded,dead_chop_cost_churn,false,gate90d_range_box_slots_cost_clamped_v0,0.089325,0.2,0.6,false,0.05,,0,0,0,E99E0634D9C11C4F446CC8767395F9664D666850BA76E9BF6B53624B2B520C08
2022-02-07T00:00:00.000Z|EURCAD|asia_london|2022-02-10,2022-02-07T00:00:00.000Z,EURCAD,LONG,asia_london|2022-02-10,ASIA_LONDON,2022-02-09T13:00:00.000Z,2022-02-09T21:00:00.000Z,2022-02-10T00:00:00.000Z,2022-02-10T13:00:00.000Z,0.442997,0.020298,0.30901,1.159372,low,0.6,false,expanded,dead_chop_cost_churn,false,gate90d_range_box_slots_cost_clamped_v0,0.147666,0.2,0.6,false,0.05,,0,0,0,6FDFD0D6BB4E3EAD4C8C9EF8602BA27A15888A1FD6DC5558B676333D8E4F0CBC
2022-02-07T00:00:00.000Z|EURCAD|ny|2022-02-10,2022-02-07T00:00:00.000Z,EURCAD,LONG,ny|2022-02-10,NY,2022-02-10T00:00:00.000Z,2022-02-10T13:00:00.000Z,2022-02-10T13:00:00.000Z,2022-02-10T21:00:00.000Z,0.30901,0.050988,0.854172,1.159372,low,0.6,false,expanded,dead_chop_cost_churn,false,gate90d_range_box_slots_cost_clamped_v0,0.103003,0.2,0.6,false,0.05,,0,0,0,D449DC45AC950E4306303EE5DD95F1B2DED35B67039EBFEB23CB6179E54823F8
2022-02-07T00:00:00.000Z|EURCAD|asia_london|2022-02-11,2022-02-07T00:00:00.000Z,EURCAD,LONG,asia_london|2022-02-11,ASIA_LONDON,2022-02-10T13:00:00.000Z,2022-02-10T21:00:00.000Z,2022-02-11T00:00:00.000Z,2022-02-11T13:00:00.000Z,0.854172,0.038114,0.454721,1.159372,low,0.6,true,expanded,harvestable_chop_candidate,true,gate90d_range_box_slots_cost_clamped_v0,0.284724,0.284724,0.854172,true,0.071181,,0,0,0,18E95ACE019102C17BD251A7C1090478A5A3121E67C7A43E7AE1B040C3B4EC2E
2022-02-07T00:00:00.000Z|EURCAD|ny|2022-02-11,2022-02-07T00:00:00.000Z,EURCAD,LONG,ny|2022-02-11,NY,2022-02-11T00:00:00.000Z,2022-02-11T13:00:00.000Z,2022-02-11T13:00:00.000Z,2022-02-11T21:00:00.000Z,0.454721,0.084727,0.489893,1.159372,low,0.6,false,expanded,dead_chop_cost_churn,false,gate90d_range_box_slots_cost_clamped_v0,0.151574,0.2,0.6,false,0.05,,0,0,0,871DC5E02A8D1456C85EF73E4B6D0B1727BF557B5BF9C26C08F33027FC6F4490
2022-02-07T00:00:00.000Z|EURCHF|ny|2022-02-07,2022-02-07T00:00:00.000Z,EURCHF,LONG,ny|2022-02-07,NY,2022-02-07T00:00:00.000Z,2022-02-07T13:00:00.000Z,2022-02-07T13:00:00.000Z,2022-02-07T21:00:00.000Z,0.694205,0.028072,0.399292,1.144379,low,0.6,true,expanded,harvestable_chop_candidate,true,gate90d_range_box_slots_cost_clamped_v0,0.231402,0.231402,0.694205,true,0.05785,,0,0,0,02FF7C2FE3B182C704735680827C196D87AAFB6949A1606F6B9B1D5212847839
2022-02-07T00:00:00.000Z|EURCHF|asia_london|2022-02-08,2022-02-07T00:00:00.000Z,EURCHF,LONG,asia_london|2022-02-08,ASIA_LONDON,2022-02-07T13:00:00.000Z,2022-02-07T21:00:00.000Z,2022-02-08T00:00:00.000Z,2022-02-08T13:00:00.000Z,0.399292,0.04323,0.710774,1.144379,low,0.6,false,expanded,dead_chop_cost_churn,false,gate90d_range_box_slots_cost_clamped_v0,0.133097,0.2,0.6,false,0.05,,0,0,0,78F6874D6FD11420469624457A0D87757A9540BCFDB898484B4B559736AB752C
2022-02-07T00:00:00.000Z|EURCHF|ny|2022-02-08,2022-02-07T00:00:00.000Z,EURCHF,LONG,ny|2022-02-08,NY,2022-02-08T00:00:00.000Z,2022-02-08T13:00:00.000Z,2022-02-08T13:00:00.000Z,2022-02-08T21:00:00.000Z,0.710774,0.049704,0.424145,1.144379,low,0.6,true,expanded,harvestable_chop_candidate,true,gate90d_range_box_slots_cost_clamped_v0,0.236925,0.236925,0.710774,true,0.059231,,0,0,0,32C3DD105B0ED78E370333D03088C8DABD7101976298454A6D0D8EC6AF192923
2022-02-07T00:00:00.000Z|EURCHF|asia_london|2022-02-09,2022-02-07T00:00:00.000Z,EURCHF,LONG,asia_london|2022-02-09,ASIA_LONDON,2022-02-08T13:00:00.000Z,2022-02-08T21:00:00.000Z,2022-02-09T00:00:00.000Z,2022-02-09T13:00:00.000Z,0.424145,0.02335,0.399293,1.144379,low,0.6,false,expanded,dead_chop_cost_churn,false,gate90d_range_box_slots_cost_clamped_v0,0.141382,0.2,0.6,false,0.05,,0,0,0,865BA6C7C095618756C22B15E28395C7E8D82B0F4C1012E8A26FC25B1AF49FF8
2022-02-07T00:00:00.000Z|EURCHF|ny|2022-02-09,2022-02-07T00:00:00.000Z,EURCHF,LONG,ny|2022-02-09,NY,2022-02-09T00:00:00.000Z,2022-02-09T13:00:00.000Z,2022-02-09T13:00:00.000Z,2022-02-09T21:00:00.000Z,0.399293,0.005975,0.318109,1.144379,low,0.6,false,expanded,dead_chop_cost_churn,false,gate90d_range_box_slots_cost_clamped_v0,0.133098,0.2,0.6,false,0.05,,0,0,0,8D5FFD95A83DE98303DA441B9D061A127289A51495BD82EEA06E6EC4C5991278
2022-02-07T00:00:00.000Z|EURCHF|asia_london|2022-02-10,2022-02-07T00:00:00.000Z,EURCHF,LONG,asia_london|2022-02-10,ASIA_LONDON,2022-02-09T13:00:00.000Z,2022-02-09T21:00:00.000Z,2022-02-10T00:00:00.000Z,2022-02-10T13:00:00.000Z,0.318109,0.035486,0.460595,1.144379,low,0.6,false,expanded,dead_chop_cost_churn,false,gate90d_range_box_slots_cost_clamped_v0,0.106036,0.2,0.6,false,0.05,,0,0,0,CD5C645BED5C9C16D249ECE195E4562E17FEECDB614601A97FF1FFC82D5138EC
2022-02-07T00:00:00.000Z|EURCHF|ny|2022-02-10,2022-02-07T00:00:00.000Z,EURCHF,LONG,ny|2022-02-10,NY,2022-02-10T00:00:00.000Z,2022-02-10T13:00:00.000Z,2022-02-10T13:00:00.000Z,2022-02-10T21:00:00.000Z,0.460595,0.051086,0.854917,1.144379,low,0.6,false,expanded,dead_chop_cost_churn,false,gate90d_range_box_slots_cost_clamped_v0,0.153532,0.2,0.6,false,0.05,,3,0,3,D13D9FC5E0614CCA6E624FBFC04AC7DAEC53C07FCD6C99506948908FD91FB8B3
2022-02-07T00:00:00.000Z|EURCHF|asia_london|2022-02-11,2022-02-07T00:00:00.000Z,EURCHF,LONG,asia_london|2022-02-11,ASIA_LONDON,2022-02-10T13:00:00.000Z,2022-02-10T21:00:00.000Z,2022-02-11T00:00:00.000Z,2022-02-11T13:00:00.000Z,0.854917,0.015191,0.334677,1.144379,low,0.6,true,expanded,harvestable_chop_candidate,true,gate90d_range_box_slots_cost_clamped_v0,0.284972,0.284972,0.854917,true,0.071243,,0,0,0,A6A7C337E1730263B68435311B14C1720F3016BE63A4982A0FA1D05852651FFA
2022-02-07T00:00:00.000Z|EURCHF|ny|2022-02-11,2022-02-07T00:00:00.000Z,EURCHF,LONG,ny|2022-02-11,NY,2022-02-11T00:00:00.000Z,2022-02-11T13:00:00.000Z,2022-02-11T13:00:00.000Z,2022-02-11T21:00:00.000Z,0.334677,0.031637,0.284972,1.144379,low,0.6,false,expanded,dead_chop_cost_churn,false,gate90d_range_box_slots_cost_clamped_v0,0.111559,0.2,0.6,false,0.05,,0,0,0,1ED2DD9AC7F76CFF0FFCDFDA0CE05521E84CCB3824791B553BF7B2AE865065CE
2022-02-07T00:00:00.000Z|EURGBP|ny|2022-02-07,2022-02-07T00:00:00.000Z,EURGBP,LONG,ny|2022-02-07,NY,2022-02-07T00:00:00.000Z,2022-02-07T13:00:00.000Z,2022-02-07T13:00:00.000Z,2022-02-07T21:00:00.000Z,0.784493,0.06035,0.61965,1.506387,low,0.6,true,expanded,harvestable_chop_candidate,true,gate90d_range_box_slots_cost_clamped_v0,0.261498,0.261498,0.784493,true,0.065374,,0,0,0,2EB25F0169CEEF58A9D4D95FC70D546FB0803B7B9BDE9D619D075B4D7D053349
2022-02-07T00:00:00.000Z|EURGBP|asia_london|2022-02-08,2022-02-07T00:00:00.000Z,EURGBP,LONG,asia_london|2022-02-08,ASIA_LONDON,2022-02-07T13:00:00.000Z,2022-02-07T21:00:00.000Z,2022-02-08T00:00:00.000Z,2022-02-08T13:00:00.000Z,0.61965,0.034499,0.879824,1.506387,low,0.6,true,expanded,harvestable_chop_candidate,true,gate90d_range_box_slots_cost_clamped_v0,0.20655,0.20655,0.61965,true,0.051637,,0,0,0,45621F974999FFD0779DB4246174768747947370615CFD016BE04347BCB664F6
2022-02-07T00:00:00.000Z|EURGBP|ny|2022-02-08,2022-02-07T00:00:00.000Z,EURGBP,LONG,ny|2022-02-08,NY,2022-02-08T00:00:00.000Z,2022-02-08T13:00:00.000Z,2022-02-08T13:00:00.000Z,2022-02-08T21:00:00.000Z,0.879824,0.049801,0.44885,1.506387,low,0.6,true,expanded,harvestable_chop_candidate,true,gate90d_range_box_slots_cost_clamped_v0,0.293275,0.293275,0.879824,true,0.073319,,0,0,0,365F5481B083931290894CDC4BEF7A6E51838802931CEDCE18DC94F8F425970A
2022-02-07T00:00:00.000Z|EURGBP|asia_london|2022-02-09,2022-02-07T00:00:00.000Z,EURGBP,LONG,asia_london|2022-02-09,ASIA_LONDON,2022-02-08T13:00:00.000Z,2022-02-08T21:00:00.000Z,2022-02-09T00:00:00.000Z,2022-02-09T13:00:00.000Z,0.44885,0.01773,0.341602,1.506387,low,0.6,false,expanded,dead_chop_cost_churn,false,gate90d_range_box_slots_cost_clamped_v0,0.149617,0.2,0.6,false,0.05,,0,0,0,AAF72E5E6E8A2666B5A06B539A31DAFFA54D9639D7E80B0F6B20FB9F3F50E4C5
2022-02-07T00:00:00.000Z|EURGBP|ny|2022-02-09,2022-02-07T00:00:00.000Z,EURGBP,LONG,ny|2022-02-09,NY,2022-02-09T00:00:00.000Z,2022-02-09T13:00:00.000Z,2022-02-09T13:00:00.000Z,2022-02-09T21:00:00.000Z,0.341602,0.049255,0.589859,1.506387,low,0.6,false,expanded,dead_chop_cost_churn,false,gate90d_range_box_slots_cost_clamped_v0,0.113867,0.2,0.6,false,0.05,,0,0,0,5320F0CC484D72404AB804F1CE880DD91AF646097971B0E4B51FFA78C1499499
2022-02-07T00:00:00.000Z|EURGBP|asia_london|2022-02-10,2022-02-07T00:00:00.000Z,EURGBP,LONG,asia_london|2022-02-10,ASIA_LONDON,2022-02-09T13:00:00.000Z,2022-02-09T21:00:00.000Z,2022-02-10T00:00:00.000Z,2022-02-10T13:00:00.000Z,0.589859,0.043307,0.466723,1.506387,low,0.6,false,expanded,dead_chop_cost_churn,false,gate90d_range_box_slots_cost_clamped_v0,0.19662,0.2,0.6,false,0.05,,0,0,0,AF4D149327D5A6AE993B15F1CE6CAC57E74F211404A32BFE958244BAA64A3712
2022-02-07T00:00:00.000Z|EURGBP|ny|2022-02-10,2022-02-07T00:00:00.000Z,EURGBP,LONG,ny|2022-02-10,NY,2022-02-10T00:00:00.000Z,2022-02-10T13:00:00.000Z,2022-02-10T13:00:00.000Z,2022-02-10T21:00:00.000Z,0.466723,0.021614,0.560069,1.506387,low,0.6,false,expanded,dead_chop_cost_churn,false,gate90d_range_box_slots_cost_clamped_v0,0.155574,0.2,0.6,false,0.05,,0,0,0,FEE66F96345801D99DAC05B7F90D5DF1E471044E33AFD7F1DE23E12B163FA1E6
2022-02-07T00:00:00.000Z|EURGBP|asia_london|2022-02-11,2022-02-07T00:00:00.000Z,EURGBP,LONG,asia_london|2022-02-11,ASIA_LONDON,2022-02-10T13:00:00.000Z,2022-02-10T21:00:00.000Z,2022-02-11T00:00:00.000Z,2022-02-11T13:00:00.000Z,0.560069,0.046897,0.611706,1.506387,low,0.6,false,expanded,dead_chop_cost_churn,false,gate90d_range_box_slots_cost_clamped_v0,0.18669,0.2,0.6,false,0.05,,2,2,0,17AA9651B124E303CA7673B33177F9C4B945F78869F92D27A29BBB86B573F688
2022-02-07T00:00:00.000Z|EURGBP|ny|2022-02-11,2022-02-07T00:00:00.000Z,EURGBP,LONG,ny|2022-02-11,NY,2022-02-11T00:00:00.000Z,2022-02-11T13:00:00.000Z,2022-02-11T13:00:00.000Z,2022-02-11T21:00:00.000Z,0.611706,0.106356,0.432961,1.506387,low,0.6,true,expanded,harvestable_chop_candidate,true,gate90d_range_box_slots_cost_clamped_v0,0.203902,0.203902,0.611706,true,0.050976,,0,0,0,91DEA76AC66CC09C5C0F35F14A58C58783066451FAB0D8B18E824BAED2B3A7EA
2022-02-07T00:00:00.000Z|EURJPY|ny|2022-02-07,2022-02-07T00:00:00.000Z,EURJPY,LONG,ny|2022-02-07,NY,2022-02-07T00:00:00.000Z,2022-02-07T13:00:00.000Z,2022-02-07T13:00:00.000Z,2022-02-07T21:00:00.000Z,0.834359,0.00563,0.385524,1.12959,low,0.6,true,expanded,harvestable_chop_candidate,true,gate90d_range_box_slots_cost_clamped_v0,0.27812,0.27812,0.834359,true,0.06953,,0,0,0,F99EBE69466343AEB174348CD9CC2B24E1FB17E9E41EBC720B7E31D90690C41F
2022-02-07T00:00:00.000Z|EURJPY|asia_london|2022-02-08,2022-02-07T00:00:00.000Z,EURJPY,LONG,asia_london|2022-02-08,ASIA_LONDON,2022-02-07T13:00:00.000Z,2022-02-07T21:00:00.000Z,2022-02-08T00:00:00.000Z,2022-02-08T13:00:00.000Z,0.385524,0.00628,0.599201,1.12959,low,0.6,false,expanded,dead_chop_cost_churn,false,gate90d_range_box_slots_cost_clamped_v0,0.128508,0.2,0.6,false,0.05,,0,0,0,135C21AE083CB989BE35A5886FCB40003A10247E37085A17E9CA063286A439AE
2022-02-07T00:00:00.000Z|EURJPY|ny|2022-02-08,2022-02-07T00:00:00.000Z,EURJPY,LONG,ny|2022-02-08,NY,2022-02-08T00:00:00.000Z,2022-02-08T13:00:00.000Z,2022-02-08T13:00:00.000Z,2022-02-08T21:00:00.000Z,0.599201,0.035833,0.455619,1.12959,low,0.6,false,expanded,dead_chop_cost_churn,false,gate90d_range_box_slots_cost_clamped_v0,0.199734,0.2,0.6,false,0.05,,0,0,0,6BFB9BAC86E4D20163BC0F03CA2786A63DDD89AE8A79948DC21867DB0F7FE1B5
2022-02-07T00:00:00.000Z|EURJPY|asia_london|2022-02-09,2022-02-07T00:00:00.000Z,EURJPY,LONG,asia_london|2022-02-09,ASIA_LONDON,2022-02-08T13:00:00.000Z,2022-02-08T21:00:00.000Z,2022-02-09T00:00:00.000Z,2022-02-09T13:00:00.000Z,0.455619,0.008729,0.547195,1.12959,low,0.6,false,expanded,dead_chop_cost_churn,false,gate90d_range_box_slots_cost_clamped_v0,0.151873,0.2,0.6,false,0.05,,0,0,0,3BFC5AD459AA4B65621F9D99BB7DC4AE489A3359EFD1FE753C28FE5790C2777A
2022-02-07T00:00:00.000Z|EURJPY|ny|2022-02-09,2022-02-07T00:00:00.000Z,EURJPY,LONG,ny|2022-02-09,NY,2022-02-09T00:00:00.000Z,2022-02-09T13:00:00.000Z,2022-02-09T13:00:00.000Z,2022-02-09T21:00:00.000Z,0.547195,0.01177,0.291686,1.12959,low,0.6,false,expanded,dead_chop_cost_churn,false,gate90d_range_box_slots_cost_clamped_v0,0.182398,0.2,0.6,false,0.05,,0,0,0,D680F2A9A817D49F43C0BD1C70E85A5711F4AB2559FA697C91B45AECFC8777CB
2022-02-07T00:00:00.000Z|EURJPY|asia_london|2022-02-10,2022-02-07T00:00:00.000Z,EURJPY,LONG,asia_london|2022-02-10,ASIA_LONDON,2022-02-09T13:00:00.000Z,2022-02-09T21:00:00.000Z,2022-02-10T00:00:00.000Z,2022-02-10T13:00:00.000Z,0.291686,0.053474,0.828707,1.12959,low,0.6,false,expanded,dead_chop_cost_churn,false,gate90d_range_box_slots_cost_clamped_v0,0.097229,0.2,0.6,false,0.05,,0,0,0,35D81F4D960AE8CDBE33E4A76BF6C47E828AEE3052603B9C98F55A75EAF63AB3
2022-02-07T00:00:00.000Z|EURJPY|ny|2022-02-10,2022-02-07T00:00:00.000Z,EURJPY,LONG,ny|2022-02-10,NY,2022-02-10T00:00:00.000Z,2022-02-10T13:00:00.000Z,2022-02-10T13:00:00.000Z,2022-02-10T21:00:00.000Z,0.828707,0.030848,1.081954,1.12959,low,0.6,true,expanded,harvestable_chop_candidate,true,gate90d_range_box_slots_cost_clamped_v0,0.276236,0.276236,0.828707,true,0.069059,,0,0,0,4935B71EED6288A7D54A6658982E498E719BD6AF3289D23D772EB8FAFC68699A
2022-02-07T00:00:00.000Z|EURJPY|asia_london|2022-02-11,2022-02-07T00:00:00.000Z,EURJPY,LONG,asia_london|2022-02-11,ASIA_LONDON,2022-02-10T13:00:00.000Z,2022-02-10T21:00:00.000Z,2022-02-11T00:00:00.000Z,2022-02-11T13:00:00.000Z,1.081954,0.023517,0.635379,1.12959,low,0.6,true,expanded,harvestable_chop_candidate,true,gate90d_range_box_slots_cost_clamped_v0,0.360651,0.3,0.9,true,0.075,,0,0,0,28CC0E49E2BFE0D1878E8843D2EAF73E38F7ACAC2D1D253E8B7E59299FF2649E
2022-02-07T00:00:00.000Z|EURJPY|ny|2022-02-11,2022-02-07T00:00:00.000Z,EURJPY,LONG,ny|2022-02-11,NY,2022-02-11T00:00:00.000Z,2022-02-11T13:00:00.000Z,2022-02-11T13:00:00.000Z,2022-02-11T21:00:00.000Z,0.635379,0.044799,0.513279,1.12959,low,0.6,true,expanded,harvestable_chop_candidate,true,gate90d_range_box_slots_cost_clamped_v0,0.211793,0.211793,0.635379,true,0.052948,,0,0,0,1D587A04BA29D9DBE2242770E9078FF9EBF4B7382E881DFF075BCEA4A1B75DF5
2022-02-07T00:00:00.000Z|EURNZD|ny|2022-02-07,2022-02-07T00:00:00.000Z,EURNZD,LONG,ny|2022-02-07,NY,2022-02-07T00:00:00.000Z,2022-02-07T13:00:00.000Z,2022-02-07T13:00:00.000Z,2022-02-07T21:00:00.000Z,0.726529,0.050178,0.487469,1.222866,low,0.6,true,expanded,harvestable_chop_candidate,true,gate90d_range_box_slots_cost_clamped_v0,0.242176,0.242176,0.726529,true,0.060544,,0,0,0,90D3A5657E6A34FDA0AF89312E73B45E312AF057E0B4FE468635729EC69576AA
2022-02-07T00:00:00.000Z|EURNZD|asia_london|2022-02-08,2022-02-07T00:00:00.000Z,EURNZD,LONG,asia_london|2022-02-08,ASIA_LONDON,2022-02-07T13:00:00.000Z,2022-02-07T21:00:00.000Z,2022-02-08T00:00:00.000Z,2022-02-08T13:00:00.000Z,0.487469,0.017121,0.629703,1.222866,low,0.6,false,expanded,dead_chop_cost_churn,false,gate90d_range_box_slots_cost_clamped_v0,0.16249,0.2,0.6,false,0.05,,0,0,0,F39C7B58EDEB1BEFD5C813B332AE6FB1ABDA4F29EDFACEAAC20F3ABDD1B224BF
2022-02-07T00:00:00.000Z|EURNZD|ny|2022-02-08,2022-02-07T00:00:00.000Z,EURNZD,LONG,ny|2022-02-08,NY,2022-02-08T00:00:00.000Z,2022-02-08T13:00:00.000Z,2022-02-08T13:00:00.000Z,2022-02-08T21:00:00.000Z,0.629703,0.054999,0.356587,1.222866,low,0.6,true,expanded,harvestable_chop_candidate,true,gate90d_range_box_slots_cost_clamped_v0,0.209901,0.209901,0.629703,true,0.052475,,0,0,0,BA370B2C08753795A4B21FCDC7B1AE8536D53D1CE6F13A1637D0B6BAD3A22A4B
2022-02-07T00:00:00.000Z|EURNZD|asia_london|2022-02-09,2022-02-07T00:00:00.000Z,EURNZD,LONG,asia_london|2022-02-09,ASIA_LONDON,2022-02-08T13:00:00.000Z,2022-02-08T21:00:00.000Z,2022-02-09T00:00:00.000Z,2022-02-09T13:00:00.000Z,0.356587,0.057363,0.724525,1.222866,low,0.6,false,expanded,dead_chop_cost_churn,false,gate90d_range_box_slots_cost_clamped_v0,0.118862,0.2,0.6,false,0.05,,0,0,0,51D71BD08CE3D0E68F534284A920DA0DAA675127D0722723EBDD30C7EAF92BEC
2022-02-07T00:00:00.000Z|EURNZD|ny|2022-02-09,2022-02-07T00:00:00.000Z,EURNZD,LONG,ny|2022-02-09,NY,2022-02-09T00:00:00.000Z,2022-02-09T13:00:00.000Z,2022-02-09T13:00:00.000Z,2022-02-09T21:00:00.000Z,0.724525,0.025567,0.272448,1.222866,low,0.6,true,expanded,harvestable_chop_candidate,true,gate90d_range_box_slots_cost_clamped_v0,0.241508,0.241508,0.724525,true,0.060377,,0,0,0,8D8A8631F89B79C8161C905F8ED652F51B9C434AB11BABD14AFB3C9A8FECAC10
2022-02-07T00:00:00.000Z|EURNZD|asia_london|2022-02-10,2022-02-07T00:00:00.000Z,EURNZD,LONG,asia_london|2022-02-10,ASIA_LONDON,2022-02-09T13:00:00.000Z,2022-02-09T21:00:00.000Z,2022-02-10T00:00:00.000Z,2022-02-10T13:00:00.000Z,0.272448,0.03227,0.381962,1.222866,low,0.6,false,expanded,dead_chop_cost_churn,false,gate90d_range_box_slots_cost_clamped_v0,0.090816,0.2,0.6,false,0.05,,0,0,0,D60C5428C5388CC94CDF58DFF82B1C21D71EC7A8977CEB4F8135DFA75A00210A
2022-02-07T00:00:00.000Z|EURNZD|ny|2022-02-10,2022-02-07T00:00:00.000Z,EURNZD,LONG,ny|2022-02-10,NY,2022-02-10T00:00:00.000Z,2022-02-10T13:00:00.000Z,2022-02-10T13:00:00.000Z,2022-02-10T21:00:00.000Z,0.381962,0.052448,0.876108,1.222866,low,0.6,false,expanded,dead_chop_cost_churn,false,gate90d_range_box_slots_cost_clamped_v0,0.127321,0.2,0.6,false,0.05,,0,0,0,76D341495B1AEBF63B4CF3C6003A8D3968FB57390C404575B9B708E30C845BD0
2022-02-07T00:00:00.000Z|EURNZD|asia_london|2022-02-11,2022-02-07T00:00:00.000Z,EURNZD,LONG,asia_london|2022-02-11,ASIA_LONDON,2022-02-10T13:00:00.000Z,2022-02-10T21:00:00.000Z,2022-02-11T00:00:00.000Z,2022-02-11T13:00:00.000Z,0.876108,0.016847,0.535548,1.222866,low,0.6,true,expanded,harvestable_chop_candidate,true,gate90d_range_box_slots_cost_clamped_v0,0.292036,0.292036,0.876108,true,0.073009,,0,0,0,21E02376689017D3CC99F729A9276BAAECB8B7FE31457EB3B79971283F1132E2
2022-02-07T00:00:00.000Z|EURNZD|ny|2022-02-11,2022-02-07T00:00:00.000Z,EURNZD,LONG,ny|2022-02-11,NY,2022-02-11T00:00:00.000Z,2022-02-11T13:00:00.000Z,2022-02-11T13:00:00.000Z,2022-02-11T21:00:00.000Z,0.535548,0.099326,0.535548,1.222866,low,0.6,false,expanded,dead_chop_cost_churn,false,gate90d_range_box_slots_cost_clamped_v0,0.178516,0.2,0.6,false,0.05,,0,0,0,5A2C3D6F9061123DEAC8C733C3F3622D3C0180269BCE6816943F445C98244BE5
2022-02-07T00:00:00.000Z|EURUSD|ny|2022-02-07,2022-02-07T00:00:00.000Z,EURUSD,SHORT,ny|2022-02-07,NY,2022-02-07T00:00:00.000Z,2022-02-07T13:00:00.000Z,2022-02-07T13:00:00.000Z,2022-02-07T21:00:00.000Z,0.508884,0.028422,0.46209,0.978282,low,0.6,false,normal,dead_chop_cost_churn,false,gate90d_range_box_slots_cost_clamped_v0,0.169628,0.2,0.6,false,0.05,,0,0,0,B96760ABC7D7A8283F8D630A1B9AE40A4C48BEF0ABADF4558691EF95255941DB
2022-02-07T00:00:00.000Z|EURUSD|asia_london|2022-02-08,2022-02-07T00:00:00.000Z,EURUSD,SHORT,asia_london|2022-02-08,ASIA_LONDON,2022-02-07T13:00:00.000Z,2022-02-07T21:00:00.000Z,2022-02-08T00:00:00.000Z,2022-02-08T13:00:00.000Z,0.46209,0.040087,0.615341,0.978282,low,0.6,false,normal,dead_chop_cost_churn,false,gate90d_range_box_slots_cost_clamped_v0,0.15403,0.2,0.6,false,0.05,,0,0,0,8435674860AE6A3EBB497870FDA328ED698B36D9710D524C2366CEFE5C49FD9E
2022-02-07T00:00:00.000Z|EURUSD|ny|2022-02-08,2022-02-07T00:00:00.000Z,EURUSD,SHORT,ny|2022-02-08,NY,2022-02-08T00:00:00.000Z,2022-02-08T13:00:00.000Z,2022-02-08T13:00:00.000Z,2022-02-08T21:00:00.000Z,0.615341,0.001086,0.278425,0.978282,low,0.6,true,normal,harvestable_chop_candidate,true,gate90d_range_box_slots_cost_clamped_v0,0.205114,0.205114,0.615341,true,0.051278,,0,0,0,48487B5FE55118A4AE81F00E54B92EC0FD15BBC2386438E951C99F9AB3986762
2022-02-07T00:00:00.000Z|EURUSD|asia_london|2022-02-09,2022-02-07T00:00:00.000Z,EURUSD,SHORT,asia_london|2022-02-09,ASIA_LONDON,2022-02-08T13:00:00.000Z,2022-02-08T21:00:00.000Z,2022-02-09T00:00:00.000Z,2022-02-09T13:00:00.000Z,0.278425,0.028908,0.496016,0.978282,low,0.6,false,normal,dead_chop_cost_churn,false,gate90d_range_box_slots_cost_clamped_v0,0.092808,0.2,0.6,false,0.05,,0,0,0,925644CD26BD5B0C660FAE3C08C900F59D902EADB038E512C5A6D4CB74565C9A
2022-02-07T00:00:00.000Z|EURUSD|ny|2022-02-09,2022-02-07T00:00:00.000Z,EURUSD,SHORT,ny|2022-02-09,NY,2022-02-09T00:00:00.000Z,2022-02-09T13:00:00.000Z,2022-02-09T13:00:00.000Z,2022-02-09T21:00:00.000Z,0.496016,0.030823,0.324048,0.978282,low,0.6,false,normal,dead_chop_cost_churn,false,gate90d_range_box_slots_cost_clamped_v0,0.165339,0.2,0.6,false,0.05,,0,0,0,8A4D7DDA7294B20F0E765B3579CACDB2A05B48DE4CEDA94F4936258156764AC9
2022-02-07T00:00:00.000Z|EURUSD|asia_london|2022-02-10,2022-02-07T00:00:00.000Z,EURUSD,SHORT,asia_london|2022-02-10,ASIA_LONDON,2022-02-09T13:00:00.000Z,2022-02-09T21:00:00.000Z,2022-02-10T00:00:00.000Z,2022-02-10T13:00:00.000Z,0.324048,0.027833,0.39073,0.978282,low,0.6,false,normal,dead_chop_cost_churn,false,gate90d_range_box_slots_cost_clamped_v0,0.108016,0.2,0.6,false,0.05,,0,0,0,71DFA553C5A7C930543A3126DDD1DADF88A0A622D03E1119AA3B7195E663CE8E
2022-02-07T00:00:00.000Z|EURUSD|ny|2022-02-10,2022-02-07T00:00:00.000Z,EURUSD,SHORT,ny|2022-02-10,NY,2022-02-10T00:00:00.000Z,2022-02-10T13:00:00.000Z,2022-02-10T13:00:00.000Z,2022-02-10T21:00:00.000Z,0.39073,0.004624,1.404989,0.978282,low,0.6,false,normal,dead_chop_cost_churn,false,gate90d_range_box_slots_cost_clamped_v0,0.130243,0.2,0.6,false,0.05,,2,2,0,A4824FAE3A121BC372685004EC3D2C7D517070BD7936CA72B3EA7DBF7AB8FD8E
2022-02-07T00:00:00.000Z|EURUSD|asia_london|2022-02-11,2022-02-07T00:00:00.000Z,EURUSD,SHORT,asia_london|2022-02-11,ASIA_LONDON,2022-02-10T13:00:00.000Z,2022-02-10T21:00:00.000Z,2022-02-11T00:00:00.000Z,2022-02-11T13:00:00.000Z,1.404989,0.009485,0.524092,0.978282,low,0.6,true,normal,harvestable_chop_candidate,true,gate90d_range_box_slots_cost_clamped_v0,0.46833,0.3,0.9,true,0.075,,0,0,0,D33F62CB49C8996F341BF565933320CCB00A64CDF36DE97CFCE25CC5738048E3
2022-02-07T00:00:00.000Z|EURUSD|ny|2022-02-11,2022-02-07T00:00:00.000Z,EURUSD,SHORT,ny|2022-02-11,NY,2022-02-11T00:00:00.000Z,2022-02-11T13:00:00.000Z,2022-02-11T13:00:00.000Z,2022-02-11T21:00:00.000Z,0.524092,0.014006,0.448052,0.978282,low,0.6,false,normal,dead_chop_cost_churn,false,gate90d_range_box_slots_cost_clamped_v0,0.174697,0.2,0.6,false,0.05,,0,0,0,4CCD16990C86194D0B106C48BE97D6D7299FCB305613C78A885E4D87B3A66648
2022-02-07T00:00:00.000Z|GBPAUD|ny|2022-02-07,2022-02-07T00:00:00.000Z,GBPAUD,LONG,ny|2022-02-07,NY,2022-02-07T00:00:00.000Z,2022-02-07T13:00:00.000Z,2022-02-07T13:00:00.000Z,2022-02-07T21:00:00.000Z,0.788584,0.024899,0.359087,1.173016,low,0.6,true,expanded,harvestable_chop_candidate,true,gate90d_range_box_slots_cost_clamped_v0,0.262861,0.262861,0.788584,true,0.065715,,0,0,0,FA254D111B043934CEFC4CB4F8EE39508E75D22E27475F21FBE7049575A94252
2022-02-07T00:00:00.000Z|GBPAUD|asia_london|2022-02-08,2022-02-07T00:00:00.000Z,GBPAUD,LONG,asia_london|2022-02-08,ASIA_LONDON,2022-02-07T13:00:00.000Z,2022-02-07T21:00:00.000Z,2022-02-08T00:00:00.000Z,2022-02-08T13:00:00.000Z,0.359087,0.011723,0.563275,1.173016,low,0.6,false,expanded,dead_chop_cost_churn,false,gate90d_range_box_slots_cost_clamped_v0,0.119696,0.2,0.6,false,0.05,,0,0,0,305207C1EA83448E9BC96DA2FA6C49FEF442A1BD2BAF3F60C3192A4E7FD4D2BA
2022-02-07T00:00:00.000Z|GBPAUD|ny|2022-02-08,2022-02-07T00:00:00.000Z,GBPAUD,LONG,ny|2022-02-08,NY,2022-02-08T00:00:00.000Z,2022-02-08T13:00:00.000Z,2022-02-08T13:00:00.000Z,2022-02-08T21:00:00.000Z,0.563275,0.056208,0.378291,1.173016,low,0.6,false,expanded,dead_chop_cost_churn,false,gate90d_range_box_slots_cost_clamped_v0,0.187758,0.2,0.6,false,0.05,,0,0,0,1A528D7091FDE39B64D0FF1037D0437EE73028CBAF4D2E8B46F1B693C8185952
2022-02-07T00:00:00.000Z|GBPAUD|asia_london|2022-02-09,2022-02-07T00:00:00.000Z,GBPAUD,LONG,asia_london|2022-02-09,ASIA_LONDON,2022-02-08T13:00:00.000Z,2022-02-08T21:00:00.000Z,2022-02-09T00:00:00.000Z,2022-02-09T13:00:00.000Z,0.378291,0.037177,0.430777,1.173016,low,0.6,false,expanded,dead_chop_cost_churn,false,gate90d_range_box_slots_cost_clamped_v0,0.126097,0.2,0.6,false,0.05,,0,0,0,B7EC2BEC3AEE62691B1DE753BDCECFED07204F9786866E7DB4E3AF88C69D0290
2022-02-07T00:00:00.000Z|GBPAUD|ny|2022-02-09,2022-02-07T00:00:00.000Z,GBPAUD,LONG,ny|2022-02-09,NY,2022-02-09T00:00:00.000Z,2022-02-09T13:00:00.000Z,2022-02-09T13:00:00.000Z,2022-02-09T21:00:00.000Z,0.430777,0.097575,0.537031,1.173016,low,0.6,false,expanded,dead_chop_cost_churn,false,gate90d_range_box_slots_cost_clamped_v0,0.143592,0.2,0.6,false,0.05,,0,0,0,2CB73A1C31874F4DBAA9E0F7DE043A966663521EEA0C2315BD15D4D042A20632
2022-02-07T00:00:00.000Z|GBPAUD|asia_london|2022-02-10,2022-02-07T00:00:00.000Z,GBPAUD,LONG,asia_london|2022-02-10,ASIA_LONDON,2022-02-09T13:00:00.000Z,2022-02-09T21:00:00.000Z,2022-02-10T00:00:00.000Z,2022-02-10T13:00:00.000Z,0.537031,0.006706,0.37253,1.173016,low,0.6,false,expanded,dead_chop_cost_churn,false,gate90d_range_box_slots_cost_clamped_v0,0.17901,0.2,0.6,false,0.05,,0,0,0,4757079F63234EF0A97FE3D82E386790C024512FDFB73800D21B1CA671F74786
2022-02-07T00:00:00.000Z|GBPAUD|ny|2022-02-10,2022-02-07T00:00:00.000Z,GBPAUD,LONG,ny|2022-02-10,NY,2022-02-10T00:00:00.000Z,2022-02-10T13:00:00.000Z,2022-02-10T13:00:00.000Z,2022-02-10T21:00:00.000Z,0.37253,0.042243,0.939004,1.173016,low,0.6,false,expanded,dead_chop_cost_churn,false,gate90d_range_box_slots_cost_clamped_v0,0.124177,0.2,0.6,false,0.05,,2,0,2,5E92E65781258CD9FB653FF294A635CA2ACFDABBE126E3C4852E8CF51ED392E7
2022-02-07T00:00:00.000Z|GBPAUD|asia_london|2022-02-11,2022-02-07T00:00:00.000Z,GBPAUD,LONG,asia_london|2022-02-11,ASIA_LONDON,2022-02-10T13:00:00.000Z,2022-02-10T21:00:00.000Z,2022-02-11T00:00:00.000Z,2022-02-11T13:00:00.000Z,0.939004,0.034689,0.7617,1.173016,low,0.6,true,expanded,harvestable_chop_candidate,true,gate90d_range_box_slots_cost_clamped_v0,0.313001,0.3,0.9,true,0.075,,0,0,0,3F7228442C82B545CA812EC236F835C0C65607BA2C616A5EC6B645D0D2F393C9
2022-02-07T00:00:00.000Z|GBPAUD|ny|2022-02-11,2022-02-07T00:00:00.000Z,GBPAUD,LONG,ny|2022-02-11,NY,2022-02-11T00:00:00.000Z,2022-02-11T13:00:00.000Z,2022-02-11T13:00:00.000Z,2022-02-11T21:00:00.000Z,0.7617,0.061372,0.431417,1.173016,low,0.6,true,expanded,harvestable_chop_candidate,true,gate90d_range_box_slots_cost_clamped_v0,0.2539,0.2539,0.7617,true,0.063475,,0,0,0,DE682F3DAD0B3E7CAD814171645B34D95304CA59681B2E9E6B8B3C1D3E75D334
2022-02-07T00:00:00.000Z|GBPCAD|ny|2022-02-07,2022-02-07T00:00:00.000Z,GBPCAD,LONG,ny|2022-02-07,NY,2022-02-07T00:00:00.000Z,2022-02-07T13:00:00.000Z,2022-02-07T13:00:00.000Z,2022-02-07T21:00:00.000Z,0.735027,0.061177,0.567892,1.151981,low,0.6,true,expanded,harvestable_chop_candidate,true,gate90d_range_box_slots_cost_clamped_v0,0.245009,0.245009,0.735027,true,0.061252,,0,0,0,B1C1F6441063CA45E13C992F7DEAB01FD847B4FEF41561549439E13551F98960
2022-02-07T00:00:00.000Z|GBPCAD|asia_london|2022-02-08,2022-02-07T00:00:00.000Z,GBPCAD,LONG,asia_london|2022-02-08,ASIA_LONDON,2022-02-07T13:00:00.000Z,2022-02-07T21:00:00.000Z,2022-02-08T00:00:00.000Z,2022-02-08T13:00:00.000Z,0.567892,0.059461,0.801512,1.151981,low,0.6,false,expanded,dead_chop_cost_churn,false,gate90d_range_box_slots_cost_clamped_v0,0.189297,0.2,0.6,false,0.05,,0,0,0,56884D61F58C82D3E8FB38C4E23244623A794DB96CB5CB3FE897ABAB46E0F5C8
2022-02-07T00:00:00.000Z|GBPCAD|ny|2022-02-08,2022-02-07T00:00:00.000Z,GBPCAD,LONG,ny|2022-02-08,NY,2022-02-08T00:00:00.000Z,2022-02-08T13:00:00.000Z,2022-02-08T13:00:00.000Z,2022-02-08T21:00:00.000Z,0.801512,0.032457,0.558658,1.151981,low,0.6,true,expanded,harvestable_chop_candidate,true,gate90d_range_box_slots_cost_clamped_v0,0.267171,0.267171,0.801512,true,0.066793,,0,0,0,B00D2DE74869EF681F06A3948A0E43FC0E34008FB7A2802725F1B157EE083EFA
2022-02-07T00:00:00.000Z|GBPCAD|asia_london|2022-02-09,2022-02-07T00:00:00.000Z,GBPCAD,LONG,asia_london|2022-02-09,ASIA_LONDON,2022-02-08T13:00:00.000Z,2022-02-08T21:00:00.000Z,2022-02-09T00:00:00.000Z,2022-02-09T13:00:00.000Z,0.558658,0.018652,0.319497,1.151981,low,0.6,false,expanded,dead_chop_cost_churn,false,gate90d_range_box_slots_cost_clamped_v0,0.186219,0.2,0.6,false,0.05,,0,0,0,CF0F082151E279EA20EE1E0819910ED79958D40A88160CB0F2A24AC2E1B1BB16
2022-02-07T00:00:00.000Z|GBPCAD|ny|2022-02-09,2022-02-07T00:00:00.000Z,GBPCAD,LONG,ny|2022-02-09,NY,2022-02-09T00:00:00.000Z,2022-02-09T13:00:00.000Z,2022-02-09T13:00:00.000Z,2022-02-09T21:00:00.000Z,0.319497,0.112643,0.862456,1.151981,low,0.6,false,expanded,dead_chop_cost_churn,false,gate90d_range_box_slots_cost_clamped_v0,0.106499,0.2,0.6,false,0.05,,0,0,0,0DEE2AF30DCA9A67D65D050E867221DEF76BAB7E6558035384ED31DB1E03CD19
2022-02-07T00:00:00.000Z|GBPCAD|asia_london|2022-02-10,2022-02-07T00:00:00.000Z,GBPCAD,LONG,asia_london|2022-02-10,ASIA_LONDON,2022-02-09T13:00:00.000Z,2022-02-09T21:00:00.000Z,2022-02-10T00:00:00.000Z,2022-02-10T13:00:00.000Z,0.862456,0.066506,0.635299,1.151981,low,0.6,true,expanded,harvestable_chop_candidate,true,gate90d_range_box_slots_cost_clamped_v0,0.287485,0.287485,0.862456,true,0.071871,,0,0,0,5D72B6444A2976AC96C9F1E0C834D8C4208C3115854DDEE981EFE20595A88DE3
2022-02-07T00:00:00.000Z|GBPCAD|ny|2022-02-10,2022-02-07T00:00:00.000Z,GBPCAD,LONG,ny|2022-02-10,NY,2022-02-10T00:00:00.000Z,2022-02-10T13:00:00.000Z,2022-02-10T13:00:00.000Z,2022-02-10T21:00:00.000Z,0.635299,0.047284,0.819056,1.151981,low,0.6,true,expanded,harvestable_chop_candidate,true,gate90d_range_box_slots_cost_clamped_v0,0.211766,0.211766,0.635299,true,0.052942,,1,0,1,7AB7AA7D8A3F96EA61C3B0B66858A7F7C5E714673CA1AF15954E5330A88D18F0
2022-02-07T00:00:00.000Z|GBPCAD|asia_london|2022-02-11,2022-02-07T00:00:00.000Z,GBPCAD,LONG,asia_london|2022-02-11,ASIA_LONDON,2022-02-10T13:00:00.000Z,2022-02-10T21:00:00.000Z,2022-02-11T00:00:00.000Z,2022-02-11T13:00:00.000Z,0.819056,0.001697,0.525415,1.151981,low,0.6,true,expanded,harvestable_chop_candidate,true,gate90d_range_box_slots_cost_clamped_v0,0.273019,0.273019,0.819056,true,0.068255,,0,0,0,D85978754E92BADBD7525DAE025942B8426AF1ADD15F1DE4696A9A78EABB514B
2022-02-07T00:00:00.000Z|GBPCAD|ny|2022-02-11,2022-02-07T00:00:00.000Z,GBPCAD,LONG,ny|2022-02-11,NY,2022-02-11T00:00:00.000Z,2022-02-11T13:00:00.000Z,2022-02-11T13:00:00.000Z,2022-02-11T21:00:00.000Z,0.525415,0.002998,0.424764,1.151981,low,0.6,false,expanded,dead_chop_cost_churn,false,gate90d_range_box_slots_cost_clamped_v0,0.175138,0.2,0.6,false,0.05,,0,0,0,C7943BF5A9FD829311B72F4E4A344D3CC0717BBFE9EEBDCBC72A0F2438DFAECF
2022-02-07T00:00:00.000Z|GBPCHF|ny|2022-02-07,2022-02-07T00:00:00.000Z,GBPCHF,LONG,ny|2022-02-07,NY,2022-02-07T00:00:00.000Z,2022-02-07T13:00:00.000Z,2022-02-07T13:00:00.000Z,2022-02-07T21:00:00.000Z,0.876532,0.032578,0.520525,0.954333,low,0.6,true,normal,harvestable_chop_candidate,true,gate90d_range_box_slots_cost_clamped_v0,0.292177,0.292177,0.876532,true,0.073044,,0,0,0,52279D1807E68FC5EE0615D43D8EEEB16DF5ACA8E30C389D5F2159C5099B7627
2022-02-07T00:00:00.000Z|GBPCHF|asia_london|2022-02-08,2022-02-07T00:00:00.000Z,GBPCHF,LONG,asia_london|2022-02-08,ASIA_LONDON,2022-02-07T13:00:00.000Z,2022-02-07T21:00:00.000Z,2022-02-08T00:00:00.000Z,2022-02-08T13:00:00.000Z,0.520525,0.000297,0.451752,0.954333,low,0.6,false,normal,dead_chop_cost_churn,false,gate90d_range_box_slots_cost_clamped_v0,0.173508,0.2,0.6,false,0.05,,1,0,1,623CB9872865D7E1A3A22934313B5D37AC93F6396A5424DEB0E17874F6DD8631
2022-02-07T00:00:00.000Z|GBPCHF|ny|2022-02-08,2022-02-07T00:00:00.000Z,GBPCHF,LONG,ny|2022-02-08,NY,2022-02-08T00:00:00.000Z,2022-02-08T13:00:00.000Z,2022-02-08T13:00:00.000Z,2022-02-08T21:00:00.000Z,0.451752,0.087011,0.604133,0.954333,low,0.6,false,normal,dead_chop_cost_churn,false,gate90d_range_box_slots_cost_clamped_v0,0.150584,0.2,0.6,false,0.05,,0,0,0,ED3283C695131ADC2CBFC676B81DE52B49B2C3795AE8FF68096D66AE42070AC6
2022-02-07T00:00:00.000Z|GBPCHF|asia_london|2022-02-09,2022-02-07T00:00:00.000Z,GBPCHF,LONG,asia_london|2022-02-09,ASIA_LONDON,2022-02-08T13:00:00.000Z,2022-02-08T21:00:00.000Z,2022-02-09T00:00:00.000Z,2022-02-09T13:00:00.000Z,0.604133,0.001576,0.451751,0.954333,low,0.6,true,normal,harvestable_chop_candidate,true,gate90d_range_box_slots_cost_clamped_v0,0.201378,0.201378,0.604133,true,0.050344,,2,0,2,F6D45B27ED57ECE5A0DB5DA25F4627EBCC0E633ECE90A46B1F2DD5CAA7828764
2022-02-07T00:00:00.000Z|GBPCHF|ny|2022-02-09,2022-02-07T00:00:00.000Z,GBPCHF,LONG,ny|2022-02-09,NY,2022-02-09T00:00:00.000Z,2022-02-09T13:00:00.000Z,2022-02-09T13:00:00.000Z,2022-02-09T21:00:00.000Z,0.451751,0.045328,0.501646,0.954333,low,0.6,false,normal,dead_chop_cost_churn,false,gate90d_range_box_slots_cost_clamped_v0,0.150584,0.2,0.6,false,0.05,,0,0,0,0A1EF67082290936373FD73B3DFA666E9598197CC531C4436561DADA27B60099
2022-02-07T00:00:00.000Z|GBPCHF|asia_london|2022-02-10,2022-02-07T00:00:00.000Z,GBPCHF,LONG,asia_london|2022-02-10,ASIA_LONDON,2022-02-09T13:00:00.000Z,2022-02-09T21:00:00.000Z,2022-02-10T00:00:00.000Z,2022-02-10T13:00:00.000Z,0.501646,0.065772,0.714711,0.954333,low,0.6,false,normal,dead_chop_cost_churn,false,gate90d_range_box_slots_cost_clamped_v0,0.167215,0.2,0.6,false,0.05,,0,0,0,D2EB504E9D1A78E3099D3115741EACFF23B91EDDAC555AB419A80FFD79186ACA
2022-02-07T00:00:00.000Z|GBPCHF|ny|2022-02-10,2022-02-07T00:00:00.000Z,GBPCHF,LONG,ny|2022-02-10,NY,2022-02-10T00:00:00.000Z,2022-02-10T13:00:00.000Z,2022-02-10T13:00:00.000Z,2022-02-10T21:00:00.000Z,0.714711,0.025465,0.678301,0.954333,low,0.6,true,normal,harvestable_chop_candidate,true,gate90d_range_box_slots_cost_clamped_v0,0.238237,0.238237,0.714711,true,0.059559,,0,0,0,DAEDFBBABD8CFE99F967F46E1EBA90FA597C75883CD824EF318095439BF7286B
2022-02-07T00:00:00.000Z|GBPCHF|asia_london|2022-02-11,2022-02-07T00:00:00.000Z,GBPCHF,LONG,asia_london|2022-02-11,ASIA_LONDON,2022-02-10T13:00:00.000Z,2022-02-10T21:00:00.000Z,2022-02-11T00:00:00.000Z,2022-02-11T13:00:00.000Z,0.678301,0.032775,0.645937,0.954333,low,0.6,true,normal,harvestable_chop_candidate,true,gate90d_range_box_slots_cost_clamped_v0,0.2261,0.2261,0.678301,true,0.056525,,0,0,0,A0BAE7D8C12D3D4C9B90F30A8B1A111F1EC470FBE0DB2C6B90FF9EE400FFF079
2022-02-07T00:00:00.000Z|GBPCHF|ny|2022-02-11,2022-02-07T00:00:00.000Z,GBPCHF,LONG,ny|2022-02-11,NY,2022-02-11T00:00:00.000Z,2022-02-11T13:00:00.000Z,2022-02-11T13:00:00.000Z,2022-02-11T21:00:00.000Z,0.645937,0.07615,0.439614,0.954333,low,0.6,true,normal,harvestable_chop_candidate,true,gate90d_range_box_slots_cost_clamped_v0,0.215312,0.215312,0.645937,true,0.053828,,0,0,0,9CB371AB8882D4E44F8CBBAD36E6E4011F9009F8EC9DB73EC8BD7470E5CC01B9
2022-02-07T00:00:00.000Z|GBPJPY|ny|2022-02-07,2022-02-07T00:00:00.000Z,GBPJPY,LONG,ny|2022-02-07,NY,2022-02-07T00:00:00.000Z,2022-02-07T13:00:00.000Z,2022-02-07T13:00:00.000Z,2022-02-07T21:00:00.000Z,1.066317,0.05471,0.45832,1.107249,low,0.6,true,expanded,harvestable_chop_candidate,true,gate90d_range_box_slots_cost_clamped_v0,0.355439,0.3,0.9,true,0.075,,0,0,0,DD36E0DD71D6317E713FC80677A9F0F1154E6AD315D29108AC9D881886D16176
2022-02-07T00:00:00.000Z|GBPJPY|asia_london|2022-02-08,2022-02-07T00:00:00.000Z,GBPJPY,LONG,asia_london|2022-02-08,ASIA_LONDON,2022-02-07T13:00:00.000Z,2022-02-07T21:00:00.000Z,2022-02-08T00:00:00.000Z,2022-02-08T13:00:00.000Z,0.45832,0.034618,0.692641,1.107249,low,0.6,false,expanded,dead_chop_cost_churn,false,gate90d_range_box_slots_cost_clamped_v0,0.152773,0.2,0.6,false,0.05,,0,0,0,ADEBC31A7E6014E833518FC193EFD2AD0A3283517DA2764A6A1D2681590DC611
2022-02-07T00:00:00.000Z|GBPJPY|ny|2022-02-08,2022-02-07T00:00:00.000Z,GBPJPY,LONG,ny|2022-02-08,NY,2022-02-08T00:00:00.000Z,2022-02-08T13:00:00.000Z,2022-02-08T13:00:00.000Z,2022-02-08T21:00:00.000Z,0.692641,0.087645,0.745286,1.107249,low,0.6,true,expanded,harvestable_chop_candidate,true,gate90d_range_box_slots_cost_clamped_v0,0.23088,0.23088,0.692641,true,0.05772,,0,0,0,4A2D9CDD09F058B51E3909C75F50902811D578669B7BECCD910E46D7B2E57808
2022-02-07T00:00:00.000Z|GBPJPY|asia_london|2022-02-09,2022-02-07T00:00:00.000Z,GBPJPY,LONG,asia_london|2022-02-09,ASIA_LONDON,2022-02-08T13:00:00.000Z,2022-02-08T21:00:00.000Z,2022-02-09T00:00:00.000Z,2022-02-09T13:00:00.000Z,0.745286,0.022418,0.588384,1.107249,low,0.6,true,expanded,harvestable_chop_candidate,true,gate90d_range_box_slots_cost_clamped_v0,0.248429,0.248429,0.745286,true,0.062107,,0,0,0,5A48D9B37AF0CB4153FE08E38C701172031A40B9E372F98288D57EC2B7A03E4B
2022-02-07T00:00:00.000Z|GBPJPY|ny|2022-02-09,2022-02-07T00:00:00.000Z,GBPJPY,LONG,ny|2022-02-09,NY,2022-02-09T00:00:00.000Z,2022-02-09T13:00:00.000Z,2022-02-09T13:00:00.000Z,2022-02-09T21:00:00.000Z,0.588384,0.055101,0.656512,1.107249,low,0.6,false,expanded,dead_chop_cost_churn,false,gate90d_range_box_slots_cost_clamped_v0,0.196128,0.2,0.6,false,0.05,,2,2,0,311319375C72384139CD64C35A34CBEDE22A728635B5C59CDB39DCC14A0D202C
2022-02-07T00:00:00.000Z|GBPJPY|asia_london|2022-02-10,2022-02-07T00:00:00.000Z,GBPJPY,LONG,asia_london|2022-02-10,ASIA_LONDON,2022-02-09T13:00:00.000Z,2022-02-09T21:00:00.000Z,2022-02-10T00:00:00.000Z,2022-02-10T13:00:00.000Z,0.656512,0.08515,1.015737,1.107249,low,0.6,true,expanded,harvestable_chop_candidate,true,gate90d_range_box_slots_cost_clamped_v0,0.218837,0.218837,0.656512,true,0.054709,,0,0,0,33951509AF1B0759BDD8A6DC96F460BF44A37E6511A531AF02145FBDC7862959
2022-02-07T00:00:00.000Z|GBPJPY|ny|2022-02-10,2022-02-07T00:00:00.000Z,GBPJPY,LONG,ny|2022-02-10,NY,2022-02-10T00:00:00.000Z,2022-02-10T13:00:00.000Z,2022-02-10T13:00:00.000Z,2022-02-10T21:00:00.000Z,1.015737,0.01308,1.041543,1.107249,low,0.6,true,expanded,harvestable_chop_candidate,true,gate90d_range_box_slots_cost_clamped_v0,0.338579,0.3,0.9,true,0.075,,0,0,0,8DD4CAAE6B1388BFE20E101AD134FDD011EBEE0525AC26B3B5E7AD8CE696D67F
2022-02-07T00:00:00.000Z|GBPJPY|asia_london|2022-02-11,2022-02-07T00:00:00.000Z,GBPJPY,LONG,asia_london|2022-02-11,ASIA_LONDON,2022-02-10T13:00:00.000Z,2022-02-10T21:00:00.000Z,2022-02-11T00:00:00.000Z,2022-02-11T13:00:00.000Z,1.041543,0.016688,0.868124,1.107249,low,0.6,true,expanded,harvestable_chop_candidate,true,gate90d_range_box_slots_cost_clamped_v0,0.347181,0.3,0.9,true,0.075,,0,0,0,666D9CAC300364AFA2967DBEE58A91FC805555750E62EF8C65040746FEFD5CC7
2022-02-07T00:00:00.000Z|GBPJPY|ny|2022-02-11,2022-02-07T00:00:00.000Z,GBPJPY,LONG,ny|2022-02-11,NY,2022-02-11T00:00:00.000Z,2022-02-11T13:00:00.000Z,2022-02-11T13:00:00.000Z,2022-02-11T21:00:00.000Z,0.868124,0.049844,0.493417,1.107249,low,0.6,true,expanded,harvestable_chop_candidate,true,gate90d_range_box_slots_cost_clamped_v0,0.289375,0.289375,0.868124,true,0.072344,,0,0,0,CC8949C120E6C7E9FB78910CC04B680750B6961A48D9464997D0CBA4AF06CCC0
2022-02-07T00:00:00.000Z|GBPNZD|ny|2022-02-07,2022-02-07T00:00:00.000Z,GBPNZD,LONG,ny|2022-02-07,NY,2022-02-07T00:00:00.000Z,2022-02-07T13:00:00.000Z,2022-02-07T13:00:00.000Z,2022-02-07T21:00:00.000Z,0.551293,0.003339,0.450872,1.026029,low,0.6,false,normal,dead_chop_cost_churn,false,gate90d_range_box_slots_cost_clamped_v0,0.183764,0.2,0.6,false,0.05,,0,0,0,3CACFA3D9E1F0BBCB64E35572A9AB27F9990C45645444EDF97ACA7CAC4F6AC93
2022-02-07T00:00:00.000Z|GBPNZD|asia_london|2022-02-08,2022-02-07T00:00:00.000Z,GBPNZD,LONG,asia_london|2022-02-08,ASIA_LONDON,2022-02-07T13:00:00.000Z,2022-02-07T21:00:00.000Z,2022-02-08T00:00:00.000Z,2022-02-08T13:00:00.000Z,0.450872,0.006803,0.692702,1.026029,low,0.6,false,normal,dead_chop_cost_churn,false,gate90d_range_box_slots_cost_clamped_v0,0.150291,0.2,0.6,false,0.05,,0,0,0,472A0391EF11F0A4D6E4A4E2D26C43402910D1A8664986C0C9720994081357DF
2022-02-07T00:00:00.000Z|GBPNZD|ny|2022-02-08,2022-02-07T00:00:00.000Z,GBPNZD,LONG,ny|2022-02-08,NY,2022-02-08T00:00:00.000Z,2022-02-08T13:00:00.000Z,2022-02-08T13:00:00.000Z,2022-02-08T21:00:00.000Z,0.692702,0.016021,0.40032,1.026029,low,0.6,true,normal,harvestable_chop_candidate,true,gate90d_range_box_slots_cost_clamped_v0,0.230901,0.230901,0.692702,true,0.057725,,0,0,0,68563660B2B08659F8391F15045B218F2293425D1E86E8495AA0AFCEBF786B9A
2022-02-07T00:00:00.000Z|GBPNZD|asia_london|2022-02-09,2022-02-07T00:00:00.000Z,GBPNZD,LONG,asia_london|2022-02-09,ASIA_LONDON,2022-02-08T13:00:00.000Z,2022-02-08T21:00:00.000Z,2022-02-09T00:00:00.000Z,2022-02-09T13:00:00.000Z,0.40032,0.049756,0.784926,1.026029,low,0.6,false,normal,dead_chop_cost_churn,false,gate90d_range_box_slots_cost_clamped_v0,0.13344,0.2,0.6,false,0.05,,0,0,0,48BD67F3FD04D6ECE1D117DC605935EC6CA9FB864210404C8D429575EB90C0ED
2022-02-07T00:00:00.000Z|GBPNZD|ny|2022-02-09,2022-02-07T00:00:00.000Z,GBPNZD,LONG,ny|2022-02-09,NY,2022-02-09T00:00:00.000Z,2022-02-09T13:00:00.000Z,2022-02-09T13:00:00.000Z,2022-02-09T21:00:00.000Z,0.784926,0.072449,0.604578,1.026029,low,0.6,true,normal,harvestable_chop_candidate,true,gate90d_range_box_slots_cost_clamped_v0,0.261642,0.261642,0.784926,true,0.065411,,0,0,0,E9AE8BBFDDF161431AACE67C5A9F07DE83B6EE30E47F3D77A199579A12BC2BF5
2022-02-07T00:00:00.000Z|GBPNZD|asia_london|2022-02-10,2022-02-07T00:00:00.000Z,GBPNZD,LONG,asia_london|2022-02-10,ASIA_LONDON,2022-02-09T13:00:00.000Z,2022-02-09T21:00:00.000Z,2022-02-10T00:00:00.000Z,2022-02-10T13:00:00.000Z,0.604578,0.003004,0.397587,1.026029,low,0.6,true,normal,harvestable_chop_candidate,true,gate90d_range_box_slots_cost_clamped_v0,0.201526,0.201526,0.604578,true,0.050381,,0,0,0,57232ABC124987F21AA74FC285641A4CBE181AB010924648B02F4BC2C6D9628F
2022-02-07T00:00:00.000Z|GBPNZD|ny|2022-02-10,2022-02-07T00:00:00.000Z,GBPNZD,LONG,ny|2022-02-10,NY,2022-02-10T00:00:00.000Z,2022-02-10T13:00:00.000Z,2022-02-10T13:00:00.000Z,2022-02-10T21:00:00.000Z,0.397587,0.040261,0.745987,1.026029,low,0.6,false,normal,dead_chop_cost_churn,false,gate90d_range_box_slots_cost_clamped_v0,0.132529,0.2,0.6,false,0.05,,0,0,0,E092D15D6E7CC80249D3467B9E3C9344236E0AD19FBE2830CCE1B741C38049C6
2022-02-07T00:00:00.000Z|GBPNZD|asia_london|2022-02-11,2022-02-07T00:00:00.000Z,GBPNZD,LONG,asia_london|2022-02-11,ASIA_LONDON,2022-02-10T13:00:00.000Z,2022-02-10T21:00:00.000Z,2022-02-11T00:00:00.000Z,2022-02-11T13:00:00.000Z,0.745987,0.018517,0.567005,1.026029,low,0.6,true,normal,harvestable_chop_candidate,true,gate90d_range_box_slots_cost_clamped_v0,0.248662,0.248662,0.745987,true,0.062166,,2,0,2,5D14FAE72F9829BC9BE7494DB844E03B04C2F756C9238C24D2B6542BA40F993E
2022-02-07T00:00:00.000Z|GBPNZD|ny|2022-02-11,2022-02-07T00:00:00.000Z,GBPNZD,LONG,ny|2022-02-11,NY,2022-02-11T00:00:00.000Z,2022-02-11T13:00:00.000Z,2022-02-11T13:00:00.000Z,2022-02-11T21:00:00.000Z,0.567005,0.027578,0.431744,1.026029,low,0.6,false,normal,dead_chop_cost_churn,false,gate90d_range_box_slots_cost_clamped_v0,0.189002,0.2,0.6,false,0.05,,2,2,0,44130C2E2B40EB4908DD84EB3FE97283C6718DCA909473E79AE2B8C2C40E39DF
2022-02-07T00:00:00.000Z|GBPUSD|ny|2022-02-07,2022-02-07T00:00:00.000Z,GBPUSD,SHORT,ny|2022-02-07,NY,2022-02-07T00:00:00.000Z,2022-02-07T13:00:00.000Z,2022-02-07T13:00:00.000Z,2022-02-07T21:00:00.000Z,0.71767,0.026823,0.433691,0.910627,low,0.6,true,normal,harvestable_chop_candidate,true,gate90d_range_box_slots_cost_clamped_v0,0.239223,0.239223,0.71767,true,0.059806,,0,0,0,C1865CF51697FEF7EF99BC00825C828F5A7D58EDF50E9ED0080436137CD90127
2022-02-07T00:00:00.000Z|GBPUSD|asia_london|2022-02-08,2022-02-07T00:00:00.000Z,GBPUSD,SHORT,asia_london|2022-02-08,ASIA_LONDON,2022-02-07T13:00:00.000Z,2022-02-07T21:00:00.000Z,2022-02-08T00:00:00.000Z,2022-02-08T13:00:00.000Z,0.433691,0.010115,0.668955,0.910627,low,0.6,false,normal,dead_chop_cost_churn,false,gate90d_range_box_slots_cost_clamped_v0,0.144564,0.2,0.6,false,0.05,,0,0,0,5767E149E896152AB52F44525F0926BE00E11D50817FBA10CCF9EAAA081662D7
2022-02-07T00:00:00.000Z|GBPUSD|ny|2022-02-08,2022-02-07T00:00:00.000Z,GBPUSD,SHORT,ny|2022-02-08,NY,2022-02-08T00:00:00.000Z,2022-02-08T13:00:00.000Z,2022-02-08T13:00:00.000Z,2022-02-08T21:00:00.000Z,0.668955,0.051336,0.484784,0.910627,low,0.6,true,normal,harvestable_chop_candidate,true,gate90d_range_box_slots_cost_clamped_v0,0.222985,0.222985,0.668955,true,0.055746,,0,0,0,EDD18F23A0EAE829727CEC8B842209445C832B1DB8BB19A56AD5E18FC2E323B9
2022-02-07T00:00:00.000Z|GBPUSD|asia_london|2022-02-09,2022-02-07T00:00:00.000Z,GBPUSD,SHORT,asia_london|2022-02-09,ASIA_LONDON,2022-02-08T13:00:00.000Z,2022-02-08T21:00:00.000Z,2022-02-09T00:00:00.000Z,2022-02-09T13:00:00.000Z,0.484784,0.048156,0.617862,0.910627,low,0.6,false,normal,dead_chop_cost_churn,false,gate90d_range_box_slots_cost_clamped_v0,0.161595,0.2,0.6,false,0.05,,2,0,2,7B85AB31B4F6D795C2B1A0D9D96DBA45430BE4F798A5DD236D69F750B5ED5427
2022-02-07T00:00:00.000Z|GBPUSD|ny|2022-02-09,2022-02-07T00:00:00.000Z,GBPUSD,SHORT,ny|2022-02-09,NY,2022-02-09T00:00:00.000Z,2022-02-09T13:00:00.000Z,2022-02-09T13:00:00.000Z,2022-02-09T21:00:00.000Z,0.617862,0.075646,0.697471,0.910627,low,0.6,true,normal,harvestable_chop_candidate,true,gate90d_range_box_slots_cost_clamped_v0,0.205954,0.205954,0.617862,true,0.051488,,0,0,0,B67C91A258B6F80CF86BF89E8CC68128653DAB58F80F54D7672F84DDB1A4EE78
2022-02-07T00:00:00.000Z|GBPUSD|asia_london|2022-02-10,2022-02-07T00:00:00.000Z,GBPUSD,SHORT,asia_london|2022-02-10,ASIA_LONDON,2022-02-09T13:00:00.000Z,2022-02-09T21:00:00.000Z,2022-02-10T00:00:00.000Z,2022-02-10T13:00:00.000Z,0.697471,0.069241,0.629744,0.910627,low,0.6,true,normal,harvestable_chop_candidate,true,gate90d_range_box_slots_cost_clamped_v0,0.23249,0.23249,0.697471,true,0.058123,,0,0,0,8FCE66A859ED052AF15F9148B5E900BE5F546FC075506B1452B4DAF50B24C79C
2022-02-07T00:00:00.000Z|GBPUSD|ny|2022-02-10,2022-02-07T00:00:00.000Z,GBPUSD,SHORT,ny|2022-02-10,NY,2022-02-10T00:00:00.000Z,2022-02-10T13:00:00.000Z,2022-02-10T13:00:00.000Z,2022-02-10T21:00:00.000Z,0.629744,0.01933,1.4294,0.910627,low,0.6,true,normal,harvestable_chop_candidate,true,gate90d_range_box_slots_cost_clamped_v0,0.209915,0.209915,0.629744,true,0.052479,,0,0,0,17F0A73FF5CBC9F552E129429F52D7031BFFBAFA04A043A8C6BCC6A0ADD75173
2022-02-07T00:00:00.000Z|GBPUSD|asia_london|2022-02-11,2022-02-07T00:00:00.000Z,GBPUSD,SHORT,asia_london|2022-02-11,ASIA_LONDON,2022-02-10T13:00:00.000Z,2022-02-10T21:00:00.000Z,2022-02-11T00:00:00.000Z,2022-02-11T13:00:00.000Z,1.4294,0.032265,0.881642,0.910627,low,0.6,true,normal,harvestable_chop_candidate,true,gate90d_range_box_slots_cost_clamped_v0,0.476467,0.3,0.9,true,0.075,,0,0,0,9CFE6BF6D5BED93CBECCBA22EB134122C575132883D3A841A46048BA66150B63
2022-02-07T00:00:00.000Z|GBPUSD|ny|2022-02-11,2022-02-07T00:00:00.000Z,GBPUSD,SHORT,ny|2022-02-11,NY,2022-02-11T00:00:00.000Z,2022-02-11T13:00:00.000Z,2022-02-11T13:00:00.000Z,2022-02-11T21:00:00.000Z,0.881642,0.06501,0.541817,0.910627,low,0.6,true,normal,harvestable_chop_candidate,true,gate90d_range_box_slots_cost_clamped_v0,0.293881,0.293881,0.881642,true,0.07347,,0,0,0,4FBD7F606D358B68431B7ECA8D3A251776C424DF941B6CA3BD6DF9791AC504AB
2022-02-07T00:00:00.000Z|NZDCAD|ny|2022-02-07,2022-02-07T00:00:00.000Z,NZDCAD,LONG,ny|2022-02-07,NY,2022-02-07T00:00:00.000Z,2022-02-07T13:00:00.000Z,2022-02-07T13:00:00.000Z,2022-02-07T21:00:00.000Z,0.52201,0.058164,0.505697,1.065376,low,0.6,false,normal,dead_chop_cost_churn,false,gate90d_range_box_slots_cost_clamped_v0,0.174003,0.2,0.6,false,0.05,,0,0,0,07D2B5F95689F3F52C434A4435D37DE65D56190F3E82027CAB55CB14B057F2C8
2022-02-07T00:00:00.000Z|NZDCAD|asia_london|2022-02-08,2022-02-07T00:00:00.000Z,NZDCAD,LONG,asia_london|2022-02-08,ASIA_LONDON,2022-02-07T13:00:00.000Z,2022-02-07T21:00:00.000Z,2022-02-08T00:00:00.000Z,2022-02-08T13:00:00.000Z,0.505697,0.04165,0.533429,1.065376,low,0.6,false,normal,dead_chop_cost_churn,false,gate90d_range_box_slots_cost_clamped_v0,0.168566,0.2,0.6,false,0.05,,0,0,0,27AF0128E13B0E8CD3DC3B2672275B598ABE3314E3636E95D1F0134F963FA573
2022-02-07T00:00:00.000Z|NZDCAD|ny|2022-02-08,2022-02-07T00:00:00.000Z,NZDCAD,LONG,ny|2022-02-08,NY,2022-02-08T00:00:00.000Z,2022-02-08T13:00:00.000Z,2022-02-08T13:00:00.000Z,2022-02-08T21:00:00.000Z,0.533429,0.050764,0.370301,1.065376,low,0.6,false,normal,dead_chop_cost_churn,false,gate90d_range_box_slots_cost_clamped_v0,0.17781,0.2,0.6,false,0.05,,0,0,0,C61D36D39B47B0B57A6176BB65765EB85427F7311FCB971B5D736F67AD3879EE
2022-02-07T00:00:00.000Z|NZDCAD|asia_london|2022-02-09,2022-02-07T00:00:00.000Z,NZDCAD,LONG,asia_london|2022-02-09,ASIA_LONDON,2022-02-08T13:00:00.000Z,2022-02-08T21:00:00.000Z,2022-02-09T00:00:00.000Z,2022-02-09T13:00:00.000Z,0.370301,0.064516,0.87763,1.065376,low,0.6,false,normal,dead_chop_cost_churn,false,gate90d_range_box_slots_cost_clamped_v0,0.123434,0.2,0.6,false,0.05,,0,0,0,77381F9762F08E9D4DD5D994EC16A164EE5FC4500137AD26EAC23FBA95BDAFBE
2022-02-07T00:00:00.000Z|NZDCAD|ny|2022-02-09,2022-02-07T00:00:00.000Z,NZDCAD,LONG,ny|2022-02-09,NY,2022-02-09T00:00:00.000Z,2022-02-09T13:00:00.000Z,2022-02-09T13:00:00.000Z,2022-02-09T21:00:00.000Z,0.87763,0.040278,0.466546,1.065376,low,0.6,true,normal,harvestable_chop_candidate,true,gate90d_range_box_slots_cost_clamped_v0,0.292543,0.292543,0.87763,true,0.073136,,0,0,0,06A784D6A3363ADBAD5EE68EBA65B0587A6FB30E5817A1AE305C1842A3EFB480
2022-02-07T00:00:00.000Z|NZDCAD|asia_london|2022-02-10,2022-02-07T00:00:00.000Z,NZDCAD,LONG,asia_london|2022-02-10,ASIA_LONDON,2022-02-09T13:00:00.000Z,2022-02-09T21:00:00.000Z,2022-02-10T00:00:00.000Z,2022-02-10T13:00:00.000Z,0.466546,0.053546,0.564423,1.065376,low,0.6,false,normal,dead_chop_cost_churn,false,gate90d_range_box_slots_cost_clamped_v0,0.155515,0.2,0.6,false,0.05,,0,0,0,A992D40DDD9CFA9567C02FA04E3CDEB7FD228DEE37FEF092531894F702CCAC25
2022-02-07T00:00:00.000Z|NZDCAD|ny|2022-02-10,2022-02-07T00:00:00.000Z,NZDCAD,LONG,ny|2022-02-10,NY,2022-02-10T00:00:00.000Z,2022-02-10T13:00:00.000Z,2022-02-10T13:00:00.000Z,2022-02-10T21:00:00.000Z,0.564423,0.002467,1.001607,1.065376,low,0.6,false,normal,dead_chop_cost_churn,false,gate90d_range_box_slots_cost_clamped_v0,0.188141,0.2,0.6,false,0.05,,4,1,3,84F109F93F5DFA1BF09EDBC3118D80CE4A23B27CF6E8BC6E3A767320508EEAA3
2022-02-07T00:00:00.000Z|NZDCAD|asia_london|2022-02-11,2022-02-07T00:00:00.000Z,NZDCAD,LONG,asia_london|2022-02-11,ASIA_LONDON,2022-02-10T13:00:00.000Z,2022-02-10T21:00:00.000Z,2022-02-11T00:00:00.000Z,2022-02-11T13:00:00.000Z,1.001607,0.019319,0.711238,1.065376,low,0.6,true,normal,harvestable_chop_candidate,true,gate90d_range_box_slots_cost_clamped_v0,0.333869,0.3,0.9,true,0.075,,0,0,0,5246C196D95B39E710E564F644C4CCAC8232E3F41DF3D1E51E76B35AFC7782C8
2022-02-07T00:00:00.000Z|NZDCAD|ny|2022-02-11,2022-02-07T00:00:00.000Z,NZDCAD,LONG,ny|2022-02-11,NY,2022-02-11T00:00:00.000Z,2022-02-11T13:00:00.000Z,2022-02-11T13:00:00.000Z,2022-02-11T21:00:00.000Z,0.711238,0.024731,0.249586,1.065376,low,0.6,true,normal,harvestable_chop_candidate,true,gate90d_range_box_slots_cost_clamped_v0,0.237079,0.237079,0.711238,true,0.05927,,0,0,0,19132E0F349EC5153C6FC9FB4F631015CBCCD8D235EC0471AA587434613E3A6D
2022-02-07T00:00:00.000Z|NZDCHF|ny|2022-02-07,2022-02-07T00:00:00.000Z,NZDCHF,LONG,ny|2022-02-07,NY,2022-02-07T00:00:00.000Z,2022-02-07T13:00:00.000Z,2022-02-07T13:00:00.000Z,2022-02-07T21:00:00.000Z,0.671588,0.028571,0.428427,1.020536,low,0.6,true,normal,harvestable_chop_candidate,true,gate90d_range_box_slots_cost_clamped_v0,0.223863,0.223863,0.671588,true,0.055966,,0,0,0,0DF948F330FBF21CE24BD8380FAA2EE9DE4D690DBF7D521F9EB80D7AE0D404EC
2022-02-07T00:00:00.000Z|NZDCHF|asia_london|2022-02-08,2022-02-07T00:00:00.000Z,NZDCHF,LONG,asia_london|2022-02-08,ASIA_LONDON,2022-02-07T13:00:00.000Z,2022-02-07T21:00:00.000Z,2022-02-08T00:00:00.000Z,2022-02-08T13:00:00.000Z,0.428427,0.005981,0.571236,1.020536,low,0.6,false,normal,dead_chop_cost_churn,false,gate90d_range_box_slots_cost_clamped_v0,0.142809,0.2,0.6,false,0.05,,0,0,0,6679E7B2BDE3937AF67F5BD76EB90229C21B9EB7C7B4E36E40F2B8C647A093AD
2022-02-07T00:00:00.000Z|NZDCHF|ny|2022-02-08,2022-02-07T00:00:00.000Z,NZDCHF,LONG,ny|2022-02-08,NY,2022-02-08T00:00:00.000Z,2022-02-08T13:00:00.000Z,2022-02-08T13:00:00.000Z,2022-02-08T21:00:00.000Z,0.571236,0.086121,0.563517,1.020536,low,0.6,false,normal,dead_chop_cost_churn,false,gate90d_range_box_slots_cost_clamped_v0,0.190412,0.2,0.6,false,0.05,,0,0,0,71298584CB6EBE1C035B3B575F521FC4E9E328C10BAF1A726DAE367FF6B825AA
2022-02-07T00:00:00.000Z|NZDCHF|asia_london|2022-02-09,2022-02-07T00:00:00.000Z,NZDCHF,LONG,asia_london|2022-02-09,ASIA_LONDON,2022-02-08T13:00:00.000Z,2022-02-08T21:00:00.000Z,2022-02-09T00:00:00.000Z,2022-02-09T13:00:00.000Z,0.563517,0.041953,0.737203,1.020536,low,0.6,false,normal,dead_chop_cost_churn,false,gate90d_range_box_slots_cost_clamped_v0,0.187839,0.2,0.6,false,0.05,,0,0,0,EC2AA67C1E1839175074227D49375DF30AE62EE964C1B838F37D545077669DDC
2022-02-07T00:00:00.000Z|NZDCHF|ny|2022-02-09,2022-02-07T00:00:00.000Z,NZDCHF,LONG,ny|2022-02-09,NY,2022-02-09T00:00:00.000Z,2022-02-09T13:00:00.000Z,2022-02-09T13:00:00.000Z,2022-02-09T21:00:00.000Z,0.737203,0.02864,0.339654,1.020536,low,0.6,true,normal,harvestable_chop_candidate,true,gate90d_range_box_slots_cost_clamped_v0,0.245734,0.245734,0.737203,true,0.061434,,0,0,0,3E562C67CC25500893B2213699759BB72F3DA07028A9994A0428EB2C19A5416A
2022-02-07T00:00:00.000Z|NZDCHF|asia_london|2022-02-10,2022-02-07T00:00:00.000Z,NZDCHF,LONG,asia_london|2022-02-10,ASIA_LONDON,2022-02-09T13:00:00.000Z,2022-02-09T21:00:00.000Z,2022-02-10T00:00:00.000Z,2022-02-10T13:00:00.000Z,0.339654,0.04698,0.577026,1.020536,low,0.6,false,normal,dead_chop_cost_churn,false,gate90d_range_box_slots_cost_clamped_v0,0.113218,0.2,0.6,false,0.05,,0,0,0,AE7809F743E7E092A3C735DD8B8741492034FCD2E8068C8A48C71AD74C2C1090
2022-02-07T00:00:00.000Z|NZDCHF|ny|2022-02-10,2022-02-07T00:00:00.000Z,NZDCHF,LONG,ny|2022-02-10,NY,2022-02-10T00:00:00.000Z,2022-02-10T13:00:00.000Z,2022-02-10T13:00:00.000Z,2022-02-10T21:00:00.000Z,0.577026,0.016151,0.806678,1.020536,low,0.6,false,normal,dead_chop_cost_churn,false,gate90d_range_box_slots_cost_clamped_v0,0.192342,0.2,0.6,false,0.05,,1,0,1,C13C2A2D87399FA4180AC725165D816E005A2521A192A91E3D0AA4C19D37BF81
2022-02-07T00:00:00.000Z|NZDCHF|asia_london|2022-02-11,2022-02-07T00:00:00.000Z,NZDCHF,LONG,asia_london|2022-02-11,ASIA_LONDON,2022-02-10T13:00:00.000Z,2022-02-10T21:00:00.000Z,2022-02-11T00:00:00.000Z,2022-02-11T13:00:00.000Z,0.806678,0.008333,0.646501,1.020536,low,0.6,true,normal,harvestable_chop_candidate,true,gate90d_range_box_slots_cost_clamped_v0,0.268893,0.268893,0.806678,true,0.067223,,0,0,0,AED280B22A9E0E26B39A49DCD9FC891E0706C907354498EAC402C14B4D100E52
2022-02-07T00:00:00.000Z|NZDCHF|ny|2022-02-11,2022-02-07T00:00:00.000Z,NZDCHF,LONG,ny|2022-02-11,NY,2022-02-11T00:00:00.000Z,2022-02-11T13:00:00.000Z,2022-02-11T13:00:00.000Z,2022-02-11T21:00:00.000Z,0.646501,0.084263,0.449655,1.020536,low,0.6,true,normal,harvestable_chop_candidate,true,gate90d_range_box_slots_cost_clamped_v0,0.2155,0.2155,0.646501,true,0.053875,,0,0,0,07F15786D5A8D67CFC9B275565A65E73588E598DEF6016CD67C3D957759C006E
2022-02-07T00:00:00.000Z|NZDJPY|ny|2022-02-07,2022-02-07T00:00:00.000Z,NZDJPY,LONG,ny|2022-02-07,NY,2022-02-07T00:00:00.000Z,2022-02-07T13:00:00.000Z,2022-02-07T13:00:00.000Z,2022-02-07T21:00:00.000Z,0.735173,0.047273,0.445925,1.075856,low,0.6,true,normal,harvestable_chop_candidate,true,gate90d_range_box_slots_cost_clamped_v0,0.245058,0.245058,0.735173,true,0.061264,,0,0,0,58D94AABA86F7B6D76C160F0360FE41076E947722805DC88EF76D3F48729E9DD
2022-02-07T00:00:00.000Z|NZDJPY|asia_london|2022-02-08,2022-02-07T00:00:00.000Z,NZDJPY,LONG,asia_london|2022-02-08,ASIA_LONDON,2022-02-07T13:00:00.000Z,2022-02-07T21:00:00.000Z,2022-02-08T00:00:00.000Z,2022-02-08T13:00:00.000Z,0.445925,0.018446,0.543681,1.075856,low,0.6,false,normal,dead_chop_cost_churn,false,gate90d_range_box_slots_cost_clamped_v0,0.148642,0.2,0.6,false,0.05,,0,0,0,65184783D345312940CB64BE42E600C891BD25A4678ED8F02E2E12C99C6CB438
2022-02-07T00:00:00.000Z|NZDJPY|ny|2022-02-08,2022-02-07T00:00:00.000Z,NZDJPY,LONG,ny|2022-02-08,NY,2022-02-08T00:00:00.000Z,2022-02-08T13:00:00.000Z,2022-02-08T13:00:00.000Z,2022-02-08T21:00:00.000Z,0.543681,0.087009,0.466012,1.075856,low,0.6,false,normal,dead_chop_cost_churn,false,gate90d_range_box_slots_cost_clamped_v0,0.181227,0.2,0.6,false,0.05,,0,0,0,9A0EF35690A8200C302860D22AEF1604C07263A6FC59D032350DCE4DAC767C28
2022-02-07T00:00:00.000Z|NZDJPY|asia_london|2022-02-09,2022-02-07T00:00:00.000Z,NZDJPY,LONG,asia_london|2022-02-09,ASIA_LONDON,2022-02-08T13:00:00.000Z,2022-02-08T21:00:00.000Z,2022-02-09T00:00:00.000Z,2022-02-09T13:00:00.000Z,0.466012,0.056635,0.803468,1.075856,low,0.6,false,normal,dead_chop_cost_churn,false,gate90d_range_box_slots_cost_clamped_v0,0.155337,0.2,0.6,false,0.05,,0,0,0,25F16D940B78CB4929161A2464BFDF3F6E104A20A6DFE5F6ADFEEB91817248F5
2022-02-07T00:00:00.000Z|NZDJPY|ny|2022-02-09,2022-02-07T00:00:00.000Z,NZDJPY,LONG,ny|2022-02-09,NY,2022-02-09T00:00:00.000Z,2022-02-09T13:00:00.000Z,2022-02-09T13:00:00.000Z,2022-02-09T21:00:00.000Z,0.803468,0.015504,0.259788,1.075856,low,0.6,true,normal,harvestable_chop_candidate,true,gate90d_range_box_slots_cost_clamped_v0,0.267823,0.267823,0.803468,true,0.066956,,0,0,0,50791D5D4C16189EB5758382F1D9F3C658AE4E00CD6B8BB882CDD04F626693DE
2022-02-07T00:00:00.000Z|NZDJPY|asia_london|2022-02-10,2022-02-07T00:00:00.000Z,NZDJPY,LONG,asia_london|2022-02-10,ASIA_LONDON,2022-02-09T13:00:00.000Z,2022-02-09T21:00:00.000Z,2022-02-10T00:00:00.000Z,2022-02-10T13:00:00.000Z,0.259788,0.066667,0.765973,1.075856,low,0.6,false,normal,dead_chop_cost_churn,false,gate90d_range_box_slots_cost_clamped_v0,0.086596,0.2,0.6,false,0.05,,0,0,0,2852CB8A2C43968BB262478010FBC4FA0B46897BF64B47D290479705CC12F3FE
2022-02-07T00:00:00.000Z|NZDJPY|ny|2022-02-10,2022-02-07T00:00:00.000Z,NZDJPY,LONG,ny|2022-02-10,NY,2022-02-10T00:00:00.000Z,2022-02-10T13:00:00.000Z,2022-02-10T13:00:00.000Z,2022-02-10T21:00:00.000Z,0.765973,0.01938,0.972196,1.075856,low,0.6,true,normal,harvestable_chop_candidate,true,gate90d_range_box_slots_cost_clamped_v0,0.255324,0.255324,0.765973,true,0.063831,,0,0,0,3B92E309F13F68297921286C18395880172770CE13672015E06429035EC48AB4
2022-02-07T00:00:00.000Z|NZDJPY|asia_london|2022-02-11,2022-02-07T00:00:00.000Z,NZDJPY,LONG,asia_london|2022-02-11,ASIA_LONDON,2022-02-10T13:00:00.000Z,2022-02-10T21:00:00.000Z,2022-02-11T00:00:00.000Z,2022-02-11T13:00:00.000Z,0.972196,0.001829,0.626705,1.075856,low,0.6,true,normal,harvestable_chop_candidate,true,gate90d_range_box_slots_cost_clamped_v0,0.324065,0.3,0.9,true,0.075,,0,0,0,4BA4DBA607B9056F70D556B616D4F1DEBB9AAE958ADDE234FD5B9985031FD88D
2022-02-07T00:00:00.000Z|NZDJPY|ny|2022-02-11,2022-02-07T00:00:00.000Z,NZDJPY,LONG,ny|2022-02-11,NY,2022-02-11T00:00:00.000Z,2022-02-11T13:00:00.000Z,2022-02-11T13:00:00.000Z,2022-02-11T21:00:00.000Z,0.626705,0.06247,0.305317,1.075856,low,0.6,true,normal,harvestable_chop_candidate,true,gate90d_range_box_slots_cost_clamped_v0,0.208902,0.208902,0.626705,true,0.052225,,0,0,0,EC4078C63BCD7EEF58FEC4B30262BE3BEAF3B87D7FC59BFBA9569B0E59B0B9B8
2022-02-07T00:00:00.000Z|NZDUSD|ny|2022-02-07,2022-02-07T00:00:00.000Z,NZDUSD,SHORT,ny|2022-02-07,NY,2022-02-07T00:00:00.000Z,2022-02-07T13:00:00.000Z,2022-02-07T13:00:00.000Z,2022-02-07T21:00:00.000Z,0.547602,0.022985,0.450966,0.884741,low,0.6,false,compressed,dead_chop_cost_churn,false,gate90d_range_box_slots_cost_clamped_v0,0.182534,0.2,0.6,false,0.05,,0,0,0,5BF26D3F09B55C643C8C259D3E3A5E9A892D1B4BB95D0F4FA6389B2FF1DEBC29
2022-02-07T00:00:00.000Z|NZDUSD|asia_london|2022-02-08,2022-02-07T00:00:00.000Z,NZDUSD,SHORT,asia_london|2022-02-08,ASIA_LONDON,2022-02-07T13:00:00.000Z,2022-02-07T21:00:00.000Z,2022-02-08T00:00:00.000Z,2022-02-08T13:00:00.000Z,0.450966,0.011613,0.400347,0.884741,low,0.6,false,compressed,dead_chop_cost_churn,false,gate90d_range_box_slots_cost_clamped_v0,0.150322,0.2,0.6,false,0.05,,0,0,0,007BC44CCFB492F390FBBF8E88A351C68E0AEFE78F28493C8A6A89CEA736EC7C
2022-02-07T00:00:00.000Z|NZDUSD|ny|2022-02-08,2022-02-07T00:00:00.000Z,NZDUSD,SHORT,ny|2022-02-08,NY,2022-02-08T00:00:00.000Z,2022-02-08T13:00:00.000Z,2022-02-08T13:00:00.000Z,2022-02-08T21:00:00.000Z,0.400347,0.054127,0.342059,0.884741,low,0.6,false,compressed,dead_chop_cost_churn,false,gate90d_range_box_slots_cost_clamped_v0,0.133449,0.2,0.6,false,0.05,,0,0,0,39FE428E7B1947E80197C2DBACE70BD2DA726CB11C96DC7E46B69CA09AF1ACE0
2022-02-07T00:00:00.000Z|NZDUSD|asia_london|2022-02-09,2022-02-07T00:00:00.000Z,NZDUSD,SHORT,asia_london|2022-02-09,ASIA_LONDON,2022-02-08T13:00:00.000Z,2022-02-08T21:00:00.000Z,2022-02-09T00:00:00.000Z,2022-02-09T13:00:00.000Z,0.342059,0.073662,0.794559,0.884741,low,0.6,false,compressed,dead_chop_cost_churn,false,gate90d_range_box_slots_cost_clamped_v0,0.11402,0.2,0.6,false,0.05,,0,0,0,F9B4EC514538110F6033EF0BB30EF96447B64A35634ACEA7D82150381A5120B0
2022-02-07T00:00:00.000Z|NZDUSD|ny|2022-02-09,2022-02-07T00:00:00.000Z,NZDUSD,SHORT,ny|2022-02-09,NY,2022-02-09T00:00:00.000Z,2022-02-09T13:00:00.000Z,2022-02-09T13:00:00.000Z,2022-02-09T21:00:00.000Z,0.794559,0.003687,0.26383,0.884741,low,0.6,true,compressed,harvestable_chop_candidate,true,gate90d_range_box_slots_cost_clamped_v0,0.264853,0.264853,0.794559,true,0.066213,,0,0,0,577BE03FD8C999A4BDF34C0C7DED987DE8FD3E3B2E0E91C4E9DF28A861337E1A
2022-02-07T00:00:00.000Z|NZDUSD|asia_london|2022-02-10,2022-02-07T00:00:00.000Z,NZDUSD,SHORT,asia_london|2022-02-10,ASIA_LONDON,2022-02-09T13:00:00.000Z,2022-02-09T21:00:00.000Z,2022-02-10T00:00:00.000Z,2022-02-10T13:00:00.000Z,0.26383,0.05045,0.466305,0.884741,low,0.6,false,compressed,dead_chop_cost_churn,false,gate90d_range_box_slots_cost_clamped_v0,0.087943,0.2,0.6,false,0.05,,0,0,0,AC3A290F1A98696258D242A63740009C218B294B68A64790C362CE03BDEC55BB
2022-02-07T00:00:00.000Z|NZDUSD|ny|2022-02-10,2022-02-07T00:00:00.000Z,NZDUSD,SHORT,ny|2022-02-10,NY,2022-02-10T00:00:00.000Z,2022-02-10T13:00:00.000Z,2022-02-10T13:00:00.000Z,2022-02-10T21:00:00.000Z,0.466305,0.037692,1.21945,0.884741,low,0.6,false,compressed,dead_chop_cost_churn,false,gate90d_range_box_slots_cost_clamped_v0,0.155435,0.2,0.6,false,0.05,,3,1,2,D4FFFC3D2C8A5F0F1A77895DC6D2B07168407ECCA39A30A4EBC61EFC2823F1AB
2022-02-07T00:00:00.000Z|NZDUSD|asia_london|2022-02-11,2022-02-07T00:00:00.000Z,NZDUSD,SHORT,asia_london|2022-02-11,ASIA_LONDON,2022-02-10T13:00:00.000Z,2022-02-10T21:00:00.000Z,2022-02-11T00:00:00.000Z,2022-02-11T13:00:00.000Z,1.21945,0.008117,0.754678,0.884741,low,0.6,true,compressed,harvestable_chop_candidate,true,gate90d_range_box_slots_cost_clamped_v0,0.406483,0.3,0.9,true,0.075,,0,0,0,FE8EDE8AB3C296E0343AB6AD39842D8F1FF3F715792CAD102656FE851E390C29
2022-02-07T00:00:00.000Z|NZDUSD|ny|2022-02-11,2022-02-07T00:00:00.000Z,NZDUSD,SHORT,ny|2022-02-11,NY,2022-02-11T00:00:00.000Z,2022-02-11T13:00:00.000Z,2022-02-11T13:00:00.000Z,2022-02-11T21:00:00.000Z,0.754678,0.070051,0.380406,0.884741,low,0.6,true,compressed,harvestable_chop_candidate,true,gate90d_range_box_slots_cost_clamped_v0,0.251559,0.251559,0.754678,true,0.06289,,0,0,0,585D10188F8F045117831539F225DB27FD82C87B1542E2F0D8752830DB07AF8B
2022-02-07T00:00:00.000Z|USDCAD|ny|2022-02-07,2022-02-07T00:00:00.000Z,USDCAD,LONG,ny|2022-02-07,NY,2022-02-07T00:00:00.000Z,2022-02-07T13:00:00.000Z,2022-02-07T13:00:00.000Z,2022-02-07T21:00:00.000Z,0.497042,0.075786,0.790544,0.779764,low,0.6,false,compressed,dead_chop_cost_churn,false,gate90d_range_box_slots_cost_clamped_v0,0.165681,0.2,0.6,false,0.05,,0,0,0,12F2AC488A4DBC93972A35FBCD7134CB024AA828841258361565507C7A56AF61
2022-02-07T00:00:00.000Z|USDCAD|asia_london|2022-02-08,2022-02-07T00:00:00.000Z,USDCAD,LONG,asia_london|2022-02-08,ASIA_LONDON,2022-02-07T13:00:00.000Z,2022-02-07T21:00:00.000Z,2022-02-08T00:00:00.000Z,2022-02-08T13:00:00.000Z,0.790544,0.06745,0.563388,0.779764,low,0.6,true,compressed,harvestable_chop_candidate,true,gate90d_range_box_slots_cost_clamped_v0,0.263515,0.263515,0.790544,true,0.065879,,0,0,0,81C0E87C38FF895799146AFDA1D45A21660AFBE61502BDDECB6129441B1CE29A
2022-02-07T00:00:00.000Z|USDCAD|ny|2022-02-08,2022-02-07T00:00:00.000Z,USDCAD,LONG,ny|2022-02-08,NY,2022-02-08T00:00:00.000Z,2022-02-08T13:00:00.000Z,2022-02-08T13:00:00.000Z,2022-02-08T21:00:00.000Z,0.563388,0.010589,0.27326,0.779764,low,0.6,false,compressed,dead_chop_cost_churn,false,gate90d_range_box_slots_cost_clamped_v0,0.187796,0.2,0.6,false,0.05,,0,0,0,0DCFE533C5F84AB3C66D8D85B9BD48CBC67F24BAFA1D0BFC3A55ED7D957F0C4F
2022-02-07T00:00:00.000Z|USDCAD|asia_london|2022-02-09,2022-02-07T00:00:00.000Z,USDCAD,LONG,asia_london|2022-02-09,ASIA_LONDON,2022-02-08T13:00:00.000Z,2022-02-08T21:00:00.000Z,2022-02-09T00:00:00.000Z,2022-02-09T13:00:00.000Z,0.27326,0.035239,0.371094,0.779764,low,0.6,false,compressed,dead_chop_cost_churn,false,gate90d_range_box_slots_cost_clamped_v0,0.091087,0.2,0.6,false,0.05,,0,0,0,3DEF5C5688E7391376F8466FEA0E3195174D8AE2330670C66BEB8FE3EFF7355F
2022-02-07T00:00:00.000Z|USDCAD|ny|2022-02-09,2022-02-07T00:00:00.000Z,USDCAD,LONG,ny|2022-02-09,NY,2022-02-09T00:00:00.000Z,2022-02-09T13:00:00.000Z,2022-02-09T13:00:00.000Z,2022-02-09T21:00:00.000Z,0.371094,0.042285,0.390211,0.779764,low,0.6,false,compressed,dead_chop_cost_churn,false,gate90d_range_box_slots_cost_clamped_v0,0.123698,0.2,0.6,false,0.05,,0,0,0,1DBF2EF851D4E71D1B236044C65DA89715F91F5D1729DBCE4C88519F041AB240
2022-02-07T00:00:00.000Z|USDCAD|asia_london|2022-02-10,2022-02-07T00:00:00.000Z,USDCAD,LONG,asia_london|2022-02-10,ASIA_LONDON,2022-02-09T13:00:00.000Z,2022-02-09T21:00:00.000Z,2022-02-10T00:00:00.000Z,2022-02-10T13:00:00.000Z,0.390211,0.008066,0.237275,0.779764,low,0.6,false,compressed,dead_chop_cost_churn,false,gate90d_range_box_slots_cost_clamped_v0,0.13007,0.2,0.6,false,0.05,,0,0,0,598F726EE579A0E0F030713A4FC26330AFF1EFC1B74ED2C6E471CD2E4E0F5E51
2022-02-07T00:00:00.000Z|USDCAD|ny|2022-02-10,2022-02-07T00:00:00.000Z,USDCAD,LONG,ny|2022-02-10,NY,2022-02-10T00:00:00.000Z,2022-02-10T13:00:00.000Z,2022-02-10T13:00:00.000Z,2022-02-10T21:00:00.000Z,0.237275,0.04992,1.030068,0.779764,low,0.6,false,compressed,dead_chop_cost_churn,false,gate90d_range_box_slots_cost_clamped_v0,0.079092,0.2,0.6,false,0.05,,5,2,3,889CEB91E9D993E6B7A143EF17B1D3CCD35DA01DB6CF7278BA87FBDE56E07FE6
2022-02-07T00:00:00.000Z|USDCAD|asia_london|2022-02-11,2022-02-07T00:00:00.000Z,USDCAD,LONG,asia_london|2022-02-11,ASIA_LONDON,2022-02-10T13:00:00.000Z,2022-02-10T21:00:00.000Z,2022-02-11T00:00:00.000Z,2022-02-11T13:00:00.000Z,1.030068,0.031769,0.649977,0.779764,low,0.6,true,compressed,harvestable_chop_candidate,true,gate90d_range_box_slots_cost_clamped_v0,0.343356,0.3,0.9,true,0.075,,0,0,0,DF502889F1FCC9C3EB86FB59FFE133DC09E5E05225C585F462D3B41C3DAEE188
2022-02-07T00:00:00.000Z|USDCAD|ny|2022-02-11,2022-02-07T00:00:00.000Z,USDCAD,LONG,ny|2022-02-11,NY,2022-02-11T00:00:00.000Z,2022-02-11T13:00:00.000Z,2022-02-11T13:00:00.000Z,2022-02-11T21:00:00.000Z,0.649977,0.071713,0.461056,0.779764,low,0.6,true,compressed,harvestable_chop_candidate,true,gate90d_range_box_slots_cost_clamped_v0,0.216659,0.216659,0.649977,true,0.054165,,0,0,0,5CD7D4CBA942E4C25EBE5E708769BB395031CC1452E5ADC1446DACD6BC2B2FE7
2022-02-07T00:00:00.000Z|USDCHF|ny|2022-02-07,2022-02-07T00:00:00.000Z,USDCHF,LONG,ny|2022-02-07,NY,2022-02-07T00:00:00.000Z,2022-02-07T13:00:00.000Z,2022-02-07T13:00:00.000Z,2022-02-07T21:00:00.000Z,0.486481,0.007473,0.423419,0.812679,low,0.6,false,compressed,dead_chop_cost_churn,false,gate90d_range_box_slots_cost_clamped_v0,0.16216,0.2,0.6,false,0.05,,0,0,0,D151612511444B49579E651AAA8ABAA83324AE6866135E09B6E84C3BC37434D7
2022-02-07T00:00:00.000Z|USDCHF|asia_london|2022-02-08,2022-02-07T00:00:00.000Z,USDCHF,LONG,asia_london|2022-02-08,ASIA_LONDON,2022-02-07T13:00:00.000Z,2022-02-07T21:00:00.000Z,2022-02-08T00:00:00.000Z,2022-02-08T13:00:00.000Z,0.423419,0.005952,0.560054,0.812679,low,0.6,false,compressed,dead_chop_cost_churn,false,gate90d_range_box_slots_cost_clamped_v0,0.14114,0.2,0.6,false,0.05,,0,0,0,BF5AF0CED4115B141FACABE0FC1B9A8EB5A426F04F00623E0221426DCC0AE9AB
2022-02-07T00:00:00.000Z|USDCHF|ny|2022-02-08,2022-02-07T00:00:00.000Z,USDCHF,LONG,ny|2022-02-08,NY,2022-02-08T00:00:00.000Z,2022-02-08T13:00:00.000Z,2022-02-08T13:00:00.000Z,2022-02-08T21:00:00.000Z,0.560054,0.04174,0.330327,0.812679,low,0.6,false,compressed,dead_chop_cost_churn,false,gate90d_range_box_slots_cost_clamped_v0,0.186685,0.2,0.6,false,0.05,,0,0,0,E82306D693241FB44130E795CB1245810A4D29F8750B6167AC1F6E88D775BD5C
2022-02-07T00:00:00.000Z|USDCHF|asia_london|2022-02-09,2022-02-07T00:00:00.000Z,USDCHF,LONG,asia_london|2022-02-09,ASIA_LONDON,2022-02-08T13:00:00.000Z,2022-02-08T21:00:00.000Z,2022-02-09T00:00:00.000Z,2022-02-09T13:00:00.000Z,0.330327,0.051245,0.424921,0.812679,low,0.6,false,compressed,dead_chop_cost_churn,false,gate90d_range_box_slots_cost_clamped_v0,0.110109,0.2,0.6,false,0.05,,0,0,0,695CD98807A622D091395EF01EC9CBB90E5FF2C37FB1E4DB24AFB6944E6DB003
2022-02-07T00:00:00.000Z|USDCHF|ny|2022-02-09,2022-02-07T00:00:00.000Z,USDCHF,LONG,ny|2022-02-09,NY,2022-02-09T00:00:00.000Z,2022-02-09T13:00:00.000Z,2022-02-09T13:00:00.000Z,2022-02-09T21:00:00.000Z,0.424921,0.040485,0.378374,0.812679,low,0.6,false,compressed,dead_chop_cost_churn,false,gate90d_range_box_slots_cost_clamped_v0,0.14164,0.2,0.6,false,0.05,,0,0,0,119D35FDB0757C89AEF3FB0DBC77FD18FB76613697F8795F23C93853D70814A9
2022-02-07T00:00:00.000Z|USDCHF|asia_london|2022-02-10,2022-02-07T00:00:00.000Z,USDCHF,LONG,asia_london|2022-02-10,ASIA_LONDON,2022-02-09T13:00:00.000Z,2022-02-09T21:00:00.000Z,2022-02-10T00:00:00.000Z,2022-02-10T13:00:00.000Z,0.378374,0.001874,0.336333,0.812679,low,0.6,false,compressed,dead_chop_cost_churn,false,gate90d_range_box_slots_cost_clamped_v0,0.126125,0.2,0.6,false,0.05,,0,0,0,3F04FBDBA2BD75475B3A29334873DECB844EB790031496B2B0D1BA7A8BC556AC
2022-02-07T00:00:00.000Z|USDCHF|ny|2022-02-10,2022-02-07T00:00:00.000Z,USDCHF,LONG,ny|2022-02-10,NY,2022-02-10T00:00:00.000Z,2022-02-10T13:00:00.000Z,2022-02-10T13:00:00.000Z,2022-02-10T21:00:00.000Z,0.336333,0.040319,1.054043,0.812679,low,0.6,false,compressed,dead_chop_cost_churn,false,gate90d_range_box_slots_cost_clamped_v0,0.112111,0.2,0.6,false,0.05,,3,1,2,9D01199603EFDAF3957C28BC01B4E35F55EDF70BD0178E2658C518FF6F61A40B
2022-02-07T00:00:00.000Z|USDCHF|asia_london|2022-02-11,2022-02-07T00:00:00.000Z,USDCHF,LONG,asia_london|2022-02-11,ASIA_LONDON,2022-02-10T13:00:00.000Z,2022-02-10T21:00:00.000Z,2022-02-11T00:00:00.000Z,2022-02-11T13:00:00.000Z,1.054043,0.000678,0.463959,0.812679,low,0.6,true,compressed,harvestable_chop_candidate,true,gate90d_range_box_slots_cost_clamped_v0,0.351348,0.3,0.9,true,0.075,,0,0,0,971D36E5439343188FC52CEFE526DA4BF892221695ED3947743F7DDC94339DFF
2022-02-07T00:00:00.000Z|USDCHF|ny|2022-02-11,2022-02-07T00:00:00.000Z,USDCHF,LONG,ny|2022-02-11,NY,2022-02-11T00:00:00.000Z,2022-02-11T13:00:00.000Z,2022-02-11T13:00:00.000Z,2022-02-11T21:00:00.000Z,0.463959,0.001724,0.373871,0.812679,low,0.6,false,compressed,dead_chop_cost_churn,false,gate90d_range_box_slots_cost_clamped_v0,0.154653,0.2,0.6,false,0.05,,0,0,0,3F543C6E12E7A725B2A51FFC09941D68333A271178594E3CBF4A1E22131893C6
2022-02-07T00:00:00.000Z|USDJPY|ny|2022-02-07,2022-02-07T00:00:00.000Z,USDJPY,SHORT,ny|2022-02-07,NY,2022-02-07T00:00:00.000Z,2022-02-07T13:00:00.000Z,2022-02-07T13:00:00.000Z,2022-02-07T21:00:00.000Z,0.686764,0.040709,0.382689,0.71675,low,0.6,true,compressed,harvestable_chop_candidate,true,gate90d_range_box_slots_cost_clamped_v0,0.228921,0.228921,0.686764,true,0.05723,,0,0,0,5B256475F78ED7764DC370A86D0811D2B2B7E5D0D2154B29285EB7C06DE173D6
2022-02-07T00:00:00.000Z|USDJPY|asia_london|2022-02-08,2022-02-07T00:00:00.000Z,USDJPY,SHORT,asia_london|2022-02-08,ASIA_LONDON,2022-02-07T13:00:00.000Z,2022-02-07T21:00:00.000Z,2022-02-08T00:00:00.000Z,2022-02-08T13:00:00.000Z,0.382689,0.058151,0.720879,0.71675,low,0.6,false,compressed,dead_chop_cost_churn,false,gate90d_range_box_slots_cost_clamped_v0,0.127563,0.2,0.6,false,0.05,,0,0,0,C570845131D167E2C03867345207A55D1A38565CE78DFCBEA0F69DD57DF1226D
2022-02-07T00:00:00.000Z|USDJPY|ny|2022-02-08,2022-02-07T00:00:00.000Z,USDJPY,SHORT,ny|2022-02-08,NY,2022-02-08T00:00:00.000Z,2022-02-08T13:00:00.000Z,2022-02-08T13:00:00.000Z,2022-02-08T21:00:00.000Z,0.720879,0.055791,0.394556,0.71675,low,0.6,true,compressed,harvestable_chop_candidate,true,gate90d_range_box_slots_cost_clamped_v0,0.240293,0.240293,0.720879,true,0.060073,,0,0,0,65AD9C8AE7F192FC3BEA1D4650F6055E069B8336E4318275E87A8C36ED7FCF4B
2022-02-07T00:00:00.000Z|USDJPY|asia_london|2022-02-09,2022-02-07T00:00:00.000Z,USDJPY,SHORT,asia_london|2022-02-09,ASIA_LONDON,2022-02-08T13:00:00.000Z,2022-02-08T21:00:00.000Z,2022-02-09T00:00:00.000Z,2022-02-09T13:00:00.000Z,0.394556,0.021128,0.406422,0.71675,low,0.6,false,compressed,dead_chop_cost_churn,false,gate90d_range_box_slots_cost_clamped_v0,0.131519,0.2,0.6,false,0.05,,0,0,0,3AA56EA65B96E73DB9C9A77FB89613C103D6A6ABC6AD014976157067B3A36B7A
2022-02-07T00:00:00.000Z|USDJPY|ny|2022-02-09,2022-02-07T00:00:00.000Z,USDJPY,SHORT,ny|2022-02-09,NY,2022-02-09T00:00:00.000Z,2022-02-09T13:00:00.000Z,2022-02-09T13:00:00.000Z,2022-02-09T21:00:00.000Z,0.406422,0.03151,0.283309,0.71675,low,0.6,false,compressed,dead_chop_cost_churn,false,gate90d_range_box_slots_cost_clamped_v0,0.135474,0.2,0.6,false,0.05,,0,0,0,C9F03237F4C2816347F61DAAD000FBB095A92053B99678F03C23EDCF6F60E5AF
2022-02-07T00:00:00.000Z|USDJPY|asia_london|2022-02-10,2022-02-07T00:00:00.000Z,USDJPY,SHORT,asia_london|2022-02-10,ASIA_LONDON,2022-02-09T13:00:00.000Z,2022-02-09T21:00:00.000Z,2022-02-10T00:00:00.000Z,2022-02-10T13:00:00.000Z,0.283309,0.036312,0.587384,0.71675,low,0.6,false,compressed,dead_chop_cost_churn,false,gate90d_range_box_slots_cost_clamped_v0,0.094436,0.2,0.6,false,0.05,,0,0,0,97162A0BAFCAC74203F964380DA30BEB2FFA57B1A58365D6B0B43F5C03BC33D9
2022-02-07T00:00:00.000Z|USDJPY|ny|2022-02-10,2022-02-07T00:00:00.000Z,USDJPY,SHORT,ny|2022-02-10,NY,2022-02-10T00:00:00.000Z,2022-02-10T13:00:00.000Z,2022-02-10T13:00:00.000Z,2022-02-10T21:00:00.000Z,0.587384,0.043925,0.904808,0.71675,low,0.6,false,compressed,dead_chop_cost_churn,false,gate90d_range_box_slots_cost_clamped_v0,0.195795,0.2,0.6,false,0.05,,4,0,4,40454332586621A49D3B80FBC91B337DC7244DCEDE84D4AB6C68BA4ABDD6A2A4
2022-02-07T00:00:00.000Z|USDJPY|asia_london|2022-02-11,2022-02-07T00:00:00.000Z,USDJPY,SHORT,asia_london|2022-02-11,ASIA_LONDON,2022-02-10T13:00:00.000Z,2022-02-10T21:00:00.000Z,2022-02-11T00:00:00.000Z,2022-02-11T13:00:00.000Z,0.904808,0.020558,0.436088,0.71675,low,0.6,true,compressed,harvestable_chop_candidate,true,gate90d_range_box_slots_cost_clamped_v0,0.301603,0.3,0.9,true,0.075,,0,0,0,B5A482E77DD9B2BF2D1A2209BB85C1B7120EC3AACDBE1C3F8B3909F60D40741A
2022-02-07T00:00:00.000Z|USDJPY|ny|2022-02-11,2022-02-07T00:00:00.000Z,USDJPY,SHORT,ny|2022-02-11,NY,2022-02-11T00:00:00.000Z,2022-02-11T13:00:00.000Z,2022-02-11T13:00:00.000Z,2022-02-11T21:00:00.000Z,0.436088,0.028259,0.293692,0.71675,low,0.6,false,compressed,dead_chop_cost_churn,false,gate90d_range_box_slots_cost_clamped_v0,0.145363,0.2,0.6,false,0.05,,2,2,0,E8AF8975C3A43B224D55B8B4EC90F0323847E4527DB05BC711E3FE4DD79D27B8
